# Converted from B3D for Luanti (With Correct Normals)
# Object Name: multidecor_bathtub

v 0.000000 0.239084 -0.631934
v 0.236722 0.239084 -0.583830
v 0.276377 0.850000 -0.667232
v 0.000000 0.850000 -0.722207
v 0.000000 -0.250000 -0.247722
v 0.043717 -0.250000 -0.228866
v 0.156137 -0.115686 -0.420358
v 0.000000 -0.115686 -0.454992
v 0.236722 0.239084 -0.583830
v 0.441736 0.239084 -0.446844
v 0.510677 0.850000 -0.510677
v 0.276377 0.850000 -0.667232
v 0.043717 -0.250000 -0.228866
v 0.124084 -0.250000 -0.175166
v 0.303747 -0.115686 -0.321728
v 0.156137 -0.115686 -0.420358
v 0.124084 -0.250000 -0.175166
v 0.177783 -0.250000 -0.094799
v 0.402377 -0.115686 -0.174118
v 0.303747 -0.115686 -0.321728
v 0.441736 0.239084 -0.446844
v 0.578722 0.239084 -0.241830
v 0.667232 0.850000 -0.276376
v 0.510677 0.850000 -0.510677
v 0.578722 0.239084 -0.241830
v 0.626825 0.239084 0.000000
v 0.722207 0.850000 0.000000
v 0.667232 0.850000 -0.276376
v 0.177783 -0.250000 -0.094799
v 0.196640 -0.250000 0.000000
v 0.437011 -0.115686 0.000000
v 0.402377 -0.115686 -0.174118
v 0.626825 0.239084 0.000000
v 0.578722 0.239084 0.241831
v 0.667232 0.850000 0.276377
v 0.722207 0.850000 0.000000
v 0.196640 -0.250000 0.000000
v 0.177783 -0.250000 0.094799
v 0.402377 -0.115686 0.174118
v 0.437011 -0.115686 0.000000
v 0.177783 -0.250000 0.094799
v 0.124084 -0.250000 0.175166
v 0.303747 -0.115686 0.321728
v 0.402377 -0.115686 0.174118
v 0.578722 0.239084 0.241831
v 0.441736 0.239084 0.446845
v 0.510677 0.850000 0.510677
v 0.667232 0.850000 0.276377
v 0.124084 -0.250000 0.175166
v 0.043717 -0.250000 0.228865
v 0.156137 -0.115686 0.420358
v 0.303747 -0.115686 0.321728
v 0.441736 0.239084 0.446845
v 0.236722 0.239084 0.583831
v 0.276376 0.850000 0.667232
v 0.510677 0.850000 0.510677
v 0.236722 0.239084 0.583831
v -0.000000 0.239084 0.631934
v -0.000000 0.850000 0.722207
v 0.276376 0.850000 0.667232
v 0.043717 -0.250000 0.228865
v -0.000000 -0.250000 0.247722
v -0.000000 -0.115686 0.454992
v 0.156137 -0.115686 0.420358
v 0.156137 -0.115686 0.420358
v -0.000000 -0.115686 0.454992
v -0.000000 0.239084 0.631934
v 0.236722 0.239084 0.583831
v 0.303747 -0.115686 0.321728
v 0.156137 -0.115686 0.420358
v 0.236722 0.239084 0.583831
v 0.441736 0.239084 0.446845
v 0.402377 -0.115686 0.174118
v 0.303747 -0.115686 0.321728
v 0.441736 0.239084 0.446845
v 0.578722 0.239084 0.241831
v 0.437011 -0.115686 0.000000
v 0.402377 -0.115686 0.174118
v 0.578722 0.239084 0.241831
v 0.626825 0.239084 0.000000
v 0.402377 -0.115686 -0.174118
v 0.437011 -0.115686 0.000000
v 0.626825 0.239084 0.000000
v 0.578722 0.239084 -0.241830
v 0.303747 -0.115686 -0.321728
v 0.402377 -0.115686 -0.174118
v 0.578722 0.239084 -0.241830
v 0.441736 0.239084 -0.446844
v 0.156137 -0.115686 -0.420358
v 0.303747 -0.115686 -0.321728
v 0.441736 0.239084 -0.446844
v 0.236722 0.239084 -0.583830
v 0.000000 -0.115686 -0.454992
v 0.156137 -0.115686 -0.420358
v 0.236722 0.239084 -0.583830
v 0.000000 0.239084 -0.631934
v -2.000000 0.239084 -0.631934
v -2.000000 0.850000 -0.722207
v -2.276377 0.850000 -0.667232
v -2.236722 0.239084 -0.583830
v -2.000000 -0.250000 -0.247722
v -2.000000 -0.115686 -0.454992
v -2.156137 -0.115686 -0.420358
v -2.043717 -0.250000 -0.228866
v -2.236722 0.239084 -0.583830
v -2.276377 0.850000 -0.667232
v -2.510677 0.850000 -0.510677
v -2.441736 0.239084 -0.446844
v -2.043717 -0.250000 -0.228866
v -2.156137 -0.115686 -0.420358
v -2.303747 -0.115686 -0.321728
v -2.124084 -0.250000 -0.175166
v -2.124084 -0.250000 -0.175166
v -2.303747 -0.115686 -0.321728
v -2.402377 -0.115686 -0.174118
v -2.177783 -0.250000 -0.094799
v -2.441736 0.239084 -0.446844
v -2.510677 0.850000 -0.510677
v -2.667232 0.850000 -0.276376
v -2.578722 0.239084 -0.241830
v -2.578722 0.239084 -0.241830
v -2.667232 0.850000 -0.276376
v -2.722207 0.850000 0.000000
v -2.626825 0.239084 0.000000
v -2.177783 -0.250000 -0.094799
v -2.402377 -0.115686 -0.174118
v -2.437011 -0.115686 0.000000
v -2.196640 -0.250000 0.000000
v -2.626825 0.239084 0.000000
v -2.722207 0.850000 0.000000
v -2.667232 0.850000 0.276377
v -2.578722 0.239084 0.241831
v -2.196640 -0.250000 0.000000
v -2.437011 -0.115686 0.000000
v -2.402377 -0.115686 0.174118
v -2.177783 -0.250000 0.094799
v -2.177783 -0.250000 0.094799
v -2.402377 -0.115686 0.174118
v -2.303747 -0.115686 0.321728
v -2.124084 -0.250000 0.175166
v -2.578722 0.239084 0.241831
v -2.667232 0.850000 0.276377
v -2.510677 0.850000 0.510677
v -2.441736 0.239084 0.446845
v -2.124084 -0.250000 0.175166
v -2.303747 -0.115686 0.321728
v -2.156137 -0.115686 0.420358
v -2.043717 -0.250000 0.228865
v -2.441736 0.239084 0.446845
v -2.510677 0.850000 0.510677
v -2.276376 0.850000 0.667232
v -2.236722 0.239084 0.583831
v -2.236722 0.239084 0.583831
v -2.276376 0.850000 0.667232
v -2.000000 0.850000 0.722207
v -2.000000 0.239084 0.631934
v -2.043717 -0.250000 0.228865
v -2.156137 -0.115686 0.420358
v -2.000000 -0.115686 0.454992
v -2.000000 -0.250000 0.247722
v -2.156137 -0.115686 0.420358
v -2.236722 0.239084 0.583831
v -2.000000 0.239084 0.631934
v -2.000000 -0.115686 0.454992
v -2.303747 -0.115686 0.321728
v -2.441736 0.239084 0.446845
v -2.236722 0.239084 0.583831
v -2.156137 -0.115686 0.420358
v -2.402377 -0.115686 0.174118
v -2.578722 0.239084 0.241831
v -2.441736 0.239084 0.446845
v -2.303747 -0.115686 0.321728
v -2.437011 -0.115686 0.000000
v -2.626825 0.239084 0.000000
v -2.578722 0.239084 0.241831
v -2.402377 -0.115686 0.174118
v -2.402377 -0.115686 -0.174118
v -2.578722 0.239084 -0.241830
v -2.626825 0.239084 0.000000
v -2.437011 -0.115686 0.000000
v -2.303747 -0.115686 -0.321728
v -2.441736 0.239084 -0.446844
v -2.578722 0.239084 -0.241830
v -2.402377 -0.115686 -0.174118
v -2.156137 -0.115686 -0.420358
v -2.236722 0.239084 -0.583830
v -2.441736 0.239084 -0.446844
v -2.303747 -0.115686 -0.321728
v -2.000000 -0.115686 -0.454992
v -2.000000 0.239084 -0.631934
v -2.236722 0.239084 -0.583830
v -2.156137 -0.115686 -0.420358
v 0.000000 0.239084 -0.631934
v 0.000000 0.850000 -0.722207
v -2.000000 0.850000 -0.722207
v -2.000000 0.239084 -0.631934
v 0.000000 -0.115686 -0.454992
v 0.000000 0.239084 -0.631934
v -2.000000 0.239084 -0.631934
v -2.000000 -0.115686 -0.454992
v 0.000000 -0.250000 -0.247722
v 0.000000 -0.115686 -0.454992
v -2.000000 -0.115686 -0.454992
v -2.000000 -0.250000 -0.247722
v -0.000000 0.850000 0.722207
v -0.000000 0.239084 0.631934
v -2.000000 0.239084 0.631934
v -2.000000 0.850000 0.722207
v -0.000000 0.239084 0.631934
v -0.000000 -0.115686 0.454992
v -2.000000 -0.115686 0.454992
v -2.000000 0.239084 0.631934
v -0.000000 -0.115686 0.454992
v -0.000000 -0.250000 0.247722
v -2.000000 -0.250000 0.247722
v -2.000000 -0.115686 0.454992
v -2.000000 -0.250000 0.247722
v -0.000000 -0.250000 0.247722
v -0.191421 -0.250000 0.141421
v -3.000000 0.850000 -1.000000
v -3.000000 1.000000 -1.000000
v 1.000000 1.000000 -1.000000
v 1.000000 0.850000 -1.000000
v 1.000000 0.850000 -1.000000
v 1.000000 1.000000 -1.000000
v 1.000000 1.000000 -0.001915
v 1.000000 0.850000 0.000000
v -3.000000 0.850000 1.000000
v -3.000000 1.000000 1.000000
v -3.000000 1.000000 0.000000
v -3.000000 0.850000 0.000000
v 1.000000 0.850000 1.000000
v 1.000000 1.000000 1.000000
v -3.000000 1.000000 1.000000
v -3.000000 0.850000 1.000000
v -2.000000 0.850000 0.722207
v -2.000000 1.000000 0.722207
v -0.000000 1.000000 0.722207
v -0.000000 0.850000 0.722207
v -2.510677 0.850000 -0.510677
v -2.276377 0.850000 -0.667232
v -2.276377 1.000000 -0.667232
v -2.510677 1.000000 -0.510677
v -2.510677 0.850000 0.510677
v -2.667232 0.850000 0.276377
v -2.667232 1.000000 0.276377
v -2.510677 1.000000 0.510677
v -2.000000 0.850000 -0.722207
v 0.000000 0.850000 -0.722207
v 0.000000 1.000000 -0.722207
v -2.000000 1.000000 -0.722207
v -0.000000 0.850000 0.722207
v -0.000000 1.000000 0.722207
v 0.276376 1.000000 0.667232
v 0.276376 0.850000 0.667232
v -2.667232 0.850000 0.276377
v -2.722207 0.850000 0.000000
v -2.722207 1.000000 0.000000
v -2.667232 1.000000 0.276377
v 0.510677 0.850000 0.510677
v 0.510677 1.000000 0.510677
v 0.667232 1.000000 0.276377
v 0.667232 0.850000 0.276377
v 0.276376 0.850000 0.667232
v 0.276376 1.000000 0.667232
v 0.510677 1.000000 0.510677
v 0.510677 0.850000 0.510677
v 0.000000 0.850000 -0.722207
v 0.276377 0.850000 -0.667232
v 0.276377 1.000000 -0.667232
v 0.000000 1.000000 -0.722207
v -2.722207 0.850000 0.000000
v -2.667232 0.850000 -0.276376
v -2.667232 1.000000 -0.276376
v -2.722207 1.000000 0.000000
v 0.667232 0.850000 -0.276376
v 0.722207 0.850000 0.000000
v 0.722207 1.000000 0.000000
v 0.667232 1.000000 -0.276376
v -2.276377 0.850000 -0.667232
v -2.000000 0.850000 -0.722207
v -2.000000 1.000000 -0.722207
v -2.276377 1.000000 -0.667232
v -2.667232 0.850000 -0.276376
v -2.510677 0.850000 -0.510677
v -2.510677 1.000000 -0.510677
v -2.667232 1.000000 -0.276376
v 0.667232 0.850000 0.276377
v 0.667232 1.000000 0.276377
v 0.722207 1.000000 0.000000
v 0.722207 0.850000 0.000000
v 0.276377 0.850000 -0.667232
v 0.510677 0.850000 -0.510677
v 0.510677 1.000000 -0.510677
v 0.276377 1.000000 -0.667232
v -2.000000 0.850000 0.722207
v -2.276376 0.850000 0.667232
v -2.276376 1.000000 0.667232
v -2.000000 1.000000 0.722207
v 0.510677 0.850000 -0.510677
v 0.667232 0.850000 -0.276376
v 0.667232 1.000000 -0.276376
v 0.510677 1.000000 -0.510677
v -2.276376 0.850000 0.667232
v -2.510677 0.850000 0.510677
v -2.510677 1.000000 0.510677
v -2.276376 1.000000 0.667232
v -2.667232 1.000000 0.276377
v -2.722207 1.000000 0.000000
v -3.000000 1.000000 1.000000
v -2.667232 1.000000 0.276377
v -3.000000 1.000000 1.000000
v -2.510677 1.000000 0.510677
v -2.510677 1.000000 0.510677
v -3.000000 1.000000 1.000000
v -2.276376 1.000000 0.667232
v -2.276376 1.000000 0.667232
v -3.000000 1.000000 1.000000
v -2.000000 1.000000 0.722207
v -2.000000 1.000000 0.722207
v -3.000000 1.000000 1.000000
v 1.000000 1.000000 1.000000
v -2.000000 1.000000 0.722207
v 1.000000 1.000000 1.000000
v -0.000000 1.000000 0.722207
v -0.000000 1.000000 0.722207
v 1.000000 1.000000 1.000000
v 0.276376 1.000000 0.667232
v 0.276376 1.000000 0.667232
v 1.000000 1.000000 1.000000
v 0.510677 1.000000 0.510677
v 0.510677 1.000000 0.510677
v 1.000000 1.000000 1.000000
v 0.667232 1.000000 0.276377
v 1.000000 1.000000 -1.000000
v 0.722207 1.000000 0.000000
v 1.000000 1.000000 -0.001915
v 1.000000 1.000000 -1.000000
v -3.000000 1.000000 -1.000000
v -2.000000 1.000000 -0.722207
v -2.722207 1.000000 0.000000
v -3.000000 1.000000 -1.000000
v -3.000000 1.000000 0.000000
v -3.000000 1.000000 -1.000000
v -2.722207 1.000000 0.000000
v -2.667232 1.000000 -0.276376
v 0.667232 1.000000 -0.276376
v 0.722207 1.000000 0.000000
v 1.000000 1.000000 -1.000000
v -3.000000 1.000000 -1.000000
v -2.667232 1.000000 -0.276376
v -2.510677 1.000000 -0.510677
v 0.510677 1.000000 -0.510677
v 0.667232 1.000000 -0.276376
v 1.000000 1.000000 -1.000000
v -3.000000 1.000000 -1.000000
v -2.510677 1.000000 -0.510677
v -2.276377 1.000000 -0.667232
v 0.276377 1.000000 -0.667232
v 0.510677 1.000000 -0.510677
v 1.000000 1.000000 -1.000000
v -3.000000 1.000000 -1.000000
v -2.276377 1.000000 -0.667232
v -2.000000 1.000000 -0.722207
v 0.000000 1.000000 -0.722207
v 0.276377 1.000000 -0.667232
v 1.000000 1.000000 -1.000000
v 0.000000 1.000000 -0.722207
v 1.000000 1.000000 -1.000000
v -2.000000 1.000000 -0.722207
v 0.722207 1.000000 0.000000
v 0.667232 1.000000 0.276377
v 1.000000 1.000000 1.000000
v 0.150000 0.162446 -0.726724
v 0.150000 0.850000 -0.830538
v 0.467833 0.850000 -0.767317
v 0.422231 0.162446 -0.671405
v 0.150000 -0.400000 -0.284881
v 0.150000 -0.245539 -0.523241
v 0.329558 -0.245539 -0.483412
v 0.200275 -0.400000 -0.263195
v 0.422231 0.162446 -0.671405
v 0.467833 0.850000 -0.767317
v 0.737279 0.850000 -0.587279
v 0.657997 0.162446 -0.513871
v 0.200275 -0.400000 -0.263195
v 0.329558 -0.245539 -0.483412
v 0.499309 -0.245539 -0.369987
v 0.292696 -0.400000 -0.201441
v 0.292696 -0.400000 -0.201441
v 0.499309 -0.245539 -0.369987
v 0.612734 -0.245539 -0.200236
v 0.354451 -0.400000 -0.109019
v 0.657997 0.162446 -0.513871
v 0.737279 0.850000 -0.587279
v 0.917317 0.850000 -0.317833
v 0.815531 0.162446 -0.278105
v 0.815531 0.162446 -0.278105
v 0.917317 0.850000 -0.317833
v 1.000000 0.850000 0.000000
v 0.870849 0.162446 0.000000
v 0.354451 -0.400000 -0.109019
v 0.612734 -0.245539 -0.200236
v 0.652563 -0.245539 0.000000
v 0.376136 -0.400000 -0.000000
v 0.870849 0.162446 0.000000
v 1.000000 0.850000 0.000000
v 0.917317 0.850000 0.317833
v 0.815531 0.162446 0.278105
v 0.376136 -0.400000 -0.000000
v 0.652563 -0.245539 0.000000
v 0.612733 -0.245539 0.200236
v 0.354451 -0.400000 0.109019
v 0.354451 -0.400000 0.109019
v 0.612733 -0.245539 0.200236
v 0.499309 -0.245539 0.369987
v 0.292696 -0.400000 0.201441
v 0.815531 0.162446 0.278105
v 0.917317 0.850000 0.317833
v 0.737279 0.850000 0.587279
v 0.657997 0.162446 0.513871
v 0.292696 -0.400000 0.201441
v 0.499309 -0.245539 0.369987
v 0.329557 -0.245539 0.483412
v 0.200274 -0.400000 0.263195
v 0.657997 0.162446 0.513871
v 0.737279 0.850000 0.587279
v 0.467833 0.850000 0.767317
v 0.422230 0.162446 0.671405
v 0.422230 0.162446 0.671405
v 0.467833 0.850000 0.767317
v 0.150000 0.850000 0.830538
v 0.150000 0.162446 0.726724
v 0.200274 -0.400000 0.263195
v 0.329557 -0.245539 0.483412
v 0.150000 -0.245539 0.523241
v 0.150000 -0.400000 0.284880
v 0.329557 -0.245539 0.483412
v 0.422230 0.162446 0.671405
v 0.150000 0.162446 0.726724
v 0.150000 -0.245539 0.523241
v 0.499309 -0.245539 0.369987
v 0.657997 0.162446 0.513871
v 0.422230 0.162446 0.671405
v 0.329557 -0.245539 0.483412
v 0.612733 -0.245539 0.200236
v 0.815531 0.162446 0.278105
v 0.657997 0.162446 0.513871
v 0.499309 -0.245539 0.369987
v 0.652563 -0.245539 0.000000
v 0.870849 0.162446 0.000000
v 0.815531 0.162446 0.278105
v 0.612733 -0.245539 0.200236
v 0.612734 -0.245539 -0.200236
v 0.815531 0.162446 -0.278105
v 0.870849 0.162446 0.000000
v 0.652563 -0.245539 0.000000
v 0.499309 -0.245539 -0.369987
v 0.657997 0.162446 -0.513871
v 0.815531 0.162446 -0.278105
v 0.612734 -0.245539 -0.200236
v 0.329558 -0.245539 -0.483412
v 0.422231 0.162446 -0.671405
v 0.657997 0.162446 -0.513871
v 0.499309 -0.245539 -0.369987
v 0.150000 -0.245539 -0.523241
v 0.150000 0.162446 -0.726724
v 0.422231 0.162446 -0.671405
v 0.329558 -0.245539 -0.483412
v -2.150000 0.162446 -0.726724
v -2.422231 0.162446 -0.671405
v -2.467833 0.850000 -0.767317
v -2.150000 0.850000 -0.830538
v -2.150000 -0.400000 -0.284881
v -2.200274 -0.400000 -0.263195
v -2.329558 -0.245539 -0.483412
v -2.150000 -0.245539 -0.523241
v -2.422231 0.162446 -0.671405
v -2.657997 0.162446 -0.513871
v -2.737279 0.850000 -0.587279
v -2.467833 0.850000 -0.767317
v -2.200274 -0.400000 -0.263195
v -2.292696 -0.400000 -0.201441
v -2.499309 -0.245539 -0.369987
v -2.329558 -0.245539 -0.483412
v -2.292696 -0.400000 -0.201441
v -2.354451 -0.400000 -0.109019
v -2.612734 -0.245539 -0.200236
v -2.499309 -0.245539 -0.369987
v -2.657997 0.162446 -0.513871
v -2.815531 0.162446 -0.278105
v -2.917317 0.850000 -0.317833
v -2.737279 0.850000 -0.587279
v -2.815531 0.162446 -0.278105
v -2.870849 0.162446 0.000000
v -3.000000 0.850000 0.000000
v -2.917317 0.850000 -0.317833
v -2.354451 -0.400000 -0.109019
v -2.376136 -0.400000 -0.000000
v -2.652563 -0.245539 0.000000
v -2.612734 -0.245539 -0.200236
v -2.870849 0.162446 0.000000
v -2.815531 0.162446 0.278105
v -2.917316 0.850000 0.317833
v -3.000000 0.850000 0.000000
v -2.376136 -0.400000 -0.000000
v -2.354451 -0.400000 0.109019
v -2.612734 -0.245539 0.200236
v -2.652563 -0.245539 0.000000
v -2.354451 -0.400000 0.109019
v -2.292696 -0.400000 0.201441
v -2.499309 -0.245539 0.369987
v -2.612734 -0.245539 0.200236
v -2.815531 0.162446 0.278105
v -2.657997 0.162446 0.513871
v -2.737278 0.850000 0.587279
v -2.917316 0.850000 0.317833
v -2.292696 -0.400000 0.201441
v -2.200274 -0.400000 0.263195
v -2.329557 -0.245539 0.483412
v -2.499309 -0.245539 0.369987
v -2.657997 0.162446 0.513871
v -2.422230 0.162446 0.671405
v -2.467833 0.850000 0.767317
v -2.737278 0.850000 0.587279
v -2.422230 0.162446 0.671405
v -2.150000 0.162446 0.726724
v -2.150000 0.850000 0.830538
v -2.467833 0.850000 0.767317
v -2.200274 -0.400000 0.263195
v -2.150000 -0.400000 0.284880
v -2.150000 -0.245539 0.523241
v -2.329557 -0.245539 0.483412
v -2.329557 -0.245539 0.483412
v -2.150000 -0.245539 0.523241
v -2.150000 0.162446 0.726724
v -2.422230 0.162446 0.671405
v -2.499309 -0.245539 0.369987
v -2.329557 -0.245539 0.483412
v -2.422230 0.162446 0.671405
v -2.657997 0.162446 0.513871
v -2.612734 -0.245539 0.200236
v -2.499309 -0.245539 0.369987
v -2.657997 0.162446 0.513871
v -2.815531 0.162446 0.278105
v -2.652563 -0.245539 0.000000
v -2.612734 -0.245539 0.200236
v -2.815531 0.162446 0.278105
v -2.870849 0.162446 0.000000
v -2.612734 -0.245539 -0.200236
v -2.652563 -0.245539 0.000000
v -2.870849 0.162446 0.000000
v -2.815531 0.162446 -0.278105
v -2.499309 -0.245539 -0.369987
v -2.612734 -0.245539 -0.200236
v -2.815531 0.162446 -0.278105
v -2.657997 0.162446 -0.513871
v -2.329558 -0.245539 -0.483412
v -2.499309 -0.245539 -0.369987
v -2.657997 0.162446 -0.513871
v -2.422231 0.162446 -0.671405
v -2.150000 -0.245539 -0.523241
v -2.329558 -0.245539 -0.483412
v -2.422231 0.162446 -0.671405
v -2.150000 0.162446 -0.726724
v 0.150000 0.162446 -0.726724
v -2.150000 0.162446 -0.726724
v -2.150000 0.850000 -0.830538
v 0.150000 0.850000 -0.830538
v 0.150000 -0.245539 -0.523241
v -2.150000 -0.245539 -0.523241
v -2.150000 0.162446 -0.726724
v 0.150000 0.162446 -0.726724
v 0.150000 -0.400000 -0.284881
v -2.150000 -0.400000 -0.284881
v -2.150000 -0.245539 -0.523241
v 0.150000 -0.245539 -0.523241
v 0.150000 0.850000 0.830538
v -2.150000 0.850000 0.830538
v -2.150000 0.162446 0.726724
v 0.150000 0.162446 0.726724
v 0.150000 0.162446 0.726724
v -2.150000 0.162446 0.726724
v -2.150000 -0.245539 0.523241
v 0.150000 -0.245539 0.523241
v 0.150000 -0.245539 0.523241
v -2.150000 -0.245539 0.523241
v -2.150000 -0.400000 0.284880
v 0.150000 -0.400000 0.284880
v -2.200274 -0.400000 0.263195
v -2.354451 -0.400000 0.109019
v -2.200274 -0.400000 -0.263195
v -3.000000 1.000000 0.000000
v -3.000000 1.000000 1.000000
v -2.722207 1.000000 0.000000
v -3.000000 0.850000 0.000000
v -3.000000 1.000000 0.000000
v -3.000000 1.000000 -1.000000
v -3.000000 0.850000 -1.000000
v 1.000000 0.850000 0.000000
v 1.000000 1.000000 -0.001915
v 1.000000 1.000000 1.000000
v 1.000000 0.850000 1.000000
v 1.000000 1.000000 -0.001915
v 0.722207 1.000000 0.000000
v 1.000000 1.000000 1.000000
v 1.000000 0.850000 0.000000
v 1.000000 0.850000 1.000000
v 0.917317 0.850000 0.317833
v 0.917317 0.850000 0.317833
v 1.000000 0.850000 1.000000
v 0.737279 0.850000 0.587279
v 0.737279 0.850000 0.587279
v 1.000000 0.850000 1.000000
v 0.467833 0.850000 0.767317
v 0.467833 0.850000 0.767317
v 1.000000 0.850000 1.000000
v 0.150000 0.850000 0.830538
v 0.150000 0.850000 0.830538
v 1.000000 0.850000 1.000000
v -3.000000 0.850000 1.000000
v 0.150000 0.850000 0.830538
v -3.000000 0.850000 1.000000
v -2.150000 0.850000 0.830538
v -2.150000 0.850000 0.830538
v -3.000000 0.850000 1.000000
v -2.467833 0.850000 0.767317
v -2.467833 0.850000 0.767317
v -3.000000 0.850000 1.000000
v -2.737278 0.850000 0.587279
v -2.737278 0.850000 0.587279
v -3.000000 0.850000 1.000000
v -2.917316 0.850000 0.317833
v -2.917316 0.850000 0.317833
v -3.000000 0.850000 1.000000
v -3.000000 0.850000 0.000000
v -2.917316 0.850000 0.317833
v -2.917317 0.850000 -0.317833
v -2.737279 0.850000 -0.587279
v 0.737279 0.850000 0.587279
v 0.467833 0.850000 0.767317
v 0.150000 0.850000 0.830538
v -2.150000 0.850000 0.830538
v -2.467833 0.850000 0.767317
v -2.737278 0.850000 0.587279
v -2.150000 0.850000 0.830538
v -2.737278 0.850000 0.587279
v -2.917316 0.850000 0.317833
v 0.150000 0.850000 -0.830538
v 0.467833 0.850000 -0.767317
v 0.737279 0.850000 -0.587279
v -3.000000 0.850000 0.000000
v -2.917317 0.850000 -0.317833
v -2.917316 0.850000 0.317833
v 0.917317 0.850000 -0.317833
v 1.000000 0.850000 0.000000
v 0.917317 0.850000 0.317833
v 1.000000 0.850000 -1.000000
v 1.000000 0.850000 0.000000
v 0.917317 0.850000 -0.317833
v 0.917317 0.850000 -0.317833
v 0.917317 0.850000 0.317833
v 0.737279 0.850000 -0.587279
v -2.917317 0.850000 -0.317833
v -3.000000 0.850000 0.000000
v -3.000000 0.850000 -1.000000
v 1.000000 0.850000 -1.000000
v 0.917317 0.850000 -0.317833
v 0.737279 0.850000 -0.587279
v -2.737279 0.850000 -0.587279
v -2.917317 0.850000 -0.317833
v -3.000000 0.850000 -1.000000
v 1.000000 0.850000 -1.000000
v 0.737279 0.850000 -0.587279
v 0.467833 0.850000 -0.767317
v -2.917316 0.850000 0.317833
v -2.737279 0.850000 -0.587279
v -2.467833 0.850000 -0.767317
v -2.467833 0.850000 -0.767317
v -2.737279 0.850000 -0.587279
v -3.000000 0.850000 -1.000000
v 1.000000 0.850000 -1.000000
v 0.467833 0.850000 -0.767317
v 0.150000 0.850000 -0.830538
v -2.150000 0.850000 -0.830538
v -2.467833 0.850000 -0.767317
v -3.000000 0.850000 -1.000000
v 1.000000 0.850000 -1.000000
v 0.150000 0.850000 -0.830538
v -2.150000 0.850000 -0.830538
v 1.000000 0.850000 -1.000000
v -2.150000 0.850000 -0.830538
v -3.000000 0.850000 -1.000000
v 0.917317 0.850000 0.317833
v 0.737279 0.850000 0.587279
v 0.150000 0.850000 0.830538
v -0.191421 -0.250000 0.141421
v -0.000000 -0.250000 0.247722
v -0.050000 -0.250000 0.200000
v -0.050000 -0.250000 0.200000
v 0.043717 -0.250000 0.228865
v 0.091421 -0.250000 0.141421
v -0.050000 -0.250000 0.200000
v -0.000000 -0.250000 0.247722
v 0.043717 -0.250000 0.228865
v -0.250000 -0.250000 -0.000000
v -2.000000 -0.250000 -0.247722
v -2.000000 -0.250000 0.247722
v -2.196640 -0.250000 0.000000
v -2.124084 -0.250000 -0.175166
v -2.177783 -0.250000 -0.094799
v -2.043717 -0.250000 0.228865
v -2.177783 -0.250000 0.094799
v -2.124084 -0.250000 0.175166
v 0.177783 -0.250000 0.094799
v 0.091421 -0.250000 0.141421
v 0.124084 -0.250000 0.175166
v -2.043717 -0.250000 0.228865
v -2.043717 -0.250000 -0.228866
v -2.177783 -0.250000 0.094799
v 0.177783 -0.250000 0.094799
v 0.150000 -0.250000 -0.000000
v 0.091421 -0.250000 0.141421
v -0.191421 -0.250000 0.141421
v -0.250000 -0.250000 -0.000000
v -2.000000 -0.250000 0.247722
v 0.196640 -0.250000 0.000000
v 0.150000 -0.250000 -0.000000
v 0.177783 -0.250000 0.094799
v 0.150000 -0.250000 -0.000000
v 0.110000 -0.250000 -0.000000
v 0.063137 -0.250000 0.113137
v 0.091421 -0.250000 0.141421
v 0.177783 -0.250000 -0.094799
v 0.150000 -0.250000 -0.000000
v 0.196640 -0.250000 0.000000
v -2.000000 -0.250000 0.247722
v -2.000000 -0.250000 -0.247722
v -2.043717 -0.250000 0.228865
v -2.043717 -0.250000 -0.228866
v -2.196640 -0.250000 0.000000
v -2.177783 -0.250000 0.094799
v 0.177783 -0.250000 -0.094799
v 0.091421 -0.250000 -0.141421
v 0.150000 -0.250000 -0.000000
v 0.124084 -0.250000 -0.175166
v 0.091421 -0.250000 -0.141421
v 0.177783 -0.250000 -0.094799
v -2.043717 -0.250000 -0.228866
v -2.124084 -0.250000 -0.175166
v -2.196640 -0.250000 0.000000
v -0.050000 -0.250000 -0.200000
v 0.091421 -0.250000 -0.141421
v 0.043717 -0.250000 -0.228866
v -2.000000 -0.250000 -0.247722
v -0.250000 -0.250000 -0.000000
v -0.191421 -0.250000 -0.141421
v 0.091421 -0.250000 0.141421
v 0.043717 -0.250000 0.228865
v 0.124084 -0.250000 0.175166
v -2.043717 -0.250000 -0.228866
v -2.043717 -0.250000 0.228865
v -2.000000 -0.250000 -0.247722
v -0.050000 -0.250000 -0.200000
v 0.000000 -0.250000 -0.247722
v -0.191421 -0.250000 -0.141421
v 0.043717 -0.250000 -0.228866
v 0.091421 -0.250000 -0.141421
v 0.124084 -0.250000 -0.175166
v 0.000000 -0.250000 -0.247722
v -2.000000 -0.250000 -0.247722
v -0.191421 -0.250000 -0.141421
v 0.000000 -0.250000 -0.247722
v -0.050000 -0.250000 -0.200000
v 0.043717 -0.250000 -0.228866
v -0.191421 -0.250000 0.141421
v -0.163137 -0.250000 0.113137
v -0.210000 -0.250000 -0.000000
v -0.250000 -0.250000 -0.000000
v -0.191421 -0.250000 -0.141421
v -0.163137 -0.250000 -0.113137
v -0.050000 -0.250000 -0.160000
v -0.050000 -0.250000 -0.200000
v 0.091421 -0.250000 -0.141421
v 0.063137 -0.250000 -0.113137
v 0.110000 -0.250000 -0.000000
v 0.150000 -0.250000 -0.000000
v 0.091421 -0.250000 0.141421
v 0.063137 -0.250000 0.113137
v -0.050000 -0.250000 0.160000
v -0.050000 -0.250000 0.200000
v -0.050000 -0.250000 0.200000
v -0.050000 -0.250000 0.160000
v -0.163137 -0.250000 0.113137
v -0.191421 -0.250000 0.141421
v -0.250000 -0.250000 -0.000000
v -0.210000 -0.250000 -0.000000
v -0.163137 -0.250000 -0.113137
v -0.191421 -0.250000 -0.141421
v -0.050000 -0.250000 -0.200000
v -0.050000 -0.250000 -0.160000
v 0.063137 -0.250000 -0.113137
v 0.091421 -0.250000 -0.141421
v -0.050000 -0.250000 0.160000
v -0.050000 -0.300000 0.160000
v -0.163137 -0.300000 0.113137
v -0.163137 -0.250000 0.113137
v -0.210000 -0.250000 -0.000000
v -0.210000 -0.300000 -0.000000
v -0.163137 -0.300000 -0.113137
v -0.163137 -0.250000 -0.113137
v -0.050000 -0.250000 -0.160000
v -0.050000 -0.300000 -0.160000
v 0.063137 -0.300000 -0.113137
v 0.063137 -0.250000 -0.113137
v 0.110000 -0.250000 -0.000000
v 0.110000 -0.300000 -0.000000
v 0.063137 -0.300000 0.113137
v 0.063137 -0.250000 0.113137
v -0.163137 -0.250000 0.113137
v -0.163137 -0.300000 0.113137
v -0.210000 -0.300000 -0.000000
v -0.210000 -0.250000 -0.000000
v 0.063137 -0.250000 0.113137
v 0.063137 -0.300000 0.113137
v -0.050000 -0.300000 0.160000
v -0.050000 -0.250000 0.160000
v -0.163137 -0.250000 -0.113137
v -0.163137 -0.300000 -0.113137
v -0.050000 -0.300000 -0.160000
v -0.050000 -0.250000 -0.160000
v 0.063137 -0.250000 -0.113137
v 0.063137 -0.300000 -0.113137
v 0.110000 -0.300000 -0.000000
v 0.110000 -0.250000 -0.000000
v 0.652148 0.595902 0.018068
v 0.678109 0.734965 0.159445
v 0.652159 0.595964 0.218068
v 0.652148 0.595902 0.018068
v 0.688851 0.792505 0.018005
v 0.678109 0.734965 0.159445
v 0.652148 0.595902 0.018068
v 0.678093 0.734878 -0.123398
v 0.688851 0.792505 0.018005
v 0.652148 0.595902 0.018068
v 0.652136 0.595840 -0.181932
v 0.678093 0.734878 -0.123398
v 0.652148 0.595902 0.018068
v 0.626187 0.456839 -0.123309
v 0.652136 0.595840 -0.181932
v 0.652148 0.595902 0.018068
v 0.615445 0.399299 0.018131
v 0.626187 0.456839 -0.123309
v 0.652148 0.595902 0.018068
v 0.626203 0.456926 0.159534
v 0.615445 0.399299 0.018131
v 0.652148 0.595902 0.018068
v 0.652159 0.595964 0.218068
v 0.626203 0.456926 0.159534
v 0.602988 0.605029 -0.138636
v 0.582656 0.496119 -0.092704
v 0.607231 0.491531 -0.092704
v 0.627563 0.600441 -0.138636
v 0.574239 0.451035 0.018117
v 0.582669 0.496187 0.128910
v 0.607244 0.491599 0.128910
v 0.598815 0.446447 0.018117
v 0.623338 0.714037 0.128840
v 0.631755 0.759121 0.018019
v 0.656330 0.754533 0.018019
v 0.647914 0.709449 0.128840
v 0.623325 0.713968 -0.092773
v 0.602988 0.605029 -0.138636
v 0.627563 0.600441 -0.138636
v 0.647901 0.709381 -0.092773
v 0.582656 0.496119 -0.092704
v 0.574239 0.451035 0.018117
v 0.598815 0.446447 0.018117
v 0.607231 0.491531 -0.092704
v 0.582669 0.496187 0.128910
v 0.603006 0.605126 0.174772
v 0.627581 0.600538 0.174772
v 0.607244 0.491599 0.128910
v 0.603006 0.605126 0.174772
v 0.623338 0.714037 0.128840
v 0.647914 0.709449 0.128840
v 0.627581 0.600538 0.174772
v 0.631755 0.759121 0.018019
v 0.623325 0.713968 -0.092773
v 0.647901 0.709381 -0.092773
v 0.656330 0.754533 0.018019
v 0.652136 0.595840 -0.181932
v 0.626187 0.456839 -0.123309
v 0.577036 0.466015 -0.123309
v 0.602985 0.605016 -0.181932
v 0.678093 0.734878 -0.123398
v 0.652136 0.595840 -0.181932
v 0.602985 0.605016 -0.181932
v 0.628942 0.744054 -0.123398
v 0.688851 0.792505 0.018005
v 0.678093 0.734878 -0.123398
v 0.628942 0.744054 -0.123398
v 0.639700 0.801681 0.018005
v 0.678109 0.734965 0.159445
v 0.688851 0.792505 0.018005
v 0.639700 0.801681 0.018005
v 0.628958 0.744141 0.159445
v 0.626203 0.456926 0.159534
v 0.652159 0.595964 0.218068
v 0.603009 0.605140 0.218068
v 0.577052 0.466102 0.159534
v 0.615445 0.399299 0.018131
v 0.626203 0.456926 0.159534
v 0.577052 0.466102 0.159534
v 0.566294 0.408475 0.018131
v 0.626187 0.456839 -0.123309
v 0.615445 0.399299 0.018131
v 0.566294 0.408475 0.018131
v 0.577036 0.466015 -0.123309
v 0.652159 0.595964 0.218068
v 0.678109 0.734965 0.159445
v 0.628958 0.744141 0.159445
v 0.603009 0.605140 0.218068
v 0.623338 0.714037 0.128840
v 0.603006 0.605126 0.174772
v 0.603009 0.605140 0.218068
v 0.628958 0.744141 0.159445
v 0.631755 0.759121 0.018019
v 0.623338 0.714037 0.128840
v 0.628958 0.744141 0.159445
v 0.639700 0.801681 0.018005
v 0.623325 0.713968 -0.092773
v 0.631755 0.759121 0.018019
v 0.639700 0.801681 0.018005
v 0.628942 0.744054 -0.123398
v 0.602988 0.605029 -0.138636
v 0.623325 0.713968 -0.092773
v 0.628942 0.744054 -0.123398
v 0.602985 0.605016 -0.181932
v 0.582656 0.496119 -0.092704
v 0.602988 0.605029 -0.138636
v 0.602985 0.605016 -0.181932
v 0.577036 0.466015 -0.123309
v 0.574239 0.451035 0.018117
v 0.582656 0.496119 -0.092704
v 0.577036 0.466015 -0.123309
v 0.566294 0.408475 0.018131
v 0.582669 0.496187 0.128910
v 0.574239 0.451035 0.018117
v 0.566294 0.408475 0.018131
v 0.577052 0.466102 0.159534
v 0.603006 0.605126 0.174772
v 0.582669 0.496187 0.128910
v 0.577052 0.466102 0.159534
v 0.603009 0.605140 0.218068
v 0.627572 0.600490 0.018068
v 0.627581 0.600538 0.174772
v 0.647914 0.709449 0.128840
v 0.627572 0.600490 0.018068
v 0.647914 0.709449 0.128840
v 0.656330 0.754533 0.018019
v 0.627572 0.600490 0.018068
v 0.656330 0.754533 0.018019
v 0.647901 0.709381 -0.092773
v 0.627572 0.600490 0.018068
v 0.647901 0.709381 -0.092773
v 0.627563 0.600441 -0.138636
v 0.627572 0.600490 0.018068
v 0.627563 0.600441 -0.138636
v 0.607231 0.491531 -0.092704
v 0.627572 0.600490 0.018068
v 0.607231 0.491531 -0.092704
v 0.598815 0.446447 0.018117
v 0.627572 0.600490 0.018068
v 0.598815 0.446447 0.018117
v 0.607244 0.491599 0.128910
v 0.627572 0.600490 0.018068
v 0.607244 0.491599 0.128910
v 0.627581 0.600538 0.174772
v 0.674418 -1.000000 0.546405
v 0.587072 -0.514932 0.459059
v 0.445650 -0.514932 0.600480
v 0.532997 -1.000000 0.687827
v 0.532997 -1.000000 0.687827
v 0.445650 -0.514932 0.600480
v 0.309048 -0.566696 0.463878
v 0.391575 -1.000000 0.546405
v 0.391575 -1.000000 0.546405
v 0.309048 -0.566696 0.463878
v 0.450469 -0.566696 0.322456
v 0.532997 -1.000000 0.404984
v 0.532997 -1.000000 0.404984
v 0.450469 -0.566696 0.322456
v 0.587072 -0.514932 0.459059
v 0.674418 -1.000000 0.546405
v 0.532997 -1.000000 0.687827
v 0.391575 -1.000000 0.546405
v 0.532997 -1.000000 0.404984
v 0.674418 -1.000000 0.546405
v 0.450469 -0.566696 0.322456
v 0.309048 -0.566696 0.463878
v 0.152349 -0.364037 0.307179
v 0.293770 -0.364037 0.165758
v 0.674418 -1.000000 -0.546405
v 0.532997 -1.000000 -0.687827
v 0.445650 -0.514932 -0.600480
v 0.587072 -0.514932 -0.459059
v 0.445650 -0.514932 0.600480
v 0.587072 -0.514932 0.459059
v 0.393770 -0.222616 0.265758
v 0.252349 -0.222616 0.407179
v 0.587072 -0.514932 0.459059
v 0.450469 -0.566696 0.322456
v 0.293770 -0.364037 0.165758
v 0.393770 -0.222616 0.265758
v 0.309048 -0.566696 0.463878
v 0.445650 -0.514932 0.600480
v 0.252349 -0.222616 0.407179
v 0.152349 -0.364037 0.307179
v 0.532997 -1.000000 -0.687827
v 0.391575 -1.000000 -0.546405
v 0.309048 -0.566696 -0.463878
v 0.445650 -0.514932 -0.600480
v 0.391575 -1.000000 -0.546405
v 0.532997 -1.000000 -0.404984
v 0.450469 -0.566696 -0.322456
v 0.309048 -0.566696 -0.463878
v 0.532997 -1.000000 -0.404984
v 0.674418 -1.000000 -0.546405
v 0.587072 -0.514932 -0.459059
v 0.450469 -0.566696 -0.322456
v 0.532997 -1.000000 -0.687827
v 0.674418 -1.000000 -0.546405
v 0.532997 -1.000000 -0.404984
v 0.391575 -1.000000 -0.546405
v 0.450469 -0.566696 -0.322456
v 0.293770 -0.364037 -0.165758
v 0.152349 -0.364037 -0.307179
v 0.309048 -0.566696 -0.463878
v 0.445650 -0.514932 -0.600480
v 0.252349 -0.222616 -0.407179
v 0.393770 -0.222616 -0.265758
v 0.587072 -0.514932 -0.459059
v 0.587072 -0.514932 -0.459059
v 0.393770 -0.222616 -0.265758
v 0.293770 -0.364037 -0.165758
v 0.450469 -0.566696 -0.322456
v 0.309048 -0.566696 -0.463878
v 0.152349 -0.364037 -0.307179
v 0.252349 -0.222616 -0.407179
v 0.445650 -0.514932 -0.600480
v -2.674418 -1.000000 -0.546405
v -2.587072 -0.514932 -0.459059
v -2.445650 -0.514932 -0.600480
v -2.532997 -1.000000 -0.687827
v -2.532997 -1.000000 -0.687827
v -2.445650 -0.514932 -0.600480
v -2.309048 -0.566696 -0.463878
v -2.391575 -1.000000 -0.546405
v -2.391575 -1.000000 -0.546405
v -2.309048 -0.566696 -0.463878
v -2.450469 -0.566696 -0.322456
v -2.532997 -1.000000 -0.404984
v -2.532997 -1.000000 -0.404984
v -2.450469 -0.566696 -0.322456
v -2.587072 -0.514932 -0.459059
v -2.674418 -1.000000 -0.546405
v -2.532997 -1.000000 -0.687827
v -2.391575 -1.000000 -0.546405
v -2.532997 -1.000000 -0.404984
v -2.674418 -1.000000 -0.546405
v -2.450469 -0.566696 -0.322456
v -2.309048 -0.566696 -0.463878
v -2.152349 -0.364037 -0.307179
v -2.293770 -0.364037 -0.165758
v -2.445650 -0.514932 -0.600480
v -2.587072 -0.514932 -0.459059
v -2.393770 -0.222616 -0.265758
v -2.252349 -0.222616 -0.407179
v -2.587072 -0.514932 -0.459059
v -2.450469 -0.566696 -0.322456
v -2.293770 -0.364037 -0.165758
v -2.393770 -0.222616 -0.265758
v -2.309048 -0.566696 -0.463878
v -2.445650 -0.514932 -0.600480
v -2.252349 -0.222616 -0.407179
v -2.152349 -0.364037 -0.307179
v -2.674418 -1.000000 0.546405
v -2.532997 -1.000000 0.687827
v -2.445650 -0.514932 0.600480
v -2.587072 -0.514932 0.459059
v -2.532997 -1.000000 0.687827
v -2.391575 -1.000000 0.546405
v -2.309048 -0.566696 0.463878
v -2.445650 -0.514932 0.600480
v -2.391575 -1.000000 0.546405
v -2.532997 -1.000000 0.404984
v -2.450469 -0.566696 0.322456
v -2.309048 -0.566696 0.463878
v -2.532997 -1.000000 0.404984
v -2.674418 -1.000000 0.546405
v -2.587072 -0.514932 0.459059
v -2.450469 -0.566696 0.322456
v -2.532997 -1.000000 0.687827
v -2.674418 -1.000000 0.546405
v -2.532997 -1.000000 0.404984
v -2.391575 -1.000000 0.546405
v -2.450469 -0.566696 0.322456
v -2.293770 -0.364037 0.165758
v -2.152349 -0.364037 0.307179
v -2.309048 -0.566696 0.463878
v -2.445650 -0.514932 0.600480
v -2.252349 -0.222616 0.407179
v -2.393770 -0.222616 0.265758
v -2.587072 -0.514932 0.459059
v -2.587072 -0.514932 0.459059
v -2.393770 -0.222616 0.265758
v -2.293770 -0.364037 0.165758
v -2.450469 -0.566696 0.322456
v -2.309048 -0.566696 0.463878
v -2.152349 -0.364037 0.307179
v -2.252349 -0.222616 0.407179
v -2.445650 -0.514932 0.600480
v 0.150000 -0.400000 -0.284881
v 0.200275 -0.400000 -0.263195
v 0.200274 -0.400000 0.263195
v 0.200275 -0.400000 -0.263195
v 0.292696 -0.400000 -0.201441
v 0.376136 -0.400000 -0.000000
v 0.292696 -0.400000 -0.201441
v 0.354451 -0.400000 -0.109019
v 0.376136 -0.400000 -0.000000
v 0.376136 -0.400000 -0.000000
v 0.354451 -0.400000 0.109019
v 0.292696 -0.400000 0.201441
v 0.292696 -0.400000 0.201441
v 0.200274 -0.400000 0.263195
v 0.376136 -0.400000 -0.000000
v 0.200274 -0.400000 0.263195
v 0.150000 -0.400000 0.284880
v 0.150000 -0.400000 -0.284881
v 0.376136 -0.400000 -0.000000
v 0.200274 -0.400000 0.263195
v 0.200275 -0.400000 -0.263195
v 0.150000 -0.400000 0.284880
v -2.150000 -0.400000 0.284880
v -2.150000 -0.400000 -0.284881
v -2.150000 -0.400000 0.284880
v -2.200274 -0.400000 0.263195
v -2.200274 -0.400000 -0.263195
v -2.200274 -0.400000 0.263195
v -2.292696 -0.400000 0.201441
v -2.354451 -0.400000 0.109019
v -2.354451 -0.400000 0.109019
v -2.376136 -0.400000 -0.000000
v -2.200274 -0.400000 -0.263195
v -2.376136 -0.400000 -0.000000
v -2.354451 -0.400000 -0.109019
v -2.200274 -0.400000 -0.263195
v -2.354451 -0.400000 -0.109019
v -2.292696 -0.400000 -0.201441
v -2.200274 -0.400000 -0.263195
v -2.200274 -0.400000 -0.263195
v -2.150000 -0.400000 -0.284881
v -2.150000 -0.400000 0.284880
v -2.150000 -0.400000 -0.284881
v 0.150000 -0.400000 -0.284881
v 0.150000 -0.400000 0.284880
v -0.050000 -0.300000 0.160000
v -0.050000 -0.300000 -0.160000
v -0.210000 -0.300000 -0.000000
v 0.110000 -0.300000 -0.000000
v -0.050000 -0.300000 0.160000
v 0.063137 -0.300000 0.113137
v -0.050000 -0.300000 0.160000
v -0.210000 -0.300000 -0.000000
v -0.163137 -0.300000 0.113137
v -0.210000 -0.300000 -0.000000
v -0.050000 -0.300000 -0.160000
v -0.163137 -0.300000 -0.113137
v -0.050000 -0.300000 -0.160000
v 0.110000 -0.300000 -0.000000
v 0.063137 -0.300000 -0.113137
v 0.110000 -0.300000 -0.000000
v -0.050000 -0.300000 -0.160000
v -0.050000 -0.300000 0.160000

vt 0.968675 0.552458
vt 0.881987 0.515359
vt 0.881967 0.549282
vt 0.968675 0.512886
vt 0.881987 0.515359
vt 0.968675 0.552458
vt 0.642238 0.997288
vt 0.608125 0.981095
vt 0.607078 0.987699
vt 0.642238 0.974829
vt 0.608125 0.981095
vt 0.642238 0.997288
vt 0.486949 0.894056
vt 0.573695 0.931751
vt 0.573695 0.897126
vt 0.486949 0.933628
vt 0.573695 0.931751
vt 0.486949 0.894056
vt 0.544564 0.971662
vt 0.580962 0.994779
vt 0.580962 0.981205
vt 0.544564 0.996592
vt 0.580962 0.994779
vt 0.544564 0.971662
vt 0.502155 0.996592
vt 0.464653 0.974758
vt 0.464653 0.988331
vt 0.502155 0.971662
vt 0.464653 0.974758
vt 0.502155 0.996592
vt 0.177826 0.894056
vt 0.264601 0.931554
vt 0.264601 0.896928
vt 0.177826 0.933628
vt 0.264601 0.931554
vt 0.177826 0.894056
vt 0.842117 0.742624
vt 0.928909 0.779863
vt 0.928909 0.745237
vt 0.842117 0.782196
vt 0.928909 0.779863
vt 0.842117 0.742624
vt 0.937496 0.281652
vt 0.899393 0.261494
vt 0.899393 0.275067
vt 0.937496 0.256722
vt 0.899393 0.261494
vt 0.937496 0.281652
vt 0.087643 0.933628
vt 0.000852 0.896669
vt 0.000852 0.931295
vt 0.087643 0.894056
vt 0.000852 0.896669
vt 0.087643 0.933628
vt 0.977303 0.281652
vt 0.939200 0.263307
vt 0.939200 0.276881
vt 0.977303 0.256722
vt 0.939200 0.263307
vt 0.977303 0.281652
vt 0.423744 0.996592
vt 0.386243 0.979923
vt 0.386243 0.993496
vt 0.423744 0.971662
vt 0.386243 0.979923
vt 0.423744 0.996592
vt 0.309991 0.894056
vt 0.396766 0.930757
vt 0.396766 0.896131
vt 0.309991 0.933628
vt 0.396766 0.930757
vt 0.309991 0.894056
vt 0.503859 0.971662
vt 0.540257 0.987049
vt 0.540257 0.973475
vt 0.503859 0.996592
vt 0.540257 0.987049
vt 0.503859 0.971662
vt 0.859199 0.671623
vt 0.945944 0.708125
vt 0.945944 0.673500
vt 0.859199 0.711195
vt 0.945944 0.708125
vt 0.859199 0.671623
vt 0.968675 0.511182
vt 0.881967 0.474787
vt 0.881987 0.508709
vt 0.968675 0.471610
vt 0.881967 0.474787
vt 0.968675 0.511182
vt 0.679102 0.997288
vt 0.643942 0.984418
vt 0.644988 0.991021
vt 0.679102 0.974829
vt 0.643942 0.984418
vt 0.679102 0.997288
vt 0.995942 0.034774
vt 0.940312 0.007371
vt 0.940489 0.029829
vt 0.995942 0.000852
vt 0.940312 0.007371
vt 0.995942 0.034774
vt 0.600474 0.969958
vt 0.544564 0.941683
vt 0.544564 0.966613
vt 0.600474 0.935332
vt 0.544564 0.941683
vt 0.600474 0.969958
vt 0.388086 0.799453
vt 0.331948 0.770679
vt 0.331948 0.795609
vt 0.388086 0.764827
vt 0.331948 0.770679
vt 0.388086 0.799453
vt 0.272402 0.799453
vt 0.216139 0.770027
vt 0.216139 0.794958
vt 0.272402 0.764827
vt 0.216139 0.770027
vt 0.272402 0.799453
vt 0.558243 0.790566
vt 0.501980 0.760435
vt 0.501980 0.785366
vt 0.558243 0.755940
vt 0.501980 0.760435
vt 0.558243 0.790566
vt 0.274106 0.764827
vt 0.330244 0.795609
vt 0.330244 0.770679
vt 0.274106 0.799453
vt 0.330244 0.795609
vt 0.274106 0.764827
vt 0.542860 0.969958
vt 0.486949 0.938677
vt 0.486949 0.963607
vt 0.542860 0.935332
vt 0.486949 0.938677
vt 0.542860 0.969958
vt 0.986242 0.824370
vt 0.930789 0.795393
vt 0.930612 0.817851
vt 0.986242 0.790447
vt 0.930789 0.795393
vt 0.986242 0.824370
vt 0.968675 0.469906
vt 0.881987 0.432807
vt 0.968675 0.430334
vt 0.881967 0.466730
vt 0.881987 0.432807
vt 0.968675 0.469906
vt 0.715965 0.997288
vt 0.681852 0.981095
vt 0.715965 0.974829
vt 0.680806 0.987699
vt 0.681852 0.981095
vt 0.715965 0.997288
vt 0.881967 0.389058
vt 0.968713 0.426754
vt 0.881967 0.428630
vt 0.968713 0.392128
vt 0.968713 0.426754
vt 0.881967 0.389058
vt 0.842651 0.999148
vt 0.806252 0.976031
vt 0.842651 0.974218
vt 0.806252 0.989605
vt 0.806252 0.976031
vt 0.842651 0.999148
vt 0.347493 0.996592
vt 0.309991 0.974758
vt 0.347493 0.971662
vt 0.309991 0.988331
vt 0.309991 0.974758
vt 0.347493 0.996592
vt 0.398470 0.894056
vt 0.485245 0.931554
vt 0.398470 0.933628
vt 0.485245 0.896928
vt 0.485245 0.931554
vt 0.398470 0.894056
vt 0.413485 0.755940
vt 0.500276 0.793179
vt 0.413485 0.795512
vt 0.500276 0.758553
vt 0.500276 0.793179
vt 0.413485 0.755940
vt 0.983496 0.993460
vt 0.945393 0.973301
vt 0.983496 0.968529
vt 0.945393 0.986875
vt 0.945393 0.973301
vt 0.983496 0.993460
vt 0.842117 0.790447
vt 0.928908 0.827406
vt 0.842117 0.830019
vt 0.928908 0.792780
vt 0.928908 0.827406
vt 0.842117 0.790447
vt 0.905586 0.968529
vt 0.943689 0.986874
vt 0.905586 0.993460
vt 0.943689 0.973301
vt 0.943689 0.986874
vt 0.905586 0.968529
vt 0.425448 0.971662
vt 0.462949 0.988331
vt 0.425448 0.996592
vt 0.462949 0.974758
vt 0.462949 0.988331
vt 0.425448 0.971662
vt 0.176122 0.933628
vt 0.089347 0.896928
vt 0.176122 0.894056
vt 0.089347 0.931553
vt 0.089347 0.896928
vt 0.176122 0.933628
vt 0.880754 0.999148
vt 0.844355 0.983761
vt 0.880754 0.974218
vt 0.844355 0.997335
vt 0.844355 0.983761
vt 0.880754 0.999148
vt 0.876625 0.283417
vt 0.963371 0.319919
vt 0.876625 0.322989
vt 0.963371 0.285293
vt 0.963371 0.319919
vt 0.876625 0.283417
vt 0.968675 0.593734
vt 0.881967 0.557339
vt 0.968675 0.554162
vt 0.881987 0.591261
vt 0.881967 0.557339
vt 0.968675 0.593734
vt 0.384539 0.994121
vt 0.349379 0.981251
vt 0.384539 0.971662
vt 0.350425 0.987855
vt 0.349379 0.981251
vt 0.384539 0.994121
vt 0.995942 0.070401
vt 0.940312 0.042997
vt 0.995942 0.036478
vt 0.940489 0.065456
vt 0.940312 0.042997
vt 0.995942 0.070401
vt 0.425448 0.935332
vt 0.481358 0.963607
vt 0.425448 0.969958
vt 0.481358 0.938677
vt 0.481358 0.963607
vt 0.425448 0.935332
vt 0.366130 0.969958
vt 0.309991 0.941184
vt 0.366130 0.935332
vt 0.309991 0.966115
vt 0.309991 0.941184
vt 0.366130 0.969958
vt 0.158171 0.764827
vt 0.214434 0.794252
vt 0.158171 0.799453
vt 0.214434 0.769322
vt 0.214434 0.794252
vt 0.158171 0.764827
vt 0.156467 0.799453
vt 0.100204 0.769322
vt 0.156467 0.764827
vt 0.100204 0.794252
vt 0.100204 0.769322
vt 0.156467 0.799453
vt 0.600200 0.846844
vt 0.656339 0.877627
vt 0.600200 0.881470
vt 0.656339 0.852696
vt 0.656339 0.877627
vt 0.600200 0.846844
vt 0.423744 0.969958
vt 0.367834 0.938677
vt 0.423744 0.935332
vt 0.367834 0.963607
vt 0.367834 0.938677
vt 0.423744 0.969958
vt 0.986242 0.776547
vt 0.930789 0.747570
vt 0.986242 0.742624
vt 0.930613 0.770028
vt 0.930789 0.747570
vt 0.986242 0.776547
vt 0.424898 0.706413
vt 0.511620 0.425553
vt 0.424898 0.425553
vt 0.511620 0.706413
vt 0.511620 0.425553
vt 0.424898 0.706413
vt 0.564277 0.845140
vt 0.619951 0.564279
vt 0.564278 0.564279
vt 0.619951 0.845140
vt 0.619951 0.564279
vt 0.564277 0.845140
vt 0.692727 0.564279
vt 0.658043 0.845140
vt 0.692727 0.845140
vt 0.658043 0.564280
vt 0.658043 0.845140
vt 0.692727 0.564279
vt 0.706412 0.669919
vt 0.793135 0.389058
vt 0.706412 0.389058
vt 0.793135 0.669919
vt 0.793135 0.389058
vt 0.706412 0.669919
vt 0.381065 0.717586
vt 0.100204 0.661913
vt 0.100204 0.717586
vt 0.381065 0.661913
vt 0.100204 0.661913
vt 0.381065 0.717586
vt 0.621655 0.845140
vt 0.656339 0.564279
vt 0.621655 0.564279
vt 0.656339 0.845140
vt 0.656339 0.564279
vt 0.621655 0.845140
vt 0.154700 0.539832
vt 0.408678 0.524905
vt 0.127818 0.524904
vt 0.562573 0.824076
vt 0.000852 0.845140
vt 0.000852 0.824076
vt 0.562573 0.845140
vt 0.000852 0.845140
vt 0.562573 0.824076
vt 0.859199 0.529757
vt 0.880263 0.669919
vt 0.859199 0.669919
vt 0.880263 0.529489
vt 0.880263 0.669919
vt 0.859199 0.529757
vt 0.897690 0.141282
vt 0.876625 0.000852
vt 0.897690 0.000852
vt 0.876625 0.141282
vt 0.876625 0.000852
vt 0.897690 0.141282
vt 0.000852 0.822372
vt 0.562573 0.801307
vt 0.562573 0.822372
vt 0.000852 0.801307
vt 0.562573 0.801307
vt 0.000852 0.822372
vt 0.381065 0.740354
vt 0.100204 0.719290
vt 0.100204 0.740354
vt 0.381065 0.719290
vt 0.100204 0.719290
vt 0.381065 0.740354
vt 0.857494 0.428630
vt 0.836430 0.468202
vt 0.836430 0.428630
vt 0.857494 0.468202
vt 0.836430 0.468202
vt 0.857494 0.428630
vt 0.857494 0.586918
vt 0.836430 0.626490
vt 0.836430 0.586918
vt 0.857494 0.626490
vt 0.836430 0.626490
vt 0.857494 0.586918
vt 0.381064 0.763123
vt 0.100204 0.742058
vt 0.381064 0.742058
vt 0.100204 0.763123
vt 0.100204 0.742058
vt 0.381064 0.763123
vt 0.874921 0.040424
vt 0.853856 0.000852
vt 0.874921 0.000852
vt 0.853856 0.040424
vt 0.853856 0.000852
vt 0.874921 0.040424
vt 0.857494 0.547346
vt 0.836430 0.586918
vt 0.836430 0.547346
vt 0.857494 0.586918
vt 0.836430 0.586918
vt 0.857494 0.547346
vt 0.874921 0.119568
vt 0.853856 0.079996
vt 0.874921 0.079996
vt 0.853856 0.119568
vt 0.853856 0.079996
vt 0.874921 0.119568
vt 0.874921 0.079996
vt 0.853856 0.040424
vt 0.874921 0.040424
vt 0.853856 0.079996
vt 0.853856 0.040424
vt 0.874921 0.079996
vt 0.874921 0.277856
vt 0.853856 0.317428
vt 0.853856 0.277856
vt 0.874921 0.317428
vt 0.853856 0.317428
vt 0.874921 0.277856
vt 0.857494 0.507774
vt 0.836430 0.547346
vt 0.836430 0.507774
vt 0.857494 0.547346
vt 0.836430 0.547346
vt 0.857494 0.507774
vt 0.874921 0.159140
vt 0.853856 0.198712
vt 0.853856 0.159140
vt 0.874921 0.198712
vt 0.853856 0.198712
vt 0.874921 0.159140
vt 0.857494 0.389058
vt 0.836430 0.428630
vt 0.836430 0.389058
vt 0.857494 0.428630
vt 0.836430 0.428630
vt 0.857494 0.389058
vt 0.857494 0.468202
vt 0.836430 0.507774
vt 0.836430 0.468202
vt 0.857494 0.507774
vt 0.836430 0.507774
vt 0.857494 0.468202
vt 0.874921 0.159140
vt 0.853856 0.119568
vt 0.874921 0.119568
vt 0.853856 0.159140
vt 0.853856 0.119568
vt 0.874921 0.159140
vt 0.874921 0.238284
vt 0.853856 0.277856
vt 0.853856 0.238284
vt 0.874921 0.277856
vt 0.853856 0.277856
vt 0.874921 0.238284
vt 0.857494 0.666062
vt 0.836430 0.705634
vt 0.836430 0.666062
vt 0.857494 0.705634
vt 0.836430 0.705634
vt 0.857494 0.666062
vt 0.874921 0.198712
vt 0.853856 0.238284
vt 0.853856 0.198712
vt 0.874921 0.238284
vt 0.853856 0.238284
vt 0.874921 0.198712
vt 0.857494 0.626490
vt 0.836430 0.666062
vt 0.836430 0.626490
vt 0.857494 0.666062
vt 0.836430 0.666062
vt 0.857494 0.626490
vt 0.562573 0.281713
vt 0.515843 0.180094
vt 0.523563 0.141283
vt 0.493858 0.212997
vt 0.515843 0.180094
vt 0.562573 0.281713
vt 0.460955 0.234982
vt 0.493858 0.212997
vt 0.562573 0.281713
vt 0.422143 0.242702
vt 0.460955 0.234982
vt 0.562573 0.281713
vt 0.000852 0.281713
vt 0.422143 0.242702
vt 0.562573 0.281713
vt 0.141282 0.242702
vt 0.422143 0.242702
vt 0.000852 0.281713
vt 0.102471 0.234982
vt 0.141282 0.242702
vt 0.000852 0.281713
vt 0.069568 0.212997
vt 0.102471 0.234982
vt 0.000852 0.281713
vt 0.047583 0.180094
vt 0.069568 0.212997
vt 0.000852 0.281713
vt 0.000852 0.141014
vt 0.000852 0.000852
vt 0.039863 0.141283
vt 0.422143 0.039863
vt 0.000852 0.000852
vt 0.562573 0.000852
vt 0.562573 0.141283
vt 0.523563 0.141283
vt 0.562573 0.000852
vt 0.515843 0.102471
vt 0.562573 0.000852
vt 0.523563 0.141283
vt 0.000852 0.000852
vt 0.047583 0.102471
vt 0.039863 0.141283
vt 0.493858 0.069568
vt 0.562573 0.000852
vt 0.515843 0.102471
vt 0.000852 0.000852
vt 0.069568 0.069568
vt 0.047583 0.102471
vt 0.460955 0.047583
vt 0.562573 0.000852
vt 0.493858 0.069568
vt 0.000852 0.000852
vt 0.102471 0.047583
vt 0.069568 0.069568
vt 0.422143 0.039863
vt 0.562573 0.000852
vt 0.460955 0.047583
vt 0.000852 0.000852
vt 0.141283 0.039863
vt 0.102471 0.047583
vt 0.422143 0.039863
vt 0.141283 0.039863
vt 0.000852 0.000852
vt 0.000852 0.281713
vt 0.039863 0.141283
vt 0.047583 0.180094
vt 0.098482 0.795754
vt 0.000876 0.753090
vt 0.098482 0.750246
vt 0.000852 0.792101
vt 0.000876 0.753090
vt 0.098482 0.795754
vt 0.919548 0.739580
vt 0.880318 0.720959
vt 0.919548 0.713752
vt 0.879114 0.728553
vt 0.880318 0.720959
vt 0.919548 0.739580
vt 0.903927 0.883778
vt 0.806252 0.840429
vt 0.903927 0.838270
vt 0.806252 0.880248
vt 0.806252 0.840429
vt 0.903927 0.883778
vt 0.266429 0.894056
vt 0.308287 0.920641
vt 0.266429 0.922726
vt 0.308287 0.905031
vt 0.308287 0.920641
vt 0.266429 0.894056
vt 0.927490 0.636962
vt 0.970616 0.662072
vt 0.927490 0.665632
vt 0.970616 0.646462
vt 0.970616 0.662072
vt 0.927490 0.636962
vt 0.000852 0.846844
vt 0.098561 0.889966
vt 0.000852 0.892352
vt 0.098561 0.850147
vt 0.098561 0.889966
vt 0.000852 0.846844
vt 0.840413 0.788743
vt 0.742664 0.744359
vt 0.840413 0.742624
vt 0.742277 0.784177
vt 0.742664 0.744359
vt 0.840413 0.788743
vt 0.742277 0.701997
vt 0.786096 0.725180
vt 0.742277 0.730667
vt 0.786096 0.709570
vt 0.786096 0.725180
vt 0.742277 0.701997
vt 0.511620 0.754236
vt 0.413485 0.712683
vt 0.511620 0.708117
vt 0.413871 0.752501
vt 0.413485 0.712683
vt 0.511620 0.754236
vt 0.701861 0.881470
vt 0.658043 0.860373
vt 0.701861 0.852800
vt 0.658043 0.875983
vt 0.658043 0.860373
vt 0.701861 0.881470
vt 0.990775 0.700293
vt 0.947648 0.681123
vt 0.990775 0.671623
vt 0.947648 0.696733
vt 0.947648 0.681123
vt 0.990775 0.700293
vt 0.197975 0.892352
vt 0.100265 0.850147
vt 0.197975 0.846844
vt 0.100265 0.889966
vt 0.100265 0.850147
vt 0.197975 0.892352
vt 0.067318 0.965706
vt 0.109176 0.983401
vt 0.067318 0.994376
vt 0.109176 0.967792
vt 0.109176 0.983401
vt 0.067318 0.965706
vt 0.497849 0.846844
vt 0.595524 0.888822
vt 0.497849 0.892352
vt 0.595524 0.849002
vt 0.595524 0.888822
vt 0.497849 0.846844
vt 0.903882 0.930990
vt 0.806252 0.889135
vt 0.903882 0.885482
vt 0.806276 0.928146
vt 0.806252 0.889135
vt 0.903882 0.930990
vt 0.980746 0.128307
vt 0.940312 0.113506
vt 0.980746 0.102479
vt 0.941516 0.121100
vt 0.940312 0.113506
vt 0.980746 0.128307
vt 0.241800 0.974343
vt 0.177826 0.942829
vt 0.241800 0.935332
vt 0.178029 0.968656
vt 0.177826 0.942829
vt 0.241800 0.974343
vt 0.673079 0.933305
vt 0.737376 0.965821
vt 0.673079 0.973125
vt 0.737376 0.937151
vt 0.737376 0.965821
vt 0.673079 0.933305
vt 0.905586 0.885482
vt 0.970146 0.918572
vt 0.905586 0.925302
vt 0.970146 0.889902
vt 0.970146 0.918572
vt 0.905586 0.885482
vt 0.899393 0.132151
vt 0.964096 0.165991
vt 0.899393 0.171971
vt 0.964096 0.137321
vt 0.964096 0.165991
vt 0.899393 0.132151
vt 0.887541 0.325546
vt 0.952244 0.360196
vt 0.887541 0.365365
vt 0.952244 0.331526
vt 0.952244 0.360196
vt 0.887541 0.325546
vt 0.905586 0.927006
vt 0.970145 0.962405
vt 0.905586 0.966825
vt 0.970145 0.933735
vt 0.970145 0.962405
vt 0.905586 0.927006
vt 0.607078 0.933305
vt 0.671375 0.969279
vt 0.607078 0.973125
vt 0.671375 0.940608
vt 0.671375 0.969279
vt 0.607078 0.933305
vt 0.064826 0.974343
vt 0.001055 0.941019
vt 0.064826 0.935332
vt 0.000852 0.966847
vt 0.001055 0.941019
vt 0.064826 0.974343
vt 0.804043 0.931601
vt 0.706436 0.888937
vt 0.706412 0.927948
vt 0.804043 0.886093
vt 0.706436 0.888937
vt 0.804043 0.931601
vt 0.835273 0.739580
vt 0.796043 0.720959
vt 0.794839 0.728553
vt 0.835273 0.713752
vt 0.796043 0.720959
vt 0.835273 0.739580
vt 0.398470 0.846844
vt 0.496145 0.890194
vt 0.496145 0.850374
vt 0.398470 0.892352
vt 0.496145 0.890194
vt 0.398470 0.846844
vt 0.990232 0.624108
vt 0.948374 0.597524
vt 0.948374 0.613133
vt 0.990232 0.595438
vt 0.948374 0.597524
vt 0.990232 0.624108
vt 0.110444 0.964002
vt 0.067318 0.938892
vt 0.067318 0.954502
vt 0.110444 0.935332
vt 0.067318 0.938892
vt 0.110444 0.964002
vt 0.885837 0.371054
vt 0.788128 0.327932
vt 0.788128 0.367751
vt 0.885837 0.325546
vt 0.788128 0.327932
vt 0.885837 0.371054
vt 0.840413 0.836566
vt 0.742664 0.792182
vt 0.742277 0.832000
vt 0.840413 0.790447
vt 0.742664 0.792182
vt 0.840413 0.836566
vt 0.881967 0.636962
vt 0.925785 0.660145
vt 0.925785 0.644535
vt 0.881967 0.665632
vt 0.925785 0.660145
vt 0.881967 0.636962
vt 0.804548 0.884389
vt 0.706412 0.842837
vt 0.706799 0.882654
vt 0.804548 0.838270
vt 0.706412 0.842837
vt 0.804548 0.884389
vt 0.742277 0.671623
vt 0.786096 0.692720
vt 0.786096 0.677110
vt 0.742277 0.700293
vt 0.786096 0.692720
vt 0.742277 0.671623
vt 0.983439 0.100775
vt 0.940312 0.081605
vt 0.940312 0.097215
vt 0.983439 0.072105
vt 0.940312 0.081605
vt 0.983439 0.100775
vt 0.297388 0.892352
vt 0.199679 0.850147
vt 0.199679 0.889966
vt 0.297388 0.846844
vt 0.199679 0.850147
vt 0.297388 0.892352
vt 0.947648 0.701997
vt 0.989506 0.719692
vt 0.989506 0.704083
vt 0.947648 0.730667
vt 0.989506 0.719692
vt 0.947648 0.701997
vt 0.299092 0.846844
vt 0.396766 0.888822
vt 0.396766 0.849003
vt 0.299092 0.892352
vt 0.396766 0.888822
vt 0.299092 0.846844
vt 0.704708 0.931601
vt 0.607078 0.889747
vt 0.607102 0.928757
vt 0.704708 0.886093
vt 0.607078 0.889747
vt 0.704708 0.931601
vt 0.877410 0.739580
vt 0.836977 0.724779
vt 0.838180 0.732373
vt 0.877410 0.713752
vt 0.836977 0.724779
vt 0.877410 0.739580
vt 0.307478 0.974343
vt 0.243504 0.942828
vt 0.243707 0.968656
vt 0.307478 0.935332
vt 0.243504 0.942828
vt 0.307478 0.974343
vt 0.803377 0.973125
vt 0.739080 0.940608
vt 0.739080 0.969278
vt 0.803377 0.933305
vt 0.739080 0.940608
vt 0.803377 0.973125
vt 0.905631 0.838270
vt 0.970190 0.871360
vt 0.970190 0.842690
vt 0.905631 0.878090
vt 0.970190 0.871360
vt 0.905631 0.838270
vt 0.964096 0.213494
vt 0.899393 0.179655
vt 0.899394 0.208325
vt 0.964096 0.173675
vt 0.899393 0.179655
vt 0.964096 0.213494
vt 0.946670 0.635258
vt 0.881967 0.600608
vt 0.881967 0.629278
vt 0.946670 0.595438
vt 0.881967 0.600608
vt 0.946670 0.635258
vt 0.963953 0.255018
vt 0.899394 0.219618
vt 0.899393 0.248288
vt 0.963953 0.215198
vt 0.899394 0.219618
vt 0.963953 0.255018
vt 0.806252 0.932694
vt 0.870549 0.968667
vt 0.870549 0.939997
vt 0.806252 0.972514
vt 0.870549 0.968667
vt 0.806252 0.932694
vt 0.176122 0.974343
vt 0.112351 0.941019
vt 0.112148 0.966847
vt 0.176122 0.935332
vt 0.112351 0.941019
vt 0.176122 0.974343
vt 0.098500 0.425553
vt 0.000852 0.748542
vt 0.000852 0.425553
vt 0.098500 0.748542
vt 0.000852 0.748542
vt 0.098500 0.425553
vt 0.788128 0.323842
vt 0.852152 0.000852
vt 0.852152 0.323842
vt 0.788128 0.000852
vt 0.852152 0.000852
vt 0.788128 0.323842
vt 0.794839 0.712048
vt 0.834726 0.389058
vt 0.834726 0.712048
vt 0.794839 0.389058
vt 0.834726 0.389058
vt 0.794839 0.712048
vt 0.100204 0.425553
vt 0.423194 0.523200
vt 0.100204 0.523200
vt 0.423194 0.425553
vt 0.423194 0.523200
vt 0.100204 0.425553
vt 0.100204 0.596184
vt 0.423194 0.660209
vt 0.100204 0.660209
vt 0.423194 0.596184
vt 0.423194 0.660209
vt 0.100204 0.596184
vt 0.513324 0.748543
vt 0.553211 0.425553
vt 0.553211 0.748543
vt 0.513325 0.425553
vt 0.553211 0.425553
vt 0.513324 0.748543
vt 0.709458 0.362658
vt 0.783379 0.362658
vt 0.761728 0.384309
vt 0.523563 0.141283
vt 0.562573 0.141283
vt 0.562573 0.281713
vt 0.897690 0.281713
vt 0.876625 0.141282
vt 0.897690 0.141282
vt 0.876625 0.281713
vt 0.876625 0.141282
vt 0.897690 0.281713
vt 0.859199 0.389058
vt 0.880263 0.529489
vt 0.859199 0.529757
vt 0.880263 0.389058
vt 0.880263 0.529489
vt 0.859199 0.389058
vt 0.000852 0.281713
vt 0.000852 0.141014
vt 0.039863 0.141283
vt 0.608911 0.012463
vt 0.564277 0.000852
vt 0.704708 0.000852
vt 0.646750 0.037746
vt 0.608911 0.012463
vt 0.704708 0.000852
vt 0.672033 0.075585
vt 0.646750 0.037746
vt 0.704708 0.000852
vt 0.680911 0.120218
vt 0.672033 0.075585
vt 0.704708 0.000852
vt 0.704708 0.562575
vt 0.680911 0.120218
vt 0.704708 0.000852
vt 0.680911 0.443210
vt 0.680911 0.120218
vt 0.704708 0.562575
vt 0.672033 0.487843
vt 0.680911 0.443210
vt 0.704708 0.562575
vt 0.646750 0.525681
vt 0.672033 0.487843
vt 0.704708 0.562575
vt 0.608912 0.550964
vt 0.646750 0.525681
vt 0.704708 0.562575
vt 0.564279 0.562575
vt 0.608912 0.550964
vt 0.704708 0.562575
vt 0.715291 0.709461
vt 0.740573 0.836566
vt 0.706412 0.754095
vt 0.411780 0.665917
vt 0.394365 0.753469
vt 0.394365 0.707961
vt 0.921193 0.042896
vt 0.938608 0.130447
vt 0.921193 0.088404
vt 0.938608 0.000852
vt 0.938608 0.130447
vt 0.921193 0.042896
vt 0.703309 0.564279
vt 0.703309 0.653546
vt 0.694431 0.608913
vt 0.740573 0.836566
vt 0.712766 0.799774
vt 0.706412 0.754095
vt 0.919489 0.000852
vt 0.902074 0.088404
vt 0.899393 0.042363
vt 0.550961 0.379214
vt 0.562572 0.283418
vt 0.562572 0.423847
vt 0.919489 0.130447
vt 0.902074 0.088404
vt 0.919489 0.000852
vt 0.000852 0.283417
vt 0.012463 0.379215
vt 0.000852 0.423849
vt 0.525679 0.341376
vt 0.562572 0.283418
vt 0.550961 0.379214
vt 0.000852 0.283417
vt 0.037746 0.341376
vt 0.012463 0.379215
vt 0.487840 0.316093
vt 0.562572 0.283418
vt 0.525679 0.341376
vt 0.740573 0.671623
vt 0.740573 0.836566
vt 0.715291 0.709461
vt 0.000852 0.283417
vt 0.075585 0.316093
vt 0.037746 0.341376
vt 0.443207 0.307215
vt 0.562572 0.283418
vt 0.487840 0.316093
vt 0.000852 0.283417
vt 0.120219 0.307215
vt 0.075585 0.316093
vt 0.120219 0.307215
vt 0.562572 0.283418
vt 0.443207 0.307215
vt 0.000852 0.283417
vt 0.562572 0.283418
vt 0.120219 0.307215
vt 0.411780 0.665917
vt 0.411780 0.795512
vt 0.394365 0.753469
vt 0.134840 0.531606
vt 0.154700 0.539832
vt 0.127818 0.524904
vt 0.114980 0.539832
vt 0.134840 0.531606
vt 0.121679 0.527552
vt 0.121679 0.527552
vt 0.134840 0.531606
vt 0.127818 0.524904
vt 0.408678 0.524905
vt 0.162926 0.559693
vt 0.408678 0.594480
vt 0.420546 0.566547
vt 0.423194 0.579859
vt 0.423194 0.553234
vt 0.420546 0.538217
vt 0.423194 0.551530
vt 0.423194 0.524904
vt 0.110393 0.535094
vt 0.102852 0.546380
vt 0.114980 0.539832
vt 0.965074 0.328869
vt 0.983901 0.347696
vt 0.983901 0.283417
vt 0.114980 0.539832
vt 0.102852 0.546380
vt 0.106754 0.559692
vt 0.408678 0.524905
vt 0.154700 0.539832
vt 0.162926 0.559693
vt 0.102852 0.546380
vt 0.100204 0.559692
vt 0.106754 0.559692
vt 0.100204 0.559692
vt 0.102852 0.573005
vt 0.106754 0.559692
vt 0.554915 0.492480
vt 0.561054 0.495128
vt 0.561054 0.425553
vt 0.417923 0.574102
vt 0.417923 0.524904
vt 0.410382 0.562816
vt 0.106754 0.559692
vt 0.102852 0.573005
vt 0.114980 0.579552
vt 0.102852 0.573005
vt 0.110393 0.584291
vt 0.114980 0.579552
vt 0.560787 0.604398
vt 0.560787 0.565744
vt 0.555593 0.578285
vt 0.121679 0.591832
vt 0.134840 0.587779
vt 0.114980 0.579552
vt 0.154700 0.579553
vt 0.408678 0.594480
vt 0.162926 0.559693
vt 0.110393 0.535094
vt 0.114980 0.539832
vt 0.121679 0.527552
vt 0.560787 0.496832
vt 0.554915 0.500030
vt 0.560787 0.564040
vt 0.154700 0.579553
vt 0.134840 0.587779
vt 0.127818 0.594480
vt 0.110393 0.584291
vt 0.121679 0.591832
vt 0.114980 0.579552
vt 0.154700 0.579553
vt 0.127818 0.594480
vt 0.408678 0.594480
vt 0.121679 0.591832
vt 0.127818 0.594480
vt 0.134840 0.587779
vt 0.783379 0.025548
vt 0.706412 0.032608
vt 0.709458 0.025548
vt 0.746418 0.000852
vt 0.709458 0.025548
vt 0.718130 0.012569
vt 0.746418 0.000852
vt 0.718130 0.012569
vt 0.731109 0.003897
vt 0.774707 0.012569
vt 0.746418 0.000852
vt 0.761728 0.003897
vt 0.746418 0.000852
vt 0.774707 0.012569
vt 0.783379 0.025548
vt 0.706412 0.032608
vt 0.783379 0.025548
vt 0.786424 0.032608
vt 0.709458 0.025548
vt 0.746418 0.000852
vt 0.783379 0.025548
vt 0.706412 0.355598
vt 0.786424 0.032608
vt 0.786424 0.355598
vt 0.709458 0.362658
vt 0.786424 0.355598
vt 0.783379 0.362658
vt 0.761728 0.384309
vt 0.783379 0.362658
vt 0.774707 0.375637
vt 0.709458 0.362658
vt 0.761728 0.384309
vt 0.746418 0.387354
vt 0.709458 0.362658
vt 0.746418 0.387354
vt 0.731109 0.384309
vt 0.709458 0.362658
vt 0.731109 0.384309
vt 0.718130 0.375637
vt 0.786424 0.355598
vt 0.709458 0.362658
vt 0.706412 0.355598
vt 0.786424 0.032608
vt 0.706412 0.355598
vt 0.706412 0.032608
vt 0.021845 0.072792
vt 0.000102 0.153849
vt 0.021845 0.144842
vt 0.000102 0.063786
vt 0.000102 0.153849
vt 0.021845 0.072792
vt 0.195789 0.072792
vt 0.153848 0.000102
vt 0.144842 0.021845
vt 0.217532 0.063786
vt 0.153848 0.000102
vt 0.195789 0.072792
vt 0.144842 0.195789
vt 0.217532 0.153848
vt 0.195789 0.144842
vt 0.153849 0.217532
vt 0.217532 0.153848
vt 0.144842 0.195789
vt 0.021845 0.144842
vt 0.063786 0.217532
vt 0.072792 0.195789
vt 0.000102 0.153849
vt 0.063786 0.217532
vt 0.021845 0.144842
vt 0.072792 0.021845
vt 0.000102 0.063786
vt 0.021845 0.072792
vt 0.063786 0.000102
vt 0.000102 0.063786
vt 0.072792 0.021845
vt 0.144842 0.021845
vt 0.063786 0.000102
vt 0.072792 0.021845
vt 0.153848 0.000102
vt 0.063786 0.000102
vt 0.144842 0.021845
vt 0.195789 0.144842
vt 0.217532 0.063786
vt 0.195789 0.072792
vt 0.217532 0.153848
vt 0.217532 0.063786
vt 0.195789 0.144842
vt 0.072792 0.195789
vt 0.153849 0.217532
vt 0.144842 0.195789
vt 0.063786 0.217532
vt 0.153849 0.217532
vt 0.072792 0.195789
vt 0.494411 0.360353
vt 0.464993 0.432403
vt 0.494411 0.432403
vt 0.464993 0.360353
vt 0.464993 0.432403
vt 0.494411 0.360353
vt 0.494411 0.216252
vt 0.464993 0.288303
vt 0.494411 0.288303
vt 0.464992 0.216252
vt 0.464993 0.288303
vt 0.494411 0.216252
vt 0.494411 0.072152
vt 0.464992 0.144202
vt 0.494411 0.144202
vt 0.464993 0.072152
vt 0.464992 0.144202
vt 0.494411 0.072152
vt 0.494411 0.504453
vt 0.464993 0.576503
vt 0.494411 0.576503
vt 0.464993 0.504453
vt 0.464993 0.576503
vt 0.494411 0.504453
vt 0.494411 0.288303
vt 0.464993 0.360353
vt 0.494411 0.360353
vt 0.464993 0.288303
vt 0.464993 0.360353
vt 0.494411 0.288303
vt 0.494411 0.432403
vt 0.464993 0.504453
vt 0.494411 0.504453
vt 0.464993 0.432403
vt 0.464993 0.504453
vt 0.494411 0.432403
vt 0.494411 0.144202
vt 0.464992 0.216252
vt 0.494411 0.216252
vt 0.464992 0.144202
vt 0.464992 0.216252
vt 0.494411 0.144202
vt 0.494411 0.000102
vt 0.464993 0.072152
vt 0.494411 0.072152
vt 0.464993 0.000102
vt 0.464993 0.072152
vt 0.494411 0.000102
vt 0.217532 0.371483
vt 0.108817 0.326451
vt 0.217532 0.281420
vt 0.217532 0.281420
vt 0.108817 0.326451
vt 0.153848 0.217736
vt 0.153848 0.217736
vt 0.108817 0.326451
vt 0.063786 0.217736
vt 0.063786 0.217736
vt 0.108817 0.326451
vt 0.000102 0.281420
vt 0.000102 0.281420
vt 0.108817 0.326451
vt 0.000102 0.371483
vt 0.000102 0.371483
vt 0.108817 0.326451
vt 0.063786 0.435167
vt 0.063786 0.435167
vt 0.108817 0.326451
vt 0.153848 0.435167
vt 0.153848 0.435167
vt 0.108817 0.326451
vt 0.217532 0.371483
vt 0.647068 0.735516
vt 0.576502 0.720807
vt 0.647068 0.720807
vt 0.576502 0.735516
vt 0.576502 0.720807
vt 0.647068 0.735516
vt 0.788200 0.735516
vt 0.717634 0.720807
vt 0.788200 0.720807
vt 0.717634 0.735516
vt 0.717634 0.720807
vt 0.788200 0.735516
vt 0.999898 0.735516
vt 0.929332 0.720807
vt 0.999898 0.720807
vt 0.929332 0.735516
vt 0.929332 0.720807
vt 0.999898 0.735516
vt 0.576502 0.735516
vt 0.505936 0.720807
vt 0.576502 0.720807
vt 0.505936 0.735516
vt 0.505936 0.720807
vt 0.576502 0.735516
vt 0.717634 0.735516
vt 0.647068 0.720807
vt 0.717634 0.720807
vt 0.647068 0.735516
vt 0.647068 0.720807
vt 0.717634 0.735516
vt 0.858766 0.735516
vt 0.788200 0.720807
vt 0.858766 0.720807
vt 0.788200 0.735516
vt 0.788200 0.720807
vt 0.858766 0.735516
vt 0.929332 0.735516
vt 0.858766 0.720807
vt 0.929332 0.720807
vt 0.858766 0.735516
vt 0.858766 0.720807
vt 0.929332 0.735516
vt 0.505936 0.735516
vt 0.435370 0.720807
vt 0.505936 0.720807
vt 0.435370 0.735516
vt 0.435370 0.720807
vt 0.505936 0.735516
vt 0.464788 0.450415
vt 0.435371 0.540478
vt 0.435370 0.450415
vt 0.464789 0.540478
vt 0.435371 0.540478
vt 0.464788 0.450415
vt 0.464789 0.540478
vt 0.435371 0.630540
vt 0.435371 0.540478
vt 0.464789 0.630540
vt 0.435371 0.630540
vt 0.464789 0.540478
vt 0.464789 0.630540
vt 0.435371 0.720603
vt 0.435371 0.630540
vt 0.464789 0.720603
vt 0.435371 0.720603
vt 0.464789 0.630540
vt 0.464789 0.000102
vt 0.435370 0.090165
vt 0.435370 0.000102
vt 0.464789 0.090165
vt 0.435370 0.090165
vt 0.464789 0.000102
vt 0.464788 0.180227
vt 0.435370 0.270290
vt 0.435370 0.180227
vt 0.464788 0.270290
vt 0.435370 0.270290
vt 0.464788 0.180227
vt 0.464788 0.270290
vt 0.435370 0.360353
vt 0.435370 0.270290
vt 0.464789 0.360353
vt 0.435370 0.360353
vt 0.464788 0.270290
vt 0.464789 0.360353
vt 0.435370 0.450415
vt 0.435370 0.360353
vt 0.464788 0.450415
vt 0.435370 0.450415
vt 0.464789 0.360353
vt 0.464789 0.090165
vt 0.435370 0.180227
vt 0.435370 0.090165
vt 0.464788 0.180227
vt 0.435370 0.180227
vt 0.464789 0.090165
vt 0.371483 0.000102
vt 0.411632 0.073534
vt 0.361734 0.023636
vt 0.435167 0.063786
vt 0.411632 0.073534
vt 0.371483 0.000102
vt 0.435167 0.063786
vt 0.411632 0.144100
vt 0.411632 0.073534
vt 0.435167 0.153848
vt 0.411632 0.144100
vt 0.435167 0.063786
vt 0.435167 0.153848
vt 0.361734 0.193998
vt 0.411632 0.144100
vt 0.371483 0.217532
vt 0.361734 0.193998
vt 0.435167 0.153848
vt 0.371483 0.217532
vt 0.291168 0.193998
vt 0.361734 0.193998
vt 0.281420 0.217532
vt 0.291168 0.193998
vt 0.371483 0.217532
vt 0.281420 0.217532
vt 0.241271 0.144100
vt 0.291168 0.193998
vt 0.217736 0.153848
vt 0.241271 0.144100
vt 0.281420 0.217532
vt 0.217736 0.153848
vt 0.241271 0.073534
vt 0.241271 0.144100
vt 0.217736 0.063786
vt 0.241271 0.073534
vt 0.217736 0.153848
vt 0.217736 0.063786
vt 0.291168 0.023636
vt 0.241271 0.073534
vt 0.281420 0.000102
vt 0.291168 0.023636
vt 0.217736 0.063786
vt 0.281420 0.000102
vt 0.361734 0.023636
vt 0.291168 0.023636
vt 0.371483 0.000102
vt 0.361734 0.023636
vt 0.281420 0.000102
vt 0.999900 0.292935
vt 0.500000 0.500000
vt 0.707065 0.000100
vt 0.999900 0.707065
vt 0.500000 0.500000
vt 0.999900 0.292935
vt 0.707066 0.999900
vt 0.500000 0.500000
vt 0.999900 0.707065
vt 0.292935 0.999900
vt 0.500000 0.500000
vt 0.707066 0.999900
vt 0.000100 0.707066
vt 0.500000 0.500000
vt 0.292935 0.999900
vt 0.000100 0.292935
vt 0.500000 0.500000
vt 0.000100 0.707066
vt 0.292935 0.000100
vt 0.500000 0.500000
vt 0.000100 0.292935
vt 0.707065 0.000100
vt 0.500000 0.500000
vt 0.292935 0.000100
vt 0.707065 0.999900
vt 0.999900 0.292935
vt 0.000100 0.707065
vt 0.707065 0.000100
vt 0.292934 0.000100
vt 0.999900 0.292935
vt 0.999900 0.707066
vt 0.999900 0.292935
vt 0.707065 0.999900
vt 0.292934 0.999900
vt 0.707065 0.999900
vt 0.000100 0.707065
vt 0.000100 0.292935
vt 0.000100 0.707065
vt 0.292934 0.000100
vt 0.999900 0.292935
vt 0.292934 0.000100
vt 0.000100 0.707065
vt 0.188116 0.754329
vt 0.283873 0.514675
vt 0.283873 0.754329
vt 0.188116 0.514675
vt 0.283873 0.514675
vt 0.188116 0.754329
vt 0.377888 0.582389
vt 0.341450 0.836761
vt 0.284590 0.603949
vt 0.425989 0.791788
vt 0.341450 0.836761
vt 0.377888 0.582389
vt 0.903885 0.215211
vt 0.999641 0.000358
vt 0.999641 0.215211
vt 0.903885 0.000359
vt 0.999641 0.000358
vt 0.903885 0.215211
vt 0.426706 0.651730
vt 0.568104 0.463890
vt 0.520004 0.673290
vt 0.483566 0.418918
vt 0.568104 0.463890
vt 0.426706 0.651730
vt 0.283873 0.418918
vt 0.188116 0.514675
vt 0.188116 0.418918
vt 0.283873 0.514675
vt 0.188116 0.514675
vt 0.283873 0.418918
vt 0.999641 0.358989
vt 0.903885 0.215211
vt 0.999641 0.215211
vt 0.903885 0.358989
vt 0.903885 0.215211
vt 0.999641 0.358989
vt 0.568821 0.754329
vt 0.664578 0.514675
vt 0.568821 0.514675
vt 0.664578 0.754329
vt 0.664578 0.514675
vt 0.568821 0.754329
vt 0.283873 0.945950
vt 0.188116 0.754329
vt 0.283873 0.754329
vt 0.188116 0.945950
vt 0.188116 0.754329
vt 0.283873 0.945950
vt 0.568104 0.808783
vt 0.426706 0.651730
vt 0.520004 0.673290
vt 0.476526 0.836760
vt 0.426706 0.651730
vt 0.568104 0.808783
vt 0.334410 0.418918
vt 0.377888 0.582389
vt 0.284590 0.603949
vt 0.425989 0.446895
vt 0.377888 0.582389
vt 0.334410 0.418918
vt 0.093656 0.582389
vt 0.057218 0.836760
vt 0.141757 0.791788
vt 0.000358 0.603949
vt 0.057218 0.836760
vt 0.093656 0.582389
vt 0.807411 0.742960
vt 0.903168 0.528108
vt 0.807411 0.528108
vt 0.903168 0.742960
vt 0.903168 0.528108
vt 0.807411 0.742960
vt 0.284590 0.233170
vt 0.425989 0.045331
vt 0.341450 0.000358
vt 0.377888 0.254730
vt 0.425989 0.045331
vt 0.284590 0.233170
vt 0.664578 0.418918
vt 0.568821 0.514675
vt 0.664578 0.514675
vt 0.568821 0.418918
vt 0.568821 0.514675
vt 0.664578 0.418918
vt 0.903168 0.886738
vt 0.807411 0.742960
vt 0.807411 0.886738
vt 0.903168 0.742960
vt 0.807411 0.742960
vt 0.903168 0.886738
vt 0.664578 0.945950
vt 0.568821 0.754329
vt 0.568821 0.945950
vt 0.664578 0.754329
vt 0.568821 0.754329
vt 0.664578 0.945950
vt 0.425989 0.390224
vt 0.284590 0.233170
vt 0.334410 0.418201
vt 0.377888 0.254730
vt 0.284590 0.233170
vt 0.425989 0.390224
vt 0.050179 0.418918
vt 0.093656 0.582389
vt 0.141757 0.446895
vt 0.000358 0.603949
vt 0.093656 0.582389
vt 0.050179 0.418918
vt 0.903168 0.191979
vt 0.807411 0.431633
vt 0.807411 0.191979
vt 0.903168 0.431633
vt 0.807411 0.431633
vt 0.903168 0.191979
vt 0.235772 0.163829
vt 0.199334 0.418201
vt 0.142474 0.185389
vt 0.283873 0.373229
vt 0.199334 0.418201
vt 0.235772 0.163829
vt 0.999641 0.503484
vt 0.903885 0.718337
vt 0.903885 0.503484
vt 0.999641 0.718337
vt 0.903885 0.718337
vt 0.999641 0.503484
vt 0.000358 0.233170
vt 0.141757 0.045331
vt 0.093656 0.254730
vt 0.057219 0.000358
vt 0.141757 0.045331
vt 0.000358 0.233170
vt 0.807411 0.527390
vt 0.903168 0.431633
vt 0.903168 0.527390
vt 0.807411 0.431633
vt 0.903168 0.431633
vt 0.807411 0.527390
vt 0.903885 0.359706
vt 0.999641 0.503484
vt 0.903885 0.503484
vt 0.999641 0.359706
vt 0.999641 0.503484
vt 0.903885 0.359706
vt 0.807411 0.000358
vt 0.903168 0.191979
vt 0.807411 0.191979
vt 0.903168 0.000358
vt 0.903168 0.191979
vt 0.807411 0.000358
vt 0.141757 0.390223
vt 0.000358 0.233170
vt 0.093656 0.254730
vt 0.050179 0.418201
vt 0.000358 0.233170
vt 0.141757 0.390223
vt 0.192295 0.000358
vt 0.235772 0.163829
vt 0.142474 0.185389
vt 0.283873 0.028336
vt 0.235772 0.163829
vt 0.192295 0.000358
vt 0.806694 0.191979
vt 0.710937 0.431634
vt 0.806694 0.431634
vt 0.710937 0.191979
vt 0.710937 0.431634
vt 0.806694 0.191979
vt 0.520004 0.163829
vt 0.483566 0.418201
vt 0.568104 0.373228
vt 0.426706 0.185389
vt 0.483566 0.418201
vt 0.520004 0.163829
vt 0.806694 0.671886
vt 0.710937 0.886738
vt 0.806694 0.886738
vt 0.710937 0.671886
vt 0.710937 0.886738
vt 0.806694 0.671886
vt 0.568821 0.233170
vt 0.710220 0.045331
vt 0.625681 0.000358
vt 0.662119 0.254730
vt 0.710220 0.045331
vt 0.568821 0.233170
vt 0.710937 0.527391
vt 0.806694 0.431634
vt 0.710937 0.431634
vt 0.806694 0.527391
vt 0.806694 0.431634
vt 0.710937 0.527391
vt 0.710937 0.528108
vt 0.806694 0.671886
vt 0.806694 0.528108
vt 0.710937 0.671886
vt 0.806694 0.671886
vt 0.710937 0.528108
vt 0.710937 0.000358
vt 0.806694 0.191979
vt 0.806694 0.000358
vt 0.710937 0.191979
vt 0.806694 0.191979
vt 0.710937 0.000358
vt 0.710220 0.390223
vt 0.568821 0.233170
vt 0.618642 0.418201
vt 0.662119 0.254730
vt 0.568821 0.233170
vt 0.710220 0.390223
vt 0.476526 0.000358
vt 0.520004 0.163829
vt 0.568104 0.028336
vt 0.426706 0.185389
vt 0.520004 0.163829
vt 0.476526 0.000358

vn -0.197026 0.145156 0.969593
vn -0.197026 0.145156 0.969593
vn -0.197026 0.145156 0.969593
vn -0.193073 0.143429 0.970645
vn -0.193073 0.143429 0.970645
vn -0.193073 0.143429 0.970645
vn -0.206137 0.853883 0.477903
vn -0.206137 0.853883 0.477903
vn -0.206137 0.853883 0.477903
vn -0.119761 0.833164 0.539903
vn -0.119761 0.833164 0.539903
vn -0.119761 0.833164 0.539903
vn -0.549458 0.147927 0.822322
vn -0.549458 0.147927 0.822322
vn -0.549458 0.147927 0.822322
vn -0.549458 0.147927 0.822322
vn -0.549458 0.147927 0.822322
vn -0.549458 0.147927 0.822322
vn -0.287897 0.855259 0.430868
vn -0.287897 0.855259 0.430868
vn -0.287897 0.855259 0.430868
vn -0.287897 0.855259 0.430868
vn -0.287897 0.855259 0.430868
vn -0.287897 0.855259 0.430868
vn -0.418199 0.864308 0.279431
vn -0.418199 0.864308 0.279431
vn -0.418199 0.864308 0.279431
vn -0.418198 0.864308 0.279431
vn -0.418198 0.864308 0.279431
vn -0.418198 0.864308 0.279431
vn -0.822043 0.150158 0.549271
vn -0.822043 0.150158 0.549271
vn -0.822043 0.150158 0.549271
vn -0.822043 0.150158 0.549271
vn -0.822043 0.150158 0.549271
vn -0.822043 0.150158 0.549271
vn -0.969485 0.151364 0.192843
vn -0.969485 0.151364 0.192843
vn -0.969485 0.151364 0.192843
vn -0.969485 0.151364 0.192842
vn -0.969485 0.151364 0.192842
vn -0.969485 0.151364 0.192842
vn -0.485512 0.868880 0.096574
vn -0.485512 0.868880 0.096574
vn -0.485512 0.868880 0.096574
vn -0.485511 0.868880 0.096574
vn -0.485511 0.868880 0.096574
vn -0.485511 0.868880 0.096574
vn -0.969485 0.151364 -0.192843
vn -0.969485 0.151364 -0.192843
vn -0.969485 0.151364 -0.192843
vn -0.969485 0.151364 -0.192843
vn -0.969485 0.151364 -0.192843
vn -0.969485 0.151364 -0.192843
vn -0.485511 0.868880 -0.096574
vn -0.485511 0.868880 -0.096574
vn -0.485511 0.868880 -0.096574
vn -0.485511 0.868880 -0.096574
vn -0.485511 0.868880 -0.096574
vn -0.485511 0.868880 -0.096574
vn -0.418198 0.864308 -0.279431
vn -0.418198 0.864308 -0.279431
vn -0.418198 0.864308 -0.279431
vn -0.418198 0.864308 -0.279431
vn -0.418198 0.864308 -0.279431
vn -0.418198 0.864308 -0.279431
vn -0.822042 0.150158 -0.549272
vn -0.822042 0.150158 -0.549272
vn -0.822042 0.150158 -0.549272
vn -0.822042 0.150158 -0.549272
vn -0.822042 0.150158 -0.549272
vn -0.822042 0.150158 -0.549272
vn -0.287897 0.855259 -0.430869
vn -0.287897 0.855259 -0.430869
vn -0.287897 0.855259 -0.430869
vn -0.287897 0.855259 -0.430869
vn -0.287897 0.855259 -0.430869
vn -0.287897 0.855259 -0.430869
vn -0.549458 0.147927 -0.822322
vn -0.549458 0.147927 -0.822322
vn -0.549458 0.147927 -0.822322
vn -0.549458 0.147927 -0.822322
vn -0.549458 0.147927 -0.822322
vn -0.549458 0.147927 -0.822322
vn -0.197079 0.143312 -0.969856
vn -0.197079 0.143312 -0.969856
vn -0.197079 0.143312 -0.969856
vn -0.193028 0.145010 -0.970419
vn -0.193028 0.145010 -0.970419
vn -0.193028 0.145010 -0.970419
vn -0.228370 0.817027 -0.529447
vn -0.228370 0.817027 -0.529447
vn -0.228370 0.817027 -0.529447
vn -0.116174 0.843924 -0.523732
vn -0.116174 0.843924 -0.523732
vn -0.116174 0.843924 -0.523732
vn -0.194701 0.437777 -0.877748
vn -0.194701 0.437777 -0.877748
vn -0.194701 0.437777 -0.877748
vn -0.178340 0.444912 -0.877638
vn -0.178340 0.444912 -0.877638
vn -0.178340 0.444912 -0.877638
vn -0.495056 0.453849 -0.740905
vn -0.495056 0.453849 -0.740905
vn -0.495056 0.453849 -0.740905
vn -0.495056 0.453849 -0.740905
vn -0.495056 0.453849 -0.740905
vn -0.495056 0.453849 -0.740905
vn -0.737894 0.460889 -0.493045
vn -0.737894 0.460889 -0.493045
vn -0.737894 0.460889 -0.493045
vn -0.737894 0.460889 -0.493045
vn -0.737894 0.460889 -0.493045
vn -0.737894 0.460889 -0.493045
vn -0.868473 0.464663 -0.172751
vn -0.868473 0.464663 -0.172751
vn -0.868473 0.464663 -0.172751
vn -0.868473 0.464664 -0.172750
vn -0.868473 0.464664 -0.172750
vn -0.868473 0.464664 -0.172750
vn -0.868473 0.464664 0.172750
vn -0.868473 0.464664 0.172750
vn -0.868473 0.464664 0.172750
vn -0.868473 0.464664 0.172750
vn -0.868473 0.464664 0.172750
vn -0.868473 0.464664 0.172750
vn -0.737894 0.460889 0.493044
vn -0.737894 0.460889 0.493044
vn -0.737894 0.460889 0.493044
vn -0.737894 0.460889 0.493045
vn -0.737894 0.460889 0.493045
vn -0.737894 0.460889 0.493045
vn -0.495057 0.453849 0.740904
vn -0.495057 0.453849 0.740904
vn -0.495057 0.453849 0.740904
vn -0.495057 0.453849 0.740905
vn -0.495057 0.453849 0.740905
vn -0.495057 0.453849 0.740905
vn -0.193768 0.446527 0.873537
vn -0.193768 0.446527 0.873537
vn -0.193768 0.446527 0.873537
vn -0.178909 0.439118 0.880436
vn -0.178909 0.439118 0.880436
vn -0.178909 0.439118 0.880436
vn 0.193073 0.143429 0.970645
vn 0.193073 0.143429 0.970645
vn 0.193073 0.143429 0.970645
vn 0.197026 0.145156 0.969593
vn 0.197026 0.145156 0.969593
vn 0.197026 0.145156 0.969593
vn 0.119761 0.833163 0.539904
vn 0.119761 0.833163 0.539904
vn 0.119761 0.833163 0.539904
vn 0.206138 0.853886 0.477897
vn 0.206138 0.853886 0.477897
vn 0.206138 0.853886 0.477897
vn 0.549458 0.147927 0.822322
vn 0.549458 0.147927 0.822322
vn 0.549458 0.147927 0.822322
vn 0.549459 0.147927 0.822322
vn 0.549459 0.147927 0.822322
vn 0.549459 0.147927 0.822322
vn 0.287897 0.855259 0.430869
vn 0.287897 0.855259 0.430869
vn 0.287897 0.855259 0.430869
vn 0.287897 0.855259 0.430867
vn 0.287897 0.855259 0.430867
vn 0.287897 0.855259 0.430867
vn 0.418198 0.864308 0.279432
vn 0.418198 0.864308 0.279432
vn 0.418198 0.864308 0.279432
vn 0.418198 0.864308 0.279431
vn 0.418198 0.864308 0.279431
vn 0.418198 0.864308 0.279431
vn 0.822042 0.150158 0.549272
vn 0.822042 0.150158 0.549272
vn 0.822042 0.150158 0.549272
vn 0.822043 0.150158 0.549270
vn 0.822043 0.150158 0.549270
vn 0.822043 0.150158 0.549270
vn 0.969485 0.151364 0.192842
vn 0.969485 0.151364 0.192842
vn 0.969485 0.151364 0.192842
vn 0.969485 0.151364 0.192843
vn 0.969485 0.151364 0.192843
vn 0.969485 0.151364 0.192843
vn 0.485511 0.868880 0.096575
vn 0.485511 0.868880 0.096575
vn 0.485511 0.868880 0.096575
vn 0.485511 0.868880 0.096572
vn 0.485511 0.868880 0.096572
vn 0.485511 0.868880 0.096572
vn 0.969484 0.151364 -0.192845
vn 0.969484 0.151364 -0.192845
vn 0.969484 0.151364 -0.192845
vn 0.969485 0.151364 -0.192841
vn 0.969485 0.151364 -0.192841
vn 0.969485 0.151364 -0.192841
vn 0.485511 0.868880 -0.096574
vn 0.485511 0.868880 -0.096574
vn 0.485511 0.868880 -0.096574
vn 0.485511 0.868880 -0.096576
vn 0.485511 0.868880 -0.096576
vn 0.485511 0.868880 -0.096576
vn 0.418198 0.864309 -0.279430
vn 0.418198 0.864309 -0.279430
vn 0.418198 0.864309 -0.279430
vn 0.418198 0.864307 -0.279433
vn 0.418198 0.864307 -0.279433
vn 0.418198 0.864307 -0.279433
vn 0.822042 0.150158 -0.549271
vn 0.822042 0.150158 -0.549271
vn 0.822042 0.150158 -0.549271
vn 0.822042 0.150157 -0.549272
vn 0.822042 0.150157 -0.549272
vn 0.822042 0.150157 -0.549272
vn 0.287897 0.855259 -0.430867
vn 0.287897 0.855259 -0.430867
vn 0.287897 0.855259 -0.430867
vn 0.287896 0.855259 -0.430869
vn 0.287896 0.855259 -0.430869
vn 0.287896 0.855259 -0.430869
vn 0.549458 0.147927 -0.822322
vn 0.549458 0.147927 -0.822322
vn 0.549458 0.147927 -0.822322
vn 0.549458 0.147927 -0.822322
vn 0.549458 0.147927 -0.822322
vn 0.549458 0.147927 -0.822322
vn 0.193028 0.145010 -0.970419
vn 0.193028 0.145010 -0.970419
vn 0.193028 0.145010 -0.970419
vn 0.197079 0.143313 -0.969856
vn 0.197079 0.143313 -0.969856
vn 0.197079 0.143313 -0.969856
vn 0.116174 0.843924 -0.523733
vn 0.116174 0.843924 -0.523733
vn 0.116174 0.843924 -0.523733
vn 0.228371 0.817028 -0.529445
vn 0.228371 0.817028 -0.529445
vn 0.228371 0.817028 -0.529445
vn 0.178340 0.444912 -0.877638
vn 0.178340 0.444912 -0.877638
vn 0.178340 0.444912 -0.877638
vn 0.194701 0.437778 -0.877748
vn 0.194701 0.437778 -0.877748
vn 0.194701 0.437778 -0.877748
vn 0.495056 0.453849 -0.740905
vn 0.495056 0.453849 -0.740905
vn 0.495056 0.453849 -0.740905
vn 0.495056 0.453849 -0.740905
vn 0.495056 0.453849 -0.740905
vn 0.495056 0.453849 -0.740905
vn 0.737894 0.460889 -0.493045
vn 0.737894 0.460889 -0.493045
vn 0.737894 0.460889 -0.493045
vn 0.737894 0.460890 -0.493045
vn 0.737894 0.460890 -0.493045
vn 0.737894 0.460890 -0.493045
vn 0.868473 0.464664 -0.172749
vn 0.868473 0.464664 -0.172749
vn 0.868473 0.464664 -0.172749
vn 0.868473 0.464663 -0.172751
vn 0.868473 0.464663 -0.172751
vn 0.868473 0.464663 -0.172751
vn 0.868473 0.464664 0.172749
vn 0.868473 0.464664 0.172749
vn 0.868473 0.464664 0.172749
vn 0.868473 0.464663 0.172750
vn 0.868473 0.464663 0.172750
vn 0.868473 0.464663 0.172750
vn 0.737894 0.460889 0.493046
vn 0.737894 0.460889 0.493046
vn 0.737894 0.460889 0.493046
vn 0.737894 0.460889 0.493045
vn 0.737894 0.460889 0.493045
vn 0.737894 0.460889 0.493045
vn 0.495056 0.453849 0.740905
vn 0.495056 0.453849 0.740905
vn 0.495056 0.453849 0.740905
vn 0.495058 0.453849 0.740904
vn 0.495058 0.453849 0.740904
vn 0.495058 0.453849 0.740904
vn 0.178909 0.439117 0.880436
vn 0.178909 0.439117 0.880436
vn 0.178909 0.439117 0.880436
vn 0.193769 0.446529 0.873536
vn 0.193769 0.446529 0.873536
vn 0.193769 0.446529 0.873536
vn -0.000000 0.146179 0.989258
vn -0.000000 0.146179 0.989258
vn -0.000000 0.146179 0.989258
vn -0.000000 0.146179 0.989258
vn -0.000000 0.146179 0.989258
vn -0.000000 0.146179 0.989258
vn -0.000000 0.446319 0.894874
vn -0.000000 0.446319 0.894874
vn -0.000000 0.446319 0.894874
vn -0.000000 0.446319 0.894874
vn -0.000000 0.446319 0.894874
vn -0.000000 0.446319 0.894874
vn -0.000000 0.839204 0.543817
vn -0.000000 0.839204 0.543817
vn -0.000000 0.839204 0.543817
vn 0.000000 0.839204 0.543817
vn 0.000000 0.839204 0.543817
vn 0.000000 0.839204 0.543817
vn -0.000000 0.146179 -0.989258
vn -0.000000 0.146179 -0.989258
vn -0.000000 0.146179 -0.989258
vn -0.000000 0.146179 -0.989258
vn -0.000000 0.146179 -0.989258
vn -0.000000 0.146179 -0.989258
vn -0.000000 0.446319 -0.894874
vn -0.000000 0.446319 -0.894874
vn -0.000000 0.446319 -0.894874
vn -0.000000 0.446319 -0.894874
vn -0.000000 0.446319 -0.894874
vn -0.000000 0.446319 -0.894874
vn 0.000000 0.839203 -0.543818
vn 0.000000 0.839203 -0.543818
vn 0.000000 0.839203 -0.543818
vn -0.000000 0.839204 -0.543817
vn -0.000000 0.839204 -0.543817
vn -0.000000 0.839204 -0.543817
vn 0.000000 1.000000 -0.000000
vn 0.000000 1.000000 -0.000000
vn 0.000000 1.000000 -0.000000
vn -0.000000 0.000000 -1.000000
vn -0.000000 0.000000 -1.000000
vn -0.000000 0.000000 -1.000000
vn -0.000000 0.000000 -1.000000
vn -0.000000 0.000000 -1.000000
vn -0.000000 0.000000 -1.000000
vn 1.000000 0.000000 0.000000
vn 1.000000 0.000000 0.000000
vn 1.000000 0.000000 0.000000
vn 1.000000 0.000000 0.000000
vn 1.000000 0.000000 0.000000
vn 1.000000 0.000000 0.000000
vn -1.000000 0.000000 0.000000
vn -1.000000 0.000000 0.000000
vn -1.000000 0.000000 0.000000
vn -1.000000 0.000000 0.000000
vn -1.000000 0.000000 0.000000
vn -1.000000 0.000000 0.000000
vn -0.000000 0.000000 1.000000
vn -0.000000 0.000000 1.000000
vn -0.000000 0.000000 1.000000
vn -0.000000 0.000000 1.000000
vn -0.000000 0.000000 1.000000
vn -0.000000 0.000000 1.000000
vn -0.000000 0.000000 -1.000000
vn -0.000000 0.000000 -1.000000
vn -0.000000 0.000000 -1.000000
vn -0.000000 0.000000 -1.000000
vn -0.000000 0.000000 -1.000000
vn -0.000000 0.000000 -1.000000
vn 0.555570 0.000000 0.831469
vn 0.555570 0.000000 0.831469
vn 0.555570 0.000000 0.831469
vn 0.555570 0.000000 0.831469
vn 0.555570 0.000000 0.831469
vn 0.555570 0.000000 0.831469
vn 0.831469 0.000000 -0.555570
vn 0.831469 0.000000 -0.555570
vn 0.831469 0.000000 -0.555570
vn 0.831469 0.000000 -0.555572
vn 0.831469 0.000000 -0.555572
vn 0.831469 0.000000 -0.555572
vn -0.000000 0.000000 1.000000
vn -0.000000 0.000000 1.000000
vn -0.000000 0.000000 1.000000
vn -0.000000 0.000000 1.000000
vn -0.000000 0.000000 1.000000
vn -0.000000 0.000000 1.000000
vn -0.195090 0.000000 -0.980785
vn -0.195090 0.000000 -0.980785
vn -0.195090 0.000000 -0.980785
vn -0.195090 0.000000 -0.980785
vn -0.195090 0.000000 -0.980785
vn -0.195090 0.000000 -0.980785
vn 0.980785 0.000000 -0.195090
vn 0.980785 0.000000 -0.195090
vn 0.980785 0.000000 -0.195090
vn 0.980785 0.000000 -0.195091
vn 0.980785 0.000000 -0.195091
vn 0.980785 0.000000 -0.195091
vn -0.831469 0.000000 -0.555571
vn -0.831469 0.000000 -0.555571
vn -0.831469 0.000000 -0.555571
vn -0.831469 0.000000 -0.555570
vn -0.831469 0.000000 -0.555570
vn -0.831469 0.000000 -0.555570
vn -0.555570 0.000000 -0.831470
vn -0.555570 0.000000 -0.831470
vn -0.555570 0.000000 -0.831470
vn -0.555570 0.000000 -0.831470
vn -0.555570 0.000000 -0.831470
vn -0.555570 0.000000 -0.831470
vn -0.195091 0.000000 0.980785
vn -0.195091 0.000000 0.980785
vn -0.195091 0.000000 0.980785
vn -0.195091 0.000000 0.980785
vn -0.195091 0.000000 0.980785
vn -0.195091 0.000000 0.980785
vn 0.980785 0.000000 0.195090
vn 0.980785 0.000000 0.195090
vn 0.980785 0.000000 0.195090
vn 0.980785 0.000000 0.195090
vn 0.980785 0.000000 0.195090
vn 0.980785 0.000000 0.195090
vn -0.980785 0.000000 0.195090
vn -0.980785 0.000000 0.195090
vn -0.980785 0.000000 0.195090
vn -0.980785 0.000000 0.195090
vn -0.980785 0.000000 0.195090
vn -0.980785 0.000000 0.195090
vn 0.195090 0.000000 0.980785
vn 0.195090 0.000000 0.980785
vn 0.195090 0.000000 0.980785
vn 0.195091 0.000000 0.980785
vn 0.195091 0.000000 0.980785
vn 0.195091 0.000000 0.980785
vn 0.831469 0.000000 0.555570
vn 0.831469 0.000000 0.555570
vn 0.831469 0.000000 0.555570
vn 0.831470 0.000000 0.555569
vn 0.831470 0.000000 0.555569
vn 0.831470 0.000000 0.555569
vn -0.980785 0.000000 -0.195091
vn -0.980785 0.000000 -0.195091
vn -0.980785 0.000000 -0.195091
vn -0.980785 0.000000 -0.195091
vn -0.980785 0.000000 -0.195091
vn -0.980785 0.000000 -0.195091
vn -0.555570 0.000000 0.831469
vn -0.555570 0.000000 0.831469
vn -0.555570 0.000000 0.831469
vn -0.555570 0.000000 0.831469
vn -0.555570 0.000000 0.831469
vn -0.555570 0.000000 0.831469
vn 0.195090 0.000000 -0.980785
vn 0.195090 0.000000 -0.980785
vn 0.195090 0.000000 -0.980785
vn 0.195090 0.000000 -0.980785
vn 0.195090 0.000000 -0.980785
vn 0.195090 0.000000 -0.980785
vn -0.831470 0.000000 0.555570
vn -0.831470 0.000000 0.555570
vn -0.831470 0.000000 0.555570
vn -0.831470 0.000000 0.555570
vn -0.831470 0.000000 0.555570
vn -0.831470 0.000000 0.555570
vn 0.555571 0.000000 -0.831469
vn 0.555571 0.000000 -0.831469
vn 0.555571 0.000000 -0.831469
vn 0.555570 0.000000 -0.831469
vn 0.555570 0.000000 -0.831469
vn 0.555570 0.000000 -0.831469
vn -0.000000 1.000000 0.000000
vn -0.000000 1.000000 0.000000
vn -0.000000 1.000000 0.000000
vn -0.000000 1.000000 0.000000
vn -0.000000 1.000000 0.000000
vn -0.000000 1.000000 0.000000
vn -0.000000 1.000000 0.000000
vn -0.000000 1.000000 0.000000
vn -0.000000 1.000000 0.000000
vn -0.000000 1.000000 0.000000
vn -0.000000 1.000000 0.000000
vn -0.000000 1.000000 0.000000
vn -0.000000 1.000000 0.000000
vn -0.000000 1.000000 0.000000
vn -0.000000 1.000000 0.000000
vn -0.000000 1.000000 0.000000
vn -0.000000 1.000000 0.000000
vn -0.000000 1.000000 0.000000
vn -0.000000 1.000000 0.000000
vn -0.000000 1.000000 0.000000
vn -0.000000 1.000000 0.000000
vn -0.000000 1.000000 0.000000
vn -0.000000 1.000000 0.000000
vn -0.000000 1.000000 0.000000
vn -0.000000 1.000000 0.000000
vn -0.000000 1.000000 0.000000
vn -0.000000 1.000000 0.000000
vn -0.000000 1.000000 0.000000
vn -0.000000 1.000000 0.000000
vn -0.000000 1.000000 0.000000
vn -0.000000 1.000000 0.000000
vn -0.000000 1.000000 0.000000
vn -0.000000 1.000000 0.000000
vn -0.000000 1.000000 0.000000
vn -0.000000 1.000000 0.000000
vn -0.000000 1.000000 0.000000
vn -0.000000 1.000000 0.000000
vn -0.000000 1.000000 0.000000
vn -0.000000 1.000000 0.000000
vn -0.000000 1.000000 0.000000
vn -0.000000 1.000000 0.000000
vn -0.000000 1.000000 0.000000
vn -0.000000 1.000000 0.000000
vn -0.000000 1.000000 0.000000
vn -0.000000 1.000000 0.000000
vn 0.000000 1.000000 0.000000
vn 0.000000 1.000000 0.000000
vn 0.000000 1.000000 0.000000
vn -0.000000 1.000000 0.000000
vn -0.000000 1.000000 0.000000
vn -0.000000 1.000000 0.000000
vn -0.000000 1.000000 0.000000
vn -0.000000 1.000000 0.000000
vn -0.000000 1.000000 0.000000
vn -0.000000 1.000000 0.000000
vn -0.000000 1.000000 0.000000
vn -0.000000 1.000000 0.000000
vn -0.000000 1.000000 0.000000
vn -0.000000 1.000000 0.000000
vn -0.000000 1.000000 0.000000
vn -0.000000 1.000000 0.000000
vn -0.000000 1.000000 0.000000
vn -0.000000 1.000000 0.000000
vn -0.000000 1.000000 0.000000
vn -0.000000 1.000000 0.000000
vn -0.000000 1.000000 0.000000
vn 0.192986 -0.146491 -0.970205
vn 0.192986 -0.146491 -0.970205
vn 0.192986 -0.146491 -0.970205
vn 0.196935 -0.148255 -0.969142
vn 0.196935 -0.148255 -0.969142
vn 0.196935 -0.148255 -0.969142
vn 0.119762 -0.833164 -0.539903
vn 0.119762 -0.833164 -0.539903
vn 0.119762 -0.833164 -0.539903
vn 0.206136 -0.853883 -0.477903
vn 0.206136 -0.853883 -0.477903
vn 0.206136 -0.853883 -0.477903
vn 0.549193 -0.151082 -0.821925
vn 0.549193 -0.151082 -0.821925
vn 0.549193 -0.151082 -0.821925
vn 0.549193 -0.151081 -0.821925
vn 0.549193 -0.151081 -0.821925
vn 0.549193 -0.151081 -0.821925
vn 0.287897 -0.855259 -0.430868
vn 0.287897 -0.855259 -0.430868
vn 0.287897 -0.855259 -0.430868
vn 0.287897 -0.855259 -0.430868
vn 0.287897 -0.855259 -0.430868
vn 0.287897 -0.855259 -0.430868
vn 0.418198 -0.864308 -0.279431
vn 0.418198 -0.864308 -0.279431
vn 0.418198 -0.864308 -0.279431
vn 0.418198 -0.864308 -0.279431
vn 0.418198 -0.864308 -0.279431
vn 0.418198 -0.864308 -0.279431
vn 0.821634 -0.153357 -0.548998
vn 0.821634 -0.153357 -0.548998
vn 0.821634 -0.153357 -0.548998
vn 0.821634 -0.153358 -0.548998
vn 0.821634 -0.153358 -0.548998
vn 0.821634 -0.153358 -0.548998
vn 0.955956 -0.155890 -0.248689
vn 0.955956 -0.155890 -0.248689
vn 0.955956 -0.155890 -0.248689
vn 0.964553 -0.181183 -0.191861
vn 0.964553 -0.181183 -0.191861
vn 0.964553 -0.181183 -0.191861
vn 0.485511 -0.868880 -0.096574
vn 0.485511 -0.868880 -0.096574
vn 0.485511 -0.868880 -0.096574
vn 0.485511 -0.868880 -0.096574
vn 0.485511 -0.868880 -0.096574
vn 0.485511 -0.868880 -0.096574
vn 0.952182 -0.178859 0.247708
vn 0.952182 -0.178859 0.247708
vn 0.952182 -0.178859 0.247708
vn 0.968995 -0.154588 0.192745
vn 0.968995 -0.154588 0.192745
vn 0.968995 -0.154588 0.192745
vn 0.485511 -0.868880 0.096574
vn 0.485511 -0.868880 0.096574
vn 0.485511 -0.868880 0.096574
vn 0.485511 -0.868880 0.096575
vn 0.485511 -0.868880 0.096575
vn 0.485511 -0.868880 0.096575
vn 0.418198 -0.864308 0.279431
vn 0.418198 -0.864308 0.279431
vn 0.418198 -0.864308 0.279431
vn 0.418199 -0.864308 0.279431
vn 0.418199 -0.864308 0.279431
vn 0.418199 -0.864308 0.279431
vn 0.821634 -0.153357 0.548999
vn 0.821634 -0.153357 0.548999
vn 0.821634 -0.153357 0.548999
vn 0.821634 -0.153357 0.548998
vn 0.821634 -0.153357 0.548998
vn 0.821634 -0.153357 0.548998
vn 0.287897 -0.855259 0.430869
vn 0.287897 -0.855259 0.430869
vn 0.287897 -0.855259 0.430869
vn 0.287896 -0.855259 0.430869
vn 0.287896 -0.855259 0.430869
vn 0.287896 -0.855259 0.430869
vn 0.549193 -0.151081 0.821925
vn 0.549193 -0.151081 0.821925
vn 0.549193 -0.151081 0.821925
vn 0.549193 -0.151082 0.821926
vn 0.549193 -0.151082 0.821926
vn 0.549193 -0.151082 0.821926
vn 0.192939 -0.148105 0.969969
vn 0.192939 -0.148105 0.969969
vn 0.192939 -0.148105 0.969969
vn 0.196990 -0.146373 0.969417
vn 0.196990 -0.146373 0.969417
vn 0.196990 -0.146373 0.969417
vn 0.116174 -0.843924 0.523732
vn 0.116174 -0.843924 0.523732
vn 0.116174 -0.843924 0.523732
vn 0.228370 -0.817027 0.529447
vn 0.228370 -0.817027 0.529447
vn 0.228370 -0.817027 0.529447
vn 0.178340 -0.444912 0.877638
vn 0.178340 -0.444912 0.877638
vn 0.178340 -0.444912 0.877638
vn 0.194701 -0.437777 0.877748
vn 0.194701 -0.437777 0.877748
vn 0.194701 -0.437777 0.877748
vn 0.495056 -0.453849 0.740905
vn 0.495056 -0.453849 0.740905
vn 0.495056 -0.453849 0.740905
vn 0.495056 -0.453849 0.740905
vn 0.495056 -0.453849 0.740905
vn 0.495056 -0.453849 0.740905
vn 0.737894 -0.460889 0.493046
vn 0.737894 -0.460889 0.493046
vn 0.737894 -0.460889 0.493046
vn 0.737894 -0.460889 0.493045
vn 0.737894 -0.460889 0.493045
vn 0.737894 -0.460889 0.493045
vn 0.868473 -0.464664 0.172750
vn 0.868473 -0.464664 0.172750
vn 0.868473 -0.464664 0.172750
vn 0.868473 -0.464664 0.172750
vn 0.868473 -0.464664 0.172750
vn 0.868473 -0.464664 0.172750
vn 0.868473 -0.464663 -0.172750
vn 0.868473 -0.464663 -0.172750
vn 0.868473 -0.464663 -0.172750
vn 0.868473 -0.464664 -0.172749
vn 0.868473 -0.464664 -0.172749
vn 0.868473 -0.464664 -0.172749
vn 0.737894 -0.460889 -0.493045
vn 0.737894 -0.460889 -0.493045
vn 0.737894 -0.460889 -0.493045
vn 0.737894 -0.460889 -0.493045
vn 0.737894 -0.460889 -0.493045
vn 0.737894 -0.460889 -0.493045
vn 0.495057 -0.453849 -0.740904
vn 0.495057 -0.453849 -0.740904
vn 0.495057 -0.453849 -0.740904
vn 0.495057 -0.453849 -0.740905
vn 0.495057 -0.453849 -0.740905
vn 0.495057 -0.453849 -0.740905
vn 0.178909 -0.439117 -0.880436
vn 0.178909 -0.439117 -0.880436
vn 0.178909 -0.439117 -0.880436
vn 0.193768 -0.446527 -0.873537
vn 0.193768 -0.446527 -0.873537
vn 0.193768 -0.446527 -0.873537
vn -0.196935 -0.148254 -0.969143
vn -0.196935 -0.148254 -0.969143
vn -0.196935 -0.148254 -0.969143
vn -0.192986 -0.146491 -0.970205
vn -0.192986 -0.146491 -0.970205
vn -0.192986 -0.146491 -0.970205
vn -0.206137 -0.853883 -0.477903
vn -0.206137 -0.853883 -0.477903
vn -0.206137 -0.853883 -0.477903
vn -0.119761 -0.833164 -0.539903
vn -0.119761 -0.833164 -0.539903
vn -0.119761 -0.833164 -0.539903
vn -0.549193 -0.151081 -0.821925
vn -0.549193 -0.151081 -0.821925
vn -0.549193 -0.151081 -0.821925
vn -0.549193 -0.151082 -0.821925
vn -0.549193 -0.151082 -0.821925
vn -0.549193 -0.151082 -0.821925
vn -0.287897 -0.855258 -0.430870
vn -0.287897 -0.855258 -0.430870
vn -0.287897 -0.855258 -0.430870
vn -0.287898 -0.855259 -0.430867
vn -0.287898 -0.855259 -0.430867
vn -0.287898 -0.855259 -0.430867
vn -0.418198 -0.864308 -0.279432
vn -0.418198 -0.864308 -0.279432
vn -0.418198 -0.864308 -0.279432
vn -0.418198 -0.864308 -0.279431
vn -0.418198 -0.864308 -0.279431
vn -0.418198 -0.864308 -0.279431
vn -0.821633 -0.153357 -0.548999
vn -0.821633 -0.153357 -0.548999
vn -0.821633 -0.153357 -0.548999
vn -0.821635 -0.153358 -0.548997
vn -0.821635 -0.153358 -0.548997
vn -0.821635 -0.153358 -0.548997
vn -0.964553 -0.181183 -0.191860
vn -0.964553 -0.181183 -0.191860
vn -0.964553 -0.181183 -0.191860
vn -0.955956 -0.155890 -0.248688
vn -0.955956 -0.155890 -0.248688
vn -0.955956 -0.155890 -0.248688
vn -0.485511 -0.868880 -0.096573
vn -0.485511 -0.868880 -0.096573
vn -0.485511 -0.868880 -0.096573
vn -0.485511 -0.868880 -0.096573
vn -0.485511 -0.868880 -0.096573
vn -0.485511 -0.868880 -0.096573
vn -0.968995 -0.154588 0.192745
vn -0.968995 -0.154588 0.192745
vn -0.968995 -0.154588 0.192745
vn -0.952182 -0.178859 0.247707
vn -0.952182 -0.178859 0.247707
vn -0.952182 -0.178859 0.247707
vn -0.485511 -0.868880 0.096574
vn -0.485511 -0.868880 0.096574
vn -0.485511 -0.868880 0.096574
vn -0.485511 -0.868880 0.096573
vn -0.485511 -0.868880 0.096573
vn -0.485511 -0.868880 0.096573
vn -0.418198 -0.864308 0.279431
vn -0.418198 -0.864308 0.279431
vn -0.418198 -0.864308 0.279431
vn -0.418198 -0.864308 0.279431
vn -0.418198 -0.864308 0.279431
vn -0.418198 -0.864308 0.279431
vn -0.821634 -0.153357 0.548998
vn -0.821634 -0.153357 0.548998
vn -0.821634 -0.153357 0.548998
vn -0.821633 -0.153357 0.548999
vn -0.821633 -0.153357 0.548999
vn -0.821633 -0.153357 0.548999
vn -0.287896 -0.855259 0.430868
vn -0.287896 -0.855259 0.430868
vn -0.287896 -0.855259 0.430868
vn -0.287897 -0.855259 0.430869
vn -0.287897 -0.855259 0.430869
vn -0.287897 -0.855259 0.430869
vn -0.549193 -0.151082 0.821926
vn -0.549193 -0.151082 0.821926
vn -0.549193 -0.151082 0.821926
vn -0.549193 -0.151081 0.821926
vn -0.549193 -0.151081 0.821926
vn -0.549193 -0.151081 0.821926
vn -0.196989 -0.146373 0.969417
vn -0.196989 -0.146373 0.969417
vn -0.196989 -0.146373 0.969417
vn -0.192939 -0.148105 0.969969
vn -0.192939 -0.148105 0.969969
vn -0.192939 -0.148105 0.969969
vn -0.228371 -0.817028 0.529445
vn -0.228371 -0.817028 0.529445
vn -0.228371 -0.817028 0.529445
vn -0.116173 -0.843924 0.523733
vn -0.116173 -0.843924 0.523733
vn -0.116173 -0.843924 0.523733
vn -0.194701 -0.437778 0.877748
vn -0.194701 -0.437778 0.877748
vn -0.194701 -0.437778 0.877748
vn -0.178340 -0.444912 0.877638
vn -0.178340 -0.444912 0.877638
vn -0.178340 -0.444912 0.877638
vn -0.495056 -0.453849 0.740905
vn -0.495056 -0.453849 0.740905
vn -0.495056 -0.453849 0.740905
vn -0.495056 -0.453850 0.740905
vn -0.495056 -0.453850 0.740905
vn -0.495056 -0.453850 0.740905
vn -0.737893 -0.460889 0.493046
vn -0.737893 -0.460889 0.493046
vn -0.737893 -0.460889 0.493046
vn -0.737893 -0.460888 0.493047
vn -0.737893 -0.460888 0.493047
vn -0.737893 -0.460888 0.493047
vn -0.868474 -0.464663 0.172746
vn -0.868474 -0.464663 0.172746
vn -0.868474 -0.464663 0.172746
vn -0.868473 -0.464664 0.172750
vn -0.868473 -0.464664 0.172750
vn -0.868473 -0.464664 0.172750
vn -0.868473 -0.464664 -0.172749
vn -0.868473 -0.464664 -0.172749
vn -0.868473 -0.464664 -0.172749
vn -0.868473 -0.464663 -0.172749
vn -0.868473 -0.464663 -0.172749
vn -0.868473 -0.464663 -0.172749
vn -0.737893 -0.460889 -0.493046
vn -0.737893 -0.460889 -0.493046
vn -0.737893 -0.460889 -0.493046
vn -0.737893 -0.460889 -0.493046
vn -0.737893 -0.460889 -0.493046
vn -0.737893 -0.460889 -0.493046
vn -0.495058 -0.453850 -0.740903
vn -0.495058 -0.453850 -0.740903
vn -0.495058 -0.453850 -0.740903
vn -0.495057 -0.453849 -0.740904
vn -0.495057 -0.453849 -0.740904
vn -0.495057 -0.453849 -0.740904
vn -0.193768 -0.446527 -0.873538
vn -0.193768 -0.446527 -0.873538
vn -0.193768 -0.446527 -0.873538
vn -0.178909 -0.439117 -0.880436
vn -0.178909 -0.439117 -0.880436
vn -0.178909 -0.439117 -0.880436
vn -0.000000 -0.149298 -0.988792
vn -0.000000 -0.149298 -0.988792
vn -0.000000 -0.149298 -0.988792
vn -0.000000 -0.149298 -0.988792
vn -0.000000 -0.149298 -0.988792
vn -0.000000 -0.149298 -0.988792
vn 0.000000 -0.446319 -0.894874
vn 0.000000 -0.446319 -0.894874
vn 0.000000 -0.446319 -0.894874
vn -0.000000 -0.446319 -0.894874
vn -0.000000 -0.446319 -0.894874
vn -0.000000 -0.446319 -0.894874
vn -0.000000 -0.839204 -0.543817
vn -0.000000 -0.839204 -0.543817
vn -0.000000 -0.839204 -0.543817
vn 0.000000 -0.839203 -0.543817
vn 0.000000 -0.839203 -0.543817
vn 0.000000 -0.839203 -0.543817
vn -0.000000 -0.149299 0.988792
vn -0.000000 -0.149299 0.988792
vn -0.000000 -0.149299 0.988792
vn -0.000000 -0.149298 0.988792
vn -0.000000 -0.149298 0.988792
vn -0.000000 -0.149298 0.988792
vn -0.000000 -0.446319 0.894874
vn -0.000000 -0.446319 0.894874
vn -0.000000 -0.446319 0.894874
vn 0.000000 -0.446319 0.894874
vn 0.000000 -0.446319 0.894874
vn 0.000000 -0.446319 0.894874
vn 0.000000 -0.839204 0.543817
vn 0.000000 -0.839204 0.543817
vn 0.000000 -0.839204 0.543817
vn -0.000000 -0.839204 0.543817
vn -0.000000 -0.839204 0.543817
vn -0.000000 -0.839204 0.543817
vn -0.000000 -1.000000 0.000000
vn -0.000000 -1.000000 0.000000
vn -0.000000 -1.000000 0.000000
vn -0.000000 1.000000 0.000000
vn -0.000000 1.000000 0.000000
vn -0.000000 1.000000 0.000000
vn -1.000000 0.000000 0.000000
vn -1.000000 0.000000 0.000000
vn -1.000000 0.000000 0.000000
vn -1.000000 0.000000 0.000000
vn -1.000000 0.000000 0.000000
vn -1.000000 0.000000 0.000000
vn 1.000000 0.000000 0.000000
vn 1.000000 0.000000 0.000000
vn 1.000000 0.000000 0.000000
vn 1.000000 0.000000 0.000000
vn 1.000000 0.000000 0.000000
vn 1.000000 0.000000 0.000000
vn -0.000000 1.000000 0.000000
vn -0.000000 1.000000 0.000000
vn -0.000000 1.000000 0.000000
vn -0.000000 -1.000000 0.000000
vn -0.000000 -1.000000 0.000000
vn -0.000000 -1.000000 0.000000
vn -0.000000 -1.000000 0.000000
vn -0.000000 -1.000000 0.000000
vn -0.000000 -1.000000 0.000000
vn -0.000000 -1.000000 0.000000
vn -0.000000 -1.000000 0.000000
vn -0.000000 -1.000000 0.000000
vn -0.000000 -1.000000 0.000000
vn -0.000000 -1.000000 0.000000
vn -0.000000 -1.000000 0.000000
vn -0.000000 -1.000000 0.000000
vn -0.000000 -1.000000 0.000000
vn -0.000000 -1.000000 0.000000
vn -0.000000 -1.000000 0.000000
vn -0.000000 -1.000000 0.000000
vn -0.000000 -1.000000 0.000000
vn 0.000000 -1.000000 0.000000
vn 0.000000 -1.000000 0.000000
vn 0.000000 -1.000000 0.000000
vn -0.000000 -1.000000 0.000000
vn -0.000000 -1.000000 0.000000
vn -0.000000 -1.000000 0.000000
vn -0.000000 -1.000000 0.000000
vn -0.000000 -1.000000 0.000000
vn -0.000000 -1.000000 0.000000
vn -0.000000 -1.000000 0.000000
vn -0.000000 -1.000000 0.000000
vn -0.000000 -1.000000 0.000000
vn 0.000001 -1.000000 0.000000
vn 0.000001 -1.000000 0.000000
vn 0.000001 -1.000000 0.000000
vn 0.000001 -1.000000 0.000000
vn 0.000001 -1.000000 0.000000
vn 0.000001 -1.000000 0.000000
vn -0.000001 -1.000000 0.000000
vn -0.000001 -1.000000 0.000000
vn -0.000001 -1.000000 0.000000
vn 0.000001 -1.000000 0.000000
vn 0.000001 -1.000000 0.000000
vn 0.000001 -1.000000 0.000000
vn 0.000000 -1.000000 0.000000
vn 0.000000 -1.000000 0.000000
vn 0.000000 -1.000000 0.000000
vn -0.000000 -1.000000 0.000000
vn -0.000000 -1.000000 0.000000
vn -0.000000 -1.000000 0.000000
vn -0.000000 -1.000000 0.000000
vn -0.000000 -1.000000 0.000000
vn -0.000000 -1.000000 0.000000
vn 0.000001 -1.000000 0.000000
vn 0.000001 -1.000000 0.000000
vn 0.000001 -1.000000 0.000000
vn -0.000001 -1.000000 0.000000
vn -0.000001 -1.000000 0.000000
vn -0.000001 -1.000000 0.000000
vn -0.000001 -1.000000 0.000000
vn -0.000001 -1.000000 0.000000
vn -0.000001 -1.000000 0.000000
vn -0.000001 -1.000000 0.000000
vn -0.000001 -1.000000 0.000000
vn -0.000001 -1.000000 0.000000
vn 0.000001 -1.000000 0.000000
vn 0.000001 -1.000000 0.000000
vn 0.000001 -1.000000 0.000000
vn -0.000000 -1.000000 0.000000
vn -0.000000 -1.000000 0.000000
vn -0.000000 -1.000000 0.000000
vn -0.000001 -1.000000 0.000000
vn -0.000001 -1.000000 0.000000
vn -0.000001 -1.000000 0.000000
vn -0.000000 -1.000000 0.000000
vn -0.000000 -1.000000 0.000000
vn -0.000000 -1.000000 0.000000
vn 0.000000 -1.000000 0.000000
vn 0.000000 -1.000000 0.000000
vn 0.000000 -1.000000 0.000000
vn -0.000000 -1.000000 0.000000
vn -0.000000 -1.000000 0.000000
vn -0.000000 -1.000000 0.000000
vn -0.000000 -1.000000 0.000000
vn -0.000000 -1.000000 0.000000
vn -0.000000 -1.000000 0.000000
vn -0.000000 -1.000000 0.000000
vn -0.000000 -1.000000 0.000000
vn -0.000000 -1.000000 0.000000
vn -0.000001 -1.000000 0.000000
vn -0.000001 -1.000000 0.000000
vn -0.000001 -1.000000 0.000000
vn -0.000000 1.000000 0.000000
vn -0.000000 1.000000 0.000000
vn -0.000000 1.000000 0.000000
vn -0.000000 1.000000 0.000000
vn -0.000000 1.000000 0.000000
vn -0.000000 1.000000 0.000000
vn -0.000000 1.000000 0.000000
vn -0.000000 1.000000 0.000000
vn -0.000000 1.000000 0.000000
vn 0.000000 1.000000 0.000000
vn 0.000000 1.000000 0.000000
vn 0.000000 1.000000 0.000000
vn -0.000000 1.000000 0.000000
vn -0.000000 1.000000 0.000000
vn -0.000000 1.000000 0.000000
vn -0.000000 1.000000 0.000000
vn -0.000000 1.000000 0.000000
vn -0.000000 1.000000 0.000000
vn -0.000000 1.000000 0.000000
vn -0.000000 1.000000 0.000000
vn -0.000000 1.000000 0.000000
vn -0.000000 1.000000 0.000000
vn -0.000000 1.000000 0.000000
vn -0.000000 1.000000 0.000000
vn -0.000000 1.000000 0.000000
vn -0.000000 1.000000 0.000000
vn -0.000000 1.000000 0.000000
vn 0.000000 1.000000 -0.000000
vn 0.000000 1.000000 -0.000000
vn 0.000000 1.000000 -0.000000
vn -0.000000 1.000000 0.000000
vn -0.000000 1.000000 0.000000
vn -0.000000 1.000000 0.000000
vn -0.000000 1.000000 0.000000
vn -0.000000 1.000000 0.000000
vn -0.000000 1.000000 0.000000
vn 0.000001 1.000000 0.000000
vn 0.000001 1.000000 0.000000
vn 0.000001 1.000000 0.000000
vn 0.000000 1.000000 0.000000
vn 0.000000 1.000000 0.000000
vn 0.000000 1.000000 0.000000
vn 0.000000 1.000000 0.000000
vn 0.000000 1.000000 0.000000
vn 0.000000 1.000000 0.000000
vn -0.000000 1.000000 0.000000
vn -0.000000 1.000000 0.000000
vn -0.000000 1.000000 0.000000
vn -0.000000 1.000000 0.000000
vn -0.000000 1.000000 0.000000
vn -0.000000 1.000000 0.000000
vn -0.000000 1.000000 0.000000
vn -0.000000 1.000000 0.000000
vn -0.000000 1.000000 0.000000
vn 0.000000 1.000000 0.000000
vn 0.000000 1.000000 0.000000
vn 0.000000 1.000000 0.000000
vn 0.000001 1.000000 0.000000
vn 0.000001 1.000000 0.000000
vn 0.000001 1.000000 0.000000
vn -0.000001 1.000000 0.000000
vn -0.000001 1.000000 0.000000
vn -0.000001 1.000000 0.000000
vn -0.000000 1.000000 0.000000
vn -0.000000 1.000000 0.000000
vn -0.000000 1.000000 0.000000
vn 0.000001 1.000000 0.000000
vn 0.000001 1.000000 0.000000
vn 0.000001 1.000000 0.000000
vn 0.000000 1.000000 0.000000
vn 0.000000 1.000000 0.000000
vn 0.000000 1.000000 0.000000
vn -0.000000 1.000000 0.000000
vn -0.000000 1.000000 0.000000
vn -0.000000 1.000000 0.000000
vn 0.000000 -1.000000 0.000000
vn 0.000000 -1.000000 0.000000
vn 0.000000 -1.000000 0.000000
vn 0.000000 -1.000000 0.000000
vn 0.000000 -1.000000 0.000000
vn 0.000000 -1.000000 0.000000
vn -0.000000 -1.000000 0.000000
vn -0.000000 -1.000000 0.000000
vn -0.000000 -1.000000 0.000000
vn -0.000002 -1.000000 0.000000
vn -0.000002 -1.000000 0.000000
vn -0.000002 -1.000000 0.000000
vn -0.000001 -1.000000 0.000000
vn -0.000001 -1.000000 0.000000
vn -0.000001 -1.000000 0.000000
vn 0.000000 -1.000000 0.000000
vn 0.000000 -1.000000 0.000000
vn 0.000000 -1.000000 0.000000
vn 0.000000 -1.000000 0.000000
vn 0.000000 -1.000000 0.000000
vn 0.000000 -1.000000 0.000000
vn -0.000000 -1.000000 0.000000
vn -0.000000 -1.000000 0.000000
vn -0.000000 -1.000000 0.000000
vn -0.000000 -1.000000 0.000000
vn -0.000000 -1.000000 0.000000
vn -0.000000 -1.000000 0.000000
vn -0.000001 -1.000000 0.000000
vn -0.000001 -1.000000 0.000000
vn -0.000001 -1.000000 0.000000
vn 0.000001 -1.000000 0.000000
vn 0.000001 -1.000000 0.000000
vn 0.000001 -1.000000 0.000000
vn -0.000001 -1.000000 0.000000
vn -0.000001 -1.000000 0.000000
vn -0.000001 -1.000000 0.000000
vn 0.000002 -1.000000 0.000000
vn 0.000002 -1.000000 0.000000
vn 0.000002 -1.000000 0.000000
vn -0.000000 -1.000000 0.000000
vn -0.000000 -1.000000 0.000000
vn -0.000000 -1.000000 0.000000
vn -0.000000 -1.000000 0.000000
vn -0.000000 -1.000000 0.000000
vn -0.000000 -1.000000 0.000000
vn -0.000000 1.000000 0.000000
vn -0.000000 1.000000 0.000000
vn -0.000000 1.000000 0.000000
vn -0.000000 1.000000 0.000000
vn -0.000000 1.000000 0.000000
vn -0.000000 1.000000 0.000000
vn 0.000001 1.000000 0.000000
vn 0.000001 1.000000 0.000000
vn 0.000001 1.000000 0.000000
vn -0.000000 1.000000 0.000000
vn -0.000000 1.000000 0.000000
vn -0.000000 1.000000 0.000000
vn -0.000000 1.000000 0.000000
vn -0.000000 1.000000 0.000000
vn -0.000000 1.000000 0.000000
vn -0.000000 1.000000 0.000000
vn -0.000000 1.000000 0.000000
vn -0.000000 1.000000 0.000000
vn -0.000000 1.000000 0.000000
vn -0.000000 1.000000 0.000000
vn -0.000000 1.000000 0.000000
vn -0.000000 1.000000 0.000000
vn -0.000000 1.000000 0.000000
vn -0.000000 1.000000 0.000000
vn 0.000000 1.000000 0.000000
vn 0.000000 1.000000 0.000000
vn 0.000000 1.000000 0.000000
vn 0.000000 1.000000 0.000000
vn 0.000000 1.000000 0.000000
vn 0.000000 1.000000 0.000000
vn -0.000000 1.000000 0.000000
vn -0.000000 1.000000 0.000000
vn -0.000000 1.000000 0.000000
vn -0.000000 1.000000 0.000000
vn -0.000000 1.000000 0.000000
vn -0.000000 1.000000 0.000000
vn 0.000000 1.000000 0.000000
vn 0.000000 1.000000 0.000000
vn 0.000000 1.000000 0.000000
vn -0.000001 1.000000 0.000000
vn -0.000001 1.000000 0.000000
vn -0.000001 1.000000 0.000000
vn -0.000000 1.000000 0.000000
vn -0.000000 1.000000 0.000000
vn -0.000000 1.000000 0.000000
vn 0.000001 1.000000 0.000000
vn 0.000001 1.000000 0.000000
vn 0.000001 1.000000 0.000000
vn 0.382684 0.000000 -0.923880
vn 0.382684 0.000000 -0.923880
vn 0.382684 0.000000 -0.923880
vn 0.382684 0.000000 -0.923879
vn 0.382684 0.000000 -0.923879
vn 0.382684 0.000000 -0.923879
vn 0.923880 0.000000 0.382683
vn 0.923880 0.000000 0.382683
vn 0.923880 0.000000 0.382683
vn 0.923879 0.000000 0.382684
vn 0.923879 0.000000 0.382684
vn 0.923879 0.000000 0.382684
vn -0.382683 0.000000 0.923880
vn -0.382683 0.000000 0.923880
vn -0.382683 0.000000 0.923880
vn -0.382684 0.000000 0.923879
vn -0.382684 0.000000 0.923879
vn -0.382684 0.000000 0.923879
vn -0.923880 0.000000 -0.382683
vn -0.923880 0.000000 -0.382683
vn -0.923880 0.000000 -0.382683
vn -0.923880 0.000000 -0.382683
vn -0.923880 0.000000 -0.382683
vn -0.923880 0.000000 -0.382683
vn 0.923880 0.000000 -0.382684
vn 0.923880 0.000000 -0.382684
vn 0.923880 0.000000 -0.382684
vn 0.923880 0.000000 -0.382683
vn 0.923880 0.000000 -0.382683
vn 0.923880 0.000000 -0.382683
vn -0.382683 0.000000 -0.923880
vn -0.382683 0.000000 -0.923880
vn -0.382683 0.000000 -0.923880
vn -0.382684 0.000000 -0.923879
vn -0.382684 0.000000 -0.923879
vn -0.382684 0.000000 -0.923879
vn 0.382683 0.000000 0.923879
vn 0.382683 0.000000 0.923879
vn 0.382683 0.000000 0.923879
vn 0.382684 0.000000 0.923879
vn 0.382684 0.000000 0.923879
vn 0.382684 0.000000 0.923879
vn -0.923880 0.000000 0.382684
vn -0.923880 0.000000 0.382684
vn -0.923880 0.000000 0.382684
vn -0.923879 0.000000 0.382684
vn -0.923879 0.000000 0.382684
vn -0.923879 0.000000 0.382684
vn 0.983017 -0.183516 0.000001
vn 0.983017 -0.183516 0.000001
vn 0.983017 -0.183516 0.000001
vn 0.983017 -0.183516 0.000000
vn 0.983017 -0.183516 0.000000
vn 0.983017 -0.183516 0.000000
vn 0.983017 -0.183516 -0.000001
vn 0.983017 -0.183516 -0.000001
vn 0.983017 -0.183516 -0.000001
vn 0.983017 -0.183516 0.000000
vn 0.983017 -0.183516 0.000000
vn 0.983017 -0.183516 0.000000
vn 0.983017 -0.183516 -0.000001
vn 0.983017 -0.183516 -0.000001
vn 0.983017 -0.183516 -0.000001
vn 0.983017 -0.183517 -0.000001
vn 0.983017 -0.183517 -0.000001
vn 0.983017 -0.183517 -0.000001
vn 0.983017 -0.183516 0.000000
vn 0.983017 -0.183516 0.000000
vn 0.983017 -0.183516 0.000000
vn 0.983017 -0.183516 0.000000
vn 0.983017 -0.183516 0.000000
vn 0.983017 -0.183516 0.000000
vn 0.070281 0.376469 0.923760
vn 0.070281 0.376469 0.923760
vn 0.070281 0.376469 0.923760
vn 0.070281 0.376469 0.923760
vn 0.070281 0.376469 0.923760
vn 0.070281 0.376469 0.923760
vn 0.169524 0.908071 -0.382975
vn 0.169524 0.908071 -0.382975
vn 0.169524 0.908071 -0.382975
vn 0.169526 0.908071 -0.382972
vn 0.169526 0.908071 -0.382972
vn 0.169526 0.908071 -0.382972
vn -0.169566 -0.908308 -0.382392
vn -0.169566 -0.908308 -0.382392
vn -0.169566 -0.908308 -0.382392
vn -0.169576 -0.908306 -0.382394
vn -0.169576 -0.908306 -0.382394
vn -0.169576 -0.908306 -0.382394
vn -0.070175 -0.375897 0.924001
vn -0.070175 -0.375897 0.924001
vn -0.070175 -0.375897 0.924001
vn -0.070176 -0.375900 0.923999
vn -0.070176 -0.375900 0.923999
vn -0.070176 -0.375900 0.923999
vn 0.169568 0.908307 0.382393
vn 0.169568 0.908307 0.382393
vn 0.169568 0.908307 0.382393
vn 0.169568 0.908307 0.382394
vn 0.169568 0.908307 0.382394
vn 0.169568 0.908307 0.382394
vn 0.070176 0.375899 -0.924000
vn 0.070176 0.375899 -0.924000
vn 0.070176 0.375899 -0.924000
vn 0.070175 0.375900 -0.923999
vn 0.070175 0.375900 -0.923999
vn 0.070175 0.375900 -0.923999
vn -0.070282 -0.376471 -0.923759
vn -0.070282 -0.376471 -0.923759
vn -0.070282 -0.376471 -0.923759
vn -0.070282 -0.376469 -0.923760
vn -0.070282 -0.376469 -0.923760
vn -0.070282 -0.376469 -0.923760
vn -0.169522 -0.908072 0.382972
vn -0.169522 -0.908072 0.382972
vn -0.169522 -0.908072 0.382972
vn -0.169531 -0.908069 0.382974
vn -0.169531 -0.908069 0.382974
vn -0.169531 -0.908069 0.382974
vn -0.070282 -0.376470 -0.923759
vn -0.070282 -0.376470 -0.923759
vn -0.070282 -0.376470 -0.923759
vn -0.070281 -0.376470 -0.923759
vn -0.070281 -0.376470 -0.923759
vn -0.070281 -0.376470 -0.923759
vn 0.070175 0.375898 -0.924000
vn 0.070175 0.375898 -0.924000
vn 0.070175 0.375898 -0.924000
vn 0.070175 0.375899 -0.923999
vn 0.070175 0.375899 -0.923999
vn 0.070175 0.375899 -0.923999
vn 0.169527 0.908070 -0.382975
vn 0.169527 0.908070 -0.382975
vn 0.169527 0.908070 -0.382975
vn 0.169523 0.908071 -0.382973
vn 0.169523 0.908071 -0.382973
vn 0.169523 0.908071 -0.382973
vn 0.169568 0.908307 0.382393
vn 0.169568 0.908307 0.382393
vn 0.169568 0.908307 0.382393
vn 0.169570 0.908307 0.382392
vn 0.169570 0.908307 0.382392
vn 0.169570 0.908307 0.382392
vn -0.070175 -0.375898 0.924000
vn -0.070175 -0.375898 0.924000
vn -0.070175 -0.375898 0.924000
vn -0.070175 -0.375900 0.923999
vn -0.070175 -0.375900 0.923999
vn -0.070175 -0.375900 0.923999
vn -0.169526 -0.908070 0.382974
vn -0.169526 -0.908070 0.382974
vn -0.169526 -0.908070 0.382974
vn -0.169524 -0.908071 0.382973
vn -0.169524 -0.908071 0.382973
vn -0.169524 -0.908071 0.382973
vn -0.169571 -0.908307 -0.382392
vn -0.169571 -0.908307 -0.382392
vn -0.169571 -0.908307 -0.382392
vn -0.169568 -0.908307 -0.382393
vn -0.169568 -0.908307 -0.382393
vn -0.169568 -0.908307 -0.382393
vn 0.070281 0.376470 0.923759
vn 0.070281 0.376470 0.923759
vn 0.070281 0.376470 0.923759
vn 0.070282 0.376469 0.923759
vn 0.070282 0.376469 0.923759
vn 0.070282 0.376469 0.923759
vn -0.983016 0.183517 0.000003
vn -0.983016 0.183517 0.000003
vn -0.983016 0.183517 0.000003
vn -0.983017 0.183516 0.000000
vn -0.983017 0.183516 0.000000
vn -0.983017 0.183516 0.000000
vn -0.983017 0.183517 0.000000
vn -0.983017 0.183517 0.000000
vn -0.983017 0.183517 0.000000
vn -0.983017 0.183516 0.000000
vn -0.983017 0.183516 0.000000
vn -0.983017 0.183516 0.000000
vn -0.983017 0.183517 0.000001
vn -0.983017 0.183517 0.000001
vn -0.983017 0.183517 0.000001
vn -0.983017 0.183516 0.000000
vn -0.983017 0.183516 0.000000
vn -0.983017 0.183516 0.000000
vn -0.983017 0.183516 0.000003
vn -0.983017 0.183516 0.000003
vn -0.983017 0.183516 0.000003
vn -0.983017 0.183516 -0.000005
vn -0.983017 0.183516 -0.000005
vn -0.983017 0.183516 -0.000005
vn -0.983017 0.183517 0.000000
vn -0.983017 0.183517 0.000000
vn -0.983017 0.183517 0.000000
vn -0.983017 0.183516 0.000000
vn -0.983017 0.183516 0.000000
vn -0.983017 0.183516 0.000000
vn -0.983017 0.183517 -0.000002
vn -0.983017 0.183517 -0.000002
vn -0.983017 0.183517 -0.000002
vn -0.983017 0.183516 0.000001
vn -0.983017 0.183516 0.000001
vn -0.983017 0.183516 0.000001
vn -0.983017 0.183516 -0.000002
vn -0.983017 0.183516 -0.000002
vn -0.983017 0.183516 -0.000002
vn -0.983016 0.183517 0.000001
vn -0.983016 0.183517 0.000001
vn -0.983016 0.183517 0.000001
vn -0.983017 0.183516 -0.000003
vn -0.983017 0.183516 -0.000003
vn -0.983017 0.183516 -0.000003
vn -0.983017 0.183516 0.000002
vn -0.983017 0.183516 0.000002
vn -0.983017 0.183516 0.000002
vn -0.983017 0.183516 -0.000000
vn -0.983017 0.183516 -0.000000
vn -0.983017 0.183516 -0.000000
vn -0.983017 0.183516 0.000000
vn -0.983017 0.183516 0.000000
vn -0.983017 0.183516 0.000000
vn -0.983017 0.183516 0.000001
vn -0.983017 0.183516 0.000001
vn -0.983017 0.183516 0.000001
vn -0.983017 0.183516 0.000000
vn -0.983017 0.183516 0.000000
vn -0.983017 0.183516 0.000000
vn -0.983017 0.183516 -0.000001
vn -0.983017 0.183516 -0.000001
vn -0.983017 0.183516 -0.000001
vn -0.983017 0.183517 0.000000
vn -0.983017 0.183517 0.000000
vn -0.983017 0.183517 0.000000
vn -0.983017 0.183516 0.000001
vn -0.983017 0.183516 0.000001
vn -0.983017 0.183516 0.000001
vn -0.983017 0.183516 -0.000001
vn -0.983017 0.183516 -0.000001
vn -0.983017 0.183516 -0.000001
vn -0.000000 1.000000 0.000000
vn -0.000000 1.000000 0.000000
vn -0.000000 1.000000 0.000000
vn -0.000000 1.000000 0.000000
vn -0.000000 1.000000 0.000000
vn -0.000000 1.000000 0.000000
vn -0.000000 1.000000 0.000000
vn -0.000000 1.000000 0.000000
vn -0.000000 1.000000 0.000000
vn 0.000001 1.000000 0.000000
vn 0.000001 1.000000 0.000000
vn 0.000001 1.000000 0.000000
vn -0.000000 1.000000 0.000000
vn -0.000000 1.000000 0.000000
vn -0.000000 1.000000 0.000000
vn -0.000000 1.000000 0.000000
vn -0.000000 1.000000 0.000000
vn -0.000000 1.000000 0.000000
vn 0.685237 0.246782 0.685237
vn 0.685237 0.246782 0.685237
vn 0.685237 0.246782 0.685237
vn 0.685237 0.246781 0.685237
vn 0.685237 0.246781 0.685237
vn 0.685237 0.246781 0.685237
vn -0.707107 0.000000 0.707107
vn -0.707107 0.000000 0.707107
vn -0.707107 0.000000 0.707107
vn -0.707107 0.000000 0.707107
vn -0.707107 0.000000 0.707107
vn -0.707107 0.000000 0.707107
vn -0.682773 -0.260083 -0.682773
vn -0.682773 -0.260083 -0.682773
vn -0.682773 -0.260083 -0.682773
vn -0.682772 -0.260083 -0.682773
vn -0.682772 -0.260083 -0.682773
vn -0.682772 -0.260083 -0.682773
vn 0.707107 -0.000000 -0.707107
vn 0.707107 -0.000000 -0.707107
vn 0.707107 -0.000000 -0.707107
vn 0.707107 -0.000000 -0.707107
vn 0.707107 -0.000000 -0.707107
vn 0.707107 -0.000000 -0.707107
vn -0.000000 -1.000000 0.000000
vn -0.000000 -1.000000 0.000000
vn -0.000000 -1.000000 0.000000
vn -0.000000 -1.000000 0.000000
vn -0.000000 -1.000000 0.000000
vn -0.000000 -1.000000 0.000000
vn -0.477195 -0.737950 -0.477195
vn -0.477195 -0.737950 -0.477195
vn -0.477195 -0.737950 -0.477195
vn -0.477196 -0.737949 -0.477195
vn -0.477196 -0.737949 -0.477195
vn -0.477196 -0.737949 -0.477195
vn 0.685236 0.246782 -0.685237
vn 0.685236 0.246782 -0.685237
vn 0.685236 0.246782 -0.685237
vn 0.685237 0.246781 -0.685237
vn 0.685237 0.246781 -0.685237
vn 0.685237 0.246781 -0.685237
vn 0.516457 0.683040 0.516457
vn 0.516457 0.683040 0.516457
vn 0.516457 0.683040 0.516457
vn 0.516457 0.683040 0.516457
vn 0.516457 0.683040 0.516457
vn 0.516457 0.683040 0.516457
vn 0.707107 0.000000 -0.707107
vn 0.707107 0.000000 -0.707107
vn 0.707107 0.000000 -0.707107
vn 0.707107 0.000000 -0.707107
vn 0.707107 0.000000 -0.707107
vn 0.707107 0.000000 -0.707107
vn -0.707107 -0.000000 0.707107
vn -0.707107 -0.000000 0.707107
vn -0.707107 -0.000000 0.707107
vn -0.707107 -0.000000 0.707107
vn -0.707107 -0.000000 0.707107
vn -0.707107 -0.000000 0.707107
vn -0.707107 0.000000 -0.707107
vn -0.707107 0.000000 -0.707107
vn -0.707107 0.000000 -0.707107
vn -0.707107 0.000000 -0.707107
vn -0.707107 0.000000 -0.707107
vn -0.707107 0.000000 -0.707107
vn -0.682772 -0.260083 0.682773
vn -0.682772 -0.260083 0.682773
vn -0.682772 -0.260083 0.682773
vn -0.682773 -0.260083 0.682773
vn -0.682773 -0.260083 0.682773
vn -0.682773 -0.260083 0.682773
vn 0.707107 -0.000000 0.707107
vn 0.707107 -0.000000 0.707107
vn 0.707107 -0.000000 0.707107
vn 0.707106 -0.000000 0.707107
vn 0.707106 -0.000000 0.707107
vn 0.707106 -0.000000 0.707107
vn -0.000000 -1.000000 0.000000
vn -0.000000 -1.000000 0.000000
vn -0.000000 -1.000000 0.000000
vn -0.000000 -1.000000 0.000000
vn -0.000000 -1.000000 0.000000
vn -0.000000 -1.000000 0.000000
vn -0.477196 -0.737949 0.477195
vn -0.477196 -0.737949 0.477195
vn -0.477196 -0.737949 0.477195
vn -0.477195 -0.737950 0.477195
vn -0.477195 -0.737950 0.477195
vn -0.477195 -0.737950 0.477195
vn 0.516457 0.683040 -0.516457
vn 0.516457 0.683040 -0.516457
vn 0.516457 0.683040 -0.516457
vn 0.516457 0.683040 -0.516457
vn 0.516457 0.683040 -0.516457
vn 0.516457 0.683040 -0.516457
vn 0.707107 0.000000 0.707107
vn 0.707107 0.000000 0.707107
vn 0.707107 0.000000 0.707107
vn 0.707107 -0.000000 0.707107
vn 0.707107 -0.000000 0.707107
vn 0.707107 -0.000000 0.707107
vn -0.707107 -0.000000 -0.707106
vn -0.707107 -0.000000 -0.707106
vn -0.707107 -0.000000 -0.707106
vn -0.707107 -0.000000 -0.707107
vn -0.707107 -0.000000 -0.707107
vn -0.707107 -0.000000 -0.707107
vn -0.685235 0.246781 -0.685238
vn -0.685235 0.246781 -0.685238
vn -0.685235 0.246781 -0.685238
vn -0.685237 0.246782 -0.685237
vn -0.685237 0.246782 -0.685237
vn -0.685237 0.246782 -0.685237
vn 0.707108 -0.000000 -0.707106
vn 0.707108 -0.000000 -0.707106
vn 0.707108 -0.000000 -0.707106
vn 0.707106 0.000000 -0.707107
vn 0.707106 0.000000 -0.707107
vn 0.707106 0.000000 -0.707107
vn 0.682773 -0.260083 0.682772
vn 0.682773 -0.260083 0.682772
vn 0.682773 -0.260083 0.682772
vn 0.682772 -0.260083 0.682773
vn 0.682772 -0.260083 0.682773
vn 0.682772 -0.260083 0.682773
vn -0.707106 0.000000 0.707107
vn -0.707106 0.000000 0.707107
vn -0.707106 0.000000 0.707107
vn -0.707107 0.000000 0.707107
vn -0.707107 0.000000 0.707107
vn -0.707107 0.000000 0.707107
vn -0.000000 -1.000000 0.000000
vn -0.000000 -1.000000 0.000000
vn -0.000000 -1.000000 0.000000
vn -0.000000 -1.000000 0.000000
vn -0.000000 -1.000000 0.000000
vn -0.000000 -1.000000 0.000000
vn 0.477195 -0.737949 0.477196
vn 0.477195 -0.737949 0.477196
vn 0.477195 -0.737949 0.477196
vn 0.477196 -0.737949 0.477195
vn 0.477196 -0.737949 0.477195
vn 0.477196 -0.737949 0.477195
vn -0.516457 0.683040 -0.516457
vn -0.516457 0.683040 -0.516457
vn -0.516457 0.683040 -0.516457
vn -0.516457 0.683040 -0.516457
vn -0.516457 0.683040 -0.516457
vn -0.516457 0.683040 -0.516457
vn -0.707107 -0.000000 0.707107
vn -0.707107 -0.000000 0.707107
vn -0.707107 -0.000000 0.707107
vn -0.707108 0.000001 0.707106
vn -0.707108 0.000001 0.707106
vn -0.707108 0.000001 0.707106
vn 0.707107 -0.000000 -0.707106
vn 0.707107 -0.000000 -0.707106
vn 0.707107 -0.000000 -0.707106
vn 0.707107 -0.000000 -0.707106
vn 0.707107 -0.000000 -0.707106
vn 0.707107 -0.000000 -0.707106
vn -0.685237 0.246782 0.685237
vn -0.685237 0.246782 0.685237
vn -0.685237 0.246782 0.685237
vn -0.685235 0.246781 0.685238
vn -0.685235 0.246781 0.685238
vn -0.685235 0.246781 0.685238
vn 0.707106 0.000000 0.707107
vn 0.707106 0.000000 0.707107
vn 0.707106 0.000000 0.707107
vn 0.707108 -0.000001 0.707106
vn 0.707108 -0.000001 0.707106
vn 0.707108 -0.000001 0.707106
vn 0.682772 -0.260083 -0.682773
vn 0.682772 -0.260083 -0.682773
vn 0.682772 -0.260083 -0.682773
vn 0.682773 -0.260083 -0.682772
vn 0.682773 -0.260083 -0.682772
vn 0.682773 -0.260083 -0.682772
vn -0.707107 0.000000 -0.707107
vn -0.707107 0.000000 -0.707107
vn -0.707107 0.000000 -0.707107
vn -0.707105 0.000000 -0.707109
vn -0.707105 0.000000 -0.707109
vn -0.707105 0.000000 -0.707109
vn -0.000000 -1.000000 0.000000
vn -0.000000 -1.000000 0.000000
vn -0.000000 -1.000000 0.000000
vn -0.000000 -1.000000 0.000000
vn -0.000000 -1.000000 0.000000
vn -0.000000 -1.000000 0.000000
vn 0.477196 -0.737949 -0.477195
vn 0.477196 -0.737949 -0.477195
vn 0.477196 -0.737949 -0.477195
vn 0.477195 -0.737949 -0.477196
vn 0.477195 -0.737949 -0.477196
vn 0.477195 -0.737949 -0.477196
vn -0.516457 0.683040 0.516457
vn -0.516457 0.683040 0.516457
vn -0.516457 0.683040 0.516457
vn -0.516457 0.683041 0.516457
vn -0.516457 0.683041 0.516457
vn -0.516457 0.683041 0.516457
vn -0.707108 0.000001 -0.707106
vn -0.707108 0.000001 -0.707106
vn -0.707108 0.000001 -0.707106
vn -0.707106 -0.000000 -0.707107
vn -0.707106 -0.000000 -0.707107
vn -0.707106 -0.000000 -0.707107
vn 0.707107 -0.000000 0.707106
vn 0.707107 -0.000000 0.707106
vn 0.707107 -0.000000 0.707106
vn 0.707108 -0.000000 0.707106
vn 0.707108 -0.000000 0.707106
vn 0.707108 -0.000000 0.707106

g Material
f 3/1/1 1/2/2 2/3/3
f 4/4/4 1/5/5 3/6/6
f 7/7/7 5/8/8 6/9/9
f 8/10/10 5/11/11 7/12/12
f 11/13/13 9/14/14 10/15/15
f 12/16/16 9/17/17 11/18/18
f 15/19/19 13/20/20 14/21/21
f 16/22/22 13/23/23 15/24/24
f 19/25/25 17/26/26 18/27/27
f 20/28/28 17/29/29 19/30/30
f 23/31/31 21/32/32 22/33/33
f 24/34/34 21/35/35 23/36/36
f 27/37/37 25/38/38 26/39/39
f 28/40/40 25/41/41 27/42/42
f 31/43/43 29/44/44 30/45/45
f 32/46/46 29/47/47 31/48/48
f 35/49/49 33/50/50 34/51/51
f 36/52/52 33/53/53 35/54/54
f 39/55/55 37/56/56 38/57/57
f 40/58/58 37/59/59 39/60/60
f 43/61/61 41/62/62 42/63/63
f 44/64/64 41/65/65 43/66/66
f 47/67/67 45/68/68 46/69/69
f 48/70/70 45/71/71 47/72/72
f 51/73/73 49/74/74 50/75/75
f 52/76/76 49/77/77 51/78/78
f 55/79/79 53/80/80 54/81/81
f 56/82/82 53/83/83 55/84/84
f 59/85/85 57/86/86 58/87/87
f 60/88/88 57/89/89 59/90/90
f 63/91/91 61/92/92 62/93/93
f 64/94/94 61/95/95 63/96/96
f 67/97/97 65/98/98 66/99/99
f 68/100/100 65/101/101 67/102/102
f 71/103/103 69/104/104 70/105/105
f 72/106/106 69/107/107 71/108/108
f 75/109/109 73/110/110 74/111/111
f 76/112/112 73/113/113 75/114/114
f 79/115/115 77/116/116 78/117/117
f 80/118/118 77/119/119 79/120/120
f 83/121/121 81/122/122 82/123/123
f 84/124/124 81/125/125 83/126/126
f 87/127/127 85/128/128 86/129/129
f 88/130/130 85/131/131 87/132/132
f 91/133/133 89/134/134 90/135/135
f 92/136/136 89/137/137 91/138/138
f 95/139/139 93/140/140 94/141/141
f 96/142/142 93/143/143 95/144/144
f 99/145/145 97/146/146 98/147/147
f 100/148/148 97/149/149 99/150/150
f 103/151/151 101/152/152 102/153/153
f 104/154/154 101/155/155 103/156/156
f 107/157/157 105/158/158 106/159/159
f 108/160/160 105/161/161 107/162/162
f 111/163/163 109/164/164 110/165/165
f 112/166/166 109/167/167 111/168/168
f 115/169/169 113/170/170 114/171/171
f 116/172/172 113/173/173 115/174/174
f 119/175/175 117/176/176 118/177/177
f 120/178/178 117/179/179 119/180/180
f 123/181/181 121/182/182 122/183/183
f 124/184/184 121/185/185 123/186/186
f 127/187/187 125/188/188 126/189/189
f 128/190/190 125/191/191 127/192/192
f 131/193/193 129/194/194 130/195/195
f 132/196/196 129/197/197 131/198/198
f 135/199/199 133/200/200 134/201/201
f 136/202/202 133/203/203 135/204/204
f 139/205/205 137/206/206 138/207/207
f 140/208/208 137/209/209 139/210/210
f 143/211/211 141/212/212 142/213/213
f 144/214/214 141/215/215 143/216/216
f 147/217/217 145/218/218 146/219/219
f 148/220/220 145/221/221 147/222/222
f 151/223/223 149/224/224 150/225/225
f 152/226/226 149/227/227 151/228/228
f 155/229/229 153/230/230 154/231/231
f 156/232/232 153/233/233 155/234/234
f 159/235/235 157/236/236 158/237/237
f 160/238/238 157/239/239 159/240/240
f 163/241/241 161/242/242 162/243/243
f 164/244/244 161/245/245 163/246/246
f 167/247/247 165/248/248 166/249/249
f 168/250/250 165/251/251 167/252/252
f 171/253/253 169/254/254 170/255/255
f 172/256/256 169/257/257 171/258/258
f 175/259/259 173/260/260 174/261/261
f 176/262/262 173/263/263 175/264/264
f 179/265/265 177/266/266 178/267/267
f 180/268/268 177/269/269 179/270/270
f 183/271/271 181/272/272 182/273/273
f 184/274/274 181/275/275 183/276/276
f 187/277/277 185/278/278 186/279/279
f 188/280/280 185/281/281 187/282/282
f 191/283/283 189/284/284 190/285/285
f 192/286/286 189/287/287 191/288/288
f 195/289/289 193/290/290 194/291/291
f 196/292/292 193/293/293 195/294/294
f 199/295/295 197/296/296 198/297/297
f 200/298/298 197/299/299 199/300/300
f 203/301/301 201/302/302 202/303/303
f 204/304/304 201/305/305 203/306/306
f 207/307/307 205/308/308 206/309/309
f 208/310/310 205/311/311 207/312/312
f 211/313/313 209/314/314 210/315/315
f 212/316/316 209/317/317 211/318/318
f 215/319/319 213/320/320 214/321/321
f 216/322/322 213/323/323 215/324/324
f 219/325/325 217/326/326 218/327/327
f 222/328/328 220/329/329 221/330/330
f 223/331/331 220/332/332 222/333/333
f 226/334/334 224/335/335 225/336/336
f 227/337/337 224/338/338 226/339/339
f 230/340/340 228/341/341 229/342/342
f 231/343/343 228/344/344 230/345/345
f 234/346/346 232/347/347 233/348/348
f 235/349/349 232/350/350 234/351/351
f 238/352/352 236/353/353 237/354/354
f 239/355/355 236/356/356 238/357/357
f 242/358/358 240/359/359 241/360/360
f 243/361/361 240/362/362 242/363/363
f 246/364/364 244/365/365 245/366/366
f 247/367/367 244/368/368 246/369/369
f 250/370/370 248/371/371 249/372/372
f 251/373/373 248/374/374 250/375/375
f 254/376/376 252/377/377 253/378/378
f 255/379/379 252/380/380 254/381/381
f 258/382/382 256/383/383 257/384/384
f 259/385/385 256/386/386 258/387/387
f 262/388/388 260/389/389 261/390/390
f 263/391/391 260/392/392 262/393/393
f 266/394/394 264/395/395 265/396/396
f 267/397/397 264/398/398 266/399/399
f 270/400/400 268/401/401 269/402/402
f 271/403/403 268/404/404 270/405/405
f 274/406/406 272/407/407 273/408/408
f 275/409/409 272/410/410 274/411/411
f 278/412/412 276/413/413 277/414/414
f 279/415/415 276/416/416 278/417/417
f 282/418/418 280/419/419 281/420/420
f 283/421/421 280/422/422 282/423/423
f 286/424/424 284/425/425 285/426/426
f 287/427/427 284/428/428 286/429/429
f 290/430/430 288/431/431 289/432/432
f 291/433/433 288/434/434 290/435/435
f 294/436/436 292/437/437 293/438/438
f 295/439/439 292/440/440 294/441/441
f 298/442/442 296/443/443 297/444/444
f 299/445/445 296/446/446 298/447/447
f 302/448/448 300/449/449 301/450/450
f 303/451/451 300/452/452 302/453/453
f 306/454/454 304/455/455 305/456/456
f 307/457/457 304/458/458 306/459/459
f 310/460/460 308/461/461 309/462/462
f 313/463/463 311/464/464 312/465/465
f 316/466/466 314/467/467 315/468/468
f 319/469/469 317/470/470 318/471/471
f 322/472/472 320/473/473 321/474/474
f 325/475/475 323/476/476 324/477/477
f 328/478/478 326/479/479 327/480/480
f 331/481/481 329/482/482 330/483/483
f 334/484/484 332/485/485 333/486/486
f 337/487/487 335/488/488 336/489/489
f 340/490/490 338/491/491 339/492/492
f 343/493/493 341/494/494 342/495/495
f 346/496/496 344/497/497 345/498/498
f 349/499/499 347/500/500 348/501/501
f 352/502/502 350/503/503 351/504/504
f 355/505/505 353/506/506 354/507/507
f 358/508/508 356/509/509 357/510/510
f 361/511/511 359/512/512 360/513/513
f 364/514/514 362/515/515 363/516/516
f 367/517/517 365/518/518 366/519/519
f 370/520/520 368/521/521 369/522/522
f 373/523/523 371/524/524 372/525/525
f 376/526/526 374/527/527 375/528/528
f 377/529/529 374/530/530 376/531/531
f 380/532/532 378/533/533 379/534/534
f 381/535/535 378/536/536 380/537/537
f 384/538/538 382/539/539 383/540/540
f 385/541/541 382/542/542 384/543/543
f 388/544/544 386/545/545 387/546/546
f 389/547/547 386/548/548 388/549/549
f 392/550/550 390/551/551 391/552/552
f 393/553/553 390/554/554 392/555/555
f 396/556/556 394/557/557 395/558/558
f 397/559/559 394/560/560 396/561/561
f 400/562/562 398/563/563 399/564/564
f 401/565/565 398/566/566 400/567/567
f 404/568/568 402/569/569 403/570/570
f 405/571/571 402/572/572 404/573/573
f 408/574/574 406/575/575 407/576/576
f 409/577/577 406/578/578 408/579/579
f 412/580/580 410/581/581 411/582/582
f 413/583/583 410/584/584 412/585/585
f 416/586/586 414/587/587 415/588/588
f 417/589/589 414/590/590 416/591/591
f 420/592/592 418/593/593 419/594/594
f 421/595/595 418/596/596 420/597/597
f 424/598/598 422/599/599 423/600/600
f 425/601/601 422/602/602 424/603/603
f 428/604/604 426/605/605 427/606/606
f 429/607/607 426/608/608 428/609/609
f 432/610/610 430/611/611 431/612/612
f 433/613/613 430/614/614 432/615/615
f 436/616/616 434/617/617 435/618/618
f 437/619/619 434/620/620 436/621/621
f 440/622/622 438/623/623 439/624/624
f 441/625/625 438/626/626 440/627/627
f 444/628/628 442/629/629 443/630/630
f 445/631/631 442/632/632 444/633/633
f 448/634/634 446/635/635 447/636/636
f 449/637/637 446/638/638 448/639/639
f 452/640/640 450/641/641 451/642/642
f 453/643/643 450/644/644 452/645/645
f 456/646/646 454/647/647 455/648/648
f 457/649/649 454/650/650 456/651/651
f 460/652/652 458/653/653 459/654/654
f 461/655/655 458/656/656 460/657/657
f 464/658/658 462/659/659 463/660/660
f 465/661/661 462/662/662 464/663/663
f 468/664/664 466/665/665 467/666/666
f 469/667/667 466/668/668 468/669/669
f 472/670/670 470/671/671 471/672/672
f 473/673/673 470/674/674 472/675/675
f 476/676/676 474/677/677 475/678/678
f 477/679/679 474/680/680 476/681/681
f 480/682/682 478/683/683 479/684/684
f 481/685/685 478/686/686 480/687/687
f 484/688/688 482/689/689 483/690/690
f 485/691/691 482/692/692 484/693/693
f 488/694/694 486/695/695 487/696/696
f 489/697/697 486/698/698 488/699/699
f 492/700/700 490/701/701 491/702/702
f 493/703/703 490/704/704 492/705/705
f 496/706/706 494/707/707 495/708/708
f 497/709/709 494/710/710 496/711/711
f 500/712/712 498/713/713 499/714/714
f 501/715/715 498/716/716 500/717/717
f 504/718/718 502/719/719 503/720/720
f 505/721/721 502/722/722 504/723/723
f 508/724/724 506/725/725 507/726/726
f 509/727/727 506/728/728 508/729/729
f 512/730/730 510/731/731 511/732/732
f 513/733/733 510/734/734 512/735/735
f 516/736/736 514/737/737 515/738/738
f 517/739/739 514/740/740 516/741/741
f 520/742/742 518/743/743 519/744/744
f 521/745/745 518/746/746 520/747/747
f 524/748/748 522/749/749 523/750/750
f 525/751/751 522/752/752 524/753/753
f 528/754/754 526/755/755 527/756/756
f 529/757/757 526/758/758 528/759/759
f 532/760/760 530/761/761 531/762/762
f 533/763/763 530/764/764 532/765/765
f 536/766/766 534/767/767 535/768/768
f 537/769/769 534/770/770 536/771/771
f 540/772/772 538/773/773 539/774/774
f 541/775/775 538/776/776 540/777/777
f 544/778/778 542/779/779 543/780/780
f 545/781/781 542/782/782 544/783/783
f 548/784/784 546/785/785 547/786/786
f 549/787/787 546/788/788 548/789/789
f 552/790/790 550/791/791 551/792/792
f 553/793/793 550/794/794 552/795/795
f 556/796/796 554/797/797 555/798/798
f 557/799/799 554/800/800 556/801/801
f 560/802/802 558/803/803 559/804/804
f 561/805/805 558/806/806 560/807/807
f 564/808/808 562/809/809 563/810/810
f 565/811/811 562/812/812 564/813/813
f 568/814/814 566/815/815 567/816/816
f 569/817/817 566/818/818 568/819/819
f 572/820/820 570/821/821 571/822/822
f 573/823/823 570/824/824 572/825/825
f 576/826/826 574/827/827 575/828/828
f 577/829/829 574/830/830 576/831/831
f 580/832/832 578/833/833 579/834/834
f 581/835/835 578/836/836 580/837/837
f 584/838/838 582/839/839 583/840/840
f 585/841/841 582/842/842 584/843/843
f 588/844/844 586/845/845 587/846/846
f 589/847/847 586/848/848 588/849/849
f 592/850/850 590/851/851 591/852/852
f 595/853/853 593/854/854 594/855/855
f 598/856/856 596/857/857 597/858/858
f 599/859/859 596/860/860 598/861/861
f 602/862/862 600/863/863 601/864/864
f 603/865/865 600/866/866 602/867/867
f 606/868/868 604/869/869 605/870/870
f 609/871/871 607/872/872 608/873/873
f 612/874/874 610/875/875 611/876/876
f 615/877/877 613/878/878 614/879/879
f 618/880/880 616/881/881 617/882/882
f 621/883/883 619/884/884 620/885/885
f 624/886/886 622/887/887 623/888/888
f 627/889/889 625/890/890 626/891/891
f 630/892/892 628/893/893 629/894/894
f 633/895/895 631/896/896 632/897/897
f 636/898/898 634/899/899 635/900/900
f 639/901/901 637/902/902 638/903/903
f 642/904/904 640/905/905 641/906/906
f 645/907/907 643/908/908 644/909/909
f 648/910/910 646/911/911 647/912/912
f 651/913/913 649/914/914 650/915/915
f 654/916/916 652/917/917 653/918/918
f 657/919/919 655/920/920 656/921/921
f 660/922/922 658/923/923 659/924/924
f 663/925/925 661/926/926 662/927/927
f 666/928/928 664/929/929 665/930/930
f 669/931/931 667/932/932 668/933/933
f 672/934/934 670/935/935 671/936/936
f 675/937/937 673/938/938 674/939/939
f 678/940/940 676/941/941 677/942/942
f 681/943/943 679/944/944 680/945/945
f 684/946/946 682/947/947 683/948/948
f 687/949/949 685/950/950 686/951/951
f 690/952/952 688/953/953 689/954/954
f 693/955/955 691/956/956 692/957/957
f 696/958/958 694/959/959 695/960/960
f 699/961/961 697/962/962 698/963/963
f 702/964/964 700/965/965 701/966/966
f 705/967/967 703/968/968 704/969/969
f 708/970/970 706/971/971 707/972/972
f 711/973/973 709/974/974 710/975/975
f 714/976/976 712/977/977 713/978/978
f 717/979/979 715/980/980 716/981/981
f 720/982/982 718/983/983 719/984/984
f 723/985/985 721/986/986 722/987/987
f 726/988/988 724/989/989 725/990/990
f 729/991/991 727/992/992 728/993/993
f 736/994/994 734/995/995 735/996/996
f 739/997/997 737/998/998 738/999/999
f 742/1000/1000 740/1001/1001 741/1002/1002
f 745/1003/1003 743/1004/1004 744/1005/1005
f 748/1006/1006 746/1007/1007 747/1008/1008
f 751/1009/1009 749/1010/1010 750/1011/1011
f 754/1012/1012 752/1013/1013 753/1014/1014
f 757/1015/1015 755/1016/1016 756/1017/1017
f 760/1018/1018 758/1019/1019 759/1020/1020
f 763/1021/1021 761/1022/1022 762/1023/1023
f 766/1024/1024 764/1025/1025 765/1026/1026
f 769/1027/1027 767/1028/1028 768/1029/1029
f 772/1030/1030 770/1031/1031 771/1032/1032
f 775/1033/1033 773/1034/1034 774/1035/1035
f 1126/1036/1036 1124/1037/1037 1125/1038/1038
f 1129/1039/1039 1127/1040/1040 1128/1041/1041
f 1132/1042/1042 1130/1043/1043 1131/1044/1044
f 1135/1045/1045 1133/1046/1046 1134/1047/1047
f 1138/1048/1048 1136/1049/1049 1137/1050/1050
f 1141/1051/1051 1139/1052/1052 1140/1053/1053
f 1144/1054/1054 1142/1055/1055 1143/1056/1056
f 1147/1057/1057 1145/1058/1058 1146/1059/1059
f 1150/1060/1060 1148/1061/1061 1149/1062/1062
f 1153/1063/1063 1151/1064/1064 1152/1065/1065
f 1156/1066/1066 1154/1067/1067 1155/1068/1068
f 1159/1069/1069 1157/1070/1070 1158/1071/1071
f 1162/1072/1072 1160/1073/1073 1161/1074/1074
f 1165/1075/1075 1163/1076/1076 1164/1077/1077
f 1168/1078/1078 1166/1079/1079 1167/1080/1080

g Material.001
f 732/1081/1081 730/1082/1082 731/1083/1083
f 733/1084/1084 730/1085/1085 732/1086/1086
f 778/1087/1087 776/1088/1088 777/1089/1089
f 779/1090/1090 776/1091/1091 778/1092/1092
f 782/1093/1093 780/1094/1094 781/1095/1095
f 783/1096/1096 780/1097/1097 782/1098/1098
f 786/1099/1099 784/1100/1100 785/1101/1101
f 787/1102/1102 784/1103/1103 786/1104/1104
f 790/1105/1105 788/1106/1106 789/1107/1107
f 791/1108/1108 788/1109/1109 790/1110/1110
f 794/1111/1111 792/1112/1112 793/1113/1113
f 795/1114/1114 792/1115/1115 794/1116/1116
f 798/1117/1117 796/1118/1118 797/1119/1119
f 799/1120/1120 796/1121/1121 798/1122/1122
f 802/1123/1123 800/1124/1124 801/1125/1125
f 803/1126/1126 800/1127/1127 802/1128/1128
f 806/1129/1129 804/1130/1130 805/1131/1131
f 807/1132/1132 804/1133/1133 806/1134/1134
f 810/1135/1135 808/1136/1136 809/1137/1137
f 811/1138/1138 808/1139/1139 810/1140/1140
f 814/1141/1141 812/1142/1142 813/1143/1143
f 815/1144/1144 812/1145/1145 814/1146/1146
f 818/1147/1147 816/1148/1148 817/1149/1149
f 819/1150/1150 816/1151/1151 818/1152/1152
f 822/1153/1153 820/1154/1154 821/1155/1155
f 823/1156/1156 820/1157/1157 822/1158/1158
f 826/1159/1159 824/1160/1160 825/1161/1161
f 827/1162/1162 824/1163/1163 826/1164/1164
f 830/1165/1165 828/1166/1166 829/1167/1167
f 831/1168/1168 828/1169/1169 830/1170/1170
f 834/1171/1171 832/1172/1172 833/1173/1173
f 835/1174/1174 832/1175/1175 834/1176/1176
f 838/1177/1177 836/1178/1178 837/1179/1179
f 841/1180/1180 839/1181/1181 840/1182/1182
f 844/1183/1183 842/1184/1184 843/1185/1185
f 847/1186/1186 845/1187/1187 846/1188/1188
f 850/1189/1189 848/1190/1190 849/1191/1191
f 853/1192/1192 851/1193/1193 852/1194/1194
f 856/1195/1195 854/1196/1196 855/1197/1197
f 859/1198/1198 857/1199/1199 858/1200/1200
f 862/1201/1201 860/1202/1202 861/1203/1203
f 863/1204/1204 860/1205/1205 862/1206/1206
f 866/1207/1207 864/1208/1208 865/1209/1209
f 867/1210/1210 864/1211/1211 866/1212/1212
f 870/1213/1213 868/1214/1214 869/1215/1215
f 871/1216/1216 868/1217/1217 870/1218/1218
f 874/1219/1219 872/1220/1220 873/1221/1221
f 875/1222/1222 872/1223/1223 874/1224/1224
f 878/1225/1225 876/1226/1226 877/1227/1227
f 879/1228/1228 876/1229/1229 878/1230/1230
f 882/1231/1231 880/1232/1232 881/1233/1233
f 883/1234/1234 880/1235/1235 882/1236/1236
f 886/1237/1237 884/1238/1238 885/1239/1239
f 887/1240/1240 884/1241/1241 886/1242/1242
f 890/1243/1243 888/1244/1244 889/1245/1245
f 891/1246/1246 888/1247/1247 890/1248/1248
f 894/1249/1249 892/1250/1250 893/1251/1251
f 895/1252/1252 892/1253/1253 894/1254/1254
f 898/1255/1255 896/1256/1256 897/1257/1257
f 899/1258/1258 896/1259/1259 898/1260/1260
f 902/1261/1261 900/1262/1262 901/1263/1263
f 903/1264/1264 900/1265/1265 902/1266/1266
f 906/1267/1267 904/1268/1268 905/1269/1269
f 907/1270/1270 904/1271/1271 906/1272/1272
f 910/1273/1273 908/1274/1274 909/1275/1275
f 911/1276/1276 908/1277/1277 910/1278/1278
f 914/1279/1279 912/1280/1280 913/1281/1281
f 915/1282/1282 912/1283/1283 914/1284/1284
f 918/1285/1285 916/1286/1286 917/1287/1287
f 919/1288/1288 916/1289/1289 918/1290/1290
f 922/1291/1291 920/1292/1292 921/1293/1293
f 923/1294/1294 920/1295/1295 922/1296/1296
f 926/1297/1297 924/1298/1298 925/1299/1299
f 927/1300/1300 924/1301/1301 926/1302/1302
f 930/1303/1303 928/1304/1304 929/1305/1305
f 931/1306/1306 928/1307/1307 930/1308/1308
f 934/1309/1309 932/1310/1310 933/1311/1311
f 935/1312/1312 932/1313/1313 934/1314/1314
f 938/1315/1315 936/1316/1316 937/1317/1317
f 939/1318/1318 936/1319/1319 938/1320/1320
f 942/1321/1321 940/1322/1322 941/1323/1323
f 943/1324/1324 940/1325/1325 942/1326/1326
f 946/1327/1327 944/1328/1328 945/1329/1329
f 947/1330/1330 944/1331/1331 946/1332/1332
f 950/1333/1333 948/1334/1334 949/1335/1335
f 951/1336/1336 948/1337/1337 950/1338/1338
f 954/1339/1339 952/1340/1340 953/1341/1341
f 955/1342/1342 952/1343/1343 954/1344/1344

g Material.002
f 958/1345/1345 956/1346/1346 957/1347/1347
f 961/1348/1348 959/1349/1349 960/1350/1350
f 964/1351/1351 962/1352/1352 963/1353/1353
f 967/1354/1354 965/1355/1355 966/1356/1356
f 970/1357/1357 968/1358/1358 969/1359/1359
f 973/1360/1360 971/1361/1361 972/1362/1362
f 976/1363/1363 974/1364/1364 975/1365/1365
f 979/1366/1366 977/1367/1367 978/1368/1368
f 1171/1369/1369 1169/1370/1370 1170/1371/1371
f 1174/1372/1372 1172/1373/1373 1173/1374/1374
f 1177/1375/1375 1175/1376/1376 1176/1377/1377
f 1180/1378/1378 1178/1379/1379 1179/1380/1380
f 1183/1381/1381 1181/1382/1382 1182/1383/1383
f 1186/1384/1384 1184/1385/1385 1185/1386/1386

g Material.003
f 982/1387/1387 980/1388/1388 981/1389/1389
f 983/1390/1390 980/1391/1391 982/1392/1392
f 986/1393/1393 984/1394/1394 985/1395/1395
f 987/1396/1396 984/1397/1397 986/1398/1398
f 990/1399/1399 988/1400/1400 989/1401/1401
f 991/1402/1402 988/1403/1403 990/1404/1404
f 994/1405/1405 992/1406/1406 993/1407/1407
f 995/1408/1408 992/1409/1409 994/1410/1410
f 998/1411/1411 996/1412/1412 997/1413/1413
f 999/1414/1414 996/1415/1415 998/1416/1416
f 1002/1417/1417 1000/1418/1418 1001/1419/1419
f 1003/1420/1420 1000/1421/1421 1002/1422/1422
f 1006/1423/1423 1004/1424/1424 1005/1425/1425
f 1007/1426/1426 1004/1427/1427 1006/1428/1428
f 1010/1429/1429 1008/1430/1430 1009/1431/1431
f 1011/1432/1432 1008/1433/1433 1010/1434/1434
f 1014/1435/1435 1012/1436/1436 1013/1437/1437
f 1015/1438/1438 1012/1439/1439 1014/1440/1440
f 1018/1441/1441 1016/1442/1442 1017/1443/1443
f 1019/1444/1444 1016/1445/1445 1018/1446/1446
f 1022/1447/1447 1020/1448/1448 1021/1449/1449
f 1023/1450/1450 1020/1451/1451 1022/1452/1452
f 1026/1453/1453 1024/1454/1454 1025/1455/1455
f 1027/1456/1456 1024/1457/1457 1026/1458/1458
f 1030/1459/1459 1028/1460/1460 1029/1461/1461
f 1031/1462/1462 1028/1463/1463 1030/1464/1464
f 1034/1465/1465 1032/1466/1466 1033/1467/1467
f 1035/1468/1468 1032/1469/1469 1034/1470/1470
f 1038/1471/1471 1036/1472/1472 1037/1473/1473
f 1039/1474/1474 1036/1475/1475 1038/1476/1476
f 1042/1477/1477 1040/1478/1478 1041/1479/1479
f 1043/1480/1480 1040/1481/1481 1042/1482/1482
f 1046/1483/1483 1044/1484/1484 1045/1485/1485
f 1047/1486/1486 1044/1487/1487 1046/1488/1488
f 1050/1489/1489 1048/1490/1490 1049/1491/1491
f 1051/1492/1492 1048/1493/1493 1050/1494/1494
f 1054/1495/1495 1052/1496/1496 1053/1497/1497
f 1055/1498/1498 1052/1499/1499 1054/1500/1500
f 1058/1501/1501 1056/1502/1502 1057/1503/1503
f 1059/1504/1504 1056/1505/1505 1058/1506/1506
f 1062/1507/1507 1060/1508/1508 1061/1509/1509
f 1063/1510/1510 1060/1511/1511 1062/1512/1512
f 1066/1513/1513 1064/1514/1514 1065/1515/1515
f 1067/1516/1516 1064/1517/1517 1066/1518/1518
f 1070/1519/1519 1068/1520/1520 1069/1521/1521
f 1071/1522/1522 1068/1523/1523 1070/1524/1524
f 1074/1525/1525 1072/1526/1526 1073/1527/1527
f 1075/1528/1528 1072/1529/1529 1074/1530/1530
f 1078/1531/1531 1076/1532/1532 1077/1533/1533
f 1079/1534/1534 1076/1535/1535 1078/1536/1536
f 1082/1537/1537 1080/1538/1538 1081/1539/1539
f 1083/1540/1540 1080/1541/1541 1082/1542/1542
f 1086/1543/1543 1084/1544/1544 1085/1545/1545
f 1087/1546/1546 1084/1547/1547 1086/1548/1548
f 1090/1549/1549 1088/1550/1550 1089/1551/1551
f 1091/1552/1552 1088/1553/1553 1090/1554/1554
f 1094/1555/1555 1092/1556/1556 1093/1557/1557
f 1095/1558/1558 1092/1559/1559 1094/1560/1560
f 1098/1561/1561 1096/1562/1562 1097/1563/1563
f 1099/1564/1564 1096/1565/1565 1098/1566/1566
f 1102/1567/1567 1100/1568/1568 1101/1569/1569
f 1103/1570/1570 1100/1571/1571 1102/1572/1572
f 1106/1573/1573 1104/1574/1574 1105/1575/1575
f 1107/1576/1576 1104/1577/1577 1106/1578/1578
f 1110/1579/1579 1108/1580/1580 1109/1581/1581
f 1111/1582/1582 1108/1583/1583 1110/1584/1584
f 1114/1585/1585 1112/1586/1586 1113/1587/1587
f 1115/1588/1588 1112/1589/1589 1114/1590/1590
f 1118/1591/1591 1116/1592/1592 1117/1593/1593
f 1119/1594/1594 1116/1595/1595 1118/1596/1596
f 1122/1597/1597 1120/1598/1598 1121/1599/1599
f 1123/1600/1600 1120/1601/1601 1122/1602/1602

