# Converted from B3D for Luanti (With Correct Normals)
# Object Name: multidecor_bathroom_washbasin

v -0.923880 0.707247 0.250000
v -1.000000 1.000000 0.249999
v -0.923880 1.000000 -0.132683
v -0.853554 0.707247 -0.103554
v -0.853554 0.707247 -0.103554
v -0.923880 1.000000 -0.132683
v -0.707107 1.000000 -0.457107
v -0.653282 0.707247 -0.403282
v -0.653282 0.707247 -0.403282
v -0.707107 1.000000 -0.457107
v -0.382683 1.000000 -0.673880
v -0.353553 0.707247 -0.603554
v -0.500000 0.459063 -0.250000
v -0.653282 0.707247 -0.403282
v -0.353553 0.707247 -0.603554
v -0.270598 0.459063 -0.403282
v 0.923880 0.707247 0.250000
v 1.000000 1.000000 0.250000
v 1.000000 1.000000 1.000000
v 0.923879 0.707247 1.000000
v -0.270598 0.459063 -0.403282
v -0.353553 0.707247 -0.603554
v 0.000000 0.707247 -0.673880
v 0.000000 0.459063 -0.457107
v -0.353553 0.707247 -0.603554
v -0.382683 1.000000 -0.673880
v 0.000000 1.000000 -0.750000
v 0.000000 0.707247 -0.673880
v 0.000000 0.707247 -0.673880
v 0.000000 1.000000 -0.750000
v 0.382684 1.000000 -0.673879
v 0.353554 0.707247 -0.603553
v 0.000000 0.459063 -0.457107
v 0.000000 0.707247 -0.673880
v 0.353554 0.707247 -0.603553
v 0.270598 0.459063 -0.403282
v 0.353554 0.707247 -0.603553
v 0.382684 1.000000 -0.673879
v 0.707107 1.000000 -0.457107
v 0.653282 0.707247 -0.403281
v 0.270598 0.459063 -0.403282
v 0.353554 0.707247 -0.603553
v 0.653282 0.707247 -0.403281
v 0.500000 0.459063 -0.250000
v -0.923880 0.707247 0.250000
v -0.853554 0.707247 -0.103554
v -0.653282 0.459063 -0.020598
v -0.707107 0.459063 0.250000
v 0.653282 0.707247 -0.403281
v 0.707107 1.000000 -0.457107
v 0.923880 1.000000 -0.132683
v 0.853553 0.707247 -0.103553
v -1.000000 1.000000 0.249999
v -0.923880 0.707247 0.250000
v -0.923880 0.707247 1.000000
v -1.000000 1.000000 0.999999
v -0.923880 0.707247 1.000000
v -0.923880 0.707247 0.250000
v -0.707107 0.459063 0.250000
v -0.707107 0.459063 1.000000
v 0.853553 0.707247 -0.103553
v 0.923880 1.000000 -0.132683
v 1.000000 1.000000 0.250000
v 0.923880 0.707247 0.250000
v -1.000000 1.000000 0.999999
v -0.923880 0.707247 1.000000
v -0.382684 0.348232 1.000000
v 0.725520 0.751160 -0.098620
v 0.785298 0.751160 0.201900
v 0.850000 1.000000 0.201900
v 0.785298 1.000000 -0.123381
v 0.300520 0.445997 0.077420
v 0.325281 0.445997 0.201900
v 0.601041 0.540204 0.201900
v 0.555289 0.540204 -0.028108
v 0.555289 0.540204 -0.028108
v 0.601041 0.540204 0.201900
v 0.785298 0.751160 0.201900
v 0.725520 0.751160 -0.098620
v -0.850000 1.000000 0.201899
v -0.850000 1.000000 0.539400
v -0.785298 0.751160 0.539400
v -0.785298 0.751160 0.201900
v 0.555289 0.751160 -0.353389
v 0.725520 0.751160 -0.098620
v 0.785298 1.000000 -0.123381
v 0.601041 1.000000 -0.399141
v 0.230008 0.445997 -0.028108
v 0.300520 0.445997 0.077420
v 0.555289 0.540204 -0.028108
v 0.425000 0.540204 -0.223100
v 0.425000 0.540204 -0.223100
v 0.555289 0.540204 -0.028108
v 0.725520 0.751160 -0.098620
v 0.555289 0.751160 -0.353389
v 0.601041 0.540204 0.201900
v 0.601041 0.540204 0.539400
v 0.785298 0.751160 0.539400
v 0.785298 0.751160 0.201900
v 0.230008 0.540204 -0.353389
v 0.425000 0.540204 -0.223100
v 0.555289 0.751160 -0.353389
v 0.300521 0.751160 -0.523620
v -0.785298 0.751160 0.201900
v -0.785298 0.751160 0.539400
v -0.601041 0.540204 0.539400
v -0.601041 0.540204 0.201900
v 0.300521 0.751160 -0.523620
v 0.555289 0.751160 -0.353389
v 0.601041 1.000000 -0.399141
v 0.325281 1.000000 -0.583398
v 0.124480 0.445997 -0.098620
v 0.230008 0.445997 -0.028108
v 0.425000 0.540204 -0.223100
v 0.230008 0.540204 -0.353389
v 0.000000 0.540204 -0.399141
v 0.230008 0.540204 -0.353389
v 0.300521 0.751160 -0.523620
v 0.000000 0.751160 -0.583398
v 0.325281 0.445997 0.201900
v 0.325281 0.445997 0.539400
v 0.601041 0.540204 0.539400
v 0.601041 0.540204 0.201900
v 0.000000 0.751160 -0.583398
v 0.300521 0.751160 -0.523620
v 0.325281 1.000000 -0.583398
v 0.000000 1.000000 -0.648100
v -0.000000 0.445997 0.162005
v -0.075451 0.445997 0.193258
v -0.075451 0.395997 0.193258
v -0.000000 0.395997 0.162005
v -0.075451 0.445997 0.344161
v -0.106704 0.445997 0.268709
v -0.150000 0.445997 0.268709
v -0.106066 0.445997 0.374775
v -0.000000 0.445997 0.375414
v -0.075451 0.445997 0.344161
v -0.106066 0.445997 0.374775
v -0.000000 0.445997 0.418709
v 0.075451 0.445997 0.344161
v -0.000000 0.445997 0.375414
v -0.000000 0.445997 0.418709
v 0.106066 0.445997 0.374775
v 0.106704 0.445997 0.268709
v 0.075451 0.445997 0.344161
v 0.106066 0.445997 0.374775
v 0.150000 0.445997 0.268709
v 0.075451 0.445997 0.193258
v 0.106704 0.445997 0.268709
v 0.150000 0.445997 0.268709
v 0.106066 0.445997 0.162643
v -0.000000 0.445997 0.162005
v 0.075451 0.445997 0.193258
v 0.106066 0.445997 0.162643
v -0.000000 0.445997 0.118709
v -0.075451 0.445997 0.193258
v -0.000000 0.445997 0.162005
v -0.000000 0.445997 0.118709
v -0.106066 0.445997 0.162643
v -0.106704 0.445997 0.268709
v -0.075451 0.445997 0.193258
v -0.106066 0.445997 0.162643
v -0.150000 0.445997 0.268709
v 0.106704 0.395997 0.268709
v 0.075451 0.395997 0.193258
v 0.113177 0.395997 0.155532
v 0.160056 0.395997 0.268709
v -0.106704 0.445997 0.268709
v -0.075451 0.445997 0.344161
v -0.075451 0.395997 0.344161
v -0.106704 0.395997 0.268709
v 0.106704 0.445997 0.268709
v 0.075451 0.445997 0.193258
v 0.075451 0.395997 0.193258
v 0.106704 0.395997 0.268709
v -0.000000 0.445997 0.375414
v 0.075451 0.445997 0.344161
v 0.075451 0.395997 0.344161
v -0.000000 0.395997 0.375414
v -0.075451 0.445997 0.193258
v -0.106704 0.445997 0.268709
v -0.106704 0.395997 0.268709
v -0.075451 0.395997 0.193258
v 0.075451 0.445997 0.193258
v -0.000000 0.445997 0.162005
v -0.000000 0.395997 0.162005
v 0.075451 0.395997 0.193258
v 0.075451 0.445997 0.344161
v 0.106704 0.445997 0.268709
v 0.106704 0.395997 0.268709
v 0.075451 0.395997 0.344161
v -0.075451 0.445997 0.344161
v -0.000000 0.445997 0.375414
v -0.000000 0.395997 0.375414
v -0.075451 0.395997 0.344161
v -0.000000 0.395997 0.162005
v -0.075451 0.395997 0.193258
v -0.113177 0.395997 0.155532
v -0.000000 0.395997 0.108653
v -0.075451 0.395997 0.344161
v -0.000000 0.395997 0.375414
v -0.000000 0.395997 0.428766
v -0.113177 0.395997 0.381886
v 0.075451 0.395997 0.344161
v 0.106704 0.395997 0.268709
v 0.160056 0.395997 0.268709
v 0.113177 0.395997 0.381886
v 0.075451 0.395997 0.193258
v -0.000000 0.395997 0.162005
v -0.000000 0.395997 0.108653
v 0.113177 0.395997 0.155532
v -0.075451 0.395997 0.193258
v -0.106704 0.395997 0.268709
v -0.160056 0.395997 0.268709
v -0.113177 0.395997 0.155532
v -0.000000 0.395997 0.375414
v 0.075451 0.395997 0.344161
v 0.113177 0.395997 0.381886
v -0.000000 0.395997 0.428766
v -0.106704 0.395997 0.268709
v -0.075451 0.395997 0.344161
v -0.113177 0.395997 0.381886
v -0.160056 0.395997 0.268709
v -0.113177 0.395997 0.155532
v -0.160056 0.395997 0.268709
v -0.160056 0.348232 0.268709
v -0.113177 0.348232 0.155532
v -0.160056 0.395997 0.268709
v -0.113177 0.395997 0.381886
v -0.113177 0.348232 0.381886
v -0.160056 0.348232 0.268709
v -0.000000 0.395997 0.428766
v 0.113177 0.395997 0.381886
v 0.113177 0.348232 0.381886
v -0.000000 0.348232 0.428766
v 0.160056 0.395997 0.268709
v 0.113177 0.395997 0.155532
v 0.113177 0.348232 0.155532
v 0.160056 0.348232 0.268709
v -0.000000 0.395997 0.108653
v -0.113177 0.395997 0.155532
v -0.113177 0.348232 0.155532
v -0.000000 0.348232 0.108653
v -0.113177 0.395997 0.381886
v -0.000000 0.395997 0.428766
v -0.000000 0.348232 0.428766
v -0.113177 0.348232 0.381886
v 0.113177 0.395997 0.381886
v 0.160056 0.395997 0.268709
v 0.160056 0.348232 0.268709
v 0.113177 0.348232 0.381886
v 0.113177 0.395997 0.155532
v -0.000000 0.395997 0.108653
v -0.000000 0.348232 0.108653
v 0.113177 0.348232 0.155532
v -0.000000 0.348232 0.428766
v -0.000000 0.098232 0.428766
v 0.113177 0.098232 0.381886
v 0.113177 0.348232 0.381886
v -0.160056 0.348232 0.268709
v -0.160056 0.098232 0.268709
v -0.113177 0.098232 0.381886
v -0.113177 0.348232 0.381886
v -0.113177 0.348232 0.155532
v -0.113177 0.098232 0.155532
v -0.160056 0.098232 0.268709
v -0.160056 0.348232 0.268709
v 0.113177 0.348232 0.155532
v 0.113177 0.098232 0.155532
v -0.000000 0.098232 0.108653
v -0.000000 0.348232 0.108653
v 0.113177 0.348232 0.381886
v 0.113177 0.098232 0.381886
v 0.160056 0.098232 0.268709
v 0.160056 0.348232 0.268709
v -0.113177 0.348232 0.381886
v -0.113177 0.098232 0.381886
v -0.000000 0.098232 0.428766
v -0.000000 0.348232 0.428766
v -0.000000 0.348232 0.108653
v -0.000000 0.098232 0.108653
v -0.113177 0.098232 0.155532
v -0.113177 0.348232 0.155532
v 0.160056 0.348232 0.268709
v 0.160056 0.098232 0.268709
v 0.113177 0.098232 0.155532
v 0.113177 0.348232 0.155532
v 0.160056 -0.315264 0.507442
v 0.160056 -0.379233 0.746174
v 0.113177 -0.492409 0.746174
v 0.113177 -0.413279 0.450853
v -0.000000 -0.453877 0.427414
v -0.000000 -0.539289 0.746174
v -0.113177 -0.492410 0.746174
v -0.113177 -0.413279 0.450853
v -0.113177 -0.217250 0.564030
v -0.113177 -0.266056 0.746174
v -0.000000 -0.219176 0.746174
v -0.000000 -0.176651 0.587470
v 0.113177 -0.217250 0.564030
v 0.113177 -0.266056 0.746174
v 0.160056 -0.379233 0.746174
v 0.160056 -0.315264 0.507442
v 0.113177 -0.413279 0.450853
v 0.113177 -0.492409 0.746174
v -0.000000 -0.539289 0.746174
v -0.000000 -0.453877 0.427414
v -0.113177 -0.413279 0.450853
v -0.113177 -0.492410 0.746174
v -0.160056 -0.379233 0.746174
v -0.160056 -0.315264 0.507442
v -0.160056 -0.315264 0.507442
v -0.160056 -0.379233 0.746174
v -0.113177 -0.266056 0.746174
v -0.113177 -0.217250 0.564030
v -0.000000 -0.176651 0.587470
v -0.000000 -0.219176 0.746174
v 0.113177 -0.266056 0.746174
v 0.113177 -0.217250 0.564030
v -0.000000 0.098232 0.428766
v -0.000000 -0.060472 0.471290
v 0.113177 -0.083912 0.430692
v 0.113177 0.098232 0.381886
v -0.000000 -0.060472 0.471290
v -0.000000 -0.176651 0.587470
v 0.113177 -0.217250 0.564030
v 0.113177 -0.083912 0.430692
v -0.160056 0.098232 0.268709
v -0.160056 -0.140500 0.332677
v -0.113177 -0.083912 0.430692
v -0.113177 0.098232 0.381886
v -0.160056 -0.140500 0.332677
v -0.160056 -0.315264 0.507442
v -0.113177 -0.217250 0.564030
v -0.113177 -0.083912 0.430692
v -0.113177 0.098232 0.155532
v -0.113177 -0.197089 0.234663
v -0.160056 -0.140500 0.332677
v -0.160056 0.098232 0.268709
v -0.113177 -0.197089 0.234663
v -0.113177 -0.413279 0.450853
v -0.160056 -0.315264 0.507442
v -0.160056 -0.140500 0.332677
v 0.113177 0.098232 0.155532
v 0.113177 -0.197089 0.234663
v -0.000000 -0.220528 0.194065
v -0.000000 0.098232 0.108653
v 0.113177 -0.197089 0.234663
v 0.113177 -0.413279 0.450853
v -0.000000 -0.453877 0.427414
v -0.000000 -0.220528 0.194065
v 0.113177 0.098232 0.381886
v 0.113177 -0.083912 0.430692
v 0.160056 -0.140500 0.332677
v 0.160056 0.098232 0.268709
v 0.113177 -0.083912 0.430692
v 0.113177 -0.217250 0.564030
v 0.160056 -0.315264 0.507442
v 0.160056 -0.140500 0.332677
v -0.113177 0.098232 0.381886
v -0.113177 -0.083912 0.430692
v -0.000000 -0.060472 0.471290
v -0.000000 0.098232 0.428766
v -0.113177 -0.083912 0.430692
v -0.113177 -0.217250 0.564030
v -0.000000 -0.176651 0.587470
v -0.000000 -0.060472 0.471290
v -0.000000 0.098232 0.108653
v -0.000000 -0.220528 0.194065
v -0.113177 -0.197089 0.234663
v -0.113177 0.098232 0.155532
v -0.000000 -0.220528 0.194065
v -0.000000 -0.453877 0.427414
v -0.113177 -0.413279 0.450853
v -0.113177 -0.197089 0.234663
v 0.160056 0.098232 0.268709
v 0.160056 -0.140500 0.332677
v 0.113177 -0.197089 0.234663
v 0.113177 0.098232 0.155532
v 0.160056 -0.140500 0.332677
v 0.160056 -0.315264 0.507442
v 0.113177 -0.413279 0.450853
v 0.113177 -0.197089 0.234663
v -0.000000 -0.539289 0.746174
v -0.000000 -0.539289 0.900000
v -0.113177 -0.492410 0.900000
v -0.113177 -0.492410 0.746174
v -0.113177 -0.266056 0.746174
v -0.113177 -0.266056 0.900000
v -0.000000 -0.219176 0.900000
v -0.000000 -0.219176 0.746174
v 0.113177 -0.266056 0.746174
v 0.113177 -0.266056 0.900000
v 0.160056 -0.379233 0.900000
v 0.160056 -0.379233 0.746174
v 0.113177 -0.492409 0.746174
v 0.113177 -0.492409 0.900000
v -0.000000 -0.539289 0.900000
v -0.000000 -0.539289 0.746174
v -0.113177 -0.492410 0.746174
v -0.113177 -0.492410 0.900000
v -0.160056 -0.379233 0.900000
v -0.160056 -0.379233 0.746174
v -0.160056 -0.379233 0.746174
v -0.160056 -0.379233 0.900000
v -0.113177 -0.266056 0.900000
v -0.113177 -0.266056 0.746174
v -0.000000 -0.219176 0.746174
v -0.000000 -0.219176 0.900000
v 0.113177 -0.266056 0.900000
v 0.113177 -0.266056 0.746174
v 0.160056 -0.379233 0.746174
v 0.160056 -0.379233 0.900000
v 0.113177 -0.492409 0.900000
v 0.113177 -0.492409 0.746174
v -0.075451 0.395997 0.193258
v 0.075451 0.395997 0.344161
v 0.075451 0.395997 0.193258
v 0.075451 0.395997 0.344161
v -0.075451 0.395997 0.193258
v -0.000000 0.395997 0.375414
v 0.079873 0.835174 0.491007
v 0.076553 0.786286 0.491007
v 0.076364 0.783511 0.516115
v 0.079684 0.832399 0.516115
v -0.061425 0.854734 0.539400
v -0.009529 0.900029 0.539400
v -0.009529 0.900029 0.491007
v -0.061425 0.854734 0.491007
v 0.059196 0.895362 0.539400
v 0.104491 0.843466 0.539400
v 0.104491 0.843466 0.491007
v 0.059196 0.895362 0.491007
v 0.099824 0.774741 0.539400
v 0.047928 0.729446 0.539399
v 0.047928 0.729446 0.491007
v 0.099824 0.774741 0.491007
v -0.020797 0.734113 0.539400
v -0.066092 0.786009 0.539399
v -0.066092 0.786009 0.491007
v -0.020797 0.734113 0.491007
v -0.066092 0.786009 0.539399
v -0.061425 0.854734 0.539400
v -0.061425 0.854734 0.491007
v -0.066092 0.786009 0.491007
v -0.009529 0.900029 0.539400
v 0.059196 0.895362 0.539400
v 0.059196 0.895362 0.491007
v -0.009529 0.900029 0.491007
v 0.104491 0.843466 0.539400
v 0.099824 0.774741 0.539400
v 0.099824 0.774741 0.491007
v 0.104491 0.843466 0.491007
v 0.047928 0.729446 0.539399
v -0.020797 0.734113 0.539400
v -0.020797 0.734113 0.491007
v 0.047928 0.729446 0.491007
v -0.041474 0.794301 0.491007
v -0.009252 0.757384 0.491007
v -0.020797 0.734113 0.491007
v -0.066092 0.786009 0.491007
v -0.009252 0.757384 0.491007
v 0.039636 0.754064 0.491007
v 0.047928 0.729446 0.491007
v -0.020797 0.734113 0.491007
v 0.039636 0.754064 0.491007
v 0.076553 0.786286 0.491007
v 0.099824 0.774741 0.491007
v 0.047928 0.729446 0.491007
v 0.076553 0.786286 0.491007
v 0.079873 0.835174 0.491007
v 0.104491 0.843466 0.491007
v 0.099824 0.774741 0.491007
v 0.079873 0.835174 0.491007
v 0.047651 0.872091 0.491007
v 0.059196 0.895362 0.491007
v 0.104491 0.843466 0.491007
v 0.047651 0.872091 0.491007
v -0.001237 0.875411 0.491007
v -0.009529 0.900029 0.491007
v 0.059196 0.895362 0.491007
v -0.001237 0.875411 0.491007
v -0.038154 0.843189 0.491007
v -0.061425 0.854734 0.491007
v -0.009529 0.900029 0.491007
v -0.038154 0.843189 0.491007
v -0.041474 0.794301 0.491007
v -0.066092 0.786009 0.491007
v -0.061425 0.854734 0.491007
v 0.076364 0.783511 0.516115
v 0.039447 0.751289 0.516115
v -0.001425 0.872636 0.516115
v 0.039636 0.754064 0.491007
v -0.009252 0.757384 0.491007
v -0.009441 0.754609 0.516115
v 0.039447 0.751289 0.516115
v -0.038154 0.843189 0.491007
v -0.001237 0.875411 0.491007
v -0.001425 0.872636 0.516115
v -0.038342 0.840414 0.516115
v 0.047651 0.872091 0.491007
v 0.079873 0.835174 0.491007
v 0.079684 0.832399 0.516115
v 0.047463 0.869316 0.516115
v 0.076553 0.786286 0.491007
v 0.039636 0.754064 0.491007
v 0.039447 0.751289 0.516115
v 0.076364 0.783511 0.516115
v -0.009252 0.757384 0.491007
v -0.041474 0.794301 0.491007
v -0.041662 0.791526 0.516115
v -0.009441 0.754609 0.516115
v -0.041474 0.794301 0.491007
v -0.038154 0.843189 0.491007
v -0.038342 0.840414 0.516115
v -0.041662 0.791526 0.516115
v -0.001237 0.875411 0.491007
v 0.047651 0.872091 0.491007
v 0.047463 0.869316 0.516115
v -0.001425 0.872636 0.516115
v 0.039447 0.751289 0.516115
v -0.009441 0.754609 0.516115
v -0.041662 0.791526 0.516115
v -0.041662 0.791526 0.516115
v -0.038342 0.840414 0.516115
v 0.039447 0.751289 0.516115
v -0.038342 0.840414 0.516115
v -0.001425 0.872636 0.516115
v 0.039447 0.751289 0.516115
v -0.001425 0.872636 0.516115
v 0.047463 0.869316 0.516115
v 0.079684 0.832399 0.516115
v 0.079684 0.832399 0.516115
v 0.076364 0.783511 0.516115
v -0.001425 0.872636 0.516115
v -0.000000 0.395997 0.375414
v -0.075451 0.395997 0.193258
v -0.075451 0.395997 0.344161
v -0.075451 0.395997 0.344161
v -0.075451 0.395997 0.193258
v -0.106704 0.395997 0.268709
v -0.075451 0.395997 0.193258
v 0.075451 0.395997 0.193258
v -0.000000 0.395997 0.162005
v 0.075451 0.395997 0.193258
v 0.075451 0.395997 0.344161
v 0.106704 0.395997 0.268709
v -0.707107 0.459063 1.000000
v -0.382684 0.348232 1.000000
v -0.923880 0.707247 1.000000
v -0.382684 0.348232 1.000000
v 0.382683 0.348232 1.000000
v -1.000000 1.000000 0.999999
v 0.382683 0.348232 1.000000
v 0.707107 0.459063 1.000000
v 0.923879 0.707247 1.000000
v 0.923879 0.707247 1.000000
v 1.000000 1.000000 1.000000
v 0.382683 0.348232 1.000000
v 1.000000 1.000000 1.000000
v -1.000000 1.000000 0.999999
v 0.382683 0.348232 1.000000
v 0.000000 0.445997 -0.123381
v 0.124480 0.445997 -0.098620
v 0.230008 0.540204 -0.353389
v 0.000000 0.540204 -0.399141
v -0.300520 0.751160 -0.523621
v 0.000000 0.751160 -0.583398
v 0.000000 1.000000 -0.648100
v -0.325281 1.000000 -0.583398
v -0.124480 0.445997 -0.098621
v 0.000000 0.445997 -0.123381
v 0.000000 0.540204 -0.399141
v -0.230008 0.540204 -0.353389
v -0.230008 0.540204 -0.353389
v 0.000000 0.540204 -0.399141
v 0.000000 0.751160 -0.583398
v -0.300520 0.751160 -0.523621
v 0.785298 0.751160 0.201900
v 0.785298 0.751160 0.539400
v 0.850000 1.000000 0.539400
v 0.850000 1.000000 0.201900
v -0.230008 0.445997 -0.028109
v -0.124480 0.445997 -0.098621
v -0.230008 0.540204 -0.353389
v -0.425000 0.540204 -0.223100
v -0.425000 0.540204 -0.223100
v -0.230008 0.540204 -0.353389
v -0.300520 0.751160 -0.523621
v -0.555289 0.751160 -0.353390
v -0.601041 0.540204 0.201900
v -0.601041 0.540204 0.539400
v -0.325281 0.445997 0.539400
v -0.325281 0.445997 0.201900
v -0.555289 0.751160 -0.353390
v -0.300520 0.751160 -0.523621
v -0.325281 1.000000 -0.583398
v -0.601041 1.000000 -0.399141
v -0.555289 0.540204 -0.028108
v -0.425000 0.540204 -0.223100
v -0.555289 0.751160 -0.353390
v -0.725521 0.751160 -0.098621
v -0.725521 0.751160 -0.098621
v -0.555289 0.751160 -0.353390
v -0.601041 1.000000 -0.399141
v -0.785298 1.000000 -0.123381
v -0.300521 0.445997 0.077420
v -0.230008 0.445997 -0.028109
v -0.425000 0.540204 -0.223100
v -0.555289 0.540204 -0.028108
v -0.785298 0.751160 0.201900
v -0.725521 0.751160 -0.098621
v -0.785298 1.000000 -0.123381
v -0.850000 1.000000 0.201899
v -0.325281 0.445997 0.201900
v -0.300521 0.445997 0.077420
v -0.555289 0.540204 -0.028108
v -0.601041 0.540204 0.201900
v -0.601041 0.540204 0.201900
v -0.555289 0.540204 -0.028108
v -0.725521 0.751160 -0.098621
v -0.785298 0.751160 0.201900
v -0.850000 1.000000 0.539400
v -0.325281 0.445997 0.539400
v -0.785298 0.751160 0.539400
v -0.601041 0.540204 0.539400
v -0.785298 0.751160 0.539400
v -0.325281 0.445997 0.539400
v -0.325281 0.445997 0.539400
v -0.850000 1.000000 0.539400
v 0.325281 0.445997 0.539400
v 0.325281 0.445997 0.539400
v 0.785298 0.751160 0.539400
v 0.601041 0.540204 0.539400
v 0.785298 0.751160 0.539400
v 0.325281 0.445997 0.539400
v 0.850000 1.000000 0.539400
v 0.850000 1.000000 0.539400
v 0.325281 0.445997 0.539400
v -0.850000 1.000000 0.539400
v 0.106066 0.445997 0.374775
v 0.325281 0.445997 0.539400
v 0.150000 0.445997 0.268709
v 0.106066 0.445997 0.374775
v -0.000000 0.445997 0.418709
v 0.325281 0.445997 0.539400
v -0.000000 0.445997 0.418709
v -0.325281 0.445997 0.539400
v 0.325281 0.445997 0.539400
v -0.000000 0.445997 0.418709
v -0.106066 0.445997 0.374775
v -0.325281 0.445997 0.539400
v -0.325281 0.445997 0.201900
v -0.325281 0.445997 0.539400
v -0.150000 0.445997 0.268709
v -0.106066 0.445997 0.162643
v -0.124480 0.445997 -0.098621
v -0.230008 0.445997 -0.028109
v 0.150000 0.445997 0.268709
v 0.325281 0.445997 0.539400
v 0.325281 0.445997 0.201900
v 0.325281 0.445997 0.201900
v 0.106066 0.445997 0.162643
v 0.150000 0.445997 0.268709
v -0.106066 0.445997 0.162643
v -0.325281 0.445997 0.201900
v -0.150000 0.445997 0.268709
v 0.300520 0.445997 0.077420
v 0.106066 0.445997 0.162643
v 0.325281 0.445997 0.201900
v -0.106066 0.445997 0.162643
v -0.300521 0.445997 0.077420
v -0.325281 0.445997 0.201900
v -0.300521 0.445997 0.077420
v -0.106066 0.445997 0.162643
v -0.230008 0.445997 -0.028109
v -0.000000 0.445997 0.118709
v 0.000000 0.445997 -0.123381
v -0.124480 0.445997 -0.098621
v -0.150000 0.445997 0.268709
v -0.325281 0.445997 0.539400
v -0.106066 0.445997 0.374775
v -0.000000 0.445997 0.118709
v -0.124480 0.445997 -0.098621
v -0.106066 0.445997 0.162643
v 0.230008 0.445997 -0.028108
v 0.124480 0.445997 -0.098620
v 0.106066 0.445997 0.162643
v 0.230008 0.445997 -0.028108
v 0.106066 0.445997 0.162643
v 0.300520 0.445997 0.077420
v 0.124480 0.445997 -0.098620
v 0.000000 0.445997 -0.123381
v -0.000000 0.445997 0.118709
v 0.106066 0.445997 0.162643
v 0.124480 0.445997 -0.098620
v -0.000000 0.445997 0.118709
v 1.000000 1.000000 0.250000
v 0.850000 1.000000 0.539400
v 1.000000 1.000000 1.000000
v 0.850000 1.000000 0.539400
v -1.000000 1.000000 0.999999
v 1.000000 1.000000 1.000000
v 0.850000 1.000000 0.539400
v -0.850000 1.000000 0.539400
v -1.000000 1.000000 0.999999
v -0.850000 1.000000 0.539400
v -1.000000 1.000000 0.249999
v -1.000000 1.000000 0.999999
v 1.000000 1.000000 0.250000
v 0.850000 1.000000 0.201900
v 0.850000 1.000000 0.539400
v -0.850000 1.000000 0.201899
v -1.000000 1.000000 0.249999
v -0.850000 1.000000 0.539400
v 0.923880 1.000000 -0.132683
v 0.850000 1.000000 0.201900
v 1.000000 1.000000 0.250000
v -0.850000 1.000000 0.201899
v -0.923880 1.000000 -0.132683
v -1.000000 1.000000 0.249999
v 0.923880 1.000000 -0.132683
v 0.785298 1.000000 -0.123381
v 0.850000 1.000000 0.201900
v -0.785298 1.000000 -0.123381
v -0.923880 1.000000 -0.132683
v -0.850000 1.000000 0.201899
v 0.601041 1.000000 -0.399141
v 0.785298 1.000000 -0.123381
v 0.707107 1.000000 -0.457107
v -0.923880 1.000000 -0.132683
v -0.785298 1.000000 -0.123381
v -0.707107 1.000000 -0.457107
v -0.707107 1.000000 -0.457107
v -0.785298 1.000000 -0.123381
v -0.601041 1.000000 -0.399141
v 0.382684 1.000000 -0.673879
v 0.601041 1.000000 -0.399141
v 0.707107 1.000000 -0.457107
v 0.325281 1.000000 -0.583398
v 0.601041 1.000000 -0.399141
v 0.382684 1.000000 -0.673879
v -0.707107 1.000000 -0.457107
v -0.601041 1.000000 -0.399141
v -0.382683 1.000000 -0.673880
v -0.382683 1.000000 -0.673880
v -0.601041 1.000000 -0.399141
v -0.325281 1.000000 -0.583398
v 0.000000 1.000000 -0.750000
v -0.325281 1.000000 -0.583398
v 0.000000 1.000000 -0.648100
v 0.000000 1.000000 -0.648100
v 0.325281 1.000000 -0.583398
v 0.000000 1.000000 -0.750000
v -0.382683 1.000000 -0.673880
v -0.325281 1.000000 -0.583398
v 0.000000 1.000000 -0.750000
v 0.000000 1.000000 -0.750000
v 0.325281 1.000000 -0.583398
v 0.382684 1.000000 -0.673879
v 0.707107 1.000000 -0.457107
v 0.785298 1.000000 -0.123381
v 0.923880 1.000000 -0.132683
v -0.725000 -1.000000 1.000000
v -0.725000 0.186616 1.000000
v -0.725000 0.186616 -0.150000
v -0.725000 -1.000000 -0.150000
v 0.725000 -1.000000 1.000000
v -0.725000 -1.000000 1.000000
v -0.725000 -1.000000 -0.150000
v 0.725000 -1.000000 -0.150000
v 0.725000 -1.000000 1.000000
v 0.725000 0.186616 1.000000
v -0.725000 0.186616 1.000000
v -0.725000 -1.000000 1.000000
v 0.725000 -1.000000 -0.150000
v 0.725000 0.186616 -0.150000
v 0.725000 0.186616 1.000000
v 0.725000 -1.000000 1.000000
v 0.725000 0.186616 -0.150000
v 0.625000 0.186616 -0.150000
v 0.625000 0.186616 -0.250000
v 0.725000 0.186616 -0.250000
v -0.625000 0.186616 -0.150000
v -0.625000 -0.900000 -0.150000
v -0.725000 -1.000000 -0.150000
v -0.725000 0.186616 -0.150000
v -0.625000 -0.900000 -0.150000
v 0.625000 -0.900000 -0.150000
v 0.725000 -1.000000 -0.150000
v -0.725000 -1.000000 -0.150000
v 0.625000 -0.900000 -0.150000
v 0.625000 0.186616 -0.150000
v 0.725000 0.186616 -0.150000
v 0.725000 -1.000000 -0.150000
v -0.725000 0.186616 -0.250000
v -0.625000 0.186616 -0.250000
v -0.625000 0.186616 -0.150000
v -0.725000 0.186616 -0.150000
v -0.625000 0.186616 -0.250000
v 0.625000 0.186616 -0.250000
v 0.625000 0.186616 -0.150000
v -0.625000 0.186616 -0.150000
v 0.000000 0.388310 -0.250000
v 0.207107 0.402384 -0.250000
v 0.625000 0.186616 -0.250000
v 0.625000 0.186616 -0.150000
v 0.625000 -0.900000 -0.150000
v 0.625000 -0.900000 0.900000
v 0.625000 0.186616 0.900000
v 0.625000 -0.900000 -0.150000
v -0.625000 -0.900000 -0.150000
v -0.625000 -0.900000 0.900000
v 0.625000 -0.900000 0.900000
v -0.625000 -0.900000 -0.150000
v -0.625000 0.186616 -0.150000
v -0.625000 0.186616 0.900000
v -0.625000 -0.900000 0.900000
v -0.625000 0.186616 -0.150000
v 0.625000 0.186616 -0.150000
v 0.625000 0.515535 -0.150000
v 0.566818 0.459063 -0.150000
v 0.400000 0.410750 -0.150000
v 0.165688 0.365409 -0.150006
v 0.000000 0.354148 -0.150000
v -0.165685 0.365407 -0.150000
v -0.400000 0.410750 -0.150000
v -0.566818 0.459063 -0.150000
v -0.625000 0.515535 -0.150000
v -0.625000 0.186616 0.900000
v 0.625000 0.186616 0.900000
v 0.625000 -0.900000 0.900000
v -0.625000 -0.900000 0.900000
v 0.625000 0.186616 0.900000
v -0.625000 0.186616 0.900000
v -0.625000 0.431014 0.900000
v -0.382684 0.348232 0.900000
v -0.339082 0.348232 0.900000
v -0.315691 0.348232 0.900000
v 0.315691 0.348232 0.900000
v 0.339082 0.348232 0.900000
v 0.382683 0.348232 0.900000
v 0.625000 0.431014 0.900000
v 0.625000 0.186616 0.900000
v 0.625000 0.431014 0.900000
v 0.625000 0.431013 0.250000
v 0.625000 0.448606 -0.008883
v 0.625000 0.459063 -0.062924
v 0.625000 0.515535 -0.150000
v 0.625000 0.186616 -0.150000
v -0.625000 0.186616 -0.150000
v -0.625000 0.515535 -0.150000
v -0.625000 0.459063 -0.062924
v -0.625000 0.448606 -0.008883
v -0.625000 0.431014 0.250000
v -0.625000 0.431014 0.900000
v -0.625000 0.186616 0.900000
v 0.725000 0.479549 0.250000
v 0.725000 0.186616 -0.150000
v 0.725000 0.547939 -0.050305
v 0.382683 0.348232 1.000000
v -0.382684 0.348232 1.000000
v -0.725000 0.186616 1.000000
v -0.725000 0.479549 0.250000
v -0.725000 0.547939 -0.050305
v -0.725000 0.186616 -0.150000
v -0.707107 0.459063 1.000000
v -0.707107 0.459063 0.250000
v -0.382684 0.348232 0.250000
v -0.382684 0.348232 1.000000
v -0.382684 0.348232 0.250000
v -0.707107 0.459063 0.250000
v -0.653282 0.459063 -0.020598
v -0.353554 0.348232 0.103553
v -0.353554 0.348232 0.103553
v -0.653282 0.459063 -0.020598
v -0.500000 0.459063 -0.250000
v -0.270598 0.348232 -0.020598
v -0.270598 0.348232 -0.020598
v -0.500000 0.459063 -0.250000
v -0.270598 0.459063 -0.403282
v -0.146447 0.348232 -0.103553
v -0.146447 0.348232 -0.103553
v -0.270598 0.459063 -0.403282
v 0.000000 0.459063 -0.457107
v 0.000000 0.348232 -0.132684
v 0.146447 0.348232 -0.103553
v 0.000000 0.348232 -0.132684
v 0.000000 0.459063 -0.457107
v 0.270598 0.459063 -0.403282
v 0.270598 0.348232 -0.020598
v 0.146447 0.348232 -0.103553
v 0.270598 0.459063 -0.403282
v 0.500000 0.459063 -0.250000
v -0.500000 0.459063 -0.250000
v -0.653282 0.459063 -0.020598
v -0.853554 0.707247 -0.103554
v -0.653282 0.707247 -0.403282
v 0.653282 0.707247 -0.403281
v 0.853553 0.707247 -0.103553
v 0.653282 0.459063 -0.020598
v 0.500000 0.459063 -0.250000
v 0.270598 0.348232 -0.020598
v 0.500000 0.459063 -0.250000
v 0.653282 0.459063 -0.020598
v 0.353553 0.348232 0.103554
v 0.707107 0.459063 0.250000
v 0.653282 0.459063 -0.020598
v 0.853553 0.707247 -0.103553
v 0.923880 0.707247 0.250000
v 0.353553 0.348232 0.103554
v 0.653282 0.459063 -0.020598
v 0.707107 0.459063 0.250000
v 0.382683 0.348232 0.250000
v 0.707107 0.459063 1.000000
v 0.707107 0.459063 0.250000
v 0.923880 0.707247 0.250000
v 0.923879 0.707247 1.000000
v 0.707107 0.459063 0.250000
v 0.707107 0.459063 1.000000
v 0.382683 0.348232 1.000000
v 0.382683 0.348232 0.250000
v 0.725000 0.612595 -0.150000
v 0.725000 0.186616 -0.150000
v 0.725000 0.186616 -0.250000
v 0.725000 0.677449 -0.250000
v 0.725000 0.186616 -0.250000
v 0.625000 0.186616 -0.250000
v 0.625000 0.580388 -0.250000
v 0.725000 0.677449 -0.250000
v -0.725000 0.186616 -0.250000
v -0.725000 0.677449 -0.250000
v -0.625000 0.580389 -0.250000
v -0.625000 0.186616 -0.250000
v -0.725000 0.612595 -0.150000
v -0.725000 0.677449 -0.250000
v -0.725000 0.186616 -0.250000
v -0.725000 0.186616 -0.150000
v -0.707107 0.459063 1.000000
v -0.725000 0.479549 1.000000
v -0.725000 0.186616 1.000000
v 0.725000 0.186616 1.000000
v 0.725000 0.479549 1.000000
v 0.707107 0.459063 1.000000
v 0.725000 0.186616 1.000000
v 0.707107 0.459063 1.000000
v 0.382683 0.348232 1.000000
v -0.382684 0.348232 1.000000
v -0.707107 0.459063 1.000000
v -0.725000 0.186616 1.000000
v 0.725000 0.186616 1.000000
v 0.382683 0.348232 1.000000
v -0.725000 0.186616 1.000000
v 0.725000 0.547939 -0.050305
v 0.725000 0.186616 -0.150000
v 0.725000 0.612595 -0.150000
v 0.725000 0.186616 -0.150000
v 0.725000 0.479549 0.250000
v 0.725000 0.186616 1.000000
v 0.725000 0.186616 1.000000
v 0.725000 0.479549 0.250000
v 0.725000 0.479549 1.000000
v -0.725000 0.547939 -0.050305
v -0.725000 0.612595 -0.150000
v -0.725000 0.186616 -0.150000
v -0.725000 0.186616 -0.150000
v -0.725000 0.186616 1.000000
v -0.725000 0.479549 0.250000
v -0.725000 0.186616 1.000000
v -0.725000 0.479549 1.000000
v -0.725000 0.479549 0.250000
v -0.625000 0.186616 -0.250000
v -0.625000 0.580389 -0.250000
v -0.500000 0.459063 -0.250000
v -0.625000 0.186616 -0.250000
v -0.500000 0.459063 -0.250000
v -0.207107 0.402384 -0.250000
v 0.500000 0.459063 -0.250000
v 0.625000 0.580388 -0.250000
v 0.625000 0.186616 -0.250000
v 0.207107 0.402384 -0.250000
v 0.500000 0.459063 -0.250000
v 0.625000 0.186616 -0.250000
v 0.625000 0.186616 -0.250000
v -0.625000 0.186616 -0.250000
v 0.000000 0.388310 -0.250000
v -0.625000 0.186616 -0.250000
v -0.207107 0.402384 -0.250000
v 0.000000 0.388310 -0.250000
v 0.382683 0.348232 0.250000
v 0.382683 0.348232 1.000000
v 0.113177 0.348232 0.381886
v -0.000000 0.348232 0.108653
v 0.146447 0.348232 -0.103553
v 0.113177 0.348232 0.155532
v -0.382684 0.348232 1.000000
v -0.000000 0.348232 0.428766
v 0.382683 0.348232 1.000000
v -0.000000 0.348232 0.428766
v -0.382684 0.348232 1.000000
v -0.113177 0.348232 0.381886
v -0.113177 0.348232 0.381886
v -0.382684 0.348232 1.000000
v -0.382684 0.348232 0.250000
v 0.382683 0.348232 0.250000
v 0.113177 0.348232 0.381886
v 0.160056 0.348232 0.268709
v -0.160056 0.348232 0.268709
v -0.113177 0.348232 0.381886
v -0.382684 0.348232 0.250000
v 0.382683 0.348232 0.250000
v 0.160056 0.348232 0.268709
v 0.353553 0.348232 0.103554
v -0.113177 0.348232 0.155532
v -0.160056 0.348232 0.268709
v -0.353554 0.348232 0.103553
v -0.353554 0.348232 0.103553
v -0.160056 0.348232 0.268709
v -0.382684 0.348232 0.250000
v 0.353553 0.348232 0.103554
v 0.113177 0.348232 0.155532
v 0.270598 0.348232 -0.020598
v 0.113177 0.348232 0.155532
v 0.146447 0.348232 -0.103553
v 0.270598 0.348232 -0.020598
v -0.270598 0.348232 -0.020598
v -0.113177 0.348232 0.155532
v -0.353554 0.348232 0.103553
v 0.353553 0.348232 0.103554
v 0.160056 0.348232 0.268709
v 0.113177 0.348232 0.155532
v -0.113177 0.348232 0.155532
v -0.146447 0.348232 -0.103553
v -0.000000 0.348232 0.108653
v 0.382683 0.348232 1.000000
v -0.000000 0.348232 0.428766
v 0.113177 0.348232 0.381886
v -0.270598 0.348232 -0.020598
v -0.146447 0.348232 -0.103553
v -0.113177 0.348232 0.155532
v -0.146447 0.348232 -0.103553
v 0.000000 0.348232 -0.132684
v -0.000000 0.348232 0.108653
v -0.000000 0.348232 0.108653
v 0.000000 0.348232 -0.132684
v 0.146447 0.348232 -0.103553
v -0.000055 1.500000 0.668006
v 0.082284 1.500000 0.720161
v -0.000055 1.500000 0.686055
v 0.095046 1.500000 0.707399
v 0.082284 1.500000 0.720161
v -0.000055 1.500000 0.668006
v -0.082394 1.500000 0.720161
v -0.116500 1.000000 0.802500
v -0.116500 1.500000 0.802500
v -0.082394 1.000000 0.720161
v -0.116500 1.000000 0.802500
v -0.082394 1.500000 0.720161
v -0.134549 1.500000 0.802500
v -0.082394 1.500000 0.720161
v -0.116500 1.500000 0.802500
v -0.095157 1.500000 0.707399
v -0.082394 1.500000 0.720161
v -0.134549 1.500000 0.802500
v -0.000055 1.500000 0.686055
v -0.082394 1.000000 0.720161
v -0.082394 1.500000 0.720161
v -0.000055 1.000000 0.686055
v -0.082394 1.000000 0.720161
v -0.000055 1.500000 0.686055
v 0.095046 1.500000 0.897601
v -0.000055 1.500000 0.918945
v 0.082284 1.500000 0.884839
v -0.000055 1.500000 0.936994
v -0.000055 1.500000 0.918945
v 0.095046 1.500000 0.897601
v 0.082284 1.500000 0.720161
v -0.000055 1.000000 0.686055
v -0.000055 1.500000 0.686055
v 0.082284 1.000000 0.720161
v -0.000055 1.000000 0.686055
v 0.082284 1.500000 0.720161
v -0.095157 1.500000 0.707399
v -0.000055 1.500000 0.686055
v -0.082394 1.500000 0.720161
v -0.000055 1.500000 0.668006
v -0.000055 1.500000 0.686055
v -0.095157 1.500000 0.707399
v 0.116389 1.500000 0.802500
v 0.082284 1.000000 0.720161
v 0.082284 1.500000 0.720161
v 0.116389 1.000000 0.802500
v 0.082284 1.000000 0.720161
v 0.116389 1.500000 0.802500
v 0.134438 1.500000 0.802500
v 0.082284 1.500000 0.884839
v 0.116389 1.500000 0.802500
v 0.095046 1.500000 0.897601
v 0.082284 1.500000 0.884839
v 0.134438 1.500000 0.802500
v 0.082284 1.500000 0.884839
v 0.116389 1.000000 0.802500
v 0.116389 1.500000 0.802500
v 0.082284 1.000000 0.884839
v 0.116389 1.000000 0.802500
v 0.082284 1.500000 0.884839
v -0.095157 1.500000 0.897601
v -0.116500 1.500000 0.802500
v -0.082394 1.500000 0.884839
v -0.134549 1.500000 0.802500
v -0.116500 1.500000 0.802500
v -0.095157 1.500000 0.897601
v -0.000055 1.500000 0.918945
v 0.082284 1.000000 0.884839
v 0.082284 1.500000 0.884839
v -0.000055 1.000000 0.918945
v 0.082284 1.000000 0.884839
v -0.000055 1.500000 0.918945
v 0.095046 1.500000 0.707399
v 0.116389 1.500000 0.802500
v 0.082284 1.500000 0.720161
v 0.134438 1.500000 0.802500
v 0.116389 1.500000 0.802500
v 0.095046 1.500000 0.707399
v 0.095046 1.606598 0.897602
v -0.000055 1.500000 0.936994
v 0.095046 1.500000 0.897601
v -0.000055 1.606598 0.936994
v -0.000055 1.500000 0.936994
v 0.095046 1.606598 0.897602
v -0.082394 1.500000 0.884839
v -0.000055 1.000000 0.918945
v -0.000055 1.500000 0.918945
v -0.082394 1.000000 0.884839
v -0.000055 1.000000 0.918945
v -0.082394 1.500000 0.884839
v -0.000055 1.500000 0.936994
v -0.082394 1.500000 0.884839
v -0.000055 1.500000 0.918945
v -0.095157 1.500000 0.897601
v -0.082394 1.500000 0.884839
v -0.000055 1.500000 0.936994
v -0.116500 1.500000 0.802500
v -0.082394 1.000000 0.884839
v -0.082394 1.500000 0.884839
v -0.116500 1.000000 0.802500
v -0.082394 1.000000 0.884839
v -0.116500 1.500000 0.802500
v -0.095157 1.656597 0.707399
v -0.000055 1.656597 0.668006
v -0.000055 1.656597 0.268006
v -0.095157 1.656597 0.307399
v -0.095157 1.606598 0.707399
v -0.000055 1.500000 0.668006
v -0.095157 1.500000 0.707399
v -0.000055 1.606598 0.668006
v -0.000055 1.500000 0.668006
v -0.095157 1.606598 0.707399
v -0.000055 1.606598 0.936994
v -0.095157 1.500000 0.897601
v -0.000055 1.500000 0.936994
v -0.095157 1.606598 0.897602
v -0.095157 1.500000 0.897601
v -0.000055 1.606598 0.936994
v 0.134438 1.606598 0.802500
v 0.095046 1.500000 0.897601
v 0.134438 1.500000 0.802500
v 0.095046 1.606598 0.897602
v 0.095046 1.500000 0.897601
v 0.134438 1.606598 0.802500
v -0.134549 1.606598 0.802500
v -0.095157 1.500000 0.707399
v -0.134549 1.500000 0.802500
v -0.095157 1.606598 0.707399
v -0.095157 1.500000 0.707399
v -0.134549 1.606598 0.802500
v 0.095046 1.606598 0.707399
v 0.134438 1.500000 0.802500
v 0.095046 1.500000 0.707399
v 0.134438 1.606598 0.802500
v 0.134438 1.500000 0.802500
v 0.095046 1.606598 0.707399
v -0.000055 1.606598 0.668006
v 0.095046 1.500000 0.707399
v -0.000055 1.500000 0.668006
v 0.095046 1.606598 0.707399
v 0.095046 1.500000 0.707399
v -0.000055 1.606598 0.668006
v -0.095157 1.606598 0.897602
v -0.134549 1.500000 0.802500
v -0.095157 1.500000 0.897601
v -0.134549 1.606598 0.802500
v -0.134549 1.500000 0.802500
v -0.095157 1.606598 0.897602
v -0.000055 1.606598 0.268006
v -0.095157 1.606598 0.307399
v -0.095157 1.656597 0.307399
v -0.000055 1.656597 0.268006
v -0.134549 1.606598 0.802500
v -0.134549 1.656597 0.802500
v -0.134549 1.656597 0.402500
v -0.134549 1.606598 0.402500
v -0.000055 1.656597 0.936994
v -0.134549 1.656597 0.802500
v -0.095157 1.656597 0.897602
v -0.000055 1.656597 0.936994
v -0.000055 1.656597 0.668006
v -0.134549 1.656597 0.802500
v -0.000055 1.656597 0.936994
v 0.134438 1.656597 0.802500
v 0.095046 1.656597 0.707399
v 0.095046 1.606598 0.307399
v -0.000055 1.606598 0.268006
v -0.000055 1.656597 0.268006
v 0.095046 1.656597 0.307399
v -0.134549 1.656597 0.802500
v -0.000055 1.656597 0.668006
v -0.095157 1.656597 0.707399
v -0.095157 1.606598 0.897602
v -0.000055 1.606598 0.936994
v -0.000055 1.656597 0.936994
v -0.095157 1.656597 0.897602
v -0.000055 1.656597 0.936994
v 0.095046 1.656597 0.707399
v -0.000055 1.656597 0.668006
v 0.134438 1.656597 0.802500
v -0.000055 1.656597 0.936994
v 0.095046 1.656597 0.897602
v -0.049553 1.233624 0.135181
v -0.070055 1.233624 0.184679
v -0.070055 1.348624 0.184679
v -0.049553 1.348624 0.135181
v -0.049553 1.233624 0.135181
v -0.070055 1.348624 0.184679
v -0.050526 1.299529 0.064679
v -0.071432 1.350000 0.757432
v -0.071432 1.350000 0.064679
v -0.050526 1.299529 0.757432
v -0.071432 1.350000 0.757432
v -0.050526 1.299529 0.064679
v -0.000055 1.278623 0.064679
v -0.050526 1.299529 0.757432
v -0.050526 1.299529 0.064679
v -0.000055 1.278623 0.757432
v -0.050526 1.299529 0.757432
v -0.000055 1.278623 0.064679
v -0.000055 1.233624 0.254679
v 0.049442 1.233624 0.234176
v 0.049442 1.348624 0.234176
v -0.000055 1.348624 0.254679
v -0.000055 1.233624 0.254679
v 0.049442 1.348624 0.234176
v 0.050415 1.299529 0.064679
v -0.000055 1.278623 0.757432
v -0.000055 1.278623 0.064679
v 0.050415 1.299529 0.757432
v -0.000055 1.278623 0.757432
v 0.050415 1.299529 0.064679
v -0.070055 1.233624 0.184679
v -0.049553 1.233624 0.234176
v -0.049553 1.348624 0.234176
v -0.070055 1.348624 0.184679
v -0.070055 1.233624 0.184679
v -0.049553 1.348624 0.234176
v 0.071321 1.350000 0.064679
v 0.050415 1.299529 0.757432
v 0.050415 1.299529 0.064679
v 0.071321 1.350000 0.757432
v 0.050415 1.299529 0.757432
v 0.071321 1.350000 0.064679
v -0.049553 1.233624 0.234176
v 0.069945 1.233624 0.184679
v -0.000055 1.233624 0.254679
v -0.070055 1.233624 0.184679
v 0.069945 1.233624 0.184679
v -0.049553 1.233624 0.234176
v 0.049442 1.233624 0.234176
v 0.069945 1.233624 0.184679
v 0.069945 1.348624 0.184679
v 0.049442 1.348624 0.234176
v 0.049442 1.233624 0.234176
v 0.069945 1.348624 0.184679
v -0.095157 1.606598 0.707399
v -0.134549 1.606598 0.802500
v -0.134549 1.606598 0.402500
v -0.095157 1.606598 0.307399
v 0.095046 1.656597 0.707399
v 0.134438 1.656597 0.802500
v 0.134438 1.656597 0.402500
v 0.095046 1.656597 0.307399
v 0.134438 1.656597 0.802500
v 0.134438 1.606598 0.802500
v 0.134438 1.606598 0.402500
v 0.134438 1.656597 0.402500
v 0.095046 1.606598 0.707399
v -0.000055 1.606598 0.668006
v -0.000055 1.606598 0.268006
v 0.095046 1.606598 0.307399
v -0.134549 1.656597 0.802500
v -0.095157 1.656597 0.707399
v -0.095157 1.656597 0.307399
v -0.134549 1.656597 0.402500
v -0.049553 1.233624 0.234176
v -0.000055 1.233624 0.254679
v -0.000055 1.348624 0.254679
v -0.049553 1.348624 0.234176
v -0.049553 1.233624 0.234176
v -0.000055 1.348624 0.254679
v -0.000055 1.656597 0.668006
v 0.095046 1.656597 0.707399
v 0.095046 1.656597 0.307399
v -0.000055 1.656597 0.268006
v -0.095157 1.606598 0.307399
v -0.134549 1.606598 0.402500
v -0.134549 1.656597 0.402500
v -0.095157 1.656597 0.307399
v -0.000055 1.233624 0.114679
v -0.049553 1.233624 0.135181
v -0.049553 1.348624 0.135181
v -0.000055 1.348624 0.114679
v -0.000055 1.233624 0.114679
v -0.049553 1.348624 0.135181
v 0.049442 1.233624 0.135181
v -0.000055 1.233624 0.114679
v -0.000055 1.348624 0.114679
v 0.049442 1.348624 0.135181
v 0.049442 1.233624 0.135181
v -0.000055 1.348624 0.114679
v 0.069945 1.233624 0.184679
v 0.049442 1.233624 0.135181
v 0.049442 1.348624 0.135181
v 0.069945 1.348624 0.184679
v 0.069945 1.233624 0.184679
v 0.049442 1.348624 0.135181
v -0.049553 1.233624 0.135181
v 0.069945 1.233624 0.184679
v -0.070055 1.233624 0.184679
v 0.134438 1.606598 0.402500
v 0.095046 1.606598 0.307399
v 0.095046 1.656597 0.307399
v 0.134438 1.656597 0.402500
v 0.071321 1.350000 0.064679
v -0.000055 1.278623 0.064679
v -0.071432 1.350000 0.064679
v 0.071321 1.400000 0.757432
v 0.071321 1.400000 0.064679
v -0.071432 1.400000 0.064679
v -0.071432 1.400000 0.757432
v 0.071321 1.350000 0.757432
v 0.071321 1.350000 0.064679
v 0.071321 1.400000 0.064679
v 0.071321 1.400000 0.757432
v -0.071432 1.350000 0.064679
v -0.071432 1.350000 0.757432
v -0.071432 1.400000 0.757432
v -0.071432 1.400000 0.064679
v -0.000055 1.606598 0.668006
v -0.095157 1.606598 0.707399
v -0.095157 1.606598 0.307399
v -0.000055 1.606598 0.268006
v -0.000055 1.606598 0.936994
v 0.095046 1.606598 0.897602
v 0.095046 1.656597 0.897602
v -0.000055 1.656597 0.936994
v 0.095046 1.606598 0.897602
v 0.134438 1.606598 0.802500
v 0.134438 1.656597 0.802500
v 0.095046 1.656597 0.897602
v -0.134549 1.606598 0.802500
v -0.095157 1.606598 0.897602
v -0.095157 1.656597 0.897602
v -0.134549 1.656597 0.802500
v 0.134438 1.606598 0.802500
v 0.095046 1.606598 0.707399
v 0.095046 1.606598 0.307399
v 0.134438 1.606598 0.402500
v -0.000055 1.233624 0.254679
v 0.069945 1.233624 0.184679
v 0.049442 1.233624 0.234176
v 0.069945 1.233624 0.184679
v -0.000055 1.233624 0.114679
v 0.049442 1.233624 0.135181
v -0.000055 1.233624 0.114679
v 0.069945 1.233624 0.184679
v -0.049553 1.233624 0.135181
v 0.071321 1.350000 0.064679
v 0.050415 1.299529 0.064679
v -0.000055 1.278623 0.064679
v -0.000055 1.278623 0.064679
v -0.050526 1.299529 0.064679
v -0.071432 1.350000 0.064679
v -0.071432 1.350000 0.064679
v -0.071432 1.400000 0.064679
v 0.071321 1.400000 0.064679
v 0.071321 1.400000 0.064679
v 0.071321 1.350000 0.064679
v -0.071432 1.350000 0.064679

vt 0.743623 0.378415
vt 0.819119 0.472203
vt 0.743623 0.475914
vt 0.819119 0.382125
vt 0.819119 0.472203
vt 0.743623 0.378415
vt 0.161046 0.665921
vt 0.236542 0.759710
vt 0.161046 0.763421
vt 0.236542 0.669632
vt 0.236542 0.759710
vt 0.161046 0.665921
vt 0.237977 0.665921
vt 0.313473 0.759710
vt 0.237977 0.763420
vt 0.313473 0.669632
vt 0.313473 0.759710
vt 0.237977 0.665921
vt 0.161046 0.764856
vt 0.242708 0.844367
vt 0.161046 0.854934
vt 0.242708 0.775424
vt 0.242708 0.844367
vt 0.161046 0.764856
vt 0.480709 0.776437
vt 0.405122 0.589024
vt 0.480709 0.589024
vt 0.405122 0.776437
vt 0.405122 0.589024
vt 0.480709 0.776437
vt 0.853271 0.591998
vt 0.771609 0.512488
vt 0.853271 0.501920
vt 0.771609 0.581431
vt 0.771609 0.512488
vt 0.853271 0.591998
vt 0.153145 0.772669
vt 0.077649 0.678880
vt 0.153145 0.675169
vt 0.077649 0.768958
vt 0.077649 0.678880
vt 0.153145 0.772669
vt 0.516948 0.690769
vt 0.592444 0.784558
vt 0.516948 0.788269
vt 0.592444 0.694480
vt 0.592444 0.784558
vt 0.516948 0.690769
vt 0.325805 0.854934
vt 0.244144 0.775424
vt 0.325805 0.764856
vt 0.244144 0.844367
vt 0.244144 0.775424
vt 0.325805 0.854934
vt 0.687831 0.690769
vt 0.763326 0.784558
vt 0.687831 0.788268
vt 0.763326 0.694480
vt 0.763326 0.784558
vt 0.687831 0.690769
vt 0.492859 0.867951
vt 0.411197 0.788441
vt 0.492859 0.777873
vt 0.411197 0.857383
vt 0.411197 0.788441
vt 0.492859 0.867951
vt 0.764762 0.770279
vt 0.846424 0.690769
vt 0.846424 0.780847
vt 0.764762 0.701337
vt 0.846424 0.690769
vt 0.764762 0.770279
vt 0.000718 0.675169
vt 0.076213 0.768958
vt 0.000718 0.772669
vt 0.076213 0.678880
vt 0.076213 0.768958
vt 0.000718 0.675169
vt 0.403686 0.776437
vt 0.328100 0.589024
vt 0.403686 0.589025
vt 0.328100 0.776437
vt 0.328100 0.589024
vt 0.403686 0.776437
vt 0.604052 0.689333
vt 0.686395 0.501920
vt 0.686395 0.689333
vt 0.604052 0.501920
vt 0.686395 0.501920
vt 0.604052 0.689333
vt 0.679548 0.788269
vt 0.604052 0.694480
vt 0.679548 0.690769
vt 0.604052 0.784558
vt 0.604052 0.694480
vt 0.679548 0.788269
vt 0.439450 0.346227
vt 0.602316 0.500484
vt 0.529162 0.481463
vt 0.836189 0.935536
vt 0.900360 0.855815
vt 0.900360 0.932382
vt 0.836189 0.852661
vt 0.900360 0.855815
vt 0.836189 0.935536
vt 0.973362 0.912698
vt 0.901796 0.957856
vt 0.901796 0.926142
vt 0.973362 0.971300
vt 0.901796 0.957856
vt 0.973362 0.912698
vt 0.898036 0.077284
vt 0.967448 0.009700
vt 0.967448 0.068302
vt 0.898036 0.000718
vt 0.967448 0.009700
vt 0.898036 0.077284
vt 0.680984 0.874040
vt 0.745232 0.789704
vt 0.745232 0.874040
vt 0.680984 0.789705
vt 0.745232 0.789704
vt 0.680984 0.874040
vt 0.083815 0.942751
vt 0.147986 0.863030
vt 0.147986 0.939597
vt 0.083815 0.859876
vt 0.147986 0.863030
vt 0.083815 0.942751
vt 0.991880 0.621995
vt 0.920313 0.667153
vt 0.920313 0.635438
vt 0.991880 0.680596
vt 0.920313 0.667153
vt 0.991880 0.621995
vt 0.967448 0.156722
vt 0.898036 0.224306
vt 0.898036 0.165705
vt 0.967448 0.233288
vt 0.898036 0.224306
vt 0.967448 0.156722
vt 0.516948 0.874040
vt 0.586939 0.789704
vt 0.586939 0.874040
vt 0.516948 0.789704
vt 0.586939 0.789704
vt 0.516948 0.874040
vt 0.468360 0.869387
vt 0.398948 0.936971
vt 0.398948 0.878369
vt 0.468360 0.945953
vt 0.398948 0.936971
vt 0.468360 0.869387
vt 0.764762 0.866618
vt 0.834753 0.782283
vt 0.834753 0.866618
vt 0.764762 0.782283
vt 0.834753 0.782283
vt 0.764762 0.866618
vt 0.918878 0.593434
vt 0.854707 0.673155
vt 0.854707 0.596588
vt 0.918878 0.676309
vt 0.854707 0.673155
vt 0.918878 0.593434
vt 0.901796 0.911262
vt 0.973362 0.866104
vt 0.973362 0.897819
vt 0.901796 0.852661
vt 0.973362 0.866104
vt 0.901796 0.911262
vt 0.680984 0.952042
vt 0.750396 0.884458
vt 0.750396 0.943060
vt 0.680984 0.875476
vt 0.750396 0.884458
vt 0.680984 0.952042
vt 0.603751 0.426955
vt 0.688087 0.499773
vt 0.603752 0.499773
vt 0.688087 0.426955
vt 0.688087 0.499773
vt 0.603751 0.426955
vt 0.290824 0.856370
vt 0.226653 0.936091
vt 0.226653 0.859524
vt 0.290824 0.939245
vt 0.226653 0.936091
vt 0.290824 0.856370
vt 0.529162 0.481463
vt 0.467145 0.427295
vt 0.439450 0.346227
vt 0.602316 0.500484
vt 0.439450 0.346227
vt 0.439450 0.154975
vt 0.529162 0.019739
vt 0.439450 0.154975
vt 0.467144 0.073907
vt 0.439450 0.154975
vt 0.529162 0.019739
vt 0.602316 0.000718
vt 0.439450 0.154975
vt 0.602316 0.000718
vt 0.602316 0.500484
vt 0.993387 0.782283
vt 0.921820 0.827441
vt 0.921820 0.795726
vt 0.993387 0.840884
vt 0.921820 0.827441
vt 0.993387 0.782283
vt 0.225217 0.856370
vt 0.161046 0.936091
vt 0.161046 0.859524
vt 0.225217 0.939245
vt 0.161046 0.936091
vt 0.225217 0.856370
vt 0.991880 0.501920
vt 0.920313 0.547078
vt 0.920313 0.515364
vt 0.991880 0.560522
vt 0.920313 0.547078
vt 0.991880 0.501920
vt 0.834174 0.868054
vt 0.764762 0.935638
vt 0.764762 0.877037
vt 0.834174 0.944620
vt 0.764762 0.935638
vt 0.834174 0.868054
vt 0.847860 0.775104
vt 0.912108 0.690769
vt 0.912108 0.775104
vt 0.847859 0.690769
vt 0.912108 0.690769
vt 0.847860 0.775104
vt 0.985110 0.690769
vt 0.913544 0.735927
vt 0.913544 0.704212
vt 0.985110 0.749370
vt 0.913544 0.735927
vt 0.985110 0.690769
vt 0.967448 0.078720
vt 0.898036 0.146304
vt 0.898036 0.087703
vt 0.967448 0.155286
vt 0.898036 0.146304
vt 0.967448 0.078720
vt 0.083815 0.858440
vt 0.156633 0.774105
vt 0.156633 0.858440
vt 0.083815 0.774105
vt 0.156633 0.774105
vt 0.083815 0.858440
vt 0.658051 0.860083
vt 0.593880 0.939803
vt 0.593880 0.863237
vt 0.658051 0.942958
vt 0.593880 0.939803
vt 0.658051 0.860083
vt 0.328100 0.945953
vt 0.397512 0.878369
vt 0.397512 0.936971
vt 0.328100 0.869387
vt 0.397512 0.878369
vt 0.328100 0.945953
vt 0.918878 0.501920
vt 0.854707 0.581641
vt 0.854707 0.505075
vt 0.918878 0.584795
vt 0.854707 0.581641
vt 0.918878 0.501920
vt 0.991880 0.561958
vt 0.920313 0.607116
vt 0.920314 0.575401
vt 0.991880 0.620559
vt 0.920313 0.607116
vt 0.991880 0.561958
vt 0.064889 0.865618
vt 0.000718 0.945339
vt 0.000718 0.868773
vt 0.064889 0.948493
vt 0.000718 0.945339
vt 0.064889 0.865618
vt 0.232612 0.940681
vt 0.161046 0.985839
vt 0.161046 0.954124
vt 0.232612 0.999282
vt 0.161046 0.985839
vt 0.232612 0.940681
vt 0.586361 0.875476
vt 0.516948 0.943060
vt 0.516948 0.884458
vt 0.586361 0.952042
vt 0.516948 0.943060
vt 0.586361 0.875476
vt 0.680007 0.016886
vt 0.742188 0.000718
vt 0.603751 0.131837
vt 0.603751 0.131837
vt 0.627292 0.062929
vt 0.680007 0.016886
vt 0.603752 0.294401
vt 0.603751 0.131837
vt 0.742188 0.000718
vt 0.627292 0.363309
vt 0.603752 0.294401
vt 0.680007 0.409351
vt 0.742188 0.425519
vt 0.680007 0.409351
vt 0.603752 0.294401
vt 0.742188 0.000718
vt 0.742188 0.425519
vt 0.603752 0.294401
vt 0.259023 0.620685
vt 0.285527 0.609707
vt 0.326664 0.664485
vt 0.326664 0.664485
vt 0.285527 0.609707
vt 0.296506 0.583203
vt 0.326664 0.664485
vt 0.296506 0.583203
vt 0.326664 0.501920
vt 0.326664 0.501920
vt 0.296506 0.583203
vt 0.285527 0.556699
vt 0.259023 0.545720
vt 0.242328 0.501920
vt 0.326664 0.501920
vt 0.184853 0.525727
vt 0.232519 0.556699
vt 0.167233 0.552097
vt 0.242329 0.664485
vt 0.259023 0.620685
vt 0.326664 0.664485
vt 0.259023 0.620685
vt 0.242329 0.664485
vt 0.232519 0.609707
vt 0.259023 0.545720
vt 0.232519 0.556699
vt 0.242328 0.501920
vt 0.242329 0.664485
vt 0.211223 0.658298
vt 0.232519 0.609707
vt 0.242328 0.501920
vt 0.232519 0.556699
vt 0.211223 0.508108
vt 0.184853 0.525727
vt 0.211223 0.508108
vt 0.232519 0.556699
vt 0.167233 0.552097
vt 0.221541 0.583203
vt 0.161046 0.583203
vt 0.285527 0.556699
vt 0.259023 0.545720
vt 0.326664 0.501920
vt 0.232519 0.556699
vt 0.221541 0.583203
vt 0.167233 0.552097
vt 0.232519 0.609707
vt 0.184853 0.640678
vt 0.167233 0.614308
vt 0.211223 0.658298
vt 0.184853 0.640678
vt 0.232519 0.609707
vt 0.221541 0.583203
vt 0.167233 0.614308
vt 0.161046 0.583203
vt 0.221541 0.583203
vt 0.232519 0.609707
vt 0.167233 0.614308
vt 0.438014 0.500484
vt 0.250601 0.500484
vt 0.322918 0.463002
vt 0.438014 0.500484
vt 0.322918 0.463002
vt 0.438014 0.000718
vt 0.438014 0.000718
vt 0.322918 0.463002
vt 0.322917 0.038200
vt 0.438014 0.000718
vt 0.322917 0.038200
vt 0.250601 0.000718
vt 0.322918 0.463002
vt 0.250601 0.500484
vt 0.238582 0.463002
vt 0.322917 0.038200
vt 0.238582 0.038201
vt 0.250601 0.000718
vt 0.250601 0.500484
vt 0.154975 0.481463
vt 0.238582 0.463002
vt 0.250601 0.000718
vt 0.238582 0.038201
vt 0.154975 0.019739
vt 0.238582 0.463002
vt 0.154975 0.481463
vt 0.157300 0.446834
vt 0.238582 0.038201
vt 0.157299 0.054369
vt 0.154975 0.019739
vt 0.073907 0.427295
vt 0.088392 0.400791
vt 0.157300 0.446834
vt 0.073907 0.073907
vt 0.154975 0.019739
vt 0.157299 0.054369
vt 0.088392 0.100411
vt 0.073907 0.073907
vt 0.157299 0.054369
vt 0.073907 0.427295
vt 0.019739 0.346227
vt 0.088392 0.400791
vt 0.019739 0.346227
vt 0.042349 0.331883
vt 0.088392 0.400791
vt 0.019739 0.154975
vt 0.073907 0.073907
vt 0.088392 0.100411
vt 0.042349 0.169319
vt 0.019739 0.154975
vt 0.088392 0.100411
vt 0.026181 0.250601
vt 0.000718 0.250601
vt 0.042349 0.169319
vt 0.000718 0.250601
vt 0.026181 0.250601
vt 0.042349 0.331883
vt 0.000718 0.250601
vt 0.019739 0.154975
vt 0.042349 0.169319
vt 0.019739 0.346227
vt 0.000718 0.250601
vt 0.042349 0.331883
vt 0.154975 0.481463
vt 0.073907 0.427295
vt 0.157300 0.446834
vt 0.602616 0.501920
vt 0.516948 0.689333
vt 0.516948 0.501920
vt 0.602616 0.689333
vt 0.516948 0.689333
vt 0.602616 0.501920
vt 0.920385 0.851225
vt 0.836189 0.798098
vt 0.920385 0.782283
vt 0.836189 0.835410
vt 0.836189 0.798098
vt 0.920385 0.851225
vt 0.820555 0.378415
vt 0.904750 0.431542
vt 0.820555 0.447357
vt 0.904750 0.394230
vt 0.904750 0.431542
vt 0.820555 0.378415
vt 0.812405 0.071097
vt 0.896600 0.124224
vt 0.812405 0.140039
vt 0.896600 0.086912
vt 0.896600 0.124224
vt 0.812405 0.071097
vt 0.593880 0.789704
vt 0.678075 0.842832
vt 0.593880 0.858647
vt 0.678075 0.805520
vt 0.678075 0.842832
vt 0.593880 0.789704
vt 0.896600 0.282232
vt 0.812405 0.335359
vt 0.812405 0.298048
vt 0.896600 0.351175
vt 0.812405 0.335359
vt 0.896600 0.282232
vt 0.896600 0.211854
vt 0.812405 0.264981
vt 0.812405 0.227669
vt 0.896600 0.280796
vt 0.812405 0.264981
vt 0.896600 0.211854
vt 0.771609 0.683512
vt 0.853271 0.604002
vt 0.853271 0.672945
vt 0.771609 0.593434
vt 0.853271 0.604002
vt 0.771609 0.683512
vt 0.000718 0.853615
vt 0.082379 0.774105
vt 0.082379 0.864183
vt 0.000718 0.784672
vt 0.082379 0.774105
vt 0.000718 0.853615
vt 0.812405 0.000718
vt 0.896600 0.053845
vt 0.812405 0.069661
vt 0.896600 0.016534
vt 0.896600 0.053845
vt 0.812405 0.000718
vt 0.409761 0.777873
vt 0.328100 0.857383
vt 0.328100 0.788441
vt 0.409761 0.867951
vt 0.328100 0.857383
vt 0.409761 0.777873
vt 0.896600 0.210418
vt 0.812405 0.157291
vt 0.896600 0.141475
vt 0.812405 0.194602
vt 0.812405 0.157291
vt 0.896600 0.210418
vt 0.687831 0.689333
vt 0.770173 0.501920
vt 0.770173 0.689333
vt 0.687831 0.501920
vt 0.770173 0.501920
vt 0.687831 0.689333
vt 0.328100 0.501920
vt 0.515512 0.587589
vt 0.328100 0.587588
vt 0.515512 0.501920
vt 0.515512 0.587589
vt 0.328100 0.501920
vt 0.743623 0.222522
vt 0.810969 0.189566
vt 0.810969 0.376979
vt 0.292260 0.862792
vt 0.322190 0.856370
vt 0.322190 0.920799
vt 0.000718 0.608366
vt 0.159610 0.501920
vt 0.159610 0.673733
vt 0.482145 0.595033
vt 0.512161 0.589024
vt 0.512161 0.760837
vt 0.810969 0.188130
vt 0.743623 0.155174
vt 0.810969 0.000718
vt 0.968884 0.052741
vt 0.989138 0.000718
vt 0.989138 0.075695
vt 0.514548 0.852850
vt 0.494295 0.800826
vt 0.514548 0.777873
vt 0.953510 0.234724
vt 0.953510 0.272036
vt 0.898036 0.265768
vt 0.322378 0.922234
vt 0.322378 0.983689
vt 0.292260 0.978216
vt 0.978098 0.486105
vt 0.941023 0.481916
vt 0.978098 0.430278
vt 0.937638 0.289249
vt 0.972342 0.275545
vt 0.972342 0.336999
vt 0.506741 0.869387
vt 0.506741 0.928416
vt 0.469796 0.874605
vt 0.937638 0.347752
vt 0.973767 0.338435
vt 0.973767 0.397464
vt 0.144280 0.974798
vt 0.083815 0.963812
vt 0.144280 0.944187
vt 0.899184 0.936972
vt 0.899184 0.967583
vt 0.836189 0.950488
vt 0.906186 0.441349
vt 0.936202 0.275545
vt 0.936202 0.447357
vt 0.881138 0.457049
vt 0.939587 0.448793
vt 0.939587 0.486105
vt 0.726118 0.487261
vt 0.689523 0.434234
vt 0.726118 0.426955
vt 0.879702 0.486105
vt 0.820555 0.460558
vt 0.879702 0.448793
vt 0.596989 0.889246
vt 0.565058 0.941401
vt 0.565058 0.889246
vt 0.596989 0.941401
vt 0.565058 0.941401
vt 0.596989 0.889246
vt 0.405207 0.576001
vt 0.379662 0.638738
vt 0.379662 0.586582
vt 0.405207 0.649319
vt 0.379662 0.638738
vt 0.405207 0.576001
vt 0.405207 0.649319
vt 0.342783 0.675617
vt 0.379662 0.638738
vt 0.353364 0.701162
vt 0.342783 0.675617
vt 0.405207 0.649319
vt 0.353364 0.701162
vt 0.290627 0.675617
vt 0.342783 0.675617
vt 0.280046 0.701162
vt 0.290627 0.675617
vt 0.353364 0.701162
vt 0.280046 0.701162
vt 0.253748 0.638738
vt 0.290627 0.675617
vt 0.228203 0.649319
vt 0.253748 0.638738
vt 0.280046 0.701162
vt 0.228203 0.649319
vt 0.253748 0.586582
vt 0.253748 0.638738
vt 0.228203 0.576001
vt 0.253748 0.586582
vt 0.228203 0.649319
vt 0.228203 0.576001
vt 0.290627 0.549703
vt 0.253748 0.586582
vt 0.280046 0.524158
vt 0.290627 0.549703
vt 0.228203 0.576001
vt 0.280046 0.524158
vt 0.342783 0.549703
vt 0.290627 0.549703
vt 0.353364 0.524158
vt 0.342783 0.549703
vt 0.280046 0.524158
vt 0.353364 0.524158
vt 0.379662 0.586582
vt 0.342783 0.549703
vt 0.405207 0.576001
vt 0.379662 0.586582
vt 0.353364 0.524158
vt 0.596989 0.784935
vt 0.565058 0.837090
vt 0.565058 0.784935
vt 0.596989 0.837090
vt 0.565058 0.837090
vt 0.596989 0.784935
vt 0.596989 0.576313
vt 0.565058 0.628469
vt 0.565058 0.576313
vt 0.596989 0.628469
vt 0.565058 0.628469
vt 0.596989 0.576313
vt 0.596989 0.680624
vt 0.565058 0.732779
vt 0.565058 0.680624
vt 0.596989 0.732779
vt 0.565058 0.732779
vt 0.596989 0.680624
vt 0.596989 0.837090
vt 0.565058 0.889246
vt 0.565058 0.837090
vt 0.596989 0.889246
vt 0.565058 0.889246
vt 0.596989 0.837090
vt 0.596989 0.524158
vt 0.565058 0.576313
vt 0.565058 0.524158
vt 0.596989 0.576313
vt 0.565058 0.576313
vt 0.596989 0.524158
vt 0.596989 0.628469
vt 0.565058 0.680624
vt 0.565058 0.628469
vt 0.596989 0.680624
vt 0.565058 0.680624
vt 0.596989 0.628469
vt 0.596989 0.732779
vt 0.565058 0.784935
vt 0.565058 0.732779
vt 0.596989 0.784935
vt 0.565058 0.784935
vt 0.596989 0.732779
vt 0.497700 0.758848
vt 0.515383 0.726447
vt 0.515215 0.763897
vt 0.500502 0.734089
vt 0.515383 0.726447
vt 0.497700 0.758848
vt 0.597561 0.700120
vt 0.628466 0.656130
vt 0.628466 0.700120
vt 0.597561 0.656130
vt 0.628466 0.656130
vt 0.597561 0.700120
vt 0.629038 0.612139
vt 0.659943 0.568148
vt 0.659943 0.612139
vt 0.629038 0.568148
vt 0.659943 0.568148
vt 0.629038 0.612139
vt 0.629038 0.700120
vt 0.659943 0.656130
vt 0.659943 0.700120
vt 0.629038 0.656130
vt 0.659943 0.656130
vt 0.629038 0.700120
vt 0.597561 0.612139
vt 0.628466 0.568148
vt 0.628466 0.612139
vt 0.597561 0.568148
vt 0.628466 0.568148
vt 0.597561 0.612139
vt 0.597561 0.656130
vt 0.628466 0.612139
vt 0.628466 0.656130
vt 0.597561 0.612139
vt 0.628466 0.612139
vt 0.597561 0.656130
vt 0.629038 0.568148
vt 0.659943 0.524158
vt 0.659943 0.568148
vt 0.629038 0.524158
vt 0.659943 0.524158
vt 0.629038 0.568148
vt 0.629038 0.656130
vt 0.659943 0.612139
vt 0.659943 0.656130
vt 0.629038 0.612139
vt 0.659943 0.612139
vt 0.629038 0.656130
vt 0.597561 0.568148
vt 0.628466 0.524158
vt 0.628466 0.568148
vt 0.597561 0.524158
vt 0.628466 0.524158
vt 0.597561 0.568148
vt 0.439470 0.813130
vt 0.424645 0.763199
vt 0.448499 0.794676
vt 0.405779 0.768084
vt 0.424645 0.763199
vt 0.439470 0.813130
vt 0.498068 0.812293
vt 0.448499 0.794676
vt 0.490091 0.793566
vt 0.439470 0.813130
vt 0.448499 0.794676
vt 0.498068 0.812293
vt 0.533267 0.771467
vt 0.490091 0.793566
vt 0.515215 0.763897
vt 0.498068 0.812293
vt 0.490091 0.793566
vt 0.533267 0.771467
vt 0.533267 0.719204
vt 0.515215 0.763897
vt 0.515383 0.726447
vt 0.533267 0.771467
vt 0.515215 0.763897
vt 0.533267 0.719204
vt 0.497541 0.683903
vt 0.515383 0.726447
vt 0.490712 0.700145
vt 0.533267 0.719204
vt 0.515383 0.726447
vt 0.497541 0.683903
vt 0.448163 0.683436
vt 0.490712 0.700145
vt 0.455010 0.700909
vt 0.497541 0.683903
vt 0.490712 0.700145
vt 0.448163 0.683436
vt 0.411759 0.717454
vt 0.455010 0.700909
vt 0.427718 0.725416
vt 0.448163 0.683436
vt 0.455010 0.700909
vt 0.411759 0.717454
vt 0.405779 0.768084
vt 0.427718 0.725416
vt 0.424645 0.763199
vt 0.411759 0.717454
vt 0.427718 0.725416
vt 0.405779 0.768084
vt 0.457205 0.775642
vt 0.490091 0.793566
vt 0.448499 0.794676
vt 0.478735 0.777984
vt 0.490091 0.793566
vt 0.457205 0.775642
vt 0.461704 0.716532
vt 0.427718 0.725416
vt 0.455010 0.700909
vt 0.442398 0.734434
vt 0.427718 0.725416
vt 0.461704 0.716532
vt 0.500502 0.734089
vt 0.490712 0.700145
vt 0.515383 0.726447
vt 0.485420 0.716264
vt 0.490712 0.700145
vt 0.500502 0.734089
vt 0.478904 0.777621
vt 0.515215 0.763897
vt 0.490091 0.793566
vt 0.497700 0.758848
vt 0.515215 0.763897
vt 0.478904 0.777621
vt 0.442237 0.759418
vt 0.448499 0.794676
vt 0.424645 0.763199
vt 0.457205 0.775642
vt 0.448499 0.794676
vt 0.442237 0.759418
vt 0.442398 0.734434
vt 0.424645 0.763199
vt 0.427718 0.725416
vt 0.442237 0.759418
vt 0.424645 0.763199
vt 0.442398 0.734434
vt 0.485420 0.716264
vt 0.455010 0.700909
vt 0.490712 0.700145
vt 0.461985 0.716336
vt 0.455010 0.700909
vt 0.485420 0.716264
vt 0.416428 0.575053
vt 0.405779 0.570642
vt 0.456674 0.534807
vt 0.405779 0.570642
vt 0.452263 0.524158
vt 0.456674 0.534807
vt 0.569701 0.000286
vt 0.626618 0.000286
vt 0.569701 0.319600
vt 0.626618 0.000286
vt 0.626618 0.319600
vt 0.569701 0.319600
vt 0.456674 0.672215
vt 0.452263 0.682865
vt 0.416428 0.631969
vt 0.452263 0.682865
vt 0.405779 0.636380
vt 0.416428 0.631969
vt 0.626618 0.000286
vt 0.683534 0.000286
vt 0.626618 0.319600
vt 0.683534 0.000286
vt 0.683534 0.319600
vt 0.626618 0.319600
vt 0.553837 0.575053
vt 0.564486 0.570642
vt 0.553837 0.631969
vt 0.564486 0.570642
vt 0.564486 0.636380
vt 0.553837 0.631969
vt 0.228203 0.000286
vt 0.285119 0.000286
vt 0.228203 0.319600
vt 0.285119 0.000286
vt 0.285119 0.319600
vt 0.228203 0.319600
vt 0.416428 0.631969
vt 0.405779 0.636380
vt 0.416428 0.575053
vt 0.405779 0.636380
vt 0.405779 0.570642
vt 0.416428 0.575053
vt 0.285119 0.000286
vt 0.342036 0.000286
vt 0.285119 0.319600
vt 0.342036 0.000286
vt 0.342036 0.319600
vt 0.285119 0.319600
vt 0.513591 0.534807
vt 0.518002 0.524158
vt 0.553837 0.575053
vt 0.518002 0.524158
vt 0.564486 0.570642
vt 0.553837 0.575053
vt 0.342036 0.000286
vt 0.398952 0.000286
vt 0.342036 0.319600
vt 0.398952 0.000286
vt 0.398952 0.319600
vt 0.342036 0.319600
vt 0.513591 0.672215
vt 0.518002 0.682865
vt 0.456674 0.672215
vt 0.518002 0.682865
vt 0.452263 0.682865
vt 0.456674 0.672215
vt 0.398952 0.000286
vt 0.455869 0.000286
vt 0.398952 0.319600
vt 0.455869 0.000286
vt 0.455869 0.319600
vt 0.398952 0.319600
vt 0.456674 0.534807
vt 0.452263 0.524158
vt 0.513591 0.534807
vt 0.452263 0.524158
vt 0.518002 0.524158
vt 0.513591 0.534807
vt 0.130139 0.195173
vt 0.197411 0.205604
vt 0.120066 0.260135
vt 0.197411 0.205604
vt 0.187338 0.270566
vt 0.120066 0.260135
vt 0.455869 0.000286
vt 0.512785 0.000286
vt 0.455869 0.319600
vt 0.512785 0.000286
vt 0.512785 0.319600
vt 0.455869 0.319600
vt 0.553837 0.631969
vt 0.564486 0.636380
vt 0.513591 0.672215
vt 0.564486 0.636380
vt 0.518002 0.682865
vt 0.513591 0.672215
vt 0.512785 0.000286
vt 0.569701 0.000286
vt 0.512785 0.319600
vt 0.569701 0.000286
vt 0.569701 0.319600
vt 0.512785 0.319600
vt 0.757078 0.747406
vt 0.696343 0.466798
vt 0.757078 0.491955
vt 0.696343 0.722249
vt 0.696343 0.466798
vt 0.757078 0.747406
vt 0.089846 0.455021
vt 0.157119 0.465452
vt 0.079773 0.519983
vt 0.157119 0.465452
vt 0.147045 0.530415
vt 0.079773 0.519983
vt 0.120066 0.260135
vt 0.187338 0.270566
vt 0.109993 0.325097
vt 0.187338 0.270566
vt 0.177265 0.335528
vt 0.109993 0.325097
vt 0.140212 0.130210
vt 0.207484 0.140642
vt 0.130139 0.195173
vt 0.207484 0.140642
vt 0.197411 0.205604
vt 0.130139 0.195173
vt 0.099919 0.390059
vt 0.167192 0.400490
vt 0.089846 0.455021
vt 0.167192 0.400490
vt 0.157119 0.465452
vt 0.089846 0.455021
vt 0.150285 0.065248
vt 0.217558 0.075680
vt 0.140212 0.130210
vt 0.217558 0.075680
vt 0.207484 0.140642
vt 0.140212 0.130210
vt 0.160358 0.000286
vt 0.227631 0.010717
vt 0.150285 0.065248
vt 0.227631 0.010717
vt 0.217558 0.075680
vt 0.150285 0.065248
vt 0.109993 0.325097
vt 0.177265 0.335528
vt 0.099919 0.390059
vt 0.177265 0.335528
vt 0.167192 0.400490
vt 0.099919 0.390059
vt 0.999714 0.772839
vt 0.967783 0.838577
vt 0.967783 0.772839
vt 0.999714 0.838577
vt 0.967783 0.838577
vt 0.999714 0.772839
vt 0.999714 0.707100
vt 0.967783 0.451649
vt 0.999714 0.451649
vt 0.967783 0.707100
vt 0.967783 0.451649
vt 0.999714 0.707100
vt 0.696343 0.345329
vt 0.757078 0.320172
vt 0.671186 0.406063
vt 0.671186 0.406063
vt 0.757078 0.320172
vt 0.757078 0.491955
vt 0.817812 0.466798
vt 0.757078 0.320172
vt 0.842969 0.406063
vt 0.935280 0.838577
vt 0.967211 0.772839
vt 0.967211 0.838577
vt 0.935280 0.772839
vt 0.967211 0.772839
vt 0.935280 0.838577
vt 0.696343 0.466798
vt 0.671186 0.406063
vt 0.757078 0.491955
vt 0.999714 0.320172
vt 0.967783 0.385910
vt 0.967783 0.320172
vt 0.999714 0.385910
vt 0.967783 0.385910
vt 0.999714 0.320172
vt 0.757078 0.491955
vt 0.757078 0.320172
vt 0.817812 0.466798
vt 0.817812 0.345329
vt 0.842969 0.406063
vt 0.757078 0.320172
vt 0.684106 0.068716
vt 0.757549 0.034501
vt 0.757549 0.068716
vt 0.684106 0.068716
vt 0.684106 0.034501
vt 0.757549 0.034501
vt 0.228203 0.491654
vt 0.228203 0.456766
vt 0.670614 0.491654
vt 0.228203 0.456766
vt 0.670614 0.456767
vt 0.670614 0.491654
vt 0.228203 0.456766
vt 0.228203 0.421879
vt 0.670614 0.456767
vt 0.228203 0.421879
vt 0.670614 0.421879
vt 0.670614 0.456767
vt 0.684106 0.171361
vt 0.757549 0.137146
vt 0.757549 0.171361
vt 0.684106 0.171361
vt 0.684106 0.137146
vt 0.757549 0.137146
vt 0.228203 0.421879
vt 0.228203 0.386991
vt 0.670614 0.421879
vt 0.228203 0.386991
vt 0.670614 0.386991
vt 0.670614 0.421879
vt 0.684106 0.102931
vt 0.757549 0.068716
vt 0.757549 0.102931
vt 0.684106 0.102931
vt 0.684106 0.068716
vt 0.757549 0.068716
vt 0.228203 0.386991
vt 0.228203 0.352104
vt 0.670614 0.386991
vt 0.228203 0.352104
vt 0.670614 0.352103
vt 0.670614 0.386991
vt 0.378349 0.701734
vt 0.402543 0.725928
vt 0.319941 0.725928
vt 0.402543 0.725928
vt 0.402543 0.760143
vt 0.319941 0.725928
vt 0.684106 0.205576
vt 0.757549 0.171361
vt 0.757549 0.205576
vt 0.684106 0.205576
vt 0.684106 0.171361
vt 0.757549 0.171361
vt 0.227631 0.648688
vt 0.157119 0.465452
vt 0.167192 0.400490
vt 0.217557 0.713651
vt 0.157119 0.465452
vt 0.227631 0.648688
vt 0.842969 0.661514
vt 0.817812 0.466798
vt 0.842969 0.406063
vt 0.817812 0.722249
vt 0.817812 0.466798
vt 0.842969 0.661514
vt 0.967211 0.707100
vt 0.935279 0.451649
vt 0.967211 0.451649
vt 0.935279 0.707100
vt 0.935279 0.451649
vt 0.967211 0.707100
vt 0.164499 0.752463
vt 0.039098 0.494192
vt 0.104061 0.504265
vt 0.099537 0.742390
vt 0.039098 0.494192
vt 0.164499 0.752463
vt 0.696343 0.722249
vt 0.671186 0.406063
vt 0.696343 0.466798
vt 0.671186 0.661515
vt 0.671186 0.406063
vt 0.696343 0.722249
vt 0.684106 0.137146
vt 0.757549 0.102931
vt 0.757549 0.137146
vt 0.684106 0.137146
vt 0.684106 0.102931
vt 0.757549 0.102931
vt 0.817812 0.722249
vt 0.757078 0.491955
vt 0.817812 0.466798
vt 0.757078 0.747406
vt 0.757078 0.491955
vt 0.817812 0.722249
vt 0.999714 0.707100
vt 0.967783 0.772839
vt 0.967783 0.707100
vt 0.999714 0.772839
vt 0.967783 0.772839
vt 0.999714 0.707100
vt 0.684106 0.034501
vt 0.757549 0.000286
vt 0.757549 0.034501
vt 0.684106 0.034501
vt 0.684106 0.000286
vt 0.757549 0.000286
vt 0.684106 0.274005
vt 0.757549 0.239791
vt 0.757549 0.274005
vt 0.684106 0.274005
vt 0.684106 0.239790
vt 0.757549 0.239791
vt 0.684106 0.239790
vt 0.757549 0.205576
vt 0.757549 0.239791
vt 0.684106 0.239790
vt 0.684106 0.205576
vt 0.757549 0.205576
vt 0.402543 0.760143
vt 0.378349 0.784336
vt 0.319941 0.725928
vt 0.935280 0.772839
vt 0.967211 0.707100
vt 0.967211 0.772839
vt 0.935279 0.707100
vt 0.967211 0.707100
vt 0.935280 0.772839
vt 0.319369 0.747317
vt 0.228203 0.747317
vt 0.273786 0.701734
vt 0.843542 0.762583
vt 0.934708 0.320172
vt 0.934708 0.762583
vt 0.843541 0.320172
vt 0.934708 0.320172
vt 0.843542 0.762583
vt 0.228203 0.320172
vt 0.670614 0.352103
vt 0.228203 0.352104
vt 0.670614 0.320172
vt 0.670614 0.352103
vt 0.228203 0.320172
vt 0.670614 0.523586
vt 0.228203 0.491654
vt 0.670614 0.491654
vt 0.228203 0.523585
vt 0.228203 0.491654
vt 0.670614 0.523586
vt 0.217557 0.713651
vt 0.104061 0.504265
vt 0.157119 0.465452
vt 0.164499 0.752463
vt 0.104061 0.504265
vt 0.217557 0.713651
vt 0.935279 0.385910
vt 0.967211 0.320172
vt 0.967211 0.385910
vt 0.935280 0.320172
vt 0.967211 0.320172
vt 0.935279 0.385910
vt 0.935279 0.451649
vt 0.967211 0.385910
vt 0.967211 0.451649
vt 0.935279 0.385910
vt 0.967211 0.385910
vt 0.935279 0.451649
vt 0.999714 0.385910
vt 0.967783 0.451649
vt 0.967783 0.385910
vt 0.999714 0.451649
vt 0.967783 0.451649
vt 0.999714 0.385910
vt 0.099537 0.742390
vt 0.000286 0.441134
vt 0.039098 0.494192
vt 0.060725 0.689332
vt 0.000286 0.441134
vt 0.099537 0.742390
vt 0.344134 0.701734
vt 0.378349 0.701734
vt 0.319941 0.725928
vt 0.319941 0.760143
vt 0.319941 0.725928
vt 0.344134 0.784336
vt 0.378349 0.784336
vt 0.344134 0.784336
vt 0.319941 0.725928
vt 0.273786 0.701734
vt 0.228203 0.747317
vt 0.241554 0.715085
vt 0.319369 0.747317
vt 0.273786 0.701734
vt 0.306018 0.715085
vt 0.228203 0.779249
vt 0.319369 0.747317
vt 0.319369 0.779249
vt 0.319369 0.747317
vt 0.228203 0.779249
vt 0.228203 0.747317
vt 0.068181 0.000570
vt 0.147861 0.039043
vt 0.084117 0.039043
vt 0.163797 0.000570
vt 0.147861 0.039043
vt 0.068181 0.000570
vt 0.000570 0.163797
vt 0.039043 0.084117
vt 0.039043 0.147861
vt 0.000570 0.068181
vt 0.039043 0.084117
vt 0.000570 0.163797
vt 0.231408 0.163797
vt 0.147861 0.192935
vt 0.192935 0.147861
vt 0.163797 0.231408
vt 0.147861 0.192935
vt 0.231408 0.163797
vt 0.163797 0.000570
vt 0.192935 0.084117
vt 0.147861 0.039043
vt 0.231408 0.068181
vt 0.192935 0.084117
vt 0.163797 0.000570
vt 0.000570 0.068181
vt 0.084117 0.039043
vt 0.039043 0.084117
vt 0.068181 0.000570
vt 0.084117 0.039043
vt 0.000570 0.068181
vt 0.068180 0.231408
vt 0.039043 0.147861
vt 0.084117 0.192935
vt 0.000570 0.163797
vt 0.039043 0.147861
vt 0.068180 0.231408
vt 0.231408 0.068181
vt 0.192935 0.147861
vt 0.192935 0.084117
vt 0.231408 0.163797
vt 0.192935 0.147861
vt 0.231408 0.068181
vt 0.163797 0.231408
vt 0.084117 0.192935
vt 0.147861 0.192935
vt 0.068180 0.231408
vt 0.084117 0.192935
vt 0.163797 0.231408
vt 0.269829 0.574268
vt 0.232547 0.669884
vt 0.232547 0.574268
vt 0.269829 0.669884
vt 0.232547 0.669884
vt 0.269829 0.574268
vt 0.269829 0.478652
vt 0.232547 0.574268
vt 0.232547 0.478652
vt 0.269829 0.574268
vt 0.232547 0.574268
vt 0.269829 0.478652
vt 0.269829 0.287419
vt 0.232547 0.383035
vt 0.232547 0.287419
vt 0.269829 0.383035
vt 0.232547 0.383035
vt 0.269829 0.287419
vt 0.269829 0.096186
vt 0.232547 0.191802
vt 0.232547 0.096186
vt 0.269829 0.191802
vt 0.232547 0.191802
vt 0.269829 0.096186
vt 0.269829 0.669884
vt 0.232547 0.765501
vt 0.232547 0.669884
vt 0.269829 0.765501
vt 0.232547 0.765501
vt 0.269829 0.669884
vt 0.269829 0.383035
vt 0.232547 0.478652
vt 0.232547 0.383035
vt 0.269829 0.478652
vt 0.232547 0.478652
vt 0.269829 0.383035
vt 0.269829 0.191802
vt 0.232547 0.287419
vt 0.232547 0.191802
vt 0.269829 0.287419
vt 0.232547 0.287419
vt 0.269829 0.191802
vt 0.269829 0.000570
vt 0.232547 0.096186
vt 0.232547 0.000570
vt 0.269829 0.096186
vt 0.232547 0.096186
vt 0.269829 0.000570
vt 0.747118 0.259287
vt 0.651502 0.454420
vt 0.651502 0.259287
vt 0.747118 0.454420
vt 0.651502 0.454420
vt 0.747118 0.259287
vt 0.657520 0.713138
vt 0.753136 0.518005
vt 0.753136 0.713138
vt 0.657520 0.518005
vt 0.753136 0.518005
vt 0.657520 0.713138
vt 0.656381 0.518005
vt 0.560764 0.713138
vt 0.560764 0.518005
vt 0.656381 0.713138
vt 0.560764 0.713138
vt 0.656381 0.518005
vt 0.464009 0.713138
vt 0.559625 0.518005
vt 0.559625 0.713138
vt 0.464009 0.518005
vt 0.559625 0.518005
vt 0.464009 0.713138
vt 0.747119 0.000570
vt 0.651502 0.195702
vt 0.651502 0.000570
vt 0.747119 0.195702
vt 0.651502 0.195702
vt 0.747119 0.000570
vt 0.462870 0.518005
vt 0.367253 0.713138
vt 0.367254 0.518005
vt 0.462870 0.713138
vt 0.367253 0.713138
vt 0.462870 0.518005
vt 0.748258 0.195702
vt 0.843874 0.000570
vt 0.843874 0.195702
vt 0.748258 0.000570
vt 0.843874 0.000570
vt 0.748258 0.195702
vt 0.748258 0.391973
vt 0.843874 0.196841
vt 0.843874 0.391973
vt 0.748258 0.196841
vt 0.843874 0.196841
vt 0.748258 0.391973
vt 0.557521 0.497926
vt 0.650363 0.282151
vt 0.650363 0.475062
vt 0.557520 0.259287
vt 0.650363 0.282151
vt 0.557521 0.497926
vt 0.270968 0.507396
vt 0.366114 0.259287
vt 0.366114 0.516866
vt 0.270968 0.268758
vt 0.366114 0.259287
vt 0.270968 0.507396
vt 0.560764 0.851991
vt 0.655911 0.714277
vt 0.655911 0.861461
vt 0.560764 0.723747
vt 0.655911 0.714277
vt 0.560764 0.851991
vt 0.366114 0.712056
vt 0.273272 0.882103
vt 0.273272 0.734919
vt 0.366114 0.904967
vt 0.273272 0.882103
vt 0.366114 0.712056
vt 0.270968 0.258148
vt 0.366114 0.010040
vt 0.366114 0.248678
vt 0.270968 0.000570
vt 0.366114 0.010040
vt 0.270968 0.258148
vt 0.463539 0.216344
vt 0.556381 0.000570
vt 0.556381 0.239208
vt 0.463539 0.023433
vt 0.556381 0.000570
vt 0.463539 0.216344
vt 0.754275 0.688053
vt 0.847118 0.518005
vt 0.847118 0.710917
vt 0.754275 0.540869
vt 0.847118 0.518005
vt 0.754275 0.688053
vt 0.845013 0.147753
vt 0.940159 0.010040
vt 0.940159 0.138283
vt 0.845013 0.000570
vt 0.940159 0.010040
vt 0.845013 0.147753
vt 0.940159 0.196841
vt 0.845013 0.334554
vt 0.845013 0.206311
vt 0.940159 0.344025
vt 0.845013 0.334554
vt 0.940159 0.196841
vt 0.095716 0.731042
vt 0.000570 0.868756
vt 0.000570 0.740512
vt 0.095716 0.878226
vt 0.000570 0.868756
vt 0.095716 0.731042
vt 0.754275 0.882103
vt 0.847118 0.712056
vt 0.847118 0.904967
vt 0.754275 0.734919
vt 0.847118 0.712056
vt 0.754275 0.882103
vt 0.556852 0.737140
vt 0.464009 0.907188
vt 0.464009 0.714277
vt 0.556852 0.884324
vt 0.464009 0.907188
vt 0.556852 0.737140
vt 0.463539 0.475062
vt 0.556381 0.259287
vt 0.556381 0.497926
vt 0.463539 0.282151
vt 0.556381 0.259287
vt 0.463539 0.475062
vt 0.557520 0.216344
vt 0.650363 0.000570
vt 0.650363 0.239208
vt 0.557520 0.023433
vt 0.650363 0.000570
vt 0.557520 0.216344
vt 0.095716 0.232547
vt 0.000570 0.480655
vt 0.000570 0.242017
vt 0.095716 0.490126
vt 0.000570 0.480655
vt 0.095716 0.232547
vt 0.462400 0.000570
vt 0.367253 0.248678
vt 0.367254 0.010040
vt 0.462400 0.258148
vt 0.367253 0.248678
vt 0.462400 0.000570
vt 0.273272 0.710916
vt 0.366114 0.540869
vt 0.366114 0.688053
vt 0.273272 0.518005
vt 0.366114 0.540869
vt 0.273272 0.710916
vt 0.367253 0.907188
vt 0.460096 0.737140
vt 0.460096 0.884324
vt 0.367254 0.714277
vt 0.460096 0.737140
vt 0.367253 0.907188
vt 0.096855 0.868755
vt 0.192001 0.731042
vt 0.192001 0.878226
vt 0.096855 0.740512
vt 0.192001 0.731042
vt 0.096855 0.868755
vt 0.657520 0.851990
vt 0.752666 0.714277
vt 0.752666 0.861461
vt 0.657520 0.723747
vt 0.752666 0.714277
vt 0.657520 0.851990
vt 0.136262 0.480655
vt 0.231408 0.232547
vt 0.231408 0.490126
vt 0.136262 0.242017
vt 0.231408 0.232547
vt 0.136262 0.480655
vt 0.462400 0.268758
vt 0.367254 0.516866
vt 0.367253 0.259287
vt 0.462400 0.507396
vt 0.367254 0.516866
vt 0.462400 0.268758
vt 0.189697 0.491265
vt 0.096855 0.707039
vt 0.096855 0.514128
vt 0.189697 0.729903
vt 0.096855 0.707039
vt 0.189697 0.491265
vt 0.093412 0.491265
vt 0.000570 0.707039
vt 0.000570 0.514128
vt 0.093412 0.729903
vt 0.000570 0.707039
vt 0.093412 0.491265
vt 0.869462 0.513178
vt 0.965079 0.393112
vt 0.965079 0.513178
vt 0.869462 0.393112
vt 0.965079 0.393112
vt 0.869462 0.513178
vt 0.848257 0.857170
vt 0.968322 0.952787
vt 0.848257 0.952787
vt 0.968322 0.857170
vt 0.968322 0.952787
vt 0.848257 0.857170
vt 0.848257 0.638071
vt 0.943873 0.518005
vt 0.943873 0.638071
vt 0.848257 0.518005
vt 0.943873 0.518005
vt 0.848257 0.638071
vt 0.748258 0.393112
vt 0.868323 0.488729
vt 0.748258 0.488729
vt 0.868323 0.393112
vt 0.868323 0.488729
vt 0.748258 0.393112
vt 0.848257 0.759276
vt 0.943873 0.639210
vt 0.943873 0.759276
vt 0.848257 0.639210
vt 0.943873 0.639210
vt 0.848257 0.759276
vt 0.968322 0.856031
vt 0.848257 0.760415
vt 0.968322 0.760415
vt 0.848257 0.856031
vt 0.848257 0.760415
vt 0.968322 0.856031
vt 0.680830 0.958216
vt 0.560764 0.862600
vt 0.680830 0.862600
vt 0.560764 0.958216
vt 0.560764 0.862600
vt 0.680830 0.958216
vt 0.096186 0.879365
vt 0.000570 0.999430
vt 0.000570 0.879365
vt 0.096186 0.999430
vt 0.000570 0.999430
vt 0.096186 0.879365
vt 0.999900 0.292935
vt 0.707065 0.999900
vt 0.292935 0.000100
vt 0.000100 0.292934
vt 0.292935 0.000100
vt 0.707065 0.999900
vt 0.468762 0.905896
vt 0.468762 0.750353
vt 0.533191 0.750353
vt 0.578748 0.860339
vt 0.533191 0.750353
vt 0.578748 0.795910
vt 0.533191 0.750353
vt 0.578748 0.860339
vt 0.533191 0.905896
vt 0.533191 0.750353
vt 0.533191 0.905896
vt 0.468762 0.905896
vt 0.423205 0.795910
vt 0.468762 0.905896
vt 0.423205 0.860339
vt 0.468762 0.905896
vt 0.423205 0.795910
vt 0.468762 0.750353
vt 0.000100 0.707065
vt 0.000100 0.292934
vt 0.707065 0.999900
vt 0.292935 0.999900
vt 0.000100 0.707065
vt 0.707065 0.999900
vt 0.999900 0.707066
vt 0.707065 0.999900
vt 0.999900 0.292935
vt 0.707066 0.000100
vt 0.999900 0.292935
vt 0.292935 0.000100
vt 0.616023 0.679024
vt 0.863026 0.918405
vt 0.616023 0.918405
vt 0.863026 0.679025
vt 0.863026 0.918405
vt 0.616023 0.679024
vt 0.021027 0.999789
vt 0.260408 0.697961
vt 0.260408 0.999789
vt 0.021027 0.697961
vt 0.260408 0.697961
vt 0.021027 0.999789
vt 0.513853 0.247214
vt 0.815681 0.000211
vt 0.815681 0.247214
vt 0.513853 0.000211
vt 0.815681 0.000211
vt 0.513853 0.247214
vt 0.774050 0.410783
vt 0.534669 0.657786
vt 0.534669 0.410783
vt 0.774050 0.657786
vt 0.534669 0.657786
vt 0.774050 0.410783
vt 0.876643 0.329429
vt 0.897458 0.308613
vt 0.897458 0.329429
vt 0.876643 0.308613
vt 0.897458 0.308613
vt 0.876643 0.329429
vt 0.863026 0.679025
vt 0.616023 0.658209
vt 0.842210 0.658209
vt 0.616023 0.679024
vt 0.616023 0.658209
vt 0.863026 0.679025
vt 0.021027 0.697961
vt 0.000211 0.978973
vt 0.000212 0.718776
vt 0.021027 0.999789
vt 0.000211 0.978973
vt 0.021027 0.697961
vt 0.534669 0.410783
vt 0.513853 0.636971
vt 0.513853 0.410783
vt 0.534669 0.657786
vt 0.513853 0.636971
vt 0.534669 0.410783
vt 0.897458 0.589625
vt 0.876643 0.610441
vt 0.876643 0.589625
vt 0.897458 0.610441
vt 0.876643 0.610441
vt 0.897458 0.589625
vt 0.897458 0.329429
vt 0.876643 0.589625
vt 0.876643 0.329429
vt 0.897458 0.589625
vt 0.876643 0.589625
vt 0.897458 0.329429
vt 0.876643 0.329429
vt 0.834658 0.459527
vt 0.831729 0.416416
vt 0.218777 0.478973
vt 0.444964 0.697538
vt 0.218777 0.697538
vt 0.444964 0.478973
vt 0.444964 0.697538
vt 0.218777 0.478973
vt 0.218777 0.218776
vt 0.000211 0.478973
vt 0.000211 0.218776
vt 0.218777 0.478973
vt 0.000211 0.478973
vt 0.218777 0.218776
vt 0.444964 0.218776
vt 0.218777 0.000211
vt 0.444964 0.000211
vt 0.218777 0.218776
vt 0.218777 0.000211
vt 0.444964 0.218776
vt 0.816104 0.260408
vt 0.884570 0.000211
vt 0.884570 0.260408
vt 0.218777 0.478973
vt 0.444964 0.218776
vt 0.444964 0.478973
vt 0.218777 0.218776
vt 0.444964 0.218776
vt 0.218777 0.478973
vt 0.495837 0.218776
vt 0.444964 0.478973
vt 0.444964 0.218776
vt 0.495837 0.614275
vt 0.444964 0.478973
vt 0.495837 0.478973
vt 0.501675 0.018337
vt 0.444964 0.000211
vt 0.513430 0.000211
vt 0.555421 0.335571
vt 0.617932 0.349807
vt 0.534669 0.410783
vt 0.513853 0.247214
vt 0.744425 0.280856
vt 0.585109 0.280856
vt 0.616023 0.679024
vt 0.555047 0.762287
vt 0.540811 0.699777
vt 0.513853 0.410783
vt 0.534669 0.322113
vt 0.534669 0.410783
vt 0.513853 0.308613
vt 0.534669 0.322113
vt 0.513853 0.410783
vt 0.794676 0.329429
vt 0.876643 0.308613
vt 0.876643 0.329429
vt 0.774472 0.308613
vt 0.876643 0.308613
vt 0.794676 0.329429
vt 0.794676 0.589625
vt 0.876643 0.610441
vt 0.774472 0.610441
vt 0.876643 0.589625
vt 0.876643 0.610441
vt 0.794676 0.589625
vt 0.616023 0.658209
vt 0.527353 0.679024
vt 0.513853 0.658209
vt 0.616023 0.679024
vt 0.527353 0.679024
vt 0.616023 0.658209
vt 0.513853 0.247214
vt 0.517578 0.303926
vt 0.513853 0.308190
vt 0.811957 0.303926
vt 0.815681 0.247214
vt 0.815681 0.308190
vt 0.744425 0.280856
vt 0.815681 0.247214
vt 0.811957 0.303926
vt 0.513853 0.247214
vt 0.585109 0.280856
vt 0.517578 0.303926
vt 0.513853 0.247214
vt 0.815681 0.247214
vt 0.744425 0.280856
vt 0.534669 0.322113
vt 0.555421 0.335571
vt 0.534669 0.410783
vt 0.774050 0.410783
vt 0.534669 0.410783
vt 0.617932 0.349807
vt 0.774050 0.349807
vt 0.774050 0.410783
vt 0.617932 0.349807
vt 0.616023 0.679024
vt 0.540811 0.699777
vt 0.527353 0.679024
vt 0.555047 0.762287
vt 0.616023 0.679024
vt 0.616023 0.918405
vt 0.555047 0.762287
vt 0.616023 0.918405
vt 0.555047 0.918405
vt 0.819931 0.563606
vt 0.876643 0.589625
vt 0.794676 0.589625
vt 0.831729 0.502638
vt 0.876643 0.589625
vt 0.819931 0.563606
vt 0.876643 0.329429
vt 0.819931 0.355448
vt 0.794676 0.329429
vt 0.876643 0.329429
vt 0.831729 0.416416
vt 0.819931 0.355448
vt 0.834658 0.459527
vt 0.876643 0.329429
vt 0.876643 0.589625
vt 0.834658 0.459527
vt 0.876643 0.589625
vt 0.831729 0.502638

vn -0.950368 -0.247111 -0.189040
vn -0.950368 -0.247111 -0.189040
vn -0.950368 -0.247111 -0.189040
vn -0.950368 -0.247111 -0.189040
vn -0.950368 -0.247111 -0.189040
vn -0.950368 -0.247111 -0.189040
vn -0.805684 -0.247111 -0.538340
vn -0.805684 -0.247111 -0.538340
vn -0.805684 -0.247111 -0.538340
vn -0.805683 -0.247111 -0.538340
vn -0.805683 -0.247111 -0.538340
vn -0.805683 -0.247111 -0.538340
vn -0.538340 -0.247111 -0.805684
vn -0.538340 -0.247111 -0.805684
vn -0.538340 -0.247111 -0.805684
vn -0.538340 -0.247111 -0.805683
vn -0.538340 -0.247111 -0.805683
vn -0.538340 -0.247111 -0.805683
vn -0.421922 -0.650577 -0.631452
vn -0.421922 -0.650577 -0.631452
vn -0.421922 -0.650577 -0.631452
vn -0.421922 -0.650577 -0.631452
vn -0.421922 -0.650577 -0.631452
vn -0.421922 -0.650577 -0.631452
vn 0.967819 -0.251648 0.000000
vn 0.967819 -0.251648 0.000000
vn 0.967819 -0.251648 0.000000
vn 0.967819 -0.251649 0.000000
vn 0.967819 -0.251649 0.000000
vn 0.967819 -0.251649 0.000000
vn -0.148159 -0.650577 -0.744848
vn -0.148159 -0.650577 -0.744848
vn -0.148159 -0.650577 -0.744848
vn -0.148160 -0.650577 -0.744848
vn -0.148160 -0.650577 -0.744848
vn -0.148160 -0.650577 -0.744848
vn -0.189040 -0.247111 -0.950368
vn -0.189040 -0.247111 -0.950368
vn -0.189040 -0.247111 -0.950368
vn -0.189040 -0.247111 -0.950368
vn -0.189040 -0.247111 -0.950368
vn -0.189040 -0.247111 -0.950368
vn 0.189040 -0.247111 -0.950368
vn 0.189040 -0.247111 -0.950368
vn 0.189040 -0.247111 -0.950368
vn 0.189040 -0.247111 -0.950368
vn 0.189040 -0.247111 -0.950368
vn 0.189040 -0.247111 -0.950368
vn 0.148159 -0.650577 -0.744848
vn 0.148159 -0.650577 -0.744848
vn 0.148159 -0.650577 -0.744848
vn 0.148159 -0.650577 -0.744848
vn 0.148159 -0.650577 -0.744848
vn 0.148159 -0.650577 -0.744848
vn 0.538341 -0.247111 -0.805683
vn 0.538341 -0.247111 -0.805683
vn 0.538341 -0.247111 -0.805683
vn 0.538341 -0.247111 -0.805683
vn 0.538341 -0.247111 -0.805683
vn 0.538341 -0.247111 -0.805683
vn 0.421923 -0.650577 -0.631452
vn 0.421923 -0.650577 -0.631452
vn 0.421923 -0.650577 -0.631452
vn 0.421923 -0.650577 -0.631452
vn 0.421923 -0.650577 -0.631452
vn 0.421923 -0.650577 -0.631452
vn -0.744848 -0.650577 -0.148160
vn -0.744848 -0.650577 -0.148160
vn -0.744848 -0.650577 -0.148160
vn -0.744848 -0.650577 -0.148159
vn -0.744848 -0.650577 -0.148159
vn -0.744848 -0.650577 -0.148159
vn 0.805684 -0.247111 -0.538340
vn 0.805684 -0.247111 -0.538340
vn 0.805684 -0.247111 -0.538340
vn 0.805684 -0.247111 -0.538340
vn 0.805684 -0.247111 -0.538340
vn 0.805684 -0.247111 -0.538340
vn -0.967819 -0.251648 0.000000
vn -0.967819 -0.251648 0.000000
vn -0.967819 -0.251648 0.000000
vn -0.967819 -0.251648 0.000000
vn -0.967819 -0.251648 0.000000
vn -0.967819 -0.251648 0.000000
vn -0.753160 -0.657838 0.000000
vn -0.753160 -0.657838 0.000000
vn -0.753160 -0.657838 0.000000
vn -0.753160 -0.657837 -0.000000
vn -0.753160 -0.657837 -0.000000
vn -0.753160 -0.657837 -0.000000
vn 0.950368 -0.247111 -0.189040
vn 0.950368 -0.247111 -0.189040
vn 0.950368 -0.247111 -0.189040
vn 0.950368 -0.247111 -0.189040
vn 0.950368 -0.247111 -0.189040
vn 0.950368 -0.247111 -0.189040
vn 0.000002 0.000002 1.000000
vn 0.000002 0.000002 1.000000
vn 0.000002 0.000002 1.000000
vn -0.950369 0.247111 0.189039
vn -0.950369 0.247111 0.189039
vn -0.950369 0.247111 0.189039
vn -0.950368 0.247111 0.189040
vn -0.950368 0.247111 0.189040
vn -0.950368 0.247111 0.189040
vn -0.322614 0.944353 0.064172
vn -0.322614 0.944353 0.064172
vn -0.322614 0.944353 0.064172
vn -0.322614 0.944353 0.064172
vn -0.322614 0.944353 0.064172
vn -0.322614 0.944353 0.064172
vn -0.744848 0.650577 0.148159
vn -0.744848 0.650577 0.148159
vn -0.744848 0.650577 0.148159
vn -0.744848 0.650577 0.148159
vn -0.744848 0.650577 0.148159
vn -0.744848 0.650577 0.148159
vn 0.967819 0.251648 0.000000
vn 0.967819 0.251648 0.000000
vn 0.967819 0.251648 0.000000
vn 0.967819 0.251648 0.000000
vn 0.967819 0.251648 0.000000
vn 0.967819 0.251648 0.000000
vn -0.805684 0.247111 0.538340
vn -0.805684 0.247111 0.538340
vn -0.805684 0.247111 0.538340
vn -0.805684 0.247111 0.538340
vn -0.805684 0.247111 0.538340
vn -0.805684 0.247111 0.538340
vn -0.273500 0.944353 0.182746
vn -0.273500 0.944353 0.182746
vn -0.273500 0.944353 0.182746
vn -0.273500 0.944352 0.182746
vn -0.273500 0.944352 0.182746
vn -0.273500 0.944352 0.182746
vn -0.631451 0.650577 0.421923
vn -0.631451 0.650577 0.421923
vn -0.631451 0.650577 0.421923
vn -0.631452 0.650577 0.421922
vn -0.631452 0.650577 0.421922
vn -0.631452 0.650577 0.421922
vn -0.753160 0.657837 -0.000000
vn -0.753160 0.657837 -0.000000
vn -0.753160 0.657837 -0.000000
vn -0.753160 0.657837 0.000000
vn -0.753160 0.657837 0.000000
vn -0.753160 0.657837 0.000000
vn -0.421923 0.650577 0.631451
vn -0.421923 0.650577 0.631451
vn -0.421923 0.650577 0.631451
vn -0.421923 0.650577 0.631451
vn -0.421923 0.650577 0.631451
vn -0.421923 0.650577 0.631451
vn 0.753160 0.657838 0.000000
vn 0.753160 0.657838 0.000000
vn 0.753160 0.657838 0.000000
vn 0.753160 0.657838 0.000001
vn 0.753160 0.657838 0.000001
vn 0.753160 0.657838 0.000001
vn -0.538341 0.247111 0.805683
vn -0.538341 0.247111 0.805683
vn -0.538341 0.247111 0.805683
vn -0.538341 0.247111 0.805683
vn -0.538341 0.247111 0.805683
vn -0.538341 0.247111 0.805683
vn -0.182746 0.944353 0.273499
vn -0.182746 0.944353 0.273499
vn -0.182746 0.944353 0.273499
vn -0.182747 0.944353 0.273499
vn -0.182747 0.944353 0.273499
vn -0.182747 0.944353 0.273499
vn -0.148159 0.650577 0.744848
vn -0.148159 0.650577 0.744848
vn -0.148159 0.650577 0.744848
vn -0.148159 0.650577 0.744848
vn -0.148159 0.650577 0.744848
vn -0.148159 0.650577 0.744848
vn -0.323281 0.946303 0.000000
vn -0.323281 0.946303 0.000000
vn -0.323281 0.946303 0.000000
vn -0.323281 0.946303 -0.000000
vn -0.323281 0.946303 -0.000000
vn -0.323281 0.946303 -0.000000
vn -0.189040 0.247110 0.950369
vn -0.189040 0.247110 0.950369
vn -0.189040 0.247110 0.950369
vn -0.189040 0.247111 0.950368
vn -0.189040 0.247111 0.950368
vn -0.189040 0.247111 0.950368
vn -0.000002 -0.000004 1.000000
vn -0.000002 -0.000004 1.000000
vn -0.000002 -0.000004 1.000000
vn -0.000000 0.000001 1.000000
vn -0.000000 0.000001 1.000000
vn -0.000000 0.000001 1.000000
vn -0.000000 -0.000002 1.000000
vn -0.000000 -0.000002 1.000000
vn -0.000000 -0.000002 1.000000
vn -0.000001 0.000000 1.000000
vn -0.000001 0.000000 1.000000
vn -0.000001 0.000000 1.000000
vn -0.000000 0.000000 1.000000
vn -0.000000 0.000000 1.000000
vn -0.000000 0.000000 1.000000
vn -0.064172 0.944353 0.322614
vn -0.064172 0.944353 0.322614
vn -0.064172 0.944353 0.322614
vn -0.064172 0.944353 0.322615
vn -0.064172 0.944353 0.322615
vn -0.064172 0.944353 0.322615
vn 0.189040 0.247111 0.950368
vn 0.189040 0.247111 0.950368
vn 0.189040 0.247111 0.950368
vn 0.189040 0.247111 0.950368
vn 0.189040 0.247111 0.950368
vn 0.189040 0.247111 0.950368
vn 0.064172 0.944353 0.322615
vn 0.064172 0.944353 0.322615
vn 0.064172 0.944353 0.322615
vn 0.064172 0.944353 0.322615
vn 0.064172 0.944353 0.322615
vn 0.064172 0.944353 0.322615
vn 0.148159 0.650577 0.744848
vn 0.148159 0.650577 0.744848
vn 0.148159 0.650577 0.744848
vn 0.148159 0.650577 0.744848
vn 0.148159 0.650577 0.744848
vn 0.148159 0.650577 0.744848
vn -0.967819 0.251649 0.000000
vn -0.967819 0.251649 0.000000
vn -0.967819 0.251649 0.000000
vn -0.967819 0.251648 0.000000
vn -0.967819 0.251648 0.000000
vn -0.967819 0.251648 0.000000
vn 0.182746 0.944353 0.273500
vn 0.182746 0.944353 0.273500
vn 0.182746 0.944353 0.273500
vn 0.182747 0.944353 0.273499
vn 0.182747 0.944353 0.273499
vn 0.182747 0.944353 0.273499
vn 0.421923 0.650577 0.631451
vn 0.421923 0.650577 0.631451
vn 0.421923 0.650577 0.631451
vn 0.421922 0.650578 0.631451
vn 0.421922 0.650578 0.631451
vn 0.421922 0.650578 0.631451
vn 0.323281 0.946303 0.000000
vn 0.323281 0.946303 0.000000
vn 0.323281 0.946303 0.000000
vn 0.323281 0.946303 0.000000
vn 0.323281 0.946303 0.000000
vn 0.323281 0.946303 0.000000
vn 0.538340 0.247111 0.805684
vn 0.538340 0.247111 0.805684
vn 0.538340 0.247111 0.805684
vn 0.538341 0.247111 0.805683
vn 0.538341 0.247111 0.805683
vn 0.538341 0.247111 0.805683
vn 0.631452 0.650577 0.421922
vn 0.631452 0.650577 0.421922
vn 0.631452 0.650577 0.421922
vn 0.631451 0.650577 0.421922
vn 0.631451 0.650577 0.421922
vn 0.631451 0.650577 0.421922
vn 0.805683 0.247111 0.538341
vn 0.805683 0.247111 0.538341
vn 0.805683 0.247111 0.538341
vn 0.805684 0.247111 0.538340
vn 0.805684 0.247111 0.538340
vn 0.805684 0.247111 0.538340
vn 0.273500 0.944352 0.182746
vn 0.273500 0.944352 0.182746
vn 0.273500 0.944352 0.182746
vn 0.273499 0.944353 0.182747
vn 0.273499 0.944353 0.182747
vn 0.273499 0.944353 0.182747
vn 0.950368 0.247111 0.189040
vn 0.950368 0.247111 0.189040
vn 0.950368 0.247111 0.189040
vn 0.950368 0.247111 0.189040
vn 0.950368 0.247111 0.189040
vn 0.950368 0.247111 0.189040
vn 0.322615 0.944353 0.064172
vn 0.322615 0.944353 0.064172
vn 0.322615 0.944353 0.064172
vn 0.322615 0.944353 0.064172
vn 0.322615 0.944353 0.064172
vn 0.322615 0.944353 0.064172
vn 0.744848 0.650577 0.148159
vn 0.744848 0.650577 0.148159
vn 0.744848 0.650577 0.148159
vn 0.744847 0.650578 0.148160
vn 0.744847 0.650578 0.148160
vn 0.744847 0.650578 0.148160
vn -0.000002 -0.000003 -1.000000
vn -0.000002 -0.000003 -1.000000
vn -0.000002 -0.000003 -1.000000
vn 0.000002 0.000003 -1.000000
vn 0.000002 0.000003 -1.000000
vn 0.000002 0.000003 -1.000000
vn -0.000000 -0.000001 -1.000000
vn -0.000000 -0.000001 -1.000000
vn -0.000000 -0.000001 -1.000000
vn 0.000000 0.000000 -1.000000
vn 0.000000 0.000000 -1.000000
vn 0.000000 0.000000 -1.000000
vn 0.000001 0.000000 -1.000000
vn 0.000001 0.000000 -1.000000
vn 0.000001 0.000000 -1.000000
vn 0.000000 0.000000 -1.000000
vn 0.000000 0.000000 -1.000000
vn 0.000000 0.000000 -1.000000
vn -0.000000 1.000000 0.000000
vn -0.000000 1.000000 0.000000
vn -0.000000 1.000000 0.000000
vn 0.000000 1.000000 0.000000
vn 0.000000 1.000000 0.000000
vn 0.000000 1.000000 0.000000
vn -0.000000 1.000000 0.000000
vn -0.000000 1.000000 0.000000
vn -0.000000 1.000000 0.000000
vn -0.000000 1.000000 0.000000
vn -0.000000 1.000000 0.000000
vn -0.000000 1.000000 0.000000
vn -0.000000 1.000000 0.000000
vn -0.000000 1.000000 0.000000
vn -0.000000 1.000000 0.000000
vn -0.000001 1.000000 0.000000
vn -0.000001 1.000000 0.000000
vn -0.000001 1.000000 0.000000
vn -0.000000 1.000000 0.000000
vn -0.000000 1.000000 0.000000
vn -0.000000 1.000000 0.000000
vn -0.000000 1.000000 0.000000
vn -0.000000 1.000000 0.000000
vn -0.000000 1.000000 0.000000
vn 0.000000 1.000000 0.000000
vn 0.000000 1.000000 0.000000
vn 0.000000 1.000000 0.000000
vn -0.000000 1.000000 0.000000
vn -0.000000 1.000000 0.000000
vn -0.000000 1.000000 0.000000
vn -0.000000 1.000000 0.000000
vn -0.000000 1.000000 0.000000
vn -0.000000 1.000000 0.000000
vn 0.000000 1.000000 0.000000
vn 0.000000 1.000000 0.000000
vn 0.000000 1.000000 0.000000
vn -0.000000 1.000000 0.000000
vn -0.000000 1.000000 0.000000
vn -0.000000 1.000000 0.000000
vn -0.000000 1.000000 0.000000
vn -0.000000 1.000000 0.000000
vn -0.000000 1.000000 0.000000
vn 0.000001 1.000000 0.000000
vn 0.000001 1.000000 0.000000
vn 0.000001 1.000000 0.000000
vn -0.000000 1.000000 0.000000
vn -0.000000 1.000000 0.000000
vn -0.000000 1.000000 0.000000
vn 0.000001 1.000000 0.000000
vn 0.000001 1.000000 0.000000
vn 0.000001 1.000000 0.000000
vn -0.000000 1.000000 0.000000
vn -0.000000 1.000000 0.000000
vn -0.000000 1.000000 0.000000
vn -0.000000 1.000000 0.000000
vn -0.000000 1.000000 0.000000
vn -0.000000 1.000000 0.000000
vn -0.000000 1.000000 0.000000
vn -0.000000 1.000000 0.000000
vn -0.000000 1.000000 0.000000
vn -0.000000 1.000000 0.000000
vn -0.000000 1.000000 0.000000
vn -0.000000 1.000000 0.000000
vn 0.000000 1.000000 0.000000
vn 0.000000 1.000000 0.000000
vn 0.000000 1.000000 0.000000
vn -0.000001 1.000000 0.000000
vn -0.000001 1.000000 0.000000
vn -0.000001 1.000000 0.000000
vn 0.000001 1.000000 0.000000
vn 0.000001 1.000000 0.000000
vn 0.000001 1.000000 0.000000
vn 0.000000 1.000000 0.000000
vn 0.000000 1.000000 0.000000
vn 0.000000 1.000000 0.000000
vn 0.000001 1.000000 0.000000
vn 0.000001 1.000000 0.000000
vn 0.000001 1.000000 0.000000
vn -0.000000 1.000000 0.000000
vn -0.000000 1.000000 0.000000
vn -0.000000 1.000000 0.000000
vn -0.000001 1.000000 0.000000
vn -0.000001 1.000000 0.000000
vn -0.000001 1.000000 0.000000
vn 0.000000 1.000000 0.000000
vn 0.000000 1.000000 0.000000
vn 0.000000 1.000000 0.000000
vn -0.000000 1.000000 0.000000
vn -0.000000 1.000000 0.000000
vn -0.000000 1.000000 0.000000
vn -0.000000 1.000000 0.000000
vn -0.000000 1.000000 0.000000
vn -0.000000 1.000000 0.000000
vn -0.000000 1.000000 0.000000
vn -0.000000 1.000000 0.000000
vn -0.000000 1.000000 0.000000
vn -0.000000 1.000000 0.000000
vn -0.000000 1.000000 0.000000
vn -0.000000 1.000000 0.000000
vn 0.000001 1.000000 0.000000
vn 0.000001 1.000000 0.000000
vn 0.000001 1.000000 0.000000
vn -0.000000 1.000000 0.000000
vn -0.000000 1.000000 0.000000
vn -0.000000 1.000000 0.000000
vn -0.000000 1.000000 0.000000
vn -0.000000 1.000000 0.000000
vn -0.000000 1.000000 0.000000
vn 0.000001 1.000000 0.000000
vn 0.000001 1.000000 0.000000
vn 0.000001 1.000000 0.000000
vn -0.000000 1.000000 0.000000
vn -0.000000 1.000000 0.000000
vn -0.000000 1.000000 0.000000
vn -0.000000 1.000000 0.000000
vn -0.000000 1.000000 0.000000
vn -0.000000 1.000000 0.000000
vn -0.000000 1.000000 0.000000
vn -0.000000 1.000000 0.000000
vn -0.000000 1.000000 0.000000
vn -0.000000 1.000000 0.000000
vn -0.000000 1.000000 0.000000
vn -0.000000 1.000000 0.000000
vn -0.323281 -0.946303 -0.000000
vn -0.323281 -0.946303 -0.000000
vn -0.323281 -0.946303 -0.000000
vn -0.323281 -0.946303 0.000000
vn -0.323281 -0.946303 0.000000
vn -0.323281 -0.946303 0.000000
vn -0.322615 -0.944353 -0.064172
vn -0.322615 -0.944353 -0.064172
vn -0.322615 -0.944353 -0.064172
vn -0.322615 -0.944353 -0.064172
vn -0.322615 -0.944353 -0.064172
vn -0.322615 -0.944353 -0.064172
vn -0.273500 -0.944353 -0.182747
vn -0.273500 -0.944353 -0.182747
vn -0.273500 -0.944353 -0.182747
vn -0.273499 -0.944353 -0.182747
vn -0.273499 -0.944353 -0.182747
vn -0.273499 -0.944353 -0.182747
vn -0.182746 -0.944353 -0.273499
vn -0.182746 -0.944353 -0.273499
vn -0.182746 -0.944353 -0.273499
vn -0.182747 -0.944353 -0.273499
vn -0.182747 -0.944353 -0.273499
vn -0.182747 -0.944353 -0.273499
vn -0.064172 -0.944353 -0.322615
vn -0.064172 -0.944353 -0.322615
vn -0.064172 -0.944353 -0.322615
vn -0.064172 -0.944353 -0.322615
vn -0.064172 -0.944353 -0.322615
vn -0.064172 -0.944353 -0.322615
vn 0.064172 -0.944353 -0.322615
vn 0.064172 -0.944353 -0.322615
vn 0.064172 -0.944353 -0.322615
vn 0.064172 -0.944353 -0.322615
vn 0.064172 -0.944353 -0.322615
vn 0.064172 -0.944353 -0.322615
vn 0.182747 -0.944353 -0.273499
vn 0.182747 -0.944353 -0.273499
vn 0.182747 -0.944353 -0.273499
vn 0.182746 -0.944353 -0.273499
vn 0.182746 -0.944353 -0.273499
vn 0.182746 -0.944353 -0.273499
vn -0.631451 -0.650577 -0.421923
vn -0.631451 -0.650577 -0.421923
vn -0.631451 -0.650577 -0.421923
vn -0.631452 -0.650577 -0.421922
vn -0.631452 -0.650577 -0.421922
vn -0.631452 -0.650577 -0.421922
vn 0.631452 -0.650577 -0.421922
vn 0.631452 -0.650577 -0.421922
vn 0.631452 -0.650577 -0.421922
vn 0.631452 -0.650577 -0.421922
vn 0.631452 -0.650577 -0.421922
vn 0.631452 -0.650577 -0.421922
vn 0.273499 -0.944353 -0.182746
vn 0.273499 -0.944353 -0.182746
vn 0.273499 -0.944353 -0.182746
vn 0.273499 -0.944353 -0.182746
vn 0.273499 -0.944353 -0.182746
vn 0.273499 -0.944353 -0.182746
vn 0.744848 -0.650577 -0.148160
vn 0.744848 -0.650577 -0.148160
vn 0.744848 -0.650577 -0.148160
vn 0.744848 -0.650577 -0.148159
vn 0.744848 -0.650577 -0.148159
vn 0.744848 -0.650577 -0.148159
vn 0.322614 -0.944353 -0.064172
vn 0.322614 -0.944353 -0.064172
vn 0.322614 -0.944353 -0.064172
vn 0.322614 -0.944353 -0.064172
vn 0.322614 -0.944353 -0.064172
vn 0.322614 -0.944353 -0.064172
vn 0.753160 -0.657837 0.000000
vn 0.753160 -0.657837 0.000000
vn 0.753160 -0.657837 0.000000
vn 0.753160 -0.657837 0.000000
vn 0.753160 -0.657837 0.000000
vn 0.753160 -0.657837 0.000000
vn 0.323281 -0.946303 0.000000
vn 0.323281 -0.946303 0.000000
vn 0.323281 -0.946303 0.000000
vn 0.323281 -0.946303 0.000000
vn 0.323281 -0.946303 0.000000
vn 0.323281 -0.946303 0.000000
vn -0.000000 -1.000000 0.000000
vn -0.000000 -1.000000 0.000000
vn -0.000000 -1.000000 0.000000
vn -0.000000 -1.000000 0.000000
vn -0.000000 -1.000000 0.000000
vn -0.000000 -1.000000 0.000000
vn -0.000000 -1.000000 0.000000
vn -0.000000 -1.000000 0.000000
vn -0.000000 -1.000000 0.000000
vn -0.000000 -1.000000 0.000000
vn -0.000000 -1.000000 0.000000
vn -0.000000 -1.000000 0.000000
vn -0.000000 -1.000000 0.000000
vn -0.000000 -1.000000 0.000000
vn -0.000000 -1.000000 0.000000
vn -0.000000 -1.000000 0.000000
vn -0.000000 -1.000000 0.000000
vn -0.000000 -1.000000 0.000000
vn -0.000000 -1.000000 0.000000
vn -0.000000 -1.000000 0.000000
vn -0.000000 -1.000000 0.000000
vn 0.000000 -1.000000 0.000000
vn 0.000000 -1.000000 0.000000
vn 0.000000 -1.000000 0.000000
vn -0.000000 -1.000000 0.000000
vn -0.000000 -1.000000 0.000000
vn -0.000000 -1.000000 0.000000
vn -0.000000 -1.000000 0.000000
vn -0.000000 -1.000000 0.000000
vn -0.000000 -1.000000 0.000000
vn -0.000000 -1.000000 0.000000
vn -0.000000 -1.000000 0.000000
vn -0.000000 -1.000000 0.000000
vn 0.000000 -1.000000 0.000000
vn 0.000000 -1.000000 0.000000
vn 0.000000 -1.000000 0.000000
vn -0.000000 -1.000000 0.000000
vn -0.000000 -1.000000 0.000000
vn -0.000000 -1.000000 0.000000
vn -0.000000 -1.000000 0.000000
vn -0.000000 -1.000000 0.000000
vn -0.000000 -1.000000 0.000000
vn -0.000000 -1.000000 0.000000
vn -0.000000 -1.000000 0.000000
vn -0.000000 -1.000000 0.000000
vn 0.000000 -1.000000 0.000000
vn 0.000000 -1.000000 0.000000
vn 0.000000 -1.000000 0.000000
vn -0.000000 -1.000000 0.000000
vn -0.000000 -1.000000 0.000000
vn -0.000000 -1.000000 0.000000
vn 0.000000 -1.000000 0.000000
vn 0.000000 -1.000000 0.000000
vn 0.000000 -1.000000 0.000000
vn 0.000000 -1.000000 0.000000
vn 0.000000 -1.000000 0.000000
vn 0.000000 -1.000000 0.000000
vn 0.382684 0.000000 0.923880
vn 0.382684 0.000000 0.923880
vn 0.382684 0.000000 0.923880
vn 0.382684 0.000000 0.923880
vn 0.382684 0.000000 0.923880
vn 0.382684 0.000000 0.923880
vn -0.000000 1.000000 0.000000
vn -0.000000 1.000000 0.000000
vn -0.000000 1.000000 0.000000
vn 0.000002 1.000000 0.000000
vn 0.000002 1.000000 0.000000
vn 0.000002 1.000000 0.000000
vn -0.000000 1.000000 0.000000
vn -0.000000 1.000000 0.000000
vn -0.000000 1.000000 0.000000
vn 0.000000 1.000000 0.000000
vn 0.000000 1.000000 0.000000
vn 0.000000 1.000000 0.000000
vn -0.000001 1.000000 0.000000
vn -0.000001 1.000000 0.000000
vn -0.000001 1.000000 0.000000
vn -0.000000 1.000000 0.000000
vn -0.000000 1.000000 0.000000
vn -0.000000 1.000000 0.000000
vn -0.000002 1.000000 0.000000
vn -0.000002 1.000000 0.000000
vn -0.000002 1.000000 0.000000
vn -0.000000 1.000000 0.000000
vn -0.000000 1.000000 0.000000
vn -0.000000 1.000000 0.000000
vn -0.000000 1.000000 0.000000
vn -0.000000 1.000000 0.000000
vn -0.000000 1.000000 0.000000
vn -0.000000 1.000000 0.000000
vn -0.000000 1.000000 0.000000
vn -0.000000 1.000000 0.000000
vn -0.000000 1.000000 0.000000
vn -0.000000 1.000000 0.000000
vn -0.000000 1.000000 0.000000
vn 0.000000 1.000000 0.000000
vn 0.000000 1.000000 0.000000
vn 0.000000 1.000000 0.000000
vn 0.000001 1.000000 0.000000
vn 0.000001 1.000000 0.000000
vn 0.000001 1.000000 0.000000
vn -0.000000 1.000000 0.000000
vn -0.000000 1.000000 0.000000
vn -0.000000 1.000000 0.000000
vn -0.000000 1.000000 0.000000
vn -0.000000 1.000000 0.000000
vn -0.000000 1.000000 0.000000
vn -0.000000 1.000000 0.000000
vn -0.000000 1.000000 0.000000
vn -0.000000 1.000000 0.000000
vn 0.923880 0.000000 -0.382683
vn 0.923880 0.000000 -0.382683
vn 0.923880 0.000000 -0.382683
vn 0.923880 0.000000 -0.382684
vn 0.923880 0.000000 -0.382684
vn 0.923880 0.000000 -0.382684
vn -0.923879 0.000000 0.382684
vn -0.923879 0.000000 0.382684
vn -0.923879 0.000000 0.382684
vn -0.923880 0.000000 0.382683
vn -0.923880 0.000000 0.382683
vn -0.923880 0.000000 0.382683
vn -0.382684 0.000000 -0.923879
vn -0.382684 0.000000 -0.923879
vn -0.382684 0.000000 -0.923879
vn -0.382684 0.000000 -0.923879
vn -0.382684 0.000000 -0.923879
vn -0.382684 0.000000 -0.923879
vn 0.923879 0.000000 0.382684
vn 0.923879 0.000000 0.382684
vn 0.923879 0.000000 0.382684
vn 0.923880 0.000000 0.382684
vn 0.923880 0.000000 0.382684
vn 0.923880 0.000000 0.382684
vn -0.382684 0.000000 0.923879
vn -0.382684 0.000000 0.923879
vn -0.382684 0.000000 0.923879
vn -0.382684 0.000000 0.923879
vn -0.382684 0.000000 0.923879
vn -0.382684 0.000000 0.923879
vn -0.923880 0.000000 -0.382683
vn -0.923880 0.000000 -0.382683
vn -0.923880 0.000000 -0.382683
vn -0.923880 0.000000 -0.382684
vn -0.923880 0.000000 -0.382684
vn -0.923880 0.000000 -0.382684
vn 0.382683 0.000000 -0.923880
vn 0.382683 0.000000 -0.923880
vn 0.382683 0.000000 -0.923880
vn 0.382683 0.000000 -0.923880
vn 0.382683 0.000000 -0.923880
vn 0.382683 0.000000 -0.923880
vn -0.997702 0.067757 0.000002
vn -0.997702 0.067757 0.000002
vn -0.997702 0.067757 0.000002
vn -0.997702 0.067757 0.000002
vn -0.997702 0.067757 0.000002
vn -0.997702 0.067757 0.000002
vn -0.657571 0.753393 -0.000000
vn -0.657571 0.753393 -0.000000
vn -0.657571 0.753393 -0.000000
vn -0.657571 0.753392 -0.000001
vn -0.657571 0.753392 -0.000001
vn -0.657571 0.753392 -0.000001
vn 0.753393 0.657570 0.000000
vn 0.753393 0.657570 0.000000
vn 0.753393 0.657570 0.000000
vn 0.753393 0.657570 0.000000
vn 0.753393 0.657570 0.000000
vn 0.753393 0.657570 0.000000
vn 0.657571 -0.753393 0.000000
vn 0.657571 -0.753393 0.000000
vn 0.657571 -0.753393 0.000000
vn 0.657571 -0.753393 0.000001
vn 0.657571 -0.753393 0.000001
vn 0.657571 -0.753393 0.000001
vn -0.753394 -0.657569 0.000000
vn -0.753394 -0.657569 0.000000
vn -0.753394 -0.657569 0.000000
vn -0.753391 -0.657573 -0.000001
vn -0.753391 -0.657573 -0.000001
vn -0.753391 -0.657573 -0.000001
vn -0.997702 0.067756 -0.000001
vn -0.997702 0.067756 -0.000001
vn -0.997702 0.067756 -0.000001
vn -0.997702 0.067757 0.000000
vn -0.997702 0.067757 0.000000
vn -0.997702 0.067757 0.000000
vn 0.067755 0.997702 0.000000
vn 0.067755 0.997702 0.000000
vn 0.067755 0.997702 0.000000
vn 0.067760 0.997702 0.000000
vn 0.067760 0.997702 0.000000
vn 0.067760 0.997702 0.000000
vn 0.997702 -0.067759 0.000001
vn 0.997702 -0.067759 0.000001
vn 0.997702 -0.067759 0.000001
vn 0.997702 -0.067758 0.000000
vn 0.997702 -0.067758 0.000000
vn 0.997702 -0.067758 0.000000
vn -0.067756 -0.997702 -0.000000
vn -0.067756 -0.997702 -0.000000
vn -0.067756 -0.997702 -0.000000
vn -0.067756 -0.997702 0.000000
vn -0.067756 -0.997702 0.000000
vn -0.067756 -0.997702 0.000000
vn -0.000001 0.000003 -1.000000
vn -0.000001 0.000003 -1.000000
vn -0.000001 0.000003 -1.000000
vn 0.000002 0.000001 -1.000000
vn 0.000002 0.000001 -1.000000
vn 0.000002 0.000001 -1.000000
vn -0.000000 0.000000 -1.000000
vn -0.000000 0.000000 -1.000000
vn -0.000000 0.000000 -1.000000
vn -0.000000 -0.000002 -1.000000
vn -0.000000 -0.000002 -1.000000
vn -0.000000 -0.000002 -1.000000
vn -0.000002 0.000006 -1.000000
vn -0.000002 0.000006 -1.000000
vn -0.000002 0.000006 -1.000000
vn -0.000000 0.000000 -1.000000
vn -0.000000 0.000000 -1.000000
vn -0.000000 0.000000 -1.000000
vn 0.000000 -0.000002 -1.000000
vn 0.000000 -0.000002 -1.000000
vn 0.000000 -0.000002 -1.000000
vn -0.000005 0.000002 -1.000000
vn -0.000005 0.000002 -1.000000
vn -0.000005 0.000002 -1.000000
vn -0.000000 0.000000 -1.000000
vn -0.000000 0.000000 -1.000000
vn -0.000000 0.000000 -1.000000
vn -0.000000 0.000000 -1.000000
vn -0.000000 0.000000 -1.000000
vn -0.000000 0.000000 -1.000000
vn 0.000001 0.000000 -1.000000
vn 0.000001 0.000000 -1.000000
vn 0.000001 0.000000 -1.000000
vn -0.000000 0.000000 -1.000000
vn -0.000000 0.000000 -1.000000
vn -0.000000 0.000000 -1.000000
vn 0.000002 -0.000003 -1.000000
vn 0.000002 -0.000003 -1.000000
vn 0.000002 -0.000003 -1.000000
vn 0.000000 0.000005 -1.000000
vn 0.000000 0.000005 -1.000000
vn 0.000000 0.000005 -1.000000
vn 0.000003 -0.000001 -1.000000
vn 0.000003 -0.000001 -1.000000
vn 0.000003 -0.000001 -1.000000
vn 0.000002 -0.000001 -1.000000
vn 0.000002 -0.000001 -1.000000
vn 0.000002 -0.000001 -1.000000
vn 0.067348 0.991636 0.110101
vn 0.067348 0.991636 0.110101
vn 0.067348 0.991636 0.110101
vn 0.067345 0.991636 0.110099
vn 0.067345 0.991636 0.110099
vn 0.067345 0.991636 0.110099
vn 0.655558 -0.751097 -0.078090
vn 0.655558 -0.751097 -0.078090
vn 0.655558 -0.751097 -0.078090
vn 0.655564 -0.751091 -0.078095
vn 0.655564 -0.751091 -0.078095
vn 0.655564 -0.751091 -0.078095
vn -0.751094 -0.655561 -0.078089
vn -0.751094 -0.655561 -0.078089
vn -0.751094 -0.655561 -0.078089
vn -0.751090 -0.655566 -0.078090
vn -0.751090 -0.655566 -0.078090
vn -0.751090 -0.655566 -0.078090
vn -0.655564 0.751091 0.078088
vn -0.655564 0.751091 0.078088
vn -0.655564 0.751091 0.078088
vn -0.655564 0.751091 0.078089
vn -0.655564 0.751091 0.078089
vn -0.655564 0.751091 0.078089
vn 0.751092 0.655563 0.078087
vn 0.751092 0.655563 0.078087
vn 0.751092 0.655563 0.078087
vn 0.751093 0.655562 0.078089
vn 0.751093 0.655562 0.078089
vn 0.751093 0.655562 0.078089
vn 0.997702 -0.067757 -0.000005
vn 0.997702 -0.067757 -0.000005
vn 0.997702 -0.067757 -0.000005
vn 0.997702 -0.067758 -0.000002
vn 0.997702 -0.067758 -0.000002
vn 0.997702 -0.067758 -0.000002
vn -0.067342 -0.991636 -0.110101
vn -0.067342 -0.991636 -0.110101
vn -0.067342 -0.991636 -0.110101
vn -0.067344 -0.991637 -0.110098
vn -0.067344 -0.991637 -0.110098
vn -0.067344 -0.991637 -0.110098
vn -0.000000 -1.000000 0.000000
vn -0.000000 -1.000000 0.000000
vn -0.000000 -1.000000 0.000000
vn 0.000002 -1.000000 0.000000
vn 0.000002 -1.000000 0.000000
vn 0.000002 -1.000000 0.000000
vn -0.923880 0.000000 -0.382684
vn -0.923880 0.000000 -0.382684
vn -0.923880 0.000000 -0.382684
vn -0.923880 0.000000 -0.382683
vn -0.923880 0.000000 -0.382683
vn -0.923880 0.000000 -0.382683
vn -0.000000 -1.000000 0.000000
vn -0.000000 -1.000000 0.000000
vn -0.000000 -1.000000 0.000000
vn 0.000007 -1.000000 0.000000
vn 0.000007 -1.000000 0.000000
vn 0.000007 -1.000000 0.000000
vn -0.382683 0.000000 -0.923880
vn -0.382683 0.000000 -0.923880
vn -0.382683 0.000000 -0.923880
vn -0.382683 0.000000 -0.923880
vn -0.382683 0.000000 -0.923880
vn -0.382683 0.000000 -0.923880
vn -0.000005 -1.000000 0.000000
vn -0.000005 -1.000000 0.000000
vn -0.000005 -1.000000 0.000000
vn 0.000002 -1.000000 0.000000
vn 0.000002 -1.000000 0.000000
vn 0.000002 -1.000000 0.000000
vn 0.382683 0.000000 -0.923880
vn 0.382683 0.000000 -0.923880
vn 0.382683 0.000000 -0.923880
vn 0.382683 0.000000 -0.923880
vn 0.382683 0.000000 -0.923880
vn 0.382683 0.000000 -0.923880
vn 0.000005 -1.000000 0.000000
vn 0.000005 -1.000000 0.000000
vn 0.000005 -1.000000 0.000000
vn -0.000002 -1.000000 0.000000
vn -0.000002 -1.000000 0.000000
vn -0.000002 -1.000000 0.000000
vn 0.923880 0.000000 -0.382683
vn 0.923880 0.000000 -0.382683
vn 0.923880 0.000000 -0.382683
vn 0.923880 0.000000 -0.382683
vn 0.923880 0.000000 -0.382683
vn 0.923880 0.000000 -0.382683
vn -0.000000 -1.000000 0.000000
vn -0.000000 -1.000000 0.000000
vn -0.000000 -1.000000 0.000000
vn -0.000007 -1.000000 0.000000
vn -0.000007 -1.000000 0.000000
vn -0.000007 -1.000000 0.000000
vn 0.923879 0.000000 0.382684
vn 0.923879 0.000000 0.382684
vn 0.923879 0.000000 0.382684
vn 0.923879 0.000000 0.382684
vn 0.923879 0.000000 0.382684
vn 0.923879 0.000000 0.382684
vn -0.000000 -1.000000 0.000000
vn -0.000000 -1.000000 0.000000
vn -0.000000 -1.000000 0.000000
vn -0.000000 -1.000000 0.000000
vn -0.000000 -1.000000 0.000000
vn -0.000000 -1.000000 0.000000
vn 0.382683 0.000000 0.923880
vn 0.382683 0.000000 0.923880
vn 0.382683 0.000000 0.923880
vn 0.382683 0.000000 0.923880
vn 0.382683 0.000000 0.923880
vn 0.382683 0.000000 0.923880
vn -0.000000 -1.000000 0.000000
vn -0.000000 -1.000000 0.000000
vn -0.000000 -1.000000 0.000000
vn -0.000000 -1.000000 0.000000
vn -0.000000 -1.000000 0.000000
vn -0.000000 -1.000000 0.000000
vn 0.382683 0.000000 0.923880
vn 0.382683 0.000000 0.923880
vn 0.382683 0.000000 0.923880
vn 0.382684 -0.000001 0.923879
vn 0.382684 -0.000001 0.923879
vn 0.382684 -0.000001 0.923879
vn -0.382683 0.000000 0.923879
vn -0.382683 0.000000 0.923879
vn -0.382683 0.000000 0.923879
vn -0.382683 0.000000 0.923879
vn -0.382683 0.000000 0.923879
vn -0.382683 0.000000 0.923879
vn -0.000000 -1.000000 0.000000
vn -0.000000 -1.000000 0.000000
vn -0.000000 -1.000000 0.000000
vn -0.000002 -1.000000 0.000000
vn -0.000002 -1.000000 0.000000
vn -0.000002 -1.000000 0.000000
vn -0.923879 0.000000 0.382684
vn -0.923879 0.000000 0.382684
vn -0.923879 0.000000 0.382684
vn -0.923879 0.000000 0.382684
vn -0.923879 0.000000 0.382684
vn -0.923879 0.000000 0.382684
vn 0.000001 1.000000 0.000000
vn 0.000001 1.000000 0.000000
vn 0.000001 1.000000 0.000000
vn -0.000000 1.000000 0.000000
vn -0.000000 1.000000 0.000000
vn -0.000000 1.000000 0.000000
vn -0.382683 0.000000 -0.923880
vn -0.382683 0.000000 -0.923880
vn -0.382683 0.000000 -0.923880
vn -0.382684 0.000000 -0.923880
vn -0.382684 0.000000 -0.923880
vn -0.382684 0.000000 -0.923880
vn -0.382683 -0.000001 0.923880
vn -0.382683 -0.000001 0.923880
vn -0.382683 -0.000001 0.923880
vn -0.382684 0.000000 0.923879
vn -0.382684 0.000000 0.923879
vn -0.382684 0.000000 0.923879
vn 0.923879 0.000000 0.382684
vn 0.923879 0.000000 0.382684
vn 0.923879 0.000000 0.382684
vn 0.923880 0.000000 0.382683
vn 0.923880 0.000000 0.382683
vn 0.923880 0.000000 0.382683
vn -0.923880 0.000000 -0.382682
vn -0.923880 0.000000 -0.382682
vn -0.923880 0.000000 -0.382682
vn -0.923880 0.000000 -0.382683
vn -0.923880 0.000000 -0.382683
vn -0.923880 0.000000 -0.382683
vn 0.923879 0.000000 -0.382684
vn 0.923879 0.000000 -0.382684
vn 0.923879 0.000000 -0.382684
vn 0.923880 0.000000 -0.382683
vn 0.923880 0.000000 -0.382683
vn 0.923880 0.000000 -0.382683
vn 0.382683 0.000000 -0.923880
vn 0.382683 0.000000 -0.923880
vn 0.382683 0.000000 -0.923880
vn 0.382684 0.000000 -0.923879
vn 0.382684 0.000000 -0.923879
vn 0.382684 0.000000 -0.923879
vn -0.923880 -0.000001 0.382683
vn -0.923880 -0.000001 0.382683
vn -0.923880 -0.000001 0.382683
vn -0.923879 0.000000 0.382684
vn -0.923879 0.000000 0.382684
vn -0.923879 0.000000 0.382684
vn -0.382683 0.000000 -0.923880
vn -0.382683 0.000000 -0.923880
vn -0.382683 0.000000 -0.923880
vn -0.382683 0.000000 -0.923880
vn -0.382683 0.000000 -0.923880
vn -0.382683 0.000000 -0.923880
vn -1.000000 0.000000 0.000000
vn -1.000000 0.000000 0.000000
vn -1.000000 0.000000 0.000000
vn -1.000000 0.000000 0.000000
vn -1.000000 0.000000 0.000000
vn -1.000000 0.000000 0.000000
vn -0.000004 1.000000 0.000000
vn -0.000004 1.000000 0.000000
vn -0.000004 1.000000 0.000000
vn -0.000000 1.000000 0.000000
vn -0.000000 1.000000 0.000000
vn -0.000000 1.000000 0.000000
vn -0.000002 1.000000 0.000000
vn -0.000002 1.000000 0.000000
vn -0.000002 1.000000 0.000000
vn 0.382683 0.000000 -0.923880
vn 0.382683 0.000000 -0.923880
vn 0.382683 0.000000 -0.923880
vn 0.382683 0.000000 -0.923880
vn 0.382683 0.000000 -0.923880
vn 0.382683 0.000000 -0.923880
vn -0.000004 1.000000 0.000000
vn -0.000004 1.000000 0.000000
vn -0.000004 1.000000 0.000000
vn -0.382683 0.000000 0.923880
vn -0.382683 0.000000 0.923880
vn -0.382683 0.000000 0.923880
vn -0.382683 0.000000 0.923880
vn -0.382683 0.000000 0.923880
vn -0.382683 0.000000 0.923880
vn 0.000002 1.000000 0.000000
vn 0.000002 1.000000 0.000000
vn 0.000002 1.000000 0.000000
vn 0.000004 1.000000 0.000000
vn 0.000004 1.000000 0.000000
vn 0.000004 1.000000 0.000000
vn -0.923879 0.000000 -0.382685
vn -0.923879 0.000000 -0.382685
vn -0.923879 0.000000 -0.382685
vn -0.923880 0.000000 -0.382683
vn -0.923880 0.000000 -0.382683
vn -0.923880 0.000000 -0.382683
vn -0.923879 -0.382684 -0.000000
vn -0.923879 -0.382684 -0.000000
vn -0.923879 -0.382684 -0.000000
vn -0.923880 -0.382682 -0.000000
vn -0.923880 -0.382682 -0.000000
vn -0.923880 -0.382682 -0.000000
vn -0.382681 -0.923880 -0.000000
vn -0.382681 -0.923880 -0.000000
vn -0.382681 -0.923880 -0.000000
vn -0.382684 -0.923880 -0.000000
vn -0.382684 -0.923880 -0.000000
vn -0.382684 -0.923880 -0.000000
vn 0.382684 0.000000 0.923879
vn 0.382684 0.000000 0.923879
vn 0.382684 0.000000 0.923879
vn 0.382684 0.000000 0.923879
vn 0.382684 0.000000 0.923879
vn 0.382684 0.000000 0.923879
vn 0.382684 -0.923880 0.000000
vn 0.382684 -0.923880 0.000000
vn 0.382684 -0.923880 0.000000
vn 0.382681 -0.923881 0.000000
vn 0.382681 -0.923881 0.000000
vn 0.382681 -0.923881 0.000000
vn -0.923879 0.000000 0.382684
vn -0.923879 0.000000 0.382684
vn -0.923879 0.000000 0.382684
vn -0.923880 0.000000 0.382683
vn -0.923880 0.000000 0.382683
vn -0.923880 0.000000 0.382683
vn 0.923880 -0.382683 0.000000
vn 0.923880 -0.382683 0.000000
vn 0.923880 -0.382683 0.000000
vn 0.923879 -0.382684 0.000000
vn 0.923879 -0.382684 0.000000
vn 0.923879 -0.382684 0.000000
vn -0.000002 -1.000000 0.000000
vn -0.000002 -1.000000 0.000000
vn -0.000002 -1.000000 0.000000
vn -0.000000 -1.000000 0.000000
vn -0.000000 -1.000000 0.000000
vn -0.000000 -1.000000 0.000000
vn 0.923880 0.000000 0.382683
vn 0.923880 0.000000 0.382683
vn 0.923880 0.000000 0.382683
vn 0.923880 0.000000 0.382682
vn 0.923880 0.000000 0.382682
vn 0.923880 0.000000 0.382682
vn -0.000000 -1.000000 0.000000
vn -0.000000 -1.000000 0.000000
vn -0.000000 -1.000000 0.000000
vn -0.000000 -1.000000 0.000000
vn -0.000000 -1.000000 0.000000
vn -0.000000 -1.000000 0.000000
vn -0.000000 1.000000 0.000000
vn -0.000000 1.000000 0.000000
vn -0.000000 1.000000 0.000000
vn -0.000000 1.000000 0.000000
vn -0.000000 1.000000 0.000000
vn -0.000000 1.000000 0.000000
vn 1.000000 0.000000 0.000000
vn 1.000000 0.000000 0.000000
vn 1.000000 0.000000 0.000000
vn 1.000000 0.000000 0.000000
vn 1.000000 0.000000 0.000000
vn 1.000000 0.000000 0.000000
vn -0.000000 -1.000000 0.000000
vn -0.000000 -1.000000 0.000000
vn -0.000000 -1.000000 0.000000
vn -0.000000 -1.000000 0.000000
vn -0.000000 -1.000000 0.000000
vn -0.000000 -1.000000 0.000000
vn -0.000000 1.000000 0.000000
vn -0.000000 1.000000 0.000000
vn -0.000000 1.000000 0.000000
vn -0.000000 1.000000 0.000000
vn -0.000000 1.000000 0.000000
vn -0.000000 1.000000 0.000000
vn -0.382684 0.000000 0.923879
vn -0.382684 0.000000 0.923879
vn -0.382684 0.000000 0.923879
vn -0.382684 0.000000 0.923879
vn -0.382684 0.000000 0.923879
vn -0.382684 0.000000 0.923879
vn -0.000001 1.000000 0.000000
vn -0.000001 1.000000 0.000000
vn -0.000001 1.000000 0.000000
vn -0.000000 1.000000 0.000000
vn -0.000000 1.000000 0.000000
vn -0.000000 1.000000 0.000000
vn -0.923879 0.000000 -0.382684
vn -0.923879 0.000000 -0.382684
vn -0.923879 0.000000 -0.382684
vn -0.923879 0.000000 -0.382684
vn -0.923879 0.000000 -0.382684
vn -0.923879 0.000000 -0.382684
vn -0.382683 0.000000 -0.923880
vn -0.382683 0.000000 -0.923880
vn -0.382683 0.000000 -0.923880
vn -0.382683 0.000000 -0.923880
vn -0.382683 0.000000 -0.923880
vn -0.382683 0.000000 -0.923880
vn 0.382683 0.000000 -0.923880
vn 0.382683 0.000000 -0.923880
vn 0.382683 0.000000 -0.923880
vn 0.382683 0.000000 -0.923880
vn 0.382683 0.000000 -0.923880
vn 0.382683 0.000000 -0.923880
vn 0.923879 0.000000 -0.382684
vn 0.923879 0.000000 -0.382684
vn 0.923879 0.000000 -0.382684
vn 0.923880 0.000000 -0.382682
vn 0.923880 0.000000 -0.382682
vn 0.923880 0.000000 -0.382682
vn -0.000000 -1.000000 0.000000
vn -0.000000 -1.000000 0.000000
vn -0.000000 -1.000000 0.000000
vn 0.923879 0.000000 -0.382684
vn 0.923879 0.000000 -0.382684
vn 0.923879 0.000000 -0.382684
vn 0.923879 0.000000 -0.382684
vn 0.923879 0.000000 -0.382684
vn 0.923879 0.000000 -0.382684
vn -0.000000 0.000000 -1.000000
vn -0.000000 0.000000 -1.000000
vn -0.000000 0.000000 -1.000000
vn -0.000000 1.000000 0.000000
vn -0.000000 1.000000 0.000000
vn -0.000000 1.000000 0.000000
vn -0.000000 1.000000 0.000000
vn -0.000000 1.000000 0.000000
vn -0.000000 1.000000 0.000000
vn 1.000000 0.000000 0.000000
vn 1.000000 0.000000 0.000000
vn 1.000000 0.000000 0.000000
vn 1.000000 0.000000 0.000000
vn 1.000000 0.000000 0.000000
vn 1.000000 0.000000 0.000000
vn -1.000000 0.000000 -0.000000
vn -1.000000 0.000000 -0.000000
vn -1.000000 0.000000 -0.000000
vn -1.000000 0.000000 -0.000000
vn -1.000000 0.000000 -0.000000
vn -1.000000 0.000000 -0.000000
vn 0.000000 -1.000000 0.000000
vn 0.000000 -1.000000 0.000000
vn 0.000000 -1.000000 0.000000
vn -0.000000 -1.000000 0.000000
vn -0.000000 -1.000000 0.000000
vn -0.000000 -1.000000 0.000000
vn 0.382683 0.000000 0.923880
vn 0.382683 0.000000 0.923880
vn 0.382683 0.000000 0.923880
vn 0.382683 0.000000 0.923880
vn 0.382683 0.000000 0.923880
vn 0.382683 0.000000 0.923880
vn 0.923879 0.000000 0.382684
vn 0.923879 0.000000 0.382684
vn 0.923879 0.000000 0.382684
vn 0.923879 0.000000 0.382684
vn 0.923879 0.000000 0.382684
vn 0.923879 0.000000 0.382684
vn -0.923879 0.000000 0.382684
vn -0.923879 0.000000 0.382684
vn -0.923879 0.000000 0.382684
vn -0.923879 0.000000 0.382684
vn -0.923879 0.000000 0.382684
vn -0.923879 0.000000 0.382684
vn -0.000004 -1.000000 0.000000
vn -0.000004 -1.000000 0.000000
vn -0.000004 -1.000000 0.000000
vn 0.000008 -1.000000 0.000000
vn 0.000008 -1.000000 0.000000
vn 0.000008 -1.000000 0.000000
vn -0.000000 -1.000000 0.000000
vn -0.000000 -1.000000 0.000000
vn -0.000000 -1.000000 0.000000
vn -0.000000 -1.000000 0.000000
vn -0.000000 -1.000000 0.000000
vn -0.000000 -1.000000 0.000000
vn -0.000000 -1.000000 0.000000
vn -0.000000 -1.000000 0.000000
vn -0.000000 -1.000000 0.000000
vn -0.000000 -0.000000 -1.000000
vn -0.000000 -0.000000 -1.000000
vn -0.000000 -0.000000 -1.000000
vn -0.000000 0.000000 -1.000000
vn -0.000000 0.000000 -1.000000
vn -0.000000 0.000000 -1.000000
vn -0.000000 0.000000 -1.000000
vn -0.000000 0.000000 -1.000000
vn -0.000000 0.000000 -1.000000
vn -0.000000 0.000000 -1.000000
vn -0.000000 0.000000 -1.000000
vn -0.000000 0.000000 -1.000000
vn -0.000000 -1.000000 0.000000
vn -0.000000 -1.000000 0.000000
vn -0.000000 -1.000000 0.000000
vn -0.000000 -1.000000 0.000000
vn -0.000000 -1.000000 0.000000
vn -0.000000 -1.000000 0.000000
vn -0.000000 -1.000000 0.000000
vn -0.000000 -1.000000 0.000000
vn -0.000000 -1.000000 0.000000
vn -0.000000 -1.000000 0.000000
vn -0.000000 -1.000000 0.000000
vn -0.000000 -1.000000 0.000000
vn 0.000000 -1.000000 0.000000
vn 0.000000 -1.000000 0.000000
vn 0.000000 -1.000000 0.000000
vn -0.000000 -1.000000 0.000000
vn -0.000000 -1.000000 0.000000
vn -0.000000 -1.000000 0.000000
vn -0.000000 -1.000000 0.000000
vn -0.000000 -1.000000 0.000000
vn -0.000000 -1.000000 0.000000
vn 0.000001 -1.000000 0.000000
vn 0.000001 -1.000000 0.000000
vn 0.000001 -1.000000 0.000000
vn -0.000000 -1.000000 0.000000
vn -0.000000 -1.000000 0.000000
vn -0.000000 -1.000000 0.000000
vn -0.000000 -1.000000 0.000000
vn -0.000000 -1.000000 0.000000
vn -0.000000 -1.000000 0.000000
vn -0.000000 -1.000000 0.000000
vn -0.000000 -1.000000 0.000000
vn -0.000000 -1.000000 0.000000
vn -0.000000 -1.000000 0.000000
vn -0.000000 -1.000000 0.000000
vn -0.000000 -1.000000 0.000000
vn -0.000000 -1.000000 0.000000
vn -0.000000 -1.000000 0.000000
vn -0.000000 -1.000000 0.000000
vn -0.000000 -1.000000 0.000000
vn -0.000000 -1.000000 0.000000
vn -0.000000 -1.000000 0.000000
vn -0.000001 -1.000000 0.000000
vn -0.000001 -1.000000 0.000000
vn -0.000001 -1.000000 0.000000
vn -0.000000 -1.000000 0.000000
vn -0.000000 -1.000000 0.000000
vn -0.000000 -1.000000 0.000000
vn 0.923880 0.000000 0.382683
vn 0.923880 0.000000 0.382683
vn 0.923880 0.000000 0.382683
vn 0.923879 0.000000 0.382684
vn 0.923879 0.000000 0.382684
vn 0.923879 0.000000 0.382684
vn 0.923880 0.000000 -0.382683
vn 0.923880 0.000000 -0.382683
vn 0.923880 0.000000 -0.382683
vn 0.923880 0.000000 -0.382683
vn 0.923880 0.000000 -0.382683
vn 0.923880 0.000000 -0.382683
vn -0.382684 0.000000 -0.923879
vn -0.382684 0.000000 -0.923879
vn -0.382684 0.000000 -0.923879
vn -0.382683 0.000000 -0.923880
vn -0.382683 0.000000 -0.923880
vn -0.382683 0.000000 -0.923880
vn -0.923880 0.000000 0.382683
vn -0.923880 0.000000 0.382683
vn -0.923880 0.000000 0.382683
vn -0.923879 0.000000 0.382684
vn -0.923879 0.000000 0.382684
vn -0.923879 0.000000 0.382684
vn 0.382684 0.000000 0.923879
vn 0.382684 0.000000 0.923879
vn 0.382684 0.000000 0.923879
vn 0.382683 0.000000 0.923880
vn 0.382683 0.000000 0.923880
vn 0.382683 0.000000 0.923880
vn 0.382684 0.000000 -0.923879
vn 0.382684 0.000000 -0.923879
vn 0.382684 0.000000 -0.923879
vn 0.382683 0.000000 -0.923880
vn 0.382683 0.000000 -0.923880
vn 0.382683 0.000000 -0.923880
vn -0.923880 0.000000 -0.382683
vn -0.923880 0.000000 -0.382683
vn -0.923880 0.000000 -0.382683
vn -0.923880 0.000000 -0.382683
vn -0.923880 0.000000 -0.382683
vn -0.923880 0.000000 -0.382683
vn -0.382684 0.000000 0.923879
vn -0.382684 0.000000 0.923879
vn -0.382684 0.000000 0.923879
vn -0.382684 0.000000 0.923879
vn -0.382684 0.000000 0.923879
vn -0.382684 0.000000 0.923879
vn 0.382683 0.000000 0.923880
vn 0.382683 0.000000 0.923880
vn 0.382683 0.000000 0.923880
vn 0.382683 0.000000 0.923880
vn 0.382683 0.000000 0.923880
vn 0.382683 0.000000 0.923880
vn -0.923880 0.000000 0.382683
vn -0.923880 0.000000 0.382683
vn -0.923880 0.000000 0.382683
vn -0.923880 0.000000 0.382683
vn -0.923880 0.000000 0.382683
vn -0.923880 0.000000 0.382683
vn -0.923880 0.000000 -0.382684
vn -0.923880 0.000000 -0.382684
vn -0.923880 0.000000 -0.382684
vn -0.923880 0.000000 -0.382684
vn -0.923880 0.000000 -0.382684
vn -0.923880 0.000000 -0.382684
vn 0.382684 0.000000 -0.923879
vn 0.382684 0.000000 -0.923879
vn 0.382684 0.000000 -0.923879
vn 0.382684 0.000000 -0.923879
vn 0.382684 0.000000 -0.923879
vn 0.382684 0.000000 -0.923879
vn 0.923880 0.000000 0.382684
vn 0.923880 0.000000 0.382684
vn 0.923880 0.000000 0.382684
vn 0.923880 0.000000 0.382684
vn 0.923880 0.000000 0.382684
vn 0.923880 0.000000 0.382684
vn -0.382683 0.000000 0.923880
vn -0.382683 0.000000 0.923880
vn -0.382683 0.000000 0.923880
vn -0.382683 0.000000 0.923880
vn -0.382683 0.000000 0.923880
vn -0.382683 0.000000 0.923880
vn -0.382683 0.000000 -0.923880
vn -0.382683 0.000000 -0.923880
vn -0.382683 0.000000 -0.923880
vn -0.382683 0.000000 -0.923880
vn -0.382683 0.000000 -0.923880
vn -0.382683 0.000000 -0.923880
vn 0.923879 0.000000 -0.382684
vn 0.923879 0.000000 -0.382684
vn 0.923879 0.000000 -0.382684
vn 0.923879 0.000000 -0.382684
vn 0.923879 0.000000 -0.382684
vn 0.923879 0.000000 -0.382684
vn 0.919060 -0.380688 -0.102005
vn 0.919060 -0.380688 -0.102005
vn 0.919060 -0.380688 -0.102005
vn 0.919060 -0.380688 -0.102005
vn 0.919060 -0.380688 -0.102005
vn 0.919060 -0.380688 -0.102005
vn -0.371469 -0.896809 -0.240299
vn -0.371469 -0.896809 -0.240299
vn -0.371469 -0.896809 -0.240299
vn -0.371470 -0.896809 -0.240299
vn -0.371470 -0.896809 -0.240299
vn -0.371470 -0.896809 -0.240299
vn -0.371470 0.896809 0.240299
vn -0.371470 0.896809 0.240299
vn -0.371470 0.896809 0.240299
vn -0.371471 0.896809 0.240299
vn -0.371471 0.896809 0.240299
vn -0.371471 0.896809 0.240299
vn 0.919061 0.380687 0.102005
vn 0.919061 0.380687 0.102005
vn 0.919061 0.380687 0.102005
vn 0.919060 0.380688 0.102005
vn 0.919060 0.380688 0.102005
vn 0.919060 0.380688 0.102005
vn 0.371470 -0.896809 -0.240299
vn 0.371470 -0.896809 -0.240299
vn 0.371470 -0.896809 -0.240299
vn 0.371471 -0.896809 -0.240299
vn 0.371471 -0.896809 -0.240299
vn 0.371471 -0.896809 -0.240299
vn -0.919060 -0.380688 -0.102005
vn -0.919060 -0.380688 -0.102005
vn -0.919060 -0.380688 -0.102005
vn -0.919061 -0.380687 -0.102005
vn -0.919061 -0.380687 -0.102005
vn -0.919061 -0.380687 -0.102005
vn -0.919061 0.380687 0.102005
vn -0.919061 0.380687 0.102005
vn -0.919061 0.380687 0.102005
vn -0.919060 0.380688 0.102005
vn -0.919060 0.380688 0.102005
vn -0.919060 0.380688 0.102005
vn 0.371470 0.896809 0.240299
vn 0.371470 0.896809 0.240299
vn 0.371470 0.896809 0.240299
vn 0.371471 0.896809 0.240299
vn 0.371471 0.896809 0.240299
vn 0.371471 0.896809 0.240299
vn 0.371470 0.240299 0.896809
vn 0.371470 0.240299 0.896809
vn 0.371470 0.240299 0.896809
vn 0.371470 0.240299 0.896809
vn 0.371470 0.240299 0.896809
vn 0.371470 0.240299 0.896809
vn 0.371471 0.656510 0.656509
vn 0.371471 0.656510 0.656509
vn 0.371471 0.656510 0.656509
vn 0.371471 0.656510 0.656510
vn 0.371471 0.656510 0.656510
vn 0.371471 0.656510 0.656510
vn -0.919061 0.102005 0.380687
vn -0.919061 0.102005 0.380687
vn -0.919061 0.102005 0.380687
vn -0.919061 0.102005 0.380687
vn -0.919061 0.102005 0.380687
vn -0.919061 0.102005 0.380687
vn -0.919060 0.278683 0.278683
vn -0.919060 0.278683 0.278683
vn -0.919060 0.278683 0.278683
vn -0.919061 0.278682 0.278682
vn -0.919061 0.278682 0.278682
vn -0.919061 0.278682 0.278682
vn -0.919061 -0.102005 -0.380687
vn -0.919061 -0.102005 -0.380687
vn -0.919061 -0.102005 -0.380687
vn -0.919060 -0.102005 -0.380687
vn -0.919060 -0.102005 -0.380687
vn -0.919060 -0.102005 -0.380687
vn -0.919061 -0.278682 -0.278682
vn -0.919061 -0.278682 -0.278682
vn -0.919061 -0.278682 -0.278682
vn -0.919060 -0.278683 -0.278683
vn -0.919060 -0.278683 -0.278683
vn -0.919060 -0.278683 -0.278683
vn 0.371470 -0.240299 -0.896809
vn 0.371470 -0.240299 -0.896809
vn 0.371470 -0.240299 -0.896809
vn 0.371471 -0.240299 -0.896809
vn 0.371471 -0.240299 -0.896809
vn 0.371471 -0.240299 -0.896809
vn 0.371471 -0.656510 -0.656509
vn 0.371471 -0.656510 -0.656509
vn 0.371471 -0.656510 -0.656509
vn 0.371470 -0.656510 -0.656509
vn 0.371470 -0.656510 -0.656509
vn 0.371470 -0.656510 -0.656509
vn 0.919060 0.102005 0.380688
vn 0.919060 0.102005 0.380688
vn 0.919060 0.102005 0.380688
vn 0.919060 0.102005 0.380687
vn 0.919060 0.102005 0.380687
vn 0.919060 0.102005 0.380687
vn 0.919060 0.278683 0.278683
vn 0.919060 0.278683 0.278683
vn 0.919060 0.278683 0.278683
vn 0.919060 0.278683 0.278682
vn 0.919060 0.278683 0.278682
vn 0.919060 0.278683 0.278682
vn -0.371470 0.240299 0.896809
vn -0.371470 0.240299 0.896809
vn -0.371470 0.240299 0.896809
vn -0.371470 0.240300 0.896809
vn -0.371470 0.240300 0.896809
vn -0.371470 0.240300 0.896809
vn -0.371471 0.656510 0.656509
vn -0.371471 0.656510 0.656509
vn -0.371471 0.656510 0.656509
vn -0.371470 0.656510 0.656509
vn -0.371470 0.656510 0.656509
vn -0.371470 0.656510 0.656509
vn -0.371470 -0.240299 -0.896809
vn -0.371470 -0.240299 -0.896809
vn -0.371470 -0.240299 -0.896809
vn -0.371470 -0.240299 -0.896809
vn -0.371470 -0.240299 -0.896809
vn -0.371470 -0.240299 -0.896809
vn -0.371470 -0.656510 -0.656510
vn -0.371470 -0.656510 -0.656510
vn -0.371470 -0.656510 -0.656510
vn -0.371470 -0.656510 -0.656510
vn -0.371470 -0.656510 -0.656510
vn -0.371470 -0.656510 -0.656510
vn 0.919060 -0.102005 -0.380688
vn 0.919060 -0.102005 -0.380688
vn 0.919060 -0.102005 -0.380688
vn 0.919060 -0.102005 -0.380688
vn 0.919060 -0.102005 -0.380688
vn 0.919060 -0.102005 -0.380688
vn 0.919060 -0.278683 -0.278683
vn 0.919060 -0.278683 -0.278683
vn 0.919060 -0.278683 -0.278683
vn 0.919060 -0.278683 -0.278683
vn 0.919060 -0.278683 -0.278683
vn 0.919060 -0.278683 -0.278683
vn -0.382682 -0.923880 -0.000000
vn -0.382682 -0.923880 -0.000000
vn -0.382682 -0.923880 -0.000000
vn -0.382683 -0.923880 -0.000000
vn -0.382683 -0.923880 -0.000000
vn -0.382683 -0.923880 -0.000000
vn -0.382683 0.923880 0.000000
vn -0.382683 0.923880 0.000000
vn -0.382683 0.923880 0.000000
vn -0.382683 0.923880 0.000000
vn -0.382683 0.923880 0.000000
vn -0.382683 0.923880 0.000000
vn 0.923879 0.382684 0.000000
vn 0.923879 0.382684 0.000000
vn 0.923879 0.382684 0.000000
vn 0.923880 0.382683 0.000000
vn 0.923880 0.382683 0.000000
vn 0.923880 0.382683 0.000000
vn 0.382682 -0.923880 0.000000
vn 0.382682 -0.923880 0.000000
vn 0.382682 -0.923880 0.000000
vn 0.382683 -0.923880 0.000000
vn 0.382683 -0.923880 0.000000
vn 0.382683 -0.923880 0.000000
vn -0.923880 -0.382683 -0.000000
vn -0.923880 -0.382683 -0.000000
vn -0.923880 -0.382683 -0.000000
vn -0.923880 -0.382683 0.000000
vn -0.923880 -0.382683 0.000000
vn -0.923880 -0.382683 0.000000
vn -0.923880 0.382683 0.000000
vn -0.923880 0.382683 0.000000
vn -0.923880 0.382683 0.000000
vn -0.923880 0.382683 0.000000
vn -0.923880 0.382683 0.000000
vn -0.923880 0.382683 0.000000
vn 0.382683 0.923880 0.000000
vn 0.382683 0.923880 0.000000
vn 0.382683 0.923880 0.000000
vn 0.382683 0.923880 0.000000
vn 0.382683 0.923880 0.000000
vn 0.382683 0.923880 0.000000
vn 0.923879 -0.382684 0.000000
vn 0.923879 -0.382684 0.000000
vn 0.923879 -0.382684 0.000000
vn 0.923879 -0.382684 0.000000
vn 0.923879 -0.382684 0.000000
vn 0.923879 -0.382684 0.000000
vn -0.000000 1.000000 0.000000
vn -0.000000 1.000000 0.000000
vn -0.000000 1.000000 0.000000
vn -0.000000 1.000000 0.000000
vn -0.000000 1.000000 0.000000
vn -0.000000 1.000000 0.000000
vn 0.000002 0.000002 -1.000000
vn 0.000002 0.000002 -1.000000
vn 0.000002 0.000002 -1.000000
vn -0.000001 -0.000002 -1.000000
vn -0.000001 -0.000002 -1.000000
vn -0.000001 -0.000002 -1.000000
vn -0.000001 0.000001 -1.000000
vn -0.000001 0.000001 -1.000000
vn -0.000001 0.000001 -1.000000
vn 0.000001 0.000001 -1.000000
vn 0.000001 0.000001 -1.000000
vn 0.000001 0.000001 -1.000000
vn 0.000001 0.000009 -1.000000
vn 0.000001 0.000009 -1.000000
vn 0.000001 0.000009 -1.000000
vn -0.000001 -0.000002 -1.000000
vn -0.000001 -0.000002 -1.000000
vn -0.000001 -0.000002 -1.000000
vn -0.000000 1.000000 0.000000
vn -0.000000 1.000000 0.000000
vn -0.000000 1.000000 0.000000
vn 0.000002 1.000000 0.000000
vn 0.000002 1.000000 0.000000
vn 0.000002 1.000000 0.000000
vn -0.000000 1.000000 0.000000
vn -0.000000 1.000000 0.000000
vn -0.000000 1.000000 0.000000
vn -0.000002 1.000000 0.000000
vn -0.000002 1.000000 0.000000
vn -0.000002 1.000000 0.000000
vn -1.000000 0.000000 0.000000
vn -1.000000 0.000000 0.000000
vn -1.000000 0.000000 0.000000
vn -1.000000 0.000000 0.000000
vn -1.000000 0.000000 0.000000
vn -1.000000 0.000000 0.000000
vn -0.000000 -1.000000 0.000000
vn -0.000000 -1.000000 0.000000
vn -0.000000 -1.000000 0.000000
vn -0.000000 -1.000000 0.000000
vn -0.000000 -1.000000 0.000000
vn -0.000000 -1.000000 0.000000
vn -0.000000 0.000000 1.000000
vn -0.000000 0.000000 1.000000
vn -0.000000 0.000000 1.000000
vn -0.000000 0.000000 1.000000
vn -0.000000 0.000000 1.000000
vn -0.000000 0.000000 1.000000
vn 1.000000 0.000000 0.000000
vn 1.000000 0.000000 0.000000
vn 1.000000 0.000000 0.000000
vn 1.000000 0.000000 0.000000
vn 1.000000 0.000000 0.000000
vn 1.000000 0.000000 0.000000
vn -0.000000 -1.000000 0.000000
vn -0.000000 -1.000000 0.000000
vn -0.000000 -1.000000 0.000000
vn -0.000000 -1.000000 0.000000
vn -0.000000 -1.000000 0.000000
vn -0.000000 -1.000000 0.000000
vn -0.000000 0.000000 -1.000000
vn -0.000000 0.000000 -1.000000
vn -0.000000 0.000000 -1.000000
vn -0.000000 0.000000 -1.000000
vn -0.000000 0.000000 -1.000000
vn -0.000000 0.000000 -1.000000
vn -0.000000 0.000000 -1.000000
vn -0.000000 0.000000 -1.000000
vn -0.000000 0.000000 -1.000000
vn -0.000000 0.000000 -1.000000
vn -0.000000 0.000000 -1.000000
vn -0.000000 0.000000 -1.000000
vn -0.000000 0.000000 -1.000000
vn -0.000000 0.000000 -1.000000
vn -0.000000 0.000000 -1.000000
vn -0.000000 0.000000 -1.000000
vn -0.000000 0.000000 -1.000000
vn -0.000000 0.000000 -1.000000
vn -0.000001 -1.000000 0.000000
vn -0.000001 -1.000000 0.000000
vn -0.000001 -1.000000 0.000000
vn -0.000001 -1.000000 0.000000
vn -0.000001 -1.000000 0.000000
vn -0.000001 -1.000000 0.000000
vn -0.000000 -1.000000 0.000000
vn -0.000000 -1.000000 0.000000
vn -0.000000 -1.000000 0.000000
vn -0.000000 -1.000000 0.000000
vn -0.000000 -1.000000 0.000000
vn -0.000000 -1.000000 0.000000
vn -0.000000 -0.000000 -1.000000
vn -0.000000 -0.000000 -1.000000
vn -0.000000 -0.000000 -1.000000
vn -1.000000 0.000000 0.000000
vn -1.000000 0.000000 0.000000
vn -1.000000 0.000000 0.000000
vn -1.000000 0.000000 0.000000
vn -1.000000 0.000000 0.000000
vn -1.000000 0.000000 0.000000
vn -0.000000 1.000000 0.000000
vn -0.000000 1.000000 0.000000
vn -0.000000 1.000000 0.000000
vn -0.000000 1.000000 0.000000
vn -0.000000 1.000000 0.000000
vn -0.000000 1.000000 0.000000
vn 1.000000 0.000000 0.000000
vn 1.000000 0.000000 0.000000
vn 1.000000 0.000000 0.000000
vn 1.000000 0.000000 0.000000
vn 1.000000 0.000000 0.000000
vn 1.000000 0.000000 0.000000
vn -0.000000 0.000000 1.000000
vn -0.000000 0.000000 1.000000
vn -0.000000 0.000000 1.000000
vn -0.000000 0.000000 -1.000000
vn -0.000000 0.000000 -1.000000
vn -0.000000 0.000000 -1.000000
vn -0.000000 0.000000 -1.000000
vn -0.000000 0.000000 -1.000000
vn -0.000000 0.000000 -1.000000
vn -0.000000 0.000000 -1.000000
vn -0.000000 0.000000 -1.000000
vn -0.000000 0.000000 -1.000000
vn -1.000000 0.000000 0.000000
vn -1.000000 0.000000 0.000000
vn -1.000000 0.000000 0.000000
vn 1.000000 0.000000 0.000000
vn 1.000000 0.000000 0.000000
vn 1.000000 0.000000 0.000000
vn 1.000000 0.000000 0.000000
vn 1.000000 0.000000 0.000000
vn 1.000000 0.000000 0.000000
vn -0.000000 -0.000001 1.000000
vn -0.000000 -0.000001 1.000000
vn -0.000000 -0.000001 1.000000
vn -1.000000 -0.000000 0.000000
vn -1.000000 -0.000000 0.000000
vn -1.000000 -0.000000 0.000000
vn 1.000000 0.000000 0.000000
vn 1.000000 0.000000 0.000000
vn 1.000000 0.000000 0.000000
vn 1.000000 0.000000 0.000000
vn 1.000000 0.000000 0.000000
vn 1.000000 0.000000 0.000000
vn -0.000000 0.000000 -1.000000
vn -0.000000 0.000000 -1.000000
vn -0.000000 0.000000 -1.000000
vn -0.000000 0.000000 -1.000000
vn -0.000000 0.000000 -1.000000
vn -0.000000 0.000000 -1.000000
vn -0.000000 0.000000 -1.000000
vn -0.000000 0.000000 -1.000000
vn -0.000000 0.000000 -1.000000
vn -0.000000 0.000000 -1.000000
vn -0.000000 0.000000 -1.000000
vn -0.000000 0.000000 -1.000000
vn -1.000000 0.000000 -0.000000
vn -1.000000 0.000000 -0.000000
vn -1.000000 0.000000 -0.000000
vn -1.000000 0.000000 0.000000
vn -1.000000 0.000000 0.000000
vn -1.000000 0.000000 0.000000
vn 0.000020 0.000000 1.000000
vn 0.000020 0.000000 1.000000
vn 0.000020 0.000000 1.000000
vn 0.000007 0.000000 1.000000
vn 0.000007 0.000000 1.000000
vn 0.000007 0.000000 1.000000
vn -0.000000 0.000000 1.000000
vn -0.000000 0.000000 1.000000
vn -0.000000 0.000000 1.000000
vn -0.000001 0.000001 1.000000
vn -0.000001 0.000001 1.000000
vn -0.000001 0.000001 1.000000
vn -0.000000 0.000001 1.000000
vn -0.000000 0.000001 1.000000
vn -0.000000 0.000001 1.000000
vn 1.000000 0.000000 -0.000001
vn 1.000000 0.000000 -0.000001
vn 1.000000 0.000000 -0.000001
vn 1.000000 0.000000 0.000000
vn 1.000000 0.000000 0.000000
vn 1.000000 0.000000 0.000000
vn 1.000000 0.000000 0.000000
vn 1.000000 0.000000 0.000000
vn 1.000000 0.000000 0.000000
vn -1.000000 0.000000 -0.000001
vn -1.000000 0.000000 -0.000001
vn -1.000000 0.000000 -0.000001
vn -1.000000 0.000000 0.000000
vn -1.000000 0.000000 0.000000
vn -1.000000 0.000000 0.000000
vn -1.000000 0.000000 0.000000
vn -1.000000 0.000000 0.000000
vn -1.000000 0.000000 0.000000
vn -0.000000 0.000000 -1.000000
vn -0.000000 0.000000 -1.000000
vn -0.000000 0.000000 -1.000000
vn -0.000000 0.000000 -1.000000
vn -0.000000 0.000000 -1.000000
vn -0.000000 0.000000 -1.000000
vn -0.000000 0.000000 -1.000000
vn -0.000000 0.000000 -1.000000
vn -0.000000 0.000000 -1.000000
vn -0.000000 0.000000 -1.000000
vn -0.000000 0.000000 -1.000000
vn -0.000000 0.000000 -1.000000
vn -0.000000 0.000000 -1.000000
vn -0.000000 0.000000 -1.000000
vn -0.000000 0.000000 -1.000000
vn 0.000000 0.000000 -1.000000
vn 0.000000 0.000000 -1.000000
vn 0.000000 0.000000 -1.000000

g Material.001
f 3/1/1 1/2/2 2/3/3
f 4/4/4 1/5/5 3/6/6
f 7/7/7 5/8/8 6/9/9
f 8/10/10 5/11/11 7/12/12
f 11/13/13 9/14/14 10/15/15
f 12/16/16 9/17/17 11/18/18
f 15/19/19 13/20/20 14/21/21
f 16/22/22 13/23/23 15/24/24
f 19/25/25 17/26/26 18/27/27
f 20/28/28 17/29/29 19/30/30
f 23/31/31 21/32/32 22/33/33
f 24/34/34 21/35/35 23/36/36
f 27/37/37 25/38/38 26/39/39
f 28/40/40 25/41/41 27/42/42
f 31/43/43 29/44/44 30/45/45
f 32/46/46 29/47/47 31/48/48
f 35/49/49 33/50/50 34/51/51
f 36/52/52 33/53/53 35/54/54
f 39/55/55 37/56/56 38/57/57
f 40/58/58 37/59/59 39/60/60
f 43/61/61 41/62/62 42/63/63
f 44/64/64 41/65/65 43/66/66
f 47/67/67 45/68/68 46/69/69
f 48/70/70 45/71/71 47/72/72
f 51/73/73 49/74/74 50/75/75
f 52/76/76 49/77/77 51/78/78
f 55/79/79 53/80/80 54/81/81
f 56/82/82 53/83/83 55/84/84
f 59/85/85 57/86/86 58/87/87
f 60/88/88 57/89/89 59/90/90
f 63/91/91 61/92/92 62/93/93
f 64/94/94 61/95/95 63/96/96
f 67/97/97 65/98/98 66/99/99
f 70/100/100 68/101/101 69/102/102
f 71/103/103 68/104/104 70/105/105
f 74/106/106 72/107/107 73/108/108
f 75/109/109 72/110/110 74/111/111
f 78/112/112 76/113/113 77/114/114
f 79/115/115 76/116/116 78/117/117
f 82/118/118 80/119/119 81/120/120
f 83/121/121 80/122/122 82/123/123
f 86/124/124 84/125/125 85/126/126
f 87/127/127 84/128/128 86/129/129
f 90/130/130 88/131/131 89/132/132
f 91/133/133 88/134/134 90/135/135
f 94/136/136 92/137/137 93/138/138
f 95/139/139 92/140/140 94/141/141
f 98/142/142 96/143/143 97/144/144
f 99/145/145 96/146/146 98/147/147
f 102/148/148 100/149/149 101/150/150
f 103/151/151 100/152/152 102/153/153
f 106/154/154 104/155/155 105/156/156
f 107/157/157 104/158/158 106/159/159
f 110/160/160 108/161/161 109/162/162
f 111/163/163 108/164/164 110/165/165
f 114/166/166 112/167/167 113/168/168
f 115/169/169 112/170/170 114/171/171
f 118/172/172 116/173/173 117/174/174
f 119/175/175 116/176/176 118/177/177
f 122/178/178 120/179/179 121/180/180
f 123/181/181 120/182/182 122/183/183
f 126/184/184 124/185/185 125/186/186
f 127/187/187 124/188/188 126/189/189
f 550/190/190 548/191/191 549/192/192
f 553/193/193 551/194/194 552/195/195
f 556/196/196 554/197/197 555/198/198
f 559/199/199 557/200/200 558/201/201
f 562/202/202 560/203/203 561/204/204
f 565/205/205 563/206/206 564/207/207
f 566/208/208 563/209/209 565/210/210
f 569/211/211 567/212/212 568/213/213
f 570/214/214 567/215/215 569/216/216
f 573/217/217 571/218/218 572/219/219
f 574/220/220 571/221/221 573/222/222
f 577/223/223 575/224/224 576/225/225
f 578/226/226 575/227/227 577/228/228
f 581/229/229 579/230/230 580/231/231
f 582/232/232 579/233/233 581/234/234
f 585/235/235 583/236/236 584/237/237
f 586/238/238 583/239/239 585/240/240
f 589/241/241 587/242/242 588/243/243
f 590/244/244 587/245/245 589/246/246
f 593/247/247 591/248/248 592/249/249
f 594/250/250 591/251/251 593/252/252
f 597/253/253 595/254/254 596/255/255
f 598/256/256 595/257/257 597/258/258
f 601/259/259 599/260/260 600/261/261
f 602/262/262 599/263/263 601/264/264
f 605/265/265 603/266/266 604/267/267
f 606/268/268 603/269/269 605/270/270
f 609/271/271 607/272/272 608/273/273
f 610/274/274 607/275/275 609/276/276
f 613/277/277 611/278/278 612/279/279
f 614/280/280 611/281/281 613/282/282
f 617/283/283 615/284/284 616/285/285
f 618/286/286 615/287/287 617/288/288
f 621/289/289 619/290/290 620/291/291
f 622/292/292 619/293/293 621/294/294
f 625/295/295 623/296/296 624/297/297
f 628/298/298 626/299/299 627/300/300
f 631/301/301 629/302/302 630/303/303
f 634/304/304 632/305/305 633/306/306
f 637/307/307 635/308/308 636/309/309
f 640/310/310 638/311/311 639/312/312
f 643/313/313 641/314/314 642/315/315
f 646/316/316 644/317/317 645/318/318
f 649/319/319 647/320/320 648/321/321
f 652/322/322 650/323/323 651/324/324
f 655/325/325 653/326/326 654/327/327
f 658/328/328 656/329/329 657/330/330
f 661/331/331 659/332/332 660/333/333
f 664/334/334 662/335/335 663/336/336
f 667/337/337 665/338/338 666/339/339
f 670/340/340 668/341/341 669/342/342
f 673/343/343 671/344/344 672/345/345
f 676/346/346 674/347/347 675/348/348
f 679/349/349 677/350/350 678/351/351
f 682/352/352 680/353/353 681/354/354
f 685/355/355 683/356/356 684/357/357
f 688/358/358 686/359/359 687/360/360
f 691/361/361 689/362/362 690/363/363
f 694/364/364 692/365/365 693/366/366
f 697/367/367 695/368/368 696/369/369
f 700/370/370 698/371/371 699/372/372
f 703/373/373 701/374/374 702/375/375
f 706/376/376 704/377/377 705/378/378
f 709/379/379 707/380/380 708/381/381
f 712/382/382 710/383/383 711/384/384
f 715/385/385 713/386/386 714/387/387
f 718/388/388 716/389/389 717/390/390
f 721/391/391 719/392/392 720/393/393
f 724/394/394 722/395/395 723/396/396
f 727/397/397 725/398/398 726/399/399
f 730/400/400 728/401/401 729/402/402
f 733/403/403 731/404/404 732/405/405
f 736/406/406 734/407/407 735/408/408
f 739/409/409 737/410/410 738/411/411
f 742/412/412 740/413/413 741/414/414
f 745/415/415 743/416/416 744/417/417
f 748/418/418 746/419/419 747/420/420
f 751/421/421 749/422/422 750/423/423
f 754/424/424 752/425/425 753/426/426
f 757/427/427 755/428/428 756/429/429
f 760/430/430 758/431/431 759/432/432
f 763/433/433 761/434/434 762/435/435
f 869/436/436 867/437/437 868/438/438
f 870/439/439 867/440/440 869/441/441
f 873/442/442 871/443/443 872/444/444
f 874/445/445 871/446/446 873/447/447
f 877/448/448 875/449/449 876/450/450
f 878/451/451 875/452/452 877/453/453
f 881/454/454 879/455/455 880/456/456
f 882/457/457 879/458/458 881/459/459
f 885/460/460 883/461/461 884/462/462
f 886/463/463 883/464/464 885/465/465
f 889/466/466 887/467/467 888/468/468
f 890/469/469 887/470/470 889/471/471
f 893/472/472 891/473/473 892/474/474
f 894/475/475 891/476/476 893/477/477
f 897/478/478 895/479/479 896/480/480
f 898/481/481 895/482/482 897/483/483
f 901/484/484 899/485/485 900/486/486
f 902/487/487 899/488/488 901/489/489
f 905/490/490 903/491/491 904/492/492
f 906/493/493 903/494/494 905/495/495
f 909/496/496 907/497/497 908/498/498
f 910/499/499 907/500/500 909/501/501
f 913/502/502 911/503/503 912/504/504
f 914/505/505 911/506/506 913/507/507
f 917/508/508 915/509/509 916/510/510
f 918/511/511 915/512/512 917/513/513
f 921/514/514 919/515/515 920/516/516
f 922/517/517 919/518/518 921/519/519
f 992/520/520 990/521/521 991/522/522
f 995/523/523 993/524/524 994/525/525
f 998/526/526 996/527/527 997/528/528
f 1001/529/529 999/530/530 1000/531/531
f 1004/532/532 1002/533/533 1003/534/534
f 1007/535/535 1005/536/536 1006/537/537
f 1010/538/538 1008/539/539 1009/540/540
f 1013/541/541 1011/542/542 1012/543/543
f 1016/544/544 1014/545/545 1015/546/546
f 1019/547/547 1017/548/548 1018/549/549
f 1022/550/550 1020/551/551 1021/552/552
f 1025/553/553 1023/554/554 1024/555/555
f 1028/556/556 1026/557/557 1027/558/558
f 1031/559/559 1029/560/560 1030/561/561
f 1034/562/562 1032/563/563 1033/564/564
f 1037/565/565 1035/566/566 1036/567/567
f 1040/568/568 1038/569/569 1039/570/570
f 1043/571/571 1041/572/572 1042/573/573
f 1046/574/574 1044/575/575 1045/576/576

g Material.011
f 130/577/577 128/578/578 129/579/579
f 131/580/580 128/581/581 130/582/582
f 134/583/583 132/584/584 133/585/585
f 135/586/586 132/587/587 134/588/588
f 138/589/589 136/590/590 137/591/591
f 139/592/592 136/593/593 138/594/594
f 142/595/595 140/596/596 141/597/597
f 143/598/598 140/599/599 142/600/600
f 146/601/601 144/602/602 145/603/603
f 147/604/604 144/605/605 146/606/606
f 150/607/607 148/608/608 149/609/609
f 151/610/610 148/611/611 150/612/612
f 154/613/613 152/614/614 153/615/615
f 155/616/616 152/617/617 154/618/618
f 158/619/619 156/620/620 157/621/621
f 159/622/622 156/623/623 158/624/624
f 162/625/625 160/626/626 161/627/627
f 163/628/628 160/629/629 162/630/630
f 170/631/631 168/632/632 169/633/633
f 171/634/634 168/635/635 170/636/636
f 174/637/637 172/638/638 173/639/639
f 175/640/640 172/641/641 174/642/642
f 178/643/643 176/644/644 177/645/645
f 179/646/646 176/647/647 178/648/648
f 182/649/649 180/650/650 181/651/651
f 183/652/652 180/653/653 182/654/654
f 186/655/655 184/656/656 185/657/657
f 187/658/658 184/659/659 186/660/660
f 190/661/661 188/662/662 189/663/663
f 191/664/664 188/665/665 190/666/666
f 194/667/667 192/668/668 193/669/669
f 195/670/670 192/671/671 194/672/672
f 424/673/673 422/674/674 423/675/675
f 425/676/676 422/677/677 424/678/678
f 428/679/679 426/680/680 427/681/681
f 429/682/682 426/683/683 428/684/684
f 432/685/685 430/686/686 431/687/687
f 433/688/688 430/689/689 432/690/690
f 436/691/691 434/692/692 435/693/693
f 437/694/694 434/695/695 436/696/696
f 440/697/697 438/698/698 439/699/699
f 441/700/700 438/701/701 440/702/702
f 444/703/703 442/704/704 443/705/705
f 445/706/706 442/707/707 444/708/708
f 448/709/709 446/710/710 447/711/711
f 449/712/712 446/713/713 448/714/714
f 452/715/715 450/716/716 451/717/717
f 453/718/718 450/719/719 452/720/720
f 456/721/721 454/722/722 455/723/723
f 457/724/724 454/725/725 456/726/726
f 460/727/727 458/728/728 459/729/729
f 461/730/730 458/731/731 460/732/732
f 464/733/733 462/734/734 463/735/735
f 465/736/736 462/737/737 464/738/738
f 468/739/739 466/740/740 467/741/741
f 469/742/742 466/743/743 468/744/744
f 472/745/745 470/746/746 471/747/747
f 473/748/748 470/749/749 472/750/750
f 476/751/751 474/752/752 475/753/753
f 477/754/754 474/755/755 476/756/756
f 480/757/757 478/758/758 479/759/759
f 481/760/760 478/761/761 480/762/762
f 484/763/763 482/764/764 483/765/765
f 485/766/766 482/767/767 484/768/768
f 488/769/769 486/770/770 487/771/771
f 489/772/772 486/773/773 488/774/774
f 495/775/775 493/776/776 494/777/777
f 496/778/778 493/779/779 495/780/780
f 499/781/781 497/782/782 498/783/783
f 500/784/784 497/785/785 499/786/786
f 503/787/787 501/788/788 502/789/789
f 504/790/790 501/791/791 503/792/792
f 507/793/793 505/794/794 506/795/795
f 508/796/796 505/797/797 507/798/798
f 511/799/799 509/800/800 510/801/801
f 512/802/802 509/803/803 511/804/804
f 515/805/805 513/806/806 514/807/807
f 516/808/808 513/809/809 515/810/810
f 519/811/811 517/812/812 518/813/813
f 520/814/814 517/815/815 519/816/816
f 1049/817/817 1047/818/818 1048/819/819
f 1052/820/820 1050/821/821 1051/822/822
f 1055/823/823 1053/824/824 1054/825/825
f 1058/826/826 1056/827/827 1057/828/828
f 1061/829/829 1059/830/830 1060/831/831
f 1064/832/832 1062/833/833 1063/834/834
f 1067/835/835 1065/836/836 1066/837/837
f 1070/838/838 1068/839/839 1069/840/840
f 1073/841/841 1071/842/842 1072/843/843
f 1076/844/844 1074/845/845 1075/846/846
f 1079/847/847 1077/848/848 1078/849/849
f 1082/850/850 1080/851/851 1081/852/852
f 1085/853/853 1083/854/854 1084/855/855
f 1088/856/856 1086/857/857 1087/858/858
f 1091/859/859 1089/860/860 1090/861/861
f 1094/862/862 1092/863/863 1093/864/864
f 1097/865/865 1095/866/866 1096/867/867
f 1100/868/868 1098/869/869 1099/870/870
f 1103/871/871 1101/872/872 1102/873/873
f 1106/874/874 1104/875/875 1105/876/876
f 1109/877/877 1107/878/878 1108/879/879
f 1112/880/880 1110/881/881 1111/882/882
f 1115/883/883 1113/884/884 1114/885/885
f 1118/886/886 1116/887/887 1117/888/888
f 1121/889/889 1119/890/890 1120/891/891
f 1124/892/892 1122/893/893 1123/894/894
f 1127/895/895 1125/896/896 1126/897/897
f 1130/898/898 1128/899/899 1129/900/900
f 1133/901/901 1131/902/902 1132/903/903
f 1136/904/904 1134/905/905 1135/906/906
f 1139/907/907 1137/908/908 1138/909/909
f 1142/910/910 1140/911/911 1141/912/912
f 1145/913/913 1143/914/914 1144/915/915
f 1148/916/916 1146/917/917 1147/918/918
f 1151/919/919 1149/920/920 1150/921/921
f 1152/922/922 1149/923/923 1151/924/924
f 1155/925/925 1153/926/926 1154/927/927
f 1158/928/928 1156/929/929 1157/930/930
f 1161/931/931 1159/932/932 1160/933/933
f 1164/934/934 1162/935/935 1163/936/936
f 1167/937/937 1165/938/938 1166/939/939
f 1170/940/940 1168/941/941 1169/942/942
f 1173/943/943 1171/944/944 1172/945/945
f 1176/946/946 1174/947/947 1175/948/948
f 1179/949/949 1177/950/950 1178/951/951
f 1182/952/952 1180/953/953 1181/954/954
f 1185/955/955 1183/956/956 1184/957/957
f 1188/958/958 1186/959/959 1187/960/960
f 1191/961/961 1189/962/962 1190/963/963
f 1194/964/964 1192/965/965 1193/966/966
f 1197/967/967 1195/968/968 1196/969/969
f 1198/970/970 1195/971/971 1197/972/972
f 1201/973/973 1199/974/974 1200/975/975
f 1202/976/976 1199/977/977 1201/978/978
f 1205/979/979 1203/980/980 1204/981/981
f 1208/982/982 1206/983/983 1207/984/984
f 1211/985/985 1209/986/986 1210/987/987
f 1214/988/988 1212/989/989 1213/990/990
f 1215/991/991 1212/992/992 1214/993/993
f 1218/994/994 1216/995/995 1217/996/996
f 1221/997/997 1219/998/998 1220/999/999
f 1222/1000/1000 1219/1001/1001 1221/1002/1002
f 1225/1003/1003 1223/1004/1004 1224/1005/1005
f 1228/1006/1006 1226/1007/1007 1227/1008/1008
f 1231/1009/1009 1229/1010/1010 1230/1011/1011
f 1234/1012/1012 1232/1013/1013 1233/1014/1014
f 1237/1015/1015 1235/1016/1016 1236/1017/1017
f 1240/1018/1018 1238/1019/1019 1239/1020/1020
f 1243/1021/1021 1241/1022/1022 1242/1023/1023
f 1246/1024/1024 1244/1025/1025 1245/1026/1026
f 1249/1027/1027 1247/1028/1028 1248/1029/1029
f 1252/1030/1030 1250/1031/1031 1251/1032/1032
f 1255/1033/1033 1253/1034/1034 1254/1035/1035
f 1258/1036/1036 1256/1037/1037 1257/1038/1038
f 1261/1039/1039 1259/1040/1040 1260/1041/1041
f 1264/1042/1042 1262/1043/1043 1263/1044/1044
f 1267/1045/1045 1265/1046/1046 1266/1047/1047
f 1270/1048/1048 1268/1049/1049 1269/1050/1050
f 1273/1051/1051 1271/1052/1052 1272/1053/1053
f 1276/1054/1054 1274/1055/1055 1275/1056/1056
f 1279/1057/1057 1277/1058/1058 1278/1059/1059
f 1282/1060/1060 1280/1061/1061 1281/1062/1062
f 1285/1063/1063 1283/1064/1064 1284/1065/1065
f 1286/1066/1066 1283/1067/1067 1285/1068/1068
f 1289/1069/1069 1287/1070/1070 1288/1071/1071
f 1290/1072/1072 1287/1073/1073 1289/1074/1074
f 1293/1075/1075 1291/1076/1076 1292/1077/1077
f 1294/1078/1078 1291/1079/1079 1293/1080/1080
f 1297/1081/1081 1295/1082/1082 1296/1083/1083
f 1298/1084/1084 1295/1085/1085 1297/1086/1086
f 1301/1087/1087 1299/1088/1088 1300/1089/1089
f 1302/1090/1090 1299/1091/1091 1301/1092/1092
f 1305/1093/1093 1303/1094/1094 1304/1095/1095
f 1308/1096/1096 1306/1097/1097 1307/1098/1098
f 1311/1099/1099 1309/1100/1100 1310/1101/1101
f 1312/1102/1102 1309/1103/1103 1311/1104/1104
f 1315/1105/1105 1313/1106/1106 1314/1107/1107
f 1316/1108/1108 1313/1109/1109 1315/1110/1110
f 1319/1111/1111 1317/1112/1112 1318/1113/1113
f 1322/1114/1114 1320/1115/1115 1321/1116/1116
f 1325/1117/1117 1323/1118/1118 1324/1119/1119
f 1328/1120/1120 1326/1121/1121 1327/1122/1122
f 1331/1123/1123 1329/1124/1124 1330/1125/1125
f 1334/1126/1126 1332/1127/1127 1333/1128/1128
f 1337/1129/1129 1335/1130/1130 1336/1131/1131
f 1340/1132/1132 1338/1133/1133 1339/1134/1134
f 1341/1135/1135 1338/1136/1136 1340/1137/1137
f 1344/1138/1138 1342/1139/1139 1343/1140/1140
f 1347/1141/1141 1345/1142/1142 1346/1143/1143
f 1348/1144/1144 1345/1145/1145 1347/1146/1146
f 1351/1147/1147 1349/1148/1148 1350/1149/1149
f 1352/1150/1150 1349/1151/1151 1351/1152/1152
f 1355/1153/1153 1353/1154/1154 1354/1155/1155
f 1356/1156/1156 1353/1157/1157 1355/1158/1158
f 1359/1159/1159 1357/1160/1160 1358/1161/1161
f 1360/1162/1162 1357/1163/1163 1359/1164/1164
f 1363/1165/1165 1361/1166/1166 1362/1167/1167
f 1364/1168/1168 1361/1169/1169 1363/1170/1170
f 1367/1171/1171 1365/1172/1172 1366/1173/1173
f 1368/1174/1174 1365/1175/1175 1367/1176/1176
f 1371/1177/1177 1369/1178/1178 1370/1179/1179
f 1372/1180/1180 1369/1181/1181 1371/1182/1182
f 1375/1183/1183 1373/1184/1184 1374/1185/1185
f 1376/1186/1186 1373/1187/1187 1375/1188/1188
f 1379/1189/1189 1377/1190/1190 1378/1191/1191
f 1382/1192/1192 1380/1193/1193 1381/1194/1194
f 1385/1195/1195 1383/1196/1196 1384/1197/1197
f 1388/1198/1198 1386/1199/1199 1387/1200/1200
f 1391/1201/1201 1389/1202/1202 1390/1203/1203
f 1394/1204/1204 1392/1205/1205 1393/1206/1206
f 1397/1207/1207 1395/1208/1208 1396/1209/1209

g Material.013
f 166/1210/1210 164/1211/1211 165/1212/1212
f 167/1213/1213 164/1214/1214 166/1215/1215
f 198/1216/1216 196/1217/1217 197/1218/1218
f 199/1219/1219 196/1220/1220 198/1221/1221
f 202/1222/1222 200/1223/1223 201/1224/1224
f 203/1225/1225 200/1226/1226 202/1227/1227
f 206/1228/1228 204/1229/1229 205/1230/1230
f 207/1231/1231 204/1232/1232 206/1233/1233
f 210/1234/1234 208/1235/1235 209/1236/1236
f 211/1237/1237 208/1238/1238 210/1239/1239
f 214/1240/1240 212/1241/1241 213/1242/1242
f 215/1243/1243 212/1244/1244 214/1245/1245
f 218/1246/1246 216/1247/1247 217/1248/1248
f 219/1249/1249 216/1250/1250 218/1251/1251
f 222/1252/1252 220/1253/1253 221/1254/1254
f 223/1255/1255 220/1256/1256 222/1257/1257
f 226/1258/1258 224/1259/1259 225/1260/1260
f 227/1261/1261 224/1262/1262 226/1263/1263
f 230/1264/1264 228/1265/1265 229/1266/1266
f 231/1267/1267 228/1268/1268 230/1269/1269
f 234/1270/1270 232/1271/1271 233/1272/1272
f 235/1273/1273 232/1274/1274 234/1275/1275
f 238/1276/1276 236/1277/1277 237/1278/1278
f 239/1279/1279 236/1280/1280 238/1281/1281
f 242/1282/1282 240/1283/1283 241/1284/1284
f 243/1285/1285 240/1286/1286 242/1287/1287
f 246/1288/1288 244/1289/1289 245/1290/1290
f 247/1291/1291 244/1292/1292 246/1293/1293
f 250/1294/1294 248/1295/1295 249/1296/1296
f 251/1297/1297 248/1298/1298 250/1299/1299
f 254/1300/1300 252/1301/1301 253/1302/1302
f 255/1303/1303 252/1304/1304 254/1305/1305
f 258/1306/1306 256/1307/1307 257/1308/1308
f 259/1309/1309 256/1310/1310 258/1311/1311
f 262/1312/1312 260/1313/1313 261/1314/1314
f 263/1315/1315 260/1316/1316 262/1317/1317
f 266/1318/1318 264/1319/1319 265/1320/1320
f 267/1321/1321 264/1322/1322 266/1323/1323
f 270/1324/1324 268/1325/1325 269/1326/1326
f 271/1327/1327 268/1328/1328 270/1329/1329
f 274/1330/1330 272/1331/1331 273/1332/1332
f 275/1333/1333 272/1334/1334 274/1335/1335
f 278/1336/1336 276/1337/1337 277/1338/1338
f 279/1339/1339 276/1340/1340 278/1341/1341
f 282/1342/1342 280/1343/1343 281/1344/1344
f 283/1345/1345 280/1346/1346 282/1347/1347
f 286/1348/1348 284/1349/1349 285/1350/1350
f 287/1351/1351 284/1352/1352 286/1353/1353
f 290/1354/1354 288/1355/1355 289/1356/1356
f 291/1357/1357 288/1358/1358 290/1359/1359
f 294/1360/1360 292/1361/1361 293/1362/1362
f 295/1363/1363 292/1364/1364 294/1365/1365
f 298/1366/1366 296/1367/1367 297/1368/1368
f 299/1369/1369 296/1370/1370 298/1371/1371
f 302/1372/1372 300/1373/1373 301/1374/1374
f 303/1375/1375 300/1376/1376 302/1377/1377
f 306/1378/1378 304/1379/1379 305/1380/1380
f 307/1381/1381 304/1382/1382 306/1383/1383
f 310/1384/1384 308/1385/1385 309/1386/1386
f 311/1387/1387 308/1388/1388 310/1389/1389
f 314/1390/1390 312/1391/1391 313/1392/1392
f 315/1393/1393 312/1394/1394 314/1395/1395
f 318/1396/1396 316/1397/1397 317/1398/1398
f 319/1399/1399 316/1400/1400 318/1401/1401
f 322/1402/1402 320/1403/1403 321/1404/1404
f 323/1405/1405 320/1406/1406 322/1407/1407
f 326/1408/1408 324/1409/1409 325/1410/1410
f 327/1411/1411 324/1412/1412 326/1413/1413
f 330/1414/1414 328/1415/1415 329/1416/1416
f 331/1417/1417 328/1418/1418 330/1419/1419
f 334/1420/1420 332/1421/1421 333/1422/1422
f 335/1423/1423 332/1424/1424 334/1425/1425
f 338/1426/1426 336/1427/1427 337/1428/1428
f 339/1429/1429 336/1430/1430 338/1431/1431
f 342/1432/1432 340/1433/1433 341/1434/1434
f 343/1435/1435 340/1436/1436 342/1437/1437
f 346/1438/1438 344/1439/1439 345/1440/1440
f 347/1441/1441 344/1442/1442 346/1443/1443
f 350/1444/1444 348/1445/1445 349/1446/1446
f 351/1447/1447 348/1448/1448 350/1449/1449
f 354/1450/1450 352/1451/1451 353/1452/1452
f 355/1453/1453 352/1454/1454 354/1455/1455
f 358/1456/1456 356/1457/1457 357/1458/1458
f 359/1459/1459 356/1460/1460 358/1461/1461
f 362/1462/1462 360/1463/1463 361/1464/1464
f 363/1465/1465 360/1466/1466 362/1467/1467
f 366/1468/1468 364/1469/1469 365/1470/1470
f 367/1471/1471 364/1472/1472 366/1473/1473
f 370/1474/1474 368/1475/1475 369/1476/1476
f 371/1477/1477 368/1478/1478 370/1479/1479
f 374/1480/1480 372/1481/1481 373/1482/1482
f 375/1483/1483 372/1484/1484 374/1485/1485
f 378/1486/1486 376/1487/1487 377/1488/1488
f 379/1489/1489 376/1490/1490 378/1491/1491
f 382/1492/1492 380/1493/1493 381/1494/1494
f 383/1495/1495 380/1496/1496 382/1497/1497
f 386/1498/1498 384/1499/1499 385/1500/1500
f 387/1501/1501 384/1502/1502 386/1503/1503
f 390/1504/1504 388/1505/1505 389/1506/1506
f 391/1507/1507 388/1508/1508 390/1509/1509
f 394/1510/1510 392/1511/1511 393/1512/1512
f 395/1513/1513 392/1514/1514 394/1515/1515
f 398/1516/1516 396/1517/1517 397/1518/1518
f 399/1519/1519 396/1520/1520 398/1521/1521
f 402/1522/1522 400/1523/1523 401/1524/1524
f 403/1525/1525 400/1526/1526 402/1527/1527
f 406/1528/1528 404/1529/1529 405/1530/1530
f 407/1531/1531 404/1532/1532 406/1533/1533
f 410/1534/1534 408/1535/1535 409/1536/1536
f 411/1537/1537 408/1538/1538 410/1539/1539
f 414/1540/1540 412/1541/1541 413/1542/1542
f 415/1543/1543 412/1544/1544 414/1545/1545

g Material.012
f 418/1546/1546 416/1547/1547 417/1548/1548
f 421/1549/1549 419/1550/1550 420/1551/1551
f 492/1552/1552 490/1553/1553 491/1554/1554
f 523/1555/1555 521/1556/1556 522/1557/1557
f 526/1558/1558 524/1559/1559 525/1560/1560
f 529/1561/1561 527/1562/1562 528/1563/1563
f 532/1564/1564 530/1565/1565 531/1566/1566
f 535/1567/1567 533/1568/1568 534/1569/1569
f 538/1570/1570 536/1571/1571 537/1572/1572
f 541/1573/1573 539/1574/1574 540/1575/1575
f 544/1576/1576 542/1577/1577 543/1578/1578
f 547/1579/1579 545/1580/1580 546/1581/1581

g Material.010
f 766/1582/1582 764/1583/1583 765/1584/1584
f 767/1585/1585 764/1586/1586 766/1587/1587
f 770/1588/1588 768/1589/1589 769/1590/1590
f 771/1591/1591 768/1592/1592 770/1593/1593
f 774/1594/1594 772/1595/1595 773/1596/1596
f 775/1597/1597 772/1598/1598 774/1599/1599
f 778/1600/1600 776/1601/1601 777/1602/1602
f 779/1603/1603 776/1604/1604 778/1605/1605
f 782/1606/1606 780/1607/1607 781/1608/1608
f 783/1609/1609 780/1610/1610 782/1611/1611
f 786/1612/1612 784/1613/1613 785/1614/1614
f 787/1615/1615 784/1616/1616 786/1617/1617
f 790/1618/1618 788/1619/1619 789/1620/1620
f 791/1621/1621 788/1622/1622 790/1623/1623
f 794/1624/1624 792/1625/1625 793/1626/1626
f 795/1627/1627 792/1628/1628 794/1629/1629
f 798/1630/1630 796/1631/1631 797/1632/1632
f 799/1633/1633 796/1634/1634 798/1635/1635
f 802/1636/1636 800/1637/1637 801/1638/1638
f 803/1639/1639 800/1640/1640 802/1641/1641
f 806/1642/1642 804/1643/1643 805/1644/1644
f 809/1645/1645 807/1646/1646 808/1647/1647
f 810/1648/1648 807/1649/1649 809/1650/1650
f 813/1651/1651 811/1652/1652 812/1653/1653
f 814/1654/1654 811/1655/1655 813/1656/1656
f 817/1657/1657 815/1658/1658 816/1659/1659
f 818/1660/1660 815/1661/1661 817/1662/1662
f 821/1663/1663 819/1664/1664 820/1665/1665
f 832/1666/1666 830/1667/1667 831/1668/1668
f 833/1669/1669 830/1670/1670 832/1671/1671
f 836/1672/1672 834/1673/1673 835/1674/1674
f 846/1675/1675 844/1676/1676 845/1677/1677
f 853/1678/1678 851/1679/1679 852/1680/1680
f 860/1681/1681 858/1682/1682 859/1683/1683
f 863/1684/1684 861/1685/1685 862/1686/1686
f 866/1687/1687 864/1688/1688 865/1689/1689
f 925/1690/1690 923/1691/1691 924/1692/1692
f 926/1693/1693 923/1694/1694 925/1695/1695
f 929/1696/1696 927/1697/1697 928/1698/1698
f 930/1699/1699 927/1700/1700 929/1701/1701
f 933/1702/1702 931/1703/1703 932/1704/1704
f 934/1705/1705 931/1706/1706 933/1707/1707
f 937/1708/1708 935/1709/1709 936/1710/1710
f 938/1711/1711 935/1712/1712 937/1713/1713
f 941/1714/1714 939/1715/1715 940/1716/1716
f 944/1717/1717 942/1718/1718 943/1719/1719
f 947/1720/1720 945/1721/1721 946/1722/1722
f 950/1723/1723 948/1724/1724 949/1725/1725
f 953/1726/1726 951/1727/1727 952/1728/1728
f 956/1729/1729 954/1730/1730 955/1731/1731
f 959/1732/1732 957/1733/1733 958/1734/1734
f 962/1735/1735 960/1736/1736 961/1737/1737
f 965/1738/1738 963/1739/1739 964/1740/1740
f 968/1741/1741 966/1742/1742 967/1743/1743
f 971/1744/1744 969/1745/1745 970/1746/1746
f 974/1747/1747 972/1748/1748 973/1749/1749
f 977/1750/1750 975/1751/1751 976/1752/1752
f 980/1753/1753 978/1754/1754 979/1755/1755
f 983/1756/1756 981/1757/1757 982/1758/1758
f 986/1759/1759 984/1760/1760 985/1761/1761
f 989/1762/1762 987/1763/1763 988/1764/1764

