# Converted from B3D for Luanti (With Correct Normals)
# Object Name: multidecor_saucepans_set

v 0.400000 -1.000000 0.850000
v 0.400000 -0.900000 0.950000
v 0.046447 -0.900000 0.803553
v 0.117157 -1.000000 0.732843
v 0.117157 -1.000000 0.732843
v 0.046447 -0.900000 0.803553
v -0.100000 -0.900000 0.450000
v 0.000000 -1.000000 0.450000
v 0.000000 -1.000000 0.450000
v -0.100000 -0.900000 0.450000
v 0.046447 -0.900000 0.096447
v 0.117157 -1.000000 0.167157
v 0.117157 -1.000000 0.167157
v 0.046447 -0.900000 0.096447
v 0.400000 -0.900000 -0.050000
v 0.400000 -1.000000 0.050000
v 0.400000 -1.000000 0.050000
v 0.400000 -0.900000 -0.050000
v 0.753554 -0.900000 0.096447
v 0.682843 -1.000000 0.167157
v 0.682843 -1.000000 0.167157
v 0.753554 -0.900000 0.096447
v 0.900000 -0.900000 0.450000
v 0.800000 -1.000000 0.450000
v 0.400000 -0.900000 -0.050000
v 0.046447 -0.900000 0.096447
v 0.046447 -0.300000 0.096447
v 0.400000 -0.300000 -0.050000
v 0.800000 -1.000000 0.450000
v 0.900000 -0.900000 0.450000
v 0.753554 -0.900000 0.803553
v 0.682843 -1.000000 0.732843
v 0.682843 -1.000000 0.732843
v 0.753554 -0.900000 0.803553
v 0.400000 -0.900000 0.950000
v 0.400000 -1.000000 0.850000
v 0.800000 -1.000000 0.450000
v 0.682843 -1.000000 0.732843
v 0.117157 -1.000000 0.167157
v 0.046447 -0.300000 0.096447
v 0.099480 -0.300000 0.149480
v 0.400000 -0.300000 0.025000
v 0.400000 -0.300000 -0.050000
v 0.753554 -0.900000 0.803553
v 0.900000 -0.900000 0.450000
v 0.900000 -0.300000 0.450000
v 0.753554 -0.300000 0.803553
v -0.100000 -0.900000 0.450000
v 0.046447 -0.900000 0.803553
v 0.046447 -0.300000 0.803553
v -0.100000 -0.300000 0.450000
v 0.753554 -0.900000 0.096447
v 0.400000 -0.900000 -0.050000
v 0.400000 -0.300000 -0.050000
v 0.753554 -0.300000 0.096447
v 0.400000 -0.900000 0.950000
v 0.753554 -0.900000 0.803553
v 0.753554 -0.300000 0.803553
v 0.400000 -0.300000 0.950000
v 0.046447 -0.900000 0.803553
v 0.400000 -0.900000 0.950000
v 0.400000 -0.300000 0.950000
v 0.046447 -0.300000 0.803553
v 0.046447 -0.900000 0.096447
v -0.100000 -0.900000 0.450000
v -0.100000 -0.300000 0.450000
v 0.046447 -0.300000 0.096447
v 0.900000 -0.900000 0.450000
v 0.753554 -0.900000 0.096447
v 0.753554 -0.300000 0.096447
v 0.900000 -0.300000 0.450000
v 0.919986 -0.350000 0.325438
v 0.919986 -0.430000 0.325438
v 0.968091 -0.430000 0.363800
v 0.968091 -0.350000 0.363800
v 0.919986 -0.430000 0.325438
v 0.919986 -0.350000 0.325438
v 0.860000 -0.350000 0.311747
v 0.860000 -0.430000 0.311747
v 0.860000 -0.350000 0.311747
v 0.860000 -0.350000 0.231746
v 0.809596 -0.350000 0.231746
v 0.842734 -0.350000 0.311747
v 0.860000 -0.430000 0.231746
v 0.860000 -0.350000 0.231746
v 0.954697 -0.350000 0.253360
v 0.954697 -0.430000 0.253360
v 0.919986 -0.430000 0.325438
v 0.860000 -0.430000 0.311747
v 0.860000 -0.430000 0.231746
v 0.954697 -0.430000 0.253360
v 0.860000 -0.350000 0.311747
v 0.919986 -0.350000 0.325438
v 0.954697 -0.350000 0.253360
v 0.860000 -0.350000 0.231746
v 1.030638 -0.350000 0.313921
v 0.968091 -0.350000 0.363800
v 0.994787 -0.350000 0.419236
v 1.072781 -0.350000 0.401434
v 0.954697 -0.430000 0.253360
v 0.954697 -0.350000 0.253360
v 1.030638 -0.350000 0.313921
v 1.030638 -0.430000 0.313921
v 0.954697 -0.350000 0.253360
v 0.919986 -0.350000 0.325438
v 0.968091 -0.350000 0.363800
v 1.030638 -0.350000 0.313921
v 0.919986 -0.430000 0.325438
v 0.954697 -0.430000 0.253360
v 1.030638 -0.430000 0.313921
v 0.968091 -0.430000 0.363800
v 0.994787 -0.350000 0.419236
v 0.994787 -0.430000 0.419236
v 0.994787 -0.430000 0.480764
v 0.994787 -0.350000 0.480764
v 0.968091 -0.430000 0.363800
v 1.030638 -0.430000 0.313921
v 1.072781 -0.430000 0.401434
v 0.994787 -0.430000 0.419236
v 0.968091 -0.350000 0.363800
v 0.968091 -0.430000 0.363800
v 0.994787 -0.430000 0.419236
v 0.994787 -0.350000 0.419236
v 1.030638 -0.430000 0.313921
v 1.030638 -0.350000 0.313921
v 1.072781 -0.350000 0.401434
v 1.072781 -0.430000 0.401434
v 1.072781 -0.430000 0.498566
v 1.072781 -0.350000 0.498566
v 1.030638 -0.350000 0.586079
v 1.030638 -0.430000 0.586079
v 1.072781 -0.430000 0.401434
v 1.072781 -0.350000 0.401434
v 1.072781 -0.350000 0.498566
v 1.072781 -0.430000 0.498566
v 1.072781 -0.350000 0.401434
v 0.994787 -0.350000 0.419236
v 0.994787 -0.350000 0.480764
v 1.072781 -0.350000 0.498566
v 0.994787 -0.430000 0.419236
v 1.072781 -0.430000 0.401434
v 1.072781 -0.430000 0.498566
v 0.994787 -0.430000 0.480764
v 1.030638 -0.350000 0.586079
v 0.968091 -0.350000 0.536200
v 0.919986 -0.350000 0.574562
v 0.954697 -0.350000 0.646640
v 1.072781 -0.350000 0.498566
v 0.994787 -0.350000 0.480764
v 0.968091 -0.350000 0.536200
v 1.030638 -0.350000 0.586079
v 0.994787 -0.430000 0.480764
v 1.072781 -0.430000 0.498566
v 1.030638 -0.430000 0.586079
v 0.968091 -0.430000 0.536200
v 0.994787 -0.350000 0.480764
v 0.994787 -0.430000 0.480764
v 0.968091 -0.430000 0.536200
v 0.968091 -0.350000 0.536200
v 0.919986 -0.350000 0.574562
v 0.919986 -0.430000 0.574562
v 0.860000 -0.430000 0.588253
v 0.860000 -0.350000 0.588253
v 0.968091 -0.430000 0.536200
v 1.030638 -0.430000 0.586079
v 0.954697 -0.430000 0.646640
v 0.919986 -0.430000 0.574562
v 0.968091 -0.350000 0.536200
v 0.968091 -0.430000 0.536200
v 0.919986 -0.430000 0.574562
v 0.919986 -0.350000 0.574562
v 1.030638 -0.430000 0.586079
v 1.030638 -0.350000 0.586079
v 0.954697 -0.350000 0.646640
v 0.954697 -0.430000 0.646640
v 0.860000 -0.350000 0.668254
v 0.860000 -0.350000 0.588253
v 0.842734 -0.350000 0.588253
v 0.809597 -0.350000 0.668253
v 0.954697 -0.430000 0.646640
v 0.954697 -0.350000 0.646640
v 0.860000 -0.350000 0.668254
v 0.860000 -0.430000 0.668254
v 0.954697 -0.350000 0.646640
v 0.919986 -0.350000 0.574562
v 0.860000 -0.350000 0.588253
v 0.860000 -0.350000 0.668254
v 0.919986 -0.430000 0.574562
v 0.954697 -0.430000 0.646640
v 0.860000 -0.430000 0.668254
v 0.860000 -0.430000 0.588253
v 0.842734 -0.430000 0.311747
v 0.842734 -0.350000 0.311747
v 0.809596 -0.350000 0.231746
v 0.809596 -0.430000 0.231746
v 0.860000 -0.430000 0.311747
v 0.860000 -0.350000 0.311747
v 0.842734 -0.350000 0.311747
v 0.842734 -0.430000 0.311747
v 0.860000 -0.350000 0.231746
v 0.860000 -0.430000 0.231746
v 0.809596 -0.430000 0.231746
v 0.809596 -0.350000 0.231746
v 0.860000 -0.430000 0.231746
v 0.860000 -0.430000 0.311747
v 0.842734 -0.430000 0.311747
v 0.809596 -0.430000 0.231746
v 0.809597 -0.430000 0.668253
v 0.809597 -0.350000 0.668253
v 0.842734 -0.350000 0.588253
v 0.842734 -0.430000 0.588253
v 0.860000 -0.430000 0.588253
v 0.860000 -0.430000 0.668254
v 0.809597 -0.430000 0.668253
v 0.842734 -0.430000 0.588253
v 0.860000 -0.350000 0.588253
v 0.860000 -0.430000 0.588253
v 0.842734 -0.430000 0.588253
v 0.842734 -0.350000 0.588253
v 0.860000 -0.430000 0.668254
v 0.860000 -0.350000 0.668254
v 0.809597 -0.350000 0.668253
v 0.809597 -0.430000 0.668253
v 0.400000 -0.895000 0.790000
v 0.159584 -0.895000 0.690416
v 0.099480 -0.810000 0.750520
v 0.400000 -0.810000 0.875000
v 0.159584 -0.895000 0.690416
v 0.060000 -0.895000 0.450000
v -0.025000 -0.810000 0.450000
v 0.099480 -0.810000 0.750520
v 0.159584 -0.895000 0.209584
v -0.025000 -0.810000 0.450000
v 0.060000 -0.895000 0.450000
v 0.159584 -0.895000 0.209584
v 0.400000 -0.810000 0.025000
v 0.099480 -0.810000 0.149480
v 0.640416 -0.895000 0.209584
v 0.400000 -0.810000 0.025000
v 0.400000 -0.895000 0.110000
v 0.740000 -0.895000 0.450000
v 0.700521 -0.810000 0.149480
v 0.640416 -0.895000 0.209584
v 0.400000 -0.300000 0.025000
v 0.099480 -0.810000 0.149480
v 0.400000 -0.810000 0.025000
v 0.740000 -0.895000 0.450000
v 0.640416 -0.895000 0.690416
v 0.700521 -0.810000 0.750520
v 0.825000 -0.810000 0.450000
v 0.640416 -0.895000 0.690416
v 0.400000 -0.895000 0.790000
v 0.400000 -0.810000 0.875000
v 0.700521 -0.810000 0.750520
v 0.159584 -0.895000 0.209584
v 0.640416 -0.895000 0.690416
v 0.640416 -0.895000 0.209584
v 0.400000 -0.300000 -0.050000
v 0.400000 -0.300000 0.025000
v 0.700521 -0.300000 0.149480
v 0.753554 -0.300000 0.096447
v 0.700521 -0.810000 0.750520
v 0.700521 -0.300000 0.750520
v 0.825000 -0.300000 0.450000
v 0.825000 -0.810000 0.450000
v -0.025000 -0.810000 0.450000
v -0.025000 -0.300000 0.450000
v 0.099480 -0.300000 0.750520
v 0.099480 -0.810000 0.750520
v 0.700521 -0.300000 0.149480
v 0.400000 -0.810000 0.025000
v 0.700521 -0.810000 0.149480
v 0.400000 -0.810000 0.875000
v 0.400000 -0.300000 0.875000
v 0.700521 -0.300000 0.750520
v 0.700521 -0.810000 0.750520
v 0.099480 -0.810000 0.750520
v 0.099480 -0.300000 0.750520
v 0.400000 -0.300000 0.875000
v 0.400000 -0.810000 0.875000
v 0.099480 -0.300000 0.149480
v -0.025000 -0.810000 0.450000
v 0.099480 -0.810000 0.149480
v 0.825000 -0.300000 0.450000
v 0.700521 -0.810000 0.149480
v 0.825000 -0.810000 0.450000
v -0.100000 -0.300000 0.450000
v -0.025000 -0.300000 0.450000
v 0.099480 -0.300000 0.149480
v 0.046447 -0.300000 0.096447
v 0.046447 -0.300000 0.803553
v 0.099480 -0.300000 0.750520
v -0.025000 -0.300000 0.450000
v -0.100000 -0.300000 0.450000
v 0.400000 -0.300000 0.950000
v 0.400000 -0.300000 0.875000
v 0.099480 -0.300000 0.750520
v 0.046447 -0.300000 0.803553
v 0.753554 -0.300000 0.803553
v 0.700521 -0.300000 0.750520
v 0.400000 -0.300000 0.875000
v 0.400000 -0.300000 0.950000
v 0.900000 -0.300000 0.450000
v 0.825000 -0.300000 0.450000
v 0.700521 -0.300000 0.750520
v 0.753554 -0.300000 0.803553
v 0.753554 -0.300000 0.096447
v 0.700521 -0.300000 0.149480
v 0.825000 -0.300000 0.450000
v 0.900000 -0.300000 0.450000
v 0.011091 -0.300000 0.061091
v 0.400000 -0.300000 -0.100000
v 0.400000 -0.300000 -0.017500
v 0.069428 -0.300000 0.119428
v 0.400000 -0.300000 -0.100000
v 0.788909 -0.300000 0.061091
v 0.730573 -0.300000 0.119428
v 0.400000 -0.300000 -0.017500
v -0.150000 -0.300000 0.450000
v 0.011091 -0.300000 0.061091
v 0.069428 -0.300000 0.119428
v -0.067500 -0.300000 0.450000
v 0.011091 -0.300000 0.838909
v -0.150000 -0.300000 0.450000
v -0.067500 -0.300000 0.450000
v 0.069428 -0.300000 0.780572
v 0.400000 -0.300000 1.000000
v 0.011091 -0.300000 0.838909
v 0.069428 -0.300000 0.780572
v 0.400000 -0.300000 0.917500
v 0.788909 -0.300000 0.838909
v 0.400000 -0.300000 1.000000
v 0.400000 -0.300000 0.917500
v 0.730573 -0.300000 0.780572
v 0.950000 -0.300000 0.450000
v 0.788909 -0.300000 0.838909
v 0.730573 -0.300000 0.780572
v 0.867500 -0.300000 0.450000
v 0.788909 -0.300000 0.061091
v 0.950000 -0.300000 0.450000
v 0.867500 -0.300000 0.450000
v 0.730573 -0.300000 0.119428
v 0.011091 -0.250000 0.061091
v 0.069428 -0.250000 0.119428
v 0.400000 -0.250000 -0.017500
v 0.400000 -0.250000 -0.100000
v 0.400000 -0.250000 -0.100000
v 0.400000 -0.250000 -0.017500
v 0.730573 -0.250000 0.119428
v 0.788909 -0.250000 0.061091
v -0.150000 -0.250000 0.450000
v -0.067500 -0.250000 0.450000
v 0.069428 -0.250000 0.119428
v 0.011091 -0.250000 0.061091
v 0.011091 -0.250000 0.838909
v 0.069428 -0.250000 0.780572
v -0.067500 -0.250000 0.450000
v -0.150000 -0.250000 0.450000
v 0.400000 -0.250000 1.000000
v 0.400000 -0.250000 0.917500
v 0.069428 -0.250000 0.780572
v 0.011091 -0.250000 0.838909
v 0.788909 -0.250000 0.838909
v 0.730573 -0.250000 0.780572
v 0.400000 -0.250000 0.917500
v 0.400000 -0.250000 1.000000
v 0.950000 -0.250000 0.450000
v 0.867500 -0.250000 0.450000
v 0.730573 -0.250000 0.780572
v 0.788909 -0.250000 0.838909
v 0.788909 -0.250000 0.061091
v 0.730573 -0.250000 0.119428
v 0.867500 -0.250000 0.450000
v 0.950000 -0.250000 0.450000
v 0.788909 -0.300000 0.061091
v 0.400000 -0.300000 -0.100000
v 0.400000 -0.250000 -0.100000
v 0.788909 -0.250000 0.061091
v 0.400000 -0.275000 -0.017500
v 0.730573 -0.275000 0.119428
v 0.730573 -0.250000 0.119428
v 0.400000 -0.250000 -0.017500
v 0.950000 -0.300000 0.450000
v 0.788909 -0.300000 0.061091
v 0.788909 -0.250000 0.061091
v 0.950000 -0.250000 0.450000
v 0.730573 -0.275000 0.119428
v 0.867500 -0.275000 0.450000
v 0.867500 -0.250000 0.450000
v 0.730573 -0.250000 0.119428
v 0.788909 -0.300000 0.838909
v 0.950000 -0.300000 0.450000
v 0.950000 -0.250000 0.450000
v 0.788909 -0.250000 0.838909
v 0.867500 -0.275000 0.450000
v 0.730573 -0.275000 0.780572
v 0.730573 -0.250000 0.780572
v 0.867500 -0.250000 0.450000
v 0.400000 -0.300000 1.000000
v 0.788909 -0.300000 0.838909
v 0.788909 -0.250000 0.838909
v 0.400000 -0.250000 1.000000
v 0.011091 -0.300000 0.838909
v 0.400000 -0.300000 1.000000
v 0.400000 -0.250000 1.000000
v 0.011091 -0.250000 0.838909
v 0.730573 -0.275000 0.780572
v 0.400000 -0.275000 0.917500
v 0.400000 -0.250000 0.917500
v 0.730573 -0.250000 0.780572
v 0.400000 -0.275000 0.917500
v 0.069428 -0.275000 0.780572
v 0.069428 -0.250000 0.780572
v 0.400000 -0.250000 0.917500
v -0.150000 -0.300000 0.450000
v 0.011091 -0.300000 0.838909
v 0.011091 -0.250000 0.838909
v -0.150000 -0.250000 0.450000
v 0.069428 -0.275000 0.780572
v -0.067500 -0.275000 0.450000
v -0.067500 -0.250000 0.450000
v 0.069428 -0.250000 0.780572
v 0.011091 -0.300000 0.061091
v -0.150000 -0.300000 0.450000
v -0.150000 -0.250000 0.450000
v 0.011091 -0.250000 0.061091
v -0.067500 -0.275000 0.450000
v 0.069428 -0.275000 0.119428
v 0.069428 -0.250000 0.119428
v -0.067500 -0.250000 0.450000
v 0.400000 -0.300000 -0.100000
v 0.011091 -0.300000 0.061091
v 0.011091 -0.250000 0.061091
v 0.400000 -0.250000 -0.100000
v 0.069428 -0.275000 0.119428
v 0.400000 -0.275000 -0.017500
v 0.400000 -0.250000 -0.017500
v 0.069428 -0.250000 0.119428
v 0.069428 -0.300000 0.119428
v 0.400000 -0.300000 -0.017500
v 0.400000 -0.275000 -0.017500
v 0.069428 -0.275000 0.119428
v -0.067500 -0.300000 0.450000
v 0.069428 -0.300000 0.119428
v 0.069428 -0.275000 0.119428
v -0.067500 -0.275000 0.450000
v 0.069428 -0.300000 0.780572
v -0.067500 -0.300000 0.450000
v -0.067500 -0.275000 0.450000
v 0.069428 -0.275000 0.780572
v 0.400000 -0.300000 0.917500
v 0.069428 -0.300000 0.780572
v 0.069428 -0.275000 0.780572
v 0.400000 -0.275000 0.917500
v 0.730573 -0.300000 0.780572
v 0.400000 -0.300000 0.917500
v 0.400000 -0.275000 0.917500
v 0.730573 -0.275000 0.780572
v 0.867500 -0.300000 0.450000
v 0.730573 -0.300000 0.780572
v 0.730573 -0.275000 0.780572
v 0.867500 -0.275000 0.450000
v 0.730573 -0.300000 0.119428
v 0.867500 -0.300000 0.450000
v 0.867500 -0.275000 0.450000
v 0.730573 -0.275000 0.119428
v 0.400000 -0.300000 -0.017500
v 0.730573 -0.300000 0.119428
v 0.730573 -0.275000 0.119428
v 0.400000 -0.275000 -0.017500
v 0.730573 -0.275000 0.119428
v 0.598344 -0.187500 0.251657
v 0.680500 -0.187500 0.450000
v 0.867500 -0.275000 0.450000
v 0.730573 -0.275000 0.780572
v 0.598344 -0.187500 0.648343
v 0.400000 -0.187500 0.730500
v 0.400000 -0.275000 0.917500
v 0.069428 -0.275000 0.780572
v 0.201657 -0.187500 0.648344
v 0.119500 -0.187500 0.450000
v -0.067500 -0.275000 0.450000
v 0.069428 -0.275000 0.119428
v 0.201657 -0.187500 0.251657
v 0.400000 -0.187500 0.169500
v 0.400000 -0.275000 -0.017500
v 0.400000 -0.275000 -0.017500
v 0.400000 -0.187500 0.169500
v 0.598344 -0.187500 0.251657
v 0.730573 -0.275000 0.119428
v 0.867500 -0.275000 0.450000
v 0.680500 -0.187500 0.450000
v 0.598344 -0.187500 0.648343
v 0.730573 -0.275000 0.780572
v 0.400000 -0.275000 0.917500
v 0.400000 -0.187500 0.730500
v 0.201657 -0.187500 0.648344
v 0.069428 -0.275000 0.780572
v -0.067500 -0.275000 0.450000
v 0.119500 -0.187500 0.450000
v 0.201657 -0.187500 0.251657
v 0.069428 -0.275000 0.119428
v 0.201657 -0.187500 0.648344
v 0.309093 -0.162500 0.540907
v 0.271438 -0.162500 0.450000
v 0.119500 -0.187500 0.450000
v 0.201657 -0.187500 0.251657
v 0.309093 -0.162500 0.359093
v 0.400000 -0.162500 0.321438
v 0.400000 -0.187500 0.169500
v 0.400000 -0.187500 0.169500
v 0.400000 -0.162500 0.321438
v 0.490907 -0.162500 0.359093
v 0.598344 -0.187500 0.251657
v 0.680500 -0.187500 0.450000
v 0.528563 -0.162500 0.450000
v 0.490907 -0.162500 0.540907
v 0.598344 -0.187500 0.648343
v 0.400000 -0.187500 0.730500
v 0.400000 -0.162500 0.578562
v 0.309093 -0.162500 0.540907
v 0.201657 -0.187500 0.648344
v 0.119500 -0.187500 0.450000
v 0.271438 -0.162500 0.450000
v 0.309093 -0.162500 0.359093
v 0.201657 -0.187500 0.251657
v 0.598344 -0.187500 0.251657
v 0.490907 -0.162500 0.359093
v 0.528563 -0.162500 0.450000
v 0.680500 -0.187500 0.450000
v 0.598344 -0.187500 0.648343
v 0.490907 -0.162500 0.540907
v 0.400000 -0.162500 0.578562
v 0.400000 -0.187500 0.730500
v 0.309093 -0.162500 0.540907
v 0.309093 -0.137500 0.540907
v 0.271438 -0.137500 0.450000
v 0.271438 -0.162500 0.450000
v 0.450213 -0.137500 0.399787
v 0.450213 -0.087500 0.399787
v 0.471012 -0.087500 0.450000
v 0.471012 -0.137500 0.450000
v 0.309093 -0.162500 0.359093
v 0.309093 -0.137500 0.359093
v 0.400000 -0.137500 0.321438
v 0.400000 -0.162500 0.321438
v 0.400000 -0.162500 0.321438
v 0.400000 -0.137500 0.321438
v 0.490907 -0.137500 0.359093
v 0.490907 -0.162500 0.359093
v 0.528563 -0.162500 0.450000
v 0.528563 -0.137500 0.450000
v 0.490907 -0.137500 0.540907
v 0.490907 -0.162500 0.540907
v 0.400000 -0.162500 0.578562
v 0.400000 -0.137500 0.578562
v 0.309093 -0.137500 0.540907
v 0.309093 -0.162500 0.540907
v 0.271438 -0.162500 0.450000
v 0.271438 -0.137500 0.450000
v 0.309093 -0.137500 0.359093
v 0.309093 -0.162500 0.359093
v 0.490907 -0.162500 0.359093
v 0.490907 -0.137500 0.359093
v 0.528563 -0.137500 0.450000
v 0.528563 -0.162500 0.450000
v 0.490907 -0.162500 0.540907
v 0.490907 -0.137500 0.540907
v 0.400000 -0.137500 0.578562
v 0.400000 -0.162500 0.578562
v 0.400000 -0.137500 0.378988
v 0.400000 -0.137500 0.321438
v 0.309093 -0.137500 0.359093
v 0.349787 -0.137500 0.399787
v 0.349787 -0.137500 0.399787
v 0.309093 -0.137500 0.359093
v 0.271438 -0.137500 0.450000
v 0.328988 -0.137500 0.450000
v 0.328988 -0.137500 0.450000
v 0.271438 -0.137500 0.450000
v 0.309093 -0.137500 0.540907
v 0.349787 -0.137500 0.500213
v 0.349787 -0.137500 0.500213
v 0.309093 -0.137500 0.540907
v 0.400000 -0.137500 0.578562
v 0.400000 -0.137500 0.521012
v 0.400000 -0.137500 0.521012
v 0.400000 -0.137500 0.578562
v 0.490907 -0.137500 0.540907
v 0.450213 -0.137500 0.500213
v 0.450213 -0.137500 0.500213
v 0.490907 -0.137500 0.540907
v 0.528563 -0.137500 0.450000
v 0.471012 -0.137500 0.450000
v 0.471012 -0.137500 0.450000
v 0.528563 -0.137500 0.450000
v 0.490907 -0.137500 0.359093
v 0.450213 -0.137500 0.399787
v 0.450213 -0.137500 0.399787
v 0.490907 -0.137500 0.359093
v 0.400000 -0.137500 0.321438
v 0.400000 -0.137500 0.378988
v 0.400000 -0.087500 0.521012
v 0.400000 -0.087500 0.556518
v 0.324680 -0.087500 0.525320
v 0.349787 -0.087500 0.500213
v 0.450213 -0.137500 0.500213
v 0.450213 -0.087500 0.500213
v 0.400000 -0.087500 0.521012
v 0.400000 -0.137500 0.521012
v 0.349787 -0.137500 0.500213
v 0.349787 -0.087500 0.500213
v 0.328988 -0.087500 0.450000
v 0.328988 -0.137500 0.450000
v 0.349787 -0.137500 0.399787
v 0.349787 -0.087500 0.399787
v 0.400000 -0.087500 0.378988
v 0.400000 -0.137500 0.378988
v 0.400000 -0.137500 0.378988
v 0.400000 -0.087500 0.378988
v 0.450213 -0.087500 0.399787
v 0.450213 -0.137500 0.399787
v 0.471012 -0.137500 0.450000
v 0.471012 -0.087500 0.450000
v 0.450213 -0.087500 0.500213
v 0.450213 -0.137500 0.500213
v 0.400000 -0.137500 0.521012
v 0.400000 -0.087500 0.521012
v 0.349787 -0.087500 0.500213
v 0.349787 -0.137500 0.500213
v 0.328988 -0.137500 0.450000
v 0.328988 -0.087500 0.450000
v 0.349787 -0.087500 0.399787
v 0.349787 -0.137500 0.399787
v 0.328988 -0.087500 0.450000
v 0.293482 -0.087500 0.450000
v 0.324680 -0.087500 0.374680
v 0.349787 -0.087500 0.399787
v 0.450213 -0.087500 0.399787
v 0.475320 -0.087500 0.374680
v 0.506518 -0.087500 0.450000
v 0.471012 -0.087500 0.450000
v 0.450213 -0.087500 0.500213
v 0.475320 -0.087500 0.525320
v 0.400000 -0.087500 0.556518
v 0.400000 -0.087500 0.521012
v 0.349787 -0.087500 0.500213
v 0.324680 -0.087500 0.525320
v 0.293482 -0.087500 0.450000
v 0.328988 -0.087500 0.450000
v 0.349787 -0.087500 0.399787
v 0.324680 -0.087500 0.374680
v 0.400000 -0.087500 0.343482
v 0.400000 -0.087500 0.378988
v 0.400000 -0.087500 0.378988
v 0.400000 -0.087500 0.343482
v 0.475320 -0.087500 0.374680
v 0.450213 -0.087500 0.399787
v 0.471012 -0.087500 0.450000
v 0.506518 -0.087500 0.450000
v 0.475320 -0.087500 0.525320
v 0.450213 -0.087500 0.500213
v 0.400000 -0.087500 0.343482
v 0.400000 -0.012500 0.343482
v 0.475320 -0.012500 0.374680
v 0.475320 -0.087500 0.374680
v 0.506518 -0.087500 0.450000
v 0.506518 -0.012500 0.450000
v 0.475320 -0.012500 0.525320
v 0.475320 -0.087500 0.525320
v 0.400000 -0.087500 0.556518
v 0.400000 -0.012500 0.556518
v 0.324680 -0.012500 0.525320
v 0.324680 -0.087500 0.525320
v 0.293482 -0.087500 0.450000
v 0.293482 -0.012500 0.450000
v 0.324680 -0.012500 0.374680
v 0.324680 -0.087500 0.374680
v 0.475320 -0.087500 0.374680
v 0.475320 -0.012500 0.374680
v 0.506518 -0.012500 0.450000
v 0.506518 -0.087500 0.450000
v 0.475320 -0.087500 0.525320
v 0.475320 -0.012500 0.525320
v 0.400000 -0.012500 0.556518
v 0.400000 -0.087500 0.556518
v 0.324680 -0.087500 0.525320
v 0.324680 -0.012500 0.525320
v 0.293482 -0.012500 0.450000
v 0.293482 -0.087500 0.450000
v 0.324680 -0.087500 0.374680
v 0.324680 -0.012500 0.374680
v 0.400000 -0.012500 0.343482
v 0.400000 -0.087500 0.343482
v 0.475320 -0.012500 0.374680
v 0.324680 -0.012500 0.525320
v 0.475320 -0.012500 0.525320
v 0.682843 -1.000000 0.732843
v 0.400000 -1.000000 0.850000
v 0.117157 -1.000000 0.167157
v 0.400000 -1.000000 0.850000
v 0.117157 -1.000000 0.732843
v 0.117157 -1.000000 0.167157
v 0.117157 -1.000000 0.732843
v 0.000000 -1.000000 0.450000
v 0.117157 -1.000000 0.167157
v 0.117157 -1.000000 0.167157
v 0.400000 -1.000000 0.050000
v 0.682843 -1.000000 0.167157
v 0.682843 -1.000000 0.167157
v 0.800000 -1.000000 0.450000
v 0.117157 -1.000000 0.167157
v 0.640416 -0.895000 0.690416
v 0.159584 -0.895000 0.690416
v 0.400000 -0.895000 0.790000
v 0.159584 -0.895000 0.690416
v 0.159584 -0.895000 0.209584
v 0.060000 -0.895000 0.450000
v 0.159584 -0.895000 0.209584
v 0.640416 -0.895000 0.209584
v 0.400000 -0.895000 0.110000
v 0.640416 -0.895000 0.209584
v 0.640416 -0.895000 0.690416
v 0.740000 -0.895000 0.450000
v 0.640416 -0.895000 0.690416
v 0.159584 -0.895000 0.209584
v 0.159584 -0.895000 0.690416
v 0.324680 -0.012500 0.374680
v 0.475320 -0.012500 0.374680
v 0.400000 -0.012500 0.343482
v 0.475320 -0.012500 0.374680
v 0.475320 -0.012500 0.525320
v 0.506518 -0.012500 0.450000
v 0.475320 -0.012500 0.525320
v 0.324680 -0.012500 0.525320
v 0.400000 -0.012500 0.556518
v 0.324680 -0.012500 0.525320
v 0.324680 -0.012500 0.374680
v 0.293482 -0.012500 0.450000
v 0.324680 -0.012500 0.374680
v 0.324680 -0.012500 0.525320
v 0.475320 -0.012500 0.374680
v -0.119986 -0.350000 0.325438
v -0.119986 -0.430000 0.325438
v -0.168091 -0.430000 0.363800
v -0.168091 -0.350000 0.363800
v -0.119986 -0.430000 0.325438
v -0.119986 -0.350000 0.325438
v -0.060000 -0.350000 0.311747
v -0.060000 -0.430000 0.311747
v -0.060000 -0.350000 0.311747
v -0.060000 -0.350000 0.231746
v -0.009596 -0.350000 0.231746
v -0.042733 -0.350000 0.311747
v -0.060000 -0.430000 0.231746
v -0.060000 -0.350000 0.231746
v -0.154697 -0.350000 0.253360
v -0.154697 -0.430000 0.253360
v -0.119986 -0.430000 0.325438
v -0.060000 -0.430000 0.311747
v -0.060000 -0.430000 0.231746
v -0.154697 -0.430000 0.253360
v -0.060000 -0.350000 0.311747
v -0.119986 -0.350000 0.325438
v -0.154697 -0.350000 0.253360
v -0.060000 -0.350000 0.231746
v -0.230637 -0.350000 0.313921
v -0.168091 -0.350000 0.363800
v -0.194787 -0.350000 0.419236
v -0.272781 -0.350000 0.401434
v -0.154697 -0.430000 0.253360
v -0.154697 -0.350000 0.253360
v -0.230637 -0.350000 0.313921
v -0.230637 -0.430000 0.313921
v -0.154697 -0.350000 0.253360
v -0.119986 -0.350000 0.325438
v -0.168091 -0.350000 0.363800
v -0.230637 -0.350000 0.313921
v -0.119986 -0.430000 0.325438
v -0.154697 -0.430000 0.253360
v -0.230637 -0.430000 0.313921
v -0.168091 -0.430000 0.363800
v -0.194787 -0.350000 0.419236
v -0.194787 -0.430000 0.419236
v -0.194787 -0.430000 0.480764
v -0.194787 -0.350000 0.480764
v -0.168091 -0.430000 0.363800
v -0.230637 -0.430000 0.313921
v -0.272781 -0.430000 0.401434
v -0.194787 -0.430000 0.419236
v -0.168091 -0.350000 0.363800
v -0.168091 -0.430000 0.363800
v -0.194787 -0.430000 0.419236
v -0.194787 -0.350000 0.419236
v -0.230637 -0.430000 0.313921
v -0.230637 -0.350000 0.313921
v -0.272781 -0.350000 0.401434
v -0.272781 -0.430000 0.401434
v -0.272781 -0.430000 0.498566
v -0.272781 -0.350000 0.498566
v -0.230637 -0.350000 0.586079
v -0.230637 -0.430000 0.586079
v -0.272781 -0.430000 0.401434
v -0.272781 -0.350000 0.401434
v -0.272781 -0.350000 0.498566
v -0.272781 -0.430000 0.498566
v -0.272781 -0.350000 0.401434
v -0.194787 -0.350000 0.419236
v -0.194787 -0.350000 0.480764
v -0.272781 -0.350000 0.498566
v -0.194787 -0.430000 0.419236
v -0.272781 -0.430000 0.401434
v -0.272781 -0.430000 0.498566
v -0.194787 -0.430000 0.480764
v -0.230637 -0.350000 0.586079
v -0.168091 -0.350000 0.536200
v -0.119986 -0.350000 0.574562
v -0.154697 -0.350000 0.646640
v -0.272781 -0.350000 0.498566
v -0.194787 -0.350000 0.480764
v -0.168091 -0.350000 0.536200
v -0.230637 -0.350000 0.586079
v -0.194787 -0.430000 0.480764
v -0.272781 -0.430000 0.498566
v -0.230637 -0.430000 0.586079
v -0.168091 -0.430000 0.536200
v -0.194787 -0.350000 0.480764
v -0.194787 -0.430000 0.480764
v -0.168091 -0.430000 0.536200
v -0.168091 -0.350000 0.536200
v -0.119986 -0.350000 0.574562
v -0.119986 -0.430000 0.574562
v -0.060000 -0.430000 0.588253
v -0.060000 -0.350000 0.588253
v -0.168091 -0.430000 0.536200
v -0.230637 -0.430000 0.586079
v -0.154697 -0.430000 0.646640
v -0.119986 -0.430000 0.574562
v -0.168091 -0.350000 0.536200
v -0.168091 -0.430000 0.536200
v -0.119986 -0.430000 0.574562
v -0.119986 -0.350000 0.574562
v -0.230637 -0.430000 0.586079
v -0.230637 -0.350000 0.586079
v -0.154697 -0.350000 0.646640
v -0.154697 -0.430000 0.646640
v -0.060000 -0.350000 0.668254
v -0.060000 -0.350000 0.588253
v -0.042733 -0.350000 0.588253
v -0.009596 -0.350000 0.668253
v -0.154697 -0.430000 0.646640
v -0.154697 -0.350000 0.646640
v -0.060000 -0.350000 0.668254
v -0.060000 -0.430000 0.668254
v -0.154697 -0.350000 0.646640
v -0.119986 -0.350000 0.574562
v -0.060000 -0.350000 0.588253
v -0.060000 -0.350000 0.668254
v -0.119986 -0.430000 0.574562
v -0.154697 -0.430000 0.646640
v -0.060000 -0.430000 0.668254
v -0.060000 -0.430000 0.588253
v -0.060000 -0.430000 0.311747
v -0.060000 -0.350000 0.311747
v -0.042733 -0.350000 0.311747
v -0.042733 -0.430000 0.311747
v -0.060000 -0.350000 0.231746
v -0.060000 -0.430000 0.231746
v -0.009596 -0.430000 0.231746
v -0.009596 -0.350000 0.231746
v -0.060000 -0.430000 0.231746
v -0.060000 -0.430000 0.311747
v -0.042733 -0.430000 0.311747
v -0.009596 -0.430000 0.231746
v -0.060000 -0.430000 0.588253
v -0.060000 -0.430000 0.668254
v -0.009596 -0.430000 0.668253
v -0.042733 -0.430000 0.588253
v -0.060000 -0.350000 0.588253
v -0.060000 -0.430000 0.588253
v -0.042733 -0.430000 0.588253
v -0.042733 -0.350000 0.588253
v -0.060000 -0.430000 0.668254
v -0.060000 -0.350000 0.668254
v -0.009596 -0.350000 0.668253
v -0.009596 -0.430000 0.668253
v -0.400000 -1.000000 0.050000
v -0.400000 -0.925000 0.125000
v -0.665165 -0.925000 0.015165
v -0.612132 -1.000000 -0.037868
v -0.612132 -1.000000 -0.037868
v -0.665165 -0.925000 0.015165
v -0.775000 -0.925000 -0.250000
v -0.700000 -1.000000 -0.250000
v -0.700000 -1.000000 -0.250000
v -0.775000 -0.925000 -0.250000
v -0.665165 -0.925000 -0.515165
v -0.612132 -1.000000 -0.462132
v -0.612132 -1.000000 -0.462132
v -0.665165 -0.925000 -0.515165
v -0.400000 -0.925000 -0.625000
v -0.400000 -1.000000 -0.550000
v -0.400000 -1.000000 -0.550000
v -0.400000 -0.925000 -0.625000
v -0.134835 -0.925000 -0.515165
v -0.187868 -1.000000 -0.462132
v -0.187868 -1.000000 -0.462132
v -0.134835 -0.925000 -0.515165
v -0.025000 -0.925000 -0.250000
v -0.100000 -1.000000 -0.250000
v -0.400000 -0.925000 -0.625000
v -0.665165 -0.925000 -0.515165
v -0.665165 -0.475000 -0.515165
v -0.400000 -0.475000 -0.625000
v -0.100000 -1.000000 -0.250000
v -0.025000 -0.925000 -0.250000
v -0.134835 -0.925000 0.015165
v -0.187868 -1.000000 -0.037868
v -0.187868 -1.000000 -0.037868
v -0.134835 -0.925000 0.015165
v -0.400000 -0.925000 0.125000
v -0.400000 -1.000000 0.050000
v -0.100000 -1.000000 -0.250000
v -0.187868 -1.000000 -0.037868
v -0.612132 -1.000000 -0.462132
v -0.665165 -0.475000 -0.515165
v -0.625390 -0.475000 -0.475390
v -0.400000 -0.475000 -0.568750
v -0.400000 -0.475000 -0.625000
v -0.134835 -0.925000 0.015165
v -0.025000 -0.925000 -0.250000
v -0.025000 -0.475000 -0.250000
v -0.134835 -0.475000 0.015165
v -0.775000 -0.925000 -0.250000
v -0.665165 -0.925000 0.015165
v -0.665165 -0.475000 0.015165
v -0.775000 -0.475000 -0.250000
v -0.134835 -0.925000 -0.515165
v -0.400000 -0.925000 -0.625000
v -0.400000 -0.475000 -0.625000
v -0.134835 -0.475000 -0.515165
v -0.400000 -0.925000 0.125000
v -0.134835 -0.925000 0.015165
v -0.134835 -0.475000 0.015165
v -0.400000 -0.475000 0.125000
v -0.665165 -0.925000 0.015165
v -0.400000 -0.925000 0.125000
v -0.400000 -0.475000 0.125000
v -0.665165 -0.475000 0.015165
v -0.665165 -0.925000 -0.515165
v -0.775000 -0.925000 -0.250000
v -0.775000 -0.475000 -0.250000
v -0.665165 -0.475000 -0.515165
v -0.025000 -0.925000 -0.250000
v -0.134835 -0.925000 -0.515165
v -0.134835 -0.475000 -0.515165
v -0.025000 -0.475000 -0.250000
v -0.010011 -0.512500 -0.343422
v -0.010011 -0.572500 -0.343422
v 0.026068 -0.572500 -0.314650
v 0.026068 -0.512500 -0.314650
v -0.010011 -0.572500 -0.343422
v -0.010011 -0.512500 -0.343422
v -0.055000 -0.512500 -0.353690
v -0.055000 -0.572500 -0.353690
v -0.055000 -0.512500 -0.353690
v -0.055000 -0.512500 -0.413690
v -0.092803 -0.512500 -0.413690
v -0.067950 -0.512500 -0.353690
v -0.055000 -0.572500 -0.413690
v -0.055000 -0.512500 -0.413690
v 0.016023 -0.512500 -0.397480
v 0.016023 -0.572500 -0.397480
v -0.010011 -0.572500 -0.343422
v -0.055000 -0.572500 -0.353690
v -0.055000 -0.572500 -0.413690
v 0.016023 -0.572500 -0.397480
v -0.055000 -0.512500 -0.353690
v -0.010011 -0.512500 -0.343422
v 0.016023 -0.512500 -0.397480
v -0.055000 -0.512500 -0.413690
v 0.072978 -0.512500 -0.352059
v 0.026068 -0.512500 -0.314650
v 0.046090 -0.512500 -0.273073
v 0.104586 -0.512500 -0.286425
v 0.016023 -0.572500 -0.397480
v 0.016023 -0.512500 -0.397480
v 0.072978 -0.512500 -0.352059
v 0.072978 -0.572500 -0.352059
v 0.016023 -0.512500 -0.397480
v -0.010011 -0.512500 -0.343422
v 0.026068 -0.512500 -0.314650
v 0.072978 -0.512500 -0.352059
v -0.010011 -0.572500 -0.343422
v 0.016023 -0.572500 -0.397480
v 0.072978 -0.572500 -0.352059
v 0.026068 -0.572500 -0.314650
v 0.046090 -0.512500 -0.273073
v 0.046090 -0.572500 -0.273073
v 0.046090 -0.572500 -0.226927
v 0.046090 -0.512500 -0.226927
v 0.026068 -0.572500 -0.314650
v 0.072978 -0.572500 -0.352059
v 0.104586 -0.572500 -0.286425
v 0.046090 -0.572500 -0.273073
v 0.026068 -0.512500 -0.314650
v 0.026068 -0.572500 -0.314650
v 0.046090 -0.572500 -0.273073
v 0.046090 -0.512500 -0.273073
v 0.072978 -0.572500 -0.352059
v 0.072978 -0.512500 -0.352059
v 0.104586 -0.512500 -0.286425
v 0.104586 -0.572500 -0.286425
v 0.104586 -0.572500 -0.213575
v 0.104586 -0.512500 -0.213575
v 0.072978 -0.512500 -0.147941
v 0.072978 -0.572500 -0.147941
v 0.104586 -0.572500 -0.286425
v 0.104586 -0.512500 -0.286425
v 0.104586 -0.512500 -0.213575
v 0.104586 -0.572500 -0.213575
v 0.104586 -0.512500 -0.286425
v 0.046090 -0.512500 -0.273073
v 0.046090 -0.512500 -0.226927
v 0.104586 -0.512500 -0.213575
v 0.046090 -0.572500 -0.273073
v 0.104586 -0.572500 -0.286425
v 0.104586 -0.572500 -0.213575
v 0.046090 -0.572500 -0.226927
v 0.072978 -0.512500 -0.147941
v 0.026068 -0.512500 -0.185350
v -0.010011 -0.512500 -0.156578
v 0.016023 -0.512500 -0.102520
v 0.104586 -0.512500 -0.213575
v 0.046090 -0.512500 -0.226927
v 0.026068 -0.512500 -0.185350
v 0.072978 -0.512500 -0.147941
v 0.046090 -0.572500 -0.226927
v 0.104586 -0.572500 -0.213575
v 0.072978 -0.572500 -0.147941
v 0.026068 -0.572500 -0.185350
v 0.046090 -0.512500 -0.226927
v 0.046090 -0.572500 -0.226927
v 0.026068 -0.572500 -0.185350
v 0.026068 -0.512500 -0.185350
v -0.010011 -0.512500 -0.156578
v -0.010011 -0.572500 -0.156578
v -0.055000 -0.572500 -0.146310
v -0.055000 -0.512500 -0.146310
v 0.026068 -0.572500 -0.185350
v 0.072978 -0.572500 -0.147941
v 0.016023 -0.572500 -0.102520
v -0.010011 -0.572500 -0.156578
v 0.026068 -0.512500 -0.185350
v 0.026068 -0.572500 -0.185350
v -0.010011 -0.572500 -0.156578
v -0.010011 -0.512500 -0.156578
v 0.072978 -0.572500 -0.147941
v 0.072978 -0.512500 -0.147941
v 0.016023 -0.512500 -0.102520
v 0.016023 -0.572500 -0.102520
v -0.055000 -0.512500 -0.086310
v -0.055000 -0.512500 -0.146310
v -0.067950 -0.512500 -0.146310
v -0.092803 -0.512500 -0.086310
v 0.016023 -0.572500 -0.102520
v 0.016023 -0.512500 -0.102520
v -0.055000 -0.512500 -0.086310
v -0.055000 -0.572500 -0.086310
v 0.016023 -0.512500 -0.102520
v -0.010011 -0.512500 -0.156578
v -0.055000 -0.512500 -0.146310
v -0.055000 -0.512500 -0.086310
v -0.010011 -0.572500 -0.156578
v 0.016023 -0.572500 -0.102520
v -0.055000 -0.572500 -0.086310
v -0.055000 -0.572500 -0.146310
v -0.067950 -0.572500 -0.353690
v -0.067950 -0.512500 -0.353690
v -0.092803 -0.512500 -0.413690
v -0.092803 -0.572500 -0.413690
v -0.055000 -0.572500 -0.353690
v -0.055000 -0.512500 -0.353690
v -0.067950 -0.512500 -0.353690
v -0.067950 -0.572500 -0.353690
v -0.055000 -0.512500 -0.413690
v -0.055000 -0.572500 -0.413690
v -0.092803 -0.572500 -0.413690
v -0.092803 -0.512500 -0.413690
v -0.055000 -0.572500 -0.413690
v -0.055000 -0.572500 -0.353690
v -0.067950 -0.572500 -0.353690
v -0.092803 -0.572500 -0.413690
v -0.092803 -0.572500 -0.086310
v -0.092803 -0.512500 -0.086310
v -0.067950 -0.512500 -0.146310
v -0.067950 -0.572500 -0.146310
v -0.055000 -0.572500 -0.146310
v -0.055000 -0.572500 -0.086310
v -0.092803 -0.572500 -0.086310
v -0.067950 -0.572500 -0.146310
v -0.055000 -0.512500 -0.146310
v -0.055000 -0.572500 -0.146310
v -0.067950 -0.572500 -0.146310
v -0.067950 -0.512500 -0.146310
v -0.055000 -0.572500 -0.086310
v -0.055000 -0.512500 -0.086310
v -0.092803 -0.512500 -0.086310
v -0.092803 -0.572500 -0.086310
v -0.580312 -0.921250 -0.069688
v -0.400000 -0.857500 0.068750
v -0.400000 -0.921250 0.005000
v -0.580312 -0.921250 -0.069688
v -0.718750 -0.857500 -0.250000
v -0.625390 -0.857500 -0.024610
v -0.655000 -0.921250 -0.250000
v -0.580312 -0.921250 -0.430312
v -0.625390 -0.857500 -0.475390
v -0.718750 -0.857500 -0.250000
v -0.580312 -0.921250 -0.430312
v -0.400000 -0.921250 -0.505000
v -0.400000 -0.857500 -0.568750
v -0.625390 -0.857500 -0.475390
v -0.400000 -0.921250 -0.505000
v -0.219688 -0.921250 -0.430312
v -0.174610 -0.857500 -0.475390
v -0.400000 -0.857500 -0.568750
v -0.219688 -0.921250 -0.430312
v -0.145000 -0.921250 -0.250000
v -0.081250 -0.857500 -0.250000
v -0.174610 -0.857500 -0.475390
v -0.400000 -0.857500 -0.568750
v -0.400000 -0.475000 -0.568750
v -0.625390 -0.475000 -0.475390
v -0.625390 -0.857500 -0.475390
v -0.219688 -0.921250 -0.069688
v -0.081250 -0.857500 -0.250000
v -0.145000 -0.921250 -0.250000
v -0.400000 -0.921250 0.005000
v -0.174610 -0.857500 -0.024610
v -0.219688 -0.921250 -0.069688
v -0.580312 -0.921250 -0.430312
v -0.219688 -0.921250 -0.069688
v -0.219688 -0.921250 -0.430312
v -0.400000 -0.475000 -0.625000
v -0.400000 -0.475000 -0.568750
v -0.174610 -0.475000 -0.475390
v -0.134835 -0.475000 -0.515165
v -0.174610 -0.475000 -0.024610
v -0.081250 -0.857500 -0.250000
v -0.174610 -0.857500 -0.024610
v -0.718750 -0.475000 -0.250000
v -0.625390 -0.857500 -0.024610
v -0.718750 -0.857500 -0.250000
v -0.174610 -0.857500 -0.475390
v -0.174610 -0.475000 -0.475390
v -0.400000 -0.475000 -0.568750
v -0.400000 -0.857500 -0.568750
v -0.400000 -0.475000 0.068750
v -0.174610 -0.857500 -0.024610
v -0.400000 -0.857500 0.068750
v -0.625390 -0.475000 -0.024610
v -0.400000 -0.857500 0.068750
v -0.625390 -0.857500 -0.024610
v -0.625390 -0.857500 -0.475390
v -0.625390 -0.475000 -0.475390
v -0.718750 -0.475000 -0.250000
v -0.718750 -0.857500 -0.250000
v -0.081250 -0.857500 -0.250000
v -0.081250 -0.475000 -0.250000
v -0.174610 -0.475000 -0.475390
v -0.174610 -0.857500 -0.475390
v -0.775000 -0.475000 -0.250000
v -0.718750 -0.475000 -0.250000
v -0.625390 -0.475000 -0.475390
v -0.665165 -0.475000 -0.515165
v -0.665165 -0.475000 0.015165
v -0.625390 -0.475000 -0.024610
v -0.718750 -0.475000 -0.250000
v -0.775000 -0.475000 -0.250000
v -0.400000 -0.475000 0.125000
v -0.400000 -0.475000 0.068750
v -0.625390 -0.475000 -0.024610
v -0.665165 -0.475000 0.015165
v -0.134835 -0.475000 0.015165
v -0.174610 -0.475000 -0.024610
v -0.400000 -0.475000 0.068750
v -0.400000 -0.475000 0.125000
v -0.025000 -0.475000 -0.250000
v -0.081250 -0.475000 -0.250000
v -0.174610 -0.475000 -0.024610
v -0.134835 -0.475000 0.015165
v -0.134835 -0.475000 -0.515165
v -0.174610 -0.475000 -0.475390
v -0.081250 -0.475000 -0.250000
v -0.025000 -0.475000 -0.250000
v -0.691682 -0.475000 -0.541682
v -0.400000 -0.475000 -0.662500
v -0.400000 -0.475000 -0.600625
v -0.647929 -0.475000 -0.497929
v -0.400000 -0.475000 -0.662500
v -0.108318 -0.475000 -0.541681
v -0.152071 -0.475000 -0.497929
v -0.400000 -0.475000 -0.600625
v -0.812500 -0.475000 -0.250000
v -0.691682 -0.475000 -0.541682
v -0.647929 -0.475000 -0.497929
v -0.750625 -0.475000 -0.250000
v -0.691682 -0.475000 0.041682
v -0.812500 -0.475000 -0.250000
v -0.750625 -0.475000 -0.250000
v -0.647929 -0.475000 -0.002071
v -0.400000 -0.475000 0.162500
v -0.691682 -0.475000 0.041682
v -0.647929 -0.475000 -0.002071
v -0.400000 -0.475000 0.100625
v -0.108318 -0.475000 0.041681
v -0.400000 -0.475000 0.162500
v -0.400000 -0.475000 0.100625
v -0.152071 -0.475000 -0.002071
v 0.012500 -0.475000 -0.250000
v -0.108318 -0.475000 0.041681
v -0.152071 -0.475000 -0.002071
v -0.049375 -0.475000 -0.250000
v -0.108318 -0.475000 -0.541681
v 0.012500 -0.475000 -0.250000
v -0.049375 -0.475000 -0.250000
v -0.152071 -0.475000 -0.497929
v -0.691682 -0.437500 -0.541682
v -0.647929 -0.437500 -0.497929
v -0.400000 -0.437500 -0.600625
v -0.400000 -0.437500 -0.662500
v -0.400000 -0.437500 -0.662500
v -0.400000 -0.437500 -0.600625
v -0.152071 -0.437500 -0.497929
v -0.108318 -0.437500 -0.541681
v -0.812500 -0.437500 -0.250000
v -0.750625 -0.437500 -0.250000
v -0.647929 -0.437500 -0.497929
v -0.691682 -0.437500 -0.541682
v -0.691682 -0.437500 0.041682
v -0.647929 -0.437500 -0.002071
v -0.750625 -0.437500 -0.250000
v -0.812500 -0.437500 -0.250000
v -0.400000 -0.437500 0.162500
v -0.400000 -0.437500 0.100625
v -0.647929 -0.437500 -0.002071
v -0.691682 -0.437500 0.041682
v -0.108318 -0.437500 0.041681
v -0.152071 -0.437500 -0.002071
v -0.400000 -0.437500 0.100625
v -0.400000 -0.437500 0.162500
v 0.012500 -0.437500 -0.250000
v -0.049375 -0.437500 -0.250000
v -0.152071 -0.437500 -0.002071
v -0.108318 -0.437500 0.041681
v -0.108318 -0.437500 -0.541681
v -0.152071 -0.437500 -0.497929
v -0.049375 -0.437500 -0.250000
v 0.012500 -0.437500 -0.250000
v -0.108318 -0.475000 -0.541681
v -0.400000 -0.475000 -0.662500
v -0.400000 -0.437500 -0.662500
v -0.108318 -0.437500 -0.541681
v -0.400000 -0.456250 -0.600625
v -0.152071 -0.456250 -0.497929
v -0.152071 -0.437500 -0.497929
v -0.400000 -0.437500 -0.600625
v 0.012500 -0.475000 -0.250000
v -0.108318 -0.475000 -0.541681
v -0.108318 -0.437500 -0.541681
v 0.012500 -0.437500 -0.250000
v -0.152071 -0.456250 -0.497929
v -0.049375 -0.456250 -0.250000
v -0.049375 -0.437500 -0.250000
v -0.152071 -0.437500 -0.497929
v -0.108318 -0.475000 0.041681
v 0.012500 -0.475000 -0.250000
v 0.012500 -0.437500 -0.250000
v -0.108318 -0.437500 0.041681
v -0.049375 -0.456250 -0.250000
v -0.152071 -0.456250 -0.002071
v -0.152071 -0.437500 -0.002071
v -0.049375 -0.437500 -0.250000
v -0.400000 -0.475000 0.162500
v -0.108318 -0.475000 0.041681
v -0.108318 -0.437500 0.041681
v -0.400000 -0.437500 0.162500
v -0.691682 -0.475000 0.041682
v -0.400000 -0.475000 0.162500
v -0.400000 -0.437500 0.162500
v -0.691682 -0.437500 0.041682
v -0.152071 -0.456250 -0.002071
v -0.400000 -0.456250 0.100625
v -0.400000 -0.437500 0.100625
v -0.152071 -0.437500 -0.002071
v -0.400000 -0.456250 0.100625
v -0.647929 -0.456250 -0.002071
v -0.647929 -0.437500 -0.002071
v -0.400000 -0.437500 0.100625
v -0.812500 -0.475000 -0.250000
v -0.691682 -0.475000 0.041682
v -0.691682 -0.437500 0.041682
v -0.812500 -0.437500 -0.250000
v -0.647929 -0.456250 -0.002071
v -0.750625 -0.456250 -0.250000
v -0.750625 -0.437500 -0.250000
v -0.647929 -0.437500 -0.002071
v -0.691682 -0.475000 -0.541682
v -0.812500 -0.475000 -0.250000
v -0.812500 -0.437500 -0.250000
v -0.691682 -0.437500 -0.541682
v -0.750625 -0.456250 -0.250000
v -0.647929 -0.456250 -0.497929
v -0.647929 -0.437500 -0.497929
v -0.750625 -0.437500 -0.250000
v -0.400000 -0.475000 -0.662500
v -0.691682 -0.475000 -0.541682
v -0.691682 -0.437500 -0.541682
v -0.400000 -0.437500 -0.662500
v -0.647929 -0.456250 -0.497929
v -0.400000 -0.456250 -0.600625
v -0.400000 -0.437500 -0.600625
v -0.647929 -0.437500 -0.497929
v -0.647929 -0.475000 -0.497929
v -0.400000 -0.475000 -0.600625
v -0.400000 -0.456250 -0.600625
v -0.647929 -0.456250 -0.497929
v -0.750625 -0.475000 -0.250000
v -0.647929 -0.475000 -0.497929
v -0.647929 -0.456250 -0.497929
v -0.750625 -0.456250 -0.250000
v -0.647929 -0.475000 -0.002071
v -0.750625 -0.475000 -0.250000
v -0.750625 -0.456250 -0.250000
v -0.647929 -0.456250 -0.002071
v -0.400000 -0.475000 0.100625
v -0.647929 -0.475000 -0.002071
v -0.647929 -0.456250 -0.002071
v -0.400000 -0.456250 0.100625
v -0.152071 -0.475000 -0.002071
v -0.400000 -0.475000 0.100625
v -0.400000 -0.456250 0.100625
v -0.152071 -0.456250 -0.002071
v -0.049375 -0.475000 -0.250000
v -0.152071 -0.475000 -0.002071
v -0.152071 -0.456250 -0.002071
v -0.049375 -0.456250 -0.250000
v -0.152071 -0.475000 -0.497929
v -0.049375 -0.475000 -0.250000
v -0.049375 -0.456250 -0.250000
v -0.152071 -0.456250 -0.497929
v -0.400000 -0.475000 -0.600625
v -0.152071 -0.475000 -0.497929
v -0.152071 -0.456250 -0.497929
v -0.400000 -0.456250 -0.600625
v -0.152071 -0.456250 -0.497929
v -0.251242 -0.390625 -0.398758
v -0.189625 -0.390625 -0.250000
v -0.049375 -0.456250 -0.250000
v -0.152071 -0.456250 -0.002071
v -0.251242 -0.390625 -0.101242
v -0.400000 -0.390625 -0.039625
v -0.400000 -0.456250 0.100625
v -0.647929 -0.456250 -0.002071
v -0.548758 -0.390625 -0.101242
v -0.610375 -0.390625 -0.250000
v -0.750625 -0.456250 -0.250000
v -0.647929 -0.456250 -0.497929
v -0.548758 -0.390625 -0.398758
v -0.400000 -0.390625 -0.460375
v -0.400000 -0.456250 -0.600625
v -0.400000 -0.456250 -0.600625
v -0.400000 -0.390625 -0.460375
v -0.251242 -0.390625 -0.398758
v -0.152071 -0.456250 -0.497929
v -0.049375 -0.456250 -0.250000
v -0.189625 -0.390625 -0.250000
v -0.251242 -0.390625 -0.101242
v -0.152071 -0.456250 -0.002071
v -0.400000 -0.456250 0.100625
v -0.400000 -0.390625 -0.039625
v -0.548758 -0.390625 -0.101242
v -0.647929 -0.456250 -0.002071
v -0.750625 -0.456250 -0.250000
v -0.610375 -0.390625 -0.250000
v -0.548758 -0.390625 -0.398758
v -0.647929 -0.456250 -0.497929
v -0.548758 -0.390625 -0.101242
v -0.468181 -0.371875 -0.181819
v -0.496422 -0.371875 -0.250000
v -0.610375 -0.390625 -0.250000
v -0.548758 -0.390625 -0.398758
v -0.468181 -0.371875 -0.318181
v -0.400000 -0.371875 -0.346422
v -0.400000 -0.390625 -0.460375
v -0.400000 -0.390625 -0.460375
v -0.400000 -0.371875 -0.346422
v -0.331819 -0.371875 -0.318181
v -0.251242 -0.390625 -0.398758
v -0.189625 -0.390625 -0.250000
v -0.303578 -0.371875 -0.250000
v -0.331819 -0.371875 -0.181819
v -0.251242 -0.390625 -0.101242
v -0.400000 -0.390625 -0.039625
v -0.400000 -0.371875 -0.153578
v -0.468181 -0.371875 -0.181819
v -0.548758 -0.390625 -0.101242
v -0.610375 -0.390625 -0.250000
v -0.496422 -0.371875 -0.250000
v -0.468181 -0.371875 -0.318181
v -0.548758 -0.390625 -0.398758
v -0.251242 -0.390625 -0.398758
v -0.331819 -0.371875 -0.318181
v -0.303578 -0.371875 -0.250000
v -0.189625 -0.390625 -0.250000
v -0.251242 -0.390625 -0.101242
v -0.331819 -0.371875 -0.181819
v -0.400000 -0.371875 -0.153578
v -0.400000 -0.390625 -0.039625
v -0.468181 -0.371875 -0.181819
v -0.468181 -0.353125 -0.181819
v -0.496422 -0.353125 -0.250000
v -0.496422 -0.371875 -0.250000
v -0.362340 -0.353125 -0.287660
v -0.362340 -0.315625 -0.287660
v -0.346741 -0.315625 -0.250000
v -0.346741 -0.353125 -0.250000
v -0.468181 -0.371875 -0.318181
v -0.468181 -0.353125 -0.318181
v -0.400000 -0.353125 -0.346422
v -0.400000 -0.371875 -0.346422
v -0.400000 -0.371875 -0.346422
v -0.400000 -0.353125 -0.346422
v -0.331819 -0.353125 -0.318181
v -0.331819 -0.371875 -0.318181
v -0.303578 -0.371875 -0.250000
v -0.303578 -0.353125 -0.250000
v -0.331819 -0.353125 -0.181819
v -0.331819 -0.371875 -0.181819
v -0.400000 -0.371875 -0.153578
v -0.400000 -0.353125 -0.153578
v -0.468181 -0.353125 -0.181819
v -0.468181 -0.371875 -0.181819
v -0.496422 -0.371875 -0.250000
v -0.496422 -0.353125 -0.250000
v -0.468181 -0.353125 -0.318181
v -0.468181 -0.371875 -0.318181
v -0.331819 -0.371875 -0.318181
v -0.331819 -0.353125 -0.318181
v -0.303578 -0.353125 -0.250000
v -0.303578 -0.371875 -0.250000
v -0.331819 -0.371875 -0.181819
v -0.331819 -0.353125 -0.181819
v -0.400000 -0.353125 -0.153578
v -0.400000 -0.371875 -0.153578
v -0.400000 -0.353125 -0.303259
v -0.400000 -0.353125 -0.346422
v -0.468181 -0.353125 -0.318181
v -0.437660 -0.353125 -0.287660
v -0.437660 -0.353125 -0.287660
v -0.468181 -0.353125 -0.318181
v -0.496422 -0.353125 -0.250000
v -0.453259 -0.353125 -0.250000
v -0.453259 -0.353125 -0.250000
v -0.496422 -0.353125 -0.250000
v -0.468181 -0.353125 -0.181819
v -0.437660 -0.353125 -0.212340
v -0.437660 -0.353125 -0.212340
v -0.468181 -0.353125 -0.181819
v -0.400000 -0.353125 -0.153578
v -0.400000 -0.353125 -0.196741
v -0.400000 -0.353125 -0.196741
v -0.400000 -0.353125 -0.153578
v -0.331819 -0.353125 -0.181819
v -0.362340 -0.353125 -0.212340
v -0.362340 -0.353125 -0.212340
v -0.331819 -0.353125 -0.181819
v -0.303578 -0.353125 -0.250000
v -0.346741 -0.353125 -0.250000
v -0.346741 -0.353125 -0.250000
v -0.303578 -0.353125 -0.250000
v -0.331819 -0.353125 -0.318181
v -0.362340 -0.353125 -0.287660
v -0.362340 -0.353125 -0.287660
v -0.331819 -0.353125 -0.318181
v -0.400000 -0.353125 -0.346422
v -0.400000 -0.353125 -0.303259
v -0.400000 -0.315625 -0.196741
v -0.400000 -0.315625 -0.170111
v -0.456490 -0.315625 -0.193510
v -0.437660 -0.315625 -0.212340
v -0.362340 -0.353125 -0.212340
v -0.362340 -0.315625 -0.212340
v -0.400000 -0.315625 -0.196741
v -0.400000 -0.353125 -0.196741
v -0.437660 -0.353125 -0.212340
v -0.437660 -0.315625 -0.212340
v -0.453259 -0.315625 -0.250000
v -0.453259 -0.353125 -0.250000
v -0.437660 -0.353125 -0.287660
v -0.437660 -0.315625 -0.287660
v -0.400000 -0.315625 -0.303259
v -0.400000 -0.353125 -0.303259
v -0.400000 -0.353125 -0.303259
v -0.400000 -0.315625 -0.303259
v -0.362340 -0.315625 -0.287660
v -0.362340 -0.353125 -0.287660
v -0.346741 -0.353125 -0.250000
v -0.346741 -0.315625 -0.250000
v -0.362340 -0.315625 -0.212340
v -0.362340 -0.353125 -0.212340
v -0.400000 -0.353125 -0.196741
v -0.400000 -0.315625 -0.196741
v -0.437660 -0.315625 -0.212340
v -0.437660 -0.353125 -0.212340
v -0.453259 -0.353125 -0.250000
v -0.453259 -0.315625 -0.250000
v -0.437660 -0.315625 -0.287660
v -0.437660 -0.353125 -0.287660
v -0.453259 -0.315625 -0.250000
v -0.479889 -0.315625 -0.250000
v -0.456490 -0.315625 -0.306490
v -0.437660 -0.315625 -0.287660
v -0.362340 -0.315625 -0.287660
v -0.343510 -0.315625 -0.306490
v -0.320111 -0.315625 -0.250000
v -0.346741 -0.315625 -0.250000
v -0.362340 -0.315625 -0.212340
v -0.343510 -0.315625 -0.193510
v -0.400000 -0.315625 -0.170111
v -0.400000 -0.315625 -0.196741
v -0.437660 -0.315625 -0.212340
v -0.456490 -0.315625 -0.193510
v -0.479889 -0.315625 -0.250000
v -0.453259 -0.315625 -0.250000
v -0.437660 -0.315625 -0.287660
v -0.456490 -0.315625 -0.306490
v -0.400000 -0.315625 -0.329889
v -0.400000 -0.315625 -0.303259
v -0.400000 -0.315625 -0.303259
v -0.400000 -0.315625 -0.329889
v -0.343510 -0.315625 -0.306490
v -0.362340 -0.315625 -0.287660
v -0.346741 -0.315625 -0.250000
v -0.320111 -0.315625 -0.250000
v -0.343510 -0.315625 -0.193510
v -0.362340 -0.315625 -0.212340
v -0.400000 -0.315625 -0.329889
v -0.400000 -0.259375 -0.329889
v -0.343510 -0.259375 -0.306490
v -0.343510 -0.315625 -0.306490
v -0.320111 -0.315625 -0.250000
v -0.320111 -0.259375 -0.250000
v -0.343510 -0.259375 -0.193510
v -0.343510 -0.315625 -0.193510
v -0.400000 -0.315625 -0.170111
v -0.400000 -0.259375 -0.170111
v -0.456490 -0.259375 -0.193510
v -0.456490 -0.315625 -0.193510
v -0.479889 -0.315625 -0.250000
v -0.479889 -0.259375 -0.250000
v -0.456490 -0.259375 -0.306490
v -0.456490 -0.315625 -0.306490
v -0.343510 -0.315625 -0.306490
v -0.343510 -0.259375 -0.306490
v -0.320111 -0.259375 -0.250000
v -0.320111 -0.315625 -0.250000
v -0.343510 -0.315625 -0.193510
v -0.343510 -0.259375 -0.193510
v -0.400000 -0.259375 -0.170111
v -0.400000 -0.315625 -0.170111
v -0.456490 -0.315625 -0.193510
v -0.456490 -0.259375 -0.193510
v -0.479889 -0.259375 -0.250000
v -0.479889 -0.315625 -0.250000
v -0.456490 -0.315625 -0.306490
v -0.456490 -0.259375 -0.306490
v -0.400000 -0.259375 -0.329889
v -0.400000 -0.315625 -0.329889
v -0.343510 -0.259375 -0.306490
v -0.456490 -0.259375 -0.193510
v -0.343510 -0.259375 -0.193510
v -0.187868 -1.000000 -0.037868
v -0.400000 -1.000000 0.050000
v -0.612132 -1.000000 -0.462132
v -0.400000 -1.000000 0.050000
v -0.612132 -1.000000 -0.037868
v -0.612132 -1.000000 -0.462132
v -0.612132 -1.000000 -0.037868
v -0.700000 -1.000000 -0.250000
v -0.612132 -1.000000 -0.462132
v -0.612132 -1.000000 -0.462132
v -0.400000 -1.000000 -0.550000
v -0.187868 -1.000000 -0.462132
v -0.187868 -1.000000 -0.462132
v -0.100000 -1.000000 -0.250000
v -0.612132 -1.000000 -0.462132
v -0.219688 -0.921250 -0.069688
v -0.580312 -0.921250 -0.069688
v -0.400000 -0.921250 0.005000
v -0.580312 -0.921250 -0.069688
v -0.580312 -0.921250 -0.430312
v -0.655000 -0.921250 -0.250000
v -0.580312 -0.921250 -0.430312
v -0.219688 -0.921250 -0.430312
v -0.400000 -0.921250 -0.505000
v -0.219688 -0.921250 -0.430312
v -0.219688 -0.921250 -0.069688
v -0.145000 -0.921250 -0.250000
v -0.219688 -0.921250 -0.069688
v -0.580312 -0.921250 -0.430312
v -0.580312 -0.921250 -0.069688
v -0.456490 -0.259375 -0.306490
v -0.343510 -0.259375 -0.306490
v -0.400000 -0.259375 -0.329889
v -0.343510 -0.259375 -0.306490
v -0.343510 -0.259375 -0.193510
v -0.320111 -0.259375 -0.250000
v -0.343510 -0.259375 -0.193510
v -0.456490 -0.259375 -0.193510
v -0.400000 -0.259375 -0.170111
v -0.456490 -0.259375 -0.193510
v -0.456490 -0.259375 -0.306490
v -0.479889 -0.259375 -0.250000
v -0.456490 -0.259375 -0.306490
v -0.456490 -0.259375 -0.193510
v -0.343510 -0.259375 -0.306490
v -0.789989 -0.512500 -0.343422
v -0.789989 -0.572500 -0.343422
v -0.826068 -0.572500 -0.314650
v -0.826068 -0.512500 -0.314650
v -0.789989 -0.572500 -0.343422
v -0.789989 -0.512500 -0.343422
v -0.745000 -0.512500 -0.353690
v -0.745000 -0.572500 -0.353690
v -0.745000 -0.512500 -0.353690
v -0.745000 -0.512500 -0.413690
v -0.707197 -0.512500 -0.413690
v -0.732050 -0.512500 -0.353690
v -0.745000 -0.572500 -0.413690
v -0.745000 -0.512500 -0.413690
v -0.816022 -0.512500 -0.397480
v -0.816022 -0.572500 -0.397480
v -0.789989 -0.572500 -0.343422
v -0.745000 -0.572500 -0.353690
v -0.745000 -0.572500 -0.413690
v -0.816022 -0.572500 -0.397480
v -0.745000 -0.512500 -0.353690
v -0.789989 -0.512500 -0.343422
v -0.816022 -0.512500 -0.397480
v -0.745000 -0.512500 -0.413690
v -0.872978 -0.512500 -0.352059
v -0.826068 -0.512500 -0.314650
v -0.846090 -0.512500 -0.273073
v -0.904586 -0.512500 -0.286425
v -0.816022 -0.572500 -0.397480
v -0.816022 -0.512500 -0.397480
v -0.872978 -0.512500 -0.352059
v -0.872978 -0.572500 -0.352059
v -0.816022 -0.512500 -0.397480
v -0.789989 -0.512500 -0.343422
v -0.826068 -0.512500 -0.314650
v -0.872978 -0.512500 -0.352059
v -0.789989 -0.572500 -0.343422
v -0.816022 -0.572500 -0.397480
v -0.872978 -0.572500 -0.352059
v -0.826068 -0.572500 -0.314650
v -0.846090 -0.512500 -0.273073
v -0.846090 -0.572500 -0.273073
v -0.846090 -0.572500 -0.226927
v -0.846090 -0.512500 -0.226927
v -0.826068 -0.572500 -0.314650
v -0.872978 -0.572500 -0.352059
v -0.904586 -0.572500 -0.286425
v -0.846090 -0.572500 -0.273073
v -0.826068 -0.512500 -0.314650
v -0.826068 -0.572500 -0.314650
v -0.846090 -0.572500 -0.273073
v -0.846090 -0.512500 -0.273073
v -0.872978 -0.572500 -0.352059
v -0.872978 -0.512500 -0.352059
v -0.904586 -0.512500 -0.286425
v -0.904586 -0.572500 -0.286425
v -0.904586 -0.572500 -0.213575
v -0.904586 -0.512500 -0.213575
v -0.872978 -0.512500 -0.147941
v -0.872978 -0.572500 -0.147941
v -0.904586 -0.572500 -0.286425
v -0.904586 -0.512500 -0.286425
v -0.904586 -0.512500 -0.213575
v -0.904586 -0.572500 -0.213575
v -0.904586 -0.512500 -0.286425
v -0.846090 -0.512500 -0.273073
v -0.846090 -0.512500 -0.226927
v -0.904586 -0.512500 -0.213575
v -0.846090 -0.572500 -0.273073
v -0.904586 -0.572500 -0.286425
v -0.904586 -0.572500 -0.213575
v -0.846090 -0.572500 -0.226927
v -0.872978 -0.512500 -0.147941
v -0.826068 -0.512500 -0.185350
v -0.789989 -0.512500 -0.156578
v -0.816022 -0.512500 -0.102520
v -0.904586 -0.512500 -0.213575
v -0.846090 -0.512500 -0.226927
v -0.826068 -0.512500 -0.185350
v -0.872978 -0.512500 -0.147941
v -0.846090 -0.572500 -0.226927
v -0.904586 -0.572500 -0.213575
v -0.872978 -0.572500 -0.147941
v -0.826068 -0.572500 -0.185350
v -0.846090 -0.512500 -0.226927
v -0.846090 -0.572500 -0.226927
v -0.826068 -0.572500 -0.185350
v -0.826068 -0.512500 -0.185350
v -0.789989 -0.512500 -0.156578
v -0.789989 -0.572500 -0.156578
v -0.745000 -0.572500 -0.146310
v -0.745000 -0.512500 -0.146310
v -0.826068 -0.572500 -0.185350
v -0.872978 -0.572500 -0.147941
v -0.816022 -0.572500 -0.102520
v -0.789989 -0.572500 -0.156578
v -0.826068 -0.512500 -0.185350
v -0.826068 -0.572500 -0.185350
v -0.789989 -0.572500 -0.156578
v -0.789989 -0.512500 -0.156578
v -0.872978 -0.572500 -0.147941
v -0.872978 -0.512500 -0.147941
v -0.816022 -0.512500 -0.102520
v -0.816022 -0.572500 -0.102520
v -0.745000 -0.512500 -0.086310
v -0.745000 -0.512500 -0.146310
v -0.732050 -0.512500 -0.146310
v -0.707197 -0.512500 -0.086310
v -0.816022 -0.572500 -0.102520
v -0.816022 -0.512500 -0.102520
v -0.745000 -0.512500 -0.086310
v -0.745000 -0.572500 -0.086310
v -0.816022 -0.512500 -0.102520
v -0.789989 -0.512500 -0.156578
v -0.745000 -0.512500 -0.146310
v -0.745000 -0.512500 -0.086310
v -0.789989 -0.572500 -0.156578
v -0.816022 -0.572500 -0.102520
v -0.745000 -0.572500 -0.086310
v -0.745000 -0.572500 -0.146310
v -0.745000 -0.572500 -0.353690
v -0.745000 -0.512500 -0.353690
v -0.732050 -0.512500 -0.353690
v -0.732050 -0.572500 -0.353690
v -0.745000 -0.512500 -0.413690
v -0.745000 -0.572500 -0.413690
v -0.707197 -0.572500 -0.413690
v -0.707197 -0.512500 -0.413690
v -0.745000 -0.572500 -0.413690
v -0.745000 -0.572500 -0.353690
v -0.732050 -0.572500 -0.353690
v -0.707197 -0.572500 -0.413690
v -0.745000 -0.572500 -0.146310
v -0.745000 -0.572500 -0.086310
v -0.707197 -0.572500 -0.086310
v -0.732050 -0.572500 -0.146310
v -0.745000 -0.512500 -0.146310
v -0.745000 -0.572500 -0.146310
v -0.732050 -0.572500 -0.146310
v -0.732050 -0.512500 -0.146310
v -0.745000 -0.572500 -0.086310
v -0.745000 -0.512500 -0.086310
v -0.707197 -0.512500 -0.086310
v -0.707197 -0.572500 -0.086310
v 0.159584 -0.895000 0.209584
v 0.099480 -0.810000 0.149480
v -0.025000 -0.810000 0.450000
v 0.159584 -0.895000 0.209584
v 0.400000 -0.895000 0.110000
v 0.400000 -0.810000 0.025000
v 0.640416 -0.895000 0.209584
v 0.700521 -0.810000 0.149480
v 0.400000 -0.810000 0.025000
v 0.740000 -0.895000 0.450000
v 0.825000 -0.810000 0.450000
v 0.700521 -0.810000 0.149480
v 0.400000 -0.300000 0.025000
v 0.099480 -0.300000 0.149480
v 0.099480 -0.810000 0.149480
v 0.700521 -0.300000 0.149480
v 0.400000 -0.300000 0.025000
v 0.400000 -0.810000 0.025000
v 0.099480 -0.300000 0.149480
v -0.025000 -0.300000 0.450000
v -0.025000 -0.810000 0.450000
v 0.825000 -0.300000 0.450000
v 0.700521 -0.300000 0.149480
v 0.700521 -0.810000 0.149480
v -0.580312 -0.921250 -0.069688
v -0.625390 -0.857500 -0.024610
v -0.400000 -0.857500 0.068750
v -0.580312 -0.921250 -0.069688
v -0.655000 -0.921250 -0.250000
v -0.718750 -0.857500 -0.250000
v -0.219688 -0.921250 -0.069688
v -0.174610 -0.857500 -0.024610
v -0.081250 -0.857500 -0.250000
v -0.400000 -0.921250 0.005000
v -0.400000 -0.857500 0.068750
v -0.174610 -0.857500 -0.024610
v -0.174610 -0.475000 -0.024610
v -0.081250 -0.475000 -0.250000
v -0.081250 -0.857500 -0.250000
v -0.718750 -0.475000 -0.250000
v -0.625390 -0.475000 -0.024610
v -0.625390 -0.857500 -0.024610
v -0.400000 -0.475000 0.068750
v -0.174610 -0.475000 -0.024610
v -0.174610 -0.857500 -0.024610
v -0.625390 -0.475000 -0.024610
v -0.400000 -0.475000 0.068750
v -0.400000 -0.857500 0.068750

vt 0.666142 0.042112
vt 0.790523 0.096018
vt 0.765190 0.141160
vt 0.711285 0.016779
vt 0.790523 0.096018
vt 0.666142 0.042112
vt 0.567093 -0.056937
vt 0.691475 -0.003031
vt 0.666142 0.042112
vt 0.612236 -0.082270
vt 0.691475 -0.003031
vt 0.567093 -0.056937
vt 0.468045 -0.155985
vt 0.592426 -0.102080
vt 0.567093 -0.056937
vt 0.513187 -0.181318
vt 0.592426 -0.102080
vt 0.468045 -0.155985
vt 0.368996 -0.255034
vt 0.493378 -0.201128
vt 0.468045 -0.155985
vt 0.414139 -0.280367
vt 0.493378 -0.201128
vt 0.368996 -0.255034
vt 1.062336 0.438306
vt 1.186718 0.492212
vt 1.161384 0.537354
vt 1.107479 0.412973
vt 1.186718 0.492212
vt 1.062336 0.438306
vt 0.963287 0.339257
vt 1.087669 0.393163
vt 1.062336 0.438306
vt 1.008430 0.313924
vt 1.087669 0.393163
vt 0.963287 0.339257
vt 0.312749 -0.000689
vt 0.368996 -0.255034
vt 0.468045 -0.155985
vt 0.213700 -0.099738
vt 0.368996 -0.255034
vt 0.312749 -0.000689
vt 0.864239 0.240209
vt 0.988621 0.294114
vt 0.963287 0.339257
vt 0.909382 0.214876
vt 0.988621 0.294114
vt 0.864239 0.240209
vt 0.765190 0.141160
vt 0.889572 0.195066
vt 0.864239 0.240209
vt 0.810333 0.115827
vt 0.889572 0.195066
vt 0.765190 0.141160
vt 1.084507 0.125121
vt 1.084507 0.395659
vt 0.972447 0.395659
vt 0.806758 0.551707
vt 0.832121 0.681277
vt 0.806758 0.670771
vt 0.832121 0.541201
vt 0.832121 0.681277
vt 0.806758 0.551707
vt 0.807992 0.494553
vt 0.864239 0.240209
vt 0.963287 0.339257
vt 0.708943 0.395505
vt 0.864239 0.240209
vt 0.807992 0.494553
vt 0.510846 0.197408
vt 0.567093 -0.056937
vt 0.666142 0.042112
vt 0.411797 0.098359
vt 0.567093 -0.056937
vt 0.510846 0.197408
vt 1.006089 0.692650
vt 1.062336 0.438306
vt 1.161384 0.537354
vt 0.907040 0.593602
vt 1.062336 0.438306
vt 1.006089 0.692650
vt 0.708943 0.395505
vt 0.765190 0.141160
vt 0.864239 0.240209
vt 0.609895 0.296456
vt 0.765190 0.141160
vt 0.708943 0.395505
vt 0.609895 0.296456
vt 0.666142 0.042112
vt 0.765190 0.141160
vt 0.510846 0.197408
vt 0.666142 0.042112
vt 0.609895 0.296456
vt 0.411797 0.098359
vt 0.468045 -0.155985
vt 0.567093 -0.056937
vt 0.312749 -0.000689
vt 0.468045 -0.155985
vt 0.411797 0.098359
vt 0.907040 0.593602
vt 0.963287 0.339257
vt 1.062336 0.438306
vt 0.807992 0.494553
vt 0.963287 0.339257
vt 0.907040 0.593602
vt 0.952952 0.627373
vt 0.995311 0.734531
vt 0.995311 0.639280
vt 0.952952 0.746438
vt 0.995311 0.734531
vt 0.952952 0.627373
vt 0.952952 0.508309
vt 0.995311 0.615467
vt 0.995311 0.520215
vt 0.952952 0.627373
vt 0.995311 0.615467
vt 0.952952 0.508309
vt 0.995311 0.496402
vt 0.995311 0.401151
vt 0.952952 0.508309
vt 0.952952 0.389244
vt 0.995311 0.377338
vt 0.952952 0.270180
vt 0.995311 0.258273
vt 0.995311 0.163022
vt 0.952952 0.270180
vt 0.995311 0.139209
vt 0.995311 0.043958
vt 0.952952 0.151116
vt 0.952952 0.270180
vt 0.766274 0.270180
vt 0.952952 0.389244
vt 0.952952 -0.087013
vt 0.995311 0.020145
vt 0.995311 -0.075107
vt 0.952952 0.032051
vt 0.995311 0.020145
vt 0.952952 -0.087013
vt 0.952952 -0.206078
vt 0.995311 -0.098920
vt 0.995311 -0.194171
vt 0.952952 -0.087013
vt 0.995311 -0.098920
vt 0.952952 -0.206078
vt 0.790985 0.162846
vt 0.723632 0.000242
vt 0.628381 0.230199
vt 0.816831 0.129812
vt 0.791468 0.000242
vt 0.816831 0.010747
vt 0.791468 0.140317
vt 0.791468 0.000242
vt 0.816831 0.129812
vt 0.766274 0.032051
vt 0.952952 -0.087013
vt 0.766274 -0.087013
vt 0.952952 0.032051
vt 0.952952 -0.087013
vt 0.766274 0.032051
vt 0.766274 0.627373
vt 0.952952 0.508309
vt 0.766274 0.508309
vt 0.952952 0.627373
vt 0.952952 0.508309
vt 0.766274 0.627373
vt 0.952952 0.151116
vt 0.766274 0.151116
vt 0.952952 0.270180
vt 0.766274 -0.087013
vt 0.952952 -0.206078
vt 0.766274 -0.206078
vt 0.952952 -0.087013
vt 0.952952 -0.206078
vt 0.766274 -0.087013
vt 0.766274 0.746438
vt 0.952952 0.627373
vt 0.766274 0.627373
vt 0.952952 0.746438
vt 0.952952 0.627373
vt 0.766274 0.746438
vt 0.952952 0.389244
vt 0.766274 0.389244
vt 0.952952 0.508309
vt 0.952952 0.032051
vt 0.766274 0.032051
vt 0.952952 0.151116
vt 0.755066 0.551707
vt 0.780429 0.681277
vt 0.755066 0.670771
vt 0.780429 0.541201
vt 0.780429 0.681277
vt 0.755066 0.551707
vt 0.780912 0.692266
vt 0.806275 0.821836
vt 0.780912 0.811330
vt 0.806275 0.681760
vt 0.806275 0.821836
vt 0.780912 0.692266
vt 0.806275 0.670771
vt 0.780912 0.541201
vt 0.806275 0.551707
vt 0.780912 0.681277
vt 0.780912 0.541201
vt 0.806275 0.670771
vt 0.729220 0.692266
vt 0.754583 0.821836
vt 0.729220 0.811330
vt 0.754583 0.681760
vt 0.754583 0.821836
vt 0.729220 0.692266
vt 0.780429 0.811330
vt 0.755066 0.681760
vt 0.780429 0.692266
vt 0.755066 0.821836
vt 0.755066 0.681760
vt 0.780429 0.811330
vt 0.729220 0.551707
vt 0.754583 0.681277
vt 0.729220 0.670771
vt 0.754583 0.541201
vt 0.754583 0.681277
vt 0.729220 0.551707
vt 1.084507 0.125121
vt 0.972447 0.395659
vt 0.893208 0.316420
vt 1.084507 0.125121
vt 0.893208 0.316420
vt 0.893208 0.204360
vt 1.084507 0.125121
vt 0.893208 0.204360
vt 0.972447 0.125121
vt 1.163746 0.316420
vt 1.084507 0.125121
vt 1.163746 0.204360
vt 1.084507 0.125121
vt 1.163746 0.316420
vt 1.084507 0.395659
vt 0.561028 0.162846
vt 0.628381 0.230199
vt 0.561028 0.067594
vt 0.628381 0.000242
vt 0.561028 0.067594
vt 0.723632 0.000242
vt 0.790985 0.067594
vt 0.723632 0.000242
vt 0.790985 0.162846
vt 0.723632 0.230199
vt 0.790985 0.162846
vt 0.628381 0.230199
vt 0.561028 0.067594
vt 0.628381 0.230199
vt 0.723632 0.000242
vt 0.666142 0.042112
vt 0.790523 0.096018
vt 0.765190 0.141160
vt 0.711285 0.016779
vt 0.790523 0.096018
vt 0.666142 0.042112
vt 0.567093 -0.056937
vt 0.691475 -0.003031
vt 0.666142 0.042112
vt 0.612236 -0.082270
vt 0.691475 -0.003031
vt 0.567093 -0.056937
vt 0.468045 -0.155985
vt 0.592426 -0.102080
vt 0.567093 -0.056937
vt 0.513187 -0.181318
vt 0.592426 -0.102080
vt 0.468045 -0.155985
vt 0.368996 -0.255034
vt 0.493378 -0.201128
vt 0.468045 -0.155985
vt 0.414139 -0.280367
vt 0.493378 -0.201128
vt 0.368996 -0.255034
vt 1.062336 0.438306
vt 1.186718 0.492212
vt 1.161384 0.537354
vt 1.107479 0.412973
vt 1.186718 0.492212
vt 1.062336 0.438306
vt 0.963287 0.339257
vt 1.087669 0.393163
vt 1.062336 0.438306
vt 1.008430 0.313924
vt 1.087669 0.393163
vt 0.963287 0.339257
vt 0.312749 -0.000689
vt 0.368996 -0.255034
vt 0.468045 -0.155985
vt 0.213700 -0.099738
vt 0.368996 -0.255034
vt 0.312749 -0.000689
vt 0.864239 0.240209
vt 0.988621 0.294114
vt 0.963287 0.339257
vt 0.909382 0.214876
vt 0.988621 0.294114
vt 0.864239 0.240209
vt 0.765190 0.141160
vt 0.889572 0.195066
vt 0.864239 0.240209
vt 0.810333 0.115827
vt 0.889572 0.195066
vt 0.765190 0.141160
vt 1.084507 0.125121
vt 1.084507 0.395659
vt 0.972447 0.395659
vt 0.806758 0.551707
vt 0.832121 0.681277
vt 0.806758 0.670771
vt 0.832121 0.541201
vt 0.832121 0.681277
vt 0.806758 0.551707
vt 0.807992 0.494553
vt 0.864239 0.240209
vt 0.963287 0.339257
vt 0.708943 0.395505
vt 0.864239 0.240209
vt 0.807992 0.494553
vt 0.510846 0.197408
vt 0.567093 -0.056937
vt 0.666142 0.042112
vt 0.411797 0.098359
vt 0.567093 -0.056937
vt 0.510846 0.197408
vt 1.006089 0.692650
vt 1.062336 0.438306
vt 1.161384 0.537354
vt 0.907040 0.593602
vt 1.062336 0.438306
vt 1.006089 0.692650
vt 0.708943 0.395505
vt 0.765190 0.141160
vt 0.864239 0.240209
vt 0.609895 0.296456
vt 0.765190 0.141160
vt 0.708943 0.395505
vt 0.609895 0.296456
vt 0.666142 0.042112
vt 0.765190 0.141160
vt 0.510846 0.197408
vt 0.666142 0.042112
vt 0.609895 0.296456
vt 0.411797 0.098359
vt 0.468045 -0.155985
vt 0.567093 -0.056937
vt 0.312749 -0.000689
vt 0.468045 -0.155985
vt 0.411797 0.098359
vt 0.907040 0.593602
vt 0.963287 0.339257
vt 1.062336 0.438306
vt 0.807992 0.494553
vt 0.963287 0.339257
vt 0.907040 0.593602
vt 0.995311 0.734531
vt 0.995311 0.639280
vt 0.952952 0.746438
vt 0.952952 0.627373
vt 0.995311 0.615467
vt 0.952952 0.508309
vt 0.952952 0.389244
vt 0.995311 0.496402
vt 0.995311 0.401151
vt 0.952952 0.508309
vt 0.995311 0.496402
vt 0.952952 0.389244
vt 0.952952 0.270180
vt 0.995311 0.377338
vt 0.995311 0.282086
vt 0.952952 0.389244
vt 0.995311 0.377338
vt 0.952952 0.270180
vt 0.952952 0.151116
vt 0.995311 0.258273
vt 0.995311 0.163022
vt 0.952952 0.270180
vt 0.995311 0.258273
vt 0.952952 0.151116
vt 0.952952 0.032051
vt 0.995311 0.139209
vt 0.995311 0.043958
vt 0.952952 0.151116
vt 0.995311 0.139209
vt 0.952952 0.032051
vt 0.766274 0.389244
vt 0.952952 0.270180
vt 0.766274 0.270180
vt 0.952952 0.389244
vt 0.952952 0.270180
vt 0.766274 0.389244
vt 0.995311 0.020145
vt 0.995311 -0.075107
vt 0.952952 0.032051
vt 0.995311 -0.098920
vt 0.995311 -0.194171
vt 0.952952 -0.087013
vt 0.790985 0.162846
vt 0.723632 0.000242
vt 0.628381 0.230199
vt 0.816831 0.129812
vt 0.791468 0.000242
vt 0.816831 0.010747
vt 0.791468 0.140317
vt 0.791468 0.000242
vt 0.816831 0.129812
vt 0.952952 -0.087013
vt 0.766274 -0.087013
vt 0.952952 0.032051
vt 0.952952 0.508309
vt 0.766274 0.508309
vt 0.952952 0.627373
vt 0.766274 0.270180
vt 0.952952 0.151116
vt 0.766274 0.151116
vt 0.952952 0.270180
vt 0.952952 0.151116
vt 0.766274 0.270180
vt 0.952952 -0.206078
vt 0.766274 -0.206078
vt 0.952952 -0.087013
vt 0.952952 0.627373
vt 0.766274 0.627373
vt 0.952952 0.746438
vt 0.766274 0.508309
vt 0.952952 0.389244
vt 0.766274 0.389244
vt 0.952952 0.508309
vt 0.952952 0.389244
vt 0.766274 0.508309
vt 0.766274 0.151116
vt 0.952952 0.032051
vt 0.766274 0.032051
vt 0.952952 0.151116
vt 0.952952 0.032051
vt 0.766274 0.151116
vt 0.755066 0.551707
vt 0.780429 0.681277
vt 0.755066 0.670771
vt 0.780429 0.541201
vt 0.780429 0.681277
vt 0.755066 0.551707
vt 0.780912 0.692266
vt 0.806275 0.821836
vt 0.780912 0.811330
vt 0.806275 0.681760
vt 0.806275 0.821836
vt 0.780912 0.692266
vt 0.806275 0.670771
vt 0.780912 0.541201
vt 0.806275 0.551707
vt 0.780912 0.681277
vt 0.780912 0.541201
vt 0.806275 0.670771
vt 0.729220 0.692266
vt 0.754583 0.821836
vt 0.729220 0.811330
vt 0.754583 0.681760
vt 0.754583 0.821836
vt 0.729220 0.692266
vt 0.780429 0.811330
vt 0.755066 0.681760
vt 0.780429 0.692266
vt 0.755066 0.821836
vt 0.755066 0.681760
vt 0.780429 0.811330
vt 0.729220 0.551707
vt 0.754583 0.681277
vt 0.729220 0.670771
vt 0.754583 0.541201
vt 0.754583 0.681277
vt 0.729220 0.551707
vt 1.084507 0.125121
vt 0.972447 0.395659
vt 0.893208 0.316420
vt 1.084507 0.125121
vt 0.893208 0.316420
vt 0.893208 0.204360
vt 1.084507 0.125121
vt 0.893208 0.204360
vt 0.972447 0.125121
vt 1.163746 0.316420
vt 1.084507 0.125121
vt 1.163746 0.204360
vt 1.084507 0.125121
vt 1.163746 0.316420
vt 1.084507 0.395659
vt 0.561028 0.162846
vt 0.628381 0.230199
vt 0.561028 0.067594
vt 0.628381 0.000242
vt 0.561028 0.067594
vt 0.723632 0.000242
vt 0.790985 0.067594
vt 0.723632 0.000242
vt 0.790985 0.162846
vt 0.723632 0.230199
vt 0.790985 0.162846
vt 0.628381 0.230199
vt 0.561028 0.067594
vt 0.628381 0.230199
vt 0.723632 0.000242
vt 0.952952 0.508309
vt 0.995311 0.401151
vt 0.952952 0.389244
vt 0.952952 0.270180
vt 0.995311 0.377338
vt 0.995311 0.282086
vt 0.952952 0.270180
vt 0.995311 0.163022
vt 0.952952 0.151116
vt 0.952952 0.151116
vt 0.995311 0.043958
vt 0.952952 0.032051
vt 0.952952 0.389244
vt 0.766274 0.270180
vt 0.766274 0.389244
vt 0.952952 0.270180
vt 0.766274 0.151116
vt 0.766274 0.270180
vt 0.952952 0.508309
vt 0.766274 0.389244
vt 0.766274 0.508309
vt 0.952952 0.151116
vt 0.766274 0.032051
vt 0.766274 0.151116
vt 0.952952 0.746438
vt 0.995311 0.639280
vt 0.952952 0.627373
vt 0.952952 0.508309
vt 0.995311 0.615467
vt 0.995311 0.520215
vt 0.952952 0.032051
vt 0.995311 -0.075107
vt 0.952952 -0.087013
vt 0.952952 -0.087013
vt 0.995311 -0.194171
vt 0.952952 -0.206078
vt 0.952952 0.032051
vt 0.766274 -0.087013
vt 0.766274 0.032051
vt 0.952952 0.627373
vt 0.766274 0.508309
vt 0.766274 0.627373
vt 0.952952 -0.087013
vt 0.766274 -0.206078
vt 0.766274 -0.087013
vt 0.952952 0.746438
vt 0.766274 0.627373
vt 0.766274 0.746438
vt 0.277220 0.800685
vt 0.361272 0.865329
vt 0.277220 0.865329
vt 0.361272 0.800685
vt 0.361272 0.865329
vt 0.277220 0.800685
vt 0.361272 0.929974
vt 0.277220 0.865329
vt 0.361272 0.865329
vt 0.277220 0.929974
vt 0.277220 0.865329
vt 0.361272 0.929974
vt 0.830719 0.000235
vt 0.777763 0.084287
vt 0.777763 0.000235
vt 0.795904 0.084287
vt 0.777763 0.084287
vt 0.830719 0.000235
vt 0.915242 0.155243
vt 0.831190 0.053192
vt 0.915242 0.053192
vt 0.831190 0.155243
vt 0.831190 0.053192
vt 0.915242 0.155243
vt 0.500778 0.458849
vt 0.437754 0.360413
vt 0.500778 0.374798
vt 0.401286 0.436141
vt 0.437754 0.360413
vt 0.500778 0.458849
vt 0.678270 0.022944
vt 0.777763 0.084287
vt 0.714739 0.098672
vt 0.777763 0.000235
vt 0.777763 0.084287
vt 0.678270 0.022944
vt 0.636150 0.197220
vt 0.598484 0.086572
vt 0.664198 0.138977
vt 0.554205 0.178517
vt 0.598484 0.086572
vt 0.636150 0.197220
vt 0.915242 0.257294
vt 0.831190 0.155243
vt 0.915242 0.155243
vt 0.831190 0.257294
vt 0.831190 0.155243
vt 0.915242 0.257294
vt 0.664198 0.138977
vt 0.678270 0.022944
vt 0.714739 0.098672
vt 0.598484 0.086572
vt 0.678270 0.022944
vt 0.664198 0.138977
vt 0.321499 0.372513
vt 0.437754 0.360413
vt 0.401286 0.436141
vt 0.387213 0.320108
vt 0.437754 0.360413
vt 0.321499 0.372513
vt 0.277220 0.671395
vt 0.361272 0.736040
vt 0.277220 0.736040
vt 0.361272 0.671395
vt 0.361272 0.736040
vt 0.277220 0.671395
vt 0.277221 0.280568
vt 0.387213 0.320108
vt 0.321499 0.372513
vt 0.359165 0.261865
vt 0.387213 0.320108
vt 0.277221 0.280568
vt 0.277220 0.736040
vt 0.361272 0.800685
vt 0.277220 0.800685
vt 0.361272 0.736040
vt 0.361272 0.800685
vt 0.277220 0.736040
vt 0.915242 0.359345
vt 0.831190 0.257294
vt 0.915242 0.257294
vt 0.831190 0.359345
vt 0.831190 0.257294
vt 0.915242 0.359345
vt 0.915242 0.563447
vt 0.831190 0.461396
vt 0.915242 0.461396
vt 0.831190 0.563447
vt 0.831190 0.461396
vt 0.915242 0.563447
vt 0.915242 0.461396
vt 0.831190 0.359345
vt 0.915242 0.359345
vt 0.831190 0.461396
vt 0.831190 0.359345
vt 0.915242 0.461396
vt 0.636150 0.261865
vt 0.554205 0.178517
vt 0.636150 0.197220
vt 0.554205 0.280568
vt 0.554205 0.178517
vt 0.636150 0.261865
vt 0.277220 0.178517
vt 0.359165 0.261865
vt 0.277221 0.280568
vt 0.359165 0.197220
vt 0.359165 0.261865
vt 0.277220 0.178517
vt 0.714739 0.360413
vt 0.598484 0.372513
vt 0.664198 0.320108
vt 0.678270 0.436141
vt 0.598484 0.372513
vt 0.714739 0.360413
vt 0.664198 0.320108
vt 0.554205 0.280568
vt 0.636150 0.261865
vt 0.598484 0.372513
vt 0.554205 0.280568
vt 0.664198 0.320108
vt 0.321499 0.086572
vt 0.359165 0.197220
vt 0.277220 0.178517
vt 0.387213 0.138977
vt 0.359165 0.197220
vt 0.321499 0.086572
vt 0.277220 0.606750
vt 0.361272 0.671395
vt 0.277220 0.671395
vt 0.361272 0.606750
vt 0.361272 0.671395
vt 0.277220 0.606750
vt 0.277220 0.477461
vt 0.361272 0.542106
vt 0.277220 0.542106
vt 0.361272 0.477461
vt 0.361272 0.542106
vt 0.277220 0.477461
vt 0.401285 0.022944
vt 0.387213 0.138977
vt 0.321499 0.086572
vt 0.437754 0.098672
vt 0.387213 0.138977
vt 0.401285 0.022944
vt 0.277220 0.542106
vt 0.361272 0.606750
vt 0.277220 0.606750
vt 0.361272 0.542106
vt 0.361272 0.606750
vt 0.277220 0.542106
vt 0.915242 0.665498
vt 0.831190 0.563447
vt 0.915242 0.563447
vt 0.831190 0.665498
vt 0.831190 0.563447
vt 0.915242 0.665498
vt 0.795904 0.374798
vt 0.777763 0.458849
vt 0.777763 0.374798
vt 0.830719 0.458849
vt 0.777763 0.458849
vt 0.795904 0.374798
vt 0.915242 0.767550
vt 0.831190 0.665498
vt 0.915242 0.665498
vt 0.831190 0.767550
vt 0.831190 0.665498
vt 0.915242 0.767550
vt 0.777763 0.374798
vt 0.678270 0.436141
vt 0.714739 0.360413
vt 0.777763 0.458849
vt 0.678270 0.436141
vt 0.777763 0.374798
vt 0.500778 0.000235
vt 0.437754 0.098672
vt 0.401285 0.022944
vt 0.500778 0.084287
vt 0.437754 0.098672
vt 0.500778 0.000235
vt 0.578840 0.706343
vt 0.540670 0.741607
vt 0.540670 0.706343
vt 0.578840 0.741607
vt 0.540670 0.741607
vt 0.578840 0.706343
vt 0.361272 0.948115
vt 0.277220 0.929974
vt 0.361272 0.929974
vt 0.277220 0.948115
vt 0.277220 0.929974
vt 0.361272 0.948115
vt 0.831190 0.000235
vt 0.915242 0.053192
vt 0.831190 0.053192
vt 0.915242 0.000236
vt 0.915242 0.053192
vt 0.831190 0.000235
vt 0.518919 0.374798
vt 0.500778 0.458849
vt 0.500778 0.374798
vt 0.553734 0.458849
vt 0.500778 0.458849
vt 0.518919 0.374798
vt 0.540180 0.706343
vt 0.502011 0.741607
vt 0.502011 0.706343
vt 0.540180 0.741607
vt 0.502011 0.741607
vt 0.540180 0.706343
vt 0.553734 0.000235
vt 0.500778 0.084287
vt 0.500778 0.000235
vt 0.518919 0.084287
vt 0.500778 0.084287
vt 0.553734 0.000235
vt 0.277220 0.459320
vt 0.361272 0.477461
vt 0.277220 0.477461
vt 0.361272 0.459320
vt 0.361272 0.477461
vt 0.277220 0.459320
vt 0.915242 0.820506
vt 0.831190 0.767550
vt 0.915242 0.767550
vt 0.831190 0.820506
vt 0.831190 0.767550
vt 0.915242 0.820506
vt 0.221966 0.364869
vt 0.337573 0.410128
vt 0.212593 0.410128
vt 0.328200 0.364868
vt 0.337573 0.410128
vt 0.221966 0.364869
vt 0.596908 0.514922
vt 0.712516 0.560182
vt 0.587535 0.560182
vt 0.703142 0.514922
vt 0.712516 0.560182
vt 0.596908 0.514922
vt 0.346947 0.364868
vt 0.462554 0.410128
vt 0.337573 0.410128
vt 0.453180 0.364868
vt 0.462554 0.410128
vt 0.346947 0.364868
vt 0.471927 0.364868
vt 0.587535 0.410128
vt 0.462554 0.410128
vt 0.578161 0.364868
vt 0.587535 0.410128
vt 0.471927 0.364868
vt 0.596908 0.364868
vt 0.712515 0.410128
vt 0.587535 0.410128
vt 0.703142 0.364868
vt 0.712515 0.410128
vt 0.596908 0.364868
vt 0.221967 0.514922
vt 0.337574 0.560182
vt 0.212593 0.560182
vt 0.328200 0.514923
vt 0.337574 0.560182
vt 0.221967 0.514922
vt 0.346947 0.514923
vt 0.462554 0.560182
vt 0.337574 0.560182
vt 0.453181 0.514923
vt 0.462554 0.560182
vt 0.346947 0.514923
vt 0.471928 0.514923
vt 0.587535 0.560182
vt 0.462554 0.560182
vt 0.578161 0.514923
vt 0.587535 0.560182
vt 0.471928 0.514923
vt 0.221967 0.485077
vt 0.337573 0.439818
vt 0.328200 0.485077
vt 0.212593 0.439818
vt 0.337573 0.439818
vt 0.221967 0.485077
vt 0.596908 0.635132
vt 0.712516 0.589872
vt 0.703142 0.635132
vt 0.587535 0.589872
vt 0.712516 0.589872
vt 0.596908 0.635132
vt 0.346947 0.485077
vt 0.462554 0.439818
vt 0.453180 0.485077
vt 0.337573 0.439818
vt 0.462554 0.439818
vt 0.346947 0.485077
vt 0.471927 0.485077
vt 0.587535 0.439818
vt 0.578161 0.485077
vt 0.462554 0.439818
vt 0.587535 0.439818
vt 0.471927 0.485077
vt 0.596908 0.485077
vt 0.712515 0.439818
vt 0.703142 0.485077
vt 0.587535 0.439818
vt 0.712515 0.439818
vt 0.596908 0.485077
vt 0.221967 0.635132
vt 0.337574 0.589872
vt 0.328200 0.635132
vt 0.212593 0.589872
vt 0.337574 0.589872
vt 0.221967 0.635132
vt 0.346947 0.635132
vt 0.462554 0.589872
vt 0.453181 0.635132
vt 0.337574 0.589872
vt 0.462554 0.589872
vt 0.346947 0.635132
vt 0.471928 0.635132
vt 0.587535 0.589872
vt 0.578161 0.635131
vt 0.462554 0.589872
vt 0.587535 0.589872
vt 0.471928 0.635132
vt 0.712516 0.589872
vt 0.587535 0.560182
vt 0.712516 0.560182
vt 0.587535 0.589872
vt 0.587535 0.560182
vt 0.712516 0.589872
vt 0.596908 0.635132
vt 0.703142 0.649977
vt 0.596908 0.649977
vt 0.703142 0.635132
vt 0.703142 0.649977
vt 0.596908 0.635132
vt 0.587535 0.589872
vt 0.462554 0.560182
vt 0.587535 0.560182
vt 0.462554 0.589872
vt 0.462554 0.560182
vt 0.587535 0.589872
vt 0.471928 0.635132
vt 0.578161 0.649976
vt 0.471928 0.649977
vt 0.578161 0.635131
vt 0.578161 0.649976
vt 0.471928 0.635132
vt 0.462554 0.589872
vt 0.337574 0.560182
vt 0.462554 0.560182
vt 0.337574 0.589872
vt 0.337574 0.560182
vt 0.462554 0.589872
vt 0.346947 0.635132
vt 0.453181 0.649976
vt 0.346947 0.649977
vt 0.453181 0.635132
vt 0.453181 0.649976
vt 0.346947 0.635132
vt 0.337574 0.589872
vt 0.212593 0.560182
vt 0.337574 0.560182
vt 0.212593 0.589872
vt 0.212593 0.560182
vt 0.337574 0.589872
vt 0.712515 0.439818
vt 0.587535 0.410128
vt 0.712515 0.410128
vt 0.587535 0.439818
vt 0.587535 0.410128
vt 0.712515 0.439818
vt 0.221967 0.635132
vt 0.328200 0.649977
vt 0.221967 0.649977
vt 0.328200 0.635132
vt 0.328200 0.649977
vt 0.221967 0.635132
vt 0.596908 0.485077
vt 0.703142 0.499922
vt 0.596908 0.499922
vt 0.703142 0.485077
vt 0.703142 0.499922
vt 0.596908 0.485077
vt 0.587535 0.439818
vt 0.462554 0.410128
vt 0.587535 0.410128
vt 0.462554 0.439818
vt 0.462554 0.410128
vt 0.587535 0.439818
vt 0.471927 0.485077
vt 0.578161 0.499923
vt 0.471927 0.499922
vt 0.578161 0.485077
vt 0.578161 0.499923
vt 0.471927 0.485077
vt 0.462554 0.439818
vt 0.337573 0.410128
vt 0.462554 0.410128
vt 0.337573 0.439818
vt 0.337573 0.410128
vt 0.462554 0.439818
vt 0.346947 0.485077
vt 0.453180 0.499923
vt 0.346947 0.499922
vt 0.453180 0.485077
vt 0.453180 0.499923
vt 0.346947 0.485077
vt 0.337573 0.439818
vt 0.212593 0.410128
vt 0.337573 0.410128
vt 0.212593 0.439818
vt 0.212593 0.410128
vt 0.337573 0.439818
vt 0.221967 0.485077
vt 0.328200 0.499922
vt 0.221967 0.499922
vt 0.328200 0.485077
vt 0.328200 0.499922
vt 0.221967 0.485077
vt 0.221967 0.350024
vt 0.328200 0.364868
vt 0.221966 0.364869
vt 0.328200 0.350023
vt 0.328200 0.364868
vt 0.221967 0.350024
vt 0.346947 0.350023
vt 0.453180 0.364868
vt 0.346947 0.364868
vt 0.453180 0.350023
vt 0.453180 0.364868
vt 0.346947 0.350023
vt 0.471927 0.350023
vt 0.578161 0.364868
vt 0.471927 0.364868
vt 0.578161 0.350023
vt 0.578161 0.364868
vt 0.471927 0.350023
vt 0.596908 0.350023
vt 0.703142 0.364868
vt 0.596908 0.364868
vt 0.703142 0.350023
vt 0.703142 0.364868
vt 0.596908 0.350023
vt 0.221967 0.500077
vt 0.328200 0.514923
vt 0.221967 0.514922
vt 0.328200 0.500077
vt 0.328200 0.514923
vt 0.221967 0.500077
vt 0.346947 0.500078
vt 0.453181 0.514923
vt 0.346947 0.514923
vt 0.453181 0.500078
vt 0.453181 0.514923
vt 0.346947 0.500078
vt 0.471928 0.500078
vt 0.578161 0.514923
vt 0.471928 0.514923
vt 0.578161 0.500078
vt 0.578161 0.514923
vt 0.471928 0.500078
vt 0.596908 0.500077
vt 0.703142 0.514922
vt 0.596908 0.514922
vt 0.703142 0.500077
vt 0.703142 0.514922
vt 0.596908 0.500077
vt -0.139737 0.335886
vt -0.073809 0.446724
vt -0.051354 0.424269
vt -0.162192 0.358341
vt -0.073809 0.446724
vt -0.139737 0.335886
vt -0.316502 0.159120
vt -0.250575 0.269958
vt -0.228119 0.247503
vt -0.338958 0.181576
vt -0.250575 0.269958
vt -0.316502 0.159120
vt 0.302178 0.777800
vt 0.368105 0.888638
vt 0.390560 0.866182
vt 0.279722 0.800255
vt 0.368105 0.888638
vt 0.302178 0.777800
vt 0.125412 0.601034
vt 0.191339 0.711873
vt 0.213795 0.689417
vt 0.102956 0.623490
vt 0.191339 0.711873
vt 0.125412 0.601034
vt -0.051354 0.424269
vt 0.014573 0.535107
vt 0.037029 0.512652
vt -0.073809 0.446724
vt 0.014573 0.535107
vt -0.051354 0.424269
vt -0.228119 0.247503
vt -0.162192 0.358341
vt -0.139737 0.335886
vt -0.250575 0.269958
vt -0.162192 0.358341
vt -0.228119 0.247503
vt 0.213795 0.689417
vt 0.279722 0.800255
vt 0.302178 0.777800
vt 0.191339 0.711873
vt 0.279722 0.800255
vt 0.213795 0.689417
vt 0.037029 0.512652
vt 0.102956 0.623490
vt 0.125412 0.601034
vt 0.014573 0.535107
vt 0.102956 0.623490
vt 0.037029 0.512652
vt -0.228119 0.247503
vt -0.248962 0.131144
vt -0.316502 0.159120
vt -0.200143 0.179963
vt -0.248962 0.131144
vt -0.228119 0.247503
vt -0.139737 0.335886
vt -0.160579 0.219527
vt -0.228119 0.247503
vt -0.111761 0.268345
vt -0.160579 0.219527
vt -0.139737 0.335886
vt -0.051354 0.424269
vt -0.072196 0.307910
vt -0.139737 0.335886
vt -0.023378 0.356728
vt -0.072196 0.307910
vt -0.051354 0.424269
vt 0.037029 0.512652
vt 0.016187 0.396292
vt -0.051354 0.424269
vt 0.065005 0.445111
vt 0.016187 0.396292
vt 0.037029 0.512652
vt 0.125412 0.601034
vt 0.104569 0.484675
vt 0.037029 0.512652
vt 0.153388 0.533494
vt 0.104569 0.484675
vt 0.125412 0.601034
vt 0.213795 0.689417
vt 0.192952 0.573058
vt 0.125412 0.601034
vt 0.241771 0.621877
vt 0.192952 0.573058
vt 0.213795 0.689417
vt 0.302178 0.777800
vt 0.281335 0.661441
vt 0.213795 0.689417
vt 0.330154 0.710259
vt 0.281335 0.661441
vt 0.302178 0.777800
vt 0.390560 0.866182
vt 0.369718 0.749824
vt 0.302178 0.777800
vt 0.418536 0.798642
vt 0.369718 0.749824
vt 0.390560 0.866182
vt 0.554205 0.800685
vt 0.638257 0.865329
vt 0.554205 0.865329
vt 0.638257 0.800685
vt 0.638257 0.865329
vt 0.554205 0.800685
vt 0.638257 0.929974
vt 0.554205 0.865329
vt 0.638257 0.865329
vt 0.554205 0.929974
vt 0.554205 0.865329
vt 0.638257 0.929974
vt 0.276749 0.000235
vt 0.223793 0.084287
vt 0.223793 0.000235
vt 0.241934 0.084287
vt 0.223793 0.084287
vt 0.276749 0.000235
vt 0.915713 0.665499
vt 0.999765 0.767550
vt 0.915713 0.767550
vt 0.999765 0.665499
vt 0.999765 0.767550
vt 0.915713 0.665499
vt 0.223793 0.917934
vt 0.160769 0.819497
vt 0.223793 0.833882
vt 0.124301 0.895225
vt 0.160769 0.819497
vt 0.223793 0.917934
vt 0.124301 0.022944
vt 0.223793 0.084287
vt 0.160769 0.098672
vt 0.223793 0.000235
vt 0.223793 0.084287
vt 0.124301 0.022944
vt 0.082180 0.197220
vt 0.044514 0.086572
vt 0.110228 0.138977
vt 0.000236 0.178517
vt 0.044514 0.086572
vt 0.082180 0.197220
vt 0.915713 0.563448
vt 0.999765 0.665499
vt 0.915713 0.665499
vt 0.999765 0.563447
vt 0.999765 0.665499
vt 0.915713 0.563448
vt 0.110228 0.138977
vt 0.124301 0.022944
vt 0.160769 0.098672
vt 0.044514 0.086572
vt 0.124301 0.022944
vt 0.110228 0.138977
vt 0.044514 0.831598
vt 0.160769 0.819497
vt 0.124301 0.895225
vt 0.110228 0.779192
vt 0.160769 0.819497
vt 0.044514 0.831598
vt 0.554205 0.671395
vt 0.638257 0.736040
vt 0.554205 0.736040
vt 0.638257 0.671395
vt 0.638257 0.736040
vt 0.554205 0.671395
vt 0.000236 0.739653
vt 0.110228 0.779192
vt 0.044514 0.831598
vt 0.082180 0.720949
vt 0.110228 0.779192
vt 0.000236 0.739653
vt 0.554205 0.736040
vt 0.638257 0.800685
vt 0.554205 0.800685
vt 0.638257 0.736040
vt 0.638257 0.800685
vt 0.554205 0.736040
vt 0.915713 0.461396
vt 0.999765 0.563447
vt 0.915713 0.563448
vt 0.999765 0.461396
vt 0.999765 0.563447
vt 0.915713 0.461396
vt 0.915713 0.257294
vt 0.999765 0.359345
vt 0.915713 0.359345
vt 0.999765 0.257294
vt 0.999765 0.359345
vt 0.915713 0.257294
vt 0.915713 0.359345
vt 0.999765 0.461396
vt 0.915713 0.461396
vt 0.999765 0.359345
vt 0.999765 0.461396
vt 0.915713 0.359345
vt 0.082180 0.261865
vt 0.000236 0.178517
vt 0.082180 0.197220
vt 0.000235 0.280568
vt 0.000236 0.178517
vt 0.082180 0.261865
vt 0.000235 0.637601
vt 0.082180 0.720949
vt 0.000236 0.739653
vt 0.082180 0.656305
vt 0.082180 0.720949
vt 0.000235 0.637601
vt 0.160769 0.360413
vt 0.044514 0.372513
vt 0.110228 0.320107
vt 0.124301 0.436141
vt 0.044514 0.372513
vt 0.160769 0.360413
vt 0.110228 0.320107
vt 0.000235 0.280568
vt 0.082180 0.261865
vt 0.044514 0.372513
vt 0.000235 0.280568
vt 0.110228 0.320107
vt 0.044514 0.545656
vt 0.082180 0.656305
vt 0.000235 0.637601
vt 0.110228 0.598062
vt 0.082180 0.656305
vt 0.044514 0.545656
vt 0.554205 0.606750
vt 0.638257 0.671395
vt 0.554205 0.671395
vt 0.638257 0.606750
vt 0.638257 0.671395
vt 0.554205 0.606750
vt 0.554205 0.477461
vt 0.638257 0.542106
vt 0.554205 0.542106
vt 0.638257 0.477461
vt 0.638257 0.542106
vt 0.554205 0.477461
vt 0.124301 0.482029
vt 0.110228 0.598062
vt 0.044514 0.545656
vt 0.160769 0.557757
vt 0.110228 0.598062
vt 0.124301 0.482029
vt 0.554205 0.542106
vt 0.638257 0.606750
vt 0.554205 0.606750
vt 0.638257 0.542106
vt 0.638257 0.606750
vt 0.554205 0.542106
vt 0.915713 0.155243
vt 0.999765 0.257294
vt 0.915713 0.257294
vt 0.999765 0.155243
vt 0.999765 0.257294
vt 0.915713 0.155243
vt 0.241934 0.374798
vt 0.223793 0.458849
vt 0.223793 0.374798
vt 0.276749 0.458849
vt 0.223793 0.458849
vt 0.241934 0.374798
vt 0.915713 0.053192
vt 0.999765 0.155243
vt 0.915713 0.155243
vt 0.999765 0.053192
vt 0.999765 0.155243
vt 0.915713 0.053192
vt 0.223793 0.374798
vt 0.124301 0.436141
vt 0.160769 0.360413
vt 0.223793 0.458849
vt 0.124301 0.436141
vt 0.223793 0.374798
vt 0.223793 0.459320
vt 0.160769 0.557757
vt 0.124301 0.482029
vt 0.223793 0.543372
vt 0.160769 0.557757
vt 0.223793 0.459320
vt 0.638257 0.948115
vt 0.554205 0.929974
vt 0.638257 0.929974
vt 0.554205 0.948115
vt 0.554205 0.929974
vt 0.638257 0.948115
vt 0.999765 0.820506
vt 0.915713 0.767550
vt 0.999765 0.767550
vt 0.915713 0.820506
vt 0.915713 0.767550
vt 0.999765 0.820506
vt 0.241934 0.833882
vt 0.223793 0.917934
vt 0.223793 0.833882
vt 0.276749 0.917934
vt 0.223793 0.917934
vt 0.241934 0.833882
vt 0.276749 0.459320
vt 0.223793 0.543372
vt 0.223793 0.459320
vt 0.241934 0.543372
vt 0.223793 0.543372
vt 0.276749 0.459320
vt 0.554205 0.459320
vt 0.638257 0.477461
vt 0.554205 0.477461
vt 0.638257 0.459320
vt 0.638257 0.477461
vt 0.554205 0.459320
vt 0.915713 0.000235
vt 0.999765 0.053192
vt 0.915713 0.053192
vt 0.999765 0.000235
vt 0.999765 0.053192
vt 0.915713 0.000235
vt 0.277220 0.800685
vt 0.361272 0.865329
vt 0.277220 0.865329
vt 0.361272 0.800685
vt 0.361272 0.865329
vt 0.277220 0.800685
vt 0.361272 0.929974
vt 0.277220 0.865329
vt 0.361272 0.865329
vt 0.277220 0.929974
vt 0.277220 0.865329
vt 0.361272 0.929974
vt 0.830719 0.000235
vt 0.777763 0.084287
vt 0.777763 0.000235
vt 0.795904 0.084287
vt 0.777763 0.084287
vt 0.830719 0.000235
vt 0.915242 0.155243
vt 0.831190 0.053192
vt 0.915242 0.053192
vt 0.831190 0.155243
vt 0.831190 0.053192
vt 0.915242 0.155243
vt 0.500778 0.458849
vt 0.437754 0.360413
vt 0.500778 0.374798
vt 0.401286 0.436141
vt 0.437754 0.360413
vt 0.500778 0.458849
vt 0.678270 0.022944
vt 0.777763 0.084287
vt 0.714739 0.098672
vt 0.777763 0.000235
vt 0.777763 0.084287
vt 0.678270 0.022944
vt 0.636150 0.197220
vt 0.598484 0.086572
vt 0.664198 0.138977
vt 0.554205 0.178517
vt 0.598484 0.086572
vt 0.636150 0.197220
vt 0.915242 0.257294
vt 0.831190 0.155243
vt 0.915242 0.155243
vt 0.831190 0.257294
vt 0.831190 0.155243
vt 0.915242 0.257294
vt 0.664198 0.138977
vt 0.678270 0.022944
vt 0.714739 0.098672
vt 0.598484 0.086572
vt 0.678270 0.022944
vt 0.664198 0.138977
vt 0.321499 0.372513
vt 0.437754 0.360413
vt 0.401286 0.436141
vt 0.387213 0.320108
vt 0.437754 0.360413
vt 0.321499 0.372513
vt 0.277220 0.671395
vt 0.361272 0.736040
vt 0.277220 0.736040
vt 0.361272 0.671395
vt 0.361272 0.736040
vt 0.277220 0.671395
vt 0.277221 0.280568
vt 0.387213 0.320108
vt 0.321499 0.372513
vt 0.359165 0.261865
vt 0.387213 0.320108
vt 0.277221 0.280568
vt 0.277220 0.736040
vt 0.361272 0.800685
vt 0.277220 0.800685
vt 0.361272 0.736040
vt 0.361272 0.800685
vt 0.277220 0.736040
vt 0.915242 0.359345
vt 0.831190 0.257294
vt 0.915242 0.257294
vt 0.831190 0.359345
vt 0.831190 0.257294
vt 0.915242 0.359345
vt 0.915242 0.563447
vt 0.831190 0.461396
vt 0.915242 0.461396
vt 0.831190 0.563447
vt 0.831190 0.461396
vt 0.915242 0.563447
vt 0.915242 0.461396
vt 0.831190 0.359345
vt 0.915242 0.359345
vt 0.831190 0.461396
vt 0.831190 0.359345
vt 0.915242 0.461396
vt 0.636150 0.261865
vt 0.554205 0.178517
vt 0.636150 0.197220
vt 0.554205 0.280568
vt 0.554205 0.178517
vt 0.636150 0.261865
vt 0.277220 0.178517
vt 0.359165 0.261865
vt 0.277221 0.280568
vt 0.359165 0.197220
vt 0.359165 0.261865
vt 0.277220 0.178517
vt 0.714739 0.360413
vt 0.598484 0.372513
vt 0.664198 0.320108
vt 0.678270 0.436141
vt 0.598484 0.372513
vt 0.714739 0.360413
vt 0.664198 0.320108
vt 0.554205 0.280568
vt 0.636150 0.261865
vt 0.598484 0.372513
vt 0.554205 0.280568
vt 0.664198 0.320108
vt 0.321499 0.086572
vt 0.359165 0.197220
vt 0.277220 0.178517
vt 0.387213 0.138977
vt 0.359165 0.197220
vt 0.321499 0.086572
vt 0.277220 0.606750
vt 0.361272 0.671395
vt 0.277220 0.671395
vt 0.361272 0.606750
vt 0.361272 0.671395
vt 0.277220 0.606750
vt 0.277220 0.477461
vt 0.361272 0.542106
vt 0.277220 0.542106
vt 0.361272 0.477461
vt 0.361272 0.542106
vt 0.277220 0.477461
vt 0.401285 0.022944
vt 0.387213 0.138977
vt 0.321499 0.086572
vt 0.437754 0.098672
vt 0.387213 0.138977
vt 0.401285 0.022944
vt 0.277220 0.542106
vt 0.361272 0.606750
vt 0.277220 0.606750
vt 0.361272 0.542106
vt 0.361272 0.606750
vt 0.277220 0.542106
vt 0.915242 0.665498
vt 0.831190 0.563447
vt 0.915242 0.563447
vt 0.831190 0.665498
vt 0.831190 0.563447
vt 0.915242 0.665498
vt 0.795904 0.374798
vt 0.777763 0.458849
vt 0.777763 0.374798
vt 0.830719 0.458849
vt 0.777763 0.458849
vt 0.795904 0.374798
vt 0.915242 0.767550
vt 0.831190 0.665498
vt 0.915242 0.665498
vt 0.831190 0.767550
vt 0.831190 0.665498
vt 0.915242 0.767550
vt 0.777763 0.374798
vt 0.678270 0.436141
vt 0.714739 0.360413
vt 0.777763 0.458849
vt 0.678270 0.436141
vt 0.777763 0.374798
vt 0.500778 0.000235
vt 0.437754 0.098672
vt 0.401285 0.022944
vt 0.500778 0.084287
vt 0.437754 0.098672
vt 0.500778 0.000235
vt 0.578840 0.706343
vt 0.540670 0.741607
vt 0.540670 0.706343
vt 0.578840 0.741607
vt 0.540670 0.741607
vt 0.578840 0.706343
vt 0.361272 0.948115
vt 0.277220 0.929974
vt 0.361272 0.929974
vt 0.277220 0.948115
vt 0.277220 0.929974
vt 0.361272 0.948115
vt 0.831190 0.000235
vt 0.915242 0.053192
vt 0.831190 0.053192
vt 0.915242 0.000236
vt 0.915242 0.053192
vt 0.831190 0.000235
vt 0.518919 0.374798
vt 0.500778 0.458849
vt 0.500778 0.374798
vt 0.553734 0.458849
vt 0.500778 0.458849
vt 0.518919 0.374798
vt 0.540180 0.706343
vt 0.502011 0.741607
vt 0.502011 0.706343
vt 0.540180 0.741607
vt 0.502011 0.741607
vt 0.540180 0.706343
vt 0.553734 0.000235
vt 0.500778 0.084287
vt 0.500778 0.000235
vt 0.518919 0.084287
vt 0.500778 0.084287
vt 0.553734 0.000235
vt 0.277220 0.459320
vt 0.361272 0.477461
vt 0.277220 0.477461
vt 0.361272 0.459320
vt 0.361272 0.477461
vt 0.277220 0.459320
vt 0.915242 0.820506
vt 0.831190 0.767550
vt 0.915242 0.767550
vt 0.831190 0.820506
vt 0.831190 0.767550
vt 0.915242 0.820506
vt 0.221966 0.364869
vt 0.337573 0.410128
vt 0.212593 0.410128
vt 0.328200 0.364868
vt 0.337573 0.410128
vt 0.221966 0.364869
vt 0.596908 0.514922
vt 0.712516 0.560182
vt 0.587535 0.560182
vt 0.703142 0.514922
vt 0.712516 0.560182
vt 0.596908 0.514922
vt 0.346947 0.364868
vt 0.462554 0.410128
vt 0.337573 0.410128
vt 0.453180 0.364868
vt 0.462554 0.410128
vt 0.346947 0.364868
vt 0.471927 0.364868
vt 0.587535 0.410128
vt 0.462554 0.410128
vt 0.578161 0.364868
vt 0.587535 0.410128
vt 0.471927 0.364868
vt 0.596908 0.364868
vt 0.712515 0.410128
vt 0.587535 0.410128
vt 0.703142 0.364868
vt 0.712515 0.410128
vt 0.596908 0.364868
vt 0.221967 0.514922
vt 0.337574 0.560182
vt 0.212593 0.560182
vt 0.328200 0.514923
vt 0.337574 0.560182
vt 0.221967 0.514922
vt 0.346947 0.514923
vt 0.462554 0.560182
vt 0.337574 0.560182
vt 0.453181 0.514923
vt 0.462554 0.560182
vt 0.346947 0.514923
vt 0.471928 0.514923
vt 0.587535 0.560182
vt 0.462554 0.560182
vt 0.578161 0.514923
vt 0.587535 0.560182
vt 0.471928 0.514923
vt 0.221967 0.485077
vt 0.337573 0.439818
vt 0.328200 0.485077
vt 0.212593 0.439818
vt 0.337573 0.439818
vt 0.221967 0.485077
vt 0.596908 0.635132
vt 0.712516 0.589872
vt 0.703142 0.635132
vt 0.587535 0.589872
vt 0.712516 0.589872
vt 0.596908 0.635132
vt 0.346947 0.485077
vt 0.462554 0.439818
vt 0.453180 0.485077
vt 0.337573 0.439818
vt 0.462554 0.439818
vt 0.346947 0.485077
vt 0.471927 0.485077
vt 0.587535 0.439818
vt 0.578161 0.485077
vt 0.462554 0.439818
vt 0.587535 0.439818
vt 0.471927 0.485077
vt 0.596908 0.485077
vt 0.712515 0.439818
vt 0.703142 0.485077
vt 0.587535 0.439818
vt 0.712515 0.439818
vt 0.596908 0.485077
vt 0.221967 0.635132
vt 0.337574 0.589872
vt 0.328200 0.635132
vt 0.212593 0.589872
vt 0.337574 0.589872
vt 0.221967 0.635132
vt 0.346947 0.635132
vt 0.462554 0.589872
vt 0.453181 0.635132
vt 0.337574 0.589872
vt 0.462554 0.589872
vt 0.346947 0.635132
vt 0.471928 0.635132
vt 0.587535 0.589872
vt 0.578161 0.635131
vt 0.462554 0.589872
vt 0.587535 0.589872
vt 0.471928 0.635132
vt 0.712516 0.589872
vt 0.587535 0.560182
vt 0.712516 0.560182
vt 0.587535 0.589872
vt 0.587535 0.560182
vt 0.712516 0.589872
vt 0.596908 0.635132
vt 0.703142 0.649977
vt 0.596908 0.649977
vt 0.703142 0.635132
vt 0.703142 0.649977
vt 0.596908 0.635132
vt 0.587535 0.589872
vt 0.462554 0.560182
vt 0.587535 0.560182
vt 0.462554 0.589872
vt 0.462554 0.560182
vt 0.587535 0.589872
vt 0.471928 0.635132
vt 0.578161 0.649976
vt 0.471928 0.649977
vt 0.578161 0.635131
vt 0.578161 0.649976
vt 0.471928 0.635132
vt 0.462554 0.589872
vt 0.337574 0.560182
vt 0.462554 0.560182
vt 0.337574 0.589872
vt 0.337574 0.560182
vt 0.462554 0.589872
vt 0.346947 0.635132
vt 0.453181 0.649976
vt 0.346947 0.649977
vt 0.453181 0.635132
vt 0.453181 0.649976
vt 0.346947 0.635132
vt 0.337574 0.589872
vt 0.212593 0.560182
vt 0.337574 0.560182
vt 0.212593 0.589872
vt 0.212593 0.560182
vt 0.337574 0.589872
vt 0.712515 0.439818
vt 0.587535 0.410128
vt 0.712515 0.410128
vt 0.587535 0.439818
vt 0.587535 0.410128
vt 0.712515 0.439818
vt 0.221967 0.635132
vt 0.328200 0.649977
vt 0.221967 0.649977
vt 0.328200 0.635132
vt 0.328200 0.649977
vt 0.221967 0.635132
vt 0.596908 0.485077
vt 0.703142 0.499922
vt 0.596908 0.499922
vt 0.703142 0.485077
vt 0.703142 0.499922
vt 0.596908 0.485077
vt 0.587535 0.439818
vt 0.462554 0.410128
vt 0.587535 0.410128
vt 0.462554 0.439818
vt 0.462554 0.410128
vt 0.587535 0.439818
vt 0.471927 0.485077
vt 0.578161 0.499923
vt 0.471927 0.499922
vt 0.578161 0.485077
vt 0.578161 0.499923
vt 0.471927 0.485077
vt 0.462554 0.439818
vt 0.337573 0.410128
vt 0.462554 0.410128
vt 0.337573 0.439818
vt 0.337573 0.410128
vt 0.462554 0.439818
vt 0.346947 0.485077
vt 0.453180 0.499923
vt 0.346947 0.499922
vt 0.453180 0.485077
vt 0.453180 0.499923
vt 0.346947 0.485077
vt 0.337573 0.439818
vt 0.212593 0.410128
vt 0.337573 0.410128
vt 0.212593 0.439818
vt 0.212593 0.410128
vt 0.337573 0.439818
vt 0.221967 0.485077
vt 0.328200 0.499922
vt 0.221967 0.499922
vt 0.328200 0.485077
vt 0.328200 0.499922
vt 0.221967 0.485077
vt 0.221967 0.350024
vt 0.328200 0.364868
vt 0.221966 0.364869
vt 0.328200 0.350023
vt 0.328200 0.364868
vt 0.221967 0.350024
vt 0.346947 0.350023
vt 0.453180 0.364868
vt 0.346947 0.364868
vt 0.453180 0.350023
vt 0.453180 0.364868
vt 0.346947 0.350023
vt 0.471927 0.350023
vt 0.578161 0.364868
vt 0.471927 0.364868
vt 0.578161 0.350023
vt 0.578161 0.364868
vt 0.471927 0.350023
vt 0.596908 0.350023
vt 0.703142 0.364868
vt 0.596908 0.364868
vt 0.703142 0.350023
vt 0.703142 0.364868
vt 0.596908 0.350023
vt 0.221967 0.500077
vt 0.328200 0.514923
vt 0.221967 0.514922
vt 0.328200 0.500077
vt 0.328200 0.514923
vt 0.221967 0.500077
vt 0.346947 0.500078
vt 0.453181 0.514923
vt 0.346947 0.514923
vt 0.453181 0.500078
vt 0.453181 0.514923
vt 0.346947 0.500078
vt 0.471928 0.500078
vt 0.578161 0.514923
vt 0.471928 0.514923
vt 0.578161 0.500078
vt 0.578161 0.514923
vt 0.471928 0.500078
vt 0.596908 0.500077
vt 0.703142 0.514922
vt 0.596908 0.514922
vt 0.703142 0.500077
vt 0.703142 0.514922
vt 0.596908 0.500077
vt -0.139737 0.335886
vt -0.073809 0.446724
vt -0.051354 0.424269
vt -0.162192 0.358341
vt -0.073809 0.446724
vt -0.139737 0.335886
vt -0.316502 0.159120
vt -0.250575 0.269958
vt -0.228119 0.247503
vt -0.338958 0.181576
vt -0.250575 0.269958
vt -0.316502 0.159120
vt 0.302178 0.777800
vt 0.368105 0.888638
vt 0.390560 0.866182
vt 0.279722 0.800255
vt 0.368105 0.888638
vt 0.302178 0.777800
vt 0.125412 0.601034
vt 0.191339 0.711873
vt 0.213795 0.689417
vt 0.102956 0.623490
vt 0.191339 0.711873
vt 0.125412 0.601034
vt -0.051354 0.424269
vt 0.014573 0.535107
vt 0.037029 0.512652
vt -0.073809 0.446724
vt 0.014573 0.535107
vt -0.051354 0.424269
vt -0.228119 0.247503
vt -0.162192 0.358341
vt -0.139737 0.335886
vt -0.250575 0.269958
vt -0.162192 0.358341
vt -0.228119 0.247503
vt 0.213795 0.689417
vt 0.279722 0.800255
vt 0.302178 0.777800
vt 0.191339 0.711873
vt 0.279722 0.800255
vt 0.213795 0.689417
vt 0.037029 0.512652
vt 0.102956 0.623490
vt 0.125412 0.601034
vt 0.014573 0.535107
vt 0.102956 0.623490
vt 0.037029 0.512652
vt -0.228119 0.247503
vt -0.248962 0.131144
vt -0.316502 0.159120
vt -0.200143 0.179963
vt -0.248962 0.131144
vt -0.228119 0.247503
vt -0.139737 0.335886
vt -0.160579 0.219527
vt -0.228119 0.247503
vt -0.111761 0.268345
vt -0.160579 0.219527
vt -0.139737 0.335886
vt -0.051354 0.424269
vt -0.072196 0.307910
vt -0.139737 0.335886
vt -0.023378 0.356728
vt -0.072196 0.307910
vt -0.051354 0.424269
vt 0.037029 0.512652
vt 0.016187 0.396292
vt -0.051354 0.424269
vt 0.065005 0.445111
vt 0.016187 0.396292
vt 0.037029 0.512652
vt 0.125412 0.601034
vt 0.104569 0.484675
vt 0.037029 0.512652
vt 0.153388 0.533494
vt 0.104569 0.484675
vt 0.125412 0.601034
vt 0.213795 0.689417
vt 0.192952 0.573058
vt 0.125412 0.601034
vt 0.241771 0.621877
vt 0.192952 0.573058
vt 0.213795 0.689417
vt 0.302178 0.777800
vt 0.281335 0.661441
vt 0.213795 0.689417
vt 0.330154 0.710259
vt 0.281335 0.661441
vt 0.302178 0.777800
vt 0.390560 0.866182
vt 0.369718 0.749824
vt 0.302178 0.777800
vt 0.418536 0.798642
vt 0.369718 0.749824
vt 0.390560 0.866182
vt 0.554205 0.800685
vt 0.638257 0.865329
vt 0.554205 0.865329
vt 0.638257 0.800685
vt 0.638257 0.865329
vt 0.554205 0.800685
vt 0.638257 0.929974
vt 0.554205 0.865329
vt 0.638257 0.865329
vt 0.554205 0.929974
vt 0.554205 0.865329
vt 0.638257 0.929974
vt 0.276749 0.000235
vt 0.223793 0.084287
vt 0.223793 0.000235
vt 0.241934 0.084287
vt 0.223793 0.084287
vt 0.276749 0.000235
vt 0.915713 0.665499
vt 0.999765 0.767550
vt 0.915713 0.767550
vt 0.999765 0.665499
vt 0.999765 0.767550
vt 0.915713 0.665499
vt 0.223793 0.917934
vt 0.160769 0.819497
vt 0.223793 0.833882
vt 0.124301 0.895225
vt 0.160769 0.819497
vt 0.223793 0.917934
vt 0.124301 0.022944
vt 0.223793 0.084287
vt 0.160769 0.098672
vt 0.223793 0.000235
vt 0.223793 0.084287
vt 0.124301 0.022944
vt 0.082180 0.197220
vt 0.044514 0.086572
vt 0.110228 0.138977
vt 0.000236 0.178517
vt 0.044514 0.086572
vt 0.082180 0.197220
vt 0.915713 0.563448
vt 0.999765 0.665499
vt 0.915713 0.665499
vt 0.999765 0.563447
vt 0.999765 0.665499
vt 0.915713 0.563448
vt 0.110228 0.138977
vt 0.124301 0.022944
vt 0.160769 0.098672
vt 0.044514 0.086572
vt 0.124301 0.022944
vt 0.110228 0.138977
vt 0.044514 0.831598
vt 0.160769 0.819497
vt 0.124301 0.895225
vt 0.110228 0.779192
vt 0.160769 0.819497
vt 0.044514 0.831598
vt 0.554205 0.671395
vt 0.638257 0.736040
vt 0.554205 0.736040
vt 0.638257 0.671395
vt 0.638257 0.736040
vt 0.554205 0.671395
vt 0.000236 0.739653
vt 0.110228 0.779192
vt 0.044514 0.831598
vt 0.082180 0.720949
vt 0.110228 0.779192
vt 0.000236 0.739653
vt 0.554205 0.736040
vt 0.638257 0.800685
vt 0.554205 0.800685
vt 0.638257 0.736040
vt 0.638257 0.800685
vt 0.554205 0.736040
vt 0.915713 0.461396
vt 0.999765 0.563447
vt 0.915713 0.563448
vt 0.999765 0.461396
vt 0.999765 0.563447
vt 0.915713 0.461396
vt 0.915713 0.257294
vt 0.999765 0.359345
vt 0.915713 0.359345
vt 0.999765 0.257294
vt 0.999765 0.359345
vt 0.915713 0.257294
vt 0.915713 0.359345
vt 0.999765 0.461396
vt 0.915713 0.461396
vt 0.999765 0.359345
vt 0.999765 0.461396
vt 0.915713 0.359345
vt 0.082180 0.261865
vt 0.000236 0.178517
vt 0.082180 0.197220
vt 0.000235 0.280568
vt 0.000236 0.178517
vt 0.082180 0.261865
vt 0.000235 0.637601
vt 0.082180 0.720949
vt 0.000236 0.739653
vt 0.082180 0.656305
vt 0.082180 0.720949
vt 0.000235 0.637601
vt 0.160769 0.360413
vt 0.044514 0.372513
vt 0.110228 0.320107
vt 0.124301 0.436141
vt 0.044514 0.372513
vt 0.160769 0.360413
vt 0.110228 0.320107
vt 0.000235 0.280568
vt 0.082180 0.261865
vt 0.044514 0.372513
vt 0.000235 0.280568
vt 0.110228 0.320107
vt 0.044514 0.545656
vt 0.082180 0.656305
vt 0.000235 0.637601
vt 0.110228 0.598062
vt 0.082180 0.656305
vt 0.044514 0.545656
vt 0.554205 0.606750
vt 0.638257 0.671395
vt 0.554205 0.671395
vt 0.638257 0.606750
vt 0.638257 0.671395
vt 0.554205 0.606750
vt 0.554205 0.477461
vt 0.638257 0.542106
vt 0.554205 0.542106
vt 0.638257 0.477461
vt 0.638257 0.542106
vt 0.554205 0.477461
vt 0.124301 0.482029
vt 0.110228 0.598062
vt 0.044514 0.545656
vt 0.160769 0.557757
vt 0.110228 0.598062
vt 0.124301 0.482029
vt 0.554205 0.542106
vt 0.638257 0.606750
vt 0.554205 0.606750
vt 0.638257 0.542106
vt 0.638257 0.606750
vt 0.554205 0.542106
vt 0.915713 0.155243
vt 0.999765 0.257294
vt 0.915713 0.257294
vt 0.999765 0.155243
vt 0.999765 0.257294
vt 0.915713 0.155243
vt 0.241934 0.374798
vt 0.223793 0.458849
vt 0.223793 0.374798
vt 0.276749 0.458849
vt 0.223793 0.458849
vt 0.241934 0.374798
vt 0.915713 0.053192
vt 0.999765 0.155243
vt 0.915713 0.155243
vt 0.999765 0.053192
vt 0.999765 0.155243
vt 0.915713 0.053192
vt 0.223793 0.374798
vt 0.124301 0.436141
vt 0.160769 0.360413
vt 0.223793 0.458849
vt 0.124301 0.436141
vt 0.223793 0.374798
vt 0.223793 0.459320
vt 0.160769 0.557757
vt 0.124301 0.482029
vt 0.223793 0.543372
vt 0.160769 0.557757
vt 0.223793 0.459320
vt 0.638257 0.948115
vt 0.554205 0.929974
vt 0.638257 0.929974
vt 0.554205 0.948115
vt 0.554205 0.929974
vt 0.638257 0.948115
vt 0.999765 0.820506
vt 0.915713 0.767550
vt 0.999765 0.767550
vt 0.915713 0.820506
vt 0.915713 0.767550
vt 0.999765 0.820506
vt 0.241934 0.833882
vt 0.223793 0.917934
vt 0.223793 0.833882
vt 0.276749 0.917934
vt 0.223793 0.917934
vt 0.241934 0.833882
vt 0.276749 0.459320
vt 0.223793 0.543372
vt 0.223793 0.459320
vt 0.241934 0.543372
vt 0.223793 0.543372
vt 0.276749 0.459320
vt 0.554205 0.459320
vt 0.638257 0.477461
vt 0.554205 0.477461
vt 0.638257 0.459320
vt 0.638257 0.477461
vt 0.554205 0.459320
vt 0.915713 0.000235
vt 0.999765 0.053192
vt 0.915713 0.053192
vt 0.999765 0.000235
vt 0.999765 0.053192
vt 0.915713 0.000235
vt 0.782788 0.620212
vt 0.999835 0.293034
vt 0.784920 0.385077
vt 0.999835 0.707062
vt 0.999835 0.293034
vt 0.782788 0.620212
vt 0.379809 0.782825
vt 0.707063 0.999893
vt 0.614992 0.784990
vt 0.292931 0.999900
vt 0.707063 0.999893
vt 0.379809 0.782825
vt 0.217193 0.379782
vt 0.000100 0.707039
vt 0.215034 0.614978
vt 0.000122 0.292906
vt 0.000100 0.707039
vt 0.217193 0.379782
vt 0.620173 0.217202
vt 0.292960 0.000100
vt 0.385011 0.215016
vt 0.707070 0.000151
vt 0.292960 0.000100
vt 0.620173 0.217202
vt 0.784920 0.385077
vt 0.707070 0.000151
vt 0.620173 0.217202
vt 0.999835 0.293034
vt 0.707070 0.000151
vt 0.784920 0.385077
vt 0.614992 0.784990
vt 0.999835 0.707062
vt 0.782788 0.620212
vt 0.707063 0.999893
vt 0.999835 0.707062
vt 0.614992 0.784990
vt 0.215034 0.614978
vt 0.292931 0.999900
vt 0.379809 0.782825
vt 0.000100 0.707039
vt 0.292931 0.999900
vt 0.215034 0.614978
vt 0.385011 0.215016
vt 0.000122 0.292906
vt 0.217193 0.379782
vt 0.292960 0.000100
vt 0.000122 0.292906
vt 0.385011 0.215016
vt 0.371659 0.444846
vt 0.215034 0.614978
vt 0.370287 0.551778
vt 0.217193 0.379782
vt 0.215034 0.614978
vt 0.371659 0.444846
vt 0.555090 0.371614
vt 0.385011 0.215016
vt 0.448216 0.370216
vt 0.620173 0.217202
vt 0.385011 0.215016
vt 0.555090 0.371614
vt 0.629629 0.448264
vt 0.620173 0.217202
vt 0.555090 0.371614
vt 0.784920 0.385077
vt 0.620173 0.217202
vt 0.629629 0.448264
vt 0.551797 0.629793
vt 0.782788 0.620212
vt 0.628342 0.555200
vt 0.614992 0.784990
vt 0.782788 0.620212
vt 0.551797 0.629793
vt 0.370287 0.551778
vt 0.379809 0.782825
vt 0.444905 0.628378
vt 0.215034 0.614978
vt 0.379809 0.782825
vt 0.370287 0.551778
vt 0.448216 0.370216
vt 0.217193 0.379782
vt 0.371659 0.444846
vt 0.385011 0.215016
vt 0.217193 0.379782
vt 0.448216 0.370216
vt 0.628342 0.555200
vt 0.784920 0.385077
vt 0.629629 0.448264
vt 0.782788 0.620212
vt 0.784920 0.385077
vt 0.628342 0.555200
vt 0.444905 0.628378
vt 0.614992 0.784990
vt 0.551797 0.629793
vt 0.379809 0.782825
vt 0.614992 0.784990
vt 0.444905 0.628378
vt 0.782788 0.620212
vt 0.999835 0.293034
vt 0.784920 0.385077
vt 0.999835 0.707062
vt 0.999835 0.293034
vt 0.782788 0.620212
vt 0.379809 0.782825
vt 0.707063 0.999893
vt 0.614992 0.784990
vt 0.292931 0.999900
vt 0.707063 0.999893
vt 0.379809 0.782825
vt 0.217193 0.379782
vt 0.000100 0.707039
vt 0.215034 0.614978
vt 0.000122 0.292906
vt 0.000100 0.707039
vt 0.217193 0.379782
vt 0.620173 0.217202
vt 0.292960 0.000100
vt 0.385011 0.215016
vt 0.707070 0.000151
vt 0.292960 0.000100
vt 0.620173 0.217202
vt 0.784920 0.385077
vt 0.707070 0.000151
vt 0.620173 0.217202
vt 0.999835 0.293034
vt 0.707070 0.000151
vt 0.784920 0.385077
vt 0.614992 0.784990
vt 0.999835 0.707062
vt 0.782788 0.620212
vt 0.707063 0.999893
vt 0.999835 0.707062
vt 0.614992 0.784990
vt 0.215034 0.614978
vt 0.292931 0.999900
vt 0.379809 0.782825
vt 0.000100 0.707039
vt 0.292931 0.999900
vt 0.215034 0.614978
vt 0.385011 0.215016
vt 0.000122 0.292906
vt 0.217193 0.379782
vt 0.292960 0.000100
vt 0.000122 0.292906
vt 0.385011 0.215016
vt 0.371659 0.444846
vt 0.215034 0.614978
vt 0.370287 0.551778
vt 0.217193 0.379782
vt 0.215034 0.614978
vt 0.371659 0.444846
vt 0.555090 0.371614
vt 0.385011 0.215016
vt 0.448216 0.370216
vt 0.620173 0.217202
vt 0.385011 0.215016
vt 0.555090 0.371614
vt 0.629629 0.448264
vt 0.620173 0.217202
vt 0.555090 0.371614
vt 0.784920 0.385077
vt 0.620173 0.217202
vt 0.629629 0.448264
vt 0.551797 0.629793
vt 0.782788 0.620212
vt 0.628342 0.555200
vt 0.614992 0.784990
vt 0.782788 0.620212
vt 0.551797 0.629793
vt 0.370287 0.551778
vt 0.379809 0.782825
vt 0.444905 0.628378
vt 0.215034 0.614978
vt 0.379809 0.782825
vt 0.370287 0.551778
vt 0.448216 0.370216
vt 0.217193 0.379782
vt 0.371659 0.444846
vt 0.385011 0.215016
vt 0.217193 0.379782
vt 0.448216 0.370216
vt 0.628342 0.555200
vt 0.784920 0.385077
vt 0.629629 0.448264
vt 0.782788 0.620212
vt 0.784920 0.385077
vt 0.628342 0.555200
vt 0.444905 0.628378
vt 0.614992 0.784990
vt 0.551797 0.629793
vt 0.379809 0.782825
vt 0.614992 0.784990
vt 0.444905 0.628378
vt 0.919097 0.500000
vt 0.842448 0.583318
vt 0.919097 0.583318
vt 0.842448 0.500000
vt 0.842448 0.583318
vt 0.919097 0.500000
vt 0.425380 0.375023
vt 0.375093 0.479171
vt 0.425380 0.500000
vt 0.375093 0.395853
vt 0.375093 0.479171
vt 0.425380 0.375023
vt 0.919097 0.333365
vt 0.842448 0.416682
vt 0.919097 0.416682
vt 0.842448 0.333365
vt 0.842448 0.416682
vt 0.919097 0.333365
vt 0.919097 0.166729
vt 0.842448 0.250047
vt 0.919097 0.250047
vt 0.842448 0.166729
vt 0.842448 0.250047
vt 0.919097 0.166729
vt 0.919097 0.000093
vt 0.842448 0.083411
vt 0.919097 0.083411
vt 0.842448 0.000093
vt 0.842448 0.083411
vt 0.919097 0.000093
vt 0.919097 0.583318
vt 0.842448 0.666636
vt 0.919097 0.666636
vt 0.842448 0.583318
vt 0.842448 0.666636
vt 0.919097 0.583318
vt 0.919097 0.416682
vt 0.842448 0.500000
vt 0.919097 0.500000
vt 0.842448 0.416682
vt 0.842448 0.500000
vt 0.919097 0.416682
vt 0.919097 0.250047
vt 0.842448 0.333365
vt 0.919097 0.333365
vt 0.842448 0.250047
vt 0.842448 0.333365
vt 0.919097 0.250047
vt 0.919097 0.083411
vt 0.842448 0.166729
vt 0.919097 0.166729
vt 0.842448 0.083411
vt 0.842448 0.166729
vt 0.919097 0.083411
vt 0.425380 0.125070
vt 0.375093 0.229217
vt 0.425380 0.250047
vt 0.375093 0.145900
vt 0.375093 0.229217
vt 0.425380 0.125070
vt 0.425380 0.749953
vt 0.375093 0.854101
vt 0.425380 0.874930
vt 0.375093 0.770783
vt 0.375093 0.854101
vt 0.425380 0.749953
vt 0.425380 0.500000
vt 0.375093 0.604147
vt 0.425380 0.624977
vt 0.375093 0.520829
vt 0.375093 0.604147
vt 0.425380 0.500000
vt 0.425380 0.250047
vt 0.375093 0.354194
vt 0.425380 0.375023
vt 0.375093 0.270876
vt 0.375093 0.354194
vt 0.425380 0.250047
vt 0.425380 0.000093
vt 0.375093 0.104241
vt 0.425380 0.125070
vt 0.375093 0.020923
vt 0.375093 0.104241
vt 0.425380 0.000093
vt 0.425380 0.874930
vt 0.375094 0.979077
vt 0.425380 0.999907
vt 0.375093 0.895759
vt 0.375094 0.979077
vt 0.425380 0.874930
vt 0.425380 0.624977
vt 0.375093 0.729124
vt 0.425380 0.749953
vt 0.375093 0.645806
vt 0.375093 0.729124
vt 0.425380 0.624977
vt 0.540354 0.874930
vt 0.425380 0.999907
vt 0.540354 0.999907
vt 0.425380 0.874930
vt 0.425380 0.999907
vt 0.540354 0.874930
vt 0.540354 0.624977
vt 0.425380 0.749953
vt 0.540354 0.749953
vt 0.425380 0.624977
vt 0.425380 0.749953
vt 0.540354 0.624977
vt 0.540354 0.375023
vt 0.425380 0.500000
vt 0.540354 0.500000
vt 0.425380 0.375023
vt 0.425380 0.500000
vt 0.540354 0.375023
vt 0.540354 0.125070
vt 0.425380 0.250047
vt 0.540354 0.250047
vt 0.425380 0.125070
vt 0.425380 0.250047
vt 0.540354 0.125070
vt 0.540354 0.749953
vt 0.425380 0.874930
vt 0.540354 0.874930
vt 0.425380 0.749953
vt 0.425380 0.874930
vt 0.540354 0.749953
vt 0.540354 0.500000
vt 0.425380 0.624977
vt 0.540354 0.624977
vt 0.425380 0.500000
vt 0.425380 0.624977
vt 0.540354 0.500000
vt 0.540354 0.250047
vt 0.425380 0.375023
vt 0.540354 0.375023
vt 0.425380 0.250047
vt 0.425380 0.375023
vt 0.540354 0.250047
vt 0.540354 0.000093
vt 0.425380 0.125070
vt 0.540354 0.125070
vt 0.425380 0.000093
vt 0.425380 0.125070
vt 0.540354 0.000093
vt 0.628912 0.301814
vt 0.842261 0.213442
vt 0.540540 0.088465
vt 0.842261 0.088465
vt 0.753889 0.000093
vt 0.842261 0.213442
vt 0.753889 0.301814
vt 0.842261 0.213442
vt 0.628912 0.301814
vt 0.540540 0.213442
vt 0.628912 0.301814
vt 0.540540 0.088465
vt 0.628912 0.000093
vt 0.540540 0.088465
vt 0.753889 0.000093
vt 0.842261 0.213442
vt 0.753889 0.000093
vt 0.540540 0.088465
vt 0.919097 0.500000
vt 0.842448 0.583318
vt 0.919097 0.583318
vt 0.842448 0.500000
vt 0.842448 0.583318
vt 0.919097 0.500000
vt 0.425380 0.375023
vt 0.375093 0.479171
vt 0.425380 0.500000
vt 0.375093 0.395853
vt 0.375093 0.479171
vt 0.425380 0.375023
vt 0.919097 0.333365
vt 0.842448 0.416682
vt 0.919097 0.416682
vt 0.842448 0.333365
vt 0.842448 0.416682
vt 0.919097 0.333365
vt 0.919097 0.166729
vt 0.842448 0.250047
vt 0.919097 0.250047
vt 0.842448 0.166729
vt 0.842448 0.250047
vt 0.919097 0.166729
vt 0.919097 0.000093
vt 0.842448 0.083411
vt 0.919097 0.083411
vt 0.842448 0.000093
vt 0.842448 0.083411
vt 0.919097 0.000093
vt 0.919097 0.583318
vt 0.842448 0.666636
vt 0.919097 0.666636
vt 0.842448 0.583318
vt 0.842448 0.666636
vt 0.919097 0.583318
vt 0.919097 0.416682
vt 0.842448 0.500000
vt 0.919097 0.500000
vt 0.842448 0.416682
vt 0.842448 0.500000
vt 0.919097 0.416682
vt 0.919097 0.250047
vt 0.842448 0.333365
vt 0.919097 0.333365
vt 0.842448 0.250047
vt 0.842448 0.333365
vt 0.919097 0.250047
vt 0.919097 0.083411
vt 0.842448 0.166729
vt 0.919097 0.166729
vt 0.842448 0.083411
vt 0.842448 0.166729
vt 0.919097 0.083411
vt 0.425380 0.125070
vt 0.375093 0.229217
vt 0.425380 0.250047
vt 0.375093 0.145900
vt 0.375093 0.229217
vt 0.425380 0.125070
vt 0.425380 0.749953
vt 0.375093 0.854101
vt 0.425380 0.874930
vt 0.375093 0.770783
vt 0.375093 0.854101
vt 0.425380 0.749953
vt 0.425380 0.500000
vt 0.375093 0.604147
vt 0.425380 0.624977
vt 0.375093 0.520829
vt 0.375093 0.604147
vt 0.425380 0.500000
vt 0.425380 0.250047
vt 0.375093 0.354194
vt 0.425380 0.375023
vt 0.375093 0.270876
vt 0.375093 0.354194
vt 0.425380 0.250047
vt 0.425380 0.000093
vt 0.375093 0.104241
vt 0.425380 0.125070
vt 0.375093 0.020923
vt 0.375093 0.104241
vt 0.425380 0.000093
vt 0.425380 0.874930
vt 0.375094 0.979077
vt 0.425380 0.999907
vt 0.375093 0.895759
vt 0.375094 0.979077
vt 0.425380 0.874930
vt 0.425380 0.624977
vt 0.375093 0.729124
vt 0.425380 0.749953
vt 0.375093 0.645806
vt 0.375093 0.729124
vt 0.425380 0.624977
vt 0.540354 0.874930
vt 0.425380 0.999907
vt 0.540354 0.999907
vt 0.425380 0.874930
vt 0.425380 0.999907
vt 0.540354 0.874930
vt 0.540354 0.624977
vt 0.425380 0.749953
vt 0.540354 0.749953
vt 0.425380 0.624977
vt 0.425380 0.749953
vt 0.540354 0.624977
vt 0.540354 0.375023
vt 0.425380 0.500000
vt 0.540354 0.500000
vt 0.425380 0.375023
vt 0.425380 0.500000
vt 0.540354 0.375023
vt 0.540354 0.125070
vt 0.425380 0.250047
vt 0.540354 0.250047
vt 0.425380 0.125070
vt 0.425380 0.250047
vt 0.540354 0.125070
vt 0.540354 0.749953
vt 0.425380 0.874930
vt 0.540354 0.874930
vt 0.425380 0.749953
vt 0.425380 0.874930
vt 0.540354 0.749953
vt 0.540354 0.500000
vt 0.425380 0.624977
vt 0.540354 0.624977
vt 0.425380 0.500000
vt 0.425380 0.624977
vt 0.540354 0.500000
vt 0.540354 0.250047
vt 0.425380 0.375023
vt 0.540354 0.375023
vt 0.425380 0.250047
vt 0.425380 0.375023
vt 0.540354 0.250047
vt 0.540354 0.000093
vt 0.425380 0.125070
vt 0.540354 0.125070
vt 0.425380 0.000093
vt 0.425380 0.125070
vt 0.540354 0.000093
vt 0.628912 0.301814
vt 0.842261 0.213442
vt 0.540540 0.088465
vt 0.842261 0.088465
vt 0.753889 0.000093
vt 0.842261 0.213442
vt 0.753889 0.301814
vt 0.842261 0.213442
vt 0.628912 0.301814
vt 0.540540 0.213442
vt 0.628912 0.301814
vt 0.540540 0.088465
vt 0.628912 0.000093
vt 0.540540 0.088465
vt 0.753889 0.000093
vt 0.842261 0.213442
vt 0.753889 0.000093
vt 0.540540 0.088465

vn -0.281085 -0.678598 0.678599
vn -0.281085 -0.678598 0.678599
vn -0.281085 -0.678598 0.678599
vn -0.281084 -0.678598 0.678599
vn -0.281084 -0.678598 0.678599
vn -0.281084 -0.678598 0.678599
vn -0.678598 -0.678598 0.281085
vn -0.678598 -0.678598 0.281085
vn -0.678598 -0.678598 0.281085
vn -0.678599 -0.678598 0.281085
vn -0.678599 -0.678598 0.281085
vn -0.678599 -0.678598 0.281085
vn -0.678599 -0.678598 -0.281085
vn -0.678599 -0.678598 -0.281085
vn -0.678599 -0.678598 -0.281085
vn -0.678597 -0.678599 -0.281085
vn -0.678597 -0.678599 -0.281085
vn -0.678597 -0.678599 -0.281085
vn -0.281084 -0.678598 -0.678598
vn -0.281084 -0.678598 -0.678598
vn -0.281084 -0.678598 -0.678598
vn -0.281085 -0.678598 -0.678598
vn -0.281085 -0.678598 -0.678598
vn -0.281085 -0.678598 -0.678598
vn 0.281085 -0.678598 -0.678598
vn 0.281085 -0.678598 -0.678598
vn 0.281085 -0.678598 -0.678598
vn 0.281085 -0.678598 -0.678599
vn 0.281085 -0.678598 -0.678599
vn 0.281085 -0.678598 -0.678599
vn 0.678598 -0.678598 -0.281084
vn 0.678598 -0.678598 -0.281084
vn 0.678598 -0.678598 -0.281084
vn 0.678598 -0.678598 -0.281085
vn 0.678598 -0.678598 -0.281085
vn 0.678598 -0.678598 -0.281085
vn -0.382683 0.000000 -0.923880
vn -0.382683 0.000000 -0.923880
vn -0.382683 0.000000 -0.923880
vn -0.382683 0.000000 -0.923880
vn -0.382683 0.000000 -0.923880
vn -0.382683 0.000000 -0.923880
vn 0.678599 -0.678598 0.281085
vn 0.678599 -0.678598 0.281085
vn 0.678599 -0.678598 0.281085
vn 0.678598 -0.678599 0.281085
vn 0.678598 -0.678599 0.281085
vn 0.678598 -0.678599 0.281085
vn 0.281085 -0.678598 0.678598
vn 0.281085 -0.678598 0.678598
vn 0.281085 -0.678598 0.678598
vn 0.281085 -0.678598 0.678599
vn 0.281085 -0.678598 0.678599
vn 0.281085 -0.678598 0.678599
vn -0.000000 -1.000000 0.000000
vn -0.000000 -1.000000 0.000000
vn -0.000000 -1.000000 0.000000
vn 0.000000 1.000000 0.000000
vn 0.000000 1.000000 0.000000
vn 0.000000 1.000000 0.000000
vn -0.000000 1.000000 0.000000
vn -0.000000 1.000000 0.000000
vn -0.000000 1.000000 0.000000
vn 0.923880 0.000000 0.382683
vn 0.923880 0.000000 0.382683
vn 0.923880 0.000000 0.382683
vn 0.923880 0.000000 0.382683
vn 0.923880 0.000000 0.382683
vn 0.923880 0.000000 0.382683
vn -0.923880 0.000000 0.382684
vn -0.923880 0.000000 0.382684
vn -0.923880 0.000000 0.382684
vn -0.923880 0.000000 0.382683
vn -0.923880 0.000000 0.382683
vn -0.923880 0.000000 0.382683
vn 0.382683 0.000000 -0.923879
vn 0.382683 0.000000 -0.923879
vn 0.382683 0.000000 -0.923879
vn 0.382683 0.000000 -0.923880
vn 0.382683 0.000000 -0.923880
vn 0.382683 0.000000 -0.923880
vn 0.382684 0.000000 0.923880
vn 0.382684 0.000000 0.923880
vn 0.382684 0.000000 0.923880
vn 0.382684 0.000000 0.923880
vn 0.382684 0.000000 0.923880
vn 0.382684 0.000000 0.923880
vn -0.382683 0.000000 0.923880
vn -0.382683 0.000000 0.923880
vn -0.382683 0.000000 0.923880
vn -0.382683 0.000000 0.923880
vn -0.382683 0.000000 0.923880
vn -0.382683 0.000000 0.923880
vn -0.923880 0.000000 -0.382684
vn -0.923880 0.000000 -0.382684
vn -0.923880 0.000000 -0.382684
vn -0.923880 0.000000 -0.382683
vn -0.923880 0.000000 -0.382683
vn -0.923880 0.000000 -0.382683
vn 0.923880 0.000000 -0.382683
vn 0.923880 0.000000 -0.382683
vn 0.923880 0.000000 -0.382683
vn 0.923880 0.000000 -0.382683
vn 0.923880 0.000000 -0.382683
vn 0.923880 0.000000 -0.382683
vn 0.281085 0.678599 -0.678598
vn 0.281085 0.678599 -0.678598
vn 0.281085 0.678599 -0.678598
vn 0.281084 0.678598 -0.678599
vn 0.281084 0.678598 -0.678599
vn 0.281084 0.678598 -0.678599
vn 0.678599 0.678598 -0.281085
vn 0.678599 0.678598 -0.281085
vn 0.678599 0.678598 -0.281085
vn 0.678598 0.678599 -0.281084
vn 0.678598 0.678599 -0.281084
vn 0.678598 0.678599 -0.281084
vn 0.678598 0.678599 0.281085
vn 0.678598 0.678599 0.281085
vn 0.678598 0.678599 0.281085
vn 0.281085 0.678599 0.678598
vn 0.281085 0.678599 0.678598
vn 0.281085 0.678599 0.678598
vn -0.281084 0.678598 0.678598
vn -0.281084 0.678598 0.678598
vn -0.281084 0.678598 0.678598
vn -0.678598 0.678599 0.281085
vn -0.678598 0.678599 0.281085
vn -0.678598 0.678599 0.281085
vn 0.382683 0.000000 0.923880
vn 0.382683 0.000000 0.923880
vn 0.382683 0.000000 0.923880
vn -0.678599 0.678598 -0.281084
vn -0.678599 0.678598 -0.281084
vn -0.678599 0.678598 -0.281084
vn -0.678598 0.678599 -0.281085
vn -0.678598 0.678599 -0.281085
vn -0.678598 0.678599 -0.281085
vn -0.281084 0.678598 -0.678599
vn -0.281084 0.678598 -0.678599
vn -0.281084 0.678598 -0.678599
vn -0.281085 0.678599 -0.678598
vn -0.281085 0.678599 -0.678598
vn -0.281085 0.678599 -0.678598
vn 0.000000 1.000000 0.000000
vn 0.000000 1.000000 0.000000
vn 0.000000 1.000000 0.000000
vn -0.000000 1.000000 0.000000
vn -0.000000 1.000000 0.000000
vn -0.000000 1.000000 0.000000
vn -0.000000 1.000000 0.000000
vn -0.000000 1.000000 0.000000
vn -0.000000 1.000000 0.000000
vn -0.923880 0.000000 -0.382683
vn -0.923880 0.000000 -0.382683
vn -0.923880 0.000000 -0.382683
vn -0.923880 0.000000 -0.382683
vn -0.923880 0.000000 -0.382683
vn -0.923880 0.000000 -0.382683
vn 0.923879 0.000000 -0.382684
vn 0.923879 0.000000 -0.382684
vn 0.923879 0.000000 -0.382684
vn 0.923880 0.000000 -0.382683
vn 0.923880 0.000000 -0.382683
vn 0.923880 0.000000 -0.382683
vn -0.382684 0.000000 0.923879
vn -0.382684 0.000000 0.923879
vn -0.382684 0.000000 0.923879
vn -0.382683 0.000000 -0.923880
vn -0.382683 0.000000 -0.923880
vn -0.382683 0.000000 -0.923880
vn -0.382684 0.000000 -0.923879
vn -0.382684 0.000000 -0.923879
vn -0.382684 0.000000 -0.923879
vn 0.382683 0.000000 -0.923880
vn 0.382683 0.000000 -0.923880
vn 0.382683 0.000000 -0.923880
vn 0.382683 0.000000 -0.923880
vn 0.382683 0.000000 -0.923880
vn 0.382683 0.000000 -0.923880
vn 0.923880 0.000000 0.382683
vn 0.923880 0.000000 0.382683
vn 0.923880 0.000000 0.382683
vn -0.923880 0.000000 0.382683
vn -0.923880 0.000000 0.382683
vn -0.923880 0.000000 0.382683
vn -0.000000 1.000000 0.000000
vn -0.000000 1.000000 0.000000
vn -0.000000 1.000000 0.000000
vn -0.000001 1.000000 0.000000
vn -0.000001 1.000000 0.000000
vn -0.000001 1.000000 0.000000
vn -0.000001 1.000000 0.000000
vn -0.000001 1.000000 0.000000
vn -0.000001 1.000000 0.000000
vn -0.000000 1.000000 0.000000
vn -0.000000 1.000000 0.000000
vn -0.000000 1.000000 0.000000
vn -0.000000 1.000000 0.000000
vn -0.000000 1.000000 0.000000
vn -0.000000 1.000000 0.000000
vn -0.000000 1.000000 0.000000
vn -0.000000 1.000000 0.000000
vn -0.000000 1.000000 0.000000
vn -0.000000 1.000000 0.000000
vn -0.000000 1.000000 0.000000
vn -0.000000 1.000000 0.000000
vn 0.000000 1.000000 0.000000
vn 0.000000 1.000000 0.000000
vn 0.000000 1.000000 0.000000
vn -0.000000 1.000000 0.000000
vn -0.000000 1.000000 0.000000
vn -0.000000 1.000000 0.000000
vn 0.000001 1.000000 0.000000
vn 0.000001 1.000000 0.000000
vn 0.000001 1.000000 0.000000
vn -0.000000 1.000000 0.000000
vn -0.000000 1.000000 0.000000
vn -0.000000 1.000000 0.000000
vn -0.000000 1.000000 0.000000
vn -0.000000 1.000000 0.000000
vn -0.000000 1.000000 0.000000
vn -0.000000 -1.000000 0.000000
vn -0.000000 -1.000000 0.000000
vn -0.000000 -1.000000 0.000000
vn -0.000000 -1.000000 0.000000
vn -0.000000 -1.000000 0.000000
vn -0.000000 -1.000000 0.000000
vn -0.000000 -1.000000 0.000000
vn -0.000000 -1.000000 0.000000
vn -0.000000 -1.000000 0.000000
vn -0.000000 -1.000000 0.000000
vn -0.000000 -1.000000 0.000000
vn -0.000000 -1.000000 0.000000
vn -0.000000 -1.000000 0.000000
vn -0.000000 -1.000000 0.000000
vn -0.000000 -1.000000 0.000000
vn -0.000000 1.000000 0.000000
vn -0.000000 1.000000 0.000000
vn -0.000000 1.000000 0.000000
vn -0.000001 1.000000 0.000000
vn -0.000001 1.000000 0.000000
vn -0.000001 1.000000 0.000000
vn -0.000000 1.000000 0.000000
vn -0.000000 1.000000 0.000000
vn -0.000000 1.000000 0.000000
vn -0.000001 1.000000 0.000000
vn -0.000001 1.000000 0.000000
vn -0.000001 1.000000 0.000000
vn -0.000000 1.000000 0.000000
vn -0.000000 1.000000 0.000000
vn -0.000000 1.000000 0.000000
vn -0.281085 -0.678598 0.678598
vn -0.281085 -0.678598 0.678598
vn -0.281085 -0.678598 0.678598
vn -0.281085 -0.678598 0.678599
vn -0.281085 -0.678598 0.678599
vn -0.281085 -0.678598 0.678599
vn -0.678598 -0.678598 0.281085
vn -0.678598 -0.678598 0.281085
vn -0.678598 -0.678598 0.281085
vn -0.678598 -0.678599 0.281085
vn -0.678598 -0.678599 0.281085
vn -0.678598 -0.678599 0.281085
vn -0.678598 -0.678598 -0.281085
vn -0.678598 -0.678598 -0.281085
vn -0.678598 -0.678598 -0.281085
vn -0.678598 -0.678598 -0.281085
vn -0.678598 -0.678598 -0.281085
vn -0.678598 -0.678598 -0.281085
vn -0.281084 -0.678598 -0.678599
vn -0.281084 -0.678598 -0.678599
vn -0.281084 -0.678598 -0.678599
vn -0.281085 -0.678598 -0.678598
vn -0.281085 -0.678598 -0.678598
vn -0.281085 -0.678598 -0.678598
vn 0.281085 -0.678599 -0.678598
vn 0.281085 -0.678599 -0.678598
vn 0.281085 -0.678599 -0.678598
vn 0.281085 -0.678598 -0.678599
vn 0.281085 -0.678598 -0.678599
vn 0.281085 -0.678598 -0.678599
vn 0.678599 -0.678598 -0.281085
vn 0.678599 -0.678598 -0.281085
vn 0.678599 -0.678598 -0.281085
vn 0.678599 -0.678598 -0.281085
vn 0.678599 -0.678598 -0.281085
vn 0.678599 -0.678598 -0.281085
vn -0.382683 0.000000 -0.923880
vn -0.382683 0.000000 -0.923880
vn -0.382683 0.000000 -0.923880
vn -0.382683 0.000000 -0.923880
vn -0.382683 0.000000 -0.923880
vn -0.382683 0.000000 -0.923880
vn 0.678599 -0.678598 0.281085
vn 0.678599 -0.678598 0.281085
vn 0.678599 -0.678598 0.281085
vn 0.678599 -0.678598 0.281085
vn 0.678599 -0.678598 0.281085
vn 0.678599 -0.678598 0.281085
vn 0.281085 -0.678598 0.678599
vn 0.281085 -0.678598 0.678599
vn 0.281085 -0.678598 0.678599
vn 0.281085 -0.678598 0.678599
vn 0.281085 -0.678598 0.678599
vn 0.281085 -0.678598 0.678599
vn -0.000000 -1.000000 0.000000
vn -0.000000 -1.000000 0.000000
vn -0.000000 -1.000000 0.000000
vn -0.000000 1.000000 0.000000
vn -0.000000 1.000000 0.000000
vn -0.000000 1.000000 0.000000
vn 0.000000 1.000000 0.000000
vn 0.000000 1.000000 0.000000
vn 0.000000 1.000000 0.000000
vn 0.923880 0.000000 0.382683
vn 0.923880 0.000000 0.382683
vn 0.923880 0.000000 0.382683
vn 0.923880 0.000000 0.382683
vn 0.923880 0.000000 0.382683
vn 0.923880 0.000000 0.382683
vn -0.923879 0.000000 0.382684
vn -0.923879 0.000000 0.382684
vn -0.923879 0.000000 0.382684
vn -0.923880 0.000000 0.382683
vn -0.923880 0.000000 0.382683
vn -0.923880 0.000000 0.382683
vn 0.382684 0.000000 -0.923879
vn 0.382684 0.000000 -0.923879
vn 0.382684 0.000000 -0.923879
vn 0.382684 0.000000 -0.923879
vn 0.382684 0.000000 -0.923879
vn 0.382684 0.000000 -0.923879
vn 0.382684 0.000000 0.923879
vn 0.382684 0.000000 0.923879
vn 0.382684 0.000000 0.923879
vn 0.382684 0.000000 0.923880
vn 0.382684 0.000000 0.923880
vn 0.382684 0.000000 0.923880
vn -0.382683 0.000000 0.923880
vn -0.382683 0.000000 0.923880
vn -0.382683 0.000000 0.923880
vn -0.382684 0.000000 0.923880
vn -0.382684 0.000000 0.923880
vn -0.382684 0.000000 0.923880
vn -0.923880 0.000000 -0.382683
vn -0.923880 0.000000 -0.382683
vn -0.923880 0.000000 -0.382683
vn -0.923879 0.000000 -0.382684
vn -0.923879 0.000000 -0.382684
vn -0.923879 0.000000 -0.382684
vn 0.923880 0.000000 -0.382683
vn 0.923880 0.000000 -0.382683
vn 0.923880 0.000000 -0.382683
vn 0.923880 0.000000 -0.382684
vn 0.923880 0.000000 -0.382684
vn 0.923880 0.000000 -0.382684
vn 0.281086 0.678598 -0.678598
vn 0.281086 0.678598 -0.678598
vn 0.281086 0.678598 -0.678598
vn 0.678598 0.678599 -0.281085
vn 0.678598 0.678599 -0.281085
vn 0.678598 0.678599 -0.281085
vn 0.678599 0.678597 0.281085
vn 0.678599 0.678597 0.281085
vn 0.678599 0.678597 0.281085
vn 0.678597 0.678599 0.281085
vn 0.678597 0.678599 0.281085
vn 0.678597 0.678599 0.281085
vn 0.281085 0.678598 0.678598
vn 0.281085 0.678598 0.678598
vn 0.281085 0.678598 0.678598
vn 0.281083 0.678599 0.678598
vn 0.281083 0.678599 0.678598
vn 0.281083 0.678599 0.678598
vn -0.281085 0.678598 0.678599
vn -0.281085 0.678598 0.678599
vn -0.281085 0.678598 0.678599
vn -0.281085 0.678599 0.678598
vn -0.281085 0.678599 0.678598
vn -0.281085 0.678599 0.678598
vn -0.678599 0.678598 0.281084
vn -0.678599 0.678598 0.281084
vn -0.678599 0.678598 0.281084
vn -0.678598 0.678598 0.281084
vn -0.678598 0.678598 0.281084
vn -0.678598 0.678598 0.281084
vn 0.382683 0.000000 0.923880
vn 0.382683 0.000000 0.923880
vn 0.382683 0.000000 0.923880
vn 0.382683 0.000000 0.923880
vn 0.382683 0.000000 0.923880
vn 0.382683 0.000000 0.923880
vn -0.678599 0.678598 -0.281084
vn -0.678599 0.678598 -0.281084
vn -0.678599 0.678598 -0.281084
vn -0.281084 0.678598 -0.678598
vn -0.281084 0.678598 -0.678598
vn -0.281084 0.678598 -0.678598
vn -0.000000 1.000000 0.000000
vn -0.000000 1.000000 0.000000
vn -0.000000 1.000000 0.000000
vn -0.000001 1.000000 0.000000
vn -0.000001 1.000000 0.000000
vn -0.000001 1.000000 0.000000
vn -0.000000 1.000000 0.000000
vn -0.000000 1.000000 0.000000
vn -0.000000 1.000000 0.000000
vn -0.923880 0.000000 -0.382683
vn -0.923880 0.000000 -0.382683
vn -0.923880 0.000000 -0.382683
vn 0.923880 0.000000 -0.382683
vn 0.923880 0.000000 -0.382683
vn 0.923880 0.000000 -0.382683
vn -0.382683 0.000000 0.923880
vn -0.382683 0.000000 0.923880
vn -0.382683 0.000000 0.923880
vn -0.382683 0.000000 0.923880
vn -0.382683 0.000000 0.923880
vn -0.382683 0.000000 0.923880
vn -0.382683 0.000000 -0.923880
vn -0.382683 0.000000 -0.923880
vn -0.382683 0.000000 -0.923880
vn 0.382683 0.000000 -0.923880
vn 0.382683 0.000000 -0.923880
vn 0.382683 0.000000 -0.923880
vn 0.923879 0.000000 0.382684
vn 0.923879 0.000000 0.382684
vn 0.923879 0.000000 0.382684
vn 0.923880 0.000000 0.382683
vn 0.923880 0.000000 0.382683
vn 0.923880 0.000000 0.382683
vn -0.923880 0.000000 0.382683
vn -0.923880 0.000000 0.382683
vn -0.923880 0.000000 0.382683
vn -0.923880 0.000000 0.382683
vn -0.923880 0.000000 0.382683
vn -0.923880 0.000000 0.382683
vn -0.000000 1.000000 0.000000
vn -0.000000 1.000000 0.000000
vn -0.000000 1.000000 0.000000
vn 0.000001 1.000000 0.000000
vn 0.000001 1.000000 0.000000
vn 0.000001 1.000000 0.000000
vn -0.000000 1.000000 0.000000
vn -0.000000 1.000000 0.000000
vn -0.000000 1.000000 0.000000
vn -0.000000 1.000000 0.000000
vn -0.000000 1.000000 0.000000
vn -0.000000 1.000000 0.000000
vn 0.000001 1.000000 0.000000
vn 0.000001 1.000000 0.000000
vn 0.000001 1.000000 0.000000
vn -0.000001 1.000000 0.000000
vn -0.000001 1.000000 0.000000
vn -0.000001 1.000000 0.000000
vn -0.000001 1.000000 0.000000
vn -0.000001 1.000000 0.000000
vn -0.000001 1.000000 0.000000
vn -0.000000 1.000000 0.000000
vn -0.000000 1.000000 0.000000
vn -0.000000 1.000000 0.000000
vn -0.000000 1.000000 0.000000
vn -0.000000 1.000000 0.000000
vn -0.000000 1.000000 0.000000
vn -0.000001 1.000000 0.000000
vn -0.000001 1.000000 0.000000
vn -0.000001 1.000000 0.000000
vn -0.000001 1.000000 0.000000
vn -0.000001 1.000000 0.000000
vn -0.000001 1.000000 0.000000
vn -0.000000 1.000000 0.000000
vn -0.000000 1.000000 0.000000
vn -0.000000 1.000000 0.000000
vn -0.000000 -1.000000 0.000000
vn -0.000000 -1.000000 0.000000
vn -0.000000 -1.000000 0.000000
vn -0.000000 -1.000000 0.000000
vn -0.000000 -1.000000 0.000000
vn -0.000000 -1.000000 0.000000
vn -0.000000 -1.000000 0.000000
vn -0.000000 -1.000000 0.000000
vn -0.000000 -1.000000 0.000000
vn -0.000000 -1.000000 0.000000
vn -0.000000 -1.000000 0.000000
vn -0.000000 -1.000000 0.000000
vn -0.000000 -1.000000 0.000000
vn -0.000000 -1.000000 0.000000
vn -0.000000 -1.000000 0.000000
vn -0.000000 1.000000 0.000000
vn -0.000000 1.000000 0.000000
vn -0.000000 1.000000 0.000000
vn -0.000000 1.000000 0.000000
vn -0.000000 1.000000 0.000000
vn -0.000000 1.000000 0.000000
vn -0.000000 1.000000 0.000000
vn -0.000000 1.000000 0.000000
vn -0.000000 1.000000 0.000000
vn -0.000000 1.000000 0.000000
vn -0.000000 1.000000 0.000000
vn -0.000000 1.000000 0.000000
vn -0.000000 1.000000 0.000000
vn -0.000000 1.000000 0.000000
vn -0.000000 1.000000 0.000000
vn 0.678598 0.678599 0.281085
vn 0.678598 0.678599 0.281085
vn 0.678598 0.678599 0.281085
vn 0.281084 0.678598 0.678598
vn 0.281084 0.678598 0.678598
vn 0.281084 0.678598 0.678598
vn -0.281084 0.678599 0.678598
vn -0.281084 0.678599 0.678598
vn -0.281084 0.678599 0.678598
vn -0.678598 0.678598 0.281085
vn -0.678598 0.678598 0.281085
vn -0.678598 0.678598 0.281085
vn 0.382683 0.000000 0.923880
vn 0.382683 0.000000 0.923880
vn 0.382683 0.000000 0.923880
vn -0.382683 0.000000 0.923880
vn -0.382683 0.000000 0.923880
vn -0.382683 0.000000 0.923880
vn 0.923879 0.000000 0.382684
vn 0.923879 0.000000 0.382684
vn 0.923879 0.000000 0.382684
vn -0.923880 0.000000 0.382683
vn -0.923880 0.000000 0.382683
vn -0.923880 0.000000 0.382683
vn 0.281084 0.678599 -0.678598
vn 0.281084 0.678599 -0.678598
vn 0.281084 0.678599 -0.678598
vn 0.678599 0.678598 -0.281084
vn 0.678599 0.678598 -0.281084
vn 0.678599 0.678598 -0.281084
vn -0.678598 0.678598 -0.281085
vn -0.678598 0.678598 -0.281085
vn -0.678598 0.678598 -0.281085
vn -0.281085 0.678598 -0.678599
vn -0.281085 0.678598 -0.678599
vn -0.281085 0.678598 -0.678599
vn -0.923880 0.000000 -0.382683
vn -0.923880 0.000000 -0.382683
vn -0.923880 0.000000 -0.382683
vn 0.923879 0.000000 -0.382684
vn 0.923879 0.000000 -0.382684
vn 0.923879 0.000000 -0.382684
vn -0.382683 0.000000 -0.923880
vn -0.382683 0.000000 -0.923880
vn -0.382683 0.000000 -0.923880
vn 0.382683 0.000000 -0.923880
vn 0.382683 0.000000 -0.923880
vn 0.382683 0.000000 -0.923880
vn -0.623490 0.000000 0.781832
vn -0.623490 0.000000 0.781832
vn -0.623490 0.000000 0.781832
vn -0.623489 0.000000 0.781832
vn -0.623489 0.000000 0.781832
vn -0.623489 0.000000 0.781832
vn -0.222521 0.000000 0.974928
vn -0.222521 0.000000 0.974928
vn -0.222521 0.000000 0.974928
vn -0.222521 0.000000 0.974928
vn -0.222521 0.000000 0.974928
vn -0.222521 0.000000 0.974928
vn -0.000000 1.000000 0.000000
vn -0.000000 1.000000 0.000000
vn -0.000000 1.000000 0.000000
vn -0.000000 1.000000 0.000000
vn -0.000000 1.000000 0.000000
vn -0.000000 1.000000 0.000000
vn 0.222521 0.000000 -0.974928
vn 0.222521 0.000000 -0.974928
vn 0.222521 0.000000 -0.974928
vn 0.222521 0.000000 -0.974928
vn 0.222521 0.000000 -0.974928
vn 0.222521 0.000000 -0.974928
vn -0.000000 -1.000000 0.000000
vn -0.000000 -1.000000 0.000000
vn -0.000000 -1.000000 0.000000
vn -0.000000 -1.000000 0.000000
vn -0.000000 -1.000000 0.000000
vn -0.000000 -1.000000 0.000000
vn -0.000000 1.000000 0.000000
vn -0.000000 1.000000 0.000000
vn -0.000000 1.000000 0.000000
vn -0.000000 1.000000 0.000000
vn -0.000000 1.000000 0.000000
vn -0.000000 1.000000 0.000000
vn -0.000001 1.000000 0.000000
vn -0.000001 1.000000 0.000000
vn -0.000001 1.000000 0.000000
vn -0.000000 1.000000 0.000000
vn -0.000000 1.000000 0.000000
vn -0.000000 1.000000 0.000000
vn 0.623490 0.000000 -0.781831
vn 0.623490 0.000000 -0.781831
vn 0.623490 0.000000 -0.781831
vn 0.623489 0.000000 -0.781832
vn 0.623489 0.000000 -0.781832
vn 0.623489 0.000000 -0.781832
vn -0.000000 1.000000 0.000000
vn -0.000000 1.000000 0.000000
vn -0.000000 1.000000 0.000000
vn -0.000000 1.000000 0.000000
vn -0.000000 1.000000 0.000000
vn -0.000000 1.000000 0.000000
vn -0.000000 -1.000000 0.000000
vn -0.000000 -1.000000 0.000000
vn -0.000000 -1.000000 0.000000
vn -0.000000 -1.000000 0.000000
vn -0.000000 -1.000000 0.000000
vn -0.000000 -1.000000 0.000000
vn -1.000000 0.000000 0.000000
vn -1.000000 0.000000 0.000000
vn -1.000000 0.000000 0.000000
vn -1.000000 0.000000 0.000000
vn -1.000000 0.000000 0.000000
vn -1.000000 0.000000 0.000000
vn 0.000000 -1.000000 0.000000
vn 0.000000 -1.000000 0.000000
vn 0.000000 -1.000000 0.000000
vn -0.000000 -1.000000 0.000000
vn -0.000000 -1.000000 0.000000
vn -0.000000 -1.000000 0.000000
vn -0.900968 0.000000 0.433885
vn -0.900968 0.000000 0.433885
vn -0.900968 0.000000 0.433885
vn -0.900968 0.000000 0.433885
vn -0.900968 0.000000 0.433885
vn -0.900968 0.000000 0.433885
vn 0.900969 0.000000 -0.433882
vn 0.900969 0.000000 -0.433882
vn 0.900969 0.000000 -0.433882
vn 0.900969 0.000000 -0.433884
vn 0.900969 0.000000 -0.433884
vn 0.900969 0.000000 -0.433884
vn 0.900969 0.000000 0.433884
vn 0.900969 0.000000 0.433884
vn 0.900969 0.000000 0.433884
vn 0.900969 0.000000 0.433883
vn 0.900969 0.000000 0.433883
vn 0.900969 0.000000 0.433883
vn 1.000000 0.000000 0.000000
vn 1.000000 0.000000 0.000000
vn 1.000000 0.000000 0.000000
vn 1.000000 0.000000 0.000000
vn 1.000000 0.000000 0.000000
vn 1.000000 0.000000 0.000000
vn 0.000000 1.000000 0.000000
vn 0.000000 1.000000 0.000000
vn 0.000000 1.000000 0.000000
vn -0.000000 1.000000 0.000000
vn -0.000000 1.000000 0.000000
vn -0.000000 1.000000 0.000000
vn 0.000001 -1.000000 0.000000
vn 0.000001 -1.000000 0.000000
vn 0.000001 -1.000000 0.000000
vn -0.000002 -1.000000 0.000000
vn -0.000002 -1.000000 0.000000
vn -0.000002 -1.000000 0.000000
vn -0.000001 1.000000 0.000000
vn -0.000001 1.000000 0.000000
vn -0.000001 1.000000 0.000000
vn -0.000000 1.000000 0.000000
vn -0.000000 1.000000 0.000000
vn -0.000000 1.000000 0.000000
vn 0.000000 1.000000 0.000000
vn 0.000000 1.000000 0.000000
vn 0.000000 1.000000 0.000000
vn 0.000000 1.000000 0.000000
vn 0.000000 1.000000 0.000000
vn 0.000000 1.000000 0.000000
vn 0.000000 -1.000000 0.000000
vn 0.000000 -1.000000 0.000000
vn 0.000000 -1.000000 0.000000
vn 0.000002 -1.000000 0.000000
vn 0.000002 -1.000000 0.000000
vn 0.000002 -1.000000 0.000000
vn -0.900968 0.000000 -0.433885
vn -0.900968 0.000000 -0.433885
vn -0.900968 0.000000 -0.433885
vn -0.900968 0.000000 -0.433885
vn -0.900968 0.000000 -0.433885
vn -0.900968 0.000000 -0.433885
vn -0.222521 0.000000 -0.974928
vn -0.222521 0.000000 -0.974928
vn -0.222521 0.000000 -0.974928
vn -0.222521 0.000000 -0.974928
vn -0.222521 0.000000 -0.974928
vn -0.222521 0.000000 -0.974928
vn -0.000000 -1.000000 0.000000
vn -0.000000 -1.000000 0.000000
vn -0.000000 -1.000000 0.000000
vn -0.000000 -1.000000 0.000000
vn -0.000000 -1.000000 0.000000
vn -0.000000 -1.000000 0.000000
vn -0.623490 0.000000 -0.781832
vn -0.623490 0.000000 -0.781832
vn -0.623490 0.000000 -0.781832
vn -0.623489 0.000000 -0.781832
vn -0.623489 0.000000 -0.781832
vn -0.623489 0.000000 -0.781832
vn 0.623491 0.000000 0.781830
vn 0.623491 0.000000 0.781830
vn 0.623491 0.000000 0.781830
vn 0.623490 0.000000 0.781831
vn 0.623490 0.000000 0.781831
vn 0.623490 0.000000 0.781831
vn -0.000000 1.000000 0.000000
vn -0.000000 1.000000 0.000000
vn -0.000000 1.000000 0.000000
vn -0.000000 1.000000 0.000000
vn -0.000000 1.000000 0.000000
vn -0.000000 1.000000 0.000000
vn 0.222520 0.000000 0.974928
vn 0.222520 0.000000 0.974928
vn 0.222520 0.000000 0.974928
vn 0.222521 0.000000 0.974928
vn 0.222521 0.000000 0.974928
vn 0.222521 0.000000 0.974928
vn -0.000000 1.000000 0.000000
vn -0.000000 1.000000 0.000000
vn -0.000000 1.000000 0.000000
vn -0.000000 1.000000 0.000000
vn -0.000000 1.000000 0.000000
vn -0.000000 1.000000 0.000000
vn -0.000000 -1.000000 0.000000
vn -0.000000 -1.000000 0.000000
vn -0.000000 -1.000000 0.000000
vn -0.000000 -1.000000 0.000000
vn -0.000000 -1.000000 0.000000
vn -0.000000 -1.000000 0.000000
vn -0.923879 0.000000 0.382684
vn -0.923879 0.000000 0.382684
vn -0.923879 0.000000 0.382684
vn -0.923880 0.000000 0.382682
vn -0.923880 0.000000 0.382682
vn -0.923880 0.000000 0.382682
vn -0.000000 0.000000 1.000000
vn -0.000000 0.000000 1.000000
vn -0.000000 0.000000 1.000000
vn -0.000000 0.000000 1.000000
vn -0.000000 0.000000 1.000000
vn -0.000000 0.000000 1.000000
vn -0.000000 0.000000 -1.000000
vn -0.000000 0.000000 -1.000000
vn -0.000000 0.000000 -1.000000
vn -0.000000 0.000000 -1.000000
vn -0.000000 0.000000 -1.000000
vn -0.000000 0.000000 -1.000000
vn -0.000000 -1.000000 0.000000
vn -0.000000 -1.000000 0.000000
vn -0.000000 -1.000000 0.000000
vn -0.000000 -1.000000 0.000000
vn -0.000000 -1.000000 0.000000
vn -0.000000 -1.000000 0.000000
vn -0.923879 0.000000 -0.382684
vn -0.923879 0.000000 -0.382684
vn -0.923879 0.000000 -0.382684
vn -0.923880 0.000000 -0.382682
vn -0.923880 0.000000 -0.382682
vn -0.923880 0.000000 -0.382682
vn -0.000000 -1.000000 0.000000
vn -0.000000 -1.000000 0.000000
vn -0.000000 -1.000000 0.000000
vn -0.000000 -1.000000 0.000000
vn -0.000000 -1.000000 0.000000
vn -0.000000 -1.000000 0.000000
vn 0.000003 0.000000 -1.000000
vn 0.000003 0.000000 -1.000000
vn 0.000003 0.000000 -1.000000
vn 0.000003 0.000000 -1.000000
vn 0.000003 0.000000 -1.000000
vn 0.000003 0.000000 -1.000000
vn -0.000001 0.000000 1.000000
vn -0.000001 0.000000 1.000000
vn -0.000001 0.000000 1.000000
vn -0.000001 0.000000 1.000000
vn -0.000001 0.000000 1.000000
vn -0.000001 0.000000 1.000000
vn -0.000000 -1.000000 0.000000
vn -0.000000 -1.000000 0.000000
vn -0.000000 -1.000000 0.000000
vn -0.000000 -1.000000 0.000000
vn -0.000000 -1.000000 0.000000
vn -0.000000 -1.000000 0.000000
vn -0.000000 -1.000000 0.000000
vn -0.000000 -1.000000 0.000000
vn -0.000000 -1.000000 0.000000
vn -0.000000 -1.000000 0.000000
vn -0.000000 -1.000000 0.000000
vn -0.000000 -1.000000 0.000000
vn 0.000000 -1.000000 0.000000
vn 0.000000 -1.000000 0.000000
vn 0.000000 -1.000000 0.000000
vn -0.000000 -1.000000 0.000000
vn -0.000000 -1.000000 0.000000
vn -0.000000 -1.000000 0.000000
vn -0.000000 -1.000000 0.000000
vn -0.000000 -1.000000 0.000000
vn -0.000000 -1.000000 0.000000
vn -0.000000 -1.000000 0.000000
vn -0.000000 -1.000000 0.000000
vn -0.000000 -1.000000 0.000000
vn 0.000000 -1.000000 0.000000
vn 0.000000 -1.000000 0.000000
vn 0.000000 -1.000000 0.000000
vn -0.000001 -1.000000 0.000000
vn -0.000001 -1.000000 0.000000
vn -0.000001 -1.000000 0.000000
vn -0.000000 -1.000000 0.000000
vn -0.000000 -1.000000 0.000000
vn -0.000000 -1.000000 0.000000
vn -0.000000 -1.000000 0.000000
vn -0.000000 -1.000000 0.000000
vn -0.000000 -1.000000 0.000000
vn -0.000000 -1.000000 0.000000
vn -0.000000 -1.000000 0.000000
vn -0.000000 -1.000000 0.000000
vn -0.000000 -1.000000 0.000000
vn -0.000000 -1.000000 0.000000
vn -0.000000 -1.000000 0.000000
vn -0.000000 -1.000000 0.000000
vn -0.000000 -1.000000 0.000000
vn -0.000000 -1.000000 0.000000
vn -0.000001 -1.000000 0.000000
vn -0.000001 -1.000000 0.000000
vn -0.000001 -1.000000 0.000000
vn -0.000000 1.000000 0.000000
vn -0.000000 1.000000 0.000000
vn -0.000000 1.000000 0.000000
vn -0.000000 1.000000 0.000000
vn -0.000000 1.000000 0.000000
vn -0.000000 1.000000 0.000000
vn -0.000000 1.000000 0.000000
vn -0.000000 1.000000 0.000000
vn -0.000000 1.000000 0.000000
vn 0.000000 1.000000 0.000000
vn 0.000000 1.000000 0.000000
vn 0.000000 1.000000 0.000000
vn -0.000000 1.000000 0.000000
vn -0.000000 1.000000 0.000000
vn -0.000000 1.000000 0.000000
vn -0.000000 1.000000 0.000000
vn -0.000000 1.000000 0.000000
vn -0.000000 1.000000 0.000000
vn -0.000000 1.000000 0.000000
vn -0.000000 1.000000 0.000000
vn -0.000000 1.000000 0.000000
vn -0.000000 1.000000 0.000000
vn -0.000000 1.000000 0.000000
vn -0.000000 1.000000 0.000000
vn -0.000000 1.000000 0.000000
vn -0.000000 1.000000 0.000000
vn -0.000000 1.000000 0.000000
vn -0.000000 1.000000 0.000000
vn -0.000000 1.000000 0.000000
vn -0.000000 1.000000 0.000000
vn 0.000000 1.000000 0.000000
vn 0.000000 1.000000 0.000000
vn 0.000000 1.000000 0.000000
vn -0.000000 1.000000 0.000000
vn -0.000000 1.000000 0.000000
vn -0.000000 1.000000 0.000000
vn -0.000000 1.000000 0.000000
vn -0.000000 1.000000 0.000000
vn -0.000000 1.000000 0.000000
vn -0.000000 1.000000 0.000000
vn -0.000000 1.000000 0.000000
vn -0.000000 1.000000 0.000000
vn 0.000001 1.000000 0.000000
vn 0.000001 1.000000 0.000000
vn 0.000001 1.000000 0.000000
vn -0.000000 1.000000 0.000000
vn -0.000000 1.000000 0.000000
vn -0.000000 1.000000 0.000000
vn 0.382684 0.000000 -0.923879
vn 0.382684 0.000000 -0.923879
vn 0.382684 0.000000 -0.923879
vn 0.382683 0.000000 -0.923880
vn 0.382683 0.000000 -0.923880
vn 0.382683 0.000000 -0.923880
vn -0.382684 0.000000 0.923879
vn -0.382684 0.000000 0.923879
vn -0.382684 0.000000 0.923879
vn -0.382684 0.000000 0.923879
vn -0.382684 0.000000 0.923879
vn -0.382684 0.000000 0.923879
vn 0.923880 0.000000 -0.382683
vn 0.923880 0.000000 -0.382683
vn 0.923880 0.000000 -0.382683
vn 0.923880 0.000000 -0.382683
vn 0.923880 0.000000 -0.382683
vn 0.923880 0.000000 -0.382683
vn -0.923879 0.000000 0.382685
vn -0.923879 0.000000 0.382685
vn -0.923879 0.000000 0.382685
vn -0.923880 0.000000 0.382683
vn -0.923880 0.000000 0.382683
vn -0.923880 0.000000 0.382683
vn 0.923880 0.000000 0.382683
vn 0.923880 0.000000 0.382683
vn 0.923880 0.000000 0.382683
vn 0.923880 0.000000 0.382683
vn 0.923880 0.000000 0.382683
vn 0.923880 0.000000 0.382683
vn -0.923880 0.000000 -0.382683
vn -0.923880 0.000000 -0.382683
vn -0.923880 0.000000 -0.382683
vn -0.923879 0.000000 -0.382684
vn -0.923879 0.000000 -0.382684
vn -0.923879 0.000000 -0.382684
vn 0.382684 0.000000 0.923879
vn 0.382684 0.000000 0.923879
vn 0.382684 0.000000 0.923879
vn 0.382683 0.000000 0.923880
vn 0.382683 0.000000 0.923880
vn 0.382683 0.000000 0.923880
vn -0.382684 0.000000 0.923879
vn -0.382684 0.000000 0.923879
vn -0.382684 0.000000 0.923879
vn -0.382683 0.000000 0.923880
vn -0.382683 0.000000 0.923880
vn -0.382683 0.000000 0.923880
vn -0.382684 0.000000 -0.923879
vn -0.382684 0.000000 -0.923879
vn -0.382684 0.000000 -0.923879
vn -0.382684 0.000000 -0.923879
vn -0.382684 0.000000 -0.923879
vn -0.382684 0.000000 -0.923879
vn 0.382683 0.000000 -0.923880
vn 0.382683 0.000000 -0.923880
vn 0.382683 0.000000 -0.923880
vn 0.382684 0.000000 -0.923879
vn 0.382684 0.000000 -0.923879
vn 0.382684 0.000000 -0.923879
vn -0.923880 0.000000 0.382683
vn -0.923880 0.000000 0.382683
vn -0.923880 0.000000 0.382683
vn -0.923879 0.000000 0.382684
vn -0.923879 0.000000 0.382684
vn -0.923879 0.000000 0.382684
vn 0.923879 0.000000 -0.382684
vn 0.923879 0.000000 -0.382684
vn 0.923879 0.000000 -0.382684
vn 0.923880 0.000000 -0.382683
vn 0.923880 0.000000 -0.382683
vn 0.923880 0.000000 -0.382683
vn -0.923880 0.000000 -0.382683
vn -0.923880 0.000000 -0.382683
vn -0.923880 0.000000 -0.382683
vn -0.923879 0.000000 -0.382684
vn -0.923879 0.000000 -0.382684
vn -0.923879 0.000000 -0.382684
vn 0.923879 0.000000 0.382684
vn 0.923879 0.000000 0.382684
vn 0.923879 0.000000 0.382684
vn 0.923880 0.000000 0.382683
vn 0.923880 0.000000 0.382683
vn 0.923880 0.000000 0.382683
vn -0.382683 0.000000 -0.923880
vn -0.382683 0.000000 -0.923880
vn -0.382683 0.000000 -0.923880
vn -0.382683 0.000000 -0.923880
vn -0.382683 0.000000 -0.923880
vn -0.382683 0.000000 -0.923880
vn 0.382683 0.000000 0.923880
vn 0.382683 0.000000 0.923880
vn 0.382683 0.000000 0.923880
vn 0.382684 0.000000 0.923879
vn 0.382684 0.000000 0.923879
vn 0.382684 0.000000 0.923879
vn 0.382683 0.000000 0.923880
vn 0.382683 0.000000 0.923880
vn 0.382683 0.000000 0.923880
vn 0.382684 0.000000 0.923880
vn 0.382684 0.000000 0.923880
vn 0.382684 0.000000 0.923880
vn 0.923879 0.000000 0.382684
vn 0.923879 0.000000 0.382684
vn 0.923879 0.000000 0.382684
vn 0.923880 0.000000 0.382683
vn 0.923880 0.000000 0.382683
vn 0.923880 0.000000 0.382683
vn 0.923879 0.000000 -0.382684
vn 0.923879 0.000000 -0.382684
vn 0.923879 0.000000 -0.382684
vn 0.923880 0.000000 -0.382683
vn 0.923880 0.000000 -0.382683
vn 0.923880 0.000000 -0.382683
vn 0.382683 0.000000 -0.923880
vn 0.382683 0.000000 -0.923880
vn 0.382683 0.000000 -0.923880
vn 0.382684 0.000000 -0.923879
vn 0.382684 0.000000 -0.923879
vn 0.382684 0.000000 -0.923879
vn -0.382683 0.000000 -0.923880
vn -0.382683 0.000000 -0.923880
vn -0.382683 0.000000 -0.923880
vn -0.382683 0.000000 -0.923880
vn -0.382683 0.000000 -0.923880
vn -0.382683 0.000000 -0.923880
vn -0.923880 0.000000 -0.382684
vn -0.923880 0.000000 -0.382684
vn -0.923880 0.000000 -0.382684
vn -0.923880 0.000000 -0.382683
vn -0.923880 0.000000 -0.382683
vn -0.923880 0.000000 -0.382683
vn -0.923879 0.000000 0.382685
vn -0.923879 0.000000 0.382685
vn -0.923879 0.000000 0.382685
vn -0.923880 0.000000 0.382682
vn -0.923880 0.000000 0.382682
vn -0.923880 0.000000 0.382682
vn -0.382683 0.000000 0.923880
vn -0.382683 0.000000 0.923880
vn -0.382683 0.000000 0.923880
vn -0.382684 0.000000 0.923880
vn -0.382684 0.000000 0.923880
vn -0.382684 0.000000 0.923880
vn -0.923880 0.000000 0.382683
vn -0.923880 0.000000 0.382683
vn -0.923880 0.000000 0.382683
vn -0.923879 0.000000 0.382684
vn -0.923879 0.000000 0.382684
vn -0.923879 0.000000 0.382684
vn -0.382683 0.000000 -0.923880
vn -0.382683 0.000000 -0.923880
vn -0.382683 0.000000 -0.923880
vn -0.382683 0.000000 -0.923880
vn -0.382683 0.000000 -0.923880
vn -0.382683 0.000000 -0.923880
vn 0.382684 0.000000 -0.923879
vn 0.382684 0.000000 -0.923879
vn 0.382684 0.000000 -0.923879
vn 0.382684 0.000000 -0.923879
vn 0.382684 0.000000 -0.923879
vn 0.382684 0.000000 -0.923879
vn 0.923879 0.000000 0.382684
vn 0.923879 0.000000 0.382684
vn 0.923879 0.000000 0.382684
vn 0.923879 0.000000 0.382684
vn 0.923879 0.000000 0.382684
vn 0.923879 0.000000 0.382684
vn -0.382683 0.000000 0.923880
vn -0.382683 0.000000 0.923880
vn -0.382683 0.000000 0.923880
vn -0.382683 0.000000 0.923880
vn -0.382683 0.000000 0.923880
vn -0.382683 0.000000 0.923880
vn -0.923879 0.000000 -0.382684
vn -0.923879 0.000000 -0.382684
vn -0.923879 0.000000 -0.382684
vn -0.923880 0.000000 -0.382683
vn -0.923880 0.000000 -0.382683
vn -0.923880 0.000000 -0.382683
vn 0.923879 0.000000 -0.382684
vn 0.923879 0.000000 -0.382684
vn 0.923879 0.000000 -0.382684
vn 0.923879 0.000000 -0.382684
vn 0.923879 0.000000 -0.382684
vn 0.923879 0.000000 -0.382684
vn 0.382684 0.000000 0.923879
vn 0.382684 0.000000 0.923879
vn 0.382684 0.000000 0.923879
vn 0.382684 0.000000 0.923879
vn 0.382684 0.000000 0.923879
vn 0.382684 0.000000 0.923879
vn -0.000000 1.000000 0.000000
vn -0.000000 1.000000 0.000000
vn -0.000000 1.000000 0.000000
vn 0.000000 1.000000 0.000000
vn 0.000000 1.000000 0.000000
vn 0.000000 1.000000 0.000000
vn -0.000000 1.000000 0.000000
vn -0.000000 1.000000 0.000000
vn -0.000000 1.000000 0.000000
vn -0.000000 1.000000 0.000000
vn -0.000000 1.000000 0.000000
vn -0.000000 1.000000 0.000000
vn -0.000000 1.000000 0.000000
vn -0.000000 1.000000 0.000000
vn -0.000000 1.000000 0.000000
vn -0.000001 1.000000 0.000000
vn -0.000001 1.000000 0.000000
vn -0.000001 1.000000 0.000000
vn -0.000000 1.000000 0.000000
vn -0.000000 1.000000 0.000000
vn -0.000000 1.000000 0.000000
vn -0.000000 1.000000 0.000000
vn -0.000000 1.000000 0.000000
vn -0.000000 1.000000 0.000000
vn -0.000000 1.000000 0.000000
vn -0.000000 1.000000 0.000000
vn -0.000000 1.000000 0.000000
vn 0.000000 1.000000 0.000000
vn 0.000000 1.000000 0.000000
vn 0.000000 1.000000 0.000000
vn -0.000000 1.000000 0.000000
vn -0.000000 1.000000 0.000000
vn -0.000000 1.000000 0.000000
vn -0.000000 1.000000 0.000000
vn -0.000000 1.000000 0.000000
vn -0.000000 1.000000 0.000000
vn -0.000000 1.000000 0.000000
vn -0.000000 1.000000 0.000000
vn -0.000000 1.000000 0.000000
vn -0.000000 1.000000 0.000000
vn -0.000000 1.000000 0.000000
vn -0.000000 1.000000 0.000000
vn -0.000000 1.000000 0.000000
vn -0.000000 1.000000 0.000000
vn -0.000000 1.000000 0.000000
vn -0.000000 1.000000 0.000000
vn -0.000000 1.000000 0.000000
vn -0.000000 1.000000 0.000000
vn -0.623490 0.000000 -0.781831
vn -0.623490 0.000000 -0.781831
vn -0.623490 0.000000 -0.781831
vn -0.623490 0.000000 -0.781832
vn -0.623490 0.000000 -0.781832
vn -0.623490 0.000000 -0.781832
vn -0.222521 0.000000 -0.974928
vn -0.222521 0.000000 -0.974928
vn -0.222521 0.000000 -0.974928
vn -0.222521 0.000000 -0.974928
vn -0.222521 0.000000 -0.974928
vn -0.222521 0.000000 -0.974928
vn -0.000000 -1.000000 0.000000
vn -0.000000 -1.000000 0.000000
vn -0.000000 -1.000000 0.000000
vn -0.000000 -1.000000 0.000000
vn -0.000000 -1.000000 0.000000
vn -0.000000 -1.000000 0.000000
vn 0.222521 0.000000 0.974928
vn 0.222521 0.000000 0.974928
vn 0.222521 0.000000 0.974928
vn 0.222521 0.000000 0.974928
vn 0.222521 0.000000 0.974928
vn 0.222521 0.000000 0.974928
vn -0.000000 1.000000 0.000000
vn -0.000000 1.000000 0.000000
vn -0.000000 1.000000 0.000000
vn -0.000000 1.000000 0.000000
vn -0.000000 1.000000 0.000000
vn -0.000000 1.000000 0.000000
vn -0.000000 -1.000000 0.000000
vn -0.000000 -1.000000 0.000000
vn -0.000000 -1.000000 0.000000
vn -0.000000 -1.000000 0.000000
vn -0.000000 -1.000000 0.000000
vn -0.000000 -1.000000 0.000000
vn -0.000001 -1.000000 0.000000
vn -0.000001 -1.000000 0.000000
vn -0.000001 -1.000000 0.000000
vn -0.000000 -1.000000 0.000000
vn -0.000000 -1.000000 0.000000
vn -0.000000 -1.000000 0.000000
vn 0.623490 0.000000 0.781832
vn 0.623490 0.000000 0.781832
vn 0.623490 0.000000 0.781832
vn 0.623490 0.000000 0.781832
vn 0.623490 0.000000 0.781832
vn 0.623490 0.000000 0.781832
vn -0.000000 -1.000000 0.000000
vn -0.000000 -1.000000 0.000000
vn -0.000000 -1.000000 0.000000
vn -0.000000 -1.000000 0.000000
vn -0.000000 -1.000000 0.000000
vn -0.000000 -1.000000 0.000000
vn -0.000000 1.000000 0.000000
vn -0.000000 1.000000 0.000000
vn -0.000000 1.000000 0.000000
vn -0.000000 1.000000 0.000000
vn -0.000000 1.000000 0.000000
vn -0.000000 1.000000 0.000000
vn -1.000000 0.000000 0.000000
vn -1.000000 0.000000 0.000000
vn -1.000000 0.000000 0.000000
vn -1.000000 0.000000 0.000000
vn -1.000000 0.000000 0.000000
vn -1.000000 0.000000 0.000000
vn 0.000000 1.000000 0.000000
vn 0.000000 1.000000 0.000000
vn 0.000000 1.000000 0.000000
vn -0.000000 1.000000 0.000000
vn -0.000000 1.000000 0.000000
vn -0.000000 1.000000 0.000000
vn -0.900969 0.000000 -0.433884
vn -0.900969 0.000000 -0.433884
vn -0.900969 0.000000 -0.433884
vn -0.900969 0.000000 -0.433884
vn -0.900969 0.000000 -0.433884
vn -0.900969 0.000000 -0.433884
vn 0.900969 0.000000 0.433884
vn 0.900969 0.000000 0.433884
vn 0.900969 0.000000 0.433884
vn 0.900969 0.000000 0.433883
vn 0.900969 0.000000 0.433883
vn 0.900969 0.000000 0.433883
vn 0.900969 0.000000 -0.433884
vn 0.900969 0.000000 -0.433884
vn 0.900969 0.000000 -0.433884
vn 0.900969 0.000000 -0.433884
vn 0.900969 0.000000 -0.433884
vn 0.900969 0.000000 -0.433884
vn 1.000000 0.000000 0.000000
vn 1.000000 0.000000 0.000000
vn 1.000000 0.000000 0.000000
vn 1.000000 0.000000 0.000000
vn 1.000000 0.000000 0.000000
vn 1.000000 0.000000 0.000000
vn 0.000000 -1.000000 0.000000
vn 0.000000 -1.000000 0.000000
vn 0.000000 -1.000000 0.000000
vn -0.000000 -1.000000 0.000000
vn -0.000000 -1.000000 0.000000
vn -0.000000 -1.000000 0.000000
vn 0.000001 1.000000 0.000000
vn 0.000001 1.000000 0.000000
vn 0.000001 1.000000 0.000000
vn -0.000002 1.000000 0.000000
vn -0.000002 1.000000 0.000000
vn -0.000002 1.000000 0.000000
vn -0.000001 -1.000000 0.000000
vn -0.000001 -1.000000 0.000000
vn -0.000001 -1.000000 0.000000
vn -0.000000 -1.000000 0.000000
vn -0.000000 -1.000000 0.000000
vn -0.000000 -1.000000 0.000000
vn 0.000000 -1.000000 0.000000
vn 0.000000 -1.000000 0.000000
vn 0.000000 -1.000000 0.000000
vn 0.000000 -1.000000 0.000000
vn 0.000000 -1.000000 0.000000
vn 0.000000 -1.000000 0.000000
vn 0.000000 1.000000 0.000000
vn 0.000000 1.000000 0.000000
vn 0.000000 1.000000 0.000000
vn 0.000002 1.000000 0.000000
vn 0.000002 1.000000 0.000000
vn 0.000002 1.000000 0.000000
vn -0.900969 0.000000 0.433884
vn -0.900969 0.000000 0.433884
vn -0.900969 0.000000 0.433884
vn -0.900969 0.000000 0.433884
vn -0.900969 0.000000 0.433884
vn -0.900969 0.000000 0.433884
vn -0.222521 0.000000 0.974928
vn -0.222521 0.000000 0.974928
vn -0.222521 0.000000 0.974928
vn -0.222521 0.000000 0.974928
vn -0.222521 0.000000 0.974928
vn -0.222521 0.000000 0.974928
vn -0.000000 1.000000 0.000000
vn -0.000000 1.000000 0.000000
vn -0.000000 1.000000 0.000000
vn -0.000000 1.000000 0.000000
vn -0.000000 1.000000 0.000000
vn -0.000000 1.000000 0.000000
vn -0.623490 0.000000 0.781831
vn -0.623490 0.000000 0.781831
vn -0.623490 0.000000 0.781831
vn -0.623490 0.000000 0.781832
vn -0.623490 0.000000 0.781832
vn -0.623490 0.000000 0.781832
vn 0.623490 0.000000 -0.781831
vn 0.623490 0.000000 -0.781831
vn 0.623490 0.000000 -0.781831
vn 0.623490 0.000000 -0.781831
vn 0.623490 0.000000 -0.781831
vn 0.623490 0.000000 -0.781831
vn -0.000000 -1.000000 0.000000
vn -0.000000 -1.000000 0.000000
vn -0.000000 -1.000000 0.000000
vn -0.000000 -1.000000 0.000000
vn -0.000000 -1.000000 0.000000
vn -0.000000 -1.000000 0.000000
vn 0.222521 0.000000 -0.974928
vn 0.222521 0.000000 -0.974928
vn 0.222521 0.000000 -0.974928
vn 0.222521 0.000000 -0.974928
vn 0.222521 0.000000 -0.974928
vn 0.222521 0.000000 -0.974928
vn -0.000000 -1.000000 0.000000
vn -0.000000 -1.000000 0.000000
vn -0.000000 -1.000000 0.000000
vn -0.000000 -1.000000 0.000000
vn -0.000000 -1.000000 0.000000
vn -0.000000 -1.000000 0.000000
vn -0.000000 1.000000 0.000000
vn -0.000000 1.000000 0.000000
vn -0.000000 1.000000 0.000000
vn -0.000000 1.000000 0.000000
vn -0.000000 1.000000 0.000000
vn -0.000000 1.000000 0.000000
vn -0.000000 0.000000 -1.000000
vn -0.000000 0.000000 -1.000000
vn -0.000000 0.000000 -1.000000
vn -0.000000 0.000000 -1.000000
vn -0.000000 0.000000 -1.000000
vn -0.000000 0.000000 -1.000000
vn -0.000000 0.000000 1.000000
vn -0.000000 0.000000 1.000000
vn -0.000000 0.000000 1.000000
vn -0.000000 0.000000 1.000000
vn -0.000000 0.000000 1.000000
vn -0.000000 0.000000 1.000000
vn -0.000000 1.000000 0.000000
vn -0.000000 1.000000 0.000000
vn -0.000000 1.000000 0.000000
vn -0.000000 1.000000 0.000000
vn -0.000000 1.000000 0.000000
vn -0.000000 1.000000 0.000000
vn -0.000000 1.000000 0.000000
vn -0.000000 1.000000 0.000000
vn -0.000000 1.000000 0.000000
vn -0.000000 1.000000 0.000000
vn -0.000000 1.000000 0.000000
vn -0.000000 1.000000 0.000000
vn 0.000003 0.000000 1.000000
vn 0.000003 0.000000 1.000000
vn 0.000003 0.000000 1.000000
vn 0.000003 0.000000 1.000000
vn 0.000003 0.000000 1.000000
vn 0.000003 0.000000 1.000000
vn -0.000001 0.000000 -1.000000
vn -0.000001 0.000000 -1.000000
vn -0.000001 0.000000 -1.000000
vn -0.000001 0.000000 -1.000000
vn -0.000001 0.000000 -1.000000
vn -0.000001 0.000000 -1.000000
vn -0.623491 0.000000 0.781831
vn -0.623491 0.000000 0.781831
vn -0.623491 0.000000 0.781831
vn -0.623490 0.000000 0.781831
vn -0.623490 0.000000 0.781831
vn -0.623490 0.000000 0.781831
vn -0.222521 0.000000 0.974928
vn -0.222521 0.000000 0.974928
vn -0.222521 0.000000 0.974928
vn -0.222522 0.000000 0.974928
vn -0.222522 0.000000 0.974928
vn -0.222522 0.000000 0.974928
vn -0.000000 1.000000 0.000000
vn -0.000000 1.000000 0.000000
vn -0.000000 1.000000 0.000000
vn -0.000000 1.000000 0.000000
vn -0.000000 1.000000 0.000000
vn -0.000000 1.000000 0.000000
vn 0.222520 0.000000 -0.974928
vn 0.222520 0.000000 -0.974928
vn 0.222520 0.000000 -0.974928
vn 0.222520 0.000000 -0.974928
vn 0.222520 0.000000 -0.974928
vn 0.222520 0.000000 -0.974928
vn -0.000001 -1.000000 0.000000
vn -0.000001 -1.000000 0.000000
vn -0.000001 -1.000000 0.000000
vn -0.000000 -1.000000 0.000000
vn -0.000000 -1.000000 0.000000
vn -0.000000 -1.000000 0.000000
vn 0.000001 1.000000 0.000000
vn 0.000001 1.000000 0.000000
vn 0.000001 1.000000 0.000000
vn -0.000000 1.000000 0.000000
vn -0.000000 1.000000 0.000000
vn -0.000000 1.000000 0.000000
vn 0.000001 1.000000 0.000000
vn 0.000001 1.000000 0.000000
vn 0.000001 1.000000 0.000000
vn -0.000000 1.000000 0.000000
vn -0.000000 1.000000 0.000000
vn -0.000000 1.000000 0.000000
vn 0.623490 0.000000 -0.781832
vn 0.623490 0.000000 -0.781832
vn 0.623490 0.000000 -0.781832
vn 0.623490 0.000000 -0.781831
vn 0.623490 0.000000 -0.781831
vn 0.623490 0.000000 -0.781831
vn -0.000000 1.000000 0.000000
vn -0.000000 1.000000 0.000000
vn -0.000000 1.000000 0.000000
vn -0.000002 1.000000 0.000000
vn -0.000002 1.000000 0.000000
vn -0.000002 1.000000 0.000000
vn -0.000000 -1.000000 0.000000
vn -0.000000 -1.000000 0.000000
vn -0.000000 -1.000000 0.000000
vn 0.000001 -1.000000 0.000000
vn 0.000001 -1.000000 0.000000
vn 0.000001 -1.000000 0.000000
vn -1.000000 0.000000 0.000000
vn -1.000000 0.000000 0.000000
vn -1.000000 0.000000 0.000000
vn -1.000000 0.000000 0.000000
vn -1.000000 0.000000 0.000000
vn -1.000000 0.000000 0.000000
vn 0.000001 -1.000000 0.000000
vn 0.000001 -1.000000 0.000000
vn 0.000001 -1.000000 0.000000
vn -0.000001 -1.000000 0.000000
vn -0.000001 -1.000000 0.000000
vn -0.000001 -1.000000 0.000000
vn -0.900969 0.000000 0.433885
vn -0.900969 0.000000 0.433885
vn -0.900969 0.000000 0.433885
vn -0.900968 0.000000 0.433885
vn -0.900968 0.000000 0.433885
vn -0.900968 0.000000 0.433885
vn 0.900969 0.000000 -0.433884
vn 0.900969 0.000000 -0.433884
vn 0.900969 0.000000 -0.433884
vn 0.900969 0.000000 -0.433883
vn 0.900969 0.000000 -0.433883
vn 0.900969 0.000000 -0.433883
vn 0.900969 0.000000 0.433884
vn 0.900969 0.000000 0.433884
vn 0.900969 0.000000 0.433884
vn 0.900969 0.000000 0.433883
vn 0.900969 0.000000 0.433883
vn 0.900969 0.000000 0.433883
vn 1.000000 0.000000 0.000000
vn 1.000000 0.000000 0.000000
vn 1.000000 0.000000 0.000000
vn 1.000000 0.000000 0.000000
vn 1.000000 0.000000 0.000000
vn 1.000000 0.000000 0.000000
vn 0.000001 1.000000 0.000000
vn 0.000001 1.000000 0.000000
vn 0.000001 1.000000 0.000000
vn -0.000000 1.000000 0.000000
vn -0.000000 1.000000 0.000000
vn -0.000000 1.000000 0.000000
vn -0.000000 -1.000000 0.000000
vn -0.000000 -1.000000 0.000000
vn -0.000000 -1.000000 0.000000
vn -0.000000 -1.000000 0.000000
vn -0.000000 -1.000000 0.000000
vn -0.000000 -1.000000 0.000000
vn -0.000000 1.000000 0.000000
vn -0.000000 1.000000 0.000000
vn -0.000000 1.000000 0.000000
vn -0.000000 1.000000 0.000000
vn -0.000000 1.000000 0.000000
vn -0.000000 1.000000 0.000000
vn -0.000001 1.000000 0.000000
vn -0.000001 1.000000 0.000000
vn -0.000001 1.000000 0.000000
vn -0.000000 1.000000 0.000000
vn -0.000000 1.000000 0.000000
vn -0.000000 1.000000 0.000000
vn 0.000000 -1.000000 0.000000
vn 0.000000 -1.000000 0.000000
vn 0.000000 -1.000000 0.000000
vn -0.000000 -1.000000 0.000000
vn -0.000000 -1.000000 0.000000
vn -0.000000 -1.000000 0.000000
vn -0.900969 0.000000 -0.433883
vn -0.900969 0.000000 -0.433883
vn -0.900969 0.000000 -0.433883
vn -0.900968 0.000000 -0.433885
vn -0.900968 0.000000 -0.433885
vn -0.900968 0.000000 -0.433885
vn -0.222522 0.000000 -0.974928
vn -0.222522 0.000000 -0.974928
vn -0.222522 0.000000 -0.974928
vn -0.222521 0.000000 -0.974928
vn -0.222521 0.000000 -0.974928
vn -0.222521 0.000000 -0.974928
vn -0.000000 -1.000000 0.000000
vn -0.000000 -1.000000 0.000000
vn -0.000000 -1.000000 0.000000
vn -0.000000 -1.000000 0.000000
vn -0.000000 -1.000000 0.000000
vn -0.000000 -1.000000 0.000000
vn -0.623490 0.000000 -0.781831
vn -0.623490 0.000000 -0.781831
vn -0.623490 0.000000 -0.781831
vn -0.623489 0.000000 -0.781832
vn -0.623489 0.000000 -0.781832
vn -0.623489 0.000000 -0.781832
vn 0.623490 0.000000 0.781832
vn 0.623490 0.000000 0.781832
vn 0.623490 0.000000 0.781832
vn 0.623491 0.000000 0.781831
vn 0.623491 0.000000 0.781831
vn 0.623491 0.000000 0.781831
vn -0.000000 1.000000 0.000000
vn -0.000000 1.000000 0.000000
vn -0.000000 1.000000 0.000000
vn -0.000000 1.000000 0.000000
vn -0.000000 1.000000 0.000000
vn -0.000000 1.000000 0.000000
vn 0.222520 0.000000 0.974928
vn 0.222520 0.000000 0.974928
vn 0.222520 0.000000 0.974928
vn 0.222521 0.000000 0.974928
vn 0.222521 0.000000 0.974928
vn 0.222521 0.000000 0.974928
vn -0.000000 1.000000 0.000000
vn -0.000000 1.000000 0.000000
vn -0.000000 1.000000 0.000000
vn -0.000000 1.000000 0.000000
vn -0.000000 1.000000 0.000000
vn -0.000000 1.000000 0.000000
vn 0.000001 -1.000000 0.000000
vn 0.000001 -1.000000 0.000000
vn 0.000001 -1.000000 0.000000
vn -0.000000 -1.000000 0.000000
vn -0.000000 -1.000000 0.000000
vn -0.000000 -1.000000 0.000000
vn -0.923879 0.000000 0.382684
vn -0.923879 0.000000 0.382684
vn -0.923879 0.000000 0.382684
vn -0.923880 0.000000 0.382683
vn -0.923880 0.000000 0.382683
vn -0.923880 0.000000 0.382683
vn -0.000000 0.000000 1.000000
vn -0.000000 0.000000 1.000000
vn -0.000000 0.000000 1.000000
vn -0.000000 0.000000 1.000000
vn -0.000000 0.000000 1.000000
vn -0.000000 0.000000 1.000000
vn -0.000000 0.000000 -1.000000
vn -0.000000 0.000000 -1.000000
vn -0.000000 0.000000 -1.000000
vn -0.000000 0.000000 -1.000000
vn -0.000000 0.000000 -1.000000
vn -0.000000 0.000000 -1.000000
vn -0.000000 -1.000000 0.000000
vn -0.000000 -1.000000 0.000000
vn -0.000000 -1.000000 0.000000
vn -0.000000 -1.000000 0.000000
vn -0.000000 -1.000000 0.000000
vn -0.000000 -1.000000 0.000000
vn -0.923880 0.000000 -0.382683
vn -0.923880 0.000000 -0.382683
vn -0.923880 0.000000 -0.382683
vn -0.923880 0.000000 -0.382682
vn -0.923880 0.000000 -0.382682
vn -0.923880 0.000000 -0.382682
vn 0.000003 -1.000000 0.000000
vn 0.000003 -1.000000 0.000000
vn 0.000003 -1.000000 0.000000
vn -0.000000 -1.000000 0.000000
vn -0.000000 -1.000000 0.000000
vn -0.000000 -1.000000 0.000000
vn 0.000005 0.000000 -1.000000
vn 0.000005 0.000000 -1.000000
vn 0.000005 0.000000 -1.000000
vn 0.000005 0.000000 -1.000000
vn 0.000005 0.000000 -1.000000
vn 0.000005 0.000000 -1.000000
vn -0.000001 0.000000 1.000000
vn -0.000001 0.000000 1.000000
vn -0.000001 0.000000 1.000000
vn -0.000001 0.000000 1.000000
vn -0.000001 0.000000 1.000000
vn -0.000001 0.000000 1.000000
vn -0.000000 -1.000000 0.000000
vn -0.000000 -1.000000 0.000000
vn -0.000000 -1.000000 0.000000
vn 0.000000 -1.000000 0.000000
vn 0.000000 -1.000000 0.000000
vn 0.000000 -1.000000 0.000000
vn -0.000000 -1.000000 0.000000
vn -0.000000 -1.000000 0.000000
vn -0.000000 -1.000000 0.000000
vn -0.000000 -1.000000 0.000000
vn -0.000000 -1.000000 0.000000
vn -0.000000 -1.000000 0.000000
vn -0.000000 -1.000000 0.000000
vn -0.000000 -1.000000 0.000000
vn -0.000000 -1.000000 0.000000
vn -0.000000 -1.000000 0.000000
vn -0.000000 -1.000000 0.000000
vn -0.000000 -1.000000 0.000000
vn -0.000000 -1.000000 0.000000
vn -0.000000 -1.000000 0.000000
vn -0.000000 -1.000000 0.000000
vn -0.000000 -1.000000 0.000000
vn -0.000000 -1.000000 0.000000
vn -0.000000 -1.000000 0.000000
vn -0.000000 -1.000000 0.000000
vn -0.000000 -1.000000 0.000000
vn -0.000000 -1.000000 0.000000
vn -0.000000 -1.000000 0.000000
vn -0.000000 -1.000000 0.000000
vn -0.000000 -1.000000 0.000000
vn -0.000000 -1.000000 0.000000
vn -0.000000 -1.000000 0.000000
vn -0.000000 -1.000000 0.000000
vn 0.000000 -1.000000 0.000000
vn 0.000000 -1.000000 0.000000
vn 0.000000 -1.000000 0.000000
vn -0.000000 -1.000000 0.000000
vn -0.000000 -1.000000 0.000000
vn -0.000000 -1.000000 0.000000
vn -0.000000 -1.000000 0.000000
vn -0.000000 -1.000000 0.000000
vn -0.000000 -1.000000 0.000000
vn -0.000000 -1.000000 0.000000
vn -0.000000 -1.000000 0.000000
vn -0.000000 -1.000000 0.000000
vn -0.000000 -1.000000 0.000000
vn -0.000000 -1.000000 0.000000
vn -0.000000 -1.000000 0.000000
vn -0.000000 1.000000 0.000000
vn -0.000000 1.000000 0.000000
vn -0.000000 1.000000 0.000000
vn -0.000000 1.000000 0.000000
vn -0.000000 1.000000 0.000000
vn -0.000000 1.000000 0.000000
vn -0.000000 1.000000 0.000000
vn -0.000000 1.000000 0.000000
vn -0.000000 1.000000 0.000000
vn -0.000000 1.000000 0.000000
vn -0.000000 1.000000 0.000000
vn -0.000000 1.000000 0.000000
vn -0.000000 1.000000 0.000000
vn -0.000000 1.000000 0.000000
vn -0.000000 1.000000 0.000000
vn -0.000000 1.000000 0.000000
vn -0.000000 1.000000 0.000000
vn -0.000000 1.000000 0.000000
vn -0.000000 1.000000 0.000000
vn -0.000000 1.000000 0.000000
vn -0.000000 1.000000 0.000000
vn -0.000000 1.000000 0.000000
vn -0.000000 1.000000 0.000000
vn -0.000000 1.000000 0.000000
vn 0.000000 1.000000 0.000000
vn 0.000000 1.000000 0.000000
vn 0.000000 1.000000 0.000000
vn -0.000000 1.000000 0.000000
vn -0.000000 1.000000 0.000000
vn -0.000000 1.000000 0.000000
vn -0.000000 1.000000 0.000000
vn -0.000000 1.000000 0.000000
vn -0.000000 1.000000 0.000000
vn 0.000000 1.000000 0.000000
vn 0.000000 1.000000 0.000000
vn 0.000000 1.000000 0.000000
vn -0.000000 1.000000 0.000000
vn -0.000000 1.000000 0.000000
vn -0.000000 1.000000 0.000000
vn -0.000000 1.000000 0.000000
vn -0.000000 1.000000 0.000000
vn -0.000000 1.000000 0.000000
vn -0.000001 1.000000 0.000000
vn -0.000001 1.000000 0.000000
vn -0.000001 1.000000 0.000000
vn -0.000000 1.000000 0.000000
vn -0.000000 1.000000 0.000000
vn -0.000000 1.000000 0.000000
vn 0.382684 0.000000 -0.923879
vn 0.382684 0.000000 -0.923879
vn 0.382684 0.000000 -0.923879
vn 0.382684 0.000000 -0.923880
vn 0.382684 0.000000 -0.923880
vn 0.382684 0.000000 -0.923880
vn -0.382683 0.000000 0.923880
vn -0.382683 0.000000 0.923880
vn -0.382683 0.000000 0.923880
vn -0.382683 0.000000 0.923880
vn -0.382683 0.000000 0.923880
vn -0.382683 0.000000 0.923880
vn 0.923880 0.000000 -0.382684
vn 0.923880 0.000000 -0.382684
vn 0.923880 0.000000 -0.382684
vn 0.923880 0.000000 -0.382683
vn 0.923880 0.000000 -0.382683
vn 0.923880 0.000000 -0.382683
vn -0.923879 0.000000 0.382684
vn -0.923879 0.000000 0.382684
vn -0.923879 0.000000 0.382684
vn -0.923879 0.000000 0.382684
vn -0.923879 0.000000 0.382684
vn -0.923879 0.000000 0.382684
vn 0.923880 0.000000 0.382683
vn 0.923880 0.000000 0.382683
vn 0.923880 0.000000 0.382683
vn 0.923880 0.000000 0.382684
vn 0.923880 0.000000 0.382684
vn 0.923880 0.000000 0.382684
vn -0.923879 0.000000 -0.382684
vn -0.923879 0.000000 -0.382684
vn -0.923879 0.000000 -0.382684
vn -0.923880 0.000000 -0.382683
vn -0.923880 0.000000 -0.382683
vn -0.923880 0.000000 -0.382683
vn 0.382684 0.000000 0.923880
vn 0.382684 0.000000 0.923880
vn 0.382684 0.000000 0.923880
vn 0.382684 0.000000 0.923880
vn 0.382684 0.000000 0.923880
vn 0.382684 0.000000 0.923880
vn -0.382683 0.000000 0.923880
vn -0.382683 0.000000 0.923880
vn -0.382683 0.000000 0.923880
vn -0.382684 0.000000 0.923879
vn -0.382684 0.000000 0.923879
vn -0.382684 0.000000 0.923879
vn -0.382683 0.000000 -0.923880
vn -0.382683 0.000000 -0.923880
vn -0.382683 0.000000 -0.923880
vn -0.382684 0.000000 -0.923879
vn -0.382684 0.000000 -0.923879
vn -0.382684 0.000000 -0.923879
vn 0.382683 0.000000 -0.923880
vn 0.382683 0.000000 -0.923880
vn 0.382683 0.000000 -0.923880
vn 0.382683 0.000000 -0.923880
vn 0.382683 0.000000 -0.923880
vn 0.382683 0.000000 -0.923880
vn -0.923880 0.000000 0.382683
vn -0.923880 0.000000 0.382683
vn -0.923880 0.000000 0.382683
vn -0.923879 0.000000 0.382684
vn -0.923879 0.000000 0.382684
vn -0.923879 0.000000 0.382684
vn 0.923880 0.000000 -0.382683
vn 0.923880 0.000000 -0.382683
vn 0.923880 0.000000 -0.382683
vn 0.923879 0.000000 -0.382684
vn 0.923879 0.000000 -0.382684
vn 0.923879 0.000000 -0.382684
vn -0.923880 0.000000 -0.382683
vn -0.923880 0.000000 -0.382683
vn -0.923880 0.000000 -0.382683
vn -0.923879 0.000000 -0.382684
vn -0.923879 0.000000 -0.382684
vn -0.923879 0.000000 -0.382684
vn 0.923879 0.000000 0.382684
vn 0.923879 0.000000 0.382684
vn 0.923879 0.000000 0.382684
vn 0.923880 0.000000 0.382683
vn 0.923880 0.000000 0.382683
vn 0.923880 0.000000 0.382683
vn -0.382683 0.000000 -0.923880
vn -0.382683 0.000000 -0.923880
vn -0.382683 0.000000 -0.923880
vn -0.382684 0.000000 -0.923880
vn -0.382684 0.000000 -0.923880
vn -0.382684 0.000000 -0.923880
vn 0.382683 0.000000 0.923880
vn 0.382683 0.000000 0.923880
vn 0.382683 0.000000 0.923880
vn 0.382683 0.000000 0.923880
vn 0.382683 0.000000 0.923880
vn 0.382683 0.000000 0.923880
vn 0.382683 0.000000 0.923880
vn 0.382683 0.000000 0.923880
vn 0.382683 0.000000 0.923880
vn 0.382683 0.000000 0.923880
vn 0.382683 0.000000 0.923880
vn 0.382683 0.000000 0.923880
vn 0.923879 0.000000 0.382684
vn 0.923879 0.000000 0.382684
vn 0.923879 0.000000 0.382684
vn 0.923880 0.000000 0.382683
vn 0.923880 0.000000 0.382683
vn 0.923880 0.000000 0.382683
vn 0.923880 0.000000 -0.382683
vn 0.923880 0.000000 -0.382683
vn 0.923880 0.000000 -0.382683
vn 0.923879 0.000000 -0.382684
vn 0.923879 0.000000 -0.382684
vn 0.923879 0.000000 -0.382684
vn 0.382683 0.000000 -0.923880
vn 0.382683 0.000000 -0.923880
vn 0.382683 0.000000 -0.923880
vn 0.382683 0.000000 -0.923880
vn 0.382683 0.000000 -0.923880
vn 0.382683 0.000000 -0.923880
vn -0.382684 0.000000 -0.923879
vn -0.382684 0.000000 -0.923879
vn -0.382684 0.000000 -0.923879
vn -0.382683 0.000000 -0.923880
vn -0.382683 0.000000 -0.923880
vn -0.382683 0.000000 -0.923880
vn -0.923879 0.000000 -0.382684
vn -0.923879 0.000000 -0.382684
vn -0.923879 0.000000 -0.382684
vn -0.923880 0.000000 -0.382683
vn -0.923880 0.000000 -0.382683
vn -0.923880 0.000000 -0.382683
vn -0.923879 0.000000 0.382684
vn -0.923879 0.000000 0.382684
vn -0.923879 0.000000 0.382684
vn -0.923880 0.000000 0.382683
vn -0.923880 0.000000 0.382683
vn -0.923880 0.000000 0.382683
vn -0.382683 0.000000 0.923880
vn -0.382683 0.000000 0.923880
vn -0.382683 0.000000 0.923880
vn -0.382684 0.000000 0.923879
vn -0.382684 0.000000 0.923879
vn -0.382684 0.000000 0.923879
vn -0.923880 0.000000 0.382682
vn -0.923880 0.000000 0.382682
vn -0.923880 0.000000 0.382682
vn -0.923880 0.000000 0.382683
vn -0.923880 0.000000 0.382683
vn -0.923880 0.000000 0.382683
vn -0.382684 0.000000 -0.923879
vn -0.382684 0.000000 -0.923879
vn -0.382684 0.000000 -0.923879
vn -0.382682 0.000000 -0.923880
vn -0.382682 0.000000 -0.923880
vn -0.382682 0.000000 -0.923880
vn 0.382684 0.000000 -0.923879
vn 0.382684 0.000000 -0.923879
vn 0.382684 0.000000 -0.923879
vn 0.382683 0.000000 -0.923880
vn 0.382683 0.000000 -0.923880
vn 0.382683 0.000000 -0.923880
vn 0.923880 0.000000 0.382684
vn 0.923880 0.000000 0.382684
vn 0.923880 0.000000 0.382684
vn 0.923879 0.000000 0.382684
vn 0.923879 0.000000 0.382684
vn 0.923879 0.000000 0.382684
vn -0.382682 0.000000 0.923880
vn -0.382682 0.000000 0.923880
vn -0.382682 0.000000 0.923880
vn -0.382684 0.000000 0.923879
vn -0.382684 0.000000 0.923879
vn -0.382684 0.000000 0.923879
vn -0.923880 0.000000 -0.382683
vn -0.923880 0.000000 -0.382683
vn -0.923880 0.000000 -0.382683
vn -0.923880 0.000000 -0.382682
vn -0.923880 0.000000 -0.382682
vn -0.923880 0.000000 -0.382682
vn 0.923879 0.000000 -0.382684
vn 0.923879 0.000000 -0.382684
vn 0.923879 0.000000 -0.382684
vn 0.923880 0.000000 -0.382683
vn 0.923880 0.000000 -0.382683
vn 0.923880 0.000000 -0.382683
vn 0.382684 0.000000 0.923879
vn 0.382684 0.000000 0.923879
vn 0.382684 0.000000 0.923879
vn 0.382683 0.000000 0.923880
vn 0.382683 0.000000 0.923880
vn 0.382683 0.000000 0.923880
vn -0.000000 1.000000 0.000000
vn -0.000000 1.000000 0.000000
vn -0.000000 1.000000 0.000000
vn -0.000000 1.000000 0.000000
vn -0.000000 1.000000 0.000000
vn -0.000000 1.000000 0.000000
vn -0.000000 1.000000 0.000000
vn -0.000000 1.000000 0.000000
vn -0.000000 1.000000 0.000000
vn -0.000000 1.000000 0.000000
vn -0.000000 1.000000 0.000000
vn -0.000000 1.000000 0.000000
vn -0.000000 1.000000 0.000000
vn -0.000000 1.000000 0.000000
vn -0.000000 1.000000 0.000000
vn 0.000002 1.000000 0.000000
vn 0.000002 1.000000 0.000000
vn 0.000002 1.000000 0.000000
vn -0.000001 1.000000 0.000000
vn -0.000001 1.000000 0.000000
vn -0.000001 1.000000 0.000000
vn -0.000000 1.000000 0.000000
vn -0.000000 1.000000 0.000000
vn -0.000000 1.000000 0.000000
vn -0.000000 1.000000 0.000000
vn -0.000000 1.000000 0.000000
vn -0.000000 1.000000 0.000000
vn -0.000001 1.000000 0.000000
vn -0.000001 1.000000 0.000000
vn -0.000001 1.000000 0.000000
vn 0.000001 1.000000 0.000000
vn 0.000001 1.000000 0.000000
vn 0.000001 1.000000 0.000000
vn -0.000000 1.000000 0.000000
vn -0.000000 1.000000 0.000000
vn -0.000000 1.000000 0.000000
vn -0.000000 1.000000 0.000000
vn -0.000000 1.000000 0.000000
vn -0.000000 1.000000 0.000000
vn -0.000000 1.000000 0.000000
vn -0.000000 1.000000 0.000000
vn -0.000000 1.000000 0.000000
vn 0.000001 1.000000 0.000000
vn 0.000001 1.000000 0.000000
vn 0.000001 1.000000 0.000000
vn -0.000000 1.000000 0.000000
vn -0.000000 1.000000 0.000000
vn -0.000000 1.000000 0.000000
vn -0.623490 0.000000 -0.781831
vn -0.623490 0.000000 -0.781831
vn -0.623490 0.000000 -0.781831
vn -0.623490 0.000000 -0.781831
vn -0.623490 0.000000 -0.781831
vn -0.623490 0.000000 -0.781831
vn -0.222521 0.000000 -0.974928
vn -0.222521 0.000000 -0.974928
vn -0.222521 0.000000 -0.974928
vn -0.222521 0.000000 -0.974928
vn -0.222521 0.000000 -0.974928
vn -0.222521 0.000000 -0.974928
vn -0.000000 -1.000000 0.000000
vn -0.000000 -1.000000 0.000000
vn -0.000000 -1.000000 0.000000
vn -0.000000 -1.000000 0.000000
vn -0.000000 -1.000000 0.000000
vn -0.000000 -1.000000 0.000000
vn 0.222520 0.000000 0.974928
vn 0.222520 0.000000 0.974928
vn 0.222520 0.000000 0.974928
vn 0.222520 0.000000 0.974928
vn 0.222520 0.000000 0.974928
vn 0.222520 0.000000 0.974928
vn -0.000001 1.000000 0.000000
vn -0.000001 1.000000 0.000000
vn -0.000001 1.000000 0.000000
vn -0.000000 1.000000 0.000000
vn -0.000000 1.000000 0.000000
vn -0.000000 1.000000 0.000000
vn 0.000001 -1.000000 0.000000
vn 0.000001 -1.000000 0.000000
vn 0.000001 -1.000000 0.000000
vn -0.000000 -1.000000 0.000000
vn -0.000000 -1.000000 0.000000
vn -0.000000 -1.000000 0.000000
vn 0.000001 -1.000000 0.000000
vn 0.000001 -1.000000 0.000000
vn 0.000001 -1.000000 0.000000
vn -0.000000 -1.000000 0.000000
vn -0.000000 -1.000000 0.000000
vn -0.000000 -1.000000 0.000000
vn 0.623490 0.000000 0.781831
vn 0.623490 0.000000 0.781831
vn 0.623490 0.000000 0.781831
vn 0.623490 0.000000 0.781832
vn 0.623490 0.000000 0.781832
vn 0.623490 0.000000 0.781832
vn -0.000000 -1.000000 0.000000
vn -0.000000 -1.000000 0.000000
vn -0.000000 -1.000000 0.000000
vn -0.000002 -1.000000 0.000000
vn -0.000002 -1.000000 0.000000
vn -0.000002 -1.000000 0.000000
vn -0.000000 1.000000 0.000000
vn -0.000000 1.000000 0.000000
vn -0.000000 1.000000 0.000000
vn 0.000001 1.000000 0.000000
vn 0.000001 1.000000 0.000000
vn 0.000001 1.000000 0.000000
vn -1.000000 0.000000 0.000000
vn -1.000000 0.000000 0.000000
vn -1.000000 0.000000 0.000000
vn -1.000000 0.000000 0.000000
vn -1.000000 0.000000 0.000000
vn -1.000000 0.000000 0.000000
vn 0.000001 1.000000 0.000000
vn 0.000001 1.000000 0.000000
vn 0.000001 1.000000 0.000000
vn -0.000001 1.000000 0.000000
vn -0.000001 1.000000 0.000000
vn -0.000001 1.000000 0.000000
vn -0.900970 0.000000 -0.433881
vn -0.900970 0.000000 -0.433881
vn -0.900970 0.000000 -0.433881
vn -0.900969 0.000000 -0.433884
vn -0.900969 0.000000 -0.433884
vn -0.900969 0.000000 -0.433884
vn 0.900969 0.000000 0.433884
vn 0.900969 0.000000 0.433884
vn 0.900969 0.000000 0.433884
vn 0.900970 0.000000 0.433882
vn 0.900970 0.000000 0.433882
vn 0.900970 0.000000 0.433882
vn 0.900968 0.000000 -0.433886
vn 0.900968 0.000000 -0.433886
vn 0.900968 0.000000 -0.433886
vn 0.900969 0.000000 -0.433883
vn 0.900969 0.000000 -0.433883
vn 0.900969 0.000000 -0.433883
vn 1.000000 0.000000 0.000002
vn 1.000000 0.000000 0.000002
vn 1.000000 0.000000 0.000002
vn 1.000000 0.000000 0.000002
vn 1.000000 0.000000 0.000002
vn 1.000000 0.000000 0.000002
vn 0.000001 -1.000000 0.000000
vn 0.000001 -1.000000 0.000000
vn 0.000001 -1.000000 0.000000
vn -0.000000 -1.000000 0.000000
vn -0.000000 -1.000000 0.000000
vn -0.000000 -1.000000 0.000000
vn -0.000000 1.000000 0.000000
vn -0.000000 1.000000 0.000000
vn -0.000000 1.000000 0.000000
vn -0.000000 1.000000 0.000000
vn -0.000000 1.000000 0.000000
vn -0.000000 1.000000 0.000000
vn -0.000000 -1.000000 0.000000
vn -0.000000 -1.000000 0.000000
vn -0.000000 -1.000000 0.000000
vn -0.000000 -1.000000 0.000000
vn -0.000000 -1.000000 0.000000
vn -0.000000 -1.000000 0.000000
vn -0.000001 -1.000000 0.000000
vn -0.000001 -1.000000 0.000000
vn -0.000001 -1.000000 0.000000
vn -0.000000 -1.000000 0.000000
vn -0.000000 -1.000000 0.000000
vn -0.000000 -1.000000 0.000000
vn 0.000000 1.000000 0.000000
vn 0.000000 1.000000 0.000000
vn 0.000000 1.000000 0.000000
vn -0.000000 1.000000 0.000000
vn -0.000000 1.000000 0.000000
vn -0.000000 1.000000 0.000000
vn -0.900969 0.000000 0.433882
vn -0.900969 0.000000 0.433882
vn -0.900969 0.000000 0.433882
vn -0.900970 0.000000 0.433882
vn -0.900970 0.000000 0.433882
vn -0.900970 0.000000 0.433882
vn -0.222521 0.000000 0.974928
vn -0.222521 0.000000 0.974928
vn -0.222521 0.000000 0.974928
vn -0.222521 0.000000 0.974928
vn -0.222521 0.000000 0.974928
vn -0.222521 0.000000 0.974928
vn -0.000000 1.000000 0.000000
vn -0.000000 1.000000 0.000000
vn -0.000000 1.000000 0.000000
vn -0.000000 1.000000 0.000000
vn -0.000000 1.000000 0.000000
vn -0.000000 1.000000 0.000000
vn -0.623491 0.000000 0.781831
vn -0.623491 0.000000 0.781831
vn -0.623491 0.000000 0.781831
vn -0.623489 0.000000 0.781832
vn -0.623489 0.000000 0.781832
vn -0.623489 0.000000 0.781832
vn 0.623489 0.000000 -0.781832
vn 0.623489 0.000000 -0.781832
vn 0.623489 0.000000 -0.781832
vn 0.623491 0.000000 -0.781831
vn 0.623491 0.000000 -0.781831
vn 0.623491 0.000000 -0.781831
vn -0.000000 -1.000000 0.000000
vn -0.000000 -1.000000 0.000000
vn -0.000000 -1.000000 0.000000
vn -0.000000 -1.000000 0.000000
vn -0.000000 -1.000000 0.000000
vn -0.000000 -1.000000 0.000000
vn 0.222520 0.000000 -0.974928
vn 0.222520 0.000000 -0.974928
vn 0.222520 0.000000 -0.974928
vn 0.222521 0.000000 -0.974928
vn 0.222521 0.000000 -0.974928
vn 0.222521 0.000000 -0.974928
vn -0.000000 -1.000000 0.000000
vn -0.000000 -1.000000 0.000000
vn -0.000000 -1.000000 0.000000
vn -0.000000 -1.000000 0.000000
vn -0.000000 -1.000000 0.000000
vn -0.000000 -1.000000 0.000000
vn 0.000001 1.000000 0.000000
vn 0.000001 1.000000 0.000000
vn 0.000001 1.000000 0.000000
vn -0.000000 1.000000 0.000000
vn -0.000000 1.000000 0.000000
vn -0.000000 1.000000 0.000000
vn -0.000000 0.000000 -1.000000
vn -0.000000 0.000000 -1.000000
vn -0.000000 0.000000 -1.000000
vn -0.000000 0.000000 -1.000000
vn -0.000000 0.000000 -1.000000
vn -0.000000 0.000000 -1.000000
vn -0.000000 0.000000 1.000000
vn -0.000000 0.000000 1.000000
vn -0.000000 0.000000 1.000000
vn -0.000000 0.000000 1.000000
vn -0.000000 0.000000 1.000000
vn -0.000000 0.000000 1.000000
vn -0.000000 1.000000 0.000000
vn -0.000000 1.000000 0.000000
vn -0.000000 1.000000 0.000000
vn -0.000000 1.000000 0.000000
vn -0.000000 1.000000 0.000000
vn -0.000000 1.000000 0.000000
vn 0.000003 1.000000 0.000000
vn 0.000003 1.000000 0.000000
vn 0.000003 1.000000 0.000000
vn -0.000000 1.000000 0.000000
vn -0.000000 1.000000 0.000000
vn -0.000000 1.000000 0.000000
vn 0.000005 0.000000 1.000000
vn 0.000005 0.000000 1.000000
vn 0.000005 0.000000 1.000000
vn 0.000005 0.000000 1.000000
vn 0.000005 0.000000 1.000000
vn 0.000005 0.000000 1.000000
vn -0.000001 0.000000 -1.000000
vn -0.000001 0.000000 -1.000000
vn -0.000001 0.000000 -1.000000
vn -0.000001 0.000000 -1.000000
vn -0.000001 0.000000 -1.000000
vn -0.000001 0.000000 -1.000000
vn 0.417430 0.892108 -0.172905
vn 0.417430 0.892108 -0.172905
vn 0.417430 0.892108 -0.172905
vn 0.417430 0.892108 -0.172905
vn 0.417430 0.892108 -0.172905
vn 0.417430 0.892108 -0.172905
vn 0.172905 0.892107 0.417430
vn 0.172905 0.892107 0.417430
vn 0.172905 0.892107 0.417430
vn 0.172905 0.892108 0.417430
vn 0.172905 0.892108 0.417430
vn 0.172905 0.892108 0.417430
vn -0.417430 0.892108 0.172905
vn -0.417430 0.892108 0.172905
vn -0.417430 0.892108 0.172905
vn -0.417430 0.892108 0.172905
vn -0.417430 0.892108 0.172905
vn -0.417430 0.892108 0.172905
vn -0.172905 0.892108 -0.417430
vn -0.172905 0.892108 -0.417430
vn -0.172905 0.892108 -0.417430
vn -0.172905 0.892108 -0.417430
vn -0.172905 0.892108 -0.417430
vn -0.172905 0.892108 -0.417430
vn 0.172905 0.892108 -0.417430
vn 0.172905 0.892108 -0.417430
vn 0.172905 0.892108 -0.417430
vn 0.172905 0.892108 -0.417430
vn 0.172905 0.892108 -0.417430
vn 0.172905 0.892108 -0.417430
vn 0.417430 0.892108 0.172905
vn 0.417430 0.892108 0.172905
vn 0.417430 0.892108 0.172905
vn 0.417430 0.892108 0.172905
vn 0.417430 0.892108 0.172905
vn 0.417430 0.892108 0.172905
vn -0.172905 0.892108 0.417430
vn -0.172905 0.892108 0.417430
vn -0.172905 0.892108 0.417430
vn -0.172905 0.892108 0.417430
vn -0.172905 0.892108 0.417430
vn -0.172905 0.892108 0.417430
vn -0.417430 0.892108 -0.172905
vn -0.417430 0.892108 -0.172905
vn -0.417430 0.892108 -0.172905
vn -0.417430 0.892108 -0.172905
vn -0.417430 0.892108 -0.172905
vn -0.417430 0.892108 -0.172905
vn -0.161992 0.984508 0.067099
vn -0.161992 0.984508 0.067099
vn -0.161992 0.984508 0.067099
vn -0.161992 0.984508 0.067099
vn -0.161992 0.984508 0.067099
vn -0.161992 0.984508 0.067099
vn -0.067099 0.984508 -0.161992
vn -0.067099 0.984508 -0.161992
vn -0.067099 0.984508 -0.161992
vn -0.067099 0.984508 -0.161992
vn -0.067099 0.984508 -0.161992
vn -0.067099 0.984508 -0.161992
vn 0.067099 0.984508 -0.161992
vn 0.067099 0.984508 -0.161992
vn 0.067099 0.984508 -0.161992
vn 0.067099 0.984508 -0.161992
vn 0.067099 0.984508 -0.161992
vn 0.067099 0.984508 -0.161992
vn 0.161992 0.984508 0.067100
vn 0.161992 0.984508 0.067100
vn 0.161992 0.984508 0.067100
vn 0.161993 0.984508 0.067099
vn 0.161993 0.984508 0.067099
vn 0.161993 0.984508 0.067099
vn -0.067099 0.984508 0.161992
vn -0.067099 0.984508 0.161992
vn -0.067099 0.984508 0.161992
vn -0.067099 0.984508 0.161992
vn -0.067099 0.984508 0.161992
vn -0.067099 0.984508 0.161992
vn -0.161992 0.984508 -0.067099
vn -0.161992 0.984508 -0.067099
vn -0.161992 0.984508 -0.067099
vn -0.161992 0.984508 -0.067099
vn -0.161992 0.984508 -0.067099
vn -0.161992 0.984508 -0.067099
vn 0.161992 0.984508 -0.067100
vn 0.161992 0.984508 -0.067100
vn 0.161992 0.984508 -0.067100
vn 0.161992 0.984508 -0.067099
vn 0.161992 0.984508 -0.067099
vn 0.161992 0.984508 -0.067099
vn 0.067099 0.984508 0.161992
vn 0.067099 0.984508 0.161992
vn 0.067099 0.984508 0.161992
vn 0.067099 0.984508 0.161992
vn 0.067099 0.984508 0.161992
vn 0.067099 0.984508 0.161992
vn 0.417430 0.892108 -0.172905
vn 0.417430 0.892108 -0.172905
vn 0.417430 0.892108 -0.172905
vn 0.417430 0.892108 -0.172905
vn 0.417430 0.892108 -0.172905
vn 0.417430 0.892108 -0.172905
vn 0.172905 0.892108 0.417430
vn 0.172905 0.892108 0.417430
vn 0.172905 0.892108 0.417430
vn 0.172905 0.892108 0.417430
vn 0.172905 0.892108 0.417430
vn 0.172905 0.892108 0.417430
vn -0.417430 0.892108 0.172906
vn -0.417430 0.892108 0.172906
vn -0.417430 0.892108 0.172906
vn -0.417430 0.892108 0.172905
vn -0.417430 0.892108 0.172905
vn -0.417430 0.892108 0.172905
vn -0.172905 0.892108 -0.417430
vn -0.172905 0.892108 -0.417430
vn -0.172905 0.892108 -0.417430
vn -0.172905 0.892108 -0.417430
vn -0.172905 0.892108 -0.417430
vn -0.172905 0.892108 -0.417430
vn 0.172905 0.892108 -0.417430
vn 0.172905 0.892108 -0.417430
vn 0.172905 0.892108 -0.417430
vn 0.172905 0.892108 -0.417430
vn 0.172905 0.892108 -0.417430
vn 0.172905 0.892108 -0.417430
vn 0.417430 0.892108 0.172905
vn 0.417430 0.892108 0.172905
vn 0.417430 0.892108 0.172905
vn 0.417430 0.892108 0.172905
vn 0.417430 0.892108 0.172905
vn 0.417430 0.892108 0.172905
vn -0.172904 0.892108 0.417430
vn -0.172904 0.892108 0.417430
vn -0.172904 0.892108 0.417430
vn -0.172905 0.892108 0.417430
vn -0.172905 0.892108 0.417430
vn -0.172905 0.892108 0.417430
vn -0.417430 0.892108 -0.172905
vn -0.417430 0.892108 -0.172905
vn -0.417430 0.892108 -0.172905
vn -0.417430 0.892108 -0.172905
vn -0.417430 0.892108 -0.172905
vn -0.417430 0.892108 -0.172905
vn -0.161993 0.984508 0.067099
vn -0.161993 0.984508 0.067099
vn -0.161993 0.984508 0.067099
vn -0.161992 0.984508 0.067099
vn -0.161992 0.984508 0.067099
vn -0.161992 0.984508 0.067099
vn -0.067100 0.984508 -0.161992
vn -0.067100 0.984508 -0.161992
vn -0.067100 0.984508 -0.161992
vn -0.067099 0.984508 -0.161992
vn -0.067099 0.984508 -0.161992
vn -0.067099 0.984508 -0.161992
vn 0.067100 0.984508 -0.161992
vn 0.067100 0.984508 -0.161992
vn 0.067100 0.984508 -0.161992
vn 0.067099 0.984508 -0.161992
vn 0.067099 0.984508 -0.161992
vn 0.067099 0.984508 -0.161992
vn 0.161993 0.984508 0.067099
vn 0.161993 0.984508 0.067099
vn 0.161993 0.984508 0.067099
vn 0.161992 0.984508 0.067099
vn 0.161992 0.984508 0.067099
vn 0.161992 0.984508 0.067099
vn -0.067100 0.984508 0.161992
vn -0.067100 0.984508 0.161992
vn -0.067100 0.984508 0.161992
vn -0.067099 0.984508 0.161992
vn -0.067099 0.984508 0.161992
vn -0.067099 0.984508 0.161992
vn -0.161992 0.984508 -0.067099
vn -0.161992 0.984508 -0.067099
vn -0.161992 0.984508 -0.067099
vn -0.161992 0.984508 -0.067099
vn -0.161992 0.984508 -0.067099
vn -0.161992 0.984508 -0.067099
vn 0.161993 0.984508 -0.067100
vn 0.161993 0.984508 -0.067100
vn 0.161993 0.984508 -0.067100
vn 0.161992 0.984508 -0.067099
vn 0.161992 0.984508 -0.067099
vn 0.161992 0.984508 -0.067099
vn 0.067100 0.984508 0.161992
vn 0.067100 0.984508 0.161992
vn 0.067100 0.984508 0.161992
vn 0.067100 0.984508 0.161992
vn 0.067100 0.984508 0.161992
vn 0.067100 0.984508 0.161992
vn 0.923880 0.000000 -0.382683
vn 0.923880 0.000000 -0.382683
vn 0.923880 0.000000 -0.382683
vn 0.923879 0.000000 -0.382684
vn 0.923879 0.000000 -0.382684
vn 0.923879 0.000000 -0.382684
vn -0.000000 -1.000000 0.000000
vn -0.000000 -1.000000 0.000000
vn -0.000000 -1.000000 0.000000
vn 0.000000 -1.000000 0.000000
vn 0.000000 -1.000000 0.000000
vn 0.000000 -1.000000 0.000000
vn 0.382683 0.000000 0.923880
vn 0.382683 0.000000 0.923880
vn 0.382683 0.000000 0.923880
vn 0.382683 0.000000 0.923880
vn 0.382683 0.000000 0.923880
vn 0.382683 0.000000 0.923880
vn -0.923879 0.000000 0.382684
vn -0.923879 0.000000 0.382684
vn -0.923879 0.000000 0.382684
vn -0.923879 0.000000 0.382684
vn -0.923879 0.000000 0.382684
vn -0.923879 0.000000 0.382684
vn -0.382683 0.000000 -0.923880
vn -0.382683 0.000000 -0.923880
vn -0.382683 0.000000 -0.923880
vn -0.382683 0.000000 -0.923880
vn -0.382683 0.000000 -0.923880
vn -0.382683 0.000000 -0.923880
vn 0.382683 0.000000 -0.923880
vn 0.382683 0.000000 -0.923880
vn 0.382683 0.000000 -0.923880
vn 0.382683 0.000000 -0.923880
vn 0.382683 0.000000 -0.923880
vn 0.382683 0.000000 -0.923880
vn 0.923879 0.000000 0.382684
vn 0.923879 0.000000 0.382684
vn 0.923879 0.000000 0.382684
vn 0.923880 0.000000 0.382683
vn 0.923880 0.000000 0.382683
vn 0.923880 0.000000 0.382683
vn -0.382683 0.000000 0.923880
vn -0.382683 0.000000 0.923880
vn -0.382683 0.000000 0.923880
vn -0.382683 0.000000 0.923880
vn -0.382683 0.000000 0.923880
vn -0.382683 0.000000 0.923880
vn -0.923879 0.000000 -0.382684
vn -0.923879 0.000000 -0.382684
vn -0.923879 0.000000 -0.382684
vn -0.923879 0.000000 -0.382684
vn -0.923879 0.000000 -0.382684
vn -0.923879 0.000000 -0.382684
vn -0.000000 -1.000000 0.000000
vn -0.000000 -1.000000 0.000000
vn -0.000000 -1.000000 0.000000
vn 0.000001 -1.000000 0.000000
vn 0.000001 -1.000000 0.000000
vn 0.000001 -1.000000 0.000000
vn -0.000000 -1.000000 0.000000
vn -0.000000 -1.000000 0.000000
vn -0.000000 -1.000000 0.000000
vn -0.000000 -1.000000 0.000000
vn -0.000000 -1.000000 0.000000
vn -0.000000 -1.000000 0.000000
vn -0.000000 -1.000000 0.000000
vn -0.000000 -1.000000 0.000000
vn -0.000000 -1.000000 0.000000
vn -0.000000 -1.000000 0.000000
vn -0.000000 -1.000000 0.000000
vn -0.000000 -1.000000 0.000000
vn 0.000000 -1.000000 0.000000
vn 0.000000 -1.000000 0.000000
vn 0.000000 -1.000000 0.000000
vn -0.000000 -1.000000 0.000000
vn -0.000000 -1.000000 0.000000
vn -0.000000 -1.000000 0.000000
vn 0.000000 -1.000000 0.000000
vn 0.000000 -1.000000 0.000000
vn 0.000000 -1.000000 0.000000
vn -0.000000 -1.000000 0.000000
vn -0.000000 -1.000000 0.000000
vn -0.000000 -1.000000 0.000000
vn -0.000000 -1.000000 0.000000
vn -0.000000 -1.000000 0.000000
vn -0.000000 -1.000000 0.000000
vn -0.000000 -1.000000 0.000000
vn -0.000000 -1.000000 0.000000
vn -0.000000 -1.000000 0.000000
vn -0.000000 -1.000000 0.000000
vn -0.000000 -1.000000 0.000000
vn -0.000000 -1.000000 0.000000
vn -0.000000 -1.000000 0.000000
vn -0.000000 -1.000000 0.000000
vn -0.000000 -1.000000 0.000000
vn 0.382684 0.000000 -0.923879
vn 0.382684 0.000000 -0.923879
vn 0.382684 0.000000 -0.923879
vn 0.382684 0.000000 -0.923879
vn 0.382684 0.000000 -0.923879
vn 0.382684 0.000000 -0.923879
vn 0.923879 0.000000 0.382684
vn 0.923879 0.000000 0.382684
vn 0.923879 0.000000 0.382684
vn 0.923879 0.000000 0.382684
vn 0.923879 0.000000 0.382684
vn 0.923879 0.000000 0.382684
vn -0.382683 0.000000 0.923880
vn -0.382683 0.000000 0.923880
vn -0.382683 0.000000 0.923880
vn -0.382683 0.000000 0.923880
vn -0.382683 0.000000 0.923880
vn -0.382683 0.000000 0.923880
vn -0.923880 0.000000 -0.382683
vn -0.923880 0.000000 -0.382683
vn -0.923880 0.000000 -0.382683
vn -0.923879 0.000000 -0.382684
vn -0.923879 0.000000 -0.382684
vn -0.923879 0.000000 -0.382684
vn 0.923879 0.000000 -0.382684
vn 0.923879 0.000000 -0.382684
vn 0.923879 0.000000 -0.382684
vn 0.923879 0.000000 -0.382684
vn 0.923879 0.000000 -0.382684
vn 0.923879 0.000000 -0.382684
vn 0.382684 0.000000 0.923879
vn 0.382684 0.000000 0.923879
vn 0.382684 0.000000 0.923879
vn 0.382684 0.000000 0.923879
vn 0.382684 0.000000 0.923879
vn 0.382684 0.000000 0.923879
vn -0.923879 0.000000 0.382684
vn -0.923879 0.000000 0.382684
vn -0.923879 0.000000 0.382684
vn -0.923880 0.000000 0.382683
vn -0.923880 0.000000 0.382683
vn -0.923880 0.000000 0.382683
vn -0.382683 0.000000 -0.923880
vn -0.382683 0.000000 -0.923880
vn -0.382683 0.000000 -0.923880
vn -0.382683 0.000000 -0.923880
vn -0.382683 0.000000 -0.923880
vn -0.382683 0.000000 -0.923880
vn -0.000000 1.000000 0.000000
vn -0.000000 1.000000 0.000000
vn -0.000000 1.000000 0.000000
vn 0.000000 1.000000 0.000000
vn 0.000000 1.000000 0.000000
vn 0.000000 1.000000 0.000000
vn -0.000000 1.000000 0.000000
vn -0.000000 1.000000 0.000000
vn -0.000000 1.000000 0.000000
vn 0.000000 1.000000 0.000000
vn 0.000000 1.000000 0.000000
vn 0.000000 1.000000 0.000000
vn -0.000000 1.000000 0.000000
vn -0.000000 1.000000 0.000000
vn -0.000000 1.000000 0.000000
vn -0.000000 1.000000 0.000000
vn -0.000000 1.000000 0.000000
vn -0.000000 1.000000 0.000000
vn 0.923879 0.000000 -0.382684
vn 0.923879 0.000000 -0.382684
vn 0.923879 0.000000 -0.382684
vn 0.923880 0.000000 -0.382683
vn 0.923880 0.000000 -0.382683
vn 0.923880 0.000000 -0.382683
vn -0.000000 -1.000000 0.000000
vn -0.000000 -1.000000 0.000000
vn -0.000000 -1.000000 0.000000
vn 0.000000 -1.000000 0.000000
vn 0.000000 -1.000000 0.000000
vn 0.000000 -1.000000 0.000000
vn 0.382684 0.000000 0.923879
vn 0.382684 0.000000 0.923879
vn 0.382684 0.000000 0.923879
vn 0.382684 0.000000 0.923879
vn 0.382684 0.000000 0.923879
vn 0.382684 0.000000 0.923879
vn -0.923879 0.000000 0.382684
vn -0.923879 0.000000 0.382684
vn -0.923879 0.000000 0.382684
vn -0.923879 0.000000 0.382684
vn -0.923879 0.000000 0.382684
vn -0.923879 0.000000 0.382684
vn -0.382683 0.000000 -0.923880
vn -0.382683 0.000000 -0.923880
vn -0.382683 0.000000 -0.923880
vn -0.382683 0.000000 -0.923880
vn -0.382683 0.000000 -0.923880
vn -0.382683 0.000000 -0.923880
vn 0.382684 0.000000 -0.923880
vn 0.382684 0.000000 -0.923880
vn 0.382684 0.000000 -0.923880
vn 0.382683 0.000000 -0.923880
vn 0.382683 0.000000 -0.923880
vn 0.382683 0.000000 -0.923880
vn 0.923880 0.000000 0.382683
vn 0.923880 0.000000 0.382683
vn 0.923880 0.000000 0.382683
vn 0.923879 0.000000 0.382684
vn 0.923879 0.000000 0.382684
vn 0.923879 0.000000 0.382684
vn -0.382684 0.000000 0.923879
vn -0.382684 0.000000 0.923879
vn -0.382684 0.000000 0.923879
vn -0.382683 0.000000 0.923880
vn -0.382683 0.000000 0.923880
vn -0.382683 0.000000 0.923880
vn -0.923879 0.000000 -0.382684
vn -0.923879 0.000000 -0.382684
vn -0.923879 0.000000 -0.382684
vn -0.923879 0.000000 -0.382684
vn -0.923879 0.000000 -0.382684
vn -0.923879 0.000000 -0.382684
vn -0.000000 -1.000000 0.000000
vn -0.000000 -1.000000 0.000000
vn -0.000000 -1.000000 0.000000
vn 0.000004 -1.000000 0.000000
vn 0.000004 -1.000000 0.000000
vn 0.000004 -1.000000 0.000000
vn -0.000002 -1.000000 0.000000
vn -0.000002 -1.000000 0.000000
vn -0.000002 -1.000000 0.000000
vn -0.000000 -1.000000 0.000000
vn -0.000000 -1.000000 0.000000
vn -0.000000 -1.000000 0.000000
vn 0.000001 -1.000000 0.000000
vn 0.000001 -1.000000 0.000000
vn 0.000001 -1.000000 0.000000
vn -0.000002 -1.000000 0.000000
vn -0.000002 -1.000000 0.000000
vn -0.000002 -1.000000 0.000000
vn -0.000001 -1.000000 0.000000
vn -0.000001 -1.000000 0.000000
vn -0.000001 -1.000000 0.000000
vn -0.000000 -1.000000 0.000000
vn -0.000000 -1.000000 0.000000
vn -0.000000 -1.000000 0.000000
vn -0.000001 -1.000000 0.000000
vn -0.000001 -1.000000 0.000000
vn -0.000001 -1.000000 0.000000
vn -0.000000 -1.000000 0.000000
vn -0.000000 -1.000000 0.000000
vn -0.000000 -1.000000 0.000000
vn -0.000000 -1.000000 0.000000
vn -0.000000 -1.000000 0.000000
vn -0.000000 -1.000000 0.000000
vn 0.000000 -1.000000 0.000000
vn 0.000000 -1.000000 0.000000
vn 0.000000 -1.000000 0.000000
vn -0.000000 -1.000000 0.000000
vn -0.000000 -1.000000 0.000000
vn -0.000000 -1.000000 0.000000
vn -0.000000 -1.000000 0.000000
vn -0.000000 -1.000000 0.000000
vn -0.000000 -1.000000 0.000000
vn 0.382684 0.000000 -0.923879
vn 0.382684 0.000000 -0.923879
vn 0.382684 0.000000 -0.923879
vn 0.382683 0.000000 -0.923880
vn 0.382683 0.000000 -0.923880
vn 0.382683 0.000000 -0.923880
vn 0.923880 0.000000 0.382683
vn 0.923880 0.000000 0.382683
vn 0.923880 0.000000 0.382683
vn 0.923879 0.000000 0.382684
vn 0.923879 0.000000 0.382684
vn 0.923879 0.000000 0.382684
vn -0.382683 0.000000 0.923880
vn -0.382683 0.000000 0.923880
vn -0.382683 0.000000 0.923880
vn -0.382683 0.000000 0.923880
vn -0.382683 0.000000 0.923880
vn -0.382683 0.000000 0.923880
vn -0.923880 0.000000 -0.382684
vn -0.923880 0.000000 -0.382684
vn -0.923880 0.000000 -0.382684
vn -0.923880 0.000000 -0.382683
vn -0.923880 0.000000 -0.382683
vn -0.923880 0.000000 -0.382683
vn 0.923879 0.000000 -0.382684
vn 0.923879 0.000000 -0.382684
vn 0.923879 0.000000 -0.382684
vn 0.923880 0.000000 -0.382683
vn 0.923880 0.000000 -0.382683
vn 0.923880 0.000000 -0.382683
vn 0.382683 0.000000 0.923880
vn 0.382683 0.000000 0.923880
vn 0.382683 0.000000 0.923880
vn 0.382684 0.000000 0.923880
vn 0.382684 0.000000 0.923880
vn 0.382684 0.000000 0.923880
vn -0.923880 0.000000 0.382683
vn -0.923880 0.000000 0.382683
vn -0.923880 0.000000 0.382683
vn -0.923880 0.000000 0.382683
vn -0.923880 0.000000 0.382683
vn -0.923880 0.000000 0.382683
vn -0.382683 0.000000 -0.923880
vn -0.382683 0.000000 -0.923880
vn -0.382683 0.000000 -0.923880
vn -0.382683 0.000000 -0.923880
vn -0.382683 0.000000 -0.923880
vn -0.382683 0.000000 -0.923880
vn -0.000000 1.000000 0.000000
vn -0.000000 1.000000 0.000000
vn -0.000000 1.000000 0.000000
vn -0.000000 1.000000 0.000000
vn -0.000000 1.000000 0.000000
vn -0.000000 1.000000 0.000000
vn -0.000000 1.000000 0.000000
vn -0.000000 1.000000 0.000000
vn -0.000000 1.000000 0.000000
vn 0.000000 1.000000 0.000000
vn 0.000000 1.000000 0.000000
vn 0.000000 1.000000 0.000000
vn -0.000000 1.000000 0.000000
vn -0.000000 1.000000 0.000000
vn -0.000000 1.000000 0.000000
vn -0.000000 1.000000 0.000000
vn -0.000000 1.000000 0.000000
vn -0.000000 1.000000 0.000000

g Material.001
f 3/1/1 1/2/2 2/3/3
f 4/4/4 1/5/5 3/6/6
f 7/7/7 5/8/8 6/9/9
f 8/10/10 5/11/11 7/12/12
f 11/13/13 9/14/14 10/15/15
f 12/16/16 9/17/17 11/18/18
f 15/19/19 13/20/20 14/21/21
f 16/22/22 13/23/23 15/24/24
f 19/25/25 17/26/26 18/27/27
f 20/28/28 17/29/29 19/30/30
f 23/31/31 21/32/32 22/33/33
f 24/34/34 21/35/35 23/36/36
f 27/37/37 25/38/38 26/39/39
f 28/40/40 25/41/41 27/42/42
f 31/43/43 29/44/44 30/45/45
f 32/46/46 29/47/47 31/48/48
f 35/49/49 33/50/50 34/51/51
f 36/52/52 33/53/53 35/54/54
f 39/55/55 37/56/56 38/57/57
f 42/58/58 40/59/59 41/60/60
f 43/61/61 40/62/62 42/63/63
f 46/64/64 44/65/65 45/66/66
f 47/67/67 44/68/68 46/69/69
f 50/70/70 48/71/71 49/72/72
f 51/73/73 48/74/74 50/75/75
f 54/76/76 52/77/77 53/78/78
f 55/79/79 52/80/80 54/81/81
f 58/82/82 56/83/83 57/84/84
f 59/85/85 56/86/86 58/87/87
f 62/88/88 60/89/89 61/90/90
f 63/91/91 60/92/92 62/93/93
f 66/94/94 64/95/95 65/96/96
f 67/97/97 64/98/98 66/99/99
f 70/100/100 68/101/101 69/102/102
f 71/103/103 68/104/104 70/105/105
f 226/106/106 224/107/107 225/108/108
f 227/109/109 224/110/110 226/111/111
f 230/112/112 228/113/113 229/114/114
f 231/115/115 228/116/116 230/117/117
f 234/118/118 232/119/119 233/120/120
f 237/121/121 235/122/122 236/123/123
f 240/124/124 238/125/125 239/126/126
f 243/127/127 241/128/128 242/129/129
f 246/130/130 244/131/131 245/132/132
f 249/133/133 247/134/134 248/135/135
f 250/136/136 247/137/137 249/138/138
f 253/139/139 251/140/140 252/141/141
f 254/142/142 251/143/143 253/144/144
f 257/145/145 255/146/146 256/147/147
f 260/148/148 258/149/149 259/150/150
f 261/151/151 258/152/152 260/153/153
f 264/154/154 262/155/155 263/156/156
f 265/157/157 262/158/158 264/159/159
f 268/160/160 266/161/161 267/162/162
f 269/163/163 266/164/164 268/165/165
f 272/166/166 270/167/167 271/168/168
f 275/169/169 273/170/170 274/171/171
f 276/172/172 273/173/173 275/174/174
f 279/175/175 277/176/176 278/177/177
f 280/178/178 277/179/179 279/180/180
f 283/181/181 281/182/182 282/183/183
f 286/184/184 284/185/185 285/186/186
f 289/187/187 287/188/188 288/189/189
f 290/190/190 287/191/191 289/192/192
f 293/193/193 291/194/194 292/195/195
f 294/196/196 291/197/197 293/198/198
f 297/199/199 295/200/200 296/201/201
f 298/202/202 295/203/203 297/204/204
f 301/205/205 299/206/206 300/207/207
f 302/208/208 299/209/209 301/210/210
f 305/211/211 303/212/212 304/213/213
f 306/214/214 303/215/215 305/216/216
f 309/217/217 307/218/218 308/219/219
f 310/220/220 307/221/221 309/222/222
f 700/223/223 698/224/224 699/225/225
f 703/226/226 701/227/227 702/228/228
f 706/229/229 704/230/230 705/231/231
f 709/232/232 707/233/233 708/234/234
f 712/235/235 710/236/236 711/237/237
f 715/238/238 713/239/239 714/240/240
f 718/241/241 716/242/242 717/243/243
f 721/244/244 719/245/245 720/246/246
f 724/247/247 722/248/248 723/249/249
f 727/250/250 725/251/251 726/252/252
f 889/253/253 887/254/254 888/255/255
f 890/256/256 887/257/257 889/258/258
f 893/259/259 891/260/260 892/261/261
f 894/262/262 891/263/263 893/264/264
f 897/265/265 895/266/266 896/267/267
f 898/268/268 895/269/269 897/270/270
f 901/271/271 899/272/272 900/273/273
f 902/274/274 899/275/275 901/276/276
f 905/277/277 903/278/278 904/279/279
f 906/280/280 903/281/281 905/282/282
f 909/283/283 907/284/284 908/285/285
f 910/286/286 907/287/287 909/288/288
f 913/289/289 911/290/290 912/291/291
f 914/292/292 911/293/293 913/294/294
f 917/295/295 915/296/296 916/297/297
f 918/298/298 915/299/299 917/300/300
f 921/301/301 919/302/302 920/303/303
f 922/304/304 919/305/305 921/306/306
f 925/307/307 923/308/308 924/309/309
f 928/310/310 926/311/311 927/312/312
f 929/313/313 926/314/314 928/315/315
f 932/316/316 930/317/317 931/318/318
f 933/319/319 930/320/320 932/321/321
f 936/322/322 934/323/323 935/324/324
f 937/325/325 934/326/326 936/327/327
f 940/328/328 938/329/329 939/330/330
f 941/331/331 938/332/332 940/333/333
f 944/334/334 942/335/335 943/336/336
f 945/337/337 942/338/338 944/339/339
f 948/340/340 946/341/341 947/342/342
f 949/343/343 946/344/344 948/345/345
f 952/346/346 950/347/347 951/348/348
f 953/349/349 950/350/350 952/351/351
f 956/352/352 954/353/353 955/354/354
f 957/355/355 954/356/356 956/357/357
f 1112/358/358 1110/359/359 1111/360/360
f 1115/361/361 1113/362/362 1114/363/363
f 1118/364/364 1116/365/365 1117/366/366
f 1119/367/367 1116/368/368 1118/369/369
f 1122/370/370 1120/371/371 1121/372/372
f 1123/373/373 1120/374/374 1122/375/375
f 1126/376/376 1124/377/377 1125/378/378
f 1127/379/379 1124/380/380 1126/381/381
f 1130/382/382 1128/383/383 1129/384/384
f 1131/385/385 1128/386/386 1130/387/387
f 1134/388/388 1132/389/389 1133/390/390
f 1135/391/391 1132/392/392 1134/393/393
f 1138/394/394 1136/395/395 1137/396/396
f 1141/397/397 1139/398/398 1140/399/399
f 1144/400/400 1142/401/401 1143/402/402
f 1147/403/403 1145/404/404 1146/405/405
f 1148/406/406 1145/407/407 1147/408/408
f 1151/409/409 1149/410/410 1150/411/411
f 1154/412/412 1152/413/413 1153/414/414
f 1157/415/415 1155/416/416 1156/417/417
f 1158/418/418 1155/419/419 1157/420/420
f 1161/421/421 1159/422/422 1160/423/423
f 1164/424/424 1162/425/425 1163/426/426
f 1167/427/427 1165/428/428 1166/429/429
f 1168/430/430 1165/431/431 1167/432/432
f 1171/433/433 1169/434/434 1170/435/435
f 1172/436/436 1169/437/437 1171/438/438
f 1175/439/439 1173/440/440 1174/441/441
f 1176/442/442 1173/443/443 1175/444/444
f 1179/445/445 1177/446/446 1178/447/447
f 1180/448/448 1177/449/449 1179/450/450
f 1183/451/451 1181/452/452 1182/453/453
f 1184/454/454 1181/455/455 1183/456/456
f 1187/457/457 1185/458/458 1186/459/459
f 1188/460/460 1185/461/461 1187/462/462
f 1191/463/463 1189/464/464 1190/465/465
f 1192/466/466 1189/467/467 1191/468/468
f 1195/469/469 1193/470/470 1194/471/471
f 1196/472/472 1193/473/473 1195/474/474
f 1586/475/475 1584/476/476 1585/477/477
f 1589/478/478 1587/479/479 1588/480/480
f 1592/481/481 1590/482/482 1591/483/483
f 1595/484/484 1593/485/485 1594/486/486
f 1598/487/487 1596/488/488 1597/489/489
f 1601/490/490 1599/491/491 1600/492/492
f 1604/493/493 1602/494/494 1603/495/495
f 1607/496/496 1605/497/497 1606/498/498
f 1610/499/499 1608/500/500 1609/501/501
f 1613/502/502 1611/503/503 1612/504/504
f 1775/505/505 1773/506/506 1774/507/507
f 1778/508/508 1776/509/509 1777/510/510
f 1781/511/511 1779/512/512 1780/513/513
f 1784/514/514 1782/515/515 1783/516/516
f 1787/517/517 1785/518/518 1786/519/519
f 1790/520/520 1788/521/521 1789/522/522
f 1793/523/523 1791/524/524 1792/525/525
f 1796/526/526 1794/527/527 1795/528/528
f 1799/529/529 1797/530/530 1798/531/531
f 1802/532/532 1800/533/533 1801/534/534
f 1805/535/535 1803/536/536 1804/537/537
f 1808/538/538 1806/539/539 1807/540/540
f 1811/541/541 1809/542/542 1810/543/543
f 1814/544/544 1812/545/545 1813/546/546
f 1817/547/547 1815/548/548 1816/549/549
f 1820/550/550 1818/551/551 1819/552/552

g Material.002
f 74/553/553 72/554/554 73/555/555
f 75/556/556 72/557/557 74/558/558
f 78/559/559 76/560/560 77/561/561
f 79/562/562 76/563/563 78/564/564
f 82/565/565 80/566/566 81/567/567
f 83/568/568 80/569/569 82/570/570
f 86/571/571 84/572/572 85/573/573
f 87/574/574 84/575/575 86/576/576
f 90/577/577 88/578/578 89/579/579
f 91/580/580 88/581/581 90/582/582
f 94/583/583 92/584/584 93/585/585
f 95/586/586 92/587/587 94/588/588
f 98/589/589 96/590/590 97/591/591
f 99/592/592 96/593/593 98/594/594
f 102/595/595 100/596/596 101/597/597
f 103/598/598 100/599/599 102/600/600
f 106/601/601 104/602/602 105/603/603
f 107/604/604 104/605/605 106/606/606
f 110/607/607 108/608/608 109/609/609
f 111/610/610 108/611/611 110/612/612
f 114/613/613 112/614/614 113/615/615
f 115/616/616 112/617/617 114/618/618
f 118/619/619 116/620/620 117/621/621
f 119/622/622 116/623/623 118/624/624
f 122/625/625 120/626/626 121/627/627
f 123/628/628 120/629/629 122/630/630
f 126/631/631 124/632/632 125/633/633
f 127/634/634 124/635/635 126/636/636
f 130/637/637 128/638/638 129/639/639
f 131/640/640 128/641/641 130/642/642
f 134/643/643 132/644/644 133/645/645
f 135/646/646 132/647/647 134/648/648
f 138/649/649 136/650/650 137/651/651
f 139/652/652 136/653/653 138/654/654
f 142/655/655 140/656/656 141/657/657
f 143/658/658 140/659/659 142/660/660
f 146/661/661 144/662/662 145/663/663
f 147/664/664 144/665/665 146/666/666
f 150/667/667 148/668/668 149/669/669
f 151/670/670 148/671/671 150/672/672
f 154/673/673 152/674/674 153/675/675
f 155/676/676 152/677/677 154/678/678
f 158/679/679 156/680/680 157/681/681
f 159/682/682 156/683/683 158/684/684
f 162/685/685 160/686/686 161/687/687
f 163/688/688 160/689/689 162/690/690
f 166/691/691 164/692/692 165/693/693
f 167/694/694 164/695/695 166/696/696
f 170/697/697 168/698/698 169/699/699
f 171/700/700 168/701/701 170/702/702
f 174/703/703 172/704/704 173/705/705
f 175/706/706 172/707/707 174/708/708
f 178/709/709 176/710/710 177/711/711
f 179/712/712 176/713/713 178/714/714
f 182/715/715 180/716/716 181/717/717
f 183/718/718 180/719/719 182/720/720
f 186/721/721 184/722/722 185/723/723
f 187/724/724 184/725/725 186/726/726
f 190/727/727 188/728/728 189/729/729
f 191/730/730 188/731/731 190/732/732
f 194/733/733 192/734/734 193/735/735
f 195/736/736 192/737/737 194/738/738
f 198/739/739 196/740/740 197/741/741
f 199/742/742 196/743/743 198/744/744
f 202/745/745 200/746/746 201/747/747
f 203/748/748 200/749/749 202/750/750
f 206/751/751 204/752/752 205/753/753
f 207/754/754 204/755/755 206/756/756
f 210/757/757 208/758/758 209/759/759
f 211/760/760 208/761/761 210/762/762
f 214/763/763 212/764/764 213/765/765
f 215/766/766 212/767/767 214/768/768
f 218/769/769 216/770/770 217/771/771
f 219/772/772 216/773/773 218/774/774
f 222/775/775 220/776/776 221/777/777
f 223/778/778 220/779/779 222/780/780
f 313/781/781 311/782/782 312/783/783
f 314/784/784 311/785/785 313/786/786
f 317/787/787 315/788/788 316/789/789
f 318/790/790 315/791/791 317/792/792
f 321/793/793 319/794/794 320/795/795
f 322/796/796 319/797/797 321/798/798
f 325/799/799 323/800/800 324/801/801
f 326/802/802 323/803/803 325/804/804
f 329/805/805 327/806/806 328/807/807
f 330/808/808 327/809/809 329/810/810
f 333/811/811 331/812/812 332/813/813
f 334/814/814 331/815/815 333/816/816
f 337/817/817 335/818/818 336/819/819
f 338/820/820 335/821/821 337/822/822
f 341/823/823 339/824/824 340/825/825
f 342/826/826 339/827/827 341/828/828
f 345/829/829 343/830/830 344/831/831
f 346/832/832 343/833/833 345/834/834
f 349/835/835 347/836/836 348/837/837
f 350/838/838 347/839/839 349/840/840
f 353/841/841 351/842/842 352/843/843
f 354/844/844 351/845/845 353/846/846
f 357/847/847 355/848/848 356/849/849
f 358/850/850 355/851/851 357/852/852
f 361/853/853 359/854/854 360/855/855
f 362/856/856 359/857/857 361/858/858
f 365/859/859 363/860/860 364/861/861
f 366/862/862 363/863/863 365/864/864
f 369/865/865 367/866/866 368/867/867
f 370/868/868 367/869/869 369/870/870
f 373/871/871 371/872/872 372/873/873
f 374/874/874 371/875/875 373/876/876
f 377/877/877 375/878/878 376/879/879
f 378/880/880 375/881/881 377/882/882
f 381/883/883 379/884/884 380/885/885
f 382/886/886 379/887/887 381/888/888
f 385/889/889 383/890/890 384/891/891
f 386/892/892 383/893/893 385/894/894
f 389/895/895 387/896/896 388/897/897
f 390/898/898 387/899/899 389/900/900
f 393/901/901 391/902/902 392/903/903
f 394/904/904 391/905/905 393/906/906
f 397/907/907 395/908/908 396/909/909
f 398/910/910 395/911/911 397/912/912
f 401/913/913 399/914/914 400/915/915
f 402/916/916 399/917/917 401/918/918
f 405/919/919 403/920/920 404/921/921
f 406/922/922 403/923/923 405/924/924
f 409/925/925 407/926/926 408/927/927
f 410/928/928 407/929/929 409/930/930
f 413/931/931 411/932/932 412/933/933
f 414/934/934 411/935/935 413/936/936
f 417/937/937 415/938/938 416/939/939
f 418/940/940 415/941/941 417/942/942
f 421/943/943 419/944/944 420/945/945
f 422/946/946 419/947/947 421/948/948
f 425/949/949 423/950/950 424/951/951
f 426/952/952 423/953/953 425/954/954
f 429/955/955 427/956/956 428/957/957
f 430/958/958 427/959/959 429/960/960
f 433/961/961 431/962/962 432/963/963
f 434/964/964 431/965/965 433/966/966
f 437/967/967 435/968/968 436/969/969
f 438/970/970 435/971/971 437/972/972
f 441/973/973 439/974/974 440/975/975
f 442/976/976 439/977/977 441/978/978
f 445/979/979 443/980/980 444/981/981
f 446/982/982 443/983/983 445/984/984
f 449/985/985 447/986/986 448/987/987
f 450/988/988 447/989/989 449/990/990
f 453/991/991 451/992/992 452/993/993
f 454/994/994 451/995/995 453/996/996
f 457/997/997 455/998/998 456/999/999
f 458/1000/1000 455/1001/1001 457/1002/1002
f 461/1003/1003 459/1004/1004 460/1005/1005
f 462/1006/1006 459/1007/1007 461/1008/1008
f 465/1009/1009 463/1010/1010 464/1011/1011
f 466/1012/1012 463/1013/1013 465/1014/1014
f 469/1015/1015 467/1016/1016 468/1017/1017
f 470/1018/1018 467/1019/1019 469/1020/1020
f 537/1021/1021 535/1022/1022 536/1023/1023
f 538/1024/1024 535/1025/1025 537/1026/1026
f 545/1027/1027 543/1028/1028 544/1029/1029
f 546/1030/1030 543/1031/1031 545/1032/1032
f 549/1033/1033 547/1034/1034 548/1035/1035
f 550/1036/1036 547/1037/1037 549/1038/1038
f 553/1039/1039 551/1040/1040 552/1041/1041
f 554/1042/1042 551/1043/1043 553/1044/1044
f 557/1045/1045 555/1046/1046 556/1047/1047
f 558/1048/1048 555/1049/1049 557/1050/1050
f 561/1051/1051 559/1052/1052 560/1053/1053
f 562/1054/1054 559/1055/1055 561/1056/1056
f 565/1057/1057 563/1058/1058 564/1059/1059
f 566/1060/1060 563/1061/1061 565/1062/1062
f 569/1063/1063 567/1064/1064 568/1065/1065
f 570/1066/1066 567/1067/1067 569/1068/1068
f 573/1069/1069 571/1070/1070 572/1071/1071
f 574/1072/1072 571/1073/1073 573/1074/1074
f 577/1075/1075 575/1076/1076 576/1077/1077
f 578/1078/1078 575/1079/1079 577/1080/1080
f 581/1081/1081 579/1082/1082 580/1083/1083
f 582/1084/1084 579/1085/1085 581/1086/1086
f 585/1087/1087 583/1088/1088 584/1089/1089
f 586/1090/1090 583/1091/1091 585/1092/1092
f 589/1093/1093 587/1094/1094 588/1095/1095
f 590/1096/1096 587/1097/1097 589/1098/1098
f 593/1099/1099 591/1100/1100 592/1101/1101
f 594/1102/1102 591/1103/1103 593/1104/1104
f 597/1105/1105 595/1106/1106 596/1107/1107
f 598/1108/1108 595/1109/1109 597/1110/1110
f 601/1111/1111 599/1112/1112 600/1113/1113
f 602/1114/1114 599/1115/1115 601/1116/1116
f 745/1117/1117 743/1118/1118 744/1119/1119
f 746/1120/1120 743/1121/1121 745/1122/1122
f 749/1123/1123 747/1124/1124 748/1125/1125
f 750/1126/1126 747/1127/1127 749/1128/1128
f 753/1129/1129 751/1130/1130 752/1131/1131
f 754/1132/1132 751/1133/1133 753/1134/1134
f 757/1135/1135 755/1136/1136 756/1137/1137
f 758/1138/1138 755/1139/1139 757/1140/1140
f 761/1141/1141 759/1142/1142 760/1143/1143
f 762/1144/1144 759/1145/1145 761/1146/1146
f 765/1147/1147 763/1148/1148 764/1149/1149
f 766/1150/1150 763/1151/1151 765/1152/1152
f 769/1153/1153 767/1154/1154 768/1155/1155
f 770/1156/1156 767/1157/1157 769/1158/1158
f 773/1159/1159 771/1160/1160 772/1161/1161
f 774/1162/1162 771/1163/1163 773/1164/1164
f 777/1165/1165 775/1166/1166 776/1167/1167
f 778/1168/1168 775/1169/1169 777/1170/1170
f 781/1171/1171 779/1172/1172 780/1173/1173
f 782/1174/1174 779/1175/1175 781/1176/1176
f 785/1177/1177 783/1178/1178 784/1179/1179
f 786/1180/1180 783/1181/1181 785/1182/1182
f 789/1183/1183 787/1184/1184 788/1185/1185
f 790/1186/1186 787/1187/1187 789/1188/1188
f 793/1189/1189 791/1190/1190 792/1191/1191
f 794/1192/1192 791/1193/1193 793/1194/1194
f 797/1195/1195 795/1196/1196 796/1197/1197
f 798/1198/1198 795/1199/1199 797/1200/1200
f 801/1201/1201 799/1202/1202 800/1203/1203
f 802/1204/1204 799/1205/1205 801/1206/1206
f 805/1207/1207 803/1208/1208 804/1209/1209
f 806/1210/1210 803/1211/1211 805/1212/1212
f 809/1213/1213 807/1214/1214 808/1215/1215
f 810/1216/1216 807/1217/1217 809/1218/1218
f 813/1219/1219 811/1220/1220 812/1221/1221
f 814/1222/1222 811/1223/1223 813/1224/1224
f 817/1225/1225 815/1226/1226 816/1227/1227
f 818/1228/1228 815/1229/1229 817/1230/1230
f 821/1231/1231 819/1232/1232 820/1233/1233
f 822/1234/1234 819/1235/1235 821/1236/1236
f 825/1237/1237 823/1238/1238 824/1239/1239
f 826/1240/1240 823/1241/1241 825/1242/1242
f 829/1243/1243 827/1244/1244 828/1245/1245
f 830/1246/1246 827/1247/1247 829/1248/1248
f 833/1249/1249 831/1250/1250 832/1251/1251
f 834/1252/1252 831/1253/1253 833/1254/1254
f 837/1255/1255 835/1256/1256 836/1257/1257
f 838/1258/1258 835/1259/1259 837/1260/1260
f 841/1261/1261 839/1262/1262 840/1263/1263
f 842/1264/1264 839/1265/1265 841/1266/1266
f 845/1267/1267 843/1268/1268 844/1269/1269
f 846/1270/1270 843/1271/1271 845/1272/1272
f 849/1273/1273 847/1274/1274 848/1275/1275
f 850/1276/1276 847/1277/1277 849/1278/1278
f 853/1279/1279 851/1280/1280 852/1281/1281
f 854/1282/1282 851/1283/1283 853/1284/1284
f 857/1285/1285 855/1286/1286 856/1287/1287
f 858/1288/1288 855/1289/1289 857/1290/1290
f 861/1291/1291 859/1292/1292 860/1293/1293
f 862/1294/1294 859/1295/1295 861/1296/1296
f 865/1297/1297 863/1298/1298 864/1299/1299
f 866/1300/1300 863/1301/1301 865/1302/1302
f 869/1303/1303 867/1304/1304 868/1305/1305
f 870/1306/1306 867/1307/1307 869/1308/1308
f 873/1309/1309 871/1310/1310 872/1311/1311
f 874/1312/1312 871/1313/1313 873/1314/1314
f 877/1315/1315 875/1316/1316 876/1317/1317
f 878/1318/1318 875/1319/1319 877/1320/1320
f 881/1321/1321 879/1322/1322 880/1323/1323
f 882/1324/1324 879/1325/1325 881/1326/1326
f 885/1327/1327 883/1328/1328 884/1329/1329
f 886/1330/1330 883/1331/1331 885/1332/1332
f 960/1333/1333 958/1334/1334 959/1335/1335
f 961/1336/1336 958/1337/1337 960/1338/1338
f 964/1339/1339 962/1340/1340 963/1341/1341
f 965/1342/1342 962/1343/1343 964/1344/1344
f 968/1345/1345 966/1346/1346 967/1347/1347
f 969/1348/1348 966/1349/1349 968/1350/1350
f 972/1351/1351 970/1352/1352 971/1353/1353
f 973/1354/1354 970/1355/1355 972/1356/1356
f 976/1357/1357 974/1358/1358 975/1359/1359
f 977/1360/1360 974/1361/1361 976/1362/1362
f 980/1363/1363 978/1364/1364 979/1365/1365
f 981/1366/1366 978/1367/1367 980/1368/1368
f 984/1369/1369 982/1370/1370 983/1371/1371
f 985/1372/1372 982/1373/1373 984/1374/1374
f 988/1375/1375 986/1376/1376 987/1377/1377
f 989/1378/1378 986/1379/1379 988/1380/1380
f 992/1381/1381 990/1382/1382 991/1383/1383
f 993/1384/1384 990/1385/1385 992/1386/1386
f 996/1387/1387 994/1388/1388 995/1389/1389
f 997/1390/1390 994/1391/1391 996/1392/1392
f 1000/1393/1393 998/1394/1394 999/1395/1395
f 1001/1396/1396 998/1397/1397 1000/1398/1398
f 1004/1399/1399 1002/1400/1400 1003/1401/1401
f 1005/1402/1402 1002/1403/1403 1004/1404/1404
f 1008/1405/1405 1006/1406/1406 1007/1407/1407
f 1009/1408/1408 1006/1409/1409 1008/1410/1410
f 1012/1411/1411 1010/1412/1412 1011/1413/1413
f 1013/1414/1414 1010/1415/1415 1012/1416/1416
f 1016/1417/1417 1014/1418/1418 1015/1419/1419
f 1017/1420/1420 1014/1421/1421 1016/1422/1422
f 1020/1423/1423 1018/1424/1424 1019/1425/1425
f 1021/1426/1426 1018/1427/1427 1020/1428/1428
f 1024/1429/1429 1022/1430/1430 1023/1431/1431
f 1025/1432/1432 1022/1433/1433 1024/1434/1434
f 1028/1435/1435 1026/1436/1436 1027/1437/1437
f 1029/1438/1438 1026/1439/1439 1028/1440/1440
f 1032/1441/1441 1030/1442/1442 1031/1443/1443
f 1033/1444/1444 1030/1445/1445 1032/1446/1446
f 1036/1447/1447 1034/1448/1448 1035/1449/1449
f 1037/1450/1450 1034/1451/1451 1036/1452/1452
f 1040/1453/1453 1038/1454/1454 1039/1455/1455
f 1041/1456/1456 1038/1457/1457 1040/1458/1458
f 1044/1459/1459 1042/1460/1460 1043/1461/1461
f 1045/1462/1462 1042/1463/1463 1044/1464/1464
f 1048/1465/1465 1046/1466/1466 1047/1467/1467
f 1049/1468/1468 1046/1469/1469 1048/1470/1470
f 1052/1471/1471 1050/1472/1472 1051/1473/1473
f 1053/1474/1474 1050/1475/1475 1052/1476/1476
f 1056/1477/1477 1054/1478/1478 1055/1479/1479
f 1057/1480/1480 1054/1481/1481 1056/1482/1482
f 1060/1483/1483 1058/1484/1484 1059/1485/1485
f 1061/1486/1486 1058/1487/1487 1060/1488/1488
f 1064/1489/1489 1062/1490/1490 1063/1491/1491
f 1065/1492/1492 1062/1493/1493 1064/1494/1494
f 1068/1495/1495 1066/1496/1496 1067/1497/1497
f 1069/1498/1498 1066/1499/1499 1068/1500/1500
f 1072/1501/1501 1070/1502/1502 1071/1503/1503
f 1073/1504/1504 1070/1505/1505 1072/1506/1506
f 1076/1507/1507 1074/1508/1508 1075/1509/1509
f 1077/1510/1510 1074/1511/1511 1076/1512/1512
f 1080/1513/1513 1078/1514/1514 1079/1515/1515
f 1081/1516/1516 1078/1517/1517 1080/1518/1518
f 1084/1519/1519 1082/1520/1520 1083/1521/1521
f 1085/1522/1522 1082/1523/1523 1084/1524/1524
f 1088/1525/1525 1086/1526/1526 1087/1527/1527
f 1089/1528/1528 1086/1529/1529 1088/1530/1530
f 1092/1531/1531 1090/1532/1532 1091/1533/1533
f 1093/1534/1534 1090/1535/1535 1092/1536/1536
f 1096/1537/1537 1094/1538/1538 1095/1539/1539
f 1097/1540/1540 1094/1541/1541 1096/1542/1542
f 1100/1543/1543 1098/1544/1544 1099/1545/1545
f 1101/1546/1546 1098/1547/1547 1100/1548/1548
f 1104/1549/1549 1102/1550/1550 1103/1551/1551
f 1105/1552/1552 1102/1553/1553 1104/1554/1554
f 1108/1555/1555 1106/1556/1556 1107/1557/1557
f 1109/1558/1558 1106/1559/1559 1108/1560/1560
f 1199/1561/1561 1197/1562/1562 1198/1563/1563
f 1200/1564/1564 1197/1565/1565 1199/1566/1566
f 1203/1567/1567 1201/1568/1568 1202/1569/1569
f 1204/1570/1570 1201/1571/1571 1203/1572/1572
f 1207/1573/1573 1205/1574/1574 1206/1575/1575
f 1208/1576/1576 1205/1577/1577 1207/1578/1578
f 1211/1579/1579 1209/1580/1580 1210/1581/1581
f 1212/1582/1582 1209/1583/1583 1211/1584/1584
f 1215/1585/1585 1213/1586/1586 1214/1587/1587
f 1216/1588/1588 1213/1589/1589 1215/1590/1590
f 1219/1591/1591 1217/1592/1592 1218/1593/1593
f 1220/1594/1594 1217/1595/1595 1219/1596/1596
f 1223/1597/1597 1221/1598/1598 1222/1599/1599
f 1224/1600/1600 1221/1601/1601 1223/1602/1602
f 1227/1603/1603 1225/1604/1604 1226/1605/1605
f 1228/1606/1606 1225/1607/1607 1227/1608/1608
f 1231/1609/1609 1229/1610/1610 1230/1611/1611
f 1232/1612/1612 1229/1613/1613 1231/1614/1614
f 1235/1615/1615 1233/1616/1616 1234/1617/1617
f 1236/1618/1618 1233/1619/1619 1235/1620/1620
f 1239/1621/1621 1237/1622/1622 1238/1623/1623
f 1240/1624/1624 1237/1625/1625 1239/1626/1626
f 1243/1627/1627 1241/1628/1628 1242/1629/1629
f 1244/1630/1630 1241/1631/1631 1243/1632/1632
f 1247/1633/1633 1245/1634/1634 1246/1635/1635
f 1248/1636/1636 1245/1637/1637 1247/1638/1638
f 1251/1639/1639 1249/1640/1640 1250/1641/1641
f 1252/1642/1642 1249/1643/1643 1251/1644/1644
f 1255/1645/1645 1253/1646/1646 1254/1647/1647
f 1256/1648/1648 1253/1649/1649 1255/1650/1650
f 1259/1651/1651 1257/1652/1652 1258/1653/1653
f 1260/1654/1654 1257/1655/1655 1259/1656/1656
f 1263/1657/1657 1261/1658/1658 1262/1659/1659
f 1264/1660/1660 1261/1661/1661 1263/1662/1662
f 1267/1663/1663 1265/1664/1664 1266/1665/1665
f 1268/1666/1666 1265/1667/1667 1267/1668/1668
f 1271/1669/1669 1269/1670/1670 1270/1671/1671
f 1272/1672/1672 1269/1673/1673 1271/1674/1674
f 1275/1675/1675 1273/1676/1676 1274/1677/1677
f 1276/1678/1678 1273/1679/1679 1275/1680/1680
f 1279/1681/1681 1277/1682/1682 1278/1683/1683
f 1280/1684/1684 1277/1685/1685 1279/1686/1686
f 1283/1687/1687 1281/1688/1688 1282/1689/1689
f 1284/1690/1690 1281/1691/1691 1283/1692/1692
f 1287/1693/1693 1285/1694/1694 1286/1695/1695
f 1288/1696/1696 1285/1697/1697 1287/1698/1698
f 1291/1699/1699 1289/1700/1700 1290/1701/1701
f 1292/1702/1702 1289/1703/1703 1291/1704/1704
f 1295/1705/1705 1293/1706/1706 1294/1707/1707
f 1296/1708/1708 1293/1709/1709 1295/1710/1710
f 1299/1711/1711 1297/1712/1712 1298/1713/1713
f 1300/1714/1714 1297/1715/1715 1299/1716/1716
f 1303/1717/1717 1301/1718/1718 1302/1719/1719
f 1304/1720/1720 1301/1721/1721 1303/1722/1722
f 1307/1723/1723 1305/1724/1724 1306/1725/1725
f 1308/1726/1726 1305/1727/1727 1307/1728/1728
f 1311/1729/1729 1309/1730/1730 1310/1731/1731
f 1312/1732/1732 1309/1733/1733 1311/1734/1734
f 1315/1735/1735 1313/1736/1736 1314/1737/1737
f 1316/1738/1738 1313/1739/1739 1315/1740/1740
f 1319/1741/1741 1317/1742/1742 1318/1743/1743
f 1320/1744/1744 1317/1745/1745 1319/1746/1746
f 1323/1747/1747 1321/1748/1748 1322/1749/1749
f 1324/1750/1750 1321/1751/1751 1323/1752/1752
f 1327/1753/1753 1325/1754/1754 1326/1755/1755
f 1328/1756/1756 1325/1757/1757 1327/1758/1758
f 1331/1759/1759 1329/1760/1760 1330/1761/1761
f 1332/1762/1762 1329/1763/1763 1331/1764/1764
f 1335/1765/1765 1333/1766/1766 1334/1767/1767
f 1336/1768/1768 1333/1769/1769 1335/1770/1770
f 1339/1771/1771 1337/1772/1772 1338/1773/1773
f 1340/1774/1774 1337/1775/1775 1339/1776/1776
f 1343/1777/1777 1341/1778/1778 1342/1779/1779
f 1344/1780/1780 1341/1781/1781 1343/1782/1782
f 1347/1783/1783 1345/1784/1784 1346/1785/1785
f 1348/1786/1786 1345/1787/1787 1347/1788/1788
f 1351/1789/1789 1349/1790/1790 1350/1791/1791
f 1352/1792/1792 1349/1793/1793 1351/1794/1794
f 1355/1795/1795 1353/1796/1796 1354/1797/1797
f 1356/1798/1798 1353/1799/1799 1355/1800/1800
f 1423/1801/1801 1421/1802/1802 1422/1803/1803
f 1424/1804/1804 1421/1805/1805 1423/1806/1806
f 1431/1807/1807 1429/1808/1808 1430/1809/1809
f 1432/1810/1810 1429/1811/1811 1431/1812/1812
f 1435/1813/1813 1433/1814/1814 1434/1815/1815
f 1436/1816/1816 1433/1817/1817 1435/1818/1818
f 1439/1819/1819 1437/1820/1820 1438/1821/1821
f 1440/1822/1822 1437/1823/1823 1439/1824/1824
f 1443/1825/1825 1441/1826/1826 1442/1827/1827
f 1444/1828/1828 1441/1829/1829 1443/1830/1830
f 1447/1831/1831 1445/1832/1832 1446/1833/1833
f 1448/1834/1834 1445/1835/1835 1447/1836/1836
f 1451/1837/1837 1449/1838/1838 1450/1839/1839
f 1452/1840/1840 1449/1841/1841 1451/1842/1842
f 1455/1843/1843 1453/1844/1844 1454/1845/1845
f 1456/1846/1846 1453/1847/1847 1455/1848/1848
f 1459/1849/1849 1457/1850/1850 1458/1851/1851
f 1460/1852/1852 1457/1853/1853 1459/1854/1854
f 1463/1855/1855 1461/1856/1856 1462/1857/1857
f 1464/1858/1858 1461/1859/1859 1463/1860/1860
f 1467/1861/1861 1465/1862/1862 1466/1863/1863
f 1468/1864/1864 1465/1865/1865 1467/1866/1866
f 1471/1867/1867 1469/1868/1868 1470/1869/1869
f 1472/1870/1870 1469/1871/1871 1471/1872/1872
f 1475/1873/1873 1473/1874/1874 1474/1875/1875
f 1476/1876/1876 1473/1877/1877 1475/1878/1878
f 1479/1879/1879 1477/1880/1880 1478/1881/1881
f 1480/1882/1882 1477/1883/1883 1479/1884/1884
f 1483/1885/1885 1481/1886/1886 1482/1887/1887
f 1484/1888/1888 1481/1889/1889 1483/1890/1890
f 1487/1891/1891 1485/1892/1892 1486/1893/1893
f 1488/1894/1894 1485/1895/1895 1487/1896/1896
f 1631/1897/1897 1629/1898/1898 1630/1899/1899
f 1632/1900/1900 1629/1901/1901 1631/1902/1902
f 1635/1903/1903 1633/1904/1904 1634/1905/1905
f 1636/1906/1906 1633/1907/1907 1635/1908/1908
f 1639/1909/1909 1637/1910/1910 1638/1911/1911
f 1640/1912/1912 1637/1913/1913 1639/1914/1914
f 1643/1915/1915 1641/1916/1916 1642/1917/1917
f 1644/1918/1918 1641/1919/1919 1643/1920/1920
f 1647/1921/1921 1645/1922/1922 1646/1923/1923
f 1648/1924/1924 1645/1925/1925 1647/1926/1926
f 1651/1927/1927 1649/1928/1928 1650/1929/1929
f 1652/1930/1930 1649/1931/1931 1651/1932/1932
f 1655/1933/1933 1653/1934/1934 1654/1935/1935
f 1656/1936/1936 1653/1937/1937 1655/1938/1938
f 1659/1939/1939 1657/1940/1940 1658/1941/1941
f 1660/1942/1942 1657/1943/1943 1659/1944/1944
f 1663/1945/1945 1661/1946/1946 1662/1947/1947
f 1664/1948/1948 1661/1949/1949 1663/1950/1950
f 1667/1951/1951 1665/1952/1952 1666/1953/1953
f 1668/1954/1954 1665/1955/1955 1667/1956/1956
f 1671/1957/1957 1669/1958/1958 1670/1959/1959
f 1672/1960/1960 1669/1961/1961 1671/1962/1962
f 1675/1963/1963 1673/1964/1964 1674/1965/1965
f 1676/1966/1966 1673/1967/1967 1675/1968/1968
f 1679/1969/1969 1677/1970/1970 1678/1971/1971
f 1680/1972/1972 1677/1973/1973 1679/1974/1974
f 1683/1975/1975 1681/1976/1976 1682/1977/1977
f 1684/1978/1978 1681/1979/1979 1683/1980/1980
f 1687/1981/1981 1685/1982/1982 1686/1983/1983
f 1688/1984/1984 1685/1985/1985 1687/1986/1986
f 1691/1987/1987 1689/1988/1988 1690/1989/1989
f 1692/1990/1990 1689/1991/1991 1691/1992/1992
f 1695/1993/1993 1693/1994/1994 1694/1995/1995
f 1696/1996/1996 1693/1997/1997 1695/1998/1998
f 1699/1999/1999 1697/2000/2000 1698/2001/2001
f 1700/2002/2002 1697/2003/2003 1699/2004/2004
f 1703/2005/2005 1701/2006/2006 1702/2007/2007
f 1704/2008/2008 1701/2009/2009 1703/2010/2010
f 1707/2011/2011 1705/2012/2012 1706/2013/2013
f 1708/2014/2014 1705/2015/2015 1707/2016/2016
f 1711/2017/2017 1709/2018/2018 1710/2019/2019
f 1712/2020/2020 1709/2021/2021 1711/2022/2022
f 1715/2023/2023 1713/2024/2024 1714/2025/2025
f 1716/2026/2026 1713/2027/2027 1715/2028/2028
f 1719/2029/2029 1717/2030/2030 1718/2031/2031
f 1720/2032/2032 1717/2033/2033 1719/2034/2034
f 1723/2035/2035 1721/2036/2036 1722/2037/2037
f 1724/2038/2038 1721/2039/2039 1723/2040/2040
f 1727/2041/2041 1725/2042/2042 1726/2043/2043
f 1728/2044/2044 1725/2045/2045 1727/2046/2046
f 1731/2047/2047 1729/2048/2048 1730/2049/2049
f 1732/2050/2050 1729/2051/2051 1731/2052/2052
f 1735/2053/2053 1733/2054/2054 1734/2055/2055
f 1736/2056/2056 1733/2057/2057 1735/2058/2058
f 1739/2059/2059 1737/2060/2060 1738/2061/2061
f 1740/2062/2062 1737/2063/2063 1739/2064/2064
f 1743/2065/2065 1741/2066/2066 1742/2067/2067
f 1744/2068/2068 1741/2069/2069 1743/2070/2070
f 1747/2071/2071 1745/2072/2072 1746/2073/2073
f 1748/2074/2074 1745/2075/2075 1747/2076/2076
f 1751/2077/2077 1749/2078/2078 1750/2079/2079
f 1752/2080/2080 1749/2081/2081 1751/2082/2082
f 1755/2083/2083 1753/2084/2084 1754/2085/2085
f 1756/2086/2086 1753/2087/2087 1755/2088/2088
f 1759/2089/2089 1757/2090/2090 1758/2091/2091
f 1760/2092/2092 1757/2093/2093 1759/2094/2094
f 1763/2095/2095 1761/2096/2096 1762/2097/2097
f 1764/2098/2098 1761/2099/2099 1763/2100/2100
f 1767/2101/2101 1765/2102/2102 1766/2103/2103
f 1768/2104/2104 1765/2105/2105 1767/2106/2106
f 1771/2107/2107 1769/2108/2108 1770/2109/2109
f 1772/2110/2110 1769/2111/2111 1771/2112/2112

g Material.003
f 473/2113/2113 471/2114/2114 472/2115/2115
f 474/2116/2116 471/2117/2117 473/2118/2118
f 477/2119/2119 475/2120/2120 476/2121/2121
f 478/2122/2122 475/2123/2123 477/2124/2124
f 481/2125/2125 479/2126/2126 480/2127/2127
f 482/2128/2128 479/2129/2129 481/2130/2130
f 485/2131/2131 483/2132/2132 484/2133/2133
f 486/2134/2134 483/2135/2135 485/2136/2136
f 489/2137/2137 487/2138/2138 488/2139/2139
f 490/2140/2140 487/2141/2141 489/2142/2142
f 493/2143/2143 491/2144/2144 492/2145/2145
f 494/2146/2146 491/2147/2147 493/2148/2148
f 497/2149/2149 495/2150/2150 496/2151/2151
f 498/2152/2152 495/2153/2153 497/2154/2154
f 501/2155/2155 499/2156/2156 500/2157/2157
f 502/2158/2158 499/2159/2159 501/2160/2160
f 505/2161/2161 503/2162/2162 504/2163/2163
f 506/2164/2164 503/2165/2165 505/2166/2166
f 509/2167/2167 507/2168/2168 508/2169/2169
f 510/2170/2170 507/2171/2171 509/2172/2172
f 513/2173/2173 511/2174/2174 512/2175/2175
f 514/2176/2176 511/2177/2177 513/2178/2178
f 517/2179/2179 515/2180/2180 516/2181/2181
f 518/2182/2182 515/2183/2183 517/2184/2184
f 521/2185/2185 519/2186/2186 520/2187/2187
f 522/2188/2188 519/2189/2189 521/2190/2190
f 525/2191/2191 523/2192/2192 524/2193/2193
f 526/2194/2194 523/2195/2195 525/2196/2196
f 529/2197/2197 527/2198/2198 528/2199/2199
f 530/2200/2200 527/2201/2201 529/2202/2202
f 533/2203/2203 531/2204/2204 532/2205/2205
f 534/2206/2206 531/2207/2207 533/2208/2208
f 1359/2209/2209 1357/2210/2210 1358/2211/2211
f 1360/2212/2212 1357/2213/2213 1359/2214/2214
f 1363/2215/2215 1361/2216/2216 1362/2217/2217
f 1364/2218/2218 1361/2219/2219 1363/2220/2220
f 1367/2221/2221 1365/2222/2222 1366/2223/2223
f 1368/2224/2224 1365/2225/2225 1367/2226/2226
f 1371/2227/2227 1369/2228/2228 1370/2229/2229
f 1372/2230/2230 1369/2231/2231 1371/2232/2232
f 1375/2233/2233 1373/2234/2234 1374/2235/2235
f 1376/2236/2236 1373/2237/2237 1375/2238/2238
f 1379/2239/2239 1377/2240/2240 1378/2241/2241
f 1380/2242/2242 1377/2243/2243 1379/2244/2244
f 1383/2245/2245 1381/2246/2246 1382/2247/2247
f 1384/2248/2248 1381/2249/2249 1383/2250/2250
f 1387/2251/2251 1385/2252/2252 1386/2253/2253
f 1388/2254/2254 1385/2255/2255 1387/2256/2256
f 1391/2257/2257 1389/2258/2258 1390/2259/2259
f 1392/2260/2260 1389/2261/2261 1391/2262/2262
f 1395/2263/2263 1393/2264/2264 1394/2265/2265
f 1396/2266/2266 1393/2267/2267 1395/2268/2268
f 1399/2269/2269 1397/2270/2270 1398/2271/2271
f 1400/2272/2272 1397/2273/2273 1399/2274/2274
f 1403/2275/2275 1401/2276/2276 1402/2277/2277
f 1404/2278/2278 1401/2279/2279 1403/2280/2280
f 1407/2281/2281 1405/2282/2282 1406/2283/2283
f 1408/2284/2284 1405/2285/2285 1407/2286/2286
f 1411/2287/2287 1409/2288/2288 1410/2289/2289
f 1412/2290/2290 1409/2291/2291 1411/2292/2292
f 1415/2293/2293 1413/2294/2294 1414/2295/2295
f 1416/2296/2296 1413/2297/2297 1415/2298/2298
f 1419/2299/2299 1417/2300/2300 1418/2301/2301
f 1420/2302/2302 1417/2303/2303 1419/2304/2304

g Material.004
f 541/2305/2305 539/2306/2306 540/2307/2307
f 542/2308/2308 539/2309/2309 541/2310/2310
f 605/2311/2311 603/2312/2312 604/2313/2313
f 606/2314/2314 603/2315/2315 605/2316/2316
f 609/2317/2317 607/2318/2318 608/2319/2319
f 610/2320/2320 607/2321/2321 609/2322/2322
f 613/2323/2323 611/2324/2324 612/2325/2325
f 614/2326/2326 611/2327/2327 613/2328/2328
f 617/2329/2329 615/2330/2330 616/2331/2331
f 618/2332/2332 615/2333/2333 617/2334/2334
f 621/2335/2335 619/2336/2336 620/2337/2337
f 622/2338/2338 619/2339/2339 621/2340/2340
f 625/2341/2341 623/2342/2342 624/2343/2343
f 626/2344/2344 623/2345/2345 625/2346/2346
f 629/2347/2347 627/2348/2348 628/2349/2349
f 630/2350/2350 627/2351/2351 629/2352/2352
f 633/2353/2353 631/2354/2354 632/2355/2355
f 634/2356/2356 631/2357/2357 633/2358/2358
f 637/2359/2359 635/2360/2360 636/2361/2361
f 638/2362/2362 635/2363/2363 637/2364/2364
f 641/2365/2365 639/2366/2366 640/2367/2367
f 642/2368/2368 639/2369/2369 641/2370/2370
f 645/2371/2371 643/2372/2372 644/2373/2373
f 646/2374/2374 643/2375/2375 645/2376/2376
f 649/2377/2377 647/2378/2378 648/2379/2379
f 650/2380/2380 647/2381/2381 649/2382/2382
f 653/2383/2383 651/2384/2384 652/2385/2385
f 654/2386/2386 651/2387/2387 653/2388/2388
f 657/2389/2389 655/2390/2390 656/2391/2391
f 658/2392/2392 655/2393/2393 657/2394/2394
f 661/2395/2395 659/2396/2396 660/2397/2397
f 662/2398/2398 659/2399/2399 661/2400/2400
f 665/2401/2401 663/2402/2402 664/2403/2403
f 666/2404/2404 663/2405/2405 665/2406/2406
f 669/2407/2407 667/2408/2408 668/2409/2409
f 670/2410/2410 667/2411/2411 669/2412/2412
f 673/2413/2413 671/2414/2414 672/2415/2415
f 674/2416/2416 671/2417/2417 673/2418/2418
f 677/2419/2419 675/2420/2420 676/2421/2421
f 678/2422/2422 675/2423/2423 677/2424/2424
f 681/2425/2425 679/2426/2426 680/2427/2427
f 682/2428/2428 679/2429/2429 681/2430/2430
f 685/2431/2431 683/2432/2432 684/2433/2433
f 686/2434/2434 683/2435/2435 685/2436/2436
f 689/2437/2437 687/2438/2438 688/2439/2439
f 690/2440/2440 687/2441/2441 689/2442/2442
f 693/2443/2443 691/2444/2444 692/2445/2445
f 694/2446/2446 691/2447/2447 693/2448/2448
f 697/2449/2449 695/2450/2450 696/2451/2451
f 730/2452/2452 728/2453/2453 729/2454/2454
f 733/2455/2455 731/2456/2456 732/2457/2457
f 736/2458/2458 734/2459/2459 735/2460/2460
f 739/2461/2461 737/2462/2462 738/2463/2463
f 742/2464/2464 740/2465/2465 741/2466/2466
f 1427/2467/2467 1425/2468/2468 1426/2469/2469
f 1428/2470/2470 1425/2471/2471 1427/2472/2472
f 1491/2473/2473 1489/2474/2474 1490/2475/2475
f 1492/2476/2476 1489/2477/2477 1491/2478/2478
f 1495/2479/2479 1493/2480/2480 1494/2481/2481
f 1496/2482/2482 1493/2483/2483 1495/2484/2484
f 1499/2485/2485 1497/2486/2486 1498/2487/2487
f 1500/2488/2488 1497/2489/2489 1499/2490/2490
f 1503/2491/2491 1501/2492/2492 1502/2493/2493
f 1504/2494/2494 1501/2495/2495 1503/2496/2496
f 1507/2497/2497 1505/2498/2498 1506/2499/2499
f 1508/2500/2500 1505/2501/2501 1507/2502/2502
f 1511/2503/2503 1509/2504/2504 1510/2505/2505
f 1512/2506/2506 1509/2507/2507 1511/2508/2508
f 1515/2509/2509 1513/2510/2510 1514/2511/2511
f 1516/2512/2512 1513/2513/2513 1515/2514/2514
f 1519/2515/2515 1517/2516/2516 1518/2517/2517
f 1520/2518/2518 1517/2519/2519 1519/2520/2520
f 1523/2521/2521 1521/2522/2522 1522/2523/2523
f 1524/2524/2524 1521/2525/2525 1523/2526/2526
f 1527/2527/2527 1525/2528/2528 1526/2529/2529
f 1528/2530/2530 1525/2531/2531 1527/2532/2532
f 1531/2533/2533 1529/2534/2534 1530/2535/2535
f 1532/2536/2536 1529/2537/2537 1531/2538/2538
f 1535/2539/2539 1533/2540/2540 1534/2541/2541
f 1536/2542/2542 1533/2543/2543 1535/2544/2544
f 1539/2545/2545 1537/2546/2546 1538/2547/2547
f 1540/2548/2548 1537/2549/2549 1539/2550/2550
f 1543/2551/2551 1541/2552/2552 1542/2553/2553
f 1544/2554/2554 1541/2555/2555 1543/2556/2556
f 1547/2557/2557 1545/2558/2558 1546/2559/2559
f 1548/2560/2560 1545/2561/2561 1547/2562/2562
f 1551/2563/2563 1549/2564/2564 1550/2565/2565
f 1552/2566/2566 1549/2567/2567 1551/2568/2568
f 1555/2569/2569 1553/2570/2570 1554/2571/2571
f 1556/2572/2572 1553/2573/2573 1555/2574/2574
f 1559/2575/2575 1557/2576/2576 1558/2577/2577
f 1560/2578/2578 1557/2579/2579 1559/2580/2580
f 1563/2581/2581 1561/2582/2582 1562/2583/2583
f 1564/2584/2584 1561/2585/2585 1563/2586/2586
f 1567/2587/2587 1565/2588/2588 1566/2589/2589
f 1568/2590/2590 1565/2591/2591 1567/2592/2592
f 1571/2593/2593 1569/2594/2594 1570/2595/2595
f 1572/2596/2596 1569/2597/2597 1571/2598/2598
f 1575/2599/2599 1573/2600/2600 1574/2601/2601
f 1576/2602/2602 1573/2603/2603 1575/2604/2604
f 1579/2605/2605 1577/2606/2606 1578/2607/2607
f 1580/2608/2608 1577/2609/2609 1579/2610/2610
f 1583/2611/2611 1581/2612/2612 1582/2613/2613
f 1616/2614/2614 1614/2615/2615 1615/2616/2616
f 1619/2617/2617 1617/2618/2618 1618/2619/2619
f 1622/2620/2620 1620/2621/2621 1621/2622/2622
f 1625/2623/2623 1623/2624/2624 1624/2625/2625
f 1628/2626/2626 1626/2627/2627 1627/2628/2628

