# Converted from B3D for Luanti (With Correct Normals)
# Object Name: multidecor_alarm_clock

v -0.199925 -0.162086 -0.202665
v 0.000075 -0.108497 0.197335
v 0.000075 -0.108497 -0.202665
v -0.199925 -0.162086 0.197335
v 0.000075 -0.108497 0.197335
v -0.199925 -0.162086 -0.202665
v -0.346335 -0.308496 -0.202665
v -0.199925 -0.162086 0.197335
v -0.199925 -0.162086 -0.202665
v -0.346335 -0.308496 0.197335
v -0.199925 -0.162086 0.197335
v -0.346335 -0.308496 -0.202665
v -0.399925 -0.508496 -0.202665
v -0.346335 -0.308496 0.197335
v -0.346335 -0.308496 -0.202665
v -0.399925 -0.508496 0.197335
v -0.346335 -0.308496 0.197335
v -0.399925 -0.508496 -0.202665
v -0.346335 -0.708497 -0.202665
v -0.399925 -0.508496 0.197335
v -0.399925 -0.508496 -0.202665
v -0.346335 -0.708496 0.197335
v -0.399925 -0.508496 0.197335
v -0.346335 -0.708497 -0.202665
v -0.199925 -0.854907 -0.202665
v -0.346335 -0.708496 0.197335
v -0.346335 -0.708497 -0.202665
v -0.199925 -0.854907 0.197335
v -0.346335 -0.708496 0.197335
v -0.199925 -0.854907 -0.202665
v 0.000075 -0.908496 -0.202665
v -0.199925 -0.854907 0.197335
v -0.199925 -0.854907 -0.202665
v 0.000075 -0.908496 0.197335
v -0.199925 -0.854907 0.197335
v 0.000075 -0.908496 -0.202665
v 0.200075 -0.854907 -0.202665
v 0.000075 -0.908496 0.197335
v 0.000075 -0.908496 -0.202665
v 0.200075 -0.854907 0.197335
v 0.000075 -0.908496 0.197335
v 0.200075 -0.854907 -0.202665
v 0.346485 -0.708497 -0.202665
v 0.200075 -0.854907 0.197335
v 0.200075 -0.854907 -0.202665
v 0.346485 -0.708497 0.197335
v 0.200075 -0.854907 0.197335
v 0.346485 -0.708497 -0.202665
v 0.400075 -0.508497 -0.202665
v 0.346485 -0.708497 0.197335
v 0.346485 -0.708497 -0.202665
v 0.400075 -0.508497 0.197335
v 0.346485 -0.708497 0.197335
v 0.400075 -0.508497 -0.202665
v 0.346485 -0.308497 -0.202665
v 0.400075 -0.508497 0.197335
v 0.400075 -0.508497 -0.202665
v 0.346485 -0.308497 0.197335
v 0.400075 -0.508497 0.197335
v 0.346485 -0.308497 -0.202665
v 0.000075 -0.854247 -0.202665
v 0.200075 -0.854907 -0.202665
v 0.000075 -0.908496 -0.202665
v 0.172950 -0.807925 -0.202665
v 0.200075 -0.854907 -0.202665
v 0.000075 -0.854247 -0.202665
v 0.200075 -0.162086 -0.202665
v 0.346485 -0.308497 0.197335
v 0.346485 -0.308497 -0.202665
v 0.200075 -0.162086 0.197335
v 0.346485 -0.308497 0.197335
v 0.200075 -0.162086 -0.202665
v 0.000075 -0.108497 -0.202665
v 0.200075 -0.162086 0.197335
v 0.200075 -0.162086 -0.202665
v 0.000075 -0.108497 0.197335
v 0.200075 -0.162086 0.197335
v 0.000075 -0.108497 -0.202665
v 0.200075 -0.162086 0.197335
v 0.200075 -0.854907 0.197335
v 0.400075 -0.508497 0.197335
v -0.172800 -0.807925 -0.202665
v 0.000075 -0.908496 -0.202665
v -0.199925 -0.854907 -0.202665
v 0.000075 -0.854247 -0.202665
v 0.000075 -0.908496 -0.202665
v -0.172800 -0.807925 -0.202665
v -0.299354 -0.681372 -0.202665
v -0.199925 -0.854907 -0.202665
v -0.346335 -0.708497 -0.202665
v -0.172800 -0.807925 -0.202665
v -0.199925 -0.854907 -0.202665
v -0.299354 -0.681372 -0.202665
v -0.345676 -0.508496 -0.202665
v -0.346335 -0.708497 -0.202665
v -0.399925 -0.508496 -0.202665
v -0.299354 -0.681372 -0.202665
v -0.346335 -0.708497 -0.202665
v -0.345676 -0.508496 -0.202665
v 0.172950 -0.209068 -0.202665
v 0.000075 -0.108497 -0.202665
v 0.200075 -0.162086 -0.202665
v 0.000075 -0.162746 -0.202665
v 0.000075 -0.108497 -0.202665
v 0.172950 -0.209068 -0.202665
v 0.000075 -0.162746 -0.202665
v -0.199925 -0.162086 -0.202665
v 0.000075 -0.108497 -0.202665
v -0.172800 -0.209068 -0.202665
v -0.199925 -0.162086 -0.202665
v 0.000075 -0.162746 -0.202665
v -0.299354 -0.335621 -0.202665
v -0.399925 -0.508496 -0.202665
v -0.346335 -0.308496 -0.202665
v -0.345676 -0.508496 -0.202665
v -0.399925 -0.508496 -0.202665
v -0.299354 -0.335621 -0.202665
v 0.299504 -0.335621 -0.202665
v 0.200075 -0.162086 -0.202665
v 0.346485 -0.308497 -0.202665
v 0.172950 -0.209068 -0.202665
v 0.200075 -0.162086 -0.202665
v 0.299504 -0.335621 -0.202665
v -0.172800 -0.209068 -0.202665
v -0.346335 -0.308496 -0.202665
v -0.199925 -0.162086 -0.202665
v -0.299354 -0.335621 -0.202665
v -0.346335 -0.308496 -0.202665
v -0.172800 -0.209068 -0.202665
v 0.345825 -0.508497 -0.202665
v 0.346485 -0.308497 -0.202665
v 0.400075 -0.508497 -0.202665
v 0.299504 -0.335621 -0.202665
v 0.346485 -0.308497 -0.202665
v 0.345825 -0.508497 -0.202665
v 0.299504 -0.681372 -0.202665
v 0.400075 -0.508497 -0.202665
v 0.346485 -0.708497 -0.202665
v 0.345825 -0.508497 -0.202665
v 0.400075 -0.508497 -0.202665
v 0.299504 -0.681372 -0.202665
v 0.172950 -0.807925 -0.202665
v 0.346485 -0.708497 -0.202665
v 0.200075 -0.854907 -0.202665
v 0.299504 -0.681372 -0.202665
v 0.346485 -0.708497 -0.202665
v 0.172950 -0.807925 -0.202665
v 0.210956 -0.023564 0.141795
v 0.231302 -0.107999 0.166580
v 0.262777 -0.053483 0.153697
v 0.176426 -0.076316 0.153697
v 0.231302 -0.107999 0.166580
v 0.210956 -0.023564 0.141795
v 0.273945 0.022571 0.057172
v 0.281999 -0.020190 0.117009
v 0.298501 0.008393 0.062102
v 0.236625 0.006007 0.107900
v 0.281999 -0.020190 0.117009
v 0.273945 0.022571 0.057172
v 0.236625 0.006007 0.107900
v 0.262777 -0.053483 0.153697
v 0.281999 -0.020190 0.117009
v 0.210956 -0.023564 0.141795
v 0.262777 -0.053483 0.153697
v 0.236625 0.006007 0.107900
v 0.273945 0.022571 0.057172
v 0.298501 0.008393 0.062102
v 0.303855 0.017667 -0.002665
v 0.198159 0.028215 0.081957
v 0.210956 -0.023564 0.141795
v 0.236625 0.006007 0.107900
v 0.167025 0.001799 0.107900
v 0.210956 -0.023564 0.141795
v 0.198159 0.028215 0.081957
v 0.253128 0.034590 0.043132
v 0.273945 0.022571 0.057172
v 0.303855 0.017667 -0.002665
v 0.167025 0.001799 0.107900
v 0.176426 -0.076316 0.153697
v 0.210956 -0.023564 0.141795
v 0.129904 -0.049456 0.117009
v 0.176426 -0.076316 0.153697
v 0.167025 0.001799 0.107900
v 0.253128 0.034590 0.043132
v 0.236625 0.006007 0.107900
v 0.273945 0.022571 0.057172
v 0.198159 0.028215 0.081957
v 0.236625 0.006007 0.107900
v 0.253128 0.034590 0.043132
v 0.172457 0.043054 0.043132
v 0.167025 0.001799 0.107900
v 0.198159 0.028215 0.081957
v 0.137671 0.018747 0.057172
v 0.167025 0.001799 0.107900
v 0.172457 0.043054 0.043132
v 0.239218 0.042621 0.022120
v 0.253128 0.034590 0.043132
v 0.303855 0.017667 -0.002665
v 0.137671 0.018747 0.057172
v 0.129904 -0.049456 0.117009
v 0.167025 0.001799 0.107900
v 0.098819 -0.031509 0.062102
v 0.129904 -0.049456 0.117009
v 0.137671 0.018747 0.057172
v 0.239218 0.042621 0.022120
v 0.198159 0.028215 0.081957
v 0.253128 0.034590 0.043132
v 0.172457 0.043054 0.043132
v 0.198159 0.028215 0.081957
v 0.239218 0.042621 0.022120
v 0.127363 0.024698 -0.002665
v 0.098819 -0.031509 0.062102
v 0.137671 0.018747 0.057172
v 0.087903 -0.025207 -0.002665
v 0.098819 -0.031509 0.062102
v 0.127363 0.024698 -0.002665
v 0.234333 0.045441 -0.002665
v 0.172457 0.043054 0.043132
v 0.239218 0.042621 0.022120
v 0.163432 0.048265 -0.002665
v 0.172457 0.043054 0.043132
v 0.234333 0.045441 -0.002665
v 0.163432 0.048265 -0.002665
v 0.137671 0.018747 0.057172
v 0.172457 0.043054 0.043132
v 0.127363 0.024698 -0.002665
v 0.137671 0.018747 0.057172
v 0.163432 0.048265 -0.002665
v 0.234333 0.045441 -0.002665
v 0.239218 0.042621 0.022120
v 0.303855 0.017667 -0.002665
v 0.239218 0.042621 -0.027451
v 0.163432 0.048265 -0.002665
v 0.234333 0.045441 -0.002665
v 0.172457 0.043054 -0.048463
v 0.163432 0.048265 -0.002665
v 0.239218 0.042621 -0.027451
v 0.172457 0.043054 -0.048463
v 0.127363 0.024698 -0.002665
v 0.163432 0.048265 -0.002665
v 0.137671 0.018747 -0.062503
v 0.127363 0.024698 -0.002665
v 0.172457 0.043054 -0.048463
v 0.239218 0.042621 -0.027451
v 0.234333 0.045441 -0.002665
v 0.303855 0.017667 -0.002665
v 0.137671 0.018747 -0.062503
v 0.087903 -0.025207 -0.002665
v 0.127363 0.024698 -0.002665
v 0.098819 -0.031509 -0.067433
v 0.087903 -0.025207 -0.002665
v 0.137671 0.018747 -0.062503
v 0.198160 0.028215 -0.087288
v 0.137671 0.018747 -0.062503
v 0.172457 0.043054 -0.048463
v 0.167025 0.001799 -0.113230
v 0.137671 0.018747 -0.062503
v 0.198160 0.028215 -0.087288
v 0.253128 0.034590 -0.048463
v 0.239218 0.042621 -0.027451
v 0.303855 0.017667 -0.002665
v 0.167025 0.001799 -0.113230
v 0.098819 -0.031509 -0.067433
v 0.137671 0.018747 -0.062503
v 0.129904 -0.049456 -0.122340
v 0.098819 -0.031509 -0.067433
v 0.167025 0.001799 -0.113230
v 0.253128 0.034590 -0.048463
v 0.172457 0.043054 -0.048463
v 0.239218 0.042621 -0.027451
v 0.198160 0.028215 -0.087288
v 0.172457 0.043054 -0.048463
v 0.253128 0.034590 -0.048463
v 0.273945 0.022571 -0.062503
v 0.253128 0.034590 -0.048463
v 0.303855 0.017667 -0.002665
v 0.210956 -0.023564 -0.147125
v 0.129904 -0.049456 -0.122340
v 0.167025 0.001799 -0.113230
v 0.176426 -0.076316 -0.159028
v 0.129904 -0.049456 -0.122340
v 0.210956 -0.023564 -0.147125
v 0.273945 0.022571 -0.062503
v 0.198160 0.028215 -0.087288
v 0.253128 0.034590 -0.048463
v 0.236625 0.006007 -0.113230
v 0.198160 0.028215 -0.087288
v 0.273945 0.022571 -0.062503
v 0.236625 0.006007 -0.113230
v 0.167025 0.001799 -0.113230
v 0.198160 0.028215 -0.087288
v 0.210956 -0.023564 -0.147125
v 0.167025 0.001799 -0.113230
v 0.236625 0.006007 -0.113230
v 0.262777 -0.053483 -0.159028
v 0.176426 -0.076316 -0.159028
v 0.210956 -0.023564 -0.147125
v 0.231303 -0.107999 -0.171911
v 0.176426 -0.076316 -0.159028
v 0.262777 -0.053483 -0.159028
v 0.298501 0.008393 -0.067433
v 0.236625 0.006007 -0.113230
v 0.273945 0.022571 -0.062503
v 0.281999 -0.020190 -0.122340
v 0.236625 0.006007 -0.113230
v 0.298501 0.008393 -0.067433
v 0.281999 -0.020190 -0.122340
v 0.210956 -0.023564 -0.147125
v 0.236625 0.006007 -0.113230
v 0.262777 -0.053483 -0.159028
v 0.210956 -0.023564 -0.147125
v 0.281999 -0.020190 -0.122340
v 0.298501 0.008393 -0.067433
v 0.273945 0.022571 -0.062503
v 0.303855 0.017667 -0.002665
v 0.327373 -0.046386 -0.113230
v 0.262777 -0.053483 -0.159028
v 0.281999 -0.020190 -0.122340
v 0.314598 -0.083402 -0.147125
v 0.262777 -0.053483 -0.159028
v 0.327373 -0.046386 -0.113230
v 0.323057 -0.005784 -0.062503
v 0.298501 0.008393 -0.067433
v 0.303855 0.017667 -0.002665
v 0.314598 -0.083402 -0.147125
v 0.231303 -0.107999 -0.171911
v 0.262777 -0.053483 -0.159028
v 0.286179 -0.139682 -0.159028
v 0.231303 -0.107999 -0.171911
v 0.314598 -0.083402 -0.147125
v 0.323057 -0.005784 -0.062503
v 0.281999 -0.020190 -0.122340
v 0.298501 0.008393 -0.067433
v 0.327373 -0.046386 -0.113230
v 0.281999 -0.020190 -0.122340
v 0.323057 -0.005784 -0.062503
v 0.365839 -0.068594 -0.087288
v 0.314598 -0.083402 -0.147125
v 0.327373 -0.046386 -0.113230
v 0.358529 -0.108765 -0.113230
v 0.314598 -0.083402 -0.147125
v 0.365839 -0.068594 -0.087288
v 0.343875 -0.017803 -0.048463
v 0.323057 -0.005784 -0.062503
v 0.303855 0.017667 -0.002665
v 0.358529 -0.108765 -0.113230
v 0.286179 -0.139682 -0.159028
v 0.314598 -0.083402 -0.147125
v 0.332701 -0.166541 -0.122340
v 0.286179 -0.139682 -0.159028
v 0.358529 -0.108765 -0.113230
v 0.343875 -0.017803 -0.048463
v 0.327373 -0.046386 -0.113230
v 0.323057 -0.005784 -0.062503
v 0.365839 -0.068594 -0.087288
v 0.327373 -0.046386 -0.113230
v 0.343875 -0.017803 -0.048463
v 0.387883 -0.125713 -0.062502
v 0.332701 -0.166541 -0.122340
v 0.358529 -0.108765 -0.113230
v 0.363786 -0.184488 -0.067433
v 0.332701 -0.166541 -0.122340
v 0.387883 -0.125713 -0.062502
v 0.357785 -0.025834 -0.027451
v 0.365839 -0.068594 -0.087288
v 0.343875 -0.017803 -0.048463
v 0.391541 -0.083433 -0.048463
v 0.365839 -0.068594 -0.087288
v 0.357785 -0.025834 -0.027451
v 0.391541 -0.083433 -0.048463
v 0.358529 -0.108765 -0.113230
v 0.365839 -0.068594 -0.087288
v 0.387883 -0.125713 -0.062502
v 0.358529 -0.108765 -0.113230
v 0.391541 -0.083433 -0.048463
v 0.357785 -0.025834 -0.027451
v 0.343875 -0.017803 -0.048463
v 0.303855 0.017667 -0.002665
v 0.398191 -0.131664 -0.002665
v 0.363786 -0.184488 -0.067433
v 0.387883 -0.125713 -0.062502
v 0.374702 -0.190790 -0.002665
v 0.363786 -0.184488 -0.067433
v 0.398191 -0.131664 -0.002665
v 0.362669 -0.028654 -0.002665
v 0.391541 -0.083433 -0.048463
v 0.357785 -0.025834 -0.027451
v 0.400566 -0.088644 -0.002665
v 0.391541 -0.083433 -0.048463
v 0.362669 -0.028654 -0.002665
v 0.400566 -0.088644 -0.002665
v 0.387883 -0.125713 -0.062502
v 0.391541 -0.083433 -0.048463
v 0.398191 -0.131664 -0.002665
v 0.387883 -0.125713 -0.062502
v 0.400566 -0.088644 -0.002665
v 0.362669 -0.028654 -0.002665
v 0.357785 -0.025834 -0.027451
v 0.303855 0.017667 -0.002665
v 0.391541 -0.083433 0.043132
v 0.398191 -0.131664 -0.002665
v 0.400566 -0.088644 -0.002665
v 0.387883 -0.125713 0.057172
v 0.398191 -0.131664 -0.002665
v 0.391541 -0.083433 0.043132
v 0.357785 -0.025834 0.022120
v 0.362669 -0.028654 -0.002665
v 0.303855 0.017667 -0.002665
v 0.387883 -0.125713 0.057172
v 0.374702 -0.190790 -0.002665
v 0.398191 -0.131664 -0.002665
v 0.363786 -0.184488 0.062102
v 0.374702 -0.190790 -0.002665
v 0.387883 -0.125713 0.057172
v 0.357785 -0.025834 0.022120
v 0.400566 -0.088644 -0.002665
v 0.362669 -0.028654 -0.002665
v 0.391541 -0.083433 0.043132
v 0.400566 -0.088644 -0.002665
v 0.357785 -0.025834 0.022120
v 0.365838 -0.068594 0.081957
v 0.387883 -0.125713 0.057172
v 0.391541 -0.083433 0.043132
v 0.358529 -0.108765 0.107900
v 0.387883 -0.125713 0.057172
v 0.365838 -0.068594 0.081957
v 0.343875 -0.017803 0.043132
v 0.357785 -0.025834 0.022120
v 0.303855 0.017667 -0.002665
v 0.358529 -0.108765 0.107900
v 0.363786 -0.184488 0.062102
v 0.387883 -0.125713 0.057172
v 0.332701 -0.166541 0.117009
v 0.363786 -0.184488 0.062102
v 0.358529 -0.108765 0.107900
v 0.343875 -0.017803 0.043132
v 0.391541 -0.083433 0.043132
v 0.357785 -0.025834 0.022120
v 0.365838 -0.068594 0.081957
v 0.391541 -0.083433 0.043132
v 0.343875 -0.017803 0.043132
v 0.314597 -0.083402 0.141795
v 0.332701 -0.166541 0.117009
v 0.358529 -0.108765 0.107900
v 0.286179 -0.139681 0.153697
v 0.332701 -0.166541 0.117009
v 0.314597 -0.083402 0.141795
v 0.323057 -0.005784 0.057172
v 0.365838 -0.068594 0.081957
v 0.343875 -0.017803 0.043132
v 0.327373 -0.046386 0.107900
v 0.365838 -0.068594 0.081957
v 0.323057 -0.005784 0.057172
v 0.327373 -0.046386 0.107900
v 0.358529 -0.108765 0.107900
v 0.365838 -0.068594 0.081957
v 0.314597 -0.083402 0.141795
v 0.358529 -0.108765 0.107900
v 0.327373 -0.046386 0.107900
v 0.323057 -0.005784 0.057172
v 0.343875 -0.017803 0.043132
v 0.303855 0.017667 -0.002665
v 0.298501 0.008393 0.062102
v 0.327373 -0.046386 0.107900
v 0.323057 -0.005784 0.057172
v 0.281999 -0.020190 0.117009
v 0.327373 -0.046386 0.107900
v 0.298501 0.008393 0.062102
v 0.281999 -0.020190 0.117009
v 0.314597 -0.083402 0.141795
v 0.327373 -0.046386 0.107900
v 0.262777 -0.053483 0.153697
v 0.314597 -0.083402 0.141795
v 0.281999 -0.020190 0.117009
v 0.298501 0.008393 0.062102
v 0.323057 -0.005784 0.057172
v 0.303855 0.017667 -0.002665
v 0.262777 -0.053483 0.153697
v 0.286179 -0.139681 0.153697
v 0.314597 -0.083402 0.141795
v 0.231302 -0.107999 0.166580
v 0.286179 -0.139681 0.153697
v 0.262777 -0.053483 0.153697
v -0.314448 -0.083402 0.141795
v -0.231153 -0.107999 0.166580
v -0.262627 -0.053483 0.153697
v -0.286029 -0.139681 0.153697
v -0.231153 -0.107999 0.166580
v -0.314448 -0.083402 0.141795
v -0.322908 -0.005784 0.057172
v -0.281849 -0.020190 0.117009
v -0.298352 0.008393 0.062102
v -0.327223 -0.046386 0.107900
v -0.281849 -0.020190 0.117009
v -0.322908 -0.005784 0.057172
v -0.327223 -0.046386 0.107900
v -0.262627 -0.053483 0.153697
v -0.281849 -0.020190 0.117009
v -0.314448 -0.083402 0.141795
v -0.262627 -0.053483 0.153697
v -0.327223 -0.046386 0.107900
v -0.322908 -0.005784 0.057172
v -0.298352 0.008393 0.062102
v -0.303706 0.017667 -0.002665
v -0.365689 -0.068594 0.081957
v -0.314448 -0.083402 0.141795
v -0.327223 -0.046386 0.107900
v -0.358379 -0.108765 0.107900
v -0.314448 -0.083402 0.141795
v -0.365689 -0.068594 0.081957
v -0.343725 -0.017803 0.043132
v -0.322908 -0.005784 0.057172
v -0.303706 0.017667 -0.002665
v -0.358379 -0.108765 0.107900
v -0.286029 -0.139681 0.153697
v -0.314448 -0.083402 0.141795
v -0.332551 -0.166541 0.117009
v -0.286029 -0.139681 0.153697
v -0.358379 -0.108765 0.107900
v -0.343725 -0.017803 0.043132
v -0.327223 -0.046386 0.107900
v -0.322908 -0.005784 0.057172
v -0.365689 -0.068594 0.081957
v -0.327223 -0.046386 0.107900
v -0.343725 -0.017803 0.043132
v -0.391391 -0.083433 0.043132
v -0.358379 -0.108765 0.107900
v -0.365689 -0.068594 0.081957
v -0.387733 -0.125713 0.057172
v -0.358379 -0.108765 0.107900
v -0.391391 -0.083433 0.043132
v -0.357635 -0.025834 0.022120
v -0.343725 -0.017803 0.043132
v -0.303706 0.017667 -0.002665
v -0.387733 -0.125713 0.057172
v -0.332551 -0.166541 0.117009
v -0.358379 -0.108765 0.107900
v -0.363636 -0.184488 0.062102
v -0.332551 -0.166541 0.117009
v -0.387733 -0.125713 0.057172
v -0.357635 -0.025834 0.022120
v -0.365689 -0.068594 0.081957
v -0.343725 -0.017803 0.043132
v -0.391391 -0.083433 0.043132
v -0.365689 -0.068594 0.081957
v -0.357635 -0.025834 0.022120
v -0.398041 -0.131664 -0.002665
v -0.363636 -0.184488 0.062102
v -0.387733 -0.125713 0.057172
v -0.374552 -0.190790 -0.002665
v -0.363636 -0.184488 0.062102
v -0.398041 -0.131664 -0.002665
v -0.362520 -0.028654 -0.002665
v -0.391391 -0.083433 0.043132
v -0.357635 -0.025834 0.022120
v -0.400416 -0.088644 -0.002665
v -0.391391 -0.083433 0.043132
v -0.362520 -0.028654 -0.002665
v -0.400416 -0.088644 -0.002665
v -0.387733 -0.125713 0.057172
v -0.391391 -0.083433 0.043132
v -0.398041 -0.131664 -0.002665
v -0.387733 -0.125713 0.057172
v -0.400416 -0.088644 -0.002665
v -0.362520 -0.028654 -0.002665
v -0.357635 -0.025834 0.022120
v -0.303706 0.017667 -0.002665
v -0.357635 -0.025834 -0.027451
v -0.400416 -0.088644 -0.002665
v -0.362520 -0.028654 -0.002665
v -0.391391 -0.083433 -0.048463
v -0.400416 -0.088644 -0.002665
v -0.357635 -0.025834 -0.027451
v -0.391391 -0.083433 -0.048463
v -0.398041 -0.131664 -0.002665
v -0.400416 -0.088644 -0.002665
v -0.387733 -0.125713 -0.062503
v -0.398041 -0.131664 -0.002665
v -0.391391 -0.083433 -0.048463
v -0.357635 -0.025834 -0.027451
v -0.362520 -0.028654 -0.002665
v -0.303706 0.017667 -0.002665
v -0.387733 -0.125713 -0.062503
v -0.374552 -0.190790 -0.002665
v -0.398041 -0.131664 -0.002665
v -0.363636 -0.184488 -0.067433
v -0.374552 -0.190790 -0.002665
v -0.387733 -0.125713 -0.062503
v -0.365689 -0.068594 -0.087288
v -0.387733 -0.125713 -0.062503
v -0.391391 -0.083433 -0.048463
v -0.358379 -0.108765 -0.113230
v -0.387733 -0.125713 -0.062503
v -0.365689 -0.068594 -0.087288
v -0.343725 -0.017803 -0.048463
v -0.357635 -0.025834 -0.027451
v -0.303706 0.017667 -0.002665
v -0.358379 -0.108765 -0.113230
v -0.363636 -0.184488 -0.067433
v -0.387733 -0.125713 -0.062503
v -0.332551 -0.166541 -0.122340
v -0.363636 -0.184488 -0.067433
v -0.358379 -0.108765 -0.113230
v -0.343725 -0.017803 -0.048463
v -0.391391 -0.083433 -0.048463
v -0.357635 -0.025834 -0.027451
v -0.365689 -0.068594 -0.087288
v -0.391391 -0.083433 -0.048463
v -0.343725 -0.017803 -0.048463
v -0.322908 -0.005784 -0.062503
v -0.343725 -0.017803 -0.048463
v -0.303706 0.017667 -0.002665
v -0.314448 -0.083402 -0.147125
v -0.332551 -0.166541 -0.122340
v -0.358379 -0.108765 -0.113230
v -0.286029 -0.139681 -0.159028
v -0.332551 -0.166541 -0.122340
v -0.314448 -0.083402 -0.147125
v -0.322908 -0.005784 -0.062503
v -0.365689 -0.068594 -0.087288
v -0.343725 -0.017803 -0.048463
v -0.327223 -0.046386 -0.113230
v -0.365689 -0.068594 -0.087288
v -0.322908 -0.005784 -0.062503
v -0.327223 -0.046386 -0.113230
v -0.358379 -0.108765 -0.113230
v -0.365689 -0.068594 -0.087288
v -0.314448 -0.083402 -0.147125
v -0.358379 -0.108765 -0.113230
v -0.327223 -0.046386 -0.113230
v -0.262627 -0.053483 -0.159028
v -0.286029 -0.139681 -0.159028
v -0.314448 -0.083402 -0.147125
v -0.231153 -0.107998 -0.171911
v -0.286029 -0.139681 -0.159028
v -0.262627 -0.053483 -0.159028
v -0.298351 0.008393 -0.067433
v -0.327223 -0.046386 -0.113230
v -0.322908 -0.005784 -0.062503
v -0.281849 -0.020190 -0.122340
v -0.327223 -0.046386 -0.113230
v -0.298351 0.008393 -0.067433
v -0.281849 -0.020190 -0.122340
v -0.314448 -0.083402 -0.147125
v -0.327223 -0.046386 -0.113230
v -0.262627 -0.053483 -0.159028
v -0.314448 -0.083402 -0.147125
v -0.281849 -0.020190 -0.122340
v -0.298351 0.008393 -0.067433
v -0.322908 -0.005784 -0.062503
v -0.303706 0.017667 -0.002665
v -0.236476 0.006007 -0.113230
v -0.262627 -0.053483 -0.159028
v -0.281849 -0.020190 -0.122340
v -0.210807 -0.023564 -0.147125
v -0.262627 -0.053483 -0.159028
v -0.236476 0.006007 -0.113230
v -0.273795 0.022571 -0.062503
v -0.298351 0.008393 -0.067433
v -0.303706 0.017667 -0.002665
v -0.210807 -0.023564 -0.147125
v -0.231153 -0.107998 -0.171911
v -0.262627 -0.053483 -0.159028
v -0.176276 -0.076315 -0.159028
v -0.231153 -0.107998 -0.171911
v -0.210807 -0.023564 -0.147125
v -0.273795 0.022571 -0.062503
v -0.281849 -0.020190 -0.122340
v -0.298351 0.008393 -0.067433
v -0.236476 0.006007 -0.113230
v -0.281849 -0.020190 -0.122340
v -0.273795 0.022571 -0.062503
v -0.198010 0.028215 -0.087288
v -0.210807 -0.023564 -0.147125
v -0.236476 0.006007 -0.113230
v -0.166875 0.001800 -0.113230
v -0.210807 -0.023564 -0.147125
v -0.198010 0.028215 -0.087288
v -0.252978 0.034590 -0.048463
v -0.273795 0.022571 -0.062503
v -0.303706 0.017667 -0.002665
v -0.166875 0.001800 -0.113230
v -0.176276 -0.076315 -0.159028
v -0.210807 -0.023564 -0.147125
v -0.129754 -0.049456 -0.122340
v -0.176276 -0.076315 -0.159028
v -0.166875 0.001800 -0.113230
v -0.252978 0.034590 -0.048463
v -0.236476 0.006007 -0.113230
v -0.273795 0.022571 -0.062503
v -0.198010 0.028215 -0.087288
v -0.236476 0.006007 -0.113230
v -0.252978 0.034590 -0.048463
v -0.137521 0.018747 -0.062502
v -0.129754 -0.049456 -0.122340
v -0.166875 0.001800 -0.113230
v -0.098669 -0.031509 -0.067433
v -0.129754 -0.049456 -0.122340
v -0.137521 0.018747 -0.062502
v -0.239068 0.042621 -0.027451
v -0.198010 0.028215 -0.087288
v -0.252978 0.034590 -0.048463
v -0.172308 0.043055 -0.048463
v -0.198010 0.028215 -0.087288
v -0.239068 0.042621 -0.027451
v -0.172308 0.043055 -0.048463
v -0.166875 0.001800 -0.113230
v -0.198010 0.028215 -0.087288
v -0.137521 0.018747 -0.062502
v -0.166875 0.001800 -0.113230
v -0.172308 0.043055 -0.048463
v -0.239068 0.042621 -0.027451
v -0.252978 0.034590 -0.048463
v -0.303706 0.017667 -0.002665
v -0.127214 0.024698 -0.002665
v -0.098669 -0.031509 -0.067433
v -0.137521 0.018747 -0.062502
v -0.087754 -0.025207 -0.002665
v -0.098669 -0.031509 -0.067433
v -0.127214 0.024698 -0.002665
v -0.234183 0.045441 -0.002665
v -0.172308 0.043055 -0.048463
v -0.239068 0.042621 -0.027451
v -0.163282 0.048265 -0.002665
v -0.172308 0.043055 -0.048463
v -0.234183 0.045441 -0.002665
v -0.163282 0.048265 -0.002665
v -0.137521 0.018747 -0.062502
v -0.172308 0.043055 -0.048463
v -0.127214 0.024698 -0.002665
v -0.137521 0.018747 -0.062502
v -0.163282 0.048265 -0.002665
v -0.234183 0.045441 -0.002665
v -0.239068 0.042621 -0.027451
v -0.303706 0.017667 -0.002665
v -0.172308 0.043054 0.043132
v -0.127214 0.024698 -0.002665
v -0.163282 0.048265 -0.002665
v -0.137521 0.018747 0.057172
v -0.127214 0.024698 -0.002665
v -0.172308 0.043054 0.043132
v -0.239068 0.042621 0.022120
v -0.234183 0.045441 -0.002665
v -0.303706 0.017667 -0.002665
v -0.137521 0.018747 0.057172
v -0.087754 -0.025207 -0.002665
v -0.127214 0.024698 -0.002665
v -0.098669 -0.031509 0.062102
v -0.087754 -0.025207 -0.002665
v -0.137521 0.018747 0.057172
v -0.239068 0.042621 0.022120
v -0.163282 0.048265 -0.002665
v -0.234183 0.045441 -0.002665
v -0.172308 0.043054 0.043132
v -0.163282 0.048265 -0.002665
v -0.239068 0.042621 0.022120
v -0.198010 0.028215 0.081957
v -0.137521 0.018747 0.057172
v -0.172308 0.043054 0.043132
v -0.166875 0.001799 0.107900
v -0.137521 0.018747 0.057172
v -0.198010 0.028215 0.081957
v -0.252978 0.034590 0.043132
v -0.239068 0.042621 0.022120
v -0.303706 0.017667 -0.002665
v -0.166875 0.001799 0.107900
v -0.098669 -0.031509 0.062102
v -0.137521 0.018747 0.057172
v -0.129754 -0.049456 0.117009
v -0.098669 -0.031509 0.062102
v -0.166875 0.001799 0.107900
v -0.252978 0.034590 0.043132
v -0.172308 0.043054 0.043132
v -0.239068 0.042621 0.022120
v -0.198010 0.028215 0.081957
v -0.172308 0.043054 0.043132
v -0.252978 0.034590 0.043132
v -0.210807 -0.023564 0.141795
v -0.129754 -0.049456 0.117009
v -0.166875 0.001799 0.107900
v -0.176276 -0.076316 0.153697
v -0.129754 -0.049456 0.117009
v -0.210807 -0.023564 0.141795
v -0.273796 0.022571 0.057172
v -0.198010 0.028215 0.081957
v -0.252978 0.034590 0.043132
v -0.236476 0.006007 0.107900
v -0.198010 0.028215 0.081957
v -0.273796 0.022571 0.057172
v -0.236476 0.006007 0.107900
v -0.166875 0.001799 0.107900
v -0.198010 0.028215 0.081957
v -0.210807 -0.023564 0.141795
v -0.166875 0.001799 0.107900
v -0.236476 0.006007 0.107900
v -0.273796 0.022571 0.057172
v -0.252978 0.034590 0.043132
v -0.303706 0.017667 -0.002665
v -0.298352 0.008393 0.062102
v -0.236476 0.006007 0.107900
v -0.273796 0.022571 0.057172
v -0.281849 -0.020190 0.117009
v -0.236476 0.006007 0.107900
v -0.298352 0.008393 0.062102
v -0.281849 -0.020190 0.117009
v -0.210807 -0.023564 0.141795
v -0.236476 0.006007 0.107900
v -0.262627 -0.053483 0.153697
v -0.210807 -0.023564 0.141795
v -0.281849 -0.020190 0.117009
v -0.298352 0.008393 0.062102
v -0.273796 0.022571 0.057172
v -0.303706 0.017667 -0.002665
v -0.262627 -0.053483 0.153697
v -0.176276 -0.076316 0.153697
v -0.210807 -0.023564 0.141795
v -0.231153 -0.107999 0.166580
v -0.176276 -0.076316 0.153697
v -0.262627 -0.053483 0.153697
v -0.199925 -0.162086 0.197335
v 0.200075 -0.162086 0.197335
v 0.000075 -0.108497 0.197335
v -0.399925 -0.508496 0.197335
v -0.199925 -0.162086 0.197335
v -0.346335 -0.308496 0.197335
v -0.199925 -0.854907 0.197335
v -0.399925 -0.508496 0.197335
v -0.346335 -0.708496 0.197335
v 0.200075 -0.854907 0.197335
v -0.199925 -0.854907 0.197335
v 0.000075 -0.908496 0.197335
v 0.400075 -0.508497 0.197335
v 0.200075 -0.854907 0.197335
v 0.346485 -0.708497 0.197335
v 0.200075 -0.162086 0.197335
v 0.400075 -0.508497 0.197335
v 0.346485 -0.308497 0.197335
v 0.200075 -0.854907 0.197335
v 0.200075 -0.162086 0.197335
v -0.199925 -0.162086 0.197335
v 0.200075 -0.854907 0.197335
v -0.199925 -0.162086 0.197335
v -0.399925 -0.508496 0.197335
v 0.200075 -0.854907 0.197335
v -0.399925 -0.508496 0.197335
v -0.199925 -0.854907 0.197335
v 0.172950 -0.209068 -0.162665
v 0.000075 -0.162746 -0.182665
v 0.172950 -0.209068 -0.182665
v 0.000075 -0.162746 -0.162665
v 0.000075 -0.162746 -0.182665
v 0.172950 -0.209068 -0.162665
v -0.172800 -0.209068 -0.162665
v -0.299354 -0.335621 -0.182665
v -0.172800 -0.209068 -0.182665
v -0.299354 -0.335621 -0.162665
v -0.299354 -0.335621 -0.182665
v -0.172800 -0.209068 -0.162665
v 0.299504 -0.681372 -0.162665
v 0.345825 -0.508497 -0.182665
v 0.299504 -0.681372 -0.182665
v 0.345825 -0.508497 -0.162665
v 0.345825 -0.508497 -0.182665
v 0.299504 -0.681372 -0.162665
v -0.172800 -0.807925 -0.162665
v 0.000075 -0.854247 -0.182665
v -0.172800 -0.807925 -0.182665
v 0.000075 -0.854247 -0.162665
v 0.000075 -0.854247 -0.182665
v -0.172800 -0.807925 -0.162665
v -0.299354 -0.335621 -0.162665
v -0.345676 -0.508496 -0.182665
v -0.299354 -0.335621 -0.182665
v -0.345676 -0.508496 -0.162665
v -0.345676 -0.508496 -0.182665
v -0.299354 -0.335621 -0.162665
v 0.345825 -0.508497 -0.162665
v 0.299504 -0.335621 -0.182665
v 0.345825 -0.508497 -0.182665
v 0.299504 -0.335621 -0.162665
v 0.299504 -0.335621 -0.182665
v 0.345825 -0.508497 -0.162665
v 0.000075 -0.854247 -0.162665
v 0.172950 -0.807925 -0.182665
v 0.000075 -0.854247 -0.182665
v 0.172950 -0.807925 -0.162665
v 0.172950 -0.807925 -0.182665
v 0.000075 -0.854247 -0.162665
v -0.345676 -0.508496 -0.162665
v -0.299354 -0.681372 -0.182665
v -0.345676 -0.508496 -0.182665
v -0.299354 -0.681372 -0.162665
v -0.299354 -0.681372 -0.182665
v -0.345676 -0.508496 -0.162665
v 0.299504 -0.335621 -0.162665
v 0.172950 -0.209068 -0.182665
v 0.299504 -0.335621 -0.182665
v 0.172950 -0.209068 -0.162665
v 0.172950 -0.209068 -0.182665
v 0.299504 -0.335621 -0.162665
v 0.000075 -0.162746 -0.162665
v -0.172800 -0.209068 -0.182665
v 0.000075 -0.162746 -0.182665
v -0.172800 -0.209068 -0.162665
v -0.172800 -0.209068 -0.182665
v 0.000075 -0.162746 -0.162665
v 0.172950 -0.807925 -0.162665
v 0.299504 -0.681372 -0.182665
v 0.172950 -0.807925 -0.182665
v 0.299504 -0.681372 -0.162665
v 0.299504 -0.681372 -0.182665
v 0.172950 -0.807925 -0.162665
v -0.299354 -0.681372 -0.162665
v -0.172800 -0.807925 -0.182665
v -0.299354 -0.681372 -0.182665
v -0.172800 -0.807925 -0.162665
v -0.172800 -0.807925 -0.182665
v -0.299354 -0.681372 -0.162665
v 0.257152 -0.122923 0.027183
v 0.211000 -0.202860 -0.032514
v 0.257152 -0.122923 -0.032514
v 0.211000 -0.202860 0.027183
v 0.211000 -0.202860 -0.032514
v 0.257152 -0.122923 0.027183
v 0.205453 -0.093074 0.027183
v 0.211000 -0.202860 0.027183
v 0.257152 -0.122923 0.027183
v 0.159301 -0.173012 0.027183
v 0.211000 -0.202860 0.027183
v 0.205453 -0.093074 0.027183
v 0.205453 -0.093074 -0.032514
v 0.159301 -0.173012 0.027183
v 0.205453 -0.093074 0.027183
v 0.159301 -0.173012 -0.032514
v 0.159301 -0.173012 0.027183
v 0.205453 -0.093074 -0.032514
v 0.257152 -0.122923 -0.032514
v 0.159301 -0.173012 -0.032514
v 0.205453 -0.093074 -0.032514
v 0.211000 -0.202860 -0.032514
v 0.159301 -0.173012 -0.032514
v 0.257152 -0.122923 -0.032514
v 0.231302 -0.107999 0.166580
v 0.129904 -0.049456 -0.122340
v 0.231303 -0.107999 -0.171911
v 0.231302 -0.107999 0.166580
v 0.087903 -0.025207 -0.002665
v 0.129904 -0.049456 -0.122340
v 0.231302 -0.107999 0.166580
v 0.332701 -0.166541 0.117009
v 0.286179 -0.139681 0.153697
v 0.231302 -0.107999 0.166580
v 0.363786 -0.184488 0.062102
v 0.332701 -0.166541 0.117009
v 0.231302 -0.107999 0.166580
v 0.374702 -0.190790 -0.002665
v 0.363786 -0.184488 0.062102
v 0.231303 -0.107999 -0.171911
v 0.363786 -0.184488 -0.067433
v 0.374702 -0.190790 -0.002665
v 0.231303 -0.107999 -0.171911
v 0.332701 -0.166541 -0.122340
v 0.363786 -0.184488 -0.067433
v 0.332701 -0.166541 -0.122340
v 0.231303 -0.107999 -0.171911
v 0.286179 -0.139682 -0.159028
v 0.231303 -0.107999 -0.171911
v 0.129904 -0.049456 -0.122340
v 0.176426 -0.076316 -0.159028
v 0.129904 -0.049456 -0.122340
v 0.087903 -0.025207 -0.002665
v 0.098819 -0.031509 -0.067433
v 0.231302 -0.107999 0.166580
v 0.098819 -0.031509 0.062102
v 0.087903 -0.025207 -0.002665
v 0.231302 -0.107999 0.166580
v 0.129904 -0.049456 0.117009
v 0.098819 -0.031509 0.062102
v 0.129904 -0.049456 0.117009
v 0.231302 -0.107999 0.166580
v 0.176426 -0.076316 0.153697
v 0.231302 -0.107999 0.166580
v 0.231303 -0.107999 -0.171911
v 0.374702 -0.190790 -0.002665
v 0.354135 0.062684 0.018370
v 0.311555 -0.011068 -0.023701
v 0.354135 0.062684 -0.023701
v 0.311555 -0.011068 0.018370
v 0.311555 -0.011068 -0.023701
v 0.354135 0.062684 0.018370
v 0.317701 0.083719 0.018370
v 0.311555 -0.011068 0.018370
v 0.354135 0.062684 0.018370
v 0.275121 0.009968 0.018370
v 0.311555 -0.011068 0.018370
v 0.317701 0.083719 0.018370
v 0.317701 0.083719 -0.023701
v 0.275121 0.009968 0.018370
v 0.317701 0.083719 0.018370
v 0.275121 0.009968 -0.023701
v 0.275121 0.009968 0.018370
v 0.317701 0.083719 -0.023701
v 0.354135 0.062684 -0.023701
v 0.275121 0.009968 -0.023701
v 0.317701 0.083719 -0.023701
v 0.311555 -0.011068 -0.023701
v 0.275121 0.009968 -0.023701
v 0.354135 0.062684 -0.023701
v 0.354135 0.062684 -0.023701
v 0.317701 0.083719 0.018370
v 0.354135 0.062684 0.018370
v 0.317701 0.083719 -0.023701
v 0.317701 0.083719 0.018370
v 0.354135 0.062684 -0.023701
v 0.137878 0.254331 -0.023701
v 0.209460 0.111574 0.018370
v 0.209460 0.111574 -0.023701
v 0.137878 0.254331 0.018370
v 0.209460 0.111574 0.018370
v 0.137878 0.254331 -0.023701
v 0.209460 0.111574 -0.023701
v 0.302703 0.057741 0.018370
v 0.302703 0.057741 -0.023701
v 0.209460 0.111574 0.018370
v 0.302703 0.057741 0.018370
v 0.209460 0.111574 -0.023701
v 0.209460 0.111574 0.018370
v 0.284025 0.025391 0.018370
v 0.302703 0.057741 0.018370
v 0.181467 0.096316 0.018370
v 0.284025 0.025391 0.018370
v 0.209460 0.111574 0.018370
v 0.181467 0.096316 -0.023701
v 0.302703 0.057741 -0.023701
v 0.284025 0.025391 -0.023701
v 0.209460 0.111574 -0.023701
v 0.302703 0.057741 -0.023701
v 0.181467 0.096316 -0.023701
v 0.181467 0.096316 0.018370
v 0.284025 0.025391 -0.023701
v 0.284025 0.025391 0.018370
v 0.181467 0.096316 -0.023701
v 0.284025 0.025391 -0.023701
v 0.181467 0.096316 0.018370
v 0.137878 0.254331 0.018370
v 0.181467 0.096316 0.018370
v 0.209460 0.111574 0.018370
v 0.105083 0.236456 0.018370
v 0.181467 0.096316 0.018370
v 0.137878 0.254331 0.018370
v 0.105083 0.236456 -0.023701
v 0.209460 0.111574 -0.023701
v 0.181467 0.096316 -0.023701
v 0.137878 0.254331 -0.023701
v 0.209460 0.111574 -0.023701
v 0.105083 0.236456 -0.023701
v 0.105083 0.236456 0.018370
v 0.181467 0.096316 -0.023701
v 0.181467 0.096316 0.018370
v 0.105083 0.236456 -0.023701
v 0.181467 0.096316 -0.023701
v 0.105083 0.236456 0.018370
v -0.104934 0.236456 0.018370
v -0.181317 0.096316 -0.023701
v -0.104934 0.236456 -0.023701
v -0.181317 0.096316 0.018370
v -0.181317 0.096316 -0.023701
v -0.104934 0.236456 0.018370
v -0.104934 0.236456 -0.023701
v -0.209310 0.111574 -0.023701
v -0.137728 0.254331 -0.023701
v -0.181317 0.096316 -0.023701
v -0.209310 0.111574 -0.023701
v -0.104934 0.236456 -0.023701
v -0.137728 0.254331 0.018370
v -0.181317 0.096316 0.018370
v -0.104934 0.236456 0.018370
v -0.209310 0.111574 0.018370
v -0.181317 0.096316 0.018370
v -0.137728 0.254331 0.018370
v -0.181317 0.096316 0.018370
v -0.283876 0.025391 -0.023701
v -0.181317 0.096316 -0.023701
v -0.283876 0.025391 0.018370
v -0.283876 0.025391 -0.023701
v -0.181317 0.096316 0.018370
v -0.181317 0.096316 -0.023701
v -0.302553 0.057741 -0.023701
v -0.209310 0.111574 -0.023701
v -0.283876 0.025391 -0.023701
v -0.302553 0.057741 -0.023701
v -0.181317 0.096316 -0.023701
v -0.209310 0.111574 0.018370
v -0.283876 0.025391 0.018370
v -0.181317 0.096316 0.018370
v -0.302553 0.057741 0.018370
v -0.283876 0.025391 0.018370
v -0.209310 0.111574 0.018370
v -0.209310 0.111574 -0.023701
v -0.302553 0.057741 0.018370
v -0.209310 0.111574 0.018370
v -0.302553 0.057741 -0.023701
v -0.302553 0.057741 0.018370
v -0.209310 0.111574 -0.023701
v -0.137728 0.254331 -0.023701
v -0.209310 0.111574 0.018370
v -0.137728 0.254331 0.018370
v -0.209310 0.111574 -0.023701
v -0.209310 0.111574 0.018370
v -0.137728 0.254331 -0.023701
v -0.205303 -0.093074 0.027183
v -0.159152 -0.173012 -0.032514
v -0.205303 -0.093074 -0.032514
v -0.159152 -0.173012 0.027183
v -0.159152 -0.173012 -0.032514
v -0.205303 -0.093074 0.027183
v -0.257002 -0.122923 0.027183
v -0.159152 -0.173012 0.027183
v -0.205303 -0.093074 0.027183
v -0.210850 -0.202860 0.027183
v -0.159152 -0.173012 0.027183
v -0.257002 -0.122923 0.027183
v -0.257002 -0.122923 -0.032514
v -0.210850 -0.202860 0.027183
v -0.257002 -0.122923 0.027183
v -0.210850 -0.202860 -0.032514
v -0.210850 -0.202860 0.027183
v -0.257002 -0.122923 -0.032514
v -0.205303 -0.093074 -0.032514
v -0.210850 -0.202860 -0.032514
v -0.257002 -0.122923 -0.032514
v -0.159152 -0.173012 -0.032514
v -0.210850 -0.202860 -0.032514
v -0.205303 -0.093074 -0.032514
v -0.231153 -0.107999 0.166580
v -0.332551 -0.166541 -0.122340
v -0.231153 -0.107998 -0.171911
v -0.231153 -0.107999 0.166580
v -0.374552 -0.190790 -0.002665
v -0.332551 -0.166541 -0.122340
v -0.231153 -0.107999 0.166580
v -0.129754 -0.049456 0.117009
v -0.176276 -0.076316 0.153697
v -0.231153 -0.107999 0.166580
v -0.098669 -0.031509 0.062102
v -0.129754 -0.049456 0.117009
v -0.231153 -0.107999 0.166580
v -0.087754 -0.025207 -0.002665
v -0.098669 -0.031509 0.062102
v -0.231153 -0.107998 -0.171911
v -0.098669 -0.031509 -0.067433
v -0.087754 -0.025207 -0.002665
v -0.231153 -0.107998 -0.171911
v -0.129754 -0.049456 -0.122340
v -0.098669 -0.031509 -0.067433
v -0.129754 -0.049456 -0.122340
v -0.231153 -0.107998 -0.171911
v -0.176276 -0.076315 -0.159028
v -0.231153 -0.107998 -0.171911
v -0.332551 -0.166541 -0.122340
v -0.286029 -0.139681 -0.159028
v -0.332551 -0.166541 -0.122340
v -0.374552 -0.190790 -0.002665
v -0.363636 -0.184488 -0.067433
v -0.231153 -0.107999 0.166580
v -0.363636 -0.184488 0.062102
v -0.374552 -0.190790 -0.002665
v -0.231153 -0.107999 0.166580
v -0.332551 -0.166541 0.117009
v -0.363636 -0.184488 0.062102
v -0.332551 -0.166541 0.117009
v -0.231153 -0.107999 0.166580
v -0.286029 -0.139681 0.153697
v -0.231153 -0.107999 0.166580
v -0.231153 -0.107998 -0.171911
v -0.087754 -0.025207 -0.002665
v -0.317551 0.083719 0.018370
v -0.274971 0.009968 -0.023701
v -0.317551 0.083719 -0.023701
v -0.274971 0.009968 0.018370
v -0.274971 0.009968 -0.023701
v -0.317551 0.083719 0.018370
v -0.353986 0.062684 0.018370
v -0.274971 0.009968 0.018370
v -0.317551 0.083719 0.018370
v -0.311405 -0.011068 0.018370
v -0.274971 0.009968 0.018370
v -0.353986 0.062684 0.018370
v -0.353986 0.062684 -0.023701
v -0.311405 -0.011068 0.018370
v -0.353986 0.062684 0.018370
v -0.311405 -0.011068 -0.023701
v -0.311405 -0.011068 0.018370
v -0.353986 0.062684 -0.023701
v -0.317551 0.083719 -0.023701
v -0.311405 -0.011068 -0.023701
v -0.353986 0.062684 -0.023701
v -0.274971 0.009968 -0.023701
v -0.311405 -0.011068 -0.023701
v -0.317551 0.083719 -0.023701
v -0.317551 0.083719 -0.023701
v -0.353986 0.062684 0.018370
v -0.317551 0.083719 0.018370
v -0.353986 0.062684 -0.023701
v -0.353986 0.062684 0.018370
v -0.317551 0.083719 -0.023701
v 0.079884 0.252788 -0.023701
v 0.137878 0.254331 -0.023701
v 0.105083 0.236456 -0.023701
v 0.100153 0.284062 -0.023701
v 0.137878 0.254331 -0.023701
v 0.079884 0.252788 -0.023701
v 0.079884 0.252788 0.018370
v 0.105083 0.236456 -0.023701
v 0.105083 0.236456 0.018370
v 0.079884 0.252788 -0.023701
v 0.105083 0.236456 -0.023701
v 0.079884 0.252788 0.018370
v 0.100153 0.284062 -0.023701
v 0.137878 0.254331 0.018370
v 0.137878 0.254331 -0.023701
v 0.100153 0.284062 0.018370
v 0.137878 0.254331 0.018370
v 0.100153 0.284062 -0.023701
v 0.100153 0.284062 0.018370
v 0.105083 0.236456 0.018370
v 0.137878 0.254331 0.018370
v 0.079884 0.252788 0.018370
v 0.105083 0.236456 0.018370
v 0.100153 0.284062 0.018370
v 0.000075 0.284062 -0.023701
v 0.100153 0.284062 0.018370
v 0.100153 0.284062 -0.023701
v 0.000075 0.284062 0.018370
v 0.100153 0.284062 0.018370
v 0.000075 0.284062 -0.023701
v 0.000075 0.284062 0.018370
v 0.079884 0.252788 0.018370
v 0.100153 0.284062 0.018370
v 0.000075 0.254168 0.018370
v 0.079884 0.252788 0.018370
v 0.000075 0.284062 0.018370
v 0.000075 0.254168 -0.023701
v 0.100153 0.284062 -0.023701
v 0.079884 0.252788 -0.023701
v 0.000075 0.284062 -0.023701
v 0.100153 0.284062 -0.023701
v 0.000075 0.254168 -0.023701
v 0.000075 0.254168 0.018370
v 0.079884 0.252788 -0.023701
v 0.079884 0.252788 0.018370
v 0.000075 0.254168 -0.023701
v 0.079884 0.252788 -0.023701
v 0.000075 0.254168 0.018370
v -0.079734 0.252788 -0.023701
v -0.137728 0.254331 -0.023701
v -0.100003 0.284062 -0.023701
v -0.104934 0.236456 -0.023701
v -0.137728 0.254331 -0.023701
v -0.079734 0.252788 -0.023701
v -0.079734 0.252788 0.018370
v -0.104934 0.236456 -0.023701
v -0.079734 0.252788 -0.023701
v -0.104934 0.236456 0.018370
v -0.104934 0.236456 -0.023701
v -0.079734 0.252788 0.018370
v -0.100003 0.284062 -0.023701
v -0.137728 0.254331 0.018370
v -0.100003 0.284062 0.018370
v -0.137728 0.254331 -0.023701
v -0.137728 0.254331 0.018370
v -0.100003 0.284062 -0.023701
v -0.100003 0.284062 0.018370
v -0.104934 0.236456 0.018370
v -0.079734 0.252788 0.018370
v -0.137728 0.254331 0.018370
v -0.104934 0.236456 0.018370
v -0.100003 0.284062 0.018370
v 0.000075 0.284062 -0.023701
v -0.100003 0.284062 0.018370
v 0.000075 0.284062 0.018370
v -0.100003 0.284062 -0.023701
v -0.100003 0.284062 0.018370
v 0.000075 0.284062 -0.023701
v 0.000075 0.284062 0.018370
v -0.079734 0.252788 0.018370
v 0.000075 0.254168 0.018370
v -0.100003 0.284062 0.018370
v -0.079734 0.252788 0.018370
v 0.000075 0.284062 0.018370
v 0.000075 0.254168 -0.023701
v -0.100003 0.284062 -0.023701
v 0.000075 0.284062 -0.023701
v -0.079734 0.252788 -0.023701
v -0.100003 0.284062 -0.023701
v 0.000075 0.254168 -0.023701
v 0.000075 0.254168 0.018370
v -0.079734 0.252788 -0.023701
v 0.000075 0.254168 -0.023701
v -0.079734 0.252788 0.018370
v -0.079734 0.252788 -0.023701
v 0.000075 0.254168 0.018370
v 0.228940 -0.826041 0.036766
v 0.308371 -0.963620 -0.042096
v 0.228940 -0.826041 -0.042096
v 0.308371 -0.963620 0.036766
v 0.308371 -0.963620 -0.042096
v 0.228940 -0.826041 0.036766
v 0.160644 -0.865472 0.036766
v 0.308371 -0.963620 0.036766
v 0.228940 -0.826041 0.036766
v 0.240075 -1.003050 0.036766
v 0.308371 -0.963620 0.036766
v 0.160644 -0.865472 0.036766
v 0.160644 -0.865472 -0.042096
v 0.240075 -1.003050 0.036766
v 0.160644 -0.865472 0.036766
v 0.240075 -1.003050 -0.042096
v 0.240075 -1.003050 0.036766
v 0.160644 -0.865472 -0.042096
v 0.228940 -0.826041 -0.042096
v 0.240075 -1.003050 -0.042096
v 0.160644 -0.865472 -0.042096
v 0.308371 -0.963620 -0.042096
v 0.240075 -1.003050 -0.042096
v 0.228940 -0.826041 -0.042096
v 0.240075 -1.003050 -0.042096
v 0.308371 -0.963620 0.036766
v 0.240075 -1.003050 0.036766
v 0.308371 -0.963620 -0.042096
v 0.308371 -0.963620 0.036766
v 0.240075 -1.003050 -0.042096
v -0.158848 -0.867603 0.020898
v -0.240547 -1.000593 -0.063334
v -0.161289 -0.863027 -0.057793
v -0.238106 -1.005169 0.015357
v -0.240547 -1.000593 -0.063334
v -0.158848 -0.867603 0.020898
v -0.227150 -0.828427 0.025295
v -0.238106 -1.005169 0.015357
v -0.158848 -0.867603 0.020898
v -0.306408 -0.965994 0.019754
v -0.238106 -1.005169 0.015357
v -0.227150 -0.828427 0.025295
v -0.229591 -0.823852 -0.053396
v -0.306408 -0.965994 0.019754
v -0.227150 -0.828427 0.025295
v -0.308849 -0.961418 -0.058938
v -0.306408 -0.965994 0.019754
v -0.229591 -0.823852 -0.053396
v -0.161289 -0.863027 -0.057793
v -0.308849 -0.961418 -0.058938
v -0.229591 -0.823852 -0.053396
v -0.240547 -1.000593 -0.063334
v -0.308849 -0.961418 -0.058938
v -0.161289 -0.863027 -0.057793
v -0.308849 -0.961418 -0.058938
v -0.238106 -1.005169 0.015357
v -0.306408 -0.965994 0.019754
v -0.240547 -1.000593 -0.063334
v -0.238106 -1.005169 0.015357
v -0.308849 -0.961418 -0.058938
v -0.299354 -0.681372 -0.182665
v -0.172800 -0.807925 -0.202665
v -0.299354 -0.681372 -0.202665
v -0.172800 -0.807925 -0.182665
v -0.172800 -0.807925 -0.202665
v -0.299354 -0.681372 -0.182665
v 0.172950 -0.807925 -0.182665
v 0.299504 -0.681372 -0.202665
v 0.172950 -0.807925 -0.202665
v 0.299504 -0.681372 -0.182665
v 0.299504 -0.681372 -0.202665
v 0.172950 -0.807925 -0.182665
v 0.000075 -0.162746 -0.182665
v -0.172800 -0.209068 -0.202665
v 0.000075 -0.162746 -0.202665
v -0.172800 -0.209068 -0.182665
v -0.172800 -0.209068 -0.202665
v 0.000075 -0.162746 -0.182665
v 0.299504 -0.335621 -0.182665
v 0.172950 -0.209068 -0.202665
v 0.299504 -0.335621 -0.202665
v 0.172950 -0.209068 -0.182665
v 0.172950 -0.209068 -0.202665
v 0.299504 -0.335621 -0.182665
v -0.345676 -0.508496 -0.182665
v -0.299354 -0.681372 -0.202665
v -0.345676 -0.508496 -0.202665
v -0.299354 -0.681372 -0.182665
v -0.299354 -0.681372 -0.202665
v -0.345676 -0.508496 -0.182665
v 0.000075 -0.854247 -0.182665
v 0.172950 -0.807925 -0.202665
v 0.000075 -0.854247 -0.202665
v 0.172950 -0.807925 -0.182665
v 0.172950 -0.807925 -0.202665
v 0.000075 -0.854247 -0.182665
v 0.345825 -0.508497 -0.182665
v 0.299504 -0.335621 -0.202665
v 0.345825 -0.508497 -0.202665
v 0.299504 -0.335621 -0.182665
v 0.299504 -0.335621 -0.202665
v 0.345825 -0.508497 -0.182665
v -0.299354 -0.335621 -0.182665
v -0.345676 -0.508496 -0.202665
v -0.299354 -0.335621 -0.202665
v -0.345676 -0.508496 -0.182665
v -0.345676 -0.508496 -0.202665
v -0.299354 -0.335621 -0.182665
v -0.172800 -0.807925 -0.182665
v 0.000075 -0.854247 -0.202665
v -0.172800 -0.807925 -0.202665
v 0.000075 -0.854247 -0.182665
v 0.000075 -0.854247 -0.202665
v -0.172800 -0.807925 -0.182665
v 0.299504 -0.681372 -0.182665
v 0.345825 -0.508497 -0.202665
v 0.299504 -0.681372 -0.202665
v 0.345825 -0.508497 -0.182665
v 0.345825 -0.508497 -0.202665
v 0.299504 -0.681372 -0.182665
v -0.172800 -0.209068 -0.182665
v -0.299354 -0.335621 -0.202665
v -0.172800 -0.209068 -0.202665
v -0.299354 -0.335621 -0.182665
v -0.299354 -0.335621 -0.202665
v -0.172800 -0.209068 -0.182665
v 0.172950 -0.209068 -0.182665
v 0.000075 -0.162746 -0.202665
v 0.172950 -0.209068 -0.202665
v 0.000075 -0.162746 -0.182665
v 0.000075 -0.162746 -0.202665
v 0.172950 -0.209068 -0.182665
v -0.299354 -0.335621 -0.162665
v 0.299504 -0.335621 -0.162665
v 0.000075 -0.854247 -0.162665
v 0.000075 -0.162746 -0.162665
v -0.299354 -0.335621 -0.162665
v -0.172800 -0.209068 -0.162665
v 0.299504 -0.335621 -0.162665
v 0.000075 -0.162746 -0.162665
v 0.172950 -0.209068 -0.162665
v 0.299504 -0.681372 -0.162665
v 0.299504 -0.335621 -0.162665
v 0.345825 -0.508497 -0.162665
v 0.299504 -0.335621 -0.162665
v 0.299504 -0.681372 -0.162665
v 0.172950 -0.807925 -0.162665
v 0.299504 -0.335621 -0.162665
v 0.172950 -0.807925 -0.162665
v 0.000075 -0.854247 -0.162665
v -0.299354 -0.681372 -0.162665
v 0.000075 -0.854247 -0.162665
v -0.172800 -0.807925 -0.162665
v 0.000075 -0.854247 -0.162665
v -0.299354 -0.681372 -0.162665
v -0.345676 -0.508496 -0.162665
v 0.000075 -0.854247 -0.162665
v -0.345676 -0.508496 -0.162665
v -0.299354 -0.335621 -0.162665
v 0.299504 -0.335621 -0.162665
v -0.299354 -0.335621 -0.162665
v 0.000075 -0.162746 -0.162665
v 0.000075 -0.854247 -0.182665
v -0.299354 -0.335621 -0.182665
v 0.299504 -0.335621 -0.182665
v -0.299354 -0.681372 -0.182665
v 0.000075 -0.854247 -0.182665
v -0.172800 -0.807925 -0.182665
v 0.000075 -0.854247 -0.182665
v -0.299354 -0.681372 -0.182665
v -0.345676 -0.508496 -0.182665
v 0.000075 -0.854247 -0.182665
v -0.345676 -0.508496 -0.182665
v -0.299354 -0.335621 -0.182665
v 0.000075 -0.162746 -0.182665
v -0.299354 -0.335621 -0.182665
v -0.172800 -0.209068 -0.182665
v 0.299504 -0.335621 -0.182665
v 0.000075 -0.162746 -0.182665
v 0.172950 -0.209068 -0.182665
v 0.299504 -0.681372 -0.182665
v 0.299504 -0.335621 -0.182665
v 0.345825 -0.508497 -0.182665
v 0.299504 -0.335621 -0.182665
v 0.299504 -0.681372 -0.182665
v 0.172950 -0.807925 -0.182665
v 0.299504 -0.335621 -0.182665
v 0.172950 -0.807925 -0.182665
v 0.000075 -0.854247 -0.182665
v 0.299504 -0.335621 -0.182665
v -0.299354 -0.335621 -0.182665
v 0.000075 -0.162746 -0.182665

vt 0.360450 0.680864
vt 0.240404 0.680864
vt 0.360449 0.448953
vt 0.240404 0.680864
vt 0.240404 0.448953
vt 0.360449 0.448953
vt 0.240404 0.680864
vt 0.120358 0.680864
vt 0.240404 0.448953
vt 0.120358 0.680864
vt 0.120358 0.448953
vt 0.240404 0.448953
vt 0.120358 0.680864
vt 0.000312 0.680864
vt 0.120358 0.448953
vt 0.000312 0.680864
vt 0.000312 0.448953
vt 0.120358 0.448953
vt 0.448952 0.721211
vt 0.448952 0.601165
vt 0.680863 0.721211
vt 0.448952 0.601165
vt 0.680863 0.601165
vt 0.680863 0.721211
vt 0.448952 0.601165
vt 0.448952 0.481119
vt 0.680863 0.601165
vt 0.448952 0.481119
vt 0.680863 0.481119
vt 0.680863 0.601165
vt 0.448952 0.481119
vt 0.448952 0.361073
vt 0.680863 0.481119
vt 0.448952 0.361073
vt 0.680863 0.361073
vt 0.680863 0.481119
vt 0.681487 0.360449
vt 0.681487 0.240403
vt 0.913398 0.360449
vt 0.681487 0.240403
vt 0.913398 0.240404
vt 0.913398 0.360449
vt 0.681487 0.240403
vt 0.681487 0.120358
vt 0.913398 0.240404
vt 0.681487 0.120358
vt 0.913398 0.120358
vt 0.913398 0.240404
vt 0.681487 0.120358
vt 0.681487 0.000312
vt 0.913398 0.120358
vt 0.681487 0.000312
vt 0.913398 0.000312
vt 0.913398 0.120358
vt 0.680863 0.000312
vt 0.680863 0.120358
vt 0.448952 0.000312
vt 0.680863 0.120358
vt 0.448952 0.120358
vt 0.448952 0.000312
vt 0.939665 0.689044
vt 0.917425 0.666804
vt 0.999688 0.585082
vt 0.917425 0.666804
vt 0.969307 0.576941
vt 0.999688 0.585082
vt 0.680863 0.120358
vt 0.680863 0.240404
vt 0.448952 0.120358
vt 0.680863 0.240404
vt 0.448952 0.240403
vt 0.448952 0.120358
vt 0.680863 0.240404
vt 0.680863 0.360450
vt 0.448952 0.240403
vt 0.680863 0.360450
vt 0.448952 0.360450
vt 0.448952 0.240403
vt 0.284344 0.448329
vt 0.060335 0.388306
vt 0.448329 0.284343
vt 0.914021 0.224320
vt 0.944402 0.216180
vt 0.974044 0.328283
vt 0.944402 0.216180
vt 0.996284 0.306043
vt 0.974044 0.328283
vt 0.914021 0.104275
vt 0.944402 0.112415
vt 0.914021 0.224320
vt 0.944402 0.112415
vt 0.944402 0.216180
vt 0.914021 0.224320
vt 0.974044 0.000312
vt 0.996284 0.022552
vt 0.914021 0.104275
vt 0.996284 0.022552
vt 0.944402 0.112415
vt 0.914021 0.104275
vt 0.834539 0.585082
vt 0.864919 0.576941
vt 0.894562 0.689045
vt 0.864919 0.576941
vt 0.916802 0.666804
vt 0.894562 0.689045
vt 0.421096 0.448953
vt 0.443336 0.471193
vt 0.361073 0.552915
vt 0.443336 0.471193
vt 0.391454 0.561056
vt 0.361073 0.552915
vt 0.361073 0.672961
vt 0.391454 0.664821
vt 0.421096 0.776924
vt 0.391454 0.664821
vt 0.443336 0.754684
vt 0.421096 0.776924
vt 0.834539 0.465036
vt 0.864919 0.473176
vt 0.834539 0.585082
vt 0.864919 0.473176
vt 0.864919 0.576941
vt 0.834539 0.585082
vt 0.361073 0.552915
vt 0.391454 0.561056
vt 0.361073 0.672961
vt 0.391454 0.561056
vt 0.391454 0.664821
vt 0.361073 0.672961
vt 0.894562 0.361073
vt 0.916802 0.383313
vt 0.834539 0.465036
vt 0.916802 0.383313
vt 0.864919 0.473176
vt 0.834539 0.465036
vt 0.999688 0.465036
vt 0.969308 0.473176
vt 0.939665 0.361073
vt 0.969308 0.473176
vt 0.917425 0.383313
vt 0.939665 0.361073
vt 0.999688 0.585082
vt 0.969307 0.576941
vt 0.999688 0.465036
vt 0.969307 0.576941
vt 0.969308 0.473176
vt 0.999688 0.465036
vt 0.736055 0.371006
vt 0.727965 0.405440
vt 0.700151 0.361073
vt 0.727965 0.405440
vt 0.691606 0.397576
vt 0.700151 0.361073
vt 0.799116 0.396303
vt 0.795034 0.412482
vt 0.764826 0.382028
vt 0.795034 0.412482
vt 0.757284 0.411923
vt 0.764826 0.382028
vt 0.764826 0.382028
vt 0.757284 0.411923
vt 0.736055 0.371006
vt 0.757284 0.411923
vt 0.727965 0.405440
vt 0.736055 0.371006
vt 0.833915 0.411717
vt 0.795034 0.412482
vt 0.799116 0.396303
vt 0.755596 0.417193
vt 0.749865 0.446460
vt 0.727965 0.405440
vt 0.749865 0.446460
vt 0.722484 0.440385
vt 0.727965 0.405440
vt 0.829399 0.437863
vt 0.788905 0.443015
vt 0.792007 0.427176
vt 0.727965 0.405440
vt 0.722484 0.440385
vt 0.691606 0.397576
vt 0.722484 0.440385
vt 0.685830 0.434846
vt 0.691606 0.397576
vt 0.792007 0.427176
vt 0.788905 0.443015
vt 0.755596 0.417193
vt 0.788905 0.443015
vt 0.749865 0.446460
vt 0.755596 0.417193
vt 0.748528 0.450791
vt 0.745078 0.478913
vt 0.722484 0.440385
vt 0.745078 0.478913
vt 0.719373 0.475619
vt 0.722484 0.440385
vt 0.827200 0.465371
vt 0.785224 0.473003
vt 0.787092 0.457783
vt 0.722484 0.440385
vt 0.719373 0.475619
vt 0.685830 0.434846
vt 0.719373 0.475619
vt 0.682545 0.472737
vt 0.685830 0.434846
vt 0.787092 0.457783
vt 0.785224 0.473003
vt 0.748528 0.450791
vt 0.785224 0.473003
vt 0.745078 0.478913
vt 0.748528 0.450791
vt 0.719373 0.475619
vt 0.718373 0.510977
vt 0.682545 0.472737
vt 0.718373 0.510977
vt 0.681487 0.510977
vt 0.682545 0.472737
vt 0.784543 0.488334
vt 0.783942 0.503059
vt 0.744418 0.482281
vt 0.783942 0.503059
vt 0.743308 0.509490
vt 0.744418 0.482281
vt 0.744418 0.482281
vt 0.743308 0.509490
vt 0.719373 0.475619
vt 0.743308 0.509490
vt 0.718373 0.510977
vt 0.719373 0.475619
vt 0.826641 0.495260
vt 0.783942 0.503059
vt 0.784543 0.488334
vt 0.783942 0.518895
vt 0.784543 0.533621
vt 0.743308 0.512465
vt 0.784543 0.533621
vt 0.744418 0.539674
vt 0.743308 0.512465
vt 0.743308 0.512465
vt 0.744418 0.539674
vt 0.718373 0.510977
vt 0.744418 0.539674
vt 0.719373 0.546335
vt 0.718373 0.510977
vt 0.826640 0.526694
vt 0.784543 0.533621
vt 0.783942 0.518895
vt 0.718373 0.510977
vt 0.719373 0.546335
vt 0.681487 0.510977
vt 0.719373 0.546335
vt 0.682545 0.549218
vt 0.681487 0.510977
vt 0.745078 0.543042
vt 0.748528 0.571164
vt 0.719373 0.546335
vt 0.748528 0.571164
vt 0.722484 0.581570
vt 0.719373 0.546335
vt 0.827200 0.556584
vt 0.787092 0.564172
vt 0.785224 0.548952
vt 0.719373 0.546335
vt 0.722484 0.581570
vt 0.682545 0.549218
vt 0.722484 0.581570
vt 0.685830 0.587108
vt 0.682545 0.549218
vt 0.785224 0.548952
vt 0.787092 0.564172
vt 0.745078 0.543042
vt 0.787092 0.564172
vt 0.748528 0.571164
vt 0.745078 0.543042
vt 0.829399 0.584092
vt 0.792007 0.594779
vt 0.788905 0.578940
vt 0.722484 0.581570
vt 0.727965 0.616515
vt 0.685830 0.587108
vt 0.727965 0.616515
vt 0.691607 0.624379
vt 0.685830 0.587108
vt 0.788905 0.578940
vt 0.792007 0.594779
vt 0.749865 0.575495
vt 0.792007 0.594779
vt 0.755596 0.604762
vt 0.749865 0.575495
vt 0.749865 0.575495
vt 0.755596 0.604762
vt 0.722484 0.581570
vt 0.755596 0.604762
vt 0.727965 0.616515
vt 0.722484 0.581570
vt 0.727965 0.616515
vt 0.736055 0.650949
vt 0.691607 0.624379
vt 0.736055 0.650949
vt 0.700151 0.660882
vt 0.691607 0.624379
vt 0.795034 0.609472
vt 0.799116 0.625652
vt 0.757284 0.610031
vt 0.799116 0.625652
vt 0.764826 0.639927
vt 0.757284 0.610031
vt 0.757284 0.610031
vt 0.764826 0.639927
vt 0.727965 0.616515
vt 0.764826 0.639927
vt 0.736055 0.650949
vt 0.727965 0.616515
vt 0.833915 0.610238
vt 0.799116 0.625652
vt 0.795034 0.609472
vt 0.236703 0.702442
vt 0.229161 0.732337
vt 0.207932 0.691420
vt 0.229161 0.732337
vt 0.199842 0.725854
vt 0.207932 0.691420
vt 0.305792 0.732131
vt 0.266911 0.732896
vt 0.270993 0.716717
vt 0.207932 0.691420
vt 0.199842 0.725854
vt 0.172028 0.681487
vt 0.199842 0.725854
vt 0.163483 0.717990
vt 0.172028 0.681487
vt 0.270993 0.716717
vt 0.266911 0.732896
vt 0.236703 0.702442
vt 0.266911 0.732896
vt 0.229161 0.732337
vt 0.236703 0.702442
vt 0.227473 0.737607
vt 0.221741 0.766873
vt 0.199842 0.725854
vt 0.221741 0.766873
vt 0.194360 0.760799
vt 0.199842 0.725854
vt 0.301275 0.758277
vt 0.260782 0.763429
vt 0.263884 0.747590
vt 0.199842 0.725854
vt 0.194360 0.760799
vt 0.163483 0.717990
vt 0.194360 0.760799
vt 0.157707 0.755260
vt 0.163483 0.717990
vt 0.263884 0.747590
vt 0.260782 0.763429
vt 0.227473 0.737607
vt 0.260782 0.763429
vt 0.221741 0.766873
vt 0.227473 0.737607
vt 0.194360 0.760799
vt 0.191250 0.796033
vt 0.157707 0.755260
vt 0.191250 0.796033
vt 0.154422 0.793151
vt 0.157707 0.755260
vt 0.258968 0.778197
vt 0.257101 0.793417
vt 0.220405 0.771205
vt 0.257101 0.793417
vt 0.216955 0.799327
vt 0.220405 0.771205
vt 0.220405 0.771205
vt 0.216955 0.799327
vt 0.194360 0.760799
vt 0.216955 0.799327
vt 0.191250 0.796033
vt 0.194360 0.760799
vt 0.299077 0.785785
vt 0.257101 0.793417
vt 0.258968 0.778197
vt 0.191250 0.796033
vt 0.190249 0.831391
vt 0.154422 0.793151
vt 0.190249 0.831391
vt 0.153363 0.831391
vt 0.154422 0.793151
vt 0.256419 0.808748
vt 0.255819 0.823473
vt 0.216295 0.802695
vt 0.255819 0.823473
vt 0.215185 0.829904
vt 0.216295 0.802695
vt 0.216295 0.802695
vt 0.215185 0.829904
vt 0.191250 0.796033
vt 0.215185 0.829904
vt 0.190249 0.831391
vt 0.191250 0.796033
vt 0.298517 0.815675
vt 0.255819 0.823473
vt 0.256419 0.808748
vt 0.215185 0.832879
vt 0.216295 0.860088
vt 0.190249 0.831391
vt 0.216295 0.860088
vt 0.191250 0.866749
vt 0.190249 0.831391
vt 0.298517 0.847108
vt 0.256419 0.854035
vt 0.255819 0.839310
vt 0.190249 0.831391
vt 0.191250 0.866749
vt 0.153363 0.831391
vt 0.191250 0.866749
vt 0.154422 0.869632
vt 0.153363 0.831391
vt 0.255819 0.839310
vt 0.256419 0.854035
vt 0.215185 0.832879
vt 0.256419 0.854035
vt 0.216295 0.860088
vt 0.215185 0.832879
vt 0.216955 0.863456
vt 0.220405 0.891578
vt 0.191250 0.866749
vt 0.220405 0.891578
vt 0.194360 0.901984
vt 0.191250 0.866749
vt 0.299077 0.876998
vt 0.258968 0.884586
vt 0.257101 0.869366
vt 0.191250 0.866749
vt 0.194360 0.901984
vt 0.154422 0.869632
vt 0.194360 0.901984
vt 0.157707 0.907522
vt 0.154422 0.869632
vt 0.257101 0.869366
vt 0.258968 0.884586
vt 0.216955 0.863456
vt 0.258968 0.884586
vt 0.220405 0.891578
vt 0.216955 0.863456
vt 0.194360 0.901984
vt 0.199842 0.936929
vt 0.157707 0.907522
vt 0.199842 0.936929
vt 0.163483 0.944793
vt 0.157707 0.907522
vt 0.260782 0.899354
vt 0.263884 0.915193
vt 0.221741 0.895909
vt 0.263884 0.915193
vt 0.227473 0.925176
vt 0.221741 0.895909
vt 0.221741 0.895909
vt 0.227473 0.925176
vt 0.194360 0.901984
vt 0.227473 0.925176
vt 0.199842 0.936929
vt 0.194360 0.901984
vt 0.301275 0.904506
vt 0.263884 0.915193
vt 0.260782 0.899354
vt 0.266911 0.929886
vt 0.270992 0.946066
vt 0.229161 0.930445
vt 0.270992 0.946066
vt 0.236703 0.960341
vt 0.229161 0.930445
vt 0.229161 0.930445
vt 0.236703 0.960341
vt 0.199842 0.936929
vt 0.236703 0.960341
vt 0.207932 0.971363
vt 0.199842 0.936929
vt 0.305792 0.930652
vt 0.270992 0.946066
vt 0.266911 0.929886
vt 0.199842 0.936929
vt 0.207932 0.971363
vt 0.163483 0.944793
vt 0.207932 0.971363
vt 0.172028 0.981296
vt 0.163483 0.944793
vt 0.054880 0.691420
vt 0.046790 0.725854
vt 0.018976 0.681487
vt 0.046790 0.725854
vt 0.010431 0.717990
vt 0.018976 0.681487
vt 0.117941 0.716717
vt 0.113859 0.732896
vt 0.083651 0.702442
vt 0.113859 0.732896
vt 0.076109 0.732337
vt 0.083651 0.702442
vt 0.083651 0.702442
vt 0.076109 0.732337
vt 0.054880 0.691420
vt 0.076109 0.732337
vt 0.046790 0.725854
vt 0.054880 0.691420
vt 0.152740 0.732131
vt 0.113859 0.732896
vt 0.117941 0.716717
vt 0.074421 0.737607
vt 0.068689 0.766873
vt 0.046790 0.725854
vt 0.068689 0.766873
vt 0.041308 0.760799
vt 0.046790 0.725854
vt 0.148224 0.758276
vt 0.107730 0.763428
vt 0.110832 0.747590
vt 0.046790 0.725854
vt 0.041308 0.760799
vt 0.010431 0.717990
vt 0.041308 0.760799
vt 0.004655 0.755260
vt 0.010431 0.717990
vt 0.110832 0.747590
vt 0.107730 0.763428
vt 0.074421 0.737607
vt 0.107730 0.763428
vt 0.068689 0.766873
vt 0.074421 0.737607
vt 0.067353 0.771205
vt 0.063903 0.799327
vt 0.041308 0.760799
vt 0.063903 0.799327
vt 0.038198 0.796033
vt 0.041308 0.760799
vt 0.146025 0.785785
vt 0.104049 0.793417
vt 0.105917 0.778197
vt 0.041308 0.760799
vt 0.038198 0.796033
vt 0.004655 0.755260
vt 0.038198 0.796033
vt 0.001370 0.793151
vt 0.004655 0.755260
vt 0.105917 0.778197
vt 0.104049 0.793417
vt 0.067353 0.771205
vt 0.104049 0.793417
vt 0.063903 0.799327
vt 0.067353 0.771205
vt 0.038198 0.796033
vt 0.037197 0.831391
vt 0.001370 0.793151
vt 0.037197 0.831391
vt 0.000312 0.831391
vt 0.001370 0.793151
vt 0.103368 0.808748
vt 0.102767 0.823473
vt 0.063243 0.802695
vt 0.102767 0.823473
vt 0.062133 0.829904
vt 0.063243 0.802695
vt 0.063243 0.802695
vt 0.062133 0.829904
vt 0.038198 0.796033
vt 0.062133 0.829904
vt 0.037197 0.831391
vt 0.038198 0.796033
vt 0.145466 0.815674
vt 0.102767 0.823473
vt 0.103368 0.808748
vt 0.102767 0.839309
vt 0.103368 0.854034
vt 0.062133 0.832879
vt 0.103368 0.854034
vt 0.063243 0.860088
vt 0.062133 0.832879
vt 0.062133 0.832879
vt 0.063243 0.860088
vt 0.037197 0.831391
vt 0.063243 0.860088
vt 0.038198 0.866749
vt 0.037197 0.831391
vt 0.145466 0.847108
vt 0.103368 0.854034
vt 0.102767 0.839309
vt 0.037197 0.831391
vt 0.038198 0.866749
vt 0.000312 0.831391
vt 0.038198 0.866749
vt 0.001370 0.869632
vt 0.000312 0.831391
vt 0.063903 0.863455
vt 0.067353 0.891578
vt 0.038198 0.866749
vt 0.067353 0.891578
vt 0.041309 0.901984
vt 0.038198 0.866749
vt 0.146025 0.876998
vt 0.105917 0.884586
vt 0.104049 0.869366
vt 0.038198 0.866749
vt 0.041309 0.901984
vt 0.001370 0.869632
vt 0.041309 0.901984
vt 0.004655 0.907522
vt 0.001370 0.869632
vt 0.104049 0.869366
vt 0.105917 0.884586
vt 0.063903 0.863455
vt 0.105917 0.884586
vt 0.067353 0.891578
vt 0.063903 0.863455
vt 0.148224 0.904506
vt 0.110832 0.915193
vt 0.107730 0.899354
vt 0.041309 0.901984
vt 0.046790 0.936929
vt 0.004655 0.907522
vt 0.046790 0.936929
vt 0.010431 0.944793
vt 0.004655 0.907522
vt 0.107730 0.899354
vt 0.110832 0.915193
vt 0.068690 0.895909
vt 0.110832 0.915193
vt 0.074421 0.925175
vt 0.068690 0.895909
vt 0.068690 0.895909
vt 0.074421 0.925175
vt 0.041309 0.901984
vt 0.074421 0.925175
vt 0.046790 0.936929
vt 0.041309 0.901984
vt 0.046790 0.936929
vt 0.054880 0.971363
vt 0.010431 0.944793
vt 0.054880 0.971363
vt 0.018976 0.981296
vt 0.010431 0.944793
vt 0.113859 0.929886
vt 0.117941 0.946065
vt 0.076109 0.930445
vt 0.117941 0.946065
vt 0.083651 0.960341
vt 0.076109 0.930445
vt 0.076109 0.930445
vt 0.083651 0.960341
vt 0.046790 0.936929
vt 0.083651 0.960341
vt 0.054880 0.971363
vt 0.046790 0.936929
vt 0.152740 0.930652
vt 0.117941 0.946065
vt 0.113859 0.929886
vt 0.764826 0.682460
vt 0.757284 0.712355
vt 0.736055 0.671438
vt 0.757284 0.712355
vt 0.727965 0.705872
vt 0.736055 0.671438
vt 0.833915 0.712149
vt 0.795034 0.712914
vt 0.799116 0.696735
vt 0.736055 0.671438
vt 0.727965 0.705872
vt 0.700151 0.661505
vt 0.727965 0.705872
vt 0.691606 0.698008
vt 0.700151 0.661505
vt 0.799116 0.696735
vt 0.795034 0.712914
vt 0.764826 0.682460
vt 0.795034 0.712914
vt 0.757284 0.712355
vt 0.764826 0.682460
vt 0.755596 0.717625
vt 0.749865 0.746892
vt 0.727965 0.705872
vt 0.749865 0.746892
vt 0.722484 0.740817
vt 0.727965 0.705872
vt 0.829399 0.738295
vt 0.788905 0.743447
vt 0.792007 0.727608
vt 0.727965 0.705872
vt 0.722484 0.740817
vt 0.691606 0.698008
vt 0.722484 0.740817
vt 0.685830 0.735279
vt 0.691606 0.698008
vt 0.792007 0.727608
vt 0.788905 0.743447
vt 0.755596 0.717625
vt 0.788905 0.743447
vt 0.749865 0.746892
vt 0.755596 0.717625
vt 0.722484 0.740817
vt 0.719373 0.776052
vt 0.685830 0.735279
vt 0.719373 0.776052
vt 0.682545 0.773169
vt 0.685830 0.735279
vt 0.787092 0.758215
vt 0.785224 0.773435
vt 0.748528 0.751223
vt 0.785224 0.773435
vt 0.745078 0.779345
vt 0.748528 0.751223
vt 0.748528 0.751223
vt 0.745078 0.779345
vt 0.722484 0.740817
vt 0.745078 0.779345
vt 0.719373 0.776052
vt 0.722484 0.740817
vt 0.827200 0.765803
vt 0.785224 0.773435
vt 0.787092 0.758215
vt 0.719373 0.776052
vt 0.718373 0.811410
vt 0.682545 0.773169
vt 0.718373 0.811410
vt 0.681487 0.811410
vt 0.682545 0.773169
vt 0.784543 0.788766
vt 0.783942 0.803491
vt 0.744418 0.782713
vt 0.783942 0.803491
vt 0.743308 0.809922
vt 0.744418 0.782713
vt 0.744418 0.782713
vt 0.743308 0.809922
vt 0.719373 0.776052
vt 0.743308 0.809922
vt 0.718373 0.811410
vt 0.719373 0.776052
vt 0.826641 0.795693
vt 0.783942 0.803491
vt 0.784543 0.788766
vt 0.743308 0.812897
vt 0.744418 0.840106
vt 0.718373 0.811410
vt 0.744418 0.840106
vt 0.719373 0.846767
vt 0.718373 0.811410
vt 0.826641 0.827126
vt 0.784543 0.834053
vt 0.783942 0.819328
vt 0.718373 0.811410
vt 0.719373 0.846767
vt 0.681487 0.811410
vt 0.719373 0.846767
vt 0.682545 0.849650
vt 0.681487 0.811410
vt 0.783942 0.819328
vt 0.784543 0.834053
vt 0.743308 0.812897
vt 0.784543 0.834053
vt 0.744418 0.840106
vt 0.743308 0.812897
vt 0.745078 0.843474
vt 0.748528 0.871596
vt 0.719373 0.846767
vt 0.748528 0.871596
vt 0.722484 0.882002
vt 0.719373 0.846767
vt 0.827200 0.857016
vt 0.787092 0.864604
vt 0.785224 0.849384
vt 0.719373 0.846767
vt 0.722484 0.882002
vt 0.682545 0.849650
vt 0.722484 0.882002
vt 0.685830 0.887541
vt 0.682545 0.849650
vt 0.785224 0.849384
vt 0.787092 0.864604
vt 0.745078 0.843474
vt 0.787092 0.864604
vt 0.748528 0.871596
vt 0.745078 0.843474
vt 0.722484 0.882002
vt 0.727965 0.916947
vt 0.685830 0.887541
vt 0.727965 0.916947
vt 0.691607 0.924811
vt 0.685830 0.887541
vt 0.788905 0.879372
vt 0.792007 0.895211
vt 0.749865 0.875927
vt 0.792007 0.895211
vt 0.755596 0.905194
vt 0.749865 0.875927
vt 0.749865 0.875927
vt 0.755596 0.905194
vt 0.722484 0.882002
vt 0.755596 0.905194
vt 0.727965 0.916947
vt 0.722484 0.882002
vt 0.829399 0.884524
vt 0.792007 0.895211
vt 0.788905 0.879372
vt 0.795034 0.909905
vt 0.799116 0.926084
vt 0.757284 0.910464
vt 0.799116 0.926084
vt 0.764826 0.940359
vt 0.757284 0.910464
vt 0.757284 0.910464
vt 0.764826 0.940359
vt 0.727965 0.916947
vt 0.764826 0.940359
vt 0.736055 0.951381
vt 0.727965 0.916947
vt 0.833915 0.910670
vt 0.799116 0.926084
vt 0.795034 0.909905
vt 0.727965 0.916947
vt 0.736055 0.951381
vt 0.691607 0.924811
vt 0.736055 0.951381
vt 0.700151 0.961314
vt 0.691607 0.924811
vt 0.000312 0.284344
vt 0.000312 0.164298
vt 0.060335 0.388306
vt 0.060334 0.060335
vt 0.164297 0.000312
vt 0.000312 0.164298
vt 0.284343 0.000312
vt 0.388306 0.060335
vt 0.164297 0.000312
vt 0.448329 0.164297
vt 0.448329 0.284343
vt 0.388306 0.060335
vt 0.388306 0.388306
vt 0.284344 0.448329
vt 0.448329 0.284343
vt 0.164298 0.448329
vt 0.060335 0.388306
vt 0.284344 0.448329
vt 0.000312 0.164298
vt 0.448329 0.284343
vt 0.060335 0.388306
vt 0.164297 0.000312
vt 0.448329 0.284343
vt 0.000312 0.164298
vt 0.388306 0.060335
vt 0.448329 0.284343
vt 0.164297 0.000312
vt 0.374564 0.961385
vt 0.374565 0.980159
vt 0.206556 0.961385
vt 0.374565 0.980159
vt 0.206556 0.980159
vt 0.206556 0.961385
vt 0.911956 0.336374
vt 0.893181 0.336374
vt 0.911956 0.168365
vt 0.893181 0.336374
vt 0.893181 0.168365
vt 0.911956 0.168365
vt 0.950926 0.168365
vt 0.932151 0.168365
vt 0.950926 0.000355
vt 0.932151 0.168365
vt 0.932151 0.000355
vt 0.950926 0.000355
vt 0.931441 0.168365
vt 0.912666 0.168365
vt 0.931441 0.000355
vt 0.912666 0.168365
vt 0.912666 0.000355
vt 0.931441 0.000355
vt 0.911956 0.168365
vt 0.893181 0.168365
vt 0.911956 0.000355
vt 0.893181 0.168365
vt 0.893181 0.000355
vt 0.911956 0.000355
vt 0.710584 0.961385
vt 0.710584 0.980160
vt 0.542574 0.961385
vt 0.710584 0.980160
vt 0.542574 0.980159
vt 0.542574 0.961385
vt 0.950926 0.504383
vt 0.932151 0.504383
vt 0.950926 0.336374
vt 0.932151 0.504383
vt 0.932151 0.336374
vt 0.950926 0.336374
vt 0.931441 0.504383
vt 0.912666 0.504383
vt 0.931441 0.336374
vt 0.912666 0.504383
vt 0.912666 0.336374
vt 0.931441 0.336374
vt 0.542574 0.961385
vt 0.542574 0.980159
vt 0.374564 0.961385
vt 0.542574 0.980159
vt 0.374565 0.980159
vt 0.374564 0.961385
vt 0.911956 0.504383
vt 0.893181 0.504383
vt 0.911956 0.336374
vt 0.893181 0.504383
vt 0.893181 0.336374
vt 0.911956 0.336374
vt 0.950926 0.336374
vt 0.932151 0.336374
vt 0.950926 0.168365
vt 0.932151 0.336374
vt 0.932151 0.168365
vt 0.950926 0.168365
vt 0.931441 0.336374
vt 0.912666 0.336374
vt 0.931441 0.168365
vt 0.912666 0.336374
vt 0.912666 0.168365
vt 0.931441 0.168365
vt 0.400065 0.737360
vt 0.400064 0.681321
vt 0.486713 0.737360
vt 0.400064 0.681321
vt 0.486713 0.681321
vt 0.486713 0.737360
vt 0.400064 0.681321
vt 0.400065 0.625281
vt 0.486713 0.681321
vt 0.400065 0.625281
vt 0.486713 0.625281
vt 0.486713 0.681321
vt 0.400065 0.625281
vt 0.400065 0.569242
vt 0.486713 0.625281
vt 0.400065 0.569242
vt 0.486713 0.569242
vt 0.486713 0.625281
vt 0.400065 0.793399
vt 0.400065 0.737360
vt 0.486713 0.793399
vt 0.400065 0.737360
vt 0.486713 0.737360
vt 0.486713 0.793399
vt 0.609651 0.624870
vt 0.670350 0.312968
vt 0.726428 0.600189
vt 0.726428 0.600189
vt 0.670350 0.312968
vt 0.792577 0.498612
vt 0.609651 0.313476
vt 0.670350 0.312968
vt 0.553573 0.337649
vt 0.553573 0.337649
vt 0.670350 0.312968
vt 0.510652 0.381807
vt 0.510652 0.381807
vt 0.670350 0.312968
vt 0.487424 0.439227
vt 0.487424 0.439227
vt 0.609651 0.624870
vt 0.487424 0.501167
vt 0.487424 0.501167
vt 0.609651 0.624870
vt 0.510652 0.558198
vt 0.553573 0.601637
vt 0.510652 0.558198
vt 0.609651 0.624870
vt 0.670350 0.624362
vt 0.609651 0.624870
vt 0.726428 0.600189
vt 0.769349 0.556032
vt 0.726428 0.600189
vt 0.792577 0.498612
vt 0.792577 0.498612
vt 0.670350 0.312968
vt 0.792577 0.436672
vt 0.792577 0.436672
vt 0.670350 0.312968
vt 0.769349 0.379641
vt 0.726428 0.336202
vt 0.769349 0.379641
vt 0.670350 0.312968
vt 0.487424 0.439227
vt 0.670350 0.312968
vt 0.609651 0.624870
vt 0.832781 0.860097
vt 0.832781 0.820603
vt 0.912725 0.860097
vt 0.832781 0.820603
vt 0.912725 0.820603
vt 0.912725 0.860097
vt 0.832781 0.820603
vt 0.832781 0.781110
vt 0.912725 0.820603
vt 0.832781 0.781110
vt 0.912725 0.781110
vt 0.912725 0.820603
vt 0.832781 0.939083
vt 0.832781 0.899590
vt 0.912725 0.939083
vt 0.832781 0.899590
vt 0.912725 0.899590
vt 0.912725 0.939083
vt 0.832781 0.899590
vt 0.832781 0.860097
vt 0.912725 0.899590
vt 0.832781 0.860097
vt 0.912725 0.860097
vt 0.912725 0.899590
vt 0.832781 0.820603
vt 0.832781 0.860097
vt 0.793288 0.820603
vt 0.832781 0.860097
vt 0.793288 0.860097
vt 0.793288 0.820603
vt 0.793288 0.679329
vt 0.793288 0.529414
vt 0.832781 0.679329
vt 0.793288 0.529414
vt 0.832781 0.529414
vt 0.832781 0.679329
vt 0.793288 0.780400
vt 0.793288 0.679329
vt 0.832781 0.780400
vt 0.793288 0.679329
vt 0.832781 0.679329
vt 0.832781 0.780400
vt 0.212811 0.568531
vt 0.162276 0.481001
vt 0.243179 0.550999
vt 0.162276 0.481001
vt 0.176599 0.454723
vt 0.243179 0.550999
vt 0.486713 0.017888
vt 0.420133 0.114164
vt 0.456346 0.000355
vt 0.420133 0.114164
vt 0.405810 0.087886
vt 0.456346 0.000355
vt 0.833492 0.740359
vt 0.833492 0.623304
vt 0.872985 0.740359
vt 0.833492 0.623304
vt 0.872985 0.623304
vt 0.872985 0.740359
vt 0.162276 0.481001
vt 0.028265 0.413803
vt 0.176599 0.454723
vt 0.028265 0.413803
vt 0.045045 0.383018
vt 0.176599 0.454723
vt 0.420133 0.114164
vt 0.288579 0.185869
vt 0.405810 0.087886
vt 0.288579 0.185869
vt 0.271799 0.155083
vt 0.405810 0.087886
vt 0.833492 0.623304
vt 0.833492 0.473477
vt 0.872985 0.623304
vt 0.833492 0.473477
vt 0.872985 0.473477
vt 0.872985 0.623304
vt 0.872985 0.267237
vt 0.833492 0.267237
vt 0.872985 0.117410
vt 0.833492 0.267237
vt 0.833492 0.117410
vt 0.872985 0.117410
vt 0.271800 0.413805
vt 0.288579 0.383019
vt 0.405810 0.481001
vt 0.288579 0.383019
vt 0.420133 0.454724
vt 0.405810 0.481001
vt 0.045045 0.185867
vt 0.028265 0.155082
vt 0.176599 0.114163
vt 0.028265 0.155082
vt 0.162276 0.087885
vt 0.176599 0.114163
vt 0.872985 0.117410
vt 0.833492 0.117410
vt 0.872985 0.000355
vt 0.833492 0.117410
vt 0.833492 0.000355
vt 0.872985 0.000355
vt 0.405810 0.481001
vt 0.420133 0.454724
vt 0.456346 0.568531
vt 0.420133 0.454724
vt 0.486713 0.550998
vt 0.456346 0.568531
vt 0.176599 0.114163
vt 0.162276 0.087885
vt 0.243179 0.017888
vt 0.162276 0.087885
vt 0.212811 0.000355
vt 0.243179 0.017888
vt 0.832781 0.101426
vt 0.793288 0.101426
vt 0.832781 0.000355
vt 0.793288 0.101426
vt 0.793288 0.000355
vt 0.832781 0.000355
vt 0.832781 0.251341
vt 0.793288 0.251341
vt 0.832781 0.101426
vt 0.793288 0.251341
vt 0.793288 0.101426
vt 0.832781 0.101426
vt 0.399354 0.569242
vt 0.399354 0.625281
vt 0.312705 0.569242
vt 0.399354 0.625281
vt 0.312705 0.625281
vt 0.312705 0.569242
vt 0.399354 0.625281
vt 0.399354 0.681321
vt 0.312705 0.625281
vt 0.399354 0.681321
vt 0.312705 0.681321
vt 0.312705 0.625281
vt 0.399354 0.681321
vt 0.399354 0.737360
vt 0.312705 0.681321
vt 0.399354 0.737360
vt 0.312705 0.737360
vt 0.312705 0.681321
vt 0.399354 0.737360
vt 0.399354 0.793399
vt 0.312705 0.737360
vt 0.399354 0.793399
vt 0.312705 0.793399
vt 0.312705 0.737360
vt 0.609651 0.000355
vt 0.670350 0.312258
vt 0.510652 0.067028
vt 0.510652 0.067028
vt 0.670350 0.312258
vt 0.487424 0.185999
vt 0.726429 0.289024
vt 0.670350 0.312258
vt 0.769349 0.245585
vt 0.769349 0.245585
vt 0.670350 0.312258
vt 0.792577 0.188554
vt 0.792577 0.188554
vt 0.670350 0.312258
vt 0.792577 0.126614
vt 0.792577 0.126614
vt 0.609651 0.000355
vt 0.769349 0.069194
vt 0.769349 0.069194
vt 0.609651 0.000355
vt 0.726428 0.025036
vt 0.670350 0.000863
vt 0.726428 0.025036
vt 0.609651 0.000355
vt 0.553573 0.023589
vt 0.609651 0.000355
vt 0.510652 0.067028
vt 0.487424 0.124059
vt 0.510652 0.067028
vt 0.487424 0.185999
vt 0.487424 0.185999
vt 0.670350 0.312258
vt 0.510652 0.243419
vt 0.510652 0.243419
vt 0.670350 0.312258
vt 0.553573 0.287577
vt 0.609652 0.311750
vt 0.553573 0.287577
vt 0.670350 0.312258
vt 0.792577 0.126614
vt 0.670350 0.312258
vt 0.609651 0.000355
vt 0.039849 0.873056
vt 0.000355 0.873056
vt 0.039849 0.793113
vt 0.000355 0.873056
vt 0.000355 0.793113
vt 0.039849 0.793113
vt 0.158329 0.873056
vt 0.118835 0.873056
vt 0.158329 0.793113
vt 0.118835 0.873056
vt 0.118835 0.793113
vt 0.158329 0.793113
vt 0.118835 0.873056
vt 0.079342 0.873056
vt 0.118835 0.793113
vt 0.079342 0.873056
vt 0.079342 0.793113
vt 0.118835 0.793113
vt 0.079342 0.873056
vt 0.039849 0.873056
vt 0.079342 0.793113
vt 0.039849 0.873056
vt 0.039849 0.793113
vt 0.079342 0.793113
vt 0.118835 0.912550
vt 0.079342 0.912550
vt 0.118835 0.873056
vt 0.079342 0.912550
vt 0.079342 0.873056
vt 0.118835 0.873056
vt 0.288579 0.185869
vt 0.273248 0.209524
vt 0.271799 0.155083
vt 0.273248 0.209524
vt 0.243890 0.190497
vt 0.271799 0.155083
vt 0.833492 0.473477
vt 0.833492 0.445288
vt 0.872985 0.473477
vt 0.833492 0.445288
vt 0.872985 0.445288
vt 0.872985 0.473477
vt 0.793288 0.529414
vt 0.793288 0.484324
vt 0.832781 0.529414
vt 0.793288 0.484324
vt 0.832781 0.484324
vt 0.832781 0.529414
vt 0.028265 0.413803
vt 0.000355 0.378390
vt 0.045045 0.383018
vt 0.000355 0.378390
vt 0.029713 0.359363
vt 0.045045 0.383018
vt 0.793288 0.484324
vt 0.793288 0.390377
vt 0.832781 0.484324
vt 0.793288 0.390377
vt 0.832781 0.390377
vt 0.832781 0.484324
vt 0.000355 0.378390
vt 0.000355 0.284443
vt 0.029713 0.359363
vt 0.000355 0.284443
vt 0.028418 0.284443
vt 0.029713 0.359363
vt 0.273248 0.209524
vt 0.271953 0.284444
vt 0.243890 0.190497
vt 0.271953 0.284444
vt 0.243890 0.284444
vt 0.243890 0.190497
vt 0.833492 0.445288
vt 0.833492 0.370357
vt 0.872985 0.445288
vt 0.833492 0.370357
vt 0.872985 0.370357
vt 0.872985 0.445288
vt 0.243890 0.378391
vt 0.273248 0.359364
vt 0.271800 0.413805
vt 0.273248 0.359364
vt 0.288579 0.383019
vt 0.271800 0.413805
vt 0.872985 0.295426
vt 0.833492 0.295426
vt 0.872985 0.267237
vt 0.833492 0.295426
vt 0.833492 0.267237
vt 0.872985 0.267237
vt 0.832781 0.296430
vt 0.793288 0.296430
vt 0.832781 0.251341
vt 0.793288 0.296430
vt 0.793288 0.251341
vt 0.832781 0.251341
vt 0.029714 0.209523
vt 0.000355 0.190496
vt 0.045045 0.185867
vt 0.000355 0.190496
vt 0.028265 0.155082
vt 0.045045 0.185867
vt 0.832781 0.390377
vt 0.793288 0.390377
vt 0.832781 0.296430
vt 0.793288 0.390377
vt 0.793288 0.296430
vt 0.832781 0.296430
vt 0.028418 0.284443
vt 0.000355 0.284443
vt 0.029714 0.209523
vt 0.000355 0.284443
vt 0.000355 0.190496
vt 0.029714 0.209523
vt 0.243890 0.284444
vt 0.271953 0.284444
vt 0.243890 0.378391
vt 0.271953 0.284444
vt 0.273248 0.359364
vt 0.243890 0.378391
vt 0.872985 0.370357
vt 0.833492 0.370357
vt 0.872985 0.295426
vt 0.833492 0.370357
vt 0.833492 0.295426
vt 0.872985 0.295426
vt 0.710584 0.699612
vt 0.710584 0.773642
vt 0.561455 0.699612
vt 0.710584 0.773642
vt 0.561455 0.773642
vt 0.561455 0.699612
vt 0.710584 0.773642
vt 0.710584 0.847673
vt 0.561455 0.773642
vt 0.710584 0.847673
vt 0.561455 0.847673
vt 0.561455 0.773642
vt 0.710584 0.847673
vt 0.710584 0.921704
vt 0.561455 0.847673
vt 0.710584 0.921704
vt 0.561455 0.921704
vt 0.561455 0.847673
vt 0.710584 0.625581
vt 0.710584 0.699612
vt 0.561455 0.625581
vt 0.710584 0.699612
vt 0.561455 0.699612
vt 0.561455 0.625581
vt 0.561455 0.847673
vt 0.487424 0.847673
vt 0.561455 0.773642
vt 0.487424 0.847673
vt 0.487424 0.773642
vt 0.561455 0.773642
vt 0.000355 0.569242
vt 0.074386 0.569242
vt 0.000355 0.718372
vt 0.074386 0.569242
vt 0.074386 0.718372
vt 0.000355 0.718372
vt 0.074386 0.569242
vt 0.148417 0.569242
vt 0.074386 0.718372
vt 0.148417 0.569242
vt 0.148417 0.718372
vt 0.074386 0.718372
vt 0.148417 0.569242
vt 0.222447 0.569242
vt 0.148417 0.718372
vt 0.222447 0.569242
vt 0.222447 0.718372
vt 0.148417 0.718372
vt 0.222447 0.569242
vt 0.296478 0.569242
vt 0.222447 0.718372
vt 0.296478 0.569242
vt 0.296478 0.718372
vt 0.222447 0.718372
vt 0.148417 0.718372
vt 0.148417 0.792402
vt 0.074386 0.718372
vt 0.148417 0.792402
vt 0.074386 0.792402
vt 0.074386 0.718372
vt 0.873695 0.168365
vt 0.892470 0.168365
vt 0.873695 0.336374
vt 0.892470 0.168365
vt 0.892470 0.336374
vt 0.873695 0.336374
vt 0.374565 0.999645
vt 0.374565 0.980870
vt 0.542574 0.999645
vt 0.374565 0.980870
vt 0.542574 0.980870
vt 0.542574 0.999645
vt 0.710583 0.941899
vt 0.710583 0.960674
vt 0.542575 0.941899
vt 0.710583 0.960674
vt 0.542575 0.960674
vt 0.542575 0.941899
vt 0.542574 0.922414
vt 0.542574 0.941189
vt 0.374565 0.922414
vt 0.542574 0.941189
vt 0.374565 0.941189
vt 0.374565 0.922414
vt 0.873695 0.000355
vt 0.892470 0.000355
vt 0.873695 0.168365
vt 0.892470 0.000355
vt 0.892470 0.168365
vt 0.873695 0.168365
vt 0.206556 0.999645
vt 0.206556 0.980870
vt 0.374565 0.999645
vt 0.206556 0.980870
vt 0.374565 0.980870
vt 0.374565 0.999645
vt 0.710584 0.922414
vt 0.710584 0.941189
vt 0.542574 0.922414
vt 0.710584 0.941189
vt 0.542574 0.941189
vt 0.542574 0.922414
vt 0.374565 0.941899
vt 0.374565 0.960674
vt 0.206556 0.941899
vt 0.374565 0.960674
vt 0.206556 0.960674
vt 0.206556 0.941899
vt 0.873695 0.336374
vt 0.892470 0.336374
vt 0.873696 0.504383
vt 0.892470 0.336374
vt 0.892470 0.504383
vt 0.873696 0.504383
vt 0.542574 0.999645
vt 0.542574 0.980870
vt 0.710584 0.999645
vt 0.542574 0.980870
vt 0.710584 0.980870
vt 0.710584 0.999645
vt 0.542575 0.941899
vt 0.542575 0.960674
vt 0.374565 0.941899
vt 0.542575 0.960674
vt 0.374565 0.960674
vt 0.374565 0.941899
vt 0.374565 0.922414
vt 0.374565 0.941189
vt 0.206556 0.922414
vt 0.374565 0.941189
vt 0.206556 0.941189
vt 0.206556 0.922414
vt 0.500000 -0.001434
vt 0.934254 0.750717
vt 0.065746 0.750717
vt 0.750716 0.934254
vt 0.500000 1.001433
vt 0.934254 0.750717
vt 0.249283 0.934254
vt 0.065746 0.750717
vt 0.500000 1.001433
vt -0.001434 0.500000
vt 0.065746 0.249283
vt 0.065746 0.750717
vt 0.249283 0.065746
vt 0.065746 0.750717
vt 0.065746 0.249283
vt 0.500000 -0.001434
vt 0.065746 0.750717
vt 0.249283 0.065746
vt 0.750717 0.065745
vt 0.934254 0.249283
vt 0.500000 -0.001434
vt 1.001434 0.500000
vt 0.500000 -0.001434
vt 0.934254 0.249283
vt 0.934254 0.750717
vt 0.500000 -0.001434
vt 1.001434 0.500000
vt 0.500000 1.001433
vt 0.065746 0.750717
vt 0.934254 0.750717
vt 0.500000 -0.000816
vt 0.933720 0.750408
vt 0.066280 0.750408
vt 0.750408 0.933720
vt 0.500000 1.000817
vt 0.933720 0.750408
vt 0.249592 0.933720
vt 0.933720 0.750408
vt 0.500000 1.000817
vt 0.066280 0.750408
vt 0.933720 0.750408
vt 0.249592 0.933720
vt -0.000817 0.499999
vt 0.066280 0.249591
vt 0.066280 0.750408
vt 0.249592 0.066280
vt 0.500000 -0.000816
vt 0.066280 0.249591
vt 0.750408 0.066280
vt 0.933720 0.249592
vt 0.500000 -0.000816
vt 1.000816 0.500000
vt 0.500000 -0.000816
vt 0.933720 0.249592
vt 0.933720 0.750408
vt 0.500000 -0.000816
vt 1.000816 0.500000
vt 0.066280 0.249591
vt 0.500000 -0.000816
vt 0.066280 0.750408

vn -0.258818 0.965926 -0.000000
vn -0.258818 0.965926 -0.000000
vn -0.258818 0.965926 -0.000000
vn -0.258819 0.965926 -0.000000
vn -0.258819 0.965926 -0.000000
vn -0.258819 0.965926 -0.000000
vn -0.707107 0.707107 -0.000000
vn -0.707107 0.707107 -0.000000
vn -0.707107 0.707107 -0.000000
vn -0.707107 0.707107 -0.000000
vn -0.707107 0.707107 -0.000000
vn -0.707107 0.707107 -0.000000
vn -0.965926 0.258819 0.000000
vn -0.965926 0.258819 0.000000
vn -0.965926 0.258819 0.000000
vn -0.965926 0.258819 0.000000
vn -0.965926 0.258819 0.000000
vn -0.965926 0.258819 0.000000
vn -0.965926 -0.258819 0.000000
vn -0.965926 -0.258819 0.000000
vn -0.965926 -0.258819 0.000000
vn -0.965926 -0.258819 0.000000
vn -0.965926 -0.258819 0.000000
vn -0.965926 -0.258819 0.000000
vn -0.707107 -0.707107 0.000000
vn -0.707107 -0.707107 0.000000
vn -0.707107 -0.707107 0.000000
vn -0.707107 -0.707107 0.000000
vn -0.707107 -0.707107 0.000000
vn -0.707107 -0.707107 0.000000
vn -0.258819 -0.965926 0.000000
vn -0.258819 -0.965926 0.000000
vn -0.258819 -0.965926 0.000000
vn -0.258819 -0.965926 0.000000
vn -0.258819 -0.965926 0.000000
vn -0.258819 -0.965926 0.000000
vn 0.258820 -0.965926 0.000000
vn 0.258820 -0.965926 0.000000
vn 0.258820 -0.965926 0.000000
vn 0.258819 -0.965926 0.000000
vn 0.258819 -0.965926 0.000000
vn 0.258819 -0.965926 0.000000
vn 0.707106 -0.707107 0.000000
vn 0.707106 -0.707107 0.000000
vn 0.707106 -0.707107 0.000000
vn 0.707107 -0.707107 0.000000
vn 0.707107 -0.707107 0.000000
vn 0.707107 -0.707107 0.000000
vn 0.965926 -0.258819 0.000000
vn 0.965926 -0.258819 0.000000
vn 0.965926 -0.258819 0.000000
vn 0.965926 -0.258819 0.000000
vn 0.965926 -0.258819 0.000000
vn 0.965926 -0.258819 0.000000
vn 0.965926 0.258819 0.000000
vn 0.965926 0.258819 0.000000
vn 0.965926 0.258819 0.000000
vn 0.965926 0.258818 0.000000
vn 0.965926 0.258818 0.000000
vn 0.965926 0.258818 0.000000
vn -0.000000 0.000000 -1.000000
vn -0.000000 0.000000 -1.000000
vn -0.000000 0.000000 -1.000000
vn -0.000000 -0.000000 -1.000000
vn -0.000000 -0.000000 -1.000000
vn -0.000000 -0.000000 -1.000000
vn 0.707107 0.707106 -0.000000
vn 0.707107 0.707106 -0.000000
vn 0.707107 0.707106 -0.000000
vn 0.707107 0.707106 -0.000000
vn 0.707107 0.707106 -0.000000
vn 0.707107 0.707106 -0.000000
vn 0.258819 0.965926 -0.000000
vn 0.258819 0.965926 -0.000000
vn 0.258819 0.965926 -0.000000
vn 0.258819 0.965926 -0.000000
vn 0.258819 0.965926 -0.000000
vn 0.258819 0.965926 -0.000000
vn -0.000000 0.000000 1.000000
vn -0.000000 0.000000 1.000000
vn -0.000000 0.000000 1.000000
vn -0.000000 0.000000 -1.000000
vn -0.000000 0.000000 -1.000000
vn -0.000000 0.000000 -1.000000
vn 0.000000 0.000000 -1.000000
vn 0.000000 0.000000 -1.000000
vn 0.000000 0.000000 -1.000000
vn 0.000000 0.000000 -1.000000
vn 0.000000 0.000000 -1.000000
vn 0.000000 0.000000 -1.000000
vn -0.000000 0.000000 -1.000000
vn -0.000000 0.000000 -1.000000
vn -0.000000 0.000000 -1.000000
vn -0.000000 -0.000000 -1.000000
vn -0.000000 -0.000000 -1.000000
vn -0.000000 -0.000000 -1.000000
vn 0.000000 -0.000000 -1.000000
vn 0.000000 -0.000000 -1.000000
vn 0.000000 -0.000000 -1.000000
vn -0.000000 0.000000 -1.000000
vn -0.000000 0.000000 -1.000000
vn -0.000000 0.000000 -1.000000
vn 0.000000 0.000000 -1.000000
vn 0.000000 0.000000 -1.000000
vn 0.000000 0.000000 -1.000000
vn -0.000000 0.000000 -1.000000
vn -0.000000 0.000000 -1.000000
vn -0.000000 0.000000 -1.000000
vn -0.000000 -0.000000 -1.000000
vn -0.000000 -0.000000 -1.000000
vn -0.000000 -0.000000 -1.000000
vn -0.000000 0.000000 -1.000000
vn -0.000000 0.000000 -1.000000
vn -0.000000 0.000000 -1.000000
vn -0.000000 -0.000000 -1.000000
vn -0.000000 -0.000000 -1.000000
vn -0.000000 -0.000000 -1.000000
vn 0.000000 -0.000000 -1.000000
vn 0.000000 -0.000000 -1.000000
vn 0.000000 -0.000000 -1.000000
vn -0.000000 -0.000000 -1.000000
vn -0.000000 -0.000000 -1.000000
vn -0.000000 -0.000000 -1.000000
vn 0.000000 0.000000 -1.000000
vn 0.000000 0.000000 -1.000000
vn 0.000000 0.000000 -1.000000
vn -0.000000 -0.000000 -1.000000
vn -0.000000 -0.000000 -1.000000
vn -0.000000 -0.000000 -1.000000
vn -0.000000 -0.000000 -1.000000
vn -0.000000 -0.000000 -1.000000
vn -0.000000 -0.000000 -1.000000
vn 0.000000 0.000000 -1.000000
vn 0.000000 0.000000 -1.000000
vn 0.000000 0.000000 -1.000000
vn -0.000000 -0.000000 -1.000000
vn -0.000000 -0.000000 -1.000000
vn -0.000000 -0.000000 -1.000000
vn -0.000000 0.000000 -1.000000
vn -0.000000 0.000000 -1.000000
vn -0.000000 0.000000 -1.000000
vn 0.000000 0.000000 -1.000000
vn 0.000000 0.000000 -1.000000
vn 0.000000 0.000000 -1.000000
vn -0.000000 0.000000 -1.000000
vn -0.000000 0.000000 -1.000000
vn -0.000000 0.000000 -1.000000
vn -0.067250 0.266071 0.961605
vn -0.067250 0.266071 0.961605
vn -0.067250 0.266071 0.961605
vn -0.072919 0.264695 0.961571
vn -0.072919 0.264695 0.961571
vn -0.072919 0.264695 0.961571
vn 0.349561 0.783901 0.513133
vn 0.349561 0.783901 0.513133
vn 0.349561 0.783901 0.513133
vn 0.349563 0.783902 0.513131
vn 0.349563 0.783902 0.513131
vn 0.349563 0.783902 0.513131
vn 0.234413 0.655621 0.717782
vn 0.234413 0.655621 0.717782
vn 0.234413 0.655621 0.717782
vn 0.209571 0.652646 0.728102
vn 0.209571 0.652646 0.728102
vn 0.209571 0.652646 0.728102
vn 0.468550 0.868259 0.163055
vn 0.468550 0.868259 0.163055
vn 0.468550 0.868259 0.163055
vn -0.005521 0.755589 0.655023
vn -0.005521 0.755589 0.655023
vn -0.005521 0.755589 0.655023
vn -0.080584 0.745134 0.662029
vn -0.080584 0.745134 0.662029
vn -0.080584 0.745134 0.662029
vn 0.423561 0.895239 0.138356
vn 0.423561 0.895239 0.138356
vn 0.423561 0.895239 0.138356
vn -0.380272 0.433288 0.817101
vn -0.380272 0.433288 0.817101
vn -0.380272 0.433288 0.817101
vn -0.393282 0.429331 0.813021
vn -0.393282 0.429331 0.813021
vn -0.393282 0.429331 0.813021
vn 0.208628 0.873997 0.438865
vn 0.208628 0.873997 0.438865
vn 0.208628 0.873997 0.438865
vn 0.208625 0.873999 0.438864
vn 0.208625 0.873999 0.438864
vn 0.208625 0.873999 0.438864
vn -0.280136 0.820132 0.498905
vn -0.280136 0.820132 0.498905
vn -0.280136 0.820132 0.498905
vn -0.365161 0.798762 0.478160
vn -0.365161 0.798762 0.478160
vn -0.365161 0.798762 0.478160
vn 0.389293 0.916451 0.092561
vn 0.389293 0.916451 0.092561
vn 0.389293 0.916451 0.092561
vn -0.628163 0.552342 0.548023
vn -0.628163 0.552342 0.548023
vn -0.628163 0.552342 0.548023
vn -0.639072 0.547094 0.540626
vn -0.639072 0.547094 0.540626
vn -0.639072 0.547094 0.540626
vn 0.099648 0.949664 0.296999
vn 0.099648 0.949664 0.296999
vn 0.099648 0.949664 0.296999
vn 0.099646 0.949665 0.296998
vn 0.099646 0.949665 0.296998
vn 0.099646 0.949665 0.296998
vn -0.767023 0.611908 0.192989
vn -0.767023 0.611908 0.192989
vn -0.767023 0.611908 0.192989
vn -0.770265 0.609049 0.189080
vn -0.770265 0.609049 0.189080
vn -0.770265 0.609049 0.189080
vn 0.039583 0.993657 0.105255
vn 0.039583 0.993657 0.105255
vn 0.039583 0.993657 0.105255
vn 0.039585 0.993657 0.105258
vn 0.039585 0.993657 0.105258
vn 0.039585 0.993657 0.105258
vn -0.507492 0.839186 0.195495
vn -0.507492 0.839186 0.195495
vn -0.507492 0.839186 0.195495
vn -0.538566 0.824261 0.174755
vn -0.538566 0.824261 0.174755
vn -0.538566 0.824261 0.174755
vn 0.370789 0.928147 0.032529
vn 0.370789 0.928147 0.032529
vn 0.370789 0.928147 0.032529
vn 0.039585 0.993657 -0.105255
vn 0.039585 0.993657 -0.105255
vn 0.039585 0.993657 -0.105255
vn 0.039584 0.993657 -0.105258
vn 0.039584 0.993657 -0.105258
vn 0.039584 0.993657 -0.105258
vn -0.536045 0.820403 -0.198985
vn -0.536045 0.820403 -0.198985
vn -0.536045 0.820403 -0.198985
vn -0.516509 0.838748 -0.172396
vn -0.516509 0.838748 -0.172396
vn -0.516509 0.838748 -0.172396
vn 0.370789 0.928147 -0.032529
vn 0.370789 0.928147 -0.032529
vn 0.370789 0.928147 -0.032529
vn -0.769649 0.608563 -0.193109
vn -0.769649 0.608563 -0.193109
vn -0.769649 0.608563 -0.193109
vn -0.767836 0.612141 -0.188973
vn -0.767836 0.612141 -0.188973
vn -0.767836 0.612141 -0.188973
vn -0.336662 0.783482 -0.522317
vn -0.336662 0.783482 -0.522317
vn -0.336662 0.783482 -0.522317
vn -0.318558 0.828230 -0.461039
vn -0.318558 0.828230 -0.461039
vn -0.318558 0.828230 -0.461039
vn 0.389294 0.916451 -0.092562
vn 0.389294 0.916451 -0.092562
vn 0.389294 0.916451 -0.092562
vn -0.634380 0.544279 -0.548928
vn -0.634380 0.544279 -0.548928
vn -0.634380 0.544279 -0.548928
vn -0.633284 0.554588 -0.539799
vn -0.633284 0.554588 -0.539799
vn -0.633284 0.554588 -0.539799
vn 0.099646 0.949664 -0.297000
vn 0.099646 0.949664 -0.297000
vn 0.099646 0.949664 -0.297000
vn 0.099647 0.949665 -0.296998
vn 0.099647 0.949665 -0.296998
vn 0.099647 0.949665 -0.296998
vn 0.423561 0.895239 -0.138356
vn 0.423561 0.895239 -0.138356
vn 0.423561 0.895239 -0.138356
vn -0.386142 0.425152 -0.818621
vn -0.386142 0.425152 -0.818621
vn -0.386142 0.425152 -0.818621
vn -0.387767 0.436954 -0.811608
vn -0.387767 0.436954 -0.811608
vn -0.387767 0.436954 -0.811608
vn 0.208627 0.873997 -0.438867
vn 0.208627 0.873997 -0.438867
vn 0.208627 0.873997 -0.438867
vn 0.208626 0.873999 -0.438864
vn 0.208626 0.873999 -0.438864
vn 0.208626 0.873999 -0.438864
vn -0.043881 0.725855 -0.686447
vn -0.043881 0.725855 -0.686447
vn -0.043881 0.725855 -0.686447
vn -0.046544 0.769911 -0.636452
vn -0.046544 0.769911 -0.636452
vn -0.046544 0.769911 -0.636452
vn -0.069436 0.262600 -0.962403
vn -0.069436 0.262600 -0.962403
vn -0.069436 0.262600 -0.962403
vn -0.070855 0.267968 -0.960819
vn -0.070855 0.267968 -0.960819
vn -0.070855 0.267968 -0.960819
vn 0.349562 0.783903 -0.513131
vn 0.349562 0.783903 -0.513131
vn 0.349562 0.783903 -0.513131
vn 0.349563 0.783900 -0.513133
vn 0.349563 0.783900 -0.513133
vn 0.349563 0.783900 -0.513133
vn 0.224684 0.643590 -0.731648
vn 0.224684 0.643590 -0.731648
vn 0.224684 0.643590 -0.731648
vn 0.218324 0.663015 -0.716063
vn 0.218324 0.663015 -0.716063
vn 0.218324 0.663015 -0.716063
vn 0.468549 0.868260 -0.163055
vn 0.468549 0.868260 -0.163055
vn 0.468549 0.868260 -0.163055
vn 0.450578 0.530818 -0.717783
vn 0.450578 0.530818 -0.717783
vn 0.450578 0.530818 -0.717783
vn 0.460423 0.507816 -0.728103
vn 0.460423 0.507816 -0.728103
vn 0.460423 0.507816 -0.728103
vn 0.517661 0.839905 -0.163055
vn 0.517661 0.839905 -0.163055
vn 0.517661 0.839905 -0.163055
vn 0.264050 0.074796 -0.961604
vn 0.264050 0.074796 -0.961604
vn 0.264050 0.074796 -0.961604
vn 0.265694 0.069197 -0.961571
vn 0.265694 0.069197 -0.961571
vn 0.265694 0.069197 -0.961571
vn 0.504099 0.694679 -0.513132
vn 0.504099 0.694679 -0.513132
vn 0.504099 0.694679 -0.513132
vn 0.504097 0.694682 -0.513131
vn 0.504097 0.694682 -0.513131
vn 0.504097 0.694682 -0.513131
vn 0.657120 0.373011 -0.655024
vn 0.657120 0.373011 -0.655024
vn 0.657120 0.373011 -0.655024
vn 0.685596 0.302780 -0.662029
vn 0.685596 0.302780 -0.662029
vn 0.685596 0.302780 -0.662029
vn 0.563521 0.814433 -0.138355
vn 0.563521 0.814433 -0.138355
vn 0.563521 0.814433 -0.138355
vn 0.565375 -0.112681 -0.817101
vn 0.565375 -0.112681 -0.817101
vn 0.565375 -0.112681 -0.817101
vn 0.568453 -0.125929 -0.813021
vn 0.568453 -0.125929 -0.813021
vn 0.568453 -0.125929 -0.813021
vn 0.652591 0.617675 -0.438865
vn 0.652591 0.617675 -0.438865
vn 0.652591 0.617675 -0.438865
vn 0.652593 0.617674 -0.438863
vn 0.652593 0.617674 -0.438863
vn 0.652593 0.617674 -0.438863
vn 0.792423 -0.267835 -0.548024
vn 0.792423 -0.267835 -0.548024
vn 0.792423 -0.267835 -0.548024
vn 0.793333 -0.279906 -0.540625
vn 0.793333 -0.279906 -0.540625
vn 0.793333 -0.279906 -0.540625
vn 0.772609 0.561130 -0.297000
vn 0.772609 0.561130 -0.297000
vn 0.772609 0.561130 -0.297000
vn 0.772609 0.561130 -0.296999
vn 0.772609 0.561130 -0.296999
vn 0.772609 0.561130 -0.296999
vn 0.850323 0.167463 -0.498907
vn 0.850323 0.167463 -0.498907
vn 0.850323 0.167463 -0.498907
vn 0.874329 0.083141 -0.478160
vn 0.874329 0.083141 -0.478160
vn 0.874329 0.083141 -0.478160
vn 0.599024 0.795363 -0.092562
vn 0.599024 0.795363 -0.092562
vn 0.599024 0.795363 -0.092562
vn 0.913439 -0.358308 -0.192988
vn 0.913439 -0.358308 -0.192988
vn 0.913439 -0.358308 -0.192988
vn 0.912585 -0.362544 -0.189079
vn 0.912585 -0.362544 -0.189079
vn 0.912585 -0.362544 -0.189079
vn 0.840739 0.531111 -0.105256
vn 0.840739 0.531111 -0.105256
vn 0.840739 0.531111 -0.105256
vn 0.840740 0.531110 -0.105254
vn 0.840740 0.531110 -0.105254
vn 0.840740 0.531110 -0.105254
vn 0.980503 -0.019910 -0.195493
vn 0.980503 -0.019910 -0.195493
vn 0.980503 -0.019910 -0.195493
vn 0.983115 -0.054283 -0.174754
vn 0.983115 -0.054283 -0.174754
vn 0.983115 -0.054283 -0.174754
vn 0.618404 0.785186 -0.032533
vn 0.618404 0.785186 -0.032533
vn 0.618404 0.785186 -0.032533
vn 0.978512 -0.054028 0.198986
vn 0.978512 -0.054028 0.198986
vn 0.978512 -0.054028 0.198986
vn 0.984632 -0.027936 0.172395
vn 0.984632 -0.027936 0.172395
vn 0.984632 -0.027936 0.172395
vn 0.618404 0.785186 0.032535
vn 0.618404 0.785186 0.032535
vn 0.618404 0.785186 0.032535
vn 0.911856 -0.362254 0.193108
vn 0.911856 -0.362254 0.193108
vn 0.911856 -0.362254 0.193108
vn 0.914048 -0.358895 0.188973
vn 0.914048 -0.358895 0.188973
vn 0.914048 -0.358895 0.188973
vn 0.840740 0.531110 0.105258
vn 0.840740 0.531110 0.105258
vn 0.840740 0.531110 0.105258
vn 0.840740 0.531110 0.105256
vn 0.840740 0.531110 0.105256
vn 0.840740 0.531110 0.105256
vn 0.846845 0.100184 0.522319
vn 0.846845 0.100184 0.522319
vn 0.846845 0.100184 0.522319
vn 0.876547 0.138238 0.461038
vn 0.876547 0.138238 0.461038
vn 0.876547 0.138238 0.461038
vn 0.599025 0.795363 0.092560
vn 0.599025 0.795363 0.092560
vn 0.599025 0.795363 0.092560
vn 0.788550 -0.277249 0.548928
vn 0.788550 -0.277249 0.548928
vn 0.788550 -0.277249 0.548928
vn 0.796929 -0.271147 0.539799
vn 0.796929 -0.271147 0.539799
vn 0.796929 -0.271147 0.539799
vn 0.772609 0.561129 0.297000
vn 0.772609 0.561129 0.297000
vn 0.772609 0.561129 0.297000
vn 0.772609 0.561130 0.296998
vn 0.772609 0.561130 0.296998
vn 0.772609 0.561130 0.296998
vn 0.561262 -0.121832 0.818622
vn 0.561262 -0.121832 0.818622
vn 0.561262 -0.121832 0.818622
vn 0.572297 -0.117338 0.811608
vn 0.572297 -0.117338 0.811608
vn 0.572297 -0.117338 0.811608
vn 0.652592 0.617675 0.438863
vn 0.652592 0.617675 0.438863
vn 0.652592 0.617675 0.438863
vn 0.652592 0.617675 0.438864
vn 0.652592 0.617675 0.438864
vn 0.652592 0.617675 0.438864
vn 0.650549 0.324927 0.686446
vn 0.650549 0.324927 0.686446
vn 0.650549 0.324927 0.686446
vn 0.690033 0.344648 0.636453
vn 0.690033 0.344648 0.636453
vn 0.690033 0.344648 0.636453
vn 0.563521 0.814434 0.138356
vn 0.563521 0.814434 0.138356
vn 0.563521 0.814434 0.138356
vn 0.504098 0.694681 0.513131
vn 0.504098 0.694681 0.513131
vn 0.504098 0.694681 0.513131
vn 0.504097 0.694681 0.513132
vn 0.504097 0.694681 0.513132
vn 0.504097 0.694681 0.513132
vn 0.445024 0.516376 0.731648
vn 0.445024 0.516376 0.731648
vn 0.445024 0.516376 0.731648
vn 0.465027 0.520582 0.716062
vn 0.465027 0.520582 0.716062
vn 0.465027 0.520582 0.716062
vn 0.517660 0.839905 0.163055
vn 0.517660 0.839905 0.163055
vn 0.517660 0.839905 0.163055
vn 0.262139 0.071168 0.962402
vn 0.262139 0.071168 0.962402
vn 0.262139 0.071168 0.962402
vn 0.267491 0.072621 0.960820
vn 0.267491 0.072621 0.960820
vn 0.267491 0.072621 0.960820
vn -0.264049 0.074796 0.961605
vn -0.264049 0.074796 0.961605
vn -0.264049 0.074796 0.961605
vn -0.265692 0.069198 0.961571
vn -0.265692 0.069198 0.961571
vn -0.265692 0.069198 0.961571
vn -0.504097 0.694680 0.513132
vn -0.504097 0.694680 0.513132
vn -0.504097 0.694680 0.513132
vn -0.504097 0.694681 0.513132
vn -0.504097 0.694681 0.513132
vn -0.504097 0.694681 0.513132
vn -0.450578 0.530818 0.717782
vn -0.450578 0.530818 0.717782
vn -0.450578 0.530818 0.717782
vn -0.460421 0.507819 0.728102
vn -0.460421 0.507819 0.728102
vn -0.460421 0.507819 0.728102
vn -0.517659 0.839906 0.163057
vn -0.517659 0.839906 0.163057
vn -0.517659 0.839906 0.163057
vn -0.657119 0.373014 0.655023
vn -0.657119 0.373014 0.655023
vn -0.657119 0.373014 0.655023
vn -0.685597 0.302779 0.662028
vn -0.685597 0.302779 0.662028
vn -0.685597 0.302779 0.662028
vn -0.563523 0.814432 0.138355
vn -0.563523 0.814432 0.138355
vn -0.563523 0.814432 0.138355
vn -0.565375 -0.112680 0.817101
vn -0.565375 -0.112680 0.817101
vn -0.565375 -0.112680 0.817101
vn -0.568453 -0.125928 0.813021
vn -0.568453 -0.125928 0.813021
vn -0.568453 -0.125928 0.813021
vn -0.652593 0.617674 0.438863
vn -0.652593 0.617674 0.438863
vn -0.652593 0.617674 0.438863
vn -0.652592 0.617675 0.438863
vn -0.652592 0.617675 0.438863
vn -0.652592 0.617675 0.438863
vn -0.850324 0.167463 0.498905
vn -0.850324 0.167463 0.498905
vn -0.850324 0.167463 0.498905
vn -0.874328 0.083142 0.478161
vn -0.874328 0.083142 0.478161
vn -0.874328 0.083142 0.478161
vn -0.599025 0.795362 0.092562
vn -0.599025 0.795362 0.092562
vn -0.599025 0.795362 0.092562
vn -0.792423 -0.267834 0.548023
vn -0.792423 -0.267834 0.548023
vn -0.792423 -0.267834 0.548023
vn -0.793333 -0.279906 0.540626
vn -0.793333 -0.279906 0.540626
vn -0.793333 -0.279906 0.540626
vn -0.772609 0.561131 0.296999
vn -0.772609 0.561131 0.296999
vn -0.772609 0.561131 0.296999
vn -0.772610 0.561130 0.296998
vn -0.772610 0.561130 0.296998
vn -0.772610 0.561130 0.296998
vn -0.913439 -0.358308 0.192988
vn -0.913439 -0.358308 0.192988
vn -0.913439 -0.358308 0.192988
vn -0.912585 -0.362543 0.189079
vn -0.912585 -0.362543 0.189079
vn -0.912585 -0.362543 0.189079
vn -0.840739 0.531111 0.105256
vn -0.840739 0.531111 0.105256
vn -0.840739 0.531111 0.105256
vn -0.840740 0.531109 0.105256
vn -0.840740 0.531109 0.105256
vn -0.840740 0.531109 0.105256
vn -0.980503 -0.019908 0.195493
vn -0.980503 -0.019908 0.195493
vn -0.980503 -0.019908 0.195493
vn -0.983115 -0.054282 0.174753
vn -0.983115 -0.054282 0.174753
vn -0.983115 -0.054282 0.174753
vn -0.618405 0.785186 0.032536
vn -0.618405 0.785186 0.032536
vn -0.618405 0.785186 0.032536
vn -0.840740 0.531109 -0.105258
vn -0.840740 0.531109 -0.105258
vn -0.840740 0.531109 -0.105258
vn -0.840740 0.531110 -0.105256
vn -0.840740 0.531110 -0.105256
vn -0.840740 0.531110 -0.105256
vn -0.978512 -0.054028 -0.198984
vn -0.978512 -0.054028 -0.198984
vn -0.978512 -0.054028 -0.198984
vn -0.984632 -0.027936 -0.172394
vn -0.984632 -0.027936 -0.172394
vn -0.984632 -0.027936 -0.172394
vn -0.618405 0.785186 -0.032537
vn -0.618405 0.785186 -0.032537
vn -0.618405 0.785186 -0.032537
vn -0.911856 -0.362254 -0.193108
vn -0.911856 -0.362254 -0.193108
vn -0.911856 -0.362254 -0.193108
vn -0.914048 -0.358896 -0.188972
vn -0.914048 -0.358896 -0.188972
vn -0.914048 -0.358896 -0.188972
vn -0.846846 0.100183 -0.522318
vn -0.846846 0.100183 -0.522318
vn -0.846846 0.100183 -0.522318
vn -0.876547 0.138237 -0.461038
vn -0.876547 0.138237 -0.461038
vn -0.876547 0.138237 -0.461038
vn -0.599025 0.795362 -0.092562
vn -0.599025 0.795362 -0.092562
vn -0.599025 0.795362 -0.092562
vn -0.788549 -0.277250 -0.548929
vn -0.788549 -0.277250 -0.548929
vn -0.788549 -0.277250 -0.548929
vn -0.796929 -0.271147 -0.539799
vn -0.796929 -0.271147 -0.539799
vn -0.796929 -0.271147 -0.539799
vn -0.772609 0.561130 -0.296998
vn -0.772609 0.561130 -0.296998
vn -0.772609 0.561130 -0.296998
vn -0.772609 0.561130 -0.296998
vn -0.772609 0.561130 -0.296998
vn -0.772609 0.561130 -0.296998
vn -0.563523 0.814432 -0.138355
vn -0.563523 0.814432 -0.138355
vn -0.563523 0.814432 -0.138355
vn -0.561263 -0.121832 -0.818622
vn -0.561263 -0.121832 -0.818622
vn -0.561263 -0.121832 -0.818622
vn -0.572297 -0.117339 -0.811608
vn -0.572297 -0.117339 -0.811608
vn -0.572297 -0.117339 -0.811608
vn -0.652594 0.617674 -0.438862
vn -0.652594 0.617674 -0.438862
vn -0.652594 0.617674 -0.438862
vn -0.652592 0.617675 -0.438864
vn -0.652592 0.617675 -0.438864
vn -0.652592 0.617675 -0.438864
vn -0.650549 0.324926 -0.686447
vn -0.650549 0.324926 -0.686447
vn -0.650549 0.324926 -0.686447
vn -0.690034 0.344647 -0.636452
vn -0.690034 0.344647 -0.636452
vn -0.690034 0.344647 -0.636452
vn -0.262138 0.071167 -0.962403
vn -0.262138 0.071167 -0.962403
vn -0.262138 0.071167 -0.962403
vn -0.267494 0.072621 -0.960819
vn -0.267494 0.072621 -0.960819
vn -0.267494 0.072621 -0.960819
vn -0.504096 0.694681 -0.513134
vn -0.504096 0.694681 -0.513134
vn -0.504096 0.694681 -0.513134
vn -0.504095 0.694681 -0.513133
vn -0.504095 0.694681 -0.513133
vn -0.504095 0.694681 -0.513133
vn -0.445023 0.516378 -0.731647
vn -0.445023 0.516378 -0.731647
vn -0.445023 0.516378 -0.731647
vn -0.465027 0.520582 -0.716061
vn -0.465027 0.520582 -0.716061
vn -0.465027 0.520582 -0.716061
vn -0.517658 0.839906 -0.163057
vn -0.517658 0.839906 -0.163057
vn -0.517658 0.839906 -0.163057
vn -0.234416 0.655622 -0.717781
vn -0.234416 0.655622 -0.717781
vn -0.234416 0.655622 -0.717781
vn -0.209569 0.652645 -0.728104
vn -0.209569 0.652645 -0.728104
vn -0.209569 0.652645 -0.728104
vn -0.468553 0.868257 -0.163057
vn -0.468553 0.868257 -0.163057
vn -0.468553 0.868257 -0.163057
vn 0.067250 0.266072 -0.961604
vn 0.067250 0.266072 -0.961604
vn 0.067250 0.266072 -0.961604
vn 0.072920 0.264696 -0.961571
vn 0.072920 0.264696 -0.961571
vn 0.072920 0.264696 -0.961571
vn -0.349564 0.783901 -0.513132
vn -0.349564 0.783901 -0.513132
vn -0.349564 0.783901 -0.513132
vn -0.349565 0.783900 -0.513133
vn -0.349565 0.783900 -0.513133
vn -0.349565 0.783900 -0.513133
vn 0.005522 0.755588 -0.655024
vn 0.005522 0.755588 -0.655024
vn 0.005522 0.755588 -0.655024
vn 0.080580 0.745133 -0.662030
vn 0.080580 0.745133 -0.662030
vn 0.080580 0.745133 -0.662030
vn -0.423558 0.895241 -0.138354
vn -0.423558 0.895241 -0.138354
vn -0.423558 0.895241 -0.138354
vn 0.380271 0.433289 -0.817101
vn 0.380271 0.433289 -0.817101
vn 0.380271 0.433289 -0.817101
vn 0.393284 0.429330 -0.813021
vn 0.393284 0.429330 -0.813021
vn 0.393284 0.429330 -0.813021
vn -0.208625 0.873999 -0.438863
vn -0.208625 0.873999 -0.438863
vn -0.208625 0.873999 -0.438863
vn -0.208626 0.873999 -0.438863
vn -0.208626 0.873999 -0.438863
vn -0.208626 0.873999 -0.438863
vn 0.628165 0.552342 -0.548022
vn 0.628165 0.552342 -0.548022
vn 0.628165 0.552342 -0.548022
vn 0.639073 0.547094 -0.540625
vn 0.639073 0.547094 -0.540625
vn 0.639073 0.547094 -0.540625
vn -0.099649 0.949664 -0.296999
vn -0.099649 0.949664 -0.296999
vn -0.099649 0.949664 -0.296999
vn -0.099649 0.949664 -0.296999
vn -0.099649 0.949664 -0.296999
vn -0.099649 0.949664 -0.296999
vn 0.280134 0.820133 -0.498906
vn 0.280134 0.820133 -0.498906
vn 0.280134 0.820133 -0.498906
vn 0.365166 0.798760 -0.478159
vn 0.365166 0.798760 -0.478159
vn 0.365166 0.798760 -0.478159
vn -0.389293 0.916452 -0.092562
vn -0.389293 0.916452 -0.092562
vn -0.389293 0.916452 -0.092562
vn 0.767023 0.611907 -0.192990
vn 0.767023 0.611907 -0.192990
vn 0.767023 0.611907 -0.192990
vn 0.770264 0.609049 -0.189081
vn 0.770264 0.609049 -0.189081
vn 0.770264 0.609049 -0.189081
vn -0.039586 0.993657 -0.105254
vn -0.039586 0.993657 -0.105254
vn -0.039586 0.993657 -0.105254
vn -0.039585 0.993657 -0.105253
vn -0.039585 0.993657 -0.105253
vn -0.039585 0.993657 -0.105253
vn 0.507499 0.839183 -0.195491
vn 0.507499 0.839183 -0.195491
vn 0.507499 0.839183 -0.195491
vn 0.538565 0.824262 -0.174756
vn 0.538565 0.824262 -0.174756
vn 0.538565 0.824262 -0.174756
vn -0.370788 0.928148 -0.032531
vn -0.370788 0.928148 -0.032531
vn -0.370788 0.928148 -0.032531
vn 0.536044 0.820404 0.198986
vn 0.536044 0.820404 0.198986
vn 0.536044 0.820404 0.198986
vn 0.516508 0.838748 0.172398
vn 0.516508 0.838748 0.172398
vn 0.516508 0.838748 0.172398
vn -0.370788 0.928148 0.032529
vn -0.370788 0.928148 0.032529
vn -0.370788 0.928148 0.032529
vn 0.769649 0.608563 0.193111
vn 0.769649 0.608563 0.193111
vn 0.769649 0.608563 0.193111
vn 0.767835 0.612142 0.188973
vn 0.767835 0.612142 0.188973
vn 0.767835 0.612142 0.188973
vn -0.039585 0.993657 0.105254
vn -0.039585 0.993657 0.105254
vn -0.039585 0.993657 0.105254
vn -0.039584 0.993657 0.105258
vn -0.039584 0.993657 0.105258
vn -0.039584 0.993657 0.105258
vn 0.336662 0.783482 0.522317
vn 0.336662 0.783482 0.522317
vn 0.336662 0.783482 0.522317
vn 0.318557 0.828231 0.461037
vn 0.318557 0.828231 0.461037
vn 0.318557 0.828231 0.461037
vn -0.389293 0.916451 0.092563
vn -0.389293 0.916451 0.092563
vn -0.389293 0.916451 0.092563
vn 0.634380 0.544281 0.548927
vn 0.634380 0.544281 0.548927
vn 0.634380 0.544281 0.548927
vn 0.633285 0.554588 0.539799
vn 0.633285 0.554588 0.539799
vn 0.633285 0.554588 0.539799
vn -0.099647 0.949664 0.297000
vn -0.099647 0.949664 0.297000
vn -0.099647 0.949664 0.297000
vn -0.099647 0.949665 0.296998
vn -0.099647 0.949665 0.296998
vn -0.099647 0.949665 0.296998
vn 0.386141 0.425152 0.818622
vn 0.386141 0.425152 0.818622
vn 0.386141 0.425152 0.818622
vn 0.387766 0.436954 0.811608
vn 0.387766 0.436954 0.811608
vn 0.387766 0.436954 0.811608
vn -0.208624 0.874000 0.438863
vn -0.208624 0.874000 0.438863
vn -0.208624 0.874000 0.438863
vn -0.208625 0.873999 0.438865
vn -0.208625 0.873999 0.438865
vn -0.208625 0.873999 0.438865
vn 0.043879 0.725856 0.686446
vn 0.043879 0.725856 0.686446
vn 0.043879 0.725856 0.686446
vn 0.046542 0.769911 0.636452
vn 0.046542 0.769911 0.636452
vn 0.046542 0.769911 0.636452
vn -0.423557 0.895241 0.138354
vn -0.423557 0.895241 0.138354
vn -0.423557 0.895241 0.138354
vn -0.349564 0.783900 0.513133
vn -0.349564 0.783900 0.513133
vn -0.349564 0.783900 0.513133
vn -0.349563 0.783901 0.513133
vn -0.349563 0.783901 0.513133
vn -0.349563 0.783901 0.513133
vn -0.224684 0.643591 0.731647
vn -0.224684 0.643591 0.731647
vn -0.224684 0.643591 0.731647
vn -0.218324 0.663015 0.716063
vn -0.218324 0.663015 0.716063
vn -0.218324 0.663015 0.716063
vn -0.468553 0.868257 0.163056
vn -0.468553 0.868257 0.163056
vn -0.468553 0.868257 0.163056
vn 0.069436 0.262603 0.962402
vn 0.069436 0.262603 0.962402
vn 0.069436 0.262603 0.962402
vn 0.070854 0.267965 0.960820
vn 0.070854 0.267965 0.960820
vn 0.070854 0.267965 0.960820
vn -0.000000 0.000000 1.000000
vn -0.000000 0.000000 1.000000
vn -0.000000 0.000000 1.000000
vn 0.000000 0.000000 1.000000
vn 0.000000 0.000000 1.000000
vn 0.000000 0.000000 1.000000
vn -0.000000 -0.000000 1.000000
vn -0.000000 -0.000000 1.000000
vn -0.000000 -0.000000 1.000000
vn -0.000000 -0.000001 1.000000
vn -0.000000 -0.000001 1.000000
vn -0.000000 -0.000001 1.000000
vn 0.000000 -0.000000 1.000000
vn 0.000000 -0.000000 1.000000
vn 0.000000 -0.000000 1.000000
vn -0.000000 0.000000 1.000000
vn -0.000000 0.000000 1.000000
vn -0.000000 0.000000 1.000000
vn 0.000000 0.000000 1.000000
vn 0.000000 0.000000 1.000000
vn 0.000000 0.000000 1.000000
vn 0.000000 0.000000 1.000000
vn 0.000000 0.000000 1.000000
vn 0.000000 0.000000 1.000000
vn -0.000000 0.000000 1.000000
vn -0.000000 0.000000 1.000000
vn -0.000000 0.000000 1.000000
vn -0.258819 -0.965926 0.000001
vn -0.258819 -0.965926 0.000001
vn -0.258819 -0.965926 0.000001
vn -0.258819 -0.965926 0.000001
vn -0.258819 -0.965926 0.000001
vn -0.258819 -0.965926 0.000001
vn 0.707106 -0.707107 0.000001
vn 0.707106 -0.707107 0.000001
vn 0.707106 -0.707107 0.000001
vn 0.707107 -0.707107 0.000000
vn 0.707107 -0.707107 0.000000
vn 0.707107 -0.707107 0.000000
vn -0.965926 0.258819 0.000000
vn -0.965926 0.258819 0.000000
vn -0.965926 0.258819 0.000000
vn -0.965926 0.258820 0.000000
vn -0.965926 0.258820 0.000000
vn -0.965926 0.258820 0.000000
vn 0.258820 0.965925 0.000000
vn 0.258820 0.965925 0.000000
vn 0.258820 0.965925 0.000000
vn 0.258819 0.965926 0.000000
vn 0.258819 0.965926 0.000000
vn 0.258819 0.965926 0.000000
vn 0.965926 -0.258819 0.000000
vn 0.965926 -0.258819 0.000000
vn 0.965926 -0.258819 0.000000
vn 0.965926 -0.258819 0.000000
vn 0.965926 -0.258819 0.000000
vn 0.965926 -0.258819 0.000000
vn -0.965926 -0.258819 0.000000
vn -0.965926 -0.258819 0.000000
vn -0.965926 -0.258819 0.000000
vn -0.965926 -0.258819 0.000000
vn -0.965926 -0.258819 0.000000
vn -0.965926 -0.258819 0.000000
vn -0.258819 0.965926 0.000000
vn -0.258819 0.965926 0.000000
vn -0.258819 0.965926 0.000000
vn -0.258819 0.965926 0.000000
vn -0.258819 0.965926 0.000000
vn -0.258819 0.965926 0.000000
vn 0.965926 0.258819 0.000000
vn 0.965926 0.258819 0.000000
vn 0.965926 0.258819 0.000000
vn 0.965926 0.258819 0.000000
vn 0.965926 0.258819 0.000000
vn 0.965926 0.258819 0.000000
vn -0.707107 -0.707106 0.000000
vn -0.707107 -0.707106 0.000000
vn -0.707107 -0.707106 0.000000
vn -0.707107 -0.707106 0.000001
vn -0.707107 -0.707106 0.000001
vn -0.707107 -0.707106 0.000001
vn 0.258819 -0.965926 0.000001
vn 0.258819 -0.965926 0.000001
vn 0.258819 -0.965926 0.000001
vn 0.258819 -0.965926 0.000001
vn 0.258819 -0.965926 0.000001
vn 0.258819 -0.965926 0.000001
vn -0.707106 0.707107 0.000000
vn -0.707106 0.707107 0.000000
vn -0.707106 0.707107 0.000000
vn -0.707107 0.707107 0.000000
vn -0.707107 0.707107 0.000000
vn -0.707107 0.707107 0.000000
vn 0.707107 0.707107 0.000000
vn 0.707107 0.707107 0.000000
vn 0.707107 0.707107 0.000000
vn 0.707106 0.707108 0.000000
vn 0.707106 0.707108 0.000000
vn 0.707106 0.707108 0.000000
vn 0.866025 -0.500000 0.000000
vn 0.866025 -0.500000 0.000000
vn 0.866025 -0.500000 0.000000
vn 0.866025 -0.500000 0.000000
vn 0.866025 -0.500000 0.000000
vn 0.866025 -0.500000 0.000000
vn -0.000000 0.000000 1.000000
vn -0.000000 0.000000 1.000000
vn -0.000000 0.000000 1.000000
vn -0.000000 0.000000 1.000000
vn -0.000000 0.000000 1.000000
vn -0.000000 0.000000 1.000000
vn -0.866025 0.500000 -0.000000
vn -0.866025 0.500000 -0.000000
vn -0.866025 0.500000 -0.000000
vn -0.866025 0.500001 0.000000
vn -0.866025 0.500001 0.000000
vn -0.866025 0.500001 0.000000
vn -0.000000 -0.000000 -1.000000
vn -0.000000 -0.000000 -1.000000
vn -0.000000 -0.000000 -1.000000
vn -0.000000 -0.000000 -1.000000
vn -0.000000 -0.000000 -1.000000
vn -0.000000 -0.000000 -1.000000
vn -0.500000 -0.866025 -0.000000
vn -0.500000 -0.866025 -0.000000
vn -0.500000 -0.866025 -0.000000
vn -0.500000 -0.866025 0.000000
vn -0.500000 -0.866025 0.000000
vn -0.500000 -0.866025 0.000000
vn -0.499998 -0.866026 0.000005
vn -0.499998 -0.866026 0.000005
vn -0.499998 -0.866026 0.000005
vn -0.499999 -0.866026 -0.000001
vn -0.499999 -0.866026 -0.000001
vn -0.499999 -0.866026 -0.000001
vn -0.499999 -0.866026 0.000001
vn -0.499999 -0.866026 0.000001
vn -0.499999 -0.866026 0.000001
vn -0.500001 -0.866025 0.000001
vn -0.500001 -0.866025 0.000001
vn -0.500001 -0.866025 0.000001
vn -0.499999 -0.866026 -0.000002
vn -0.499999 -0.866026 -0.000002
vn -0.499999 -0.866026 -0.000002
vn -0.500001 -0.866025 0.000000
vn -0.500001 -0.866025 0.000000
vn -0.500001 -0.866025 0.000000
vn -0.499999 -0.866026 0.000000
vn -0.499999 -0.866026 0.000000
vn -0.499999 -0.866026 0.000000
vn -0.500000 -0.866025 0.000001
vn -0.500000 -0.866025 0.000001
vn -0.500000 -0.866025 0.000001
vn -0.499999 -0.866026 -0.000001
vn -0.499999 -0.866026 -0.000001
vn -0.499999 -0.866026 -0.000001
vn -0.500001 -0.866025 0.000002
vn -0.500001 -0.866025 0.000002
vn -0.500001 -0.866025 0.000002
vn -0.500000 -0.866025 -0.000001
vn -0.500000 -0.866025 -0.000001
vn -0.500000 -0.866025 -0.000001
vn -0.500000 -0.866026 -0.000000
vn -0.500000 -0.866026 -0.000000
vn -0.500000 -0.866026 -0.000000
vn 0.866025 -0.500000 0.000000
vn 0.866025 -0.500000 0.000000
vn 0.866025 -0.500000 0.000000
vn 0.866025 -0.500000 0.000000
vn 0.866025 -0.500000 0.000000
vn 0.866025 -0.500000 0.000000
vn 0.000000 0.000000 1.000000
vn 0.000000 0.000000 1.000000
vn 0.000000 0.000000 1.000000
vn -0.000000 0.000000 1.000000
vn -0.000000 0.000000 1.000000
vn -0.000000 0.000000 1.000000
vn -0.866025 0.500000 0.000000
vn -0.866025 0.500000 0.000000
vn -0.866025 0.500000 0.000000
vn -0.866025 0.500000 -0.000000
vn -0.866025 0.500000 -0.000000
vn -0.866025 0.500000 -0.000000
vn -0.000000 -0.000000 -1.000000
vn -0.000000 -0.000000 -1.000000
vn -0.000000 -0.000000 -1.000000
vn 0.000000 -0.000000 -1.000000
vn 0.000000 -0.000000 -1.000000
vn 0.000000 -0.000000 -1.000000
vn 0.500002 0.866024 0.000000
vn 0.500002 0.866024 0.000000
vn 0.500002 0.866024 0.000000
vn 0.500002 0.866024 0.000000
vn 0.500002 0.866024 0.000000
vn 0.500002 0.866024 0.000000
vn 0.893914 0.448237 0.000000
vn 0.893914 0.448237 0.000000
vn 0.893914 0.448237 0.000000
vn 0.893915 0.448237 0.000000
vn 0.893915 0.448237 0.000000
vn 0.893915 0.448237 0.000000
vn 0.500000 0.866025 0.000000
vn 0.500000 0.866025 0.000000
vn 0.500000 0.866025 0.000000
vn 0.500000 0.866026 0.000000
vn 0.500000 0.866026 0.000000
vn 0.500000 0.866026 0.000000
vn -0.000000 0.000000 1.000000
vn -0.000000 0.000000 1.000000
vn -0.000000 0.000000 1.000000
vn -0.000000 0.000000 1.000000
vn -0.000000 0.000000 1.000000
vn -0.000000 0.000000 1.000000
vn 0.000000 0.000000 -1.000000
vn 0.000000 0.000000 -1.000000
vn 0.000000 0.000000 -1.000000
vn 0.000000 -0.000000 -1.000000
vn 0.000000 -0.000000 -1.000000
vn 0.000000 -0.000000 -1.000000
vn -0.568795 -0.822479 0.000000
vn -0.568795 -0.822479 0.000000
vn -0.568795 -0.822479 0.000000
vn -0.568795 -0.822479 0.000000
vn -0.568795 -0.822479 0.000000
vn -0.568795 -0.822479 0.000000
vn 0.000000 0.000000 1.000000
vn 0.000000 0.000000 1.000000
vn 0.000000 0.000000 1.000000
vn -0.000000 0.000000 1.000000
vn -0.000000 0.000000 1.000000
vn -0.000000 0.000000 1.000000
vn -0.000000 -0.000000 -1.000000
vn -0.000000 -0.000000 -1.000000
vn -0.000000 -0.000000 -1.000000
vn 0.000000 -0.000000 -1.000000
vn 0.000000 -0.000000 -1.000000
vn 0.000000 -0.000000 -1.000000
vn -0.878043 -0.478582 0.000000
vn -0.878043 -0.478582 0.000000
vn -0.878043 -0.478582 0.000000
vn -0.878043 -0.478582 0.000000
vn -0.878043 -0.478582 0.000000
vn -0.878043 -0.478582 0.000000
vn 0.878043 -0.478582 0.000000
vn 0.878043 -0.478582 0.000000
vn 0.878043 -0.478582 0.000000
vn 0.878043 -0.478582 0.000000
vn 0.878043 -0.478582 0.000000
vn 0.878043 -0.478582 0.000000
vn -0.000000 -0.000000 -1.000000
vn -0.000000 -0.000000 -1.000000
vn -0.000000 -0.000000 -1.000000
vn 0.000000 -0.000000 -1.000000
vn 0.000000 -0.000000 -1.000000
vn 0.000000 -0.000000 -1.000000
vn 0.000000 0.000000 1.000000
vn 0.000000 0.000000 1.000000
vn 0.000000 0.000000 1.000000
vn -0.000000 0.000000 1.000000
vn -0.000000 0.000000 1.000000
vn -0.000000 0.000000 1.000000
vn 0.568795 -0.822480 0.000000
vn 0.568795 -0.822480 0.000000
vn 0.568795 -0.822480 0.000000
vn 0.568795 -0.822479 -0.000000
vn 0.568795 -0.822479 -0.000000
vn 0.568795 -0.822479 -0.000000
vn -0.000000 -0.000000 -1.000000
vn -0.000000 -0.000000 -1.000000
vn -0.000000 -0.000000 -1.000000
vn -0.000000 0.000000 -1.000000
vn -0.000000 0.000000 -1.000000
vn -0.000000 0.000000 -1.000000
vn 0.000000 0.000000 1.000000
vn 0.000000 0.000000 1.000000
vn 0.000000 0.000000 1.000000
vn 0.000000 0.000000 1.000000
vn 0.000000 0.000000 1.000000
vn 0.000000 0.000000 1.000000
vn -0.500000 0.866026 0.000000
vn -0.500000 0.866026 0.000000
vn -0.500000 0.866026 0.000000
vn -0.500000 0.866026 -0.000000
vn -0.500000 0.866026 -0.000000
vn -0.500000 0.866026 -0.000000
vn -0.893915 0.448237 0.000000
vn -0.893915 0.448237 0.000000
vn -0.893915 0.448237 0.000000
vn -0.893915 0.448237 0.000000
vn -0.893915 0.448237 0.000000
vn -0.893915 0.448237 0.000000
vn 0.866025 0.500000 -0.000000
vn 0.866025 0.500000 -0.000000
vn 0.866025 0.500000 -0.000000
vn 0.866025 0.500000 0.000000
vn 0.866025 0.500000 0.000000
vn 0.866025 0.500000 0.000000
vn 0.000000 0.000000 1.000000
vn 0.000000 0.000000 1.000000
vn 0.000000 0.000000 1.000000
vn 0.000000 0.000000 1.000000
vn 0.000000 0.000000 1.000000
vn 0.000000 0.000000 1.000000
vn -0.866025 -0.500000 0.000000
vn -0.866025 -0.500000 0.000000
vn -0.866025 -0.500000 0.000000
vn -0.866025 -0.500000 0.000000
vn -0.866025 -0.500000 0.000000
vn -0.866025 -0.500000 0.000000
vn 0.000000 -0.000000 -1.000000
vn 0.000000 -0.000000 -1.000000
vn 0.000000 -0.000000 -1.000000
vn 0.000000 -0.000000 -1.000000
vn 0.000000 -0.000000 -1.000000
vn 0.000000 -0.000000 -1.000000
vn 0.500000 -0.866025 -0.000000
vn 0.500000 -0.866025 -0.000000
vn 0.500000 -0.866025 -0.000000
vn 0.500000 -0.866025 0.000000
vn 0.500000 -0.866025 0.000000
vn 0.500000 -0.866025 0.000000
vn 0.500000 -0.866026 -0.000005
vn 0.500000 -0.866026 -0.000005
vn 0.500000 -0.866026 -0.000005
vn 0.500003 -0.866024 0.000006
vn 0.500003 -0.866024 0.000006
vn 0.500003 -0.866024 0.000006
vn 0.499999 -0.866026 -0.000002
vn 0.499999 -0.866026 -0.000002
vn 0.499999 -0.866026 -0.000002
vn 0.499998 -0.866027 0.000003
vn 0.499998 -0.866027 0.000003
vn 0.499998 -0.866027 0.000003
vn 0.500002 -0.866024 -0.000004
vn 0.500002 -0.866024 -0.000004
vn 0.500002 -0.866024 -0.000004
vn 0.500003 -0.866024 -0.000005
vn 0.500003 -0.866024 -0.000005
vn 0.500003 -0.866024 -0.000005
vn 0.499999 -0.866026 -0.000002
vn 0.499999 -0.866026 -0.000002
vn 0.499999 -0.866026 -0.000002
vn 0.499998 -0.866027 0.000000
vn 0.499998 -0.866027 0.000000
vn 0.499998 -0.866027 0.000000
vn 0.500000 -0.866025 -0.000001
vn 0.500000 -0.866025 -0.000001
vn 0.500000 -0.866025 -0.000001
vn 0.499999 -0.866026 0.000002
vn 0.499999 -0.866026 0.000002
vn 0.499999 -0.866026 0.000002
vn 0.500000 -0.866025 -0.000002
vn 0.500000 -0.866025 -0.000002
vn 0.500000 -0.866025 -0.000002
vn 0.500000 -0.866025 0.000000
vn 0.500000 -0.866025 0.000000
vn 0.500000 -0.866025 0.000000
vn 0.866026 0.500000 0.000000
vn 0.866026 0.500000 0.000000
vn 0.866026 0.500000 0.000000
vn 0.866026 0.500000 -0.000000
vn 0.866026 0.500000 -0.000000
vn 0.866026 0.500000 -0.000000
vn -0.000000 0.000000 1.000000
vn -0.000000 0.000000 1.000000
vn -0.000000 0.000000 1.000000
vn 0.000000 0.000000 1.000000
vn 0.000000 0.000000 1.000000
vn 0.000000 0.000000 1.000000
vn -0.866025 -0.500000 0.000000
vn -0.866025 -0.500000 0.000000
vn -0.866025 -0.500000 0.000000
vn -0.866025 -0.500000 0.000000
vn -0.866025 -0.500000 0.000000
vn -0.866025 -0.500000 0.000000
vn 0.000000 -0.000000 -1.000000
vn 0.000000 -0.000000 -1.000000
vn 0.000000 -0.000000 -1.000000
vn 0.000000 -0.000000 -1.000000
vn 0.000000 -0.000000 -1.000000
vn 0.000000 -0.000000 -1.000000
vn -0.500002 0.866024 0.000000
vn -0.500002 0.866024 0.000000
vn -0.500002 0.866024 0.000000
vn -0.500002 0.866024 0.000000
vn -0.500002 0.866024 0.000000
vn -0.500002 0.866024 0.000000
vn 0.000000 0.000000 -1.000000
vn 0.000000 0.000000 -1.000000
vn 0.000000 0.000000 -1.000000
vn 0.000000 -0.000000 -1.000000
vn 0.000000 -0.000000 -1.000000
vn 0.000000 -0.000000 -1.000000
vn -0.543867 -0.839171 0.000000
vn -0.543867 -0.839171 0.000000
vn -0.543867 -0.839171 0.000000
vn -0.543867 -0.839171 0.000000
vn -0.543867 -0.839171 0.000000
vn -0.543867 -0.839171 0.000000
vn 0.618983 0.785404 0.000000
vn 0.618983 0.785404 0.000000
vn 0.618983 0.785404 0.000000
vn 0.618983 0.785404 0.000000
vn 0.618983 0.785404 0.000000
vn 0.618983 0.785404 0.000000
vn -0.000000 0.000000 1.000000
vn -0.000000 0.000000 1.000000
vn -0.000000 0.000000 1.000000
vn -0.000000 0.000000 1.000000
vn -0.000000 0.000000 1.000000
vn -0.000000 0.000000 1.000000
vn -0.000000 1.000000 0.000000
vn -0.000000 1.000000 0.000000
vn -0.000000 1.000000 0.000000
vn -0.000000 1.000000 0.000000
vn -0.000000 1.000000 0.000000
vn -0.000000 1.000000 0.000000
vn -0.000000 0.000000 1.000000
vn -0.000000 0.000000 1.000000
vn -0.000000 0.000000 1.000000
vn -0.000000 0.000000 1.000000
vn -0.000000 0.000000 1.000000
vn -0.000000 0.000000 1.000000
vn -0.000000 0.000000 -1.000000
vn -0.000000 0.000000 -1.000000
vn -0.000000 0.000000 -1.000000
vn -0.000000 -0.000000 -1.000000
vn -0.000000 -0.000000 -1.000000
vn -0.000000 -0.000000 -1.000000
vn -0.017287 -0.999851 0.000000
vn -0.017287 -0.999851 0.000000
vn -0.017287 -0.999851 0.000000
vn -0.017287 -0.999851 0.000000
vn -0.017287 -0.999851 0.000000
vn -0.017287 -0.999851 0.000000
vn -0.000000 -0.000000 -1.000000
vn -0.000000 -0.000000 -1.000000
vn -0.000000 -0.000000 -1.000000
vn -0.000000 -0.000000 -1.000000
vn -0.000000 -0.000000 -1.000000
vn -0.000000 -0.000000 -1.000000
vn 0.543868 -0.839171 0.000000
vn 0.543868 -0.839171 0.000000
vn 0.543868 -0.839171 0.000000
vn 0.543867 -0.839172 0.000000
vn 0.543867 -0.839172 0.000000
vn 0.543867 -0.839172 0.000000
vn -0.618983 0.785404 0.000000
vn -0.618983 0.785404 0.000000
vn -0.618983 0.785404 0.000000
vn -0.618983 0.785404 0.000000
vn -0.618983 0.785404 0.000000
vn -0.618983 0.785404 0.000000
vn 0.000000 0.000000 1.000000
vn 0.000000 0.000000 1.000000
vn 0.000000 0.000000 1.000000
vn 0.000000 0.000000 1.000000
vn 0.000000 0.000000 1.000000
vn 0.000000 0.000000 1.000000
vn -0.000000 1.000000 0.000000
vn -0.000000 1.000000 0.000000
vn -0.000000 1.000000 0.000000
vn -0.000000 1.000000 0.000000
vn -0.000000 1.000000 0.000000
vn -0.000000 1.000000 0.000000
vn -0.000000 0.000000 1.000000
vn -0.000000 0.000000 1.000000
vn -0.000000 0.000000 1.000000
vn -0.000000 -0.000000 1.000000
vn -0.000000 -0.000000 1.000000
vn -0.000000 -0.000000 1.000000
vn -0.000000 -0.000000 -1.000000
vn -0.000000 -0.000000 -1.000000
vn -0.000000 -0.000000 -1.000000
vn 0.000000 -0.000000 -1.000000
vn 0.000000 -0.000000 -1.000000
vn 0.000000 -0.000000 -1.000000
vn 0.017287 -0.999851 0.000000
vn 0.017287 -0.999851 0.000000
vn 0.017287 -0.999851 0.000000
vn 0.017287 -0.999851 0.000000
vn 0.017287 -0.999851 0.000000
vn 0.017287 -0.999851 0.000000
vn 0.866025 0.500000 0.000001
vn 0.866025 0.500000 0.000001
vn 0.866025 0.500000 0.000001
vn 0.866025 0.500000 0.000000
vn 0.866025 0.500000 0.000000
vn 0.866025 0.500000 0.000000
vn 0.000000 -0.000000 1.000000
vn 0.000000 -0.000000 1.000000
vn 0.000000 -0.000000 1.000000
vn 0.000000 -0.000000 1.000000
vn 0.000000 -0.000000 1.000000
vn 0.000000 -0.000000 1.000000
vn -0.866025 -0.500000 -0.000001
vn -0.866025 -0.500000 -0.000001
vn -0.866025 -0.500000 -0.000001
vn -0.866025 -0.500000 0.000000
vn -0.866025 -0.500000 0.000000
vn -0.866025 -0.500000 0.000000
vn -0.000000 0.000000 -1.000000
vn -0.000000 0.000000 -1.000000
vn -0.000000 0.000000 -1.000000
vn -0.000000 0.000000 -1.000000
vn -0.000000 0.000000 -1.000000
vn -0.000000 0.000000 -1.000000
vn 0.499998 -0.866027 0.000000
vn 0.499998 -0.866027 0.000000
vn 0.499998 -0.866027 0.000000
vn 0.500000 -0.866026 0.000000
vn 0.500000 -0.866026 0.000000
vn 0.500000 -0.866026 0.000000
vn 0.866099 -0.496754 -0.055750
vn 0.866099 -0.496754 -0.055750
vn 0.866099 -0.496754 -0.055750
vn 0.866099 -0.496754 -0.055751
vn 0.866099 -0.496754 -0.055751
vn 0.866099 -0.496754 -0.055751
vn 0.030950 -0.058025 0.997835
vn 0.030950 -0.058025 0.997835
vn 0.030950 -0.058025 0.997835
vn 0.030950 -0.058025 0.997835
vn 0.030950 -0.058025 0.997835
vn 0.030950 -0.058025 0.997835
vn -0.866099 0.496753 0.055750
vn -0.866099 0.496753 0.055750
vn -0.866099 0.496753 0.055750
vn -0.866099 0.496754 0.055750
vn -0.866099 0.496754 0.055750
vn -0.866099 0.496754 0.055750
vn -0.030950 0.058025 -0.997835
vn -0.030950 0.058025 -0.997835
vn -0.030950 0.058025 -0.997835
vn -0.030950 0.058025 -0.997835
vn -0.030950 0.058025 -0.997835
vn -0.030950 0.058025 -0.997835
vn -0.498914 -0.865949 -0.034880
vn -0.498914 -0.865949 -0.034880
vn -0.498914 -0.865949 -0.034880
vn -0.498912 -0.865950 -0.034881
vn -0.498912 -0.865950 -0.034881
vn -0.498912 -0.865950 -0.034881
vn 0.707107 0.707107 0.000000
vn 0.707107 0.707107 0.000000
vn 0.707107 0.707107 0.000000
vn 0.707107 0.707107 0.000000
vn 0.707107 0.707107 0.000000
vn 0.707107 0.707107 0.000000
vn -0.707107 0.707106 0.000000
vn -0.707107 0.707106 0.000000
vn -0.707107 0.707106 0.000000
vn -0.707107 0.707107 0.000000
vn -0.707107 0.707107 0.000000
vn -0.707107 0.707107 0.000000
vn 0.258819 -0.965926 0.000000
vn 0.258819 -0.965926 0.000000
vn 0.258819 -0.965926 0.000000
vn 0.258819 -0.965926 0.000000
vn 0.258819 -0.965926 0.000000
vn 0.258819 -0.965926 0.000000
vn -0.707107 -0.707106 0.000000
vn -0.707107 -0.707106 0.000000
vn -0.707107 -0.707106 0.000000
vn -0.707108 -0.707106 0.000000
vn -0.707108 -0.707106 0.000000
vn -0.707108 -0.707106 0.000000
vn 0.965926 0.258819 0.000000
vn 0.965926 0.258819 0.000000
vn 0.965926 0.258819 0.000000
vn 0.965926 0.258819 0.000000
vn 0.965926 0.258819 0.000000
vn 0.965926 0.258819 0.000000
vn -0.258820 0.965926 0.000000
vn -0.258820 0.965926 0.000000
vn -0.258820 0.965926 0.000000
vn -0.258818 0.965926 0.000000
vn -0.258818 0.965926 0.000000
vn -0.258818 0.965926 0.000000
vn -0.965926 -0.258818 0.000000
vn -0.965926 -0.258818 0.000000
vn -0.965926 -0.258818 0.000000
vn -0.965926 -0.258819 0.000000
vn -0.965926 -0.258819 0.000000
vn -0.965926 -0.258819 0.000000
vn 0.965926 -0.258819 0.000000
vn 0.965926 -0.258819 0.000000
vn 0.965926 -0.258819 0.000000
vn 0.965926 -0.258819 0.000000
vn 0.965926 -0.258819 0.000000
vn 0.965926 -0.258819 0.000000
vn 0.258820 0.965926 0.000000
vn 0.258820 0.965926 0.000000
vn 0.258820 0.965926 0.000000
vn 0.258819 0.965926 0.000000
vn 0.258819 0.965926 0.000000
vn 0.258819 0.965926 0.000000
vn -0.965926 0.258819 0.000000
vn -0.965926 0.258819 0.000000
vn -0.965926 0.258819 0.000000
vn -0.965926 0.258820 0.000000
vn -0.965926 0.258820 0.000000
vn -0.965926 0.258820 0.000000
vn 0.707106 -0.707107 0.000000
vn 0.707106 -0.707107 0.000000
vn 0.707106 -0.707107 0.000000
vn 0.707107 -0.707107 0.000000
vn 0.707107 -0.707107 0.000000
vn 0.707107 -0.707107 0.000000
vn -0.258819 -0.965926 0.000000
vn -0.258819 -0.965926 0.000000
vn -0.258819 -0.965926 0.000000
vn -0.258819 -0.965926 0.000000
vn -0.258819 -0.965926 0.000000
vn -0.258819 -0.965926 0.000000
vn -0.000000 -0.000000 -1.000000
vn -0.000000 -0.000000 -1.000000
vn -0.000000 -0.000000 -1.000000
vn -0.000000 -0.000000 -1.000000
vn -0.000000 -0.000000 -1.000000
vn -0.000000 -0.000000 -1.000000
vn 0.000000 0.000000 -1.000000
vn 0.000000 0.000000 -1.000000
vn 0.000000 0.000000 -1.000000
vn 0.000000 -0.000000 -1.000000
vn 0.000000 -0.000000 -1.000000
vn 0.000000 -0.000000 -1.000000
vn 0.000000 -0.000000 -1.000000
vn 0.000000 -0.000000 -1.000000
vn 0.000000 -0.000000 -1.000000
vn -0.000000 -0.000000 -1.000000
vn -0.000000 -0.000000 -1.000000
vn -0.000000 -0.000000 -1.000000
vn 0.000000 -0.000001 -1.000000
vn 0.000000 -0.000001 -1.000000
vn 0.000000 -0.000001 -1.000000
vn 0.000000 0.000000 -1.000000
vn 0.000000 0.000000 -1.000000
vn 0.000000 0.000000 -1.000000
vn -0.000000 -0.000000 -1.000000
vn -0.000000 -0.000000 -1.000000
vn -0.000000 -0.000000 -1.000000
vn -0.000000 -0.000000 -1.000000
vn -0.000000 -0.000000 -1.000000
vn -0.000000 -0.000000 -1.000000
vn -0.000000 -0.000000 -1.000000
vn -0.000000 -0.000000 -1.000000
vn -0.000000 -0.000000 -1.000000
vn 0.000000 -0.000000 -1.000000
vn 0.000000 -0.000000 -1.000000
vn 0.000000 -0.000000 -1.000000
vn 0.000000 0.000000 -1.000000
vn 0.000000 0.000000 -1.000000
vn 0.000000 0.000000 -1.000000
vn -0.000000 -0.000000 -1.000000
vn -0.000000 -0.000000 -1.000000
vn -0.000000 -0.000000 -1.000000
vn -0.000000 -0.000000 -1.000000
vn -0.000000 -0.000000 -1.000000
vn -0.000000 -0.000000 -1.000000
vn 0.000000 0.000000 -1.000000
vn 0.000000 0.000000 -1.000000
vn 0.000000 0.000000 -1.000000
vn 0.000000 -0.000000 -1.000000
vn 0.000000 -0.000000 -1.000000
vn 0.000000 -0.000000 -1.000000
vn 0.000000 -0.000000 -1.000000
vn 0.000000 -0.000000 -1.000000
vn 0.000000 -0.000000 -1.000000
vn -0.000000 -0.000000 -1.000000
vn -0.000000 -0.000000 -1.000000
vn -0.000000 -0.000000 -1.000000
vn -0.000000 -0.000000 -1.000000
vn -0.000000 -0.000000 -1.000000
vn -0.000000 -0.000000 -1.000000

g Material.001
f 3/1/1 1/2/2 2/3/3
f 6/4/4 4/5/5 5/6/6
f 9/7/7 7/8/8 8/9/9
f 12/10/10 10/11/11 11/12/12
f 15/13/13 13/14/14 14/15/15
f 18/16/16 16/17/17 17/18/18
f 21/19/19 19/20/20 20/21/21
f 24/22/22 22/23/23 23/24/24
f 27/25/25 25/26/26 26/27/27
f 30/28/28 28/29/29 29/30/30
f 33/31/31 31/32/32 32/33/33
f 36/34/34 34/35/35 35/36/36
f 39/37/37 37/38/38 38/39/39
f 42/40/40 40/41/41 41/42/42
f 45/43/43 43/44/44 44/45/45
f 48/46/46 46/47/47 47/48/48
f 51/49/49 49/50/50 50/51/51
f 54/52/52 52/53/53 53/54/54
f 57/55/55 55/56/56 56/57/57
f 60/58/58 58/59/59 59/60/60
f 63/61/61 61/62/62 62/63/63
f 66/64/64 64/65/65 65/66/66
f 69/67/67 67/68/68 68/69/69
f 72/70/70 70/71/71 71/72/72
f 75/73/73 73/74/74 74/75/75
f 78/76/76 76/77/77 77/78/78
f 81/79/79 79/80/80 80/81/81
f 84/82/82 82/83/83 83/84/84
f 87/85/85 85/86/86 86/87/87
f 90/88/88 88/89/89 89/90/90
f 93/91/91 91/92/92 92/93/93
f 96/94/94 94/95/95 95/96/96
f 99/97/97 97/98/98 98/99/99
f 102/100/100 100/101/101 101/102/102
f 105/103/103 103/104/104 104/105/105
f 108/106/106 106/107/107 107/108/108
f 111/109/109 109/110/110 110/111/111
f 114/112/112 112/113/113 113/114/114
f 117/115/115 115/116/116 116/117/117
f 120/118/118 118/119/119 119/120/120
f 123/121/121 121/122/122 122/123/123
f 126/124/124 124/125/125 125/126/126
f 129/127/127 127/128/128 128/129/129
f 132/130/130 130/131/131 131/132/132
f 135/133/133 133/134/134 134/135/135
f 138/136/136 136/137/137 137/138/138
f 141/139/139 139/140/140 140/141/141
f 144/142/142 142/143/143 143/144/144
f 147/145/145 145/146/146 146/147/147
f 150/148/148 148/149/149 149/150/150
f 153/151/151 151/152/152 152/153/153
f 156/154/154 154/155/155 155/156/156
f 159/157/157 157/158/158 158/159/159
f 162/160/160 160/161/161 161/162/162
f 165/163/163 163/164/164 164/165/165
f 168/166/166 166/167/167 167/168/168
f 171/169/169 169/170/170 170/171/171
f 174/172/172 172/173/173 173/174/174
f 177/175/175 175/176/176 176/177/177
f 180/178/178 178/179/179 179/180/180
f 183/181/181 181/182/182 182/183/183
f 186/184/184 184/185/185 185/186/186
f 189/187/187 187/188/188 188/189/189
f 192/190/190 190/191/191 191/192/192
f 195/193/193 193/194/194 194/195/195
f 198/196/196 196/197/197 197/198/198
f 201/199/199 199/200/200 200/201/201
f 204/202/202 202/203/203 203/204/204
f 207/205/205 205/206/206 206/207/207
f 210/208/208 208/209/209 209/210/210
f 213/211/211 211/212/212 212/213/213
f 216/214/214 214/215/215 215/216/216
f 219/217/217 217/218/218 218/219/219
f 222/220/220 220/221/221 221/222/222
f 225/223/223 223/224/224 224/225/225
f 228/226/226 226/227/227 227/228/228
f 231/229/229 229/230/230 230/231/231
f 234/232/232 232/233/233 233/234/234
f 237/235/235 235/236/236 236/237/237
f 240/238/238 238/239/239 239/240/240
f 243/241/241 241/242/242 242/243/243
f 246/244/244 244/245/245 245/246/246
f 249/247/247 247/248/248 248/249/249
f 252/250/250 250/251/251 251/252/252
f 255/253/253 253/254/254 254/255/255
f 258/256/256 256/257/257 257/258/258
f 261/259/259 259/260/260 260/261/261
f 264/262/262 262/263/263 263/264/264
f 267/265/265 265/266/266 266/267/267
f 270/268/268 268/269/269 269/270/270
f 273/271/271 271/272/272 272/273/273
f 276/274/274 274/275/275 275/276/276
f 279/277/277 277/278/278 278/279/279
f 282/280/280 280/281/281 281/282/282
f 285/283/283 283/284/284 284/285/285
f 288/286/286 286/287/287 287/288/288
f 291/289/289 289/290/290 290/291/291
f 294/292/292 292/293/293 293/294/294
f 297/295/295 295/296/296 296/297/297
f 300/298/298 298/299/299 299/300/300
f 303/301/301 301/302/302 302/303/303
f 306/304/304 304/305/305 305/306/306
f 309/307/307 307/308/308 308/309/309
f 312/310/310 310/311/311 311/312/312
f 315/313/313 313/314/314 314/315/315
f 318/316/316 316/317/317 317/318/318
f 321/319/319 319/320/320 320/321/321
f 324/322/322 322/323/323 323/324/324
f 327/325/325 325/326/326 326/327/327
f 330/328/328 328/329/329 329/330/330
f 333/331/331 331/332/332 332/333/333
f 336/334/334 334/335/335 335/336/336
f 339/337/337 337/338/338 338/339/339
f 342/340/340 340/341/341 341/342/342
f 345/343/343 343/344/344 344/345/345
f 348/346/346 346/347/347 347/348/348
f 351/349/349 349/350/350 350/351/351
f 354/352/352 352/353/353 353/354/354
f 357/355/355 355/356/356 356/357/357
f 360/358/358 358/359/359 359/360/360
f 363/361/361 361/362/362 362/363/363
f 366/364/364 364/365/365 365/366/366
f 369/367/367 367/368/368 368/369/369
f 372/370/370 370/371/371 371/372/372
f 375/373/373 373/374/374 374/375/375
f 378/376/376 376/377/377 377/378/378
f 381/379/379 379/380/380 380/381/381
f 384/382/382 382/383/383 383/384/384
f 387/385/385 385/386/386 386/387/387
f 390/388/388 388/389/389 389/390/390
f 393/391/391 391/392/392 392/393/393
f 396/394/394 394/395/395 395/396/396
f 399/397/397 397/398/398 398/399/399
f 402/400/400 400/401/401 401/402/402
f 405/403/403 403/404/404 404/405/405
f 408/406/406 406/407/407 407/408/408
f 411/409/409 409/410/410 410/411/411
f 414/412/412 412/413/413 413/414/414
f 417/415/415 415/416/416 416/417/417
f 420/418/418 418/419/419 419/420/420
f 423/421/421 421/422/422 422/423/423
f 426/424/424 424/425/425 425/426/426
f 429/427/427 427/428/428 428/429/429
f 432/430/430 430/431/431 431/432/432
f 435/433/433 433/434/434 434/435/435
f 438/436/436 436/437/437 437/438/438
f 441/439/439 439/440/440 440/441/441
f 444/442/442 442/443/443 443/444/444
f 447/445/445 445/446/446 446/447/447
f 450/448/448 448/449/449 449/450/450
f 453/451/451 451/452/452 452/453/453
f 456/454/454 454/455/455 455/456/456
f 459/457/457 457/458/458 458/459/459
f 462/460/460 460/461/461 461/462/462
f 465/463/463 463/464/464 464/465/465
f 468/466/466 466/467/467 467/468/468
f 471/469/469 469/470/470 470/471/471
f 474/472/472 472/473/473 473/474/474
f 477/475/475 475/476/476 476/477/477
f 480/478/478 478/479/479 479/480/480
f 483/481/481 481/482/482 482/483/483
f 486/484/484 484/485/485 485/486/486
f 489/487/487 487/488/488 488/489/489
f 492/490/490 490/491/491 491/492/492
f 495/493/493 493/494/494 494/495/495
f 498/496/496 496/497/497 497/498/498
f 501/499/499 499/500/500 500/501/501
f 504/502/502 502/503/503 503/504/504
f 507/505/505 505/506/506 506/507/507
f 510/508/508 508/509/509 509/510/510
f 513/511/511 511/512/512 512/513/513
f 516/514/514 514/515/515 515/516/516
f 519/517/517 517/518/518 518/519/519
f 522/520/520 520/521/521 521/522/522
f 525/523/523 523/524/524 524/525/525
f 528/526/526 526/527/527 527/528/528
f 531/529/529 529/530/530 530/531/531
f 534/532/532 532/533/533 533/534/534
f 537/535/535 535/536/536 536/537/537
f 540/538/538 538/539/539 539/540/540
f 543/541/541 541/542/542 542/543/543
f 546/544/544 544/545/545 545/546/546
f 549/547/547 547/548/548 548/549/549
f 552/550/550 550/551/551 551/552/552
f 555/553/553 553/554/554 554/555/555
f 558/556/556 556/557/557 557/558/558
f 561/559/559 559/560/560 560/561/561
f 564/562/562 562/563/563 563/564/564
f 567/565/565 565/566/566 566/567/567
f 570/568/568 568/569/569 569/570/570
f 573/571/571 571/572/572 572/573/573
f 576/574/574 574/575/575 575/576/576
f 579/577/577 577/578/578 578/579/579
f 582/580/580 580/581/581 581/582/582
f 585/583/583 583/584/584 584/585/585
f 588/586/586 586/587/587 587/588/588
f 591/589/589 589/590/590 590/591/591
f 594/592/592 592/593/593 593/594/594
f 597/595/595 595/596/596 596/597/597
f 600/598/598 598/599/599 599/600/600
f 603/601/601 601/602/602 602/603/603
f 606/604/604 604/605/605 605/606/606
f 609/607/607 607/608/608 608/609/609
f 612/610/610 610/611/611 611/612/612
f 615/613/613 613/614/614 614/615/615
f 618/616/616 616/617/617 617/618/618
f 621/619/619 619/620/620 620/621/621
f 624/622/622 622/623/623 623/624/624
f 627/625/625 625/626/626 626/627/627
f 630/628/628 628/629/629 629/630/630
f 633/631/631 631/632/632 632/633/633
f 636/634/634 634/635/635 635/636/636
f 639/637/637 637/638/638 638/639/639
f 642/640/640 640/641/641 641/642/642
f 645/643/643 643/644/644 644/645/645
f 648/646/646 646/647/647 647/648/648
f 651/649/649 649/650/650 650/651/651
f 654/652/652 652/653/653 653/654/654
f 657/655/655 655/656/656 656/657/657
f 660/658/658 658/659/659 659/660/660
f 663/661/661 661/662/662 662/663/663
f 666/664/664 664/665/665 665/666/666
f 669/667/667 667/668/668 668/669/669
f 672/670/670 670/671/671 671/672/672
f 675/673/673 673/674/674 674/675/675
f 678/676/676 676/677/677 677/678/678
f 681/679/679 679/680/680 680/681/681
f 684/682/682 682/683/683 683/684/684
f 687/685/685 685/686/686 686/687/687
f 690/688/688 688/689/689 689/690/690
f 693/691/691 691/692/692 692/693/693
f 696/694/694 694/695/695 695/696/696
f 699/697/697 697/698/698 698/699/699
f 702/700/700 700/701/701 701/702/702
f 705/703/703 703/704/704 704/705/705
f 708/706/706 706/707/707 707/708/708
f 711/709/709 709/710/710 710/711/711
f 714/712/712 712/713/713 713/714/714
f 717/715/715 715/716/716 716/717/717
f 720/718/718 718/719/719 719/720/720
f 723/721/721 721/722/722 722/723/723
f 726/724/724 724/725/725 725/726/726
f 729/727/727 727/728/728 728/729/729
f 732/730/730 730/731/731 731/732/732
f 735/733/733 733/734/734 734/735/735
f 738/736/736 736/737/737 737/738/738
f 741/739/739 739/740/740 740/741/741
f 744/742/742 742/743/743 743/744/744
f 747/745/745 745/746/746 746/747/747
f 750/748/748 748/749/749 749/750/750
f 753/751/751 751/752/752 752/753/753
f 756/754/754 754/755/755 755/756/756
f 759/757/757 757/758/758 758/759/759
f 762/760/760 760/761/761 761/762/762
f 765/763/763 763/764/764 764/765/765
f 768/766/766 766/767/767 767/768/768
f 771/769/769 769/770/770 770/771/771
f 774/772/772 772/773/773 773/774/774
f 777/775/775 775/776/776 776/777/777
f 780/778/778 778/779/779 779/780/780
f 783/781/781 781/782/782 782/783/783
f 786/784/784 784/785/785 785/786/786
f 789/787/787 787/788/788 788/789/789
f 792/790/790 790/791/791 791/792/792
f 795/793/793 793/794/794 794/795/795
f 798/796/796 796/797/797 797/798/798
f 801/799/799 799/800/800 800/801/801
f 804/802/802 802/803/803 803/804/804
f 807/805/805 805/806/806 806/807/807
f 810/808/808 808/809/809 809/810/810
f 813/811/811 811/812/812 812/813/813
f 816/814/814 814/815/815 815/816/816
f 819/817/817 817/818/818 818/819/819
f 822/820/820 820/821/821 821/822/822
f 825/823/823 823/824/824 824/825/825
f 828/826/826 826/827/827 827/828/828
f 831/829/829 829/830/830 830/831/831
f 834/832/832 832/833/833 833/834/834
f 837/835/835 835/836/836 836/837/837
f 840/838/838 838/839/839 839/840/840
f 843/841/841 841/842/842 842/843/843
f 846/844/844 844/845/845 845/846/846

g Material.002
f 849/847/847 847/848/848 848/849/849
f 852/850/850 850/851/851 851/852/852
f 855/853/853 853/854/854 854/855/855
f 858/856/856 856/857/857 857/858/858
f 861/859/859 859/860/860 860/861/861
f 864/862/862 862/863/863 863/864/864
f 867/865/865 865/866/866 866/867/867
f 870/868/868 868/869/869 869/870/870
f 873/871/871 871/872/872 872/873/873
f 876/874/874 874/875/875 875/876/876
f 879/877/877 877/878/878 878/879/879
f 882/880/880 880/881/881 881/882/882
f 885/883/883 883/884/884 884/885/885
f 888/886/886 886/887/887 887/888/888
f 891/889/889 889/890/890 890/891/891
f 894/892/892 892/893/893 893/894/894
f 897/895/895 895/896/896 896/897/897
f 900/898/898 898/899/899 899/900/900
f 903/901/901 901/902/902 902/903/903
f 906/904/904 904/905/905 905/906/906
f 909/907/907 907/908/908 908/909/909
f 912/910/910 910/911/911 911/912/912
f 915/913/913 913/914/914 914/915/915
f 918/916/916 916/917/917 917/918/918
f 921/919/919 919/920/920 920/921/921
f 924/922/922 922/923/923 923/924/924
f 927/925/925 925/926/926 926/927/927
f 930/928/928 928/929/929 929/930/930
f 933/931/931 931/932/932 932/933/933
f 936/934/934 934/935/935 935/936/936
f 939/937/937 937/938/938 938/939/939
f 942/940/940 940/941/941 941/942/942
f 945/943/943 943/944/944 944/945/945
f 948/946/946 946/947/947 947/948/948
f 951/949/949 949/950/950 950/951/951
f 954/952/952 952/953/953 953/954/954
f 957/955/955 955/956/956 956/957/957
f 960/958/958 958/959/959 959/960/960
f 963/961/961 961/962/962 962/963/963
f 966/964/964 964/965/965 965/966/966
f 969/967/967 967/968/968 968/969/969
f 972/970/970 970/971/971 971/972/972
f 975/973/973 973/974/974 974/975/975
f 978/976/976 976/977/977 977/978/978
f 981/979/979 979/980/980 980/981/981
f 984/982/982 982/983/983 983/984/984
f 987/985/985 985/986/986 986/987/987
f 990/988/988 988/989/989 989/990/990
f 993/991/991 991/992/992 992/993/993
f 996/994/994 994/995/995 995/996/996
f 999/997/997 997/998/998 998/999/999
f 1002/1000/1000 1000/1001/1001 1001/1002/1002
f 1005/1003/1003 1003/1004/1004 1004/1005/1005
f 1008/1006/1006 1006/1007/1007 1007/1008/1008
f 1011/1009/1009 1009/1010/1010 1010/1011/1011
f 1014/1012/1012 1012/1013/1013 1013/1014/1014
f 1017/1015/1015 1015/1016/1016 1016/1017/1017
f 1020/1018/1018 1018/1019/1019 1019/1020/1020
f 1023/1021/1021 1021/1022/1022 1022/1023/1023
f 1026/1024/1024 1024/1025/1025 1025/1026/1026
f 1029/1027/1027 1027/1028/1028 1028/1029/1029
f 1032/1030/1030 1030/1031/1031 1031/1032/1032
f 1035/1033/1033 1033/1034/1034 1034/1035/1035
f 1038/1036/1036 1036/1037/1037 1037/1038/1038
f 1041/1039/1039 1039/1040/1040 1040/1041/1041
f 1044/1042/1042 1042/1043/1043 1043/1044/1044
f 1047/1045/1045 1045/1046/1046 1046/1047/1047
f 1050/1048/1048 1048/1049/1049 1049/1050/1050
f 1053/1051/1051 1051/1052/1052 1052/1053/1053
f 1056/1054/1054 1054/1055/1055 1055/1056/1056
f 1059/1057/1057 1057/1058/1058 1058/1059/1059
f 1062/1060/1060 1060/1061/1061 1061/1062/1062
f 1065/1063/1063 1063/1064/1064 1064/1065/1065
f 1068/1066/1066 1066/1067/1067 1067/1068/1068
f 1071/1069/1069 1069/1070/1070 1070/1071/1071
f 1074/1072/1072 1072/1073/1073 1073/1074/1074
f 1077/1075/1075 1075/1076/1076 1076/1077/1077
f 1080/1078/1078 1078/1079/1079 1079/1080/1080
f 1083/1081/1081 1081/1082/1082 1082/1083/1083
f 1086/1084/1084 1084/1085/1085 1085/1086/1086
f 1089/1087/1087 1087/1088/1088 1088/1089/1089
f 1092/1090/1090 1090/1091/1091 1091/1092/1092
f 1095/1093/1093 1093/1094/1094 1094/1095/1095
f 1098/1096/1096 1096/1097/1097 1097/1098/1098
f 1101/1099/1099 1099/1100/1100 1100/1101/1101
f 1104/1102/1102 1102/1103/1103 1103/1104/1104
f 1107/1105/1105 1105/1106/1106 1106/1107/1107
f 1110/1108/1108 1108/1109/1109 1109/1110/1110
f 1113/1111/1111 1111/1112/1112 1112/1113/1113
f 1116/1114/1114 1114/1115/1115 1115/1116/1116
f 1119/1117/1117 1117/1118/1118 1118/1119/1119
f 1122/1120/1120 1120/1121/1121 1121/1122/1122
f 1125/1123/1123 1123/1124/1124 1124/1125/1125
f 1128/1126/1126 1126/1127/1127 1127/1128/1128
f 1131/1129/1129 1129/1130/1130 1130/1131/1131
f 1134/1132/1132 1132/1133/1133 1133/1134/1134
f 1137/1135/1135 1135/1136/1136 1136/1137/1137
f 1140/1138/1138 1138/1139/1139 1139/1140/1140
f 1143/1141/1141 1141/1142/1142 1142/1143/1143
f 1146/1144/1144 1144/1145/1145 1145/1146/1146
f 1149/1147/1147 1147/1148/1148 1148/1149/1149
f 1152/1150/1150 1150/1151/1151 1151/1152/1152
f 1155/1153/1153 1153/1154/1154 1154/1155/1155
f 1158/1156/1156 1156/1157/1157 1157/1158/1158
f 1161/1159/1159 1159/1160/1160 1160/1161/1161
f 1164/1162/1162 1162/1163/1163 1163/1164/1164
f 1167/1165/1165 1165/1166/1166 1166/1167/1167
f 1170/1168/1168 1168/1169/1169 1169/1170/1170
f 1173/1171/1171 1171/1172/1172 1172/1173/1173
f 1176/1174/1174 1174/1175/1175 1175/1176/1176
f 1179/1177/1177 1177/1178/1178 1178/1179/1179
f 1182/1180/1180 1180/1181/1181 1181/1182/1182
f 1185/1183/1183 1183/1184/1184 1184/1185/1185
f 1188/1186/1186 1186/1187/1187 1187/1188/1188
f 1191/1189/1189 1189/1190/1190 1190/1191/1191
f 1194/1192/1192 1192/1193/1193 1193/1194/1194
f 1197/1195/1195 1195/1196/1196 1196/1197/1197
f 1200/1198/1198 1198/1199/1199 1199/1200/1200
f 1203/1201/1201 1201/1202/1202 1202/1203/1203
f 1206/1204/1204 1204/1205/1205 1205/1206/1206
f 1209/1207/1207 1207/1208/1208 1208/1209/1209
f 1212/1210/1210 1210/1211/1211 1211/1212/1212
f 1215/1213/1213 1213/1214/1214 1214/1215/1215
f 1218/1216/1216 1216/1217/1217 1217/1218/1218
f 1221/1219/1219 1219/1220/1220 1220/1221/1221
f 1224/1222/1222 1222/1223/1223 1223/1224/1224
f 1227/1225/1225 1225/1226/1226 1226/1227/1227
f 1230/1228/1228 1228/1229/1229 1229/1230/1230
f 1233/1231/1231 1231/1232/1232 1232/1233/1233
f 1236/1234/1234 1234/1235/1235 1235/1236/1236
f 1239/1237/1237 1237/1238/1238 1238/1239/1239
f 1242/1240/1240 1240/1241/1241 1241/1242/1242
f 1245/1243/1243 1243/1244/1244 1244/1245/1245
f 1248/1246/1246 1246/1247/1247 1247/1248/1248
f 1251/1249/1249 1249/1250/1250 1250/1251/1251
f 1254/1252/1252 1252/1253/1253 1253/1254/1254
f 1257/1255/1255 1255/1256/1256 1256/1257/1257
f 1260/1258/1258 1258/1259/1259 1259/1260/1260
f 1263/1261/1261 1261/1262/1262 1262/1263/1263
f 1266/1264/1264 1264/1265/1265 1265/1266/1266
f 1269/1267/1267 1267/1268/1268 1268/1269/1269
f 1272/1270/1270 1270/1271/1271 1271/1272/1272
f 1275/1273/1273 1273/1274/1274 1274/1275/1275
f 1278/1276/1276 1276/1277/1277 1277/1278/1278
f 1281/1279/1279 1279/1280/1280 1280/1281/1281
f 1284/1282/1282 1282/1283/1283 1283/1284/1284
f 1287/1285/1285 1285/1286/1286 1286/1287/1287
f 1290/1288/1288 1288/1289/1289 1289/1290/1290
f 1293/1291/1291 1291/1292/1292 1292/1293/1293
f 1296/1294/1294 1294/1295/1295 1295/1296/1296
f 1299/1297/1297 1297/1298/1298 1298/1299/1299
f 1302/1300/1300 1300/1301/1301 1301/1302/1302
f 1305/1303/1303 1303/1304/1304 1304/1305/1305
f 1308/1306/1306 1306/1307/1307 1307/1308/1308
f 1311/1309/1309 1309/1310/1310 1310/1311/1311
f 1314/1312/1312 1312/1313/1313 1313/1314/1314
f 1317/1315/1315 1315/1316/1316 1316/1317/1317
f 1320/1318/1318 1318/1319/1319 1319/1320/1320
f 1323/1321/1321 1321/1322/1322 1322/1323/1323
f 1326/1324/1324 1324/1325/1325 1325/1326/1326
f 1329/1327/1327 1327/1328/1328 1328/1329/1329
f 1332/1330/1330 1330/1331/1331 1331/1332/1332
f 1335/1333/1333 1333/1334/1334 1334/1335/1335
f 1338/1336/1336 1336/1337/1337 1337/1338/1338
f 1341/1339/1339 1339/1340/1340 1340/1341/1341
f 1344/1342/1342 1342/1343/1343 1343/1344/1344
f 1347/1345/1345 1345/1346/1346 1346/1347/1347
f 1350/1348/1348 1348/1349/1349 1349/1350/1350
f 1353/1351/1351 1351/1352/1352 1352/1353/1353
f 1356/1354/1354 1354/1355/1355 1355/1356/1356
f 1359/1357/1357 1357/1358/1358 1358/1359/1359
f 1362/1360/1360 1360/1361/1361 1361/1362/1362
f 1365/1363/1363 1363/1364/1364 1364/1365/1365
f 1368/1366/1366 1366/1367/1367 1367/1368/1368
f 1371/1369/1369 1369/1370/1370 1370/1371/1371
f 1374/1372/1372 1372/1373/1373 1373/1374/1374
f 1377/1375/1375 1375/1376/1376 1376/1377/1377
f 1380/1378/1378 1378/1379/1379 1379/1380/1380
f 1383/1381/1381 1381/1382/1382 1382/1383/1383
f 1386/1384/1384 1384/1385/1385 1385/1386/1386
f 1389/1387/1387 1387/1388/1388 1388/1389/1389
f 1392/1390/1390 1390/1391/1391 1391/1392/1392
f 1395/1393/1393 1393/1394/1394 1394/1395/1395
f 1398/1396/1396 1396/1397/1397 1397/1398/1398
f 1401/1399/1399 1399/1400/1400 1400/1401/1401
f 1404/1402/1402 1402/1403/1403 1403/1404/1404
f 1407/1405/1405 1405/1406/1406 1406/1407/1407
f 1410/1408/1408 1408/1409/1409 1409/1410/1410
f 1413/1411/1411 1411/1412/1412 1412/1413/1413
f 1416/1414/1414 1414/1415/1415 1415/1416/1416
f 1419/1417/1417 1417/1418/1418 1418/1419/1419
f 1422/1420/1420 1420/1421/1421 1421/1422/1422
f 1425/1423/1423 1423/1424/1424 1424/1425/1425
f 1428/1426/1426 1426/1427/1427 1427/1428/1428
f 1431/1429/1429 1429/1430/1430 1430/1431/1431
f 1434/1432/1432 1432/1433/1433 1433/1434/1434

g Material.004
f 1437/1435/1435 1435/1436/1436 1436/1437/1437
f 1440/1438/1438 1438/1439/1439 1439/1440/1440
f 1443/1441/1441 1441/1442/1442 1442/1443/1443
f 1446/1444/1444 1444/1445/1445 1445/1446/1446
f 1449/1447/1447 1447/1448/1448 1448/1449/1449
f 1452/1450/1450 1450/1451/1451 1451/1452/1452
f 1455/1453/1453 1453/1454/1454 1454/1455/1455
f 1458/1456/1456 1456/1457/1457 1457/1458/1458
f 1461/1459/1459 1459/1460/1460 1460/1461/1461
f 1464/1462/1462 1462/1463/1463 1463/1464/1464

g Material.003
f 1467/1465/1465 1465/1466/1466 1466/1467/1467
f 1470/1468/1468 1468/1469/1469 1469/1470/1470
f 1473/1471/1471 1471/1472/1472 1472/1473/1473
f 1476/1474/1474 1474/1475/1475 1475/1476/1476
f 1479/1477/1477 1477/1478/1478 1478/1479/1479
f 1482/1480/1480 1480/1481/1481 1481/1482/1482
f 1485/1483/1483 1483/1484/1484 1484/1485/1485
f 1488/1486/1486 1486/1487/1487 1487/1488/1488
f 1491/1489/1489 1489/1490/1490 1490/1491/1491
f 1494/1492/1492 1492/1493/1493 1493/1494/1494

