# Converted from B3D for Luanti (With Correct Normals)
# Object Name: multidecor_kitchen_metallic_hanger_with_ladle_and_board

v -0.850000 0.346967 0.603031
v 0.850000 0.400000 0.624998
v -0.850000 0.400000 0.624998
v 0.850000 0.346967 0.603031
v 0.850000 0.400000 0.624998
v -0.850000 0.346967 0.603031
v -0.850000 0.325000 0.549998
v 0.850000 0.346967 0.603031
v -0.850000 0.346967 0.603031
v 0.850000 0.325000 0.549998
v 0.850000 0.346967 0.603031
v -0.850000 0.325000 0.549998
v -0.850000 0.346967 0.496965
v 0.850000 0.325000 0.549998
v -0.850000 0.325000 0.549998
v 0.850000 0.346967 0.496965
v 0.850000 0.325000 0.549998
v -0.850000 0.346967 0.496965
v -0.850000 0.400000 0.474998
v 0.850000 0.346967 0.496965
v -0.850000 0.346967 0.496965
v 0.850000 0.400000 0.474998
v 0.850000 0.346967 0.496965
v -0.850000 0.400000 0.474998
v -0.850000 0.453033 0.496965
v 0.850000 0.400000 0.474998
v -0.850000 0.400000 0.474998
v 0.850000 0.453033 0.496965
v 0.850000 0.400000 0.474998
v -0.850000 0.453033 0.496965
v -0.850000 0.475000 0.549998
v 0.850000 0.453033 0.496965
v -0.850000 0.453033 0.496965
v 0.850000 0.475000 0.549998
v 0.850000 0.453033 0.496965
v -0.850000 0.475000 0.549998
v -0.850000 0.453033 0.603031
v 0.850000 0.475000 0.549998
v -0.850000 0.475000 0.549998
v 0.850000 0.453033 0.603031
v 0.850000 0.475000 0.549998
v -0.850000 0.453033 0.603031
v -0.850000 0.400000 0.624998
v 0.850000 0.453033 0.603031
v -0.850000 0.453033 0.603031
v 0.850000 0.400000 0.624998
v 0.850000 0.453033 0.603031
v -0.850000 0.400000 0.624998
v 0.475000 -0.164580 0.426759
v 0.525000 -0.058514 0.382825
v 0.475000 -0.058514 0.382825
v 0.525000 -0.164580 0.426759
v 0.525000 -0.058514 0.382825
v 0.475000 -0.164580 0.426759
v 0.475000 0.443180 0.637124
v 0.525000 0.368934 0.667877
v 0.525000 0.443180 0.637124
v 0.475000 0.368934 0.667877
v 0.525000 0.368934 0.667877
v 0.475000 0.443180 0.637124
v 0.475000 0.443180 0.488631
v 0.525000 0.473934 0.562877
v 0.525000 0.443180 0.488631
v 0.475000 0.473934 0.562877
v 0.525000 0.473934 0.562877
v 0.475000 0.443180 0.488631
v 0.475000 0.262868 0.456811
v 0.525000 0.368934 0.412877
v 0.475000 0.368934 0.412877
v 0.525000 0.262868 0.456811
v 0.525000 0.368934 0.412877
v 0.475000 0.262868 0.456811
v 0.475000 0.475000 0.456811
v 0.525000 0.518934 0.562877
v 0.475000 0.518934 0.562877
v 0.525000 0.475000 0.456811
v 0.525000 0.518934 0.562877
v 0.475000 0.475000 0.456811
v 0.475000 0.475000 0.668943
v 0.525000 0.368934 0.712877
v 0.475000 0.368934 0.712877
v 0.525000 0.475000 0.668943
v 0.525000 0.368934 0.712877
v 0.475000 0.475000 0.668943
v 0.475000 0.285581 0.494168
v 0.525000 0.368934 0.457877
v 0.525000 0.285581 0.494168
v 0.475000 0.368934 0.457877
v 0.525000 0.368934 0.457877
v 0.475000 0.285581 0.494168
v 0.475000 -0.164580 0.638891
v 0.525000 -0.208514 0.532825
v 0.475000 -0.208514 0.532825
v 0.525000 -0.164580 0.638891
v 0.525000 -0.208514 0.532825
v 0.475000 -0.164580 0.638891
v 0.475000 0.368934 0.412877
v 0.525000 0.475000 0.456811
v 0.475000 0.475000 0.456811
v 0.525000 0.368934 0.412877
v 0.525000 0.475000 0.456811
v 0.475000 0.368934 0.412877
v 0.475000 0.518934 0.562877
v 0.525000 0.475000 0.668943
v 0.475000 0.475000 0.668943
v 0.525000 0.518934 0.562877
v 0.525000 0.475000 0.668943
v 0.475000 0.518934 0.562877
v 0.475000 0.368934 0.457877
v 0.525000 0.443180 0.488631
v 0.525000 0.368934 0.457877
v 0.475000 0.443180 0.488631
v 0.525000 0.443180 0.488631
v 0.475000 0.368934 0.457877
v 0.475000 0.473934 0.562877
v 0.525000 0.443180 0.637124
v 0.525000 0.473934 0.562877
v 0.475000 0.443180 0.637124
v 0.525000 0.443180 0.637124
v 0.475000 0.473934 0.562877
v 0.525000 0.443180 0.637124
v 0.525000 0.368934 0.712877
v 0.525000 0.475000 0.668943
v 0.525000 0.368934 0.667877
v 0.525000 0.368934 0.712877
v 0.525000 0.443180 0.637124
v 0.475000 0.368934 0.667877
v 0.475000 0.475000 0.668943
v 0.475000 0.368934 0.712877
v 0.475000 0.443180 0.637124
v 0.475000 0.475000 0.668943
v 0.475000 0.368934 0.667877
v 0.525000 0.368934 0.667877
v 0.475000 0.368934 0.712877
v 0.525000 0.368934 0.712877
v 0.475000 0.368934 0.667877
v 0.475000 0.368934 0.712877
v 0.525000 0.368934 0.667877
v 0.525000 0.473934 0.562877
v 0.525000 0.475000 0.668943
v 0.525000 0.518934 0.562877
v 0.525000 0.443180 0.637124
v 0.525000 0.475000 0.668943
v 0.525000 0.473934 0.562877
v 0.475000 0.443180 0.637124
v 0.475000 0.518934 0.562877
v 0.475000 0.475000 0.668943
v 0.475000 0.473934 0.562877
v 0.475000 0.518934 0.562877
v 0.475000 0.443180 0.637124
v 0.525000 0.443180 0.488631
v 0.525000 0.518934 0.562877
v 0.525000 0.475000 0.456811
v 0.525000 0.473934 0.562877
v 0.525000 0.518934 0.562877
v 0.525000 0.443180 0.488631
v 0.475000 0.047552 0.638891
v 0.525000 -0.058514 0.682825
v 0.475000 -0.058514 0.682825
v 0.525000 0.047552 0.638891
v 0.525000 -0.058514 0.682825
v 0.475000 0.047552 0.638891
v 0.475000 0.473934 0.562877
v 0.475000 0.475000 0.456811
v 0.475000 0.518934 0.562877
v 0.475000 0.443180 0.488631
v 0.475000 0.475000 0.456811
v 0.475000 0.473934 0.562877
v 0.525000 0.368934 0.457877
v 0.525000 0.475000 0.456811
v 0.525000 0.368934 0.412877
v 0.525000 0.443180 0.488631
v 0.525000 0.475000 0.456811
v 0.525000 0.368934 0.457877
v 0.475000 0.443180 0.488631
v 0.475000 0.368934 0.412877
v 0.475000 0.475000 0.456811
v 0.475000 0.368934 0.457877
v 0.475000 0.368934 0.412877
v 0.475000 0.443180 0.488631
v 0.525000 0.285581 0.494168
v 0.525000 0.368934 0.412877
v 0.525000 0.262868 0.456811
v 0.525000 0.368934 0.457877
v 0.525000 0.368934 0.412877
v 0.525000 0.285581 0.494168
v 0.475000 0.368934 0.457877
v 0.475000 0.262868 0.456811
v 0.475000 0.368934 0.412877
v 0.475000 0.285581 0.494168
v 0.475000 0.262868 0.456811
v 0.475000 0.368934 0.457877
v 0.475000 -0.132760 0.607072
v 0.525000 -0.163514 0.532825
v 0.525000 -0.132760 0.607072
v 0.475000 -0.163514 0.532825
v 0.525000 -0.163514 0.532825
v 0.475000 -0.132760 0.607072
v 0.475000 -0.132760 0.458579
v 0.525000 -0.058514 0.427825
v 0.525000 -0.132760 0.458579
v 0.475000 -0.058514 0.427825
v 0.525000 -0.058514 0.427825
v 0.475000 -0.132760 0.458579
v 0.475000 0.024839 0.601535
v 0.525000 -0.058514 0.637825
v 0.525000 0.024839 0.601535
v 0.475000 -0.058514 0.637825
v 0.525000 -0.058514 0.637825
v 0.475000 0.024839 0.601535
v 0.475000 -0.058514 0.682825
v 0.525000 -0.164580 0.638891
v 0.475000 -0.164580 0.638891
v 0.525000 -0.058514 0.682825
v 0.525000 -0.164580 0.638891
v 0.475000 -0.058514 0.682825
v 0.475000 -0.208514 0.532825
v 0.525000 -0.164580 0.426759
v 0.475000 -0.164580 0.426759
v 0.525000 -0.208514 0.532825
v 0.525000 -0.164580 0.426759
v 0.475000 -0.208514 0.532825
v 0.475000 -0.058514 0.637825
v 0.525000 -0.132760 0.607072
v 0.525000 -0.058514 0.637825
v 0.475000 -0.132760 0.607072
v 0.525000 -0.132760 0.607072
v 0.475000 -0.058514 0.637825
v 0.475000 -0.163514 0.532825
v 0.525000 -0.132760 0.458579
v 0.525000 -0.163514 0.532825
v 0.475000 -0.132760 0.458579
v 0.525000 -0.132760 0.458579
v 0.475000 -0.163514 0.532825
v 0.525000 -0.132760 0.458579
v 0.525000 -0.058514 0.382825
v 0.525000 -0.164580 0.426759
v 0.525000 -0.058514 0.427825
v 0.525000 -0.058514 0.382825
v 0.525000 -0.132760 0.458579
v 0.475000 -0.058514 0.427825
v 0.475000 -0.164580 0.426759
v 0.475000 -0.058514 0.382825
v 0.475000 -0.132760 0.458579
v 0.475000 -0.164580 0.426759
v 0.475000 -0.058514 0.427825
v 0.525000 -0.058514 0.427825
v 0.475000 -0.058514 0.382825
v 0.525000 -0.058514 0.382825
v 0.475000 -0.058514 0.427825
v 0.475000 -0.058514 0.382825
v 0.525000 -0.058514 0.427825
v 0.525000 -0.163514 0.532825
v 0.525000 -0.164580 0.426759
v 0.525000 -0.208514 0.532825
v 0.525000 -0.132760 0.458579
v 0.525000 -0.164580 0.426759
v 0.525000 -0.163514 0.532825
v 0.475000 -0.132760 0.458579
v 0.475000 -0.208514 0.532825
v 0.475000 -0.164580 0.426759
v 0.475000 -0.163514 0.532825
v 0.475000 -0.208514 0.532825
v 0.475000 -0.132760 0.458579
v 0.525000 -0.132760 0.607072
v 0.525000 -0.208514 0.532825
v 0.525000 -0.164580 0.638891
v 0.525000 -0.163514 0.532825
v 0.525000 -0.208514 0.532825
v 0.525000 -0.132760 0.607072
v 0.475000 -0.163514 0.532825
v 0.475000 -0.164580 0.638891
v 0.475000 -0.208514 0.532825
v 0.475000 -0.132760 0.607072
v 0.475000 -0.164580 0.638891
v 0.475000 -0.163514 0.532825
v 0.525000 -0.058514 0.637825
v 0.525000 -0.164580 0.638891
v 0.525000 -0.058514 0.682825
v 0.525000 -0.132760 0.607072
v 0.525000 -0.164580 0.638891
v 0.525000 -0.058514 0.637825
v 0.475000 -0.132760 0.607072
v 0.475000 -0.058514 0.682825
v 0.475000 -0.164580 0.638891
v 0.475000 -0.058514 0.637825
v 0.475000 -0.058514 0.682825
v 0.475000 -0.132760 0.607072
v 0.525000 0.024839 0.601535
v 0.525000 -0.058514 0.682825
v 0.525000 0.047552 0.638891
v 0.525000 -0.058514 0.637825
v 0.525000 -0.058514 0.682825
v 0.525000 0.024839 0.601535
v 0.475000 -0.058514 0.637825
v 0.475000 0.047552 0.638891
v 0.475000 -0.058514 0.682825
v 0.475000 0.024839 0.601535
v 0.475000 0.047552 0.638891
v 0.475000 -0.058514 0.637825
v 0.475000 0.024839 0.601535
v 0.525000 0.262868 0.456811
v 0.475000 0.262868 0.456811
v 0.525000 0.024839 0.601535
v 0.525000 0.262868 0.456811
v 0.475000 0.024839 0.601535
v 0.475000 0.047552 0.638891
v 0.475000 0.262868 0.456811
v 0.475000 0.285581 0.494168
v 0.475000 0.024839 0.601535
v 0.475000 0.262868 0.456811
v 0.475000 0.047552 0.638891
v 0.525000 0.047552 0.638891
v 0.475000 0.285581 0.494168
v 0.525000 0.285581 0.494168
v 0.475000 0.047552 0.638891
v 0.475000 0.285581 0.494168
v 0.525000 0.047552 0.638891
v 0.525000 0.024839 0.601535
v 0.525000 0.285581 0.494168
v 0.525000 0.262868 0.456811
v 0.525000 0.047552 0.638891
v 0.525000 0.285581 0.494168
v 0.525000 0.024839 0.601535
v -0.525000 -0.164580 0.426759
v -0.475000 -0.058514 0.382825
v -0.525000 -0.058514 0.382825
v -0.475000 -0.164580 0.426759
v -0.475000 -0.058514 0.382825
v -0.525000 -0.164580 0.426759
v -0.525000 0.443180 0.637124
v -0.475000 0.368934 0.667877
v -0.475000 0.443180 0.637124
v -0.525000 0.368934 0.667877
v -0.475000 0.368934 0.667877
v -0.525000 0.443180 0.637124
v -0.525000 0.443180 0.488631
v -0.475000 0.473934 0.562877
v -0.475000 0.443180 0.488631
v -0.525000 0.473934 0.562877
v -0.475000 0.473934 0.562877
v -0.525000 0.443180 0.488631
v -0.525000 0.262868 0.456811
v -0.475000 0.368934 0.412877
v -0.525000 0.368934 0.412877
v -0.475000 0.262868 0.456811
v -0.475000 0.368934 0.412877
v -0.525000 0.262868 0.456811
v -0.525000 0.475000 0.456811
v -0.475000 0.518934 0.562877
v -0.525000 0.518934 0.562877
v -0.475000 0.475000 0.456811
v -0.475000 0.518934 0.562877
v -0.525000 0.475000 0.456811
v -0.525000 0.475000 0.668943
v -0.475000 0.368934 0.712877
v -0.525000 0.368934 0.712877
v -0.475000 0.475000 0.668943
v -0.475000 0.368934 0.712877
v -0.525000 0.475000 0.668943
v -0.525000 0.285581 0.494168
v -0.475000 0.368934 0.457877
v -0.475000 0.285581 0.494168
v -0.525000 0.368934 0.457877
v -0.475000 0.368934 0.457877
v -0.525000 0.285581 0.494168
v -0.525000 -0.164580 0.638891
v -0.475000 -0.208514 0.532825
v -0.525000 -0.208514 0.532825
v -0.475000 -0.164580 0.638891
v -0.475000 -0.208514 0.532825
v -0.525000 -0.164580 0.638891
v -0.525000 0.368934 0.412877
v -0.475000 0.475000 0.456811
v -0.525000 0.475000 0.456811
v -0.475000 0.368934 0.412877
v -0.475000 0.475000 0.456811
v -0.525000 0.368934 0.412877
v -0.525000 0.518934 0.562877
v -0.475000 0.475000 0.668943
v -0.525000 0.475000 0.668943
v -0.475000 0.518934 0.562877
v -0.475000 0.475000 0.668943
v -0.525000 0.518934 0.562877
v -0.525000 0.368934 0.457877
v -0.475000 0.443180 0.488631
v -0.475000 0.368934 0.457877
v -0.525000 0.443180 0.488631
v -0.475000 0.443180 0.488631
v -0.525000 0.368934 0.457877
v -0.525000 0.473934 0.562877
v -0.475000 0.443180 0.637124
v -0.475000 0.473934 0.562877
v -0.525000 0.443180 0.637124
v -0.475000 0.443180 0.637124
v -0.525000 0.473934 0.562877
v -0.475000 0.443180 0.637124
v -0.475000 0.368934 0.712877
v -0.475000 0.475000 0.668943
v -0.475000 0.368934 0.667877
v -0.475000 0.368934 0.712877
v -0.475000 0.443180 0.637124
v -0.525000 0.368934 0.667877
v -0.525000 0.475000 0.668943
v -0.525000 0.368934 0.712877
v -0.525000 0.443180 0.637124
v -0.525000 0.475000 0.668943
v -0.525000 0.368934 0.667877
v -0.475000 0.368934 0.667877
v -0.525000 0.368934 0.712877
v -0.475000 0.368934 0.712877
v -0.525000 0.368934 0.667877
v -0.525000 0.368934 0.712877
v -0.475000 0.368934 0.667877
v -0.475000 0.473934 0.562877
v -0.475000 0.475000 0.668943
v -0.475000 0.518934 0.562877
v -0.475000 0.443180 0.637124
v -0.475000 0.475000 0.668943
v -0.475000 0.473934 0.562877
v -0.525000 0.443180 0.637124
v -0.525000 0.518934 0.562877
v -0.525000 0.475000 0.668943
v -0.525000 0.473934 0.562877
v -0.525000 0.518934 0.562877
v -0.525000 0.443180 0.637124
v -0.475000 0.443180 0.488631
v -0.475000 0.518934 0.562877
v -0.475000 0.475000 0.456811
v -0.475000 0.473934 0.562877
v -0.475000 0.518934 0.562877
v -0.475000 0.443180 0.488631
v -0.525000 0.047552 0.638891
v -0.475000 -0.058514 0.682825
v -0.525000 -0.058514 0.682825
v -0.475000 0.047552 0.638891
v -0.475000 -0.058514 0.682825
v -0.525000 0.047552 0.638891
v -0.525000 0.473934 0.562877
v -0.525000 0.475000 0.456811
v -0.525000 0.518934 0.562877
v -0.525000 0.443180 0.488631
v -0.525000 0.475000 0.456811
v -0.525000 0.473934 0.562877
v -0.475000 0.368934 0.457877
v -0.475000 0.475000 0.456811
v -0.475000 0.368934 0.412877
v -0.475000 0.443180 0.488631
v -0.475000 0.475000 0.456811
v -0.475000 0.368934 0.457877
v -0.525000 0.443180 0.488631
v -0.525000 0.368934 0.412877
v -0.525000 0.475000 0.456811
v -0.525000 0.368934 0.457877
v -0.525000 0.368934 0.412877
v -0.525000 0.443180 0.488631
v -0.475000 0.285581 0.494168
v -0.475000 0.368934 0.412877
v -0.475000 0.262868 0.456811
v -0.475000 0.368934 0.457877
v -0.475000 0.368934 0.412877
v -0.475000 0.285581 0.494168
v -0.525000 0.368934 0.457877
v -0.525000 0.262868 0.456811
v -0.525000 0.368934 0.412877
v -0.525000 0.285581 0.494168
v -0.525000 0.262868 0.456811
v -0.525000 0.368934 0.457877
v -0.525000 -0.132760 0.607072
v -0.475000 -0.163514 0.532825
v -0.475000 -0.132760 0.607072
v -0.525000 -0.163514 0.532825
v -0.475000 -0.163514 0.532825
v -0.525000 -0.132760 0.607072
v -0.525000 -0.132760 0.458579
v -0.475000 -0.058514 0.427825
v -0.475000 -0.132760 0.458579
v -0.525000 -0.058514 0.427825
v -0.475000 -0.058514 0.427825
v -0.525000 -0.132760 0.458579
v -0.525000 0.024839 0.601535
v -0.475000 -0.058514 0.637825
v -0.475000 0.024839 0.601535
v -0.525000 -0.058514 0.637825
v -0.475000 -0.058514 0.637825
v -0.525000 0.024839 0.601535
v -0.525000 -0.058514 0.682825
v -0.475000 -0.164580 0.638891
v -0.525000 -0.164580 0.638891
v -0.475000 -0.058514 0.682825
v -0.475000 -0.164580 0.638891
v -0.525000 -0.058514 0.682825
v -0.525000 -0.208514 0.532825
v -0.475000 -0.164580 0.426759
v -0.525000 -0.164580 0.426759
v -0.475000 -0.208514 0.532825
v -0.475000 -0.164580 0.426759
v -0.525000 -0.208514 0.532825
v -0.525000 -0.058514 0.637825
v -0.475000 -0.132760 0.607072
v -0.475000 -0.058514 0.637825
v -0.525000 -0.132760 0.607072
v -0.475000 -0.132760 0.607072
v -0.525000 -0.058514 0.637825
v -0.525000 -0.163514 0.532825
v -0.475000 -0.132760 0.458579
v -0.475000 -0.163514 0.532825
v -0.525000 -0.132760 0.458579
v -0.475000 -0.132760 0.458579
v -0.525000 -0.163514 0.532825
v -0.475000 -0.132760 0.458579
v -0.475000 -0.058514 0.382825
v -0.475000 -0.164580 0.426759
v -0.475000 -0.058514 0.427825
v -0.475000 -0.058514 0.382825
v -0.475000 -0.132760 0.458579
v -0.525000 -0.058514 0.427825
v -0.525000 -0.164580 0.426759
v -0.525000 -0.058514 0.382825
v -0.525000 -0.132760 0.458579
v -0.525000 -0.164580 0.426759
v -0.525000 -0.058514 0.427825
v -0.475000 -0.058514 0.427825
v -0.525000 -0.058514 0.382825
v -0.475000 -0.058514 0.382825
v -0.525000 -0.058514 0.427825
v -0.525000 -0.058514 0.382825
v -0.475000 -0.058514 0.427825
v -0.475000 -0.163514 0.532825
v -0.475000 -0.164580 0.426759
v -0.475000 -0.208514 0.532825
v -0.475000 -0.132760 0.458579
v -0.475000 -0.164580 0.426759
v -0.475000 -0.163514 0.532825
v -0.525000 -0.132760 0.458579
v -0.525000 -0.208514 0.532825
v -0.525000 -0.164580 0.426759
v -0.525000 -0.163514 0.532825
v -0.525000 -0.208514 0.532825
v -0.525000 -0.132760 0.458579
v -0.475000 -0.132760 0.607072
v -0.475000 -0.208514 0.532825
v -0.475000 -0.164580 0.638891
v -0.475000 -0.163514 0.532825
v -0.475000 -0.208514 0.532825
v -0.475000 -0.132760 0.607072
v -0.525000 -0.163514 0.532825
v -0.525000 -0.164580 0.638891
v -0.525000 -0.208514 0.532825
v -0.525000 -0.132760 0.607072
v -0.525000 -0.164580 0.638891
v -0.525000 -0.163514 0.532825
v -0.475000 -0.058514 0.637825
v -0.475000 -0.164580 0.638891
v -0.475000 -0.058514 0.682825
v -0.475000 -0.132760 0.607072
v -0.475000 -0.164580 0.638891
v -0.475000 -0.058514 0.637825
v -0.525000 -0.132760 0.607072
v -0.525000 -0.058514 0.682825
v -0.525000 -0.164580 0.638891
v -0.525000 -0.058514 0.637825
v -0.525000 -0.058514 0.682825
v -0.525000 -0.132760 0.607072
v -0.475000 0.024839 0.601535
v -0.475000 -0.058514 0.682825
v -0.475000 0.047552 0.638891
v -0.475000 -0.058514 0.637825
v -0.475000 -0.058514 0.682825
v -0.475000 0.024839 0.601535
v -0.525000 -0.058514 0.637825
v -0.525000 0.047552 0.638891
v -0.525000 -0.058514 0.682825
v -0.525000 0.024839 0.601535
v -0.525000 0.047552 0.638891
v -0.525000 -0.058514 0.637825
v -0.525000 0.024839 0.601535
v -0.475000 0.262868 0.456811
v -0.525000 0.262868 0.456811
v -0.475000 0.024839 0.601535
v -0.475000 0.262868 0.456811
v -0.525000 0.024839 0.601535
v -0.525000 0.047552 0.638891
v -0.525000 0.262868 0.456811
v -0.525000 0.285581 0.494168
v -0.525000 0.024839 0.601535
v -0.525000 0.262868 0.456811
v -0.525000 0.047552 0.638891
v -0.475000 0.047552 0.638891
v -0.525000 0.285581 0.494168
v -0.475000 0.285581 0.494168
v -0.525000 0.047552 0.638891
v -0.525000 0.285581 0.494168
v -0.475000 0.047552 0.638891
v -0.475000 0.024839 0.601535
v -0.475000 0.285581 0.494168
v -0.475000 0.262868 0.456811
v -0.475000 0.047552 0.638891
v -0.475000 0.285581 0.494168
v -0.475000 0.024839 0.601535
v -0.850000 0.600000 0.999998
v -0.850000 0.400000 0.649998
v -0.850000 0.600000 0.649998
v -0.850000 0.400000 0.999998
v -0.850000 0.400000 0.649998
v -0.850000 0.600000 0.999998
v 1.000000 0.600000 0.999998
v 1.000000 0.400000 0.649998
v 1.000000 0.600000 0.649998
v 1.000000 0.400000 0.999998
v 1.000000 0.400000 0.649998
v 1.000000 0.600000 0.999998
v 0.850000 0.600000 0.999998
v 1.000000 0.400000 0.999998
v 1.000000 0.600000 0.999998
v 0.850000 0.400000 0.999998
v 1.000000 0.400000 0.999998
v 0.850000 0.600000 0.999998
v 0.850000 0.550000 0.449998
v 0.850000 0.400000 0.649998
v 0.850000 0.600000 0.649998
v 0.850000 0.400000 0.399998
v 0.850000 0.400000 0.649998
v 0.850000 0.550000 0.449998
v 1.000000 0.550000 0.449998
v 0.850000 0.400000 0.399998
v 0.850000 0.550000 0.449998
v 1.000000 0.400000 0.399998
v 0.850000 0.400000 0.399998
v 1.000000 0.550000 0.449998
v 0.850000 0.250000 0.449998
v 1.000000 0.200000 0.649998
v 0.850000 0.200000 0.649998
v 1.000000 0.250000 0.449998
v 1.000000 0.200000 0.649998
v 0.850000 0.250000 0.449998
v 1.000000 0.550000 0.449998
v 0.850000 0.600000 0.649998
v 1.000000 0.600000 0.649998
v 0.850000 0.550000 0.449998
v 0.850000 0.600000 0.649998
v 1.000000 0.550000 0.449998
v 1.000000 0.600000 0.649998
v 0.850000 0.600000 0.999998
v 1.000000 0.600000 0.999998
v 0.850000 0.600000 0.649998
v 0.850000 0.600000 0.999998
v 1.000000 0.600000 0.649998
v 0.850000 0.200000 0.649998
v 1.000000 0.200000 0.999998
v 0.850000 0.200000 0.999998
v 1.000000 0.200000 0.649998
v 1.000000 0.200000 0.999998
v 0.850000 0.200000 0.649998
v 0.850000 0.600000 0.649998
v 0.850000 0.400000 0.999998
v 0.850000 0.600000 0.999998
v 0.850000 0.400000 0.649998
v 0.850000 0.400000 0.999998
v 0.850000 0.600000 0.649998
v 1.000000 0.600000 0.649998
v 1.000000 0.400000 0.399998
v 1.000000 0.550000 0.449998
v 1.000000 0.400000 0.649998
v 1.000000 0.400000 0.399998
v 1.000000 0.600000 0.649998
v 1.000000 0.400000 0.649998
v 1.000000 0.250000 0.449998
v 1.000000 0.400000 0.399998
v 1.000000 0.200000 0.649998
v 1.000000 0.250000 0.449998
v 1.000000 0.400000 0.649998
v 0.850000 0.400000 0.649998
v 0.850000 0.200000 0.999998
v 0.850000 0.400000 0.999998
v 0.850000 0.200000 0.649998
v 0.850000 0.200000 0.999998
v 0.850000 0.400000 0.649998
v 1.000000 0.400000 0.399998
v 0.850000 0.250000 0.449998
v 0.850000 0.400000 0.399998
v 1.000000 0.250000 0.449998
v 0.850000 0.250000 0.449998
v 1.000000 0.400000 0.399998
v 0.850000 0.400000 0.399998
v 0.850000 0.200000 0.649998
v 0.850000 0.400000 0.649998
v 0.850000 0.250000 0.449998
v 0.850000 0.200000 0.649998
v 0.850000 0.400000 0.399998
v 0.850000 0.400000 0.999998
v 1.000000 0.200000 0.999998
v 1.000000 0.400000 0.999998
v 0.850000 0.200000 0.999998
v 1.000000 0.200000 0.999998
v 0.850000 0.400000 0.999998
v 1.000000 0.400000 0.999998
v 1.000000 0.200000 0.649998
v 1.000000 0.400000 0.649998
v 1.000000 0.200000 0.999998
v 1.000000 0.200000 0.649998
v 1.000000 0.400000 0.999998
v -1.000000 0.600000 0.999998
v -0.850000 0.400000 0.999998
v -0.850000 0.600000 0.999998
v -1.000000 0.400000 0.999998
v -0.850000 0.400000 0.999998
v -1.000000 0.600000 0.999998
v -1.000000 0.550000 0.449998
v -1.000000 0.400000 0.649998
v -1.000000 0.600000 0.649998
v -1.000000 0.400000 0.399998
v -1.000000 0.400000 0.649998
v -1.000000 0.550000 0.449998
v -0.850000 0.550000 0.449998
v -1.000000 0.400000 0.399998
v -1.000000 0.550000 0.449998
v -0.850000 0.400000 0.399998
v -1.000000 0.400000 0.399998
v -0.850000 0.550000 0.449998
v -1.000000 0.250000 0.449998
v -0.850000 0.200000 0.649998
v -1.000000 0.200000 0.649998
v -0.850000 0.250000 0.449998
v -0.850000 0.200000 0.649998
v -1.000000 0.250000 0.449998
v -0.850000 0.550000 0.449998
v -1.000000 0.600000 0.649998
v -0.850000 0.600000 0.649998
v -1.000000 0.550000 0.449998
v -1.000000 0.600000 0.649998
v -0.850000 0.550000 0.449998
v -0.850000 0.600000 0.649998
v -1.000000 0.600000 0.999998
v -0.850000 0.600000 0.999998
v -1.000000 0.600000 0.649998
v -1.000000 0.600000 0.999998
v -0.850000 0.600000 0.649998
v -1.000000 0.200000 0.649998
v -0.850000 0.200000 0.999998
v -1.000000 0.200000 0.999998
v -0.850000 0.200000 0.649998
v -0.850000 0.200000 0.999998
v -1.000000 0.200000 0.649998
v -1.000000 0.600000 0.649998
v -1.000000 0.400000 0.999998
v -1.000000 0.600000 0.999998
v -1.000000 0.400000 0.649998
v -1.000000 0.400000 0.999998
v -1.000000 0.600000 0.649998
v -0.850000 0.600000 0.649998
v -0.850000 0.400000 0.399998
v -0.850000 0.550000 0.449998
v -0.850000 0.400000 0.649998
v -0.850000 0.400000 0.399998
v -0.850000 0.600000 0.649998
v -0.850000 0.400000 0.649998
v -0.850000 0.250000 0.449998
v -0.850000 0.400000 0.399998
v -0.850000 0.200000 0.649998
v -0.850000 0.250000 0.449998
v -0.850000 0.400000 0.649998
v -1.000000 0.400000 0.649998
v -1.000000 0.200000 0.999998
v -1.000000 0.400000 0.999998
v -1.000000 0.200000 0.649998
v -1.000000 0.200000 0.999998
v -1.000000 0.400000 0.649998
v -0.850000 0.400000 0.399998
v -1.000000 0.250000 0.449998
v -1.000000 0.400000 0.399998
v -0.850000 0.250000 0.449998
v -1.000000 0.250000 0.449998
v -0.850000 0.400000 0.399998
v -1.000000 0.400000 0.399998
v -1.000000 0.200000 0.649998
v -1.000000 0.400000 0.649998
v -1.000000 0.250000 0.449998
v -1.000000 0.200000 0.649998
v -1.000000 0.400000 0.399998
v -1.000000 0.400000 0.999998
v -0.850000 0.200000 0.999998
v -0.850000 0.400000 0.999998
v -1.000000 0.200000 0.999998
v -0.850000 0.200000 0.999998
v -1.000000 0.400000 0.999998
v -0.850000 0.400000 0.999998
v -0.850000 0.200000 0.649998
v -0.850000 0.400000 0.649998
v -0.850000 0.200000 0.999998
v -0.850000 0.200000 0.649998
v -0.850000 0.400000 0.999998
v -0.562500 -0.578514 0.570325
v -0.437500 -0.578514 0.495325
v -0.562500 -0.578514 0.495325
v -0.437500 -0.578514 0.570325
v -0.437500 -0.578514 0.495325
v -0.562500 -0.578514 0.570325
v 0.825000 -0.143514 0.607825
v 0.825000 -1.193514 0.607825
v 0.825000 -1.193514 0.507825
v 0.825000 -0.143514 0.507825
v 0.825000 -0.143514 0.607825
v 0.825000 -1.193514 0.507825
v 0.606667 -0.163514 0.507825
v 0.606667 -0.163514 0.607825
v 0.393333 -0.163514 0.607825
v 0.393333 -0.163514 0.507825
v 0.606667 -0.163514 0.507825
v 0.393333 -0.163514 0.607825
v 0.175000 -0.143514 0.507825
v 0.175000 -1.193514 0.507825
v 0.175000 -1.193514 0.607825
v 0.175000 -0.143514 0.607825
v 0.175000 -0.143514 0.507825
v 0.175000 -1.193514 0.607825
v 0.393333 -0.163514 0.507825
v 0.393333 -0.163514 0.607825
v 0.290000 -0.243514 0.607825
v 0.290000 -0.243514 0.507825
v 0.393333 -0.163514 0.507825
v 0.290000 -0.243514 0.607825
v 0.710000 -0.243514 0.607825
v 0.595000 -0.293514 0.607825
v 0.633333 -1.193514 0.607825
v 0.825000 -1.193514 0.607825
v 0.710000 -0.243514 0.607825
v 0.633333 -1.193514 0.607825
v 0.825000 -0.143514 0.507825
v 0.633333 -0.043514 0.507825
v 0.633333 -0.043514 0.607825
v 0.825000 -0.143514 0.607825
v 0.825000 -0.143514 0.507825
v 0.633333 -0.043514 0.607825
v 0.366667 -0.043514 0.507825
v 0.175000 -0.143514 0.507825
v 0.175000 -0.143514 0.607825
v 0.366667 -0.043514 0.607825
v 0.366667 -0.043514 0.507825
v 0.175000 -0.143514 0.607825
v 0.633333 -0.043514 0.507825
v 0.366667 -0.043514 0.507825
v 0.366667 -0.043514 0.607825
v 0.633333 -0.043514 0.607825
v 0.633333 -0.043514 0.507825
v 0.366667 -0.043514 0.607825
v 0.175000 -1.193514 0.607825
v 0.175000 -1.193514 0.507825
v 0.366667 -1.193514 0.507825
v 0.366667 -1.193514 0.607825
v 0.175000 -1.193514 0.607825
v 0.366667 -1.193514 0.507825
v 0.290000 -0.243514 0.507825
v 0.175000 -1.193514 0.507825
v 0.175000 -0.143514 0.507825
v 0.710000 -0.243514 0.507825
v 0.710000 -0.243514 0.607825
v 0.606667 -0.163514 0.607825
v 0.606667 -0.163514 0.507825
v 0.710000 -0.243514 0.507825
v 0.606667 -0.163514 0.607825
v 0.290000 -0.243514 0.607825
v 0.405000 -0.293514 0.607825
v 0.405000 -0.293514 0.507825
v 0.290000 -0.243514 0.507825
v 0.290000 -0.243514 0.607825
v 0.405000 -0.293514 0.507825
v 0.825000 -1.193514 0.507825
v 0.710000 -0.243514 0.507825
v 0.825000 -0.143514 0.507825
v 0.393333 -0.163514 0.607825
v 0.366667 -0.043514 0.607825
v 0.175000 -0.143514 0.607825
v 0.290000 -0.243514 0.607825
v 0.393333 -0.163514 0.607825
v 0.175000 -0.143514 0.607825
v 0.825000 -0.143514 0.607825
v 0.710000 -0.243514 0.607825
v 0.825000 -1.193514 0.607825
v 0.175000 -1.193514 0.507825
v 0.290000 -0.243514 0.507825
v 0.405000 -0.293514 0.507825
v 0.366667 -1.193514 0.507825
v 0.175000 -1.193514 0.507825
v 0.405000 -0.293514 0.507825
v 0.710000 -0.243514 0.607825
v 0.825000 -0.143514 0.607825
v 0.633333 -0.043514 0.607825
v 0.606667 -0.163514 0.607825
v 0.710000 -0.243514 0.607825
v 0.633333 -0.043514 0.607825
v 0.606667 -0.163514 0.607825
v 0.633333 -0.043514 0.607825
v 0.366667 -0.043514 0.607825
v 0.393333 -0.163514 0.607825
v 0.606667 -0.163514 0.607825
v 0.366667 -0.043514 0.607825
v 0.290000 -0.243514 0.507825
v 0.175000 -0.143514 0.507825
v 0.366667 -0.043514 0.507825
v 0.393333 -0.163514 0.507825
v 0.290000 -0.243514 0.507825
v 0.366667 -0.043514 0.507825
v 0.606667 -0.163514 0.507825
v 0.633333 -0.043514 0.507825
v 0.825000 -0.143514 0.507825
v 0.710000 -0.243514 0.507825
v 0.606667 -0.163514 0.507825
v 0.825000 -0.143514 0.507825
v 0.175000 -1.193514 0.607825
v 0.290000 -0.243514 0.607825
v 0.175000 -0.143514 0.607825
v 0.393333 -0.163514 0.507825
v 0.366667 -0.043514 0.507825
v 0.633333 -0.043514 0.507825
v 0.606667 -0.163514 0.507825
v 0.393333 -0.163514 0.507825
v 0.633333 -0.043514 0.507825
v 0.633333 -1.193514 0.507825
v 0.595000 -0.293514 0.507825
v 0.710000 -0.243514 0.507825
v 0.825000 -1.193514 0.507825
v 0.633333 -1.193514 0.507825
v 0.710000 -0.243514 0.507825
v 0.366667 -1.193514 0.507825
v 0.405000 -0.293514 0.507825
v 0.595000 -0.293514 0.507825
v 0.633333 -1.193514 0.507825
v 0.366667 -1.193514 0.507825
v 0.595000 -0.293514 0.507825
v 0.595000 -0.293514 0.607825
v 0.710000 -0.243514 0.607825
v 0.710000 -0.243514 0.507825
v 0.595000 -0.293514 0.507825
v 0.595000 -0.293514 0.607825
v 0.710000 -0.243514 0.507825
v 0.405000 -0.293514 0.607825
v 0.595000 -0.293514 0.607825
v 0.595000 -0.293514 0.507825
v 0.405000 -0.293514 0.507825
v 0.405000 -0.293514 0.607825
v 0.595000 -0.293514 0.507825
v 0.633333 -1.193514 0.607825
v 0.633333 -1.193514 0.507825
v 0.825000 -1.193514 0.507825
v 0.825000 -1.193514 0.607825
v 0.633333 -1.193514 0.607825
v 0.825000 -1.193514 0.507825
v 0.366667 -1.193514 0.607825
v 0.366667 -1.193514 0.507825
v 0.633333 -1.193514 0.507825
v 0.633333 -1.193514 0.607825
v 0.366667 -1.193514 0.607825
v 0.633333 -1.193514 0.507825
v 0.405000 -0.293514 0.607825
v 0.290000 -0.243514 0.607825
v 0.175000 -1.193514 0.607825
v 0.366667 -1.193514 0.607825
v 0.405000 -0.293514 0.607825
v 0.175000 -1.193514 0.607825
v 0.595000 -0.293514 0.607825
v 0.405000 -0.293514 0.607825
v 0.366667 -1.193514 0.607825
v 0.633333 -1.193514 0.607825
v 0.595000 -0.293514 0.607825
v 0.366667 -1.193514 0.607825
v -0.437500 -0.103514 0.570325
v -0.437500 -0.578514 0.495325
v -0.437500 -0.103514 0.495325
v -0.437500 -0.578514 0.570325
v -0.437500 -0.578514 0.495325
v -0.437500 -0.103514 0.570325
v -0.531250 -0.235260 0.570325
v -0.562500 -0.103514 0.570325
v -0.562500 -0.578514 0.570325
v -0.531250 -0.147760 0.570325
v -0.562500 -0.103514 0.570325
v -0.531250 -0.235260 0.570325
v -0.562500 -0.103514 0.495325
v -0.562500 -0.578514 0.570325
v -0.562500 -0.103514 0.570325
v -0.562500 -0.578514 0.495325
v -0.562500 -0.578514 0.570325
v -0.562500 -0.103514 0.495325
v -0.531250 -0.147760 0.570325
v -0.437500 -0.103514 0.570325
v -0.562500 -0.103514 0.570325
v -0.468750 -0.147760 0.570325
v -0.437500 -0.103514 0.570325
v -0.531250 -0.147760 0.570325
v -0.437500 -0.103514 0.495325
v -0.562500 -0.103514 0.570325
v -0.437500 -0.103514 0.570325
v -0.562500 -0.103514 0.495325
v -0.562500 -0.103514 0.570325
v -0.437500 -0.103514 0.495325
v -0.437500 -0.578514 0.495325
v -0.562500 -0.953514 0.395325
v -0.562500 -0.578514 0.495325
v -0.437500 -0.953514 0.395325
v -0.562500 -0.953514 0.395325
v -0.437500 -0.578514 0.495325
v -0.562500 -0.578514 0.495325
v -0.562500 -0.953514 0.570325
v -0.562500 -0.578514 0.570325
v -0.562500 -0.953514 0.395325
v -0.562500 -0.953514 0.570325
v -0.562500 -0.578514 0.495325
v -0.562500 -0.578514 0.570325
v -0.437500 -0.953514 0.570325
v -0.437500 -0.578514 0.570325
v -0.562500 -0.953514 0.570325
v -0.437500 -0.953514 0.570325
v -0.562500 -0.578514 0.570325
v -0.437500 -0.578514 0.570325
v -0.437500 -0.953514 0.395325
v -0.437500 -0.578514 0.495325
v -0.437500 -0.953514 0.570325
v -0.437500 -0.953514 0.395325
v -0.437500 -0.578514 0.570325
v -0.468750 -0.235260 0.570325
v -0.562500 -0.578514 0.570325
v -0.437500 -0.578514 0.570325
v -0.531250 -0.235260 0.570325
v -0.562500 -0.578514 0.570325
v -0.468750 -0.235260 0.570325
v -0.468750 -0.147760 0.570325
v -0.437500 -0.578514 0.570325
v -0.437500 -0.103514 0.570325
v -0.468750 -0.235260 0.570325
v -0.437500 -0.578514 0.570325
v -0.468750 -0.147760 0.570325
v -0.531250 -0.147760 0.495325
v -0.437500 -0.103514 0.495325
v -0.468750 -0.147760 0.495325
v -0.562500 -0.103514 0.495325
v -0.437500 -0.103514 0.495325
v -0.531250 -0.147760 0.495325
v -0.468750 -0.147760 0.495325
v -0.437500 -0.578514 0.495325
v -0.468750 -0.235260 0.495325
v -0.437500 -0.103514 0.495325
v -0.437500 -0.578514 0.495325
v -0.468750 -0.147760 0.495325
v -0.531250 -0.235260 0.495325
v -0.562500 -0.103514 0.495325
v -0.531250 -0.147760 0.495325
v -0.562500 -0.578514 0.495325
v -0.562500 -0.103514 0.495325
v -0.531250 -0.235260 0.495325
v -0.468750 -0.235260 0.495325
v -0.562500 -0.578514 0.495325
v -0.531250 -0.235260 0.495325
v -0.437500 -0.578514 0.495325
v -0.562500 -0.578514 0.495325
v -0.468750 -0.235260 0.495325
v -0.531250 -0.235260 0.570325
v -0.531250 -0.147760 0.495325
v -0.531250 -0.147760 0.570325
v -0.531250 -0.235260 0.495325
v -0.531250 -0.147760 0.495325
v -0.531250 -0.235260 0.570325
v -0.531250 -0.235260 0.570325
v -0.468750 -0.235260 0.495325
v -0.531250 -0.235260 0.495325
v -0.468750 -0.235260 0.570325
v -0.468750 -0.235260 0.495325
v -0.531250 -0.235260 0.570325
v -0.468750 -0.147760 0.570325
v -0.468750 -0.235260 0.495325
v -0.468750 -0.235260 0.570325
v -0.468750 -0.147760 0.495325
v -0.468750 -0.235260 0.495325
v -0.468750 -0.147760 0.570325
v -0.531250 -0.147760 0.570325
v -0.468750 -0.147760 0.495325
v -0.468750 -0.147760 0.570325
v -0.531250 -0.147760 0.495325
v -0.468750 -0.147760 0.495325
v -0.531250 -0.147760 0.570325
v -0.806186 -1.659700 0.345325
v -0.500000 -1.603514 0.162313
v -0.500000 -1.786527 0.345325
v -0.676777 -1.530290 0.162313
v -0.500000 -1.603514 0.162313
v -0.806186 -1.659700 0.345325
v -0.853553 -1.707067 0.595325
v -0.500000 -1.786527 0.345325
v -0.500000 -1.853514 0.595325
v -0.806186 -1.659700 0.345325
v -0.500000 -1.786527 0.345325
v -0.853553 -1.707067 0.595325
v -1.000000 -1.353514 0.595325
v -0.806186 -1.659700 0.345325
v -0.853553 -1.707067 0.595325
v -0.933013 -1.353514 0.345325
v -0.806186 -1.659700 0.345325
v -1.000000 -1.353514 0.595325
v -0.933013 -1.353514 0.345325
v -0.676777 -1.530290 0.162313
v -0.806186 -1.659700 0.345325
v -0.750000 -1.353514 0.162313
v -0.676777 -1.530290 0.162313
v -0.933013 -1.353514 0.345325
v -0.853553 -0.999961 0.595325
v -0.933013 -1.353514 0.345325
v -1.000000 -1.353514 0.595325
v -0.806186 -1.047328 0.345325
v -0.933013 -1.353514 0.345325
v -0.853553 -0.999961 0.595325
v -0.806186 -1.047328 0.345325
v -0.750000 -1.353514 0.162313
v -0.933013 -1.353514 0.345325
v -0.676777 -1.176737 0.162313
v -0.750000 -1.353514 0.162313
v -0.806186 -1.047328 0.345325
v -0.500000 -0.853514 0.595325
v -0.806186 -1.047328 0.345325
v -0.853553 -0.999961 0.595325
v -0.500000 -0.920501 0.345325
v -0.806186 -1.047328 0.345325
v -0.500000 -0.853514 0.595325
v -0.500000 -0.920501 0.345325
v -0.676777 -1.176737 0.162313
v -0.806186 -1.047328 0.345325
v -0.500000 -1.103514 0.162313
v -0.676777 -1.176737 0.162313
v -0.500000 -0.920501 0.345325
v -0.146447 -0.999961 0.595325
v -0.500000 -0.920501 0.345325
v -0.500000 -0.853514 0.595325
v -0.193814 -1.047328 0.345325
v -0.500000 -0.920501 0.345325
v -0.146447 -0.999961 0.595325
v -0.193814 -1.047328 0.345325
v -0.500000 -1.103514 0.162313
v -0.500000 -0.920501 0.345325
v -0.323223 -1.176737 0.162313
v -0.500000 -1.103514 0.162313
v -0.193814 -1.047328 0.345325
v -0.000000 -1.353514 0.595325
v -0.193814 -1.047328 0.345325
v -0.146447 -0.999961 0.595325
v -0.066987 -1.353514 0.345325
v -0.193814 -1.047328 0.345325
v -0.000000 -1.353514 0.595325
v -0.066987 -1.353514 0.345325
v -0.323223 -1.176737 0.162313
v -0.193814 -1.047328 0.345325
v -0.250000 -1.353514 0.162313
v -0.323223 -1.176737 0.162313
v -0.066987 -1.353514 0.345325
v -0.146447 -1.707067 0.595325
v -0.066987 -1.353514 0.345325
v -0.000000 -1.353514 0.595325
v -0.193814 -1.659700 0.345325
v -0.066987 -1.353514 0.345325
v -0.146447 -1.707067 0.595325
v -0.193814 -1.659700 0.345325
v -0.250000 -1.353514 0.162313
v -0.066987 -1.353514 0.345325
v -0.323223 -1.530290 0.162313
v -0.250000 -1.353514 0.162313
v -0.193814 -1.659700 0.345325
v -0.500000 -1.786527 0.345325
v -0.323223 -1.530290 0.162313
v -0.193814 -1.659700 0.345325
v -0.500000 -1.603514 0.162313
v -0.323223 -1.530290 0.162313
v -0.500000 -1.786527 0.345325
v -0.500000 -1.853514 0.595325
v -0.193814 -1.659700 0.345325
v -0.146447 -1.707067 0.595325
v -0.500000 -1.786527 0.345325
v -0.193814 -1.659700 0.345325
v -0.500000 -1.853514 0.595325
v -0.500000 -1.103514 0.162313
v -0.323223 -1.530290 0.162313
v -0.500000 -1.603514 0.162313
v -0.744949 -1.598463 0.395325
v -0.500000 -1.699924 0.395325
v -0.500000 -1.553514 0.248915
v -0.641421 -1.494935 0.248915
v -0.744949 -1.598463 0.395325
v -0.500000 -1.553514 0.248915
v -0.782843 -1.636357 0.595325
v -0.500000 -1.753514 0.595325
v -0.500000 -1.699924 0.395325
v -0.744949 -1.598463 0.395325
v -0.782843 -1.636357 0.595325
v -0.500000 -1.699924 0.395325
v -0.900000 -1.353514 0.595325
v -0.782843 -1.636357 0.595325
v -0.744949 -1.598463 0.395325
v -0.846410 -1.353514 0.395325
v -0.900000 -1.353514 0.595325
v -0.744949 -1.598463 0.395325
v -0.846410 -1.353514 0.395325
v -0.744949 -1.598463 0.395325
v -0.641421 -1.494935 0.248915
v -0.700000 -1.353514 0.248915
v -0.846410 -1.353514 0.395325
v -0.641421 -1.494935 0.248915
v -0.782843 -1.070671 0.595325
v -0.900000 -1.353514 0.595325
v -0.846410 -1.353514 0.395325
v -0.744949 -1.108565 0.395325
v -0.782843 -1.070671 0.595325
v -0.846410 -1.353514 0.395325
v -0.744949 -1.108565 0.395325
v -0.846410 -1.353514 0.395325
v -0.700000 -1.353514 0.248915
v -0.641421 -1.212093 0.248915
v -0.744949 -1.108565 0.395325
v -0.700000 -1.353514 0.248915
v -0.500000 -0.953514 0.595325
v -0.782843 -1.070671 0.595325
v -0.744949 -1.108565 0.395325
v -0.500000 -1.007104 0.395325
v -0.500000 -0.953514 0.595325
v -0.744949 -1.108565 0.395325
v -0.500000 -1.007104 0.395325
v -0.744949 -1.108565 0.395325
v -0.641421 -1.212093 0.248915
v -0.500000 -1.153514 0.248915
v -0.500000 -1.007104 0.395325
v -0.641421 -1.212093 0.248915
v -0.217157 -1.070671 0.595325
v -0.500000 -0.953514 0.595325
v -0.500000 -1.007104 0.395325
v -0.255051 -1.108565 0.395325
v -0.217157 -1.070671 0.595325
v -0.500000 -1.007104 0.395325
v -0.255051 -1.108565 0.395325
v -0.500000 -1.007104 0.395325
v -0.500000 -1.153514 0.248915
v -0.358579 -1.212093 0.248915
v -0.255051 -1.108565 0.395325
v -0.500000 -1.153514 0.248915
v -0.100000 -1.353514 0.595325
v -0.217157 -1.070671 0.595325
v -0.255051 -1.108565 0.395325
v -0.153590 -1.353514 0.395325
v -0.100000 -1.353514 0.595325
v -0.255051 -1.108565 0.395325
v -0.153590 -1.353514 0.395325
v -0.255051 -1.108565 0.395325
v -0.358579 -1.212093 0.248915
v -0.300000 -1.353514 0.248915
v -0.153590 -1.353514 0.395325
v -0.358579 -1.212093 0.248915
v -0.217157 -1.636357 0.595325
v -0.100000 -1.353514 0.595325
v -0.153590 -1.353514 0.395325
v -0.255051 -1.598463 0.395325
v -0.217157 -1.636357 0.595325
v -0.153590 -1.353514 0.395325
v -0.255051 -1.598463 0.395325
v -0.153590 -1.353514 0.395325
v -0.300000 -1.353514 0.248915
v -0.358579 -1.494935 0.248915
v -0.255051 -1.598463 0.395325
v -0.300000 -1.353514 0.248915
v -0.500000 -1.699924 0.395325
v -0.255051 -1.598463 0.395325
v -0.358579 -1.494935 0.248915
v -0.500000 -1.553514 0.248915
v -0.500000 -1.699924 0.395325
v -0.358579 -1.494935 0.248915
v -0.500000 -1.753514 0.595325
v -0.217157 -1.636357 0.595325
v -0.255051 -1.598463 0.395325
v -0.500000 -1.699924 0.395325
v -0.500000 -1.753514 0.595325
v -0.255051 -1.598463 0.395325
v -0.358579 -1.494935 0.248915
v -0.300000 -1.353514 0.248915
v -0.358579 -1.212093 0.248915
v -0.500000 -1.153514 0.248915
v -0.641421 -1.212093 0.248915
v -0.700000 -1.353514 0.248915
v -0.641421 -1.494935 0.248915
v -0.500000 -1.553514 0.248915
v -0.217157 -1.070671 0.595325
v -0.500000 -0.853514 0.595325
v -0.500000 -0.953514 0.595325
v -0.146447 -0.999961 0.595325
v -0.500000 -0.853514 0.595325
v -0.217157 -1.070671 0.595325
v -0.500000 -0.953514 0.595325
v -0.853553 -0.999961 0.595325
v -0.782843 -1.070671 0.595325
v -0.500000 -0.853514 0.595325
v -0.853553 -0.999961 0.595325
v -0.500000 -0.953514 0.595325
v -0.100000 -1.353514 0.595325
v -0.146447 -0.999961 0.595325
v -0.217157 -1.070671 0.595325
v -0.000000 -1.353514 0.595325
v -0.146447 -0.999961 0.595325
v -0.100000 -1.353514 0.595325
v -0.782843 -1.070671 0.595325
v -1.000000 -1.353514 0.595325
v -0.900000 -1.353514 0.595325
v -0.853553 -0.999961 0.595325
v -1.000000 -1.353514 0.595325
v -0.782843 -1.070671 0.595325
v -0.900000 -1.353514 0.595325
v -0.853553 -1.707067 0.595325
v -0.782843 -1.636357 0.595325
v -1.000000 -1.353514 0.595325
v -0.853553 -1.707067 0.595325
v -0.900000 -1.353514 0.595325
v -0.782843 -1.636357 0.595325
v -0.500000 -1.853514 0.595325
v -0.500000 -1.753514 0.595325
v -0.853553 -1.707067 0.595325
v -0.500000 -1.853514 0.595325
v -0.782843 -1.636357 0.595325
v -0.500000 -1.753514 0.595325
v -0.146447 -1.707067 0.595325
v -0.217157 -1.636357 0.595325
v -0.500000 -1.853514 0.595325
v -0.146447 -1.707067 0.595325
v -0.500000 -1.753514 0.595325
v -0.217157 -1.636357 0.595325
v -0.000000 -1.353514 0.595325
v -0.100000 -1.353514 0.595325
v -0.146447 -1.707067 0.595325
v -0.000000 -1.353514 0.595325
v -0.217157 -1.636357 0.595325
v -0.500000 -1.103514 0.162313
v -0.500000 -1.603514 0.162313
v -0.676777 -1.530290 0.162313
v -0.500000 -1.103514 0.162313
v -0.676777 -1.530290 0.162313
v -0.750000 -1.353514 0.162313
v -0.500000 -1.103514 0.162313
v -0.750000 -1.353514 0.162313
v -0.676777 -1.176737 0.162313
v -0.250000 -1.353514 0.162313
v -0.500000 -1.103514 0.162313
v -0.323223 -1.176737 0.162313
v -0.500000 -1.103514 0.162313
v -0.250000 -1.353514 0.162313
v -0.323223 -1.530290 0.162313

vt 0.349304 -0.572028
vt 0.419990 -0.572028
vt 0.349303 1.521384
vt 0.419990 -0.572028
vt 0.419990 1.521384
vt 0.349303 1.521384
vt 0.419990 -0.572028
vt 0.490676 -0.572028
vt 0.419990 1.521384
vt 0.490676 -0.572028
vt 0.490677 1.521384
vt 0.419990 1.521384
vt 0.490676 -0.572028
vt 0.561358 -0.572028
vt 0.490677 1.521384
vt 0.561358 -0.572028
vt 0.561363 1.521384
vt 0.490677 1.521384
vt 0.561358 -0.572028
vt 0.632044 -0.572028
vt 0.561363 1.521384
vt 0.632044 -0.572028
vt 0.632050 1.521384
vt 0.561363 1.521384
vt 0.066563 -0.572028
vt 0.137250 -0.572028
vt 0.066557 1.521384
vt 0.137250 -0.572028
vt 0.137243 1.521384
vt 0.066557 1.521384
vt 0.137250 -0.572028
vt 0.207932 -0.572027
vt 0.137243 1.521384
vt 0.207932 -0.572027
vt 0.207930 1.521384
vt 0.137243 1.521384
vt 0.207932 -0.572027
vt 0.278618 -0.572028
vt 0.207930 1.521384
vt 0.278618 -0.572028
vt 0.278617 1.521384
vt 0.207930 1.521384
vt 0.278618 -0.572028
vt 0.349304 -0.572028
vt 0.278617 1.521384
vt 0.349304 -0.572028
vt 0.349303 1.521384
vt 0.278617 1.521384
vt 0.891541 0.000206
vt 0.891541 0.082112
vt 0.855869 0.000206
vt 0.891541 0.082112
vt 0.855869 0.082112
vt 0.855869 0.000206
vt 0.855869 0.845339
vt 0.891541 0.845339
vt 0.855869 0.902673
vt 0.891541 0.845339
vt 0.891541 0.902673
vt 0.855869 0.902673
vt 0.855869 0.730671
vt 0.891541 0.730671
vt 0.855869 0.788005
vt 0.891541 0.730671
vt 0.891541 0.788005
vt 0.855869 0.788005
vt 0.928038 0.607154
vt 0.928038 0.525249
vt 0.963709 0.607154
vt 0.928038 0.525249
vt 0.963709 0.525249
vt 0.963709 0.607154
vt 0.928038 0.770966
vt 0.928038 0.689060
vt 0.963709 0.770966
vt 0.928038 0.689060
vt 0.963709 0.689060
vt 0.963709 0.770966
vt 0.928038 0.934778
vt 0.928038 0.852872
vt 0.963710 0.934778
vt 0.928038 0.852872
vt 0.963709 0.852872
vt 0.963710 0.934778
vt 0.855869 0.608479
vt 0.891541 0.608479
vt 0.855869 0.673337
vt 0.891541 0.608479
vt 0.891541 0.673337
vt 0.855869 0.673337
vt 0.891541 0.164018
vt 0.891541 0.245924
vt 0.855869 0.164018
vt 0.891541 0.245924
vt 0.855869 0.245924
vt 0.855869 0.164018
vt 0.928038 0.689060
vt 0.928038 0.607154
vt 0.963709 0.689060
vt 0.928038 0.607154
vt 0.963709 0.607154
vt 0.963709 0.689060
vt 0.928038 0.852872
vt 0.928038 0.770966
vt 0.963709 0.852872
vt 0.928038 0.770966
vt 0.963709 0.770966
vt 0.963709 0.852872
vt 0.855869 0.673337
vt 0.891541 0.673337
vt 0.855869 0.730671
vt 0.891541 0.673337
vt 0.891541 0.730671
vt 0.855869 0.730671
vt 0.855869 0.788005
vt 0.891541 0.788005
vt 0.855869 0.845339
vt 0.891541 0.788005
vt 0.891541 0.845339
vt 0.855869 0.845339
vt 0.250696 0.026166
vt 0.271749 0.050403
vt 0.214122 0.099452
vt 0.271749 0.050403
vt 0.246147 0.101704
vt 0.214122 0.099452
vt 0.855457 0.099452
vt 0.823431 0.101704
vt 0.818883 0.026166
vt 0.823431 0.101704
vt 0.797829 0.050403
vt 0.818883 0.026166
vt 0.855869 0.934777
vt 0.855869 0.902673
vt 0.891541 0.934777
vt 0.855869 0.902673
vt 0.891541 0.902673
vt 0.891541 0.934777
vt 0.328379 0.000206
vt 0.326127 0.032232
vt 0.250696 0.026166
vt 0.326127 0.032232
vt 0.271749 0.050403
vt 0.250696 0.026166
vt 0.818883 0.026166
vt 0.797829 0.050403
vt 0.741200 0.000206
vt 0.797829 0.050403
vt 0.743451 0.032232
vt 0.741200 0.000206
vt 0.401665 0.036780
vt 0.377428 0.057833
vt 0.328379 0.000206
vt 0.377428 0.057833
vt 0.326127 0.032232
vt 0.328379 0.000206
vt 0.891541 0.327830
vt 0.891541 0.409736
vt 0.855869 0.327830
vt 0.891541 0.409736
vt 0.855869 0.409736
vt 0.855869 0.327830
vt 0.741200 0.000206
vt 0.743451 0.032232
vt 0.667913 0.036780
vt 0.743451 0.032232
vt 0.692151 0.057833
vt 0.667913 0.036780
vt 0.427625 0.114463
vt 0.395600 0.112212
vt 0.401665 0.036780
vt 0.395600 0.112212
vt 0.377428 0.057833
vt 0.401665 0.036780
vt 0.667913 0.036780
vt 0.692151 0.057833
vt 0.641953 0.114463
vt 0.692151 0.057833
vt 0.673979 0.112212
vt 0.641953 0.114463
vt 0.391051 0.187750
vt 0.365602 0.169716
vt 0.427625 0.114463
vt 0.365602 0.169716
vt 0.395600 0.112212
vt 0.427625 0.114463
vt 0.641953 0.114463
vt 0.673979 0.112212
vt 0.678527 0.187750
vt 0.673979 0.112212
vt 0.703977 0.169716
vt 0.678527 0.187750
vt 0.963709 0.204313
vt 0.928038 0.204313
vt 0.963709 0.146979
vt 0.928038 0.204313
vt 0.928038 0.146979
vt 0.963709 0.146979
vt 0.963709 0.089645
vt 0.928038 0.089645
vt 0.963710 0.032311
vt 0.928038 0.089645
vt 0.928038 0.032311
vt 0.963710 0.032311
vt 0.963709 0.326506
vt 0.928038 0.326506
vt 0.963709 0.261647
vt 0.928038 0.326506
vt 0.928038 0.261647
vt 0.963709 0.261647
vt 0.891541 0.245924
vt 0.891541 0.327830
vt 0.855869 0.245924
vt 0.891541 0.327830
vt 0.855869 0.327830
vt 0.855869 0.245924
vt 0.891541 0.082112
vt 0.891541 0.164018
vt 0.855869 0.082112
vt 0.891541 0.164018
vt 0.855869 0.164018
vt 0.855869 0.082112
vt 0.963709 0.261647
vt 0.928038 0.261647
vt 0.963709 0.204313
vt 0.928038 0.261647
vt 0.928038 0.204313
vt 0.963709 0.204313
vt 0.963709 0.146979
vt 0.928038 0.146979
vt 0.963709 0.089645
vt 0.928038 0.146979
vt 0.928038 0.089645
vt 0.963709 0.089645
vt 0.391051 0.493459
vt 0.369998 0.469221
vt 0.427625 0.420172
vt 0.369998 0.469221
vt 0.395600 0.417920
vt 0.427625 0.420172
vt 0.641954 0.420172
vt 0.673979 0.417920
vt 0.678527 0.493458
vt 0.673979 0.417920
vt 0.699581 0.469221
vt 0.678527 0.493458
vt 0.963710 0.000206
vt 0.963710 0.032311
vt 0.928038 0.000206
vt 0.963710 0.032311
vt 0.928038 0.032311
vt 0.928038 0.000206
vt 0.313368 0.519418
vt 0.315620 0.487393
vt 0.391051 0.493459
vt 0.315620 0.487393
vt 0.369998 0.469221
vt 0.391051 0.493459
vt 0.678527 0.493458
vt 0.699581 0.469221
vt 0.756210 0.519418
vt 0.699581 0.469221
vt 0.753959 0.487393
vt 0.756210 0.519418
vt 0.240082 0.482844
vt 0.264319 0.461791
vt 0.313368 0.519418
vt 0.264319 0.461791
vt 0.315620 0.487393
vt 0.313368 0.519418
vt 0.756210 0.519418
vt 0.753959 0.487393
vt 0.829497 0.482844
vt 0.753959 0.487393
vt 0.805259 0.461791
vt 0.829497 0.482844
vt 0.214122 0.405161
vt 0.246147 0.407413
vt 0.240082 0.482844
vt 0.246147 0.407413
vt 0.264319 0.461791
vt 0.240082 0.482844
vt 0.829497 0.482844
vt 0.805259 0.461791
vt 0.855456 0.405161
vt 0.805259 0.461791
vt 0.823431 0.407413
vt 0.855456 0.405161
vt 0.250696 0.331875
vt 0.276145 0.349908
vt 0.214122 0.405161
vt 0.276145 0.349908
vt 0.246147 0.407413
vt 0.214122 0.405161
vt 0.855456 0.405161
vt 0.823431 0.407413
vt 0.818883 0.331875
vt 0.823431 0.407413
vt 0.793433 0.349908
vt 0.818883 0.331875
vt 0.928038 0.525249
vt 0.928038 0.326506
vt 0.963709 0.525249
vt 0.928038 0.326506
vt 0.963709 0.326506
vt 0.963709 0.525249
vt 0.703977 0.169716
vt 0.818883 0.331875
vt 0.678527 0.187750
vt 0.818883 0.331875
vt 0.793433 0.349908
vt 0.678527 0.187750
vt 0.855869 0.608479
vt 0.855869 0.409736
vt 0.891541 0.608479
vt 0.855869 0.409736
vt 0.891541 0.409736
vt 0.891541 0.608479
vt 0.391051 0.187750
vt 0.276145 0.349908
vt 0.365602 0.169716
vt 0.276145 0.349908
vt 0.250696 0.331875
vt 0.365602 0.169716
vt 0.999794 0.000206
vt 0.999794 0.082112
vt 0.964122 0.000206
vt 0.999794 0.082112
vt 0.964122 0.082112
vt 0.964122 0.000206
vt 0.964122 0.845339
vt 0.999794 0.845339
vt 0.964122 0.902673
vt 0.999794 0.845339
vt 0.999794 0.902673
vt 0.964122 0.902673
vt 0.964122 0.730671
vt 0.999794 0.730671
vt 0.964122 0.788005
vt 0.999794 0.730671
vt 0.999794 0.788005
vt 0.964122 0.788005
vt 0.891953 0.607154
vt 0.891953 0.525248
vt 0.927625 0.607154
vt 0.891953 0.525248
vt 0.927625 0.525248
vt 0.927625 0.607154
vt 0.891953 0.770966
vt 0.891953 0.689060
vt 0.927625 0.770966
vt 0.891953 0.689060
vt 0.927625 0.689060
vt 0.927625 0.770966
vt 0.891953 0.934778
vt 0.891954 0.852872
vt 0.927625 0.934778
vt 0.891954 0.852872
vt 0.927625 0.852872
vt 0.927625 0.934778
vt 0.964122 0.608479
vt 0.999794 0.608479
vt 0.964122 0.673337
vt 0.999794 0.608479
vt 0.999794 0.673337
vt 0.964122 0.673337
vt 0.999794 0.164018
vt 0.999794 0.245924
vt 0.964122 0.164018
vt 0.999794 0.245924
vt 0.964122 0.245924
vt 0.964122 0.164018
vt 0.891953 0.689060
vt 0.891953 0.607154
vt 0.927625 0.689060
vt 0.891953 0.607154
vt 0.927625 0.607154
vt 0.927625 0.689060
vt 0.891954 0.852872
vt 0.891953 0.770966
vt 0.927625 0.852872
vt 0.891953 0.770966
vt 0.927625 0.770966
vt 0.927625 0.852872
vt 0.964122 0.673337
vt 0.999794 0.673337
vt 0.964122 0.730671
vt 0.999794 0.673337
vt 0.999794 0.730671
vt 0.964122 0.730671
vt 0.964122 0.788005
vt 0.999794 0.788005
vt 0.964122 0.845339
vt 0.999794 0.788005
vt 0.999794 0.845339
vt 0.964122 0.845339
vt 0.036780 0.026166
vt 0.057833 0.050403
vt 0.000206 0.099452
vt 0.057833 0.050403
vt 0.032232 0.101704
vt 0.000206 0.099452
vt 0.641541 0.099452
vt 0.609515 0.101704
vt 0.604967 0.026166
vt 0.609515 0.101704
vt 0.583914 0.050403
vt 0.604967 0.026166
vt 0.964122 0.934778
vt 0.964122 0.902673
vt 0.999794 0.934777
vt 0.964122 0.902673
vt 0.999794 0.902673
vt 0.999794 0.934777
vt 0.114463 0.000206
vt 0.112211 0.032232
vt 0.036780 0.026166
vt 0.112211 0.032232
vt 0.057833 0.050403
vt 0.036780 0.026166
vt 0.604967 0.026166
vt 0.583914 0.050403
vt 0.527284 0.000206
vt 0.583914 0.050403
vt 0.529536 0.032232
vt 0.527284 0.000206
vt 0.187750 0.036780
vt 0.163512 0.057833
vt 0.114463 0.000206
vt 0.163512 0.057833
vt 0.112211 0.032232
vt 0.114463 0.000206
vt 0.999794 0.327830
vt 0.999794 0.409736
vt 0.964122 0.327830
vt 0.999794 0.409736
vt 0.964122 0.409736
vt 0.964122 0.327830
vt 0.527284 0.000206
vt 0.529536 0.032232
vt 0.453997 0.036780
vt 0.529536 0.032232
vt 0.478235 0.057833
vt 0.453997 0.036780
vt 0.213709 0.114463
vt 0.181684 0.112212
vt 0.187750 0.036780
vt 0.181684 0.112212
vt 0.163512 0.057833
vt 0.187750 0.036780
vt 0.453997 0.036780
vt 0.478235 0.057833
vt 0.428038 0.114463
vt 0.478235 0.057833
vt 0.460063 0.112212
vt 0.428038 0.114463
vt 0.177136 0.187750
vt 0.151686 0.169716
vt 0.213709 0.114463
vt 0.151686 0.169716
vt 0.181684 0.112212
vt 0.213709 0.114463
vt 0.428038 0.114463
vt 0.460063 0.112212
vt 0.464611 0.187750
vt 0.460063 0.112212
vt 0.490061 0.169716
vt 0.464611 0.187750
vt 0.927625 0.204313
vt 0.891954 0.204313
vt 0.927625 0.146979
vt 0.891954 0.204313
vt 0.891954 0.146979
vt 0.927625 0.146979
vt 0.927625 0.089645
vt 0.891954 0.089645
vt 0.927625 0.032311
vt 0.891954 0.089645
vt 0.891954 0.032311
vt 0.927625 0.032311
vt 0.927625 0.326505
vt 0.891953 0.326505
vt 0.927625 0.261647
vt 0.891953 0.326505
vt 0.891954 0.261647
vt 0.927625 0.261647
vt 0.999794 0.245924
vt 0.999794 0.327830
vt 0.964122 0.245924
vt 0.999794 0.327830
vt 0.964122 0.327830
vt 0.964122 0.245924
vt 0.999794 0.082112
vt 0.999794 0.164018
vt 0.964122 0.082112
vt 0.999794 0.164018
vt 0.964122 0.164018
vt 0.964122 0.082112
vt 0.927625 0.261647
vt 0.891954 0.261647
vt 0.927625 0.204313
vt 0.891954 0.261647
vt 0.891954 0.204313
vt 0.927625 0.204313
vt 0.927625 0.146979
vt 0.891954 0.146979
vt 0.927625 0.089645
vt 0.891954 0.146979
vt 0.891954 0.089645
vt 0.927625 0.089645
vt 0.177136 0.493459
vt 0.156082 0.469221
vt 0.213709 0.420172
vt 0.156082 0.469221
vt 0.181684 0.417920
vt 0.213709 0.420172
vt 0.428038 0.420172
vt 0.460063 0.417920
vt 0.464612 0.493458
vt 0.460063 0.417920
vt 0.485665 0.469221
vt 0.464612 0.493458
vt 0.927625 0.000206
vt 0.927625 0.032311
vt 0.891954 0.000206
vt 0.927625 0.032311
vt 0.891954 0.032311
vt 0.891954 0.000206
vt 0.099452 0.519418
vt 0.101704 0.487393
vt 0.177136 0.493459
vt 0.101704 0.487393
vt 0.156082 0.469221
vt 0.177136 0.493459
vt 0.464612 0.493458
vt 0.485665 0.469221
vt 0.542295 0.519418
vt 0.485665 0.469221
vt 0.540043 0.487393
vt 0.542295 0.519418
vt 0.026166 0.482844
vt 0.050403 0.461791
vt 0.099452 0.519418
vt 0.050403 0.461791
vt 0.101704 0.487393
vt 0.099452 0.519418
vt 0.542295 0.519418
vt 0.540043 0.487393
vt 0.615581 0.482844
vt 0.540043 0.487393
vt 0.591343 0.461791
vt 0.615581 0.482844
vt 0.000206 0.405161
vt 0.032232 0.407413
vt 0.026166 0.482844
vt 0.032232 0.407413
vt 0.050403 0.461791
vt 0.026166 0.482844
vt 0.615581 0.482844
vt 0.591343 0.461791
vt 0.641541 0.405161
vt 0.591343 0.461791
vt 0.609515 0.407413
vt 0.641541 0.405161
vt 0.036780 0.331875
vt 0.062230 0.349908
vt 0.000206 0.405161
vt 0.062230 0.349908
vt 0.032232 0.407413
vt 0.000206 0.405161
vt 0.641541 0.405161
vt 0.609515 0.407413
vt 0.604967 0.331875
vt 0.609515 0.407413
vt 0.579517 0.349908
vt 0.604967 0.331875
vt 0.891953 0.525248
vt 0.891953 0.326505
vt 0.927625 0.525248
vt 0.891953 0.326505
vt 0.927625 0.326505
vt 0.927625 0.525248
vt 0.490061 0.169716
vt 0.604967 0.331875
vt 0.464611 0.187750
vt 0.604967 0.331875
vt 0.579517 0.349908
vt 0.464611 0.187750
vt 0.964122 0.608479
vt 0.964122 0.409736
vt 0.999794 0.608479
vt 0.964122 0.409736
vt 0.999794 0.409736
vt 0.999794 0.608479
vt 0.177136 0.187750
vt 0.062230 0.349908
vt 0.151686 0.169716
vt 0.062230 0.349908
vt 0.036780 0.331875
vt 0.151686 0.169716
vt 0.222286 0.194190
vt 0.222286 0.000191
vt 0.333143 0.194190
vt 0.222286 0.000191
vt 0.333143 0.000191
vt 0.333143 0.194190
vt 0.138762 0.333143
vt 0.332761 0.333143
vt 0.138762 0.443999
vt 0.332761 0.333143
vt 0.332761 0.443999
vt 0.138762 0.443999
vt 0.749618 0.729051
vt 0.832761 0.729050
vt 0.749619 0.839907
vt 0.832761 0.729050
vt 0.832761 0.839907
vt 0.749619 0.839907
vt 0.000191 0.138762
vt 0.027905 0.027905
vt 0.111048 0.138762
vt 0.027905 0.027905
vt 0.111048 0.000191
vt 0.111048 0.138762
vt 0.832761 0.420783
vt 0.749618 0.420783
vt 0.832761 0.333143
vt 0.749618 0.420783
vt 0.749618 0.333143
vt 0.832761 0.333143
vt 0.916285 0.637999
vt 0.916285 0.752267
vt 0.833143 0.637999
vt 0.916285 0.752267
vt 0.833143 0.752267
vt 0.833143 0.637999
vt 0.749618 0.535051
vt 0.749618 0.420783
vt 0.832761 0.535051
vt 0.749618 0.420783
vt 0.832761 0.420783
vt 0.832761 0.535051
vt 0.749618 0.729051
vt 0.749618 0.535051
vt 0.832761 0.729050
vt 0.749618 0.535051
vt 0.832761 0.535051
vt 0.832761 0.729050
vt 0.916285 0.443999
vt 0.916285 0.637999
vt 0.833143 0.443999
vt 0.916285 0.637999
vt 0.833143 0.637999
vt 0.833143 0.443999
vt 0.000191 0.332761
vt 0.000191 0.138762
vt 0.111048 0.332761
vt 0.000191 0.138762
vt 0.111048 0.138762
vt 0.111048 0.332761
vt 0.027905 0.360857
vt 0.138762 0.333143
vt 0.000191 0.443999
vt 0.138762 0.333143
vt 0.138762 0.443999
vt 0.000191 0.443999
vt 0.000191 0.443999
vt 0.138762 0.443999
vt 0.027905 0.527142
vt 0.138762 0.443999
vt 0.138762 0.554856
vt 0.027905 0.527142
vt 0.111048 0.332761
vt 0.111048 0.138762
vt 0.221904 0.332761
vt 0.111048 0.138762
vt 0.221904 0.138762
vt 0.221904 0.332761
vt 0.916285 0.839907
vt 0.833143 0.839907
vt 0.916285 0.752267
vt 0.833143 0.839907
vt 0.833143 0.752267
vt 0.916285 0.752267
vt 0.111048 0.138762
vt 0.111048 0.000191
vt 0.221904 0.138762
vt 0.111048 0.000191
vt 0.194190 0.027905
vt 0.221904 0.138762
vt 0.833143 0.333143
vt 0.916285 0.333143
vt 0.833143 0.443999
vt 0.916285 0.333143
vt 0.916285 0.443999
vt 0.833143 0.443999
vt 0.138762 0.443999
vt 0.332761 0.443999
vt 0.138762 0.554856
vt 0.332761 0.443999
vt 0.332761 0.554856
vt 0.138762 0.554856
vt 0.916667 0.729051
vt 0.999809 0.729051
vt 0.916667 0.839907
vt 0.999809 0.729051
vt 0.999809 0.839907
vt 0.916667 0.839907
vt 0.471714 0.554856
vt 0.360857 0.527142
vt 0.471713 0.443999
vt 0.360857 0.527142
vt 0.333143 0.443999
vt 0.471713 0.443999
vt 0.999809 0.420783
vt 0.916667 0.420783
vt 0.999809 0.333143
vt 0.916667 0.420783
vt 0.916667 0.333143
vt 0.999809 0.333143
vt 0.749237 0.637999
vt 0.749237 0.752267
vt 0.666094 0.637999
vt 0.749237 0.752267
vt 0.666094 0.752267
vt 0.666094 0.637999
vt 0.916667 0.535051
vt 0.916667 0.420783
vt 0.999809 0.535051
vt 0.916667 0.420783
vt 0.999809 0.420783
vt 0.999809 0.535051
vt 0.916667 0.729051
vt 0.916667 0.535051
vt 0.999809 0.729051
vt 0.916667 0.535051
vt 0.999809 0.535051
vt 0.999809 0.729051
vt 0.749237 0.443999
vt 0.749237 0.637999
vt 0.666094 0.443999
vt 0.749237 0.637999
vt 0.666094 0.637999
vt 0.666094 0.443999
vt 0.665713 0.554856
vt 0.471714 0.554856
vt 0.665713 0.443999
vt 0.471714 0.554856
vt 0.471713 0.443999
vt 0.665713 0.443999
vt 0.250000 0.305047
vt 0.222286 0.194190
vt 0.333143 0.332761
vt 0.222286 0.194190
vt 0.333143 0.194190
vt 0.333143 0.332761
vt 0.333143 0.332761
vt 0.333143 0.194190
vt 0.416285 0.305047
vt 0.333143 0.194190
vt 0.443999 0.194190
vt 0.416285 0.305047
vt 0.665713 0.443999
vt 0.471713 0.443999
vt 0.665713 0.333143
vt 0.471713 0.443999
vt 0.471713 0.333143
vt 0.665713 0.333143
vt 0.749237 0.839907
vt 0.666094 0.839907
vt 0.749237 0.752267
vt 0.666094 0.839907
vt 0.666094 0.752267
vt 0.749237 0.752267
vt 0.471713 0.443999
vt 0.333143 0.443999
vt 0.471713 0.333143
vt 0.333143 0.443999
vt 0.360857 0.360857
vt 0.471713 0.333143
vt 0.666094 0.333143
vt 0.749237 0.333143
vt 0.666094 0.443999
vt 0.749237 0.333143
vt 0.749237 0.443999
vt 0.666094 0.443999
vt 0.333143 0.194190
vt 0.333143 0.000191
vt 0.443999 0.194190
vt 0.333143 0.000191
vt 0.443999 0.000191
vt 0.443999 0.194190
vt 0.380429 0.379484
vt 0.380429 0.348699
vt 0.431738 0.379484
vt 0.380429 0.348699
vt 0.431738 0.348699
vt 0.431738 0.379484
vt 0.111940 0.426288
vt 0.111940 0.574698
vt 0.000363 0.457651
vt 0.111940 0.574698
vt 0.000363 0.543335
vt 0.000363 0.457651
vt 0.227271 0.414809
vt 0.227271 0.586177
vt 0.111940 0.426288
vt 0.227271 0.586177
vt 0.111940 0.574698
vt 0.111940 0.426288
vt 0.682539 0.586902
vt 0.682539 0.758271
vt 0.567207 0.598382
vt 0.682539 0.758271
vt 0.567207 0.746791
vt 0.567207 0.598382
vt 0.567207 0.598382
vt 0.567207 0.746791
vt 0.455630 0.629745
vt 0.567207 0.746791
vt 0.455630 0.715429
vt 0.455630 0.629745
vt 0.682539 0.414809
vt 0.682539 0.586177
vt 0.567207 0.426288
vt 0.682539 0.586177
vt 0.567207 0.574698
vt 0.567207 0.426288
vt 0.567207 0.426288
vt 0.567207 0.574698
vt 0.455630 0.457651
vt 0.567207 0.574698
vt 0.455630 0.543335
vt 0.455630 0.457651
vt 0.622394 0.171731
vt 0.622394 0.000363
vt 0.737725 0.160252
vt 0.622394 0.000363
vt 0.737725 0.011842
vt 0.737725 0.160252
vt 0.737725 0.160252
vt 0.737725 0.011842
vt 0.849303 0.128889
vt 0.737725 0.011842
vt 0.849303 0.043205
vt 0.849303 0.128889
vt 0.454905 0.586902
vt 0.454905 0.758271
vt 0.339574 0.598382
vt 0.454905 0.758271
vt 0.339574 0.746792
vt 0.339574 0.598382
vt 0.339574 0.598382
vt 0.339574 0.746792
vt 0.227996 0.629745
vt 0.339574 0.746792
vt 0.227996 0.715429
vt 0.227996 0.629745
vt 0.000363 0.758271
vt 0.000363 0.586902
vt 0.115694 0.746792
vt 0.000363 0.586902
vt 0.115694 0.598382
vt 0.115694 0.746792
vt 0.115694 0.746792
vt 0.115694 0.598382
vt 0.227271 0.715429
vt 0.115694 0.598382
vt 0.227271 0.629744
vt 0.227271 0.715429
vt 0.641717 0.207948
vt 0.641717 0.379317
vt 0.526386 0.219428
vt 0.641717 0.379317
vt 0.526386 0.367837
vt 0.526386 0.219428
vt 0.526386 0.219428
vt 0.526386 0.367837
vt 0.414809 0.250790
vt 0.526386 0.367837
vt 0.414808 0.336475
vt 0.414809 0.250790
vt 0.339574 0.426288
vt 0.339574 0.574698
vt 0.227996 0.457651
vt 0.339574 0.574698
vt 0.227996 0.543335
vt 0.227996 0.457651
vt 0.454905 0.414809
vt 0.454905 0.586177
vt 0.339574 0.426288
vt 0.454905 0.586177
vt 0.339574 0.574698
vt 0.339574 0.426288
vt 0.414808 0.146635
vt 0.621669 0.060951
vt 0.475396 0.207223
vt 0.864791 0.896816
vt 0.775529 0.990454
vt 0.775529 0.871726
vt 0.864791 0.896816
vt 0.864791 0.965364
vt 0.775529 0.990454
vt 0.775529 0.871726
vt 0.683264 0.999637
vt 0.683264 0.862543
vt 0.775529 0.871726
vt 0.775529 0.990454
vt 0.683264 0.999637
vt 0.271876 0.886908
vt 0.364142 0.758996
vt 0.364142 0.896091
vt 0.271876 0.886908
vt 0.271876 0.768180
vt 0.364142 0.758996
vt 0.182615 0.861817
vt 0.271876 0.768180
vt 0.271876 0.886908
vt 0.182615 0.861817
vt 0.182615 0.793270
vt 0.271876 0.768180
vt 0.772526 0.714814
vt 0.864791 0.586902
vt 0.864791 0.723997
vt 0.772526 0.714814
vt 0.772526 0.596086
vt 0.864791 0.586902
vt 0.683264 0.689724
vt 0.772526 0.596086
vt 0.772526 0.714814
vt 0.683264 0.689724
vt 0.683264 0.621176
vt 0.772526 0.596086
vt 0.772526 0.542720
vt 0.864791 0.414809
vt 0.864791 0.551904
vt 0.772526 0.542720
vt 0.772526 0.423992
vt 0.864791 0.414809
vt 0.683264 0.517630
vt 0.772526 0.423992
vt 0.772526 0.542720
vt 0.683264 0.517630
vt 0.683264 0.449082
vt 0.772526 0.423992
vt 0.772526 0.852634
vt 0.864791 0.724723
vt 0.864791 0.861817
vt 0.772526 0.852634
vt 0.772526 0.733906
vt 0.864791 0.724723
vt 0.683264 0.827544
vt 0.772526 0.733906
vt 0.772526 0.852634
vt 0.683264 0.827544
vt 0.683264 0.758996
vt 0.772526 0.733906
vt 0.092628 0.768180
vt 0.000363 0.896091
vt 0.000363 0.758996
vt 0.092628 0.768180
vt 0.092628 0.886908
vt 0.000363 0.896091
vt 0.181889 0.793270
vt 0.092628 0.886908
vt 0.092628 0.768180
vt 0.181889 0.793270
vt 0.181889 0.861818
vt 0.092628 0.886908
vt 0.897917 0.335859
vt 0.990183 0.207948
vt 0.990183 0.345043
vt 0.897917 0.335859
vt 0.897917 0.217132
vt 0.990183 0.207948
vt 0.808656 0.310769
vt 0.897917 0.217132
vt 0.897917 0.335859
vt 0.808656 0.310769
vt 0.808656 0.242222
vt 0.897917 0.217132
vt 0.364867 0.861817
vt 0.454129 0.768180
vt 0.454129 0.886908
vt 0.364867 0.861817
vt 0.364867 0.793270
vt 0.454129 0.768180
vt 0.454129 0.886908
vt 0.546394 0.758996
vt 0.546394 0.896091
vt 0.454129 0.886908
vt 0.454129 0.768180
vt 0.546394 0.758996
vt 0.690913 0.373436
vt 0.807930 0.324966
vt 0.759460 0.373436
vt 0.138675 0.372711
vt 0.275770 0.372711
vt 0.121539 0.414083
vt 0.275770 0.372711
vt 0.292907 0.414083
vt 0.121539 0.414083
vt 0.041735 0.275771
vt 0.138675 0.372711
vt 0.000363 0.292908
vt 0.138675 0.372711
vt 0.121539 0.414083
vt 0.000363 0.292908
vt 0.275770 0.372711
vt 0.372711 0.275770
vt 0.292907 0.414083
vt 0.372711 0.275770
vt 0.414083 0.292907
vt 0.292907 0.414083
vt 0.041735 0.138676
vt 0.041735 0.275771
vt 0.000363 0.121539
vt 0.041735 0.275771
vt 0.000363 0.292908
vt 0.000363 0.121539
vt 0.138675 0.041735
vt 0.041735 0.138676
vt 0.121539 0.000363
vt 0.041735 0.138676
vt 0.000363 0.121539
vt 0.121539 0.000363
vt 0.275770 0.041735
vt 0.138675 0.041735
vt 0.292907 0.000363
vt 0.138675 0.041735
vt 0.121539 0.000363
vt 0.292907 0.000363
vt 0.372711 0.138675
vt 0.275770 0.041735
vt 0.414083 0.121539
vt 0.275770 0.041735
vt 0.292907 0.000363
vt 0.414083 0.121539
vt 0.372711 0.275770
vt 0.372711 0.138675
vt 0.414083 0.292907
vt 0.372711 0.138675
vt 0.414083 0.121539
vt 0.414083 0.292907
vt 0.414809 0.060950
vt 0.621669 0.060951
vt 0.414808 0.146635
vt 0.475397 0.000363
vt 0.621669 0.060951
vt 0.414809 0.060950
vt 0.561081 0.000363
vt 0.621669 0.060951
vt 0.475397 0.000363
vt 0.621669 0.146635
vt 0.561081 0.207223
vt 0.621669 0.060951
vt 0.475396 0.207223
vt 0.621669 0.060951
vt 0.561081 0.207223
vt 0.694813 0.361038
vt 0.750332 0.943984
vt 0.750332 0.361037
vt 0.694813 0.361038
vt 0.694813 0.943984
vt 0.750332 0.943984
vt 0.416888 0.433922
vt 0.361369 0.552362
vt 0.416888 0.552362
vt 0.416888 0.433922
vt 0.361369 0.433922
vt 0.361369 0.552362
vt 0.694481 0.971209
vt 0.638963 0.388262
vt 0.638963 0.971209
vt 0.694481 0.971209
vt 0.694481 0.388262
vt 0.638963 0.388262
vt 0.416888 0.361369
vt 0.361369 0.433922
vt 0.416888 0.433922
vt 0.416888 0.361369
vt 0.361369 0.361369
vt 0.361369 0.433922
vt 0.638631 0.106577
vt 0.111203 0.064013
vt 0.138963 0.127859
vt 0.638631 0.106577
vt 0.638631 0.000166
vt 0.111203 0.064013
vt 0.694481 0.120189
vt 0.638963 0.000166
vt 0.638963 0.120189
vt 0.694481 0.120189
vt 0.694481 0.000166
vt 0.638963 0.000166
vt 0.694481 0.388262
vt 0.638963 0.268239
vt 0.638963 0.388262
vt 0.694481 0.388262
vt 0.694481 0.268239
vt 0.638963 0.268239
vt 0.694481 0.268239
vt 0.638963 0.120189
vt 0.638963 0.268239
vt 0.694481 0.268239
vt 0.694481 0.120189
vt 0.638963 0.120189
vt 0.694813 0.106577
vt 0.750332 0.000166
vt 0.694813 0.000166
vt 0.694813 0.106577
vt 0.750332 0.106577
vt 0.750332 0.000166
vt 0.000166 0.944315
vt 0.064013 0.888797
vt 0.000166 0.361369
vt 0.416888 0.552362
vt 0.361369 0.624915
vt 0.416888 0.624915
vt 0.416888 0.552362
vt 0.361369 0.552362
vt 0.361369 0.624915
vt 0.472739 0.430990
vt 0.417220 0.361369
vt 0.417220 0.430990
vt 0.472739 0.430990
vt 0.472739 0.361369
vt 0.417220 0.361369
vt 0.361038 0.944315
vt 0.361038 0.361369
vt 0.297191 0.888797
vt 0.055685 0.361038
vt 0.066788 0.239822
vt 0.000166 0.254627
vt 0.055685 0.361038
vt 0.111203 0.297191
vt 0.066788 0.239822
vt 0.638631 0.000166
vt 0.055685 0.000166
vt 0.111203 0.064013
vt 0.127859 0.861037
vt 0.000166 0.361369
vt 0.064013 0.888797
vt 0.127859 0.861037
vt 0.106577 0.361369
vt 0.000166 0.361369
vt 0.000166 0.106577
vt 0.111203 0.064013
vt 0.055685 0.000166
vt 0.000166 0.106577
vt 0.066788 0.121382
vt 0.111203 0.064013
vt 0.000166 0.254627
vt 0.066788 0.121382
vt 0.000166 0.106577
vt 0.000166 0.254627
vt 0.066788 0.239822
vt 0.066788 0.121382
vt 0.106577 0.999834
vt 0.064013 0.888797
vt 0.000166 0.944315
vt 0.106577 0.999834
vt 0.121382 0.933212
vt 0.064013 0.888797
vt 0.361038 0.944315
vt 0.239822 0.933212
vt 0.254627 0.999834
vt 0.361038 0.944315
vt 0.297191 0.888797
vt 0.239822 0.933212
vt 0.055685 0.361038
vt 0.638631 0.361038
vt 0.111203 0.297191
vt 0.254627 0.999834
vt 0.121382 0.933212
vt 0.106577 0.999834
vt 0.254627 0.999834
vt 0.239822 0.933212
vt 0.121382 0.933212
vt 0.297191 0.888797
vt 0.254627 0.361369
vt 0.233345 0.861037
vt 0.297191 0.888797
vt 0.361038 0.361369
vt 0.254627 0.361369
vt 0.233345 0.861037
vt 0.106577 0.361369
vt 0.127859 0.861037
vt 0.233345 0.861037
vt 0.254627 0.361369
vt 0.106577 0.361369
vt 0.472739 0.606095
vt 0.417220 0.536475
vt 0.417220 0.606095
vt 0.472739 0.606095
vt 0.472739 0.536475
vt 0.417220 0.536475
vt 0.472739 0.536475
vt 0.417220 0.430990
vt 0.417220 0.536475
vt 0.472739 0.536475
vt 0.472739 0.430990
vt 0.417220 0.430990
vt 0.694813 0.361038
vt 0.750332 0.254627
vt 0.694813 0.254627
vt 0.694813 0.361038
vt 0.750332 0.361037
vt 0.750332 0.254627
vt 0.694813 0.254627
vt 0.750332 0.106577
vt 0.694813 0.106577
vt 0.694813 0.254627
vt 0.750332 0.254627
vt 0.750332 0.106577
vt 0.638631 0.361038
vt 0.138963 0.233345
vt 0.111203 0.297191
vt 0.638631 0.361038
vt 0.638631 0.254627
vt 0.138963 0.233345
vt 0.638631 0.254627
vt 0.138963 0.127859
vt 0.138963 0.233345
vt 0.638631 0.254627
vt 0.638631 0.106577
vt 0.138963 0.127859
vt 0.056408 0.000090
vt 0.098646 0.000090
vt 0.056408 0.267600
vt 0.098646 0.000090
vt 0.098646 0.267600
vt 0.056408 0.267600
vt 0.478971 0.690158
vt 0.496571 0.883466
vt 0.478971 0.957669
vt 0.496571 0.883466
vt 0.496571 0.932749
vt 0.478971 0.957669
vt 0.478792 0.478971
vt 0.478792 0.521209
vt 0.211282 0.478971
vt 0.478792 0.521209
vt 0.211282 0.521209
vt 0.211282 0.478971
vt 0.478971 0.957669
vt 0.496571 0.932749
vt 0.549373 0.957669
vt 0.496571 0.932749
vt 0.531773 0.932749
vt 0.549373 0.957669
vt 0.549373 0.957669
vt 0.549373 0.999910
vt 0.478971 0.957669
vt 0.549373 0.999910
vt 0.478971 0.999910
vt 0.478971 0.957669
vt 0.549552 0.746483
vt 0.619949 0.746481
vt 0.549558 0.965052
vt 0.619949 0.746481
vt 0.619954 0.965050
vt 0.549558 0.965052
vt 0.211282 0.478971
vt 0.211282 0.521209
vt 0.000090 0.478971
vt 0.211282 0.521209
vt 0.000090 0.577527
vt 0.000090 0.478971
vt 0.549367 0.690160
vt 0.478971 0.690158
vt 0.549373 0.478973
vt 0.478971 0.690158
vt 0.478977 0.478971
vt 0.549373 0.478973
vt 0.056408 0.267600
vt 0.098646 0.267600
vt 0.000090 0.478792
vt 0.098646 0.267600
vt 0.098646 0.478792
vt 0.000090 0.478792
vt 0.549367 0.690160
vt 0.531771 0.883465
vt 0.478971 0.690158
vt 0.531771 0.883465
vt 0.496571 0.883466
vt 0.478971 0.690158
vt 0.549373 0.957669
vt 0.531773 0.932749
vt 0.549367 0.690160
vt 0.531773 0.932749
vt 0.531771 0.883465
vt 0.549367 0.690160
vt 0.602354 0.503891
vt 0.567153 0.503891
vt 0.619954 0.478971
vt 0.567153 0.503891
vt 0.549553 0.478971
vt 0.619954 0.478971
vt 0.602352 0.553174
vt 0.602354 0.503891
vt 0.619949 0.746481
vt 0.602354 0.503891
vt 0.619954 0.478971
vt 0.619949 0.746481
vt 0.567153 0.503891
vt 0.567152 0.553173
vt 0.549553 0.478971
vt 0.567152 0.553173
vt 0.549552 0.746483
vt 0.549553 0.478971
vt 0.567152 0.553173
vt 0.602352 0.553174
vt 0.549552 0.746483
vt 0.602352 0.553174
vt 0.619949 0.746481
vt 0.549552 0.746483
vt 0.141063 0.084566
vt 0.141063 0.133845
vt 0.098825 0.084566
vt 0.141063 0.133845
vt 0.098825 0.133845
vt 0.098825 0.084566
vt 0.098825 0.133845
vt 0.141063 0.133845
vt 0.098825 0.169043
vt 0.141063 0.133845
vt 0.141063 0.169043
vt 0.098825 0.169043
vt 0.141063 0.000090
vt 0.141063 0.049368
vt 0.098825 0.000090
vt 0.141063 0.049368
vt 0.098825 0.049368
vt 0.098825 0.000090
vt 0.141063 0.049368
vt 0.141063 0.084566
vt 0.098825 0.049368
vt 0.141063 0.084566
vt 0.098825 0.084566
vt 0.098825 0.049368

vn -0.000000 -0.382682 0.923880
vn -0.000000 -0.382682 0.923880
vn -0.000000 -0.382682 0.923880
vn -0.000000 -0.382687 0.923878
vn -0.000000 -0.382687 0.923878
vn -0.000000 -0.382687 0.923878
vn 0.000000 -0.923879 0.382686
vn 0.000000 -0.923879 0.382686
vn 0.000000 -0.923879 0.382686
vn 0.000000 -0.923879 0.382684
vn 0.000000 -0.923879 0.382684
vn 0.000000 -0.923879 0.382684
vn 0.000000 -0.923879 -0.382685
vn 0.000000 -0.923879 -0.382685
vn 0.000000 -0.923879 -0.382685
vn 0.000000 -0.923879 -0.382684
vn 0.000000 -0.923879 -0.382684
vn 0.000000 -0.923879 -0.382684
vn -0.000000 -0.382684 -0.923879
vn -0.000000 -0.382684 -0.923879
vn -0.000000 -0.382684 -0.923879
vn -0.000000 -0.382684 -0.923879
vn -0.000000 -0.382684 -0.923879
vn -0.000000 -0.382684 -0.923879
vn -0.000000 0.382683 -0.923880
vn -0.000000 0.382683 -0.923880
vn -0.000000 0.382683 -0.923880
vn -0.000000 0.382684 -0.923879
vn -0.000000 0.382684 -0.923879
vn -0.000000 0.382684 -0.923879
vn -0.000000 0.923880 -0.382683
vn -0.000000 0.923880 -0.382683
vn -0.000000 0.923880 -0.382683
vn -0.000000 0.923879 -0.382685
vn -0.000000 0.923879 -0.382685
vn -0.000000 0.923879 -0.382685
vn -0.000000 0.923880 0.382683
vn -0.000000 0.923880 0.382683
vn -0.000000 0.923880 0.382683
vn -0.000000 0.923879 0.382686
vn -0.000000 0.923879 0.382686
vn -0.000000 0.923879 0.382686
vn -0.000000 0.382686 0.923878
vn -0.000000 0.382686 0.923878
vn -0.000000 0.382686 0.923878
vn -0.000000 0.382682 0.923880
vn -0.000000 0.382682 0.923880
vn -0.000000 0.382682 0.923880
vn -0.000000 0.382684 0.923879
vn -0.000000 0.382684 0.923879
vn -0.000000 0.382684 0.923879
vn -0.000000 0.382683 0.923880
vn -0.000000 0.382683 0.923880
vn -0.000000 0.382683 0.923880
vn -0.000000 0.382683 0.923880
vn -0.000000 0.382683 0.923880
vn -0.000000 0.382683 0.923880
vn -0.000000 0.382683 0.923880
vn -0.000000 0.382683 0.923880
vn -0.000000 0.382683 0.923880
vn -0.000000 0.923880 -0.382683
vn -0.000000 0.923880 -0.382683
vn -0.000000 0.923880 -0.382683
vn -0.000000 0.923880 -0.382684
vn -0.000000 0.923880 -0.382684
vn -0.000000 0.923880 -0.382684
vn -0.000000 0.382684 0.923879
vn -0.000000 0.382684 0.923879
vn -0.000000 0.382684 0.923879
vn -0.000000 0.382684 0.923879
vn -0.000000 0.382684 0.923879
vn -0.000000 0.382684 0.923879
vn -0.000000 -0.923879 0.382684
vn -0.000000 -0.923879 0.382684
vn -0.000000 -0.923879 0.382684
vn -0.000000 -0.923880 0.382683
vn -0.000000 -0.923880 0.382683
vn -0.000000 -0.923880 0.382683
vn -0.000000 -0.382683 -0.923880
vn -0.000000 -0.382683 -0.923880
vn -0.000000 -0.382683 -0.923880
vn -0.000000 -0.382683 -0.923880
vn -0.000000 -0.382683 -0.923880
vn -0.000000 -0.382683 -0.923880
vn -0.000000 -0.399192 -0.916867
vn -0.000000 -0.399192 -0.916867
vn -0.000000 -0.399192 -0.916867
vn -0.000000 -0.399193 -0.916867
vn -0.000000 -0.399193 -0.916867
vn -0.000000 -0.399193 -0.916867
vn -0.000000 0.923880 -0.382683
vn -0.000000 0.923880 -0.382683
vn -0.000000 0.923880 -0.382683
vn -0.000000 0.923880 -0.382683
vn -0.000000 0.923880 -0.382683
vn -0.000000 0.923880 -0.382683
vn -0.000000 -0.382683 0.923880
vn -0.000000 -0.382683 0.923880
vn -0.000000 -0.382683 0.923880
vn -0.000000 -0.382684 0.923879
vn -0.000000 -0.382684 0.923879
vn -0.000000 -0.382684 0.923879
vn -0.000000 -0.923879 -0.382684
vn -0.000000 -0.923879 -0.382684
vn -0.000000 -0.923879 -0.382684
vn -0.000000 -0.923880 -0.382683
vn -0.000000 -0.923880 -0.382683
vn -0.000000 -0.923880 -0.382683
vn -0.000000 0.382684 -0.923879
vn -0.000000 0.382684 -0.923879
vn -0.000000 0.382684 -0.923879
vn -0.000000 0.382683 -0.923880
vn -0.000000 0.382683 -0.923880
vn -0.000000 0.382683 -0.923880
vn -0.000000 0.923880 0.382683
vn -0.000000 0.923880 0.382683
vn -0.000000 0.923880 0.382683
vn -0.000000 0.923879 0.382684
vn -0.000000 0.923879 0.382684
vn -0.000000 0.923879 0.382684
vn -1.000000 -0.000000 0.000000
vn -1.000000 -0.000000 0.000000
vn -1.000000 -0.000000 0.000000
vn -1.000000 -0.000001 0.000000
vn -1.000000 -0.000001 0.000000
vn -1.000000 -0.000001 0.000000
vn 1.000000 0.000000 0.000000
vn 1.000000 0.000000 0.000000
vn 1.000000 0.000000 0.000000
vn 1.000000 0.000000 -0.000001
vn 1.000000 0.000000 -0.000001
vn 1.000000 0.000000 -0.000001
vn -0.000000 1.000000 0.000000
vn -0.000000 1.000000 0.000000
vn -0.000000 1.000000 0.000000
vn -0.000000 1.000000 0.000000
vn -0.000000 1.000000 0.000000
vn -0.000000 1.000000 0.000000
vn -1.000000 0.000000 0.000000
vn -1.000000 0.000000 0.000000
vn -1.000000 0.000000 0.000000
vn -1.000000 0.000000 0.000000
vn -1.000000 0.000000 0.000000
vn -1.000000 0.000000 0.000000
vn 1.000000 0.000000 0.000000
vn 1.000000 0.000000 0.000000
vn 1.000000 0.000000 0.000000
vn 1.000000 0.000000 0.000000
vn 1.000000 0.000000 0.000000
vn 1.000000 0.000000 0.000000
vn -1.000000 0.000000 0.000002
vn -1.000000 0.000000 0.000002
vn -1.000000 0.000000 0.000002
vn -1.000000 0.000000 -0.000001
vn -1.000000 0.000000 -0.000001
vn -1.000000 0.000000 -0.000001
vn -0.000000 -0.382683 -0.923880
vn -0.000000 -0.382683 -0.923880
vn -0.000000 -0.382683 -0.923880
vn -0.000000 -0.382685 -0.923879
vn -0.000000 -0.382685 -0.923879
vn -0.000000 -0.382685 -0.923879
vn 1.000000 0.000000 0.000000
vn 1.000000 0.000000 0.000000
vn 1.000000 0.000000 0.000000
vn 1.000000 0.000000 0.000000
vn 1.000000 0.000000 0.000000
vn 1.000000 0.000000 0.000000
vn -1.000000 -0.000001 0.000000
vn -1.000000 -0.000001 0.000000
vn -1.000000 -0.000001 0.000000
vn -1.000000 -0.000001 0.000000
vn -1.000000 -0.000001 0.000000
vn -1.000000 -0.000001 0.000000
vn 1.000000 0.000000 0.000000
vn 1.000000 0.000000 0.000000
vn 1.000000 0.000000 0.000000
vn 1.000000 0.000000 0.000000
vn 1.000000 0.000000 0.000000
vn 1.000000 0.000000 0.000000
vn -1.000000 0.000000 0.000000
vn -1.000000 0.000000 0.000000
vn -1.000000 0.000000 0.000000
vn -1.000000 0.000000 0.000000
vn -1.000000 0.000000 0.000000
vn -1.000000 0.000000 0.000000
vn 1.000000 0.000000 0.000000
vn 1.000000 0.000000 0.000000
vn 1.000000 0.000000 0.000000
vn 1.000000 0.000000 -0.000000
vn 1.000000 0.000000 -0.000000
vn 1.000000 0.000000 -0.000000
vn 0.000000 -0.923880 0.382684
vn 0.000000 -0.923880 0.382684
vn 0.000000 -0.923880 0.382684
vn -0.000000 -0.923880 0.382684
vn -0.000000 -0.923880 0.382684
vn -0.000000 -0.923880 0.382684
vn 0.000000 -0.382683 -0.923880
vn 0.000000 -0.382683 -0.923880
vn 0.000000 -0.382683 -0.923880
vn -0.000000 -0.382682 -0.923880
vn -0.000000 -0.382682 -0.923880
vn -0.000000 -0.382682 -0.923880
vn -0.000000 0.399193 0.916867
vn -0.000000 0.399193 0.916867
vn -0.000000 0.399193 0.916867
vn -0.000000 0.399190 0.916868
vn -0.000000 0.399190 0.916868
vn -0.000000 0.399190 0.916868
vn -0.000000 0.382683 -0.923880
vn -0.000000 0.382683 -0.923880
vn -0.000000 0.382683 -0.923880
vn -0.000000 0.382683 -0.923880
vn -0.000000 0.382683 -0.923880
vn -0.000000 0.382683 -0.923880
vn -0.000000 0.923880 0.382683
vn -0.000000 0.923880 0.382683
vn -0.000000 0.923880 0.382683
vn -0.000000 0.923879 0.382684
vn -0.000000 0.923879 0.382684
vn -0.000000 0.923879 0.382684
vn -0.000000 -0.382683 0.923880
vn -0.000000 -0.382683 0.923880
vn -0.000000 -0.382683 0.923880
vn -0.000001 -0.382683 0.923880
vn -0.000001 -0.382683 0.923880
vn -0.000001 -0.382683 0.923880
vn -0.000000 -0.923879 -0.382685
vn -0.000000 -0.923879 -0.382685
vn -0.000000 -0.923879 -0.382685
vn 0.000001 -0.923880 -0.382683
vn 0.000001 -0.923880 -0.382683
vn 0.000001 -0.923880 -0.382683
vn -1.000000 0.000000 0.000000
vn -1.000000 0.000000 0.000000
vn -1.000000 0.000000 0.000000
vn -1.000000 0.000000 0.000000
vn -1.000000 0.000000 0.000000
vn -1.000000 0.000000 0.000000
vn 1.000000 0.000000 0.000000
vn 1.000000 0.000000 0.000000
vn 1.000000 0.000000 0.000000
vn 1.000000 0.000000 0.000001
vn 1.000000 0.000000 0.000001
vn 1.000000 0.000000 0.000001
vn -0.000000 -1.000000 0.000000
vn -0.000000 -1.000000 0.000000
vn -0.000000 -1.000000 0.000000
vn -0.000000 -1.000000 0.000000
vn -0.000000 -1.000000 0.000000
vn -0.000000 -1.000000 0.000000
vn -1.000000 0.000000 -0.000000
vn -1.000000 0.000000 -0.000000
vn -1.000000 0.000000 -0.000000
vn -1.000000 0.000000 0.000000
vn -1.000000 0.000000 0.000000
vn -1.000000 0.000000 0.000000
vn 1.000000 -0.000000 0.000000
vn 1.000000 -0.000000 0.000000
vn 1.000000 -0.000000 0.000000
vn 1.000000 0.000000 0.000001
vn 1.000000 0.000000 0.000001
vn 1.000000 0.000000 0.000001
vn -1.000000 -0.000000 -0.000002
vn -1.000000 -0.000000 -0.000002
vn -1.000000 -0.000000 -0.000002
vn -1.000000 0.000000 -0.000001
vn -1.000000 0.000000 -0.000001
vn -1.000000 0.000000 -0.000001
vn 1.000000 0.000000 0.000000
vn 1.000000 0.000000 0.000000
vn 1.000000 0.000000 0.000000
vn 1.000000 0.000000 0.000000
vn 1.000000 0.000000 0.000000
vn 1.000000 0.000000 0.000000
vn -1.000000 0.000000 0.000002
vn -1.000000 0.000000 0.000002
vn -1.000000 0.000000 0.000002
vn -1.000000 0.000000 0.000000
vn -1.000000 0.000000 0.000000
vn -1.000000 0.000000 0.000000
vn 1.000000 0.000000 -0.000002
vn 1.000000 0.000000 -0.000002
vn 1.000000 0.000000 -0.000002
vn 1.000000 0.000000 0.000001
vn 1.000000 0.000000 0.000001
vn 1.000000 0.000000 0.000001
vn -1.000000 0.000000 0.000000
vn -1.000000 0.000000 0.000000
vn -1.000000 0.000000 0.000000
vn -1.000000 0.000000 0.000001
vn -1.000000 0.000000 0.000001
vn -1.000000 0.000000 0.000001
vn 1.000000 0.000000 0.000000
vn 1.000000 0.000000 0.000000
vn 1.000000 0.000000 0.000000
vn 1.000000 0.000000 -0.000000
vn 1.000000 0.000000 -0.000000
vn 1.000000 0.000000 -0.000000
vn -0.000000 0.519518 0.854460
vn -0.000000 0.519518 0.854460
vn -0.000000 0.519518 0.854460
vn -0.000000 0.519518 0.854460
vn -0.000000 0.519518 0.854460
vn -0.000000 0.519518 0.854460
vn 1.000000 -0.000000 0.000000
vn 1.000000 -0.000000 0.000000
vn 1.000000 -0.000000 0.000000
vn 1.000000 -0.000000 0.000001
vn 1.000000 -0.000000 0.000001
vn 1.000000 -0.000000 0.000001
vn -0.000000 -0.519518 -0.854460
vn -0.000000 -0.519518 -0.854460
vn -0.000000 -0.519518 -0.854460
vn -0.000000 -0.519517 -0.854460
vn -0.000000 -0.519517 -0.854460
vn -0.000000 -0.519517 -0.854460
vn -1.000000 0.000000 0.000000
vn -1.000000 0.000000 0.000000
vn -1.000000 0.000000 0.000000
vn -1.000000 0.000000 0.000000
vn -1.000000 0.000000 0.000000
vn -1.000000 0.000000 0.000000
vn -0.000000 0.382683 0.923880
vn -0.000000 0.382683 0.923880
vn -0.000000 0.382683 0.923880
vn -0.000000 0.382683 0.923880
vn -0.000000 0.382683 0.923880
vn -0.000000 0.382683 0.923880
vn -0.000000 0.382684 0.923879
vn -0.000000 0.382684 0.923879
vn -0.000000 0.382684 0.923879
vn -0.000000 0.382682 0.923880
vn -0.000000 0.382682 0.923880
vn -0.000000 0.382682 0.923880
vn -0.000000 0.923880 -0.382683
vn -0.000000 0.923880 -0.382683
vn -0.000000 0.923880 -0.382683
vn -0.000000 0.923880 -0.382683
vn -0.000000 0.923880 -0.382683
vn -0.000000 0.923880 -0.382683
vn -0.000000 0.382684 0.923879
vn -0.000000 0.382684 0.923879
vn -0.000000 0.382684 0.923879
vn -0.000000 0.382684 0.923879
vn -0.000000 0.382684 0.923879
vn -0.000000 0.382684 0.923879
vn -0.000000 -0.923880 0.382683
vn -0.000000 -0.923880 0.382683
vn -0.000000 -0.923880 0.382683
vn -0.000000 -0.923880 0.382683
vn -0.000000 -0.923880 0.382683
vn -0.000000 -0.923880 0.382683
vn -0.000000 -0.382683 -0.923880
vn -0.000000 -0.382683 -0.923880
vn -0.000000 -0.382683 -0.923880
vn -0.000000 -0.382684 -0.923879
vn -0.000000 -0.382684 -0.923879
vn -0.000000 -0.382684 -0.923879
vn -0.000000 -0.399192 -0.916867
vn -0.000000 -0.399192 -0.916867
vn -0.000000 -0.399192 -0.916867
vn -0.000000 -0.399192 -0.916867
vn -0.000000 -0.399192 -0.916867
vn -0.000000 -0.399192 -0.916867
vn -0.000000 0.923880 -0.382683
vn -0.000000 0.923880 -0.382683
vn -0.000000 0.923880 -0.382683
vn -0.000000 0.923880 -0.382683
vn -0.000000 0.923880 -0.382683
vn -0.000000 0.923880 -0.382683
vn -0.000000 -0.382683 0.923880
vn -0.000000 -0.382683 0.923880
vn -0.000000 -0.382683 0.923880
vn -0.000000 -0.382684 0.923879
vn -0.000000 -0.382684 0.923879
vn -0.000000 -0.382684 0.923879
vn -0.000000 -0.923880 -0.382683
vn -0.000000 -0.923880 -0.382683
vn -0.000000 -0.923880 -0.382683
vn -0.000000 -0.923880 -0.382683
vn -0.000000 -0.923880 -0.382683
vn -0.000000 -0.923880 -0.382683
vn -0.000000 0.382683 -0.923880
vn -0.000000 0.382683 -0.923880
vn -0.000000 0.382683 -0.923880
vn -0.000000 0.382683 -0.923880
vn -0.000000 0.382683 -0.923880
vn -0.000000 0.382683 -0.923880
vn -0.000000 0.923879 0.382684
vn -0.000000 0.923879 0.382684
vn -0.000000 0.923879 0.382684
vn -0.000000 0.923880 0.382683
vn -0.000000 0.923880 0.382683
vn -0.000000 0.923880 0.382683
vn -1.000000 -0.000000 0.000000
vn -1.000000 -0.000000 0.000000
vn -1.000000 -0.000000 0.000000
vn -1.000000 -0.000001 0.000000
vn -1.000000 -0.000001 0.000000
vn -1.000000 -0.000001 0.000000
vn 1.000000 0.000000 0.000000
vn 1.000000 0.000000 0.000000
vn 1.000000 0.000000 0.000000
vn 1.000000 0.000000 0.000000
vn 1.000000 0.000000 0.000000
vn 1.000000 0.000000 0.000000
vn -0.000000 1.000000 0.000000
vn -0.000000 1.000000 0.000000
vn -0.000000 1.000000 0.000000
vn -0.000000 1.000000 0.000000
vn -0.000000 1.000000 0.000000
vn -0.000000 1.000000 0.000000
vn -1.000000 0.000000 0.000000
vn -1.000000 0.000000 0.000000
vn -1.000000 0.000000 0.000000
vn -1.000000 0.000000 0.000000
vn -1.000000 0.000000 0.000000
vn -1.000000 0.000000 0.000000
vn 1.000000 0.000000 -0.000002
vn 1.000000 0.000000 -0.000002
vn 1.000000 0.000000 -0.000002
vn 1.000000 0.000000 0.000001
vn 1.000000 0.000000 0.000001
vn 1.000000 0.000000 0.000001
vn -1.000000 0.000000 0.000002
vn -1.000000 0.000000 0.000002
vn -1.000000 0.000000 0.000002
vn -1.000000 0.000000 -0.000001
vn -1.000000 0.000000 -0.000001
vn -1.000000 0.000000 -0.000001
vn -0.000000 -0.382683 -0.923880
vn -0.000000 -0.382683 -0.923880
vn -0.000000 -0.382683 -0.923880
vn -0.000000 -0.382685 -0.923879
vn -0.000000 -0.382685 -0.923879
vn -0.000000 -0.382685 -0.923879
vn 1.000000 0.000000 0.000000
vn 1.000000 0.000000 0.000000
vn 1.000000 0.000000 0.000000
vn 1.000000 0.000000 0.000000
vn 1.000000 0.000000 0.000000
vn 1.000000 0.000000 0.000000
vn -1.000000 -0.000001 0.000000
vn -1.000000 -0.000001 0.000000
vn -1.000000 -0.000001 0.000000
vn -1.000000 -0.000001 0.000000
vn -1.000000 -0.000001 0.000000
vn -1.000000 -0.000001 0.000000
vn 1.000000 0.000000 0.000000
vn 1.000000 0.000000 0.000000
vn 1.000000 0.000000 0.000000
vn 1.000000 0.000000 0.000000
vn 1.000000 0.000000 0.000000
vn 1.000000 0.000000 0.000000
vn -1.000000 0.000000 0.000000
vn -1.000000 0.000000 0.000000
vn -1.000000 0.000000 0.000000
vn -1.000000 0.000000 0.000000
vn -1.000000 0.000000 0.000000
vn -1.000000 0.000000 0.000000
vn 1.000000 0.000000 0.000000
vn 1.000000 0.000000 0.000000
vn 1.000000 0.000000 0.000000
vn 1.000000 0.000000 -0.000000
vn 1.000000 0.000000 -0.000000
vn 1.000000 0.000000 -0.000000
vn 0.000000 -0.923880 0.382683
vn 0.000000 -0.923880 0.382683
vn 0.000000 -0.923880 0.382683
vn -0.000000 -0.923879 0.382684
vn -0.000000 -0.923879 0.382684
vn -0.000000 -0.923879 0.382684
vn 0.000000 -0.382684 -0.923879
vn 0.000000 -0.382684 -0.923879
vn 0.000000 -0.382684 -0.923879
vn -0.000000 -0.382682 -0.923880
vn -0.000000 -0.382682 -0.923880
vn -0.000000 -0.382682 -0.923880
vn -0.000000 0.399192 0.916867
vn -0.000000 0.399192 0.916867
vn -0.000000 0.399192 0.916867
vn -0.000000 0.399191 0.916868
vn -0.000000 0.399191 0.916868
vn -0.000000 0.399191 0.916868
vn -0.000000 0.382683 -0.923880
vn -0.000000 0.382683 -0.923880
vn -0.000000 0.382683 -0.923880
vn -0.000000 0.382682 -0.923880
vn -0.000000 0.382682 -0.923880
vn -0.000000 0.382682 -0.923880
vn -0.000000 0.923880 0.382683
vn -0.000000 0.923880 0.382683
vn -0.000000 0.923880 0.382683
vn -0.000000 0.923880 0.382683
vn -0.000000 0.923880 0.382683
vn -0.000000 0.923880 0.382683
vn -0.000000 -0.382683 0.923880
vn -0.000000 -0.382683 0.923880
vn -0.000000 -0.382683 0.923880
vn -0.000001 -0.382682 0.923880
vn -0.000001 -0.382682 0.923880
vn -0.000001 -0.382682 0.923880
vn -0.000000 -0.923879 -0.382685
vn -0.000000 -0.923879 -0.382685
vn -0.000000 -0.923879 -0.382685
vn 0.000001 -0.923880 -0.382684
vn 0.000001 -0.923880 -0.382684
vn 0.000001 -0.923880 -0.382684
vn -1.000000 0.000000 0.000000
vn -1.000000 0.000000 0.000000
vn -1.000000 0.000000 0.000000
vn -1.000000 0.000000 0.000000
vn -1.000000 0.000000 0.000000
vn -1.000000 0.000000 0.000000
vn 1.000000 0.000000 0.000000
vn 1.000000 0.000000 0.000000
vn 1.000000 0.000000 0.000000
vn 1.000000 0.000000 0.000001
vn 1.000000 0.000000 0.000001
vn 1.000000 0.000000 0.000001
vn -0.000000 -1.000000 0.000000
vn -0.000000 -1.000000 0.000000
vn -0.000000 -1.000000 0.000000
vn -0.000000 -1.000000 0.000000
vn -0.000000 -1.000000 0.000000
vn -0.000000 -1.000000 0.000000
vn -1.000000 0.000000 -0.000000
vn -1.000000 0.000000 -0.000000
vn -1.000000 0.000000 -0.000000
vn -1.000000 0.000000 0.000000
vn -1.000000 0.000000 0.000000
vn -1.000000 0.000000 0.000000
vn 1.000000 0.000000 0.000000
vn 1.000000 0.000000 0.000000
vn 1.000000 0.000000 0.000000
vn 1.000000 0.000000 0.000001
vn 1.000000 0.000000 0.000001
vn 1.000000 0.000000 0.000001
vn -1.000000 -0.000000 0.000000
vn -1.000000 -0.000000 0.000000
vn -1.000000 -0.000000 0.000000
vn -1.000000 0.000000 -0.000002
vn -1.000000 0.000000 -0.000002
vn -1.000000 0.000000 -0.000002
vn 1.000000 0.000000 -0.000001
vn 1.000000 0.000000 -0.000001
vn 1.000000 0.000000 -0.000001
vn 1.000000 0.000000 0.000000
vn 1.000000 0.000000 0.000000
vn 1.000000 0.000000 0.000000
vn -1.000000 0.000000 0.000002
vn -1.000000 0.000000 0.000002
vn -1.000000 0.000000 0.000002
vn -1.000000 0.000000 0.000000
vn -1.000000 0.000000 0.000000
vn -1.000000 0.000000 0.000000
vn 1.000000 0.000000 0.000000
vn 1.000000 0.000000 0.000000
vn 1.000000 0.000000 0.000000
vn 1.000000 0.000000 -0.000001
vn 1.000000 0.000000 -0.000001
vn 1.000000 0.000000 -0.000001
vn -1.000000 0.000000 0.000000
vn -1.000000 0.000000 0.000000
vn -1.000000 0.000000 0.000000
vn -1.000000 0.000000 0.000001
vn -1.000000 0.000000 0.000001
vn -1.000000 0.000000 0.000001
vn 1.000000 0.000000 -0.000002
vn 1.000000 0.000000 -0.000002
vn 1.000000 0.000000 -0.000002
vn 1.000000 0.000000 0.000002
vn 1.000000 0.000000 0.000002
vn 1.000000 0.000000 0.000002
vn -0.000000 0.519517 0.854460
vn -0.000000 0.519517 0.854460
vn -0.000000 0.519517 0.854460
vn -0.000000 0.519518 0.854460
vn -0.000000 0.519518 0.854460
vn -0.000000 0.519518 0.854460
vn 1.000000 0.000000 0.000000
vn 1.000000 0.000000 0.000000
vn 1.000000 0.000000 0.000000
vn 1.000000 0.000000 0.000000
vn 1.000000 0.000000 0.000000
vn 1.000000 0.000000 0.000000
vn -0.000000 -0.519517 -0.854460
vn -0.000000 -0.519517 -0.854460
vn -0.000000 -0.519517 -0.854460
vn -0.000000 -0.519517 -0.854460
vn -0.000000 -0.519517 -0.854460
vn -0.000000 -0.519517 -0.854460
vn -1.000000 0.000000 0.000000
vn -1.000000 0.000000 0.000000
vn -1.000000 0.000000 0.000000
vn -1.000000 0.000000 -0.000001
vn -1.000000 0.000000 -0.000001
vn -1.000000 0.000000 -0.000001
vn 1.000000 0.000000 0.000000
vn 1.000000 0.000000 0.000000
vn 1.000000 0.000000 0.000000
vn 1.000000 0.000000 0.000000
vn 1.000000 0.000000 0.000000
vn 1.000000 0.000000 0.000000
vn 1.000000 0.000000 0.000000
vn 1.000000 0.000000 0.000000
vn 1.000000 0.000000 0.000000
vn 1.000000 0.000000 0.000000
vn 1.000000 0.000000 0.000000
vn 1.000000 0.000000 0.000000
vn -0.000000 0.000000 1.000000
vn -0.000000 0.000000 1.000000
vn -0.000000 0.000000 1.000000
vn -0.000000 0.000000 1.000000
vn -0.000000 0.000000 1.000000
vn -0.000000 0.000000 1.000000
vn -1.000000 0.000000 0.000000
vn -1.000000 0.000000 0.000000
vn -1.000000 0.000000 0.000000
vn -1.000000 0.000000 0.000000
vn -1.000000 0.000000 0.000000
vn -1.000000 0.000000 0.000000
vn -0.000000 0.316228 -0.948683
vn -0.000000 0.316228 -0.948683
vn -0.000000 0.316228 -0.948683
vn -0.000000 0.316228 -0.948683
vn -0.000000 0.316228 -0.948683
vn -0.000000 0.316228 -0.948683
vn -0.000000 -0.970142 -0.242535
vn -0.000000 -0.970142 -0.242535
vn -0.000000 -0.970142 -0.242535
vn -0.000000 -0.970142 -0.242536
vn -0.000000 -0.970142 -0.242536
vn -0.000000 -0.970142 -0.242536
vn -0.000000 0.970142 -0.242536
vn -0.000000 0.970142 -0.242536
vn -0.000000 0.970142 -0.242536
vn -0.000000 0.970142 -0.242536
vn -0.000000 0.970142 -0.242536
vn -0.000000 0.970142 -0.242536
vn -0.000000 1.000000 0.000000
vn -0.000000 1.000000 0.000000
vn -0.000000 1.000000 0.000000
vn -0.000000 1.000000 0.000000
vn -0.000000 1.000000 0.000000
vn -0.000000 1.000000 0.000000
vn -0.000000 -1.000000 0.000000
vn -0.000000 -1.000000 0.000000
vn -0.000000 -1.000000 0.000000
vn -0.000000 -1.000000 0.000000
vn -0.000000 -1.000000 0.000000
vn -0.000000 -1.000000 0.000000
vn -1.000000 0.000000 0.000000
vn -1.000000 0.000000 0.000000
vn -1.000000 0.000000 0.000000
vn -1.000000 0.000000 0.000000
vn -1.000000 0.000000 0.000000
vn -1.000000 0.000000 0.000000
vn 1.000000 0.000000 0.000000
vn 1.000000 0.000000 0.000000
vn 1.000000 0.000000 0.000000
vn 1.000000 0.000000 0.000000
vn 1.000000 0.000000 0.000000
vn 1.000000 0.000000 0.000000
vn 1.000000 0.000000 0.000000
vn 1.000000 0.000000 0.000000
vn 1.000000 0.000000 0.000000
vn 1.000000 0.000000 0.000000
vn 1.000000 0.000000 0.000000
vn 1.000000 0.000000 0.000000
vn -1.000000 0.000000 0.000000
vn -1.000000 0.000000 0.000000
vn -1.000000 0.000000 0.000000
vn -1.000000 0.000000 0.000000
vn -1.000000 0.000000 0.000000
vn -1.000000 0.000000 0.000000
vn -0.000000 -0.316228 -0.948683
vn -0.000000 -0.316228 -0.948683
vn -0.000000 -0.316228 -0.948683
vn -0.000000 -0.316228 -0.948683
vn -0.000000 -0.316228 -0.948683
vn -0.000000 -0.316228 -0.948683
vn -1.000000 0.000000 0.000000
vn -1.000000 0.000000 0.000000
vn -1.000000 0.000000 0.000000
vn -1.000000 0.000000 -0.000001
vn -1.000000 0.000000 -0.000001
vn -1.000000 0.000000 -0.000001
vn -0.000000 0.000000 1.000000
vn -0.000000 0.000000 1.000000
vn -0.000000 0.000000 1.000000
vn -0.000000 0.000000 1.000000
vn -0.000000 0.000000 1.000000
vn -0.000000 0.000000 1.000000
vn 1.000000 0.000000 0.000000
vn 1.000000 0.000000 0.000000
vn 1.000000 0.000000 0.000000
vn 1.000000 0.000000 0.000000
vn 1.000000 0.000000 0.000000
vn 1.000000 0.000000 0.000000
vn -0.000000 0.000000 1.000000
vn -0.000000 0.000000 1.000000
vn -0.000000 0.000000 1.000000
vn -0.000000 0.000000 1.000000
vn -0.000000 0.000000 1.000000
vn -0.000000 0.000000 1.000000
vn -1.000000 0.000000 0.000000
vn -1.000000 0.000000 0.000000
vn -1.000000 0.000000 0.000000
vn -1.000000 0.000000 0.000000
vn -1.000000 0.000000 0.000000
vn -1.000000 0.000000 0.000000
vn -0.000000 0.316228 -0.948683
vn -0.000000 0.316228 -0.948683
vn -0.000000 0.316228 -0.948683
vn -0.000000 0.316228 -0.948683
vn -0.000000 0.316228 -0.948683
vn -0.000000 0.316228 -0.948683
vn -0.000000 -0.970143 -0.242536
vn -0.000000 -0.970143 -0.242536
vn -0.000000 -0.970143 -0.242536
vn -0.000000 -0.970143 -0.242536
vn -0.000000 -0.970143 -0.242536
vn -0.000000 -0.970143 -0.242536
vn -0.000000 0.970142 -0.242536
vn -0.000000 0.970142 -0.242536
vn -0.000000 0.970142 -0.242536
vn -0.000000 0.970143 -0.242536
vn -0.000000 0.970143 -0.242536
vn -0.000000 0.970143 -0.242536
vn -0.000000 1.000000 0.000000
vn -0.000000 1.000000 0.000000
vn -0.000000 1.000000 0.000000
vn -0.000000 1.000000 0.000000
vn -0.000000 1.000000 0.000000
vn -0.000000 1.000000 0.000000
vn -0.000000 -1.000000 0.000000
vn -0.000000 -1.000000 0.000000
vn -0.000000 -1.000000 0.000000
vn -0.000000 -1.000000 0.000000
vn -0.000000 -1.000000 0.000000
vn -0.000000 -1.000000 0.000000
vn -1.000000 0.000000 0.000000
vn -1.000000 0.000000 0.000000
vn -1.000000 0.000000 0.000000
vn -1.000000 0.000000 0.000000
vn -1.000000 0.000000 0.000000
vn -1.000000 0.000000 0.000000
vn 1.000000 0.000000 0.000000
vn 1.000000 0.000000 0.000000
vn 1.000000 0.000000 0.000000
vn 1.000000 0.000000 0.000000
vn 1.000000 0.000000 0.000000
vn 1.000000 0.000000 0.000000
vn 1.000000 0.000000 0.000000
vn 1.000000 0.000000 0.000000
vn 1.000000 0.000000 0.000000
vn 1.000000 0.000000 -0.000001
vn 1.000000 0.000000 -0.000001
vn 1.000000 0.000000 -0.000001
vn -1.000000 0.000000 0.000000
vn -1.000000 0.000000 0.000000
vn -1.000000 0.000000 0.000000
vn -1.000000 0.000000 0.000000
vn -1.000000 0.000000 0.000000
vn -1.000000 0.000000 0.000000
vn -0.000000 -0.316228 -0.948683
vn -0.000000 -0.316228 -0.948683
vn -0.000000 -0.316228 -0.948683
vn -0.000000 -0.316228 -0.948683
vn -0.000000 -0.316228 -0.948683
vn -0.000000 -0.316228 -0.948683
vn -1.000000 0.000000 0.000000
vn -1.000000 0.000000 0.000000
vn -1.000000 0.000000 0.000000
vn -1.000000 0.000000 -0.000000
vn -1.000000 0.000000 -0.000000
vn -1.000000 0.000000 -0.000000
vn -0.000000 0.000000 1.000000
vn -0.000000 0.000000 1.000000
vn -0.000000 0.000000 1.000000
vn -0.000000 0.000000 1.000000
vn -0.000000 0.000000 1.000000
vn -0.000000 0.000000 1.000000
vn 1.000000 0.000000 0.000000
vn 1.000000 0.000000 0.000000
vn 1.000000 0.000000 0.000000
vn 1.000000 0.000000 0.000000
vn 1.000000 0.000000 0.000000
vn 1.000000 0.000000 0.000000
vn -0.000000 1.000000 0.000000
vn -0.000000 1.000000 0.000000
vn -0.000000 1.000000 0.000000
vn -0.000000 1.000000 0.000000
vn -0.000000 1.000000 0.000000
vn -0.000000 1.000000 0.000000
vn -0.281084 -0.678598 -0.678599
vn -0.281084 -0.678598 -0.678599
vn -0.281084 -0.678598 -0.678599
vn -0.281085 -0.678597 -0.678599
vn -0.281085 -0.678597 -0.678599
vn -0.281085 -0.678597 -0.678599
vn -0.371470 -0.896809 -0.240300
vn -0.371470 -0.896809 -0.240300
vn -0.371470 -0.896809 -0.240300
vn -0.371470 -0.896809 -0.240299
vn -0.371470 -0.896809 -0.240299
vn -0.371470 -0.896809 -0.240299
vn -0.896809 -0.371471 -0.240299
vn -0.896809 -0.371471 -0.240299
vn -0.896809 -0.371471 -0.240299
vn -0.896809 -0.371470 -0.240299
vn -0.896809 -0.371470 -0.240299
vn -0.896809 -0.371470 -0.240299
vn -0.678598 -0.281085 -0.678599
vn -0.678598 -0.281085 -0.678599
vn -0.678598 -0.281085 -0.678599
vn -0.678598 -0.281085 -0.678599
vn -0.678598 -0.281085 -0.678599
vn -0.678598 -0.281085 -0.678599
vn -0.896809 0.371470 -0.240299
vn -0.896809 0.371470 -0.240299
vn -0.896809 0.371470 -0.240299
vn -0.896809 0.371470 -0.240299
vn -0.896809 0.371470 -0.240299
vn -0.896809 0.371470 -0.240299
vn -0.678598 0.281085 -0.678599
vn -0.678598 0.281085 -0.678599
vn -0.678598 0.281085 -0.678599
vn -0.678598 0.281084 -0.678599
vn -0.678598 0.281084 -0.678599
vn -0.678598 0.281084 -0.678599
vn -0.371470 0.896809 -0.240299
vn -0.371470 0.896809 -0.240299
vn -0.371470 0.896809 -0.240299
vn -0.371471 0.896809 -0.240299
vn -0.371471 0.896809 -0.240299
vn -0.371471 0.896809 -0.240299
vn -0.281085 0.678598 -0.678598
vn -0.281085 0.678598 -0.678598
vn -0.281085 0.678598 -0.678598
vn -0.281084 0.678598 -0.678599
vn -0.281084 0.678598 -0.678599
vn -0.281084 0.678598 -0.678599
vn 0.371471 0.896809 -0.240299
vn 0.371471 0.896809 -0.240299
vn 0.371471 0.896809 -0.240299
vn 0.371471 0.896809 -0.240299
vn 0.371471 0.896809 -0.240299
vn 0.371471 0.896809 -0.240299
vn 0.281084 0.678598 -0.678599
vn 0.281084 0.678598 -0.678599
vn 0.281084 0.678598 -0.678599
vn 0.281085 0.678599 -0.678598
vn 0.281085 0.678599 -0.678598
vn 0.281085 0.678599 -0.678598
vn 0.896809 0.371470 -0.240299
vn 0.896809 0.371470 -0.240299
vn 0.896809 0.371470 -0.240299
vn 0.896809 0.371470 -0.240299
vn 0.896809 0.371470 -0.240299
vn 0.896809 0.371470 -0.240299
vn 0.678598 0.281085 -0.678599
vn 0.678598 0.281085 -0.678599
vn 0.678598 0.281085 -0.678599
vn 0.678598 0.281084 -0.678599
vn 0.678598 0.281084 -0.678599
vn 0.678598 0.281084 -0.678599
vn 0.896809 -0.371470 -0.240299
vn 0.896809 -0.371470 -0.240299
vn 0.896809 -0.371470 -0.240299
vn 0.896809 -0.371470 -0.240299
vn 0.896809 -0.371470 -0.240299
vn 0.896809 -0.371470 -0.240299
vn 0.678598 -0.281084 -0.678599
vn 0.678598 -0.281084 -0.678599
vn 0.678598 -0.281084 -0.678599
vn 0.678597 -0.281085 -0.678599
vn 0.678597 -0.281085 -0.678599
vn 0.678597 -0.281085 -0.678599
vn 0.281084 -0.678598 -0.678599
vn 0.281084 -0.678598 -0.678599
vn 0.281084 -0.678598 -0.678599
vn 0.281085 -0.678598 -0.678599
vn 0.281085 -0.678598 -0.678599
vn 0.281085 -0.678598 -0.678599
vn 0.371471 -0.896809 -0.240299
vn 0.371471 -0.896809 -0.240299
vn 0.371471 -0.896809 -0.240299
vn 0.371470 -0.896809 -0.240300
vn 0.371470 -0.896809 -0.240300
vn 0.371470 -0.896809 -0.240300
vn -0.000000 0.000000 -1.000000
vn -0.000000 0.000000 -1.000000
vn -0.000000 0.000000 -1.000000
vn 0.281085 0.678597 0.678599
vn 0.281085 0.678597 0.678599
vn 0.281085 0.678597 0.678599
vn 0.281084 0.678599 0.678598
vn 0.281084 0.678599 0.678598
vn 0.281084 0.678599 0.678598
vn 0.371469 0.896810 0.240297
vn 0.371469 0.896810 0.240297
vn 0.371469 0.896810 0.240297
vn 0.371471 0.896808 0.240299
vn 0.371471 0.896808 0.240299
vn 0.371471 0.896808 0.240299
vn 0.896809 0.371470 0.240299
vn 0.896809 0.371470 0.240299
vn 0.896809 0.371470 0.240299
vn 0.896809 0.371470 0.240299
vn 0.896809 0.371470 0.240299
vn 0.896809 0.371470 0.240299
vn 0.678599 0.281085 0.678598
vn 0.678599 0.281085 0.678598
vn 0.678599 0.281085 0.678598
vn 0.678598 0.281084 0.678599
vn 0.678598 0.281084 0.678599
vn 0.678598 0.281084 0.678599
vn 0.896809 -0.371470 0.240299
vn 0.896809 -0.371470 0.240299
vn 0.896809 -0.371470 0.240299
vn 0.896809 -0.371470 0.240300
vn 0.896809 -0.371470 0.240300
vn 0.896809 -0.371470 0.240300
vn 0.678598 -0.281084 0.678598
vn 0.678598 -0.281084 0.678598
vn 0.678598 -0.281084 0.678598
vn 0.678598 -0.281085 0.678598
vn 0.678598 -0.281085 0.678598
vn 0.678598 -0.281085 0.678598
vn 0.371471 -0.896809 0.240299
vn 0.371471 -0.896809 0.240299
vn 0.371471 -0.896809 0.240299
vn 0.371470 -0.896809 0.240299
vn 0.371470 -0.896809 0.240299
vn 0.371470 -0.896809 0.240299
vn 0.281084 -0.678598 0.678599
vn 0.281084 -0.678598 0.678599
vn 0.281084 -0.678598 0.678599
vn 0.281087 -0.678598 0.678598
vn 0.281087 -0.678598 0.678598
vn 0.281087 -0.678598 0.678598
vn -0.371470 -0.896809 0.240299
vn -0.371470 -0.896809 0.240299
vn -0.371470 -0.896809 0.240299
vn -0.371470 -0.896809 0.240300
vn -0.371470 -0.896809 0.240300
vn -0.371470 -0.896809 0.240300
vn -0.281086 -0.678598 0.678598
vn -0.281086 -0.678598 0.678598
vn -0.281086 -0.678598 0.678598
vn -0.281085 -0.678598 0.678599
vn -0.281085 -0.678598 0.678599
vn -0.281085 -0.678598 0.678599
vn -0.896809 -0.371470 0.240299
vn -0.896809 -0.371470 0.240299
vn -0.896809 -0.371470 0.240299
vn -0.896809 -0.371470 0.240299
vn -0.896809 -0.371470 0.240299
vn -0.896809 -0.371470 0.240299
vn -0.678598 -0.281085 0.678598
vn -0.678598 -0.281085 0.678598
vn -0.678598 -0.281085 0.678598
vn -0.678599 -0.281084 0.678598
vn -0.678599 -0.281084 0.678598
vn -0.678599 -0.281084 0.678598
vn -0.896809 0.371471 0.240299
vn -0.896809 0.371471 0.240299
vn -0.896809 0.371471 0.240299
vn -0.896809 0.371470 0.240299
vn -0.896809 0.371470 0.240299
vn -0.896809 0.371470 0.240299
vn -0.678598 0.281085 0.678598
vn -0.678598 0.281085 0.678598
vn -0.678598 0.281085 0.678598
vn -0.678598 0.281085 0.678598
vn -0.678598 0.281085 0.678598
vn -0.678598 0.281085 0.678598
vn -0.281085 0.678598 0.678599
vn -0.281085 0.678598 0.678599
vn -0.281085 0.678598 0.678599
vn -0.281084 0.678598 0.678599
vn -0.281084 0.678598 0.678599
vn -0.281084 0.678598 0.678599
vn -0.371469 0.896809 0.240299
vn -0.371469 0.896809 0.240299
vn -0.371469 0.896809 0.240299
vn -0.371471 0.896809 0.240297
vn -0.371471 0.896809 0.240297
vn -0.371471 0.896809 0.240297
vn -0.000000 0.000000 1.000000
vn -0.000000 0.000000 1.000000
vn -0.000000 0.000000 1.000000
vn -0.000000 0.000000 1.000000
vn -0.000000 0.000000 1.000000
vn -0.000000 0.000000 1.000000
vn -0.000000 0.000000 1.000000
vn -0.000000 0.000000 1.000000
vn -0.000000 0.000000 1.000000
vn -0.000000 0.000000 1.000000
vn -0.000000 0.000000 1.000000
vn -0.000000 0.000000 1.000000
vn -0.000000 0.000000 1.000000
vn -0.000000 0.000000 1.000000
vn -0.000000 0.000000 1.000000
vn -0.000000 -0.000000 1.000000
vn -0.000000 -0.000000 1.000000
vn -0.000000 -0.000000 1.000000
vn -0.000000 0.000000 1.000000
vn -0.000000 0.000000 1.000000
vn -0.000000 0.000000 1.000000
vn -0.000000 0.000000 1.000000
vn -0.000000 0.000000 1.000000
vn -0.000000 0.000000 1.000000
vn -0.000000 0.000000 1.000000
vn -0.000000 0.000000 1.000000
vn -0.000000 0.000000 1.000000
vn -0.000000 -0.000000 1.000000
vn -0.000000 -0.000000 1.000000
vn -0.000000 -0.000000 1.000000
vn -0.000000 0.000000 1.000000
vn -0.000000 0.000000 1.000000
vn -0.000000 0.000000 1.000000
vn -0.000000 0.000000 1.000000
vn -0.000000 0.000000 1.000000
vn -0.000000 0.000000 1.000000
vn -0.000000 0.000000 1.000000
vn -0.000000 0.000000 1.000000
vn -0.000000 0.000000 1.000000
vn -0.000000 0.000000 1.000000
vn -0.000000 0.000000 1.000000
vn -0.000000 0.000000 1.000000
vn -0.000000 0.000000 1.000000
vn -0.000000 0.000000 1.000000
vn -0.000000 0.000000 1.000000
vn -0.000000 0.000000 1.000000
vn -0.000000 0.000000 1.000000
vn -0.000000 0.000000 1.000000
vn -0.000000 0.000000 1.000000
vn -0.000000 0.000000 1.000000
vn -0.000000 0.000000 1.000000
vn -0.000000 -0.000000 -1.000000
vn -0.000000 -0.000000 -1.000000
vn -0.000000 -0.000000 -1.000000
vn -0.000000 0.000000 -1.000000
vn -0.000000 0.000000 -1.000000
vn -0.000000 0.000000 -1.000000
vn -0.000000 0.000000 -1.000000
vn -0.000000 0.000000 -1.000000
vn -0.000000 0.000000 -1.000000
vn -0.000000 0.000000 -1.000000
vn -0.000000 0.000000 -1.000000
vn -0.000000 0.000000 -1.000000
vn -0.000000 0.000000 -1.000000
vn -0.000000 0.000000 -1.000000
vn -0.000000 0.000000 -1.000000
vn 1.000000 0.000000 0.000000
vn 1.000000 0.000000 0.000000
vn 1.000000 0.000000 0.000000
vn 1.000000 0.000000 0.000000
vn 1.000000 0.000000 0.000000
vn 1.000000 0.000000 0.000000
vn -0.000000 -1.000000 0.000000
vn -0.000000 -1.000000 0.000000
vn -0.000000 -1.000000 0.000000
vn -0.000000 -1.000000 0.000000
vn -0.000000 -1.000000 0.000000
vn -0.000000 -1.000000 0.000000
vn -1.000000 0.000000 0.000000
vn -1.000000 0.000000 0.000000
vn -1.000000 0.000000 0.000000
vn -1.000000 0.000000 0.000000
vn -1.000000 0.000000 0.000000
vn -1.000000 0.000000 0.000000
vn 0.612173 -0.790724 0.000000
vn 0.612173 -0.790724 0.000000
vn 0.612173 -0.790724 0.000000
vn 0.612173 -0.790723 0.000000
vn 0.612173 -0.790723 0.000000
vn 0.612173 -0.790723 0.000000
vn -0.000000 0.000000 1.000000
vn -0.000000 0.000000 1.000000
vn -0.000000 0.000000 1.000000
vn -0.000000 0.000000 1.000000
vn -0.000000 0.000000 1.000000
vn -0.000000 0.000000 1.000000
vn 0.462566 0.886585 0.000000
vn 0.462566 0.886585 0.000000
vn 0.462566 0.886585 0.000000
vn 0.462566 0.886585 0.000000
vn 0.462566 0.886585 0.000000
vn 0.462566 0.886585 0.000000
vn -0.462566 0.886585 0.000000
vn -0.462566 0.886585 0.000000
vn -0.462566 0.886585 0.000000
vn -0.462566 0.886585 0.000000
vn -0.462566 0.886585 0.000000
vn -0.462566 0.886585 0.000000
vn -0.000000 1.000000 0.000000
vn -0.000000 1.000000 0.000000
vn -0.000000 1.000000 0.000000
vn -0.000000 1.000000 0.000000
vn -0.000000 1.000000 0.000000
vn -0.000000 1.000000 0.000000
vn -0.000000 -1.000000 0.000000
vn -0.000000 -1.000000 0.000000
vn -0.000000 -1.000000 0.000000
vn -0.000000 -1.000000 0.000000
vn -0.000000 -1.000000 0.000000
vn -0.000000 -1.000000 0.000000
vn -0.000000 0.000000 -1.000000
vn -0.000000 0.000000 -1.000000
vn -0.000000 0.000000 -1.000000
vn -0.612173 -0.790724 0.000000
vn -0.612173 -0.790724 0.000000
vn -0.612173 -0.790724 0.000000
vn -0.612174 -0.790723 0.000000
vn -0.612174 -0.790723 0.000000
vn -0.612174 -0.790723 0.000000
vn 0.398726 0.917070 0.000000
vn 0.398726 0.917070 0.000000
vn 0.398726 0.917070 0.000000
vn 0.398726 0.917070 0.000000
vn 0.398726 0.917070 0.000000
vn 0.398726 0.917070 0.000000
vn -0.000000 0.000000 -1.000000
vn -0.000000 0.000000 -1.000000
vn -0.000000 0.000000 -1.000000
vn -0.000000 0.000000 1.000000
vn -0.000000 0.000000 1.000000
vn -0.000000 0.000000 1.000000
vn -0.000000 -0.000001 1.000000
vn -0.000000 -0.000001 1.000000
vn -0.000000 -0.000001 1.000000
vn -0.000000 0.000000 1.000000
vn -0.000000 0.000000 1.000000
vn -0.000000 0.000000 1.000000
vn -0.000000 0.000000 -1.000000
vn -0.000000 0.000000 -1.000000
vn -0.000000 0.000000 -1.000000
vn -0.000000 0.000000 -1.000000
vn -0.000000 0.000000 -1.000000
vn -0.000000 0.000000 -1.000000
vn -0.000000 0.000000 1.000000
vn -0.000000 0.000000 1.000000
vn -0.000000 0.000000 1.000000
vn -0.000000 0.000000 1.000000
vn -0.000000 0.000000 1.000000
vn -0.000000 0.000000 1.000000
vn -0.000000 0.000001 1.000000
vn -0.000000 0.000001 1.000000
vn -0.000000 0.000001 1.000000
vn -0.000000 0.000000 1.000000
vn -0.000000 0.000000 1.000000
vn -0.000000 0.000000 1.000000
vn -0.000000 -0.000000 -1.000000
vn -0.000000 -0.000000 -1.000000
vn -0.000000 -0.000000 -1.000000
vn -0.000000 0.000000 -1.000000
vn -0.000000 0.000000 -1.000000
vn -0.000000 0.000000 -1.000000
vn -0.000000 0.000000 -1.000000
vn -0.000000 0.000000 -1.000000
vn -0.000000 0.000000 -1.000000
vn -0.000000 -0.000000 -1.000000
vn -0.000000 -0.000000 -1.000000
vn -0.000000 -0.000000 -1.000000
vn -0.000000 0.000000 1.000000
vn -0.000000 0.000000 1.000000
vn -0.000000 0.000000 1.000000
vn -0.000000 0.000000 -1.000000
vn -0.000000 0.000000 -1.000000
vn -0.000000 0.000000 -1.000000
vn -0.000000 0.000000 -1.000000
vn -0.000000 0.000000 -1.000000
vn -0.000000 0.000000 -1.000000
vn -0.000000 -0.000000 -1.000000
vn -0.000000 -0.000000 -1.000000
vn -0.000000 -0.000000 -1.000000
vn -0.000000 0.000000 -1.000000
vn -0.000000 0.000000 -1.000000
vn -0.000000 0.000000 -1.000000
vn -0.000000 0.000000 -1.000000
vn -0.000000 0.000000 -1.000000
vn -0.000000 0.000000 -1.000000
vn -0.000000 -0.000000 -1.000000
vn -0.000000 -0.000000 -1.000000
vn -0.000000 -0.000000 -1.000000
vn -0.398726 0.917070 0.000000
vn -0.398726 0.917070 0.000000
vn -0.398726 0.917070 0.000000
vn -0.398726 0.917070 0.000000
vn -0.398726 0.917070 0.000000
vn -0.398726 0.917070 0.000000
vn -0.000000 1.000000 0.000000
vn -0.000000 1.000000 0.000000
vn -0.000000 1.000000 0.000000
vn -0.000000 1.000000 0.000000
vn -0.000000 1.000000 0.000000
vn -0.000000 1.000000 0.000000
vn -0.000000 -1.000000 0.000000
vn -0.000000 -1.000000 0.000000
vn -0.000000 -1.000000 0.000000
vn -0.000000 -1.000000 0.000000
vn -0.000000 -1.000000 0.000000
vn -0.000000 -1.000000 0.000000
vn -0.000000 -1.000000 0.000000
vn -0.000000 -1.000000 0.000000
vn -0.000000 -1.000000 0.000000
vn -0.000000 -1.000000 0.000000
vn -0.000000 -1.000000 0.000000
vn -0.000000 -1.000000 0.000000
vn -0.000000 0.000000 1.000000
vn -0.000000 0.000000 1.000000
vn -0.000000 0.000000 1.000000
vn -0.000000 0.000000 1.000000
vn -0.000000 0.000000 1.000000
vn -0.000000 0.000000 1.000000
vn -0.000000 0.000000 1.000000
vn -0.000000 0.000000 1.000000
vn -0.000000 0.000000 1.000000
vn -0.000000 -0.000000 1.000000
vn -0.000000 -0.000000 1.000000
vn -0.000000 -0.000000 1.000000
vn 1.000000 0.000000 0.000000
vn 1.000000 0.000000 0.000000
vn 1.000000 0.000000 0.000000
vn 1.000000 0.000000 0.000000
vn 1.000000 0.000000 0.000000
vn 1.000000 0.000000 0.000000
vn -0.000000 0.000000 1.000000
vn -0.000000 0.000000 1.000000
vn -0.000000 0.000000 1.000000
vn -0.000000 0.000000 1.000000
vn -0.000000 0.000000 1.000000
vn -0.000000 0.000000 1.000000
vn -1.000000 0.000000 0.000000
vn -1.000000 0.000000 0.000000
vn -1.000000 0.000000 0.000000
vn -1.000000 0.000000 0.000000
vn -1.000000 0.000000 0.000000
vn -1.000000 0.000000 0.000000
vn -0.000000 0.000000 1.000000
vn -0.000000 0.000000 1.000000
vn -0.000000 0.000000 1.000000
vn -0.000000 -0.000001 1.000000
vn -0.000000 -0.000001 1.000000
vn -0.000000 -0.000001 1.000000
vn -0.000000 1.000000 0.000000
vn -0.000000 1.000000 0.000000
vn -0.000000 1.000000 0.000000
vn -0.000000 1.000000 0.000000
vn -0.000000 1.000000 0.000000
vn -0.000000 1.000000 0.000000
vn -0.000000 0.257663 -0.966235
vn -0.000000 0.257663 -0.966235
vn -0.000000 0.257663 -0.966235
vn -0.000000 0.257663 -0.966235
vn -0.000000 0.257663 -0.966235
vn -0.000000 0.257663 -0.966235
vn -1.000000 0.000000 0.000000
vn -1.000000 0.000000 0.000000
vn -1.000000 0.000000 0.000000
vn -1.000000 0.000000 0.000000
vn -1.000000 0.000000 0.000000
vn -1.000000 0.000000 0.000000
vn -0.000000 0.000000 1.000000
vn -0.000000 0.000000 1.000000
vn -0.000000 0.000000 1.000000
vn -0.000000 0.000000 1.000000
vn -0.000000 0.000000 1.000000
vn -0.000000 0.000000 1.000000
vn 1.000000 0.000000 0.000000
vn 1.000000 0.000000 0.000000
vn 1.000000 0.000000 0.000000
vn 1.000000 0.000000 0.000000
vn 1.000000 0.000000 0.000000
vn 1.000000 0.000000 0.000000
vn -0.000000 0.000000 1.000000
vn -0.000000 0.000000 1.000000
vn -0.000000 0.000000 1.000000
vn -0.000000 0.000000 1.000000
vn -0.000000 0.000000 1.000000
vn -0.000000 0.000000 1.000000
vn -0.000000 0.000000 1.000000
vn -0.000000 0.000000 1.000000
vn -0.000000 0.000000 1.000000
vn -0.000000 0.000000 1.000000
vn -0.000000 0.000000 1.000000
vn -0.000000 0.000000 1.000000
vn -0.000000 0.000000 -1.000000
vn -0.000000 0.000000 -1.000000
vn -0.000000 0.000000 -1.000000
vn -0.000000 0.000000 -1.000000
vn -0.000000 0.000000 -1.000000
vn -0.000000 0.000000 -1.000000
vn -0.000000 0.000000 -1.000000
vn -0.000000 0.000000 -1.000000
vn -0.000000 0.000000 -1.000000
vn -0.000000 0.000000 -1.000000
vn -0.000000 0.000000 -1.000000
vn -0.000000 0.000000 -1.000000
vn -0.000000 0.000000 -1.000000
vn -0.000000 0.000000 -1.000000
vn -0.000000 0.000000 -1.000000
vn -0.000000 0.000000 -1.000000
vn -0.000000 0.000000 -1.000000
vn -0.000000 0.000000 -1.000000
vn -0.000000 0.000000 -1.000000
vn -0.000000 0.000000 -1.000000
vn -0.000000 0.000000 -1.000000
vn -0.000000 0.000000 -1.000000
vn -0.000000 0.000000 -1.000000
vn -0.000000 0.000000 -1.000000
vn 1.000000 0.000000 0.000000
vn 1.000000 0.000000 0.000000
vn 1.000000 0.000000 0.000000
vn 1.000000 0.000000 0.000000
vn 1.000000 0.000000 0.000000
vn 1.000000 0.000000 0.000000
vn -0.000000 1.000000 0.000000
vn -0.000000 1.000000 0.000000
vn -0.000000 1.000000 0.000000
vn -0.000000 1.000000 0.000000
vn -0.000000 1.000000 0.000000
vn -0.000000 1.000000 0.000000
vn -1.000000 0.000000 0.000000
vn -1.000000 0.000000 0.000000
vn -1.000000 0.000000 0.000000
vn -1.000000 0.000000 0.000000
vn -1.000000 0.000000 0.000000
vn -1.000000 0.000000 0.000000
vn -0.000000 -1.000000 0.000000
vn -0.000000 -1.000000 0.000000
vn -0.000000 -1.000000 0.000000
vn -0.000000 -1.000000 0.000000
vn -0.000000 -1.000000 0.000000
vn -0.000000 -1.000000 0.000000

g Material.002
f 3/1/1 1/2/2 2/3/3
f 6/4/4 4/5/5 5/6/6
f 9/7/7 7/8/8 8/9/9
f 12/10/10 10/11/11 11/12/12
f 15/13/13 13/14/14 14/15/15
f 18/16/16 16/17/17 17/18/18
f 21/19/19 19/20/20 20/21/21
f 24/22/22 22/23/23 23/24/24
f 27/25/25 25/26/26 26/27/27
f 30/28/28 28/29/29 29/30/30
f 33/31/31 31/32/32 32/33/33
f 36/34/34 34/35/35 35/36/36
f 39/37/37 37/38/38 38/39/39
f 42/40/40 40/41/41 41/42/42
f 45/43/43 43/44/44 44/45/45
f 48/46/46 46/47/47 47/48/48
f 51/49/49 49/50/50 50/51/51
f 54/52/52 52/53/53 53/54/54
f 57/55/55 55/56/56 56/57/57
f 60/58/58 58/59/59 59/60/60
f 63/61/61 61/62/62 62/63/63
f 66/64/64 64/65/65 65/66/66
f 69/67/67 67/68/68 68/69/69
f 72/70/70 70/71/71 71/72/72
f 75/73/73 73/74/74 74/75/75
f 78/76/76 76/77/77 77/78/78
f 81/79/79 79/80/80 80/81/81
f 84/82/82 82/83/83 83/84/84
f 87/85/85 85/86/86 86/87/87
f 90/88/88 88/89/89 89/90/90
f 93/91/91 91/92/92 92/93/93
f 96/94/94 94/95/95 95/96/96
f 99/97/97 97/98/98 98/99/99
f 102/100/100 100/101/101 101/102/102
f 105/103/103 103/104/104 104/105/105
f 108/106/106 106/107/107 107/108/108
f 111/109/109 109/110/110 110/111/111
f 114/112/112 112/113/113 113/114/114
f 117/115/115 115/116/116 116/117/117
f 120/118/118 118/119/119 119/120/120
f 123/121/121 121/122/122 122/123/123
f 126/124/124 124/125/125 125/126/126
f 129/127/127 127/128/128 128/129/129
f 132/130/130 130/131/131 131/132/132
f 135/133/133 133/134/134 134/135/135
f 138/136/136 136/137/137 137/138/138
f 141/139/139 139/140/140 140/141/141
f 144/142/142 142/143/143 143/144/144
f 147/145/145 145/146/146 146/147/147
f 150/148/148 148/149/149 149/150/150
f 153/151/151 151/152/152 152/153/153
f 156/154/154 154/155/155 155/156/156
f 159/157/157 157/158/158 158/159/159
f 162/160/160 160/161/161 161/162/162
f 165/163/163 163/164/164 164/165/165
f 168/166/166 166/167/167 167/168/168
f 171/169/169 169/170/170 170/171/171
f 174/172/172 172/173/173 173/174/174
f 177/175/175 175/176/176 176/177/177
f 180/178/178 178/179/179 179/180/180
f 183/181/181 181/182/182 182/183/183
f 186/184/184 184/185/185 185/186/186
f 189/187/187 187/188/188 188/189/189
f 192/190/190 190/191/191 191/192/192
f 195/193/193 193/194/194 194/195/195
f 198/196/196 196/197/197 197/198/198
f 201/199/199 199/200/200 200/201/201
f 204/202/202 202/203/203 203/204/204
f 207/205/205 205/206/206 206/207/207
f 210/208/208 208/209/209 209/210/210
f 213/211/211 211/212/212 212/213/213
f 216/214/214 214/215/215 215/216/216
f 219/217/217 217/218/218 218/219/219
f 222/220/220 220/221/221 221/222/222
f 225/223/223 223/224/224 224/225/225
f 228/226/226 226/227/227 227/228/228
f 231/229/229 229/230/230 230/231/231
f 234/232/232 232/233/233 233/234/234
f 237/235/235 235/236/236 236/237/237
f 240/238/238 238/239/239 239/240/240
f 243/241/241 241/242/242 242/243/243
f 246/244/244 244/245/245 245/246/246
f 249/247/247 247/248/248 248/249/249
f 252/250/250 250/251/251 251/252/252
f 255/253/253 253/254/254 254/255/255
f 258/256/256 256/257/257 257/258/258
f 261/259/259 259/260/260 260/261/261
f 264/262/262 262/263/263 263/264/264
f 267/265/265 265/266/266 266/267/267
f 270/268/268 268/269/269 269/270/270
f 273/271/271 271/272/272 272/273/273
f 276/274/274 274/275/275 275/276/276
f 279/277/277 277/278/278 278/279/279
f 282/280/280 280/281/281 281/282/282
f 285/283/283 283/284/284 284/285/285
f 288/286/286 286/287/287 287/288/288
f 291/289/289 289/290/290 290/291/291
f 294/292/292 292/293/293 293/294/294
f 297/295/295 295/296/296 296/297/297
f 300/298/298 298/299/299 299/300/300
f 303/301/301 301/302/302 302/303/303
f 306/304/304 304/305/305 305/306/306
f 309/307/307 307/308/308 308/309/309
f 312/310/310 310/311/311 311/312/312
f 315/313/313 313/314/314 314/315/315
f 318/316/316 316/317/317 317/318/318
f 321/319/319 319/320/320 320/321/321
f 324/322/322 322/323/323 323/324/324
f 327/325/325 325/326/326 326/327/327
f 330/328/328 328/329/329 329/330/330
f 333/331/331 331/332/332 332/333/333
f 336/334/334 334/335/335 335/336/336
f 339/337/337 337/338/338 338/339/339
f 342/340/340 340/341/341 341/342/342
f 345/343/343 343/344/344 344/345/345
f 348/346/346 346/347/347 347/348/348
f 351/349/349 349/350/350 350/351/351
f 354/352/352 352/353/353 353/354/354
f 357/355/355 355/356/356 356/357/357
f 360/358/358 358/359/359 359/360/360
f 363/361/361 361/362/362 362/363/363
f 366/364/364 364/365/365 365/366/366
f 369/367/367 367/368/368 368/369/369
f 372/370/370 370/371/371 371/372/372
f 375/373/373 373/374/374 374/375/375
f 378/376/376 376/377/377 377/378/378
f 381/379/379 379/380/380 380/381/381
f 384/382/382 382/383/383 383/384/384
f 387/385/385 385/386/386 386/387/387
f 390/388/388 388/389/389 389/390/390
f 393/391/391 391/392/392 392/393/393
f 396/394/394 394/395/395 395/396/396
f 399/397/397 397/398/398 398/399/399
f 402/400/400 400/401/401 401/402/402
f 405/403/403 403/404/404 404/405/405
f 408/406/406 406/407/407 407/408/408
f 411/409/409 409/410/410 410/411/411
f 414/412/412 412/413/413 413/414/414
f 417/415/415 415/416/416 416/417/417
f 420/418/418 418/419/419 419/420/420
f 423/421/421 421/422/422 422/423/423
f 426/424/424 424/425/425 425/426/426
f 429/427/427 427/428/428 428/429/429
f 432/430/430 430/431/431 431/432/432
f 435/433/433 433/434/434 434/435/435
f 438/436/436 436/437/437 437/438/438
f 441/439/439 439/440/440 440/441/441
f 444/442/442 442/443/443 443/444/444
f 447/445/445 445/446/446 446/447/447
f 450/448/448 448/449/449 449/450/450
f 453/451/451 451/452/452 452/453/453
f 456/454/454 454/455/455 455/456/456
f 459/457/457 457/458/458 458/459/459
f 462/460/460 460/461/461 461/462/462
f 465/463/463 463/464/464 464/465/465
f 468/466/466 466/467/467 467/468/468
f 471/469/469 469/470/470 470/471/471
f 474/472/472 472/473/473 473/474/474
f 477/475/475 475/476/476 476/477/477
f 480/478/478 478/479/479 479/480/480
f 483/481/481 481/482/482 482/483/483
f 486/484/484 484/485/485 485/486/486
f 489/487/487 487/488/488 488/489/489
f 492/490/490 490/491/491 491/492/492
f 495/493/493 493/494/494 494/495/495
f 498/496/496 496/497/497 497/498/498
f 501/499/499 499/500/500 500/501/501
f 504/502/502 502/503/503 503/504/504
f 507/505/505 505/506/506 506/507/507
f 510/508/508 508/509/509 509/510/510
f 513/511/511 511/512/512 512/513/513
f 516/514/514 514/515/515 515/516/516
f 519/517/517 517/518/518 518/519/519
f 522/520/520 520/521/521 521/522/522
f 525/523/523 523/524/524 524/525/525
f 528/526/526 526/527/527 527/528/528
f 531/529/529 529/530/530 530/531/531
f 534/532/532 532/533/533 533/534/534
f 537/535/535 535/536/536 536/537/537
f 540/538/538 538/539/539 539/540/540
f 543/541/541 541/542/542 542/543/543
f 546/544/544 544/545/545 545/546/546
f 549/547/547 547/548/548 548/549/549
f 552/550/550 550/551/551 551/552/552
f 555/553/553 553/554/554 554/555/555
f 558/556/556 556/557/557 557/558/558
f 561/559/559 559/560/560 560/561/561
f 564/562/562 562/563/563 563/564/564
f 567/565/565 565/566/566 566/567/567
f 570/568/568 568/569/569 569/570/570
f 573/571/571 571/572/572 572/573/573
f 576/574/574 574/575/575 575/576/576
f 579/577/577 577/578/578 578/579/579
f 582/580/580 580/581/581 581/582/582
f 585/583/583 583/584/584 584/585/585
f 588/586/586 586/587/587 587/588/588
f 591/589/589 589/590/590 590/591/591
f 594/592/592 592/593/593 593/594/594
f 597/595/595 595/596/596 596/597/597
f 600/598/598 598/599/599 599/600/600

g Material.001
f 603/601/601 601/602/602 602/603/603
f 606/604/604 604/605/605 605/606/606
f 609/607/607 607/608/608 608/609/609
f 612/610/610 610/611/611 611/612/612
f 615/613/613 613/614/614 614/615/615
f 618/616/616 616/617/617 617/618/618
f 621/619/619 619/620/620 620/621/621
f 624/622/622 622/623/623 623/624/624
f 627/625/625 625/626/626 626/627/627
f 630/628/628 628/629/629 629/630/630
f 633/631/631 631/632/632 632/633/633
f 636/634/634 634/635/635 635/636/636
f 639/637/637 637/638/638 638/639/639
f 642/640/640 640/641/641 641/642/642
f 645/643/643 643/644/644 644/645/645
f 648/646/646 646/647/647 647/648/648
f 651/649/649 649/650/650 650/651/651
f 654/652/652 652/653/653 653/654/654
f 657/655/655 655/656/656 656/657/657
f 660/658/658 658/659/659 659/660/660
f 663/661/661 661/662/662 662/663/663
f 666/664/664 664/665/665 665/666/666
f 669/667/667 667/668/668 668/669/669
f 672/670/670 670/671/671 671/672/672
f 675/673/673 673/674/674 674/675/675
f 678/676/676 676/677/677 677/678/678
f 681/679/679 679/680/680 680/681/681
f 684/682/682 682/683/683 683/684/684
f 687/685/685 685/686/686 686/687/687
f 690/688/688 688/689/689 689/690/690
f 693/691/691 691/692/692 692/693/693
f 696/694/694 694/695/695 695/696/696
f 699/697/697 697/698/698 698/699/699
f 702/700/700 700/701/701 701/702/702
f 705/703/703 703/704/704 704/705/705
f 708/706/706 706/707/707 707/708/708
f 711/709/709 709/710/710 710/711/711
f 714/712/712 712/713/713 713/714/714
f 717/715/715 715/716/716 716/717/717
f 720/718/718 718/719/719 719/720/720
f 723/721/721 721/722/722 722/723/723
f 726/724/724 724/725/725 725/726/726
f 729/727/727 727/728/728 728/729/729
f 732/730/730 730/731/731 731/732/732
f 735/733/733 733/734/734 734/735/735
f 738/736/736 736/737/737 737/738/738
f 741/739/739 739/740/740 740/741/741
f 744/742/742 742/743/743 743/744/744
f 747/745/745 745/746/746 746/747/747
f 750/748/748 748/749/749 749/750/750
f 753/751/751 751/752/752 752/753/753
f 756/754/754 754/755/755 755/756/756
f 759/757/757 757/758/758 758/759/759
f 762/760/760 760/761/761 761/762/762
f 765/763/763 763/764/764 764/765/765
f 768/766/766 766/767/767 767/768/768
f 771/769/769 769/770/770 770/771/771
f 774/772/772 772/773/773 773/774/774
f 777/775/775 775/776/776 776/777/777
f 780/778/778 778/779/779 779/780/780
f 783/781/781 781/782/782 782/783/783
f 786/784/784 784/785/785 785/786/786
f 789/787/787 787/788/788 788/789/789
f 792/790/790 790/791/791 791/792/792
f 795/793/793 793/794/794 794/795/795
f 798/796/796 796/797/797 797/798/798
f 1083/799/799 1081/800/800 1082/801/801
f 1086/802/802 1084/803/803 1085/804/804
f 1089/805/805 1087/806/806 1088/807/807
f 1092/808/808 1090/809/809 1091/810/810
f 1095/811/811 1093/812/812 1094/813/813
f 1098/814/814 1096/815/815 1097/816/816
f 1101/817/817 1099/818/818 1100/819/819
f 1104/820/820 1102/821/821 1103/822/822
f 1107/823/823 1105/824/824 1106/825/825
f 1110/826/826 1108/827/827 1109/828/828
f 1113/829/829 1111/830/830 1112/831/831
f 1116/832/832 1114/833/833 1115/834/834
f 1119/835/835 1117/836/836 1118/837/837
f 1122/838/838 1120/839/839 1121/840/840
f 1125/841/841 1123/842/842 1124/843/843
f 1128/844/844 1126/845/845 1127/846/846
f 1131/847/847 1129/848/848 1130/849/849
f 1134/850/850 1132/851/851 1133/852/852
f 1137/853/853 1135/854/854 1136/855/855
f 1140/856/856 1138/857/857 1139/858/858
f 1143/859/859 1141/860/860 1142/861/861
f 1146/862/862 1144/863/863 1145/864/864
f 1149/865/865 1147/866/866 1148/867/867
f 1152/868/868 1150/869/869 1151/870/870
f 1155/871/871 1153/872/872 1154/873/873
f 1158/874/874 1156/875/875 1157/876/876
f 1161/877/877 1159/878/878 1160/879/879
f 1164/880/880 1162/881/881 1163/882/882
f 1167/883/883 1165/884/884 1166/885/885
f 1170/886/886 1168/887/887 1169/888/888
f 1173/889/889 1171/890/890 1172/891/891
f 1176/892/892 1174/893/893 1175/894/894
f 1179/895/895 1177/896/896 1178/897/897
f 1182/898/898 1180/899/899 1181/900/900
f 1185/901/901 1183/902/902 1184/903/903
f 1188/904/904 1186/905/905 1187/906/906
f 1191/907/907 1189/908/908 1190/909/909
f 1194/910/910 1192/911/911 1193/912/912
f 1197/913/913 1195/914/914 1196/915/915
f 1200/916/916 1198/917/917 1199/918/918
f 1203/919/919 1201/920/920 1202/921/921
f 1206/922/922 1204/923/923 1205/924/924
f 1209/925/925 1207/926/926 1208/927/927
f 1212/928/928 1210/929/929 1211/930/930
f 1215/931/931 1213/932/932 1214/933/933
f 1218/934/934 1216/935/935 1217/936/936
f 1221/937/937 1219/938/938 1220/939/939
f 1224/940/940 1222/941/941 1223/942/942
f 1227/943/943 1225/944/944 1226/945/945
f 1230/946/946 1228/947/947 1229/948/948
f 1233/949/949 1231/950/950 1232/951/951
f 1236/952/952 1234/953/953 1235/954/954
f 1239/955/955 1237/956/956 1238/957/957
f 1242/958/958 1240/959/959 1241/960/960
f 1245/961/961 1243/962/962 1244/963/963
f 1248/964/964 1246/965/965 1247/966/966
f 1251/967/967 1249/968/968 1250/969/969
f 1254/970/970 1252/971/971 1253/972/972
f 1257/973/973 1255/974/974 1256/975/975
f 1260/976/976 1258/977/977 1259/978/978
f 1263/979/979 1261/980/980 1262/981/981
f 1266/982/982 1264/983/983 1265/984/984
f 1269/985/985 1267/986/986 1268/987/987
f 1272/988/988 1270/989/989 1271/990/990
f 1275/991/991 1273/992/992 1274/993/993
f 1278/994/994 1276/995/995 1277/996/996
f 1286/997/997 1284/998/998 1285/999/999
f 1289/1000/1000 1287/1001/1001 1288/1002/1002
f 1292/1003/1003 1290/1004/1004 1291/1005/1005
f 1295/1006/1006 1293/1007/1007 1294/1008/1008
f 1298/1009/1009 1296/1010/1010 1297/1011/1011
f 1301/1012/1012 1299/1013/1013 1300/1014/1014
f 1304/1015/1015 1302/1016/1016 1303/1017/1017
f 1307/1018/1018 1305/1019/1019 1306/1020/1020
f 1310/1021/1021 1308/1022/1022 1309/1023/1023
f 1313/1024/1024 1311/1025/1025 1312/1026/1026
f 1316/1027/1027 1314/1028/1028 1315/1029/1029
f 1319/1030/1030 1317/1031/1031 1318/1032/1032
f 1322/1033/1033 1320/1034/1034 1321/1035/1035
f 1325/1036/1036 1323/1037/1037 1324/1038/1038
f 1328/1039/1039 1326/1040/1040 1327/1041/1041
f 1331/1042/1042 1329/1043/1043 1330/1044/1044
f 1334/1045/1045 1332/1046/1046 1333/1047/1047
f 1337/1048/1048 1335/1049/1049 1336/1050/1050
f 1340/1051/1051 1338/1052/1052 1339/1053/1053
f 1343/1054/1054 1341/1055/1055 1342/1056/1056
f 1346/1057/1057 1344/1058/1058 1345/1059/1059

g Material.003
f 801/1060/1060 799/1061/1061 800/1062/1062
f 804/1063/1063 802/1064/1064 803/1065/1065
f 807/1066/1066 805/1067/1067 806/1068/1068
f 810/1069/1069 808/1070/1070 809/1071/1071
f 813/1072/1072 811/1073/1073 812/1074/1074
f 816/1075/1075 814/1076/1076 815/1077/1077
f 819/1078/1078 817/1079/1079 818/1080/1080
f 822/1081/1081 820/1082/1082 821/1083/1083
f 825/1084/1084 823/1085/1085 824/1086/1086
f 828/1087/1087 826/1088/1088 827/1089/1089
f 831/1090/1090 829/1091/1091 830/1092/1092
f 834/1093/1093 832/1094/1094 833/1095/1095
f 837/1096/1096 835/1097/1097 836/1098/1098
f 840/1099/1099 838/1100/1100 839/1101/1101
f 843/1102/1102 841/1103/1103 842/1104/1104
f 846/1105/1105 844/1106/1106 845/1107/1107
f 849/1108/1108 847/1109/1109 848/1110/1110
f 852/1111/1111 850/1112/1112 851/1113/1113
f 855/1114/1114 853/1115/1115 854/1116/1116
f 858/1117/1117 856/1118/1118 857/1119/1119
f 861/1120/1120 859/1121/1121 860/1122/1122
f 864/1123/1123 862/1124/1124 863/1125/1125
f 867/1126/1126 865/1127/1127 866/1128/1128
f 870/1129/1129 868/1130/1130 869/1131/1131
f 873/1132/1132 871/1133/1133 872/1134/1134
f 876/1135/1135 874/1136/1136 875/1137/1137
f 879/1138/1138 877/1139/1139 878/1140/1140
f 882/1141/1141 880/1142/1142 881/1143/1143
f 885/1144/1144 883/1145/1145 884/1146/1146
f 888/1147/1147 886/1148/1148 887/1149/1149
f 891/1150/1150 889/1151/1151 890/1152/1152
f 894/1153/1153 892/1154/1154 893/1155/1155
f 897/1156/1156 895/1157/1157 896/1158/1158
f 900/1159/1159 898/1160/1160 899/1161/1161
f 903/1162/1162 901/1163/1163 902/1164/1164
f 906/1165/1165 904/1166/1166 905/1167/1167
f 909/1168/1168 907/1169/1169 908/1170/1170
f 912/1171/1171 910/1172/1172 911/1173/1173
f 915/1174/1174 913/1175/1175 914/1176/1176
f 918/1177/1177 916/1178/1178 917/1179/1179
f 921/1180/1180 919/1181/1181 920/1182/1182
f 924/1183/1183 922/1184/1184 923/1185/1185
f 927/1186/1186 925/1187/1187 926/1188/1188
f 930/1189/1189 928/1190/1190 929/1191/1191
f 933/1192/1192 931/1193/1193 932/1194/1194
f 936/1195/1195 934/1196/1196 935/1197/1197
f 939/1198/1198 937/1199/1199 938/1200/1200
f 942/1201/1201 940/1202/1202 941/1203/1203
f 945/1204/1204 943/1205/1205 944/1206/1206
f 948/1207/1207 946/1208/1208 947/1209/1209
f 951/1210/1210 949/1211/1211 950/1212/1212
f 954/1213/1213 952/1214/1214 953/1215/1215
f 957/1216/1216 955/1217/1217 956/1218/1218
f 960/1219/1219 958/1220/1220 959/1221/1221
f 963/1222/1222 961/1223/1223 962/1224/1224
f 966/1225/1225 964/1226/1226 965/1227/1227

g Material.004
f 969/1228/1228 967/1229/1229 968/1230/1230
f 972/1231/1231 970/1232/1232 971/1233/1233
f 975/1234/1234 973/1235/1235 974/1236/1236
f 978/1237/1237 976/1238/1238 977/1239/1239
f 981/1240/1240 979/1241/1241 980/1242/1242
f 984/1243/1243 982/1244/1244 983/1245/1245
f 987/1246/1246 985/1247/1247 986/1248/1248
f 990/1249/1249 988/1250/1250 989/1251/1251
f 993/1252/1252 991/1253/1253 992/1254/1254
f 996/1255/1255 994/1256/1256 995/1257/1257
f 999/1258/1258 997/1259/1259 998/1260/1260
f 1002/1261/1261 1000/1262/1262 1001/1263/1263
f 1005/1264/1264 1003/1265/1265 1004/1266/1266
f 1008/1267/1267 1006/1268/1268 1007/1269/1269
f 1011/1270/1270 1009/1271/1271 1010/1272/1272
f 1014/1273/1273 1012/1274/1274 1013/1275/1275
f 1017/1276/1276 1015/1277/1277 1016/1278/1278
f 1020/1279/1279 1018/1280/1280 1019/1281/1281
f 1023/1282/1282 1021/1283/1283 1022/1284/1284
f 1026/1285/1285 1024/1286/1286 1025/1287/1287
f 1029/1288/1288 1027/1289/1289 1028/1290/1290
f 1032/1291/1291 1030/1292/1292 1031/1293/1293
f 1035/1294/1294 1033/1295/1295 1034/1296/1296
f 1038/1297/1297 1036/1298/1298 1037/1299/1299
f 1041/1300/1300 1039/1301/1301 1040/1302/1302
f 1044/1303/1303 1042/1304/1304 1043/1305/1305
f 1047/1306/1306 1045/1307/1307 1046/1308/1308
f 1050/1309/1309 1048/1310/1310 1049/1311/1311
f 1053/1312/1312 1051/1313/1313 1052/1314/1314
f 1056/1315/1315 1054/1316/1316 1055/1317/1317
f 1059/1318/1318 1057/1319/1319 1058/1320/1320
f 1062/1321/1321 1060/1322/1322 1061/1323/1323
f 1065/1324/1324 1063/1325/1325 1064/1326/1326
f 1068/1327/1327 1066/1328/1328 1067/1329/1329
f 1071/1330/1330 1069/1331/1331 1070/1332/1332
f 1074/1333/1333 1072/1334/1334 1073/1335/1335
f 1077/1336/1336 1075/1337/1337 1076/1338/1338
f 1080/1339/1339 1078/1340/1340 1079/1341/1341

