# Converted from B3D for Luanti (With Correct Normals)
# Object Name: multidecor_brass_candlestick

v -0.800000 0.000000 0.000000
v 0.800000 0.000000 -0.000000
v 0.000000 0.000000 0.800000
v -0.724082 0.320323 0.724082
v -1.024006 0.240323 0.000000
v -0.724082 0.240323 0.724082
v -1.024006 0.320323 0.000000
v -1.024006 0.240323 0.000000
v -0.724082 0.320323 0.724082
v -0.724082 0.240323 0.724082
v -0.800000 0.000000 0.000000
v -0.565685 0.000000 0.565685
v -1.024006 0.240323 0.000000
v -0.800000 0.000000 0.000000
v -0.724082 0.240323 0.724082
v -0.724082 0.240323 -0.724082
v -0.000000 0.000000 -0.800000
v -0.565685 0.000000 -0.565685
v -0.000000 0.240323 -1.024006
v -0.000000 0.000000 -0.800000
v -0.724082 0.240323 -0.724082
v 0.724082 0.240323 -0.724082
v 0.800000 0.000000 -0.000000
v 0.565686 0.000000 -0.565685
v 1.024006 0.240323 -0.000000
v 0.800000 0.000000 -0.000000
v 0.724082 0.240323 -0.724082
v 0.724082 0.240323 0.724082
v 0.000000 0.000000 0.800000
v 0.565686 0.000000 0.565685
v 0.000000 0.240323 1.024006
v 0.000000 0.000000 0.800000
v 0.724082 0.240323 0.724082
v 0.000000 0.240323 1.024006
v -0.565685 0.000000 0.565685
v 0.000000 0.000000 0.800000
v -0.724082 0.240323 0.724082
v -0.565685 0.000000 0.565685
v 0.000000 0.240323 1.024006
v -1.024006 0.240323 0.000000
v -0.565685 0.000000 -0.565685
v -0.800000 0.000000 0.000000
v -0.724082 0.240323 -0.724082
v -0.565685 0.000000 -0.565685
v -1.024006 0.240323 0.000000
v -0.000000 0.240323 -1.024006
v 0.565686 0.000000 -0.565685
v -0.000000 0.000000 -0.800000
v 0.724082 0.240323 -0.724082
v 0.565686 0.000000 -0.565685
v -0.000000 0.240323 -1.024006
v 1.024006 0.240323 -0.000000
v 0.565686 0.000000 0.565685
v 0.800000 0.000000 -0.000000
v 0.724082 0.240323 0.724082
v 0.565686 0.000000 0.565685
v 1.024006 0.240323 -0.000000
v -0.336347 0.032032 0.336347
v 0.000000 0.032032 0.720000
v -0.509117 0.032032 0.509117
v 0.000000 0.032032 0.475666
v 0.000000 0.032032 0.720000
v -0.336347 0.032032 0.336347
v -0.724082 0.320323 -0.724082
v -0.000000 0.240323 -1.024006
v -0.724082 0.240323 -0.724082
v -0.000000 0.320323 -1.024006
v -0.000000 0.240323 -1.024006
v -0.724082 0.320323 -0.724082
v 0.724082 0.320323 -0.724082
v 1.024006 0.240323 -0.000000
v 0.724082 0.240323 -0.724082
v 1.024006 0.320323 -0.000000
v 1.024006 0.240323 -0.000000
v 0.724082 0.320323 -0.724082
v 0.724082 0.320323 0.724082
v 0.000000 0.240323 1.024006
v 0.724082 0.240323 0.724082
v 0.000000 0.320323 1.024006
v 0.000000 0.240323 1.024006
v 0.724082 0.320323 0.724082
v 0.000000 0.320323 1.024006
v -0.724082 0.240323 0.724082
v 0.000000 0.240323 1.024006
v -0.724082 0.320323 0.724082
v -0.724082 0.240323 0.724082
v 0.000000 0.320323 1.024006
v -1.024006 0.320323 0.000000
v -0.724082 0.240323 -0.724082
v -1.024006 0.240323 0.000000
v -0.724082 0.320323 -0.724082
v -0.724082 0.240323 -0.724082
v -1.024006 0.320323 0.000000
v -0.000000 0.320323 -1.024006
v 0.724082 0.240323 -0.724082
v -0.000000 0.240323 -1.024006
v 0.724082 0.320323 -0.724082
v 0.724082 0.240323 -0.724082
v -0.000000 0.320323 -1.024006
v 1.024006 0.320323 -0.000000
v 0.724082 0.240323 0.724082
v 1.024006 0.240323 -0.000000
v 0.724082 0.320323 0.724082
v 0.724082 0.240323 0.724082
v 1.024006 0.320323 -0.000000
v -0.651674 0.320323 0.651674
v -0.921606 0.248323 0.000000
v -0.651674 0.248323 0.651674
v -0.921606 0.320323 0.000000
v -0.921606 0.248323 0.000000
v -0.651674 0.320323 0.651674
v -0.651674 0.248323 0.651674
v -0.720000 0.032032 0.000000
v -0.509117 0.032032 0.509117
v -0.921606 0.248323 0.000000
v -0.720000 0.032032 0.000000
v -0.651674 0.248323 0.651674
v -0.651674 0.248323 -0.651673
v -0.000000 0.032032 -0.720000
v -0.509117 0.032032 -0.509117
v -0.000000 0.248323 -0.921606
v -0.000000 0.032032 -0.720000
v -0.651674 0.248323 -0.651673
v 0.651674 0.248323 -0.651674
v 0.720000 0.032032 -0.000000
v 0.509117 0.032032 -0.509117
v 0.921606 0.248323 -0.000000
v 0.720000 0.032032 -0.000000
v 0.651674 0.248323 -0.651674
v 0.651674 0.248323 0.651674
v 0.000000 0.032032 0.720000
v 0.509117 0.032032 0.509117
v 0.000000 0.248323 0.921606
v 0.000000 0.032032 0.720000
v 0.651674 0.248323 0.651674
v 0.000000 0.248323 0.921606
v -0.509117 0.032032 0.509117
v 0.000000 0.032032 0.720000
v -0.651674 0.248323 0.651674
v -0.509117 0.032032 0.509117
v 0.000000 0.248323 0.921606
v -0.921606 0.248323 0.000000
v -0.509117 0.032032 -0.509117
v -0.720000 0.032032 0.000000
v -0.651674 0.248323 -0.651673
v -0.509117 0.032032 -0.509117
v -0.921606 0.248323 0.000000
v -0.000000 0.248323 -0.921606
v 0.509117 0.032032 -0.509117
v -0.000000 0.032032 -0.720000
v 0.651674 0.248323 -0.651674
v 0.509117 0.032032 -0.509117
v -0.000000 0.248323 -0.921606
v 0.921606 0.248323 -0.000000
v 0.509117 0.032032 0.509117
v 0.720000 0.032032 -0.000000
v 0.651674 0.248323 0.651674
v 0.509117 0.032032 0.509117
v 0.921606 0.248323 -0.000000
v -0.651674 0.320323 -0.651673
v -0.000000 0.248323 -0.921606
v -0.651674 0.248323 -0.651673
v -0.000000 0.320323 -0.921606
v -0.000000 0.248323 -0.921606
v -0.651674 0.320323 -0.651673
v 0.651674 0.320323 -0.651674
v 0.921606 0.248323 -0.000000
v 0.651674 0.248323 -0.651674
v 0.921606 0.320323 -0.000000
v 0.921606 0.248323 -0.000000
v 0.651674 0.320323 -0.651674
v 0.651674 0.320323 0.651674
v 0.000000 0.248323 0.921606
v 0.651674 0.248323 0.651674
v 0.000000 0.320323 0.921606
v 0.000000 0.248323 0.921606
v 0.651674 0.320323 0.651674
v 0.000000 0.320323 0.921606
v -0.651674 0.248323 0.651674
v 0.000000 0.248323 0.921606
v -0.651674 0.320323 0.651674
v -0.651674 0.248323 0.651674
v 0.000000 0.320323 0.921606
v -0.921606 0.320323 0.000000
v -0.651674 0.248323 -0.651673
v -0.921606 0.248323 0.000000
v -0.651674 0.320323 -0.651673
v -0.651674 0.248323 -0.651673
v -0.921606 0.320323 0.000000
v -0.000000 0.320323 -0.921606
v 0.651674 0.248323 -0.651674
v -0.000000 0.248323 -0.921606
v 0.651674 0.320323 -0.651674
v 0.651674 0.248323 -0.651674
v -0.000000 0.320323 -0.921606
v 0.921606 0.320323 -0.000000
v 0.651674 0.248323 0.651674
v 0.921606 0.248323 -0.000000
v 0.651674 0.320323 0.651674
v 0.651674 0.248323 0.651674
v 0.921606 0.320323 -0.000000
v 0.000000 0.320323 0.921606
v -0.724082 0.320323 0.724082
v 0.000000 0.320323 1.024006
v 0.724082 0.320323 0.724082
v 0.000000 0.320323 0.921606
v 0.000000 0.320323 1.024006
v -0.651674 0.320323 0.651674
v -0.724082 0.320323 0.724082
v 0.000000 0.320323 0.921606
v 0.724082 0.320323 0.724082
v 0.651674 0.320323 0.651674
v 0.000000 0.320323 0.921606
v 0.724082 0.320323 0.724082
v 1.024006 0.320323 -0.000000
v 0.921606 0.320323 -0.000000
v -0.651674 0.320323 0.651674
v -1.024006 0.320323 0.000000
v -0.724082 0.320323 0.724082
v -0.921606 0.320323 0.000000
v -1.024006 0.320323 0.000000
v -0.651674 0.320323 0.651674
v -0.921606 0.320323 0.000000
v -0.724082 0.320323 -0.724082
v -1.024006 0.320323 0.000000
v -0.651674 0.320323 -0.651673
v -0.724082 0.320323 -0.724082
v -0.921606 0.320323 0.000000
v 1.024006 0.320323 -0.000000
v 0.651674 0.320323 -0.651674
v 0.921606 0.320323 -0.000000
v 0.724082 0.320323 -0.724082
v 0.651674 0.320323 -0.651674
v 1.024006 0.320323 -0.000000
v -0.651674 0.320323 -0.651673
v -0.000000 0.320323 -0.921606
v -0.000000 0.320323 -1.024006
v 0.724082 0.320323 -0.724082
v -0.000000 0.320323 -0.921606
v 0.651674 0.320323 -0.651674
v 0.724082 0.320323 0.724082
v 0.921606 0.320323 -0.000000
v 0.651674 0.320323 0.651674
v -0.000000 0.320323 -1.024006
v -0.000000 0.320323 -0.921606
v 0.724082 0.320323 -0.724082
v -0.651674 0.320323 -0.651673
v -0.000000 0.320323 -1.024006
v -0.724082 0.320323 -0.724082
v -0.336347 0.032032 -0.336347
v -0.720000 0.032032 0.000000
v -0.509117 0.032032 -0.509117
v -0.475666 0.032032 0.000000
v -0.720000 0.032032 0.000000
v -0.336347 0.032032 -0.336347
v 0.336347 0.032032 -0.336347
v -0.000000 0.032032 -0.720000
v 0.509117 0.032032 -0.509117
v 0.000000 0.032032 -0.475666
v -0.000000 0.032032 -0.720000
v 0.336347 0.032032 -0.336347
v 0.336347 0.032032 0.336347
v 0.720000 0.032032 -0.000000
v 0.509117 0.032032 0.509117
v 0.475666 0.032032 -0.000000
v 0.720000 0.032032 -0.000000
v 0.336347 0.032032 0.336347
v -0.475666 0.032032 0.000000
v -0.509117 0.032032 0.509117
v -0.720000 0.032032 0.000000
v -0.336347 0.032032 0.336347
v -0.509117 0.032032 0.509117
v -0.475666 0.032032 0.000000
v 0.000000 0.032032 -0.475666
v -0.509117 0.032032 -0.509117
v -0.000000 0.032032 -0.720000
v -0.336347 0.032032 -0.336347
v -0.509117 0.032032 -0.509117
v 0.000000 0.032032 -0.475666
v 0.475666 0.032032 -0.000000
v 0.509117 0.032032 -0.509117
v 0.720000 0.032032 -0.000000
v 0.336347 0.032032 -0.336347
v 0.509117 0.032032 -0.509117
v 0.475666 0.032032 -0.000000
v 0.000000 0.032032 0.475666
v 0.509117 0.032032 0.509117
v 0.000000 0.032032 0.720000
v 0.336347 0.032032 0.336347
v 0.509117 0.032032 0.509117
v 0.000000 0.032032 0.475666
v 0.210989 0.140015 -0.210989
v 0.000000 0.032032 -0.475666
v 0.336347 0.032032 -0.336347
v 0.000000 0.140015 -0.298383
v 0.000000 0.032032 -0.475666
v 0.210989 0.140015 -0.210989
v 0.210989 0.140015 0.210989
v 0.475666 0.032032 -0.000000
v 0.336347 0.032032 0.336347
v 0.298383 0.140015 0.000000
v 0.475666 0.032032 -0.000000
v 0.210989 0.140015 0.210989
v -0.298383 0.140015 0.000000
v -0.336347 0.032032 0.336347
v -0.475666 0.032032 0.000000
v -0.210989 0.140015 0.210989
v -0.336347 0.032032 0.336347
v -0.298383 0.140015 0.000000
v 0.000000 0.140015 -0.298383
v -0.336347 0.032032 -0.336347
v 0.000000 0.032032 -0.475666
v -0.210989 0.140015 -0.210989
v -0.336347 0.032032 -0.336347
v 0.000000 0.140015 -0.298383
v 0.298383 0.140015 0.000000
v 0.336347 0.032032 -0.336347
v 0.475666 0.032032 -0.000000
v 0.210989 0.140015 -0.210989
v 0.336347 0.032032 -0.336347
v 0.298383 0.140015 0.000000
v 0.000000 0.140015 0.298383
v 0.336347 0.032032 0.336347
v 0.000000 0.032032 0.475666
v 0.210989 0.140015 0.210989
v 0.336347 0.032032 0.336347
v 0.000000 0.140015 0.298383
v -0.210989 0.140015 0.210989
v 0.000000 0.032032 0.475666
v -0.336347 0.032032 0.336347
v 0.000000 0.140015 0.298383
v 0.000000 0.032032 0.475666
v -0.210989 0.140015 0.210989
v -0.210989 0.140015 -0.210989
v -0.475666 0.032032 0.000000
v -0.336347 0.032032 -0.336347
v -0.298383 0.140015 0.000000
v -0.475666 0.032032 0.000000
v -0.210989 0.140015 -0.210989
v 0.178790 0.252559 0.000000
v 0.210989 0.140015 -0.210989
v 0.298383 0.140015 0.000000
v 0.126424 0.252559 -0.126424
v 0.210989 0.140015 -0.210989
v 0.178790 0.252559 0.000000
v 0.000000 0.252559 0.178790
v 0.210989 0.140015 0.210989
v 0.000000 0.140015 0.298383
v 0.126424 0.252559 0.126424
v 0.210989 0.140015 0.210989
v 0.000000 0.252559 0.178790
v -0.126424 0.252559 0.126424
v 0.000000 0.140015 0.298383
v -0.210989 0.140015 0.210989
v 0.000000 0.252559 0.178790
v 0.000000 0.140015 0.298383
v -0.126424 0.252559 0.126424
v -0.126424 0.252559 -0.126424
v -0.298383 0.140015 0.000000
v -0.210989 0.140015 -0.210989
v -0.178790 0.252559 0.000000
v -0.298383 0.140015 0.000000
v -0.126424 0.252559 -0.126424
v 0.126424 0.252559 -0.126424
v 0.000000 0.140015 -0.298383
v 0.210989 0.140015 -0.210989
v 0.000000 0.252559 -0.178790
v 0.000000 0.140015 -0.298383
v 0.126424 0.252559 -0.126424
v 0.126424 0.252559 0.126424
v 0.298383 0.140015 0.000000
v 0.210989 0.140015 0.210989
v 0.178790 0.252559 0.000000
v 0.298383 0.140015 0.000000
v 0.126424 0.252559 0.126424
v -0.178790 0.252559 0.000000
v -0.210989 0.140015 0.210989
v -0.298383 0.140015 0.000000
v -0.126424 0.252559 0.126424
v -0.210989 0.140015 0.210989
v -0.178790 0.252559 0.000000
v 0.000000 0.252559 -0.178790
v -0.210989 0.140015 -0.210989
v 0.000000 0.140015 -0.298383
v -0.126424 0.252559 -0.126424
v -0.210989 0.140015 -0.210989
v 0.000000 0.252559 -0.178790
v 0.000000 0.363271 0.119679
v 0.126424 0.252559 0.126424
v 0.000000 0.252559 0.178790
v 0.084626 0.363271 0.084626
v 0.126424 0.252559 0.126424
v 0.000000 0.363271 0.119679
v -0.084626 0.363271 0.084626
v 0.000000 0.252559 0.178790
v -0.126424 0.252559 0.126424
v 0.000000 0.363271 0.119679
v 0.000000 0.252559 0.178790
v -0.084626 0.363271 0.084626
v -0.084626 0.363271 -0.084626
v -0.178790 0.252559 0.000000
v -0.126424 0.252559 -0.126424
v -0.119679 0.363271 0.000000
v -0.178790 0.252559 0.000000
v -0.084626 0.363271 -0.084626
v 0.084626 0.363271 -0.084626
v 0.000000 0.252559 -0.178790
v 0.126424 0.252559 -0.126424
v 0.000000 0.363271 -0.119679
v 0.000000 0.252559 -0.178790
v 0.084626 0.363271 -0.084626
v 0.084626 0.363271 0.084626
v 0.178790 0.252559 0.000000
v 0.126424 0.252559 0.126424
v 0.119679 0.363271 0.000000
v 0.178790 0.252559 0.000000
v 0.084626 0.363271 0.084626
v -0.119679 0.363271 0.000000
v -0.126424 0.252559 0.126424
v -0.178790 0.252559 0.000000
v -0.084626 0.363271 0.084626
v -0.126424 0.252559 0.126424
v -0.119679 0.363271 0.000000
v 0.000000 0.363271 -0.119679
v -0.126424 0.252559 -0.126424
v 0.000000 0.252559 -0.178790
v -0.084626 0.363271 -0.084626
v -0.126424 0.252559 -0.126424
v 0.000000 0.363271 -0.119679
v 0.119679 0.363271 0.000000
v 0.126424 0.252559 -0.126424
v 0.178790 0.252559 0.000000
v 0.084626 0.363271 -0.084626
v 0.126424 0.252559 -0.126424
v 0.119679 0.363271 0.000000
v 0.084626 0.450933 0.084626
v 0.119679 0.363271 0.000000
v 0.084626 0.363271 0.084626
v 0.119679 0.450933 0.000000
v 0.119679 0.363271 0.000000
v 0.084626 0.450933 0.084626
v -0.119679 0.450933 0.000000
v -0.084626 0.363271 0.084626
v -0.119679 0.363271 0.000000
v -0.084626 0.450933 0.084626
v -0.084626 0.363271 0.084626
v -0.119679 0.450933 0.000000
v 0.000000 0.450933 -0.119679
v -0.084626 0.363271 -0.084626
v 0.000000 0.363271 -0.119679
v -0.084626 0.450933 -0.084626
v -0.084626 0.363271 -0.084626
v 0.000000 0.450933 -0.119679
v 0.119679 0.450933 0.000000
v 0.084626 0.363271 -0.084626
v 0.119679 0.363271 0.000000
v 0.084626 0.450933 -0.084626
v 0.084626 0.363271 -0.084626
v 0.119679 0.450933 0.000000
v 0.000000 0.450933 0.119679
v 0.084626 0.363271 0.084626
v 0.000000 0.363271 0.119679
v 0.084626 0.450933 0.084626
v 0.084626 0.363271 0.084626
v 0.000000 0.450933 0.119679
v -0.084626 0.450933 0.084626
v 0.000000 0.363271 0.119679
v -0.084626 0.363271 0.084626
v 0.000000 0.450933 0.119679
v 0.000000 0.363271 0.119679
v -0.084626 0.450933 0.084626
v -0.084626 0.450933 -0.084626
v -0.119679 0.363271 0.000000
v -0.084626 0.363271 -0.084626
v -0.119679 0.450933 0.000000
v -0.119679 0.363271 0.000000
v -0.084626 0.450933 -0.084626
v 0.084626 0.450933 -0.084626
v 0.000000 0.363271 -0.119679
v 0.084626 0.363271 -0.084626
v 0.000000 0.450933 -0.119679
v 0.000000 0.363271 -0.119679
v 0.084626 0.450933 -0.084626
v -0.075522 0.579388 0.000000
v -0.084626 0.450933 0.084626
v -0.119679 0.450933 0.000000
v -0.053402 0.579388 0.053402
v -0.084626 0.450933 0.084626
v -0.075522 0.579388 0.000000
v 0.000000 0.579388 -0.075522
v -0.084626 0.450933 -0.084626
v 0.000000 0.450933 -0.119679
v -0.053402 0.579388 -0.053402
v -0.084626 0.450933 -0.084626
v 0.000000 0.579388 -0.075522
v 0.075522 0.579388 0.000000
v 0.084626 0.450933 -0.084626
v 0.119679 0.450933 0.000000
v 0.053402 0.579388 -0.053402
v 0.084626 0.450933 -0.084626
v 0.075522 0.579388 0.000000
v 0.000000 0.579388 0.075522
v 0.084626 0.450933 0.084626
v 0.000000 0.450933 0.119679
v 0.053402 0.579388 0.053402
v 0.084626 0.450933 0.084626
v 0.000000 0.579388 0.075522
v -0.053402 0.579388 0.053402
v 0.000000 0.450933 0.119679
v -0.084626 0.450933 0.084626
v 0.000000 0.579388 0.075522
v 0.000000 0.450933 0.119679
v -0.053402 0.579388 0.053402
v -0.053402 0.579388 -0.053402
v -0.119679 0.450933 0.000000
v -0.084626 0.450933 -0.084626
v -0.075522 0.579388 0.000000
v -0.119679 0.450933 0.000000
v -0.053402 0.579388 -0.053402
v 0.053402 0.579388 -0.053402
v 0.000000 0.450933 -0.119679
v 0.084626 0.450933 -0.084626
v 0.000000 0.579388 -0.075522
v 0.000000 0.450933 -0.119679
v 0.053402 0.579388 -0.053402
v 0.053402 0.579388 0.053402
v 0.119679 0.450933 0.000000
v 0.084626 0.450933 0.084626
v 0.075522 0.579388 0.000000
v 0.119679 0.450933 0.000000
v 0.053402 0.579388 0.053402
v 0.052566 0.623781 -0.048915
v 0.000000 0.579388 -0.075522
v 0.053402 0.579388 -0.053402
v -0.000837 0.623781 -0.071035
v 0.000000 0.579388 -0.075522
v 0.052566 0.623781 -0.048915
v 0.052566 0.623781 0.057890
v 0.075522 0.579388 0.000000
v 0.053402 0.579388 0.053402
v 0.074686 0.623781 0.004487
v 0.075522 0.579388 0.000000
v 0.052566 0.623781 0.057890
v -0.076359 0.623781 0.004487
v -0.053402 0.579388 0.053402
v -0.075522 0.579388 0.000000
v -0.054239 0.623781 0.057890
v -0.053402 0.579388 0.053402
v -0.076359 0.623781 0.004487
v -0.000837 0.623781 -0.071035
v -0.053402 0.579388 -0.053402
v 0.000000 0.579388 -0.075522
v -0.054239 0.623781 -0.048915
v -0.053402 0.579388 -0.053402
v -0.000837 0.623781 -0.071035
v 0.074686 0.623781 0.004487
v 0.053402 0.579388 -0.053402
v 0.075522 0.579388 0.000000
v 0.052566 0.623781 -0.048915
v 0.053402 0.579388 -0.053402
v 0.074686 0.623781 0.004487
v -0.000837 0.623781 0.080010
v 0.053402 0.579388 0.053402
v 0.000000 0.579388 0.075522
v 0.052566 0.623781 0.057890
v 0.053402 0.579388 0.053402
v -0.000837 0.623781 0.080010
v -0.054239 0.623781 0.057890
v 0.000000 0.579388 0.075522
v -0.053402 0.579388 0.053402
v -0.000837 0.623781 0.080010
v 0.000000 0.579388 0.075522
v -0.054239 0.623781 0.057890
v -0.054239 0.623781 -0.048915
v -0.075522 0.579388 0.000000
v -0.053402 0.579388 -0.053402
v -0.076359 0.623781 0.004487
v -0.075522 0.579388 0.000000
v -0.054239 0.623781 -0.048915
v -0.104916 0.713681 0.004487
v -0.054239 0.623781 0.057890
v -0.076359 0.623781 0.004487
v -0.074432 0.713681 0.078083
v -0.054239 0.623781 0.057890
v -0.104916 0.713681 0.004487
v -0.000837 0.713681 -0.099592
v -0.054239 0.623781 -0.048915
v -0.000837 0.623781 -0.071035
v -0.074432 0.713681 -0.069108
v -0.054239 0.623781 -0.048915
v -0.000837 0.713681 -0.099592
v 0.103243 0.713681 0.004487
v 0.052566 0.623781 -0.048915
v 0.074686 0.623781 0.004487
v 0.072759 0.713681 -0.069108
v 0.052566 0.623781 -0.048915
v 0.103243 0.713681 0.004487
v -0.000837 0.713681 0.108567
v 0.052566 0.623781 0.057890
v -0.000837 0.623781 0.080010
v 0.072759 0.713681 0.078083
v 0.052566 0.623781 0.057890
v -0.000837 0.713681 0.108567
v -0.074432 0.713681 0.078083
v -0.000837 0.623781 0.080010
v -0.054239 0.623781 0.057890
v -0.000837 0.713681 0.108567
v -0.000837 0.623781 0.080010
v -0.074432 0.713681 0.078083
v -0.074432 0.713681 -0.069108
v -0.076359 0.623781 0.004487
v -0.054239 0.623781 -0.048915
v -0.104916 0.713681 0.004487
v -0.076359 0.623781 0.004487
v -0.074432 0.713681 -0.069108
v 0.072759 0.713681 -0.069108
v -0.000837 0.623781 -0.071035
v 0.052566 0.623781 -0.048915
v -0.000837 0.713681 -0.099592
v -0.000837 0.623781 -0.071035
v 0.072759 0.713681 -0.069108
v 0.072759 0.713681 0.078083
v 0.074686 0.623781 0.004487
v 0.052566 0.623781 0.057890
v 0.103243 0.713681 0.004487
v 0.074686 0.623781 0.004487
v 0.072759 0.713681 0.078083
v 0.136584 0.803299 0.141908
v 0.103243 0.713681 0.004487
v 0.072759 0.713681 0.078083
v 0.193505 0.803299 0.004487
v 0.103243 0.713681 0.004487
v 0.136584 0.803299 0.141908
v -0.195178 0.803299 0.004487
v -0.074432 0.713681 0.078083
v -0.104916 0.713681 0.004487
v -0.138257 0.803299 0.141908
v -0.074432 0.713681 0.078083
v -0.195178 0.803299 0.004487
v -0.000837 0.803299 -0.189854
v -0.074432 0.713681 -0.069108
v -0.000837 0.713681 -0.099592
v -0.138257 0.803299 -0.132933
v -0.074432 0.713681 -0.069108
v -0.000837 0.803299 -0.189854
v 0.193505 0.803299 0.004487
v 0.072759 0.713681 -0.069108
v 0.103243 0.713681 0.004487
v 0.136584 0.803299 -0.132933
v 0.072759 0.713681 -0.069108
v 0.193505 0.803299 0.004487
v -0.000837 0.803299 0.198829
v 0.072759 0.713681 0.078083
v -0.000837 0.713681 0.108567
v 0.136584 0.803299 0.141908
v 0.072759 0.713681 0.078083
v -0.000837 0.803299 0.198829
v -0.138257 0.803299 0.141908
v -0.000837 0.713681 0.108567
v -0.074432 0.713681 0.078083
v -0.000837 0.803299 0.198829
v -0.000837 0.713681 0.108567
v -0.138257 0.803299 0.141908
v -0.138257 0.803299 -0.132933
v -0.104916 0.713681 0.004487
v -0.074432 0.713681 -0.069108
v -0.195178 0.803299 0.004487
v -0.104916 0.713681 0.004487
v -0.138257 0.803299 -0.132933
v 0.136584 0.803299 -0.132933
v -0.000837 0.713681 -0.099592
v 0.072759 0.713681 -0.069108
v -0.000837 0.803299 -0.189854
v -0.000837 0.713681 -0.099592
v 0.136584 0.803299 -0.132933
v -0.206501 1.291363 0.210152
v -0.000837 0.803299 0.198829
v -0.138257 0.803299 0.141908
v -0.000837 1.291363 0.295342
v -0.000837 0.803299 0.198829
v -0.206501 1.291363 0.210152
v -0.206501 1.291363 -0.201177
v -0.195178 0.803299 0.004487
v -0.138257 0.803299 -0.132933
v -0.291691 1.291363 0.004487
v -0.195178 0.803299 0.004487
v -0.206501 1.291363 -0.201177
v 0.204828 1.291363 -0.201178
v -0.000837 0.803299 -0.189854
v 0.136584 0.803299 -0.132933
v -0.000837 1.291363 -0.286367
v -0.000837 0.803299 -0.189854
v 0.204828 1.291363 -0.201178
v 0.204828 1.291363 0.210152
v 0.193505 0.803299 0.004487
v 0.136584 0.803299 0.141908
v 0.290018 1.291363 0.004487
v 0.193505 0.803299 0.004487
v 0.204828 1.291363 0.210152
v -0.291691 1.291363 0.004487
v -0.138257 0.803299 0.141908
v -0.195178 0.803299 0.004487
v -0.206501 1.291363 0.210152
v -0.138257 0.803299 0.141908
v -0.291691 1.291363 0.004487
v -0.000837 1.291363 -0.286367
v -0.138257 0.803299 -0.132933
v -0.000837 0.803299 -0.189854
v -0.206501 1.291363 -0.201177
v -0.138257 0.803299 -0.132933
v -0.000837 1.291363 -0.286367
v 0.290018 1.291363 0.004487
v 0.136584 0.803299 -0.132933
v 0.193505 0.803299 0.004487
v 0.204828 1.291363 -0.201178
v 0.136584 0.803299 -0.132933
v 0.290018 1.291363 0.004487
v -0.000837 1.291363 0.295342
v 0.136584 0.803299 0.141908
v -0.000837 0.803299 0.198829
v 0.204828 1.291363 0.210152
v 0.136584 0.803299 0.141908
v -0.000837 1.291363 0.295342
v -0.288344 1.384912 -0.283020
v -0.291691 1.291363 0.004487
v -0.206501 1.291363 -0.201177
v -0.407433 1.384912 0.004487
v -0.291691 1.291363 0.004487
v -0.288344 1.384912 -0.283020
v 0.286671 1.384912 -0.283020
v -0.000837 1.291363 -0.286367
v 0.204828 1.291363 -0.201178
v -0.000837 1.384912 -0.402109
v -0.000837 1.291363 -0.286367
v 0.286671 1.384912 -0.283020
v 0.286671 1.384912 0.291995
v 0.290018 1.291363 0.004487
v 0.204828 1.291363 0.210152
v 0.405760 1.384912 0.004487
v 0.290018 1.291363 0.004487
v 0.286671 1.384912 0.291995
v -0.407433 1.384912 0.004487
v -0.206501 1.291363 0.210152
v -0.291691 1.291363 0.004487
v -0.288344 1.384912 0.291995
v -0.206501 1.291363 0.210152
v -0.407433 1.384912 0.004487
v -0.000837 1.384912 -0.402109
v -0.206501 1.291363 -0.201177
v -0.000837 1.291363 -0.286367
v -0.288344 1.384912 -0.283020
v -0.206501 1.291363 -0.201177
v -0.000837 1.384912 -0.402109
v 0.405760 1.384912 0.004487
v 0.204828 1.291363 -0.201178
v 0.290018 1.291363 0.004487
v 0.286671 1.384912 -0.283020
v 0.204828 1.291363 -0.201178
v 0.405760 1.384912 0.004487
v -0.000837 1.384912 0.411084
v 0.204828 1.291363 0.210152
v -0.000837 1.291363 0.295342
v 0.286671 1.384912 0.291995
v 0.204828 1.291363 0.210152
v -0.000837 1.384912 0.411084
v -0.288344 1.384912 0.291995
v -0.000837 1.291363 0.295342
v -0.206501 1.291363 0.210152
v -0.000837 1.384912 0.411084
v -0.000837 1.291363 0.295342
v -0.288344 1.384912 0.291995
v 0.259697 1.384912 0.004487
v 0.286671 1.384912 -0.283020
v 0.405760 1.384912 0.004487
v 0.183389 1.384912 -0.179738
v 0.286671 1.384912 -0.283020
v 0.259697 1.384912 0.004487
v -0.000837 1.384912 -0.256046
v -0.288344 1.384912 -0.283020
v -0.000837 1.384912 -0.402109
v -0.185062 1.384912 -0.179738
v -0.288344 1.384912 -0.283020
v -0.000837 1.384912 -0.256046
v -0.261370 1.384912 0.004487
v -0.288344 1.384912 0.291995
v -0.407433 1.384912 0.004487
v -0.185062 1.384912 0.188712
v -0.288344 1.384912 0.291995
v -0.261370 1.384912 0.004487
v 0.183389 1.384912 0.188713
v 0.405760 1.384912 0.004487
v 0.286671 1.384912 0.291995
v 0.259697 1.384912 0.004487
v 0.405760 1.384912 0.004487
v 0.183389 1.384912 0.188713
v 0.183389 1.384912 -0.179738
v -0.000837 1.384912 -0.402109
v 0.286671 1.384912 -0.283020
v -0.000837 1.384912 -0.256046
v -0.000837 1.384912 -0.402109
v 0.183389 1.384912 -0.179738
v -0.185062 1.384912 -0.179738
v -0.407433 1.384912 0.004487
v -0.288344 1.384912 -0.283020
v -0.261370 1.384912 0.004487
v -0.407433 1.384912 0.004487
v -0.185062 1.384912 -0.179738
v -0.000837 1.384912 0.265021
v 0.286671 1.384912 0.291995
v -0.000837 1.384912 0.411084
v 0.183389 1.384912 0.188713
v 0.286671 1.384912 0.291995
v -0.000837 1.384912 0.265021
v -0.185062 1.384912 0.188712
v -0.000837 1.384912 0.411084
v -0.288344 1.384912 0.291995
v -0.000837 1.384912 0.265021
v -0.000837 1.384912 0.411084
v -0.185062 1.384912 0.188712
v -1.172293 0.913737 -0.080000
v -1.267651 0.683523 0.080000
v -1.267651 0.683523 -0.080000
v -1.172293 0.913737 0.080000
v -1.267651 0.683523 0.080000
v -1.172293 0.913737 -0.080000
v -0.942079 0.320323 -0.066399
v -0.942079 0.357952 0.080000
v -0.942079 0.357952 -0.080000
v -0.942079 0.320323 0.066399
v -0.942079 0.357952 0.080000
v -0.942079 0.320323 -0.066399
v -0.711865 0.453309 -0.080000
v -0.616507 0.683523 0.080000
v -0.616507 0.683523 -0.080000
v -0.711865 0.453309 0.080000
v -0.616507 0.683523 0.080000
v -0.711865 0.453309 -0.080000
v -0.711865 0.913737 -0.080000
v -0.942079 1.009095 0.080000
v -0.942079 1.009095 -0.080000
v -0.711865 0.913737 0.080000
v -0.942079 1.009095 0.080000
v -0.711865 0.913737 -0.080000
v -0.942079 1.009095 -0.080000
v -1.172293 0.913737 0.080000
v -1.172293 0.913737 -0.080000
v -0.942079 1.009095 0.080000
v -1.172293 0.913737 0.080000
v -0.942079 1.009095 -0.080000
v -1.267651 0.683523 -0.080000
v -1.172293 0.453309 0.080000
v -1.172293 0.453309 -0.080000
v -1.267651 0.683523 0.080000
v -1.172293 0.453309 0.080000
v -1.267651 0.683523 -0.080000
v -0.942079 0.357952 -0.080000
v -0.711865 0.453309 0.080000
v -0.711865 0.453309 -0.080000
v -0.942079 0.357952 0.080000
v -0.711865 0.453309 0.080000
v -0.942079 0.357952 -0.080000
v -0.616507 0.683523 -0.080000
v -0.711865 0.913737 0.080000
v -0.711865 0.913737 -0.080000
v -0.616507 0.683523 0.080000
v -0.711865 0.913737 0.080000
v -0.616507 0.683523 -0.080000
v -1.118453 0.859897 -0.080000
v -1.191509 0.683523 0.080000
v -1.118453 0.859897 0.080000
v -1.191509 0.683523 -0.080000
v -1.191509 0.683523 0.080000
v -1.118453 0.859897 -0.080000
v -1.118453 0.507149 -0.080000
v -0.942079 0.434093 0.080000
v -1.118453 0.507149 0.080000
v -0.942079 0.434093 -0.080000
v -0.942079 0.434093 0.080000
v -1.118453 0.507149 -0.080000
v -0.765705 0.507149 -0.080000
v -0.692649 0.683523 0.080000
v -0.765705 0.507149 0.080000
v -0.692649 0.683523 -0.080000
v -0.692649 0.683523 0.080000
v -0.765705 0.507149 -0.080000
v -0.765705 0.859897 -0.080000
v -0.942079 0.932953 0.080000
v -0.765705 0.859897 0.080000
v -0.942079 0.932953 -0.080000
v -0.942079 0.932953 0.080000
v -0.765705 0.859897 -0.080000
v -0.942079 0.932953 -0.080000
v -1.118453 0.859897 0.080000
v -0.942079 0.932953 0.080000
v -1.118453 0.859897 -0.080000
v -1.118453 0.859897 0.080000
v -0.942079 0.932953 -0.080000
v -1.191509 0.683523 -0.080000
v -1.118453 0.507149 0.080000
v -1.191509 0.683523 0.080000
v -1.118453 0.507149 -0.080000
v -1.118453 0.507149 0.080000
v -1.191509 0.683523 -0.080000
v -0.942079 0.434093 -0.080000
v -0.765705 0.507149 0.080000
v -0.942079 0.434093 0.080000
v -0.765705 0.507149 -0.080000
v -0.765705 0.507149 0.080000
v -0.942079 0.434093 -0.080000
v -0.692649 0.683523 -0.080000
v -0.765705 0.859897 0.080000
v -0.692649 0.683523 0.080000
v -0.765705 0.859897 -0.080000
v -0.765705 0.859897 0.080000
v -0.692649 0.683523 -0.080000
v -0.765705 0.507149 -0.080000
v -0.942079 0.357952 -0.080000
v -0.711865 0.453309 -0.080000
v -0.942079 0.434093 -0.080000
v -0.942079 0.357952 -0.080000
v -0.765705 0.507149 -0.080000
v -1.118453 0.507149 0.080000
v -0.942079 0.357952 0.080000
v -1.172293 0.453309 0.080000
v -0.942079 0.434093 0.080000
v -0.942079 0.357952 0.080000
v -1.118453 0.507149 0.080000
v -0.942079 0.434093 -0.080000
v -1.172293 0.453309 -0.080000
v -0.942079 0.357952 -0.080000
v -1.118453 0.507149 -0.080000
v -1.172293 0.453309 -0.080000
v -0.942079 0.434093 -0.080000
v -1.191509 0.683523 0.080000
v -1.172293 0.453309 0.080000
v -1.267651 0.683523 0.080000
v -1.118453 0.507149 0.080000
v -1.172293 0.453309 0.080000
v -1.191509 0.683523 0.080000
v -1.118453 0.507149 -0.080000
v -1.267651 0.683523 -0.080000
v -1.172293 0.453309 -0.080000
v -1.191509 0.683523 -0.080000
v -1.267651 0.683523 -0.080000
v -1.118453 0.507149 -0.080000
v -1.118453 0.859897 0.080000
v -1.267651 0.683523 0.080000
v -1.172293 0.913737 0.080000
v -1.191509 0.683523 0.080000
v -1.267651 0.683523 0.080000
v -1.118453 0.859897 0.080000
v -1.191509 0.683523 -0.080000
v -1.172293 0.913737 -0.080000
v -1.267651 0.683523 -0.080000
v -1.118453 0.859897 -0.080000
v -1.172293 0.913737 -0.080000
v -1.191509 0.683523 -0.080000
v -0.942079 0.932953 0.080000
v -1.172293 0.913737 0.080000
v -0.942079 1.009095 0.080000
v -1.118453 0.859897 0.080000
v -1.172293 0.913737 0.080000
v -0.942079 0.932953 0.080000
v -0.765705 0.859897 0.080000
v -0.942079 1.009095 0.080000
v -0.711865 0.913737 0.080000
v -0.942079 0.932953 0.080000
v -0.942079 1.009095 0.080000
v -0.765705 0.859897 0.080000
v -1.118453 0.859897 -0.080000
v -0.942079 1.009095 -0.080000
v -1.172293 0.913737 -0.080000
v -0.942079 0.932953 -0.080000
v -0.942079 1.009095 -0.080000
v -1.118453 0.859897 -0.080000
v -0.942079 0.932953 -0.080000
v -0.711865 0.913737 -0.080000
v -0.942079 1.009095 -0.080000
v -0.765705 0.859897 -0.080000
v -0.711865 0.913737 -0.080000
v -0.942079 0.932953 -0.080000
v -0.692649 0.683523 0.080000
v -0.711865 0.913737 0.080000
v -0.616507 0.683523 0.080000
v -0.765705 0.859897 0.080000
v -0.711865 0.913737 0.080000
v -0.692649 0.683523 0.080000
v -0.765705 0.859897 -0.080000
v -0.616507 0.683523 -0.080000
v -0.711865 0.913737 -0.080000
v -0.692649 0.683523 -0.080000
v -0.616507 0.683523 -0.080000
v -0.765705 0.859897 -0.080000
v -0.765705 0.507149 0.080000
v -0.616507 0.683523 0.080000
v -0.711865 0.453309 0.080000
v -0.692649 0.683523 0.080000
v -0.616507 0.683523 0.080000
v -0.765705 0.507149 0.080000
v -0.692649 0.683523 -0.080000
v -0.711865 0.453309 -0.080000
v -0.616507 0.683523 -0.080000
v -0.765705 0.507149 -0.080000
v -0.711865 0.453309 -0.080000
v -0.692649 0.683523 -0.080000
v -0.942079 0.434093 0.080000
v -0.711865 0.453309 0.080000
v -0.942079 0.357952 0.080000
v -0.765705 0.507149 0.080000
v -0.711865 0.453309 0.080000
v -0.942079 0.434093 0.080000
v -0.996503 0.320323 -0.066399
v -0.942079 0.320323 -0.066399
v -0.942079 0.357952 -0.080000
v -0.996503 0.320323 0.066399
v -0.942079 0.357952 0.080000
v -0.942079 0.320323 0.066399
v -0.996503 0.320323 -0.066399
v -0.942079 0.357952 -0.080000
v -1.172293 0.453309 -0.080000
v -1.172293 0.453309 0.080000
v -0.942079 0.357952 0.080000
v -0.996503 0.320323 0.066399
v -1.024006 0.320323 0.000000
v -0.996503 0.320323 -0.066399
v -1.172293 0.453309 -0.080000
v -1.172293 0.453309 0.080000
v -0.996503 0.320323 0.066399
v -1.024006 0.320323 0.000000
v -1.172293 0.453309 -0.080000
v -1.172293 0.453309 0.080000
v -1.024006 0.320323 0.000000
v 0.000000 0.000000 0.800000
v 0.800000 0.000000 -0.000000
v 0.565686 0.000000 0.565685
v -0.800000 0.000000 0.000000
v 0.000000 0.000000 0.800000
v -0.565685 0.000000 0.565685
v -0.000000 0.000000 -0.800000
v -0.800000 0.000000 0.000000
v -0.565685 0.000000 -0.565685
v -0.800000 0.000000 0.000000
v -0.000000 0.000000 -0.800000
v 0.565686 0.000000 -0.565685
v -0.800000 0.000000 0.000000
v 0.565686 0.000000 -0.565685
v 0.800000 0.000000 -0.000000
v -0.261370 2.237986 0.004487
v -0.185062 1.384912 0.188712
v -0.261370 1.384912 0.004487
v -0.185062 2.237986 0.188712
v -0.185062 1.384912 0.188712
v -0.261370 2.237986 0.004487
v -0.000837 2.237986 0.265021
v 0.183389 1.384912 0.188713
v -0.000837 1.384912 0.265021
v 0.183389 2.237986 0.188713
v 0.183389 1.384912 0.188713
v -0.000837 2.237986 0.265021
v 0.259697 2.237986 0.004487
v 0.183389 1.384912 -0.179738
v 0.259697 1.384912 0.004487
v 0.183389 2.237986 -0.179738
v 0.183389 1.384912 -0.179738
v 0.259697 2.237986 0.004487
v -0.000837 2.237986 -0.256046
v -0.185062 1.384912 -0.179738
v -0.000837 1.384912 -0.256046
v -0.185062 2.237986 -0.179738
v -0.185062 1.384912 -0.179738
v -0.000837 2.237986 -0.256046
v -0.185062 2.237986 0.188712
v -0.000837 1.384912 0.265021
v -0.185062 1.384912 0.188712
v -0.000837 2.237986 0.265021
v -0.000837 1.384912 0.265021
v -0.185062 2.237986 0.188712
v -0.185062 2.237986 -0.179738
v -0.261370 1.384912 0.004487
v -0.185062 1.384912 -0.179738
v -0.261370 2.237986 0.004487
v -0.261370 1.384912 0.004487
v -0.185062 2.237986 -0.179738
v 0.183389 2.237986 0.188713
v 0.259697 1.384912 0.004487
v 0.183389 1.384912 0.188713
v 0.259697 2.237986 0.004487
v 0.259697 1.384912 0.004487
v 0.183389 2.237986 0.188713
v 0.183389 2.237986 -0.179738
v -0.000837 1.384912 -0.256046
v 0.183389 1.384912 -0.179738
v -0.000837 2.237986 -0.256046
v -0.000837 1.384912 -0.256046
v 0.183389 2.237986 -0.179738
v -0.261370 2.237986 0.004487
v 0.259697 2.237986 0.004487
v -0.000837 2.237986 0.265021
v -0.000837 2.237986 -0.256046
v -0.261370 2.237986 0.004487
v -0.185062 2.237986 -0.179738
v 0.259697 2.237986 0.004487
v -0.000837 2.237986 -0.256046
v 0.183389 2.237986 -0.179738
v -0.000837 2.237986 0.265021
v 0.259697 2.237986 0.004487
v 0.183389 2.237986 0.188713
v -0.261370 2.237986 0.004487
v -0.000837 2.237986 0.265021
v -0.185062 2.237986 0.188712
v 0.259697 2.237986 0.004487
v -0.261370 2.237986 0.004487
v -0.000837 2.237986 -0.256046
v 0.259697 2.797986 0.004487
v -0.261370 2.237986 0.004487
v 0.259697 2.237986 0.004487
v -0.261370 2.797986 0.004487
v -0.261370 2.237986 0.004487
v 0.259697 2.797986 0.004487
v -0.000837 2.797986 -0.256046
v -0.000837 2.237986 0.265021
v -0.000837 2.237986 -0.256046
v -0.000837 2.797986 0.265021
v -0.000837 2.237986 0.265021
v -0.000837 2.797986 -0.256046

vt 0.360255 0.254910
vt 0.105929 0.360255
vt 0.254910 0.000583
vt 0.438589 0.639781
vt 0.458055 0.639781
vt 0.438589 0.830478
vt 0.458055 0.639781
vt 0.458055 0.830478
vt 0.438589 0.830478
vt 0.361421 0.660639
vt 0.438589 0.639781
vt 0.361421 0.809620
vt 0.438589 0.639781
vt 0.438589 0.830478
vt 0.361421 0.809620
vt 0.793756 0.688802
vt 0.716587 0.709660
vt 0.793756 0.539820
vt 0.716587 0.709660
vt 0.716587 0.518962
vt 0.793756 0.539820
vt 0.000583 0.555072
vt 0.077751 0.534214
vt 0.000583 0.704053
vt 0.077751 0.534214
vt 0.077752 0.724911
vt 0.000583 0.704053
vt 0.647544 0.194234
vt 0.724712 0.173376
vt 0.647544 0.343215
vt 0.724712 0.173376
vt 0.724712 0.364073
vt 0.647544 0.343215
vt 0.674321 0.398144
vt 0.695179 0.475312
vt 0.525340 0.398144
vt 0.695179 0.475312
vt 0.504482 0.475312
vt 0.525340 0.398144
vt 0.263297 0.817383
vt 0.186129 0.838241
vt 0.263297 0.668402
vt 0.186129 0.838241
vt 0.186129 0.647544
vt 0.263297 0.668402
vt 0.531260 0.518962
vt 0.552118 0.596131
vt 0.382279 0.518963
vt 0.552118 0.596131
vt 0.361421 0.596131
vt 0.382279 0.518963
vt 0.553284 0.539820
vt 0.630452 0.518962
vt 0.553284 0.688802
vt 0.630452 0.518962
vt 0.630453 0.709660
vt 0.553284 0.688802
vt 0.055508 0.514276
vt 0.000583 0.491525
vt 0.055508 0.380193
vt 0.000583 0.491525
vt 0.000583 0.402944
vt 0.055508 0.380193
vt 0.716587 0.709660
vt 0.697122 0.709660
vt 0.716587 0.518962
vt 0.697122 0.709660
vt 0.697122 0.518962
vt 0.716587 0.518962
vt 0.077751 0.534214
vt 0.097217 0.534214
vt 0.077752 0.724911
vt 0.097217 0.534214
vt 0.097217 0.724911
vt 0.077752 0.724911
vt 0.724712 0.173376
vt 0.744178 0.173376
vt 0.724712 0.364073
vt 0.744178 0.173376
vt 0.744177 0.364073
vt 0.724712 0.364073
vt 0.695179 0.475312
vt 0.695179 0.494777
vt 0.504482 0.475312
vt 0.695179 0.494777
vt 0.504482 0.494777
vt 0.504482 0.475312
vt 0.186129 0.838241
vt 0.166663 0.838241
vt 0.186129 0.647544
vt 0.166663 0.838241
vt 0.166663 0.647544
vt 0.186129 0.647544
vt 0.552118 0.596131
vt 0.552118 0.615596
vt 0.361421 0.596131
vt 0.552118 0.615596
vt 0.361421 0.615596
vt 0.361421 0.596131
vt 0.630452 0.518962
vt 0.649918 0.518962
vt 0.630453 0.709660
vt 0.649918 0.518962
vt 0.649918 0.709659
vt 0.630453 0.709660
vt 0.497517 0.346169
vt 0.515035 0.346169
vt 0.497517 0.517797
vt 0.515035 0.346169
vt 0.515035 0.517797
vt 0.497517 0.517797
vt 0.416346 0.364941
vt 0.485798 0.346169
vt 0.416346 0.499025
vt 0.485798 0.346169
vt 0.485798 0.517797
vt 0.416346 0.499025
vt 0.559408 0.192148
vt 0.628859 0.173376
vt 0.559408 0.326231
vt 0.628859 0.173376
vt 0.628859 0.345003
vt 0.559408 0.326231
vt 0.416346 0.019355
vt 0.485798 0.000583
vt 0.416346 0.153438
vt 0.485798 0.000583
vt 0.485798 0.172210
vt 0.416346 0.153438
vt 0.162416 0.448391
vt 0.143644 0.378940
vt 0.296499 0.448391
vt 0.143644 0.378940
vt 0.315272 0.378940
vt 0.296499 0.448391
vt 0.055508 0.380193
vt 0.124960 0.361421
vt 0.055508 0.514276
vt 0.124960 0.361421
vt 0.124960 0.533048
vt 0.055508 0.514276
vt 0.416346 0.192148
vt 0.485798 0.173376
vt 0.416346 0.326231
vt 0.485798 0.173376
vt 0.485798 0.345003
vt 0.416346 0.326231
vt 0.559408 0.019355
vt 0.628859 0.000583
vt 0.559408 0.153438
vt 0.628859 0.000583
vt 0.628859 0.172210
vt 0.559408 0.153438
vt 0.296499 0.559407
vt 0.315272 0.628859
vt 0.162416 0.559407
vt 0.315272 0.628859
vt 0.143644 0.628859
vt 0.162416 0.559407
vt 0.542922 0.173376
vt 0.560440 0.173376
vt 0.542922 0.345003
vt 0.560440 0.173376
vt 0.560440 0.345003
vt 0.542922 0.345003
vt 0.497516 0.000583
vt 0.515035 0.000583
vt 0.497517 0.172210
vt 0.515035 0.000583
vt 0.515035 0.172210
vt 0.497517 0.172210
vt 0.585873 0.455994
vt 0.568355 0.455994
vt 0.585873 0.284367
vt 0.568355 0.455994
vt 0.568355 0.284367
vt 0.585873 0.284367
vt 0.560506 0.462983
vt 0.578025 0.462983
vt 0.560506 0.634611
vt 0.578025 0.462983
vt 0.578025 0.634611
vt 0.560506 0.634611
vt 0.497517 0.173376
vt 0.515035 0.173376
vt 0.497517 0.345003
vt 0.515035 0.173376
vt 0.515035 0.345003
vt 0.497517 0.345003
vt 0.542922 0.000583
vt 0.560440 0.000583
vt 0.542922 0.172210
vt 0.560440 0.000583
vt 0.560440 0.172210
vt 0.542922 0.172210
vt 0.541011 0.555711
vt 0.558530 0.555711
vt 0.541011 0.727338
vt 0.558530 0.555711
vt 0.558530 0.727338
vt 0.541011 0.727338
vt 0.695179 0.494777
vt 0.685645 0.517797
vt 0.504482 0.494777
vt 0.744177 0.364073
vt 0.744178 0.173376
vt 0.767197 0.354538
vt 0.685645 0.517797
vt 0.514017 0.517797
vt 0.504482 0.494777
vt 0.767197 0.354538
vt 0.744178 0.173376
vt 0.767197 0.182911
vt 0.672937 0.528497
vt 0.649918 0.709659
vt 0.649918 0.518962
vt 0.458055 0.639781
vt 0.481074 0.649316
vt 0.458055 0.830478
vt 0.481074 0.649316
vt 0.481074 0.820943
vt 0.458055 0.830478
vt 0.166663 0.838241
vt 0.143644 0.828706
vt 0.166663 0.647544
vt 0.143644 0.828706
vt 0.143644 0.657078
vt 0.166663 0.647544
vt 0.120236 0.715376
vt 0.097217 0.724911
vt 0.120236 0.543749
vt 0.097217 0.724911
vt 0.097217 0.534214
vt 0.120236 0.543749
vt 0.697122 0.518962
vt 0.674103 0.700125
vt 0.674103 0.528497
vt 0.370956 0.638615
vt 0.361421 0.615596
vt 0.542583 0.638615
vt 0.672937 0.700125
vt 0.649918 0.709659
vt 0.672937 0.528497
vt 0.361421 0.615596
vt 0.552118 0.615596
vt 0.542583 0.638615
vt 0.697122 0.709660
vt 0.674103 0.700125
vt 0.697122 0.518962
vt 0.416346 0.326231
vt 0.361421 0.303481
vt 0.416346 0.192148
vt 0.361421 0.303481
vt 0.361421 0.214899
vt 0.416346 0.192148
vt 0.559408 0.153438
vt 0.504482 0.130687
vt 0.559408 0.019355
vt 0.504482 0.130687
vt 0.504482 0.042106
vt 0.559408 0.019355
vt 0.162416 0.559407
vt 0.185167 0.504482
vt 0.296499 0.559407
vt 0.185167 0.504482
vt 0.273749 0.504482
vt 0.296499 0.559407
vt 0.416346 0.499025
vt 0.361421 0.476274
vt 0.416346 0.364941
vt 0.361421 0.476274
vt 0.361421 0.387692
vt 0.416346 0.364941
vt 0.559408 0.326231
vt 0.504482 0.303481
vt 0.559408 0.192148
vt 0.504482 0.303481
vt 0.504482 0.214899
vt 0.559408 0.192148
vt 0.416346 0.153438
vt 0.361421 0.130688
vt 0.416346 0.019355
vt 0.361421 0.130688
vt 0.361421 0.042106
vt 0.416346 0.019355
vt 0.296499 0.448391
vt 0.273749 0.503316
vt 0.162416 0.448391
vt 0.273749 0.503316
vt 0.185167 0.503317
vt 0.162416 0.448391
vt 0.991450 0.607544
vt 0.943716 0.591037
vt 0.991450 0.518962
vt 0.943716 0.591037
vt 0.943716 0.535470
vt 0.991450 0.518962
vt 0.000583 0.726077
vt 0.048317 0.742584
vt 0.000583 0.814659
vt 0.048317 0.742584
vt 0.048317 0.798151
vt 0.000583 0.814659
vt 0.991450 0.697291
vt 0.943716 0.680784
vt 0.991450 0.608710
vt 0.943716 0.680784
vt 0.943716 0.625217
vt 0.991450 0.608710
vt 0.594878 0.997110
vt 0.547144 0.980603
vt 0.594878 0.908529
vt 0.547144 0.980603
vt 0.547144 0.925036
vt 0.594878 0.908529
vt 0.915717 0.920226
vt 0.867983 0.903718
vt 0.915717 0.831644
vt 0.867983 0.903718
vt 0.867983 0.848151
vt 0.915717 0.831644
vt 0.982764 0.089164
vt 0.935031 0.072657
vt 0.982764 0.000583
vt 0.935031 0.072657
vt 0.935031 0.017090
vt 0.982764 0.000583
vt 0.477567 0.997110
vt 0.429833 0.980603
vt 0.477567 0.908529
vt 0.429833 0.980603
vt 0.429833 0.925036
vt 0.477567 0.908529
vt 0.712190 0.997110
vt 0.664456 0.980603
vt 0.712190 0.908529
vt 0.664456 0.980603
vt 0.664456 0.925036
vt 0.712190 0.908529
vt 0.867983 0.903718
vt 0.829608 0.892582
vt 0.867983 0.848151
vt 0.829608 0.892582
vt 0.829608 0.859287
vt 0.867983 0.848151
vt 0.935031 0.072657
vt 0.896656 0.061521
vt 0.935031 0.017090
vt 0.896656 0.061521
vt 0.896656 0.028226
vt 0.935031 0.017090
vt 0.429833 0.980603
vt 0.391458 0.969467
vt 0.429833 0.925036
vt 0.391458 0.969467
vt 0.391458 0.936172
vt 0.429833 0.925036
vt 0.664456 0.980603
vt 0.626081 0.969467
vt 0.664456 0.925036
vt 0.626081 0.969467
vt 0.626081 0.936172
vt 0.664456 0.925036
vt 0.943716 0.591037
vt 0.905341 0.579901
vt 0.943716 0.535470
vt 0.905341 0.579901
vt 0.905341 0.546605
vt 0.943716 0.535470
vt 0.048317 0.742584
vt 0.086692 0.753720
vt 0.048317 0.798151
vt 0.086692 0.753720
vt 0.086692 0.787016
vt 0.048317 0.798151
vt 0.943716 0.680784
vt 0.905341 0.669648
vt 0.943716 0.625217
vt 0.905341 0.669648
vt 0.905341 0.636353
vt 0.943716 0.625217
vt 0.547144 0.980603
vt 0.508770 0.969467
vt 0.547144 0.925036
vt 0.508770 0.969467
vt 0.508770 0.936172
vt 0.547144 0.925036
vt 0.896656 0.061521
vt 0.866619 0.056017
vt 0.896656 0.028226
vt 0.866619 0.056017
vt 0.866619 0.033730
vt 0.896656 0.028226
vt 0.391458 0.969467
vt 0.361421 0.963963
vt 0.391458 0.936172
vt 0.361421 0.963963
vt 0.361421 0.941676
vt 0.391458 0.936172
vt 0.626081 0.969467
vt 0.596044 0.963963
vt 0.626081 0.936172
vt 0.596044 0.963963
vt 0.596044 0.941676
vt 0.626081 0.936172
vt 0.905341 0.579901
vt 0.875304 0.574397
vt 0.905341 0.546605
vt 0.875304 0.574397
vt 0.875304 0.552109
vt 0.905341 0.546605
vt 0.086692 0.753720
vt 0.116729 0.759224
vt 0.086692 0.787016
vt 0.116729 0.759224
vt 0.116729 0.781511
vt 0.086692 0.787016
vt 0.905341 0.669648
vt 0.875304 0.664144
vt 0.905341 0.636353
vt 0.875304 0.664144
vt 0.875304 0.641857
vt 0.905341 0.636353
vt 0.508770 0.969467
vt 0.478733 0.963963
vt 0.508770 0.936172
vt 0.478733 0.963963
vt 0.478733 0.941676
vt 0.508770 0.936172
vt 0.829608 0.892582
vt 0.799571 0.887078
vt 0.829608 0.859287
vt 0.799571 0.887078
vt 0.799571 0.864791
vt 0.829608 0.859287
vt 0.264463 0.904601
vt 0.264463 0.883272
vt 0.286750 0.904601
vt 0.264463 0.883272
vt 0.286750 0.883272
vt 0.286750 0.904601
vt 0.022870 0.815824
vt 0.022870 0.837154
vt 0.000583 0.815824
vt 0.022870 0.837154
vt 0.000583 0.837154
vt 0.000583 0.815824
vt 0.592244 0.368457
vt 0.570914 0.368457
vt 0.592244 0.346169
vt 0.570914 0.368457
vt 0.570914 0.346169
vt 0.592244 0.346169
vt 0.117894 0.813816
vt 0.117894 0.792486
vt 0.140182 0.813816
vt 0.117894 0.792486
vt 0.140182 0.792486
vt 0.140182 0.813816
vt 0.551434 0.639781
vt 0.551434 0.661111
vt 0.529146 0.639781
vt 0.551434 0.661111
vt 0.529146 0.661111
vt 0.529146 0.639781
vt 0.505693 0.727557
vt 0.505693 0.706227
vt 0.527980 0.727557
vt 0.505693 0.706227
vt 0.527980 0.706227
vt 0.527980 0.727557
vt 0.310203 0.816877
vt 0.310203 0.838207
vt 0.287916 0.816877
vt 0.310203 0.838207
vt 0.287916 0.838207
vt 0.287916 0.816877
vt 0.504527 0.639781
vt 0.504527 0.661111
vt 0.482240 0.639781
vt 0.504527 0.661111
vt 0.482240 0.661111
vt 0.482240 0.639781
vt 0.022870 0.837154
vt 0.018759 0.869948
vt 0.000583 0.837154
vt 0.018759 0.869948
vt 0.004694 0.869948
vt 0.000583 0.837154
vt 0.570914 0.368457
vt 0.538121 0.364345
vt 0.570914 0.346169
vt 0.538121 0.364345
vt 0.538121 0.350281
vt 0.570914 0.346169
vt 0.117894 0.792486
vt 0.122006 0.759692
vt 0.140182 0.792486
vt 0.122006 0.759692
vt 0.136070 0.759692
vt 0.140182 0.792486
vt 0.551434 0.661111
vt 0.547322 0.693904
vt 0.529146 0.661111
vt 0.547322 0.693904
vt 0.533258 0.693904
vt 0.529146 0.661111
vt 0.505693 0.706227
vt 0.509805 0.673434
vt 0.527980 0.706227
vt 0.509805 0.673434
vt 0.523869 0.673434
vt 0.527980 0.706227
vt 0.310203 0.838207
vt 0.306092 0.871001
vt 0.287916 0.838207
vt 0.306092 0.871001
vt 0.292028 0.871001
vt 0.287916 0.838207
vt 0.504527 0.661111
vt 0.500416 0.693904
vt 0.482240 0.661111
vt 0.500416 0.693904
vt 0.486351 0.693904
vt 0.482240 0.661111
vt 0.264463 0.883272
vt 0.268575 0.850478
vt 0.286750 0.883272
vt 0.268575 0.850478
vt 0.282639 0.850478
vt 0.286750 0.883272
vt 0.500416 0.693904
vt 0.500645 0.704760
vt 0.486351 0.693904
vt 0.500645 0.704760
vt 0.486581 0.704760
vt 0.486351 0.693904
vt 0.565449 0.407119
vt 0.564363 0.396315
vt 0.579514 0.407119
vt 0.564363 0.396315
vt 0.578427 0.396315
vt 0.579514 0.407119
vt 0.557821 0.641432
vt 0.556890 0.652251
vt 0.543757 0.641432
vt 0.556890 0.652251
vt 0.542826 0.652251
vt 0.543757 0.641432
vt 0.538121 0.364345
vt 0.527279 0.363739
vt 0.538121 0.350281
vt 0.527279 0.363739
vt 0.527279 0.349675
vt 0.538121 0.350281
vt 0.547787 0.517505
vt 0.546856 0.506686
vt 0.561851 0.517505
vt 0.546856 0.506686
vt 0.560920 0.506686
vt 0.561851 0.517505
vt 0.547322 0.693904
vt 0.547928 0.704746
vt 0.533258 0.693904
vt 0.547928 0.704746
vt 0.533864 0.704746
vt 0.533258 0.693904
vt 0.509805 0.673434
vt 0.510034 0.662578
vt 0.523869 0.673434
vt 0.510034 0.662578
vt 0.524099 0.662578
vt 0.523869 0.673434
vt 0.571717 0.306548
vt 0.570630 0.317352
vt 0.557653 0.306548
vt 0.570630 0.317352
vt 0.556566 0.317352
vt 0.557653 0.306548
vt 0.556890 0.652251
vt 0.559549 0.675047
vt 0.542826 0.652251
vt 0.559549 0.675047
vt 0.540167 0.675047
vt 0.542826 0.652251
vt 0.527279 0.363739
vt 0.504482 0.366398
vt 0.527279 0.349675
vt 0.504482 0.366398
vt 0.504482 0.347016
vt 0.527279 0.349675
vt 0.546856 0.506686
vt 0.544197 0.483890
vt 0.560920 0.506686
vt 0.544197 0.483890
vt 0.563580 0.483890
vt 0.560920 0.506686
vt 0.547928 0.704746
vt 0.550587 0.727543
vt 0.533864 0.704746
vt 0.550587 0.727543
vt 0.531205 0.727543
vt 0.533864 0.704746
vt 0.510034 0.662578
vt 0.507375 0.639781
vt 0.524099 0.662578
vt 0.507375 0.639781
vt 0.526758 0.639781
vt 0.524099 0.662578
vt 0.570630 0.317352
vt 0.573289 0.340148
vt 0.556566 0.317352
vt 0.573289 0.340148
vt 0.553907 0.340148
vt 0.556566 0.317352
vt 0.500645 0.704760
vt 0.503304 0.727557
vt 0.486581 0.704760
vt 0.503304 0.727557
vt 0.483922 0.727557
vt 0.486581 0.704760
vt 0.564363 0.396315
vt 0.561704 0.373518
vt 0.578427 0.396315
vt 0.561704 0.373518
vt 0.581086 0.373518
vt 0.578427 0.396315
vt 0.560172 0.443598
vt 0.530386 0.452002
vt 0.560172 0.424215
vt 0.530386 0.452002
vt 0.530386 0.415811
vt 0.560172 0.424215
vt 0.559626 0.238812
vt 0.589412 0.230408
vt 0.559627 0.258195
vt 0.589412 0.230408
vt 0.589412 0.266599
vt 0.559627 0.258195
vt 0.578344 0.050086
vt 0.548558 0.058491
vt 0.578344 0.030704
vt 0.548558 0.058491
vt 0.548558 0.022300
vt 0.578344 0.030704
vt 0.579330 0.879195
vt 0.549545 0.887599
vt 0.579330 0.859812
vt 0.549545 0.887599
vt 0.549545 0.851408
vt 0.579330 0.859812
vt 0.515202 0.931929
vt 0.485417 0.940334
vt 0.515202 0.912547
vt 0.485417 0.940334
vt 0.485417 0.904142
vt 0.515202 0.912547
vt 0.577427 0.974185
vt 0.547642 0.982589
vt 0.577427 0.954802
vt 0.547642 0.982589
vt 0.547642 0.946398
vt 0.577427 0.954802
vt 0.532309 0.090011
vt 0.562095 0.081607
vt 0.532309 0.109394
vt 0.562095 0.081607
vt 0.562095 0.117798
vt 0.532309 0.109394
vt 0.602493 0.806216
vt 0.572707 0.814621
vt 0.602493 0.786834
vt 0.572707 0.814621
vt 0.572707 0.778429
vt 0.602493 0.786834
vt 0.889438 0.810714
vt 0.768719 0.819701
vt 0.889438 0.774523
vt 0.768719 0.819701
vt 0.768719 0.765536
vt 0.889438 0.774523
vt 0.677329 0.097232
vt 0.798049 0.088245
vt 0.677329 0.133423
vt 0.798049 0.088245
vt 0.798049 0.142410
vt 0.677329 0.133423
vt 0.670363 0.810715
vt 0.549644 0.819701
vt 0.670363 0.774523
vt 0.549644 0.819701
vt 0.549644 0.765536
vt 0.670363 0.774523
vt 0.233511 0.895362
vt 0.112792 0.904348
vt 0.233511 0.859170
vt 0.112792 0.904348
vt 0.112792 0.850183
vt 0.233511 0.859170
vt 0.726131 0.417908
vt 0.846850 0.408921
vt 0.726131 0.454099
vt 0.846850 0.408921
vt 0.846851 0.463086
vt 0.726131 0.454099
vt 0.835667 0.056538
vt 0.714948 0.065525
vt 0.835667 0.020346
vt 0.714948 0.065525
vt 0.714948 0.011360
vt 0.835667 0.020346
vt 0.549545 0.887599
vt 0.428825 0.896586
vt 0.549545 0.851408
vt 0.428825 0.896586
vt 0.428825 0.842421
vt 0.549545 0.851408
vt 0.768620 0.887599
vt 0.647900 0.896586
vt 0.768620 0.851408
vt 0.647900 0.896586
vt 0.647900 0.842421
vt 0.768620 0.851408
vt 0.548049 0.328479
vt 0.582619 0.317702
vt 0.548049 0.382644
vt 0.582619 0.317702
vt 0.582619 0.393421
vt 0.548049 0.382644
vt 0.549644 0.819701
vt 0.515074 0.830478
vt 0.549644 0.765536
vt 0.515074 0.830478
vt 0.515074 0.754759
vt 0.549644 0.765536
vt 0.499137 0.699320
vt 0.464568 0.710097
vt 0.499138 0.645156
vt 0.464568 0.710097
vt 0.464568 0.634378
vt 0.499138 0.645156
vt 0.507007 0.428452
vt 0.541577 0.417675
vt 0.507007 0.482617
vt 0.541577 0.417675
vt 0.541577 0.493394
vt 0.507007 0.482617
vt 0.584088 0.122165
vt 0.549519 0.132943
vt 0.584088 0.068001
vt 0.549519 0.132943
vt 0.549519 0.057224
vt 0.584088 0.068001
vt 0.553825 0.712992
vt 0.519255 0.723769
vt 0.553825 0.658827
vt 0.519255 0.723769
vt 0.519255 0.648050
vt 0.553825 0.658827
vt 0.540478 0.914164
vt 0.505909 0.924941
vt 0.540478 0.859999
vt 0.505909 0.924941
vt 0.505909 0.849222
vt 0.540478 0.859999
vt 0.559735 0.593138
vt 0.525165 0.603916
vt 0.559735 0.538974
vt 0.525165 0.603916
vt 0.525165 0.528197
vt 0.559735 0.538974
vt 0.394255 0.907363
vt 0.361421 0.893763
vt 0.394255 0.831644
vt 0.361421 0.893763
vt 0.361421 0.845244
vt 0.394255 0.831644
vt 0.680378 0.076302
vt 0.647544 0.062702
vt 0.680378 0.000583
vt 0.647544 0.062702
vt 0.647544 0.014183
vt 0.680378 0.000583
vt 0.881420 0.398144
vt 0.914254 0.411744
vt 0.881420 0.473863
vt 0.914254 0.411744
vt 0.914254 0.460262
vt 0.881420 0.473863
vt 0.078222 0.915125
vt 0.045388 0.901525
vt 0.078222 0.839406
vt 0.045388 0.901525
vt 0.045388 0.853007
vt 0.078222 0.839406
vt 0.515074 0.830478
vt 0.482240 0.816878
vt 0.515074 0.754759
vt 0.482240 0.816878
vt 0.482240 0.768359
vt 0.515074 0.754759
vt 0.832619 0.077468
vt 0.865453 0.091068
vt 0.832619 0.153187
vt 0.865453 0.091068
vt 0.865453 0.139587
vt 0.832619 0.153187
vt 0.613330 0.907363
vt 0.580496 0.893763
vt 0.613330 0.831644
vt 0.580496 0.893763
vt 0.580496 0.845244
vt 0.613330 0.831644
vt 0.734149 0.830478
vt 0.701315 0.816878
vt 0.734149 0.754759
vt 0.701315 0.816878
vt 0.701315 0.768359
vt 0.734149 0.754759
vt 0.929128 0.294636
vt 0.929128 0.234006
vt 0.968059 0.294636
vt 0.929128 0.234006
vt 0.968059 0.234006
vt 0.968059 0.294636
vt 0.316437 0.370577
vt 0.319747 0.361421
vt 0.355368 0.370577
vt 0.319747 0.361421
vt 0.352059 0.361421
vt 0.355368 0.370577
vt 0.316437 0.491837
vt 0.316437 0.431207
vt 0.355368 0.491837
vt 0.316437 0.431207
vt 0.355368 0.431207
vt 0.355368 0.491837
vt 0.316437 0.613097
vt 0.316437 0.552467
vt 0.355368 0.613097
vt 0.316437 0.552467
vt 0.355368 0.552467
vt 0.355368 0.613097
vt 0.929128 0.234006
vt 0.929128 0.173376
vt 0.968059 0.234006
vt 0.929128 0.173376
vt 0.968059 0.173376
vt 0.968059 0.234006
vt 0.929128 0.355266
vt 0.929128 0.294636
vt 0.968059 0.355266
vt 0.929128 0.294636
vt 0.968059 0.294636
vt 0.968059 0.355266
vt 0.316437 0.431207
vt 0.316437 0.370577
vt 0.355368 0.431207
vt 0.316437 0.370577
vt 0.355368 0.370577
vt 0.355368 0.431207
vt 0.316437 0.552467
vt 0.316437 0.491837
vt 0.355368 0.552467
vt 0.316437 0.491837
vt 0.355368 0.491837
vt 0.355368 0.552467
vt 0.959321 0.894111
vt 0.920390 0.894111
vt 0.959321 0.847660
vt 0.920390 0.894111
vt 0.920390 0.847660
vt 0.959321 0.847660
vt 0.959321 0.801210
vt 0.920390 0.801210
vt 0.959321 0.754759
vt 0.920390 0.801210
vt 0.920390 0.754759
vt 0.959321 0.754759
vt 0.960486 0.801210
vt 0.999417 0.801210
vt 0.960486 0.847660
vt 0.999417 0.801210
vt 0.999417 0.847660
vt 0.960486 0.847660
vt 0.960486 0.894111
vt 0.999417 0.894111
vt 0.960486 0.940561
vt 0.999417 0.894111
vt 0.999417 0.940561
vt 0.960486 0.940561
vt 0.959321 0.940561
vt 0.920390 0.940561
vt 0.959321 0.894111
vt 0.920390 0.940561
vt 0.920390 0.894111
vt 0.959321 0.894111
vt 0.959321 0.847660
vt 0.920390 0.847660
vt 0.959321 0.801210
vt 0.920390 0.847660
vt 0.920390 0.801210
vt 0.959321 0.801210
vt 0.960486 0.754759
vt 0.999417 0.754759
vt 0.960486 0.801210
vt 0.999417 0.754759
vt 0.999417 0.801210
vt 0.960486 0.801210
vt 0.960486 0.847660
vt 0.999417 0.847660
vt 0.960486 0.894111
vt 0.999417 0.847660
vt 0.999417 0.894111
vt 0.960486 0.894111
vt 0.818124 0.654194
vt 0.831224 0.641094
vt 0.874138 0.677396
vt 0.831224 0.641094
vt 0.874138 0.658870
vt 0.874138 0.677396
vt 0.287665 0.782775
vt 0.300765 0.769675
vt 0.343680 0.805977
vt 0.300765 0.769675
vt 0.343680 0.787451
vt 0.343680 0.805977
vt 0.847579 0.183110
vt 0.847579 0.201637
vt 0.791565 0.206312
vt 0.847579 0.201637
vt 0.804665 0.219413
vt 0.791565 0.206312
vt 0.264463 0.726761
vt 0.282989 0.726761
vt 0.287665 0.782775
vt 0.282989 0.726761
vt 0.300765 0.769675
vt 0.287665 0.782775
vt 0.791565 0.206312
vt 0.804665 0.219413
vt 0.768362 0.262327
vt 0.804665 0.219413
vt 0.786889 0.262327
vt 0.768362 0.262327
vt 0.287665 0.670746
vt 0.300765 0.683846
vt 0.264463 0.726761
vt 0.300765 0.683846
vt 0.282989 0.726761
vt 0.264463 0.726761
vt 0.768362 0.262327
vt 0.786889 0.262327
vt 0.791565 0.318342
vt 0.786889 0.262327
vt 0.804665 0.305242
vt 0.791565 0.318342
vt 0.343680 0.647544
vt 0.343680 0.666070
vt 0.287665 0.670746
vt 0.343680 0.666070
vt 0.300765 0.683846
vt 0.287665 0.670746
vt 0.871947 0.308608
vt 0.885047 0.295508
vt 0.927962 0.331810
vt 0.885047 0.295508
vt 0.927962 0.313284
vt 0.927962 0.331810
vt 0.791565 0.318342
vt 0.804665 0.305242
vt 0.847579 0.341544
vt 0.804665 0.305242
vt 0.847579 0.323018
vt 0.847579 0.341544
vt 0.874138 0.518962
vt 0.874138 0.537489
vt 0.818123 0.542165
vt 0.874138 0.537489
vt 0.831224 0.555265
vt 0.818123 0.542165
vt 0.848745 0.252593
vt 0.867272 0.252593
vt 0.871947 0.308608
vt 0.867272 0.252593
vt 0.885047 0.295508
vt 0.871947 0.308608
vt 0.818123 0.542165
vt 0.831224 0.555265
vt 0.794921 0.598179
vt 0.831224 0.555265
vt 0.813448 0.598179
vt 0.794921 0.598179
vt 0.871947 0.196578
vt 0.885047 0.209678
vt 0.848745 0.252593
vt 0.885047 0.209678
vt 0.867272 0.252593
vt 0.848745 0.252593
vt 0.794921 0.598179
vt 0.813448 0.598179
vt 0.818124 0.654194
vt 0.813448 0.598179
vt 0.831224 0.641094
vt 0.818124 0.654194
vt 0.927962 0.173376
vt 0.927962 0.191903
vt 0.871947 0.196578
vt 0.927962 0.191903
vt 0.885047 0.209678
vt 0.871947 0.196578
vt 0.847579 0.183110
vt 0.834185 0.173586
vt 0.847425 0.173376
vt 0.343526 0.815712
vt 0.330285 0.815502
vt 0.343680 0.805977
vt 0.791565 0.206312
vt 0.834185 0.173586
vt 0.847579 0.183110
vt 0.330285 0.815502
vt 0.287665 0.782775
vt 0.343680 0.805977
vt 0.929128 0.355266
vt 0.948593 0.403731
vt 0.931897 0.408930
vt 0.948593 0.403731
vt 0.968059 0.355266
vt 0.965290 0.408930
vt 0.948593 0.403731
vt 0.929128 0.355266
vt 0.968059 0.355266
vt 0.360255 0.105929
vt 0.360255 0.254910
vt 0.254910 0.000583
vt 0.254910 0.360255
vt 0.105929 0.360255
vt 0.360255 0.254910
vt 0.000583 0.254910
vt 0.000583 0.105929
vt 0.105929 0.360255
vt 0.105929 0.000583
vt 0.105929 0.360255
vt 0.000583 0.105929
vt 0.254910 0.000583
vt 0.105929 0.360255
vt 0.105929 0.000583
vt 0.750153 0.000906
vt 0.750153 0.993711
vt 0.625183 0.000906
vt 0.750153 0.993711
vt 0.625183 0.993711
vt 0.625183 0.000906
vt 0.500213 0.000906
vt 0.500213 0.993711
vt 0.375243 0.000906
vt 0.500213 0.993711
vt 0.375243 0.993711
vt 0.375243 0.000906
vt 0.250272 0.000906
vt 0.250273 0.993711
vt 0.125302 0.000907
vt 0.250273 0.993711
vt 0.125303 0.993711
vt 0.125302 0.000907
vt 1.000094 0.000906
vt 1.000093 0.993711
vt 0.875123 0.000906
vt 1.000093 0.993711
vt 0.875123 0.993711
vt 0.875123 0.000906
vt 0.625183 0.000906
vt 0.625183 0.993711
vt 0.500213 0.000906
vt 0.625183 0.993711
vt 0.500213 0.993711
vt 0.500213 0.000906
vt 0.875123 0.000906
vt 0.875123 0.993711
vt 0.750153 0.000906
vt 0.875123 0.993711
vt 0.750153 0.993711
vt 0.750153 0.000906
vt 0.375243 0.000906
vt 0.375243 0.993711
vt 0.250272 0.000906
vt 0.375243 0.993711
vt 0.250273 0.993711
vt 0.250272 0.000906
vt 0.125302 0.000907
vt 0.125303 0.993711
vt 0.000332 0.000907
vt 0.125303 0.993711
vt 0.000333 0.993711
vt 0.000332 0.000907
vt 0.411957 0.490202
vt 0.575238 0.326921
vt 0.575238 0.653483
vt 0.459781 0.278858
vt 0.411957 0.163401
vt 0.575238 0.326682
vt 0.459781 0.047943
vt 0.575238 0.000119
vt 0.411957 0.163401
vt 0.459781 0.605659
vt 0.411957 0.490202
vt 0.575238 0.653483
vt 0.459781 0.374745
vt 0.575238 0.326921
vt 0.411957 0.490202
vt 0.411957 0.163401
vt 0.575238 0.000119
vt 0.575238 0.326682
vt 0.964845 0.000096
vt 0.964845 0.999904
vt 0.034547 0.000096
vt 0.964845 0.999904
vt 0.034547 0.999904
vt 0.034547 0.000096
vt 0.964845 0.000096
vt 0.964845 0.999904
vt 0.034547 0.000096
vt 0.964845 0.999904
vt 0.034547 0.999904
vt 0.034547 0.000096

vn -0.000000 -1.000000 0.000000
vn -0.000000 -1.000000 0.000000
vn -0.000000 -1.000000 0.000000
vn -0.923879 0.000000 0.382684
vn -0.923879 0.000000 0.382684
vn -0.923879 0.000000 0.382684
vn -0.923880 0.000000 0.382683
vn -0.923880 0.000000 0.382683
vn -0.923880 0.000000 0.382683
vn -0.700073 -0.652541 0.289980
vn -0.700073 -0.652541 0.289980
vn -0.700073 -0.652541 0.289980
vn -0.700073 -0.652541 0.289980
vn -0.700073 -0.652541 0.289980
vn -0.700073 -0.652541 0.289980
vn -0.289980 -0.652541 -0.700073
vn -0.289980 -0.652541 -0.700073
vn -0.289980 -0.652541 -0.700073
vn -0.289980 -0.652541 -0.700073
vn -0.289980 -0.652541 -0.700073
vn -0.289980 -0.652541 -0.700073
vn 0.700073 -0.652541 -0.289980
vn 0.700073 -0.652541 -0.289980
vn 0.700073 -0.652541 -0.289980
vn 0.700073 -0.652541 -0.289980
vn 0.700073 -0.652541 -0.289980
vn 0.700073 -0.652541 -0.289980
vn 0.289980 -0.652541 0.700073
vn 0.289980 -0.652541 0.700073
vn 0.289980 -0.652541 0.700073
vn 0.289980 -0.652541 0.700073
vn 0.289980 -0.652541 0.700073
vn 0.289980 -0.652541 0.700073
vn -0.289980 -0.652541 0.700073
vn -0.289980 -0.652541 0.700073
vn -0.289980 -0.652541 0.700073
vn -0.289980 -0.652541 0.700073
vn -0.289980 -0.652541 0.700073
vn -0.289980 -0.652541 0.700073
vn -0.700073 -0.652541 -0.289979
vn -0.700073 -0.652541 -0.289979
vn -0.700073 -0.652541 -0.289979
vn -0.700073 -0.652541 -0.289980
vn -0.700073 -0.652541 -0.289980
vn -0.700073 -0.652541 -0.289980
vn 0.289980 -0.652541 -0.700073
vn 0.289980 -0.652541 -0.700073
vn 0.289980 -0.652541 -0.700073
vn 0.289980 -0.652541 -0.700073
vn 0.289980 -0.652541 -0.700073
vn 0.289980 -0.652541 -0.700073
vn 0.700073 -0.652541 0.289980
vn 0.700073 -0.652541 0.289980
vn 0.700073 -0.652541 0.289980
vn 0.700073 -0.652541 0.289980
vn 0.700073 -0.652541 0.289980
vn 0.700073 -0.652541 0.289980
vn -0.000000 -1.000000 0.000000
vn -0.000000 -1.000000 0.000000
vn -0.000000 -1.000000 0.000000
vn -0.000000 -1.000000 0.000000
vn -0.000000 -1.000000 0.000000
vn -0.000000 -1.000000 0.000000
vn -0.382684 0.000000 -0.923880
vn -0.382684 0.000000 -0.923880
vn -0.382684 0.000000 -0.923880
vn -0.382684 0.000000 -0.923880
vn -0.382684 0.000000 -0.923880
vn -0.382684 0.000000 -0.923880
vn 0.923879 0.000000 -0.382684
vn 0.923879 0.000000 -0.382684
vn 0.923879 0.000000 -0.382684
vn 0.923880 0.000000 -0.382684
vn 0.923880 0.000000 -0.382684
vn 0.923880 0.000000 -0.382684
vn 0.382683 0.000000 0.923880
vn 0.382683 0.000000 0.923880
vn 0.382683 0.000000 0.923880
vn 0.382684 0.000000 0.923880
vn 0.382684 0.000000 0.923880
vn 0.382684 0.000000 0.923880
vn -0.382683 0.000000 0.923880
vn -0.382683 0.000000 0.923880
vn -0.382683 0.000000 0.923880
vn -0.382684 0.000000 0.923879
vn -0.382684 0.000000 0.923879
vn -0.382684 0.000000 0.923879
vn -0.923880 0.000000 -0.382684
vn -0.923880 0.000000 -0.382684
vn -0.923880 0.000000 -0.382684
vn -0.923880 0.000000 -0.382683
vn -0.923880 0.000000 -0.382683
vn -0.923880 0.000000 -0.382683
vn 0.382683 0.000000 -0.923880
vn 0.382683 0.000000 -0.923880
vn 0.382683 0.000000 -0.923880
vn 0.382684 0.000000 -0.923879
vn 0.382684 0.000000 -0.923879
vn 0.382684 0.000000 -0.923879
vn 0.923879 0.000000 0.382684
vn 0.923879 0.000000 0.382684
vn 0.923879 0.000000 0.382684
vn 0.923880 0.000000 0.382683
vn 0.923880 0.000000 0.382683
vn 0.923880 0.000000 0.382683
vn -0.923879 0.000000 0.382684
vn -0.923879 0.000000 0.382684
vn -0.923879 0.000000 0.382684
vn -0.923880 0.000000 0.382683
vn -0.923880 0.000000 0.382683
vn -0.923880 0.000000 0.382683
vn -0.700073 -0.652541 0.289980
vn -0.700073 -0.652541 0.289980
vn -0.700073 -0.652541 0.289980
vn -0.700073 -0.652541 0.289980
vn -0.700073 -0.652541 0.289980
vn -0.700073 -0.652541 0.289980
vn -0.289980 -0.652541 -0.700073
vn -0.289980 -0.652541 -0.700073
vn -0.289980 -0.652541 -0.700073
vn -0.289980 -0.652541 -0.700073
vn -0.289980 -0.652541 -0.700073
vn -0.289980 -0.652541 -0.700073
vn 0.700073 -0.652541 -0.289980
vn 0.700073 -0.652541 -0.289980
vn 0.700073 -0.652541 -0.289980
vn 0.700073 -0.652541 -0.289980
vn 0.700073 -0.652541 -0.289980
vn 0.700073 -0.652541 -0.289980
vn 0.289980 -0.652541 0.700073
vn 0.289980 -0.652541 0.700073
vn 0.289980 -0.652541 0.700073
vn 0.289980 -0.652541 0.700073
vn 0.289980 -0.652541 0.700073
vn 0.289980 -0.652541 0.700073
vn -0.289980 -0.652541 0.700073
vn -0.289980 -0.652541 0.700073
vn -0.289980 -0.652541 0.700073
vn -0.289980 -0.652541 0.700073
vn -0.289980 -0.652541 0.700073
vn -0.289980 -0.652541 0.700073
vn -0.700073 -0.652541 -0.289980
vn -0.700073 -0.652541 -0.289980
vn -0.700073 -0.652541 -0.289980
vn -0.700073 -0.652541 -0.289980
vn -0.700073 -0.652541 -0.289980
vn -0.700073 -0.652541 -0.289980
vn 0.289980 -0.652541 -0.700073
vn 0.289980 -0.652541 -0.700073
vn 0.289980 -0.652541 -0.700073
vn 0.289980 -0.652541 -0.700073
vn 0.289980 -0.652541 -0.700073
vn 0.289980 -0.652541 -0.700073
vn 0.700073 -0.652541 0.289980
vn 0.700073 -0.652541 0.289980
vn 0.700073 -0.652541 0.289980
vn 0.700073 -0.652541 0.289980
vn 0.700073 -0.652541 0.289980
vn 0.700073 -0.652541 0.289980
vn -0.382683 0.000000 -0.923880
vn -0.382683 0.000000 -0.923880
vn -0.382683 0.000000 -0.923880
vn -0.382684 0.000000 -0.923879
vn -0.382684 0.000000 -0.923879
vn -0.382684 0.000000 -0.923879
vn 0.923879 0.000000 -0.382684
vn 0.923879 0.000000 -0.382684
vn 0.923879 0.000000 -0.382684
vn 0.923880 0.000000 -0.382683
vn 0.923880 0.000000 -0.382683
vn 0.923880 0.000000 -0.382683
vn 0.382683 0.000000 0.923880
vn 0.382683 0.000000 0.923880
vn 0.382683 0.000000 0.923880
vn 0.382684 0.000000 0.923879
vn 0.382684 0.000000 0.923879
vn 0.382684 0.000000 0.923879
vn -0.382683 0.000000 0.923880
vn -0.382683 0.000000 0.923880
vn -0.382683 0.000000 0.923880
vn -0.382683 0.000000 0.923880
vn -0.382683 0.000000 0.923880
vn -0.382683 0.000000 0.923880
vn -0.923880 0.000000 -0.382683
vn -0.923880 0.000000 -0.382683
vn -0.923880 0.000000 -0.382683
vn -0.923880 0.000000 -0.382683
vn -0.923880 0.000000 -0.382683
vn -0.923880 0.000000 -0.382683
vn 0.382683 0.000000 -0.923880
vn 0.382683 0.000000 -0.923880
vn 0.382683 0.000000 -0.923880
vn 0.382683 0.000000 -0.923880
vn 0.382683 0.000000 -0.923880
vn 0.382683 0.000000 -0.923880
vn 0.923879 0.000000 0.382684
vn 0.923879 0.000000 0.382684
vn 0.923879 0.000000 0.382684
vn 0.923880 0.000000 0.382683
vn 0.923880 0.000000 0.382683
vn 0.923880 0.000000 0.382683
vn -0.000000 1.000000 0.000000
vn -0.000000 1.000000 0.000000
vn -0.000000 1.000000 0.000000
vn -0.000000 1.000000 0.000000
vn -0.000000 1.000000 0.000000
vn -0.000000 1.000000 0.000000
vn 0.000000 1.000000 0.000000
vn 0.000000 1.000000 0.000000
vn 0.000000 1.000000 0.000000
vn -0.000000 1.000000 0.000000
vn -0.000000 1.000000 0.000000
vn -0.000000 1.000000 0.000000
vn -0.000000 1.000000 0.000000
vn -0.000000 1.000000 0.000000
vn -0.000000 1.000000 0.000000
vn -0.000000 1.000000 0.000000
vn -0.000000 1.000000 0.000000
vn -0.000000 1.000000 0.000000
vn 0.000000 1.000000 0.000000
vn 0.000000 1.000000 0.000000
vn 0.000000 1.000000 0.000000
vn -0.000000 1.000000 0.000000
vn -0.000000 1.000000 0.000000
vn -0.000000 1.000000 0.000000
vn 0.000000 1.000000 0.000000
vn 0.000000 1.000000 0.000000
vn 0.000000 1.000000 0.000000
vn -0.000000 1.000000 0.000000
vn -0.000000 1.000000 0.000000
vn -0.000000 1.000000 0.000000
vn 0.000000 1.000000 0.000000
vn 0.000000 1.000000 0.000000
vn 0.000000 1.000000 0.000000
vn -0.000000 1.000000 0.000000
vn -0.000000 1.000000 0.000000
vn -0.000000 1.000000 0.000000
vn -0.000000 1.000000 0.000000
vn -0.000000 1.000000 0.000000
vn -0.000000 1.000000 0.000000
vn 0.000000 1.000000 0.000000
vn 0.000000 1.000000 0.000000
vn 0.000000 1.000000 0.000000
vn -0.000000 1.000000 0.000000
vn -0.000000 1.000000 0.000000
vn -0.000000 1.000000 0.000000
vn -0.000000 1.000000 0.000000
vn -0.000000 1.000000 0.000000
vn -0.000000 1.000000 0.000000
vn 0.000000 -1.000000 0.000000
vn 0.000000 -1.000000 0.000000
vn 0.000000 -1.000000 0.000000
vn 0.000000 -1.000000 0.000000
vn 0.000000 -1.000000 0.000000
vn 0.000000 -1.000000 0.000000
vn -0.000000 -1.000000 0.000000
vn -0.000000 -1.000000 0.000000
vn -0.000000 -1.000000 0.000000
vn -0.000000 -1.000000 0.000000
vn -0.000000 -1.000000 0.000000
vn -0.000000 -1.000000 0.000000
vn -0.000000 -1.000000 0.000000
vn -0.000000 -1.000000 0.000000
vn -0.000000 -1.000000 0.000000
vn 0.000000 -1.000000 0.000000
vn 0.000000 -1.000000 0.000000
vn 0.000000 -1.000000 0.000000
vn -0.000000 -1.000000 0.000000
vn -0.000000 -1.000000 0.000000
vn -0.000000 -1.000000 0.000000
vn -0.000000 -1.000000 0.000000
vn -0.000000 -1.000000 0.000000
vn -0.000000 -1.000000 0.000000
vn 0.000000 -1.000000 0.000000
vn 0.000000 -1.000000 0.000000
vn 0.000000 -1.000000 0.000000
vn -0.000000 -1.000000 0.000000
vn -0.000000 -1.000000 0.000000
vn -0.000000 -1.000000 0.000000
vn -0.000000 -1.000000 0.000000
vn -0.000000 -1.000000 0.000000
vn -0.000000 -1.000000 0.000000
vn -0.000000 -1.000000 0.000000
vn -0.000000 -1.000000 0.000000
vn -0.000000 -1.000000 0.000000
vn -0.000000 -1.000000 0.000000
vn -0.000000 -1.000000 0.000000
vn -0.000000 -1.000000 0.000000
vn -0.000000 -1.000000 0.000000
vn -0.000000 -1.000000 0.000000
vn -0.000000 -1.000000 0.000000
vn -0.210639 -0.834884 0.508527
vn -0.210639 -0.834884 0.508527
vn -0.210639 -0.834884 0.508527
vn -0.210639 -0.834884 0.508527
vn -0.210639 -0.834884 0.508527
vn -0.210639 -0.834884 0.508527
vn -0.508527 -0.834884 -0.210639
vn -0.508527 -0.834884 -0.210639
vn -0.508527 -0.834884 -0.210639
vn -0.508527 -0.834884 -0.210639
vn -0.508527 -0.834884 -0.210639
vn -0.508527 -0.834884 -0.210639
vn 0.508527 -0.834884 -0.210639
vn 0.508527 -0.834884 -0.210639
vn 0.508527 -0.834884 -0.210639
vn 0.508527 -0.834884 -0.210639
vn 0.508527 -0.834884 -0.210639
vn 0.508527 -0.834884 -0.210639
vn 0.210639 -0.834884 0.508527
vn 0.210639 -0.834884 0.508527
vn 0.210639 -0.834884 0.508527
vn 0.210639 -0.834884 0.508527
vn 0.210639 -0.834884 0.508527
vn 0.210639 -0.834884 0.508527
vn -0.508527 -0.834884 0.210639
vn -0.508527 -0.834884 0.210639
vn -0.508527 -0.834884 0.210639
vn -0.508527 -0.834884 0.210639
vn -0.508527 -0.834884 0.210639
vn -0.508527 -0.834884 0.210639
vn -0.210639 -0.834884 -0.508527
vn -0.210639 -0.834884 -0.508527
vn -0.210639 -0.834884 -0.508527
vn -0.210639 -0.834884 -0.508527
vn -0.210639 -0.834884 -0.508527
vn -0.210639 -0.834884 -0.508527
vn 0.210639 -0.834884 -0.508527
vn 0.210639 -0.834884 -0.508527
vn 0.210639 -0.834884 -0.508527
vn 0.210639 -0.834884 -0.508527
vn 0.210639 -0.834884 -0.508527
vn 0.210639 -0.834884 -0.508527
vn 0.508527 -0.834884 0.210639
vn 0.508527 -0.834884 0.210639
vn 0.508527 -0.834884 0.210639
vn 0.508528 -0.834884 0.210639
vn 0.508528 -0.834884 0.210639
vn 0.508528 -0.834884 0.210639
vn -0.659271 -0.700563 0.273079
vn -0.659271 -0.700563 0.273079
vn -0.659271 -0.700563 0.273079
vn -0.659271 -0.700563 0.273079
vn -0.659271 -0.700563 0.273079
vn -0.659271 -0.700563 0.273079
vn -0.273079 -0.700563 -0.659271
vn -0.273079 -0.700563 -0.659271
vn -0.273079 -0.700563 -0.659271
vn -0.273079 -0.700563 -0.659272
vn -0.273079 -0.700563 -0.659272
vn -0.273079 -0.700563 -0.659272
vn 0.273079 -0.700563 -0.659271
vn 0.273079 -0.700563 -0.659271
vn 0.273079 -0.700563 -0.659271
vn 0.273079 -0.700563 -0.659271
vn 0.273079 -0.700563 -0.659271
vn 0.273079 -0.700563 -0.659271
vn 0.659271 -0.700563 0.273079
vn 0.659271 -0.700563 0.273079
vn 0.659271 -0.700563 0.273079
vn 0.659272 -0.700563 0.273079
vn 0.659272 -0.700563 0.273079
vn 0.659272 -0.700563 0.273079
vn -0.273079 -0.700563 0.659271
vn -0.273079 -0.700563 0.659271
vn -0.273079 -0.700563 0.659271
vn -0.273079 -0.700563 0.659271
vn -0.273079 -0.700563 0.659271
vn -0.273079 -0.700563 0.659271
vn -0.659271 -0.700563 -0.273079
vn -0.659271 -0.700563 -0.273079
vn -0.659271 -0.700563 -0.273079
vn -0.659271 -0.700563 -0.273079
vn -0.659271 -0.700563 -0.273079
vn -0.659271 -0.700563 -0.273079
vn 0.659272 -0.700563 -0.273079
vn 0.659272 -0.700563 -0.273079
vn 0.659272 -0.700563 -0.273079
vn 0.659271 -0.700563 -0.273079
vn 0.659271 -0.700563 -0.273079
vn 0.659271 -0.700563 -0.273079
vn 0.273079 -0.700563 0.659272
vn 0.273079 -0.700563 0.659272
vn 0.273079 -0.700563 0.659272
vn 0.273079 -0.700563 0.659271
vn 0.273079 -0.700563 0.659271
vn 0.273079 -0.700563 0.659271
vn -0.343200 -0.442387 -0.828558
vn -0.343200 -0.442387 -0.828558
vn -0.343200 -0.442387 -0.828558
vn -0.343200 -0.442387 -0.828558
vn -0.343200 -0.442387 -0.828558
vn -0.343200 -0.442387 -0.828558
vn 0.343200 -0.442386 -0.828558
vn 0.343200 -0.442386 -0.828558
vn 0.343200 -0.442386 -0.828558
vn 0.343200 -0.442387 -0.828558
vn 0.343200 -0.442387 -0.828558
vn 0.343200 -0.442387 -0.828558
vn 0.828558 -0.442386 0.343200
vn 0.828558 -0.442386 0.343200
vn 0.828558 -0.442386 0.343200
vn 0.828558 -0.442387 0.343200
vn 0.828558 -0.442387 0.343200
vn 0.828558 -0.442387 0.343200
vn -0.343200 -0.442387 0.828558
vn -0.343200 -0.442387 0.828558
vn -0.343200 -0.442387 0.828558
vn -0.343200 -0.442387 0.828558
vn -0.343200 -0.442387 0.828558
vn -0.343200 -0.442387 0.828558
vn -0.828558 -0.442387 -0.343200
vn -0.828558 -0.442387 -0.343200
vn -0.828558 -0.442387 -0.343200
vn -0.828557 -0.442387 -0.343200
vn -0.828557 -0.442387 -0.343200
vn -0.828557 -0.442387 -0.343200
vn 0.828558 -0.442387 -0.343200
vn 0.828558 -0.442387 -0.343200
vn 0.828558 -0.442387 -0.343200
vn 0.828558 -0.442387 -0.343200
vn 0.828558 -0.442387 -0.343200
vn 0.828558 -0.442387 -0.343200
vn 0.343200 -0.442387 0.828558
vn 0.343200 -0.442387 0.828558
vn 0.343200 -0.442387 0.828558
vn 0.343200 -0.442387 0.828558
vn 0.343200 -0.442387 0.828558
vn 0.343200 -0.442387 0.828558
vn -0.828558 -0.442387 0.343200
vn -0.828558 -0.442387 0.343200
vn -0.828558 -0.442387 0.343200
vn -0.828558 -0.442387 0.343200
vn -0.828558 -0.442387 0.343200
vn -0.828558 -0.442387 0.343200
vn -0.923880 0.000000 -0.382684
vn -0.923880 0.000000 -0.382684
vn -0.923880 0.000000 -0.382684
vn -0.923880 0.000000 -0.382683
vn -0.923880 0.000000 -0.382683
vn -0.923880 0.000000 -0.382683
vn 0.923880 0.000000 -0.382683
vn 0.923880 0.000000 -0.382683
vn 0.923880 0.000000 -0.382683
vn 0.923880 0.000000 -0.382683
vn 0.923880 0.000000 -0.382683
vn 0.923880 0.000000 -0.382683
vn 0.382684 0.000000 0.923879
vn 0.382684 0.000000 0.923879
vn 0.382684 0.000000 0.923879
vn 0.382684 0.000000 0.923880
vn 0.382684 0.000000 0.923880
vn 0.382684 0.000000 0.923880
vn -0.923879 0.000000 0.382684
vn -0.923879 0.000000 0.382684
vn -0.923879 0.000000 0.382684
vn -0.923880 0.000000 0.382684
vn -0.923880 0.000000 0.382684
vn -0.923880 0.000000 0.382684
vn -0.382684 0.000000 -0.923879
vn -0.382684 0.000000 -0.923879
vn -0.382684 0.000000 -0.923879
vn -0.382684 0.000000 -0.923880
vn -0.382684 0.000000 -0.923880
vn -0.382684 0.000000 -0.923880
vn 0.382684 0.000000 -0.923879
vn 0.382684 0.000000 -0.923879
vn 0.382684 0.000000 -0.923879
vn 0.382683 0.000000 -0.923880
vn 0.382683 0.000000 -0.923880
vn 0.382683 0.000000 -0.923880
vn 0.923880 0.000000 0.382683
vn 0.923880 0.000000 0.382683
vn 0.923880 0.000000 0.382683
vn 0.923880 0.000000 0.382683
vn 0.923880 0.000000 0.382683
vn 0.923880 0.000000 0.382683
vn -0.382684 0.000000 0.923880
vn -0.382684 0.000000 0.923880
vn -0.382684 0.000000 0.923880
vn -0.382684 0.000000 0.923879
vn -0.382684 0.000000 0.923879
vn -0.382684 0.000000 0.923879
vn 0.880540 -0.302688 -0.364731
vn 0.880540 -0.302688 -0.364731
vn 0.880540 -0.302688 -0.364731
vn 0.880540 -0.302688 -0.364731
vn 0.880540 -0.302688 -0.364731
vn 0.880540 -0.302688 -0.364731
vn 0.364732 -0.302688 0.880540
vn 0.364732 -0.302688 0.880540
vn 0.364732 -0.302688 0.880540
vn 0.364732 -0.302688 0.880540
vn 0.364732 -0.302688 0.880540
vn 0.364732 -0.302688 0.880540
vn -0.880540 -0.302688 0.364732
vn -0.880540 -0.302688 0.364732
vn -0.880540 -0.302688 0.364732
vn -0.880540 -0.302688 0.364733
vn -0.880540 -0.302688 0.364733
vn -0.880540 -0.302688 0.364733
vn -0.364731 -0.302688 -0.880540
vn -0.364731 -0.302688 -0.880540
vn -0.364731 -0.302688 -0.880540
vn -0.364732 -0.302688 -0.880540
vn -0.364732 -0.302688 -0.880540
vn -0.364732 -0.302688 -0.880540
vn 0.364732 -0.302688 -0.880540
vn 0.364732 -0.302688 -0.880540
vn 0.364732 -0.302688 -0.880540
vn 0.364731 -0.302688 -0.880540
vn 0.364731 -0.302688 -0.880540
vn 0.364731 -0.302688 -0.880540
vn 0.880540 -0.302688 0.364731
vn 0.880540 -0.302688 0.364731
vn 0.880540 -0.302688 0.364731
vn 0.880540 -0.302688 0.364731
vn 0.880540 -0.302688 0.364731
vn 0.880540 -0.302688 0.364731
vn -0.364732 -0.302688 0.880540
vn -0.364732 -0.302688 0.880540
vn -0.364732 -0.302688 0.880540
vn -0.364731 -0.302688 0.880540
vn -0.364731 -0.302688 0.880540
vn -0.364731 -0.302688 0.880540
vn -0.880540 -0.302688 -0.364732
vn -0.880540 -0.302688 -0.364732
vn -0.880540 -0.302688 -0.364732
vn -0.880540 -0.302688 -0.364732
vn -0.880540 -0.302688 -0.364732
vn -0.880540 -0.302688 -0.364732
vn -0.380762 -0.100096 0.919239
vn -0.380762 -0.100096 0.919239
vn -0.380762 -0.100096 0.919239
vn -0.380761 -0.100096 0.919240
vn -0.380761 -0.100096 0.919240
vn -0.380761 -0.100096 0.919240
vn -0.923670 0.021267 -0.382598
vn -0.923670 0.021267 -0.382598
vn -0.923670 0.021267 -0.382598
vn -0.923671 0.021267 -0.382597
vn -0.923671 0.021267 -0.382597
vn -0.923671 0.021267 -0.382597
vn 0.922430 0.056006 -0.382082
vn 0.922430 0.056006 -0.382082
vn 0.922430 0.056006 -0.382082
vn 0.922429 0.056006 -0.382083
vn 0.922429 0.056006 -0.382083
vn 0.922429 0.056006 -0.382083
vn 0.381270 -0.085859 0.920468
vn 0.381270 -0.085859 0.920468
vn 0.381270 -0.085859 0.920468
vn 0.381271 -0.085859 0.920468
vn 0.381271 -0.085859 0.920468
vn 0.381271 -0.085859 0.920468
vn -0.922429 -0.056007 0.382084
vn -0.922429 -0.056007 0.382084
vn -0.922429 -0.056007 0.382084
vn -0.922429 -0.056006 0.382083
vn -0.922429 -0.056006 0.382083
vn -0.922429 -0.056006 0.382083
vn -0.381271 0.085859 -0.920468
vn -0.381271 0.085859 -0.920468
vn -0.381271 0.085859 -0.920468
vn -0.381270 0.085859 -0.920468
vn -0.381270 0.085859 -0.920468
vn -0.381270 0.085859 -0.920468
vn 0.380762 0.100096 -0.919239
vn 0.380762 0.100096 -0.919239
vn 0.380762 0.100096 -0.919239
vn 0.380762 0.100096 -0.919240
vn 0.380762 0.100096 -0.919240
vn 0.380762 0.100096 -0.919240
vn 0.923671 -0.021267 0.382597
vn 0.923671 -0.021267 0.382597
vn 0.923671 -0.021267 0.382597
vn 0.923671 -0.021267 0.382597
vn 0.923671 -0.021267 0.382597
vn 0.923671 -0.021267 0.382597
vn 0.886492 0.281601 -0.367197
vn 0.886492 0.281601 -0.367197
vn 0.886492 0.281601 -0.367197
vn 0.886492 0.281601 -0.367197
vn 0.886492 0.281601 -0.367197
vn 0.886492 0.281601 -0.367197
vn 0.367198 0.281601 0.886491
vn 0.367198 0.281601 0.886491
vn 0.367198 0.281601 0.886491
vn 0.367197 0.281600 0.886492
vn 0.367197 0.281600 0.886492
vn 0.367197 0.281600 0.886492
vn -0.886491 0.281601 0.367197
vn -0.886491 0.281601 0.367197
vn -0.886491 0.281601 0.367197
vn -0.886492 0.281601 0.367197
vn -0.886492 0.281601 0.367197
vn -0.886492 0.281601 0.367197
vn -0.367198 0.281600 -0.886491
vn -0.367198 0.281600 -0.886491
vn -0.367198 0.281600 -0.886491
vn -0.367196 0.281601 -0.886492
vn -0.367196 0.281601 -0.886492
vn -0.367196 0.281601 -0.886492
vn 0.367197 0.281600 -0.886492
vn 0.367197 0.281600 -0.886492
vn 0.367197 0.281600 -0.886492
vn 0.367197 0.281600 -0.886492
vn 0.367197 0.281600 -0.886492
vn 0.367197 0.281600 -0.886492
vn 0.886492 0.281600 0.367197
vn 0.886492 0.281600 0.367197
vn 0.886492 0.281600 0.367197
vn 0.886492 0.281601 0.367197
vn 0.886492 0.281601 0.367197
vn 0.886492 0.281601 0.367197
vn -0.367197 0.281601 0.886492
vn -0.367197 0.281601 0.886492
vn -0.367197 0.281601 0.886492
vn -0.367197 0.281601 0.886492
vn -0.367197 0.281601 0.886492
vn -0.367197 0.281601 0.886492
vn -0.886492 0.281601 -0.367197
vn -0.886492 0.281601 -0.367197
vn -0.886492 0.281601 -0.367197
vn -0.886491 0.281601 -0.367197
vn -0.886491 0.281601 -0.367197
vn -0.886491 0.281601 -0.367197
vn -0.676356 0.681215 -0.280157
vn -0.676356 0.681215 -0.280157
vn -0.676356 0.681215 -0.280157
vn -0.676359 0.681213 -0.280156
vn -0.676359 0.681213 -0.280156
vn -0.676359 0.681213 -0.280156
vn 0.676357 0.681214 -0.280157
vn 0.676357 0.681214 -0.280157
vn 0.676357 0.681214 -0.280157
vn 0.676358 0.681214 -0.280156
vn 0.676358 0.681214 -0.280156
vn 0.676358 0.681214 -0.280156
vn 0.280156 0.681214 0.676358
vn 0.280156 0.681214 0.676358
vn 0.280156 0.681214 0.676358
vn 0.280157 0.681214 0.676358
vn 0.280157 0.681214 0.676358
vn 0.280157 0.681214 0.676358
vn -0.676358 0.681214 0.280157
vn -0.676358 0.681214 0.280157
vn -0.676358 0.681214 0.280157
vn -0.676357 0.681214 0.280157
vn -0.676357 0.681214 0.280157
vn -0.676357 0.681214 0.280157
vn -0.280156 0.681214 -0.676358
vn -0.280156 0.681214 -0.676358
vn -0.280156 0.681214 -0.676358
vn -0.280156 0.681214 -0.676358
vn -0.280156 0.681214 -0.676358
vn -0.280156 0.681214 -0.676358
vn 0.280157 0.681214 -0.676358
vn 0.280157 0.681214 -0.676358
vn 0.280157 0.681214 -0.676358
vn 0.280157 0.681214 -0.676358
vn 0.280157 0.681214 -0.676358
vn 0.280157 0.681214 -0.676358
vn 0.676357 0.681215 0.280157
vn 0.676357 0.681215 0.280157
vn 0.676357 0.681215 0.280157
vn 0.676358 0.681214 0.280156
vn 0.676358 0.681214 0.280156
vn 0.676358 0.681214 0.280156
vn -0.280157 0.681214 0.676358
vn -0.280157 0.681214 0.676358
vn -0.280157 0.681214 0.676358
vn -0.280157 0.681214 0.676358
vn -0.280157 0.681214 0.676358
vn -0.280157 0.681214 0.676358
vn 0.376453 0.179719 -0.908837
vn 0.376453 0.179719 -0.908837
vn 0.376453 0.179719 -0.908837
vn 0.376453 0.179719 -0.908837
vn 0.376453 0.179719 -0.908837
vn 0.376453 0.179719 -0.908837
vn 0.908837 0.179719 0.376452
vn 0.908837 0.179719 0.376452
vn 0.908837 0.179719 0.376452
vn 0.908837 0.179719 0.376453
vn 0.908837 0.179719 0.376453
vn 0.908837 0.179719 0.376453
vn -0.376452 0.179718 0.908837
vn -0.376452 0.179718 0.908837
vn -0.376452 0.179718 0.908837
vn -0.376452 0.179719 0.908837
vn -0.376452 0.179719 0.908837
vn -0.376452 0.179719 0.908837
vn -0.908837 0.179719 -0.376452
vn -0.908837 0.179719 -0.376452
vn -0.908837 0.179719 -0.376452
vn -0.908837 0.179719 -0.376453
vn -0.908837 0.179719 -0.376453
vn -0.908837 0.179719 -0.376453
vn 0.908837 0.179719 -0.376453
vn 0.908837 0.179719 -0.376453
vn 0.908837 0.179719 -0.376453
vn 0.908837 0.179719 -0.376453
vn 0.908837 0.179719 -0.376453
vn 0.908837 0.179719 -0.376453
vn 0.376453 0.179718 0.908837
vn 0.376453 0.179718 0.908837
vn 0.376453 0.179718 0.908837
vn 0.376453 0.179719 0.908837
vn 0.376453 0.179719 0.908837
vn 0.376453 0.179719 0.908837
vn -0.908837 0.179719 0.376452
vn -0.908837 0.179719 0.376452
vn -0.908837 0.179719 0.376452
vn -0.908837 0.179719 0.376453
vn -0.908837 0.179719 0.376453
vn -0.908837 0.179719 0.376453
vn -0.376453 0.179719 -0.908837
vn -0.376453 0.179719 -0.908837
vn -0.376453 0.179719 -0.908837
vn -0.376453 0.179719 -0.908837
vn -0.376453 0.179719 -0.908837
vn -0.376453 0.179719 -0.908837
vn 0.608314 0.752638 0.251972
vn 0.608314 0.752638 0.251972
vn 0.608314 0.752638 0.251972
vn 0.608316 0.752637 0.251972
vn 0.608316 0.752637 0.251972
vn 0.608316 0.752637 0.251972
vn -0.251972 0.752637 0.608315
vn -0.251972 0.752637 0.608315
vn -0.251972 0.752637 0.608315
vn -0.251973 0.752637 0.608315
vn -0.251973 0.752637 0.608315
vn -0.251973 0.752637 0.608315
vn -0.608314 0.752638 -0.251972
vn -0.608314 0.752638 -0.251972
vn -0.608314 0.752638 -0.251972
vn -0.608315 0.752637 -0.251972
vn -0.608315 0.752637 -0.251972
vn -0.608315 0.752637 -0.251972
vn 0.608314 0.752638 -0.251972
vn 0.608314 0.752638 -0.251972
vn 0.608314 0.752638 -0.251972
vn 0.608314 0.752638 -0.251973
vn 0.608314 0.752638 -0.251973
vn 0.608314 0.752638 -0.251973
vn 0.251971 0.752638 0.608315
vn 0.251971 0.752638 0.608315
vn 0.251971 0.752638 0.608315
vn 0.251973 0.752637 0.608314
vn 0.251973 0.752637 0.608314
vn 0.251973 0.752637 0.608314
vn -0.608314 0.752638 0.251972
vn -0.608314 0.752638 0.251972
vn -0.608314 0.752638 0.251972
vn -0.608315 0.752637 0.251972
vn -0.608315 0.752637 0.251972
vn -0.608315 0.752637 0.251972
vn -0.251972 0.752638 -0.608315
vn -0.251972 0.752638 -0.608315
vn -0.251972 0.752638 -0.608315
vn -0.251973 0.752638 -0.608314
vn -0.251973 0.752638 -0.608314
vn -0.251973 0.752638 -0.608314
vn 0.251972 0.752638 -0.608314
vn 0.251972 0.752638 -0.608314
vn 0.251972 0.752638 -0.608314
vn 0.251972 0.752637 -0.608315
vn 0.251972 0.752637 -0.608315
vn 0.251972 0.752637 -0.608315
vn -0.000001 -1.000000 0.000001
vn -0.000001 -1.000000 0.000001
vn -0.000001 -1.000000 0.000001
vn -0.000002 -1.000000 0.000001
vn -0.000002 -1.000000 0.000001
vn -0.000002 -1.000000 0.000001
vn 0.000000 -1.000000 0.000002
vn 0.000000 -1.000000 0.000002
vn 0.000000 -1.000000 0.000002
vn -0.000000 -1.000000 0.000002
vn -0.000000 -1.000000 0.000002
vn -0.000000 -1.000000 0.000002
vn 0.000001 -1.000000 -0.000001
vn 0.000001 -1.000000 -0.000001
vn 0.000001 -1.000000 -0.000001
vn 0.000004 -1.000000 -0.000001
vn 0.000004 -1.000000 -0.000001
vn 0.000004 -1.000000 -0.000001
vn -0.000003 -1.000000 -0.000001
vn -0.000003 -1.000000 -0.000001
vn -0.000003 -1.000000 -0.000001
vn -0.000000 -1.000000 -0.000001
vn -0.000000 -1.000000 -0.000001
vn -0.000000 -1.000000 -0.000001
vn -0.000000 -1.000000 0.000002
vn -0.000000 -1.000000 0.000002
vn -0.000000 -1.000000 0.000002
vn -0.000000 -1.000000 0.000002
vn -0.000000 -1.000000 0.000002
vn -0.000000 -1.000000 0.000002
vn -0.000000 -1.000000 0.000001
vn -0.000000 -1.000000 0.000001
vn -0.000000 -1.000000 0.000001
vn 0.000003 -1.000000 0.000001
vn 0.000003 -1.000000 0.000001
vn 0.000003 -1.000000 0.000001
vn -0.000001 -1.000000 -0.000002
vn -0.000001 -1.000000 -0.000002
vn -0.000001 -1.000000 -0.000002
vn -0.000000 -1.000000 -0.000002
vn -0.000000 -1.000000 -0.000002
vn -0.000000 -1.000000 -0.000002
vn 0.000001 -1.000000 -0.000002
vn 0.000001 -1.000000 -0.000002
vn 0.000001 -1.000000 -0.000002
vn -0.000000 -1.000000 -0.000002
vn -0.000000 -1.000000 -0.000002
vn -0.000000 -1.000000 -0.000002
vn 0.923880 -0.382683 0.000000
vn 0.923880 -0.382683 0.000000
vn 0.923880 -0.382683 0.000000
vn 0.923880 -0.382683 0.000000
vn 0.923880 -0.382683 0.000000
vn 0.923880 -0.382683 0.000000
vn -1.000000 0.000000 0.000000
vn -1.000000 0.000000 0.000000
vn -1.000000 0.000000 0.000000
vn -1.000000 0.000000 0.000000
vn -1.000000 0.000000 0.000000
vn -1.000000 0.000000 0.000000
vn -0.923880 0.382683 0.000000
vn -0.923880 0.382683 0.000000
vn -0.923880 0.382683 0.000000
vn -0.923880 0.382683 0.000000
vn -0.923880 0.382683 0.000000
vn -0.923880 0.382683 0.000000
vn -0.382683 -0.923880 0.000000
vn -0.382683 -0.923880 0.000000
vn -0.382683 -0.923880 0.000000
vn -0.382684 -0.923879 0.000000
vn -0.382684 -0.923879 0.000000
vn -0.382684 -0.923879 0.000000
vn 0.382684 -0.923879 0.000000
vn 0.382684 -0.923879 0.000000
vn 0.382684 -0.923879 0.000000
vn 0.382683 -0.923880 0.000000
vn 0.382683 -0.923880 0.000000
vn 0.382683 -0.923880 0.000000
vn 0.923880 0.382683 0.000000
vn 0.923880 0.382683 0.000000
vn 0.923880 0.382683 0.000000
vn 0.923880 0.382683 0.000000
vn 0.923880 0.382683 0.000000
vn 0.923880 0.382683 0.000000
vn -0.382683 0.923880 0.000000
vn -0.382683 0.923880 0.000000
vn -0.382683 0.923880 0.000000
vn -0.382684 0.923880 0.000000
vn -0.382684 0.923880 0.000000
vn -0.382684 0.923880 0.000000
vn -0.923880 -0.382684 0.000000
vn -0.923880 -0.382684 0.000000
vn -0.923880 -0.382684 0.000000
vn -0.923880 -0.382684 0.000000
vn -0.923880 -0.382684 0.000000
vn -0.923880 -0.382684 0.000000
vn -0.923880 0.382683 0.000000
vn -0.923880 0.382683 0.000000
vn -0.923880 0.382683 0.000000
vn -0.923880 0.382682 0.000000
vn -0.923880 0.382682 0.000000
vn -0.923880 0.382682 0.000000
vn -0.382683 -0.923880 0.000000
vn -0.382683 -0.923880 0.000000
vn -0.382683 -0.923880 0.000000
vn -0.382684 -0.923879 0.000000
vn -0.382684 -0.923879 0.000000
vn -0.382684 -0.923879 0.000000
vn 0.923880 -0.382683 0.000000
vn 0.923880 -0.382683 0.000000
vn 0.923880 -0.382683 0.000000
vn 0.923879 -0.382684 0.000000
vn 0.923879 -0.382684 0.000000
vn 0.923879 -0.382684 0.000000
vn 0.382684 0.923879 0.000000
vn 0.382684 0.923879 0.000000
vn 0.382684 0.923879 0.000000
vn 0.382683 0.923880 0.000000
vn 0.382683 0.923880 0.000000
vn 0.382683 0.923880 0.000000
vn -0.382681 0.923880 0.000000
vn -0.382681 0.923880 0.000000
vn -0.382681 0.923880 0.000000
vn -0.382684 0.923879 0.000000
vn -0.382684 0.923879 0.000000
vn -0.382684 0.923879 0.000000
vn -0.923880 -0.382683 0.000000
vn -0.923880 -0.382683 0.000000
vn -0.923880 -0.382683 0.000000
vn -0.923880 -0.382682 0.000000
vn -0.923880 -0.382682 0.000000
vn -0.923880 -0.382682 0.000000
vn 0.382683 -0.923880 0.000000
vn 0.382683 -0.923880 0.000000
vn 0.382683 -0.923880 0.000000
vn 0.382683 -0.923880 0.000000
vn 0.382683 -0.923880 0.000000
vn 0.382683 -0.923880 0.000000
vn 0.923880 0.382683 0.000000
vn 0.923880 0.382683 0.000000
vn 0.923880 0.382683 0.000000
vn 0.923879 0.382684 0.000000
vn 0.923879 0.382684 0.000000
vn 0.923879 0.382684 0.000000
vn -0.000000 -0.000000 1.000000
vn -0.000000 -0.000000 1.000000
vn -0.000000 -0.000000 1.000000
vn -0.000000 0.000000 1.000000
vn -0.000000 0.000000 1.000000
vn -0.000000 0.000000 1.000000
vn -0.000000 0.000000 -1.000000
vn -0.000000 0.000000 -1.000000
vn -0.000000 0.000000 -1.000000
vn -0.000000 0.000000 -1.000000
vn -0.000000 0.000000 -1.000000
vn -0.000000 0.000000 -1.000000
vn 0.000000 0.000000 1.000000
vn 0.000000 0.000000 1.000000
vn 0.000000 0.000000 1.000000
vn 0.000000 -0.000000 1.000000
vn 0.000000 -0.000000 1.000000
vn 0.000000 -0.000000 1.000000
vn -0.000000 -0.000000 -1.000000
vn -0.000000 -0.000000 -1.000000
vn -0.000000 -0.000000 -1.000000
vn 0.000000 -0.000000 -1.000000
vn 0.000000 -0.000000 -1.000000
vn 0.000000 -0.000000 -1.000000
vn -0.000000 0.000000 1.000000
vn -0.000000 0.000000 1.000000
vn -0.000000 0.000000 1.000000
vn -0.000000 0.000000 1.000000
vn -0.000000 0.000000 1.000000
vn -0.000000 0.000000 1.000000
vn -0.000000 -0.000000 -1.000000
vn -0.000000 -0.000000 -1.000000
vn -0.000000 -0.000000 -1.000000
vn -0.000000 0.000000 -1.000000
vn -0.000000 0.000000 -1.000000
vn -0.000000 0.000000 -1.000000
vn 0.000000 0.000000 1.000000
vn 0.000000 0.000000 1.000000
vn 0.000000 0.000000 1.000000
vn 0.000000 0.000000 1.000000
vn 0.000000 0.000000 1.000000
vn 0.000000 0.000000 1.000000
vn 0.000000 0.000000 -1.000000
vn 0.000000 0.000000 -1.000000
vn 0.000000 0.000000 -1.000000
vn 0.000000 -0.000000 -1.000000
vn 0.000000 -0.000000 -1.000000
vn 0.000000 -0.000000 -1.000000
vn -0.000000 0.000000 -1.000000
vn -0.000000 0.000000 -1.000000
vn -0.000000 0.000000 -1.000000
vn -0.000000 0.000000 -1.000000
vn -0.000000 0.000000 -1.000000
vn -0.000000 0.000000 -1.000000
vn -0.000000 0.000000 1.000000
vn -0.000000 0.000000 1.000000
vn -0.000000 0.000000 1.000000
vn -0.000000 0.000000 1.000000
vn -0.000000 0.000000 1.000000
vn -0.000000 0.000000 1.000000
vn 0.000000 0.000000 1.000000
vn 0.000000 0.000000 1.000000
vn 0.000000 0.000000 1.000000
vn 0.000000 0.000000 1.000000
vn 0.000000 0.000000 1.000000
vn 0.000000 0.000000 1.000000
vn -0.000000 -0.000000 -1.000000
vn -0.000000 -0.000000 -1.000000
vn -0.000000 -0.000000 -1.000000
vn 0.000000 -0.000000 -1.000000
vn 0.000000 -0.000000 -1.000000
vn 0.000000 -0.000000 -1.000000
vn -0.000000 0.000000 1.000000
vn -0.000000 0.000000 1.000000
vn -0.000000 0.000000 1.000000
vn -0.000000 0.000000 1.000000
vn -0.000000 0.000000 1.000000
vn -0.000000 0.000000 1.000000
vn -0.000000 -0.000000 -1.000000
vn -0.000000 -0.000000 -1.000000
vn -0.000000 -0.000000 -1.000000
vn -0.000000 0.000000 -1.000000
vn -0.000000 0.000000 -1.000000
vn -0.000000 0.000000 -1.000000
vn -0.000000 0.000000 1.000000
vn -0.000000 0.000000 1.000000
vn -0.000000 0.000000 1.000000
vn 0.000000 0.000000 1.000000
vn 0.000000 0.000000 1.000000
vn 0.000000 0.000000 1.000000
vn 0.000000 0.000000 -1.000000
vn 0.000000 0.000000 -1.000000
vn 0.000000 0.000000 -1.000000
vn 0.000000 0.000000 -1.000000
vn 0.000000 0.000000 -1.000000
vn 0.000000 0.000000 -1.000000
vn -0.000000 0.339923 0.940453
vn -0.000000 0.339923 0.940453
vn -0.000000 0.339923 0.940453
vn -0.000000 0.339922 -0.940454
vn -0.000000 0.339922 -0.940454
vn -0.000000 0.339922 -0.940454
vn 0.090943 0.219555 0.971352
vn 0.090943 0.219555 0.971352
vn 0.090943 0.219555 0.971352
vn 0.090943 0.219555 -0.971352
vn 0.090943 0.219555 -0.971352
vn 0.090943 0.219555 -0.971352
vn 0.574230 0.783381 0.237853
vn 0.574230 0.783381 0.237853
vn 0.574230 0.783381 0.237853
vn 0.574230 0.783381 -0.237853
vn 0.574230 0.783381 -0.237853
vn 0.574230 0.783381 -0.237853
vn 0.667655 0.744471 0.000000
vn 0.667655 0.744471 0.000000
vn 0.667655 0.744471 0.000000
vn -0.000000 -1.000000 0.000000
vn -0.000000 -1.000000 0.000000
vn -0.000000 -1.000000 0.000000
vn -0.000000 -1.000000 0.000000
vn -0.000000 -1.000000 0.000000
vn -0.000000 -1.000000 0.000000
vn -0.000000 -1.000000 0.000000
vn -0.000000 -1.000000 0.000000
vn -0.000000 -1.000000 0.000000
vn -0.000000 -1.000000 0.000000
vn -0.000000 -1.000000 0.000000
vn -0.000000 -1.000000 0.000000
vn -0.000000 -1.000000 0.000000
vn -0.000000 -1.000000 0.000000
vn -0.000000 -1.000000 0.000000
vn 0.923880 0.000000 -0.382684
vn 0.923880 0.000000 -0.382684
vn 0.923880 0.000000 -0.382684
vn 0.923880 0.000000 -0.382684
vn 0.923880 0.000000 -0.382684
vn 0.923880 0.000000 -0.382684
vn -0.382684 0.000000 -0.923880
vn -0.382684 0.000000 -0.923880
vn -0.382684 0.000000 -0.923880
vn -0.382683 0.000000 -0.923880
vn -0.382683 0.000000 -0.923880
vn -0.382683 0.000000 -0.923880
vn -0.923880 0.000000 0.382684
vn -0.923880 0.000000 0.382684
vn -0.923880 0.000000 0.382684
vn -0.923880 0.000000 0.382684
vn -0.923880 0.000000 0.382684
vn -0.923880 0.000000 0.382684
vn 0.382684 0.000000 0.923880
vn 0.382684 0.000000 0.923880
vn 0.382684 0.000000 0.923880
vn 0.382684 0.000000 0.923880
vn 0.382684 0.000000 0.923880
vn 0.382684 0.000000 0.923880
vn 0.382684 0.000000 -0.923879
vn 0.382684 0.000000 -0.923879
vn 0.382684 0.000000 -0.923879
vn 0.382684 0.000000 -0.923880
vn 0.382684 0.000000 -0.923880
vn 0.382684 0.000000 -0.923880
vn 0.923880 0.000000 0.382683
vn 0.923880 0.000000 0.382683
vn 0.923880 0.000000 0.382683
vn 0.923880 0.000000 0.382684
vn 0.923880 0.000000 0.382684
vn 0.923880 0.000000 0.382684
vn -0.923880 0.000000 -0.382683
vn -0.923880 0.000000 -0.382683
vn -0.923880 0.000000 -0.382683
vn -0.923880 0.000000 -0.382684
vn -0.923880 0.000000 -0.382684
vn -0.923880 0.000000 -0.382684
vn -0.382683 0.000000 0.923880
vn -0.382683 0.000000 0.923880
vn -0.382683 0.000000 0.923880
vn -0.382683 0.000000 0.923880
vn -0.382683 0.000000 0.923880
vn -0.382683 0.000000 0.923880
vn 0.000000 -1.000000 0.000000
vn 0.000000 -1.000000 0.000000
vn 0.000000 -1.000000 0.000000
vn 0.000004 -1.000000 0.000000
vn 0.000004 -1.000000 0.000000
vn 0.000004 -1.000000 0.000000
vn -0.000000 -1.000000 0.000000
vn -0.000000 -1.000000 0.000000
vn -0.000000 -1.000000 0.000000
vn -0.000000 -1.000000 0.000000
vn -0.000000 -1.000000 0.000000
vn -0.000000 -1.000000 0.000000
vn -0.000004 -1.000000 0.000000
vn -0.000004 -1.000000 0.000000
vn -0.000004 -1.000000 0.000000
vn -0.000000 -1.000000 0.000000
vn -0.000000 -1.000000 0.000000
vn -0.000000 -1.000000 0.000000
vn 0.000000 0.000000 1.000000
vn 0.000000 0.000000 1.000000
vn 0.000000 0.000000 1.000000
vn 0.000000 0.000000 1.000000
vn 0.000000 0.000000 1.000000
vn 0.000000 0.000000 1.000000
vn 1.000000 0.000000 -0.000000
vn 1.000000 0.000000 -0.000000
vn 1.000000 0.000000 -0.000000
vn 1.000000 0.000000 -0.000000
vn 1.000000 0.000000 -0.000000
vn 1.000000 0.000000 -0.000000

g Material.001
f 3/1/1 1/2/2 2/3/3
f 6/4/4 4/5/5 5/6/6
f 9/7/7 7/8/8 8/9/9
f 12/10/10 10/11/11 11/12/12
f 15/13/13 13/14/14 14/15/15
f 18/16/16 16/17/17 17/18/18
f 21/19/19 19/20/20 20/21/21
f 24/22/22 22/23/23 23/24/24
f 27/25/25 25/26/26 26/27/27
f 30/28/28 28/29/29 29/30/30
f 33/31/31 31/32/32 32/33/33
f 36/34/34 34/35/35 35/36/36
f 39/37/37 37/38/38 38/39/39
f 42/40/40 40/41/41 41/42/42
f 45/43/43 43/44/44 44/45/45
f 48/46/46 46/47/47 47/48/48
f 51/49/49 49/50/50 50/51/51
f 54/52/52 52/53/53 53/54/54
f 57/55/55 55/56/56 56/57/57
f 60/58/58 58/59/59 59/60/60
f 63/61/61 61/62/62 62/63/63
f 66/64/64 64/65/65 65/66/66
f 69/67/67 67/68/68 68/69/69
f 72/70/70 70/71/71 71/72/72
f 75/73/73 73/74/74 74/75/75
f 78/76/76 76/77/77 77/78/78
f 81/79/79 79/80/80 80/81/81
f 84/82/82 82/83/83 83/84/84
f 87/85/85 85/86/86 86/87/87
f 90/88/88 88/89/89 89/90/90
f 93/91/91 91/92/92 92/93/93
f 96/94/94 94/95/95 95/96/96
f 99/97/97 97/98/98 98/99/99
f 102/100/100 100/101/101 101/102/102
f 105/103/103 103/104/104 104/105/105
f 108/106/106 106/107/107 107/108/108
f 111/109/109 109/110/110 110/111/111
f 114/112/112 112/113/113 113/114/114
f 117/115/115 115/116/116 116/117/117
f 120/118/118 118/119/119 119/120/120
f 123/121/121 121/122/122 122/123/123
f 126/124/124 124/125/125 125/126/126
f 129/127/127 127/128/128 128/129/129
f 132/130/130 130/131/131 131/132/132
f 135/133/133 133/134/134 134/135/135
f 138/136/136 136/137/137 137/138/138
f 141/139/139 139/140/140 140/141/141
f 144/142/142 142/143/143 143/144/144
f 147/145/145 145/146/146 146/147/147
f 150/148/148 148/149/149 149/150/150
f 153/151/151 151/152/152 152/153/153
f 156/154/154 154/155/155 155/156/156
f 159/157/157 157/158/158 158/159/159
f 162/160/160 160/161/161 161/162/162
f 165/163/163 163/164/164 164/165/165
f 168/166/166 166/167/167 167/168/168
f 171/169/169 169/170/170 170/171/171
f 174/172/172 172/173/173 173/174/174
f 177/175/175 175/176/176 176/177/177
f 180/178/178 178/179/179 179/180/180
f 183/181/181 181/182/182 182/183/183
f 186/184/184 184/185/185 185/186/186
f 189/187/187 187/188/188 188/189/189
f 192/190/190 190/191/191 191/192/192
f 195/193/193 193/194/194 194/195/195
f 198/196/196 196/197/197 197/198/198
f 201/199/199 199/200/200 200/201/201
f 204/202/202 202/203/203 203/204/204
f 207/205/205 205/206/206 206/207/207
f 210/208/208 208/209/209 209/210/210
f 213/211/211 211/212/212 212/213/213
f 216/214/214 214/215/215 215/216/216
f 219/217/217 217/218/218 218/219/219
f 222/220/220 220/221/221 221/222/222
f 225/223/223 223/224/224 224/225/225
f 228/226/226 226/227/227 227/228/228
f 231/229/229 229/230/230 230/231/231
f 234/232/232 232/233/233 233/234/234
f 237/235/235 235/236/236 236/237/237
f 240/238/238 238/239/239 239/240/240
f 243/241/241 241/242/242 242/243/243
f 246/244/244 244/245/245 245/246/246
f 249/247/247 247/248/248 248/249/249
f 252/250/250 250/251/251 251/252/252
f 255/253/253 253/254/254 254/255/255
f 258/256/256 256/257/257 257/258/258
f 261/259/259 259/260/260 260/261/261
f 264/262/262 262/263/263 263/264/264
f 267/265/265 265/266/266 266/267/267
f 270/268/268 268/269/269 269/270/270
f 273/271/271 271/272/272 272/273/273
f 276/274/274 274/275/275 275/276/276
f 279/277/277 277/278/278 278/279/279
f 282/280/280 280/281/281 281/282/282
f 285/283/283 283/284/284 284/285/285
f 288/286/286 286/287/287 287/288/288
f 291/289/289 289/290/290 290/291/291
f 294/292/292 292/293/293 293/294/294
f 297/295/295 295/296/296 296/297/297
f 300/298/298 298/299/299 299/300/300
f 303/301/301 301/302/302 302/303/303
f 306/304/304 304/305/305 305/306/306
f 309/307/307 307/308/308 308/309/309
f 312/310/310 310/311/311 311/312/312
f 315/313/313 313/314/314 314/315/315
f 318/316/316 316/317/317 317/318/318
f 321/319/319 319/320/320 320/321/321
f 324/322/322 322/323/323 323/324/324
f 327/325/325 325/326/326 326/327/327
f 330/328/328 328/329/329 329/330/330
f 333/331/331 331/332/332 332/333/333
f 336/334/334 334/335/335 335/336/336
f 339/337/337 337/338/338 338/339/339
f 342/340/340 340/341/341 341/342/342
f 345/343/343 343/344/344 344/345/345
f 348/346/346 346/347/347 347/348/348
f 351/349/349 349/350/350 350/351/351
f 354/352/352 352/353/353 353/354/354
f 357/355/355 355/356/356 356/357/357
f 360/358/358 358/359/359 359/360/360
f 363/361/361 361/362/362 362/363/363
f 366/364/364 364/365/365 365/366/366
f 369/367/367 367/368/368 368/369/369
f 372/370/370 370/371/371 371/372/372
f 375/373/373 373/374/374 374/375/375
f 378/376/376 376/377/377 377/378/378
f 381/379/379 379/380/380 380/381/381
f 384/382/382 382/383/383 383/384/384
f 387/385/385 385/386/386 386/387/387
f 390/388/388 388/389/389 389/390/390
f 393/391/391 391/392/392 392/393/393
f 396/394/394 394/395/395 395/396/396
f 399/397/397 397/398/398 398/399/399
f 402/400/400 400/401/401 401/402/402
f 405/403/403 403/404/404 404/405/405
f 408/406/406 406/407/407 407/408/408
f 411/409/409 409/410/410 410/411/411
f 414/412/412 412/413/413 413/414/414
f 417/415/415 415/416/416 416/417/417
f 420/418/418 418/419/419 419/420/420
f 423/421/421 421/422/422 422/423/423
f 426/424/424 424/425/425 425/426/426
f 429/427/427 427/428/428 428/429/429
f 432/430/430 430/431/431 431/432/432
f 435/433/433 433/434/434 434/435/435
f 438/436/436 436/437/437 437/438/438
f 441/439/439 439/440/440 440/441/441
f 444/442/442 442/443/443 443/444/444
f 447/445/445 445/446/446 446/447/447
f 450/448/448 448/449/449 449/450/450
f 453/451/451 451/452/452 452/453/453
f 456/454/454 454/455/455 455/456/456
f 459/457/457 457/458/458 458/459/459
f 462/460/460 460/461/461 461/462/462
f 465/463/463 463/464/464 464/465/465
f 468/466/466 466/467/467 467/468/468
f 471/469/469 469/470/470 470/471/471
f 474/472/472 472/473/473 473/474/474
f 477/475/475 475/476/476 476/477/477
f 480/478/478 478/479/479 479/480/480
f 483/481/481 481/482/482 482/483/483
f 486/484/484 484/485/485 485/486/486
f 489/487/487 487/488/488 488/489/489
f 492/490/490 490/491/491 491/492/492
f 495/493/493 493/494/494 494/495/495
f 498/496/496 496/497/497 497/498/498
f 501/499/499 499/500/500 500/501/501
f 504/502/502 502/503/503 503/504/504
f 507/505/505 505/506/506 506/507/507
f 510/508/508 508/509/509 509/510/510
f 513/511/511 511/512/512 512/513/513
f 516/514/514 514/515/515 515/516/516
f 519/517/517 517/518/518 518/519/519
f 522/520/520 520/521/521 521/522/522
f 525/523/523 523/524/524 524/525/525
f 528/526/526 526/527/527 527/528/528
f 531/529/529 529/530/530 530/531/531
f 534/532/532 532/533/533 533/534/534
f 537/535/535 535/536/536 536/537/537
f 540/538/538 538/539/539 539/540/540
f 543/541/541 541/542/542 542/543/543
f 546/544/544 544/545/545 545/546/546
f 549/547/547 547/548/548 548/549/549
f 552/550/550 550/551/551 551/552/552
f 555/553/553 553/554/554 554/555/555
f 558/556/556 556/557/557 557/558/558
f 561/559/559 559/560/560 560/561/561
f 564/562/562 562/563/563 563/564/564
f 567/565/565 565/566/566 566/567/567
f 570/568/568 568/569/569 569/570/570
f 573/571/571 571/572/572 572/573/573
f 576/574/574 574/575/575 575/576/576
f 579/577/577 577/578/578 578/579/579
f 582/580/580 580/581/581 581/582/582
f 585/583/583 583/584/584 584/585/585
f 588/586/586 586/587/587 587/588/588
f 591/589/589 589/590/590 590/591/591
f 594/592/592 592/593/593 593/594/594
f 597/595/595 595/596/596 596/597/597
f 600/598/598 598/599/599 599/600/600
f 603/601/601 601/602/602 602/603/603
f 606/604/604 604/605/605 605/606/606
f 609/607/607 607/608/608 608/609/609
f 612/610/610 610/611/611 611/612/612
f 615/613/613 613/614/614 614/615/615
f 618/616/616 616/617/617 617/618/618
f 621/619/619 619/620/620 620/621/621
f 624/622/622 622/623/623 623/624/624
f 627/625/625 625/626/626 626/627/627
f 630/628/628 628/629/629 629/630/630
f 633/631/631 631/632/632 632/633/633
f 636/634/634 634/635/635 635/636/636
f 639/637/637 637/638/638 638/639/639
f 642/640/640 640/641/641 641/642/642
f 645/643/643 643/644/644 644/645/645
f 648/646/646 646/647/647 647/648/648
f 651/649/649 649/650/650 650/651/651
f 654/652/652 652/653/653 653/654/654
f 657/655/655 655/656/656 656/657/657
f 660/658/658 658/659/659 659/660/660
f 663/661/661 661/662/662 662/663/663
f 666/664/664 664/665/665 665/666/666
f 669/667/667 667/668/668 668/669/669
f 672/670/670 670/671/671 671/672/672
f 675/673/673 673/674/674 674/675/675
f 678/676/676 676/677/677 677/678/678
f 681/679/679 679/680/680 680/681/681
f 684/682/682 682/683/683 683/684/684
f 687/685/685 685/686/686 686/687/687
f 690/688/688 688/689/689 689/690/690
f 693/691/691 691/692/692 692/693/693
f 696/694/694 694/695/695 695/696/696
f 699/697/697 697/698/698 698/699/699
f 702/700/700 700/701/701 701/702/702
f 705/703/703 703/704/704 704/705/705
f 708/706/706 706/707/707 707/708/708
f 711/709/709 709/710/710 710/711/711
f 714/712/712 712/713/713 713/714/714
f 717/715/715 715/716/716 716/717/717
f 720/718/718 718/719/719 719/720/720
f 723/721/721 721/722/722 722/723/723
f 726/724/724 724/725/725 725/726/726
f 729/727/727 727/728/728 728/729/729
f 732/730/730 730/731/731 731/732/732
f 735/733/733 733/734/734 734/735/735
f 738/736/736 736/737/737 737/738/738
f 741/739/739 739/740/740 740/741/741
f 744/742/742 742/743/743 743/744/744
f 747/745/745 745/746/746 746/747/747
f 750/748/748 748/749/749 749/750/750
f 753/751/751 751/752/752 752/753/753
f 756/754/754 754/755/755 755/756/756
f 759/757/757 757/758/758 758/759/759
f 762/760/760 760/761/761 761/762/762
f 765/763/763 763/764/764 764/765/765
f 768/766/766 766/767/767 767/768/768
f 771/769/769 769/770/770 770/771/771
f 774/772/772 772/773/773 773/774/774
f 777/775/775 775/776/776 776/777/777
f 780/778/778 778/779/779 779/780/780
f 783/781/781 781/782/782 782/783/783
f 786/784/784 784/785/785 785/786/786
f 789/787/787 787/788/788 788/789/789
f 792/790/790 790/791/791 791/792/792
f 795/793/793 793/794/794 794/795/795
f 798/796/796 796/797/797 797/798/798
f 801/799/799 799/800/800 800/801/801
f 804/802/802 802/803/803 803/804/804
f 807/805/805 805/806/806 806/807/807
f 810/808/808 808/809/809 809/810/810
f 813/811/811 811/812/812 812/813/813
f 816/814/814 814/815/815 815/816/816
f 819/817/817 817/818/818 818/819/819
f 822/820/820 820/821/821 821/822/822
f 825/823/823 823/824/824 824/825/825
f 828/826/826 826/827/827 827/828/828
f 831/829/829 829/830/830 830/831/831
f 834/832/832 832/833/833 833/834/834
f 837/835/835 835/836/836 836/837/837
f 840/838/838 838/839/839 839/840/840
f 843/841/841 841/842/842 842/843/843
f 846/844/844 844/845/845 845/846/846
f 849/847/847 847/848/848 848/849/849
f 852/850/850 850/851/851 851/852/852
f 855/853/853 853/854/854 854/855/855
f 858/856/856 856/857/857 857/858/858
f 861/859/859 859/860/860 860/861/861
f 864/862/862 862/863/863 863/864/864
f 867/865/865 865/866/866 866/867/867
f 870/868/868 868/869/869 869/870/870
f 873/871/871 871/872/872 872/873/873
f 876/874/874 874/875/875 875/876/876
f 879/877/877 877/878/878 878/879/879
f 882/880/880 880/881/881 881/882/882
f 885/883/883 883/884/884 884/885/885
f 888/886/886 886/887/887 887/888/888
f 891/889/889 889/890/890 890/891/891
f 894/892/892 892/893/893 893/894/894
f 897/895/895 895/896/896 896/897/897
f 900/898/898 898/899/899 899/900/900
f 903/901/901 901/902/902 902/903/903
f 906/904/904 904/905/905 905/906/906
f 909/907/907 907/908/908 908/909/909
f 912/910/910 910/911/911 911/912/912
f 915/913/913 913/914/914 914/915/915
f 918/916/916 916/917/917 917/918/918
f 921/919/919 919/920/920 920/921/921
f 924/922/922 922/923/923 923/924/924
f 927/925/925 925/926/926 926/927/927
f 930/928/928 928/929/929 929/930/930
f 933/931/931 931/932/932 932/933/933
f 936/934/934 934/935/935 935/936/936
f 939/937/937 937/938/938 938/939/939
f 942/940/940 940/941/941 941/942/942
f 945/943/943 943/944/944 944/945/945
f 948/946/946 946/947/947 947/948/948
f 951/949/949 949/950/950 950/951/951
f 954/952/952 952/953/953 953/954/954
f 957/955/955 955/956/956 956/957/957
f 960/958/958 958/959/959 959/960/960
f 963/961/961 961/962/962 962/963/963
f 966/964/964 964/965/965 965/966/966
f 969/967/967 967/968/968 968/969/969
f 972/970/970 970/971/971 971/972/972
f 975/973/973 973/974/974 974/975/975
f 978/976/976 976/977/977 977/978/978
f 981/979/979 979/980/980 980/981/981
f 984/982/982 982/983/983 983/984/984
f 987/985/985 985/986/986 986/987/987
f 990/988/988 988/989/989 989/990/990
f 993/991/991 991/992/992 992/993/993
f 996/994/994 994/995/995 995/996/996
f 999/997/997 997/998/998 998/999/999
f 1002/1000/1000 1000/1001/1001 1001/1002/1002
f 1005/1003/1003 1003/1004/1004 1004/1005/1005
f 1008/1006/1006 1006/1007/1007 1007/1008/1008
f 1011/1009/1009 1009/1010/1010 1010/1011/1011
f 1014/1012/1012 1012/1013/1013 1013/1014/1014
f 1017/1015/1015 1015/1016/1016 1016/1017/1017
f 1020/1018/1018 1018/1019/1019 1019/1020/1020
f 1023/1021/1021 1021/1022/1022 1022/1023/1023
f 1026/1024/1024 1024/1025/1025 1025/1026/1026
f 1029/1027/1027 1027/1028/1028 1028/1029/1029
f 1032/1030/1030 1030/1031/1031 1031/1032/1032
f 1035/1033/1033 1033/1034/1034 1034/1035/1035
f 1038/1036/1036 1036/1037/1037 1037/1038/1038
f 1041/1039/1039 1039/1040/1040 1040/1041/1041
f 1044/1042/1042 1042/1043/1043 1043/1044/1044
f 1047/1045/1045 1045/1046/1046 1046/1047/1047

g Material.002
f 1050/1048/1048 1048/1049/1049 1049/1050/1050
f 1053/1051/1051 1051/1052/1052 1052/1053/1053
f 1056/1054/1054 1054/1055/1055 1055/1056/1056
f 1059/1057/1057 1057/1058/1058 1058/1059/1059
f 1062/1060/1060 1060/1061/1061 1061/1062/1062
f 1065/1063/1063 1063/1064/1064 1064/1065/1065
f 1068/1066/1066 1066/1067/1067 1067/1068/1068
f 1071/1069/1069 1069/1070/1070 1070/1071/1071
f 1074/1072/1072 1072/1073/1073 1073/1074/1074
f 1077/1075/1075 1075/1076/1076 1076/1077/1077
f 1080/1078/1078 1078/1079/1079 1079/1080/1080
f 1083/1081/1081 1081/1082/1082 1082/1083/1083
f 1086/1084/1084 1084/1085/1085 1085/1086/1086
f 1089/1087/1087 1087/1088/1088 1088/1089/1089
f 1092/1090/1090 1090/1091/1091 1091/1092/1092
f 1095/1093/1093 1093/1094/1094 1094/1095/1095
f 1098/1096/1096 1096/1097/1097 1097/1098/1098
f 1101/1099/1099 1099/1100/1100 1100/1101/1101
f 1104/1102/1102 1102/1103/1103 1103/1104/1104
f 1107/1105/1105 1105/1106/1106 1106/1107/1107
f 1110/1108/1108 1108/1109/1109 1109/1110/1110
f 1113/1111/1111 1111/1112/1112 1112/1113/1113

g Material.003
f 1116/1114/1114 1114/1115/1115 1115/1116/1116
f 1119/1117/1117 1117/1118/1118 1118/1119/1119
f 1122/1120/1120 1120/1121/1121 1121/1122/1122
f 1125/1123/1123 1123/1124/1124 1124/1125/1125

