# Converted from B3D for Luanti (With Correct Normals)
# Object Name: multidecor_bathroom_wall_set_with_mirror

v -1.000000 -1.850000 1.000000
v 1.000000 -1.850000 1.000000
v 1.000000 -1.850000 -0.250000
v -1.000000 -1.850000 -0.250000
v -1.000000 -2.000000 -0.250000
v -1.000000 -1.850000 -0.250000
v 1.000000 -1.850000 -0.250000
v 1.000000 -2.000000 -0.250000
v 1.000000 -2.000000 -0.250000
v 1.000000 -1.850000 -0.250000
v 1.000000 -1.850000 1.000000
v 1.000000 -2.000000 1.000000
v 1.000000 -2.000000 1.000000
v -1.000000 -2.000000 1.000000
v -1.000000 -2.000000 -0.250000
v 1.000000 -2.000000 -0.250000
v -1.000000 -2.000000 1.000000
v -1.000000 -1.850000 1.000000
v -1.000000 -1.850000 -0.250000
v -1.000000 -2.000000 -0.250000
v 1.000000 -2.000000 1.000000
v 1.000000 -1.850000 1.000000
v -1.000000 -1.850000 1.000000
v -1.000000 -2.000000 1.000000
v 1.000000 -1.850000 1.000000
v 1.000000 -1.850000 -0.100000
v 1.000000 0.850000 -0.100000
v 1.000000 0.850000 1.000000
v 0.300000 -1.850000 1.000000
v 1.000000 -1.850000 1.000000
v 1.000000 0.850000 1.000000
v 0.300000 0.850000 1.000000
v 0.300000 -1.850000 -0.100000
v 0.300000 -1.850000 1.000000
v 0.300000 0.850000 1.000000
v 0.300000 0.850000 -0.100000
v -1.000000 1.000000 1.000000
v 1.000000 1.000000 1.000000
v 1.000000 1.000000 -0.250000
v -1.000000 1.000000 -0.250000
v -1.000000 0.850000 -0.250000
v -1.000000 1.000000 -0.250000
v 1.000000 1.000000 -0.250000
v 1.000000 0.850000 -0.250000
v 1.000000 0.850000 -0.250000
v 1.000000 1.000000 -0.250000
v 1.000000 1.000000 1.000000
v 1.000000 0.850000 1.000000
v 1.000000 0.850000 1.000000
v -1.000000 0.850000 1.000000
v -1.000000 0.850000 -0.250000
v 1.000000 0.850000 -0.250000
v -1.000000 0.850000 1.000000
v -1.000000 1.000000 1.000000
v -1.000000 1.000000 -0.250000
v -1.000000 0.850000 -0.250000
v 1.000000 0.850000 1.000000
v 1.000000 1.000000 1.000000
v -1.000000 1.000000 1.000000
v -1.000000 0.850000 1.000000
v -1.000000 0.850000 0.850000
v 0.300000 0.850000 0.850000
v 0.300000 -1.850000 0.850000
v -1.000000 -1.850000 0.850000
v 0.300000 -1.850000 1.000000
v 0.300000 -1.850000 0.850000
v 0.300000 0.850000 0.850000
v 0.300000 0.850000 1.000000
v 0.300000 0.850000 1.000000
v -1.000000 0.850000 1.000000
v -1.000000 -1.850000 1.000000
v 0.300000 -1.850000 1.000000
v -1.000000 0.850000 1.000000
v -1.000000 0.850000 0.850000
v -1.000000 -1.850000 0.850000
v -1.000000 -1.850000 1.000000
v 0.400000 -1.750000 0.900000
v 0.400000 -1.750000 -0.100000
v 0.900000 -1.750000 -0.100000
v 0.900000 -1.750000 0.900000
v 0.400000 0.750000 0.900000
v 0.400000 0.750000 -0.100000
v 0.900000 0.750000 -0.100000
v 0.900000 0.750000 0.900000
v 0.900000 -0.450000 0.900000
v 0.900000 0.750000 0.900000
v 0.900000 0.750000 -0.100000
v 0.900000 -0.450000 -0.100000
v 0.900000 -1.750000 0.900000
v 0.900000 -1.750000 -0.100000
v 0.900000 -0.550000 -0.100000
v 0.900000 -0.550000 0.900000
v 0.400000 -1.750000 -0.100000
v 0.400000 -1.750000 0.900000
v 0.400000 -0.550000 0.900000
v 0.400000 -0.550000 -0.100000
v 0.400000 -0.450000 -0.100000
v 0.400000 0.750000 -0.100000
v 0.400000 0.750000 0.900000
v 0.400000 -0.450000 0.900000
v 0.400000 0.750000 0.900000
v 0.900000 0.750000 0.900000
v 0.900000 -0.450000 0.900000
v 0.400000 -0.450000 0.900000
v 0.400000 -1.750000 0.900000
v 0.900000 -1.750000 0.900000
v 0.900000 -0.550000 0.900000
v 0.400000 -0.550000 0.900000
v 0.900000 -0.450000 -0.100000
v 0.400000 -0.450000 -0.100000
v 0.400000 -0.450000 0.900000
v 0.900000 -0.450000 0.900000
v 0.900000 -0.550000 -0.100000
v 0.400000 -0.550000 -0.100000
v 0.400000 -0.550000 0.900000
v 0.900000 -0.550000 0.900000
v 0.300000 0.850000 -0.100000
v 0.400000 -0.550000 -0.100000
v 0.300000 -1.850000 -0.100000
v 0.400000 -1.750000 -0.100000
v 1.000000 -1.850000 -0.100000
v 0.300000 -1.850000 -0.100000
v 0.400000 -1.750000 -0.100000
v 0.900000 -1.750000 -0.100000
v 1.000000 -1.850000 -0.100000
v 0.900000 -1.750000 -0.100000
v 0.900000 -0.550000 -0.100000
v 1.000000 -1.850000 -0.100000
v 1.000000 -1.850000 -0.100000
v 0.900000 -0.550000 -0.100000
v 0.900000 -0.450000 -0.100000
v 0.300000 0.850000 -0.100000
v 0.400000 -0.450000 -0.100000
v 0.400000 -0.550000 -0.100000
v 0.400000 -0.450000 -0.100000
v 0.900000 -0.550000 -0.100000
v 0.400000 -0.550000 -0.100000
v 0.400000 -0.450000 -0.100000
v 0.900000 -0.450000 -0.100000
v 0.900000 -0.550000 -0.100000
v 1.000000 0.850000 -0.100000
v 1.000000 -1.850000 -0.100000
v 0.900000 -0.450000 -0.100000
v 0.300000 0.850000 -0.100000
v 0.400000 0.750000 -0.100000
v 0.400000 -0.450000 -0.100000
v 0.900000 0.750000 -0.100000
v 1.000000 0.850000 -0.100000
v 0.900000 -0.450000 -0.100000
v 0.300000 0.850000 -0.100000
v 0.900000 0.750000 -0.100000
v 0.400000 0.750000 -0.100000
v 0.300000 0.850000 -0.100000
v 1.000000 0.850000 -0.100000
v 0.900000 0.750000 -0.100000
v 0.400000 -0.550000 -0.100000
v 0.400000 -1.750000 -0.100000
v 0.300000 -1.850000 -0.100000
v -0.280000 -1.700000 0.575000
v -0.280000 -1.700000 0.175000
v -0.280000 -1.800000 0.275000
v -0.280000 -1.800000 0.475000
v -0.280000 -1.650000 0.175000
v -0.920000 -1.650000 0.175000
v -0.920000 -1.700000 0.175000
v -0.280000 -1.700000 0.175000
v -0.280000 -1.650000 0.575000
v -0.280000 -1.650000 0.175000
v -0.280000 -1.700000 0.175000
v -0.280000 -1.700000 0.575000
v -0.920000 -1.650000 0.575000
v -0.280000 -1.650000 0.575000
v -0.280000 -1.700000 0.575000
v -0.920000 -1.700000 0.575000
v -0.920000 -1.650000 0.175000
v -0.920000 -1.650000 0.575000
v -0.920000 -1.700000 0.575000
v -0.920000 -1.700000 0.175000
v -0.920000 -1.800000 0.475000
v -0.280000 -1.800000 0.475000
v -0.280000 -1.800000 0.275000
v -0.920000 -1.800000 0.275000
v -0.280000 -1.700000 0.175000
v -0.920000 -1.700000 0.175000
v -0.920000 -1.800000 0.275000
v -0.280000 -1.800000 0.275000
v -0.920000 -1.700000 0.575000
v -0.280000 -1.700000 0.575000
v -0.280000 -1.800000 0.475000
v -0.920000 -1.800000 0.475000
v -0.920000 -1.700000 0.175000
v -0.920000 -1.700000 0.575000
v -0.920000 -1.800000 0.475000
v -0.920000 -1.800000 0.275000
v -0.344000 -1.703333 0.535000
v -0.344000 -1.703333 0.215000
v -0.344000 -1.733333 0.295000
v -0.344000 -1.733333 0.455000
v -0.344000 -1.650000 0.215000
v -0.856000 -1.650000 0.215000
v -0.856000 -1.703333 0.215000
v -0.344000 -1.703333 0.215000
v -0.344000 -1.650000 0.535000
v -0.344000 -1.650000 0.215000
v -0.344000 -1.703333 0.215000
v -0.344000 -1.703333 0.535000
v -0.856000 -1.650000 0.535000
v -0.344000 -1.650000 0.535000
v -0.344000 -1.703333 0.535000
v -0.856000 -1.703333 0.535000
v -0.856000 -1.650000 0.215000
v -0.856000 -1.650000 0.535000
v -0.856000 -1.703333 0.535000
v -0.856000 -1.703333 0.215000
v -0.856000 -1.733333 0.455000
v -0.344000 -1.733333 0.455000
v -0.344000 -1.733333 0.295000
v -0.856000 -1.733333 0.295000
v -0.344000 -1.703333 0.215000
v -0.856000 -1.703333 0.215000
v -0.856000 -1.733333 0.295000
v -0.344000 -1.733333 0.295000
v -0.856000 -1.703333 0.535000
v -0.344000 -1.703333 0.535000
v -0.344000 -1.733333 0.455000
v -0.856000 -1.733333 0.455000
v -0.856000 -1.703333 0.215000
v -0.856000 -1.703333 0.535000
v -0.856000 -1.733333 0.455000
v -0.856000 -1.733333 0.295000
v -0.920000 -1.650000 0.175000
v -0.920000 -1.650000 0.575000
v -0.856000 -1.650000 0.535000
v -0.856000 -1.650000 0.535000
v -0.920000 -1.650000 0.575000
v -0.280000 -1.650000 0.575000
v -0.856000 -1.650000 0.535000
v -0.280000 -1.650000 0.575000
v -0.344000 -1.650000 0.535000
v -0.280000 -1.650000 0.175000
v -0.344000 -1.650000 0.215000
v -0.280000 -1.650000 0.575000
v -0.920000 -1.650000 0.175000
v -0.856000 -1.650000 0.535000
v -0.856000 -1.650000 0.215000
v -0.920000 -1.650000 0.175000
v -0.856000 -1.650000 0.215000
v -0.344000 -1.650000 0.215000
v -0.920000 -1.650000 0.175000
v -0.344000 -1.650000 0.215000
v -0.280000 -1.650000 0.175000
v -0.344000 -1.650000 0.215000
v -0.344000 -1.650000 0.535000
v -0.280000 -1.650000 0.575000
v -0.280000 -1.792678 0.196967
v -0.280000 -1.760355 0.164645
v -0.280000 -1.850000 0.164645
v -0.280000 -1.850000 0.196967
v -0.870000 -1.792678 0.196967
v -0.870000 -1.760355 0.164645
v -0.870000 -1.850000 0.164645
v -0.870000 -1.850000 0.196967
v -0.870000 -1.757322 0.232322
v -0.870000 -1.725000 0.200000
v -0.870000 -1.760355 0.164645
v -0.870000 -1.792678 0.196967
v -0.870000 -1.725000 0.200000
v -0.920000 -1.725000 0.200000
v -0.920000 -1.760355 0.164645
v -0.870000 -1.760355 0.164645
v -0.920000 -1.725000 0.200000
v -0.920000 -1.757322 0.232322
v -0.920000 -1.792678 0.196967
v -0.920000 -1.760355 0.164645
v -0.920000 -1.757322 0.232322
v -0.870000 -1.757322 0.232322
v -0.870000 -1.792678 0.196967
v -0.920000 -1.792678 0.196967
v -0.280000 -1.757322 0.232322
v -0.280000 -1.725000 0.200000
v -0.280000 -1.760355 0.164645
v -0.280000 -1.792678 0.196967
v -0.870000 -1.760355 0.164645
v -0.920000 -1.760355 0.164645
v -0.920000 -1.850000 0.164645
v -0.870000 -1.850000 0.164645
v -0.920000 -1.760355 0.164645
v -0.920000 -1.792678 0.196967
v -0.920000 -1.850000 0.196967
v -0.920000 -1.850000 0.164645
v -0.920000 -1.792678 0.196967
v -0.870000 -1.792678 0.196967
v -0.870000 -1.850000 0.196967
v -0.920000 -1.850000 0.196967
v -0.280000 -1.725000 0.200000
v -0.330000 -1.725000 0.200000
v -0.330000 -1.760355 0.164645
v -0.280000 -1.760355 0.164645
v -0.330000 -1.725000 0.200000
v -0.330000 -1.757322 0.232322
v -0.330000 -1.792678 0.196967
v -0.330000 -1.760355 0.164645
v -0.330000 -1.757322 0.232322
v -0.280000 -1.757322 0.232322
v -0.280000 -1.792678 0.196967
v -0.330000 -1.792678 0.196967
v -0.280000 -1.760355 0.164645
v -0.330000 -1.760355 0.164645
v -0.330000 -1.850000 0.164645
v -0.280000 -1.850000 0.164645
v -0.330000 -1.760355 0.164645
v -0.330000 -1.792678 0.196967
v -0.330000 -1.850000 0.196967
v -0.330000 -1.850000 0.164645
v -0.330000 -1.792678 0.196967
v -0.280000 -1.792678 0.196967
v -0.280000 -1.850000 0.196967
v -0.330000 -1.850000 0.196967
v -0.280000 -1.792678 0.553033
v -0.280000 -1.850000 0.553033
v -0.280000 -1.850000 0.585355
v -0.280000 -1.760355 0.585355
v -0.280000 -1.757322 0.517678
v -0.280000 -1.792678 0.553033
v -0.280000 -1.760355 0.585355
v -0.280000 -1.725000 0.550000
v -0.280000 -1.725000 0.550000
v -0.280000 -1.760355 0.585355
v -0.330000 -1.760355 0.585355
v -0.330000 -1.725000 0.550000
v -0.330000 -1.725000 0.550000
v -0.330000 -1.760355 0.585355
v -0.330000 -1.792678 0.553033
v -0.330000 -1.757322 0.517678
v -0.330000 -1.757322 0.517678
v -0.330000 -1.792678 0.553033
v -0.280000 -1.792678 0.553033
v -0.280000 -1.757322 0.517678
v -0.280000 -1.760355 0.585355
v -0.280000 -1.850000 0.585355
v -0.330000 -1.850000 0.585355
v -0.330000 -1.760355 0.585355
v -0.330000 -1.760355 0.585355
v -0.330000 -1.850000 0.585355
v -0.330000 -1.850000 0.553033
v -0.330000 -1.792678 0.553033
v -0.330000 -1.792678 0.553033
v -0.330000 -1.850000 0.553033
v -0.280000 -1.850000 0.553033
v -0.280000 -1.792678 0.553033
v -0.870000 -1.792678 0.553033
v -0.870000 -1.850000 0.553033
v -0.870000 -1.850000 0.585355
v -0.870000 -1.760355 0.585355
v -0.870000 -1.757322 0.517678
v -0.870000 -1.792678 0.553033
v -0.870000 -1.760355 0.585355
v -0.870000 -1.725000 0.550000
v -0.870000 -1.725000 0.550000
v -0.870000 -1.760355 0.585355
v -0.920000 -1.760355 0.585355
v -0.920000 -1.725000 0.550000
v -0.920000 -1.725000 0.550000
v -0.920000 -1.760355 0.585355
v -0.920000 -1.792678 0.553033
v -0.920000 -1.757322 0.517678
v -0.920000 -1.757322 0.517678
v -0.920000 -1.792678 0.553033
v -0.870000 -1.792678 0.553033
v -0.870000 -1.757322 0.517678
v -0.870000 -1.760355 0.585355
v -0.870000 -1.850000 0.585355
v -0.920000 -1.850000 0.585355
v -0.920000 -1.760355 0.585355
v -0.920000 -1.760355 0.585355
v -0.920000 -1.850000 0.585355
v -0.920000 -1.850000 0.553033
v -0.920000 -1.792678 0.553033
v -0.920000 -1.792678 0.553033
v -0.920000 -1.850000 0.553033
v -0.870000 -1.850000 0.553033
v -0.870000 -1.792678 0.553033
v -0.775000 -1.733334 0.300000
v -0.806066 -1.664768 0.268934
v -0.850000 -1.664768 0.375000
v -0.806066 -1.733334 0.375000
v -0.806066 -1.664768 0.268934
v -0.775000 -1.596201 0.300000
v -0.806066 -1.596201 0.375000
v -0.850000 -1.664768 0.375000
v -0.700000 -1.733334 0.268934
v -0.700000 -1.664768 0.225000
v -0.806066 -1.664768 0.268934
v -0.775000 -1.733334 0.300000
v -0.700000 -1.664768 0.225000
v -0.700000 -1.596201 0.268934
v -0.775000 -1.596201 0.300000
v -0.806066 -1.664768 0.268934
v -0.500000 -1.664768 0.225000
v -0.500000 -1.733334 0.268934
v -0.700000 -1.733334 0.268934
v -0.700000 -1.664768 0.225000
v -0.500000 -1.664768 0.525000
v -0.500000 -1.596201 0.481066
v -0.700000 -1.596201 0.481066
v -0.700000 -1.664768 0.525000
v -0.500000 -1.596201 0.268934
v -0.500000 -1.664768 0.225000
v -0.700000 -1.664768 0.225000
v -0.700000 -1.596201 0.268934
v -0.500000 -1.733334 0.481066
v -0.500000 -1.664768 0.525000
v -0.700000 -1.664768 0.525000
v -0.700000 -1.733334 0.481066
v -0.500000 -1.664768 0.225000
v -0.500000 -1.596201 0.268934
v -0.425000 -1.596201 0.300000
v -0.393934 -1.664768 0.268934
v -0.500000 -1.733334 0.268934
v -0.500000 -1.664768 0.225000
v -0.393934 -1.664768 0.268934
v -0.425000 -1.733334 0.300000
v -0.393934 -1.664768 0.268934
v -0.425000 -1.596201 0.300000
v -0.393934 -1.596201 0.375000
v -0.350000 -1.664768 0.375000
v -0.425000 -1.733334 0.300000
v -0.393934 -1.664768 0.268934
v -0.350000 -1.664768 0.375000
v -0.393934 -1.733334 0.375000
v -0.393934 -1.733334 0.375000
v -0.350000 -1.664768 0.375000
v -0.393934 -1.664768 0.481066
v -0.425000 -1.733334 0.450000
v -0.350000 -1.664768 0.375000
v -0.393934 -1.596201 0.375000
v -0.425000 -1.596201 0.450000
v -0.393934 -1.664768 0.481066
v -0.425000 -1.733334 0.450000
v -0.393934 -1.664768 0.481066
v -0.500000 -1.664768 0.525000
v -0.500000 -1.733334 0.481066
v -0.393934 -1.664768 0.481066
v -0.425000 -1.596201 0.450000
v -0.500000 -1.596201 0.481066
v -0.500000 -1.664768 0.525000
v -0.806066 -1.733334 0.375000
v -0.850000 -1.664768 0.375000
v -0.806066 -1.664768 0.481066
v -0.775000 -1.733334 0.450000
v -0.850000 -1.664768 0.375000
v -0.806066 -1.596201 0.375000
v -0.775000 -1.596201 0.450000
v -0.806066 -1.664768 0.481066
v -0.775000 -1.733334 0.450000
v -0.806066 -1.664768 0.481066
v -0.700000 -1.664768 0.525000
v -0.700000 -1.733334 0.481066
v -0.806066 -1.664768 0.481066
v -0.775000 -1.596201 0.450000
v -0.700000 -1.596201 0.481066
v -0.700000 -1.664768 0.525000
v -0.700000 -1.596201 0.268934
v -0.806066 -1.596201 0.375000
v -0.700000 -1.596201 0.481066
v -0.700000 -1.733334 0.481066
v -0.806066 -1.733334 0.375000
v -0.700000 -1.733334 0.268934
v -0.354153 -1.800000 -0.112823
v -0.054153 -1.800000 0.487177
v 0.245847 -1.800000 0.314184
v -0.354153 -1.800000 -0.112823
v 0.245847 -1.800000 -0.112823
v 0.145847 -1.850000 -0.312823
v -0.354153 -1.850000 -0.312823
v -0.354153 -1.850000 -0.312823
v 0.145847 -1.850000 -0.312823
v 0.145847 -2.150000 -0.312823
v -0.354153 -2.150000 -0.312823
v -0.354153 -2.150000 -0.312823
v 0.145847 -2.150000 -0.312823
v 0.045847 -2.250000 -0.312823
v -0.254153 -2.250000 -0.312823
v 0.650000 -1.750000 0.560000
v 0.650000 -1.250000 0.600000
v 0.508579 -1.250000 0.541421
v 0.536863 -1.750000 0.513137
v 0.536863 -1.750000 0.513137
v 0.508579 -1.250000 0.541421
v 0.450000 -1.250000 0.400000
v 0.490000 -1.750000 0.400000
v 0.490000 -1.750000 0.400000
v 0.450000 -1.250000 0.400000
v 0.508579 -1.250000 0.258579
v 0.536863 -1.750000 0.286863
v 0.536863 -1.750000 0.286863
v 0.508579 -1.250000 0.258579
v 0.650000 -1.250000 0.200000
v 0.650000 -1.750000 0.240000
v 0.650000 -1.750000 0.240000
v 0.650000 -1.250000 0.200000
v 0.791421 -1.250000 0.258579
v 0.763137 -1.750000 0.286863
v 0.763137 -1.750000 0.286863
v 0.791421 -1.250000 0.258579
v 0.850000 -1.250000 0.400000
v 0.810000 -1.750000 0.400000
v 0.650000 -1.650000 0.528000
v 0.650000 -1.250000 0.560000
v 0.536863 -1.250000 0.513137
v 0.559490 -1.650000 0.490510
v 0.810000 -1.750000 0.400000
v 0.850000 -1.250000 0.400000
v 0.791421 -1.250000 0.541421
v 0.763137 -1.750000 0.513137
v 0.763137 -1.750000 0.513137
v 0.791421 -1.250000 0.541421
v 0.650000 -1.250000 0.600000
v 0.650000 -1.750000 0.560000
v 0.763137 -1.750000 0.286863
v 0.810000 -1.750000 0.400000
v 0.763137 -1.750000 0.513137
v 0.559490 -1.650000 0.490510
v 0.536863 -1.250000 0.513137
v 0.490000 -1.250000 0.400000
v 0.522000 -1.650000 0.400000
v 0.522000 -1.650000 0.400000
v 0.490000 -1.250000 0.400000
v 0.536863 -1.250000 0.286863
v 0.559490 -1.650000 0.309490
v 0.559490 -1.650000 0.309490
v 0.536863 -1.250000 0.286863
v 0.650000 -1.250000 0.240000
v 0.650000 -1.650000 0.272000
v 0.650000 -1.650000 0.272000
v 0.650000 -1.250000 0.240000
v 0.763137 -1.250000 0.286863
v 0.740510 -1.650000 0.309490
v 0.740510 -1.650000 0.309490
v 0.763137 -1.250000 0.286863
v 0.810000 -1.250000 0.400000
v 0.778000 -1.650000 0.400000
v 0.778000 -1.650000 0.400000
v 0.810000 -1.250000 0.400000
v 0.763137 -1.250000 0.513137
v 0.740510 -1.650000 0.490510
v 0.740510 -1.650000 0.490510
v 0.763137 -1.250000 0.513137
v 0.650000 -1.250000 0.560000
v 0.650000 -1.650000 0.528000
v 0.740510 -1.650000 0.309490
v 0.778000 -1.650000 0.400000
v 0.740510 -1.650000 0.490510
v 0.650000 -1.250000 0.560000
v 0.536863 -1.250000 0.513137
v 0.650000 -1.250000 0.600000
v 0.791421 -1.250000 0.541421
v 0.763137 -1.250000 0.513137
v 0.650000 -1.250000 0.600000
v 0.763137 -1.250000 0.513137
v 0.650000 -1.250000 0.560000
v 0.650000 -1.250000 0.600000
v 0.810000 -1.250000 0.400000
v 0.763137 -1.250000 0.513137
v 0.791421 -1.250000 0.541421
v 0.450000 -1.250000 0.400000
v 0.508579 -1.250000 0.541421
v 0.536863 -1.250000 0.513137
v 0.850000 -1.250000 0.400000
v 0.810000 -1.250000 0.400000
v 0.791421 -1.250000 0.541421
v 0.450000 -1.250000 0.400000
v 0.536863 -1.250000 0.513137
v 0.490000 -1.250000 0.400000
v 0.490000 -1.250000 0.400000
v 0.536863 -1.250000 0.286863
v 0.450000 -1.250000 0.400000
v 0.536863 -1.250000 0.513137
v 0.508579 -1.250000 0.541421
v 0.650000 -1.250000 0.600000
v 0.763137 -1.250000 0.286863
v 0.810000 -1.250000 0.400000
v 0.850000 -1.250000 0.400000
v 0.763137 -1.250000 0.286863
v 0.850000 -1.250000 0.400000
v 0.791421 -1.250000 0.258579
v 0.508579 -1.250000 0.258579
v 0.536863 -1.250000 0.286863
v 0.650000 -1.250000 0.240000
v 0.650000 -1.250000 0.240000
v 0.763137 -1.250000 0.286863
v 0.791421 -1.250000 0.258579
v 0.650000 -1.250000 0.200000
v 0.508579 -1.250000 0.258579
v 0.650000 -1.250000 0.240000
v 0.650000 -1.250000 0.240000
v 0.791421 -1.250000 0.258579
v 0.650000 -1.250000 0.200000
v 0.536863 -1.250000 0.286863
v 0.508579 -1.250000 0.258579
v 0.450000 -1.250000 0.400000
v 0.575423 -1.650000 0.376986
v 0.575423 -0.850000 0.376986
v 0.613607 -0.850000 0.415170
v 0.613607 -1.650000 0.415170
v 0.613607 -1.650000 0.415170
v 0.613607 -0.850000 0.415170
v 0.549968 -0.850000 0.478809
v 0.549968 -1.650000 0.478809
v 0.549968 -1.650000 0.478809
v 0.549968 -0.850000 0.478809
v 0.511784 -0.850000 0.440625
v 0.511784 -1.650000 0.440625
v 0.511784 -1.650000 0.440625
v 0.511784 -0.850000 0.440625
v 0.575423 -0.850000 0.376986
v 0.575423 -1.650000 0.376986
v 0.613607 -1.650000 0.415170
v 0.549968 -1.650000 0.478809
v 0.511784 -1.650000 0.440625
v 0.575423 -1.650000 0.376986
v 0.549968 -0.850000 0.478809
v 0.613607 -0.850000 0.415170
v 0.575423 -0.850000 0.376986
v 0.511784 -0.850000 0.440625
v 0.518148 -0.880000 0.338802
v 0.518148 -1.045000 0.338802
v 0.473600 -1.045000 0.383350
v 0.473600 -0.880000 0.383350
v 0.565877 -0.880000 0.386532
v 0.518148 -0.880000 0.338802
v 0.473600 -0.880000 0.383350
v 0.521330 -0.880000 0.431080
v 0.521330 -0.880000 0.431080
v 0.473600 -0.880000 0.383350
v 0.473600 -1.045000 0.383350
v 0.521330 -1.045000 0.431080
v 0.521330 -1.045000 0.431080
v 0.473600 -1.045000 0.383350
v 0.518148 -1.045000 0.338802
v 0.565877 -1.045000 0.386532
v 0.565877 -1.045000 0.386532
v 0.518148 -1.045000 0.338802
v 0.518148 -0.880000 0.338802
v 0.565877 -0.880000 0.386532
v 0.652902 -1.644581 0.382162
v 0.740197 -0.866571 0.546725
v 0.767036 -0.859776 0.500362
v 0.679741 -1.637785 0.335799
v 0.679741 -1.637785 0.335799
v 0.767036 -0.859776 0.500362
v 0.844513 -0.877409 0.542628
v 0.757218 -1.655418 0.378065
v 0.757218 -1.655418 0.378065
v 0.844513 -0.877409 0.542628
v 0.817674 -0.884205 0.588991
v 0.730379 -1.662214 0.424428
v 0.730379 -1.662214 0.424428
v 0.817674 -0.884205 0.588991
v 0.740197 -0.866571 0.546725
v 0.652902 -1.644581 0.382162
v 0.679741 -1.637785 0.335799
v 0.757218 -1.655418 0.378065
v 0.730379 -1.662214 0.424428
v 0.652902 -1.644581 0.382162
v 0.844513 -0.877409 0.542628
v 0.767036 -0.859776 0.500362
v 0.740197 -0.866571 0.546725
v 0.817674 -0.884205 0.588991
v 0.714997 -0.906886 0.604847
v 0.696992 -1.067350 0.570906
v 0.751226 -1.079693 0.600492
v 0.769231 -0.919229 0.634433
v 0.748545 -0.898392 0.546893
v 0.714997 -0.906886 0.604847
v 0.769231 -0.919229 0.634433
v 0.802779 -0.910735 0.576480
v 0.802779 -0.910735 0.576480
v 0.769231 -0.919229 0.634433
v 0.751226 -1.079693 0.600492
v 0.784774 -1.071199 0.542539
v 0.784774 -1.071199 0.542539
v 0.751226 -1.079693 0.600492
v 0.696992 -1.067350 0.570906
v 0.730541 -1.058856 0.512952
v 0.730541 -1.058856 0.512952
v 0.696992 -1.067350 0.570906
v 0.714997 -0.906886 0.604847
v 0.748545 -0.898392 0.546893
v 0.724054 -0.450000 0.158266
v 0.724054 0.050000 0.158266
v 0.899054 0.050000 0.461375
v 0.899054 -0.450000 0.461375
v 0.899054 -0.450000 0.461375
v 0.899054 0.050000 0.461375
v 0.595946 0.050000 0.636375
v 0.595946 -0.450000 0.636375
v 0.595946 -0.450000 0.636375
v 0.595946 0.050000 0.636375
v 0.420946 0.050000 0.333266
v 0.420946 -0.450000 0.333266
v 0.420946 -0.450000 0.333266
v 0.420946 0.050000 0.333266
v 0.724054 0.050000 0.158266
v 0.724054 -0.450000 0.158266
v 0.899054 -0.450000 0.461375
v 0.595946 -0.450000 0.636375
v 0.420946 -0.450000 0.333266
v 0.724054 -0.450000 0.158266
v 0.595946 0.050000 0.636375
v 0.899054 0.050000 0.461375
v 0.724054 0.050000 0.158266
v 0.420946 0.050000 0.333266
v 0.710000 0.050000 0.483923
v 0.710000 0.200000 0.483923
v 0.634118 0.200000 0.493913
v 0.634118 0.050000 0.493913
v 0.634118 0.050000 0.493913
v 0.634118 0.200000 0.493913
v 0.573397 0.200000 0.447320
v 0.573397 0.050000 0.447320
v 0.573397 0.050000 0.447320
v 0.573397 0.200000 0.447320
v 0.563407 0.200000 0.371439
v 0.563407 0.050000 0.371439
v 0.563407 0.050000 0.371439
v 0.563407 0.200000 0.371439
v 0.610000 0.200000 0.310718
v 0.610000 0.050000 0.310718
v 0.610000 0.050000 0.310718
v 0.610000 0.200000 0.310718
v 0.685882 0.200000 0.300728
v 0.685882 0.050000 0.300728
v 0.685882 0.050000 0.300728
v 0.685882 0.200000 0.300728
v 0.746603 0.200000 0.347320
v 0.746603 0.050000 0.347320
v 0.710000 0.200000 0.483923
v 0.746603 0.200000 0.347320
v 0.610000 0.200000 0.310718
v 0.717956 0.250000 0.412850
v 0.690000 0.250000 0.449282
v 0.630000 0.250000 0.345359
v 0.746603 0.050000 0.347320
v 0.746603 0.200000 0.347320
v 0.756593 0.200000 0.423202
v 0.756593 0.050000 0.423202
v 0.756593 0.050000 0.423202
v 0.756593 0.200000 0.423202
v 0.710000 0.200000 0.483923
v 0.710000 0.050000 0.483923
v 0.625359 0.200000 0.417320
v 0.649647 0.200000 0.435957
v 0.649647 0.250000 0.435958
v 0.625359 0.250000 0.417320
v 0.680000 0.200000 0.431961
v 0.698637 0.200000 0.407673
v 0.698637 0.250000 0.407673
v 0.680000 0.250000 0.431961
v 0.621363 0.200000 0.386968
v 0.625359 0.200000 0.417320
v 0.625359 0.250000 0.417320
v 0.621363 0.250000 0.386968
v 0.640000 0.200000 0.362679
v 0.621363 0.200000 0.386968
v 0.621363 0.250000 0.386968
v 0.640000 0.250000 0.362679
v 0.698637 0.200000 0.407673
v 0.694641 0.200000 0.377320
v 0.694641 0.250000 0.377320
v 0.698637 0.250000 0.407673
v 0.670353 0.200000 0.358683
v 0.640000 0.200000 0.362679
v 0.640000 0.250000 0.362679
v 0.670353 0.250000 0.358683
v 0.694641 0.200000 0.377320
v 0.670353 0.200000 0.358683
v 0.670353 0.250000 0.358683
v 0.694641 0.250000 0.377320
v 0.649647 0.200000 0.435957
v 0.680000 0.200000 0.431961
v 0.680000 0.250000 0.431961
v 0.649647 0.250000 0.435958
v 0.690000 0.400000 0.449282
v 0.711962 0.400000 0.367320
v 0.630000 0.400000 0.345359
v 0.717956 0.250000 0.412850
v 0.711962 0.250000 0.367320
v 0.711962 0.400000 0.367320
v 0.717956 0.400000 0.412850
v 0.675529 0.250000 0.339365
v 0.630000 0.250000 0.345359
v 0.630000 0.400000 0.345359
v 0.675529 0.400000 0.339365
v 0.602044 0.250000 0.381791
v 0.608038 0.250000 0.427320
v 0.608038 0.400000 0.427320
v 0.602044 0.400000 0.381791
v 0.644471 0.250000 0.455276
v 0.690000 0.250000 0.449282
v 0.690000 0.400000 0.449282
v 0.644471 0.400000 0.455276
v 0.690000 0.250000 0.449282
v 0.717956 0.250000 0.412850
v 0.717956 0.400000 0.412850
v 0.690000 0.400000 0.449282
v 0.711962 0.250000 0.367320
v 0.675529 0.250000 0.339365
v 0.675529 0.400000 0.339365
v 0.711962 0.400000 0.367320
v 0.630000 0.250000 0.345359
v 0.602044 0.250000 0.381791
v 0.602044 0.400000 0.381791
v 0.630000 0.400000 0.345359
v 0.608038 0.250000 0.427320
v 0.644471 0.250000 0.455276
v 0.644471 0.400000 0.455276
v 0.608038 0.400000 0.427320
v 0.539151 0.350000 0.138003
v 0.539151 0.375000 0.138003
v 0.664151 0.375000 0.354510
v 0.664151 0.350000 0.354510
v 0.620849 0.350000 0.379510
v 0.620849 0.375000 0.379510
v 0.495849 0.375000 0.163003
v 0.495849 0.350000 0.163003
v 0.495849 0.350000 0.163003
v 0.495849 0.375000 0.163003
v 0.539151 0.375000 0.138003
v 0.539151 0.350000 0.138003
v 0.664151 0.350000 0.354510
v 0.620849 0.350000 0.379510
v 0.495849 0.350000 0.163003
v 0.539151 0.350000 0.138003
v 0.620849 0.375000 0.379510
v 0.664151 0.375000 0.354510
v 0.539151 0.375000 0.138003
v 0.495849 0.375000 0.163003
v 0.573397 0.200000 0.447320
v 0.634118 0.200000 0.493913
v 0.710000 0.200000 0.483923
v 0.710000 0.200000 0.483923
v 0.756593 0.200000 0.423202
v 0.746603 0.200000 0.347320
v 0.746603 0.200000 0.347320
v 0.685882 0.200000 0.300728
v 0.610000 0.200000 0.310718
v 0.610000 0.200000 0.310718
v 0.563407 0.200000 0.371439
v 0.573397 0.200000 0.447320
v 0.573397 0.200000 0.447320
v 0.710000 0.200000 0.483923
v 0.610000 0.200000 0.310718
v 0.690000 0.250000 0.449282
v 0.644471 0.250000 0.455276
v 0.630000 0.250000 0.345359
v 0.644471 0.250000 0.455276
v 0.608038 0.250000 0.427320
v 0.630000 0.250000 0.345359
v 0.608038 0.250000 0.427320
v 0.602044 0.250000 0.381791
v 0.630000 0.250000 0.345359
v 0.630000 0.250000 0.345359
v 0.675529 0.250000 0.339365
v 0.711962 0.250000 0.367320
v 0.711962 0.250000 0.367320
v 0.717956 0.250000 0.412850
v 0.630000 0.250000 0.345359
v 0.608038 0.400000 0.427320
v 0.644471 0.400000 0.455276
v 0.690000 0.400000 0.449282
v 0.690000 0.400000 0.449282
v 0.717956 0.400000 0.412850
v 0.711962 0.400000 0.367320
v 0.711962 0.400000 0.367320
v 0.675529 0.400000 0.339365
v 0.630000 0.400000 0.345359
v 0.630000 0.400000 0.345359
v 0.602044 0.400000 0.381791
v 0.608038 0.400000 0.427320
v 0.608038 0.400000 0.427320
v 0.690000 0.400000 0.449282
v 0.630000 0.400000 0.345359
v 0.763137 -1.750000 0.513137
v 0.650000 -1.750000 0.560000
v 0.536863 -1.750000 0.286863
v 0.650000 -1.750000 0.560000
v 0.536863 -1.750000 0.513137
v 0.536863 -1.750000 0.286863
v 0.536863 -1.750000 0.513137
v 0.490000 -1.750000 0.400000
v 0.536863 -1.750000 0.286863
v 0.536863 -1.750000 0.286863
v 0.650000 -1.750000 0.240000
v 0.763137 -1.750000 0.513137
v 0.650000 -1.750000 0.240000
v 0.763137 -1.750000 0.286863
v 0.763137 -1.750000 0.513137
v 0.740510 -1.650000 0.490510
v 0.650000 -1.650000 0.528000
v 0.559490 -1.650000 0.309490
v 0.650000 -1.650000 0.528000
v 0.559490 -1.650000 0.490510
v 0.559490 -1.650000 0.309490
v 0.559490 -1.650000 0.490510
v 0.522000 -1.650000 0.400000
v 0.559490 -1.650000 0.309490
v 0.559490 -1.650000 0.309490
v 0.650000 -1.650000 0.272000
v 0.740510 -1.650000 0.490510
v 0.650000 -1.650000 0.272000
v 0.740510 -1.650000 0.309490
v 0.740510 -1.650000 0.490510
v -0.700000 -1.596201 0.481066
v -0.500000 -1.596201 0.481066
v -0.500000 -1.596201 0.268934
v -0.500000 -1.596201 0.481066
v -0.425000 -1.596201 0.450000
v -0.425000 -1.596201 0.300000
v -0.425000 -1.596201 0.450000
v -0.393934 -1.596201 0.375000
v -0.425000 -1.596201 0.300000
v -0.425000 -1.596201 0.300000
v -0.500000 -1.596201 0.268934
v -0.500000 -1.596201 0.481066
v -0.500000 -1.596201 0.268934
v -0.700000 -1.596201 0.268934
v -0.700000 -1.596201 0.481066
v -0.700000 -1.596201 0.268934
v -0.775000 -1.596201 0.300000
v -0.806066 -1.596201 0.375000
v -0.806066 -1.596201 0.375000
v -0.775000 -1.596201 0.450000
v -0.700000 -1.596201 0.481066
v -0.700000 -1.733334 0.268934
v -0.500000 -1.733334 0.268934
v -0.500000 -1.733334 0.481066
v -0.500000 -1.733334 0.268934
v -0.425000 -1.733334 0.300000
v -0.425000 -1.733334 0.450000
v -0.425000 -1.733334 0.300000
v -0.393934 -1.733334 0.375000
v -0.425000 -1.733334 0.450000
v -0.425000 -1.733334 0.450000
v -0.500000 -1.733334 0.481066
v -0.500000 -1.733334 0.268934
v -0.500000 -1.733334 0.481066
v -0.700000 -1.733334 0.481066
v -0.700000 -1.733334 0.268934
v -0.700000 -1.733334 0.481066
v -0.775000 -1.733334 0.450000
v -0.806066 -1.733334 0.375000
v -0.806066 -1.733334 0.375000
v -0.775000 -1.733334 0.300000
v -0.700000 -1.733334 0.268934
v 0.245847 -1.800000 0.314184
v 0.245847 -1.800000 -0.112823
v -0.354153 -1.800000 -0.112823
v -0.354153 -1.800000 -0.112823
v -0.354153 -1.800000 0.487177
v -0.054153 -1.800000 0.487177

vt 0.872908 0.024007
vt 0.674669 0.341190
vt 0.674669 0.024007
vt 0.872908 0.341190
vt 0.674669 0.341190
vt 0.872908 0.024007
vt 0.428852 0.024007
vt 0.452641 0.341190
vt 0.428852 0.341190
vt 0.452641 0.024007
vt 0.452641 0.341190
vt 0.428852 0.024007
vt 0.650880 0.000218
vt 0.452641 0.024007
vt 0.452641 0.000218
vt 0.650880 0.024007
vt 0.452641 0.024007
vt 0.650880 0.000218
vt 0.452641 0.341190
vt 0.650880 0.024007
vt 0.650880 0.341190
vt 0.452641 0.024007
vt 0.650880 0.024007
vt 0.452641 0.341190
vt 0.452641 0.364979
vt 0.650880 0.341190
vt 0.650880 0.364979
vt 0.452641 0.341190
vt 0.650880 0.341190
vt 0.452641 0.364979
vt 0.674669 0.341190
vt 0.650880 0.024007
vt 0.674669 0.024007
vt 0.650880 0.341190
vt 0.650880 0.024007
vt 0.674669 0.341190
vt 0.000218 0.460134
vt 0.428416 0.285683
vt 0.428416 0.460134
vt 0.000218 0.285683
vt 0.428416 0.285683
vt 0.000218 0.460134
vt 0.000218 0.285683
vt 0.428416 0.174669
vt 0.428416 0.285683
vt 0.000218 0.174669
vt 0.428416 0.174669
vt 0.000218 0.285683
vt 0.000218 0.174669
vt 0.428415 0.000218
vt 0.428416 0.174669
vt 0.000218 0.000219
vt 0.428415 0.000218
vt 0.000218 0.174669
vt 0.024007 0.801542
vt 0.222246 0.484359
vt 0.222247 0.801542
vt 0.024007 0.484359
vt 0.222246 0.484359
vt 0.024007 0.801542
vt 0.024007 0.801542
vt 0.000218 0.484359
vt 0.024007 0.484359
vt 0.000218 0.801542
vt 0.000218 0.484359
vt 0.024007 0.801542
vt 0.222247 0.801542
vt 0.024007 0.825331
vt 0.024007 0.801542
vt 0.222247 0.825331
vt 0.024007 0.825331
vt 0.222247 0.801542
vt 0.444275 0.484359
vt 0.246035 0.801542
vt 0.246035 0.484359
vt 0.444275 0.801542
vt 0.246035 0.801542
vt 0.444275 0.484359
vt 0.024007 0.484359
vt 0.222246 0.460571
vt 0.222246 0.484359
vt 0.024007 0.460571
vt 0.222246 0.460571
vt 0.024007 0.484359
vt 0.222246 0.484359
vt 0.246035 0.801542
vt 0.222247 0.801542
vt 0.246035 0.484359
vt 0.246035 0.801542
vt 0.222246 0.484359
vt 0.683035 0.650880
vt 0.841627 0.730176
vt 0.683035 0.730176
vt 0.841627 0.650880
vt 0.841627 0.730176
vt 0.683035 0.650880
vt 0.444711 0.460571
vt 0.603303 0.539866
vt 0.444711 0.539866
vt 0.603303 0.460571
vt 0.603303 0.539866
vt 0.444711 0.460571
vt 0.444711 0.999782
vt 0.603303 0.809472
vt 0.603303 0.999782
vt 0.444711 0.809472
vt 0.603303 0.809472
vt 0.444711 0.999782
vt 0.683035 0.460571
vt 0.841627 0.650880
vt 0.683035 0.650880
vt 0.841627 0.460571
vt 0.841627 0.650880
vt 0.683035 0.460571
vt 0.841627 0.920486
vt 0.683035 0.730176
vt 0.841627 0.730176
vt 0.683035 0.920486
vt 0.683035 0.730176
vt 0.841627 0.920486
vt 0.603303 0.539866
vt 0.444711 0.730176
vt 0.444711 0.539866
vt 0.603303 0.730176
vt 0.444711 0.730176
vt 0.603303 0.539866
vt 0.682599 0.730176
vt 0.603303 0.539866
vt 0.682599 0.539866
vt 0.603303 0.730176
vt 0.603303 0.539866
vt 0.682599 0.730176
vt 0.920923 0.920486
vt 0.841627 0.730176
vt 0.920923 0.730176
vt 0.841627 0.920486
vt 0.841627 0.730176
vt 0.920923 0.920486
vt 0.603303 0.730176
vt 0.444711 0.809472
vt 0.444711 0.730176
vt 0.603303 0.809472
vt 0.444711 0.809472
vt 0.603303 0.730176
vt 0.841627 0.920486
vt 0.683035 0.999782
vt 0.683035 0.920486
vt 0.841627 0.999782
vt 0.683035 0.999782
vt 0.841627 0.920486
vt 0.987659 0.000218
vt 0.987659 0.416058
vt 0.972587 0.201566
vt 0.987659 0.000218
vt 0.971772 0.016762
vt 0.873346 0.003471
vt 0.873346 0.003471
vt 0.971772 0.016762
vt 0.888897 0.018832
vt 0.873346 0.003471
vt 0.888897 0.018832
vt 0.888739 0.197399
vt 0.888418 0.217962
vt 0.873346 0.003471
vt 0.888739 0.197399
vt 0.972587 0.201566
vt 0.987659 0.416058
vt 0.972264 0.222128
vt 0.972587 0.201566
vt 0.972264 0.222128
vt 0.888739 0.197399
vt 0.888739 0.197399
vt 0.972264 0.222128
vt 0.888418 0.217962
vt 0.888418 0.217962
vt 0.873345 0.419310
vt 0.873346 0.003471
vt 0.972264 0.222128
vt 0.987659 0.416058
vt 0.972108 0.400696
vt 0.888418 0.217962
vt 0.889232 0.402767
vt 0.873345 0.419310
vt 0.972108 0.400696
vt 0.987659 0.416058
vt 0.889232 0.402767
vt 0.889232 0.402767
vt 0.987659 0.416058
vt 0.873345 0.419310
vt 0.987659 0.000218
vt 0.972587 0.201566
vt 0.971772 0.016762
vt 0.831198 0.207460
vt 0.489902 1.182592
vt 0.172985 0.865674
vt 1.148116 0.524378
vt 0.489902 1.182592
vt 0.831198 0.207460
vt 0.172985 0.865674
vt 0.794631 0.170893
vt 0.831198 0.207460
vt 0.136417 0.829107
vt 0.794631 0.170893
vt 0.172985 0.865674
vt 0.477713 -0.146025
vt 0.136417 0.829107
vt -0.180501 0.512189
vt 0.794631 0.170893
vt 0.136417 0.829107
vt 0.477713 -0.146025
vt 0.441146 -0.182592
vt -0.180501 0.512189
vt -0.217068 0.475622
vt 0.477713 -0.146025
vt -0.180501 0.512189
vt 0.441146 -0.182592
vt 0.319068 0.428871
vt 0.261278 0.602243
vt 0.261278 0.371080
vt 0.319068 0.544452
vt 0.261278 0.602243
vt 0.319068 0.428871
vt 0.308340 0.370267
vt 0.337236 0.000406
vt 0.337236 0.370267
vt 0.308340 0.000406
vt 0.337236 0.000406
vt 0.308340 0.370267
vt 0.261278 0.371080
vt 0.232382 0.602243
vt 0.232382 0.371080
vt 0.261278 0.602243
vt 0.232382 0.602243
vt 0.261278 0.371080
vt 0.029302 0.000406
vt 0.000407 0.370267
vt 0.000406 0.000406
vt 0.029302 0.370267
vt 0.000407 0.370267
vt 0.029302 0.000406
vt 0.752989 0.375037
vt 0.724094 0.606200
vt 0.724094 0.375037
vt 0.752989 0.606200
vt 0.724094 0.606200
vt 0.752989 0.375037
vt 0.226612 0.000406
vt 0.111030 0.370267
vt 0.111030 0.000406
vt 0.226612 0.370267
vt 0.111030 0.370267
vt 0.226612 0.000406
vt 0.226612 0.370267
vt 0.308340 0.000406
vt 0.308340 0.370267
vt 0.226612 0.000406
vt 0.308340 0.000406
vt 0.226612 0.370267
vt 0.111030 0.000406
vt 0.029302 0.370267
vt 0.029302 0.000406
vt 0.111030 0.370267
vt 0.029302 0.370267
vt 0.111030 0.000406
vt 0.810780 0.432828
vt 0.752989 0.606200
vt 0.752989 0.375037
vt 0.810780 0.548409
vt 0.752989 0.606200
vt 0.810780 0.432828
vt 0.511402 0.049752
vt 0.370363 0.032333
vt 0.560369 0.032074
vt 0.422039 0.049259
vt 0.370363 0.032333
vt 0.511402 0.049752
vt 0.560369 0.342297
vt 0.592684 0.032074
vt 0.592684 0.342297
vt 0.560369 0.032074
vt 0.592684 0.032074
vt 0.560369 0.342297
vt 0.560369 0.032074
vt 0.370320 0.000666
vt 0.560326 0.000406
vt 0.370363 0.032333
vt 0.370320 0.000666
vt 0.560369 0.032074
vt 0.370363 0.032333
vt 0.338048 0.342557
vt 0.338048 0.032333
vt 0.370363 0.342557
vt 0.338048 0.342557
vt 0.370363 0.032333
vt 0.370363 0.342557
vt 0.560412 0.373965
vt 0.370406 0.374224
vt 0.560369 0.342297
vt 0.560412 0.373965
vt 0.370363 0.342557
vt 0.511402 0.049752
vt 0.419330 0.324879
vt 0.422039 0.049259
vt 0.508693 0.325372
vt 0.419330 0.324879
vt 0.511402 0.049752
vt 0.508693 0.325372
vt 0.560369 0.032074
vt 0.560369 0.342297
vt 0.511402 0.049752
vt 0.560369 0.032074
vt 0.508693 0.325372
vt 0.422039 0.049259
vt 0.370363 0.342557
vt 0.370363 0.032333
vt 0.419330 0.324879
vt 0.370363 0.342557
vt 0.422039 0.049259
vt 0.419330 0.324879
vt 0.560369 0.342297
vt 0.370363 0.342557
vt 0.508693 0.325372
vt 0.560369 0.342297
vt 0.419330 0.324879
vt 0.208453 0.408066
vt 0.000406 0.371080
vt 0.231570 0.371080
vt 0.231570 0.740940
vt 0.208453 0.408066
vt 0.231570 0.371080
vt 0.208453 0.703954
vt 0.208453 0.408066
vt 0.231570 0.740940
vt 0.231570 0.740940
vt 0.000406 0.740941
vt 0.023523 0.703954
vt 0.023523 0.408066
vt 0.000406 0.371080
vt 0.208453 0.408066
vt 0.023523 0.703954
vt 0.000406 0.371080
vt 0.023523 0.408066
vt 0.000406 0.740941
vt 0.000406 0.371080
vt 0.023523 0.703954
vt 0.231570 0.740940
vt 0.023523 0.703954
vt 0.208453 0.703954
vt 0.000406 0.741753
vt 0.290148 0.821369
vt 0.000406 0.830215
vt 0.290148 0.750599
vt 0.290148 0.821369
vt 0.000406 0.741753
vt 0.593496 0.000406
vt 0.883238 0.080022
vt 0.593496 0.088869
vt 0.883238 0.009253
vt 0.883238 0.080022
vt 0.593496 0.000406
vt 0.593496 0.089681
vt 0.883238 0.169297
vt 0.593496 0.178144
vt 0.883238 0.098528
vt 0.883238 0.169297
vt 0.593496 0.089681
vt 0.338048 0.589416
vt 0.627790 0.669032
vt 0.338048 0.677879
vt 0.627790 0.598263
vt 0.627790 0.669032
vt 0.338048 0.589416
vt 0.593496 0.178956
vt 0.883238 0.258572
vt 0.593496 0.267419
vt 0.883238 0.187803
vt 0.883238 0.258572
vt 0.593496 0.178956
vt 0.627790 0.767154
vt 0.338048 0.687538
vt 0.627790 0.678691
vt 0.338048 0.758307
vt 0.338048 0.687538
vt 0.627790 0.767154
vt 0.766098 0.678691
vt 0.997891 0.742384
vt 0.766098 0.749461
vt 0.997891 0.685768
vt 0.997891 0.742384
vt 0.766098 0.678691
vt 0.883238 0.356694
vt 0.593496 0.277077
vt 0.883238 0.268231
vt 0.593496 0.347847
vt 0.593496 0.277077
vt 0.883238 0.356694
vt 0.338048 0.767966
vt 0.627790 0.847582
vt 0.338048 0.856429
vt 0.627790 0.776813
vt 0.627790 0.847582
vt 0.338048 0.767966
vt 0.552428 0.425079
vt 0.602470 0.545890
vt 0.552428 0.495849
vt 0.628603 0.887769
vt 0.860396 0.951462
vt 0.628603 0.958539
vt 0.860396 0.894846
vt 0.860396 0.951462
vt 0.628603 0.887769
vt 0.000406 0.902611
vt 0.232200 0.966304
vt 0.000406 0.973381
vt 0.232200 0.909688
vt 0.232200 0.966304
vt 0.000406 0.902611
vt 0.628603 0.607109
vt 0.860396 0.670802
vt 0.628603 0.677879
vt 0.860396 0.614186
vt 0.860396 0.670802
vt 0.628603 0.607109
vt 0.000406 0.831028
vt 0.232200 0.894721
vt 0.000406 0.901798
vt 0.232200 0.838105
vt 0.232200 0.894721
vt 0.000406 0.831028
vt 0.860396 0.886957
vt 0.628603 0.823264
vt 0.860396 0.816187
vt 0.628603 0.879880
vt 0.628603 0.823264
vt 0.860396 0.886957
vt 0.338048 0.928824
vt 0.569841 0.992517
vt 0.338048 0.999594
vt 0.569841 0.935901
vt 0.569841 0.992517
vt 0.338048 0.928824
vt 0.338048 0.857241
vt 0.569842 0.920934
vt 0.338048 0.928011
vt 0.569842 0.864318
vt 0.569842 0.920934
vt 0.338048 0.857241
vt 0.725252 0.815374
vt 0.765285 0.718725
vt 0.765285 0.775341
vt 0.338048 0.526051
vt 0.359405 0.517205
vt 0.409447 0.567247
vt 0.338048 0.526051
vt 0.338048 0.437589
vt 0.359405 0.446435
vt 0.338048 0.526051
vt 0.359405 0.446435
vt 0.359405 0.517205
vt 0.338048 0.437589
vt 0.409447 0.396394
vt 0.359405 0.446435
vt 0.409447 0.567247
vt 0.489063 0.588604
vt 0.400600 0.588604
vt 0.338048 0.437589
vt 0.400600 0.375037
vt 0.409447 0.396394
vt 0.480217 0.567247
vt 0.489063 0.588604
vt 0.409447 0.567247
vt 0.489063 0.588604
vt 0.480217 0.567247
vt 0.530258 0.517205
vt 0.338048 0.526051
vt 0.409447 0.567247
vt 0.400600 0.588604
vt 0.400600 0.375037
vt 0.480217 0.396394
vt 0.409447 0.396394
vt 0.489063 0.375037
vt 0.480217 0.396394
vt 0.400600 0.375037
vt 0.530258 0.446435
vt 0.551615 0.526051
vt 0.530258 0.517205
vt 0.489063 0.375037
vt 0.530258 0.446435
vt 0.480217 0.396394
vt 0.530258 0.446435
vt 0.551615 0.437589
vt 0.551615 0.526051
vt 0.551615 0.437589
vt 0.530258 0.446435
vt 0.489063 0.375037
vt 0.489063 0.588604
vt 0.530258 0.517205
vt 0.551615 0.526051
vt 0.723281 0.495849
vt 0.552428 0.425079
vt 0.602470 0.375037
vt 0.723281 0.495849
vt 0.602470 0.375037
vt 0.673239 0.375037
vt 0.723281 0.495849
vt 0.673239 0.375037
vt 0.723281 0.425079
vt 0.552428 0.425079
vt 0.723281 0.495849
vt 0.673239 0.545890
vt 0.552428 0.425079
vt 0.673239 0.545890
vt 0.602470 0.545890
vt 0.668636 0.678691
vt 0.725252 0.815374
vt 0.668636 0.815374
vt 0.668636 0.678691
vt 0.668636 0.815374
vt 0.628603 0.775341
vt 0.668636 0.678691
vt 0.628603 0.775341
vt 0.628603 0.718725
vt 0.725252 0.815374
vt 0.668636 0.678691
vt 0.725252 0.678691
vt 0.725252 0.815374
vt 0.725252 0.678691
vt 0.765285 0.718725
vt 0.267886 0.624955
vt 0.282206 0.720359
vt 0.221044 0.747742
vt 0.312158 0.641844
vt 0.282206 0.720359
vt 0.267886 0.624955
vt 0.359763 0.624955
vt 0.374083 0.720359
vt 0.312921 0.747742
vt 0.404035 0.641844
vt 0.374083 0.720359
vt 0.359763 0.624955
vt 0.312921 0.747742
vt 0.404035 0.787260
vt 0.342874 0.814643
vt 0.374083 0.720359
vt 0.404035 0.787260
vt 0.312921 0.747742
vt 0.907742 0.264132
vt 0.834442 0.190832
vt 0.907742 0.190832
vt 0.834442 0.264132
vt 0.834442 0.190832
vt 0.907742 0.264132
vt 0.758036 0.750262
vt 0.726827 0.655979
vt 0.787988 0.683362
vt 0.696874 0.722879
vt 0.726827 0.655979
vt 0.758036 0.750262
vt 0.294344 0.888706
vt 0.221044 0.815406
vt 0.294344 0.815406
vt 0.221044 0.888706
vt 0.221044 0.815406
vt 0.294344 0.888706
vt 0.221044 0.747742
vt 0.312158 0.787260
vt 0.250997 0.814643
vt 0.282206 0.720359
vt 0.312158 0.787260
vt 0.221044 0.747742
vt 0.907742 0.395550
vt 0.834442 0.264132
vt 0.907742 0.264132
vt 0.834442 0.395550
vt 0.834442 0.264132
vt 0.907742 0.395550
vt 0.787988 0.828777
vt 0.696874 0.722879
vt 0.758036 0.750262
vt 0.743716 0.845666
vt 0.696874 0.722879
vt 0.787988 0.828777
vt 0.294344 0.972740
vt 0.221044 0.888706
vt 0.294344 0.888706
vt 0.221044 0.972740
vt 0.221044 0.888706
vt 0.294344 0.972740
vt 0.933466 0.523797
vt 0.860166 0.450497
vt 0.933466 0.450497
vt 0.860166 0.523797
vt 0.860166 0.450497
vt 0.933466 0.523797
vt 0.895603 0.094665
vt 0.864394 0.000382
vt 0.925556 0.027764
vt 0.834442 0.067282
vt 0.864394 0.000382
vt 0.895603 0.094665
vt 0.999618 0.073681
vt 0.926319 0.000382
vt 0.999618 0.000382
vt 0.926319 0.073681
vt 0.926319 0.000382
vt 0.999618 0.073681
vt 0.933466 0.655215
vt 0.860166 0.523797
vt 0.933466 0.523797
vt 0.860166 0.655215
vt 0.860166 0.523797
vt 0.933466 0.655215
vt 0.925556 0.173180
vt 0.834442 0.067282
vt 0.895603 0.094665
vt 0.881283 0.190069
vt 0.834442 0.067282
vt 0.925556 0.173180
vt 0.999618 0.157715
vt 0.926319 0.073681
vt 0.999618 0.073681
vt 0.926319 0.157715
vt 0.926319 0.073681
vt 0.999618 0.157715
vt 0.815131 0.655215
vt 0.829450 0.559811
vt 0.859403 0.638326
vt 0.768289 0.532428
vt 0.829450 0.559811
vt 0.815131 0.655215
vt 0.768289 0.532428
vt 0.859403 0.492911
vt 0.829450 0.559811
vt 0.798241 0.465528
vt 0.859403 0.492911
vt 0.768289 0.532428
vt 0.908505 0.264132
vt 0.981804 0.190832
vt 0.981804 0.264132
vt 0.908505 0.190832
vt 0.981804 0.190832
vt 0.908505 0.264132
vt 0.502868 0.751383
vt 0.471659 0.845667
vt 0.441706 0.778766
vt 0.532820 0.818284
vt 0.471659 0.845667
vt 0.502868 0.751383
vt 0.386221 0.899440
vt 0.312921 0.972740
vt 0.312921 0.899440
vt 0.386221 0.972740
vt 0.312921 0.972740
vt 0.386221 0.899440
vt 0.908505 0.395550
vt 0.981804 0.264132
vt 0.981804 0.395550
vt 0.908505 0.264132
vt 0.981804 0.264132
vt 0.908505 0.395550
vt 0.532820 0.672868
vt 0.441706 0.778766
vt 0.488548 0.655979
vt 0.502868 0.751383
vt 0.441706 0.778766
vt 0.532820 0.672868
vt 0.386221 0.815406
vt 0.312921 0.899440
vt 0.312921 0.815406
vt 0.386221 0.899440
vt 0.312921 0.899440
vt 0.386221 0.815406
vt 0.835593 0.845666
vt 0.849913 0.750262
vt 0.879865 0.828777
vt 0.788751 0.722879
vt 0.849913 0.750262
vt 0.835593 0.845666
vt 0.788751 0.722879
vt 0.879865 0.683362
vt 0.849913 0.750262
vt 0.818704 0.655979
vt 0.879865 0.683362
vt 0.788751 0.722879
vt 0.880628 0.729278
vt 0.953928 0.655979
vt 0.953928 0.729278
vt 0.880628 0.655979
vt 0.953928 0.655979
vt 0.880628 0.729278
vt 0.666159 0.751383
vt 0.634950 0.845667
vt 0.604997 0.778766
vt 0.696111 0.818284
vt 0.634950 0.845667
vt 0.666159 0.751383
vt 0.606883 0.919730
vt 0.533583 0.846430
vt 0.606883 0.846430
vt 0.533583 0.919730
vt 0.533583 0.846430
vt 0.606883 0.919730
vt 0.880628 0.860697
vt 0.953928 0.729278
vt 0.953928 0.860697
vt 0.880628 0.729278
vt 0.953928 0.729278
vt 0.880628 0.860697
vt 0.696111 0.672868
vt 0.604997 0.778766
vt 0.651839 0.655979
vt 0.666159 0.751383
vt 0.604997 0.778766
vt 0.696111 0.672868
vt 0.690917 0.919730
vt 0.606883 0.846430
vt 0.690917 0.846430
vt 0.606883 0.919730
vt 0.606883 0.846430
vt 0.690917 0.919730
vt 0.220281 0.561393
vt 0.000382 0.449191
vt 0.220281 0.449191
vt 0.000382 0.561393
vt 0.000382 0.449191
vt 0.220281 0.561393
vt 0.220281 0.673596
vt 0.000382 0.561393
vt 0.220281 0.561393
vt 0.000382 0.673596
vt 0.000382 0.561393
vt 0.220281 0.673596
vt 0.220281 0.785798
vt 0.000382 0.673596
vt 0.220281 0.673596
vt 0.000382 0.785798
vt 0.000382 0.673596
vt 0.220281 0.785798
vt 0.220281 0.898000
vt 0.000382 0.785798
vt 0.220281 0.785798
vt 0.000382 0.898000
vt 0.000382 0.785798
vt 0.220281 0.898000
vt 0.220281 0.112584
vt 0.000382 0.000382
vt 0.220281 0.000382
vt 0.000382 0.112584
vt 0.000382 0.000382
vt 0.220281 0.112584
vt 0.220281 0.224786
vt 0.000382 0.112584
vt 0.220281 0.112584
vt 0.000382 0.224786
vt 0.000382 0.112584
vt 0.220281 0.224786
vt 0.633248 0.491924
vt 0.521045 0.221044
vt 0.712587 0.300382
vt 0.441706 0.607612
vt 0.556631 0.492687
vt 0.604234 0.540291
vt 0.220281 0.336989
vt 0.000382 0.224786
vt 0.220281 0.224786
vt 0.000382 0.336989
vt 0.000382 0.224786
vt 0.220281 0.336989
vt 0.220281 0.449191
vt 0.000382 0.336989
vt 0.220281 0.336989
vt 0.000382 0.449191
vt 0.000382 0.336989
vt 0.220281 0.449191
vt 0.833678 0.224786
vt 0.760379 0.269667
vt 0.760379 0.224786
vt 0.833679 0.269667
vt 0.760379 0.269667
vt 0.833678 0.224786
vt 0.833678 0.135024
vt 0.760379 0.179905
vt 0.760379 0.135024
vt 0.833678 0.179905
vt 0.760379 0.179905
vt 0.833678 0.135024
vt 0.833679 0.269667
vt 0.760379 0.314548
vt 0.760379 0.269667
vt 0.833678 0.314548
vt 0.760379 0.314548
vt 0.833679 0.269667
vt 0.833678 0.314548
vt 0.760379 0.359429
vt 0.760379 0.314548
vt 0.833678 0.359429
vt 0.760379 0.359429
vt 0.833678 0.314548
vt 0.833678 0.090144
vt 0.760379 0.135024
vt 0.760379 0.090144
vt 0.833678 0.135024
vt 0.760379 0.135024
vt 0.833678 0.090144
vt 0.833679 0.000382
vt 0.760379 0.045262
vt 0.760379 0.000382
vt 0.833678 0.045263
vt 0.760379 0.045262
vt 0.833679 0.000382
vt 0.833678 0.045263
vt 0.760379 0.090144
vt 0.760379 0.045262
vt 0.833678 0.090144
vt 0.760379 0.090144
vt 0.833678 0.045263
vt 0.833678 0.179905
vt 0.760379 0.224786
vt 0.760379 0.179905
vt 0.833678 0.224786
vt 0.760379 0.224786
vt 0.833678 0.179905
vt 0.719922 0.655215
vt 0.652601 0.492687
vt 0.767526 0.540290
vt 0.355687 0.000382
vt 0.423008 0.220281
vt 0.355687 0.220281
vt 0.423008 0.000382
vt 0.423008 0.220281
vt 0.355687 0.000382
vt 0.221044 0.000382
vt 0.288366 0.220281
vt 0.221044 0.220281
vt 0.288365 0.000382
vt 0.288366 0.220281
vt 0.221044 0.000382
vt 0.624973 0.000382
vt 0.692294 0.220281
vt 0.624973 0.220281
vt 0.692294 0.000382
vt 0.692294 0.220281
vt 0.624973 0.000382
vt 0.490330 0.000382
vt 0.557651 0.220281
vt 0.490330 0.220281
vt 0.557651 0.000382
vt 0.557651 0.220281
vt 0.490330 0.000382
vt 0.423008 0.000382
vt 0.490330 0.220281
vt 0.423008 0.220281
vt 0.490330 0.000382
vt 0.490330 0.220281
vt 0.423008 0.000382
vt 0.288365 0.000382
vt 0.355687 0.220281
vt 0.288366 0.220281
vt 0.355687 0.000382
vt 0.355687 0.220281
vt 0.288365 0.000382
vt 0.692294 0.000382
vt 0.759615 0.220281
vt 0.692294 0.220281
vt 0.759615 0.000382
vt 0.759615 0.220281
vt 0.692294 0.000382
vt 0.557651 0.000382
vt 0.624973 0.220281
vt 0.557651 0.220281
vt 0.624973 0.000382
vt 0.624973 0.220281
vt 0.557651 0.000382
vt 0.404293 0.221044
vt 0.440943 0.587542
vt 0.404293 0.587542
vt 0.440943 0.221044
vt 0.440943 0.587542
vt 0.404293 0.221044
vt 0.330994 0.587542
vt 0.294344 0.221044
vt 0.330994 0.221044
vt 0.294344 0.587542
vt 0.294344 0.221044
vt 0.330994 0.587542
vt 0.404293 0.587542
vt 0.330994 0.624192
vt 0.330994 0.587542
vt 0.404293 0.624192
vt 0.330994 0.624192
vt 0.404293 0.587542
vt 0.294344 0.587542
vt 0.221044 0.221044
vt 0.294344 0.221044
vt 0.221044 0.587542
vt 0.221044 0.221044
vt 0.294344 0.587542
vt 0.404293 0.587542
vt 0.330994 0.221044
vt 0.404293 0.221044
vt 0.330994 0.587542
vt 0.330994 0.221044
vt 0.404293 0.587542
vt 0.521045 0.221044
vt 0.441706 0.412585
vt 0.441706 0.300383
vt 0.712587 0.300382
vt 0.521045 0.221044
vt 0.633247 0.221044
vt 0.633248 0.491924
vt 0.712587 0.300382
vt 0.712587 0.412585
vt 0.441706 0.412585
vt 0.633248 0.491924
vt 0.521045 0.491924
vt 0.633248 0.491924
vt 0.441706 0.412585
vt 0.521045 0.221044
vt 0.441706 0.607612
vt 0.604234 0.540291
vt 0.604234 0.607612
vt 0.441706 0.607612
vt 0.604234 0.607612
vt 0.556631 0.655216
vt 0.441706 0.607612
vt 0.556631 0.655216
vt 0.489310 0.655216
vt 0.489309 0.492687
vt 0.441706 0.607612
vt 0.441706 0.540291
vt 0.441706 0.607612
vt 0.489309 0.492687
vt 0.556631 0.492687
vt 0.652601 0.492687
vt 0.604997 0.607612
vt 0.604998 0.540291
vt 0.767526 0.540290
vt 0.652601 0.492687
vt 0.719922 0.492687
vt 0.719922 0.655215
vt 0.767526 0.540290
vt 0.767526 0.607612
vt 0.604997 0.607612
vt 0.719922 0.655215
vt 0.652601 0.655215
vt 0.719922 0.655215
vt 0.604997 0.607612
vt 0.652601 0.492687
vt 0.982396 0.583153
vt 0.924816 0.512340
vt 0.982396 0.500190
vt 0.924816 0.571003
vt 0.924816 0.512340
vt 0.982396 0.583153
vt 0.866476 0.571003
vt 0.808897 0.500190
vt 0.866476 0.512340
vt 0.808897 0.583153
vt 0.808897 0.500190
vt 0.866476 0.571003
vt 0.982396 0.916524
vt 0.924816 0.845711
vt 0.982396 0.833561
vt 0.924816 0.904374
vt 0.924816 0.845711
vt 0.982396 0.916524
vt 0.924816 0.762368
vt 0.982396 0.833181
vt 0.924816 0.821031
vt 0.982396 0.750219
vt 0.982396 0.833181
vt 0.924816 0.762368
vt 0.501547 0.916467
vt 0.646074 0.857620
vt 0.646074 0.916467
vt 0.501547 0.857620
vt 0.646074 0.857620
vt 0.501547 0.916467
vt 0.646455 0.916467
vt 0.790982 0.857620
vt 0.790982 0.916467
vt 0.646455 0.857620
vt 0.790982 0.857620
vt 0.646455 0.916467
vt 0.655222 0.857239
vt 0.799749 0.798392
vt 0.799749 0.857239
vt 0.655222 0.798392
vt 0.799749 0.798392
vt 0.655222 0.857239
vt 0.501547 0.857239
vt 0.646074 0.798392
vt 0.646074 0.857239
vt 0.501547 0.798392
vt 0.646074 0.798392
vt 0.501547 0.857239
vt 0.808897 0.679025
vt 0.866476 0.749838
vt 0.808897 0.737689
vt 0.866476 0.666876
vt 0.866476 0.749838
vt 0.808897 0.679025
vt 0.808897 0.833561
vt 0.866476 0.904374
vt 0.808897 0.916524
vt 0.866476 0.845711
vt 0.866476 0.904374
vt 0.808897 0.833561
vt 0.866857 0.679025
vt 0.924436 0.749838
vt 0.866857 0.737689
vt 0.924436 0.666876
vt 0.924436 0.749838
vt 0.866857 0.679025
vt 0.866476 0.833181
vt 0.808897 0.762368
vt 0.866476 0.750219
vt 0.808897 0.821031
vt 0.808897 0.762368
vt 0.866476 0.833181
vt 0.924436 0.916524
vt 0.866857 0.845711
vt 0.924436 0.833561
vt 0.866857 0.904374
vt 0.866857 0.845711
vt 0.924436 0.916524
vt 0.982396 0.654346
vt 0.924816 0.583533
vt 0.982396 0.595683
vt 0.924816 0.666495
vt 0.924816 0.583533
vt 0.982396 0.654346
vt 0.866476 0.666495
vt 0.808897 0.595683
vt 0.866476 0.583533
vt 0.808897 0.654346
vt 0.808897 0.595683
vt 0.866476 0.666495
vt 0.866857 0.512340
vt 0.924436 0.583153
vt 0.866857 0.571003
vt 0.924436 0.500190
vt 0.924436 0.583153
vt 0.866857 0.512340
vt 0.924436 0.666495
vt 0.866857 0.595683
vt 0.924436 0.583533
vt 0.866857 0.654346
vt 0.866857 0.595683
vt 0.924436 0.666495
vt 0.866857 0.762368
vt 0.924436 0.833181
vt 0.866857 0.821031
vt 0.924436 0.750219
vt 0.924436 0.833181
vt 0.866857 0.762368
vt 0.559126 0.999810
vt 0.501547 0.928997
vt 0.559126 0.916848
vt 0.501547 0.987660
vt 0.501547 0.928997
vt 0.559126 0.999810
vt 0.924816 0.679025
vt 0.982396 0.749838
vt 0.924816 0.737688
vt 0.982396 0.666876
vt 0.982396 0.749838
vt 0.924816 0.679025
vt 0.655222 0.721365
vt 0.808516 0.721365
vt 0.731869 0.798012
vt 0.501547 0.721365
vt 0.654841 0.721365
vt 0.578194 0.798012
vt 0.109366 0.529579
vt 0.079639 0.969960
vt 0.079640 0.529578
vt 0.109365 0.969960
vt 0.079639 0.969960
vt 0.109366 0.529579
vt 0.158909 0.529579
vt 0.109365 0.969960
vt 0.109366 0.529579
vt 0.158909 0.969960
vt 0.109365 0.969960
vt 0.158909 0.529579
vt 0.030097 0.529578
vt 0.000370 0.969960
vt 0.000371 0.529578
vt 0.030096 0.969960
vt 0.000370 0.969960
vt 0.030097 0.529578
vt 0.079640 0.529578
vt 0.030096 0.969960
vt 0.030097 0.529578
vt 0.079639 0.969960
vt 0.030096 0.969960
vt 0.079640 0.529578
vt 0.030096 0.969960
vt 0.079639 0.999686
vt 0.030096 0.999686
vt 0.079639 0.969960
vt 0.079639 0.999686
vt 0.030096 0.969960
vt 0.079640 0.529578
vt 0.030097 0.499853
vt 0.079640 0.499853
vt 0.030097 0.529578
vt 0.030097 0.499853
vt 0.079640 0.529578
vt 0.472380 0.963002
vt 0.381551 0.997682
vt 0.472380 0.997682
vt 0.381551 0.963002
vt 0.381551 0.997682
vt 0.472380 0.963002
vt 0.419993 0.694903
vt 0.343156 0.766618
vt 0.419993 0.766618
vt 0.343156 0.694903
vt 0.343156 0.766618
vt 0.419993 0.694903
vt 0.500032 0.727058
vt 0.353899 0.667277
vt 0.353899 0.727058
vt 0.500031 0.667277
vt 0.353899 0.667277
vt 0.500032 0.727058
vt 0.424300 0.773184
vt 0.500259 0.702289
vt 0.424300 0.702289
vt 0.500259 0.773184
vt 0.500259 0.702289
vt 0.424300 0.773184
vt 0.344406 0.732483
vt 0.500223 0.796226
vt 0.500223 0.732483
vt 0.344406 0.796226
vt 0.500223 0.796226
vt 0.344406 0.732483
vt 0.221314 0.969960
vt 0.251041 0.529578
vt 0.251040 0.969960
vt 0.221314 0.529578
vt 0.251041 0.529578
vt 0.221314 0.969960
vt 0.171771 0.969960
vt 0.221314 0.529578
vt 0.221314 0.969960
vt 0.171770 0.529578
vt 0.221314 0.529578
vt 0.171771 0.969960
vt 0.300583 0.969960
vt 0.330309 0.529578
vt 0.330309 0.969960
vt 0.300583 0.529578
vt 0.330309 0.529578
vt 0.300583 0.969960
vt 0.251040 0.969960
vt 0.300583 0.529578
vt 0.300583 0.969960
vt 0.251041 0.529578
vt 0.300583 0.529578
vt 0.251040 0.969960
vt 0.300583 0.529578
vt 0.251041 0.499853
vt 0.300583 0.499853
vt 0.251041 0.529578
vt 0.251041 0.499853
vt 0.300583 0.529578
vt 0.251040 0.969960
vt 0.300583 0.999686
vt 0.251040 0.999686
vt 0.300583 0.969960
vt 0.300583 0.999686
vt 0.251040 0.969960
vt 0.383832 0.802094
vt 0.418512 0.892923
vt 0.418512 0.802094
vt 0.383832 0.892923
vt 0.418512 0.892923
vt 0.383832 0.802094
vt 0.367369 0.611862
vt 0.431873 0.680973
vt 0.431873 0.611862
vt 0.367370 0.680973
vt 0.431873 0.680973
vt 0.367369 0.611862
vt 0.343354 0.549543
vt 0.500316 0.613755
vt 0.500316 0.549543
vt 0.343354 0.613755
vt 0.500316 0.613755
vt 0.343354 0.549543
vt 0.434254 0.574141
vt 0.364988 0.499927
vt 0.364988 0.574141
vt 0.434255 0.499927
vt 0.364988 0.499927
vt 0.434254 0.574141
vt 0.499890 0.614457
vt 0.343287 0.550392
vt 0.343287 0.614457
vt 0.499889 0.550392
vt 0.343287 0.550392
vt 0.499890 0.614457
vt 0.001507 0.372668
vt 0.126484 0.194129
vt 0.126484 0.372668
vt 0.001507 0.194129
vt 0.126484 0.194129
vt 0.001507 0.372668
vt 0.376438 0.372668
vt 0.501415 0.194129
vt 0.501415 0.372668
vt 0.376438 0.194129
vt 0.501415 0.194129
vt 0.376438 0.372668
vt 0.251461 0.372668
vt 0.376438 0.194129
vt 0.376438 0.372668
vt 0.251461 0.194129
vt 0.376438 0.194129
vt 0.251461 0.372668
vt 0.126484 0.372668
vt 0.251461 0.194129
vt 0.251461 0.372668
vt 0.126484 0.194129
vt 0.251461 0.194129
vt 0.126484 0.372668
vt 0.251461 0.194129
vt 0.126484 0.069152
vt 0.251461 0.069152
vt 0.126484 0.194129
vt 0.126484 0.069152
vt 0.251461 0.194129
vt 0.126484 0.372668
vt 0.251461 0.497644
vt 0.126484 0.497645
vt 0.251461 0.372668
vt 0.251461 0.497644
vt 0.126484 0.372668
vt 0.808516 0.576837
vt 0.655222 0.721365
vt 0.655222 0.576837
vt 0.786067 0.522640
vt 0.655222 0.576837
vt 0.677671 0.522640
vt 0.786067 0.522640
vt 0.677671 0.522640
vt 0.731869 0.500190
vt 0.655222 0.576837
vt 0.786067 0.522640
vt 0.808516 0.576837
vt 0.655222 0.721365
vt 0.808516 0.576837
vt 0.808516 0.721365
vt 0.731869 0.798012
vt 0.808516 0.721365
vt 0.786067 0.775562
vt 0.655222 0.721365
vt 0.731869 0.798012
vt 0.677671 0.775562
vt 0.654842 0.576837
vt 0.501547 0.721365
vt 0.501547 0.576837
vt 0.632392 0.522640
vt 0.501547 0.576837
vt 0.523996 0.522640
vt 0.632392 0.522640
vt 0.523996 0.522640
vt 0.578194 0.500190
vt 0.501547 0.576837
vt 0.632392 0.522640
vt 0.654842 0.576837
vt 0.501547 0.721365
vt 0.654842 0.576837
vt 0.654841 0.721365
vt 0.578194 0.798012
vt 0.654841 0.721365
vt 0.632392 0.775562
vt 0.501547 0.721365
vt 0.578194 0.798012
vt 0.523996 0.775562
vt 0.000071 0.856524
vt 0.497449 0.502551
vt 0.248759 0.999929
vt 0.082967 0.331656
vt 0.497449 0.502551
vt 0.000071 0.502551
vt 0.497449 0.331656
vt 0.497449 0.502551
vt 0.082967 0.331656
vt 0.082967 0.082967
vt 0.497449 0.331656
vt 0.082967 0.331656
vt 0.497449 0.082967
vt 0.497449 0.331656
vt 0.082967 0.082967
vt 0.165863 0.000071
vt 0.497449 0.082967
vt 0.082967 0.082967
vt 0.414552 0.000071
vt 0.497449 0.082967
vt 0.165863 0.000071
vt 0.497449 0.502551
vt 0.000071 0.856524
vt 0.000071 0.502551
vt 0.248759 0.999929
vt 0.497449 0.502551
vt 0.497449 0.999929

vn -0.000000 1.000000 0.000000
vn -0.000000 1.000000 0.000000
vn -0.000000 1.000000 0.000000
vn -0.000000 1.000000 0.000000
vn -0.000000 1.000000 0.000000
vn -0.000000 1.000000 0.000000
vn -0.000000 0.000000 -1.000000
vn -0.000000 0.000000 -1.000000
vn -0.000000 0.000000 -1.000000
vn -0.000000 0.000000 -1.000000
vn -0.000000 0.000000 -1.000000
vn -0.000000 0.000000 -1.000000
vn 1.000000 0.000000 0.000000
vn 1.000000 0.000000 0.000000
vn 1.000000 0.000000 0.000000
vn 1.000000 0.000000 0.000000
vn 1.000000 0.000000 0.000000
vn 1.000000 0.000000 0.000000
vn -0.000000 -1.000000 0.000000
vn -0.000000 -1.000000 0.000000
vn -0.000000 -1.000000 0.000000
vn -0.000000 -1.000000 0.000000
vn -0.000000 -1.000000 0.000000
vn -0.000000 -1.000000 0.000000
vn -1.000000 0.000000 0.000000
vn -1.000000 0.000000 0.000000
vn -1.000000 0.000000 0.000000
vn -1.000000 0.000000 0.000000
vn -1.000000 0.000000 0.000000
vn -1.000000 0.000000 0.000000
vn -0.000000 0.000000 1.000000
vn -0.000000 0.000000 1.000000
vn -0.000000 0.000000 1.000000
vn -0.000000 0.000000 1.000000
vn -0.000000 0.000000 1.000000
vn -0.000000 0.000000 1.000000
vn 1.000000 0.000000 0.000000
vn 1.000000 0.000000 0.000000
vn 1.000000 0.000000 0.000000
vn 1.000000 0.000000 0.000000
vn 1.000000 0.000000 0.000000
vn 1.000000 0.000000 0.000000
vn -0.000000 0.000000 1.000000
vn -0.000000 0.000000 1.000000
vn -0.000000 0.000000 1.000000
vn -0.000000 0.000000 1.000000
vn -0.000000 0.000000 1.000000
vn -0.000000 0.000000 1.000000
vn -1.000000 0.000000 0.000000
vn -1.000000 0.000000 0.000000
vn -1.000000 0.000000 0.000000
vn -1.000000 0.000000 0.000000
vn -1.000000 0.000000 0.000000
vn -1.000000 0.000000 0.000000
vn -0.000000 1.000000 0.000000
vn -0.000000 1.000000 0.000000
vn -0.000000 1.000000 0.000000
vn -0.000000 1.000000 0.000000
vn -0.000000 1.000000 0.000000
vn -0.000000 1.000000 0.000000
vn -0.000000 0.000000 -1.000000
vn -0.000000 0.000000 -1.000000
vn -0.000000 0.000000 -1.000000
vn -0.000000 0.000000 -1.000000
vn -0.000000 0.000000 -1.000000
vn -0.000000 0.000000 -1.000000
vn 1.000000 0.000000 0.000000
vn 1.000000 0.000000 0.000000
vn 1.000000 0.000000 0.000000
vn 1.000000 0.000000 0.000000
vn 1.000000 0.000000 0.000000
vn 1.000000 0.000000 0.000000
vn -0.000000 -1.000000 0.000000
vn -0.000000 -1.000000 0.000000
vn -0.000000 -1.000000 0.000000
vn -0.000000 -1.000000 0.000000
vn -0.000000 -1.000000 0.000000
vn -0.000000 -1.000000 0.000000
vn -1.000000 0.000000 0.000000
vn -1.000000 0.000000 0.000000
vn -1.000000 0.000000 0.000000
vn -1.000000 0.000000 0.000000
vn -1.000000 0.000000 0.000000
vn -1.000000 0.000000 0.000000
vn -0.000000 0.000000 1.000000
vn -0.000000 0.000000 1.000000
vn -0.000000 0.000000 1.000000
vn -0.000000 0.000000 1.000000
vn -0.000000 0.000000 1.000000
vn -0.000000 0.000000 1.000000
vn -0.000000 -1.000000 0.000000
vn -0.000000 -1.000000 0.000000
vn -0.000000 -1.000000 0.000000
vn -0.000000 -1.000000 0.000000
vn -0.000000 -1.000000 0.000000
vn -0.000000 -1.000000 0.000000
vn -0.000000 -1.000000 0.000000
vn -0.000000 -1.000000 0.000000
vn -0.000000 -1.000000 0.000000
vn -0.000000 -1.000000 0.000000
vn -0.000000 -1.000000 0.000000
vn -0.000000 -1.000000 0.000000
vn -1.000000 0.000000 0.000000
vn -1.000000 0.000000 0.000000
vn -1.000000 0.000000 0.000000
vn -1.000000 0.000000 0.000000
vn -1.000000 0.000000 0.000000
vn -1.000000 0.000000 0.000000
vn 1.000000 0.000000 0.000000
vn 1.000000 0.000000 0.000000
vn 1.000000 0.000000 0.000000
vn 1.000000 0.000000 0.000000
vn 1.000000 0.000000 0.000000
vn 1.000000 0.000000 0.000000
vn -1.000000 0.000000 0.000000
vn -1.000000 0.000000 0.000000
vn -1.000000 0.000000 0.000000
vn -1.000000 0.000000 0.000000
vn -1.000000 0.000000 0.000000
vn -1.000000 0.000000 0.000000
vn 1.000000 0.000000 0.000000
vn 1.000000 0.000000 0.000000
vn 1.000000 0.000000 0.000000
vn 1.000000 0.000000 0.000000
vn 1.000000 0.000000 0.000000
vn 1.000000 0.000000 0.000000
vn -0.000000 0.000000 -1.000000
vn -0.000000 0.000000 -1.000000
vn -0.000000 0.000000 -1.000000
vn -0.000000 -0.000000 -1.000000
vn -0.000000 -0.000000 -1.000000
vn -0.000000 -0.000000 -1.000000
vn -0.000000 0.000000 1.000000
vn -0.000000 0.000000 1.000000
vn -0.000000 0.000000 1.000000
vn -0.000000 -0.000000 1.000000
vn -0.000000 -0.000000 1.000000
vn -0.000000 -0.000000 1.000000
vn -0.000000 1.000000 0.000000
vn -0.000000 1.000000 0.000000
vn -0.000000 1.000000 0.000000
vn -0.000000 1.000000 0.000000
vn -0.000000 1.000000 0.000000
vn -0.000000 1.000000 0.000000
vn -0.000000 1.000000 0.000000
vn -0.000000 1.000000 0.000000
vn -0.000000 1.000000 0.000000
vn -0.000000 1.000000 0.000000
vn -0.000000 1.000000 0.000000
vn -0.000000 1.000000 0.000000
vn -0.000000 0.000000 -1.000000
vn -0.000000 0.000000 -1.000000
vn -0.000000 0.000000 -1.000000
vn -0.000000 -0.000000 -1.000000
vn -0.000000 -0.000000 -1.000000
vn -0.000000 -0.000000 -1.000000
vn -0.000000 0.000000 -1.000000
vn -0.000000 0.000000 -1.000000
vn -0.000000 0.000000 -1.000000
vn -0.000000 0.000000 -1.000000
vn -0.000000 0.000000 -1.000000
vn -0.000000 0.000000 -1.000000
vn -0.000000 0.000000 -1.000000
vn -0.000000 0.000000 -1.000000
vn -0.000000 0.000000 -1.000000
vn -0.000000 0.000000 -1.000000
vn -0.000000 0.000000 -1.000000
vn -0.000000 0.000000 -1.000000
vn -0.000000 0.000000 -1.000000
vn -0.000000 0.000000 -1.000000
vn -0.000000 0.000000 -1.000000
vn -0.000000 0.000000 -1.000000
vn -0.000000 0.000000 -1.000000
vn -0.000000 0.000000 -1.000000
vn -0.000000 0.000000 -1.000000
vn -0.000000 0.000000 -1.000000
vn -0.000000 0.000000 -1.000000
vn -0.000000 0.000000 -1.000000
vn -0.000000 0.000000 -1.000000
vn -0.000000 0.000000 -1.000000
vn -0.000000 0.000000 -1.000000
vn -0.000000 0.000000 -1.000000
vn -0.000000 0.000000 -1.000000
vn -0.000000 -0.000000 -1.000000
vn -0.000000 -0.000000 -1.000000
vn -0.000000 -0.000000 -1.000000
vn -0.000000 0.000000 -1.000000
vn -0.000000 0.000000 -1.000000
vn -0.000000 0.000000 -1.000000
vn -0.000000 0.000000 -1.000000
vn -0.000000 0.000000 -1.000000
vn -0.000000 0.000000 -1.000000
vn -0.000000 0.000000 -1.000000
vn -0.000000 0.000000 -1.000000
vn -0.000000 0.000000 -1.000000
vn -0.000000 0.000000 -1.000000
vn -0.000000 0.000000 -1.000000
vn -0.000000 0.000000 -1.000000
vn 1.000000 0.000000 0.000000
vn 1.000000 0.000000 0.000000
vn 1.000000 0.000000 0.000000
vn 1.000000 0.000000 0.000000
vn 1.000000 0.000000 0.000000
vn 1.000000 0.000000 0.000000
vn -0.000000 0.000000 1.000000
vn -0.000000 0.000000 1.000000
vn -0.000000 0.000000 1.000000
vn -0.000000 0.000000 1.000000
vn -0.000000 0.000000 1.000000
vn -0.000000 0.000000 1.000000
vn -1.000000 0.000000 0.000000
vn -1.000000 0.000000 0.000000
vn -1.000000 0.000000 0.000000
vn -1.000000 0.000000 0.000000
vn -1.000000 0.000000 0.000000
vn -1.000000 0.000000 0.000000
vn -1.000000 0.000000 0.000000
vn -1.000000 0.000000 0.000000
vn -1.000000 0.000000 0.000000
vn -1.000000 0.000000 0.000000
vn -1.000000 0.000000 0.000000
vn -1.000000 0.000000 0.000000
vn -0.000000 0.000000 1.000000
vn -0.000000 0.000000 1.000000
vn -0.000000 0.000000 1.000000
vn -0.000000 0.000000 1.000000
vn -0.000000 0.000000 1.000000
vn -0.000000 0.000000 1.000000
vn -1.000000 0.000000 0.000000
vn -1.000000 0.000000 0.000000
vn -1.000000 0.000000 0.000000
vn -1.000000 0.000000 0.000000
vn -1.000000 0.000000 0.000000
vn -1.000000 0.000000 0.000000
vn -0.000000 0.000000 -1.000000
vn -0.000000 0.000000 -1.000000
vn -0.000000 0.000000 -1.000000
vn -0.000000 0.000000 -1.000000
vn -0.000000 0.000000 -1.000000
vn -0.000000 0.000000 -1.000000
vn 1.000000 0.000000 0.000000
vn 1.000000 0.000000 0.000000
vn 1.000000 0.000000 0.000000
vn 1.000000 0.000000 0.000000
vn 1.000000 0.000000 0.000000
vn 1.000000 0.000000 0.000000
vn -0.000000 1.000000 0.000000
vn -0.000000 1.000000 0.000000
vn -0.000000 1.000000 0.000000
vn -0.000000 1.000000 0.000000
vn -0.000000 1.000000 0.000000
vn -0.000000 1.000000 0.000000
vn -0.000000 0.707107 0.707106
vn -0.000000 0.707107 0.707106
vn -0.000000 0.707107 0.707106
vn -0.000000 0.707107 0.707106
vn -0.000000 0.707107 0.707106
vn -0.000000 0.707107 0.707106
vn -0.000000 0.707107 -0.707106
vn -0.000000 0.707107 -0.707106
vn -0.000000 0.707107 -0.707106
vn -0.000000 0.707107 -0.707107
vn -0.000000 0.707107 -0.707107
vn -0.000000 0.707107 -0.707107
vn 1.000000 0.000000 0.000000
vn 1.000000 0.000000 0.000000
vn 1.000000 0.000000 0.000000
vn 1.000000 0.000000 0.000000
vn 1.000000 0.000000 0.000000
vn 1.000000 0.000000 0.000000
vn -1.000000 0.000000 0.000000
vn -1.000000 0.000000 0.000000
vn -1.000000 0.000000 0.000000
vn -1.000000 0.000000 0.000000
vn -1.000000 0.000000 0.000000
vn -1.000000 0.000000 0.000000
vn -0.000000 0.000000 1.000000
vn -0.000000 0.000000 1.000000
vn -0.000000 0.000000 1.000000
vn -0.000000 0.000000 1.000000
vn -0.000000 0.000000 1.000000
vn -0.000000 0.000000 1.000000
vn -1.000000 0.000000 0.000000
vn -1.000000 0.000000 0.000000
vn -1.000000 0.000000 0.000000
vn -1.000000 0.000000 0.000000
vn -1.000000 0.000000 0.000000
vn -1.000000 0.000000 0.000000
vn -0.000000 0.000000 -1.000000
vn -0.000000 0.000000 -1.000000
vn -0.000000 0.000000 -1.000000
vn -0.000000 0.000000 -1.000000
vn -0.000000 0.000000 -1.000000
vn -0.000000 0.000000 -1.000000
vn 1.000000 0.000000 0.000000
vn 1.000000 0.000000 0.000000
vn 1.000000 0.000000 0.000000
vn 1.000000 0.000000 0.000000
vn 1.000000 0.000000 0.000000
vn 1.000000 0.000000 0.000000
vn -0.000000 1.000000 0.000000
vn -0.000000 1.000000 0.000000
vn -0.000000 1.000000 0.000000
vn -0.000000 1.000000 0.000000
vn -0.000000 1.000000 0.000000
vn -0.000000 1.000000 0.000000
vn -0.000000 0.936329 0.351123
vn -0.000000 0.936329 0.351123
vn -0.000000 0.936329 0.351123
vn -0.000000 0.936329 0.351123
vn -0.000000 0.936329 0.351123
vn -0.000000 0.936329 0.351123
vn -0.000000 0.936329 -0.351123
vn -0.000000 0.936329 -0.351123
vn -0.000000 0.936329 -0.351123
vn -0.000000 0.936329 -0.351123
vn -0.000000 0.936329 -0.351123
vn -0.000000 0.936329 -0.351123
vn 1.000000 0.000000 0.000000
vn 1.000000 0.000000 0.000000
vn 1.000000 0.000000 0.000000
vn 1.000000 0.000000 0.000000
vn 1.000000 0.000000 0.000000
vn 1.000000 0.000000 0.000000
vn -0.000000 1.000000 0.000000
vn -0.000000 1.000000 0.000000
vn -0.000000 1.000000 0.000000
vn -0.000000 1.000000 0.000000
vn -0.000000 1.000000 0.000000
vn -0.000000 1.000000 0.000000
vn -0.000000 1.000000 0.000000
vn -0.000000 1.000000 0.000000
vn -0.000000 1.000000 0.000000
vn -0.000001 1.000000 0.000000
vn -0.000001 1.000000 0.000000
vn -0.000001 1.000000 0.000000
vn -0.000000 1.000000 0.000000
vn -0.000000 1.000000 0.000000
vn -0.000000 1.000000 0.000000
vn -0.000000 1.000000 0.000000
vn -0.000000 1.000000 0.000000
vn -0.000000 1.000000 0.000000
vn -0.000000 1.000000 0.000000
vn -0.000000 1.000000 0.000000
vn -0.000000 1.000000 0.000000
vn -0.000000 1.000000 0.000000
vn -0.000000 1.000000 0.000000
vn -0.000000 1.000000 0.000000
vn -0.381642 -0.073709 0.921367
vn -0.381642 -0.073709 0.921367
vn -0.381642 -0.073709 0.921367
vn -0.381642 -0.073709 0.921366
vn -0.381642 -0.073709 0.921366
vn -0.381642 -0.073709 0.921366
vn -0.921366 -0.073709 0.381643
vn -0.921366 -0.073709 0.381643
vn -0.921366 -0.073709 0.381643
vn -0.921366 -0.073709 0.381642
vn -0.921366 -0.073709 0.381642
vn -0.921366 -0.073709 0.381642
vn -0.921367 -0.073709 -0.381642
vn -0.921367 -0.073709 -0.381642
vn -0.921367 -0.073709 -0.381642
vn -0.921366 -0.073709 -0.381643
vn -0.921366 -0.073709 -0.381643
vn -0.921366 -0.073709 -0.381643
vn -0.381642 -0.073709 -0.921366
vn -0.381642 -0.073709 -0.921366
vn -0.381642 -0.073709 -0.921366
vn -0.381643 -0.073709 -0.921366
vn -0.381643 -0.073709 -0.921366
vn -0.381643 -0.073709 -0.921366
vn 0.381642 -0.073709 -0.921366
vn 0.381642 -0.073709 -0.921366
vn 0.381642 -0.073709 -0.921366
vn 0.381642 -0.073709 -0.921366
vn 0.381642 -0.073709 -0.921366
vn 0.381642 -0.073709 -0.921366
vn 0.921366 -0.073709 -0.381643
vn 0.921366 -0.073709 -0.381643
vn 0.921366 -0.073709 -0.381643
vn 0.921366 -0.073709 -0.381642
vn 0.921366 -0.073709 -0.381642
vn 0.921366 -0.073709 -0.381642
vn -0.381642 -0.073710 0.921366
vn -0.381642 -0.073710 0.921366
vn -0.381642 -0.073710 0.921366
vn -0.381642 -0.073709 0.921367
vn -0.381642 -0.073709 0.921367
vn -0.381642 -0.073709 0.921367
vn 0.921366 -0.073709 0.381643
vn 0.921366 -0.073709 0.381643
vn 0.921366 -0.073709 0.381643
vn 0.921366 -0.073709 0.381642
vn 0.921366 -0.073709 0.381642
vn 0.921366 -0.073709 0.381642
vn 0.381643 -0.073709 0.921366
vn 0.381643 -0.073709 0.921366
vn 0.381643 -0.073709 0.921366
vn 0.381642 -0.073709 0.921366
vn 0.381642 -0.073709 0.921366
vn 0.381642 -0.073709 0.921366
vn -0.000000 -1.000000 0.000000
vn -0.000000 -1.000000 0.000000
vn -0.000000 -1.000000 0.000000
vn -0.921366 -0.073709 0.381643
vn -0.921366 -0.073709 0.381643
vn -0.921366 -0.073709 0.381643
vn -0.921367 -0.073709 0.381642
vn -0.921367 -0.073709 0.381642
vn -0.921367 -0.073709 0.381642
vn -0.921366 -0.073709 -0.381642
vn -0.921366 -0.073709 -0.381642
vn -0.921366 -0.073709 -0.381642
vn -0.921366 -0.073709 -0.381643
vn -0.921366 -0.073709 -0.381643
vn -0.921366 -0.073709 -0.381643
vn -0.381643 -0.073709 -0.921366
vn -0.381643 -0.073709 -0.921366
vn -0.381643 -0.073709 -0.921366
vn -0.381642 -0.073709 -0.921366
vn -0.381642 -0.073709 -0.921366
vn -0.381642 -0.073709 -0.921366
vn 0.381642 -0.073709 -0.921366
vn 0.381642 -0.073709 -0.921366
vn 0.381642 -0.073709 -0.921366
vn 0.381642 -0.073710 -0.921366
vn 0.381642 -0.073710 -0.921366
vn 0.381642 -0.073710 -0.921366
vn 0.921367 -0.073709 -0.381642
vn 0.921367 -0.073709 -0.381642
vn 0.921367 -0.073709 -0.381642
vn 0.921366 -0.073709 -0.381642
vn 0.921366 -0.073709 -0.381642
vn 0.921366 -0.073709 -0.381642
vn 0.921367 -0.073709 0.381642
vn 0.921367 -0.073709 0.381642
vn 0.921367 -0.073709 0.381642
vn 0.921366 -0.073709 0.381642
vn 0.921366 -0.073709 0.381642
vn 0.921366 -0.073709 0.381642
vn 0.381643 -0.073710 0.921366
vn 0.381643 -0.073710 0.921366
vn 0.381643 -0.073710 0.921366
vn 0.381641 -0.073709 0.921367
vn 0.381641 -0.073709 0.921367
vn 0.381641 -0.073709 0.921367
vn -0.000004 -1.000000 0.000000
vn -0.000004 -1.000000 0.000000
vn -0.000004 -1.000000 0.000000
vn -0.000000 1.000000 0.000000
vn -0.000000 1.000000 0.000000
vn -0.000000 1.000000 0.000000
vn -0.000000 1.000000 0.000000
vn -0.000000 1.000000 0.000000
vn -0.000000 1.000000 0.000000
vn -0.000000 1.000000 0.000000
vn -0.000000 1.000000 0.000000
vn -0.000000 1.000000 0.000000
vn -0.000000 1.000000 0.000000
vn -0.000000 1.000000 0.000000
vn -0.000000 1.000000 0.000000
vn -0.000000 1.000000 0.000000
vn -0.000000 1.000000 0.000000
vn -0.000000 1.000000 0.000000
vn -0.000000 1.000000 0.000000
vn -0.000000 1.000000 0.000000
vn -0.000000 1.000000 0.000000
vn -0.000000 1.000000 0.000000
vn -0.000000 1.000000 0.000000
vn -0.000000 1.000000 0.000000
vn -0.000000 1.000000 0.000000
vn -0.000000 1.000000 0.000000
vn -0.000000 1.000000 0.000000
vn -0.000000 1.000000 0.000000
vn -0.000000 1.000000 0.000000
vn -0.000000 1.000000 0.000000
vn -0.000000 1.000000 0.000000
vn -0.000000 1.000000 0.000000
vn -0.000000 1.000000 0.000000
vn -0.000000 1.000000 0.000000
vn -0.000000 1.000000 0.000000
vn -0.000000 1.000000 0.000000
vn -0.000000 1.000000 0.000000
vn -0.000000 1.000000 0.000000
vn -0.000000 1.000000 0.000000
vn -0.000000 1.000000 0.000000
vn -0.000000 1.000000 0.000000
vn -0.000000 1.000000 0.000000
vn -0.000000 1.000000 0.000000
vn -0.000000 1.000000 0.000000
vn -0.000000 1.000000 0.000000
vn -0.000001 1.000000 0.000000
vn -0.000001 1.000000 0.000000
vn -0.000001 1.000000 0.000000
vn 0.000003 1.000000 0.000000
vn 0.000003 1.000000 0.000000
vn 0.000003 1.000000 0.000000
vn 0.000000 -1.000000 0.000000
vn 0.000000 -1.000000 0.000000
vn 0.000000 -1.000000 0.000000
vn 0.000001 -1.000000 0.000000
vn 0.000001 -1.000000 0.000000
vn 0.000001 -1.000000 0.000000
vn -0.000003 -1.000000 0.000000
vn -0.000003 -1.000000 0.000000
vn -0.000003 -1.000000 0.000000
vn -0.000002 -1.000000 0.000000
vn -0.000002 -1.000000 0.000000
vn -0.000002 -1.000000 0.000000
vn 0.000003 -1.000000 0.000000
vn 0.000003 -1.000000 0.000000
vn 0.000003 -1.000000 0.000000
vn 0.000002 -1.000000 0.000000
vn 0.000002 -1.000000 0.000000
vn 0.000002 -1.000000 0.000000
vn 0.000000 -1.000000 0.000000
vn 0.000000 -1.000000 0.000000
vn 0.000000 -1.000000 0.000000
vn -0.000004 -1.000000 0.000000
vn -0.000004 -1.000000 0.000000
vn -0.000004 -1.000000 0.000000
vn 0.000000 -1.000000 0.000000
vn 0.000000 -1.000000 0.000000
vn 0.000000 -1.000000 0.000000
vn -0.000000 -1.000000 0.000000
vn -0.000000 -1.000000 0.000000
vn -0.000000 -1.000000 0.000000
vn -1.000000 0.000000 0.000001
vn -1.000000 0.000000 0.000001
vn -1.000000 0.000000 0.000001
vn -1.000000 0.000000 0.000000
vn -1.000000 0.000000 0.000000
vn -1.000000 0.000000 0.000000
vn -1.000000 0.000000 -0.000003
vn -1.000000 0.000000 -0.000003
vn -1.000000 0.000000 -0.000003
vn -1.000000 0.000000 0.000000
vn -1.000000 0.000000 0.000000
vn -1.000000 0.000000 0.000000
vn -1.000000 0.000000 0.000000
vn -1.000000 0.000000 0.000000
vn -1.000000 0.000000 0.000000
vn -1.000000 0.000000 -0.000000
vn -1.000000 0.000000 -0.000000
vn -1.000000 0.000000 -0.000000
vn -0.000000 -0.707104 0.707110
vn -0.000000 -0.707104 0.707110
vn -0.000000 -0.707104 0.707110
vn -0.000000 -0.707105 0.707109
vn -0.000000 -0.707105 0.707109
vn -0.000000 -0.707105 0.707109
vn 1.000000 0.000000 0.000000
vn 1.000000 0.000000 0.000000
vn 1.000000 0.000000 0.000000
vn 1.000000 0.000000 -0.000003
vn 1.000000 0.000000 -0.000003
vn 1.000000 0.000000 -0.000003
vn -0.000000 0.707107 -0.707107
vn -0.000000 0.707107 -0.707107
vn -0.000000 0.707107 -0.707107
vn -0.000000 0.707107 -0.707107
vn -0.000000 0.707107 -0.707107
vn -0.000000 0.707107 -0.707107
vn -1.000000 0.000000 0.000000
vn -1.000000 0.000000 0.000000
vn -1.000000 0.000000 0.000000
vn -1.000000 0.000000 0.000000
vn -1.000000 0.000000 0.000000
vn -1.000000 0.000000 0.000000
vn -0.000000 0.000000 1.000000
vn -0.000000 0.000000 1.000000
vn -0.000000 0.000000 1.000000
vn -0.000000 0.000000 1.000000
vn -0.000000 0.000000 1.000000
vn -0.000000 0.000000 1.000000
vn 1.000000 0.000000 -0.000002
vn 1.000000 0.000000 -0.000002
vn 1.000000 0.000000 -0.000002
vn 1.000000 0.000000 0.000000
vn 1.000000 0.000000 0.000000
vn 1.000000 0.000000 0.000000
vn -0.000000 0.000000 -1.000000
vn -0.000000 0.000000 -1.000000
vn -0.000000 0.000000 -1.000000
vn -0.000000 0.000000 -1.000000
vn -0.000000 0.000000 -1.000000
vn -0.000000 0.000000 -1.000000
vn -0.000000 -0.707105 0.707109
vn -0.000000 -0.707105 0.707109
vn -0.000000 -0.707105 0.707109
vn -0.000000 -0.707105 0.707109
vn -0.000000 -0.707105 0.707109
vn -0.000000 -0.707105 0.707109
vn 1.000000 0.000000 -0.000001
vn 1.000000 0.000000 -0.000001
vn 1.000000 0.000000 -0.000001
vn 1.000000 0.000000 0.000002
vn 1.000000 0.000000 0.000002
vn 1.000000 0.000000 0.000002
vn -0.000000 0.707107 -0.707107
vn -0.000000 0.707107 -0.707107
vn -0.000000 0.707107 -0.707107
vn -0.000000 0.707107 -0.707107
vn -0.000000 0.707107 -0.707107
vn -0.000000 0.707107 -0.707107
vn -0.000000 0.000000 1.000000
vn -0.000000 0.000000 1.000000
vn -0.000000 0.000000 1.000000
vn -0.000000 0.000000 1.000000
vn -0.000000 0.000000 1.000000
vn -0.000000 0.000000 1.000000
vn 1.000000 0.000000 -0.000001
vn 1.000000 0.000000 -0.000001
vn 1.000000 0.000000 -0.000001
vn 1.000000 0.000000 0.000000
vn 1.000000 0.000000 0.000000
vn 1.000000 0.000000 0.000000
vn -0.000000 0.000000 -1.000000
vn -0.000000 0.000000 -1.000000
vn -0.000000 0.000000 -1.000000
vn -0.000000 0.000000 -1.000000
vn -0.000000 0.000000 -1.000000
vn -0.000000 0.000000 -1.000000
vn -1.000000 0.000000 0.000000
vn -1.000000 0.000000 0.000000
vn -1.000000 0.000000 0.000000
vn -1.000000 0.000000 0.000000
vn -1.000000 0.000000 0.000000
vn -1.000000 0.000000 0.000000
vn -1.000000 0.000000 0.000000
vn -1.000000 0.000000 0.000000
vn -1.000000 0.000000 0.000000
vn -1.000000 0.000000 0.000000
vn -1.000000 0.000000 0.000000
vn -1.000000 0.000000 0.000000
vn -0.000000 -0.707105 -0.707109
vn -0.000000 -0.707105 -0.707109
vn -0.000000 -0.707105 -0.707109
vn -0.000000 -0.707104 -0.707110
vn -0.000000 -0.707104 -0.707110
vn -0.000000 -0.707104 -0.707110
vn 1.000000 0.000000 -0.000001
vn 1.000000 0.000000 -0.000001
vn 1.000000 0.000000 -0.000001
vn 1.000000 0.000000 0.000002
vn 1.000000 0.000000 0.000002
vn 1.000000 0.000000 0.000002
vn -0.000000 0.707107 0.707107
vn -0.000000 0.707107 0.707107
vn -0.000000 0.707107 0.707107
vn -0.000000 0.707107 0.707107
vn -0.000000 0.707107 0.707107
vn -0.000000 0.707107 0.707107
vn -0.000000 0.000000 -1.000000
vn -0.000000 0.000000 -1.000000
vn -0.000000 0.000000 -1.000000
vn -0.000000 0.000000 -1.000000
vn -0.000000 0.000000 -1.000000
vn -0.000000 0.000000 -1.000000
vn 1.000000 0.000000 0.000000
vn 1.000000 0.000000 0.000000
vn 1.000000 0.000000 0.000000
vn 1.000000 0.000000 0.000002
vn 1.000000 0.000000 0.000002
vn 1.000000 0.000000 0.000002
vn -0.000000 0.000000 1.000000
vn -0.000000 0.000000 1.000000
vn -0.000000 0.000000 1.000000
vn -0.000000 0.000000 1.000000
vn -0.000000 0.000000 1.000000
vn -0.000000 0.000000 1.000000
vn -1.000000 0.000000 0.000000
vn -1.000000 0.000000 0.000000
vn -1.000000 0.000000 0.000000
vn -1.000000 0.000000 0.000003
vn -1.000000 0.000000 0.000003
vn -1.000000 0.000000 0.000003
vn -1.000000 0.000000 0.000000
vn -1.000000 0.000000 0.000000
vn -1.000000 0.000000 0.000000
vn -1.000000 0.000000 -0.000000
vn -1.000000 0.000000 -0.000000
vn -1.000000 0.000000 -0.000000
vn -0.000000 -0.707104 -0.707110
vn -0.000000 -0.707104 -0.707110
vn -0.000000 -0.707104 -0.707110
vn -0.000000 -0.707105 -0.707109
vn -0.000000 -0.707105 -0.707109
vn -0.000000 -0.707105 -0.707109
vn 1.000000 0.000000 0.000000
vn 1.000000 0.000000 0.000000
vn 1.000000 0.000000 0.000000
vn 1.000000 0.000000 0.000000
vn 1.000000 0.000000 0.000000
vn 1.000000 0.000000 0.000000
vn -0.000000 0.707107 0.707107
vn -0.000000 0.707107 0.707107
vn -0.000000 0.707107 0.707107
vn -0.000000 0.707107 0.707106
vn -0.000000 0.707107 0.707106
vn -0.000000 0.707107 0.707106
vn -0.000000 0.000000 -1.000000
vn -0.000000 0.000000 -1.000000
vn -0.000000 0.000000 -1.000000
vn -0.000000 0.000000 -1.000000
vn -0.000000 0.000000 -1.000000
vn -0.000000 0.000000 -1.000000
vn 1.000000 0.000000 0.000000
vn 1.000000 0.000000 0.000000
vn 1.000000 0.000000 0.000000
vn 1.000000 0.000000 0.000000
vn 1.000000 0.000000 0.000000
vn 1.000000 0.000000 0.000000
vn -0.000000 0.000000 1.000000
vn -0.000000 0.000000 1.000000
vn -0.000000 0.000000 1.000000
vn -0.000000 0.000000 1.000000
vn -0.000000 0.000000 1.000000
vn -0.000000 0.000000 1.000000
vn 0.130526 0.000000 0.991445
vn 0.130526 0.000000 0.991445
vn 0.130526 0.000000 0.991445
vn 0.130526 0.000000 0.991445
vn 0.130526 0.000000 0.991445
vn 0.130526 0.000000 0.991445
vn -0.608761 0.000000 0.793353
vn -0.608761 0.000000 0.793353
vn -0.608761 0.000000 0.793353
vn -0.608761 0.000000 0.793354
vn -0.608761 0.000000 0.793354
vn -0.608761 0.000000 0.793354
vn -0.991445 0.000000 0.130526
vn -0.991445 0.000000 0.130526
vn -0.991445 0.000000 0.130526
vn -0.991445 0.000000 0.130525
vn -0.991445 0.000000 0.130525
vn -0.991445 0.000000 0.130525
vn -0.793354 0.000000 -0.608760
vn -0.793354 0.000000 -0.608760
vn -0.793354 0.000000 -0.608760
vn -0.793353 0.000000 -0.608762
vn -0.793353 0.000000 -0.608762
vn -0.793353 0.000000 -0.608762
vn -0.130526 0.000000 -0.991445
vn -0.130526 0.000000 -0.991445
vn -0.130526 0.000000 -0.991445
vn -0.130526 0.000000 -0.991445
vn -0.130526 0.000000 -0.991445
vn -0.130526 0.000000 -0.991445
vn 0.608761 0.000000 -0.793354
vn 0.608761 0.000000 -0.793354
vn 0.608761 0.000000 -0.793354
vn 0.608761 0.000000 -0.793354
vn 0.608761 0.000000 -0.793354
vn 0.608761 0.000000 -0.793354
vn -0.000000 1.000000 0.000000
vn -0.000000 1.000000 0.000000
vn -0.000000 1.000000 0.000000
vn -0.000000 -1.000000 0.000000
vn -0.000000 -1.000000 0.000000
vn -0.000000 -1.000000 0.000000
vn 0.991445 0.000000 -0.130525
vn 0.991445 0.000000 -0.130525
vn 0.991445 0.000000 -0.130525
vn 0.991445 0.000000 -0.130526
vn 0.991445 0.000000 -0.130526
vn 0.991445 0.000000 -0.130526
vn 0.793354 0.000000 0.608761
vn 0.793354 0.000000 0.608761
vn 0.793354 0.000000 0.608761
vn 0.793354 0.000000 0.608761
vn 0.793354 0.000000 0.608761
vn 0.793354 0.000000 0.608761
vn -0.608762 0.000000 0.793353
vn -0.608762 0.000000 0.793353
vn -0.608762 0.000000 0.793353
vn -0.608762 -0.000002 0.793353
vn -0.608762 -0.000002 0.793353
vn -0.608762 -0.000002 0.793353
vn 0.793353 0.000000 0.608761
vn 0.793353 0.000000 0.608761
vn 0.793353 0.000000 0.608761
vn 0.793351 0.000001 0.608764
vn 0.793351 0.000001 0.608764
vn 0.793351 0.000001 0.608764
vn -0.991445 -0.000001 0.130527
vn -0.991445 -0.000001 0.130527
vn -0.991445 -0.000001 0.130527
vn -0.991445 0.000000 0.130527
vn -0.991445 0.000000 0.130527
vn -0.991445 0.000000 0.130527
vn -0.793351 0.000001 -0.608764
vn -0.793351 0.000001 -0.608764
vn -0.793351 0.000001 -0.608764
vn -0.793353 -0.000001 -0.608761
vn -0.793353 -0.000001 -0.608761
vn -0.793353 -0.000001 -0.608761
vn 0.991445 0.000001 -0.130522
vn 0.991445 0.000001 -0.130522
vn 0.991445 0.000001 -0.130522
vn 0.991444 0.000000 -0.130532
vn 0.991444 0.000000 -0.130532
vn 0.991444 0.000000 -0.130532
vn -0.130527 0.000000 -0.991445
vn -0.130527 0.000000 -0.991445
vn -0.130527 0.000000 -0.991445
vn -0.130528 0.000000 -0.991445
vn -0.130528 0.000000 -0.991445
vn -0.130528 0.000000 -0.991445
vn 0.608760 0.000001 -0.793355
vn 0.608760 0.000001 -0.793355
vn 0.608760 0.000001 -0.793355
vn 0.608762 0.000000 -0.793353
vn 0.608762 0.000000 -0.793353
vn 0.608762 0.000000 -0.793353
vn 0.130528 -0.000001 0.991445
vn 0.130528 -0.000001 0.991445
vn 0.130528 -0.000001 0.991445
vn 0.130527 0.000000 0.991445
vn 0.130527 0.000000 0.991445
vn 0.130527 0.000000 0.991445
vn -0.000000 1.000000 0.000000
vn -0.000000 1.000000 0.000000
vn -0.000000 1.000000 0.000000
vn 0.991445 0.000000 -0.130526
vn 0.991445 0.000000 -0.130526
vn 0.991445 0.000000 -0.130526
vn 0.991445 0.000000 -0.130524
vn 0.991445 0.000000 -0.130524
vn 0.991445 0.000000 -0.130524
vn -0.130527 0.000000 -0.991445
vn -0.130527 0.000000 -0.991445
vn -0.130527 0.000000 -0.991445
vn -0.130527 0.000000 -0.991445
vn -0.130527 0.000000 -0.991445
vn -0.130527 0.000000 -0.991445
vn -0.991445 0.000000 0.130524
vn -0.991445 0.000000 0.130524
vn -0.991445 0.000000 0.130524
vn -0.991445 0.000000 0.130524
vn -0.991445 0.000000 0.130524
vn -0.991445 0.000000 0.130524
vn 0.130525 0.000000 0.991445
vn 0.130525 0.000000 0.991445
vn 0.130525 0.000000 0.991445
vn 0.130525 0.000000 0.991445
vn 0.130525 0.000000 0.991445
vn 0.130525 0.000000 0.991445
vn 0.793353 0.000000 0.608762
vn 0.793353 0.000000 0.608762
vn 0.793353 0.000000 0.608762
vn 0.793354 0.000000 0.608761
vn 0.793354 0.000000 0.608761
vn 0.793354 0.000000 0.608761
vn 0.608759 0.000000 -0.793355
vn 0.608759 0.000000 -0.793355
vn 0.608759 0.000000 -0.793355
vn 0.608762 0.000000 -0.793353
vn 0.608762 0.000000 -0.793353
vn 0.608762 0.000000 -0.793353
vn -0.793353 0.000000 -0.608762
vn -0.793353 0.000000 -0.608762
vn -0.793353 0.000000 -0.608762
vn -0.793354 0.000000 -0.608761
vn -0.793354 0.000000 -0.608761
vn -0.793354 0.000000 -0.608761
vn -0.608761 0.000000 0.793354
vn -0.608761 0.000000 0.793354
vn -0.608761 0.000000 0.793354
vn -0.608759 0.000000 0.793355
vn -0.608759 0.000000 0.793355
vn -0.608759 0.000000 0.793355
vn 0.866025 0.000000 -0.500000
vn 0.866025 0.000000 -0.500000
vn 0.866025 0.000000 -0.500000
vn 0.866025 0.000000 -0.500000
vn 0.866025 0.000000 -0.500000
vn 0.866025 0.000000 -0.500000
vn -0.866025 0.000000 0.500000
vn -0.866025 0.000000 0.500000
vn -0.866025 0.000000 0.500000
vn -0.866025 0.000000 0.500000
vn -0.866025 0.000000 0.500000
vn -0.866025 0.000000 0.500000
vn -0.500001 0.000000 -0.866025
vn -0.500001 0.000000 -0.866025
vn -0.500001 0.000000 -0.866025
vn -0.499999 0.000000 -0.866026
vn -0.499999 0.000000 -0.866026
vn -0.499999 0.000000 -0.866026
vn 0.000000 -1.000000 0.000000
vn 0.000000 -1.000000 0.000000
vn 0.000000 -1.000000 0.000000
vn -0.000000 -1.000000 0.000000
vn -0.000000 -1.000000 0.000000
vn -0.000000 -1.000000 0.000000
vn -0.000000 1.000000 0.000000
vn -0.000000 1.000000 0.000000
vn -0.000000 1.000000 0.000000
vn -0.000000 1.000000 0.000000
vn -0.000000 1.000000 0.000000
vn -0.000000 1.000000 0.000000
vn -0.000000 1.000000 0.000000
vn -0.000000 1.000000 0.000000
vn -0.000000 1.000000 0.000000
vn -0.000000 1.000000 0.000000
vn -0.000000 1.000000 0.000000
vn -0.000000 1.000000 0.000000
vn -0.000000 1.000000 0.000000
vn -0.000000 1.000000 0.000000
vn -0.000000 1.000000 0.000000
vn -0.000000 1.000000 0.000000
vn -0.000000 1.000000 0.000000
vn -0.000000 1.000000 0.000000
vn 0.000000 1.000000 0.000000
vn 0.000000 1.000000 0.000000
vn 0.000000 1.000000 0.000000
vn -0.000000 -1.000000 0.000000
vn -0.000000 -1.000000 0.000000
vn -0.000000 -1.000000 0.000000
vn -0.000000 -1.000000 0.000000
vn -0.000000 -1.000000 0.000000
vn -0.000000 -1.000000 0.000000
vn -0.000000 -1.000000 0.000000
vn -0.000000 -1.000000 0.000000
vn -0.000000 -1.000000 0.000000
vn -0.000000 -1.000000 0.000000
vn -0.000000 -1.000000 0.000000
vn -0.000000 -1.000000 0.000000
vn -0.000000 -1.000000 0.000000
vn -0.000000 -1.000000 0.000000
vn -0.000000 -1.000000 0.000000
vn -0.000000 1.000000 0.000000
vn -0.000000 1.000000 0.000000
vn -0.000000 1.000000 0.000000
vn -0.000001 1.000000 0.000000
vn -0.000001 1.000000 0.000000
vn -0.000001 1.000000 0.000000
vn -0.000001 1.000000 0.000000
vn -0.000001 1.000000 0.000000
vn -0.000001 1.000000 0.000000
vn -0.000001 1.000000 0.000000
vn -0.000001 1.000000 0.000000
vn -0.000001 1.000000 0.000000
vn 0.000000 1.000000 0.000000
vn 0.000000 1.000000 0.000000
vn 0.000000 1.000000 0.000000
vn 0.795019 0.509412 0.329308
vn 0.795019 0.509412 0.329308
vn 0.795019 0.509412 0.329308
vn 0.795021 0.509411 0.329306
vn 0.795021 0.509411 0.329306
vn 0.795021 0.509411 0.329306
vn 0.795020 -0.509411 0.329307
vn 0.795020 -0.509411 0.329307
vn 0.795020 -0.509411 0.329307
vn 0.795019 -0.509413 0.329308
vn 0.795019 -0.509413 0.329308
vn 0.795019 -0.509413 0.329308
vn 0.329307 0.509412 0.795020
vn 0.329307 0.509412 0.795020
vn 0.329307 0.509412 0.795020
vn 0.329309 0.509412 0.795019
vn 0.329309 0.509412 0.795019
vn 0.329309 0.509412 0.795019
vn 0.329311 -0.509411 0.795019
vn 0.329311 -0.509411 0.795019
vn 0.329311 -0.509411 0.795019
vn 0.329309 -0.509413 0.795018
vn 0.329309 -0.509413 0.795018
vn 0.329309 -0.509413 0.795018
vn -0.000000 -0.539504 -0.841983
vn -0.000000 -0.539504 -0.841983
vn -0.000000 -0.539504 -0.841983
vn -0.000000 -0.539504 -0.841983
vn -0.000000 -0.539504 -0.841983
vn -0.000000 -0.539504 -0.841983
vn -0.000000 0.539505 0.841982
vn -0.000000 0.539505 0.841982
vn -0.000000 0.539505 0.841982
vn -0.000000 0.539504 0.841983
vn -0.000000 0.539504 0.841983
vn -0.000000 0.539504 0.841983
vn -0.000000 0.539504 -0.841983
vn -0.000000 0.539504 -0.841983
vn -0.000000 0.539504 -0.841983
vn -0.000000 0.539504 -0.841983
vn -0.000000 0.539504 -0.841983
vn -0.000000 0.539504 -0.841983
vn -0.000000 -0.539504 0.841983
vn -0.000000 -0.539504 0.841983
vn -0.000000 -0.539504 0.841983
vn -0.000000 -0.539505 0.841982
vn -0.000000 -0.539505 0.841982
vn -0.000000 -0.539505 0.841982
vn 0.329310 0.509411 -0.795019
vn 0.329310 0.509411 -0.795019
vn 0.329310 0.509411 -0.795019
vn 0.329308 0.509412 -0.795019
vn 0.329308 0.509412 -0.795019
vn 0.329308 0.509412 -0.795019
vn 0.329307 -0.509412 -0.795020
vn 0.329307 -0.509412 -0.795020
vn 0.329307 -0.509412 -0.795020
vn 0.329308 -0.509413 -0.795019
vn 0.329308 -0.509413 -0.795019
vn 0.329308 -0.509413 -0.795019
vn 0.795020 0.509411 -0.329307
vn 0.795020 0.509411 -0.329307
vn 0.795020 0.509411 -0.329307
vn 0.795018 0.509413 -0.329308
vn 0.795018 0.509413 -0.329308
vn 0.795018 0.509413 -0.329308
vn 0.795019 -0.509412 -0.329307
vn 0.795019 -0.509412 -0.329307
vn 0.795019 -0.509412 -0.329307
vn 0.795021 -0.509411 -0.329307
vn 0.795021 -0.509411 -0.329307
vn 0.795021 -0.509411 -0.329307
vn 0.795019 -0.509412 0.329307
vn 0.795019 -0.509412 0.329307
vn 0.795019 -0.509412 0.329307
vn 0.795019 -0.509413 0.329308
vn 0.795019 -0.509413 0.329308
vn 0.795019 -0.509413 0.329308
vn 0.795019 0.509413 0.329308
vn 0.795019 0.509413 0.329308
vn 0.795019 0.509413 0.329308
vn 0.795019 0.509413 0.329307
vn 0.795019 0.509413 0.329307
vn 0.795019 0.509413 0.329307
vn 0.329308 -0.509412 0.795019
vn 0.329308 -0.509412 0.795019
vn 0.329308 -0.509412 0.795019
vn 0.329306 -0.509413 0.795020
vn 0.329306 -0.509413 0.795020
vn 0.329306 -0.509413 0.795020
vn 0.329308 0.509412 0.795019
vn 0.329308 0.509412 0.795019
vn 0.329308 0.509412 0.795019
vn 0.329308 0.509412 0.795019
vn 0.329308 0.509412 0.795019
vn 0.329308 0.509412 0.795019
vn 0.795020 0.509412 -0.329307
vn 0.795020 0.509412 -0.329307
vn 0.795020 0.509412 -0.329307
vn 0.795019 0.509413 -0.329308
vn 0.795019 0.509413 -0.329308
vn 0.795019 0.509413 -0.329308
vn 0.795019 -0.509413 -0.329307
vn 0.795019 -0.509413 -0.329307
vn 0.795019 -0.509413 -0.329307
vn 0.795019 -0.509413 -0.329308
vn 0.795019 -0.509413 -0.329308
vn 0.795019 -0.509413 -0.329308
vn 0.329308 0.509412 -0.795019
vn 0.329308 0.509412 -0.795019
vn 0.329308 0.509412 -0.795019
vn 0.329306 0.509413 -0.795020
vn 0.329306 0.509413 -0.795020
vn 0.329306 0.509413 -0.795020
vn 0.329308 -0.509413 -0.795018
vn 0.329308 -0.509413 -0.795018
vn 0.329308 -0.509413 -0.795018
vn 0.329309 -0.509412 -0.795019
vn 0.329309 -0.509412 -0.795019
vn 0.329309 -0.509412 -0.795019
vn -0.000000 1.000000 0.000000
vn -0.000000 1.000000 0.000000
vn -0.000000 1.000000 0.000000
vn 0.000001 -1.000000 0.000000
vn 0.000001 -1.000000 0.000000
vn 0.000001 -1.000000 0.000000
vn 0.707108 0.000000 -0.707106
vn 0.707108 0.000000 -0.707106
vn 0.707108 0.000000 -0.707106
vn 0.707106 0.000000 -0.707108
vn 0.707106 0.000000 -0.707108
vn 0.707106 0.000000 -0.707108
vn 0.707107 0.000000 0.707107
vn 0.707107 0.000000 0.707107
vn 0.707107 0.000000 0.707107
vn 0.707107 0.000000 0.707107
vn 0.707107 0.000000 0.707107
vn 0.707107 0.000000 0.707107
vn -0.707107 0.000000 0.707107
vn -0.707107 0.000000 0.707107
vn -0.707107 0.000000 0.707107
vn -0.707107 0.000000 0.707106
vn -0.707107 0.000000 0.707106
vn -0.707107 0.000000 0.707106
vn -0.707107 0.000000 -0.707107
vn -0.707107 0.000000 -0.707107
vn -0.707107 0.000000 -0.707107
vn -0.707106 0.000000 -0.707107
vn -0.707106 0.000000 -0.707107
vn -0.707106 0.000000 -0.707107
vn -0.000000 -1.000000 0.000000
vn -0.000000 -1.000000 0.000000
vn -0.000000 -1.000000 0.000000
vn -0.000000 -1.000000 0.000000
vn -0.000000 -1.000000 0.000000
vn -0.000000 -1.000000 0.000000
vn -0.000000 1.000000 0.000000
vn -0.000000 1.000000 0.000000
vn -0.000000 1.000000 0.000000
vn -0.000000 1.000000 0.000000
vn -0.000000 1.000000 0.000000
vn -0.000000 1.000000 0.000000
vn -0.707107 0.000000 -0.707106
vn -0.707107 0.000000 -0.707106
vn -0.707107 0.000000 -0.707106
vn -0.707106 0.000000 -0.707107
vn -0.707106 0.000000 -0.707107
vn -0.707106 0.000000 -0.707107
vn -0.000000 1.000000 0.000000
vn -0.000000 1.000000 0.000000
vn -0.000000 1.000000 0.000000
vn -0.000001 1.000000 0.000000
vn -0.000001 1.000000 0.000000
vn -0.000001 1.000000 0.000000
vn -0.707106 0.000000 0.707107
vn -0.707106 0.000000 0.707107
vn -0.707106 0.000000 0.707107
vn -0.707107 0.000000 0.707106
vn -0.707107 0.000000 0.707106
vn -0.707107 0.000000 0.707106
vn 0.000002 -1.000000 0.000000
vn 0.000002 -1.000000 0.000000
vn 0.000002 -1.000000 0.000000
vn -0.000004 -1.000000 0.000000
vn -0.000004 -1.000000 0.000000
vn -0.000004 -1.000000 0.000000
vn 0.707107 0.000000 -0.707106
vn 0.707107 0.000000 -0.707106
vn 0.707107 0.000000 -0.707106
vn 0.707106 0.000000 -0.707107
vn 0.707106 0.000000 -0.707107
vn 0.707106 0.000000 -0.707107
vn -0.860853 0.195923 -0.469624
vn -0.860853 0.195923 -0.469624
vn -0.860853 0.195923 -0.469624
vn -0.860855 0.195924 -0.469619
vn -0.860855 0.195924 -0.469619
vn -0.860855 0.195924 -0.469619
vn 0.497014 0.125836 -0.858570
vn 0.497014 0.125836 -0.858570
vn 0.497014 0.125836 -0.858570
vn 0.497015 0.125836 -0.858570
vn 0.497015 0.125836 -0.858570
vn 0.497015 0.125836 -0.858570
vn 0.860854 -0.195924 0.469622
vn 0.860854 -0.195924 0.469622
vn 0.860854 -0.195924 0.469622
vn 0.860855 -0.195923 0.469621
vn 0.860855 -0.195923 0.469621
vn 0.860855 -0.195923 0.469621
vn -0.497014 -0.125836 0.858570
vn -0.497014 -0.125836 0.858570
vn -0.497014 -0.125836 0.858570
vn -0.497014 -0.125836 0.858570
vn -0.497014 -0.125836 0.858570
vn -0.497014 -0.125836 0.858570
vn -0.109116 -0.972512 -0.205702
vn -0.109116 -0.972512 -0.205702
vn -0.109116 -0.972512 -0.205702
vn -0.109122 -0.972512 -0.205703
vn -0.109122 -0.972512 -0.205703
vn -0.109122 -0.972512 -0.205703
vn 0.109119 0.972511 0.205705
vn 0.109119 0.972511 0.205705
vn 0.109119 0.972511 0.205705
vn 0.109118 0.972512 0.205701
vn 0.109118 0.972512 0.205701
vn 0.109118 0.972512 0.205701
vn -0.497015 -0.125836 0.858569
vn -0.497015 -0.125836 0.858569
vn -0.497015 -0.125836 0.858569
vn -0.497016 -0.125836 0.858569
vn -0.497016 -0.125836 0.858569
vn -0.497016 -0.125836 0.858569
vn 0.109118 0.972512 0.205703
vn 0.109118 0.972512 0.205703
vn 0.109118 0.972512 0.205703
vn 0.109121 0.972512 0.205703
vn 0.109121 0.972512 0.205703
vn 0.109121 0.972512 0.205703
vn 0.860854 -0.195923 0.469621
vn 0.860854 -0.195923 0.469621
vn 0.860854 -0.195923 0.469621
vn 0.860855 -0.195924 0.469620
vn 0.860855 -0.195924 0.469620
vn 0.860855 -0.195924 0.469620
vn -0.109121 -0.972512 -0.205702
vn -0.109121 -0.972512 -0.205702
vn -0.109121 -0.972512 -0.205702
vn -0.109118 -0.972512 -0.205702
vn -0.109118 -0.972512 -0.205702
vn -0.109118 -0.972512 -0.205702
vn -0.860855 0.195924 -0.469619
vn -0.860855 0.195924 -0.469619
vn -0.860855 0.195924 -0.469619
vn -0.860853 0.195924 -0.469624
vn -0.860853 0.195924 -0.469624
vn -0.860853 0.195924 -0.469624
vn 0.866025 0.000000 -0.500000
vn 0.866025 0.000000 -0.500000
vn 0.866025 0.000000 -0.500000
vn 0.866025 0.000000 -0.500000
vn 0.866025 0.000000 -0.500000
vn 0.866025 0.000000 -0.500000
vn 0.500000 0.000000 0.866025
vn 0.500000 0.000000 0.866025
vn 0.500000 0.000000 0.866025
vn 0.500000 0.000000 0.866025
vn 0.500000 0.000000 0.866025
vn 0.500000 0.000000 0.866025
vn -0.866025 0.000000 0.500000
vn -0.866025 0.000000 0.500000
vn -0.866025 0.000000 0.500000
vn -0.866025 0.000000 0.500000
vn -0.866025 0.000000 0.500000
vn -0.866025 0.000000 0.500000
vn -0.500000 0.000000 -0.866025
vn -0.500000 0.000000 -0.866025
vn -0.500000 0.000000 -0.866025
vn -0.500000 0.000000 -0.866025
vn -0.500000 0.000000 -0.866025
vn -0.500000 0.000000 -0.866025
vn 0.000000 -1.000000 0.000000
vn 0.000000 -1.000000 0.000000
vn 0.000000 -1.000000 0.000000
vn -0.000000 -1.000000 0.000000
vn -0.000000 -1.000000 0.000000
vn -0.000000 -1.000000 0.000000
vn -0.000000 1.000000 0.000000
vn -0.000000 1.000000 0.000000
vn -0.000000 1.000000 0.000000
vn -0.000000 1.000000 0.000000
vn -0.000000 1.000000 0.000000
vn -0.000000 1.000000 0.000000
vn -0.000000 1.000000 0.000000
vn -0.000000 1.000000 0.000000
vn -0.000000 1.000000 0.000000
vn -0.000003 1.000000 0.000000
vn -0.000003 1.000000 0.000000
vn -0.000003 1.000000 0.000000
vn -0.000000 1.000000 0.000000
vn -0.000000 1.000000 0.000000
vn -0.000000 1.000000 0.000000
vn 0.000000 1.000000 0.000000
vn 0.000000 1.000000 0.000000
vn 0.000000 1.000000 0.000000
vn -0.000000 1.000000 0.000000
vn -0.000000 1.000000 0.000000
vn -0.000000 1.000000 0.000000
vn 0.000002 1.000000 0.000000
vn 0.000002 1.000000 0.000000
vn 0.000002 1.000000 0.000000
vn 0.000003 1.000000 0.000000
vn 0.000003 1.000000 0.000000
vn 0.000003 1.000000 0.000000
vn -0.000000 -1.000000 0.000000
vn -0.000000 -1.000000 0.000000
vn -0.000000 -1.000000 0.000000
vn -0.000001 -1.000000 0.000000
vn -0.000001 -1.000000 0.000000
vn -0.000001 -1.000000 0.000000
vn -0.000000 -1.000000 0.000000
vn -0.000000 -1.000000 0.000000
vn -0.000000 -1.000000 0.000000
vn -0.000001 -1.000000 0.000000
vn -0.000001 -1.000000 0.000000
vn -0.000001 -1.000000 0.000000
vn -0.000000 -1.000000 0.000000
vn -0.000000 -1.000000 0.000000
vn -0.000000 -1.000000 0.000000
vn -0.000002 -1.000000 0.000000
vn -0.000002 -1.000000 0.000000
vn -0.000002 -1.000000 0.000000
vn -0.000000 -1.000000 0.000000
vn -0.000000 -1.000000 0.000000
vn -0.000000 -1.000000 0.000000
vn -0.000000 1.000000 0.000000
vn -0.000000 1.000000 0.000000
vn -0.000000 1.000000 0.000000
vn -0.000000 0.970143 -0.242535
vn -0.000000 0.970143 -0.242535
vn -0.000000 0.970143 -0.242535
vn -0.000000 0.970142 -0.242535
vn -0.000000 0.970142 -0.242535
vn -0.000000 0.970142 -0.242535
vn -0.000000 0.000000 -1.000000
vn -0.000000 0.000000 -1.000000
vn -0.000000 0.000000 -1.000000
vn -0.000000 0.000000 -1.000000
vn -0.000000 0.000000 -1.000000
vn -0.000000 0.000000 -1.000000
vn -0.000000 0.000001 -1.000000
vn -0.000000 0.000001 -1.000000
vn -0.000000 0.000001 -1.000000
vn -0.000000 0.000000 -1.000000
vn -0.000000 0.000000 -1.000000
vn -0.000000 0.000000 -1.000000
vn -0.000000 1.000000 0.000000
vn -0.000000 1.000000 0.000000
vn -0.000000 1.000000 0.000000
vn -0.000000 1.000000 0.000000
vn -0.000000 1.000000 0.000000
vn -0.000000 1.000000 0.000000

g Material
f 3/1/1 1/2/2 2/3/3
f 4/4/4 1/5/5 3/6/6
f 7/7/7 5/8/8 6/9/9
f 8/10/10 5/11/11 7/12/12
f 11/13/13 9/14/14 10/15/15
f 12/16/16 9/17/17 11/18/18
f 15/19/19 13/20/20 14/21/21
f 16/22/22 13/23/23 15/24/24
f 19/25/25 17/26/26 18/27/27
f 20/28/28 17/29/29 19/30/30
f 23/31/31 21/32/32 22/33/33
f 24/34/34 21/35/35 23/36/36
f 27/37/37 25/38/38 26/39/39
f 28/40/40 25/41/41 27/42/42
f 31/43/43 29/44/44 30/45/45
f 32/46/46 29/47/47 31/48/48
f 35/49/49 33/50/50 34/51/51
f 36/52/52 33/53/53 35/54/54
f 39/55/55 37/56/56 38/57/57
f 40/58/58 37/59/59 39/60/60
f 43/61/61 41/62/62 42/63/63
f 44/64/64 41/65/65 43/66/66
f 47/67/67 45/68/68 46/69/69
f 48/70/70 45/71/71 47/72/72
f 51/73/73 49/74/74 50/75/75
f 52/76/76 49/77/77 51/78/78
f 55/79/79 53/80/80 54/81/81
f 56/82/82 53/83/83 55/84/84
f 59/85/85 57/86/86 58/87/87
f 60/88/88 57/89/89 59/90/90
f 79/91/91 77/92/92 78/93/93
f 80/94/94 77/95/95 79/96/96
f 83/97/97 81/98/98 82/99/99
f 84/100/100 81/101/101 83/102/102
f 87/103/103 85/104/104 86/105/105
f 88/106/106 85/107/107 87/108/108
f 91/109/109 89/110/110 90/111/111
f 92/112/112 89/113/113 91/114/114
f 95/115/115 93/116/116 94/117/117
f 96/118/118 93/119/119 95/120/120
f 99/121/121 97/122/122 98/123/123
f 100/124/124 97/125/125 99/126/126
f 103/127/127 101/128/128 102/129/129
f 104/130/130 101/131/131 103/132/132
f 107/133/133 105/134/134 106/135/135
f 108/136/136 105/137/137 107/138/138
f 111/139/139 109/140/140 110/141/141
f 112/142/142 109/143/143 111/144/144
f 115/145/145 113/146/146 114/147/147
f 116/148/148 113/149/149 115/150/150
f 119/151/151 117/152/152 118/153/153
f 122/154/154 120/155/155 121/156/156
f 125/157/157 123/158/158 124/159/159
f 128/160/160 126/161/161 127/162/162
f 131/163/163 129/164/164 130/165/165
f 134/166/166 132/167/167 133/168/168
f 137/169/169 135/170/170 136/171/171
f 140/172/172 138/173/173 139/174/174
f 143/175/175 141/176/176 142/177/177
f 146/178/178 144/179/179 145/180/180
f 149/181/181 147/182/182 148/183/183
f 152/184/184 150/185/185 151/186/186
f 155/187/187 153/188/188 154/189/189
f 158/190/190 156/191/191 157/192/192

g Material.001
f 63/193/193 61/194/194 62/195/195
f 64/196/196 61/197/197 63/198/198
f 67/199/199 65/200/200 66/201/201
f 68/202/202 65/203/203 67/204/204
f 71/205/205 69/206/206 70/207/207
f 72/208/208 69/209/209 71/210/210
f 75/211/211 73/212/212 74/213/213
f 76/214/214 73/215/215 75/216/216

g Material.004
f 161/217/217 159/218/218 160/219/219
f 162/220/220 159/221/221 161/222/222
f 165/223/223 163/224/224 164/225/225
f 166/226/226 163/227/227 165/228/228
f 169/229/229 167/230/230 168/231/231
f 170/232/232 167/233/233 169/234/234
f 173/235/235 171/236/236 172/237/237
f 174/238/238 171/239/239 173/240/240
f 177/241/241 175/242/242 176/243/243
f 178/244/244 175/245/245 177/246/246
f 181/247/247 179/248/248 180/249/249
f 182/250/250 179/251/251 181/252/252
f 185/253/253 183/254/254 184/255/255
f 186/256/256 183/257/257 185/258/258
f 189/259/259 187/260/260 188/261/261
f 190/262/262 187/263/263 189/264/264
f 193/265/265 191/266/266 192/267/267
f 194/268/268 191/269/269 193/270/270
f 197/271/271 195/272/272 196/273/273
f 198/274/274 195/275/275 197/276/276
f 201/277/277 199/278/278 200/279/279
f 202/280/280 199/281/281 201/282/282
f 205/283/283 203/284/284 204/285/285
f 206/286/286 203/287/287 205/288/288
f 209/289/289 207/290/290 208/291/291
f 210/292/292 207/293/293 209/294/294
f 213/295/295 211/296/296 212/297/297
f 214/298/298 211/299/299 213/300/300
f 217/301/301 215/302/302 216/303/303
f 218/304/304 215/305/305 217/306/306
f 221/307/307 219/308/308 220/309/309
f 222/310/310 219/311/311 221/312/312
f 225/313/313 223/314/314 224/315/315
f 226/316/316 223/317/317 225/318/318
f 229/319/319 227/320/320 228/321/321
f 230/322/322 227/323/323 229/324/324
f 233/325/325 231/326/326 232/327/327
f 236/328/328 234/329/329 235/330/330
f 239/331/331 237/332/332 238/333/333
f 242/334/334 240/335/335 241/336/336
f 245/337/337 243/338/338 244/339/339
f 248/340/340 246/341/341 247/342/342
f 251/343/343 249/344/344 250/345/345
f 254/346/346 252/347/347 253/348/348
f 486/349/349 484/350/350 485/351/351
f 487/352/352 484/353/353 486/354/354
f 490/355/355 488/356/356 489/357/357
f 491/358/358 488/359/359 490/360/360
f 494/361/361 492/362/362 493/363/363
f 495/364/364 492/365/365 494/366/366
f 498/367/367 496/368/368 497/369/369
f 499/370/370 496/371/371 498/372/372
f 502/373/373 500/374/374 501/375/375
f 503/376/376 500/377/377 502/378/378
f 506/379/379 504/380/380 505/381/381
f 507/382/382 504/383/383 506/384/384
f 510/385/385 508/386/386 509/387/387
f 511/388/388 508/389/389 510/390/390
f 514/391/391 512/392/392 513/393/393
f 515/394/394 512/395/395 514/396/396
f 518/397/397 516/398/398 517/399/399
f 519/400/400 516/401/401 518/402/402
f 522/403/403 520/404/404 521/405/405
f 525/406/406 523/407/407 524/408/408
f 526/409/409 523/410/410 525/411/411
f 529/412/412 527/413/413 528/414/414
f 530/415/415 527/416/416 529/417/417
f 533/418/418 531/419/419 532/420/420
f 534/421/421 531/422/422 533/423/423
f 537/424/424 535/425/425 536/426/426
f 538/427/427 535/428/428 537/429/429
f 541/430/430 539/431/431 540/432/432
f 542/433/433 539/434/434 541/435/435
f 545/436/436 543/437/437 544/438/438
f 546/439/439 543/440/440 545/441/441
f 549/442/442 547/443/443 548/444/444
f 550/445/445 547/446/446 549/447/447
f 553/448/448 551/449/449 552/450/450
f 556/451/451 554/452/452 555/453/453
f 559/454/454 557/455/455 558/456/456
f 562/457/457 560/458/458 561/459/459
f 565/460/460 563/461/461 564/462/462
f 568/463/463 566/464/464 567/465/465
f 571/466/466 569/467/467 570/468/468
f 574/469/469 572/470/470 573/471/471
f 577/472/472 575/473/473 576/474/474
f 580/475/475 578/476/476 579/477/477
f 583/478/478 581/479/479 582/480/480
f 586/481/481 584/482/482 585/483/483
f 589/484/484 587/485/485 588/486/486
f 592/487/487 590/488/488 591/489/489
f 595/490/490 593/491/491 594/492/492
f 598/493/493 596/494/494 597/495/495
f 601/496/496 599/497/497 600/498/498
f 886/499/499 884/500/500 885/501/501
f 889/502/502 887/503/503 888/504/504
f 892/505/505 890/506/506 891/507/507
f 895/508/508 893/509/509 894/510/510
f 898/511/511 896/512/512 897/513/513
f 901/514/514 899/515/515 900/516/516
f 904/517/517 902/518/518 903/519/519
f 907/520/520 905/521/521 906/522/522
f 910/523/523 908/524/524 909/525/525
f 913/526/526 911/527/527 912/528/528

g Material.005
f 257/529/529 255/530/530 256/531/531
f 258/532/532 255/533/533 257/534/534
f 261/535/535 259/536/536 260/537/537
f 262/538/538 259/539/539 261/540/540
f 265/541/541 263/542/542 264/543/543
f 266/544/544 263/545/545 265/546/546
f 269/547/547 267/548/548 268/549/549
f 270/550/550 267/551/551 269/552/552
f 273/553/553 271/554/554 272/555/555
f 274/556/556 271/557/557 273/558/558
f 277/559/559 275/560/560 276/561/561
f 278/562/562 275/563/563 277/564/564
f 281/565/565 279/566/566 280/567/567
f 282/568/568 279/569/569 281/570/570
f 285/571/571 283/572/572 284/573/573
f 286/574/574 283/575/575 285/576/576
f 289/577/577 287/578/578 288/579/579
f 290/580/580 287/581/581 289/582/582
f 293/583/583 291/584/584 292/585/585
f 294/586/586 291/587/587 293/588/588
f 297/589/589 295/590/590 296/591/591
f 298/592/592 295/593/593 297/594/594
f 301/595/595 299/596/596 300/597/597
f 302/598/598 299/599/599 301/600/600
f 305/601/601 303/602/602 304/603/603
f 306/604/604 303/605/605 305/606/606
f 309/607/607 307/608/608 308/609/609
f 310/610/610 307/611/611 309/612/612
f 313/613/613 311/614/614 312/615/615
f 314/616/616 311/617/617 313/618/618
f 317/619/619 315/620/620 316/621/621
f 318/622/622 315/623/623 317/624/624
f 321/625/625 319/626/626 320/627/627
f 322/628/628 319/629/629 321/630/630
f 325/631/631 323/632/632 324/633/633
f 326/634/634 323/635/635 325/636/636
f 329/637/637 327/638/638 328/639/639
f 330/640/640 327/641/641 329/642/642
f 333/643/643 331/644/644 332/645/645
f 334/646/646 331/647/647 333/648/648
f 337/649/649 335/650/650 336/651/651
f 338/652/652 335/653/653 337/654/654
f 341/655/655 339/656/656 340/657/657
f 342/658/658 339/659/659 341/660/660
f 345/661/661 343/662/662 344/663/663
f 346/664/664 343/665/665 345/666/666
f 349/667/667 347/668/668 348/669/669
f 350/670/670 347/671/671 349/672/672
f 353/673/673 351/674/674 352/675/675
f 354/676/676 351/677/677 353/678/678
f 357/679/679 355/680/680 356/681/681
f 358/682/682 355/683/683 357/684/684
f 361/685/685 359/686/686 360/687/687
f 362/688/688 359/689/689 361/690/690
f 365/691/691 363/692/692 364/693/693
f 366/694/694 363/695/695 365/696/696
f 369/697/697 367/698/698 368/699/699
f 370/700/700 367/701/701 369/702/702
f 373/703/703 371/704/704 372/705/705
f 374/706/706 371/707/707 373/708/708
f 377/709/709 375/710/710 376/711/711
f 378/712/712 375/713/713 377/714/714
f 381/715/715 379/716/716 380/717/717
f 382/718/718 379/719/719 381/720/720
f 716/721/721 714/722/722 715/723/723
f 717/724/724 714/725/725 716/726/726
f 720/727/727 718/728/728 719/729/729
f 721/730/730 718/731/731 720/732/732
f 724/733/733 722/734/734 723/735/735
f 725/736/736 722/737/737 724/738/738
f 728/739/739 726/740/740 727/741/741
f 729/742/742 726/743/743 728/744/744
f 732/745/745 730/746/746 731/747/747
f 733/748/748 730/749/749 732/750/750
f 736/751/751 734/752/752 735/753/753
f 737/754/754 734/755/755 736/756/756
f 740/757/757 738/758/758 739/759/759
f 743/760/760 741/761/761 742/762/762
f 746/763/763 744/764/764 745/765/765
f 747/766/766 744/767/767 746/768/768
f 750/769/769 748/770/770 749/771/771
f 751/772/772 748/773/773 750/774/774
f 754/775/775 752/776/776 753/777/777
f 755/778/778 752/779/779 754/780/780
f 758/781/781 756/782/782 757/783/783
f 759/784/784 756/785/785 758/786/786
f 762/787/787 760/788/788 761/789/789
f 763/790/790 760/791/791 762/792/792
f 766/793/793 764/794/794 765/795/795
f 767/796/796 764/797/797 766/798/798
f 770/799/799 768/800/800 769/801/801
f 771/802/802 768/803/803 770/804/804
f 774/805/805 772/806/806 773/807/807
f 775/808/808 772/809/809 774/810/810
f 778/811/811 776/812/812 777/813/813
f 779/814/814 776/815/815 778/816/816
f 782/817/817 780/818/818 781/819/819
f 783/820/820 780/821/821 782/822/822
f 786/823/823 784/824/824 785/825/825
f 789/826/826 787/827/827 788/828/828
f 790/829/829 787/830/830 789/831/831
f 793/832/832 791/833/833 792/834/834
f 794/835/835 791/836/836 793/837/837
f 797/838/838 795/839/839 796/840/840
f 798/841/841 795/842/842 797/843/843
f 801/844/844 799/845/845 800/846/846
f 802/847/847 799/848/848 801/849/849
f 805/850/850 803/851/851 804/852/852
f 806/853/853 803/854/854 805/855/855
f 809/856/856 807/857/857 808/858/858
f 810/859/859 807/860/860 809/861/861
f 813/862/862 811/863/863 812/864/864
f 814/865/865 811/866/866 813/867/867
f 817/868/868 815/869/869 816/870/870
f 818/871/871 815/872/872 817/873/873
f 821/874/874 819/875/875 820/876/876
f 822/877/877 819/878/878 821/879/879
f 825/880/880 823/881/881 824/882/882
f 826/883/883 823/884/884 825/885/885
f 829/886/886 827/887/887 828/888/888
f 830/889/889 827/890/890 829/891/891
f 833/892/892 831/893/893 832/894/894
f 834/895/895 831/896/896 833/897/897
f 837/898/898 835/899/899 836/900/900
f 838/901/901 835/902/902 837/903/903
f 841/904/904 839/905/905 840/906/906
f 844/907/907 842/908/908 843/909/909
f 847/910/910 845/911/911 846/912/912
f 850/913/913 848/914/914 849/915/915
f 853/916/916 851/917/917 852/918/918
f 856/919/919 854/920/920 855/921/921
f 859/922/922 857/923/923 858/924/924
f 862/925/925 860/926/926 861/927/927
f 865/928/928 863/929/929 864/930/930
f 868/931/931 866/932/932 867/933/933
f 871/934/934 869/935/935 870/936/936
f 874/937/937 872/938/938 873/939/939
f 877/940/940 875/941/941 876/942/942
f 880/943/943 878/944/944 879/945/945
f 883/946/946 881/947/947 882/948/948

g Material.002
f 385/949/949 383/950/950 384/951/951
f 386/952/952 383/953/953 385/954/954
f 389/955/955 387/956/956 388/957/957
f 390/958/958 387/959/959 389/960/960
f 393/961/961 391/962/962 392/963/963
f 394/964/964 391/965/965 393/966/966
f 397/967/967 395/968/968 396/969/969
f 398/970/970 395/971/971 397/972/972
f 401/973/973 399/974/974 400/975/975
f 402/976/976 399/977/977 401/978/978
f 405/979/979 403/980/980 404/981/981
f 406/982/982 403/983/983 405/984/984
f 409/985/985 407/986/986 408/987/987
f 410/988/988 407/989/989 409/990/990
f 413/991/991 411/992/992 412/993/993
f 414/994/994 411/995/995 413/996/996
f 417/997/997 415/998/998 416/999/999
f 418/1000/1000 415/1001/1001 417/1002/1002
f 421/1003/1003 419/1004/1004 420/1005/1005
f 422/1006/1006 419/1007/1007 421/1008/1008
f 425/1009/1009 423/1010/1010 424/1011/1011
f 426/1012/1012 423/1013/1013 425/1014/1014
f 429/1015/1015 427/1016/1016 428/1017/1017
f 430/1018/1018 427/1019/1019 429/1020/1020
f 433/1021/1021 431/1022/1022 432/1023/1023
f 434/1024/1024 431/1025/1025 433/1026/1026
f 437/1027/1027 435/1028/1028 436/1029/1029
f 438/1030/1030 435/1031/1031 437/1032/1032
f 441/1033/1033 439/1034/1034 440/1035/1035
f 442/1036/1036 439/1037/1037 441/1038/1038
f 445/1039/1039 443/1040/1040 444/1041/1041
f 446/1042/1042 443/1043/1043 445/1044/1044
f 449/1045/1045 447/1046/1046 448/1047/1047
f 450/1048/1048 447/1049/1049 449/1050/1050
f 453/1051/1051 451/1052/1052 452/1053/1053
f 454/1054/1054 451/1055/1055 453/1056/1056
f 457/1057/1057 455/1058/1058 456/1059/1059
f 458/1060/1060 455/1061/1061 457/1062/1062
f 461/1063/1063 459/1064/1064 460/1065/1065
f 462/1066/1066 459/1067/1067 461/1068/1068
f 465/1069/1069 463/1070/1070 464/1071/1071
f 468/1072/1072 466/1073/1073 467/1074/1074
f 604/1075/1075 602/1076/1076 603/1077/1077
f 605/1078/1078 602/1079/1079 604/1080/1080
f 608/1081/1081 606/1082/1082 607/1083/1083
f 609/1084/1084 606/1085/1085 608/1086/1086
f 612/1087/1087 610/1088/1088 611/1089/1089
f 613/1090/1090 610/1091/1091 612/1092/1092
f 616/1093/1093 614/1094/1094 615/1095/1095
f 617/1096/1096 614/1097/1097 616/1098/1098
f 620/1099/1099 618/1100/1100 619/1101/1101
f 621/1102/1102 618/1103/1103 620/1104/1104
f 624/1105/1105 622/1106/1106 623/1107/1107
f 625/1108/1108 622/1109/1109 624/1110/1110
f 628/1111/1111 626/1112/1112 627/1113/1113
f 629/1114/1114 626/1115/1115 628/1116/1116
f 632/1117/1117 630/1118/1118 631/1119/1119
f 633/1120/1120 630/1121/1121 632/1122/1122
f 636/1123/1123 634/1124/1124 635/1125/1125
f 637/1126/1126 634/1127/1127 636/1128/1128
f 640/1129/1129 638/1130/1130 639/1131/1131
f 641/1132/1132 638/1133/1133 640/1134/1134
f 644/1135/1135 642/1136/1136 643/1137/1137
f 645/1138/1138 642/1139/1139 644/1140/1140
f 648/1141/1141 646/1142/1142 647/1143/1143
f 649/1144/1144 646/1145/1145 648/1146/1146
f 652/1147/1147 650/1148/1148 651/1149/1149
f 653/1150/1150 650/1151/1151 652/1152/1152
f 656/1153/1153 654/1154/1154 655/1155/1155
f 657/1156/1156 654/1157/1157 656/1158/1158
f 660/1159/1159 658/1160/1160 659/1161/1161
f 661/1162/1162 658/1163/1163 660/1164/1164
f 664/1165/1165 662/1166/1166 663/1167/1167
f 665/1168/1168 662/1169/1169 664/1170/1170
f 668/1171/1171 666/1172/1172 667/1173/1173
f 669/1174/1174 666/1175/1175 668/1176/1176
f 672/1177/1177 670/1178/1178 671/1179/1179
f 673/1180/1180 670/1181/1181 672/1182/1182
f 676/1183/1183 674/1184/1184 675/1185/1185
f 677/1186/1186 674/1187/1187 676/1188/1188
f 680/1189/1189 678/1190/1190 679/1191/1191
f 681/1192/1192 678/1193/1193 680/1194/1194
f 684/1195/1195 682/1196/1196 683/1197/1197
f 685/1198/1198 682/1199/1199 684/1200/1200
f 688/1201/1201 686/1202/1202 687/1203/1203
f 689/1204/1204 686/1205/1205 688/1206/1206
f 692/1207/1207 690/1208/1208 691/1209/1209
f 693/1210/1210 690/1211/1211 692/1212/1212
f 696/1213/1213 694/1214/1214 695/1215/1215
f 697/1216/1216 694/1217/1217 696/1218/1218
f 700/1219/1219 698/1220/1220 699/1221/1221
f 701/1222/1222 698/1223/1223 700/1224/1224
f 704/1225/1225 702/1226/1226 703/1227/1227
f 705/1228/1228 702/1229/1229 704/1230/1230
f 708/1231/1231 706/1232/1232 707/1233/1233
f 709/1234/1234 706/1235/1235 708/1236/1236
f 712/1237/1237 710/1238/1238 711/1239/1239
f 713/1240/1240 710/1241/1241 712/1242/1242
f 916/1243/1243 914/1244/1244 915/1245/1245
f 919/1246/1246 917/1247/1247 918/1248/1248
f 922/1249/1249 920/1250/1250 921/1251/1251
f 925/1252/1252 923/1253/1253 924/1254/1254
f 928/1255/1255 926/1256/1256 927/1257/1257
f 931/1258/1258 929/1259/1259 930/1260/1260
f 934/1261/1261 932/1262/1262 933/1263/1263
f 937/1264/1264 935/1265/1265 936/1266/1266
f 940/1267/1267 938/1268/1268 939/1269/1269
f 943/1270/1270 941/1271/1271 942/1272/1272
f 946/1273/1273 944/1274/1274 945/1275/1275
f 949/1276/1276 947/1277/1277 948/1278/1278
f 952/1279/1279 950/1280/1280 951/1281/1281
f 955/1282/1282 953/1283/1283 954/1284/1284

g Material.003
f 471/1285/1285 469/1286/1286 470/1287/1287
f 474/1288/1288 472/1289/1289 473/1290/1290
f 475/1291/1291 472/1292/1292 474/1293/1293
f 478/1294/1294 476/1295/1295 477/1296/1296
f 479/1297/1297 476/1298/1298 478/1299/1299
f 482/1300/1300 480/1301/1301 481/1302/1302
f 483/1303/1303 480/1304/1304 482/1305/1305
f 958/1306/1306 956/1307/1307 957/1308/1308
f 961/1309/1309 959/1310/1310 960/1311/1311

