# Converted from B3D for Luanti (With Correct Normals)
# Object Name: multidecor_gold_chandelier_with_glass_candles

v -0.000000 -0.176777 0.176777
v -0.000000 -0.095671 0.230970
v -0.088388 -0.095671 0.213389
v -0.067650 -0.176777 0.163321
v 0.040280 -0.530800 0.040280
v 0.021799 -0.530800 0.052629
v 0.008973 -0.556266 0.021662
v 0.016579 -0.556266 0.016579
v -0.125000 -0.409326 -0.125000
v -0.135299 -0.357086 -0.135299
v -0.073223 -0.357086 -0.176776
v -0.067649 -0.409326 -0.163320
v -0.000000 -0.230970 0.073224
v -0.000000 -0.176777 0.176777
v -0.067650 -0.176777 0.163321
v -0.028021 -0.230970 0.067650
v -0.000000 -0.095671 0.230970
v -0.000000 0.018316 0.250000
v -0.095671 0.018316 0.230970
v -0.088388 -0.095671 0.213389
v -0.052628 -0.483203 -0.021799
v -0.125000 -0.453612 -0.051776
v -0.095671 -0.453612 -0.095670
v -0.040280 -0.483203 -0.040279
v -0.163320 -0.409326 -0.067649
v -0.176777 -0.357086 -0.073223
v -0.135299 -0.357086 -0.135299
v -0.125000 -0.409326 -0.125000
v -0.028021 -0.230970 0.067650
v -0.067650 -0.176777 0.163321
v -0.125000 -0.176777 0.125000
v -0.051777 -0.230970 0.051777
v -0.088388 -0.095671 0.213389
v -0.095671 0.018316 0.230970
v -0.176777 0.018316 0.176777
v -0.163320 -0.095671 0.163321
v -0.125000 -0.260561 -0.051776
v -0.067650 -0.230970 -0.028021
v -0.051777 -0.230970 -0.051777
v -0.095671 -0.260561 -0.095670
v -0.176777 -0.357086 -0.073223
v -0.163320 -0.304847 -0.067649
v -0.125000 -0.304847 -0.125000
v -0.135299 -0.357086 -0.135299
v -0.067650 -0.176777 0.163321
v -0.088388 -0.095671 0.213389
v -0.163320 -0.095671 0.163321
v -0.125000 -0.176777 0.125000
v -0.052628 -0.530800 0.021800
v -0.056964 -0.530800 0.000000
v -0.023446 -0.556266 0.000000
v -0.021662 -0.556266 0.008973
v -0.125000 -0.453612 -0.051776
v -0.163320 -0.409326 -0.067649
v -0.125000 -0.409326 -0.125000
v -0.095671 -0.453612 -0.095670
v -0.163320 -0.095671 0.163321
v -0.176777 0.018316 0.176777
v -0.230970 0.018316 0.095671
v -0.213388 -0.095671 0.088388
v -0.163320 -0.304847 -0.067649
v -0.125000 -0.260561 -0.051776
v -0.095671 -0.260561 -0.095670
v -0.125000 -0.304847 -0.125000
v 0.000000 -0.556266 -0.023446
v 0.016579 -0.556266 -0.016579
v -0.023446 -0.556266 0.000000
v -0.125000 -0.176777 0.125000
v -0.163320 -0.095671 0.163321
v -0.213388 -0.095671 0.088388
v -0.163320 -0.176777 0.067650
v -0.056964 -0.483203 0.000000
v -0.135299 -0.453612 0.000000
v -0.125000 -0.453612 -0.051776
v -0.052628 -0.483203 -0.021799
v -0.051777 -0.230970 0.051777
v -0.125000 -0.176777 0.125000
v -0.163320 -0.176777 0.067650
v -0.067650 -0.230970 0.028022
v -0.016579 -0.556266 0.016579
v -0.021662 -0.556266 0.008973
v -0.023446 -0.556266 0.000000
v -0.163320 -0.176777 0.067650
v -0.213388 -0.095671 0.088388
v -0.230970 -0.095671 0.000000
v -0.176777 -0.176777 0.000000
v -0.176777 -0.409326 0.000000
v -0.191342 -0.357086 0.000000
v -0.176777 -0.357086 -0.073223
v -0.163320 -0.409326 -0.067649
v -0.176777 -0.304847 0.000000
v -0.135299 -0.260561 0.000000
v -0.125000 -0.260561 -0.051776
v -0.163320 -0.304847 -0.067649
v -0.067650 -0.230970 0.028022
v -0.163320 -0.176777 0.067650
v -0.176777 -0.176777 0.000000
v -0.073223 -0.230970 0.000000
v -0.213388 -0.095671 0.088388
v -0.230970 0.018316 0.095671
v -0.250000 0.018316 0.000000
v -0.230970 -0.095671 0.000000
v -0.135299 -0.453612 0.000000
v -0.176777 -0.409326 0.000000
v -0.163320 -0.409326 -0.067649
v -0.125000 -0.453612 -0.051776
v -0.021799 -0.483203 -0.052628
v 0.000000 -0.483203 -0.056964
v 0.000000 -0.530800 -0.056964
v -0.021799 -0.530800 -0.052628
v -0.191342 -0.357086 0.000000
v -0.176777 -0.304847 0.000000
v -0.163320 -0.304847 -0.067649
v -0.176777 -0.357086 -0.073223
v -0.135299 -0.260561 0.000000
v -0.073223 -0.230970 0.000000
v -0.067650 -0.230970 -0.028021
v -0.125000 -0.260561 -0.051776
v -0.073223 -0.230970 0.000000
v -0.176777 -0.176777 0.000000
v -0.163320 -0.176777 -0.067649
v -0.067650 -0.230970 -0.028021
v -0.230970 -0.095671 0.000000
v -0.250000 0.018316 0.000000
v -0.230970 0.018316 -0.095671
v -0.213388 -0.095671 -0.088388
v -0.125000 -0.260561 0.051777
v -0.067650 -0.230970 0.028022
v -0.073223 -0.230970 0.000000
v -0.135299 -0.260561 0.000000
v -0.125000 -0.453612 0.051777
v -0.163320 -0.409326 0.067650
v -0.176777 -0.409326 0.000000
v -0.135299 -0.453612 0.000000
v 0.000000 -0.556266 0.023447
v -0.008973 -0.556266 0.021662
v -0.016579 -0.556266 0.016579
v -0.176777 -0.176777 0.000000
v -0.230970 -0.095671 0.000000
v -0.213388 -0.095671 -0.088388
v -0.163320 -0.176777 -0.067649
v -0.067650 -0.230970 -0.028021
v -0.163320 -0.176777 -0.067649
v -0.125000 -0.176777 -0.125000
v -0.051777 -0.230970 -0.051777
v -0.213388 -0.095671 -0.088388
v -0.230970 0.018316 -0.095671
v -0.176777 0.018316 -0.176776
v -0.163320 -0.095671 -0.163320
v -0.040280 -0.483203 -0.040279
v -0.021799 -0.483203 -0.052628
v -0.021799 -0.530800 -0.052628
v -0.040280 -0.530800 -0.040279
v -0.163320 -0.304847 0.067650
v -0.125000 -0.260561 0.051777
v -0.135299 -0.260561 0.000000
v -0.176777 -0.304847 0.000000
v 0.008973 -0.556266 0.021662
v 0.000000 -0.556266 0.023447
v 0.023446 -0.556266 0.000000
v -0.163320 -0.176777 -0.067649
v -0.213388 -0.095671 -0.088388
v -0.163320 -0.095671 -0.163320
v -0.125000 -0.176777 -0.125000
v -0.163320 -0.409326 0.067650
v -0.176777 -0.357086 0.073224
v -0.191342 -0.357086 0.000000
v -0.176777 -0.409326 0.000000
v -0.052628 -0.483203 0.021800
v -0.125000 -0.453612 0.051777
v -0.135299 -0.453612 0.000000
v -0.056964 -0.483203 0.000000
v -0.176777 -0.357086 0.073224
v -0.163320 -0.304847 0.067650
v -0.176777 -0.304847 0.000000
v -0.191342 -0.357086 0.000000
v 0.016579 -0.556266 0.016579
v 0.008973 -0.556266 0.021662
v 0.023446 -0.556266 0.000000
v -0.125000 -0.176777 -0.125000
v -0.163320 -0.095671 -0.163320
v -0.088388 -0.095671 -0.213388
v -0.067649 -0.176777 -0.163320
v -0.125000 -0.409326 0.125000
v -0.135299 -0.357086 0.135299
v -0.176777 -0.357086 0.073224
v -0.163320 -0.409326 0.067650
v -0.052628 -0.483203 0.021800
v -0.056964 -0.483203 0.000000
v -0.056964 -0.530800 0.000000
v -0.052628 -0.530800 0.021800
v -0.051777 -0.230970 -0.051777
v -0.125000 -0.176777 -0.125000
v -0.067649 -0.176777 -0.163320
v -0.028021 -0.230970 -0.067649
v -0.163320 -0.095671 -0.163320
v -0.176777 0.018316 -0.176776
v -0.095671 0.018316 -0.230970
v -0.088388 -0.095671 -0.213388
v 0.023446 -0.556266 0.000000
v 0.021662 -0.556266 0.008973
v 0.016579 -0.556266 0.016579
v -0.067649 -0.176777 -0.163320
v -0.088388 -0.095671 -0.213388
v 0.000000 -0.095671 -0.230970
v 0.000000 -0.176777 -0.176776
v -0.125000 -0.304847 0.125000
v -0.095671 -0.260561 0.095671
v -0.125000 -0.260561 0.051777
v -0.163320 -0.304847 0.067650
v -0.095671 -0.453612 0.095671
v -0.125000 -0.409326 0.125000
v -0.163320 -0.409326 0.067650
v -0.125000 -0.453612 0.051777
v -0.028021 -0.230970 -0.067649
v -0.067649 -0.176777 -0.163320
v 0.000000 -0.176777 -0.176776
v 0.000000 -0.230970 -0.073223
v -0.088388 -0.095671 -0.213388
v -0.095671 0.018316 -0.230970
v 0.000000 0.018316 -0.250000
v 0.000000 -0.095671 -0.230970
v -0.095671 -0.260561 0.095671
v -0.051777 -0.230970 0.051777
v -0.067650 -0.230970 0.028022
v -0.125000 -0.260561 0.051777
v -0.135299 -0.357086 0.135299
v -0.125000 -0.304847 0.125000
v -0.163320 -0.304847 0.067650
v -0.176777 -0.357086 0.073224
v -0.040280 -0.483203 0.040280
v -0.095671 -0.453612 0.095671
v -0.125000 -0.453612 0.051777
v -0.052628 -0.483203 0.021800
v 0.000000 -0.230970 -0.073223
v 0.000000 -0.176777 -0.176776
v 0.067650 -0.176777 -0.163320
v 0.028021 -0.230970 -0.067649
v 0.000000 -0.095671 -0.230970
v 0.000000 0.018316 -0.250000
v 0.095671 0.018316 -0.230970
v 0.088388 -0.095671 -0.213388
v -0.067649 -0.409326 0.163321
v -0.073223 -0.357086 0.176777
v -0.135299 -0.357086 0.135299
v -0.125000 -0.409326 0.125000
v 0.016579 -0.556266 -0.016579
v 0.021662 -0.556266 -0.008972
v 0.023446 -0.556266 0.000000
v 0.000000 -0.176777 -0.176776
v 0.000000 -0.095671 -0.230970
v 0.088388 -0.095671 -0.213388
v 0.067650 -0.176777 -0.163320
v -0.067649 -0.304847 0.163321
v -0.051777 -0.260561 0.125000
v -0.095671 -0.260561 0.095671
v -0.125000 -0.304847 0.125000
v 0.028021 -0.230970 -0.067649
v 0.067650 -0.176777 -0.163320
v 0.125000 -0.176777 -0.125000
v 0.051777 -0.230970 -0.051776
v 0.088388 -0.095671 -0.213388
v 0.095671 0.018316 -0.230970
v 0.176777 0.018316 -0.176776
v 0.163320 -0.095671 -0.163320
v -0.021799 -0.483203 0.052629
v -0.051777 -0.453612 0.125000
v -0.095671 -0.453612 0.095671
v -0.040280 -0.483203 0.040280
v -0.051777 -0.260561 0.125000
v -0.028021 -0.230970 0.067650
v -0.051777 -0.230970 0.051777
v -0.095671 -0.260561 0.095671
v 0.000000 -0.556266 -0.023446
v 0.008973 -0.556266 -0.021661
v 0.016579 -0.556266 -0.016579
v 0.067650 -0.176777 -0.163320
v 0.088388 -0.095671 -0.213388
v 0.163320 -0.095671 -0.163320
v 0.125000 -0.176777 -0.125000
v -0.051777 -0.453612 0.125000
v -0.067649 -0.409326 0.163321
v -0.125000 -0.409326 0.125000
v -0.095671 -0.453612 0.095671
v -0.073223 -0.357086 0.176777
v -0.067649 -0.304847 0.163321
v -0.125000 -0.304847 0.125000
v -0.135299 -0.357086 0.135299
v 0.052628 -0.483203 -0.021799
v 0.056964 -0.483203 0.000000
v 0.056964 -0.530800 0.000000
v 0.052628 -0.530800 -0.021799
v -0.008972 -0.556266 -0.021661
v 0.000000 -0.556266 -0.023446
v -0.023446 -0.556266 0.000000
v 0.125000 -0.176777 -0.125000
v 0.163320 -0.095671 -0.163320
v 0.213388 -0.095671 -0.088388
v 0.163320 -0.176777 -0.067649
v 0.000000 -0.530800 0.056965
v -0.021799 -0.530800 0.052629
v -0.008973 -0.556266 0.021662
v 0.000000 -0.556266 0.023447
v -0.052628 -0.530800 -0.021799
v -0.040280 -0.530800 -0.040279
v -0.016579 -0.556266 -0.016579
v -0.021662 -0.556266 -0.008972
v 0.051777 -0.230970 -0.051776
v 0.125000 -0.176777 -0.125000
v 0.163320 -0.176777 -0.067649
v 0.067649 -0.230970 -0.028021
v 0.163320 -0.095671 -0.163320
v 0.176777 0.018316 -0.176776
v 0.230970 0.018316 -0.095671
v 0.213388 -0.095671 -0.088388
v 0.000000 -0.409326 0.176777
v 0.000000 -0.357086 0.191342
v -0.073223 -0.357086 0.176777
v -0.067649 -0.409326 0.163321
v 0.163320 -0.176777 -0.067649
v 0.213388 -0.095671 -0.088388
v 0.230970 -0.095671 0.000000
v 0.176777 -0.176777 0.000000
v 0.000000 -0.357086 0.191342
v 0.000000 -0.304847 0.176777
v -0.067649 -0.304847 0.163321
v -0.073223 -0.357086 0.176777
v 0.000000 -0.453612 0.135299
v 0.000000 -0.409326 0.176777
v -0.067649 -0.409326 0.163321
v -0.051777 -0.453612 0.125000
v 0.067649 -0.230970 -0.028021
v 0.163320 -0.176777 -0.067649
v 0.176777 -0.176777 0.000000
v 0.073223 -0.230970 0.000000
v 0.213388 -0.095671 -0.088388
v 0.230970 0.018316 -0.095671
v 0.250000 0.018316 0.000000
v 0.230970 -0.095671 0.000000
v 0.040280 -0.483203 -0.040279
v 0.052628 -0.483203 -0.021799
v 0.052628 -0.530800 -0.021799
v 0.040280 -0.530800 -0.040279
v 0.000000 -0.483203 0.056965
v 0.000000 -0.453612 0.135299
v -0.051777 -0.453612 0.125000
v -0.021799 -0.483203 0.052629
v -0.016579 -0.556266 -0.016579
v -0.008972 -0.556266 -0.021661
v -0.023446 -0.556266 0.000000
v 0.073223 -0.230970 0.000000
v 0.176777 -0.176777 0.000000
v 0.163320 -0.176777 0.067650
v 0.067649 -0.230970 0.028022
v 0.230970 -0.095671 0.000000
v 0.250000 0.018316 0.000000
v 0.230970 0.018316 0.095671
v 0.213388 -0.095671 0.088389
v 0.000000 -0.304847 0.176777
v 0.000000 -0.260561 0.135299
v -0.051777 -0.260561 0.125000
v -0.067649 -0.304847 0.163321
v 0.000000 -0.260561 0.135299
v -0.000000 -0.230970 0.073224
v -0.028021 -0.230970 0.067650
v -0.051777 -0.260561 0.125000
v -0.023446 -0.556266 0.000000
v -0.021662 -0.556266 -0.008972
v -0.016579 -0.556266 -0.016579
v 0.176777 -0.176777 0.000000
v 0.230970 -0.095671 0.000000
v 0.213388 -0.095671 0.088389
v 0.163320 -0.176777 0.067650
v 0.213388 -0.095671 0.088389
v 0.230970 0.018316 0.095671
v 0.176777 0.018316 0.176777
v 0.163320 -0.095671 0.163321
v -0.016579 -0.556266 0.016579
v -0.023446 -0.556266 0.000000
v 0.023446 -0.556266 0.000000
v 0.163320 -0.176777 0.067650
v 0.213388 -0.095671 0.088389
v 0.163320 -0.095671 0.163321
v 0.125000 -0.176777 0.125000
v 0.067649 -0.230970 0.028022
v 0.163320 -0.176777 0.067650
v 0.125000 -0.176777 0.125000
v 0.051777 -0.230970 0.051777
v -0.040280 -0.483203 0.040280
v -0.052628 -0.483203 0.021800
v -0.052628 -0.530800 0.021800
v -0.040280 -0.530800 0.040280
v 0.125000 -0.176777 0.125000
v 0.163320 -0.095671 0.163321
v 0.088388 -0.095671 0.213389
v 0.067649 -0.176777 0.163321
v 0.051777 -0.230970 0.051777
v 0.125000 -0.176777 0.125000
v 0.067649 -0.176777 0.163321
v 0.028021 -0.230970 0.067650
v 0.163320 -0.095671 0.163321
v 0.176777 0.018316 0.176777
v 0.095671 0.018316 0.230970
v 0.088388 -0.095671 0.213389
v 0.028021 -0.230970 0.067650
v 0.067649 -0.176777 0.163321
v -0.000000 -0.176777 0.176777
v -0.000000 -0.230970 0.073224
v 0.088388 -0.095671 0.213389
v 0.095671 0.018316 0.230970
v -0.000000 0.018316 0.250000
v -0.000000 -0.095671 0.230970
v 0.000000 -0.483203 0.056965
v -0.021799 -0.483203 0.052629
v -0.021799 -0.530800 0.052629
v 0.000000 -0.530800 0.056965
v 0.067649 -0.176777 0.163321
v 0.088388 -0.095671 0.213389
v -0.000000 -0.095671 0.230970
v -0.000000 -0.176777 0.176777
v 0.052628 -0.530800 -0.021799
v 0.056964 -0.530800 0.000000
v 0.023446 -0.556266 0.000000
v 0.021662 -0.556266 -0.008972
v -0.135299 -0.357086 -0.135299
v -0.125000 -0.304847 -0.125000
v -0.067649 -0.304847 -0.163320
v -0.073223 -0.357086 -0.176776
v -0.095671 -0.453612 -0.095670
v -0.125000 -0.409326 -0.125000
v -0.067649 -0.409326 -0.163320
v -0.051777 -0.453612 -0.125000
v -0.040280 -0.483203 -0.040279
v -0.095671 -0.453612 -0.095670
v -0.051777 -0.453612 -0.125000
v -0.021799 -0.483203 -0.052628
v -0.095671 -0.260561 -0.095670
v -0.051777 -0.230970 -0.051777
v -0.028021 -0.230970 -0.067649
v -0.051777 -0.260561 -0.125000
v -0.125000 -0.304847 -0.125000
v -0.095671 -0.260561 -0.095670
v -0.051777 -0.260561 -0.125000
v -0.067649 -0.304847 -0.163320
v -0.067649 -0.304847 -0.163320
v -0.051777 -0.260561 -0.125000
v 0.000000 -0.260561 -0.135299
v 0.000000 -0.304847 -0.176776
v -0.067649 -0.409326 -0.163320
v -0.073223 -0.357086 -0.176776
v 0.000000 -0.357086 -0.191341
v 0.000000 -0.409326 -0.176776
v -0.021799 -0.483203 -0.052628
v -0.051777 -0.453612 -0.125000
v 0.000000 -0.453612 -0.135299
v 0.000000 -0.483203 -0.056964
v -0.051777 -0.260561 -0.125000
v -0.028021 -0.230970 -0.067649
v 0.000000 -0.230970 -0.073223
v 0.000000 -0.260561 -0.135299
v -0.073223 -0.357086 -0.176776
v -0.067649 -0.304847 -0.163320
v 0.000000 -0.304847 -0.176776
v 0.000000 -0.357086 -0.191341
v -0.051777 -0.453612 -0.125000
v -0.067649 -0.409326 -0.163320
v 0.000000 -0.409326 -0.176776
v 0.000000 -0.453612 -0.135299
v -0.021799 -0.483203 0.052629
v -0.040280 -0.483203 0.040280
v -0.040280 -0.530800 0.040280
v -0.021799 -0.530800 0.052629
v 0.056964 -0.530800 0.000000
v 0.052628 -0.530800 0.021800
v 0.021662 -0.556266 0.008973
v 0.023446 -0.556266 0.000000
v 0.000000 -0.483203 -0.056964
v 0.000000 -0.453612 -0.135299
v 0.051777 -0.453612 -0.125000
v 0.021799 -0.483203 -0.052628
v 0.000000 -0.260561 -0.135299
v 0.000000 -0.230970 -0.073223
v 0.028021 -0.230970 -0.067649
v 0.051777 -0.260561 -0.125000
v 0.000000 -0.357086 -0.191341
v 0.000000 -0.304847 -0.176776
v 0.067650 -0.304847 -0.163320
v 0.073223 -0.357086 -0.176776
v 0.000000 -0.453612 -0.135299
v 0.000000 -0.409326 -0.176776
v 0.067650 -0.409326 -0.163320
v 0.051777 -0.453612 -0.125000
v 0.021799 -0.483203 -0.052628
v 0.040280 -0.483203 -0.040279
v 0.040280 -0.530800 -0.040279
v 0.021799 -0.530800 -0.052628
v 0.052628 -0.530800 0.021800
v 0.040280 -0.530800 0.040280
v 0.016579 -0.556266 0.016579
v 0.021662 -0.556266 0.008973
v 0.000000 -0.304847 -0.176776
v 0.000000 -0.260561 -0.135299
v 0.051777 -0.260561 -0.125000
v 0.067650 -0.304847 -0.163320
v 0.000000 -0.409326 -0.176776
v 0.000000 -0.357086 -0.191341
v 0.073223 -0.357086 -0.176776
v 0.067650 -0.409326 -0.163320
v 0.073223 -0.357086 -0.176776
v 0.067650 -0.304847 -0.163320
v 0.125000 -0.304847 -0.124999
v 0.135299 -0.357086 -0.135298
v 0.051777 -0.453612 -0.125000
v 0.067650 -0.409326 -0.163320
v 0.125000 -0.409326 -0.124999
v 0.095671 -0.453612 -0.095670
v -0.052628 -0.483203 -0.021799
v -0.040280 -0.483203 -0.040279
v -0.040280 -0.530800 -0.040279
v -0.052628 -0.530800 -0.021799
v -0.040280 -0.530800 0.040280
v -0.052628 -0.530800 0.021800
v -0.021662 -0.556266 0.008973
v -0.016579 -0.556266 0.016579
v 0.067650 -0.304847 -0.163320
v 0.051777 -0.260561 -0.125000
v 0.095671 -0.260561 -0.095670
v 0.125000 -0.304847 -0.124999
v 0.067650 -0.409326 -0.163320
v 0.073223 -0.357086 -0.176776
v 0.135299 -0.357086 -0.135298
v 0.125000 -0.409326 -0.124999
v 0.021799 -0.483203 -0.052628
v 0.051777 -0.453612 -0.125000
v 0.095671 -0.453612 -0.095670
v 0.040280 -0.483203 -0.040279
v 0.051777 -0.260561 -0.125000
v 0.028021 -0.230970 -0.067649
v 0.051777 -0.230970 -0.051776
v 0.095671 -0.260561 -0.095670
v 0.040280 -0.483203 0.040280
v 0.021799 -0.483203 0.052629
v 0.021799 -0.530800 0.052629
v 0.040280 -0.530800 0.040280
v -0.056964 -0.530800 0.000000
v -0.052628 -0.530800 -0.021799
v -0.021662 -0.556266 -0.008972
v -0.023446 -0.556266 0.000000
v 0.125000 -0.304847 -0.124999
v 0.095671 -0.260561 -0.095670
v 0.125000 -0.260561 -0.051776
v 0.163320 -0.304847 -0.067649
v 0.125000 -0.409326 -0.124999
v 0.135299 -0.357086 -0.135298
v 0.176777 -0.357086 -0.073223
v 0.163320 -0.409326 -0.067649
v 0.040280 -0.483203 -0.040279
v 0.095671 -0.453612 -0.095670
v 0.125000 -0.453612 -0.051776
v 0.052628 -0.483203 -0.021799
v 0.095671 -0.260561 -0.095670
v 0.051777 -0.230970 -0.051776
v 0.067649 -0.230970 -0.028021
v 0.125000 -0.260561 -0.051776
v 0.135299 -0.357086 -0.135298
v 0.125000 -0.304847 -0.124999
v 0.163320 -0.304847 -0.067649
v 0.176777 -0.357086 -0.073223
v 0.095671 -0.453612 -0.095670
v 0.125000 -0.409326 -0.124999
v 0.163320 -0.409326 -0.067649
v 0.125000 -0.453612 -0.051776
v 0.163320 -0.409326 -0.067649
v 0.176777 -0.357086 -0.073223
v 0.191342 -0.357086 0.000000
v 0.176777 -0.409326 0.000000
v 0.052628 -0.483203 -0.021799
v 0.125000 -0.453612 -0.051776
v 0.135299 -0.453612 0.000000
v 0.056964 -0.483203 0.000000
v 0.125000 -0.260561 -0.051776
v 0.067649 -0.230970 -0.028021
v 0.073223 -0.230970 0.000000
v 0.135299 -0.260561 0.000000
v 0.176777 -0.357086 -0.073223
v 0.163320 -0.304847 -0.067649
v 0.176777 -0.304847 0.000000
v 0.191342 -0.357086 0.000000
v 0.125000 -0.453612 -0.051776
v 0.163320 -0.409326 -0.067649
v 0.176777 -0.409326 0.000000
v 0.135299 -0.453612 0.000000
v -0.056964 -0.483203 0.000000
v -0.052628 -0.483203 -0.021799
v -0.052628 -0.530800 -0.021799
v -0.056964 -0.530800 0.000000
v 0.040280 -0.530800 -0.040279
v 0.052628 -0.530800 -0.021799
v 0.021662 -0.556266 -0.008972
v 0.016579 -0.556266 -0.016579
v 0.163320 -0.304847 -0.067649
v 0.125000 -0.260561 -0.051776
v 0.135299 -0.260561 0.000000
v 0.176777 -0.304847 0.000000
v 0.056964 -0.483203 0.000000
v 0.135299 -0.453612 0.000000
v 0.125000 -0.453612 0.051777
v 0.052628 -0.483203 0.021800
v 0.135299 -0.260561 0.000000
v 0.073223 -0.230970 0.000000
v 0.067649 -0.230970 0.028022
v 0.125000 -0.260561 0.051777
v 0.191342 -0.357086 0.000000
v 0.176777 -0.304847 0.000000
v 0.163320 -0.304847 0.067650
v 0.176777 -0.357086 0.073224
v 0.135299 -0.453612 0.000000
v 0.176777 -0.409326 0.000000
v 0.163320 -0.409326 0.067650
v 0.125000 -0.453612 0.051777
v 0.052628 -0.483203 0.021800
v 0.040280 -0.483203 0.040280
v 0.040280 -0.530800 0.040280
v 0.052628 -0.530800 0.021800
v -0.021799 -0.530800 0.052629
v -0.040280 -0.530800 0.040280
v -0.016579 -0.556266 0.016579
v -0.008973 -0.556266 0.021662
v 0.176777 -0.304847 0.000000
v 0.135299 -0.260561 0.000000
v 0.125000 -0.260561 0.051777
v 0.163320 -0.304847 0.067650
v 0.176777 -0.409326 0.000000
v 0.191342 -0.357086 0.000000
v 0.176777 -0.357086 0.073224
v 0.163320 -0.409326 0.067650
v 0.125000 -0.453612 0.051777
v 0.163320 -0.409326 0.067650
v 0.125000 -0.409326 0.125000
v 0.095671 -0.453612 0.095671
v 0.056964 -0.483203 0.000000
v 0.052628 -0.483203 0.021800
v 0.052628 -0.530800 0.021800
v 0.056964 -0.530800 0.000000
v 0.000000 -0.530800 -0.056964
v 0.021799 -0.530800 -0.052628
v 0.008973 -0.556266 -0.021661
v 0.000000 -0.556266 -0.023446
v 0.163320 -0.304847 0.067650
v 0.125000 -0.260561 0.051777
v 0.095671 -0.260561 0.095671
v 0.125000 -0.304847 0.125000
v 0.163320 -0.409326 0.067650
v 0.176777 -0.357086 0.073224
v 0.135299 -0.357086 0.135299
v 0.125000 -0.409326 0.125000
v 0.052628 -0.483203 0.021800
v 0.125000 -0.453612 0.051777
v 0.095671 -0.453612 0.095671
v 0.040280 -0.483203 0.040280
v 0.125000 -0.260561 0.051777
v 0.067649 -0.230970 0.028022
v 0.051777 -0.230970 0.051777
v 0.095671 -0.260561 0.095671
v 0.176777 -0.357086 0.073224
v 0.163320 -0.304847 0.067650
v 0.125000 -0.304847 0.125000
v 0.135299 -0.357086 0.135299
v -0.021799 -0.530800 -0.052628
v 0.000000 -0.530800 -0.056964
v 0.000000 -0.556266 -0.023446
v -0.008972 -0.556266 -0.021661
v 0.125000 -0.304847 0.125000
v 0.095671 -0.260561 0.095671
v 0.051777 -0.260561 0.125000
v 0.067649 -0.304847 0.163321
v 0.125000 -0.409326 0.125000
v 0.135299 -0.357086 0.135299
v 0.073223 -0.357086 0.176777
v 0.067649 -0.409326 0.163321
v 0.040280 -0.483203 0.040280
v 0.095671 -0.453612 0.095671
v 0.051777 -0.453612 0.125000
v 0.021799 -0.483203 0.052629
v 0.095671 -0.260561 0.095671
v 0.051777 -0.230970 0.051777
v 0.028021 -0.230970 0.067650
v 0.051777 -0.260561 0.125000
v 0.135299 -0.357086 0.135299
v 0.125000 -0.304847 0.125000
v 0.067649 -0.304847 0.163321
v 0.073223 -0.357086 0.176777
v 0.095671 -0.453612 0.095671
v 0.125000 -0.409326 0.125000
v 0.067649 -0.409326 0.163321
v 0.051777 -0.453612 0.125000
v 0.000000 -0.483203 -0.056964
v 0.021799 -0.483203 -0.052628
v 0.021799 -0.530800 -0.052628
v 0.000000 -0.530800 -0.056964
v 0.021799 -0.483203 0.052629
v 0.051777 -0.453612 0.125000
v 0.000000 -0.453612 0.135299
v 0.000000 -0.483203 0.056965
v 0.051777 -0.260561 0.125000
v 0.028021 -0.230970 0.067650
v -0.000000 -0.230970 0.073224
v 0.000000 -0.260561 0.135299
v 0.073223 -0.357086 0.176777
v 0.067649 -0.304847 0.163321
v 0.000000 -0.304847 0.176777
v 0.000000 -0.357086 0.191342
v 0.051777 -0.453612 0.125000
v 0.067649 -0.409326 0.163321
v 0.000000 -0.409326 0.176777
v 0.000000 -0.453612 0.135299
v 0.021799 -0.483203 0.052629
v 0.000000 -0.483203 0.056965
v 0.000000 -0.530800 0.056965
v 0.021799 -0.530800 0.052629
v -0.040280 -0.530800 -0.040279
v -0.021799 -0.530800 -0.052628
v -0.008972 -0.556266 -0.021661
v -0.016579 -0.556266 -0.016579
v 0.067649 -0.304847 0.163321
v 0.051777 -0.260561 0.125000
v 0.000000 -0.260561 0.135299
v 0.000000 -0.304847 0.176777
v 0.067649 -0.409326 0.163321
v 0.073223 -0.357086 0.176777
v 0.000000 -0.357086 0.191342
v 0.000000 -0.409326 0.176777
v 0.016579 -0.556266 -0.016579
v 0.023446 -0.556266 0.000000
v -0.023446 -0.556266 0.000000
v 0.000000 -0.556266 0.023447
v -0.016579 -0.556266 0.016579
v 0.023446 -0.556266 0.000000
v 0.021799 -0.530800 0.052629
v 0.000000 -0.530800 0.056965
v 0.000000 -0.556266 0.023447
v 0.008973 -0.556266 0.021662
v 0.021799 -0.530800 -0.052628
v 0.040280 -0.530800 -0.040279
v 0.016579 -0.556266 -0.016579
v 0.008973 -0.556266 -0.021661
v -0.176777 0.018316 0.176777
v 0.176777 0.018316 0.176777
v -0.176777 0.018316 -0.176776
v -0.176777 0.018316 0.176777
v -0.000000 0.018316 0.250000
v 0.176777 0.018316 0.176777
v -0.230970 0.018316 0.095671
v -0.176777 0.018316 0.176777
v -0.176777 0.018316 -0.176776
v -0.250000 0.018316 0.000000
v -0.230970 0.018316 0.095671
v -0.176777 0.018316 -0.176776
v -0.176777 0.018316 -0.176776
v -0.230970 0.018316 -0.095671
v -0.250000 0.018316 0.000000
v -0.095671 0.018316 -0.230970
v -0.176777 0.018316 -0.176776
v 0.176777 0.018316 -0.176776
v 0.000000 0.018316 -0.250000
v -0.095671 0.018316 -0.230970
v 0.176777 0.018316 -0.176776
v 0.176777 0.018316 -0.176776
v 0.095671 0.018316 -0.230970
v 0.000000 0.018316 -0.250000
v 0.250000 0.018316 0.000000
v 0.230970 0.018316 -0.095671
v 0.176777 0.018316 -0.176776
v 0.230970 0.018316 0.095671
v 0.250000 0.018316 0.000000
v 0.176777 0.018316 -0.176776
v 0.176777 0.018316 0.176777
v 0.230970 0.018316 0.095671
v 0.176777 0.018316 -0.176776
v -0.000000 0.018316 0.250000
v 0.095671 0.018316 0.230970
v 0.176777 0.018316 0.176777
v -0.176777 0.018316 0.176777
v -0.095671 0.018316 0.230970
v -0.000000 0.018316 0.250000
v 0.176777 0.018316 0.176777
v 0.176777 0.018316 -0.176776
v -0.176777 0.018316 -0.176776
v 0.000000 0.018316 0.060000
v 0.000000 0.518316 0.060000
v -0.042426 0.518316 0.042427
v -0.042426 0.018316 0.042427
v -0.042426 0.018316 0.042427
v -0.042426 0.518316 0.042427
v -0.060000 0.518316 0.000000
v -0.060000 0.018316 0.000000
v -0.060000 0.018316 0.000000
v -0.060000 0.518316 0.000000
v -0.042426 0.518316 -0.042426
v -0.042426 0.018316 -0.042426
v -0.042426 0.018316 -0.042426
v -0.042426 0.518316 -0.042426
v 0.000000 0.518316 -0.060000
v 0.000000 0.018316 -0.060000
v 0.000000 0.018316 -0.060000
v 0.000000 0.518316 -0.060000
v 0.042426 0.518316 -0.042426
v 0.042426 0.018316 -0.042426
v 0.042426 0.018316 -0.042426
v 0.042426 0.518316 -0.042426
v 0.060000 0.518316 0.000000
v 0.060000 0.018316 0.000000
v 0.060000 0.018316 0.000000
v 0.060000 0.518316 0.000000
v 0.042426 0.518316 0.042427
v 0.042426 0.018316 0.042427
v 0.042426 0.018316 0.042427
v 0.042426 0.518316 0.042427
v 0.000000 0.518316 0.060000
v 0.000000 0.018316 0.060000
v 0.000000 0.556796 0.143485
v -0.000000 0.602187 0.155307
v -0.059433 0.602187 0.143485
v -0.054909 0.556796 0.132563
v 0.000000 0.647578 0.143485
v 0.000000 0.686058 0.109819
v -0.042026 0.686058 0.101459
v -0.054909 0.647578 0.132563
v -0.000000 0.518316 0.091838
v 0.000000 0.556796 0.143485
v -0.054909 0.556796 0.132563
v -0.035145 0.518316 0.084847
v -0.000000 0.602187 0.155307
v 0.000000 0.647578 0.143485
v -0.054909 0.647578 0.132563
v -0.059433 0.602187 0.143485
v -0.035145 0.518316 0.084847
v -0.054909 0.556796 0.132563
v -0.101459 0.556796 0.101459
v -0.064939 0.518316 0.064939
v -0.059433 0.602187 0.143485
v -0.054909 0.647578 0.132563
v -0.101459 0.647578 0.101459
v -0.109818 0.602187 0.109819
v -0.054909 0.556796 0.132563
v -0.059433 0.602187 0.143485
v -0.109818 0.602187 0.109819
v -0.101459 0.556796 0.101459
v -0.054909 0.647578 0.132563
v -0.042026 0.686058 0.101459
v -0.077653 0.686058 0.077654
v -0.101459 0.647578 0.101459
v -0.101459 0.556796 0.101459
v -0.109818 0.602187 0.109819
v -0.143484 0.602187 0.059434
v -0.132562 0.556796 0.054909
v -0.101459 0.647578 0.101459
v -0.077653 0.686058 0.077654
v -0.101459 0.686058 0.042026
v -0.132562 0.647578 0.054909
v -0.064939 0.518316 0.064939
v -0.101459 0.556796 0.101459
v -0.132562 0.556796 0.054909
v -0.084847 0.518316 0.035145
v -0.109818 0.602187 0.109819
v -0.101459 0.647578 0.101459
v -0.132562 0.647578 0.054909
v -0.143484 0.602187 0.059434
v -0.132562 0.556796 0.054909
v -0.143484 0.602187 0.059434
v -0.155306 0.602187 0.000000
v -0.143484 0.556796 0.000000
v -0.132562 0.647578 0.054909
v -0.101459 0.686058 0.042026
v -0.109818 0.686058 0.000000
v -0.143484 0.647578 0.000000
v -0.084847 0.518316 0.035145
v -0.132562 0.556796 0.054909
v -0.143484 0.556796 0.000000
v -0.091838 0.518316 0.000000
v -0.143484 0.602187 0.059434
v -0.132562 0.647578 0.054909
v -0.143484 0.647578 0.000000
v -0.155306 0.602187 0.000000
v -0.091838 0.518316 0.000000
v -0.143484 0.556796 0.000000
v -0.132562 0.556796 -0.054909
v -0.084847 0.518316 -0.035144
v -0.155306 0.602187 0.000000
v -0.143484 0.647578 0.000000
v -0.132562 0.647578 -0.054909
v -0.143484 0.602187 -0.059433
v -0.143484 0.556796 0.000000
v -0.155306 0.602187 0.000000
v -0.143484 0.602187 -0.059433
v -0.132562 0.556796 -0.054909
v -0.143484 0.647578 0.000000
v -0.109818 0.686058 0.000000
v -0.101459 0.686058 -0.042025
v -0.132562 0.647578 -0.054909
v -0.084847 0.518316 -0.035144
v -0.132562 0.556796 -0.054909
v -0.101459 0.556796 -0.101458
v -0.064939 0.518316 -0.064939
v -0.143484 0.602187 -0.059433
v -0.132562 0.647578 -0.054909
v -0.101459 0.647578 -0.101458
v -0.109818 0.602187 -0.109818
v -0.132562 0.556796 -0.054909
v -0.143484 0.602187 -0.059433
v -0.109818 0.602187 -0.109818
v -0.101459 0.556796 -0.101458
v -0.132562 0.647578 -0.054909
v -0.101459 0.686058 -0.042025
v -0.077653 0.686058 -0.077653
v -0.101459 0.647578 -0.101458
v -0.101459 0.556796 -0.101458
v -0.109818 0.602187 -0.109818
v -0.059433 0.602187 -0.143484
v -0.054909 0.556796 -0.132562
v -0.101459 0.647578 -0.101458
v -0.077653 0.686058 -0.077653
v -0.042025 0.686058 -0.101458
v -0.054909 0.647578 -0.132562
v -0.064939 0.518316 -0.064939
v -0.101459 0.556796 -0.101458
v -0.054909 0.556796 -0.132562
v -0.035145 0.518316 -0.084846
v -0.109818 0.602187 -0.109818
v -0.101459 0.647578 -0.101458
v -0.054909 0.647578 -0.132562
v -0.059433 0.602187 -0.143484
v -0.054909 0.556796 -0.132562
v -0.059433 0.602187 -0.143484
v 0.000000 0.602187 -0.155306
v 0.000000 0.556796 -0.143484
v -0.054909 0.647578 -0.132562
v -0.042025 0.686058 -0.101458
v 0.000000 0.686058 -0.109818
v 0.000000 0.647578 -0.143484
v -0.035145 0.518316 -0.084846
v -0.054909 0.556796 -0.132562
v 0.000000 0.556796 -0.143484
v 0.000000 0.518316 -0.091837
v -0.059433 0.602187 -0.143484
v -0.054909 0.647578 -0.132562
v 0.000000 0.647578 -0.143484
v 0.000000 0.602187 -0.155306
v 0.000000 0.518316 -0.091837
v 0.000000 0.556796 -0.143484
v 0.054909 0.556796 -0.132562
v 0.035145 0.518316 -0.084846
v 0.000000 0.602187 -0.155306
v 0.000000 0.647578 -0.143484
v 0.054909 0.647578 -0.132562
v 0.059433 0.602187 -0.143484
v 0.000000 0.556796 -0.143484
v 0.000000 0.602187 -0.155306
v 0.059433 0.602187 -0.143484
v 0.054909 0.556796 -0.132562
v 0.000000 0.647578 -0.143484
v 0.000000 0.686058 -0.109818
v 0.042026 0.686058 -0.101458
v 0.054909 0.647578 -0.132562
v 0.059433 0.602187 -0.143484
v 0.054909 0.647578 -0.132562
v 0.101459 0.647578 -0.101458
v 0.109818 0.602187 -0.109818
v 0.109818 0.686058 0.000000
v 0.077653 0.686058 -0.077653
v -0.077653 0.686058 0.077654
v 0.054909 0.556796 -0.132562
v 0.059433 0.602187 -0.143484
v 0.109818 0.602187 -0.109818
v 0.101459 0.556796 -0.101458
v 0.054909 0.647578 -0.132562
v 0.042026 0.686058 -0.101458
v 0.077653 0.686058 -0.077653
v 0.101459 0.647578 -0.101458
v 0.077653 0.686058 0.077654
v 0.109818 0.686058 0.000000
v -0.077653 0.686058 0.077654
v 0.035145 0.518316 -0.084846
v 0.054909 0.556796 -0.132562
v 0.101459 0.556796 -0.101458
v 0.064939 0.518316 -0.064938
v 0.101459 0.556796 -0.101458
v 0.109818 0.602187 -0.109818
v 0.143484 0.602187 -0.059433
v 0.132562 0.556796 -0.054909
v 0.101459 0.647578 -0.101458
v 0.077653 0.686058 -0.077653
v 0.101459 0.686058 -0.042025
v 0.132562 0.647578 -0.054909
v -0.101459 0.686058 0.042026
v -0.077653 0.686058 0.077654
v -0.077653 0.686058 -0.077653
v 0.064939 0.518316 -0.064938
v 0.101459 0.556796 -0.101458
v 0.132562 0.556796 -0.054909
v 0.084847 0.518316 -0.035144
v 0.109818 0.602187 -0.109818
v 0.101459 0.647578 -0.101458
v 0.132562 0.647578 -0.054909
v 0.143484 0.602187 -0.059433
v -0.109818 0.686058 0.000000
v -0.101459 0.686058 0.042026
v -0.077653 0.686058 -0.077653
v 0.132562 0.647578 -0.054909
v 0.101459 0.686058 -0.042025
v 0.109818 0.686058 0.000000
v 0.143484 0.647578 0.000000
v -0.077653 0.686058 -0.077653
v -0.101459 0.686058 -0.042025
v -0.109818 0.686058 0.000000
v 0.084847 0.518316 -0.035144
v 0.132562 0.556796 -0.054909
v 0.143484 0.556796 0.000000
v 0.091838 0.518316 0.000000
v 0.143484 0.602187 -0.059433
v 0.132562 0.647578 -0.054909
v 0.143484 0.647578 0.000000
v 0.155306 0.602187 0.000001
v 0.000000 0.686058 -0.109818
v -0.042025 0.686058 -0.101458
v -0.077653 0.686058 -0.077653
v 0.132562 0.556796 -0.054909
v 0.143484 0.602187 -0.059433
v 0.155306 0.602187 0.000001
v 0.143484 0.556796 0.000000
v 0.091838 0.518316 0.000000
v 0.143484 0.556796 0.000000
v 0.132562 0.556796 0.054910
v 0.084847 0.518316 0.035145
v 0.155306 0.602187 0.000001
v 0.143484 0.647578 0.000000
v 0.132562 0.647578 0.054910
v 0.143484 0.602187 0.059434
v 0.042026 0.686058 -0.101458
v 0.000000 0.686058 -0.109818
v -0.077653 0.686058 -0.077653
v 0.143484 0.556796 0.000000
v 0.155306 0.602187 0.000001
v 0.143484 0.602187 0.059434
v 0.132562 0.556796 0.054910
v 0.143484 0.647578 0.000000
v 0.109818 0.686058 0.000000
v 0.101459 0.686058 0.042026
v 0.132562 0.647578 0.054910
v 0.077653 0.686058 -0.077653
v 0.042026 0.686058 -0.101458
v -0.077653 0.686058 -0.077653
v 0.109818 0.686058 0.000000
v 0.101459 0.686058 -0.042025
v 0.077653 0.686058 -0.077653
v 0.132562 0.556796 0.054910
v 0.143484 0.602187 0.059434
v 0.109818 0.602187 0.109819
v 0.101459 0.556796 0.101459
v 0.132562 0.647578 0.054910
v 0.101459 0.686058 0.042026
v 0.077653 0.686058 0.077654
v 0.101459 0.647578 0.101459
v 0.077653 0.686058 0.077654
v 0.101459 0.686058 0.042026
v 0.109818 0.686058 0.000000
v 0.084847 0.518316 0.035145
v 0.132562 0.556796 0.054910
v 0.101459 0.556796 0.101459
v 0.064939 0.518316 0.064939
v 0.143484 0.602187 0.059434
v 0.132562 0.647578 0.054910
v 0.101459 0.647578 0.101459
v 0.109818 0.602187 0.109819
v 0.101459 0.556796 0.101459
v 0.109818 0.602187 0.109819
v 0.059433 0.602187 0.143485
v 0.054909 0.556796 0.132563
v 0.101459 0.647578 0.101459
v 0.077653 0.686058 0.077654
v 0.042026 0.686058 0.101459
v 0.054909 0.647578 0.132563
v 0.042026 0.686058 0.101459
v 0.077653 0.686058 0.077654
v -0.077653 0.686058 0.077654
v 0.064939 0.518316 0.064939
v 0.101459 0.556796 0.101459
v 0.054909 0.556796 0.132563
v 0.035145 0.518316 0.084847
v 0.109818 0.602187 0.109819
v 0.101459 0.647578 0.101459
v 0.054909 0.647578 0.132563
v 0.059433 0.602187 0.143485
v 0.000000 0.686058 0.109819
v 0.042026 0.686058 0.101459
v -0.077653 0.686058 0.077654
v -0.077653 0.686058 0.077654
v -0.042026 0.686058 0.101459
v 0.000000 0.686058 0.109819
v 0.035145 0.518316 0.084847
v 0.054909 0.556796 0.132563
v 0.000000 0.556796 0.143485
v -0.000000 0.518316 0.091838
v 0.059433 0.602187 0.143485
v 0.054909 0.647578 0.132563
v 0.000000 0.647578 0.143485
v -0.000000 0.602187 0.155307
v 0.077653 0.686058 -0.077653
v -0.077653 0.686058 -0.077653
v -0.077653 0.686058 0.077654
v 0.054909 0.556796 0.132563
v 0.059433 0.602187 0.143485
v -0.000000 0.602187 0.155307
v 0.000000 0.556796 0.143485
v 0.054909 0.647578 0.132563
v 0.042026 0.686058 0.101459
v 0.000000 0.686058 0.109819
v 0.000000 0.647578 0.143485
v 0.000000 0.518316 -0.091837
v 0.091838 0.518316 0.000000
v -0.000000 0.518316 0.091838
v -0.000000 0.518316 0.091838
v -0.035145 0.518316 0.084847
v -0.064939 0.518316 0.064939
v -0.064939 0.518316 0.064939
v -0.084847 0.518316 0.035145
v -0.000000 0.518316 0.091838
v -0.084847 0.518316 0.035145
v -0.091838 0.518316 0.000000
v -0.000000 0.518316 0.091838
v -0.091838 0.518316 0.000000
v -0.084847 0.518316 -0.035144
v -0.064939 0.518316 -0.064939
v -0.064939 0.518316 -0.064939
v -0.035145 0.518316 -0.084846
v 0.000000 0.518316 -0.091837
v 0.000000 0.518316 -0.091837
v 0.035145 0.518316 -0.084846
v 0.091838 0.518316 0.000000
v 0.035145 0.518316 -0.084846
v 0.064939 0.518316 -0.064938
v 0.091838 0.518316 0.000000
v 0.064939 0.518316 -0.064938
v 0.084847 0.518316 -0.035144
v 0.091838 0.518316 0.000000
v 0.091838 0.518316 0.000000
v 0.084847 0.518316 0.035145
v -0.000000 0.518316 0.091838
v 0.084847 0.518316 0.035145
v 0.064939 0.518316 0.064939
v -0.000000 0.518316 0.091838
v 0.064939 0.518316 0.064939
v 0.035145 0.518316 0.084847
v -0.000000 0.518316 0.091838
v -0.091838 0.518316 0.000000
v -0.064939 0.518316 -0.064939
v -0.000000 0.518316 0.091838
v -0.064939 0.518316 -0.064939
v 0.000000 0.518316 -0.091837
v -0.000000 0.518316 0.091838
v 0.000000 0.686058 0.054154
v 0.000000 0.765792 0.054154
v -0.038293 0.765792 0.038293
v -0.038293 0.686058 0.038293
v -0.038293 0.686058 0.038293
v -0.038293 0.765792 0.038293
v -0.054154 0.765792 0.000000
v -0.054154 0.686058 0.000000
v -0.054154 0.686058 0.000000
v -0.054154 0.765792 0.000000
v -0.038293 0.765792 -0.038292
v -0.038293 0.686058 -0.038292
v -0.038293 0.686058 -0.038292
v -0.038293 0.765792 -0.038292
v 0.000000 0.765792 -0.054154
v 0.000000 0.686058 -0.054154
v 0.000000 0.686058 -0.054154
v 0.000000 0.765792 -0.054154
v 0.038293 0.765792 -0.038292
v 0.038293 0.686058 -0.038292
v 0.038293 0.686058 -0.038292
v 0.038293 0.765792 -0.038292
v 0.054154 0.765792 0.000000
v 0.054154 0.686058 0.000000
v -0.038293 0.765792 -0.038292
v -0.054154 0.765792 0.000000
v 0.054154 0.765792 0.000000
v 0.054154 0.686058 0.000000
v 0.054154 0.765792 0.000000
v 0.038293 0.765792 0.038293
v 0.038293 0.686058 0.038293
v 0.038293 0.686058 0.038293
v 0.038293 0.765792 0.038293
v 0.000000 0.765792 0.054154
v 0.000000 0.686058 0.054154
v 0.000000 0.938387 0.014849
v 0.000000 0.938387 -0.014847
v -0.038771 0.921016 -0.014847
v -0.038771 0.921016 0.014849
v -0.038771 0.921016 0.014849
v -0.038771 0.921016 -0.014847
v -0.054831 0.852090 -0.014847
v -0.054831 0.852090 0.014849
v -0.054831 0.852090 0.014849
v -0.054831 0.852090 -0.014847
v -0.038771 0.783163 -0.014847
v -0.038771 0.783163 0.014849
v -0.038771 0.783163 0.014849
v -0.038771 0.783163 -0.014847
v 0.000000 0.765792 -0.014847
v 0.000000 0.765792 0.014849
v 0.000000 0.765792 0.014849
v 0.000000 0.765792 -0.014847
v 0.038771 0.783163 -0.014847
v 0.038771 0.783163 0.014849
v 0.038771 0.783163 0.014849
v 0.038771 0.783163 -0.014847
v 0.054831 0.852090 -0.014847
v 0.054831 0.852090 0.014849
v 0.054831 0.852090 0.014849
v 0.054831 0.852090 -0.014847
v 0.038771 0.921016 -0.014847
v 0.038771 0.921016 0.014849
v 0.038771 0.921016 0.014849
v 0.038771 0.921016 -0.014847
v 0.000000 0.938387 -0.014847
v 0.000000 0.938387 0.014849
v 0.000000 0.912498 0.014849
v 0.000000 0.912498 -0.014847
v -0.027140 0.900338 -0.014847
v -0.027140 0.900338 0.014849
v -0.027140 0.900338 0.014849
v -0.027140 0.900338 -0.014847
v -0.038381 0.852090 -0.014847
v -0.038381 0.852090 0.014849
v -0.038381 0.852090 0.014849
v -0.038381 0.852090 -0.014847
v -0.027140 0.803841 -0.014847
v -0.027140 0.803841 0.014849
v -0.027140 0.803841 0.014849
v -0.027140 0.803841 -0.014847
v 0.000000 0.791681 -0.014847
v 0.000000 0.791681 0.014849
v 0.000000 0.791681 0.014849
v 0.000000 0.791681 -0.014847
v 0.027140 0.803841 -0.014847
v 0.027140 0.803841 0.014849
v 0.027140 0.803841 0.014849
v 0.027140 0.803841 -0.014847
v 0.038382 0.852090 -0.014847
v 0.038382 0.852090 0.014849
v 0.038382 0.852090 0.014849
v 0.038382 0.852090 -0.014847
v 0.027140 0.900338 -0.014847
v 0.027140 0.900338 0.014849
v 0.027140 0.900338 0.014849
v 0.027140 0.900338 -0.014847
v 0.000000 0.912498 -0.014847
v 0.000000 0.912498 0.014849
v 0.038771 0.921016 -0.014847
v 0.000000 0.938387 -0.014847
v 0.000000 0.912498 -0.014847
v 0.000000 0.912498 -0.014847
v 0.000000 0.938387 -0.014847
v -0.038771 0.921016 -0.014847
v 0.038771 0.921016 -0.014847
v 0.000000 0.912498 -0.014847
v 0.027140 0.900338 -0.014847
v -0.027140 0.900338 -0.014847
v 0.000000 0.912498 -0.014847
v -0.038771 0.921016 -0.014847
v 0.054831 0.852090 -0.014847
v 0.038771 0.921016 -0.014847
v 0.027140 0.900338 -0.014847
v -0.027140 0.900338 -0.014847
v -0.038771 0.921016 -0.014847
v -0.054831 0.852090 -0.014847
v 0.054831 0.852090 -0.014847
v 0.027140 0.900338 -0.014847
v 0.038382 0.852090 -0.014847
v -0.038381 0.852090 -0.014847
v -0.027140 0.900338 -0.014847
v -0.054831 0.852090 -0.014847
v 0.038382 0.852090 -0.014847
v 0.027140 0.803841 -0.014847
v 0.054831 0.852090 -0.014847
v 0.000000 0.765792 -0.014847
v 0.038771 0.783163 -0.014847
v 0.027140 0.803841 -0.014847
v -0.038771 0.783163 -0.014847
v -0.027140 0.803841 -0.014847
v -0.054831 0.852090 -0.014847
v 0.027140 0.803841 -0.014847
v 0.038771 0.783163 -0.014847
v 0.054831 0.852090 -0.014847
v 0.000000 0.791681 -0.014847
v 0.000000 0.765792 -0.014847
v 0.027140 0.803841 -0.014847
v -0.038771 0.783163 -0.014847
v 0.000000 0.765792 -0.014847
v -0.027140 0.803841 -0.014847
v 0.000000 0.765792 -0.014847
v 0.000000 0.791681 -0.014847
v -0.027140 0.803841 -0.014847
v 0.038771 0.921016 0.014849
v 0.000000 0.938387 0.014849
v 0.000000 0.912498 0.014849
v -0.027140 0.803841 -0.014847
v -0.038381 0.852090 -0.014847
v -0.054831 0.852090 -0.014847
v 0.000000 0.912498 0.014849
v 0.000000 0.938387 0.014849
v -0.038771 0.921016 0.014849
v 0.038771 0.921016 0.014849
v 0.000000 0.912498 0.014849
v 0.027140 0.900338 0.014849
v -0.027140 0.900338 0.014849
v 0.000000 0.912498 0.014849
v -0.038771 0.921016 0.014849
v 0.054831 0.852090 0.014849
v 0.038771 0.921016 0.014849
v 0.027140 0.900338 0.014849
v -0.027140 0.900338 0.014849
v -0.038771 0.921016 0.014849
v -0.054831 0.852090 0.014849
v 0.054831 0.852090 0.014849
v 0.027140 0.900338 0.014849
v 0.038382 0.852090 0.014849
v -0.038381 0.852090 0.014849
v -0.027140 0.900338 0.014849
v -0.054831 0.852090 0.014849
v 0.038382 0.852090 0.014849
v 0.027140 0.803841 0.014849
v 0.054831 0.852090 0.014849
v 0.000000 0.765792 0.014849
v 0.038771 0.783163 0.014849
v 0.027140 0.803841 0.014849
v -0.038771 0.783163 0.014849
v -0.027140 0.803841 0.014849
v -0.054831 0.852090 0.014849
v 0.027140 0.803841 0.014849
v 0.038771 0.783163 0.014849
v 0.054831 0.852090 0.014849
v 0.000000 0.791681 0.014849
v 0.000000 0.765792 0.014849
v 0.027140 0.803841 0.014849
v -0.038771 0.783163 0.014849
v 0.000000 0.765792 0.014849
v -0.027140 0.803841 0.014849
v 0.000000 0.765792 0.014849
v 0.000000 0.791681 0.014849
v -0.027140 0.803841 0.014849
v -0.027140 0.803841 0.014849
v -0.038381 0.852090 0.014849
v -0.054831 0.852090 0.014849
v -0.054154 0.765792 0.000000
v -0.038293 0.765792 0.038293
v 0.054154 0.765792 0.000000
v -0.038293 0.765792 0.038293
v 0.000000 0.765792 0.054154
v 0.054154 0.765792 0.000000
v 0.000000 0.765792 0.054154
v 0.038293 0.765792 0.038293
v 0.054154 0.765792 0.000000
v 0.054154 0.765792 0.000000
v 0.038293 0.765792 -0.038292
v 0.000000 0.765792 -0.054154
v 0.000000 0.765792 -0.054154
v -0.038293 0.765792 -0.038292
v 0.054154 0.765792 0.000000
v 0.014848 1.048387 0.000001
v -0.014848 1.048387 0.000001
v -0.014848 1.031016 0.038772
v 0.014848 1.031016 0.038772
v 0.014848 1.031016 0.038772
v -0.014848 1.031016 0.038772
v -0.014848 0.962090 0.054831
v 0.014848 0.962090 0.054831
v 0.014848 0.962090 0.054831
v -0.014848 0.962090 0.054831
v -0.014848 0.893163 0.038772
v 0.014848 0.893163 0.038772
v 0.014848 0.893163 0.038772
v -0.014848 0.893163 0.038772
v -0.014848 0.875792 0.000001
v 0.014848 0.875792 0.000001
v 0.014848 0.875792 0.000001
v -0.014848 0.875792 0.000001
v -0.014848 0.893163 -0.038771
v 0.014848 0.893163 -0.038771
v 0.014848 0.893163 -0.038771
v -0.014848 0.893163 -0.038771
v -0.014848 0.962090 -0.054830
v 0.014848 0.962090 -0.054830
v 0.014848 0.962090 -0.054830
v -0.014848 0.962090 -0.054830
v -0.014848 1.031016 -0.038771
v 0.014848 1.031016 -0.038771
v 0.014848 1.031016 -0.038771
v -0.014848 1.031016 -0.038771
v -0.014848 1.048387 0.000001
v 0.014848 1.048387 0.000001
v 0.014848 1.022498 0.000001
v -0.014848 1.022498 0.000001
v -0.014848 1.010338 0.027140
v 0.014848 1.010338 0.027140
v 0.014848 1.010338 0.027140
v -0.014848 1.010338 0.027140
v -0.014848 0.962090 0.038382
v 0.014848 0.962090 0.038382
v 0.014848 0.962090 0.038382
v -0.014848 0.962090 0.038382
v -0.014848 0.913841 0.027140
v 0.014848 0.913841 0.027140
v 0.014848 0.913841 0.027140
v -0.014848 0.913841 0.027140
v -0.014848 0.901681 0.000001
v 0.014848 0.901681 0.000001
v 0.014848 0.901681 0.000001
v -0.014848 0.901681 0.000001
v -0.014848 0.913841 -0.027139
v 0.014848 0.913841 -0.027139
v 0.014848 0.913841 -0.027139
v -0.014848 0.913841 -0.027139
v -0.014848 0.962090 -0.038381
v 0.014848 0.962090 -0.038381
v 0.014848 0.962090 -0.038381
v -0.014848 0.962090 -0.038381
v -0.014848 1.010338 -0.027139
v 0.014848 1.010338 -0.027139
v 0.014848 1.010338 -0.027139
v -0.014848 1.010338 -0.027139
v -0.014848 1.022498 0.000001
v 0.014848 1.022498 0.000001
v -0.014848 1.031016 -0.038771
v -0.014848 1.048387 0.000001
v -0.014848 1.022498 0.000001
v -0.014848 1.022498 0.000001
v -0.014848 1.048387 0.000001
v -0.014848 1.031016 0.038772
v -0.014848 1.031016 -0.038771
v -0.014848 1.022498 0.000001
v -0.014848 1.010338 -0.027139
v -0.014848 1.010338 0.027140
v -0.014848 1.022498 0.000001
v -0.014848 1.031016 0.038772
v -0.014848 0.962090 -0.054830
v -0.014848 1.031016 -0.038771
v -0.014848 1.010338 -0.027139
v -0.014848 1.010338 0.027140
v -0.014848 1.031016 0.038772
v -0.014848 0.962090 0.054831
v -0.014848 0.962090 -0.054830
v -0.014848 1.010338 -0.027139
v -0.014848 0.962090 -0.038381
v -0.014848 0.962090 0.038382
v -0.014848 1.010338 0.027140
v -0.014848 0.962090 0.054831
v -0.014848 0.962090 -0.038381
v -0.014848 0.913841 -0.027139
v -0.014848 0.962090 -0.054830
v -0.014848 0.875792 0.000001
v -0.014848 0.893163 -0.038771
v -0.014848 0.913841 -0.027139
v -0.014848 0.893163 0.038772
v -0.014848 0.913841 0.027140
v -0.014848 0.962090 0.054831
v -0.014848 0.913841 -0.027139
v -0.014848 0.893163 -0.038771
v -0.014848 0.962090 -0.054830
v -0.014848 0.901681 0.000001
v -0.014848 0.875792 0.000001
v -0.014848 0.913841 -0.027139
v -0.014848 0.893163 0.038772
v -0.014848 0.875792 0.000001
v -0.014848 0.913841 0.027140
v -0.014848 0.875792 0.000001
v -0.014848 0.901681 0.000001
v -0.014848 0.913841 0.027140
v 0.014848 1.031016 -0.038771
v 0.014848 1.048387 0.000001
v 0.014848 1.022498 0.000001
v -0.014848 0.913841 0.027140
v -0.014848 0.962090 0.038382
v -0.014848 0.962090 0.054831
v 0.014848 1.022498 0.000001
v 0.014848 1.048387 0.000001
v 0.014848 1.031016 0.038772
v 0.014848 1.031016 -0.038771
v 0.014848 1.022498 0.000001
v 0.014848 1.010338 -0.027139
v 0.014848 1.010338 0.027140
v 0.014848 1.022498 0.000001
v 0.014848 1.031016 0.038772
v 0.014848 0.962090 -0.054830
v 0.014848 1.031016 -0.038771
v 0.014848 1.010338 -0.027139
v 0.014848 1.010338 0.027140
v 0.014848 1.031016 0.038772
v 0.014848 0.962090 0.054831
v 0.014848 0.962090 -0.054830
v 0.014848 1.010338 -0.027139
v 0.014848 0.962090 -0.038381
v 0.014848 0.962090 0.038382
v 0.014848 1.010338 0.027140
v 0.014848 0.962090 0.054831
v 0.014848 0.962090 -0.038381
v 0.014848 0.913841 -0.027139
v 0.014848 0.962090 -0.054830
v 0.014848 0.875792 0.000001
v 0.014848 0.893163 -0.038771
v 0.014848 0.913841 -0.027139
v 0.014848 0.893163 0.038772
v 0.014848 0.913841 0.027140
v 0.014848 0.962090 0.054831
v 0.014848 0.913841 -0.027139
v 0.014848 0.893163 -0.038771
v 0.014848 0.962090 -0.054830
v 0.014848 0.901681 0.000001
v 0.014848 0.875792 0.000001
v 0.014848 0.913841 -0.027139
v 0.014848 0.893163 0.038772
v 0.014848 0.875792 0.000001
v 0.014848 0.913841 0.027140
v 0.014848 0.875792 0.000001
v 0.014848 0.901681 0.000001
v 0.014848 0.913841 0.027140
v 0.014848 0.913841 0.027140
v 0.014848 0.962090 0.038382
v 0.014848 0.962090 0.054831
v 0.000000 1.158387 -0.014847
v 0.000000 1.158387 0.014849
v 0.038771 1.141016 0.014849
v 0.038771 1.141016 -0.014847
v 0.038771 1.141016 -0.014847
v 0.038771 1.141016 0.014849
v 0.054831 1.072090 0.014849
v 0.054831 1.072090 -0.014847
v 0.054831 1.072090 -0.014847
v 0.054831 1.072090 0.014849
v 0.038771 1.003163 0.014849
v 0.038771 1.003163 -0.014847
v 0.038771 1.003163 -0.014847
v 0.038771 1.003163 0.014849
v 0.000000 0.985792 0.014849
v 0.000000 0.985792 -0.014847
v 0.000000 0.985792 -0.014847
v 0.000000 0.985792 0.014849
v -0.038771 1.003163 0.014849
v -0.038771 1.003163 -0.014847
v -0.038771 1.003163 -0.014847
v -0.038771 1.003163 0.014849
v -0.054831 1.072090 0.014849
v -0.054831 1.072090 -0.014847
v -0.054831 1.072090 -0.014847
v -0.054831 1.072090 0.014849
v -0.038771 1.141016 0.014849
v -0.038771 1.141016 -0.014847
v -0.038771 1.141016 -0.014847
v -0.038771 1.141016 0.014849
v 0.000000 1.158387 0.014849
v 0.000000 1.158387 -0.014847
v 0.000000 1.132498 -0.014847
v 0.000000 1.132498 0.014849
v 0.027140 1.120338 0.014849
v 0.027140 1.120338 -0.014847
v 0.027140 1.120338 -0.014847
v 0.027140 1.120338 0.014849
v 0.038382 1.072090 0.014849
v 0.038382 1.072090 -0.014847
v 0.038382 1.072090 -0.014847
v 0.038382 1.072090 0.014849
v 0.027140 1.023841 0.014849
v 0.027140 1.023841 -0.014847
v 0.027140 1.023841 -0.014847
v 0.027140 1.023841 0.014849
v 0.000000 1.011681 0.014849
v 0.000000 1.011681 -0.014847
v 0.000000 1.011681 -0.014847
v 0.000000 1.011681 0.014849
v -0.027140 1.023841 0.014849
v -0.027140 1.023841 -0.014847
v -0.027140 1.023841 -0.014847
v -0.027140 1.023841 0.014849
v -0.038381 1.072090 0.014849
v -0.038381 1.072090 -0.014847
v -0.038381 1.072090 -0.014847
v -0.038381 1.072090 0.014849
v -0.027140 1.120338 0.014849
v -0.027140 1.120338 -0.014847
v -0.027140 1.120338 -0.014847
v -0.027140 1.120338 0.014849
v 0.000000 1.132498 0.014849
v 0.000000 1.132498 -0.014847
v -0.038771 1.141016 0.014849
v 0.000000 1.158387 0.014849
v 0.000000 1.132498 0.014849
v 0.000000 1.132498 0.014849
v 0.000000 1.158387 0.014849
v 0.038771 1.141016 0.014849
v -0.038771 1.141016 0.014849
v 0.000000 1.132498 0.014849
v -0.027140 1.120338 0.014849
v 0.027140 1.120338 0.014849
v 0.000000 1.132498 0.014849
v 0.038771 1.141016 0.014849
v -0.054831 1.072090 0.014849
v -0.038771 1.141016 0.014849
v -0.027140 1.120338 0.014849
v 0.027140 1.120338 0.014849
v 0.038771 1.141016 0.014849
v 0.054831 1.072090 0.014849
v -0.054831 1.072090 0.014849
v -0.027140 1.120338 0.014849
v -0.038381 1.072090 0.014849
v 0.038382 1.072090 0.014849
v 0.027140 1.120338 0.014849
v 0.054831 1.072090 0.014849
v -0.038381 1.072090 0.014849
v -0.027140 1.023841 0.014849
v -0.054831 1.072090 0.014849
v 0.000000 0.985792 0.014849
v -0.038771 1.003163 0.014849
v -0.027140 1.023841 0.014849
v 0.038771 1.003163 0.014849
v 0.027140 1.023841 0.014849
v 0.054831 1.072090 0.014849
v -0.027140 1.023841 0.014849
v -0.038771 1.003163 0.014849
v -0.054831 1.072090 0.014849
v 0.000000 1.011681 0.014849
v 0.000000 0.985792 0.014849
v -0.027140 1.023841 0.014849
v 0.038771 1.003163 0.014849
v 0.000000 0.985792 0.014849
v 0.027140 1.023841 0.014849
v 0.000000 0.985792 0.014849
v 0.000000 1.011681 0.014849
v 0.027140 1.023841 0.014849
v -0.038771 1.141016 -0.014847
v 0.000000 1.158387 -0.014847
v 0.000000 1.132498 -0.014847
v 0.027140 1.023841 0.014849
v 0.038382 1.072090 0.014849
v 0.054831 1.072090 0.014849
v 0.000000 1.132498 -0.014847
v 0.000000 1.158387 -0.014847
v 0.038771 1.141016 -0.014847
v -0.038771 1.141016 -0.014847
v 0.000000 1.132498 -0.014847
v -0.027140 1.120338 -0.014847
v 0.027140 1.120338 -0.014847
v 0.000000 1.132498 -0.014847
v 0.038771 1.141016 -0.014847
v -0.054831 1.072090 -0.014847
v -0.038771 1.141016 -0.014847
v -0.027140 1.120338 -0.014847
v 0.027140 1.120338 -0.014847
v 0.038771 1.141016 -0.014847
v 0.054831 1.072090 -0.014847
v -0.054831 1.072090 -0.014847
v -0.027140 1.120338 -0.014847
v -0.038381 1.072090 -0.014847
v 0.038382 1.072090 -0.014847
v 0.027140 1.120338 -0.014847
v 0.054831 1.072090 -0.014847
v -0.038381 1.072090 -0.014847
v -0.027140 1.023841 -0.014847
v -0.054831 1.072090 -0.014847
v 0.000000 0.985792 -0.014847
v -0.038771 1.003163 -0.014847
v -0.027140 1.023841 -0.014847
v 0.038771 1.003163 -0.014847
v 0.027140 1.023841 -0.014847
v 0.054831 1.072090 -0.014847
v -0.027140 1.023841 -0.014847
v -0.038771 1.003163 -0.014847
v -0.054831 1.072090 -0.014847
v 0.000000 1.011681 -0.014847
v 0.000000 0.985792 -0.014847
v -0.027140 1.023841 -0.014847
v 0.038771 1.003163 -0.014847
v 0.000000 0.985792 -0.014847
v 0.027140 1.023841 -0.014847
v 0.000000 0.985792 -0.014847
v 0.000000 1.011681 -0.014847
v 0.027140 1.023841 -0.014847
v 0.027140 1.023841 -0.014847
v 0.038382 1.072090 -0.014847
v 0.054831 1.072090 -0.014847
v -0.014848 1.268387 0.000001
v 0.014848 1.268387 0.000001
v 0.014848 1.251016 -0.038771
v -0.014848 1.251016 -0.038771
v -0.014848 1.251016 -0.038771
v 0.014848 1.251016 -0.038771
v 0.014848 1.182090 -0.054830
v -0.014848 1.182090 -0.054830
v -0.014848 1.182090 -0.054830
v 0.014848 1.182090 -0.054830
v 0.014848 1.113163 -0.038771
v -0.014848 1.113163 -0.038771
v -0.014848 1.113163 -0.038771
v 0.014848 1.113163 -0.038771
v 0.014848 1.095792 0.000001
v -0.014848 1.095792 0.000001
v -0.014848 1.095792 0.000001
v 0.014848 1.095792 0.000001
v 0.014848 1.113163 0.038772
v -0.014848 1.113163 0.038772
v -0.014848 1.113163 0.038772
v 0.014848 1.113163 0.038772
v 0.014848 1.182090 0.054831
v -0.014848 1.182090 0.054831
v -0.014848 1.182090 0.054831
v 0.014848 1.182090 0.054831
v 0.014848 1.251016 0.038772
v -0.014848 1.251016 0.038772
v -0.014848 1.251016 0.038772
v 0.014848 1.251016 0.038772
v 0.014848 1.268387 0.000001
v -0.014848 1.268387 0.000001
v -0.014848 1.242498 0.000001
v 0.014848 1.242498 0.000001
v 0.014848 1.230338 -0.027139
v -0.014848 1.230338 -0.027139
v -0.014848 1.230338 -0.027139
v 0.014848 1.230338 -0.027139
v 0.014848 1.182090 -0.038381
v -0.014848 1.182090 -0.038381
v -0.014848 1.182090 -0.038381
v 0.014848 1.182090 -0.038381
v 0.014848 1.133841 -0.027139
v -0.014848 1.133841 -0.027139
v -0.014848 1.133841 -0.027139
v 0.014848 1.133841 -0.027139
v 0.014848 1.121681 0.000001
v -0.014848 1.121681 0.000001
v -0.014848 1.121681 0.000001
v 0.014848 1.121681 0.000001
v 0.014848 1.133841 0.027140
v -0.014848 1.133841 0.027140
v -0.014848 1.133841 0.027140
v 0.014848 1.133841 0.027140
v 0.014848 1.182090 0.038382
v -0.014848 1.182090 0.038382
v -0.014848 1.182090 0.038382
v 0.014848 1.182090 0.038382
v 0.014848 1.230338 0.027140
v -0.014848 1.230338 0.027140
v -0.014848 1.230338 0.027140
v 0.014848 1.230338 0.027140
v 0.014848 1.242498 0.000001
v -0.014848 1.242498 0.000001
v 0.014848 1.251016 0.038772
v 0.014848 1.268387 0.000001
v 0.014848 1.242498 0.000001
v 0.014848 1.242498 0.000001
v 0.014848 1.268387 0.000001
v 0.014848 1.251016 -0.038771
v 0.014848 1.251016 0.038772
v 0.014848 1.242498 0.000001
v 0.014848 1.230338 0.027140
v 0.014848 1.230338 -0.027139
v 0.014848 1.242498 0.000001
v 0.014848 1.251016 -0.038771
v 0.014848 1.182090 0.054831
v 0.014848 1.251016 0.038772
v 0.014848 1.230338 0.027140
v 0.014848 1.230338 -0.027139
v 0.014848 1.251016 -0.038771
v 0.014848 1.182090 -0.054830
v 0.014848 1.182090 0.054831
v 0.014848 1.230338 0.027140
v 0.014848 1.182090 0.038382
v 0.014848 1.182090 -0.038381
v 0.014848 1.230338 -0.027139
v 0.014848 1.182090 -0.054830
v 0.014848 1.182090 0.038382
v 0.014848 1.133841 0.027140
v 0.014848 1.182090 0.054831
v 0.014848 1.095792 0.000001
v 0.014848 1.113163 0.038772
v 0.014848 1.133841 0.027140
v 0.014848 1.113163 -0.038771
v 0.014848 1.133841 -0.027139
v 0.014848 1.182090 -0.054830
v 0.014848 1.133841 0.027140
v 0.014848 1.113163 0.038772
v 0.014848 1.182090 0.054831
v 0.014848 1.121681 0.000001
v 0.014848 1.095792 0.000001
v 0.014848 1.133841 0.027140
v 0.014848 1.113163 -0.038771
v 0.014848 1.095792 0.000001
v 0.014848 1.133841 -0.027139
v 0.014848 1.095792 0.000001
v 0.014848 1.121681 0.000001
v 0.014848 1.133841 -0.027139
v -0.014848 1.251016 0.038772
v -0.014848 1.268387 0.000001
v -0.014848 1.242498 0.000001
v 0.014848 1.133841 -0.027139
v 0.014848 1.182090 -0.038381
v 0.014848 1.182090 -0.054830
v -0.014848 1.242498 0.000001
v -0.014848 1.268387 0.000001
v -0.014848 1.251016 -0.038771
v -0.014848 1.251016 0.038772
v -0.014848 1.242498 0.000001
v -0.014848 1.230338 0.027140
v -0.014848 1.230338 -0.027139
v -0.014848 1.242498 0.000001
v -0.014848 1.251016 -0.038771
v -0.014848 1.182090 0.054831
v -0.014848 1.251016 0.038772
v -0.014848 1.230338 0.027140
v -0.014848 1.230338 -0.027139
v -0.014848 1.251016 -0.038771
v -0.014848 1.182090 -0.054830
v -0.014848 1.182090 0.054831
v -0.014848 1.230338 0.027140
v -0.014848 1.182090 0.038382
v -0.014848 1.182090 -0.038381
v -0.014848 1.230338 -0.027139
v -0.014848 1.182090 -0.054830
v -0.014848 1.182090 0.038382
v -0.014848 1.133841 0.027140
v -0.014848 1.182090 0.054831
v -0.014848 1.095792 0.000001
v -0.014848 1.113163 0.038772
v -0.014848 1.133841 0.027140
v -0.014848 1.113163 -0.038771
v -0.014848 1.133841 -0.027139
v -0.014848 1.182090 -0.054830
v -0.014848 1.133841 0.027140
v -0.014848 1.113163 0.038772
v -0.014848 1.182090 0.054831
v -0.014848 1.121681 0.000001
v -0.014848 1.095792 0.000001
v -0.014848 1.133841 0.027140
v -0.014848 1.113163 -0.038771
v -0.014848 1.095792 0.000001
v -0.014848 1.133841 -0.027139
v -0.014848 1.095792 0.000001
v -0.014848 1.121681 0.000001
v -0.014848 1.133841 -0.027139
v -0.014848 1.133841 -0.027139
v -0.014848 1.182090 -0.038381
v -0.014848 1.182090 -0.054830
v 0.000000 1.378387 0.014849
v 0.000000 1.378387 -0.014847
v -0.038771 1.361016 -0.014847
v -0.038771 1.361016 0.014849
v -0.038771 1.361016 0.014849
v -0.038771 1.361016 -0.014847
v -0.054831 1.292090 -0.014847
v -0.054831 1.292090 0.014849
v -0.054831 1.292090 0.014849
v -0.054831 1.292090 -0.014847
v -0.038771 1.223163 -0.014847
v -0.038771 1.223163 0.014849
v -0.038771 1.223163 0.014849
v -0.038771 1.223163 -0.014847
v 0.000000 1.205792 -0.014847
v 0.000000 1.205792 0.014849
v 0.000000 1.205792 0.014849
v 0.000000 1.205792 -0.014847
v 0.038771 1.223163 -0.014847
v 0.038771 1.223163 0.014849
v 0.038771 1.223163 0.014849
v 0.038771 1.223163 -0.014847
v 0.054831 1.292090 -0.014847
v 0.054831 1.292090 0.014849
v 0.054831 1.292090 0.014849
v 0.054831 1.292090 -0.014847
v 0.038771 1.361016 -0.014847
v 0.038771 1.361016 0.014849
v 0.038771 1.361016 0.014849
v 0.038771 1.361016 -0.014847
v 0.000000 1.378387 -0.014847
v 0.000000 1.378387 0.014849
v 0.000000 1.352498 0.014849
v 0.000000 1.352498 -0.014847
v -0.027140 1.340338 -0.014847
v -0.027140 1.340338 0.014849
v -0.027140 1.340338 0.014849
v -0.027140 1.340338 -0.014847
v -0.038381 1.292090 -0.014847
v -0.038381 1.292090 0.014849
v -0.038381 1.292090 0.014849
v -0.038381 1.292090 -0.014847
v -0.027140 1.243841 -0.014847
v -0.027140 1.243841 0.014849
v -0.027140 1.243841 0.014849
v -0.027140 1.243841 -0.014847
v 0.000000 1.231681 -0.014847
v 0.000000 1.231681 0.014849
v 0.000000 1.231681 0.014849
v 0.000000 1.231681 -0.014847
v 0.027140 1.243841 -0.014847
v 0.027140 1.243841 0.014849
v 0.027140 1.243841 0.014849
v 0.027140 1.243841 -0.014847
v 0.038382 1.292090 -0.014847
v 0.038382 1.292090 0.014849
v 0.038382 1.292090 0.014849
v 0.038382 1.292090 -0.014847
v 0.027140 1.340338 -0.014847
v 0.027140 1.340338 0.014849
v 0.027140 1.340338 0.014849
v 0.027140 1.340338 -0.014847
v 0.000000 1.352498 -0.014847
v 0.000000 1.352498 0.014849
v 0.038771 1.361016 -0.014847
v 0.000000 1.378387 -0.014847
v 0.000000 1.352498 -0.014847
v 0.000000 1.352498 -0.014847
v 0.000000 1.378387 -0.014847
v -0.038771 1.361016 -0.014847
v 0.038771 1.361016 -0.014847
v 0.000000 1.352498 -0.014847
v 0.027140 1.340338 -0.014847
v -0.027140 1.340338 -0.014847
v 0.000000 1.352498 -0.014847
v -0.038771 1.361016 -0.014847
v 0.054831 1.292090 -0.014847
v 0.038771 1.361016 -0.014847
v 0.027140 1.340338 -0.014847
v -0.027140 1.340338 -0.014847
v -0.038771 1.361016 -0.014847
v -0.054831 1.292090 -0.014847
v 0.054831 1.292090 -0.014847
v 0.027140 1.340338 -0.014847
v 0.038382 1.292090 -0.014847
v -0.038381 1.292090 -0.014847
v -0.027140 1.340338 -0.014847
v -0.054831 1.292090 -0.014847
v 0.038382 1.292090 -0.014847
v 0.027140 1.243841 -0.014847
v 0.054831 1.292090 -0.014847
v 0.000000 1.205792 -0.014847
v 0.038771 1.223163 -0.014847
v 0.027140 1.243841 -0.014847
v -0.038771 1.223163 -0.014847
v -0.027140 1.243841 -0.014847
v -0.054831 1.292090 -0.014847
v 0.027140 1.243841 -0.014847
v 0.038771 1.223163 -0.014847
v 0.054831 1.292090 -0.014847
v 0.000000 1.231681 -0.014847
v 0.000000 1.205792 -0.014847
v 0.027140 1.243841 -0.014847
v -0.038771 1.223163 -0.014847
v 0.000000 1.205792 -0.014847
v -0.027140 1.243841 -0.014847
v 0.000000 1.205792 -0.014847
v 0.000000 1.231681 -0.014847
v -0.027140 1.243841 -0.014847
v 0.038771 1.361016 0.014849
v 0.000000 1.378387 0.014849
v 0.000000 1.352498 0.014849
v -0.027140 1.243841 -0.014847
v -0.038381 1.292090 -0.014847
v -0.054831 1.292090 -0.014847
v 0.000000 1.352498 0.014849
v 0.000000 1.378387 0.014849
v -0.038771 1.361016 0.014849
v 0.038771 1.361016 0.014849
v 0.000000 1.352498 0.014849
v 0.027140 1.340338 0.014849
v -0.027140 1.340338 0.014849
v 0.000000 1.352498 0.014849
v -0.038771 1.361016 0.014849
v 0.054831 1.292090 0.014849
v 0.038771 1.361016 0.014849
v 0.027140 1.340338 0.014849
v -0.027140 1.340338 0.014849
v -0.038771 1.361016 0.014849
v -0.054831 1.292090 0.014849
v 0.054831 1.292090 0.014849
v 0.027140 1.340338 0.014849
v 0.038382 1.292090 0.014849
v -0.038381 1.292090 0.014849
v -0.027140 1.340338 0.014849
v -0.054831 1.292090 0.014849
v 0.038382 1.292090 0.014849
v 0.027140 1.243841 0.014849
v 0.054831 1.292090 0.014849
v 0.000000 1.205792 0.014849
v 0.038771 1.223163 0.014849
v 0.027140 1.243841 0.014849
v -0.038771 1.223163 0.014849
v -0.027140 1.243841 0.014849
v -0.054831 1.292090 0.014849
v 0.027140 1.243841 0.014849
v 0.038771 1.223163 0.014849
v 0.054831 1.292090 0.014849
v 0.000000 1.231681 0.014849
v 0.000000 1.205792 0.014849
v 0.027140 1.243841 0.014849
v -0.038771 1.223163 0.014849
v 0.000000 1.205792 0.014849
v -0.027140 1.243841 0.014849
v 0.000000 1.205792 0.014849
v 0.000000 1.231681 0.014849
v -0.027140 1.243841 0.014849
v -0.027140 1.243841 0.014849
v -0.038381 1.292090 0.014849
v -0.054831 1.292090 0.014849
v -0.014848 1.353841 -0.027139
v -0.014848 1.333163 -0.038771
v -0.014848 1.402090 -0.054830
v -0.014848 1.333163 0.038772
v -0.014848 1.353841 0.027140
v -0.014848 1.402090 0.054831
v -0.014848 1.315792 0.000001
v -0.014848 1.333163 -0.038771
v -0.014848 1.353841 -0.027139
v -0.014848 1.402090 -0.038381
v -0.014848 1.353841 -0.027139
v -0.014848 1.402090 -0.054830
v -0.014848 1.402090 0.038382
v -0.014848 1.450338 0.027140
v -0.014848 1.402090 0.054831
v -0.014848 1.402090 -0.054830
v -0.014848 1.450338 -0.027139
v -0.014848 1.402090 -0.038381
v 0.014848 1.333163 -0.038771
v -0.014848 1.333163 -0.038771
v -0.014848 1.402090 -0.054830
v 0.014848 1.402090 -0.054830
v -0.014848 1.450338 0.027140
v -0.014848 1.471016 0.038772
v -0.014848 1.402090 0.054831
v -0.014848 1.402090 -0.054830
v -0.014848 1.471016 -0.038771
v -0.014848 1.450338 -0.027139
v 0.014848 1.315792 0.000001
v -0.014848 1.315792 0.000001
v -0.014848 1.333163 -0.038771
v 0.014848 1.333163 -0.038771
v -0.014848 1.450338 0.027140
v -0.014848 1.462498 0.000001
v -0.014848 1.471016 0.038772
v -0.014848 1.471016 -0.038771
v -0.014848 1.462498 0.000001
v -0.014848 1.450338 -0.027139
v 0.014848 1.333163 0.038772
v -0.014848 1.333163 0.038772
v -0.014848 1.315792 0.000001
v 0.014848 1.315792 0.000001
v -0.014848 1.462498 0.000001
v -0.014848 1.488387 0.000001
v -0.014848 1.471016 0.038772
v -0.014848 1.471016 -0.038771
v -0.014848 1.488387 0.000001
v -0.014848 1.462498 0.000001
v 0.014848 1.402090 0.054831
v -0.014848 1.402090 0.054831
v -0.014848 1.333163 0.038772
v 0.014848 1.333163 0.038772
v 0.014848 1.450338 -0.027139
v -0.014848 1.450338 -0.027139
v -0.014848 1.462498 0.000001
v 0.014848 1.462498 0.000001
v 0.014848 1.402090 -0.038381
v -0.014848 1.402090 -0.038381
v -0.014848 1.450338 -0.027139
v 0.014848 1.450338 -0.027139
v 0.014848 1.353841 -0.027139
v -0.014848 1.353841 -0.027139
v -0.014848 1.402090 -0.038381
v 0.014848 1.402090 -0.038381
v 0.014848 1.471016 0.038772
v -0.014848 1.471016 0.038772
v -0.014848 1.402090 0.054831
v 0.014848 1.402090 0.054831
v 0.014848 1.341681 0.000001
v -0.014848 1.341681 0.000001
v -0.014848 1.353841 -0.027139
v 0.014848 1.353841 -0.027139
v 0.014848 1.488387 0.000001
v -0.014848 1.488387 0.000001
v -0.014848 1.471016 0.038772
v 0.014848 1.471016 0.038772
v 0.014848 1.353841 0.027140
v -0.014848 1.353841 0.027140
v -0.014848 1.341681 0.000001
v 0.014848 1.341681 0.000001
v 0.014848 1.402090 0.038382
v -0.014848 1.402090 0.038382
v -0.014848 1.353841 0.027140
v 0.014848 1.353841 0.027140
v 0.014848 1.450338 0.027140
v -0.014848 1.450338 0.027140
v -0.014848 1.402090 0.038382
v 0.014848 1.402090 0.038382
v 0.014848 1.462498 0.000001
v -0.014848 1.462498 0.000001
v -0.014848 1.450338 0.027140
v 0.014848 1.450338 0.027140
v 0.014848 1.471016 -0.038771
v -0.014848 1.471016 -0.038771
v -0.014848 1.488387 0.000001
v 0.014848 1.488387 0.000001
v 0.014848 1.402090 -0.054830
v -0.014848 1.402090 -0.054830
v -0.014848 1.471016 -0.038771
v 0.014848 1.471016 -0.038771
v -0.543198 0.399065 0.000057
v -0.276903 0.357246 0.000057
v -0.286156 0.348192 -0.033506
v -0.538854 0.386114 -0.033506
v -0.538854 0.386114 -0.033506
v -0.286156 0.348192 -0.033506
v -0.308547 0.326282 -0.047441
v -0.528342 0.354773 -0.047441
v -0.528342 0.354773 -0.047441
v -0.308547 0.326282 -0.047441
v -0.330961 0.304351 -0.033585
v -0.517819 0.323402 -0.033585
v -0.517819 0.323402 -0.033585
v -0.330961 0.304351 -0.033585
v -0.340267 0.295245 -0.000056
v -0.513451 0.310376 -0.000056
v -0.513451 0.310376 -0.000056
v -0.340267 0.295245 -0.000056
v -0.331014 0.304299 0.033506
v -0.517794 0.323327 0.033506
v -0.517794 0.323327 0.033506
v -0.331014 0.304299 0.033506
v -0.308623 0.326209 0.047441
v -0.528306 0.354668 0.047441
v -0.340267 0.295245 -0.000056
v -0.330961 0.304351 -0.033585
v -0.244547 0.094063 -0.033585
v -0.256512 0.090862 -0.000056
v -0.528306 0.354668 0.047441
v -0.308623 0.326209 0.047441
v -0.286209 0.348140 0.033586
v -0.538829 0.386039 0.033586
v -0.538829 0.386039 0.033586
v -0.286209 0.348140 0.033586
v -0.276903 0.357246 0.000057
v -0.543198 0.399065 0.000057
v -1.526797 -0.133738 0.033546
v -1.511603 -0.241920 0.033552
v -1.500494 -0.236046 0.000006
v -1.514538 -0.133738 0.000000
v -1.511603 -0.241920 0.033552
v -1.365510 -0.417081 0.034372
v -1.360551 -0.404461 0.000794
v -1.500494 -0.236046 0.000006
v -1.365510 -0.417081 0.034372
v -1.156821 -0.414917 0.032551
v -1.161449 -0.401930 -0.000948
v -1.360551 -0.404461 0.000794
v -1.156821 -0.414917 0.032551
v -0.983685 -0.258334 0.033586
v -0.993354 -0.249727 0.000057
v -1.161449 -0.401930 -0.000948
v -0.983685 -0.258334 0.033586
v -0.849623 -0.038149 0.033586
v -0.859896 -0.030493 0.000057
v -0.993354 -0.249727 0.000057
v -0.849623 -0.038149 0.033586
v -0.720679 0.188716 0.033586
v -0.731058 0.196184 0.000057
v -0.859896 -0.030493 0.000057
v -0.720679 0.188716 0.033586
v -0.538829 0.386039 0.033586
v -0.543198 0.399065 0.000057
v -0.731058 0.196184 0.000057
v -1.556392 -0.133738 0.047441
v -1.538410 -0.256133 0.047447
v -1.511603 -0.241920 0.033552
v -1.526797 -0.133738 0.033546
v -1.538410 -0.256133 0.047447
v -1.377587 -0.447671 0.048347
v -1.365510 -0.417081 0.034372
v -1.511603 -0.241920 0.033552
v -1.377587 -0.447671 0.048347
v -1.145498 -0.445960 0.046335
v -1.156821 -0.414917 0.032551
v -1.365510 -0.417081 0.034372
v -1.145498 -0.445960 0.046335
v -0.960399 -0.279064 0.047441
v -0.983685 -0.258334 0.033586
v -1.156821 -0.414917 0.032551
v -0.960399 -0.279064 0.047441
v -0.824882 -0.056588 0.047441
v -0.849623 -0.038149 0.033586
v -0.983685 -0.258334 0.033586
v -0.824882 -0.056588 0.047441
v -0.695682 0.170727 0.047441
v -0.720679 0.188716 0.033586
v -0.849623 -0.038149 0.033586
v -0.695682 0.170727 0.047441
v -0.528306 0.354668 0.047441
v -0.538829 0.386039 0.033586
v -0.720679 0.188716 0.033586
v -1.585987 -0.133738 0.033546
v -1.565212 -0.270360 0.033552
v -1.538410 -0.256133 0.047447
v -1.556392 -0.133738 0.047441
v -1.565212 -0.270360 0.033552
v -1.389706 -0.478311 0.034531
v -1.377587 -0.447671 0.048347
v -1.538410 -0.256133 0.047447
v -1.389706 -0.478311 0.034531
v -1.134112 -0.476873 0.032330
v -1.145498 -0.445960 0.046335
v -1.377587 -0.447671 0.048347
v -1.134112 -0.476873 0.032330
v -0.937136 -0.299774 0.033506
v -0.960399 -0.279064 0.047441
v -1.145498 -0.445960 0.046335
v -0.937136 -0.299774 0.033506
v -0.800166 -0.075009 0.033506
v -0.824882 -0.056588 0.047441
v -0.960399 -0.279064 0.047441
v -0.800166 -0.075009 0.033506
v -0.670709 0.152755 0.033506
v -0.695682 0.170727 0.047441
v -0.824882 -0.056588 0.047441
v -0.670709 0.152755 0.033506
v -0.517794 0.323327 0.033506
v -0.528306 0.354668 0.047441
v -0.695682 0.170727 0.047441
v -1.598246 -0.133738 0.000000
v -1.576309 -0.276266 0.000007
v -1.565212 -0.270360 0.033552
v -1.585987 -0.133738 0.033546
v -1.576309 -0.276266 0.000007
v -1.394769 -0.491053 0.001019
v -1.389706 -0.478311 0.034531
v -1.565212 -0.270360 0.033552
v -1.394769 -0.491053 0.001019
v -1.129333 -0.489549 -0.001262
v -1.134112 -0.476873 0.032330
v -1.389706 -0.478311 0.034531
v -1.129333 -0.489549 -0.001262
v -0.927523 -0.308332 -0.000056
v -0.937136 -0.299774 0.033506
v -1.134112 -0.476873 0.032330
v -0.927523 -0.308332 -0.000056
v -0.789952 -0.082621 -0.000056
v -0.800166 -0.075009 0.033506
v -0.937136 -0.299774 0.033506
v -0.789952 -0.082621 -0.000056
v -0.660390 0.145329 -0.000056
v -0.670709 0.152755 0.033506
v -0.800166 -0.075009 0.033506
v -0.660390 0.145329 -0.000056
v -0.513451 0.310376 -0.000056
v -0.517794 0.323327 0.033506
v -0.670709 0.152755 0.033506
v -1.585987 -0.133738 -0.033546
v -1.565200 -0.270392 -0.033539
v -1.576309 -0.276266 0.000007
v -1.598246 -0.133738 0.000000
v -1.565200 -0.270392 -0.033539
v -1.389810 -0.478433 -0.032560
v -1.394769 -0.491053 0.001019
v -1.576309 -0.276266 0.000007
v -1.389810 -0.478433 -0.032560
v -1.133960 -0.476562 -0.034761
v -1.129333 -0.489549 -0.001262
v -1.394769 -0.491053 0.001019
v -1.133960 -0.476562 -0.034761
v -0.937191 -0.299725 -0.033585
v -0.927523 -0.308332 -0.000056
v -1.129333 -0.489549 -0.001262
v -0.937191 -0.299725 -0.033585
v -0.800224 -0.074965 -0.033585
v -0.789952 -0.082621 -0.000056
v -0.927523 -0.308332 -0.000056
v -0.800224 -0.074965 -0.033585
v -0.670768 0.152798 -0.033585
v -0.660390 0.145329 -0.000056
v -0.789952 -0.082621 -0.000056
v -0.670768 0.152798 -0.033585
v -0.517819 0.323402 -0.033585
v -0.513451 0.310376 -0.000056
v -0.660390 0.145329 -0.000056
v -1.556392 -0.133738 -0.047441
v -1.538392 -0.256179 -0.047434
v -1.565200 -0.270392 -0.033539
v -1.585987 -0.133738 -0.033546
v -1.538392 -0.256179 -0.047434
v -1.377734 -0.447843 -0.046535
v -1.389810 -0.478433 -0.032560
v -1.565200 -0.270392 -0.033539
v -1.377734 -0.447843 -0.046535
v -1.145284 -0.445519 -0.048545
v -1.133960 -0.476562 -0.034761
v -1.389810 -0.478433 -0.032560
v -1.145284 -0.445519 -0.048545
v -0.960477 -0.278995 -0.047441
v -0.937191 -0.299725 -0.033585
v -1.133960 -0.476562 -0.034761
v -0.960477 -0.278995 -0.047441
v -0.824965 -0.056526 -0.047441
v -0.800224 -0.074965 -0.033585
v -0.937191 -0.299725 -0.033585
v -0.824965 -0.056526 -0.047441
v -0.695766 0.170787 -0.047441
v -0.670768 0.152798 -0.033585
v -0.800224 -0.074965 -0.033585
v -0.695766 0.170787 -0.047441
v -0.528342 0.354773 -0.047441
v -0.517819 0.323402 -0.033585
v -0.670768 0.152798 -0.033585
v -1.526797 -0.133738 -0.033546
v -1.511590 -0.241952 -0.033539
v -1.538392 -0.256179 -0.047434
v -1.556392 -0.133738 -0.047441
v -1.511590 -0.241952 -0.033539
v -1.365614 -0.417203 -0.032719
v -1.377734 -0.447843 -0.046535
v -1.538392 -0.256179 -0.047434
v -1.365614 -0.417203 -0.032719
v -1.156670 -0.414605 -0.034539
v -1.145284 -0.445519 -0.048545
v -1.377734 -0.447843 -0.046535
v -1.156670 -0.414605 -0.034539
v -0.983741 -0.258285 -0.033506
v -0.960477 -0.278995 -0.047441
v -1.145284 -0.445519 -0.048545
v -0.983741 -0.258285 -0.033506
v -0.849682 -0.038105 -0.033506
v -0.824965 -0.056526 -0.047441
v -0.960477 -0.278995 -0.047441
v -0.849682 -0.038105 -0.033506
v -0.720738 0.188758 -0.033506
v -0.695766 0.170787 -0.047441
v -0.824965 -0.056526 -0.047441
v -0.720738 0.188758 -0.033506
v -0.538854 0.386114 -0.033506
v -0.528342 0.354773 -0.047441
v -0.695766 0.170787 -0.047441
v -1.514538 -0.133738 0.000000
v -1.500494 -0.236046 0.000006
v -1.511590 -0.241952 -0.033539
v -1.526797 -0.133738 -0.033546
v -1.500494 -0.236046 0.000006
v -1.360551 -0.404461 0.000794
v -1.365614 -0.417203 -0.032719
v -1.511590 -0.241952 -0.033539
v -1.360551 -0.404461 0.000794
v -1.161449 -0.401930 -0.000948
v -1.156670 -0.414605 -0.034539
v -1.365614 -0.417203 -0.032719
v -1.161449 -0.401930 -0.000948
v -0.993354 -0.249727 0.000057
v -0.983741 -0.258285 -0.033506
v -1.156670 -0.414605 -0.034539
v -0.993354 -0.249727 0.000057
v -0.859896 -0.030493 0.000057
v -0.849682 -0.038105 -0.033506
v -0.983741 -0.258285 -0.033506
v -0.859896 -0.030493 0.000057
v -0.731058 0.196184 0.000057
v -0.720738 0.188758 -0.033506
v -0.849682 -0.038105 -0.033506
v -0.731058 0.196184 0.000057
v -0.543198 0.399065 0.000057
v -0.538854 0.386114 -0.033506
v -0.720738 0.188758 -0.033506
v -0.175044 0.112662 0.000057
v -0.187009 0.109460 0.033586
v -0.178920 0.018316 0.033586
v -0.166683 0.018316 0.000057
v -0.286209 0.348140 0.033586
v -0.308623 0.326209 0.047441
v -0.215826 0.101749 0.047441
v -0.187009 0.109460 0.033586
v -0.308547 0.326282 -0.047441
v -0.286156 0.348192 -0.033506
v -0.186940 0.109479 -0.033506
v -0.215730 0.101775 -0.047441
v -0.331014 0.304299 0.033506
v -0.340267 0.295245 -0.000056
v -0.256512 0.090862 -0.000056
v -0.244615 0.094045 0.033506
v -0.276903 0.357246 0.000057
v -0.286209 0.348140 0.033586
v -0.187009 0.109460 0.033586
v -0.175044 0.112662 0.000057
v -0.286156 0.348192 -0.033506
v -0.276903 0.357246 0.000057
v -0.175044 0.112662 0.000057
v -0.186940 0.109479 -0.033506
v -0.330961 0.304351 -0.033585
v -0.308547 0.326282 -0.047441
v -0.215730 0.101775 -0.047441
v -0.244547 0.094063 -0.033585
v -0.308623 0.326209 0.047441
v -0.331014 0.304299 0.033506
v -0.244615 0.094045 0.033506
v -0.215826 0.101749 0.047441
v -0.271550 0.399065 0.470451
v -0.138403 0.357246 0.239833
v -0.172095 0.348192 0.231066
v -0.298444 0.386114 0.449908
v -0.215826 0.101749 0.047441
v -0.244615 0.094045 0.033506
v -0.237833 0.018308 0.033506
v -0.208391 0.018316 0.047441
v -0.256512 0.090862 -0.000056
v -0.244547 0.094063 -0.033585
v -0.237764 0.018316 -0.033585
v -0.250000 0.018316 -0.000056
v -0.215730 0.101775 -0.047441
v -0.186940 0.109479 -0.033506
v -0.178850 0.018316 -0.033505
v -0.208292 0.018316 -0.047440
v -0.187009 0.109460 0.033586
v -0.215826 0.101749 0.047441
v -0.208391 0.018316 0.047441
v -0.178920 0.018316 0.033586
v -0.244615 0.094045 0.033506
v -0.256512 0.090862 -0.000056
v -0.250000 0.018316 -0.000056
v -0.237833 0.018308 0.033506
v -0.244547 0.094063 -0.033585
v -0.215730 0.101775 -0.047441
v -0.208292 0.018316 -0.047440
v -0.237764 0.018316 -0.033585
v -0.186940 0.109479 -0.033506
v -0.175044 0.112662 0.000057
v -0.166683 0.018316 0.000057
v -0.178850 0.018316 -0.033505
v -1.556392 -0.133738 0.047441
v -1.526797 -0.133738 0.033546
v -1.502191 -0.133738 0.061436
v -1.556392 -0.133738 0.086884
v -1.598246 -0.133738 0.000000
v -1.585987 -0.133738 0.033546
v -1.610593 -0.133738 0.061436
v -1.633044 -0.133738 0.000000
v -1.556392 -0.133738 -0.047441
v -1.585987 -0.133738 -0.033546
v -1.610593 -0.133738 -0.061436
v -1.556392 -0.133738 -0.086884
v -1.514538 -0.133738 0.000000
v -1.526797 -0.133738 -0.033546
v -1.502191 -0.133738 -0.061436
v -1.479740 -0.133738 0.000000
v -1.526797 -0.133738 0.033546
v -1.514538 -0.133738 0.000000
v -1.479740 -0.133738 0.000000
v -1.502191 -0.133738 0.061436
v -1.585987 -0.133738 0.033546
v -1.556392 -0.133738 0.047441
v -1.556392 -0.133738 0.086884
v -1.610593 -0.133738 0.061436
v -1.585987 -0.133738 -0.033546
v -1.598246 -0.133738 0.000000
v -1.633044 -0.133738 0.000000
v -1.610593 -0.133738 -0.061436
v -1.526797 -0.133738 -0.033546
v -1.556392 -0.133738 -0.047441
v -1.556392 -0.133738 -0.086884
v -1.502191 -0.133738 -0.061436
v -1.502191 -0.133738 -0.061436
v -1.556392 -0.133738 -0.086884
v -1.556392 -0.043174 -0.086884
v -1.502191 -0.043174 -0.061436
v -1.556392 -0.133738 0.086884
v -1.502191 -0.133738 0.061436
v -1.502191 -0.043174 0.061436
v -1.556392 -0.043174 0.086884
v -1.633044 -0.133738 0.000000
v -1.610593 -0.133738 0.061436
v -1.610593 -0.043174 0.061436
v -1.633044 -0.043174 0.000000
v -1.556392 -0.133738 -0.086884
v -1.610593 -0.133738 -0.061436
v -1.610593 -0.043174 -0.061436
v -1.556392 -0.043174 -0.086884
v -1.479740 -0.133738 0.000000
v -1.502191 -0.133738 -0.061436
v -1.502191 -0.043174 -0.061436
v -1.479740 -0.043174 0.000000
v -1.502191 -0.133738 0.061436
v -1.479740 -0.133738 0.000000
v -1.479740 -0.043174 0.000000
v -1.502191 -0.043174 0.061436
v -1.610593 -0.133738 0.061436
v -1.556392 -0.133738 0.086884
v -1.556392 -0.043174 0.086884
v -1.610593 -0.043174 0.061436
v -1.610593 -0.133738 -0.061436
v -1.633044 -0.133738 0.000000
v -1.633044 -0.043174 0.000000
v -1.610593 -0.043174 -0.061436
v -1.502191 -0.043174 0.061436
v -1.479740 -0.043174 0.000000
v -1.220452 0.066862 0.000000
v -1.318848 0.066862 0.269254
v -1.610593 -0.043174 0.061436
v -1.556392 -0.043174 0.086884
v -1.556392 0.066862 0.380783
v -1.793937 0.066862 0.269254
v -1.610593 -0.043174 -0.061436
v -1.633044 -0.043174 0.000000
v -1.892332 0.066862 0.000000
v -1.793937 0.066862 -0.269254
v -1.502191 -0.043174 -0.061436
v -1.556392 -0.043174 -0.086884
v -1.556392 0.066862 -0.380783
v -1.318848 0.066862 -0.269254
v -1.556392 -0.043174 0.086884
v -1.502191 -0.043174 0.061436
v -1.318848 0.066862 0.269254
v -1.556392 0.066862 0.380783
v -1.633044 -0.043174 0.000000
v -1.610593 -0.043174 0.061436
v -1.793937 0.066862 0.269254
v -1.892332 0.066862 0.000000
v -1.556392 -0.043174 -0.086884
v -1.610593 -0.043174 -0.061436
v -1.793937 0.066862 -0.269254
v -1.556392 0.066862 -0.380783
v -1.479740 -0.043174 0.000000
v -1.502191 -0.043174 -0.061436
v -1.318848 0.066862 -0.269254
v -1.220452 0.066862 0.000000
v -1.556392 0.066862 -0.380783
v -1.793937 0.066862 -0.269254
v -1.793937 0.106792 -0.269254
v -1.556392 0.106792 -0.380783
v -1.220452 0.066862 0.000000
v -1.318848 0.066862 -0.269254
v -1.318848 0.106792 -0.269254
v -1.220452 0.106792 0.000000
v -1.318848 0.066862 0.269254
v -1.220452 0.066862 0.000000
v -1.220452 0.106792 0.000000
v -1.318848 0.106792 0.269254
v -1.793937 0.066862 0.269254
v -1.556392 0.066862 0.380783
v -1.556392 0.106792 0.380783
v -1.793937 0.106792 0.269254
v -1.793937 0.066862 -0.269254
v -1.892332 0.066862 0.000000
v -1.892332 0.106792 0.000000
v -1.793937 0.106792 -0.269254
v -1.318848 0.066862 -0.269254
v -1.556392 0.066862 -0.380783
v -1.556392 0.106792 -0.380783
v -1.318848 0.106792 -0.269254
v -1.556392 0.066862 0.380783
v -1.318848 0.066862 0.269254
v -1.318848 0.106792 0.269254
v -1.556392 0.106792 0.380783
v -1.892332 0.066862 0.000000
v -1.793937 0.066862 0.269254
v -1.793937 0.106792 0.269254
v -1.892332 0.106792 0.000000
v -1.793937 0.106792 0.269254
v -1.556392 0.106792 0.380783
v -1.318848 0.106792 0.269254
v -1.318848 0.106792 0.269254
v -1.220452 0.106792 0.000000
v -1.892332 0.106792 0.000000
v -1.220452 0.106792 0.000000
v -1.318848 0.106792 -0.269254
v -1.793937 0.106792 -0.269254
v -1.318848 0.106792 -0.269254
v -1.556392 0.106792 -0.380783
v -1.793937 0.106792 -0.269254
v -1.793937 0.106792 -0.269254
v -1.892332 0.106792 0.000000
v -1.220452 0.106792 0.000000
v -1.892332 0.106792 0.000000
v -1.793937 0.106792 0.269254
v -1.318848 0.106792 0.269254
v -1.556392 0.106792 0.091481
v -1.556392 0.592156 0.091481
v -1.621079 0.592156 0.064687
v -1.621079 0.106792 0.064687
v -1.621079 0.106792 0.064687
v -1.621079 0.592156 0.064687
v -1.647873 0.592156 0.000000
v -1.647873 0.106792 0.000000
v -1.647873 0.106792 0.000000
v -1.647873 0.592156 0.000000
v -1.621079 0.592156 -0.064686
v -1.621079 0.106792 -0.064686
v -1.621079 0.106792 -0.064686
v -1.621079 0.592156 -0.064686
v -1.556392 0.592156 -0.091481
v -1.556392 0.106792 -0.091481
v -1.556392 0.106792 -0.091481
v -1.556392 0.592156 -0.091481
v -1.491706 0.592156 -0.064686
v -1.491706 0.106792 -0.064686
v -1.491706 0.106792 -0.064686
v -1.491706 0.592156 -0.064686
v -1.464912 0.592156 0.000000
v -1.464912 0.106792 0.000000
v -1.464912 0.106792 0.000000
v -1.464912 0.592156 0.000000
v -1.491706 0.592156 0.064687
v -1.491706 0.106792 0.064687
v -1.491706 0.106792 0.064687
v -1.491706 0.592156 0.064687
v -1.556392 0.592156 0.091481
v -1.556392 0.106792 0.091481
v -1.556392 0.592156 0.091481
v -1.491706 0.592156 0.064687
v -1.469898 0.683744 0.086495
v -1.556392 0.683744 0.122322
v -1.491706 0.592156 -0.064686
v -1.556392 0.592156 -0.091481
v -1.556392 0.683744 -0.122322
v -1.469898 0.683744 -0.086495
v -1.647873 0.592156 0.000000
v -1.621079 0.592156 0.064687
v -1.642887 0.683744 0.086495
v -1.678714 0.683744 0.000000
v -1.491706 0.592156 0.064687
v -1.464912 0.592156 0.000000
v -1.434070 0.683744 0.000000
v -1.469898 0.683744 0.086495
v -1.556392 0.592156 -0.091481
v -1.621079 0.592156 -0.064686
v -1.642887 0.683744 -0.086495
v -1.556392 0.683744 -0.122322
v -1.464912 0.592156 0.000000
v -1.491706 0.592156 -0.064686
v -1.469898 0.683744 -0.086495
v -1.434070 0.683744 0.000000
v -1.434070 0.683744 0.000000
v -1.469898 0.683744 -0.086495
v -1.469898 0.767091 -0.086495
v -1.434070 0.767091 0.000000
v -1.556392 0.683744 0.122322
v -1.469898 0.683744 0.086495
v -1.469898 0.767091 0.086495
v -1.556392 0.767091 0.122322
v -1.642887 0.683744 0.086495
v -1.556392 0.683744 0.122322
v -1.556392 0.767091 0.122322
v -1.642887 0.767091 0.086495
v -1.642887 0.683744 -0.086495
v -1.678714 0.683744 0.000000
v -1.678714 0.767091 0.000000
v -1.642887 0.767091 -0.086495
v -1.469898 0.683744 -0.086495
v -1.556392 0.683744 -0.122322
v -1.556392 0.767091 -0.122322
v -1.469898 0.767091 -0.086495
v -1.469898 0.683744 0.086495
v -1.434070 0.683744 0.000000
v -1.434070 0.767091 0.000000
v -1.469898 0.767091 0.086495
v -1.621079 0.592156 0.064687
v -1.556392 0.592156 0.091481
v -1.556392 0.683744 0.122322
v -1.642887 0.683744 0.086495
v -1.621079 0.592156 -0.064686
v -1.647873 0.592156 0.000000
v -1.678714 0.683744 0.000000
v -1.642887 0.683744 -0.086495
v -1.642887 0.767091 -0.086495
v -1.678714 0.767091 0.000000
v -1.624611 0.844589 0.000000
v -1.604630 0.844589 -0.048237
v -1.469898 0.767091 -0.086495
v -1.556392 0.767091 -0.122322
v -1.556392 0.844589 -0.068218
v -1.508155 0.844589 -0.048237
v -1.469898 0.767091 0.086495
v -1.434070 0.767091 0.000000
v -1.488174 0.844589 0.000000
v -1.508155 0.844589 0.048238
v -1.678714 0.767091 0.000000
v -1.642887 0.767091 0.086495
v -1.604630 0.844589 0.048238
v -1.624611 0.844589 0.000000
v -1.556392 0.767091 -0.122322
v -1.642887 0.767091 -0.086495
v -1.604630 0.844589 -0.048237
v -1.556392 0.844589 -0.068218
v -1.434070 0.767091 0.000000
v -1.469898 0.767091 -0.086495
v -1.508155 0.844589 -0.048237
v -1.488174 0.844589 0.000000
v -1.556392 0.683744 -0.122322
v -1.642887 0.683744 -0.086495
v -1.642887 0.767091 -0.086495
v -1.556392 0.767091 -0.122322
v -1.678714 0.683744 0.000000
v -1.642887 0.683744 0.086495
v -1.642887 0.767091 0.086495
v -1.678714 0.767091 0.000000
v -1.508155 0.844589 0.048238
v -1.488174 0.844589 0.000000
v -1.556392 0.895034 0.000000
v -1.624611 0.844589 0.000000
v -1.604630 0.844589 0.048238
v -1.556392 0.895034 0.000000
v -1.556392 0.844589 -0.068218
v -1.604630 0.844589 -0.048237
v -1.556392 0.895034 0.000000
v -1.488174 0.844589 0.000000
v -1.508155 0.844589 -0.048237
v -1.556392 0.895034 0.000000
v -1.556392 0.844589 0.068218
v -1.508155 0.844589 0.048238
v -1.556392 0.895034 0.000000
v -1.604630 0.844589 0.048238
v -1.556392 0.844589 0.068218
v -1.556392 0.895034 0.000000
v -1.642887 0.767091 0.086495
v -1.556392 0.767091 0.122322
v -1.556392 0.844589 0.068218
v -1.604630 0.844589 0.048238
v -1.556392 0.767091 0.122322
v -1.469898 0.767091 0.086495
v -1.508155 0.844589 0.048238
v -1.556392 0.844589 0.068218
v -1.508155 0.844589 -0.048237
v -1.556392 0.844589 -0.068218
v -1.556392 0.895034 0.000000
v -1.604630 0.844589 -0.048237
v -1.624611 0.844589 0.000000
v -1.556392 0.895034 0.000000
v -1.556392 0.592156 0.060333
v -1.513730 0.592156 0.042662
v -1.499347 0.652560 0.057045
v -1.556392 0.652560 0.080674
v -1.513730 0.592156 -0.042662
v -1.556392 0.592156 -0.060333
v -1.556392 0.652560 -0.080674
v -1.499347 0.652560 -0.057045
v -1.616725 0.592156 0.000000
v -1.599054 0.592156 0.042662
v -1.613437 0.652560 0.057045
v -1.637066 0.652560 0.000000
v -1.513730 0.592156 0.042662
v -1.496059 0.592156 0.000000
v -1.475719 0.652560 0.000000
v -1.499347 0.652560 0.057045
v -1.556392 0.592156 -0.060333
v -1.599054 0.592156 -0.042662
v -1.613437 0.652560 -0.057045
v -1.556392 0.652560 -0.080674
v -1.496059 0.592156 0.000000
v -1.513730 0.592156 -0.042662
v -1.499347 0.652560 -0.057045
v -1.475719 0.652560 0.000000
v -1.475719 0.652560 0.000000
v -1.499347 0.652560 -0.057045
v -1.499347 0.707529 -0.057045
v -1.475719 0.707529 0.000000
v -1.556392 0.652560 0.080674
v -1.499347 0.652560 0.057045
v -1.499347 0.707529 0.057045
v -1.556392 0.707529 0.080674
v -1.613437 0.652560 0.057045
v -1.556392 0.652560 0.080674
v -1.556392 0.707529 0.080674
v -1.613437 0.707529 0.057045
v -1.613437 0.652560 -0.057045
v -1.637066 0.652560 0.000000
v -1.637066 0.707529 0.000000
v -1.613437 0.707529 -0.057045
v -1.499347 0.652560 -0.057045
v -1.556392 0.652560 -0.080674
v -1.556392 0.707529 -0.080674
v -1.499347 0.707529 -0.057045
v -1.499347 0.652560 0.057045
v -1.475719 0.652560 0.000000
v -1.475719 0.707529 0.000000
v -1.499347 0.707529 0.057045
v -1.599054 0.592156 0.042662
v -1.556392 0.592156 0.060333
v -1.556392 0.652560 0.080674
v -1.613437 0.652560 0.057045
v -1.599054 0.592156 -0.042662
v -1.616725 0.592156 0.000000
v -1.637066 0.652560 0.000000
v -1.613437 0.652560 -0.057045
v -1.613437 0.707529 -0.057045
v -1.637066 0.707529 0.000000
v -1.601384 0.758640 0.000000
v -1.588206 0.758640 -0.031813
v -1.499347 0.707529 -0.057045
v -1.556392 0.707529 -0.080674
v -1.556392 0.758640 -0.044991
v -1.524579 0.758640 -0.031813
v -1.499347 0.707529 0.057045
v -1.475719 0.707529 0.000000
v -1.511401 0.758640 0.000000
v -1.524579 0.758640 0.031814
v -1.637066 0.707529 0.000000
v -1.613437 0.707529 0.057045
v -1.588206 0.758640 0.031814
v -1.601384 0.758640 0.000000
v -1.556392 0.707529 -0.080674
v -1.613437 0.707529 -0.057045
v -1.588206 0.758640 -0.031813
v -1.556392 0.758640 -0.044991
v -1.475719 0.707529 0.000000
v -1.499347 0.707529 -0.057045
v -1.524579 0.758640 -0.031813
v -1.511401 0.758640 0.000000
v -1.556392 0.652560 -0.080674
v -1.613437 0.652560 -0.057045
v -1.613437 0.707529 -0.057045
v -1.556392 0.707529 -0.080674
v -1.637066 0.652560 0.000000
v -1.613437 0.652560 0.057045
v -1.613437 0.707529 0.057045
v -1.637066 0.707529 0.000000
v -1.524579 0.758640 0.031814
v -1.511401 0.758640 0.000000
v -1.556392 0.791910 0.000000
v -1.601384 0.758640 0.000000
v -1.588206 0.758640 0.031814
v -1.556392 0.791910 0.000000
v -1.556392 0.758640 -0.044991
v -1.588206 0.758640 -0.031813
v -1.556392 0.791910 0.000000
v -1.511401 0.758640 0.000000
v -1.524579 0.758640 -0.031813
v -1.556392 0.791910 0.000000
v -1.556392 0.758640 0.044991
v -1.524579 0.758640 0.031814
v -1.556392 0.791910 0.000000
v -1.588206 0.758640 0.031814
v -1.556392 0.758640 0.044991
v -1.556392 0.791910 0.000000
v -1.613437 0.707529 0.057045
v -1.556392 0.707529 0.080674
v -1.556392 0.758640 0.044991
v -1.588206 0.758640 0.031814
v -1.556392 0.707529 0.080674
v -1.499347 0.707529 0.057045
v -1.524579 0.758640 0.031814
v -1.556392 0.758640 0.044991
v -1.588206 0.758640 -0.031813
v -1.601384 0.758640 0.000000
v -1.556392 0.791910 0.000000
v -1.464912 0.592156 0.000000
v -1.496059 0.592156 0.000000
v -1.513730 0.592156 0.042662
v -1.647873 0.592156 0.000000
v -1.616725 0.592156 0.000000
v -1.599054 0.592156 -0.042662
v -1.496059 0.592156 0.000000
v -1.464912 0.592156 0.000000
v -1.513730 0.592156 -0.042662
v -1.647873 0.592156 0.000000
v -1.621079 0.592156 0.064687
v -1.599054 0.592156 0.042662
v -1.491706 0.592156 0.064687
v -1.464912 0.592156 0.000000
v -1.513730 0.592156 0.042662
v -1.513730 0.592156 0.042662
v -1.556392 0.592156 0.060333
v -1.491706 0.592156 0.064687
v -1.556392 0.592156 0.060333
v -1.621079 0.592156 0.064687
v -1.491706 0.592156 0.064687
v -1.491706 0.592156 -0.064686
v -1.556392 0.592156 -0.091481
v -1.621079 0.592156 -0.064686
v -1.556392 0.592156 -0.060333
v -1.491706 0.592156 -0.064686
v -1.621079 0.592156 -0.064686
v -1.621079 0.592156 -0.064686
v -1.599054 0.592156 -0.042662
v -1.556392 0.592156 -0.060333
v -1.599054 0.592156 0.042662
v -1.621079 0.592156 0.064687
v -1.556392 0.592156 0.060333
v -1.621079 0.592156 0.064687
v -1.556392 0.592156 0.091481
v -1.491706 0.592156 0.064687
v -1.621079 0.592156 -0.064686
v -1.647873 0.592156 0.000000
v -1.599054 0.592156 -0.042662
v -1.616725 0.592156 0.000000
v -1.647873 0.592156 0.000000
v -1.599054 0.592156 0.042662
v -1.464912 0.592156 0.000000
v -1.491706 0.592156 -0.064686
v -1.513730 0.592156 -0.042662
v -1.556392 0.592156 -0.060333
v -1.513730 0.592156 -0.042662
v -1.491706 0.592156 -0.064686
v -1.556392 0.758640 -0.044991
v -1.556392 0.791910 0.000000
v -1.524579 0.758640 -0.031813
v -0.298444 0.386114 0.449908
v -0.172095 0.348192 0.231066
v -0.195359 0.326282 0.243490
v -0.305256 0.354773 0.433837
v -0.305256 0.354773 0.433837
v -0.195359 0.326282 0.243490
v -0.194566 0.304351 0.269828
v -0.287996 0.323402 0.431652
v -0.287996 0.323402 0.431652
v -0.194566 0.304351 0.269828
v -0.170182 0.295245 0.294652
v -0.256774 0.310376 0.444633
v -0.256774 0.310376 0.444633
v -0.170182 0.295245 0.294652
v -0.136490 0.304299 0.303420
v -0.229880 0.323327 0.465176
v -0.229880 0.323327 0.465176
v -0.136490 0.304299 0.303420
v -0.113226 0.326209 0.290996
v -0.223068 0.354668 0.481248
v -0.170182 0.295245 0.294652
v -0.194566 0.304351 0.269828
v -0.151359 0.094063 0.194991
v -0.128305 0.090862 0.222118
v -0.223068 0.354668 0.481248
v -0.113226 0.326209 0.290996
v -0.114018 0.348140 0.264657
v -0.240328 0.386039 0.483432
v -0.240328 0.386039 0.483432
v -0.114018 0.348140 0.264657
v -0.138403 0.357246 0.239833
v -0.271550 0.399065 0.470451
v -0.734347 -0.133738 1.339018
v -0.726745 -0.241920 1.325863
v -0.750242 -0.236046 1.299469
v -0.757269 -0.133738 1.311629
v -0.726745 -0.241920 1.325863
v -0.652988 -0.417081 1.199753
v -0.679589 -0.404461 1.178669
v -0.750242 -0.236046 1.299469
v -0.652988 -0.417081 1.199753
v -0.550220 -0.414917 1.018113
v -0.581546 -0.401930 1.005371
v -0.679589 -0.404461 1.178669
v -0.550220 -0.414917 1.018113
v -0.462757 -0.258334 0.868690
v -0.496628 -0.249727 0.860298
v -0.581546 -0.401930 1.005371
v -0.462757 -0.258334 0.868690
v -0.395726 -0.038149 0.752588
v -0.429899 -0.030493 0.744720
v -0.496628 -0.249727 0.860298
v -0.395726 -0.038149 0.752588
v -0.331253 0.188716 0.640919
v -0.365480 0.196184 0.633143
v -0.429899 -0.030493 0.744720
v -0.331253 0.188716 0.640919
v -0.240328 0.386039 0.483432
v -0.271550 0.399065 0.470451
v -0.365480 0.196184 0.633143
v -0.737111 -0.133738 1.371596
v -0.728115 -0.256133 1.356026
v -0.726745 -0.241920 1.325863
v -0.734347 -0.133738 1.339018
v -0.728115 -0.256133 1.356026
v -0.646924 -0.447671 1.217199
v -0.652988 -0.417081 1.199753
v -0.726745 -0.241920 1.325863
v -0.646924 -0.447671 1.217199
v -0.532622 -0.445960 1.015198
v -0.550220 -0.414917 1.018113
v -0.652988 -0.417081 1.199753
v -0.532622 -0.445960 1.015198
v -0.439115 -0.279064 0.855451
v -0.462757 -0.258334 0.868690
v -0.550220 -0.414917 1.018113
v -0.439115 -0.279064 0.855451
v -0.371356 -0.056588 0.738090
v -0.395726 -0.038149 0.752588
v -0.462757 -0.258334 0.868690
v -0.371356 -0.056588 0.738090
v -0.306756 0.170727 0.626199
v -0.331253 0.188716 0.640919
v -0.395726 -0.038149 0.752588
v -0.306756 0.170727 0.626199
v -0.223068 0.354668 0.481248
v -0.240328 0.386039 0.483432
v -0.331253 0.188716 0.640919
v -0.763942 -0.133738 1.390278
v -0.753549 -0.270360 1.372290
v -0.728115 -0.256133 1.356026
v -0.737111 -0.133738 1.371596
v -0.753549 -0.270360 1.372290
v -0.664948 -0.478311 1.220787
v -0.646924 -0.447671 1.217199
v -0.728115 -0.256133 1.356026
v -0.664948 -0.478311 1.220787
v -0.539058 -0.476873 0.998334
v -0.532622 -0.445960 1.015198
v -0.646924 -0.447671 1.217199
v -0.539058 -0.476873 0.998334
v -0.439551 -0.299774 0.828337
v -0.439115 -0.279064 0.855451
v -0.532622 -0.445960 1.015198
v -0.439551 -0.299774 0.828337
v -0.371066 -0.075009 0.709717
v -0.371356 -0.056588 0.738090
v -0.439115 -0.279064 0.855451
v -0.371066 -0.075009 0.709717
v -0.306337 0.152755 0.597604
v -0.306756 0.170727 0.626199
v -0.371356 -0.056588 0.738090
v -0.306337 0.152755 0.597604
v -0.229880 0.323327 0.465176
v -0.223068 0.354668 0.481248
v -0.306756 0.170727 0.626199
v -0.799123 -0.133738 1.384122
v -0.788149 -0.276266 1.365127
v -0.753549 -0.270360 1.372290
v -0.763942 -0.133738 1.390278
v -0.788149 -0.276266 1.365127
v -0.696502 -0.491053 1.208415
v -0.664948 -0.478311 1.220787
v -0.753549 -0.270360 1.372290
v -0.696502 -0.491053 1.208415
v -0.565759 -0.489549 0.977400
v -0.539058 -0.476873 0.998334
v -0.664948 -0.478311 1.220787
v -0.565759 -0.489549 0.977400
v -0.463810 -0.308332 0.803230
v -0.439551 -0.299774 0.828337
v -0.539058 -0.476873 0.998334
v -0.463810 -0.308332 0.803230
v -0.395025 -0.082621 0.684091
v -0.371066 -0.075009 0.709717
v -0.439551 -0.299774 0.828337
v -0.395025 -0.082621 0.684091
v -0.330243 0.145329 0.571886
v -0.306337 0.152755 0.597604
v -0.371066 -0.075009 0.709717
v -0.330243 0.145329 0.571886
v -0.256774 0.310376 0.444633
v -0.229880 0.323327 0.465176
v -0.306337 0.152755 0.597604
v -0.822045 -0.133738 1.356733
v -0.811646 -0.270392 1.338733
v -0.788149 -0.276266 1.365127
v -0.799123 -0.133738 1.384122
v -0.811646 -0.270392 1.338733
v -0.723103 -0.478433 1.187331
v -0.696502 -0.491053 1.208415
v -0.788149 -0.276266 1.365127
v -0.723103 -0.478433 1.187331
v -0.597084 -0.476562 0.964658
v -0.565759 -0.489549 0.977400
v -0.696502 -0.491053 1.208415
v -0.597084 -0.476562 0.964658
v -0.497681 -0.299725 0.794839
v -0.463810 -0.308332 0.803230
v -0.565759 -0.489549 0.977400
v -0.497681 -0.299725 0.794839
v -0.429198 -0.074965 0.676222
v -0.395025 -0.082621 0.684091
v -0.463810 -0.308332 0.803230
v -0.429198 -0.074965 0.676222
v -0.364470 0.152798 0.564110
v -0.330243 0.145329 0.571886
v -0.395025 -0.082621 0.684091
v -0.364470 0.152798 0.564110
v -0.287996 0.323402 0.431652
v -0.256774 0.310376 0.444633
v -0.330243 0.145329 0.571886
v -0.819281 -0.133738 1.324155
v -0.810276 -0.256179 1.308570
v -0.811646 -0.270392 1.338733
v -0.822045 -0.133738 1.356733
v -0.810276 -0.256179 1.308570
v -0.729167 -0.447843 1.169885
v -0.723103 -0.478433 1.187331
v -0.811646 -0.270392 1.338733
v -0.729167 -0.447843 1.169885
v -0.614683 -0.445519 0.967573
v -0.597084 -0.476562 0.964658
v -0.723103 -0.478433 1.187331
v -0.614683 -0.445519 0.967573
v -0.521324 -0.278995 0.808078
v -0.497681 -0.299725 0.794839
v -0.597084 -0.476562 0.964658
v -0.521324 -0.278995 0.808078
v -0.453568 -0.056526 0.690721
v -0.429198 -0.074965 0.676222
v -0.497681 -0.299725 0.794839
v -0.453568 -0.056526 0.690721
v -0.388968 0.170787 0.578831
v -0.364470 0.152798 0.564110
v -0.429198 -0.074965 0.676222
v -0.388968 0.170787 0.578831
v -0.305256 0.354773 0.433837
v -0.287996 0.323402 0.431652
v -0.364470 0.152798 0.564110
v -0.792450 -0.133738 1.305472
v -0.784841 -0.241952 1.292306
v -0.810276 -0.256179 1.308570
v -0.819281 -0.133738 1.324155
v -0.784841 -0.241952 1.292306
v -0.711143 -0.417203 1.166297
v -0.729167 -0.447843 1.169885
v -0.810276 -0.256179 1.308570
v -0.711143 -0.417203 1.166297
v -0.608247 -0.414605 0.984436
v -0.614683 -0.445519 0.967573
v -0.729167 -0.447843 1.169885
v -0.608247 -0.414605 0.984436
v -0.520887 -0.258285 0.835192
v -0.521324 -0.278995 0.808078
v -0.614683 -0.445519 0.967573
v -0.520887 -0.258285 0.835192
v -0.453858 -0.038105 0.719094
v -0.453568 -0.056526 0.690721
v -0.521324 -0.278995 0.808078
v -0.453858 -0.038105 0.719094
v -0.389386 0.188758 0.607425
v -0.388968 0.170787 0.578831
v -0.453568 -0.056526 0.690721
v -0.389386 0.188758 0.607425
v -0.298444 0.386114 0.449908
v -0.305256 0.354773 0.433837
v -0.388968 0.170787 0.578831
v -0.757269 -0.133738 1.311629
v -0.750242 -0.236046 1.299469
v -0.784841 -0.241952 1.292306
v -0.792450 -0.133738 1.305472
v -0.750242 -0.236046 1.299469
v -0.679589 -0.404461 1.178669
v -0.711143 -0.417203 1.166297
v -0.784841 -0.241952 1.292306
v -0.679589 -0.404461 1.178669
v -0.581546 -0.401930 1.005371
v -0.608247 -0.414605 0.984436
v -0.711143 -0.417203 1.166297
v -0.581546 -0.401930 1.005371
v -0.496628 -0.249727 0.860298
v -0.520887 -0.258285 0.835192
v -0.608247 -0.414605 0.984436
v -0.496628 -0.249727 0.860298
v -0.429899 -0.030493 0.744720
v -0.453858 -0.038105 0.719094
v -0.520887 -0.258285 0.835192
v -0.429899 -0.030493 0.744720
v -0.365480 0.196184 0.633143
v -0.389386 0.188758 0.607425
v -0.453858 -0.038105 0.719094
v -0.365480 0.196184 0.633143
v -0.271550 0.399065 0.470451
v -0.298444 0.386114 0.449908
v -0.389386 0.188758 0.607425
v -0.087473 0.112662 0.151621
v -0.064418 0.109460 0.178747
v -0.060374 0.018316 0.171742
v -0.083293 0.018316 0.144380
v -0.114018 0.348140 0.264657
v -0.113226 0.326209 0.290996
v -0.066828 0.101749 0.210632
v -0.064418 0.109460 0.178747
v -0.195359 0.326282 0.243490
v -0.172095 0.348192 0.231066
v -0.122487 0.109479 0.145142
v -0.148950 0.101775 0.163107
v -0.136490 0.304299 0.303420
v -0.170182 0.295245 0.294652
v -0.128305 0.090862 0.222118
v -0.093291 0.094045 0.228596
v -0.138403 0.357246 0.239833
v -0.114018 0.348140 0.264657
v -0.064418 0.109460 0.178747
v -0.087473 0.112662 0.151621
v -0.172095 0.348192 0.231066
v -0.138403 0.357246 0.239833
v -0.087473 0.112662 0.151621
v -0.122487 0.109479 0.145142
v -0.194566 0.304351 0.269828
v -0.195359 0.326282 0.243490
v -0.148950 0.101775 0.163107
v -0.151359 0.094063 0.194991
v -0.113226 0.326209 0.290996
v -0.136490 0.304299 0.303420
v -0.093291 0.094045 0.228596
v -0.066828 0.101749 0.210632
v -0.066828 0.101749 0.210632
v -0.093291 0.094045 0.228596
v -0.089900 0.018308 0.222723
v -0.063110 0.018316 0.204193
v -0.128305 0.090862 0.222118
v -0.151359 0.094063 0.194991
v -0.147968 0.018316 0.189117
v -0.125049 0.018316 0.216478
v -0.148950 0.101775 0.163107
v -0.122487 0.109479 0.145142
v -0.118442 0.018316 0.138136
v -0.145231 0.018316 0.156666
v -0.064418 0.109460 0.178747
v -0.066828 0.101749 0.210632
v -0.063110 0.018316 0.204193
v -0.060374 0.018316 0.171742
v -0.093291 0.094045 0.228596
v -0.128305 0.090862 0.222118
v -0.125049 0.018316 0.216478
v -0.089900 0.018308 0.222723
v -0.151359 0.094063 0.194991
v -0.148950 0.101775 0.163107
v -0.145231 0.018316 0.156666
v -0.147968 0.018316 0.189117
v -0.122487 0.109479 0.145142
v -0.087473 0.112662 0.151621
v -0.083293 0.018316 0.144380
v -0.118442 0.018316 0.138136
v -0.737111 -0.133738 1.371596
v -0.734347 -0.133738 1.339018
v -0.697890 -0.133738 1.331654
v -0.702952 -0.133738 1.391317
v -0.799123 -0.133738 1.384122
v -0.763942 -0.133738 1.390278
v -0.752091 -0.133738 1.425533
v -0.816522 -0.133738 1.414258
v -0.819281 -0.133738 1.324155
v -0.822045 -0.133738 1.356733
v -0.858502 -0.133738 1.364097
v -0.853440 -0.133738 1.304433
v -0.757269 -0.133738 1.311629
v -0.792450 -0.133738 1.305472
v -0.804301 -0.133738 1.270218
v -0.739870 -0.133738 1.281493
v -0.734347 -0.133738 1.339018
v -0.757269 -0.133738 1.311629
v -0.739870 -0.133738 1.281493
v -0.697890 -0.133738 1.331654
v -0.763942 -0.133738 1.390278
v -0.737111 -0.133738 1.371596
v -0.702952 -0.133738 1.391317
v -0.752091 -0.133738 1.425533
v -0.822045 -0.133738 1.356733
v -0.799123 -0.133738 1.384122
v -0.816522 -0.133738 1.414258
v -0.858502 -0.133738 1.364097
v -0.792450 -0.133738 1.305472
v -0.819281 -0.133738 1.324155
v -0.853440 -0.133738 1.304433
v -0.804301 -0.133738 1.270218
v -0.804301 -0.133738 1.270218
v -0.853440 -0.133738 1.304433
v -0.853440 -0.043174 1.304433
v -0.804301 -0.043174 1.270218
v -0.702952 -0.133738 1.391317
v -0.697890 -0.133738 1.331654
v -0.697890 -0.043174 1.331654
v -0.702952 -0.043174 1.391317
v -0.816522 -0.133738 1.414258
v -0.752091 -0.133738 1.425533
v -0.752091 -0.043174 1.425533
v -0.816522 -0.043174 1.414258
v -0.853440 -0.133738 1.304433
v -0.858502 -0.133738 1.364097
v -0.858502 -0.043174 1.364097
v -0.853440 -0.043174 1.304433
v -0.739870 -0.133738 1.281493
v -0.804301 -0.133738 1.270218
v -0.804301 -0.043174 1.270218
v -0.739870 -0.043174 1.281493
v -0.697890 -0.133738 1.331654
v -0.739870 -0.133738 1.281493
v -0.739870 -0.043174 1.281493
v -0.697890 -0.043174 1.331654
v -0.752091 -0.133738 1.425533
v -0.702952 -0.133738 1.391317
v -0.702952 -0.043174 1.391317
v -0.752091 -0.043174 1.425533
v -0.858502 -0.133738 1.364097
v -0.816522 -0.133738 1.414258
v -0.816522 -0.043174 1.414258
v -0.858502 -0.043174 1.364097
v -0.697890 -0.043174 1.331654
v -0.739870 -0.043174 1.281493
v -0.610226 0.066862 1.056943
v -0.426243 0.066862 1.276783
v -0.752091 -0.043174 1.425533
v -0.702952 -0.043174 1.391317
v -0.448428 0.066862 1.538267
v -0.663787 0.066862 1.688223
v -0.858502 -0.043174 1.364097
v -0.816522 -0.043174 1.414258
v -0.946166 0.066862 1.638808
v -1.130150 0.066862 1.418968
v -0.804301 -0.043174 1.270218
v -0.853440 -0.043174 1.304433
v -1.107964 0.066862 1.157484
v -0.892605 0.066862 1.007529
v -0.702952 -0.043174 1.391317
v -0.697890 -0.043174 1.331654
v -0.426243 0.066862 1.276783
v -0.448428 0.066862 1.538267
v -0.816522 -0.043174 1.414258
v -0.752091 -0.043174 1.425533
v -0.663787 0.066862 1.688223
v -0.946166 0.066862 1.638808
v -0.853440 -0.043174 1.304433
v -0.858502 -0.043174 1.364097
v -1.130150 0.066862 1.418968
v -1.107964 0.066862 1.157484
v -0.739870 -0.043174 1.281493
v -0.804301 -0.043174 1.270218
v -0.892605 0.066862 1.007529
v -0.610226 0.066862 1.056943
v -1.107964 0.066862 1.157484
v -1.130150 0.066862 1.418968
v -1.130150 0.106792 1.418968
v -1.107964 0.106792 1.157484
v -0.610226 0.066862 1.056943
v -0.892605 0.066862 1.007529
v -0.892605 0.106792 1.007529
v -0.610226 0.106792 1.056943
v -0.426243 0.066862 1.276783
v -0.610226 0.066862 1.056943
v -0.610226 0.106792 1.056943
v -0.426243 0.106792 1.276783
v -0.663787 0.066862 1.688223
v -0.448428 0.066862 1.538267
v -0.448428 0.106792 1.538267
v -0.663787 0.106792 1.688223
v -1.130150 0.066862 1.418968
v -0.946166 0.066862 1.638808
v -0.946166 0.106792 1.638808
v -1.130150 0.106792 1.418968
v -0.892605 0.066862 1.007529
v -1.107964 0.066862 1.157484
v -1.107964 0.106792 1.157484
v -0.892605 0.106792 1.007529
v -0.448428 0.066862 1.538267
v -0.426243 0.066862 1.276783
v -0.426243 0.106792 1.276783
v -0.448428 0.106792 1.538267
v -0.946166 0.066862 1.638808
v -0.663787 0.066862 1.688223
v -0.663787 0.106792 1.688223
v -0.946166 0.106792 1.638808
v -0.663787 0.106792 1.688223
v -0.448428 0.106792 1.538267
v -0.426243 0.106792 1.276783
v -0.426243 0.106792 1.276783
v -0.610226 0.106792 1.056943
v -0.946166 0.106792 1.638808
v -0.610226 0.106792 1.056943
v -0.892605 0.106792 1.007529
v -1.130150 0.106792 1.418968
v -0.892605 0.106792 1.007529
v -1.107964 0.106792 1.157484
v -1.130150 0.106792 1.418968
v -1.130150 0.106792 1.418968
v -0.946166 0.106792 1.638808
v -0.610226 0.106792 1.056943
v -0.946166 0.106792 1.638808
v -0.663787 0.106792 1.688223
v -0.426243 0.106792 1.276783
v -0.698972 0.106792 1.393616
v -0.698972 0.592156 1.393616
v -0.754519 0.592156 1.436239
v -0.754519 0.106792 1.436239
v -0.754519 0.106792 1.436239
v -0.754519 0.592156 1.436239
v -0.823936 0.592156 1.427100
v -0.823936 0.106792 1.427100
v -0.823936 0.106792 1.427100
v -0.823936 0.592156 1.427100
v -0.866560 0.592156 1.371553
v -0.866560 0.106792 1.371553
v -0.866560 0.106792 1.371553
v -0.866560 0.592156 1.371553
v -0.857421 0.592156 1.302135
v -0.857421 0.106792 1.302135
v -0.857421 0.106792 1.302135
v -0.857421 0.592156 1.302135
v -0.801873 0.592156 1.259512
v -0.801873 0.106792 1.259512
v -0.801873 0.106792 1.259512
v -0.801873 0.592156 1.259512
v -0.732456 0.592156 1.268651
v -0.732456 0.106792 1.268651
v -0.732456 0.106792 1.268651
v -0.732456 0.592156 1.268651
v -0.689833 0.592156 1.324199
v -0.689833 0.106792 1.324199
v -0.689833 0.106792 1.324199
v -0.689833 0.592156 1.324199
v -0.698972 0.592156 1.393616
v -0.698972 0.106792 1.393616
v -0.698972 0.592156 1.393616
v -0.689833 0.592156 1.324199
v -0.660042 0.683744 1.316216
v -0.672262 0.683744 1.409037
v -0.801873 0.592156 1.259512
v -0.857421 0.592156 1.302135
v -0.884130 0.683744 1.286715
v -0.809855 0.683744 1.229721
v -0.823936 0.592156 1.427100
v -0.754519 0.592156 1.436239
v -0.746537 0.683744 1.466030
v -0.839357 0.683744 1.453810
v -0.689833 0.592156 1.324199
v -0.732456 0.592156 1.268651
v -0.717035 0.683744 1.241942
v -0.660042 0.683744 1.316216
v -0.857421 0.592156 1.302135
v -0.866560 0.592156 1.371553
v -0.896350 0.683744 1.379535
v -0.884130 0.683744 1.286715
v -0.732456 0.592156 1.268651
v -0.801873 0.592156 1.259512
v -0.809855 0.683744 1.229721
v -0.717035 0.683744 1.241942
v -0.717035 0.683744 1.241942
v -0.809855 0.683744 1.229721
v -0.809855 0.767091 1.229721
v -0.717035 0.767091 1.241942
v -0.672262 0.683744 1.409037
v -0.660042 0.683744 1.316216
v -0.660042 0.767091 1.316216
v -0.672262 0.767091 1.409037
v -0.746537 0.683744 1.466030
v -0.672262 0.683744 1.409037
v -0.672262 0.767091 1.409037
v -0.746537 0.767091 1.466030
v -0.896350 0.683744 1.379535
v -0.839357 0.683744 1.453810
v -0.839357 0.767091 1.453810
v -0.896350 0.767091 1.379535
v -0.809855 0.683744 1.229721
v -0.884130 0.683744 1.286715
v -0.884130 0.767091 1.286715
v -0.809855 0.767091 1.229721
v -0.660042 0.683744 1.316216
v -0.717035 0.683744 1.241942
v -0.717035 0.767091 1.241942
v -0.660042 0.767091 1.316216
v -0.754519 0.592156 1.436239
v -0.698972 0.592156 1.393616
v -0.672262 0.683744 1.409037
v -0.746537 0.683744 1.466030
v -0.866560 0.592156 1.371553
v -0.823936 0.592156 1.427100
v -0.839357 0.683744 1.453810
v -0.896350 0.683744 1.379535
v -0.896350 0.767091 1.379535
v -0.839357 0.767091 1.453810
v -0.812305 0.844589 1.406954
v -0.844090 0.844589 1.365532
v -0.809855 0.767091 1.229721
v -0.884130 0.767091 1.286715
v -0.837275 0.844589 1.313766
v -0.795852 0.844589 1.281982
v -0.660042 0.767091 1.316216
v -0.717035 0.767091 1.241942
v -0.744087 0.844589 1.288797
v -0.712302 0.844589 1.330219
v -0.839357 0.767091 1.453810
v -0.746537 0.767091 1.466030
v -0.760540 0.844589 1.413769
v -0.812305 0.844589 1.406954
v -0.884130 0.767091 1.286715
v -0.896350 0.767091 1.379535
v -0.844090 0.844589 1.365532
v -0.837275 0.844589 1.313766
v -0.717035 0.767091 1.241942
v -0.809855 0.767091 1.229721
v -0.795852 0.844589 1.281982
v -0.744087 0.844589 1.288797
v -0.884130 0.683744 1.286715
v -0.896350 0.683744 1.379535
v -0.896350 0.767091 1.379535
v -0.884130 0.767091 1.286715
v -0.839357 0.683744 1.453810
v -0.746537 0.683744 1.466030
v -0.746537 0.767091 1.466030
v -0.839357 0.767091 1.453810
v -0.712302 0.844589 1.330219
v -0.744087 0.844589 1.288797
v -0.778196 0.895034 1.347876
v -0.812305 0.844589 1.406954
v -0.760540 0.844589 1.413769
v -0.778196 0.895034 1.347876
v -0.837275 0.844589 1.313766
v -0.844090 0.844589 1.365532
v -0.778196 0.895034 1.347876
v -0.744087 0.844589 1.288797
v -0.795852 0.844589 1.281982
v -0.778196 0.895034 1.347876
v -0.719117 0.844589 1.381985
v -0.712302 0.844589 1.330219
v -0.778196 0.895034 1.347876
v -0.760540 0.844589 1.413769
v -0.719117 0.844589 1.381985
v -0.778196 0.895034 1.347876
v -0.746537 0.767091 1.466030
v -0.672262 0.767091 1.409037
v -0.719117 0.844589 1.381985
v -0.760540 0.844589 1.413769
v -0.672262 0.767091 1.409037
v -0.660042 0.767091 1.316216
v -0.712302 0.844589 1.330219
v -0.719117 0.844589 1.381985
v -0.795852 0.844589 1.281982
v -0.837275 0.844589 1.313766
v -0.778196 0.895034 1.347876
v -0.844090 0.844589 1.365532
v -0.812305 0.844589 1.406954
v -0.778196 0.895034 1.347876
v -0.725946 0.592156 1.378042
v -0.719919 0.592156 1.332260
v -0.700271 0.652560 1.326996
v -0.708331 0.652560 1.388212
v -0.793812 0.592156 1.289598
v -0.830446 0.592156 1.317709
v -0.848062 0.652560 1.307539
v -0.799076 0.652560 1.269951
v -0.808363 0.592156 1.400126
v -0.762581 0.592156 1.406153
v -0.757316 0.652560 1.425800
v -0.818533 0.652560 1.417741
v -0.719919 0.592156 1.332260
v -0.748030 0.592156 1.295626
v -0.737859 0.652560 1.278010
v -0.700271 0.652560 1.326996
v -0.830446 0.592156 1.317709
v -0.836474 0.592156 1.363491
v -0.856121 0.652560 1.368755
v -0.848062 0.652560 1.307539
v -0.748030 0.592156 1.295626
v -0.793812 0.592156 1.289598
v -0.799076 0.652560 1.269951
v -0.737859 0.652560 1.278010
v -0.737859 0.652560 1.278010
v -0.799076 0.652560 1.269951
v -0.799076 0.707529 1.269951
v -0.737859 0.707529 1.278010
v -0.708331 0.652560 1.388212
v -0.700271 0.652560 1.326996
v -0.700271 0.707529 1.326996
v -0.708331 0.707529 1.388212
v -0.757316 0.652560 1.425800
v -0.708331 0.652560 1.388212
v -0.708331 0.707529 1.388212
v -0.757316 0.707529 1.425800
v -0.856121 0.652560 1.368755
v -0.818533 0.652560 1.417741
v -0.818533 0.707529 1.417741
v -0.856121 0.707529 1.368755
v -0.799076 0.652560 1.269951
v -0.848062 0.652560 1.307539
v -0.848062 0.707529 1.307539
v -0.799076 0.707529 1.269951
v -0.700271 0.652560 1.326996
v -0.737859 0.652560 1.278010
v -0.737859 0.707529 1.278010
v -0.700271 0.707529 1.326996
v -0.762581 0.592156 1.406153
v -0.725946 0.592156 1.378042
v -0.708331 0.652560 1.388212
v -0.757316 0.652560 1.425800
v -0.836474 0.592156 1.363491
v -0.808363 0.592156 1.400126
v -0.818533 0.652560 1.417741
v -0.856121 0.652560 1.368755
v -0.856121 0.707529 1.368755
v -0.818533 0.707529 1.417741
v -0.800692 0.758640 1.386839
v -0.821654 0.758640 1.359520
v -0.799076 0.707529 1.269951
v -0.848062 0.707529 1.307539
v -0.817160 0.758640 1.325380
v -0.789841 0.758640 1.304417
v -0.700271 0.707529 1.326996
v -0.737859 0.707529 1.278010
v -0.755701 0.758640 1.308912
v -0.734738 0.758640 1.336231
v -0.818533 0.707529 1.417741
v -0.757316 0.707529 1.425800
v -0.766552 0.758640 1.391334
v -0.800692 0.758640 1.386839
v -0.848062 0.707529 1.307539
v -0.856121 0.707529 1.368755
v -0.821654 0.758640 1.359520
v -0.817160 0.758640 1.325380
v -0.737859 0.707529 1.278010
v -0.799076 0.707529 1.269951
v -0.789841 0.758640 1.304417
v -0.755701 0.758640 1.308912
v -0.848062 0.652560 1.307539
v -0.856121 0.652560 1.368755
v -0.856121 0.707529 1.368755
v -0.848062 0.707529 1.307539
v -0.818533 0.652560 1.417741
v -0.757316 0.652560 1.425800
v -0.757316 0.707529 1.425800
v -0.818533 0.707529 1.417741
v -0.734738 0.758640 1.336231
v -0.755701 0.758640 1.308912
v -0.778196 0.791910 1.347876
v -0.800692 0.758640 1.386839
v -0.766552 0.758640 1.391334
v -0.778196 0.791910 1.347876
v -0.817160 0.758640 1.325380
v -0.821654 0.758640 1.359520
v -0.778196 0.791910 1.347876
v -0.755701 0.758640 1.308912
v -0.789841 0.758640 1.304417
v -0.778196 0.791910 1.347876
v -0.739233 0.758640 1.370371
v -0.734738 0.758640 1.336231
v -0.778196 0.791910 1.347876
v -0.766552 0.758640 1.391334
v -0.739233 0.758640 1.370371
v -0.778196 0.791910 1.347876
v -0.757316 0.707529 1.425800
v -0.708331 0.707529 1.388212
v -0.739233 0.758640 1.370371
v -0.766552 0.758640 1.391334
v -0.708331 0.707529 1.388212
v -0.700271 0.707529 1.326996
v -0.734738 0.758640 1.336231
v -0.739233 0.758640 1.370371
v -0.821654 0.758640 1.359520
v -0.800692 0.758640 1.386839
v -0.778196 0.791910 1.347876
v -0.732456 0.592156 1.268651
v -0.748030 0.592156 1.295626
v -0.719919 0.592156 1.332260
v -0.823936 0.592156 1.427100
v -0.808363 0.592156 1.400126
v -0.836474 0.592156 1.363491
v -0.748030 0.592156 1.295626
v -0.732456 0.592156 1.268651
v -0.793812 0.592156 1.289598
v -0.823936 0.592156 1.427100
v -0.754519 0.592156 1.436239
v -0.762581 0.592156 1.406153
v -0.689833 0.592156 1.324199
v -0.732456 0.592156 1.268651
v -0.719919 0.592156 1.332260
v -0.719919 0.592156 1.332260
v -0.725946 0.592156 1.378042
v -0.689833 0.592156 1.324199
v -0.725946 0.592156 1.378042
v -0.754519 0.592156 1.436239
v -0.689833 0.592156 1.324199
v -0.801873 0.592156 1.259512
v -0.857421 0.592156 1.302135
v -0.866560 0.592156 1.371553
v -0.830446 0.592156 1.317709
v -0.801873 0.592156 1.259512
v -0.866560 0.592156 1.371553
v -0.866560 0.592156 1.371553
v -0.836474 0.592156 1.363491
v -0.830446 0.592156 1.317709
v -0.762581 0.592156 1.406153
v -0.754519 0.592156 1.436239
v -0.725946 0.592156 1.378042
v -0.754519 0.592156 1.436239
v -0.698972 0.592156 1.393616
v -0.689833 0.592156 1.324199
v -0.866560 0.592156 1.371553
v -0.823936 0.592156 1.427100
v -0.836474 0.592156 1.363491
v -0.808363 0.592156 1.400126
v -0.823936 0.592156 1.427100
v -0.762581 0.592156 1.406153
v -0.732456 0.592156 1.268651
v -0.801873 0.592156 1.259512
v -0.793812 0.592156 1.289598
v -0.830446 0.592156 1.317709
v -0.793812 0.592156 1.289598
v -0.801873 0.592156 1.259512
v -0.817160 0.758640 1.325380
v -0.778196 0.791910 1.347876
v -0.789841 0.758640 1.304417
v 0.271648 0.399065 0.470395
v 0.138500 0.357246 0.239777
v 0.114061 0.348192 0.264571
v 0.240410 0.386114 0.483414
v 0.240410 0.386114 0.483414
v 0.114061 0.348192 0.264571
v 0.113189 0.326282 0.290931
v 0.223086 0.354773 0.481278
v 0.223086 0.354773 0.481278
v 0.113189 0.326282 0.290931
v 0.136395 0.304351 0.303414
v 0.229824 0.323402 0.465238
v 0.229824 0.323402 0.465238
v 0.136395 0.304351 0.303414
v 0.170085 0.295245 0.294708
v 0.256677 0.310376 0.444690
v 0.256677 0.310376 0.444690
v 0.170085 0.295245 0.294708
v 0.194524 0.304299 0.269914
v 0.287914 0.323327 0.431670
v 0.287914 0.323327 0.431670
v 0.194524 0.304299 0.269914
v 0.195396 0.326209 0.243555
v 0.305238 0.354668 0.433807
v 0.170085 0.295245 0.294708
v 0.136395 0.304351 0.303414
v 0.093188 0.094063 0.228577
v 0.128207 0.090862 0.222174
v 0.305238 0.354668 0.433807
v 0.195396 0.326209 0.243555
v 0.172191 0.348140 0.231072
v 0.298500 0.386039 0.449847
v 0.298500 0.386039 0.449847
v 0.172191 0.348140 0.231072
v 0.138500 0.357246 0.239777
v 0.271648 0.399065 0.470395
v 0.792450 -0.133738 1.305472
v 0.784859 -0.241920 1.292311
v 0.750252 -0.236046 1.299463
v 0.757269 -0.133738 1.311629
v 0.784859 -0.241920 1.292311
v 0.712522 -0.417081 1.165381
v 0.680963 -0.404461 1.177876
v 0.750252 -0.236046 1.299463
v 0.712522 -0.417081 1.165381
v 0.606601 -0.414917 0.985561
v 0.579904 -0.401930 1.006319
v 0.680963 -0.404461 1.177876
v 0.606601 -0.414917 0.985561
v 0.520929 -0.258334 0.835104
v 0.496726 -0.249727 0.860241
v 0.579904 -0.401930 1.006319
v 0.520929 -0.258334 0.835104
v 0.453898 -0.038149 0.719003
v 0.429997 -0.030493 0.744663
v 0.496726 -0.249727 0.860241
v 0.453898 -0.038149 0.719003
v 0.389426 0.188716 0.607334
v 0.365578 0.196184 0.633087
v 0.429997 -0.030493 0.744663
v 0.389426 0.188716 0.607334
v 0.298500 0.386039 0.449847
v 0.271648 0.399065 0.470395
v 0.365578 0.196184 0.633087
v 0.819281 -0.133738 1.324155
v 0.810296 -0.256133 1.308579
v 0.784859 -0.241920 1.292311
v 0.792450 -0.133738 1.305472
v 0.810296 -0.256133 1.308579
v 0.730663 -0.447671 1.168852
v 0.712522 -0.417081 1.165381
v 0.784859 -0.241920 1.292311
v 0.730663 -0.447671 1.168852
v 0.612877 -0.445960 0.968863
v 0.606601 -0.414917 0.985561
v 0.712522 -0.417081 1.165381
v 0.612877 -0.445960 0.968863
v 0.521285 -0.279064 0.808010
v 0.520929 -0.258334 0.835104
v 0.606601 -0.414917 0.985561
v 0.521285 -0.279064 0.808010
v 0.453526 -0.056588 0.690649
v 0.453898 -0.038149 0.719003
v 0.520929 -0.258334 0.835104
v 0.453526 -0.056588 0.690649
v 0.388926 0.170727 0.578758
v 0.389426 0.188716 0.607334
v 0.453898 -0.038149 0.719003
v 0.388926 0.170727 0.578758
v 0.305238 0.354668 0.433807
v 0.298500 0.386039 0.449847
v 0.389426 0.188716 0.607334
v 0.822045 -0.133738 1.356733
v 0.811663 -0.270360 1.338738
v 0.810296 -0.256133 1.308579
v 0.819281 -0.133738 1.324155
v 0.811663 -0.270360 1.338738
v 0.724758 -0.478311 1.186255
v 0.730663 -0.447671 1.168852
v 0.810296 -0.256133 1.308579
v 0.724758 -0.478311 1.186255
v 0.595054 -0.476873 0.966005
v 0.612877 -0.445960 0.968863
v 0.730663 -0.447671 1.168852
v 0.595054 -0.476873 0.966005
v 0.497585 -0.299774 0.794831
v 0.521285 -0.279064 0.808010
v 0.612877 -0.445960 0.968863
v 0.497585 -0.299774 0.794831
v 0.429100 -0.075009 0.676211
v 0.453526 -0.056588 0.690649
v 0.521285 -0.279064 0.808010
v 0.429100 -0.075009 0.676211
v 0.364372 0.152755 0.564098
v 0.388926 0.170727 0.578758
v 0.453526 -0.056588 0.690649
v 0.364372 0.152755 0.564098
v 0.287914 0.323327 0.431670
v 0.305238 0.354668 0.433807
v 0.388926 0.170727 0.578758
v 0.799123 -0.133738 1.384122
v 0.788160 -0.276266 1.365120
v 0.811663 -0.270360 1.338738
v 0.822045 -0.133738 1.356733
v 0.788160 -0.276266 1.365120
v 0.698267 -0.491053 1.207397
v 0.724758 -0.478311 1.186255
v 0.811663 -0.270360 1.338738
v 0.698267 -0.491053 1.207397
v 0.563574 -0.489549 0.978662
v 0.595054 -0.476873 0.966005
v 0.724758 -0.478311 1.186255
v 0.563574 -0.489549 0.978662
v 0.463713 -0.308332 0.803286
v 0.497585 -0.299774 0.794831
v 0.595054 -0.476873 0.966005
v 0.463713 -0.308332 0.803286
v 0.394928 -0.082621 0.684147
v 0.429100 -0.075009 0.676211
v 0.497585 -0.299774 0.794831
v 0.394928 -0.082621 0.684147
v 0.330146 0.145329 0.571942
v 0.364372 0.152755 0.564098
v 0.429100 -0.075009 0.676211
v 0.330146 0.145329 0.571942
v 0.256677 0.310376 0.444690
v 0.287914 0.323327 0.431670
v 0.364372 0.152755 0.564098
v 0.763942 -0.133738 1.390278
v 0.753554 -0.270392 1.372272
v 0.788160 -0.276266 1.365120
v 0.799123 -0.133738 1.384122
v 0.753554 -0.270392 1.372272
v 0.666707 -0.478433 1.219891
v 0.698267 -0.491053 1.207397
v 0.788160 -0.276266 1.365120
v 0.666707 -0.478433 1.219891
v 0.536876 -0.476562 0.999419
v 0.563574 -0.489549 0.978662
v 0.698267 -0.491053 1.207397
v 0.536876 -0.476562 0.999419
v 0.439510 -0.299725 0.828424
v 0.463713 -0.308332 0.803286
v 0.563574 -0.489549 0.978662
v 0.439510 -0.299725 0.828424
v 0.371026 -0.074965 0.709808
v 0.394928 -0.082621 0.684147
v 0.463713 -0.308332 0.803286
v 0.371026 -0.074965 0.709808
v 0.306298 0.152798 0.597695
v 0.330146 0.145329 0.571942
v 0.394928 -0.082621 0.684147
v 0.306298 0.152798 0.597695
v 0.229824 0.323402 0.465238
v 0.256677 0.310376 0.444690
v 0.330146 0.145329 0.571942
v 0.737111 -0.133738 1.371596
v 0.728117 -0.256179 1.356004
v 0.753554 -0.270392 1.372272
v 0.763942 -0.133738 1.390278
v 0.728117 -0.256179 1.356004
v 0.648567 -0.447843 1.216420
v 0.666707 -0.478433 1.219891
v 0.753554 -0.270392 1.372272
v 0.648567 -0.447843 1.216420
v 0.530601 -0.445519 1.016118
v 0.536876 -0.476562 0.999419
v 0.666707 -0.478433 1.219891
v 0.530601 -0.445519 1.016118
v 0.439154 -0.278995 0.855518
v 0.439510 -0.299725 0.828424
v 0.536876 -0.476562 0.999419
v 0.439154 -0.278995 0.855518
v 0.371398 -0.056526 0.738162
v 0.371026 -0.074965 0.709808
v 0.439510 -0.299725 0.828424
v 0.371398 -0.056526 0.738162
v 0.306798 0.170787 0.626271
v 0.306298 0.152798 0.597695
v 0.371026 -0.074965 0.709808
v 0.306798 0.170787 0.626271
v 0.223086 0.354773 0.481278
v 0.229824 0.323402 0.465238
v 0.306298 0.152798 0.597695
v 0.734347 -0.133738 1.339018
v 0.726749 -0.241952 1.325846
v 0.728117 -0.256179 1.356004
v 0.737111 -0.133738 1.371596
v 0.726749 -0.241952 1.325846
v 0.654472 -0.417203 1.199017
v 0.648567 -0.447843 1.216420
v 0.728117 -0.256179 1.356004
v 0.654472 -0.417203 1.199017
v 0.548423 -0.414605 1.018976
v 0.530601 -0.445519 1.016118
v 0.648567 -0.447843 1.216420
v 0.548423 -0.414605 1.018976
v 0.462853 -0.258285 0.868698
v 0.439154 -0.278995 0.855518
v 0.530601 -0.445519 1.016118
v 0.462853 -0.258285 0.868698
v 0.395824 -0.038105 0.752599
v 0.371398 -0.056526 0.738162
v 0.439154 -0.278995 0.855518
v 0.395824 -0.038105 0.752599
v 0.331352 0.188758 0.640931
v 0.306798 0.170787 0.626271
v 0.371398 -0.056526 0.738162
v 0.331352 0.188758 0.640931
v 0.240410 0.386114 0.483414
v 0.223086 0.354773 0.481278
v 0.306798 0.170787 0.626271
v 0.757269 -0.133738 1.311629
v 0.750252 -0.236046 1.299463
v 0.726749 -0.241952 1.325846
v 0.734347 -0.133738 1.339018
v 0.750252 -0.236046 1.299463
v 0.680963 -0.404461 1.177876
v 0.654472 -0.417203 1.199017
v 0.726749 -0.241952 1.325846
v 0.680963 -0.404461 1.177876
v 0.579904 -0.401930 1.006319
v 0.548423 -0.414605 1.018976
v 0.654472 -0.417203 1.199017
v 0.579904 -0.401930 1.006319
v 0.496726 -0.249727 0.860241
v 0.462853 -0.258285 0.868698
v 0.548423 -0.414605 1.018976
v 0.496726 -0.249727 0.860241
v 0.429997 -0.030493 0.744663
v 0.395824 -0.038105 0.752599
v 0.462853 -0.258285 0.868698
v 0.429997 -0.030493 0.744663
v 0.365578 0.196184 0.633087
v 0.331352 0.188758 0.640931
v 0.395824 -0.038105 0.752599
v 0.365578 0.196184 0.633087
v 0.271648 0.399065 0.470395
v 0.240410 0.386114 0.483414
v 0.331352 0.188758 0.640931
v 0.087571 0.112662 0.151564
v 0.122590 0.109460 0.145162
v 0.118546 0.018316 0.138156
v 0.083391 0.018316 0.144324
v 0.172191 0.348140 0.231072
v 0.195396 0.326209 0.243555
v 0.148998 0.101749 0.163191
v 0.122590 0.109460 0.145162
v 0.113189 0.326282 0.290931
v 0.114061 0.348192 0.264571
v 0.064453 0.109479 0.178648
v 0.066780 0.101775 0.210548
v 0.194524 0.304299 0.269914
v 0.170085 0.295245 0.294708
v 0.128207 0.090862 0.222174
v 0.151325 0.094045 0.195090
v 0.138500 0.357246 0.239777
v 0.172191 0.348140 0.231072
v 0.122590 0.109460 0.145162
v 0.087571 0.112662 0.151564
v 0.114061 0.348192 0.264571
v 0.138500 0.357246 0.239777
v 0.087571 0.112662 0.151564
v 0.064453 0.109479 0.178648
v 0.136395 0.304351 0.303414
v 0.113189 0.326282 0.290931
v 0.066780 0.101775 0.210548
v 0.093188 0.094063 0.228577
v 0.195396 0.326209 0.243555
v 0.194524 0.304299 0.269914
v 0.151325 0.094045 0.195090
v 0.148998 0.101749 0.163191
v 0.148998 0.101749 0.163191
v 0.151325 0.094045 0.195090
v 0.147934 0.018308 0.189217
v 0.145281 0.018316 0.156752
v 0.128207 0.090862 0.222174
v 0.093188 0.094063 0.228577
v 0.089796 0.018316 0.222702
v 0.124951 0.018316 0.216535
v 0.066780 0.101775 0.210548
v 0.064453 0.109479 0.178648
v 0.060408 0.018316 0.171641
v 0.063061 0.018316 0.204107
v 0.122590 0.109460 0.145162
v 0.148998 0.101749 0.163191
v 0.145281 0.018316 0.156752
v 0.118546 0.018316 0.138156
v 0.151325 0.094045 0.195090
v 0.128207 0.090862 0.222174
v 0.124951 0.018316 0.216535
v 0.147934 0.018308 0.189217
v 0.093188 0.094063 0.228577
v 0.066780 0.101775 0.210548
v 0.063061 0.018316 0.204107
v 0.089796 0.018316 0.222702
v 0.064453 0.109479 0.178648
v 0.087571 0.112662 0.151564
v 0.083391 0.018316 0.144324
v 0.060408 0.018316 0.171641
v 0.819281 -0.133738 1.324155
v 0.792450 -0.133738 1.305472
v 0.804301 -0.133738 1.270218
v 0.853440 -0.133738 1.304433
v 0.799123 -0.133738 1.384122
v 0.822045 -0.133738 1.356733
v 0.858502 -0.133738 1.364097
v 0.816522 -0.133738 1.414258
v 0.737111 -0.133738 1.371596
v 0.763942 -0.133738 1.390278
v 0.752091 -0.133738 1.425533
v 0.702953 -0.133738 1.391317
v 0.757269 -0.133738 1.311629
v 0.734347 -0.133738 1.339018
v 0.697890 -0.133738 1.331654
v 0.739870 -0.133738 1.281493
v 0.792450 -0.133738 1.305472
v 0.757269 -0.133738 1.311629
v 0.739870 -0.133738 1.281493
v 0.804301 -0.133738 1.270218
v 0.822045 -0.133738 1.356733
v 0.819281 -0.133738 1.324155
v 0.853440 -0.133738 1.304433
v 0.858502 -0.133738 1.364097
v 0.763942 -0.133738 1.390278
v 0.799123 -0.133738 1.384122
v 0.816522 -0.133738 1.414258
v 0.752091 -0.133738 1.425533
v 0.734347 -0.133738 1.339018
v 0.737111 -0.133738 1.371596
v 0.702953 -0.133738 1.391317
v 0.697890 -0.133738 1.331654
v 0.697890 -0.133738 1.331654
v 0.702953 -0.133738 1.391317
v 0.702953 -0.043174 1.391317
v 0.697890 -0.043174 1.331654
v 0.853440 -0.133738 1.304433
v 0.804301 -0.133738 1.270218
v 0.804301 -0.043174 1.270218
v 0.853440 -0.043174 1.304433
v 0.816522 -0.133738 1.414258
v 0.858502 -0.133738 1.364097
v 0.858502 -0.043174 1.364097
v 0.816522 -0.043174 1.414258
v 0.702953 -0.133738 1.391317
v 0.752091 -0.133738 1.425533
v 0.752091 -0.043174 1.425533
v 0.702953 -0.043174 1.391317
v 0.739870 -0.133738 1.281493
v 0.697890 -0.133738 1.331654
v 0.697890 -0.043174 1.331654
v 0.739870 -0.043174 1.281493
v 0.804301 -0.133738 1.270218
v 0.739870 -0.133738 1.281493
v 0.739870 -0.043174 1.281493
v 0.804301 -0.043174 1.270218
v 0.858502 -0.133738 1.364097
v 0.853440 -0.133738 1.304433
v 0.853440 -0.043174 1.304433
v 0.858502 -0.043174 1.364097
v 0.752091 -0.133738 1.425533
v 0.816522 -0.133738 1.414258
v 0.816522 -0.043174 1.414258
v 0.752091 -0.043174 1.425533
v 0.804301 -0.043174 1.270218
v 0.739870 -0.043174 1.281493
v 0.610226 0.066862 1.056943
v 0.892605 0.066862 1.007529
v 0.858502 -0.043174 1.364097
v 0.853440 -0.043174 1.304433
v 1.107964 0.066862 1.157484
v 1.130150 0.066862 1.418968
v 0.752091 -0.043174 1.425533
v 0.816522 -0.043174 1.414258
v 0.946166 0.066862 1.638808
v 0.663788 0.066862 1.688223
v 0.697890 -0.043174 1.331654
v 0.702953 -0.043174 1.391317
v 0.448429 0.066862 1.538267
v 0.426243 0.066862 1.276783
v 0.853440 -0.043174 1.304433
v 0.804301 -0.043174 1.270218
v 0.892605 0.066862 1.007529
v 1.107964 0.066862 1.157484
v 0.816522 -0.043174 1.414258
v 0.858502 -0.043174 1.364097
v 1.130150 0.066862 1.418968
v 0.946166 0.066862 1.638808
v 0.702953 -0.043174 1.391317
v 0.752091 -0.043174 1.425533
v 0.663788 0.066862 1.688223
v 0.448429 0.066862 1.538267
v 0.739870 -0.043174 1.281493
v 0.697890 -0.043174 1.331654
v 0.426243 0.066862 1.276783
v 0.610226 0.066862 1.056943
v 0.448429 0.066862 1.538267
v 0.663788 0.066862 1.688223
v 0.663788 0.106792 1.688223
v 0.448429 0.106792 1.538267
v 0.610226 0.066862 1.056943
v 0.426243 0.066862 1.276783
v 0.426243 0.106792 1.276783
v 0.610226 0.106792 1.056943
v 0.892605 0.066862 1.007529
v 0.610226 0.066862 1.056943
v 0.610226 0.106792 1.056943
v 0.892605 0.106792 1.007529
v 1.130150 0.066862 1.418968
v 1.107964 0.066862 1.157484
v 1.107964 0.106792 1.157484
v 1.130150 0.106792 1.418968
v 0.663788 0.066862 1.688223
v 0.946166 0.066862 1.638808
v 0.946166 0.106792 1.638808
v 0.663788 0.106792 1.688223
v 0.426243 0.066862 1.276783
v 0.448429 0.066862 1.538267
v 0.448429 0.106792 1.538267
v 0.426243 0.106792 1.276783
v 1.107964 0.066862 1.157484
v 0.892605 0.066862 1.007529
v 0.892605 0.106792 1.007529
v 1.107964 0.106792 1.157484
v 0.946166 0.066862 1.638808
v 1.130150 0.066862 1.418968
v 1.130150 0.106792 1.418968
v 0.946166 0.106792 1.638808
v 1.130150 0.106792 1.418968
v 1.107964 0.106792 1.157484
v 0.892605 0.106792 1.007529
v 0.892605 0.106792 1.007529
v 0.610226 0.106792 1.056943
v 0.946166 0.106792 1.638808
v 0.610226 0.106792 1.056943
v 0.426243 0.106792 1.276783
v 0.663788 0.106792 1.688223
v 0.426243 0.106792 1.276783
v 0.448429 0.106792 1.538267
v 0.663788 0.106792 1.688223
v 0.663788 0.106792 1.688223
v 0.946166 0.106792 1.638808
v 0.610226 0.106792 1.056943
v 0.946166 0.106792 1.638808
v 1.130150 0.106792 1.418968
v 0.892605 0.106792 1.007529
v 0.857421 0.106792 1.302135
v 0.857421 0.592156 1.302135
v 0.866560 0.592156 1.371552
v 0.866560 0.106792 1.371552
v 0.866560 0.106792 1.371552
v 0.866560 0.592156 1.371552
v 0.823937 0.592156 1.427100
v 0.823937 0.106792 1.427100
v 0.823937 0.106792 1.427100
v 0.823937 0.592156 1.427100
v 0.754519 0.592156 1.436239
v 0.754519 0.106792 1.436239
v 0.754519 0.106792 1.436239
v 0.754519 0.592156 1.436239
v 0.698972 0.592156 1.393616
v 0.698972 0.106792 1.393616
v 0.698972 0.106792 1.393616
v 0.698972 0.592156 1.393616
v 0.689833 0.592156 1.324198
v 0.689833 0.106792 1.324199
v 0.689833 0.106792 1.324199
v 0.689833 0.592156 1.324198
v 0.732456 0.592156 1.268651
v 0.732456 0.106792 1.268651
v 0.732456 0.106792 1.268651
v 0.732456 0.592156 1.268651
v 0.801873 0.592156 1.259512
v 0.801873 0.106792 1.259512
v 0.801873 0.106792 1.259512
v 0.801873 0.592156 1.259512
v 0.857421 0.592156 1.302135
v 0.857421 0.106792 1.302135
v 0.857421 0.592156 1.302135
v 0.801873 0.592156 1.259512
v 0.809855 0.683744 1.229721
v 0.884130 0.683744 1.286715
v 0.689833 0.592156 1.324198
v 0.698972 0.592156 1.393616
v 0.672262 0.683744 1.409037
v 0.660042 0.683744 1.316216
v 0.823937 0.592156 1.427100
v 0.866560 0.592156 1.371552
v 0.896350 0.683744 1.379535
v 0.839357 0.683744 1.453809
v 0.801873 0.592156 1.259512
v 0.732456 0.592156 1.268651
v 0.717035 0.683744 1.241942
v 0.809855 0.683744 1.229721
v 0.698972 0.592156 1.393616
v 0.754519 0.592156 1.436239
v 0.746537 0.683744 1.466030
v 0.672262 0.683744 1.409037
v 0.732456 0.592156 1.268651
v 0.689833 0.592156 1.324198
v 0.660042 0.683744 1.316216
v 0.717035 0.683744 1.241942
v 0.717035 0.683744 1.241942
v 0.660042 0.683744 1.316216
v 0.660042 0.767091 1.316216
v 0.717035 0.767091 1.241942
v 0.884130 0.683744 1.286715
v 0.809855 0.683744 1.229721
v 0.809855 0.767091 1.229721
v 0.884130 0.767091 1.286715
v 0.896350 0.683744 1.379535
v 0.884130 0.683744 1.286715
v 0.884130 0.767091 1.286715
v 0.896350 0.767091 1.379535
v 0.746537 0.683744 1.466030
v 0.839357 0.683744 1.453809
v 0.839357 0.767091 1.453809
v 0.746537 0.767091 1.466030
v 0.660042 0.683744 1.316216
v 0.672262 0.683744 1.409037
v 0.672262 0.767091 1.409037
v 0.660042 0.767091 1.316216
v 0.809855 0.683744 1.229721
v 0.717035 0.683744 1.241942
v 0.717035 0.767091 1.241942
v 0.809855 0.767091 1.229721
v 0.866560 0.592156 1.371552
v 0.857421 0.592156 1.302135
v 0.884130 0.683744 1.286715
v 0.896350 0.683744 1.379535
v 0.754519 0.592156 1.436239
v 0.823937 0.592156 1.427100
v 0.839357 0.683744 1.453809
v 0.746537 0.683744 1.466030
v 0.746537 0.767091 1.466030
v 0.839357 0.767091 1.453809
v 0.812305 0.844589 1.406954
v 0.760540 0.844589 1.413769
v 0.660042 0.767091 1.316216
v 0.672262 0.767091 1.409037
v 0.719118 0.844589 1.381985
v 0.712303 0.844589 1.330219
v 0.809855 0.767091 1.229721
v 0.717035 0.767091 1.241942
v 0.744087 0.844589 1.288797
v 0.795852 0.844589 1.281982
v 0.839357 0.767091 1.453809
v 0.896350 0.767091 1.379535
v 0.844090 0.844589 1.365532
v 0.812305 0.844589 1.406954
v 0.672262 0.767091 1.409037
v 0.746537 0.767091 1.466030
v 0.760540 0.844589 1.413769
v 0.719118 0.844589 1.381985
v 0.717035 0.767091 1.241942
v 0.660042 0.767091 1.316216
v 0.712303 0.844589 1.330219
v 0.744087 0.844589 1.288797
v 0.672262 0.683744 1.409037
v 0.746537 0.683744 1.466030
v 0.746537 0.767091 1.466030
v 0.672262 0.767091 1.409037
v 0.839357 0.683744 1.453809
v 0.896350 0.683744 1.379535
v 0.896350 0.767091 1.379535
v 0.839357 0.767091 1.453809
v 0.795852 0.844589 1.281982
v 0.744087 0.844589 1.288797
v 0.778196 0.895034 1.347876
v 0.812305 0.844589 1.406954
v 0.844090 0.844589 1.365532
v 0.778196 0.895034 1.347876
v 0.719118 0.844589 1.381985
v 0.760540 0.844589 1.413769
v 0.778196 0.895034 1.347876
v 0.744087 0.844589 1.288797
v 0.712303 0.844589 1.330219
v 0.778196 0.895034 1.347876
v 0.837275 0.844589 1.313766
v 0.795852 0.844589 1.281982
v 0.778196 0.895034 1.347876
v 0.844090 0.844589 1.365532
v 0.837275 0.844589 1.313766
v 0.778196 0.895034 1.347876
v 0.896350 0.767091 1.379535
v 0.884130 0.767091 1.286715
v 0.837275 0.844589 1.313766
v 0.844090 0.844589 1.365532
v 0.884130 0.767091 1.286715
v 0.809855 0.767091 1.229721
v 0.795852 0.844589 1.281982
v 0.837275 0.844589 1.313766
v 0.712303 0.844589 1.330219
v 0.719118 0.844589 1.381985
v 0.778196 0.895034 1.347876
v 0.760540 0.844589 1.413769
v 0.812305 0.844589 1.406954
v 0.778196 0.895034 1.347876
v 0.830446 0.592156 1.317709
v 0.793812 0.592156 1.289598
v 0.799076 0.652560 1.269951
v 0.848062 0.652560 1.307539
v 0.719919 0.592156 1.332260
v 0.725946 0.592156 1.378042
v 0.708331 0.652560 1.388212
v 0.700271 0.652560 1.326996
v 0.808363 0.592156 1.400126
v 0.836474 0.592156 1.363491
v 0.856121 0.652560 1.368755
v 0.818533 0.652560 1.417741
v 0.793812 0.592156 1.289598
v 0.748030 0.592156 1.295625
v 0.737860 0.652560 1.278010
v 0.799076 0.652560 1.269951
v 0.725946 0.592156 1.378042
v 0.762581 0.592156 1.406153
v 0.757316 0.652560 1.425800
v 0.708331 0.652560 1.388212
v 0.748030 0.592156 1.295625
v 0.719919 0.592156 1.332260
v 0.700271 0.652560 1.326996
v 0.737860 0.652560 1.278010
v 0.737860 0.652560 1.278010
v 0.700271 0.652560 1.326996
v 0.700271 0.707529 1.326996
v 0.737860 0.707529 1.278010
v 0.848062 0.652560 1.307539
v 0.799076 0.652560 1.269951
v 0.799076 0.707529 1.269951
v 0.848062 0.707529 1.307539
v 0.856121 0.652560 1.368755
v 0.848062 0.652560 1.307539
v 0.848062 0.707529 1.307539
v 0.856121 0.707529 1.368755
v 0.757316 0.652560 1.425800
v 0.818533 0.652560 1.417741
v 0.818533 0.707529 1.417741
v 0.757316 0.707529 1.425800
v 0.700271 0.652560 1.326996
v 0.708331 0.652560 1.388212
v 0.708331 0.707529 1.388212
v 0.700271 0.707529 1.326996
v 0.799076 0.652560 1.269951
v 0.737860 0.652560 1.278010
v 0.737860 0.707529 1.278010
v 0.799076 0.707529 1.269951
v 0.836474 0.592156 1.363491
v 0.830446 0.592156 1.317709
v 0.848062 0.652560 1.307539
v 0.856121 0.652560 1.368755
v 0.762581 0.592156 1.406153
v 0.808363 0.592156 1.400126
v 0.818533 0.652560 1.417741
v 0.757316 0.652560 1.425800
v 0.757316 0.707529 1.425800
v 0.818533 0.707529 1.417741
v 0.800692 0.758640 1.386839
v 0.766552 0.758640 1.391334
v 0.700271 0.707529 1.326996
v 0.708331 0.707529 1.388212
v 0.739233 0.758640 1.370371
v 0.734738 0.758640 1.336231
v 0.799076 0.707529 1.269951
v 0.737860 0.707529 1.278010
v 0.755701 0.758640 1.308912
v 0.789841 0.758640 1.304417
v 0.818533 0.707529 1.417741
v 0.856121 0.707529 1.368755
v 0.821655 0.758640 1.359520
v 0.800692 0.758640 1.386839
v 0.708331 0.707529 1.388212
v 0.757316 0.707529 1.425800
v 0.766552 0.758640 1.391334
v 0.739233 0.758640 1.370371
v 0.737860 0.707529 1.278010
v 0.700271 0.707529 1.326996
v 0.734738 0.758640 1.336231
v 0.755701 0.758640 1.308912
v 0.708331 0.652560 1.388212
v 0.757316 0.652560 1.425800
v 0.757316 0.707529 1.425800
v 0.708331 0.707529 1.388212
v 0.818533 0.652560 1.417741
v 0.856121 0.652560 1.368755
v 0.856121 0.707529 1.368755
v 0.818533 0.707529 1.417741
v 0.789841 0.758640 1.304417
v 0.755701 0.758640 1.308912
v 0.778196 0.791910 1.347876
v 0.800692 0.758640 1.386839
v 0.821655 0.758640 1.359520
v 0.778196 0.791910 1.347876
v 0.739233 0.758640 1.370371
v 0.766552 0.758640 1.391334
v 0.778196 0.791910 1.347876
v 0.755701 0.758640 1.308912
v 0.734738 0.758640 1.336231
v 0.778196 0.791910 1.347876
v 0.817160 0.758640 1.325380
v 0.789841 0.758640 1.304417
v 0.778196 0.791910 1.347876
v 0.821655 0.758640 1.359520
v 0.817160 0.758640 1.325380
v 0.778196 0.791910 1.347876
v 0.856121 0.707529 1.368755
v 0.848062 0.707529 1.307539
v 0.817160 0.758640 1.325380
v 0.821655 0.758640 1.359520
v 0.848062 0.707529 1.307539
v 0.799076 0.707529 1.269951
v 0.789841 0.758640 1.304417
v 0.817160 0.758640 1.325380
v 0.766552 0.758640 1.391334
v 0.800692 0.758640 1.386839
v 0.778196 0.791910 1.347876
v 0.732456 0.592156 1.268651
v 0.748030 0.592156 1.295625
v 0.793812 0.592156 1.289598
v 0.823937 0.592156 1.427100
v 0.808363 0.592156 1.400126
v 0.762581 0.592156 1.406153
v 0.748030 0.592156 1.295625
v 0.732456 0.592156 1.268651
v 0.719919 0.592156 1.332260
v 0.823937 0.592156 1.427100
v 0.866560 0.592156 1.371552
v 0.836474 0.592156 1.363491
v 0.801873 0.592156 1.259512
v 0.732456 0.592156 1.268651
v 0.793812 0.592156 1.289598
v 0.793812 0.592156 1.289598
v 0.830446 0.592156 1.317709
v 0.801873 0.592156 1.259512
v 0.830446 0.592156 1.317709
v 0.866560 0.592156 1.371552
v 0.801873 0.592156 1.259512
v 0.689833 0.592156 1.324198
v 0.698972 0.592156 1.393616
v 0.754519 0.592156 1.436239
v 0.725946 0.592156 1.378042
v 0.689833 0.592156 1.324198
v 0.754519 0.592156 1.436239
v 0.754519 0.592156 1.436239
v 0.762581 0.592156 1.406153
v 0.725946 0.592156 1.378042
v 0.836474 0.592156 1.363491
v 0.866560 0.592156 1.371552
v 0.830446 0.592156 1.317709
v 0.866560 0.592156 1.371552
v 0.857421 0.592156 1.302135
v 0.801873 0.592156 1.259512
v 0.754519 0.592156 1.436239
v 0.823937 0.592156 1.427100
v 0.762581 0.592156 1.406153
v 0.808363 0.592156 1.400126
v 0.823937 0.592156 1.427100
v 0.836474 0.592156 1.363491
v 0.732456 0.592156 1.268651
v 0.689833 0.592156 1.324198
v 0.719919 0.592156 1.332260
v 0.725946 0.592156 1.378042
v 0.719919 0.592156 1.332260
v 0.689833 0.592156 1.324198
v 0.739233 0.758640 1.370371
v 0.778196 0.791910 1.347876
v 0.734738 0.758640 1.336231
v 0.543198 0.399065 -0.000056
v 0.276903 0.357246 -0.000056
v 0.286156 0.348192 0.033506
v 0.538854 0.386114 0.033506
v 0.538854 0.386114 0.033506
v 0.286156 0.348192 0.033506
v 0.308547 0.326282 0.047441
v 0.528342 0.354773 0.047441
v 0.528342 0.354773 0.047441
v 0.308547 0.326282 0.047441
v 0.330961 0.304351 0.033586
v 0.517819 0.323402 0.033586
v 0.517819 0.323402 0.033586
v 0.330961 0.304351 0.033586
v 0.340267 0.295245 0.000056
v 0.513451 0.310376 0.000056
v 0.513451 0.310376 0.000056
v 0.340267 0.295245 0.000056
v 0.331014 0.304299 -0.033506
v 0.517794 0.323327 -0.033506
v 0.517794 0.323327 -0.033506
v 0.331014 0.304299 -0.033506
v 0.308623 0.326209 -0.047441
v 0.528307 0.354668 -0.047441
v 0.340267 0.295245 0.000056
v 0.330961 0.304351 0.033586
v 0.244547 0.094063 0.033586
v 0.256512 0.090862 0.000056
v 0.528307 0.354668 -0.047441
v 0.308623 0.326209 -0.047441
v 0.286209 0.348140 -0.033586
v 0.538829 0.386039 -0.033586
v 0.538829 0.386039 -0.033586
v 0.286209 0.348140 -0.033586
v 0.276903 0.357246 -0.000056
v 0.543198 0.399065 -0.000056
v 1.526797 -0.133738 -0.033546
v 1.511603 -0.241920 -0.033552
v 1.500494 -0.236046 -0.000006
v 1.514538 -0.133738 0.000000
v 1.511603 -0.241920 -0.033552
v 1.365510 -0.417081 -0.034372
v 1.360551 -0.404461 -0.000793
v 1.500494 -0.236046 -0.000006
v 1.365510 -0.417081 -0.034372
v 1.156822 -0.414917 -0.032551
v 1.161449 -0.401930 0.000948
v 1.360551 -0.404461 -0.000793
v 1.156822 -0.414917 -0.032551
v 0.983685 -0.258334 -0.033586
v 0.993354 -0.249727 -0.000056
v 1.161449 -0.401930 0.000948
v 0.983685 -0.258334 -0.033586
v 0.849623 -0.038149 -0.033586
v 0.859896 -0.030493 -0.000056
v 0.993354 -0.249727 -0.000056
v 0.849623 -0.038149 -0.033586
v 0.720679 0.188716 -0.033586
v 0.731058 0.196184 -0.000056
v 0.859896 -0.030493 -0.000056
v 0.720679 0.188716 -0.033586
v 0.538829 0.386039 -0.033586
v 0.543198 0.399065 -0.000056
v 0.731058 0.196184 -0.000056
v 1.556392 -0.133738 -0.047441
v 1.538410 -0.256133 -0.047447
v 1.511603 -0.241920 -0.033552
v 1.526797 -0.133738 -0.033546
v 1.538410 -0.256133 -0.047447
v 1.377587 -0.447671 -0.048347
v 1.365510 -0.417081 -0.034372
v 1.511603 -0.241920 -0.033552
v 1.377587 -0.447671 -0.048347
v 1.145498 -0.445960 -0.046335
v 1.156822 -0.414917 -0.032551
v 1.365510 -0.417081 -0.034372
v 1.145498 -0.445960 -0.046335
v 0.960399 -0.279064 -0.047441
v 0.983685 -0.258334 -0.033586
v 1.156822 -0.414917 -0.032551
v 0.960399 -0.279064 -0.047441
v 0.824882 -0.056588 -0.047441
v 0.849623 -0.038149 -0.033586
v 0.983685 -0.258334 -0.033586
v 0.824882 -0.056588 -0.047441
v 0.695682 0.170727 -0.047441
v 0.720679 0.188716 -0.033586
v 0.849623 -0.038149 -0.033586
v 0.695682 0.170727 -0.047441
v 0.528307 0.354668 -0.047441
v 0.538829 0.386039 -0.033586
v 0.720679 0.188716 -0.033586
v 1.585987 -0.133738 -0.033546
v 1.565212 -0.270360 -0.033552
v 1.538410 -0.256133 -0.047447
v 1.556392 -0.133738 -0.047441
v 1.565212 -0.270360 -0.033552
v 1.389706 -0.478311 -0.034531
v 1.377587 -0.447671 -0.048347
v 1.538410 -0.256133 -0.047447
v 1.389706 -0.478311 -0.034531
v 1.134112 -0.476873 -0.032329
v 1.145498 -0.445960 -0.046335
v 1.377587 -0.447671 -0.048347
v 1.134112 -0.476873 -0.032329
v 0.937136 -0.299774 -0.033506
v 0.960399 -0.279064 -0.047441
v 1.145498 -0.445960 -0.046335
v 0.937136 -0.299774 -0.033506
v 0.800166 -0.075009 -0.033506
v 0.824882 -0.056588 -0.047441
v 0.960399 -0.279064 -0.047441
v 0.800166 -0.075009 -0.033506
v 0.670709 0.152755 -0.033506
v 0.695682 0.170727 -0.047441
v 0.824882 -0.056588 -0.047441
v 0.670709 0.152755 -0.033506
v 0.517794 0.323327 -0.033506
v 0.528307 0.354668 -0.047441
v 0.695682 0.170727 -0.047441
v 1.598246 -0.133738 0.000000
v 1.576309 -0.276266 -0.000007
v 1.565212 -0.270360 -0.033552
v 1.585987 -0.133738 -0.033546
v 1.576309 -0.276266 -0.000007
v 1.394769 -0.491053 -0.001019
v 1.389706 -0.478311 -0.034531
v 1.565212 -0.270360 -0.033552
v 1.394769 -0.491053 -0.001019
v 1.129333 -0.489549 0.001262
v 1.134112 -0.476873 -0.032329
v 1.389706 -0.478311 -0.034531
v 1.129333 -0.489549 0.001262
v 0.927523 -0.308332 0.000056
v 0.937136 -0.299774 -0.033506
v 1.134112 -0.476873 -0.032329
v 0.927523 -0.308332 0.000056
v 0.789952 -0.082621 0.000056
v 0.800166 -0.075009 -0.033506
v 0.937136 -0.299774 -0.033506
v 0.789952 -0.082621 0.000056
v 0.660390 0.145329 0.000056
v 0.670709 0.152755 -0.033506
v 0.800166 -0.075009 -0.033506
v 0.660390 0.145329 0.000056
v 0.513451 0.310376 0.000056
v 0.517794 0.323327 -0.033506
v 0.670709 0.152755 -0.033506
v 1.585988 -0.133738 0.033546
v 1.565200 -0.270392 0.033539
v 1.576309 -0.276266 -0.000007
v 1.598246 -0.133738 0.000000
v 1.565200 -0.270392 0.033539
v 1.389810 -0.478433 0.032560
v 1.394769 -0.491053 -0.001019
v 1.576309 -0.276266 -0.000007
v 1.389810 -0.478433 0.032560
v 1.133961 -0.476562 0.034761
v 1.129333 -0.489549 0.001262
v 1.394769 -0.491053 -0.001019
v 1.133961 -0.476562 0.034761
v 0.937191 -0.299725 0.033586
v 0.927523 -0.308332 0.000056
v 1.129333 -0.489549 0.001262
v 0.937191 -0.299725 0.033586
v 0.800224 -0.074965 0.033586
v 0.789952 -0.082621 0.000056
v 0.927523 -0.308332 0.000056
v 0.800224 -0.074965 0.033586
v 0.670768 0.152798 0.033586
v 0.660390 0.145329 0.000056
v 0.789952 -0.082621 0.000056
v 0.670768 0.152798 0.033586
v 0.517819 0.323402 0.033586
v 0.513451 0.310376 0.000056
v 0.660390 0.145329 0.000056
v 1.556392 -0.133738 0.047441
v 1.538392 -0.256179 0.047435
v 1.565200 -0.270392 0.033539
v 1.585988 -0.133738 0.033546
v 1.538392 -0.256179 0.047435
v 1.377734 -0.447843 0.046535
v 1.389810 -0.478433 0.032560
v 1.565200 -0.270392 0.033539
v 1.377734 -0.447843 0.046535
v 1.145284 -0.445519 0.048545
v 1.133961 -0.476562 0.034761
v 1.389810 -0.478433 0.032560
v 1.145284 -0.445519 0.048545
v 0.960477 -0.278995 0.047441
v 0.937191 -0.299725 0.033586
v 1.133961 -0.476562 0.034761
v 0.960477 -0.278995 0.047441
v 0.824966 -0.056526 0.047441
v 0.800224 -0.074965 0.033586
v 0.937191 -0.299725 0.033586
v 0.824966 -0.056526 0.047441
v 0.695766 0.170787 0.047441
v 0.670768 0.152798 0.033586
v 0.800224 -0.074965 0.033586
v 0.695766 0.170787 0.047441
v 0.528342 0.354773 0.047441
v 0.517819 0.323402 0.033586
v 0.670768 0.152798 0.033586
v 1.526797 -0.133738 0.033546
v 1.511590 -0.241952 0.033540
v 1.538392 -0.256179 0.047435
v 1.556392 -0.133738 0.047441
v 1.511590 -0.241952 0.033540
v 1.365614 -0.417203 0.032719
v 1.377734 -0.447843 0.046535
v 1.538392 -0.256179 0.047435
v 1.365614 -0.417203 0.032719
v 1.156670 -0.414605 0.034539
v 1.145284 -0.445519 0.048545
v 1.377734 -0.447843 0.046535
v 1.156670 -0.414605 0.034539
v 0.983741 -0.258285 0.033506
v 0.960477 -0.278995 0.047441
v 1.145284 -0.445519 0.048545
v 0.983741 -0.258285 0.033506
v 0.849682 -0.038105 0.033506
v 0.824966 -0.056526 0.047441
v 0.960477 -0.278995 0.047441
v 0.849682 -0.038105 0.033506
v 0.720738 0.188758 0.033506
v 0.695766 0.170787 0.047441
v 0.824966 -0.056526 0.047441
v 0.720738 0.188758 0.033506
v 0.538854 0.386114 0.033506
v 0.528342 0.354773 0.047441
v 0.695766 0.170787 0.047441
v 1.514538 -0.133738 0.000000
v 1.500494 -0.236046 -0.000006
v 1.511590 -0.241952 0.033540
v 1.526797 -0.133738 0.033546
v 1.500494 -0.236046 -0.000006
v 1.360551 -0.404461 -0.000793
v 1.365614 -0.417203 0.032719
v 1.511590 -0.241952 0.033540
v 1.360551 -0.404461 -0.000793
v 1.161449 -0.401930 0.000948
v 1.156670 -0.414605 0.034539
v 1.365614 -0.417203 0.032719
v 1.161449 -0.401930 0.000948
v 0.993354 -0.249727 -0.000056
v 0.983741 -0.258285 0.033506
v 1.156670 -0.414605 0.034539
v 0.993354 -0.249727 -0.000056
v 0.859896 -0.030493 -0.000056
v 0.849682 -0.038105 0.033506
v 0.983741 -0.258285 0.033506
v 0.859896 -0.030493 -0.000056
v 0.731058 0.196184 -0.000056
v 0.720738 0.188758 0.033506
v 0.849682 -0.038105 0.033506
v 0.731058 0.196184 -0.000056
v 0.543198 0.399065 -0.000056
v 0.538854 0.386114 0.033506
v 0.720738 0.188758 0.033506
v 0.175044 0.112662 -0.000056
v 0.187009 0.109460 -0.033586
v 0.178920 0.018316 -0.033586
v 0.166683 0.018316 -0.000056
v 0.286209 0.348140 -0.033586
v 0.308623 0.326209 -0.047441
v 0.215826 0.101749 -0.047441
v 0.187009 0.109460 -0.033586
v 0.308547 0.326282 0.047441
v 0.286156 0.348192 0.033506
v 0.186940 0.109479 0.033506
v 0.215730 0.101775 0.047441
v 0.331014 0.304299 -0.033506
v 0.340267 0.295245 0.000056
v 0.256512 0.090862 0.000056
v 0.244615 0.094045 -0.033506
v 0.276903 0.357246 -0.000056
v 0.286209 0.348140 -0.033586
v 0.187009 0.109460 -0.033586
v 0.175044 0.112662 -0.000056
v 0.286156 0.348192 0.033506
v 0.276903 0.357246 -0.000056
v 0.175044 0.112662 -0.000056
v 0.186940 0.109479 0.033506
v 0.330961 0.304351 0.033586
v 0.308547 0.326282 0.047441
v 0.215730 0.101775 0.047441
v 0.244547 0.094063 0.033586
v 0.308623 0.326209 -0.047441
v 0.331014 0.304299 -0.033506
v 0.244615 0.094045 -0.033506
v 0.215826 0.101749 -0.047441
v 0.215826 0.101749 -0.047441
v 0.244615 0.094045 -0.033506
v 0.237833 0.018308 -0.033506
v 0.208391 0.018316 -0.047441
v 0.256512 0.090862 0.000056
v 0.244547 0.094063 0.033586
v 0.237764 0.018316 0.033585
v 0.250000 0.018316 0.000000
v 0.215730 0.101775 0.047441
v 0.186940 0.109479 0.033506
v 0.178850 0.018316 0.033506
v 0.208292 0.018316 0.047441
v 0.187009 0.109460 -0.033586
v 0.215826 0.101749 -0.047441
v 0.208391 0.018316 -0.047441
v 0.178920 0.018316 -0.033586
v 0.244615 0.094045 -0.033506
v 0.256512 0.090862 0.000056
v 0.250000 0.018316 0.000000
v 0.237833 0.018308 -0.033506
v 0.244547 0.094063 0.033586
v 0.215730 0.101775 0.047441
v 0.208292 0.018316 0.047441
v 0.237764 0.018316 0.033585
v 0.186940 0.109479 0.033506
v 0.175044 0.112662 -0.000056
v 0.166683 0.018316 -0.000056
v 0.178850 0.018316 0.033506
v 1.556392 -0.133738 -0.047441
v 1.526797 -0.133738 -0.033546
v 1.502191 -0.133738 -0.061436
v 1.556392 -0.133738 -0.086884
v 1.598246 -0.133738 0.000000
v 1.585987 -0.133738 -0.033546
v 1.610593 -0.133738 -0.061436
v 1.633044 -0.133738 0.000000
v 1.556392 -0.133738 0.047441
v 1.585988 -0.133738 0.033546
v 1.610593 -0.133738 0.061436
v 1.556392 -0.133738 0.086884
v 1.514538 -0.133738 0.000000
v 1.526797 -0.133738 0.033546
v 1.502191 -0.133738 0.061436
v 1.479740 -0.133738 0.000000
v 1.526797 -0.133738 -0.033546
v 1.514538 -0.133738 0.000000
v 1.479740 -0.133738 0.000000
v 1.502191 -0.133738 -0.061436
v 1.585987 -0.133738 -0.033546
v 1.556392 -0.133738 -0.047441
v 1.556392 -0.133738 -0.086884
v 1.610593 -0.133738 -0.061436
v 1.585988 -0.133738 0.033546
v 1.598246 -0.133738 0.000000
v 1.633044 -0.133738 0.000000
v 1.610593 -0.133738 0.061436
v 1.526797 -0.133738 0.033546
v 1.556392 -0.133738 0.047441
v 1.556392 -0.133738 0.086884
v 1.502191 -0.133738 0.061436
v 1.502191 -0.133738 0.061436
v 1.556392 -0.133738 0.086884
v 1.556392 -0.043174 0.086884
v 1.502191 -0.043174 0.061436
v 1.556392 -0.133738 -0.086884
v 1.502191 -0.133738 -0.061436
v 1.502191 -0.043174 -0.061436
v 1.556392 -0.043174 -0.086884
v 1.633044 -0.133738 0.000000
v 1.610593 -0.133738 -0.061436
v 1.610593 -0.043174 -0.061436
v 1.633044 -0.043174 0.000000
v 1.556392 -0.133738 0.086884
v 1.610593 -0.133738 0.061436
v 1.610593 -0.043174 0.061436
v 1.556392 -0.043174 0.086884
v 1.479740 -0.133738 0.000000
v 1.502191 -0.133738 0.061436
v 1.502191 -0.043174 0.061436
v 1.479740 -0.043174 0.000000
v 1.502191 -0.133738 -0.061436
v 1.479740 -0.133738 0.000000
v 1.479740 -0.043174 0.000000
v 1.502191 -0.043174 -0.061436
v 1.610593 -0.133738 -0.061436
v 1.556392 -0.133738 -0.086884
v 1.556392 -0.043174 -0.086884
v 1.610593 -0.043174 -0.061436
v 1.610593 -0.133738 0.061436
v 1.633044 -0.133738 0.000000
v 1.633044 -0.043174 0.000000
v 1.610593 -0.043174 0.061436
v 1.502191 -0.043174 -0.061436
v 1.479740 -0.043174 0.000000
v 1.220452 0.066862 0.000000
v 1.318848 0.066862 -0.269254
v 1.610593 -0.043174 -0.061436
v 1.556392 -0.043174 -0.086884
v 1.556392 0.066862 -0.380783
v 1.793937 0.066862 -0.269254
v 1.610593 -0.043174 0.061436
v 1.633044 -0.043174 0.000000
v 1.892333 0.066862 0.000000
v 1.793937 0.066862 0.269254
v 1.502191 -0.043174 0.061436
v 1.556392 -0.043174 0.086884
v 1.556393 0.066862 0.380783
v 1.318847 0.066862 0.269254
v 1.556392 -0.043174 -0.086884
v 1.502191 -0.043174 -0.061436
v 1.318848 0.066862 -0.269254
v 1.556392 0.066862 -0.380783
v 1.633044 -0.043174 0.000000
v 1.610593 -0.043174 -0.061436
v 1.793937 0.066862 -0.269254
v 1.892333 0.066862 0.000000
v 1.556392 -0.043174 0.086884
v 1.610593 -0.043174 0.061436
v 1.793937 0.066862 0.269254
v 1.556393 0.066862 0.380783
v 1.479740 -0.043174 0.000000
v 1.502191 -0.043174 0.061436
v 1.318847 0.066862 0.269254
v 1.220452 0.066862 0.000000
v 1.556393 0.066862 0.380783
v 1.793937 0.066862 0.269254
v 1.793937 0.106792 0.269254
v 1.556393 0.106792 0.380783
v 1.220452 0.066862 0.000000
v 1.318847 0.066862 0.269254
v 1.318847 0.106792 0.269254
v 1.220452 0.106792 0.000000
v 1.318848 0.066862 -0.269254
v 1.220452 0.066862 0.000000
v 1.220452 0.106792 0.000000
v 1.318848 0.106792 -0.269254
v 1.793937 0.066862 -0.269254
v 1.556392 0.066862 -0.380783
v 1.556392 0.106792 -0.380783
v 1.793937 0.106792 -0.269254
v 1.793937 0.066862 0.269254
v 1.892333 0.066862 0.000000
v 1.892333 0.106792 0.000000
v 1.793937 0.106792 0.269254
v 1.318847 0.066862 0.269254
v 1.556393 0.066862 0.380783
v 1.556393 0.106792 0.380783
v 1.318847 0.106792 0.269254
v 1.556392 0.066862 -0.380783
v 1.318848 0.066862 -0.269254
v 1.318848 0.106792 -0.269254
v 1.556392 0.106792 -0.380783
v 1.892333 0.066862 0.000000
v 1.793937 0.066862 -0.269254
v 1.793937 0.106792 -0.269254
v 1.892333 0.106792 0.000000
v 1.793937 0.106792 -0.269254
v 1.556392 0.106792 -0.380783
v 1.318848 0.106792 -0.269254
v 1.318848 0.106792 -0.269254
v 1.220452 0.106792 0.000000
v 1.892333 0.106792 0.000000
v 1.220452 0.106792 0.000000
v 1.318847 0.106792 0.269254
v 1.793937 0.106792 0.269254
v 1.318847 0.106792 0.269254
v 1.556393 0.106792 0.380783
v 1.793937 0.106792 0.269254
v 1.793937 0.106792 0.269254
v 1.892333 0.106792 0.000000
v 1.220452 0.106792 0.000000
v 1.892333 0.106792 0.000000
v 1.793937 0.106792 -0.269254
v 1.318848 0.106792 -0.269254
v 1.556392 0.106792 -0.091481
v 1.556392 0.592156 -0.091481
v 1.621079 0.592156 -0.064687
v 1.621079 0.106792 -0.064687
v 1.621079 0.106792 -0.064687
v 1.621079 0.592156 -0.064687
v 1.647873 0.592156 0.000000
v 1.647873 0.106792 0.000000
v 1.647873 0.106792 0.000000
v 1.647873 0.592156 0.000000
v 1.621079 0.592156 0.064687
v 1.621079 0.106792 0.064687
v 1.621079 0.106792 0.064687
v 1.621079 0.592156 0.064687
v 1.556392 0.592156 0.091481
v 1.556393 0.106792 0.091481
v 1.556393 0.106792 0.091481
v 1.556392 0.592156 0.091481
v 1.491706 0.592156 0.064686
v 1.491706 0.106792 0.064687
v 1.491706 0.106792 0.064687
v 1.491706 0.592156 0.064686
v 1.464912 0.592156 0.000000
v 1.464912 0.106792 0.000000
v 1.464912 0.106792 0.000000
v 1.464912 0.592156 0.000000
v 1.491706 0.592156 -0.064687
v 1.491706 0.106792 -0.064687
v 1.491706 0.106792 -0.064687
v 1.491706 0.592156 -0.064687
v 1.556392 0.592156 -0.091481
v 1.556392 0.106792 -0.091481
v 1.556392 0.592156 -0.091481
v 1.491706 0.592156 -0.064687
v 1.469898 0.683744 -0.086495
v 1.556392 0.683744 -0.122322
v 1.491706 0.592156 0.064686
v 1.556392 0.592156 0.091481
v 1.556392 0.683744 0.122322
v 1.469898 0.683744 0.086495
v 1.647873 0.592156 0.000000
v 1.621079 0.592156 -0.064687
v 1.642887 0.683744 -0.086495
v 1.678715 0.683744 0.000000
v 1.491706 0.592156 -0.064687
v 1.464912 0.592156 0.000000
v 1.434071 0.683744 0.000000
v 1.469898 0.683744 -0.086495
v 1.556392 0.592156 0.091481
v 1.621079 0.592156 0.064687
v 1.642887 0.683744 0.086495
v 1.556392 0.683744 0.122322
v 1.464912 0.592156 0.000000
v 1.491706 0.592156 0.064686
v 1.469898 0.683744 0.086495
v 1.434071 0.683744 0.000000
v 1.434071 0.683744 0.000000
v 1.469898 0.683744 0.086495
v 1.469898 0.767091 0.086495
v 1.434071 0.767091 0.000000
v 1.556392 0.683744 -0.122322
v 1.469898 0.683744 -0.086495
v 1.469898 0.767091 -0.086495
v 1.556392 0.767091 -0.122322
v 1.642887 0.683744 -0.086495
v 1.556392 0.683744 -0.122322
v 1.556392 0.767091 -0.122322
v 1.642887 0.767091 -0.086495
v 1.642887 0.683744 0.086495
v 1.678715 0.683744 0.000000
v 1.678715 0.767091 0.000000
v 1.642887 0.767091 0.086495
v 1.469898 0.683744 0.086495
v 1.556392 0.683744 0.122322
v 1.556392 0.767091 0.122322
v 1.469898 0.767091 0.086495
v 1.469898 0.683744 -0.086495
v 1.434071 0.683744 0.000000
v 1.434071 0.767091 0.000000
v 1.469898 0.767091 -0.086495
v 1.621079 0.592156 -0.064687
v 1.556392 0.592156 -0.091481
v 1.556392 0.683744 -0.122322
v 1.642887 0.683744 -0.086495
v 1.621079 0.592156 0.064687
v 1.647873 0.592156 0.000000
v 1.678715 0.683744 0.000000
v 1.642887 0.683744 0.086495
v 1.642887 0.767091 0.086495
v 1.678715 0.767091 0.000000
v 1.624611 0.844589 0.000000
v 1.604630 0.844589 0.048238
v 1.469898 0.767091 0.086495
v 1.556392 0.767091 0.122322
v 1.556393 0.844589 0.068218
v 1.508155 0.844589 0.048238
v 1.469898 0.767091 -0.086495
v 1.434071 0.767091 0.000000
v 1.488174 0.844589 -0.000000
v 1.508155 0.844589 -0.048238
v 1.678715 0.767091 0.000000
v 1.642887 0.767091 -0.086495
v 1.604630 0.844589 -0.048238
v 1.624611 0.844589 0.000000
v 1.556392 0.767091 0.122322
v 1.642887 0.767091 0.086495
v 1.604630 0.844589 0.048238
v 1.556393 0.844589 0.068218
v 1.434071 0.767091 0.000000
v 1.469898 0.767091 0.086495
v 1.508155 0.844589 0.048238
v 1.488174 0.844589 -0.000000
v 1.556392 0.683744 0.122322
v 1.642887 0.683744 0.086495
v 1.642887 0.767091 0.086495
v 1.556392 0.767091 0.122322
v 1.678715 0.683744 0.000000
v 1.642887 0.683744 -0.086495
v 1.642887 0.767091 -0.086495
v 1.678715 0.767091 0.000000
v 1.508155 0.844589 -0.048238
v 1.488174 0.844589 -0.000000
v 1.556393 0.895034 -0.000000
v 1.624611 0.844589 0.000000
v 1.604630 0.844589 -0.048238
v 1.556393 0.895034 -0.000000
v 1.556393 0.844589 0.068218
v 1.604630 0.844589 0.048238
v 1.556393 0.895034 -0.000000
v 1.488174 0.844589 -0.000000
v 1.508155 0.844589 0.048238
v 1.556393 0.895034 -0.000000
v 1.556392 0.844589 -0.068218
v 1.508155 0.844589 -0.048238
v 1.556393 0.895034 -0.000000
v 1.604630 0.844589 -0.048238
v 1.556392 0.844589 -0.068218
v 1.556393 0.895034 -0.000000
v 1.642887 0.767091 -0.086495
v 1.556392 0.767091 -0.122322
v 1.556392 0.844589 -0.068218
v 1.604630 0.844589 -0.048238
v 1.556392 0.767091 -0.122322
v 1.469898 0.767091 -0.086495
v 1.508155 0.844589 -0.048238
v 1.556392 0.844589 -0.068218
v 1.508155 0.844589 0.048238
v 1.556393 0.844589 0.068218
v 1.556393 0.895034 -0.000000
v 1.604630 0.844589 0.048238
v 1.624611 0.844589 0.000000
v 1.556393 0.895034 -0.000000
v 1.556392 0.592156 -0.060333
v 1.513730 0.592156 -0.042662
v 1.499347 0.652560 -0.057045
v 1.556392 0.652560 -0.080674
v 1.513730 0.592156 0.042662
v 1.556392 0.592156 0.060333
v 1.556392 0.652560 0.080674
v 1.499347 0.652560 0.057045
v 1.616725 0.592156 0.000000
v 1.599054 0.592156 -0.042662
v 1.613437 0.652560 -0.057045
v 1.637066 0.652560 -0.000000
v 1.513730 0.592156 -0.042662
v 1.496059 0.592156 -0.000000
v 1.475719 0.652560 -0.000000
v 1.499347 0.652560 -0.057045
v 1.556392 0.592156 0.060333
v 1.599054 0.592156 0.042662
v 1.613437 0.652560 0.057045
v 1.556392 0.652560 0.080674
v 1.496059 0.592156 -0.000000
v 1.513730 0.592156 0.042662
v 1.499347 0.652560 0.057045
v 1.475719 0.652560 -0.000000
v 1.475719 0.652560 -0.000000
v 1.499347 0.652560 0.057045
v 1.499347 0.707529 0.057045
v 1.475719 0.707529 -0.000000
v 1.556392 0.652560 -0.080674
v 1.499347 0.652560 -0.057045
v 1.499347 0.707529 -0.057045
v 1.556392 0.707529 -0.080674
v 1.613437 0.652560 -0.057045
v 1.556392 0.652560 -0.080674
v 1.556392 0.707529 -0.080674
v 1.613437 0.707529 -0.057045
v 1.613437 0.652560 0.057045
v 1.637066 0.652560 -0.000000
v 1.637066 0.707529 -0.000000
v 1.613437 0.707529 0.057045
v 1.499347 0.652560 0.057045
v 1.556392 0.652560 0.080674
v 1.556392 0.707529 0.080674
v 1.499347 0.707529 0.057045
v 1.499347 0.652560 -0.057045
v 1.475719 0.652560 -0.000000
v 1.475719 0.707529 -0.000000
v 1.499347 0.707529 -0.057045
v 1.599054 0.592156 -0.042662
v 1.556392 0.592156 -0.060333
v 1.556392 0.652560 -0.080674
v 1.613437 0.652560 -0.057045
v 1.599054 0.592156 0.042662
v 1.616725 0.592156 0.000000
v 1.637066 0.652560 -0.000000
v 1.613437 0.652560 0.057045
v 1.613437 0.707529 0.057045
v 1.637066 0.707529 -0.000000
v 1.601384 0.758640 0.000000
v 1.588206 0.758640 0.031814
v 1.499347 0.707529 0.057045
v 1.556392 0.707529 0.080674
v 1.556392 0.758640 0.044991
v 1.524579 0.758640 0.031814
v 1.499347 0.707529 -0.057045
v 1.475719 0.707529 -0.000000
v 1.511401 0.758640 0.000000
v 1.524579 0.758640 -0.031814
v 1.637066 0.707529 -0.000000
v 1.613437 0.707529 -0.057045
v 1.588206 0.758640 -0.031814
v 1.601384 0.758640 0.000000
v 1.556392 0.707529 0.080674
v 1.613437 0.707529 0.057045
v 1.588206 0.758640 0.031814
v 1.556392 0.758640 0.044991
v 1.475719 0.707529 -0.000000
v 1.499347 0.707529 0.057045
v 1.524579 0.758640 0.031814
v 1.511401 0.758640 0.000000
v 1.556392 0.652560 0.080674
v 1.613437 0.652560 0.057045
v 1.613437 0.707529 0.057045
v 1.556392 0.707529 0.080674
v 1.637066 0.652560 -0.000000
v 1.613437 0.652560 -0.057045
v 1.613437 0.707529 -0.057045
v 1.637066 0.707529 -0.000000
v 1.524579 0.758640 -0.031814
v 1.511401 0.758640 0.000000
v 1.556393 0.791910 -0.000000
v 1.601384 0.758640 0.000000
v 1.588206 0.758640 -0.031814
v 1.556393 0.791910 -0.000000
v 1.556392 0.758640 0.044991
v 1.588206 0.758640 0.031814
v 1.556393 0.791910 -0.000000
v 1.511401 0.758640 0.000000
v 1.524579 0.758640 0.031814
v 1.556393 0.791910 -0.000000
v 1.556392 0.758640 -0.044991
v 1.524579 0.758640 -0.031814
v 1.556393 0.791910 -0.000000
v 1.588206 0.758640 -0.031814
v 1.556392 0.758640 -0.044991
v 1.556393 0.791910 -0.000000
v 1.613437 0.707529 -0.057045
v 1.556392 0.707529 -0.080674
v 1.556392 0.758640 -0.044991
v 1.588206 0.758640 -0.031814
v 1.556392 0.707529 -0.080674
v 1.499347 0.707529 -0.057045
v 1.524579 0.758640 -0.031814
v 1.556392 0.758640 -0.044991
v 1.588206 0.758640 0.031814
v 1.601384 0.758640 0.000000
v 1.556393 0.791910 -0.000000
v 1.464912 0.592156 0.000000
v 1.496059 0.592156 -0.000000
v 1.513730 0.592156 -0.042662
v 1.647873 0.592156 0.000000
v 1.616725 0.592156 0.000000
v 1.599054 0.592156 0.042662
v 1.496059 0.592156 -0.000000
v 1.464912 0.592156 0.000000
v 1.513730 0.592156 0.042662
v 1.647873 0.592156 0.000000
v 1.621079 0.592156 -0.064687
v 1.599054 0.592156 -0.042662
v 1.491706 0.592156 -0.064687
v 1.464912 0.592156 0.000000
v 1.513730 0.592156 -0.042662
v 1.513730 0.592156 -0.042662
v 1.556392 0.592156 -0.060333
v 1.491706 0.592156 -0.064687
v 1.556392 0.592156 -0.060333
v 1.621079 0.592156 -0.064687
v 1.491706 0.592156 -0.064687
v 1.491706 0.592156 0.064686
v 1.556392 0.592156 0.091481
v 1.621079 0.592156 0.064687
v 1.556392 0.592156 0.060333
v 1.491706 0.592156 0.064686
v 1.621079 0.592156 0.064687
v 1.621079 0.592156 0.064687
v 1.599054 0.592156 0.042662
v 1.556392 0.592156 0.060333
v 1.599054 0.592156 -0.042662
v 1.621079 0.592156 -0.064687
v 1.556392 0.592156 -0.060333
v 1.621079 0.592156 -0.064687
v 1.556392 0.592156 -0.091481
v 1.491706 0.592156 -0.064687
v 1.621079 0.592156 0.064687
v 1.647873 0.592156 0.000000
v 1.599054 0.592156 0.042662
v 1.616725 0.592156 0.000000
v 1.647873 0.592156 0.000000
v 1.599054 0.592156 -0.042662
v 1.464912 0.592156 0.000000
v 1.491706 0.592156 0.064686
v 1.513730 0.592156 0.042662
v 1.556392 0.592156 0.060333
v 1.513730 0.592156 0.042662
v 1.491706 0.592156 0.064686
v 1.556392 0.758640 0.044991
v 1.556393 0.791910 -0.000000
v 1.524579 0.758640 0.031814
v 0.271550 0.399065 -0.470451
v 0.138403 0.357246 -0.239833
v 0.172095 0.348192 -0.231065
v 0.298444 0.386114 -0.449908
v 0.298444 0.386114 -0.449908
v 0.172095 0.348192 -0.231065
v 0.195359 0.326282 -0.243489
v 0.305256 0.354773 -0.433837
v 0.305256 0.354773 -0.433837
v 0.195359 0.326282 -0.243489
v 0.194566 0.304351 -0.269828
v 0.287995 0.323402 -0.431652
v 0.287995 0.323402 -0.431652
v 0.194566 0.304351 -0.269828
v 0.170182 0.295245 -0.294652
v 0.256774 0.310376 -0.444633
v 0.256774 0.310376 -0.444633
v 0.170182 0.295245 -0.294652
v 0.136490 0.304299 -0.303420
v 0.229880 0.323327 -0.465176
v 0.229880 0.323327 -0.465176
v 0.136490 0.304299 -0.303420
v 0.113226 0.326209 -0.290995
v 0.223068 0.354668 -0.481247
v 0.170182 0.295245 -0.294652
v 0.194566 0.304351 -0.269828
v 0.151359 0.094063 -0.194991
v 0.128305 0.090862 -0.222118
v 0.223068 0.354668 -0.481247
v 0.113226 0.326209 -0.290995
v 0.114018 0.348140 -0.264657
v 0.240328 0.386039 -0.483432
v 0.240328 0.386039 -0.483432
v 0.114018 0.348140 -0.264657
v 0.138403 0.357246 -0.239833
v 0.271550 0.399065 -0.470451
v 0.734347 -0.133738 -1.339018
v 0.726745 -0.241920 -1.325863
v 0.750241 -0.236046 -1.299469
v 0.757269 -0.133738 -1.311629
v 0.726745 -0.241920 -1.325863
v 0.652988 -0.417081 -1.199753
v 0.679588 -0.404461 -1.178668
v 0.750241 -0.236046 -1.299469
v 0.652988 -0.417081 -1.199753
v 0.550220 -0.414917 -1.018112
v 0.581545 -0.401930 -1.005370
v 0.679588 -0.404461 -1.178668
v 0.550220 -0.414917 -1.018112
v 0.462757 -0.258334 -0.868689
v 0.496628 -0.249727 -0.860298
v 0.581545 -0.401930 -1.005370
v 0.462757 -0.258334 -0.868689
v 0.395725 -0.038149 -0.752588
v 0.429899 -0.030493 -0.744720
v 0.496628 -0.249727 -0.860298
v 0.395725 -0.038149 -0.752588
v 0.331253 0.188716 -0.640919
v 0.365480 0.196184 -0.633143
v 0.429899 -0.030493 -0.744720
v 0.331253 0.188716 -0.640919
v 0.240328 0.386039 -0.483432
v 0.271550 0.399065 -0.470451
v 0.365480 0.196184 -0.633143
v 0.737111 -0.133738 -1.371596
v 0.728114 -0.256133 -1.356026
v 0.726745 -0.241920 -1.325863
v 0.734347 -0.133738 -1.339018
v 0.728114 -0.256133 -1.356026
v 0.646924 -0.447671 -1.217198
v 0.652988 -0.417081 -1.199753
v 0.726745 -0.241920 -1.325863
v 0.646924 -0.447671 -1.217198
v 0.532621 -0.445960 -1.015198
v 0.550220 -0.414917 -1.018112
v 0.652988 -0.417081 -1.199753
v 0.532621 -0.445960 -1.015198
v 0.439114 -0.279064 -0.855451
v 0.462757 -0.258334 -0.868689
v 0.550220 -0.414917 -1.018112
v 0.439114 -0.279064 -0.855451
v 0.371356 -0.056588 -0.738089
v 0.395725 -0.038149 -0.752588
v 0.462757 -0.258334 -0.868689
v 0.371356 -0.056588 -0.738089
v 0.306756 0.170727 -0.626198
v 0.331253 0.188716 -0.640919
v 0.395725 -0.038149 -0.752588
v 0.306756 0.170727 -0.626198
v 0.223068 0.354668 -0.481247
v 0.240328 0.386039 -0.483432
v 0.331253 0.188716 -0.640919
v 0.763942 -0.133738 -1.390278
v 0.753549 -0.270360 -1.372290
v 0.728114 -0.256133 -1.356026
v 0.737111 -0.133738 -1.371596
v 0.753549 -0.270360 -1.372290
v 0.664948 -0.478311 -1.220786
v 0.646924 -0.447671 -1.217198
v 0.728114 -0.256133 -1.356026
v 0.664948 -0.478311 -1.220786
v 0.539058 -0.476873 -0.998334
v 0.532621 -0.445960 -1.015198
v 0.646924 -0.447671 -1.217198
v 0.539058 -0.476873 -0.998334
v 0.439551 -0.299774 -0.828336
v 0.439114 -0.279064 -0.855451
v 0.532621 -0.445960 -1.015198
v 0.439551 -0.299774 -0.828336
v 0.371066 -0.075009 -0.709717
v 0.371356 -0.056588 -0.738089
v 0.439114 -0.279064 -0.855451
v 0.371066 -0.075009 -0.709717
v 0.306337 0.152755 -0.597604
v 0.306756 0.170727 -0.626198
v 0.371356 -0.056588 -0.738089
v 0.306337 0.152755 -0.597604
v 0.229880 0.323327 -0.465176
v 0.223068 0.354668 -0.481247
v 0.306756 0.170727 -0.626198
v 0.799123 -0.133738 -1.384122
v 0.788149 -0.276266 -1.365127
v 0.753549 -0.270360 -1.372290
v 0.763942 -0.133738 -1.390278
v 0.788149 -0.276266 -1.365127
v 0.696502 -0.491053 -1.208415
v 0.664948 -0.478311 -1.220786
v 0.753549 -0.270360 -1.372290
v 0.696502 -0.491053 -1.208415
v 0.565759 -0.489549 -0.977400
v 0.539058 -0.476873 -0.998334
v 0.664948 -0.478311 -1.220786
v 0.565759 -0.489549 -0.977400
v 0.463810 -0.308332 -0.803230
v 0.439551 -0.299774 -0.828336
v 0.539058 -0.476873 -0.998334
v 0.463810 -0.308332 -0.803230
v 0.395025 -0.082621 -0.684091
v 0.371066 -0.075009 -0.709717
v 0.439551 -0.299774 -0.828336
v 0.395025 -0.082621 -0.684091
v 0.330243 0.145329 -0.571886
v 0.306337 0.152755 -0.597604
v 0.371066 -0.075009 -0.709717
v 0.330243 0.145329 -0.571886
v 0.256774 0.310376 -0.444633
v 0.229880 0.323327 -0.465176
v 0.306337 0.152755 -0.597604
v 0.822045 -0.133738 -1.356733
v 0.811645 -0.270392 -1.338733
v 0.788149 -0.276266 -1.365127
v 0.799123 -0.133738 -1.384122
v 0.811645 -0.270392 -1.338733
v 0.723103 -0.478433 -1.187331
v 0.696502 -0.491053 -1.208415
v 0.788149 -0.276266 -1.365127
v 0.723103 -0.478433 -1.187331
v 0.597084 -0.476562 -0.964658
v 0.565759 -0.489549 -0.977400
v 0.696502 -0.491053 -1.208415
v 0.597084 -0.476562 -0.964658
v 0.497681 -0.299725 -0.794838
v 0.463810 -0.308332 -0.803230
v 0.565759 -0.489549 -0.977400
v 0.497681 -0.299725 -0.794838
v 0.429198 -0.074965 -0.676222
v 0.395025 -0.082621 -0.684091
v 0.463810 -0.308332 -0.803230
v 0.429198 -0.074965 -0.676222
v 0.364470 0.152798 -0.564110
v 0.330243 0.145329 -0.571886
v 0.395025 -0.082621 -0.684091
v 0.364470 0.152798 -0.564110
v 0.287995 0.323402 -0.431652
v 0.256774 0.310376 -0.444633
v 0.330243 0.145329 -0.571886
v 0.819281 -0.133738 -1.324155
v 0.810275 -0.256179 -1.308569
v 0.811645 -0.270392 -1.338733
v 0.822045 -0.133738 -1.356733
v 0.810275 -0.256179 -1.308569
v 0.729167 -0.447843 -1.169885
v 0.723103 -0.478433 -1.187331
v 0.811645 -0.270392 -1.338733
v 0.729167 -0.447843 -1.169885
v 0.614683 -0.445519 -0.967572
v 0.597084 -0.476562 -0.964658
v 0.723103 -0.478433 -1.187331
v 0.614683 -0.445519 -0.967572
v 0.521324 -0.278995 -0.808077
v 0.497681 -0.299725 -0.794838
v 0.597084 -0.476562 -0.964658
v 0.521324 -0.278995 -0.808077
v 0.453568 -0.056526 -0.690721
v 0.429198 -0.074965 -0.676222
v 0.497681 -0.299725 -0.794838
v 0.453568 -0.056526 -0.690721
v 0.388968 0.170787 -0.578830
v 0.364470 0.152798 -0.564110
v 0.429198 -0.074965 -0.676222
v 0.388968 0.170787 -0.578830
v 0.305256 0.354773 -0.433837
v 0.287995 0.323402 -0.431652
v 0.364470 0.152798 -0.564110
v 0.792450 -0.133738 -1.305472
v 0.784841 -0.241952 -1.292306
v 0.810275 -0.256179 -1.308569
v 0.819281 -0.133738 -1.324155
v 0.784841 -0.241952 -1.292306
v 0.711143 -0.417203 -1.166297
v 0.729167 -0.447843 -1.169885
v 0.810275 -0.256179 -1.308569
v 0.711143 -0.417203 -1.166297
v 0.608247 -0.414605 -0.984436
v 0.614683 -0.445519 -0.967572
v 0.729167 -0.447843 -1.169885
v 0.608247 -0.414605 -0.984436
v 0.520887 -0.258285 -0.835191
v 0.521324 -0.278995 -0.808077
v 0.614683 -0.445519 -0.967572
v 0.520887 -0.258285 -0.835191
v 0.453858 -0.038105 -0.719093
v 0.453568 -0.056526 -0.690721
v 0.521324 -0.278995 -0.808077
v 0.453858 -0.038105 -0.719093
v 0.389386 0.188758 -0.607425
v 0.388968 0.170787 -0.578830
v 0.453568 -0.056526 -0.690721
v 0.389386 0.188758 -0.607425
v 0.298444 0.386114 -0.449908
v 0.305256 0.354773 -0.433837
v 0.388968 0.170787 -0.578830
v 0.757269 -0.133738 -1.311629
v 0.750241 -0.236046 -1.299469
v 0.784841 -0.241952 -1.292306
v 0.792450 -0.133738 -1.305472
v 0.750241 -0.236046 -1.299469
v 0.679588 -0.404461 -1.178668
v 0.711143 -0.417203 -1.166297
v 0.784841 -0.241952 -1.292306
v 0.679588 -0.404461 -1.178668
v 0.581545 -0.401930 -1.005370
v 0.608247 -0.414605 -0.984436
v 0.711143 -0.417203 -1.166297
v 0.581545 -0.401930 -1.005370
v 0.496628 -0.249727 -0.860298
v 0.520887 -0.258285 -0.835191
v 0.608247 -0.414605 -0.984436
v 0.496628 -0.249727 -0.860298
v 0.429899 -0.030493 -0.744720
v 0.453858 -0.038105 -0.719093
v 0.520887 -0.258285 -0.835191
v 0.429899 -0.030493 -0.744720
v 0.365480 0.196184 -0.633143
v 0.389386 0.188758 -0.607425
v 0.453858 -0.038105 -0.719093
v 0.365480 0.196184 -0.633143
v 0.271550 0.399065 -0.470451
v 0.298444 0.386114 -0.449908
v 0.389386 0.188758 -0.607425
v 0.087473 0.112662 -0.151620
v 0.064418 0.109460 -0.178747
v 0.060374 0.018316 -0.171742
v 0.083293 0.018316 -0.144380
v 0.114018 0.348140 -0.264657
v 0.113226 0.326209 -0.290995
v 0.066828 0.101749 -0.210631
v 0.064418 0.109460 -0.178747
v 0.195359 0.326282 -0.243489
v 0.172095 0.348192 -0.231065
v 0.122487 0.109479 -0.145142
v 0.148950 0.101775 -0.163107
v 0.136490 0.304299 -0.303420
v 0.170182 0.295245 -0.294652
v 0.128305 0.090862 -0.222118
v 0.093291 0.094045 -0.228596
v 0.138403 0.357246 -0.239833
v 0.114018 0.348140 -0.264657
v 0.064418 0.109460 -0.178747
v 0.087473 0.112662 -0.151620
v 0.172095 0.348192 -0.231065
v 0.138403 0.357246 -0.239833
v 0.087473 0.112662 -0.151620
v 0.122487 0.109479 -0.145142
v 0.194566 0.304351 -0.269828
v 0.195359 0.326282 -0.243489
v 0.148950 0.101775 -0.163107
v 0.151359 0.094063 -0.194991
v 0.113226 0.326209 -0.290995
v 0.136490 0.304299 -0.303420
v 0.093291 0.094045 -0.228596
v 0.066828 0.101749 -0.210631
v 0.066828 0.101749 -0.210631
v 0.093291 0.094045 -0.228596
v 0.089899 0.018308 -0.222723
v 0.063110 0.018316 -0.204192
v 0.128305 0.090862 -0.222118
v 0.151359 0.094063 -0.194991
v 0.147967 0.018316 -0.189116
v 0.125000 0.018316 -0.216506
v 0.148950 0.101775 -0.163107
v 0.122487 0.109479 -0.145142
v 0.118442 0.018316 -0.138135
v 0.145231 0.018316 -0.156666
v 0.064418 0.109460 -0.178747
v 0.066828 0.101749 -0.210631
v 0.063110 0.018316 -0.204192
v 0.060374 0.018316 -0.171742
v 0.093291 0.094045 -0.228596
v 0.128305 0.090862 -0.222118
v 0.125000 0.018316 -0.216506
v 0.089899 0.018308 -0.222723
v 0.151359 0.094063 -0.194991
v 0.148950 0.101775 -0.163107
v 0.145231 0.018316 -0.156666
v 0.147967 0.018316 -0.189116
v 0.122487 0.109479 -0.145142
v 0.087473 0.112662 -0.151620
v 0.083293 0.018316 -0.144380
v 0.118442 0.018316 -0.138135
v 0.737111 -0.133738 -1.371596
v 0.734347 -0.133738 -1.339018
v 0.697890 -0.133738 -1.331654
v 0.702952 -0.133738 -1.391317
v 0.799123 -0.133738 -1.384122
v 0.763942 -0.133738 -1.390278
v 0.752091 -0.133738 -1.425533
v 0.816522 -0.133738 -1.414258
v 0.819281 -0.133738 -1.324155
v 0.822045 -0.133738 -1.356733
v 0.858502 -0.133738 -1.364097
v 0.853439 -0.133738 -1.304433
v 0.757269 -0.133738 -1.311629
v 0.792450 -0.133738 -1.305472
v 0.804301 -0.133738 -1.270218
v 0.739870 -0.133738 -1.281492
v 0.734347 -0.133738 -1.339018
v 0.757269 -0.133738 -1.311629
v 0.739870 -0.133738 -1.281492
v 0.697890 -0.133738 -1.331654
v 0.763942 -0.133738 -1.390278
v 0.737111 -0.133738 -1.371596
v 0.702952 -0.133738 -1.391317
v 0.752091 -0.133738 -1.425533
v 0.822045 -0.133738 -1.356733
v 0.799123 -0.133738 -1.384122
v 0.816522 -0.133738 -1.414258
v 0.858502 -0.133738 -1.364097
v 0.792450 -0.133738 -1.305472
v 0.819281 -0.133738 -1.324155
v 0.853439 -0.133738 -1.304433
v 0.804301 -0.133738 -1.270218
v 0.804301 -0.133738 -1.270218
v 0.853439 -0.133738 -1.304433
v 0.853439 -0.043174 -1.304433
v 0.804301 -0.043174 -1.270218
v 0.702952 -0.133738 -1.391317
v 0.697890 -0.133738 -1.331654
v 0.697890 -0.043174 -1.331654
v 0.702952 -0.043174 -1.391317
v 0.816522 -0.133738 -1.414258
v 0.752091 -0.133738 -1.425533
v 0.752091 -0.043174 -1.425533
v 0.816522 -0.043174 -1.414258
v 0.853439 -0.133738 -1.304433
v 0.858502 -0.133738 -1.364097
v 0.858502 -0.043174 -1.364097
v 0.853439 -0.043174 -1.304433
v 0.739870 -0.133738 -1.281492
v 0.804301 -0.133738 -1.270218
v 0.804301 -0.043174 -1.270218
v 0.739870 -0.043174 -1.281492
v 0.697890 -0.133738 -1.331654
v 0.739870 -0.133738 -1.281492
v 0.739870 -0.043174 -1.281492
v 0.697890 -0.043174 -1.331654
v 0.752091 -0.133738 -1.425533
v 0.702952 -0.133738 -1.391317
v 0.702952 -0.043174 -1.391317
v 0.752091 -0.043174 -1.425533
v 0.858502 -0.133738 -1.364097
v 0.816522 -0.133738 -1.414258
v 0.816522 -0.043174 -1.414258
v 0.858502 -0.043174 -1.364097
v 0.697890 -0.043174 -1.331654
v 0.739870 -0.043174 -1.281492
v 0.610226 0.066862 -1.056942
v 0.426242 0.066862 -1.276783
v 0.752091 -0.043174 -1.425533
v 0.702952 -0.043174 -1.391317
v 0.448428 0.066862 -1.538267
v 0.663787 0.066862 -1.688222
v 0.858502 -0.043174 -1.364097
v 0.816522 -0.043174 -1.414258
v 0.946166 0.066862 -1.638808
v 1.130149 0.066862 -1.418968
v 0.804301 -0.043174 -1.270218
v 0.853439 -0.043174 -1.304433
v 1.107964 0.066862 -1.157484
v 0.892605 0.066862 -1.007528
v 0.702952 -0.043174 -1.391317
v 0.697890 -0.043174 -1.331654
v 0.426242 0.066862 -1.276783
v 0.448428 0.066862 -1.538267
v 0.816522 -0.043174 -1.414258
v 0.752091 -0.043174 -1.425533
v 0.663787 0.066862 -1.688222
v 0.946166 0.066862 -1.638808
v 0.853439 -0.043174 -1.304433
v 0.858502 -0.043174 -1.364097
v 1.130149 0.066862 -1.418968
v 1.107964 0.066862 -1.157484
v 0.739870 -0.043174 -1.281492
v 0.804301 -0.043174 -1.270218
v 0.892605 0.066862 -1.007528
v 0.610226 0.066862 -1.056942
v 1.107964 0.066862 -1.157484
v 1.130149 0.066862 -1.418968
v 1.130149 0.106792 -1.418968
v 1.107964 0.106792 -1.157484
v 0.610226 0.066862 -1.056942
v 0.892605 0.066862 -1.007528
v 0.892605 0.106792 -1.007528
v 0.610226 0.106792 -1.056942
v 0.426242 0.066862 -1.276783
v 0.610226 0.066862 -1.056942
v 0.610226 0.106792 -1.056942
v 0.426242 0.106792 -1.276783
v 0.663787 0.066862 -1.688222
v 0.448428 0.066862 -1.538267
v 0.448428 0.106792 -1.538267
v 0.663787 0.106792 -1.688222
v 1.130149 0.066862 -1.418968
v 0.946166 0.066862 -1.638808
v 0.946166 0.106792 -1.638808
v 1.130149 0.106792 -1.418968
v 0.892605 0.066862 -1.007528
v 1.107964 0.066862 -1.157484
v 1.107964 0.106792 -1.157484
v 0.892605 0.106792 -1.007528
v 0.448428 0.066862 -1.538267
v 0.426242 0.066862 -1.276783
v 0.426242 0.106792 -1.276783
v 0.448428 0.106792 -1.538267
v 0.946166 0.066862 -1.638808
v 0.663787 0.066862 -1.688222
v 0.663787 0.106792 -1.688222
v 0.946166 0.106792 -1.638808
v 0.663787 0.106792 -1.688222
v 0.448428 0.106792 -1.538267
v 0.426242 0.106792 -1.276783
v 0.426242 0.106792 -1.276783
v 0.610226 0.106792 -1.056942
v 0.946166 0.106792 -1.638808
v 0.610226 0.106792 -1.056942
v 0.892605 0.106792 -1.007528
v 1.130149 0.106792 -1.418968
v 0.892605 0.106792 -1.007528
v 1.107964 0.106792 -1.157484
v 1.130149 0.106792 -1.418968
v 1.130149 0.106792 -1.418968
v 0.946166 0.106792 -1.638808
v 0.610226 0.106792 -1.056942
v 0.946166 0.106792 -1.638808
v 0.663787 0.106792 -1.688222
v 0.426242 0.106792 -1.276783
v 0.698971 0.106792 -1.393616
v 0.698971 0.592156 -1.393616
v 0.754519 0.592156 -1.436239
v 0.754519 0.106792 -1.436239
v 0.754519 0.106792 -1.436239
v 0.754519 0.592156 -1.436239
v 0.823936 0.592156 -1.427100
v 0.823936 0.106792 -1.427100
v 0.823936 0.106792 -1.427100
v 0.823936 0.592156 -1.427100
v 0.866559 0.592156 -1.371552
v 0.866559 0.106792 -1.371552
v 0.866559 0.106792 -1.371552
v 0.866559 0.592156 -1.371552
v 0.857421 0.592156 -1.302135
v 0.857421 0.106792 -1.302135
v 0.857421 0.106792 -1.302135
v 0.857421 0.592156 -1.302135
v 0.801873 0.592156 -1.259512
v 0.801873 0.106792 -1.259512
v 0.801873 0.106792 -1.259512
v 0.801873 0.592156 -1.259512
v 0.732456 0.592156 -1.268651
v 0.732456 0.106792 -1.268651
v 0.732456 0.106792 -1.268651
v 0.732456 0.592156 -1.268651
v 0.689832 0.592156 -1.324198
v 0.689833 0.106792 -1.324198
v 0.689833 0.106792 -1.324198
v 0.689832 0.592156 -1.324198
v 0.698971 0.592156 -1.393616
v 0.698971 0.106792 -1.393616
v 0.698971 0.592156 -1.393616
v 0.689832 0.592156 -1.324198
v 0.660042 0.683744 -1.316216
v 0.672262 0.683744 -1.409036
v 0.801873 0.592156 -1.259512
v 0.857421 0.592156 -1.302135
v 0.884130 0.683744 -1.286714
v 0.809855 0.683744 -1.229721
v 0.823936 0.592156 -1.427100
v 0.754519 0.592156 -1.436239
v 0.746537 0.683744 -1.466029
v 0.839357 0.683744 -1.453809
v 0.689832 0.592156 -1.324198
v 0.732456 0.592156 -1.268651
v 0.717035 0.683744 -1.241941
v 0.660042 0.683744 -1.316216
v 0.857421 0.592156 -1.302135
v 0.866559 0.592156 -1.371552
v 0.896350 0.683744 -1.379535
v 0.884130 0.683744 -1.286714
v 0.732456 0.592156 -1.268651
v 0.801873 0.592156 -1.259512
v 0.809855 0.683744 -1.229721
v 0.717035 0.683744 -1.241941
v 0.717035 0.683744 -1.241941
v 0.809855 0.683744 -1.229721
v 0.809855 0.767091 -1.229721
v 0.717035 0.767091 -1.241941
v 0.672262 0.683744 -1.409036
v 0.660042 0.683744 -1.316216
v 0.660042 0.767091 -1.316216
v 0.672262 0.767091 -1.409036
v 0.746537 0.683744 -1.466029
v 0.672262 0.683744 -1.409036
v 0.672262 0.767091 -1.409036
v 0.746537 0.767091 -1.466029
v 0.896350 0.683744 -1.379535
v 0.839357 0.683744 -1.453809
v 0.839357 0.767091 -1.453809
v 0.896350 0.767091 -1.379535
v 0.809855 0.683744 -1.229721
v 0.884130 0.683744 -1.286714
v 0.884130 0.767091 -1.286714
v 0.809855 0.767091 -1.229721
v 0.660042 0.683744 -1.316216
v 0.717035 0.683744 -1.241941
v 0.717035 0.767091 -1.241941
v 0.660042 0.767091 -1.316216
v 0.754519 0.592156 -1.436239
v 0.698971 0.592156 -1.393616
v 0.672262 0.683744 -1.409036
v 0.746537 0.683744 -1.466029
v 0.866559 0.592156 -1.371552
v 0.823936 0.592156 -1.427100
v 0.839357 0.683744 -1.453809
v 0.896350 0.683744 -1.379535
v 0.896350 0.767091 -1.379535
v 0.839357 0.767091 -1.453809
v 0.812305 0.844589 -1.406954
v 0.844090 0.844589 -1.365532
v 0.809855 0.767091 -1.229721
v 0.884130 0.767091 -1.286714
v 0.837275 0.844589 -1.313766
v 0.795852 0.844589 -1.281981
v 0.660042 0.767091 -1.316216
v 0.717035 0.767091 -1.241941
v 0.744087 0.844589 -1.288797
v 0.712302 0.844589 -1.330219
v 0.839357 0.767091 -1.453809
v 0.746537 0.767091 -1.466029
v 0.760540 0.844589 -1.413769
v 0.812305 0.844589 -1.406954
v 0.884130 0.767091 -1.286714
v 0.896350 0.767091 -1.379535
v 0.844090 0.844589 -1.365532
v 0.837275 0.844589 -1.313766
v 0.717035 0.767091 -1.241941
v 0.809855 0.767091 -1.229721
v 0.795852 0.844589 -1.281981
v 0.744087 0.844589 -1.288797
v 0.884130 0.683744 -1.286714
v 0.896350 0.683744 -1.379535
v 0.896350 0.767091 -1.379535
v 0.884130 0.767091 -1.286714
v 0.839357 0.683744 -1.453809
v 0.746537 0.683744 -1.466029
v 0.746537 0.767091 -1.466029
v 0.839357 0.767091 -1.453809
v 0.712302 0.844589 -1.330219
v 0.744087 0.844589 -1.288797
v 0.778196 0.895034 -1.347875
v 0.812305 0.844589 -1.406954
v 0.760540 0.844589 -1.413769
v 0.778196 0.895034 -1.347875
v 0.837275 0.844589 -1.313766
v 0.844090 0.844589 -1.365532
v 0.778196 0.895034 -1.347875
v 0.744087 0.844589 -1.288797
v 0.795852 0.844589 -1.281981
v 0.778196 0.895034 -1.347875
v 0.719117 0.844589 -1.381984
v 0.712302 0.844589 -1.330219
v 0.778196 0.895034 -1.347875
v 0.760540 0.844589 -1.413769
v 0.719117 0.844589 -1.381984
v 0.778196 0.895034 -1.347875
v 0.746537 0.767091 -1.466029
v 0.672262 0.767091 -1.409036
v 0.719117 0.844589 -1.381984
v 0.760540 0.844589 -1.413769
v 0.672262 0.767091 -1.409036
v 0.660042 0.767091 -1.316216
v 0.712302 0.844589 -1.330219
v 0.719117 0.844589 -1.381984
v 0.795852 0.844589 -1.281981
v 0.837275 0.844589 -1.313766
v 0.778196 0.895034 -1.347875
v 0.844090 0.844589 -1.365532
v 0.812305 0.844589 -1.406954
v 0.778196 0.895034 -1.347875
v 0.725946 0.592156 -1.378042
v 0.719918 0.592156 -1.332260
v 0.700271 0.652560 -1.326995
v 0.708330 0.652560 -1.388212
v 0.793811 0.592156 -1.289598
v 0.830446 0.592156 -1.317709
v 0.848062 0.652560 -1.307538
v 0.799076 0.652560 -1.269950
v 0.808362 0.592156 -1.400125
v 0.762581 0.592156 -1.406153
v 0.757316 0.652560 -1.425800
v 0.818533 0.652560 -1.417741
v 0.719918 0.592156 -1.332260
v 0.748029 0.592156 -1.295625
v 0.737859 0.652560 -1.278010
v 0.700271 0.652560 -1.326995
v 0.830446 0.592156 -1.317709
v 0.836473 0.592156 -1.363491
v 0.856121 0.652560 -1.368755
v 0.848062 0.652560 -1.307538
v 0.748029 0.592156 -1.295625
v 0.793811 0.592156 -1.289598
v 0.799076 0.652560 -1.269950
v 0.737859 0.652560 -1.278010
v 0.737859 0.652560 -1.278010
v 0.799076 0.652560 -1.269950
v 0.799076 0.707529 -1.269950
v 0.737859 0.707529 -1.278010
v 0.708330 0.652560 -1.388212
v 0.700271 0.652560 -1.326995
v 0.700271 0.707529 -1.326995
v 0.708330 0.707529 -1.388212
v 0.757316 0.652560 -1.425800
v 0.708330 0.652560 -1.388212
v 0.708330 0.707529 -1.388212
v 0.757316 0.707529 -1.425800
v 0.856121 0.652560 -1.368755
v 0.818533 0.652560 -1.417741
v 0.818533 0.707529 -1.417741
v 0.856121 0.707529 -1.368755
v 0.799076 0.652560 -1.269950
v 0.848062 0.652560 -1.307538
v 0.848062 0.707529 -1.307538
v 0.799076 0.707529 -1.269950
v 0.700271 0.652560 -1.326995
v 0.737859 0.652560 -1.278010
v 0.737859 0.707529 -1.278010
v 0.700271 0.707529 -1.326995
v 0.762581 0.592156 -1.406153
v 0.725946 0.592156 -1.378042
v 0.708330 0.652560 -1.388212
v 0.757316 0.652560 -1.425800
v 0.836473 0.592156 -1.363491
v 0.808362 0.592156 -1.400125
v 0.818533 0.652560 -1.417741
v 0.856121 0.652560 -1.368755
v 0.856121 0.707529 -1.368755
v 0.818533 0.707529 -1.417741
v 0.800692 0.758640 -1.386839
v 0.821654 0.758640 -1.359520
v 0.799076 0.707529 -1.269950
v 0.848062 0.707529 -1.307538
v 0.817160 0.758640 -1.325380
v 0.789841 0.758640 -1.304417
v 0.700271 0.707529 -1.326995
v 0.737859 0.707529 -1.278010
v 0.755700 0.758640 -1.308912
v 0.734738 0.758640 -1.336231
v 0.818533 0.707529 -1.417741
v 0.757316 0.707529 -1.425800
v 0.766551 0.758640 -1.391334
v 0.800692 0.758640 -1.386839
v 0.848062 0.707529 -1.307538
v 0.856121 0.707529 -1.368755
v 0.821654 0.758640 -1.359520
v 0.817160 0.758640 -1.325380
v 0.737859 0.707529 -1.278010
v 0.799076 0.707529 -1.269950
v 0.789841 0.758640 -1.304417
v 0.755700 0.758640 -1.308912
v 0.848062 0.652560 -1.307538
v 0.856121 0.652560 -1.368755
v 0.856121 0.707529 -1.368755
v 0.848062 0.707529 -1.307538
v 0.818533 0.652560 -1.417741
v 0.757316 0.652560 -1.425800
v 0.757316 0.707529 -1.425800
v 0.818533 0.707529 -1.417741
v 0.734738 0.758640 -1.336231
v 0.755700 0.758640 -1.308912
v 0.778196 0.791910 -1.347875
v 0.800692 0.758640 -1.386839
v 0.766551 0.758640 -1.391334
v 0.778196 0.791910 -1.347875
v 0.817160 0.758640 -1.325380
v 0.821654 0.758640 -1.359520
v 0.778196 0.791910 -1.347875
v 0.755700 0.758640 -1.308912
v 0.789841 0.758640 -1.304417
v 0.778196 0.791910 -1.347875
v 0.739232 0.758640 -1.370371
v 0.734738 0.758640 -1.336231
v 0.778196 0.791910 -1.347875
v 0.766551 0.758640 -1.391334
v 0.739232 0.758640 -1.370371
v 0.778196 0.791910 -1.347875
v 0.757316 0.707529 -1.425800
v 0.708330 0.707529 -1.388212
v 0.739232 0.758640 -1.370371
v 0.766551 0.758640 -1.391334
v 0.708330 0.707529 -1.388212
v 0.700271 0.707529 -1.326995
v 0.734738 0.758640 -1.336231
v 0.739232 0.758640 -1.370371
v 0.821654 0.758640 -1.359520
v 0.800692 0.758640 -1.386839
v 0.778196 0.791910 -1.347875
v 0.732456 0.592156 -1.268651
v 0.748029 0.592156 -1.295625
v 0.719918 0.592156 -1.332260
v 0.823936 0.592156 -1.427100
v 0.808362 0.592156 -1.400125
v 0.836473 0.592156 -1.363491
v 0.748029 0.592156 -1.295625
v 0.732456 0.592156 -1.268651
v 0.793811 0.592156 -1.289598
v 0.823936 0.592156 -1.427100
v 0.754519 0.592156 -1.436239
v 0.762581 0.592156 -1.406153
v 0.689832 0.592156 -1.324198
v 0.732456 0.592156 -1.268651
v 0.719918 0.592156 -1.332260
v 0.719918 0.592156 -1.332260
v 0.725946 0.592156 -1.378042
v 0.689832 0.592156 -1.324198
v 0.725946 0.592156 -1.378042
v 0.754519 0.592156 -1.436239
v 0.689832 0.592156 -1.324198
v 0.801873 0.592156 -1.259512
v 0.857421 0.592156 -1.302135
v 0.866559 0.592156 -1.371552
v 0.830446 0.592156 -1.317709
v 0.801873 0.592156 -1.259512
v 0.866559 0.592156 -1.371552
v 0.866559 0.592156 -1.371552
v 0.836473 0.592156 -1.363491
v 0.830446 0.592156 -1.317709
v 0.762581 0.592156 -1.406153
v 0.754519 0.592156 -1.436239
v 0.725946 0.592156 -1.378042
v 0.754519 0.592156 -1.436239
v 0.698971 0.592156 -1.393616
v 0.689832 0.592156 -1.324198
v 0.866559 0.592156 -1.371552
v 0.823936 0.592156 -1.427100
v 0.836473 0.592156 -1.363491
v 0.808362 0.592156 -1.400125
v 0.823936 0.592156 -1.427100
v 0.762581 0.592156 -1.406153
v 0.732456 0.592156 -1.268651
v 0.801873 0.592156 -1.259512
v 0.793811 0.592156 -1.289598
v 0.830446 0.592156 -1.317709
v 0.793811 0.592156 -1.289598
v 0.801873 0.592156 -1.259512
v 0.817160 0.758640 -1.325380
v 0.778196 0.791910 -1.347875
v 0.789841 0.758640 -1.304417
v -0.271648 0.399065 -0.470395
v -0.138500 0.357246 -0.239777
v -0.114061 0.348192 -0.264571
v -0.240410 0.386114 -0.483414
v -0.240410 0.386114 -0.483414
v -0.114061 0.348192 -0.264571
v -0.113189 0.326282 -0.290930
v -0.223086 0.354773 -0.481278
v -0.223086 0.354773 -0.481278
v -0.113189 0.326282 -0.290930
v -0.136395 0.304351 -0.303413
v -0.229824 0.323402 -0.465237
v -0.229824 0.323402 -0.465237
v -0.136395 0.304351 -0.303413
v -0.170085 0.295245 -0.294708
v -0.256677 0.310376 -0.444689
v -0.256677 0.310376 -0.444689
v -0.170085 0.295245 -0.294708
v -0.194524 0.304299 -0.269913
v -0.287914 0.323327 -0.431670
v -0.287914 0.323327 -0.431670
v -0.194524 0.304299 -0.269913
v -0.195396 0.326209 -0.243554
v -0.305238 0.354668 -0.433806
v -0.170085 0.295245 -0.294708
v -0.136395 0.304351 -0.303413
v -0.093188 0.094063 -0.228576
v -0.128207 0.090862 -0.222174
v -0.305238 0.354668 -0.433806
v -0.195396 0.326209 -0.243554
v -0.172191 0.348140 -0.231071
v -0.298501 0.386039 -0.449846
v -0.298501 0.386039 -0.449846
v -0.172191 0.348140 -0.231071
v -0.138500 0.357246 -0.239777
v -0.271648 0.399065 -0.470395
v -0.792450 -0.133738 -1.305472
v -0.784859 -0.241920 -1.292310
v -0.750252 -0.236046 -1.299462
v -0.757270 -0.133738 -1.311628
v -0.784859 -0.241920 -1.292310
v -0.712523 -0.417081 -1.165380
v -0.680963 -0.404461 -1.177875
v -0.750252 -0.236046 -1.299462
v -0.712523 -0.417081 -1.165380
v -0.606601 -0.414917 -0.985561
v -0.579904 -0.401930 -1.006318
v -0.680963 -0.404461 -1.177875
v -0.606601 -0.414917 -0.985561
v -0.520929 -0.258334 -0.835104
v -0.496726 -0.249727 -0.860241
v -0.579904 -0.401930 -1.006318
v -0.520929 -0.258334 -0.835104
v -0.453898 -0.038149 -0.719002
v -0.429997 -0.030493 -0.744663
v -0.496726 -0.249727 -0.860241
v -0.453898 -0.038149 -0.719002
v -0.389426 0.188716 -0.607333
v -0.365578 0.196184 -0.633086
v -0.429997 -0.030493 -0.744663
v -0.389426 0.188716 -0.607333
v -0.298501 0.386039 -0.449846
v -0.271648 0.399065 -0.470395
v -0.365578 0.196184 -0.633086
v -0.819281 -0.133738 -1.324154
v -0.810296 -0.256133 -1.308578
v -0.784859 -0.241920 -1.292310
v -0.792450 -0.133738 -1.305472
v -0.810296 -0.256133 -1.308578
v -0.730663 -0.447671 -1.168851
v -0.712523 -0.417081 -1.165380
v -0.784859 -0.241920 -1.292310
v -0.730663 -0.447671 -1.168851
v -0.612877 -0.445960 -0.968862
v -0.606601 -0.414917 -0.985561
v -0.712523 -0.417081 -1.165380
v -0.612877 -0.445960 -0.968862
v -0.521285 -0.279064 -0.808009
v -0.520929 -0.258334 -0.835104
v -0.606601 -0.414917 -0.985561
v -0.521285 -0.279064 -0.808009
v -0.453526 -0.056588 -0.690648
v -0.453898 -0.038149 -0.719002
v -0.520929 -0.258334 -0.835104
v -0.453526 -0.056588 -0.690648
v -0.388926 0.170727 -0.578757
v -0.389426 0.188716 -0.607333
v -0.453898 -0.038149 -0.719002
v -0.388926 0.170727 -0.578757
v -0.305238 0.354668 -0.433806
v -0.298501 0.386039 -0.449846
v -0.389426 0.188716 -0.607333
v -0.822046 -0.133738 -1.356732
v -0.811664 -0.270360 -1.338737
v -0.810296 -0.256133 -1.308578
v -0.819281 -0.133738 -1.324154
v -0.811664 -0.270360 -1.338737
v -0.724758 -0.478311 -1.186255
v -0.730663 -0.447671 -1.168851
v -0.810296 -0.256133 -1.308578
v -0.724758 -0.478311 -1.186255
v -0.595054 -0.476873 -0.966005
v -0.612877 -0.445960 -0.968862
v -0.730663 -0.447671 -1.168851
v -0.595054 -0.476873 -0.966005
v -0.497585 -0.299774 -0.794830
v -0.521285 -0.279064 -0.808009
v -0.612877 -0.445960 -0.968862
v -0.497585 -0.299774 -0.794830
v -0.429100 -0.075009 -0.676211
v -0.453526 -0.056588 -0.690648
v -0.521285 -0.279064 -0.808009
v -0.429100 -0.075009 -0.676211
v -0.364372 0.152755 -0.564098
v -0.388926 0.170727 -0.578757
v -0.453526 -0.056588 -0.690648
v -0.364372 0.152755 -0.564098
v -0.287914 0.323327 -0.431670
v -0.305238 0.354668 -0.433806
v -0.388926 0.170727 -0.578757
v -0.799124 -0.133738 -1.384122
v -0.788160 -0.276266 -1.365120
v -0.811664 -0.270360 -1.338737
v -0.822046 -0.133738 -1.356732
v -0.788160 -0.276266 -1.365120
v -0.698267 -0.491053 -1.207396
v -0.724758 -0.478311 -1.186255
v -0.811664 -0.270360 -1.338737
v -0.698267 -0.491053 -1.207396
v -0.563574 -0.489549 -0.978662
v -0.595054 -0.476873 -0.966005
v -0.724758 -0.478311 -1.186255
v -0.563574 -0.489549 -0.978662
v -0.463713 -0.308332 -0.803286
v -0.497585 -0.299774 -0.794830
v -0.595054 -0.476873 -0.966005
v -0.463713 -0.308332 -0.803286
v -0.394928 -0.082621 -0.684147
v -0.429100 -0.075009 -0.676211
v -0.497585 -0.299774 -0.794830
v -0.394928 -0.082621 -0.684147
v -0.330146 0.145329 -0.571942
v -0.364372 0.152755 -0.564098
v -0.429100 -0.075009 -0.676211
v -0.330146 0.145329 -0.571942
v -0.256677 0.310376 -0.444689
v -0.287914 0.323327 -0.431670
v -0.364372 0.152755 -0.564098
v -0.763943 -0.133738 -1.390278
v -0.753554 -0.270392 -1.372272
v -0.788160 -0.276266 -1.365120
v -0.799124 -0.133738 -1.384122
v -0.753554 -0.270392 -1.372272
v -0.666708 -0.478433 -1.219891
v -0.698267 -0.491053 -1.207396
v -0.788160 -0.276266 -1.365120
v -0.666708 -0.478433 -1.219891
v -0.536877 -0.476562 -0.999419
v -0.563574 -0.489549 -0.978662
v -0.698267 -0.491053 -1.207396
v -0.536877 -0.476562 -0.999419
v -0.439510 -0.299725 -0.828424
v -0.463713 -0.308332 -0.803286
v -0.563574 -0.489549 -0.978662
v -0.439510 -0.299725 -0.828424
v -0.371026 -0.074965 -0.709807
v -0.394928 -0.082621 -0.684147
v -0.463713 -0.308332 -0.803286
v -0.371026 -0.074965 -0.709807
v -0.306298 0.152798 -0.597695
v -0.330146 0.145329 -0.571942
v -0.394928 -0.082621 -0.684147
v -0.306298 0.152798 -0.597695
v -0.229824 0.323402 -0.465237
v -0.256677 0.310376 -0.444689
v -0.330146 0.145329 -0.571942
v -0.737111 -0.133738 -1.371595
v -0.728117 -0.256179 -1.356004
v -0.753554 -0.270392 -1.372272
v -0.763943 -0.133738 -1.390278
v -0.728117 -0.256179 -1.356004
v -0.648567 -0.447843 -1.216419
v -0.666708 -0.478433 -1.219891
v -0.753554 -0.270392 -1.372272
v -0.648567 -0.447843 -1.216419
v -0.530601 -0.445519 -1.016117
v -0.536877 -0.476562 -0.999419
v -0.666708 -0.478433 -1.219891
v -0.530601 -0.445519 -1.016117
v -0.439154 -0.278995 -0.855518
v -0.439510 -0.299725 -0.828424
v -0.536877 -0.476562 -0.999419
v -0.439154 -0.278995 -0.855518
v -0.371398 -0.056526 -0.738161
v -0.371026 -0.074965 -0.709807
v -0.439510 -0.299725 -0.828424
v -0.371398 -0.056526 -0.738161
v -0.306798 0.170787 -0.626271
v -0.306298 0.152798 -0.597695
v -0.371026 -0.074965 -0.709807
v -0.306798 0.170787 -0.626271
v -0.223086 0.354773 -0.481278
v -0.229824 0.323402 -0.465237
v -0.306298 0.152798 -0.597695
v -0.734348 -0.133738 -1.339017
v -0.726749 -0.241952 -1.325845
v -0.728117 -0.256179 -1.356004
v -0.737111 -0.133738 -1.371595
v -0.726749 -0.241952 -1.325845
v -0.654472 -0.417203 -1.199016
v -0.648567 -0.447843 -1.216419
v -0.728117 -0.256179 -1.356004
v -0.654472 -0.417203 -1.199016
v -0.548423 -0.414605 -1.018975
v -0.530601 -0.445519 -1.016117
v -0.648567 -0.447843 -1.216419
v -0.548423 -0.414605 -1.018975
v -0.462854 -0.258285 -0.868697
v -0.439154 -0.278995 -0.855518
v -0.530601 -0.445519 -1.016117
v -0.462854 -0.258285 -0.868697
v -0.395824 -0.038105 -0.752599
v -0.371398 -0.056526 -0.738161
v -0.439154 -0.278995 -0.855518
v -0.395824 -0.038105 -0.752599
v -0.331353 0.188758 -0.640930
v -0.306798 0.170787 -0.626271
v -0.371398 -0.056526 -0.738161
v -0.331353 0.188758 -0.640930
v -0.240410 0.386114 -0.483414
v -0.223086 0.354773 -0.481278
v -0.306798 0.170787 -0.626271
v -0.757270 -0.133738 -1.311628
v -0.750252 -0.236046 -1.299462
v -0.726749 -0.241952 -1.325845
v -0.734348 -0.133738 -1.339017
v -0.750252 -0.236046 -1.299462
v -0.680963 -0.404461 -1.177875
v -0.654472 -0.417203 -1.199016
v -0.726749 -0.241952 -1.325845
v -0.680963 -0.404461 -1.177875
v -0.579904 -0.401930 -1.006318
v -0.548423 -0.414605 -1.018975
v -0.654472 -0.417203 -1.199016
v -0.579904 -0.401930 -1.006318
v -0.496726 -0.249727 -0.860241
v -0.462854 -0.258285 -0.868697
v -0.548423 -0.414605 -1.018975
v -0.496726 -0.249727 -0.860241
v -0.429997 -0.030493 -0.744663
v -0.395824 -0.038105 -0.752599
v -0.462854 -0.258285 -0.868697
v -0.429997 -0.030493 -0.744663
v -0.365578 0.196184 -0.633086
v -0.331353 0.188758 -0.640930
v -0.395824 -0.038105 -0.752599
v -0.365578 0.196184 -0.633086
v -0.271648 0.399065 -0.470395
v -0.240410 0.386114 -0.483414
v -0.331353 0.188758 -0.640930
v -0.087571 0.112662 -0.151564
v -0.122590 0.109460 -0.145161
v -0.118546 0.018316 -0.138156
v -0.083391 0.018316 -0.144323
v -0.172191 0.348140 -0.231071
v -0.195396 0.326209 -0.243554
v -0.148998 0.101749 -0.163190
v -0.122590 0.109460 -0.145161
v -0.113189 0.326282 -0.290930
v -0.114061 0.348192 -0.264571
v -0.064453 0.109479 -0.178648
v -0.066780 0.101775 -0.210547
v -0.194524 0.304299 -0.269913
v -0.170085 0.295245 -0.294708
v -0.128207 0.090862 -0.222174
v -0.151325 0.094045 -0.195090
v -0.138500 0.357246 -0.239777
v -0.172191 0.348140 -0.231071
v -0.122590 0.109460 -0.145161
v -0.087571 0.112662 -0.151564
v -0.114061 0.348192 -0.264571
v -0.138500 0.357246 -0.239777
v -0.087571 0.112662 -0.151564
v -0.064453 0.109479 -0.178648
v -0.136395 0.304351 -0.303413
v -0.113189 0.326282 -0.290930
v -0.066780 0.101775 -0.210547
v -0.093188 0.094063 -0.228576
v -0.195396 0.326209 -0.243554
v -0.194524 0.304299 -0.269913
v -0.151325 0.094045 -0.195090
v -0.148998 0.101749 -0.163190
v -0.148998 0.101749 -0.163190
v -0.151325 0.094045 -0.195090
v -0.147934 0.018308 -0.189216
v -0.145281 0.018316 -0.156751
v -0.128207 0.090862 -0.222174
v -0.093188 0.094063 -0.228576
v -0.089796 0.018316 -0.222702
v -0.125000 0.018316 -0.216506
v -0.066780 0.101775 -0.210547
v -0.064453 0.109479 -0.178648
v -0.060408 0.018316 -0.171641
v -0.063061 0.018316 -0.204106
v -0.122590 0.109460 -0.145161
v -0.148998 0.101749 -0.163190
v -0.145281 0.018316 -0.156751
v -0.118546 0.018316 -0.138156
v -0.151325 0.094045 -0.195090
v -0.128207 0.090862 -0.222174
v -0.125000 0.018316 -0.216506
v -0.147934 0.018308 -0.189216
v -0.093188 0.094063 -0.228576
v -0.066780 0.101775 -0.210547
v -0.063061 0.018316 -0.204106
v -0.089796 0.018316 -0.222702
v -0.064453 0.109479 -0.178648
v -0.087571 0.112662 -0.151564
v -0.083391 0.018316 -0.144323
v -0.060408 0.018316 -0.171641
v -0.819281 -0.133738 -1.324154
v -0.792450 -0.133738 -1.305472
v -0.804301 -0.133738 -1.270217
v -0.853440 -0.133738 -1.304433
v -0.799124 -0.133738 -1.384122
v -0.822046 -0.133738 -1.356732
v -0.858502 -0.133738 -1.364096
v -0.816522 -0.133738 -1.414257
v -0.737111 -0.133738 -1.371595
v -0.763943 -0.133738 -1.390278
v -0.752092 -0.133738 -1.425532
v -0.702953 -0.133738 -1.391317
v -0.757270 -0.133738 -1.311628
v -0.734348 -0.133738 -1.339017
v -0.697891 -0.133738 -1.331653
v -0.739870 -0.133738 -1.281492
v -0.792450 -0.133738 -1.305472
v -0.757270 -0.133738 -1.311628
v -0.739870 -0.133738 -1.281492
v -0.804301 -0.133738 -1.270217
v -0.822046 -0.133738 -1.356732
v -0.819281 -0.133738 -1.324154
v -0.853440 -0.133738 -1.304433
v -0.858502 -0.133738 -1.364096
v -0.763943 -0.133738 -1.390278
v -0.799124 -0.133738 -1.384122
v -0.816522 -0.133738 -1.414257
v -0.752092 -0.133738 -1.425532
v -0.734348 -0.133738 -1.339017
v -0.737111 -0.133738 -1.371595
v -0.702953 -0.133738 -1.391317
v -0.697891 -0.133738 -1.331653
v -0.697891 -0.133738 -1.331653
v -0.702953 -0.133738 -1.391317
v -0.702953 -0.043174 -1.391317
v -0.697891 -0.043174 -1.331653
v -0.853440 -0.133738 -1.304433
v -0.804301 -0.133738 -1.270217
v -0.804301 -0.043174 -1.270217
v -0.853440 -0.043174 -1.304433
v -0.816522 -0.133738 -1.414257
v -0.858502 -0.133738 -1.364096
v -0.858502 -0.043174 -1.364096
v -0.816522 -0.043174 -1.414257
v -0.702953 -0.133738 -1.391317
v -0.752092 -0.133738 -1.425532
v -0.752092 -0.043174 -1.425532
v -0.702953 -0.043174 -1.391317
v -0.739870 -0.133738 -1.281492
v -0.697891 -0.133738 -1.331653
v -0.697891 -0.043174 -1.331653
v -0.739870 -0.043174 -1.281492
v -0.804301 -0.133738 -1.270217
v -0.739870 -0.133738 -1.281492
v -0.739870 -0.043174 -1.281492
v -0.804301 -0.043174 -1.270217
v -0.858502 -0.133738 -1.364096
v -0.853440 -0.133738 -1.304433
v -0.853440 -0.043174 -1.304433
v -0.858502 -0.043174 -1.364096
v -0.752092 -0.133738 -1.425532
v -0.816522 -0.133738 -1.414257
v -0.816522 -0.043174 -1.414257
v -0.752092 -0.043174 -1.425532
v -0.804301 -0.043174 -1.270217
v -0.739870 -0.043174 -1.281492
v -0.610226 0.066862 -1.056942
v -0.892605 0.066862 -1.007528
v -0.858502 -0.043174 -1.364096
v -0.853440 -0.043174 -1.304433
v -1.107964 0.066862 -1.157483
v -1.130150 0.066862 -1.418967
v -0.752092 -0.043174 -1.425532
v -0.816522 -0.043174 -1.414257
v -0.946167 0.066862 -1.638808
v -0.663788 0.066862 -1.688222
v -0.697891 -0.043174 -1.331653
v -0.702953 -0.043174 -1.391317
v -0.448429 0.066862 -1.538267
v -0.426243 0.066862 -1.276782
v -0.853440 -0.043174 -1.304433
v -0.804301 -0.043174 -1.270217
v -0.892605 0.066862 -1.007528
v -1.107964 0.066862 -1.157483
v -0.816522 -0.043174 -1.414257
v -0.858502 -0.043174 -1.364096
v -1.130150 0.066862 -1.418967
v -0.946167 0.066862 -1.638808
v -0.702953 -0.043174 -1.391317
v -0.752092 -0.043174 -1.425532
v -0.663788 0.066862 -1.688222
v -0.448429 0.066862 -1.538267
v -0.739870 -0.043174 -1.281492
v -0.697891 -0.043174 -1.331653
v -0.426243 0.066862 -1.276782
v -0.610226 0.066862 -1.056942
v -0.448429 0.066862 -1.538267
v -0.663788 0.066862 -1.688222
v -0.663788 0.106792 -1.688222
v -0.448429 0.106792 -1.538267
v -0.610226 0.066862 -1.056942
v -0.426243 0.066862 -1.276782
v -0.426243 0.106792 -1.276782
v -0.610226 0.106792 -1.056942
v -0.892605 0.066862 -1.007528
v -0.610226 0.066862 -1.056942
v -0.610226 0.106792 -1.056942
v -0.892605 0.106792 -1.007528
v -1.130150 0.066862 -1.418967
v -1.107964 0.066862 -1.157483
v -1.107964 0.106792 -1.157483
v -1.130150 0.106792 -1.418967
v -0.663788 0.066862 -1.688222
v -0.946167 0.066862 -1.638808
v -0.946167 0.106792 -1.638808
v -0.663788 0.106792 -1.688222
v -0.426243 0.066862 -1.276782
v -0.448429 0.066862 -1.538267
v -0.448429 0.106792 -1.538267
v -0.426243 0.106792 -1.276782
v -1.107964 0.066862 -1.157483
v -0.892605 0.066862 -1.007528
v -0.892605 0.106792 -1.007528
v -1.107964 0.106792 -1.157483
v -0.946167 0.066862 -1.638808
v -1.130150 0.066862 -1.418967
v -1.130150 0.106792 -1.418967
v -0.946167 0.106792 -1.638808
v -1.130150 0.106792 -1.418967
v -1.107964 0.106792 -1.157483
v -0.892605 0.106792 -1.007528
v -0.892605 0.106792 -1.007528
v -0.610226 0.106792 -1.056942
v -0.946167 0.106792 -1.638808
v -0.610226 0.106792 -1.056942
v -0.426243 0.106792 -1.276782
v -0.663788 0.106792 -1.688222
v -0.426243 0.106792 -1.276782
v -0.448429 0.106792 -1.538267
v -0.663788 0.106792 -1.688222
v -0.663788 0.106792 -1.688222
v -0.946167 0.106792 -1.638808
v -0.610226 0.106792 -1.056942
v -0.946167 0.106792 -1.638808
v -1.130150 0.106792 -1.418967
v -0.892605 0.106792 -1.007528
v -0.857421 0.106792 -1.302135
v -0.857421 0.592156 -1.302135
v -0.866560 0.592156 -1.371552
v -0.866560 0.106792 -1.371552
v -0.866560 0.106792 -1.371552
v -0.866560 0.592156 -1.371552
v -0.823937 0.592156 -1.427100
v -0.823937 0.106792 -1.427100
v -0.823937 0.106792 -1.427100
v -0.823937 0.592156 -1.427100
v -0.754520 0.592156 -1.436239
v -0.754520 0.106792 -1.436239
v -0.754520 0.106792 -1.436239
v -0.754520 0.592156 -1.436239
v -0.698972 0.592156 -1.393615
v -0.698972 0.106792 -1.393615
v -0.698972 0.106792 -1.393615
v -0.698972 0.592156 -1.393615
v -0.689833 0.592156 -1.324198
v -0.689833 0.106792 -1.324198
v -0.689833 0.106792 -1.324198
v -0.689833 0.592156 -1.324198
v -0.732456 0.592156 -1.268651
v -0.732456 0.106792 -1.268651
v -0.732456 0.106792 -1.268651
v -0.732456 0.592156 -1.268651
v -0.801873 0.592156 -1.259511
v -0.801873 0.106792 -1.259511
v -0.801873 0.106792 -1.259511
v -0.801873 0.592156 -1.259511
v -0.857421 0.592156 -1.302135
v -0.857421 0.106792 -1.302135
v -0.857421 0.592156 -1.302135
v -0.801873 0.592156 -1.259511
v -0.809856 0.683744 -1.229721
v -0.884131 0.683744 -1.286714
v -0.689833 0.592156 -1.324198
v -0.698972 0.592156 -1.393615
v -0.672262 0.683744 -1.409036
v -0.660042 0.683744 -1.316216
v -0.823937 0.592156 -1.427100
v -0.866560 0.592156 -1.371552
v -0.896351 0.683744 -1.379534
v -0.839358 0.683744 -1.453809
v -0.801873 0.592156 -1.259511
v -0.732456 0.592156 -1.268651
v -0.717036 0.683744 -1.241941
v -0.809856 0.683744 -1.229721
v -0.698972 0.592156 -1.393615
v -0.754520 0.592156 -1.436239
v -0.746537 0.683744 -1.466029
v -0.672262 0.683744 -1.409036
v -0.732456 0.592156 -1.268651
v -0.689833 0.592156 -1.324198
v -0.660042 0.683744 -1.316216
v -0.717036 0.683744 -1.241941
v -0.717036 0.683744 -1.241941
v -0.660042 0.683744 -1.316216
v -0.660042 0.767091 -1.316216
v -0.717036 0.767091 -1.241941
v -0.884131 0.683744 -1.286714
v -0.809856 0.683744 -1.229721
v -0.809856 0.767091 -1.229721
v -0.884131 0.767091 -1.286714
v -0.896351 0.683744 -1.379534
v -0.884131 0.683744 -1.286714
v -0.884131 0.767091 -1.286714
v -0.896351 0.767091 -1.379534
v -0.746537 0.683744 -1.466029
v -0.839358 0.683744 -1.453809
v -0.839358 0.767091 -1.453809
v -0.746537 0.767091 -1.466029
v -0.660042 0.683744 -1.316216
v -0.672262 0.683744 -1.409036
v -0.672262 0.767091 -1.409036
v -0.660042 0.767091 -1.316216
v -0.809856 0.683744 -1.229721
v -0.717036 0.683744 -1.241941
v -0.717036 0.767091 -1.241941
v -0.809856 0.767091 -1.229721
v -0.866560 0.592156 -1.371552
v -0.857421 0.592156 -1.302135
v -0.884131 0.683744 -1.286714
v -0.896351 0.683744 -1.379534
v -0.754520 0.592156 -1.436239
v -0.823937 0.592156 -1.427100
v -0.839358 0.683744 -1.453809
v -0.746537 0.683744 -1.466029
v -0.746537 0.767091 -1.466029
v -0.839358 0.767091 -1.453809
v -0.812306 0.844589 -1.406954
v -0.760540 0.844589 -1.413769
v -0.660042 0.767091 -1.316216
v -0.672262 0.767091 -1.409036
v -0.719118 0.844589 -1.381984
v -0.712303 0.844589 -1.330219
v -0.809856 0.767091 -1.229721
v -0.717036 0.767091 -1.241941
v -0.744088 0.844589 -1.288796
v -0.795853 0.844589 -1.281981
v -0.839358 0.767091 -1.453809
v -0.896351 0.767091 -1.379534
v -0.844090 0.844589 -1.365531
v -0.812306 0.844589 -1.406954
v -0.672262 0.767091 -1.409036
v -0.746537 0.767091 -1.466029
v -0.760540 0.844589 -1.413769
v -0.719118 0.844589 -1.381984
v -0.717036 0.767091 -1.241941
v -0.660042 0.767091 -1.316216
v -0.712303 0.844589 -1.330219
v -0.744088 0.844589 -1.288796
v -0.672262 0.683744 -1.409036
v -0.746537 0.683744 -1.466029
v -0.746537 0.767091 -1.466029
v -0.672262 0.767091 -1.409036
v -0.839358 0.683744 -1.453809
v -0.896351 0.683744 -1.379534
v -0.896351 0.767091 -1.379534
v -0.839358 0.767091 -1.453809
v -0.795853 0.844589 -1.281981
v -0.744088 0.844589 -1.288796
v -0.778197 0.895034 -1.347875
v -0.812306 0.844589 -1.406954
v -0.844090 0.844589 -1.365531
v -0.778197 0.895034 -1.347875
v -0.719118 0.844589 -1.381984
v -0.760540 0.844589 -1.413769
v -0.778197 0.895034 -1.347875
v -0.744088 0.844589 -1.288796
v -0.712303 0.844589 -1.330219
v -0.778197 0.895034 -1.347875
v -0.837275 0.844589 -1.313766
v -0.795853 0.844589 -1.281981
v -0.778197 0.895034 -1.347875
v -0.844090 0.844589 -1.365531
v -0.837275 0.844589 -1.313766
v -0.778197 0.895034 -1.347875
v -0.896351 0.767091 -1.379534
v -0.884131 0.767091 -1.286714
v -0.837275 0.844589 -1.313766
v -0.844090 0.844589 -1.365531
v -0.884131 0.767091 -1.286714
v -0.809856 0.767091 -1.229721
v -0.795853 0.844589 -1.281981
v -0.837275 0.844589 -1.313766
v -0.712303 0.844589 -1.330219
v -0.719118 0.844589 -1.381984
v -0.778197 0.895034 -1.347875
v -0.760540 0.844589 -1.413769
v -0.812306 0.844589 -1.406954
v -0.778197 0.895034 -1.347875
v -0.830447 0.592156 -1.317708
v -0.793812 0.592156 -1.289598
v -0.799076 0.652560 -1.269950
v -0.848062 0.652560 -1.307538
v -0.719919 0.592156 -1.332259
v -0.725947 0.592156 -1.378042
v -0.708331 0.652560 -1.388212
v -0.700272 0.652560 -1.326995
v -0.808363 0.592156 -1.400125
v -0.836474 0.592156 -1.363490
v -0.856121 0.652560 -1.368755
v -0.818534 0.652560 -1.417741
v -0.793812 0.592156 -1.289598
v -0.748030 0.592156 -1.295625
v -0.737860 0.652560 -1.278010
v -0.799076 0.652560 -1.269950
v -0.725947 0.592156 -1.378042
v -0.762581 0.592156 -1.406152
v -0.757317 0.652560 -1.425800
v -0.708331 0.652560 -1.388212
v -0.748030 0.592156 -1.295625
v -0.719919 0.592156 -1.332259
v -0.700272 0.652560 -1.326995
v -0.737860 0.652560 -1.278010
v -0.737860 0.652560 -1.278010
v -0.700272 0.652560 -1.326995
v -0.700272 0.707529 -1.326995
v -0.737860 0.707529 -1.278010
v -0.848062 0.652560 -1.307538
v -0.799076 0.652560 -1.269950
v -0.799076 0.707529 -1.269950
v -0.848062 0.707529 -1.307538
v -0.856121 0.652560 -1.368755
v -0.848062 0.652560 -1.307538
v -0.848062 0.707529 -1.307538
v -0.856121 0.707529 -1.368755
v -0.757317 0.652560 -1.425800
v -0.818534 0.652560 -1.417741
v -0.818534 0.707529 -1.417741
v -0.757317 0.707529 -1.425800
v -0.700272 0.652560 -1.326995
v -0.708331 0.652560 -1.388212
v -0.708331 0.707529 -1.388212
v -0.700272 0.707529 -1.326995
v -0.799076 0.652560 -1.269950
v -0.737860 0.652560 -1.278010
v -0.737860 0.707529 -1.278010
v -0.799076 0.707529 -1.269950
v -0.836474 0.592156 -1.363490
v -0.830447 0.592156 -1.317708
v -0.848062 0.652560 -1.307538
v -0.856121 0.652560 -1.368755
v -0.762581 0.592156 -1.406152
v -0.808363 0.592156 -1.400125
v -0.818534 0.652560 -1.417741
v -0.757317 0.652560 -1.425800
v -0.757317 0.707529 -1.425800
v -0.818534 0.707529 -1.417741
v -0.800692 0.758640 -1.386839
v -0.766552 0.758640 -1.391333
v -0.700272 0.707529 -1.326995
v -0.708331 0.707529 -1.388212
v -0.739233 0.758640 -1.370371
v -0.734738 0.758640 -1.336231
v -0.799076 0.707529 -1.269950
v -0.737860 0.707529 -1.278010
v -0.755701 0.758640 -1.308911
v -0.789841 0.758640 -1.304417
v -0.818534 0.707529 -1.417741
v -0.856121 0.707529 -1.368755
v -0.821655 0.758640 -1.359520
v -0.800692 0.758640 -1.386839
v -0.708331 0.707529 -1.388212
v -0.757317 0.707529 -1.425800
v -0.766552 0.758640 -1.391333
v -0.739233 0.758640 -1.370371
v -0.737860 0.707529 -1.278010
v -0.700272 0.707529 -1.326995
v -0.734738 0.758640 -1.336231
v -0.755701 0.758640 -1.308911
v -0.708331 0.652560 -1.388212
v -0.757317 0.652560 -1.425800
v -0.757317 0.707529 -1.425800
v -0.708331 0.707529 -1.388212
v -0.818534 0.652560 -1.417741
v -0.856121 0.652560 -1.368755
v -0.856121 0.707529 -1.368755
v -0.818534 0.707529 -1.417741
v -0.789841 0.758640 -1.304417
v -0.755701 0.758640 -1.308911
v -0.778197 0.791910 -1.347875
v -0.800692 0.758640 -1.386839
v -0.821655 0.758640 -1.359520
v -0.778197 0.791910 -1.347875
v -0.739233 0.758640 -1.370371
v -0.766552 0.758640 -1.391333
v -0.778197 0.791910 -1.347875
v -0.755701 0.758640 -1.308911
v -0.734738 0.758640 -1.336231
v -0.778197 0.791910 -1.347875
v -0.817160 0.758640 -1.325379
v -0.789841 0.758640 -1.304417
v -0.778197 0.791910 -1.347875
v -0.821655 0.758640 -1.359520
v -0.817160 0.758640 -1.325379
v -0.778197 0.791910 -1.347875
v -0.856121 0.707529 -1.368755
v -0.848062 0.707529 -1.307538
v -0.817160 0.758640 -1.325379
v -0.821655 0.758640 -1.359520
v -0.848062 0.707529 -1.307538
v -0.799076 0.707529 -1.269950
v -0.789841 0.758640 -1.304417
v -0.817160 0.758640 -1.325379
v -0.766552 0.758640 -1.391333
v -0.800692 0.758640 -1.386839
v -0.778197 0.791910 -1.347875
v -0.732456 0.592156 -1.268651
v -0.748030 0.592156 -1.295625
v -0.793812 0.592156 -1.289598
v -0.823937 0.592156 -1.427100
v -0.808363 0.592156 -1.400125
v -0.762581 0.592156 -1.406152
v -0.748030 0.592156 -1.295625
v -0.732456 0.592156 -1.268651
v -0.719919 0.592156 -1.332259
v -0.823937 0.592156 -1.427100
v -0.866560 0.592156 -1.371552
v -0.836474 0.592156 -1.363490
v -0.801873 0.592156 -1.259511
v -0.732456 0.592156 -1.268651
v -0.793812 0.592156 -1.289598
v -0.793812 0.592156 -1.289598
v -0.830447 0.592156 -1.317708
v -0.801873 0.592156 -1.259511
v -0.830447 0.592156 -1.317708
v -0.866560 0.592156 -1.371552
v -0.801873 0.592156 -1.259511
v -0.689833 0.592156 -1.324198
v -0.698972 0.592156 -1.393615
v -0.754520 0.592156 -1.436239
v -0.725947 0.592156 -1.378042
v -0.689833 0.592156 -1.324198
v -0.754520 0.592156 -1.436239
v -0.754520 0.592156 -1.436239
v -0.762581 0.592156 -1.406152
v -0.725947 0.592156 -1.378042
v -0.836474 0.592156 -1.363490
v -0.866560 0.592156 -1.371552
v -0.830447 0.592156 -1.317708
v -0.866560 0.592156 -1.371552
v -0.857421 0.592156 -1.302135
v -0.801873 0.592156 -1.259511
v -0.754520 0.592156 -1.436239
v -0.823937 0.592156 -1.427100
v -0.762581 0.592156 -1.406152
v -0.808363 0.592156 -1.400125
v -0.823937 0.592156 -1.427100
v -0.836474 0.592156 -1.363490
v -0.732456 0.592156 -1.268651
v -0.689833 0.592156 -1.324198
v -0.719919 0.592156 -1.332259
v -0.725947 0.592156 -1.378042
v -0.719919 0.592156 -1.332259
v -0.689833 0.592156 -1.324198
v -0.739233 0.758640 -1.370371
v -0.778197 0.791910 -1.347875
v -0.734738 0.758640 -1.336231
v -0.014848 1.341681 0.000001
v -0.014848 1.315792 0.000001
v -0.014848 1.353841 -0.027139
v -0.014848 1.333163 0.038772
v -0.014848 1.315792 0.000001
v -0.014848 1.353841 0.027140
v -0.014848 1.315792 0.000001
v -0.014848 1.341681 0.000001
v -0.014848 1.353841 0.027140
v 0.014848 1.471016 -0.038771
v 0.014848 1.488387 0.000001
v 0.014848 1.462498 0.000001
v -0.014848 1.353841 0.027140
v -0.014848 1.402090 0.038382
v -0.014848 1.402090 0.054831
v 0.014848 1.462498 0.000001
v 0.014848 1.488387 0.000001
v 0.014848 1.471016 0.038772
v 0.014848 1.471016 -0.038771
v 0.014848 1.462498 0.000001
v 0.014848 1.450338 -0.027139
v 0.014848 1.450338 0.027140
v 0.014848 1.462498 0.000001
v 0.014848 1.471016 0.038772
v 0.014848 1.402090 -0.054830
v 0.014848 1.471016 -0.038771
v 0.014848 1.450338 -0.027139
v 0.014848 1.450338 0.027140
v 0.014848 1.471016 0.038772
v 0.014848 1.402090 0.054831
v 0.014848 1.402090 -0.054830
v 0.014848 1.450338 -0.027139
v 0.014848 1.402090 -0.038381
v 0.014848 1.402090 0.038382
v 0.014848 1.450338 0.027140
v 0.014848 1.402090 0.054831
v 0.014848 1.402090 -0.038381
v 0.014848 1.353841 -0.027139
v 0.014848 1.402090 -0.054830
v 0.014848 1.315792 0.000001
v 0.014848 1.333163 -0.038771
v 0.014848 1.353841 -0.027139
v 0.014848 1.333163 0.038772
v 0.014848 1.353841 0.027140
v 0.014848 1.402090 0.054831
v 0.014848 1.353841 -0.027139
v 0.014848 1.333163 -0.038771
v 0.014848 1.402090 -0.054830
v 0.014848 1.341681 0.000001
v 0.014848 1.315792 0.000001
v 0.014848 1.353841 -0.027139
v 0.014848 1.333163 0.038772
v 0.014848 1.315792 0.000001
v 0.014848 1.353841 0.027140
v 0.014848 1.315792 0.000001
v 0.014848 1.341681 0.000001
v 0.014848 1.353841 0.027140
v 0.014848 1.353841 0.027140
v 0.014848 1.402090 0.038382
v 0.014848 1.402090 0.054831
v -0.027140 1.463841 0.014849
v -0.038771 1.443163 0.014849
v -0.054831 1.512090 0.014849
v 0.038771 1.443163 0.014849
v 0.027140 1.463841 0.014849
v 0.054831 1.512090 0.014849
v 0.000000 1.425792 0.014849
v -0.038771 1.443163 0.014849
v -0.027140 1.463841 0.014849
v -0.038381 1.512090 0.014849
v -0.027140 1.463841 0.014849
v -0.054831 1.512090 0.014849
v 0.038382 1.512090 0.014849
v 0.027140 1.560338 0.014849
v 0.054831 1.512090 0.014849
v -0.054831 1.512090 0.014849
v -0.027140 1.560338 0.014849
v -0.038381 1.512090 0.014849
v -0.038771 1.443163 -0.014847
v -0.038771 1.443163 0.014849
v -0.054831 1.512090 0.014849
v -0.054831 1.512090 -0.014847
v 0.027140 1.560338 0.014849
v 0.038771 1.581016 0.014849
v 0.054831 1.512090 0.014849
v -0.054831 1.512090 0.014849
v -0.038771 1.581016 0.014849
v -0.027140 1.560338 0.014849
v 0.000000 1.425792 -0.014847
v 0.000000 1.425792 0.014849
v -0.038771 1.443163 0.014849
v -0.038771 1.443163 -0.014847
v 0.027140 1.560338 0.014849
v 0.000000 1.572498 0.014849
v 0.038771 1.581016 0.014849
v -0.038771 1.581016 0.014849
v 0.000000 1.572498 0.014849
v -0.027140 1.560338 0.014849
v 0.038771 1.443163 -0.014847
v 0.038771 1.443163 0.014849
v 0.000000 1.425792 0.014849
v 0.000000 1.425792 -0.014847
v 0.000000 1.572498 0.014849
v 0.000000 1.598387 0.014849
v 0.038771 1.581016 0.014849
v -0.038771 1.581016 0.014849
v 0.000000 1.598387 0.014849
v 0.000000 1.572498 0.014849
v 0.054831 1.512090 -0.014847
v 0.054831 1.512090 0.014849
v 0.038771 1.443163 0.014849
v 0.038771 1.443163 -0.014847
v -0.027140 1.560338 -0.014847
v -0.027140 1.560338 0.014849
v 0.000000 1.572498 0.014849
v 0.000000 1.572498 -0.014847
v -0.038381 1.512090 -0.014847
v -0.038381 1.512090 0.014849
v -0.027140 1.560338 0.014849
v -0.027140 1.560338 -0.014847
v -0.027140 1.463841 -0.014847
v -0.027140 1.463841 0.014849
v -0.038381 1.512090 0.014849
v -0.038381 1.512090 -0.014847
v 0.038771 1.581016 -0.014847
v 0.038771 1.581016 0.014849
v 0.054831 1.512090 0.014849
v 0.054831 1.512090 -0.014847
v 0.000000 1.451681 -0.014847
v 0.000000 1.451681 0.014849
v -0.027140 1.463841 0.014849
v -0.027140 1.463841 -0.014847
v 0.000000 1.598387 -0.014847
v 0.000000 1.598387 0.014849
v 0.038771 1.581016 0.014849
v 0.038771 1.581016 -0.014847
v 0.027140 1.463841 -0.014847
v 0.027140 1.463841 0.014849
v 0.000000 1.451681 0.014849
v 0.000000 1.451681 -0.014847
v 0.038382 1.512090 -0.014847
v 0.038382 1.512090 0.014849
v 0.027140 1.463841 0.014849
v 0.027140 1.463841 -0.014847
v 0.027140 1.560338 -0.014847
v 0.027140 1.560338 0.014849
v 0.038382 1.512090 0.014849
v 0.038382 1.512090 -0.014847
v 0.000000 1.572498 -0.014847
v 0.000000 1.572498 0.014849
v 0.027140 1.560338 0.014849
v 0.027140 1.560338 -0.014847
v -0.038771 1.581016 -0.014847
v -0.038771 1.581016 0.014849
v 0.000000 1.598387 0.014849
v 0.000000 1.598387 -0.014847
v -0.054831 1.512090 -0.014847
v -0.054831 1.512090 0.014849
v -0.038771 1.581016 0.014849
v -0.038771 1.581016 -0.014847
v 0.000000 1.451681 0.014849
v 0.000000 1.425792 0.014849
v -0.027140 1.463841 0.014849
v 0.038771 1.443163 0.014849
v 0.000000 1.425792 0.014849
v 0.027140 1.463841 0.014849
v 0.000000 1.425792 0.014849
v 0.000000 1.451681 0.014849
v 0.027140 1.463841 0.014849
v -0.038771 1.581016 -0.014847
v 0.000000 1.598387 -0.014847
v 0.000000 1.572498 -0.014847
v 0.027140 1.463841 0.014849
v 0.038382 1.512090 0.014849
v 0.054831 1.512090 0.014849
v 0.000000 1.572498 -0.014847
v 0.000000 1.598387 -0.014847
v 0.038771 1.581016 -0.014847
v -0.038771 1.581016 -0.014847
v 0.000000 1.572498 -0.014847
v -0.027140 1.560338 -0.014847
v 0.027140 1.560338 -0.014847
v 0.000000 1.572498 -0.014847
v 0.038771 1.581016 -0.014847
v -0.054831 1.512090 -0.014847
v -0.038771 1.581016 -0.014847
v -0.027140 1.560338 -0.014847
v 0.027140 1.560338 -0.014847
v 0.038771 1.581016 -0.014847
v 0.054831 1.512090 -0.014847
v -0.054831 1.512090 -0.014847
v -0.027140 1.560338 -0.014847
v -0.038381 1.512090 -0.014847
v 0.038382 1.512090 -0.014847
v 0.027140 1.560338 -0.014847
v 0.054831 1.512090 -0.014847
v -0.038381 1.512090 -0.014847
v -0.027140 1.463841 -0.014847
v -0.054831 1.512090 -0.014847
v 0.000000 1.425792 -0.014847
v -0.038771 1.443163 -0.014847
v -0.027140 1.463841 -0.014847
v 0.038771 1.443163 -0.014847
v 0.027140 1.463841 -0.014847
v 0.054831 1.512090 -0.014847
v -0.027140 1.463841 -0.014847
v -0.038771 1.443163 -0.014847
v -0.054831 1.512090 -0.014847
v 0.000000 1.451681 -0.014847
v 0.000000 1.425792 -0.014847
v -0.027140 1.463841 -0.014847
v 0.038771 1.443163 -0.014847
v 0.000000 1.425792 -0.014847
v 0.027140 1.463841 -0.014847
v 0.000000 1.425792 -0.014847
v 0.000000 1.451681 -0.014847
v 0.027140 1.463841 -0.014847
v 0.027140 1.463841 -0.014847
v 0.038382 1.512090 -0.014847
v 0.054831 1.512090 -0.014847

vt 0.425149 0.051075
vt 0.387177 0.097365
vt 0.382130 0.051075
vt 0.420102 0.097365
vt 0.387177 0.097365
vt 0.425149 0.051075
vt 0.603587 0.487255
vt 0.596098 0.467405
vt 0.606708 0.467405
vt 0.599220 0.487255
vt 0.596098 0.467405
vt 0.603587 0.487255
vt 0.604198 0.907942
vt 0.638480 0.882090
vt 0.639837 0.907942
vt 0.605555 0.882090
vt 0.638480 0.882090
vt 0.604198 0.907942
vt 0.420102 0.097365
vt 0.396820 0.152316
vt 0.387177 0.097365
vt 0.410459 0.152316
vt 0.396820 0.152316
vt 0.420102 0.097365
vt 0.426921 -0.004061
vt 0.382130 0.051075
vt 0.380358 -0.004061
vt 0.425149 0.051075
vt 0.382130 0.051075
vt 0.426921 -0.004061
vt 0.620027 0.853384
vt 0.637932 0.814083
vt 0.645227 0.853384
vt 0.627322 0.814083
vt 0.637932 0.814083
vt 0.620027 0.853384
vt 0.614808 0.907942
vt 0.649090 0.882090
vt 0.650446 0.907942
vt 0.616165 0.882090
vt 0.649090 0.882090
vt 0.614808 0.907942
vt 0.092620 0.102738
vt 0.069338 0.157690
vt 0.059694 0.102738
vt 0.082976 0.157690
vt 0.069338 0.157690
vt 0.092620 0.102738
vt 0.099439 0.001312
vt 0.054648 0.056449
vt 0.052875 0.001312
vt 0.097667 0.056449
vt 0.054648 0.056449
vt 0.099439 0.001312
vt 0.625808 0.994813
vt 0.645227 0.962500
vt 0.639446 0.994813
vt 0.620027 0.962500
vt 0.645227 0.962500
vt 0.625808 0.994813
vt 0.616165 0.933794
vt 0.650446 0.907942
vt 0.649090 0.933794
vt 0.614808 0.907942
vt 0.650446 0.907942
vt 0.616165 0.933794
vt 0.097667 0.056449
vt 0.059694 0.102738
vt 0.054648 0.056449
vt 0.092620 0.102738
vt 0.059694 0.102738
vt 0.097667 0.056449
vt 0.651664 0.771513
vt 0.659152 0.791363
vt 0.648542 0.791363
vt 0.656030 0.771513
vt 0.659152 0.791363
vt 0.651664 0.771513
vt 0.616165 0.882090
vt 0.645227 0.853384
vt 0.649090 0.882090
vt 0.620027 0.853384
vt 0.645227 0.853384
vt 0.616165 0.882090
vt 0.512574 0.087744
vt 0.467783 0.142881
vt 0.466011 0.087744
vt 0.510802 0.142881
vt 0.467783 0.142881
vt 0.512574 0.087744
vt 0.620027 0.962500
vt 0.649090 0.933794
vt 0.645227 0.962500
vt 0.616165 0.933794
vt 0.649090 0.933794
vt 0.620027 0.962500
vt 0.605309 0.700128
vt 0.608397 0.715652
vt 0.601274 0.720411
vt 0.510802 0.142881
vt 0.472830 0.189170
vt 0.467783 0.142881
vt 0.505755 0.189170
vt 0.472830 0.189170
vt 0.510802 0.142881
vt 0.630637 0.853384
vt 0.648542 0.814083
vt 0.655837 0.853384
vt 0.637932 0.814083
vt 0.648542 0.814083
vt 0.630637 0.853384
vt 0.505755 0.189170
vt 0.482474 0.244122
vt 0.472830 0.189170
vt 0.496112 0.244122
vt 0.482474 0.244122
vt 0.505755 0.189170
vt 0.605309 0.700128
vt 0.596907 0.698457
vt 0.601274 0.698457
vt 0.675749 0.054407
vt 0.637777 0.100696
vt 0.632730 0.054407
vt 0.670702 0.100696
vt 0.637777 0.100696
vt 0.675749 0.054407
vt 0.625418 0.907942
vt 0.659700 0.882090
vt 0.661056 0.907942
vt 0.626774 0.882090
vt 0.659700 0.882090
vt 0.625418 0.907942
vt 0.630637 0.962499
vt 0.659700 0.933794
vt 0.655837 0.962500
vt 0.626774 0.933794
vt 0.659700 0.933794
vt 0.630637 0.962499
vt 0.670702 0.100696
vt 0.647420 0.155648
vt 0.637777 0.100696
vt 0.661058 0.155648
vt 0.647420 0.155648
vt 0.670702 0.100696
vt 0.677521 -0.000730
vt 0.632730 0.054407
vt 0.630958 -0.000730
vt 0.675749 0.054407
vt 0.632730 0.054407
vt 0.677521 -0.000730
vt 0.626774 0.882090
vt 0.655837 0.853384
vt 0.659700 0.882090
vt 0.630637 0.853384
vt 0.655837 0.853384
vt 0.626774 0.882090
vt 0.606103 0.791363
vt 0.616713 0.814083
vt 0.606103 0.814083
vt 0.616713 0.791363
vt 0.616713 0.814083
vt 0.606103 0.791363
vt 0.626774 0.933794
vt 0.661056 0.907942
vt 0.659700 0.933794
vt 0.625418 0.907942
vt 0.661056 0.907942
vt 0.626774 0.933794
vt 0.636418 0.994813
vt 0.655837 0.962500
vt 0.650056 0.994813
vt 0.630637 0.962499
vt 0.655837 0.962500
vt 0.636418 0.994813
vt 0.987994 0.432303
vt 0.964713 0.487255
vt 0.955069 0.432303
vt 0.978351 0.487255
vt 0.964713 0.487255
vt 0.987994 0.432303
vt 0.994814 0.330877
vt 0.950022 0.386014
vt 0.948250 0.330877
vt 0.993041 0.386014
vt 0.950022 0.386014
vt 0.994814 0.330877
vt 0.647028 0.994813
vt 0.666447 0.962500
vt 0.660666 0.994813
vt 0.641247 0.962500
vt 0.666447 0.962500
vt 0.647028 0.994813
vt 0.637384 0.882090
vt 0.666447 0.853384
vt 0.670310 0.882090
vt 0.641247 0.853384
vt 0.666447 0.853384
vt 0.637384 0.882090
vt 0.596907 0.698457
vt 0.589785 0.703216
vt 0.592873 0.700128
vt 0.993041 0.386014
vt 0.955069 0.432303
vt 0.950022 0.386014
vt 0.987994 0.432303
vt 0.955069 0.432303
vt 0.993041 0.386014
vt 0.940306 0.432303
vt 0.917024 0.487255
vt 0.907380 0.432303
vt 0.930662 0.487255
vt 0.917024 0.487255
vt 0.940306 0.432303
vt 0.947125 0.330877
vt 0.902333 0.386014
vt 0.900561 0.330877
vt 0.945352 0.386014
vt 0.902333 0.386014
vt 0.947125 0.330877
vt 0.616713 0.791363
vt 0.627322 0.814083
vt 0.616713 0.814083
vt 0.627322 0.791363
vt 0.627322 0.814083
vt 0.616713 0.791363
vt 0.641247 0.962500
vt 0.670310 0.933794
vt 0.666447 0.962500
vt 0.637384 0.933794
vt 0.670310 0.933794
vt 0.641247 0.962500
vt 0.592873 0.718740
vt 0.588114 0.707251
vt 0.589785 0.703216
vt 0.945352 0.386014
vt 0.907380 0.432303
vt 0.902333 0.386014
vt 0.940306 0.432303
vt 0.907380 0.432303
vt 0.945352 0.386014
vt 0.636028 0.907942
vt 0.670310 0.882090
vt 0.671666 0.907942
vt 0.637384 0.882090
vt 0.670310 0.882090
vt 0.636028 0.907942
vt 0.641247 0.853384
vt 0.659152 0.814083
vt 0.666447 0.853384
vt 0.648542 0.814083
vt 0.659152 0.814083
vt 0.641247 0.853384
vt 0.637384 0.933794
vt 0.671666 0.907942
vt 0.670310 0.933794
vt 0.636028 0.907942
vt 0.671666 0.907942
vt 0.637384 0.933794
vt 0.592873 0.718740
vt 0.588114 0.711618
vt 0.588114 0.707251
vt 0.912227 0.591207
vt 0.874255 0.637497
vt 0.869208 0.591207
vt 0.907181 0.637496
vt 0.874255 0.637497
vt 0.912227 0.591207
vt 0.646638 0.907942
vt 0.680919 0.882090
vt 0.682276 0.907942
vt 0.647994 0.882090
vt 0.680919 0.882090
vt 0.646638 0.907942
vt 0.648542 0.791363
vt 0.659152 0.814083
vt 0.648542 0.814083
vt 0.659152 0.791363
vt 0.659152 0.814083
vt 0.648542 0.791363
vt 0.907181 0.637496
vt 0.883899 0.692448
vt 0.874255 0.637497
vt 0.897537 0.692448
vt 0.883899 0.692448
vt 0.907181 0.637496
vt 0.914000 0.536071
vt 0.869208 0.591207
vt 0.867436 0.536071
vt 0.912227 0.591207
vt 0.869208 0.591207
vt 0.914000 0.536071
vt 0.588114 0.711618
vt 0.592873 0.718740
vt 0.589785 0.715652
vt 0.965665 0.762399
vt 0.927692 0.808688
vt 0.922645 0.762399
vt 0.960618 0.808688
vt 0.927692 0.808688
vt 0.965665 0.762399
vt 0.651857 0.962500
vt 0.680919 0.933794
vt 0.677057 0.962500
vt 0.647994 0.933794
vt 0.680919 0.933794
vt 0.651857 0.962500
vt 0.647994 0.882090
vt 0.677057 0.853384
vt 0.680919 0.882090
vt 0.651857 0.853384
vt 0.677057 0.853384
vt 0.647994 0.882090
vt 0.960618 0.808688
vt 0.937336 0.863640
vt 0.927692 0.808688
vt 0.950974 0.863640
vt 0.937336 0.863640
vt 0.960618 0.808688
vt 0.967437 0.707262
vt 0.922645 0.762399
vt 0.920873 0.707262
vt 0.965665 0.762399
vt 0.922645 0.762399
vt 0.967437 0.707262
vt 0.657637 0.994813
vt 0.677057 0.962500
vt 0.671276 0.994813
vt 0.651857 0.962500
vt 0.677057 0.962500
vt 0.657637 0.994813
vt 0.647994 0.933794
vt 0.682276 0.907942
vt 0.680919 0.933794
vt 0.646638 0.907942
vt 0.682276 0.907942
vt 0.647994 0.933794
vt 0.651857 0.853384
vt 0.669762 0.814083
vt 0.677057 0.853384
vt 0.659152 0.814083
vt 0.669762 0.814083
vt 0.651857 0.853384
vt 0.226400 0.102412
vt 0.203118 0.157363
vt 0.193474 0.102412
vt 0.216756 0.157363
vt 0.203118 0.157363
vt 0.226400 0.102412
vt 0.233219 0.000986
vt 0.188428 0.056122
vt 0.186655 0.000986
vt 0.231447 0.056122
vt 0.188428 0.056122
vt 0.233219 0.000986
vt 0.657247 0.907942
vt 0.691529 0.882090
vt 0.692886 0.907942
vt 0.658604 0.882090
vt 0.691529 0.882090
vt 0.657247 0.907942
vt 0.592873 0.718740
vt 0.601274 0.720411
vt 0.596907 0.720411
vt 0.231447 0.056122
vt 0.193474 0.102412
vt 0.188428 0.056122
vt 0.226400 0.102412
vt 0.193474 0.102412
vt 0.231447 0.056122
vt 0.662467 0.962500
vt 0.691529 0.933794
vt 0.687667 0.962500
vt 0.658604 0.933794
vt 0.691529 0.933794
vt 0.662467 0.962500
vt 0.978506 0.168005
vt 0.955224 0.222957
vt 0.945581 0.168005
vt 0.968863 0.222957
vt 0.955224 0.222957
vt 0.978506 0.168005
vt 0.985325 0.066579
vt 0.940534 0.121716
vt 0.938762 0.066579
vt 0.983553 0.121716
vt 0.940534 0.121716
vt 0.985325 0.066579
vt 0.662467 0.853384
vt 0.680372 0.814083
vt 0.687667 0.853384
vt 0.669762 0.814083
vt 0.680372 0.814083
vt 0.662467 0.853384
vt 0.668247 0.994813
vt 0.687667 0.962500
vt 0.681886 0.994813
vt 0.662467 0.962500
vt 0.687667 0.962500
vt 0.668247 0.994813
vt 0.601274 0.720411
vt 0.608397 0.715652
vt 0.605309 0.718740
vt 0.983553 0.121716
vt 0.945581 0.168005
vt 0.940534 0.121716
vt 0.978506 0.168005
vt 0.945581 0.168005
vt 0.983553 0.121716
vt 0.658604 0.882090
vt 0.687667 0.853384
vt 0.691529 0.882090
vt 0.662467 0.853384
vt 0.687667 0.853384
vt 0.658604 0.882090
vt 0.658604 0.933794
vt 0.692886 0.907942
vt 0.691529 0.933794
vt 0.657247 0.907942
vt 0.692886 0.907942
vt 0.658604 0.933794
vt 0.574879 0.467405
vt 0.564269 0.444684
vt 0.574879 0.444684
vt 0.564269 0.467405
vt 0.564269 0.444684
vt 0.574879 0.467405
vt 0.605309 0.700128
vt 0.610068 0.711618
vt 0.608397 0.715652
vt 0.897664 0.386014
vt 0.859692 0.432303
vt 0.854645 0.386014
vt 0.892617 0.432303
vt 0.859692 0.432303
vt 0.897664 0.386014
vt 0.683493 0.771513
vt 0.690981 0.791363
vt 0.680372 0.791363
vt 0.687860 0.771513
vt 0.690981 0.791363
vt 0.683493 0.771513
vt 0.630444 0.771513
vt 0.637932 0.791363
vt 0.627322 0.791363
vt 0.634811 0.771513
vt 0.637932 0.791363
vt 0.630444 0.771513
vt 0.892617 0.432303
vt 0.869335 0.487255
vt 0.859692 0.432303
vt 0.882973 0.487255
vt 0.869335 0.487255
vt 0.892617 0.432303
vt 0.899436 0.330877
vt 0.854645 0.386014
vt 0.852872 0.330877
vt 0.897664 0.386014
vt 0.854645 0.386014
vt 0.899436 0.330877
vt 0.667857 0.907942
vt 0.702139 0.882090
vt 0.703496 0.907942
vt 0.669214 0.882090
vt 0.702139 0.882090
vt 0.667857 0.907942
vt 0.935864 0.121716
vt 0.897892 0.168005
vt 0.892845 0.121716
vt 0.930817 0.168005
vt 0.897892 0.168005
vt 0.935864 0.121716
vt 0.669214 0.933794
vt 0.703496 0.907942
vt 0.702139 0.933794
vt 0.667857 0.907942
vt 0.703496 0.907942
vt 0.669214 0.933794
vt 0.669214 0.882090
vt 0.698276 0.853384
vt 0.702139 0.882090
vt 0.673077 0.853384
vt 0.698276 0.853384
vt 0.669214 0.882090
vt 0.930817 0.168005
vt 0.907536 0.222957
vt 0.897892 0.168005
vt 0.921174 0.222957
vt 0.907536 0.222957
vt 0.930817 0.168005
vt 0.937636 0.066579
vt 0.892845 0.121716
vt 0.891073 0.066579
vt 0.935864 0.121716
vt 0.892845 0.121716
vt 0.937636 0.066579
vt 0.564269 0.467405
vt 0.553659 0.444684
vt 0.564269 0.444684
vt 0.553659 0.467405
vt 0.553659 0.444684
vt 0.564269 0.467405
vt 0.673077 0.853384
vt 0.690981 0.814083
vt 0.698276 0.853384
vt 0.680372 0.814083
vt 0.690981 0.814083
vt 0.673077 0.853384
vt 0.605309 0.700128
vt 0.610068 0.707251
vt 0.610068 0.711618
vt 0.178711 0.102412
vt 0.155429 0.157363
vt 0.145786 0.102412
vt 0.169067 0.157363
vt 0.155429 0.157363
vt 0.178711 0.102412
vt 0.185530 0.000986
vt 0.140739 0.056122
vt 0.138967 0.000986
vt 0.183758 0.056122
vt 0.140739 0.056122
vt 0.185530 0.000986
vt 0.673077 0.962500
vt 0.702139 0.933794
vt 0.698277 0.962500
vt 0.669214 0.933794
vt 0.702139 0.933794
vt 0.673077 0.962500
vt 0.678857 0.994813
vt 0.698277 0.962500
vt 0.692496 0.994813
vt 0.673077 0.962500
vt 0.698277 0.962500
vt 0.678857 0.994813
vt 0.610068 0.707251
vt 0.605309 0.700128
vt 0.608397 0.703216
vt 0.183758 0.056122
vt 0.145786 0.102412
vt 0.140739 0.056122
vt 0.178711 0.102412
vt 0.145786 0.102412
vt 0.183758 0.056122
vt 0.915125 0.692448
vt 0.959916 0.637312
vt 0.961688 0.692448
vt 0.916897 0.637312
vt 0.959916 0.637312
vt 0.915125 0.692448
vt 0.592873 0.718740
vt 0.596907 0.698457
vt 0.605309 0.700128
vt 0.916897 0.637312
vt 0.954869 0.591022
vt 0.959916 0.637312
vt 0.921944 0.591022
vt 0.954869 0.591022
vt 0.916897 0.637312
vt 0.921944 0.591022
vt 0.945226 0.536071
vt 0.954869 0.591022
vt 0.931588 0.536071
vt 0.945226 0.536071
vt 0.921944 0.591022
vt 0.659152 0.791363
vt 0.669762 0.814083
vt 0.659152 0.814083
vt 0.669762 0.791363
vt 0.669762 0.814083
vt 0.659152 0.791363
vt 0.049978 0.056449
vt 0.012006 0.102738
vt 0.006959 0.056449
vt 0.044931 0.102738
vt 0.012006 0.102738
vt 0.049978 0.056449
vt 0.044931 0.102738
vt 0.021649 0.157690
vt 0.012006 0.102738
vt 0.035287 0.157690
vt 0.021649 0.157690
vt 0.044931 0.102738
vt 0.051750 0.001312
vt 0.006959 0.056449
vt 0.005187 0.001312
vt 0.049978 0.056449
vt 0.006959 0.056449
vt 0.051750 0.001312
vt 0.370386 0.113205
vt 0.347104 0.168157
vt 0.337461 0.113205
vt 0.360742 0.168157
vt 0.347104 0.168157
vt 0.370386 0.113205
vt 0.377205 0.011780
vt 0.332414 0.066916
vt 0.330641 0.011780
vt 0.375433 0.066916
vt 0.332414 0.066916
vt 0.377205 0.011780
vt 0.680372 0.791363
vt 0.690981 0.814083
vt 0.680372 0.814083
vt 0.690981 0.791363
vt 0.690981 0.814083
vt 0.680372 0.791363
vt 0.375433 0.066916
vt 0.337461 0.113205
vt 0.332414 0.066916
vt 0.370386 0.113205
vt 0.337461 0.113205
vt 0.375433 0.066916
vt 0.571757 0.487255
vt 0.564269 0.467405
vt 0.574879 0.467405
vt 0.567390 0.487255
vt 0.564269 0.467405
vt 0.571757 0.487255
vt 0.605555 0.933794
vt 0.639837 0.907942
vt 0.638480 0.933794
vt 0.604198 0.907942
vt 0.639837 0.907942
vt 0.605555 0.933794
vt 0.605555 0.882090
vt 0.634618 0.853384
vt 0.638480 0.882090
vt 0.609417 0.853384
vt 0.634618 0.853384
vt 0.605555 0.882090
vt 0.609417 0.853384
vt 0.627322 0.814083
vt 0.634618 0.853384
vt 0.616713 0.814083
vt 0.627322 0.814083
vt 0.609417 0.853384
vt 0.615198 0.994813
vt 0.634617 0.962500
vt 0.628837 0.994813
vt 0.609417 0.962500
vt 0.634617 0.962500
vt 0.615198 0.994813
vt 0.609417 0.962500
vt 0.638480 0.933794
vt 0.634617 0.962500
vt 0.605555 0.933794
vt 0.638480 0.933794
vt 0.609417 0.962500
vt 0.598808 0.962500
vt 0.627870 0.933794
vt 0.624008 0.962500
vt 0.594945 0.933794
vt 0.627870 0.933794
vt 0.598808 0.962500
vt 0.593589 0.907942
vt 0.627870 0.882090
vt 0.629227 0.907942
vt 0.594945 0.882090
vt 0.627870 0.882090
vt 0.593589 0.907942
vt 0.598808 0.853384
vt 0.616713 0.814083
vt 0.624008 0.853384
vt 0.606103 0.814083
vt 0.616713 0.814083
vt 0.598808 0.853384
vt 0.604589 0.994813
vt 0.624008 0.962500
vt 0.618227 0.994813
vt 0.598808 0.962500
vt 0.624008 0.962500
vt 0.604589 0.994813
vt 0.594945 0.933794
vt 0.629227 0.907942
vt 0.627870 0.933794
vt 0.593589 0.907942
vt 0.629227 0.907942
vt 0.594945 0.933794
vt 0.594945 0.882090
vt 0.624008 0.853384
vt 0.627870 0.882090
vt 0.598808 0.853384
vt 0.624008 0.853384
vt 0.594945 0.882090
vt 0.669762 0.791363
vt 0.680372 0.814083
vt 0.669762 0.814083
vt 0.680372 0.791363
vt 0.680372 0.814083
vt 0.669762 0.791363
vt 0.582367 0.487255
vt 0.574879 0.467405
vt 0.585489 0.467405
vt 0.578000 0.487255
vt 0.574879 0.467405
vt 0.582367 0.487255
vt 0.588198 0.853384
vt 0.606103 0.814083
vt 0.613398 0.853384
vt 0.595493 0.814083
vt 0.606103 0.814083
vt 0.588198 0.853384
vt 0.593979 0.994813
vt 0.613398 0.962500
vt 0.607617 0.994814
vt 0.588198 0.962500
vt 0.613398 0.962500
vt 0.593979 0.994813
vt 0.584335 0.933794
vt 0.618617 0.907942
vt 0.617260 0.933794
vt 0.582979 0.907942
vt 0.618617 0.907942
vt 0.584335 0.933794
vt 0.584335 0.882090
vt 0.613398 0.853384
vt 0.617260 0.882090
vt 0.588198 0.853384
vt 0.613398 0.853384
vt 0.584335 0.882090
vt 0.553659 0.467405
vt 0.543049 0.444684
vt 0.553659 0.444684
vt 0.543049 0.467405
vt 0.543049 0.444684
vt 0.553659 0.467405
vt 0.592977 0.487255
vt 0.585489 0.467405
vt 0.596098 0.467405
vt 0.588610 0.487255
vt 0.585489 0.467405
vt 0.592977 0.487255
vt 0.588198 0.962500
vt 0.617260 0.933794
vt 0.613398 0.962500
vt 0.584335 0.933794
vt 0.617260 0.933794
vt 0.588198 0.962500
vt 0.582979 0.907942
vt 0.617260 0.882090
vt 0.618617 0.907942
vt 0.584335 0.882090
vt 0.617260 0.882090
vt 0.582979 0.907942
vt 0.564817 0.324974
vt 0.530535 0.350826
vt 0.531891 0.324974
vt 0.566173 0.350826
vt 0.530535 0.350826
vt 0.564817 0.324974
vt 0.564817 0.376678
vt 0.535754 0.405384
vt 0.531891 0.376678
vt 0.560954 0.405384
vt 0.535754 0.405384
vt 0.564817 0.376678
vt 0.627322 0.791363
vt 0.637932 0.814083
vt 0.627322 0.814083
vt 0.637932 0.791363
vt 0.637932 0.814083
vt 0.627322 0.791363
vt 0.662273 0.771513
vt 0.669762 0.791363
vt 0.659152 0.791363
vt 0.666640 0.771513
vt 0.669762 0.791363
vt 0.662273 0.771513
vt 0.560954 0.296268
vt 0.531891 0.324974
vt 0.535754 0.296268
vt 0.564817 0.324974
vt 0.531891 0.324974
vt 0.560954 0.296268
vt 0.566173 0.350826
vt 0.531891 0.376678
vt 0.530535 0.350826
vt 0.564817 0.376678
vt 0.531891 0.376678
vt 0.566173 0.350826
vt 0.560954 0.405384
vt 0.543049 0.444684
vt 0.535754 0.405384
vt 0.553659 0.444684
vt 0.543049 0.444684
vt 0.560954 0.405384
vt 0.555173 0.263955
vt 0.535754 0.296268
vt 0.541535 0.263955
vt 0.560954 0.296268
vt 0.535754 0.296268
vt 0.555173 0.263955
vt 0.606708 0.467405
vt 0.596098 0.444684
vt 0.606708 0.444684
vt 0.596098 0.467405
vt 0.596098 0.444684
vt 0.606708 0.467405
vt 0.641054 0.771513
vt 0.648542 0.791363
vt 0.637932 0.791363
vt 0.645421 0.771513
vt 0.648542 0.791363
vt 0.641054 0.771513
vt 0.571564 0.296268
vt 0.542501 0.324974
vt 0.546364 0.296268
vt 0.575427 0.324974
vt 0.542501 0.324974
vt 0.571564 0.296268
vt 0.576783 0.350826
vt 0.542501 0.376678
vt 0.541145 0.350826
vt 0.575427 0.376678
vt 0.542501 0.376678
vt 0.576783 0.350826
vt 0.571564 0.405383
vt 0.553659 0.444684
vt 0.546364 0.405383
vt 0.564269 0.444684
vt 0.553659 0.444684
vt 0.571564 0.405383
vt 0.565783 0.263955
vt 0.546364 0.296268
vt 0.552145 0.263955
vt 0.571564 0.296268
vt 0.546364 0.296268
vt 0.565783 0.263955
vt 0.575427 0.324974
vt 0.541145 0.350826
vt 0.542501 0.324974
vt 0.576783 0.350826
vt 0.541145 0.350826
vt 0.575427 0.324974
vt 0.575427 0.376678
vt 0.546364 0.405383
vt 0.542501 0.376678
vt 0.571564 0.405383
vt 0.546364 0.405383
vt 0.575427 0.376678
vt 0.587393 0.350826
vt 0.553111 0.376678
vt 0.551755 0.350826
vt 0.586037 0.376678
vt 0.553111 0.376678
vt 0.587393 0.350826
vt 0.582174 0.405384
vt 0.564269 0.444684
vt 0.556974 0.405384
vt 0.574879 0.444684
vt 0.564269 0.444684
vt 0.582174 0.405384
vt 0.576393 0.263955
vt 0.556974 0.296268
vt 0.562755 0.263955
vt 0.582174 0.296268
vt 0.556974 0.296268
vt 0.576393 0.263955
vt 0.586037 0.324974
vt 0.551755 0.350826
vt 0.553111 0.324974
vt 0.587393 0.350826
vt 0.551755 0.350826
vt 0.586037 0.324974
vt 0.586037 0.376678
vt 0.556974 0.405384
vt 0.553111 0.376678
vt 0.582174 0.405384
vt 0.556974 0.405384
vt 0.586037 0.376678
vt 0.637932 0.791363
vt 0.648542 0.814083
vt 0.637932 0.814083
vt 0.648542 0.791363
vt 0.648542 0.814083
vt 0.637932 0.791363
vt 0.561148 0.487255
vt 0.553659 0.467405
vt 0.564269 0.467405
vt 0.556781 0.487255
vt 0.553659 0.467405
vt 0.561148 0.487255
vt 0.582174 0.296268
vt 0.553111 0.324974
vt 0.556974 0.296268
vt 0.586037 0.324974
vt 0.553111 0.324974
vt 0.582174 0.296268
vt 0.592784 0.405383
vt 0.574879 0.444684
vt 0.567584 0.405383
vt 0.585489 0.444684
vt 0.574879 0.444684
vt 0.592784 0.405383
vt 0.587003 0.263954
vt 0.567584 0.296268
vt 0.573364 0.263954
vt 0.592784 0.296268
vt 0.567584 0.296268
vt 0.587003 0.263954
vt 0.596646 0.324974
vt 0.562365 0.350826
vt 0.563721 0.324974
vt 0.598003 0.350826
vt 0.562365 0.350826
vt 0.596646 0.324974
vt 0.596646 0.376678
vt 0.567584 0.405383
vt 0.563721 0.376678
vt 0.592784 0.405383
vt 0.567584 0.405383
vt 0.596646 0.376678
vt 0.596098 0.467405
vt 0.585489 0.444684
vt 0.596098 0.444684
vt 0.585489 0.467405
vt 0.585489 0.444684
vt 0.596098 0.467405
vt 0.672883 0.771513
vt 0.680372 0.791363
vt 0.669762 0.791363
vt 0.677250 0.771513
vt 0.680372 0.791363
vt 0.672883 0.771513
vt 0.592784 0.296268
vt 0.563721 0.324974
vt 0.567584 0.296268
vt 0.596646 0.324974
vt 0.563721 0.324974
vt 0.592784 0.296268
vt 0.598003 0.350826
vt 0.563721 0.376678
vt 0.562365 0.350826
vt 0.596646 0.376678
vt 0.563721 0.376678
vt 0.598003 0.350826
vt 0.607256 0.376678
vt 0.578193 0.405383
vt 0.574331 0.376678
vt 0.603393 0.405383
vt 0.578193 0.405383
vt 0.607256 0.376678
vt 0.585489 0.467405
vt 0.574879 0.444684
vt 0.585489 0.444684
vt 0.574879 0.467405
vt 0.574879 0.444684
vt 0.585489 0.467405
vt 0.598614 0.771513
vt 0.606103 0.791363
vt 0.595493 0.791363
vt 0.602981 0.771513
vt 0.606103 0.791363
vt 0.598614 0.771513
vt 0.603394 0.296268
vt 0.574331 0.324974
vt 0.578193 0.296268
vt 0.607256 0.324974
vt 0.574331 0.324974
vt 0.603394 0.296268
vt 0.608613 0.350826
vt 0.574331 0.376678
vt 0.572974 0.350826
vt 0.607256 0.376678
vt 0.574331 0.376678
vt 0.608613 0.350826
vt 0.603393 0.405383
vt 0.585489 0.444684
vt 0.578193 0.405383
vt 0.596098 0.444684
vt 0.585489 0.444684
vt 0.603393 0.405383
vt 0.597613 0.263954
vt 0.578193 0.296268
vt 0.583974 0.263954
vt 0.603394 0.296268
vt 0.578193 0.296268
vt 0.597613 0.263954
vt 0.607256 0.324974
vt 0.572974 0.350826
vt 0.574331 0.324974
vt 0.608613 0.350826
vt 0.572974 0.350826
vt 0.607256 0.324974
vt 0.609224 0.771513
vt 0.616713 0.791363
vt 0.606103 0.791363
vt 0.613591 0.771513
vt 0.616713 0.791363
vt 0.609224 0.771513
vt 0.614003 0.296269
vt 0.584940 0.324974
vt 0.588803 0.296269
vt 0.617866 0.324974
vt 0.584940 0.324974
vt 0.614003 0.296269
vt 0.619222 0.350826
vt 0.584941 0.376678
vt 0.583584 0.350826
vt 0.617866 0.376678
vt 0.584941 0.376678
vt 0.619222 0.350826
vt 0.614003 0.405384
vt 0.596098 0.444684
vt 0.588803 0.405384
vt 0.606708 0.444684
vt 0.596098 0.444684
vt 0.614003 0.405384
vt 0.608222 0.263955
vt 0.588803 0.296269
vt 0.594584 0.263955
vt 0.614003 0.296269
vt 0.588803 0.296269
vt 0.608222 0.263955
vt 0.617866 0.324974
vt 0.583584 0.350826
vt 0.584940 0.324974
vt 0.619222 0.350826
vt 0.583584 0.350826
vt 0.617866 0.324974
vt 0.617866 0.376678
vt 0.588803 0.405384
vt 0.584941 0.376678
vt 0.614003 0.405384
vt 0.588803 0.405384
vt 0.617866 0.376678
vt 0.595493 0.791363
vt 0.606103 0.814083
vt 0.595493 0.814083
vt 0.606103 0.791363
vt 0.606103 0.814083
vt 0.595493 0.791363
vt 0.624613 0.405383
vt 0.606708 0.444684
vt 0.599413 0.405383
vt 0.617318 0.444684
vt 0.606708 0.444684
vt 0.624613 0.405383
vt 0.618832 0.263954
vt 0.599413 0.296268
vt 0.605194 0.263954
vt 0.624613 0.296268
vt 0.599413 0.296268
vt 0.618832 0.263954
vt 0.628476 0.324974
vt 0.594194 0.350826
vt 0.595551 0.324974
vt 0.629832 0.350826
vt 0.594194 0.350826
vt 0.628476 0.324974
vt 0.628476 0.376678
vt 0.599413 0.405383
vt 0.595551 0.376678
vt 0.624613 0.405383
vt 0.599413 0.405383
vt 0.628476 0.376678
vt 0.617318 0.467405
vt 0.606708 0.444684
vt 0.617318 0.444684
vt 0.606708 0.467405
vt 0.606708 0.444684
vt 0.617318 0.467405
vt 0.619834 0.771513
vt 0.627322 0.791363
vt 0.616713 0.791363
vt 0.624201 0.771513
vt 0.627322 0.791363
vt 0.619834 0.771513
vt 0.624613 0.296268
vt 0.595551 0.324974
vt 0.599413 0.296268
vt 0.628476 0.324974
vt 0.595551 0.324974
vt 0.624613 0.296268
vt 0.629832 0.350826
vt 0.595551 0.376678
vt 0.594194 0.350826
vt 0.628476 0.376678
vt 0.595551 0.376678
vt 0.629832 0.350826
vt 0.605309 0.700128
vt 0.601274 0.720411
vt 0.592873 0.718740
vt 0.592873 0.718740
vt 0.589785 0.703216
vt 0.596907 0.698457
vt 0.614197 0.487255
vt 0.606708 0.467405
vt 0.617318 0.467405
vt 0.609830 0.487255
vt 0.606708 0.467405
vt 0.614197 0.487255
vt 0.550538 0.487255
vt 0.543049 0.467405
vt 0.553659 0.467405
vt 0.546171 0.487255
vt 0.543049 0.467405
vt 0.550538 0.487255
vt 0.441527 0.994813
vt 0.347763 0.854487
vt 0.488090 0.760723
vt 0.488090 0.760723
vt 0.347763 0.854487
vt 0.398507 0.778542
vt 0.441527 0.994813
vt 0.347763 0.901050
vt 0.347763 0.854487
vt 0.441527 0.994813
vt 0.365582 0.944069
vt 0.347763 0.901050
vt 0.365582 0.944069
vt 0.441527 0.994813
vt 0.398507 0.976994
vt 0.581853 0.901050
vt 0.488090 0.994814
vt 0.441527 0.994813
vt 0.581853 0.901050
vt 0.531109 0.976994
vt 0.488090 0.994814
vt 0.531109 0.976994
vt 0.581853 0.901050
vt 0.564034 0.944069
vt 0.581853 0.901050
vt 0.564034 0.811467
vt 0.581853 0.854486
vt 0.581853 0.901050
vt 0.531109 0.778542
vt 0.564034 0.811467
vt 0.581853 0.901050
vt 0.488090 0.760723
vt 0.531109 0.778542
vt 0.488090 0.760723
vt 0.398507 0.778542
vt 0.441526 0.760723
vt 0.398507 0.778542
vt 0.347763 0.854487
vt 0.365582 0.811467
vt 0.441527 0.994813
vt 0.488090 0.760723
vt 0.581853 0.901050
vt 0.243863 0.311458
vt 0.005187 0.289537
vt 0.243863 0.289537
vt 0.005187 0.311458
vt 0.005187 0.289537
vt 0.243863 0.311458
vt 0.243863 0.333379
vt 0.005187 0.311458
vt 0.243863 0.311458
vt 0.005187 0.333379
vt 0.005187 0.311458
vt 0.243863 0.333379
vt 0.243863 0.355300
vt 0.005187 0.333379
vt 0.243863 0.333379
vt 0.005187 0.355300
vt 0.005187 0.333379
vt 0.243863 0.355300
vt 0.243863 0.377221
vt 0.005187 0.355300
vt 0.243863 0.355300
vt 0.005187 0.377221
vt 0.005187 0.355300
vt 0.243863 0.377221
vt 0.696721 0.487255
vt 0.718642 0.248578
vt 0.718642 0.487255
vt 0.696721 0.248578
vt 0.718642 0.248578
vt 0.696721 0.487255
vt 0.674800 0.487255
vt 0.696721 0.248578
vt 0.696721 0.487255
vt 0.674800 0.248578
vt 0.696721 0.248578
vt 0.674800 0.487255
vt 0.652879 0.487255
vt 0.674800 0.248578
vt 0.674800 0.487255
vt 0.652879 0.248578
vt 0.674800 0.248578
vt 0.652879 0.487255
vt 0.630958 0.487255
vt 0.652879 0.248578
vt 0.652879 0.487255
vt 0.630958 0.248578
vt 0.652879 0.248578
vt 0.630958 0.487255
vt 0.647469 0.759598
vt 0.667254 0.721537
vt 0.667254 0.759598
vt 0.647469 0.721537
vt 0.667254 0.721537
vt 0.647469 0.759598
vt 0.627684 0.759598
vt 0.647469 0.721537
vt 0.647469 0.759598
vt 0.627684 0.721537
vt 0.647469 0.721537
vt 0.627684 0.759598
vt 0.607899 0.759598
vt 0.627684 0.721537
vt 0.627684 0.759598
vt 0.607899 0.721537
vt 0.627684 0.721537
vt 0.607899 0.759598
vt 0.588114 0.759598
vt 0.607899 0.721537
vt 0.607899 0.759598
vt 0.588114 0.721537
vt 0.607899 0.721537
vt 0.588114 0.759598
vt 0.755513 0.526790
vt 0.735728 0.564851
vt 0.735728 0.526790
vt 0.755513 0.564851
vt 0.735728 0.564851
vt 0.755513 0.526790
vt 0.775299 0.526790
vt 0.755513 0.564851
vt 0.755513 0.526790
vt 0.775299 0.564851
vt 0.755513 0.564851
vt 0.775299 0.526790
vt 0.863760 0.531076
vt 0.829984 0.564851
vt 0.815994 0.550861
vt 0.795084 0.526790
vt 0.775299 0.564851
vt 0.775299 0.526790
vt 0.795084 0.564851
vt 0.775299 0.564851
vt 0.795084 0.526790
vt 0.814869 0.526790
vt 0.795084 0.564851
vt 0.795084 0.526790
vt 0.814869 0.564851
vt 0.795084 0.564851
vt 0.814869 0.526790
vt 0.863760 0.531076
vt 0.815994 0.550861
vt 0.815994 0.531076
vt 0.863760 0.531076
vt 0.815994 0.531076
vt 0.829984 0.517086
vt 0.863760 0.531076
vt 0.829984 0.517086
vt 0.849770 0.517086
vt 0.849770 0.564851
vt 0.863760 0.531076
vt 0.863760 0.550861
vt 0.863760 0.531076
vt 0.849770 0.564851
vt 0.829984 0.564851
vt 0.828881 0.482746
vt 0.851747 0.358735
vt 0.845450 0.487255
vt 0.834587 0.360903
vt 0.851747 0.358735
vt 0.828881 0.482746
vt 0.815660 0.473099
vt 0.834587 0.360903
vt 0.828881 0.482746
vt 0.818721 0.367346
vt 0.834587 0.360903
vt 0.815660 0.473099
vt 0.802443 0.463448
vt 0.818721 0.367346
vt 0.815660 0.473099
vt 0.802855 0.373789
vt 0.818721 0.367346
vt 0.802443 0.463448
vt 0.785760 0.459393
vt 0.802855 0.373789
vt 0.802443 0.463448
vt 0.785758 0.376408
vt 0.802855 0.373789
vt 0.785760 0.459393
vt 0.769068 0.463425
vt 0.785758 0.376408
vt 0.785760 0.459393
vt 0.768657 0.373805
vt 0.785758 0.376408
vt 0.769068 0.463425
vt 0.755843 0.473068
vt 0.768657 0.373805
vt 0.769068 0.463425
vt 0.752788 0.367369
vt 0.768657 0.373805
vt 0.755843 0.473068
vt 0.783974 0.570321
vt 0.801019 0.676510
vt 0.784010 0.678847
vt 0.801020 0.571072
vt 0.801019 0.676510
vt 0.783974 0.570321
vt 0.742630 0.482724
vt 0.752788 0.367369
vt 0.755843 0.473068
vt 0.736925 0.360919
vt 0.752788 0.367369
vt 0.742630 0.482724
vt 0.726069 0.487255
vt 0.736925 0.360919
vt 0.742630 0.482724
vt 0.719767 0.358735
vt 0.736925 0.360919
vt 0.726069 0.487255
vt 0.153124 0.158489
vt 0.203214 0.175519
vt 0.151066 0.175464
vt 0.202419 0.158489
vt 0.203214 0.175519
vt 0.153124 0.158489
vt 0.358653 0.375932
vt 0.252749 0.360178
vt 0.361622 0.358902
vt 0.254135 0.377221
vt 0.252749 0.360178
vt 0.358653 0.375932
vt 0.830988 0.357609
vt 0.733535 0.339496
vt 0.833158 0.340454
vt 0.735940 0.356614
vt 0.733535 0.339496
vt 0.830988 0.357609
vt 0.709120 0.730257
vt 0.819821 0.747374
vt 0.708386 0.747398
vt 0.817368 0.730257
vt 0.819821 0.747374
vt 0.709120 0.730257
vt 0.837480 0.864765
vt 0.820309 0.988385
vt 0.820355 0.865330
vt 0.837430 0.987282
vt 0.820309 0.988385
vt 0.837480 0.864765
vt 0.137841 0.158815
vt 0.120723 0.284031
vt 0.120724 0.159467
vt 0.137841 0.283277
vt 0.120723 0.284031
vt 0.137841 0.158815
vt 0.511122 0.245247
vt 0.495908 0.376719
vt 0.494161 0.248638
vt 0.513030 0.377221
vt 0.495908 0.376719
vt 0.511122 0.245247
vt 0.151066 0.175464
vt 0.205162 0.191004
vt 0.146110 0.190604
vt 0.203214 0.175519
vt 0.205162 0.191004
vt 0.151066 0.175464
vt 0.361622 0.358902
vt 0.249604 0.344561
vt 0.368987 0.343517
vt 0.252749 0.360178
vt 0.249604 0.344561
vt 0.361622 0.358902
vt 0.833158 0.340454
vt 0.727715 0.323462
vt 0.838508 0.324222
vt 0.733535 0.339496
vt 0.727715 0.323462
vt 0.833158 0.340454
vt 0.708386 0.747398
vt 0.825725 0.763413
vt 0.706753 0.763601
vt 0.819821 0.747374
vt 0.825725 0.763413
vt 0.708386 0.747398
vt 0.820355 0.865330
vt 0.804242 0.991051
vt 0.804268 0.866700
vt 0.820309 0.988385
vt 0.804242 0.991051
vt 0.820355 0.865330
vt 0.120724 0.159467
vt 0.104680 0.285848
vt 0.104680 0.161036
vt 0.120723 0.284031
vt 0.104680 0.285848
vt 0.120724 0.159467
vt 0.494161 0.248638
vt 0.479863 0.375166
vt 0.478925 0.256455
vt 0.495908 0.376719
vt 0.479863 0.375166
vt 0.494161 0.248638
vt 0.146110 0.190604
vt 0.207111 0.206489
vt 0.141149 0.205743
vt 0.205162 0.191004
vt 0.207111 0.206489
vt 0.146110 0.190604
vt 0.368987 0.343517
vt 0.246418 0.328951
vt 0.376311 0.328114
vt 0.249604 0.344561
vt 0.246418 0.328951
vt 0.368987 0.343517
vt 0.838508 0.324222
vt 0.721990 0.307396
vt 0.844003 0.308042
vt 0.727715 0.323462
vt 0.721990 0.307396
vt 0.838508 0.324222
vt 0.706753 0.763601
vt 0.831625 0.779450
vt 0.705181 0.779813
vt 0.825725 0.763413
vt 0.831625 0.779450
vt 0.706753 0.763601
vt 0.804268 0.866700
vt 0.788174 0.993713
vt 0.788177 0.868069
vt 0.804242 0.991051
vt 0.788174 0.993713
vt 0.804268 0.866700
vt 0.104680 0.161036
vt 0.088634 0.287662
vt 0.088634 0.162603
vt 0.104680 0.285848
vt 0.088634 0.287662
vt 0.104680 0.161036
vt 0.478925 0.256455
vt 0.463815 0.373616
vt 0.463685 0.264263
vt 0.479863 0.375166
vt 0.463815 0.373616
vt 0.478925 0.256455
vt 0.141149 0.205743
vt 0.207799 0.223524
vt 0.138967 0.222704
vt 0.207111 0.206489
vt 0.207799 0.223524
vt 0.141149 0.205743
vt 0.376311 0.328114
vt 0.244989 0.311911
vt 0.379233 0.311079
vt 0.246418 0.328951
vt 0.244989 0.311911
vt 0.376311 0.328114
vt 0.844003 0.308042
vt 0.719767 0.290255
vt 0.846479 0.290930
vt 0.721990 0.307396
vt 0.719767 0.290255
vt 0.844003 0.308042
vt 0.705181 0.779813
vt 0.834095 0.796563
vt 0.704621 0.796963
vt 0.831625 0.779450
vt 0.834095 0.796563
vt 0.705181 0.779813
vt 0.788177 0.868069
vt 0.771050 0.994814
vt 0.771050 0.868634
vt 0.788174 0.993713
vt 0.771050 0.994814
vt 0.788177 0.868069
vt 0.088634 0.162603
vt 0.071514 0.288412
vt 0.071514 0.163251
vt 0.088634 0.287662
vt 0.071514 0.288412
vt 0.088634 0.162603
vt 0.463685 0.264263
vt 0.446694 0.372988
vt 0.446693 0.267503
vt 0.463815 0.373616
vt 0.446694 0.372988
vt 0.463685 0.264263
vt 0.138967 0.222704
vt 0.206707 0.240538
vt 0.140730 0.239713
vt 0.207799 0.223524
vt 0.206707 0.240538
vt 0.138967 0.222704
vt 0.379233 0.311079
vt 0.246107 0.294847
vt 0.375997 0.294098
vt 0.244989 0.311911
vt 0.246107 0.294847
vt 0.379233 0.311079
vt 0.846479 0.290930
vt 0.722397 0.273170
vt 0.844534 0.273747
vt 0.719767 0.290255
vt 0.722397 0.273170
vt 0.846479 0.290930
vt 0.704621 0.796963
vt 0.831721 0.813691
vt 0.705434 0.814100
vt 0.834095 0.796563
vt 0.831721 0.813691
vt 0.704621 0.796963
vt 0.771050 0.868634
vt 0.753929 0.993707
vt 0.753926 0.868065
vt 0.771050 0.994814
vt 0.753929 0.993707
vt 0.771050 0.868634
vt 0.071514 0.163251
vt 0.054397 0.287658
vt 0.054397 0.162600
vt 0.071514 0.288412
vt 0.054397 0.287658
vt 0.071514 0.163251
vt 0.446693 0.267503
vt 0.429576 0.373619
vt 0.429706 0.264245
vt 0.446694 0.372988
vt 0.429576 0.373619
vt 0.446693 0.267503
vt 0.140730 0.239713
vt 0.204390 0.255972
vt 0.145323 0.254967
vt 0.206707 0.240538
vt 0.204390 0.255972
vt 0.140730 0.239713
vt 0.375997 0.294098
vt 0.249053 0.279192
vt 0.368436 0.278808
vt 0.246107 0.294847
vt 0.249053 0.279192
vt 0.375997 0.294098
vt 0.844534 0.273747
vt 0.728401 0.257204
vt 0.839371 0.257455
vt 0.722397 0.273170
vt 0.728401 0.257204
vt 0.844534 0.273747
vt 0.705434 0.814100
vt 0.825917 0.829767
vt 0.707169 0.830294
vt 0.831721 0.813691
vt 0.825917 0.829767
vt 0.705434 0.814100
vt 0.753926 0.868065
vt 0.737863 0.991042
vt 0.737838 0.866695
vt 0.753929 0.993707
vt 0.737863 0.991042
vt 0.753926 0.868065
vt 0.054397 0.162600
vt 0.038353 0.285842
vt 0.038353 0.161031
vt 0.054397 0.287658
vt 0.038353 0.285842
vt 0.054397 0.162600
vt 0.429706 0.264245
vt 0.413531 0.375172
vt 0.414470 0.256429
vt 0.429576 0.373619
vt 0.413531 0.375172
vt 0.429706 0.264245
vt 0.145323 0.254967
vt 0.202072 0.271405
vt 0.149922 0.270220
vt 0.204390 0.255972
vt 0.202072 0.271405
vt 0.145323 0.254967
vt 0.368436 0.278808
vt 0.252041 0.263543
vt 0.360918 0.263499
vt 0.249053 0.279192
vt 0.252041 0.263543
vt 0.368436 0.278808
vt 0.839371 0.257455
vt 0.734311 0.241206
vt 0.834063 0.241212
vt 0.728401 0.257204
vt 0.734311 0.241206
vt 0.839371 0.257455
vt 0.707169 0.830294
vt 0.820118 0.845841
vt 0.708843 0.846495
vt 0.825917 0.829767
vt 0.820118 0.845841
vt 0.707169 0.830294
vt 0.737838 0.866695
vt 0.721794 0.988379
vt 0.721748 0.865327
vt 0.737863 0.991042
vt 0.721794 0.988379
vt 0.737838 0.866695
vt 0.038353 0.161031
vt 0.022307 0.284027
vt 0.022306 0.159463
vt 0.038353 0.285842
vt 0.022307 0.284027
vt 0.038353 0.161031
vt 0.414470 0.256429
vt 0.397483 0.376723
vt 0.399230 0.248620
vt 0.413531 0.375172
vt 0.397483 0.376723
vt 0.414470 0.256429
vt 0.149922 0.270220
vt 0.200870 0.288412
vt 0.151589 0.287239
vt 0.202072 0.271405
vt 0.200870 0.288412
vt 0.149922 0.270220
vt 0.360918 0.263499
vt 0.253316 0.246490
vt 0.357842 0.246490
vt 0.252041 0.263543
vt 0.253316 0.246490
vt 0.360918 0.263499
vt 0.834063 0.241212
vt 0.736665 0.224082
vt 0.831718 0.224082
vt 0.734311 0.241206
vt 0.736665 0.224082
vt 0.834063 0.241212
vt 0.708843 0.846495
vt 0.817783 0.862972
vt 0.709537 0.863640
vt 0.820118 0.845841
vt 0.817783 0.862972
vt 0.708843 0.846495
vt 0.721748 0.865327
vt 0.704671 0.987282
vt 0.704621 0.864765
vt 0.721794 0.988379
vt 0.704671 0.987282
vt 0.721748 0.865327
vt 0.022306 0.159463
vt 0.005187 0.283277
vt 0.005187 0.158815
vt 0.022307 0.284027
vt 0.005187 0.283277
vt 0.022306 0.159463
vt 0.399230 0.248620
vt 0.380358 0.377221
vt 0.382265 0.245247
vt 0.397483 0.376723
vt 0.380358 0.377221
vt 0.399230 0.248620
vt 0.315050 0.195350
vt 0.363134 0.194499
vt 0.352357 0.215314
vt 0.306371 0.169282
vt 0.363134 0.194499
vt 0.315050 0.195350
vt 0.833668 0.568508
vt 0.848775 0.690072
vt 0.833406 0.684450
vt 0.849263 0.566690
vt 0.848775 0.690072
vt 0.833668 0.568508
vt 0.752779 0.566685
vt 0.768640 0.684469
vt 0.753267 0.690085
vt 0.768378 0.568502
vt 0.768640 0.684469
vt 0.752779 0.566685
vt 0.801020 0.571072
vt 0.818033 0.678834
vt 0.801019 0.676510
vt 0.818069 0.570325
vt 0.818033 0.678834
vt 0.801020 0.571072
vt 0.849263 0.566690
vt 0.865780 0.692448
vt 0.848775 0.690072
vt 0.866311 0.565976
vt 0.865780 0.692448
vt 0.849263 0.566690
vt 0.735728 0.565976
vt 0.753267 0.690085
vt 0.736259 0.692448
vt 0.752779 0.566685
vt 0.753267 0.690085
vt 0.735728 0.565976
vt 0.768378 0.568502
vt 0.784010 0.678847
vt 0.768640 0.684469
vt 0.783974 0.570321
vt 0.784010 0.678847
vt 0.768378 0.568502
vt 0.818069 0.570325
vt 0.833406 0.684450
vt 0.818033 0.678834
vt 0.833668 0.568508
vt 0.833406 0.684450
vt 0.818069 0.570325
vt 0.828881 0.482746
vt 0.851747 0.358735
vt 0.845450 0.487255
vt 0.834587 0.360903
vt 0.851747 0.358735
vt 0.828881 0.482746
vt 0.305866 0.208624
vt 0.338308 0.231291
vt 0.317846 0.242449
vt 0.312900 0.204987
vt 0.338308 0.231291
vt 0.305866 0.208624
vt 0.290635 0.206094
vt 0.290329 0.245365
vt 0.266146 0.231480
vt 0.298082 0.208608
vt 0.290329 0.245365
vt 0.290635 0.206094
vt 0.289444 0.189857
vt 0.252400 0.212729
vt 0.246363 0.192410
vt 0.286463 0.199771
vt 0.252400 0.212729
vt 0.289444 0.189857
vt 0.312900 0.204987
vt 0.352357 0.215314
vt 0.338308 0.231291
vt 0.315050 0.195350
vt 0.352357 0.215314
vt 0.312900 0.204987
vt 0.298082 0.208608
vt 0.317846 0.242449
vt 0.290329 0.245365
vt 0.305866 0.208624
vt 0.317846 0.242449
vt 0.298082 0.208608
vt 0.286463 0.199771
vt 0.266146 0.231480
vt 0.252400 0.212729
vt 0.290635 0.206094
vt 0.266146 0.231480
vt 0.286463 0.199771
vt 0.306371 0.169282
vt 0.246363 0.192410
vt 0.244989 0.169282
vt 0.289444 0.189857
vt 0.246363 0.192410
vt 0.306371 0.169282
vt 0.555765 0.716367
vt 0.535184 0.699324
vt 0.550791 0.699324
vt 0.527182 0.716367
vt 0.535184 0.699324
vt 0.555765 0.716367
vt 0.498599 0.716367
vt 0.473077 0.700765
vt 0.490126 0.700765
vt 0.467376 0.716367
vt 0.473077 0.700765
vt 0.498599 0.716367
vt 0.436152 0.716367
vt 0.415571 0.699324
vt 0.431178 0.699324
vt 0.407569 0.716367
vt 0.415571 0.699324
vt 0.436152 0.716367
vt 0.378987 0.716367
vt 0.353464 0.700765
vt 0.370513 0.700765
vt 0.347763 0.716367
vt 0.353464 0.700765
vt 0.378987 0.716367
vt 0.586989 0.716367
vt 0.564238 0.700765
vt 0.581287 0.700765
vt 0.555765 0.716367
vt 0.564238 0.700765
vt 0.586989 0.716367
vt 0.527182 0.716367
vt 0.503573 0.699324
vt 0.519180 0.699324
vt 0.498599 0.716367
vt 0.503573 0.699324
vt 0.527182 0.716367
vt 0.467376 0.716367
vt 0.444625 0.700765
vt 0.461674 0.700765
vt 0.436152 0.716367
vt 0.444625 0.700765
vt 0.467376 0.716367
vt 0.407569 0.716367
vt 0.383961 0.699324
vt 0.399567 0.699324
vt 0.378987 0.716367
vt 0.383961 0.699324
vt 0.407569 0.716367
vt 0.407569 0.759598
vt 0.378987 0.716367
vt 0.407569 0.716367
vt 0.378987 0.759598
vt 0.378987 0.716367
vt 0.407569 0.759598
vt 0.555765 0.759598
vt 0.527182 0.716367
vt 0.555765 0.716367
vt 0.527182 0.759598
vt 0.527182 0.716367
vt 0.555765 0.759598
vt 0.498599 0.759598
vt 0.467376 0.716367
vt 0.498599 0.716367
vt 0.467376 0.759598
vt 0.467376 0.716367
vt 0.498599 0.759598
vt 0.436152 0.759598
vt 0.407569 0.716367
vt 0.436152 0.716367
vt 0.407569 0.759598
vt 0.407569 0.716367
vt 0.436152 0.759598
vt 0.378987 0.759598
vt 0.347763 0.716367
vt 0.378987 0.716367
vt 0.347763 0.759598
vt 0.347763 0.716367
vt 0.378987 0.759598
vt 0.586989 0.759598
vt 0.555765 0.716367
vt 0.586989 0.716367
vt 0.555765 0.759598
vt 0.555765 0.716367
vt 0.586989 0.759598
vt 0.527182 0.759598
vt 0.498599 0.716367
vt 0.527182 0.716367
vt 0.498599 0.759598
vt 0.498599 0.716367
vt 0.527182 0.759598
vt 0.467376 0.759598
vt 0.436152 0.716367
vt 0.467376 0.716367
vt 0.436152 0.759598
vt 0.436152 0.716367
vt 0.467376 0.759598
vt 0.005187 0.397407
vt 0.078893 0.524976
vt 0.047670 0.524976
vt 0.142029 0.397407
vt 0.078893 0.524976
vt 0.005187 0.397407
vt 0.267298 0.397407
vt 0.355505 0.534834
vt 0.326922 0.534834
vt 0.392567 0.397407
vt 0.355505 0.534834
vt 0.267298 0.397407
vt 0.005187 0.555021
vt 0.078894 0.682590
vt 0.047670 0.682590
vt 0.142030 0.555021
vt 0.078894 0.682590
vt 0.005187 0.555021
vt 0.267299 0.555021
vt 0.355506 0.692448
vt 0.326923 0.692448
vt 0.392568 0.555020
vt 0.355506 0.692448
vt 0.267299 0.555021
vt 0.142029 0.397407
vt 0.207674 0.534835
vt 0.179091 0.534835
vt 0.267298 0.397407
vt 0.207674 0.534835
vt 0.142029 0.397407
vt 0.392567 0.397407
vt 0.486927 0.524976
vt 0.455703 0.524976
vt 0.529410 0.397407
vt 0.486927 0.524976
vt 0.392567 0.397407
vt 0.142030 0.555021
vt 0.207675 0.692448
vt 0.179092 0.692448
vt 0.267299 0.555021
vt 0.207675 0.692448
vt 0.142030 0.555021
vt 0.392568 0.555020
vt 0.486927 0.682588
vt 0.455704 0.682588
vt 0.529410 0.555020
vt 0.486927 0.682588
vt 0.392568 0.555020
vt 0.142030 0.535960
vt 0.267299 0.555021
vt 0.142030 0.555021
vt 0.267299 0.535960
vt 0.267299 0.555021
vt 0.142030 0.535960
vt 0.392568 0.535960
vt 0.529410 0.555020
vt 0.392568 0.555020
vt 0.529410 0.535960
vt 0.529410 0.555020
vt 0.392568 0.535960
vt 0.005187 0.378347
vt 0.142029 0.397407
vt 0.005187 0.397407
vt 0.142029 0.378347
vt 0.142029 0.397407
vt 0.005187 0.378347
vt 0.267298 0.378347
vt 0.392567 0.397407
vt 0.267298 0.397407
vt 0.392567 0.378347
vt 0.392567 0.397407
vt 0.267298 0.378347
vt 0.005187 0.535960
vt 0.142030 0.555021
vt 0.005187 0.555021
vt 0.142030 0.535960
vt 0.142030 0.555021
vt 0.005187 0.535960
vt 0.267299 0.535960
vt 0.392568 0.555020
vt 0.267299 0.555021
vt 0.392568 0.535960
vt 0.392568 0.555020
vt 0.267299 0.535960
vt 0.142029 0.378347
vt 0.267298 0.397407
vt 0.142029 0.397407
vt 0.267298 0.378347
vt 0.267298 0.397407
vt 0.142029 0.378347
vt 0.392567 0.378347
vt 0.529410 0.397407
vt 0.392567 0.397407
vt 0.529410 0.378347
vt 0.529410 0.397407
vt 0.392567 0.378347
vt 0.257713 0.994814
vt 0.335554 0.781805
vt 0.346638 0.906583
vt 0.230954 0.693574
vt 0.257713 0.994814
vt 0.120870 0.994814
vt 0.094111 0.693574
vt 0.120870 0.994814
vt 0.016271 0.906582
vt 0.094111 0.693574
vt 0.016271 0.906582
vt 0.005187 0.781804
vt 0.120870 0.994814
vt 0.094111 0.693574
vt 0.230954 0.693574
vt 0.257713 0.994814
vt 0.230954 0.693574
vt 0.335554 0.781805
vt 0.815660 0.473099
vt 0.834587 0.360903
vt 0.828881 0.482746
vt 0.818721 0.367346
vt 0.834587 0.360903
vt 0.815660 0.473099
vt 0.802443 0.463448
vt 0.818721 0.367346
vt 0.815660 0.473099
vt 0.802855 0.373789
vt 0.818721 0.367346
vt 0.802443 0.463448
vt 0.785760 0.459393
vt 0.802855 0.373789
vt 0.802443 0.463448
vt 0.785758 0.376408
vt 0.802855 0.373789
vt 0.785760 0.459393
vt 0.769068 0.463425
vt 0.785758 0.376408
vt 0.785760 0.459393
vt 0.768657 0.373805
vt 0.785758 0.376408
vt 0.769068 0.463425
vt 0.755843 0.473068
vt 0.768657 0.373805
vt 0.769068 0.463425
vt 0.752788 0.367369
vt 0.768657 0.373805
vt 0.755843 0.473068
vt 0.783974 0.570321
vt 0.801019 0.676510
vt 0.784010 0.678847
vt 0.801020 0.571072
vt 0.801019 0.676510
vt 0.783974 0.570321
vt 0.742630 0.482724
vt 0.752788 0.367369
vt 0.755843 0.473068
vt 0.736925 0.360919
vt 0.752788 0.367369
vt 0.742630 0.482724
vt 0.726069 0.487255
vt 0.736925 0.360919
vt 0.742630 0.482724
vt 0.719767 0.358735
vt 0.736925 0.360919
vt 0.726069 0.487255
vt 0.153124 0.158489
vt 0.203214 0.175519
vt 0.151066 0.175464
vt 0.202419 0.158489
vt 0.203214 0.175519
vt 0.153124 0.158489
vt 0.358653 0.375932
vt 0.252749 0.360178
vt 0.361622 0.358902
vt 0.254135 0.377221
vt 0.252749 0.360178
vt 0.358653 0.375932
vt 0.830988 0.357609
vt 0.733535 0.339496
vt 0.833158 0.340454
vt 0.735940 0.356614
vt 0.733535 0.339496
vt 0.830988 0.357609
vt 0.709120 0.730257
vt 0.819821 0.747374
vt 0.708386 0.747398
vt 0.817368 0.730257
vt 0.819821 0.747374
vt 0.709120 0.730257
vt 0.837480 0.864765
vt 0.820309 0.988385
vt 0.820355 0.865330
vt 0.837430 0.987282
vt 0.820309 0.988385
vt 0.837480 0.864765
vt 0.137841 0.158815
vt 0.120723 0.284031
vt 0.120724 0.159467
vt 0.137841 0.283277
vt 0.120723 0.284031
vt 0.137841 0.158815
vt 0.511122 0.245247
vt 0.495908 0.376719
vt 0.494161 0.248638
vt 0.513030 0.377221
vt 0.495908 0.376719
vt 0.511122 0.245247
vt 0.151066 0.175464
vt 0.205162 0.191004
vt 0.146110 0.190604
vt 0.203214 0.175519
vt 0.205162 0.191004
vt 0.151066 0.175464
vt 0.361622 0.358902
vt 0.249604 0.344561
vt 0.368987 0.343517
vt 0.252749 0.360178
vt 0.249604 0.344561
vt 0.361622 0.358902
vt 0.833158 0.340454
vt 0.727715 0.323462
vt 0.838508 0.324222
vt 0.733535 0.339496
vt 0.727715 0.323462
vt 0.833158 0.340454
vt 0.708386 0.747398
vt 0.825725 0.763413
vt 0.706753 0.763601
vt 0.819821 0.747374
vt 0.825725 0.763413
vt 0.708386 0.747398
vt 0.820355 0.865330
vt 0.804242 0.991051
vt 0.804268 0.866700
vt 0.820309 0.988385
vt 0.804242 0.991051
vt 0.820355 0.865330
vt 0.120724 0.159467
vt 0.104680 0.285848
vt 0.104680 0.161036
vt 0.120723 0.284031
vt 0.104680 0.285848
vt 0.120724 0.159467
vt 0.494161 0.248638
vt 0.479863 0.375166
vt 0.478925 0.256455
vt 0.495908 0.376719
vt 0.479863 0.375166
vt 0.494161 0.248638
vt 0.146110 0.190604
vt 0.207111 0.206489
vt 0.141149 0.205743
vt 0.205162 0.191004
vt 0.207111 0.206489
vt 0.146110 0.190604
vt 0.368987 0.343517
vt 0.246418 0.328951
vt 0.376311 0.328114
vt 0.249604 0.344561
vt 0.246418 0.328951
vt 0.368987 0.343517
vt 0.838508 0.324222
vt 0.721990 0.307396
vt 0.844003 0.308042
vt 0.727715 0.323462
vt 0.721990 0.307396
vt 0.838508 0.324222
vt 0.706753 0.763601
vt 0.831625 0.779450
vt 0.705181 0.779813
vt 0.825725 0.763413
vt 0.831625 0.779450
vt 0.706753 0.763601
vt 0.804268 0.866700
vt 0.788174 0.993713
vt 0.788177 0.868069
vt 0.804242 0.991051
vt 0.788174 0.993713
vt 0.804268 0.866700
vt 0.104680 0.161036
vt 0.088634 0.287662
vt 0.088634 0.162603
vt 0.104680 0.285848
vt 0.088634 0.287662
vt 0.104680 0.161036
vt 0.478925 0.256455
vt 0.463815 0.373616
vt 0.463685 0.264263
vt 0.479863 0.375166
vt 0.463815 0.373616
vt 0.478925 0.256455
vt 0.141149 0.205743
vt 0.207799 0.223524
vt 0.138967 0.222704
vt 0.207111 0.206489
vt 0.207799 0.223524
vt 0.141149 0.205743
vt 0.376311 0.328114
vt 0.244989 0.311911
vt 0.379233 0.311079
vt 0.246418 0.328951
vt 0.244989 0.311911
vt 0.376311 0.328114
vt 0.844003 0.308042
vt 0.719767 0.290255
vt 0.846479 0.290930
vt 0.721990 0.307396
vt 0.719767 0.290255
vt 0.844003 0.308042
vt 0.705181 0.779813
vt 0.834095 0.796563
vt 0.704621 0.796963
vt 0.831625 0.779450
vt 0.834095 0.796563
vt 0.705181 0.779813
vt 0.788177 0.868069
vt 0.771050 0.994814
vt 0.771050 0.868634
vt 0.788174 0.993713
vt 0.771050 0.994814
vt 0.788177 0.868069
vt 0.088634 0.162603
vt 0.071514 0.288412
vt 0.071514 0.163251
vt 0.088634 0.287662
vt 0.071514 0.288412
vt 0.088634 0.162603
vt 0.463685 0.264263
vt 0.446694 0.372988
vt 0.446693 0.267503
vt 0.463815 0.373616
vt 0.446694 0.372988
vt 0.463685 0.264263
vt 0.138967 0.222704
vt 0.206707 0.240538
vt 0.140730 0.239713
vt 0.207799 0.223524
vt 0.206707 0.240538
vt 0.138967 0.222704
vt 0.379233 0.311079
vt 0.246107 0.294847
vt 0.375997 0.294098
vt 0.244989 0.311911
vt 0.246107 0.294847
vt 0.379233 0.311079
vt 0.846479 0.290930
vt 0.722397 0.273170
vt 0.844534 0.273747
vt 0.719767 0.290255
vt 0.722397 0.273170
vt 0.846479 0.290930
vt 0.704621 0.796963
vt 0.831721 0.813691
vt 0.705434 0.814100
vt 0.834095 0.796563
vt 0.831721 0.813691
vt 0.704621 0.796963
vt 0.771050 0.868634
vt 0.753929 0.993707
vt 0.753926 0.868065
vt 0.771050 0.994814
vt 0.753929 0.993707
vt 0.771050 0.868634
vt 0.071514 0.163251
vt 0.054397 0.287658
vt 0.054397 0.162600
vt 0.071514 0.288412
vt 0.054397 0.287658
vt 0.071514 0.163251
vt 0.446693 0.267503
vt 0.429576 0.373619
vt 0.429706 0.264245
vt 0.446694 0.372988
vt 0.429576 0.373619
vt 0.446693 0.267503
vt 0.140730 0.239713
vt 0.204390 0.255972
vt 0.145323 0.254967
vt 0.206707 0.240538
vt 0.204390 0.255972
vt 0.140730 0.239713
vt 0.375997 0.294098
vt 0.249053 0.279192
vt 0.368436 0.278808
vt 0.246107 0.294847
vt 0.249053 0.279192
vt 0.375997 0.294098
vt 0.844534 0.273747
vt 0.728401 0.257204
vt 0.839371 0.257455
vt 0.722397 0.273170
vt 0.728401 0.257204
vt 0.844534 0.273747
vt 0.705434 0.814100
vt 0.825917 0.829767
vt 0.707169 0.830294
vt 0.831721 0.813691
vt 0.825917 0.829767
vt 0.705434 0.814100
vt 0.753926 0.868065
vt 0.737863 0.991042
vt 0.737838 0.866695
vt 0.753929 0.993707
vt 0.737863 0.991042
vt 0.753926 0.868065
vt 0.054397 0.162600
vt 0.038353 0.285842
vt 0.038353 0.161031
vt 0.054397 0.287658
vt 0.038353 0.285842
vt 0.054397 0.162600
vt 0.429706 0.264245
vt 0.413531 0.375172
vt 0.414470 0.256429
vt 0.429576 0.373619
vt 0.413531 0.375172
vt 0.429706 0.264245
vt 0.145323 0.254967
vt 0.202072 0.271405
vt 0.149922 0.270220
vt 0.204390 0.255972
vt 0.202072 0.271405
vt 0.145323 0.254967
vt 0.368436 0.278808
vt 0.252041 0.263543
vt 0.360918 0.263499
vt 0.249053 0.279192
vt 0.252041 0.263543
vt 0.368436 0.278808
vt 0.839371 0.257455
vt 0.734311 0.241206
vt 0.834063 0.241212
vt 0.728401 0.257204
vt 0.734311 0.241206
vt 0.839371 0.257455
vt 0.707169 0.830294
vt 0.820118 0.845841
vt 0.708843 0.846495
vt 0.825917 0.829767
vt 0.820118 0.845841
vt 0.707169 0.830294
vt 0.737838 0.866695
vt 0.721794 0.988379
vt 0.721748 0.865327
vt 0.737863 0.991042
vt 0.721794 0.988379
vt 0.737838 0.866695
vt 0.038353 0.161031
vt 0.022307 0.284027
vt 0.022306 0.159463
vt 0.038353 0.285842
vt 0.022307 0.284027
vt 0.038353 0.161031
vt 0.414470 0.256429
vt 0.397483 0.376723
vt 0.399230 0.248620
vt 0.413531 0.375172
vt 0.397483 0.376723
vt 0.414470 0.256429
vt 0.149922 0.270220
vt 0.200870 0.288412
vt 0.151589 0.287239
vt 0.202072 0.271405
vt 0.200870 0.288412
vt 0.149922 0.270220
vt 0.360918 0.263499
vt 0.253316 0.246490
vt 0.357842 0.246490
vt 0.252041 0.263543
vt 0.253316 0.246490
vt 0.360918 0.263499
vt 0.834063 0.241212
vt 0.736665 0.224082
vt 0.831718 0.224082
vt 0.734311 0.241206
vt 0.736665 0.224082
vt 0.834063 0.241212
vt 0.708843 0.846495
vt 0.817783 0.862972
vt 0.709537 0.863640
vt 0.820118 0.845841
vt 0.817783 0.862972
vt 0.708843 0.846495
vt 0.721748 0.865327
vt 0.704671 0.987282
vt 0.704621 0.864765
vt 0.721794 0.988379
vt 0.704671 0.987282
vt 0.721748 0.865327
vt 0.022306 0.159463
vt 0.005187 0.283277
vt 0.005187 0.158815
vt 0.022307 0.284027
vt 0.005187 0.283277
vt 0.022306 0.159463
vt 0.399230 0.248620
vt 0.380358 0.377221
vt 0.382265 0.245247
vt 0.397483 0.376723
vt 0.380358 0.377221
vt 0.399230 0.248620
vt 0.315050 0.195350
vt 0.363134 0.194499
vt 0.352357 0.215314
vt 0.306371 0.169282
vt 0.363134 0.194499
vt 0.315050 0.195350
vt 0.833668 0.568508
vt 0.848775 0.690072
vt 0.833406 0.684450
vt 0.849263 0.566690
vt 0.848775 0.690072
vt 0.833668 0.568508
vt 0.752779 0.566685
vt 0.768640 0.684469
vt 0.753267 0.690085
vt 0.768378 0.568502
vt 0.768640 0.684469
vt 0.752779 0.566685
vt 0.801020 0.571072
vt 0.818033 0.678834
vt 0.801019 0.676510
vt 0.818069 0.570325
vt 0.818033 0.678834
vt 0.801020 0.571072
vt 0.849263 0.566690
vt 0.865780 0.692448
vt 0.848775 0.690072
vt 0.866311 0.565976
vt 0.865780 0.692448
vt 0.849263 0.566690
vt 0.735728 0.565976
vt 0.753267 0.690085
vt 0.736259 0.692448
vt 0.752779 0.566685
vt 0.753267 0.690085
vt 0.735728 0.565976
vt 0.768378 0.568502
vt 0.784010 0.678847
vt 0.768640 0.684469
vt 0.783974 0.570321
vt 0.784010 0.678847
vt 0.768378 0.568502
vt 0.818069 0.570325
vt 0.833406 0.684450
vt 0.818033 0.678834
vt 0.833668 0.568508
vt 0.833406 0.684450
vt 0.818069 0.570325
vt 0.305866 0.208624
vt 0.338308 0.231291
vt 0.317846 0.242449
vt 0.312900 0.204987
vt 0.338308 0.231291
vt 0.305866 0.208624
vt 0.290635 0.206094
vt 0.290329 0.245365
vt 0.266146 0.231480
vt 0.298082 0.208608
vt 0.290329 0.245365
vt 0.290635 0.206094
vt 0.289444 0.189857
vt 0.252400 0.212729
vt 0.246363 0.192410
vt 0.286463 0.199771
vt 0.252400 0.212729
vt 0.289444 0.189857
vt 0.312900 0.204987
vt 0.352357 0.215314
vt 0.338308 0.231291
vt 0.315050 0.195350
vt 0.352357 0.215314
vt 0.312900 0.204987
vt 0.298082 0.208608
vt 0.317846 0.242449
vt 0.290329 0.245365
vt 0.305866 0.208624
vt 0.317846 0.242449
vt 0.298082 0.208608
vt 0.286463 0.199771
vt 0.266146 0.231480
vt 0.252400 0.212729
vt 0.290635 0.206094
vt 0.266146 0.231480
vt 0.286463 0.199771
vt 0.306371 0.169282
vt 0.246363 0.192410
vt 0.244989 0.169282
vt 0.289444 0.189857
vt 0.246363 0.192410
vt 0.306371 0.169282
vt 0.555765 0.716367
vt 0.535184 0.699324
vt 0.550791 0.699324
vt 0.527182 0.716367
vt 0.535184 0.699324
vt 0.555765 0.716367
vt 0.498599 0.716367
vt 0.473077 0.700765
vt 0.490126 0.700765
vt 0.467376 0.716367
vt 0.473077 0.700765
vt 0.498599 0.716367
vt 0.436152 0.716367
vt 0.415571 0.699324
vt 0.431178 0.699324
vt 0.407569 0.716367
vt 0.415571 0.699324
vt 0.436152 0.716367
vt 0.378987 0.716367
vt 0.353464 0.700765
vt 0.370513 0.700765
vt 0.347763 0.716367
vt 0.353464 0.700765
vt 0.378987 0.716367
vt 0.586989 0.716367
vt 0.564238 0.700765
vt 0.581287 0.700765
vt 0.555765 0.716367
vt 0.564238 0.700765
vt 0.586989 0.716367
vt 0.527182 0.716367
vt 0.503573 0.699324
vt 0.519180 0.699324
vt 0.498599 0.716367
vt 0.503573 0.699324
vt 0.527182 0.716367
vt 0.467376 0.716367
vt 0.444625 0.700765
vt 0.461674 0.700765
vt 0.436152 0.716367
vt 0.444625 0.700765
vt 0.467376 0.716367
vt 0.407569 0.716367
vt 0.383961 0.699324
vt 0.399567 0.699324
vt 0.378987 0.716367
vt 0.383961 0.699324
vt 0.407569 0.716367
vt 0.407569 0.759598
vt 0.378987 0.716367
vt 0.407569 0.716367
vt 0.378987 0.759598
vt 0.378987 0.716367
vt 0.407569 0.759598
vt 0.555765 0.759598
vt 0.527182 0.716367
vt 0.555765 0.716367
vt 0.527182 0.759598
vt 0.527182 0.716367
vt 0.555765 0.759598
vt 0.498599 0.759598
vt 0.467376 0.716367
vt 0.498599 0.716367
vt 0.467376 0.759598
vt 0.467376 0.716367
vt 0.498599 0.759598
vt 0.436152 0.759598
vt 0.407569 0.716367
vt 0.436152 0.716367
vt 0.407569 0.759598
vt 0.407569 0.716367
vt 0.436152 0.759598
vt 0.378987 0.759598
vt 0.347763 0.716367
vt 0.378987 0.716367
vt 0.347763 0.759598
vt 0.347763 0.716367
vt 0.378987 0.759598
vt 0.586989 0.759598
vt 0.555765 0.716367
vt 0.586989 0.716367
vt 0.555765 0.759598
vt 0.555765 0.716367
vt 0.586989 0.759598
vt 0.527182 0.759598
vt 0.498599 0.716367
vt 0.527182 0.716367
vt 0.498599 0.759598
vt 0.498599 0.716367
vt 0.527182 0.759598
vt 0.467376 0.759598
vt 0.436152 0.716367
vt 0.467376 0.716367
vt 0.436152 0.759598
vt 0.436152 0.716367
vt 0.467376 0.759598
vt 0.005187 0.397407
vt 0.078893 0.524976
vt 0.047670 0.524976
vt 0.142029 0.397407
vt 0.078893 0.524976
vt 0.005187 0.397407
vt 0.267298 0.397407
vt 0.355505 0.534834
vt 0.326922 0.534834
vt 0.392567 0.397407
vt 0.355505 0.534834
vt 0.267298 0.397407
vt 0.005187 0.555021
vt 0.078894 0.682590
vt 0.047670 0.682590
vt 0.142030 0.555021
vt 0.078894 0.682590
vt 0.005187 0.555021
vt 0.267299 0.555021
vt 0.355506 0.692448
vt 0.326923 0.692448
vt 0.392568 0.555020
vt 0.355506 0.692448
vt 0.267299 0.555021
vt 0.142029 0.397407
vt 0.207674 0.534835
vt 0.179091 0.534835
vt 0.267298 0.397407
vt 0.207674 0.534835
vt 0.142029 0.397407
vt 0.392567 0.397407
vt 0.486927 0.524976
vt 0.455703 0.524976
vt 0.529410 0.397407
vt 0.486927 0.524976
vt 0.392567 0.397407
vt 0.142030 0.555021
vt 0.207675 0.692448
vt 0.179092 0.692448
vt 0.267299 0.555021
vt 0.207675 0.692448
vt 0.142030 0.555021
vt 0.392568 0.555020
vt 0.486927 0.682588
vt 0.455704 0.682588
vt 0.529410 0.555020
vt 0.486927 0.682588
vt 0.392568 0.555020
vt 0.142030 0.535960
vt 0.267299 0.555021
vt 0.142030 0.555021
vt 0.267299 0.535960
vt 0.267299 0.555021
vt 0.142030 0.535960
vt 0.392568 0.535960
vt 0.529410 0.555020
vt 0.392568 0.555020
vt 0.529410 0.535960
vt 0.529410 0.555020
vt 0.392568 0.535960
vt 0.005187 0.378347
vt 0.142029 0.397407
vt 0.005187 0.397407
vt 0.142029 0.378347
vt 0.142029 0.397407
vt 0.005187 0.378347
vt 0.267298 0.378347
vt 0.392567 0.397407
vt 0.267298 0.397407
vt 0.392567 0.378347
vt 0.392567 0.397407
vt 0.267298 0.378347
vt 0.005187 0.535960
vt 0.142030 0.555021
vt 0.005187 0.555021
vt 0.142030 0.535960
vt 0.142030 0.555021
vt 0.005187 0.535960
vt 0.267299 0.535960
vt 0.392568 0.555020
vt 0.267299 0.555021
vt 0.392568 0.535960
vt 0.392568 0.555020
vt 0.267299 0.535960
vt 0.142029 0.378347
vt 0.267298 0.397407
vt 0.142029 0.397407
vt 0.267298 0.378347
vt 0.267298 0.397407
vt 0.142029 0.378347
vt 0.392567 0.378347
vt 0.529410 0.397407
vt 0.392567 0.397407
vt 0.529410 0.378347
vt 0.529410 0.397407
vt 0.392567 0.378347
vt 0.257713 0.994814
vt 0.335554 0.781805
vt 0.346638 0.906583
vt 0.230954 0.693574
vt 0.257713 0.994814
vt 0.120870 0.994814
vt 0.094111 0.693574
vt 0.120870 0.994814
vt 0.016271 0.906582
vt 0.094111 0.693574
vt 0.016271 0.906582
vt 0.005187 0.781804
vt 0.120870 0.994814
vt 0.094111 0.693574
vt 0.230954 0.693574
vt 0.257713 0.994814
vt 0.230954 0.693574
vt 0.335554 0.781805
vt 0.828881 0.482746
vt 0.851747 0.358735
vt 0.845450 0.487255
vt 0.834587 0.360903
vt 0.851747 0.358735
vt 0.828881 0.482746
vt 0.815660 0.473099
vt 0.834587 0.360903
vt 0.828881 0.482746
vt 0.818721 0.367346
vt 0.834587 0.360903
vt 0.815660 0.473099
vt 0.802443 0.463448
vt 0.818721 0.367346
vt 0.815660 0.473099
vt 0.802855 0.373789
vt 0.818721 0.367346
vt 0.802443 0.463448
vt 0.785760 0.459393
vt 0.802855 0.373789
vt 0.802443 0.463448
vt 0.785758 0.376408
vt 0.802855 0.373789
vt 0.785760 0.459393
vt 0.769068 0.463425
vt 0.785758 0.376408
vt 0.785760 0.459393
vt 0.768657 0.373805
vt 0.785758 0.376408
vt 0.769068 0.463425
vt 0.755843 0.473068
vt 0.768657 0.373805
vt 0.769068 0.463425
vt 0.752788 0.367369
vt 0.768657 0.373805
vt 0.755843 0.473068
vt 0.783974 0.570321
vt 0.801019 0.676510
vt 0.784010 0.678847
vt 0.801020 0.571072
vt 0.801019 0.676510
vt 0.783974 0.570321
vt 0.742630 0.482724
vt 0.752788 0.367369
vt 0.755843 0.473068
vt 0.736925 0.360919
vt 0.752788 0.367369
vt 0.742630 0.482724
vt 0.726069 0.487255
vt 0.736925 0.360919
vt 0.742630 0.482724
vt 0.719767 0.358735
vt 0.736925 0.360919
vt 0.726069 0.487255
vt 0.153124 0.158489
vt 0.203214 0.175519
vt 0.151066 0.175464
vt 0.202419 0.158489
vt 0.203214 0.175519
vt 0.153124 0.158489
vt 0.358653 0.375932
vt 0.252749 0.360178
vt 0.361622 0.358902
vt 0.254135 0.377221
vt 0.252749 0.360178
vt 0.358653 0.375932
vt 0.830988 0.357609
vt 0.733535 0.339496
vt 0.833158 0.340454
vt 0.735940 0.356614
vt 0.733535 0.339496
vt 0.830988 0.357609
vt 0.709120 0.730257
vt 0.819821 0.747374
vt 0.708386 0.747398
vt 0.817368 0.730257
vt 0.819821 0.747374
vt 0.709120 0.730257
vt 0.837480 0.864765
vt 0.820309 0.988385
vt 0.820355 0.865330
vt 0.837430 0.987282
vt 0.820309 0.988385
vt 0.837480 0.864765
vt 0.137841 0.158815
vt 0.120723 0.284031
vt 0.120724 0.159467
vt 0.137841 0.283277
vt 0.120723 0.284031
vt 0.137841 0.158815
vt 0.511122 0.245247
vt 0.495908 0.376719
vt 0.494161 0.248638
vt 0.513030 0.377221
vt 0.495908 0.376719
vt 0.511122 0.245247
vt 0.151066 0.175464
vt 0.205162 0.191004
vt 0.146110 0.190604
vt 0.203214 0.175519
vt 0.205162 0.191004
vt 0.151066 0.175464
vt 0.361622 0.358902
vt 0.249604 0.344561
vt 0.368987 0.343517
vt 0.252749 0.360178
vt 0.249604 0.344561
vt 0.361622 0.358902
vt 0.833158 0.340454
vt 0.727715 0.323462
vt 0.838508 0.324222
vt 0.733535 0.339496
vt 0.727715 0.323462
vt 0.833158 0.340454
vt 0.708386 0.747398
vt 0.825725 0.763413
vt 0.706753 0.763601
vt 0.819821 0.747374
vt 0.825725 0.763413
vt 0.708386 0.747398
vt 0.820355 0.865330
vt 0.804242 0.991051
vt 0.804268 0.866700
vt 0.820309 0.988385
vt 0.804242 0.991051
vt 0.820355 0.865330
vt 0.120724 0.159467
vt 0.104680 0.285848
vt 0.104680 0.161036
vt 0.120723 0.284031
vt 0.104680 0.285848
vt 0.120724 0.159467
vt 0.494161 0.248638
vt 0.479863 0.375166
vt 0.478925 0.256455
vt 0.495908 0.376719
vt 0.479863 0.375166
vt 0.494161 0.248638
vt 0.146110 0.190604
vt 0.207111 0.206489
vt 0.141149 0.205743
vt 0.205162 0.191004
vt 0.207111 0.206489
vt 0.146110 0.190604
vt 0.368987 0.343517
vt 0.246418 0.328951
vt 0.376311 0.328114
vt 0.249604 0.344561
vt 0.246418 0.328951
vt 0.368987 0.343517
vt 0.838508 0.324222
vt 0.721990 0.307396
vt 0.844003 0.308042
vt 0.727715 0.323462
vt 0.721990 0.307396
vt 0.838508 0.324222
vt 0.706753 0.763601
vt 0.831625 0.779450
vt 0.705181 0.779813
vt 0.825725 0.763413
vt 0.831625 0.779450
vt 0.706753 0.763601
vt 0.804268 0.866700
vt 0.788174 0.993713
vt 0.788177 0.868069
vt 0.804242 0.991051
vt 0.788174 0.993713
vt 0.804268 0.866700
vt 0.104680 0.161036
vt 0.088634 0.287662
vt 0.088634 0.162603
vt 0.104680 0.285848
vt 0.088634 0.287662
vt 0.104680 0.161036
vt 0.478925 0.256455
vt 0.463815 0.373616
vt 0.463685 0.264263
vt 0.479863 0.375166
vt 0.463815 0.373616
vt 0.478925 0.256455
vt 0.141149 0.205743
vt 0.207799 0.223524
vt 0.138967 0.222704
vt 0.207111 0.206489
vt 0.207799 0.223524
vt 0.141149 0.205743
vt 0.376311 0.328114
vt 0.244989 0.311911
vt 0.379233 0.311079
vt 0.246418 0.328951
vt 0.244989 0.311911
vt 0.376311 0.328114
vt 0.844003 0.308042
vt 0.719767 0.290255
vt 0.846479 0.290930
vt 0.721990 0.307396
vt 0.719767 0.290255
vt 0.844003 0.308042
vt 0.705181 0.779813
vt 0.834095 0.796563
vt 0.704621 0.796963
vt 0.831625 0.779450
vt 0.834095 0.796563
vt 0.705181 0.779813
vt 0.788177 0.868069
vt 0.771050 0.994814
vt 0.771050 0.868634
vt 0.788174 0.993713
vt 0.771050 0.994814
vt 0.788177 0.868069
vt 0.088634 0.162603
vt 0.071514 0.288412
vt 0.071514 0.163251
vt 0.088634 0.287662
vt 0.071514 0.288412
vt 0.088634 0.162603
vt 0.463685 0.264263
vt 0.446694 0.372988
vt 0.446693 0.267503
vt 0.463815 0.373616
vt 0.446694 0.372988
vt 0.463685 0.264263
vt 0.138967 0.222704
vt 0.206707 0.240538
vt 0.140730 0.239713
vt 0.207799 0.223524
vt 0.206707 0.240538
vt 0.138967 0.222704
vt 0.379233 0.311079
vt 0.246107 0.294847
vt 0.375997 0.294098
vt 0.244989 0.311911
vt 0.246107 0.294847
vt 0.379233 0.311079
vt 0.846479 0.290930
vt 0.722397 0.273170
vt 0.844534 0.273747
vt 0.719767 0.290255
vt 0.722397 0.273170
vt 0.846479 0.290930
vt 0.704621 0.796963
vt 0.831721 0.813691
vt 0.705434 0.814100
vt 0.834095 0.796563
vt 0.831721 0.813691
vt 0.704621 0.796963
vt 0.771050 0.868634
vt 0.753929 0.993707
vt 0.753926 0.868065
vt 0.771050 0.994814
vt 0.753929 0.993707
vt 0.771050 0.868634
vt 0.071514 0.163251
vt 0.054397 0.287658
vt 0.054397 0.162600
vt 0.071514 0.288412
vt 0.054397 0.287658
vt 0.071514 0.163251
vt 0.446693 0.267503
vt 0.429576 0.373619
vt 0.429706 0.264245
vt 0.446694 0.372988
vt 0.429576 0.373619
vt 0.446693 0.267503
vt 0.140730 0.239713
vt 0.204390 0.255972
vt 0.145323 0.254967
vt 0.206707 0.240538
vt 0.204390 0.255972
vt 0.140730 0.239713
vt 0.375997 0.294098
vt 0.249053 0.279192
vt 0.368436 0.278808
vt 0.246107 0.294847
vt 0.249053 0.279192
vt 0.375997 0.294098
vt 0.844534 0.273747
vt 0.728401 0.257204
vt 0.839371 0.257455
vt 0.722397 0.273170
vt 0.728401 0.257204
vt 0.844534 0.273747
vt 0.705434 0.814100
vt 0.825917 0.829767
vt 0.707169 0.830294
vt 0.831721 0.813691
vt 0.825917 0.829767
vt 0.705434 0.814100
vt 0.753926 0.868065
vt 0.737863 0.991042
vt 0.737838 0.866695
vt 0.753929 0.993707
vt 0.737863 0.991042
vt 0.753926 0.868065
vt 0.054397 0.162600
vt 0.038353 0.285842
vt 0.038353 0.161031
vt 0.054397 0.287658
vt 0.038353 0.285842
vt 0.054397 0.162600
vt 0.429706 0.264245
vt 0.413531 0.375172
vt 0.414470 0.256429
vt 0.429576 0.373619
vt 0.413531 0.375172
vt 0.429706 0.264245
vt 0.145323 0.254967
vt 0.202072 0.271405
vt 0.149922 0.270220
vt 0.204390 0.255972
vt 0.202072 0.271405
vt 0.145323 0.254967
vt 0.368436 0.278808
vt 0.252041 0.263543
vt 0.360918 0.263499
vt 0.249053 0.279192
vt 0.252041 0.263543
vt 0.368436 0.278808
vt 0.839371 0.257455
vt 0.734311 0.241206
vt 0.834063 0.241212
vt 0.728401 0.257204
vt 0.734311 0.241206
vt 0.839371 0.257455
vt 0.707169 0.830294
vt 0.820118 0.845841
vt 0.708843 0.846495
vt 0.825917 0.829767
vt 0.820118 0.845841
vt 0.707169 0.830294
vt 0.737838 0.866695
vt 0.721794 0.988379
vt 0.721748 0.865327
vt 0.737863 0.991042
vt 0.721794 0.988379
vt 0.737838 0.866695
vt 0.038353 0.161031
vt 0.022307 0.284027
vt 0.022306 0.159463
vt 0.038353 0.285842
vt 0.022307 0.284027
vt 0.038353 0.161031
vt 0.414470 0.256429
vt 0.397483 0.376723
vt 0.399230 0.248620
vt 0.413531 0.375172
vt 0.397483 0.376723
vt 0.414470 0.256429
vt 0.149922 0.270220
vt 0.200870 0.288412
vt 0.151589 0.287239
vt 0.202072 0.271405
vt 0.200870 0.288412
vt 0.149922 0.270220
vt 0.360918 0.263499
vt 0.253316 0.246490
vt 0.357842 0.246490
vt 0.252041 0.263543
vt 0.253316 0.246490
vt 0.360918 0.263499
vt 0.834063 0.241212
vt 0.736665 0.224082
vt 0.831718 0.224082
vt 0.734311 0.241206
vt 0.736665 0.224082
vt 0.834063 0.241212
vt 0.708843 0.846495
vt 0.817783 0.862972
vt 0.709537 0.863640
vt 0.820118 0.845841
vt 0.817783 0.862972
vt 0.708843 0.846495
vt 0.721748 0.865327
vt 0.704671 0.987282
vt 0.704621 0.864765
vt 0.721794 0.988379
vt 0.704671 0.987282
vt 0.721748 0.865327
vt 0.022306 0.159463
vt 0.005187 0.283277
vt 0.005187 0.158815
vt 0.022307 0.284027
vt 0.005187 0.283277
vt 0.022306 0.159463
vt 0.399230 0.248620
vt 0.380358 0.377221
vt 0.382265 0.245247
vt 0.397483 0.376723
vt 0.380358 0.377221
vt 0.399230 0.248620
vt 0.315050 0.195350
vt 0.363134 0.194499
vt 0.352357 0.215314
vt 0.306371 0.169282
vt 0.363134 0.194499
vt 0.315050 0.195350
vt 0.833668 0.568508
vt 0.848775 0.690072
vt 0.833406 0.684450
vt 0.849263 0.566690
vt 0.848775 0.690072
vt 0.833668 0.568508
vt 0.752779 0.566685
vt 0.768640 0.684469
vt 0.753267 0.690085
vt 0.768378 0.568502
vt 0.768640 0.684469
vt 0.752779 0.566685
vt 0.801020 0.571072
vt 0.818033 0.678834
vt 0.801019 0.676510
vt 0.818069 0.570325
vt 0.818033 0.678834
vt 0.801020 0.571072
vt 0.849263 0.566690
vt 0.865780 0.692448
vt 0.848775 0.690072
vt 0.866311 0.565976
vt 0.865780 0.692448
vt 0.849263 0.566690
vt 0.735728 0.565976
vt 0.753267 0.690085
vt 0.736259 0.692448
vt 0.752779 0.566685
vt 0.753267 0.690085
vt 0.735728 0.565976
vt 0.768378 0.568502
vt 0.784010 0.678847
vt 0.768640 0.684469
vt 0.783974 0.570321
vt 0.784010 0.678847
vt 0.768378 0.568502
vt 0.818069 0.570325
vt 0.833406 0.684450
vt 0.818033 0.678834
vt 0.833668 0.568508
vt 0.833406 0.684450
vt 0.818069 0.570325
vt 0.305866 0.208624
vt 0.338308 0.231291
vt 0.317846 0.242449
vt 0.312900 0.204987
vt 0.338308 0.231291
vt 0.305866 0.208624
vt 0.290635 0.206094
vt 0.290329 0.245365
vt 0.266146 0.231480
vt 0.298082 0.208608
vt 0.290329 0.245365
vt 0.290635 0.206094
vt 0.289444 0.189857
vt 0.252400 0.212729
vt 0.246363 0.192410
vt 0.286463 0.199771
vt 0.252400 0.212729
vt 0.289444 0.189857
vt 0.312900 0.204987
vt 0.352357 0.215314
vt 0.338308 0.231291
vt 0.315050 0.195350
vt 0.352357 0.215314
vt 0.312900 0.204987
vt 0.298082 0.208608
vt 0.317846 0.242449
vt 0.290329 0.245365
vt 0.305866 0.208624
vt 0.317846 0.242449
vt 0.298082 0.208608
vt 0.286463 0.199771
vt 0.266146 0.231480
vt 0.252400 0.212729
vt 0.290635 0.206094
vt 0.266146 0.231480
vt 0.286463 0.199771
vt 0.306371 0.169282
vt 0.246363 0.192410
vt 0.244989 0.169282
vt 0.289444 0.189857
vt 0.246363 0.192410
vt 0.306371 0.169282
vt 0.555765 0.716367
vt 0.535184 0.699324
vt 0.550791 0.699324
vt 0.527182 0.716367
vt 0.535184 0.699324
vt 0.555765 0.716367
vt 0.498599 0.716367
vt 0.473077 0.700765
vt 0.490126 0.700765
vt 0.467376 0.716367
vt 0.473077 0.700765
vt 0.498599 0.716367
vt 0.436152 0.716367
vt 0.415571 0.699324
vt 0.431178 0.699324
vt 0.407569 0.716367
vt 0.415571 0.699324
vt 0.436152 0.716367
vt 0.378987 0.716367
vt 0.353464 0.700765
vt 0.370513 0.700765
vt 0.347763 0.716367
vt 0.353464 0.700765
vt 0.378987 0.716367
vt 0.586989 0.716367
vt 0.564238 0.700765
vt 0.581287 0.700765
vt 0.555765 0.716367
vt 0.564238 0.700765
vt 0.586989 0.716367
vt 0.527182 0.716367
vt 0.503573 0.699324
vt 0.519180 0.699324
vt 0.498599 0.716367
vt 0.503573 0.699324
vt 0.527182 0.716367
vt 0.467376 0.716367
vt 0.444625 0.700765
vt 0.461674 0.700765
vt 0.436152 0.716367
vt 0.444625 0.700765
vt 0.467376 0.716367
vt 0.407569 0.716367
vt 0.383961 0.699324
vt 0.399567 0.699324
vt 0.378987 0.716367
vt 0.383961 0.699324
vt 0.407569 0.716367
vt 0.407569 0.759598
vt 0.378987 0.716367
vt 0.407569 0.716367
vt 0.378987 0.759598
vt 0.378987 0.716367
vt 0.407569 0.759598
vt 0.555765 0.759598
vt 0.527182 0.716367
vt 0.555765 0.716367
vt 0.527182 0.759598
vt 0.527182 0.716367
vt 0.555765 0.759598
vt 0.498599 0.759598
vt 0.467376 0.716367
vt 0.498599 0.716367
vt 0.467376 0.759598
vt 0.467376 0.716367
vt 0.498599 0.759598
vt 0.436152 0.759598
vt 0.407569 0.716367
vt 0.436152 0.716367
vt 0.407569 0.759598
vt 0.407569 0.716367
vt 0.436152 0.759598
vt 0.378987 0.759598
vt 0.347763 0.716367
vt 0.378987 0.716367
vt 0.347763 0.759598
vt 0.347763 0.716367
vt 0.378987 0.759598
vt 0.586989 0.759598
vt 0.555765 0.716367
vt 0.586989 0.716367
vt 0.555765 0.759598
vt 0.555765 0.716367
vt 0.586989 0.759598
vt 0.527182 0.759598
vt 0.498599 0.716367
vt 0.527182 0.716367
vt 0.498599 0.759598
vt 0.498599 0.716367
vt 0.527182 0.759598
vt 0.467376 0.759598
vt 0.436152 0.716367
vt 0.467376 0.716367
vt 0.436152 0.759598
vt 0.436152 0.716367
vt 0.467376 0.759598
vt 0.005187 0.397407
vt 0.078893 0.524976
vt 0.047670 0.524976
vt 0.142029 0.397407
vt 0.078893 0.524976
vt 0.005187 0.397407
vt 0.267298 0.397407
vt 0.355505 0.534834
vt 0.326922 0.534834
vt 0.392567 0.397407
vt 0.355505 0.534834
vt 0.267298 0.397407
vt 0.005187 0.555021
vt 0.078894 0.682590
vt 0.047670 0.682590
vt 0.142030 0.555021
vt 0.078894 0.682590
vt 0.005187 0.555021
vt 0.267299 0.555021
vt 0.355506 0.692448
vt 0.326923 0.692448
vt 0.392568 0.555020
vt 0.355506 0.692448
vt 0.267299 0.555021
vt 0.142029 0.397407
vt 0.207674 0.534835
vt 0.179091 0.534835
vt 0.267298 0.397407
vt 0.207674 0.534835
vt 0.142029 0.397407
vt 0.392567 0.397407
vt 0.486927 0.524976
vt 0.455703 0.524976
vt 0.529410 0.397407
vt 0.486927 0.524976
vt 0.392567 0.397407
vt 0.142030 0.555021
vt 0.207675 0.692448
vt 0.179092 0.692448
vt 0.267299 0.555021
vt 0.207675 0.692448
vt 0.142030 0.555021
vt 0.392568 0.555020
vt 0.486927 0.682588
vt 0.455704 0.682588
vt 0.529410 0.555020
vt 0.486927 0.682588
vt 0.392568 0.555020
vt 0.142030 0.535960
vt 0.267299 0.555021
vt 0.142030 0.555021
vt 0.267299 0.535960
vt 0.267299 0.555021
vt 0.142030 0.535960
vt 0.392568 0.535960
vt 0.529410 0.555020
vt 0.392568 0.555020
vt 0.529410 0.535960
vt 0.529410 0.555020
vt 0.392568 0.535960
vt 0.005187 0.378347
vt 0.142029 0.397407
vt 0.005187 0.397407
vt 0.142029 0.378347
vt 0.142029 0.397407
vt 0.005187 0.378347
vt 0.267298 0.378347
vt 0.392567 0.397407
vt 0.267298 0.397407
vt 0.392567 0.378347
vt 0.392567 0.397407
vt 0.267298 0.378347
vt 0.005187 0.535960
vt 0.142030 0.555021
vt 0.005187 0.555021
vt 0.142030 0.535960
vt 0.142030 0.555021
vt 0.005187 0.535960
vt 0.267299 0.535960
vt 0.392568 0.555020
vt 0.267299 0.555021
vt 0.392568 0.535960
vt 0.392568 0.555020
vt 0.267299 0.535960
vt 0.142029 0.378347
vt 0.267298 0.397407
vt 0.142029 0.397407
vt 0.267298 0.378347
vt 0.267298 0.397407
vt 0.142029 0.378347
vt 0.392567 0.378347
vt 0.529410 0.397407
vt 0.392567 0.397407
vt 0.529410 0.378347
vt 0.529410 0.397407
vt 0.392567 0.378347
vt 0.257713 0.994814
vt 0.335554 0.781805
vt 0.346638 0.906583
vt 0.230954 0.693574
vt 0.257713 0.994814
vt 0.120870 0.994814
vt 0.094111 0.693574
vt 0.120870 0.994814
vt 0.016271 0.906582
vt 0.094111 0.693574
vt 0.016271 0.906582
vt 0.005187 0.781804
vt 0.120870 0.994814
vt 0.094111 0.693574
vt 0.230954 0.693574
vt 0.257713 0.994814
vt 0.230954 0.693574
vt 0.335554 0.781805
vt 0.828881 0.482746
vt 0.851747 0.358735
vt 0.845450 0.487255
vt 0.834587 0.360903
vt 0.851747 0.358735
vt 0.828881 0.482746
vt 0.815660 0.473099
vt 0.834587 0.360903
vt 0.828881 0.482746
vt 0.818721 0.367346
vt 0.834587 0.360903
vt 0.815660 0.473099
vt 0.802443 0.463448
vt 0.818721 0.367346
vt 0.815660 0.473099
vt 0.802855 0.373789
vt 0.818721 0.367346
vt 0.802443 0.463448
vt 0.785760 0.459393
vt 0.802855 0.373789
vt 0.802443 0.463448
vt 0.785758 0.376408
vt 0.802855 0.373789
vt 0.785760 0.459393
vt 0.769068 0.463425
vt 0.785758 0.376408
vt 0.785760 0.459393
vt 0.768657 0.373805
vt 0.785758 0.376408
vt 0.769068 0.463425
vt 0.755843 0.473068
vt 0.768657 0.373805
vt 0.769068 0.463425
vt 0.752788 0.367369
vt 0.768657 0.373805
vt 0.755843 0.473068
vt 0.783974 0.570321
vt 0.801019 0.676510
vt 0.784010 0.678847
vt 0.801020 0.571072
vt 0.801019 0.676510
vt 0.783974 0.570321
vt 0.742630 0.482724
vt 0.752788 0.367369
vt 0.755843 0.473068
vt 0.736925 0.360919
vt 0.752788 0.367369
vt 0.742630 0.482724
vt 0.726069 0.487255
vt 0.736925 0.360919
vt 0.742630 0.482724
vt 0.719767 0.358735
vt 0.736925 0.360919
vt 0.726069 0.487255
vt 0.153124 0.158489
vt 0.203214 0.175519
vt 0.151066 0.175464
vt 0.202419 0.158489
vt 0.203214 0.175519
vt 0.153124 0.158489
vt 0.358653 0.375932
vt 0.252749 0.360178
vt 0.361622 0.358902
vt 0.254135 0.377221
vt 0.252749 0.360178
vt 0.358653 0.375932
vt 0.830988 0.357609
vt 0.733535 0.339496
vt 0.833158 0.340454
vt 0.735940 0.356614
vt 0.733535 0.339496
vt 0.830988 0.357609
vt 0.709120 0.730257
vt 0.819821 0.747374
vt 0.708386 0.747398
vt 0.817368 0.730257
vt 0.819821 0.747374
vt 0.709120 0.730257
vt 0.837480 0.864765
vt 0.820309 0.988385
vt 0.820355 0.865330
vt 0.837430 0.987282
vt 0.820309 0.988385
vt 0.837480 0.864765
vt 0.137841 0.158815
vt 0.120723 0.284031
vt 0.120724 0.159467
vt 0.137841 0.283277
vt 0.120723 0.284031
vt 0.137841 0.158815
vt 0.511122 0.245247
vt 0.495908 0.376719
vt 0.494161 0.248638
vt 0.513030 0.377221
vt 0.495908 0.376719
vt 0.511122 0.245247
vt 0.151066 0.175464
vt 0.205162 0.191004
vt 0.146110 0.190604
vt 0.203214 0.175519
vt 0.205162 0.191004
vt 0.151066 0.175464
vt 0.361622 0.358902
vt 0.249604 0.344561
vt 0.368987 0.343517
vt 0.252749 0.360178
vt 0.249604 0.344561
vt 0.361622 0.358902
vt 0.833158 0.340454
vt 0.727715 0.323462
vt 0.838508 0.324222
vt 0.733535 0.339496
vt 0.727715 0.323462
vt 0.833158 0.340454
vt 0.708386 0.747398
vt 0.825725 0.763413
vt 0.706753 0.763601
vt 0.819821 0.747374
vt 0.825725 0.763413
vt 0.708386 0.747398
vt 0.820355 0.865330
vt 0.804242 0.991051
vt 0.804268 0.866700
vt 0.820309 0.988385
vt 0.804242 0.991051
vt 0.820355 0.865330
vt 0.120724 0.159467
vt 0.104680 0.285848
vt 0.104680 0.161036
vt 0.120723 0.284031
vt 0.104680 0.285848
vt 0.120724 0.159467
vt 0.494161 0.248638
vt 0.479863 0.375166
vt 0.478925 0.256455
vt 0.495908 0.376719
vt 0.479863 0.375166
vt 0.494161 0.248638
vt 0.146110 0.190604
vt 0.207111 0.206489
vt 0.141149 0.205743
vt 0.205162 0.191004
vt 0.207111 0.206489
vt 0.146110 0.190604
vt 0.368987 0.343517
vt 0.246418 0.328951
vt 0.376311 0.328114
vt 0.249604 0.344561
vt 0.246418 0.328951
vt 0.368987 0.343517
vt 0.838508 0.324222
vt 0.721990 0.307396
vt 0.844003 0.308042
vt 0.727715 0.323462
vt 0.721990 0.307396
vt 0.838508 0.324222
vt 0.706753 0.763601
vt 0.831625 0.779450
vt 0.705181 0.779813
vt 0.825725 0.763413
vt 0.831625 0.779450
vt 0.706753 0.763601
vt 0.804268 0.866700
vt 0.788174 0.993713
vt 0.788177 0.868069
vt 0.804242 0.991051
vt 0.788174 0.993713
vt 0.804268 0.866700
vt 0.104680 0.161036
vt 0.088634 0.287662
vt 0.088634 0.162603
vt 0.104680 0.285848
vt 0.088634 0.287662
vt 0.104680 0.161036
vt 0.478925 0.256455
vt 0.463815 0.373616
vt 0.463685 0.264263
vt 0.479863 0.375166
vt 0.463815 0.373616
vt 0.478925 0.256455
vt 0.141149 0.205743
vt 0.207799 0.223524
vt 0.138967 0.222704
vt 0.207111 0.206489
vt 0.207799 0.223524
vt 0.141149 0.205743
vt 0.376311 0.328114
vt 0.244989 0.311911
vt 0.379233 0.311079
vt 0.246418 0.328951
vt 0.244989 0.311911
vt 0.376311 0.328114
vt 0.844003 0.308042
vt 0.719767 0.290255
vt 0.846479 0.290930
vt 0.721990 0.307396
vt 0.719767 0.290255
vt 0.844003 0.308042
vt 0.705181 0.779813
vt 0.834095 0.796563
vt 0.704621 0.796963
vt 0.831625 0.779450
vt 0.834095 0.796563
vt 0.705181 0.779813
vt 0.788177 0.868069
vt 0.771050 0.994814
vt 0.771050 0.868634
vt 0.788174 0.993713
vt 0.771050 0.994814
vt 0.788177 0.868069
vt 0.088634 0.162603
vt 0.071514 0.288412
vt 0.071514 0.163251
vt 0.088634 0.287662
vt 0.071514 0.288412
vt 0.088634 0.162603
vt 0.463685 0.264263
vt 0.446694 0.372988
vt 0.446693 0.267503
vt 0.463815 0.373616
vt 0.446694 0.372988
vt 0.463685 0.264263
vt 0.138967 0.222704
vt 0.206707 0.240538
vt 0.140730 0.239713
vt 0.207799 0.223524
vt 0.206707 0.240538
vt 0.138967 0.222704
vt 0.379233 0.311079
vt 0.246107 0.294847
vt 0.375997 0.294098
vt 0.244989 0.311911
vt 0.246107 0.294847
vt 0.379233 0.311079
vt 0.846479 0.290930
vt 0.722397 0.273170
vt 0.844534 0.273747
vt 0.719767 0.290255
vt 0.722397 0.273170
vt 0.846479 0.290930
vt 0.704621 0.796963
vt 0.831721 0.813691
vt 0.705434 0.814100
vt 0.834095 0.796563
vt 0.831721 0.813691
vt 0.704621 0.796963
vt 0.771050 0.868634
vt 0.753929 0.993707
vt 0.753926 0.868065
vt 0.771050 0.994814
vt 0.753929 0.993707
vt 0.771050 0.868634
vt 0.071514 0.163251
vt 0.054397 0.287658
vt 0.054397 0.162600
vt 0.071514 0.288412
vt 0.054397 0.287658
vt 0.071514 0.163251
vt 0.446693 0.267503
vt 0.429576 0.373619
vt 0.429706 0.264245
vt 0.446694 0.372988
vt 0.429576 0.373619
vt 0.446693 0.267503
vt 0.140730 0.239713
vt 0.204390 0.255972
vt 0.145323 0.254967
vt 0.206707 0.240538
vt 0.204390 0.255972
vt 0.140730 0.239713
vt 0.375997 0.294098
vt 0.249053 0.279192
vt 0.368436 0.278808
vt 0.246107 0.294847
vt 0.249053 0.279192
vt 0.375997 0.294098
vt 0.844534 0.273747
vt 0.728401 0.257204
vt 0.839371 0.257455
vt 0.722397 0.273170
vt 0.728401 0.257204
vt 0.844534 0.273747
vt 0.705434 0.814100
vt 0.825917 0.829767
vt 0.707169 0.830294
vt 0.831721 0.813691
vt 0.825917 0.829767
vt 0.705434 0.814100
vt 0.753926 0.868065
vt 0.737863 0.991042
vt 0.737838 0.866695
vt 0.753929 0.993707
vt 0.737863 0.991042
vt 0.753926 0.868065
vt 0.054397 0.162600
vt 0.038353 0.285842
vt 0.038353 0.161031
vt 0.054397 0.287658
vt 0.038353 0.285842
vt 0.054397 0.162600
vt 0.429706 0.264245
vt 0.413531 0.375172
vt 0.414470 0.256429
vt 0.429576 0.373619
vt 0.413531 0.375172
vt 0.429706 0.264245
vt 0.145323 0.254967
vt 0.202072 0.271405
vt 0.149922 0.270220
vt 0.204390 0.255972
vt 0.202072 0.271405
vt 0.145323 0.254967
vt 0.368436 0.278808
vt 0.252041 0.263543
vt 0.360918 0.263499
vt 0.249053 0.279192
vt 0.252041 0.263543
vt 0.368436 0.278808
vt 0.839371 0.257455
vt 0.734311 0.241206
vt 0.834063 0.241212
vt 0.728401 0.257204
vt 0.734311 0.241206
vt 0.839371 0.257455
vt 0.707169 0.830294
vt 0.820118 0.845841
vt 0.708843 0.846495
vt 0.825917 0.829767
vt 0.820118 0.845841
vt 0.707169 0.830294
vt 0.737838 0.866695
vt 0.721794 0.988379
vt 0.721748 0.865327
vt 0.737863 0.991042
vt 0.721794 0.988379
vt 0.737838 0.866695
vt 0.038353 0.161031
vt 0.022307 0.284027
vt 0.022306 0.159463
vt 0.038353 0.285842
vt 0.022307 0.284027
vt 0.038353 0.161031
vt 0.414470 0.256429
vt 0.397483 0.376723
vt 0.399230 0.248620
vt 0.413531 0.375172
vt 0.397483 0.376723
vt 0.414470 0.256429
vt 0.149922 0.270220
vt 0.200870 0.288412
vt 0.151589 0.287239
vt 0.202072 0.271405
vt 0.200870 0.288412
vt 0.149922 0.270220
vt 0.360918 0.263499
vt 0.253316 0.246490
vt 0.357842 0.246490
vt 0.252041 0.263543
vt 0.253316 0.246490
vt 0.360918 0.263499
vt 0.834063 0.241212
vt 0.736665 0.224082
vt 0.831718 0.224082
vt 0.734311 0.241206
vt 0.736665 0.224082
vt 0.834063 0.241212
vt 0.708843 0.846495
vt 0.817783 0.862972
vt 0.709537 0.863640
vt 0.820118 0.845841
vt 0.817783 0.862972
vt 0.708843 0.846495
vt 0.721748 0.865327
vt 0.704671 0.987282
vt 0.704621 0.864765
vt 0.721794 0.988379
vt 0.704671 0.987282
vt 0.721748 0.865327
vt 0.022306 0.159463
vt 0.005187 0.283277
vt 0.005187 0.158815
vt 0.022307 0.284027
vt 0.005187 0.283277
vt 0.022306 0.159463
vt 0.399230 0.248620
vt 0.380358 0.377221
vt 0.382265 0.245247
vt 0.397483 0.376723
vt 0.380358 0.377221
vt 0.399230 0.248620
vt 0.315050 0.195350
vt 0.363134 0.194499
vt 0.352357 0.215314
vt 0.306371 0.169282
vt 0.363134 0.194499
vt 0.315050 0.195350
vt 0.833668 0.568508
vt 0.848775 0.690072
vt 0.833406 0.684450
vt 0.849263 0.566690
vt 0.848775 0.690072
vt 0.833668 0.568508
vt 0.752779 0.566685
vt 0.768640 0.684469
vt 0.753267 0.690085
vt 0.768378 0.568502
vt 0.768640 0.684469
vt 0.752779 0.566685
vt 0.801020 0.571072
vt 0.818033 0.678834
vt 0.801019 0.676510
vt 0.818069 0.570325
vt 0.818033 0.678834
vt 0.801020 0.571072
vt 0.849263 0.566690
vt 0.865780 0.692448
vt 0.848775 0.690072
vt 0.866311 0.565976
vt 0.865780 0.692448
vt 0.849263 0.566690
vt 0.735728 0.565976
vt 0.753267 0.690085
vt 0.736259 0.692448
vt 0.752779 0.566685
vt 0.753267 0.690085
vt 0.735728 0.565976
vt 0.768378 0.568502
vt 0.784010 0.678847
vt 0.768640 0.684469
vt 0.783974 0.570321
vt 0.784010 0.678847
vt 0.768378 0.568502
vt 0.818069 0.570325
vt 0.833406 0.684450
vt 0.818033 0.678834
vt 0.833668 0.568508
vt 0.833406 0.684450
vt 0.818069 0.570325
vt 0.305866 0.208624
vt 0.338308 0.231291
vt 0.317846 0.242449
vt 0.312900 0.204987
vt 0.338308 0.231291
vt 0.305866 0.208624
vt 0.290635 0.206094
vt 0.290329 0.245365
vt 0.266146 0.231480
vt 0.298082 0.208608
vt 0.290329 0.245365
vt 0.290635 0.206094
vt 0.289444 0.189857
vt 0.252400 0.212729
vt 0.246363 0.192410
vt 0.286463 0.199771
vt 0.252400 0.212729
vt 0.289444 0.189857
vt 0.312900 0.204987
vt 0.352357 0.215314
vt 0.338308 0.231291
vt 0.315050 0.195350
vt 0.352357 0.215314
vt 0.312900 0.204987
vt 0.298082 0.208608
vt 0.317846 0.242449
vt 0.290329 0.245365
vt 0.305866 0.208624
vt 0.317846 0.242449
vt 0.298082 0.208608
vt 0.286463 0.199771
vt 0.266146 0.231480
vt 0.252400 0.212729
vt 0.290635 0.206094
vt 0.266146 0.231480
vt 0.286463 0.199771
vt 0.306371 0.169282
vt 0.246363 0.192410
vt 0.244989 0.169282
vt 0.289444 0.189857
vt 0.246363 0.192410
vt 0.306371 0.169282
vt 0.555765 0.716367
vt 0.535184 0.699324
vt 0.550791 0.699324
vt 0.527182 0.716367
vt 0.535184 0.699324
vt 0.555765 0.716367
vt 0.498599 0.716367
vt 0.473077 0.700765
vt 0.490126 0.700765
vt 0.467376 0.716367
vt 0.473077 0.700765
vt 0.498599 0.716367
vt 0.436152 0.716367
vt 0.415571 0.699324
vt 0.431178 0.699324
vt 0.407569 0.716367
vt 0.415571 0.699324
vt 0.436152 0.716367
vt 0.378987 0.716367
vt 0.353464 0.700765
vt 0.370513 0.700765
vt 0.347763 0.716367
vt 0.353464 0.700765
vt 0.378987 0.716367
vt 0.586989 0.716367
vt 0.564238 0.700765
vt 0.581287 0.700765
vt 0.555765 0.716367
vt 0.564238 0.700765
vt 0.586989 0.716367
vt 0.527182 0.716367
vt 0.503573 0.699324
vt 0.519180 0.699324
vt 0.498599 0.716367
vt 0.503573 0.699324
vt 0.527182 0.716367
vt 0.467376 0.716367
vt 0.444625 0.700765
vt 0.461674 0.700765
vt 0.436152 0.716367
vt 0.444625 0.700765
vt 0.467376 0.716367
vt 0.407569 0.716367
vt 0.383961 0.699324
vt 0.399567 0.699324
vt 0.378987 0.716367
vt 0.383961 0.699324
vt 0.407569 0.716367
vt 0.407569 0.759598
vt 0.378987 0.716367
vt 0.407569 0.716367
vt 0.378987 0.759598
vt 0.378987 0.716367
vt 0.407569 0.759598
vt 0.555765 0.759598
vt 0.527182 0.716367
vt 0.555765 0.716367
vt 0.527182 0.759598
vt 0.527182 0.716367
vt 0.555765 0.759598
vt 0.498599 0.759598
vt 0.467376 0.716367
vt 0.498599 0.716367
vt 0.467376 0.759598
vt 0.467376 0.716367
vt 0.498599 0.759598
vt 0.436152 0.759598
vt 0.407569 0.716367
vt 0.436152 0.716367
vt 0.407569 0.759598
vt 0.407569 0.716367
vt 0.436152 0.759598
vt 0.378987 0.759598
vt 0.347763 0.716367
vt 0.378987 0.716367
vt 0.347763 0.759598
vt 0.347763 0.716367
vt 0.378987 0.759598
vt 0.586989 0.759598
vt 0.555765 0.716367
vt 0.586989 0.716367
vt 0.555765 0.759598
vt 0.555765 0.716367
vt 0.586989 0.759598
vt 0.527182 0.759598
vt 0.498599 0.716367
vt 0.527182 0.716367
vt 0.498599 0.759598
vt 0.498599 0.716367
vt 0.527182 0.759598
vt 0.467376 0.759598
vt 0.436152 0.716367
vt 0.467376 0.716367
vt 0.436152 0.759598
vt 0.436152 0.716367
vt 0.467376 0.759598
vt 0.005187 0.397407
vt 0.078893 0.524976
vt 0.047670 0.524976
vt 0.142029 0.397407
vt 0.078893 0.524976
vt 0.005187 0.397407
vt 0.267298 0.397407
vt 0.355505 0.534834
vt 0.326922 0.534834
vt 0.392567 0.397407
vt 0.355505 0.534834
vt 0.267298 0.397407
vt 0.005187 0.555021
vt 0.078894 0.682590
vt 0.047670 0.682590
vt 0.142030 0.555021
vt 0.078894 0.682590
vt 0.005187 0.555021
vt 0.267299 0.555021
vt 0.355506 0.692448
vt 0.326923 0.692448
vt 0.392568 0.555020
vt 0.355506 0.692448
vt 0.267299 0.555021
vt 0.142029 0.397407
vt 0.207674 0.534835
vt 0.179091 0.534835
vt 0.267298 0.397407
vt 0.207674 0.534835
vt 0.142029 0.397407
vt 0.392567 0.397407
vt 0.486927 0.524976
vt 0.455703 0.524976
vt 0.529410 0.397407
vt 0.486927 0.524976
vt 0.392567 0.397407
vt 0.142030 0.555021
vt 0.207675 0.692448
vt 0.179092 0.692448
vt 0.267299 0.555021
vt 0.207675 0.692448
vt 0.142030 0.555021
vt 0.392568 0.555020
vt 0.486927 0.682588
vt 0.455704 0.682588
vt 0.529410 0.555020
vt 0.486927 0.682588
vt 0.392568 0.555020
vt 0.142030 0.535960
vt 0.267299 0.555021
vt 0.142030 0.555021
vt 0.267299 0.535960
vt 0.267299 0.555021
vt 0.142030 0.535960
vt 0.392568 0.535960
vt 0.529410 0.555020
vt 0.392568 0.555020
vt 0.529410 0.535960
vt 0.529410 0.555020
vt 0.392568 0.535960
vt 0.005187 0.378347
vt 0.142029 0.397407
vt 0.005187 0.397407
vt 0.142029 0.378347
vt 0.142029 0.397407
vt 0.005187 0.378347
vt 0.267298 0.378347
vt 0.392567 0.397407
vt 0.267298 0.397407
vt 0.392567 0.378347
vt 0.392567 0.397407
vt 0.267298 0.378347
vt 0.005187 0.535960
vt 0.142030 0.555021
vt 0.005187 0.555021
vt 0.142030 0.535960
vt 0.142030 0.555021
vt 0.005187 0.535960
vt 0.267299 0.535960
vt 0.392568 0.555020
vt 0.267299 0.555021
vt 0.392568 0.535960
vt 0.392568 0.555020
vt 0.267299 0.535960
vt 0.142029 0.378347
vt 0.267298 0.397407
vt 0.142029 0.397407
vt 0.267298 0.378347
vt 0.267298 0.397407
vt 0.142029 0.378347
vt 0.392567 0.378347
vt 0.529410 0.397407
vt 0.392567 0.397407
vt 0.529410 0.378347
vt 0.529410 0.397407
vt 0.392567 0.378347
vt 0.257713 0.994814
vt 0.335554 0.781805
vt 0.346638 0.906583
vt 0.230954 0.693574
vt 0.257713 0.994814
vt 0.120870 0.994814
vt 0.094111 0.693574
vt 0.120870 0.994814
vt 0.016271 0.906582
vt 0.094111 0.693574
vt 0.016271 0.906582
vt 0.005187 0.781804
vt 0.120870 0.994814
vt 0.094111 0.693574
vt 0.230954 0.693574
vt 0.257713 0.994814
vt 0.230954 0.693574
vt 0.335554 0.781805
vt 0.828881 0.482746
vt 0.851747 0.358735
vt 0.845450 0.487255
vt 0.834587 0.360903
vt 0.851747 0.358735
vt 0.828881 0.482746
vt 0.815660 0.473099
vt 0.834587 0.360903
vt 0.828881 0.482746
vt 0.818721 0.367346
vt 0.834587 0.360903
vt 0.815660 0.473099
vt 0.802443 0.463448
vt 0.818721 0.367346
vt 0.815660 0.473099
vt 0.802855 0.373789
vt 0.818721 0.367346
vt 0.802443 0.463448
vt 0.785760 0.459393
vt 0.802855 0.373789
vt 0.802443 0.463448
vt 0.785758 0.376408
vt 0.802855 0.373789
vt 0.785760 0.459393
vt 0.769068 0.463425
vt 0.785758 0.376408
vt 0.785760 0.459393
vt 0.768657 0.373805
vt 0.785758 0.376408
vt 0.769068 0.463425
vt 0.755843 0.473068
vt 0.768657 0.373805
vt 0.769068 0.463425
vt 0.752788 0.367369
vt 0.768657 0.373805
vt 0.755843 0.473068
vt 0.783974 0.570321
vt 0.801019 0.676510
vt 0.784010 0.678847
vt 0.801020 0.571072
vt 0.801019 0.676510
vt 0.783974 0.570321
vt 0.742630 0.482724
vt 0.752788 0.367369
vt 0.755843 0.473068
vt 0.736925 0.360919
vt 0.752788 0.367369
vt 0.742630 0.482724
vt 0.726069 0.487255
vt 0.736925 0.360919
vt 0.742630 0.482724
vt 0.719767 0.358735
vt 0.736925 0.360919
vt 0.726069 0.487255
vt 0.153124 0.158489
vt 0.203214 0.175519
vt 0.151066 0.175464
vt 0.202419 0.158489
vt 0.203214 0.175519
vt 0.153124 0.158489
vt 0.358653 0.375932
vt 0.252749 0.360178
vt 0.361622 0.358902
vt 0.254135 0.377221
vt 0.252749 0.360178
vt 0.358653 0.375932
vt 0.830988 0.357609
vt 0.733535 0.339496
vt 0.833158 0.340454
vt 0.735940 0.356614
vt 0.733535 0.339496
vt 0.830988 0.357609
vt 0.709120 0.730257
vt 0.819821 0.747374
vt 0.708386 0.747398
vt 0.817368 0.730257
vt 0.819821 0.747374
vt 0.709120 0.730257
vt 0.837480 0.864765
vt 0.820309 0.988385
vt 0.820355 0.865330
vt 0.837430 0.987282
vt 0.820309 0.988385
vt 0.837480 0.864765
vt 0.137841 0.158815
vt 0.120723 0.284031
vt 0.120724 0.159467
vt 0.137841 0.283277
vt 0.120723 0.284031
vt 0.137841 0.158815
vt 0.511122 0.245247
vt 0.495908 0.376719
vt 0.494161 0.248638
vt 0.513030 0.377221
vt 0.495908 0.376719
vt 0.511122 0.245247
vt 0.151066 0.175464
vt 0.205162 0.191004
vt 0.146110 0.190604
vt 0.203214 0.175519
vt 0.205162 0.191004
vt 0.151066 0.175464
vt 0.361622 0.358902
vt 0.249604 0.344561
vt 0.368987 0.343517
vt 0.252749 0.360178
vt 0.249604 0.344561
vt 0.361622 0.358902
vt 0.833158 0.340454
vt 0.727715 0.323462
vt 0.838508 0.324222
vt 0.733535 0.339496
vt 0.727715 0.323462
vt 0.833158 0.340454
vt 0.708386 0.747398
vt 0.825725 0.763413
vt 0.706753 0.763601
vt 0.819821 0.747374
vt 0.825725 0.763413
vt 0.708386 0.747398
vt 0.820355 0.865330
vt 0.804242 0.991051
vt 0.804268 0.866700
vt 0.820309 0.988385
vt 0.804242 0.991051
vt 0.820355 0.865330
vt 0.120724 0.159467
vt 0.104680 0.285848
vt 0.104680 0.161036
vt 0.120723 0.284031
vt 0.104680 0.285848
vt 0.120724 0.159467
vt 0.494161 0.248638
vt 0.479863 0.375166
vt 0.478925 0.256455
vt 0.495908 0.376719
vt 0.479863 0.375166
vt 0.494161 0.248638
vt 0.146110 0.190604
vt 0.207111 0.206489
vt 0.141149 0.205743
vt 0.205162 0.191004
vt 0.207111 0.206489
vt 0.146110 0.190604
vt 0.368987 0.343517
vt 0.246418 0.328951
vt 0.376311 0.328114
vt 0.249604 0.344561
vt 0.246418 0.328951
vt 0.368987 0.343517
vt 0.838508 0.324222
vt 0.721990 0.307396
vt 0.844003 0.308042
vt 0.727715 0.323462
vt 0.721990 0.307396
vt 0.838508 0.324222
vt 0.706753 0.763601
vt 0.831625 0.779450
vt 0.705181 0.779813
vt 0.825725 0.763413
vt 0.831625 0.779450
vt 0.706753 0.763601
vt 0.804268 0.866700
vt 0.788174 0.993713
vt 0.788177 0.868069
vt 0.804242 0.991051
vt 0.788174 0.993713
vt 0.804268 0.866700
vt 0.104680 0.161036
vt 0.088634 0.287662
vt 0.088634 0.162603
vt 0.104680 0.285848
vt 0.088634 0.287662
vt 0.104680 0.161036
vt 0.478925 0.256455
vt 0.463815 0.373616
vt 0.463685 0.264263
vt 0.479863 0.375166
vt 0.463815 0.373616
vt 0.478925 0.256455
vt 0.141149 0.205743
vt 0.207799 0.223524
vt 0.138967 0.222704
vt 0.207111 0.206489
vt 0.207799 0.223524
vt 0.141149 0.205743
vt 0.376311 0.328114
vt 0.244989 0.311911
vt 0.379233 0.311079
vt 0.246418 0.328951
vt 0.244989 0.311911
vt 0.376311 0.328114
vt 0.844003 0.308042
vt 0.719767 0.290255
vt 0.846479 0.290930
vt 0.721990 0.307396
vt 0.719767 0.290255
vt 0.844003 0.308042
vt 0.705181 0.779813
vt 0.834095 0.796563
vt 0.704621 0.796963
vt 0.831625 0.779450
vt 0.834095 0.796563
vt 0.705181 0.779813
vt 0.788177 0.868069
vt 0.771050 0.994814
vt 0.771050 0.868634
vt 0.788174 0.993713
vt 0.771050 0.994814
vt 0.788177 0.868069
vt 0.088634 0.162603
vt 0.071514 0.288412
vt 0.071514 0.163251
vt 0.088634 0.287662
vt 0.071514 0.288412
vt 0.088634 0.162603
vt 0.463685 0.264263
vt 0.446694 0.372988
vt 0.446693 0.267503
vt 0.463815 0.373616
vt 0.446694 0.372988
vt 0.463685 0.264263
vt 0.138967 0.222704
vt 0.206707 0.240538
vt 0.140730 0.239713
vt 0.207799 0.223524
vt 0.206707 0.240538
vt 0.138967 0.222704
vt 0.379233 0.311079
vt 0.246107 0.294847
vt 0.375997 0.294098
vt 0.244989 0.311911
vt 0.246107 0.294847
vt 0.379233 0.311079
vt 0.846479 0.290930
vt 0.722397 0.273170
vt 0.844534 0.273747
vt 0.719767 0.290255
vt 0.722397 0.273170
vt 0.846479 0.290930
vt 0.704621 0.796963
vt 0.831721 0.813691
vt 0.705434 0.814100
vt 0.834095 0.796563
vt 0.831721 0.813691
vt 0.704621 0.796963
vt 0.771050 0.868634
vt 0.753929 0.993707
vt 0.753926 0.868065
vt 0.771050 0.994814
vt 0.753929 0.993707
vt 0.771050 0.868634
vt 0.071514 0.163251
vt 0.054397 0.287658
vt 0.054397 0.162600
vt 0.071514 0.288412
vt 0.054397 0.287658
vt 0.071514 0.163251
vt 0.446693 0.267503
vt 0.429576 0.373619
vt 0.429706 0.264245
vt 0.446694 0.372988
vt 0.429576 0.373619
vt 0.446693 0.267503
vt 0.140730 0.239713
vt 0.204390 0.255972
vt 0.145323 0.254967
vt 0.206707 0.240538
vt 0.204390 0.255972
vt 0.140730 0.239713
vt 0.375997 0.294098
vt 0.249053 0.279192
vt 0.368436 0.278808
vt 0.246107 0.294847
vt 0.249053 0.279192
vt 0.375997 0.294098
vt 0.844534 0.273747
vt 0.728401 0.257204
vt 0.839371 0.257455
vt 0.722397 0.273170
vt 0.728401 0.257204
vt 0.844534 0.273747
vt 0.705434 0.814100
vt 0.825917 0.829767
vt 0.707169 0.830294
vt 0.831721 0.813691
vt 0.825917 0.829767
vt 0.705434 0.814100
vt 0.753926 0.868065
vt 0.737863 0.991042
vt 0.737838 0.866695
vt 0.753929 0.993707
vt 0.737863 0.991042
vt 0.753926 0.868065
vt 0.054397 0.162600
vt 0.038353 0.285842
vt 0.038353 0.161031
vt 0.054397 0.287658
vt 0.038353 0.285842
vt 0.054397 0.162600
vt 0.429706 0.264245
vt 0.413531 0.375172
vt 0.414470 0.256429
vt 0.429576 0.373619
vt 0.413531 0.375172
vt 0.429706 0.264245
vt 0.145323 0.254967
vt 0.202072 0.271405
vt 0.149922 0.270220
vt 0.204390 0.255972
vt 0.202072 0.271405
vt 0.145323 0.254967
vt 0.368436 0.278808
vt 0.252041 0.263543
vt 0.360918 0.263499
vt 0.249053 0.279192
vt 0.252041 0.263543
vt 0.368436 0.278808
vt 0.839371 0.257455
vt 0.734311 0.241206
vt 0.834063 0.241212
vt 0.728401 0.257204
vt 0.734311 0.241206
vt 0.839371 0.257455
vt 0.707169 0.830294
vt 0.820118 0.845841
vt 0.708843 0.846495
vt 0.825917 0.829767
vt 0.820118 0.845841
vt 0.707169 0.830294
vt 0.737838 0.866695
vt 0.721794 0.988379
vt 0.721748 0.865327
vt 0.737863 0.991042
vt 0.721794 0.988379
vt 0.737838 0.866695
vt 0.038353 0.161031
vt 0.022307 0.284027
vt 0.022306 0.159463
vt 0.038353 0.285842
vt 0.022307 0.284027
vt 0.038353 0.161031
vt 0.414470 0.256429
vt 0.397483 0.376723
vt 0.399230 0.248620
vt 0.413531 0.375172
vt 0.397483 0.376723
vt 0.414470 0.256429
vt 0.149922 0.270220
vt 0.200870 0.288412
vt 0.151589 0.287239
vt 0.202072 0.271405
vt 0.200870 0.288412
vt 0.149922 0.270220
vt 0.360918 0.263499
vt 0.253316 0.246490
vt 0.357842 0.246490
vt 0.252041 0.263543
vt 0.253316 0.246490
vt 0.360918 0.263499
vt 0.834063 0.241212
vt 0.736665 0.224082
vt 0.831718 0.224082
vt 0.734311 0.241206
vt 0.736665 0.224082
vt 0.834063 0.241212
vt 0.708843 0.846495
vt 0.817783 0.862972
vt 0.709537 0.863640
vt 0.820118 0.845841
vt 0.817783 0.862972
vt 0.708843 0.846495
vt 0.721748 0.865327
vt 0.704671 0.987282
vt 0.704621 0.864765
vt 0.721794 0.988379
vt 0.704671 0.987282
vt 0.721748 0.865327
vt 0.022306 0.159463
vt 0.005187 0.283277
vt 0.005187 0.158815
vt 0.022307 0.284027
vt 0.005187 0.283277
vt 0.022306 0.159463
vt 0.399230 0.248620
vt 0.380358 0.377221
vt 0.382265 0.245247
vt 0.397483 0.376723
vt 0.380358 0.377221
vt 0.399230 0.248620
vt 0.315050 0.195350
vt 0.363134 0.194499
vt 0.352357 0.215314
vt 0.306371 0.169282
vt 0.363134 0.194499
vt 0.315050 0.195350
vt 0.833668 0.568508
vt 0.848775 0.690072
vt 0.833406 0.684450
vt 0.849263 0.566690
vt 0.848775 0.690072
vt 0.833668 0.568508
vt 0.752779 0.566685
vt 0.768640 0.684469
vt 0.753267 0.690085
vt 0.768378 0.568502
vt 0.768640 0.684469
vt 0.752779 0.566685
vt 0.801020 0.571072
vt 0.818033 0.678834
vt 0.801019 0.676510
vt 0.818069 0.570325
vt 0.818033 0.678834
vt 0.801020 0.571072
vt 0.849263 0.566690
vt 0.865780 0.692448
vt 0.848775 0.690072
vt 0.866311 0.565976
vt 0.865780 0.692448
vt 0.849263 0.566690
vt 0.735728 0.565976
vt 0.753267 0.690085
vt 0.736259 0.692448
vt 0.752779 0.566685
vt 0.753267 0.690085
vt 0.735728 0.565976
vt 0.768378 0.568502
vt 0.784010 0.678847
vt 0.768640 0.684469
vt 0.783974 0.570321
vt 0.784010 0.678847
vt 0.768378 0.568502
vt 0.818069 0.570325
vt 0.833406 0.684450
vt 0.818033 0.678834
vt 0.833668 0.568508
vt 0.833406 0.684450
vt 0.818069 0.570325
vt 0.305866 0.208624
vt 0.338308 0.231291
vt 0.317846 0.242449
vt 0.312900 0.204987
vt 0.338308 0.231291
vt 0.305866 0.208624
vt 0.290635 0.206094
vt 0.290329 0.245365
vt 0.266146 0.231480
vt 0.298082 0.208608
vt 0.290329 0.245365
vt 0.290635 0.206094
vt 0.289444 0.189857
vt 0.252400 0.212729
vt 0.246363 0.192410
vt 0.286463 0.199771
vt 0.252400 0.212729
vt 0.289444 0.189857
vt 0.312900 0.204987
vt 0.352357 0.215314
vt 0.338308 0.231291
vt 0.315050 0.195350
vt 0.352357 0.215314
vt 0.312900 0.204987
vt 0.298082 0.208608
vt 0.317846 0.242449
vt 0.290329 0.245365
vt 0.305866 0.208624
vt 0.317846 0.242449
vt 0.298082 0.208608
vt 0.286463 0.199771
vt 0.266146 0.231480
vt 0.252400 0.212729
vt 0.290635 0.206094
vt 0.266146 0.231480
vt 0.286463 0.199771
vt 0.306371 0.169282
vt 0.246363 0.192410
vt 0.244989 0.169282
vt 0.289444 0.189857
vt 0.246363 0.192410
vt 0.306371 0.169282
vt 0.555765 0.716367
vt 0.535184 0.699324
vt 0.550791 0.699324
vt 0.527182 0.716367
vt 0.535184 0.699324
vt 0.555765 0.716367
vt 0.498599 0.716367
vt 0.473077 0.700765
vt 0.490126 0.700765
vt 0.467376 0.716367
vt 0.473077 0.700765
vt 0.498599 0.716367
vt 0.436152 0.716367
vt 0.415571 0.699324
vt 0.431178 0.699324
vt 0.407569 0.716367
vt 0.415571 0.699324
vt 0.436152 0.716367
vt 0.378987 0.716367
vt 0.353464 0.700765
vt 0.370513 0.700765
vt 0.347763 0.716367
vt 0.353464 0.700765
vt 0.378987 0.716367
vt 0.586989 0.716367
vt 0.564238 0.700765
vt 0.581287 0.700765
vt 0.555765 0.716367
vt 0.564238 0.700765
vt 0.586989 0.716367
vt 0.527182 0.716367
vt 0.503573 0.699324
vt 0.519180 0.699324
vt 0.498599 0.716367
vt 0.503573 0.699324
vt 0.527182 0.716367
vt 0.467376 0.716367
vt 0.444625 0.700765
vt 0.461674 0.700765
vt 0.436152 0.716367
vt 0.444625 0.700765
vt 0.467376 0.716367
vt 0.407569 0.716367
vt 0.383961 0.699324
vt 0.399567 0.699324
vt 0.378987 0.716367
vt 0.383961 0.699324
vt 0.407569 0.716367
vt 0.407569 0.759598
vt 0.378987 0.716367
vt 0.407569 0.716367
vt 0.378987 0.759598
vt 0.378987 0.716367
vt 0.407569 0.759598
vt 0.555765 0.759598
vt 0.527182 0.716367
vt 0.555765 0.716367
vt 0.527182 0.759598
vt 0.527182 0.716367
vt 0.555765 0.759598
vt 0.498599 0.759598
vt 0.467376 0.716367
vt 0.498599 0.716367
vt 0.467376 0.759598
vt 0.467376 0.716367
vt 0.498599 0.759598
vt 0.436152 0.759598
vt 0.407569 0.716367
vt 0.436152 0.716367
vt 0.407569 0.759598
vt 0.407569 0.716367
vt 0.436152 0.759598
vt 0.378987 0.759598
vt 0.347763 0.716367
vt 0.378987 0.716367
vt 0.347763 0.759598
vt 0.347763 0.716367
vt 0.378987 0.759598
vt 0.586989 0.759598
vt 0.555765 0.716367
vt 0.586989 0.716367
vt 0.555765 0.759598
vt 0.555765 0.716367
vt 0.586989 0.759598
vt 0.527182 0.759598
vt 0.498599 0.716367
vt 0.527182 0.716367
vt 0.498599 0.759598
vt 0.498599 0.716367
vt 0.527182 0.759598
vt 0.467376 0.759598
vt 0.436152 0.716367
vt 0.467376 0.716367
vt 0.436152 0.759598
vt 0.436152 0.716367
vt 0.467376 0.759598
vt 0.005187 0.397407
vt 0.078893 0.524976
vt 0.047670 0.524976
vt 0.142029 0.397407
vt 0.078893 0.524976
vt 0.005187 0.397407
vt 0.267298 0.397407
vt 0.355505 0.534834
vt 0.326922 0.534834
vt 0.392567 0.397407
vt 0.355505 0.534834
vt 0.267298 0.397407
vt 0.005187 0.555021
vt 0.078894 0.682590
vt 0.047670 0.682590
vt 0.142030 0.555021
vt 0.078894 0.682590
vt 0.005187 0.555021
vt 0.267299 0.555021
vt 0.355506 0.692448
vt 0.326923 0.692448
vt 0.392568 0.555020
vt 0.355506 0.692448
vt 0.267299 0.555021
vt 0.142029 0.397407
vt 0.207674 0.534835
vt 0.179091 0.534835
vt 0.267298 0.397407
vt 0.207674 0.534835
vt 0.142029 0.397407
vt 0.392567 0.397407
vt 0.486927 0.524976
vt 0.455703 0.524976
vt 0.529410 0.397407
vt 0.486927 0.524976
vt 0.392567 0.397407
vt 0.142030 0.555021
vt 0.207675 0.692448
vt 0.179092 0.692448
vt 0.267299 0.555021
vt 0.207675 0.692448
vt 0.142030 0.555021
vt 0.392568 0.555020
vt 0.486927 0.682588
vt 0.455704 0.682588
vt 0.529410 0.555020
vt 0.486927 0.682588
vt 0.392568 0.555020
vt 0.142030 0.535960
vt 0.267299 0.555021
vt 0.142030 0.555021
vt 0.267299 0.535960
vt 0.267299 0.555021
vt 0.142030 0.535960
vt 0.392568 0.535960
vt 0.529410 0.555020
vt 0.392568 0.555020
vt 0.529410 0.535960
vt 0.529410 0.555020
vt 0.392568 0.535960
vt 0.005187 0.378347
vt 0.142029 0.397407
vt 0.005187 0.397407
vt 0.142029 0.378347
vt 0.142029 0.397407
vt 0.005187 0.378347
vt 0.267298 0.378347
vt 0.392567 0.397407
vt 0.267298 0.397407
vt 0.392567 0.378347
vt 0.392567 0.397407
vt 0.267298 0.378347
vt 0.005187 0.535960
vt 0.142030 0.555021
vt 0.005187 0.555021
vt 0.142030 0.535960
vt 0.142030 0.555021
vt 0.005187 0.535960
vt 0.267299 0.535960
vt 0.392568 0.555020
vt 0.267299 0.555021
vt 0.392568 0.535960
vt 0.392568 0.555020
vt 0.267299 0.535960
vt 0.142029 0.378347
vt 0.267298 0.397407
vt 0.142029 0.397407
vt 0.267298 0.378347
vt 0.267298 0.397407
vt 0.142029 0.378347
vt 0.392567 0.378347
vt 0.529410 0.397407
vt 0.392567 0.397407
vt 0.529410 0.378347
vt 0.529410 0.397407
vt 0.392567 0.378347
vt 0.257713 0.994814
vt 0.335554 0.781805
vt 0.346638 0.906583
vt 0.230954 0.693574
vt 0.257713 0.994814
vt 0.120870 0.994814
vt 0.094111 0.693574
vt 0.120870 0.994814
vt 0.016271 0.906582
vt 0.094111 0.693574
vt 0.016271 0.906582
vt 0.005187 0.781804
vt 0.120870 0.994814
vt 0.094111 0.693574
vt 0.230954 0.693574
vt 0.257713 0.994814
vt 0.230954 0.693574
vt 0.335554 0.781805
vt 0.828881 0.482746
vt 0.851747 0.358735
vt 0.845450 0.487255
vt 0.834587 0.360903
vt 0.851747 0.358735
vt 0.828881 0.482746
vt 0.815660 0.473099
vt 0.834587 0.360903
vt 0.828881 0.482746
vt 0.818721 0.367346
vt 0.834587 0.360903
vt 0.815660 0.473099
vt 0.802443 0.463448
vt 0.818721 0.367346
vt 0.815660 0.473099
vt 0.802855 0.373789
vt 0.818721 0.367346
vt 0.802443 0.463448
vt 0.785760 0.459393
vt 0.802855 0.373789
vt 0.802443 0.463448
vt 0.785758 0.376408
vt 0.802855 0.373789
vt 0.785760 0.459393
vt 0.769068 0.463425
vt 0.785758 0.376408
vt 0.785760 0.459393
vt 0.768657 0.373805
vt 0.785758 0.376408
vt 0.769068 0.463425
vt 0.755843 0.473068
vt 0.768657 0.373805
vt 0.769068 0.463425
vt 0.752788 0.367369
vt 0.768657 0.373805
vt 0.755843 0.473068
vt 0.783974 0.570321
vt 0.801019 0.676510
vt 0.784010 0.678847
vt 0.801020 0.571072
vt 0.801019 0.676510
vt 0.783974 0.570321
vt 0.742630 0.482724
vt 0.752788 0.367369
vt 0.755843 0.473068
vt 0.736925 0.360919
vt 0.752788 0.367369
vt 0.742630 0.482724
vt 0.726069 0.487255
vt 0.736925 0.360919
vt 0.742630 0.482724
vt 0.719767 0.358735
vt 0.736925 0.360919
vt 0.726069 0.487255
vt 0.153124 0.158489
vt 0.203214 0.175519
vt 0.151066 0.175464
vt 0.202419 0.158489
vt 0.203214 0.175519
vt 0.153124 0.158489
vt 0.358653 0.375932
vt 0.252749 0.360178
vt 0.361622 0.358902
vt 0.254135 0.377221
vt 0.252749 0.360178
vt 0.358653 0.375932
vt 0.830988 0.357609
vt 0.733535 0.339496
vt 0.833158 0.340454
vt 0.735940 0.356614
vt 0.733535 0.339496
vt 0.830988 0.357609
vt 0.709120 0.730257
vt 0.819821 0.747374
vt 0.708386 0.747398
vt 0.817368 0.730257
vt 0.819821 0.747374
vt 0.709120 0.730257
vt 0.837480 0.864765
vt 0.820309 0.988385
vt 0.820355 0.865330
vt 0.837430 0.987282
vt 0.820309 0.988385
vt 0.837480 0.864765
vt 0.137841 0.158815
vt 0.120723 0.284031
vt 0.120724 0.159467
vt 0.137841 0.283277
vt 0.120723 0.284031
vt 0.137841 0.158815
vt 0.511122 0.245247
vt 0.495908 0.376719
vt 0.494161 0.248638
vt 0.513030 0.377221
vt 0.495908 0.376719
vt 0.511122 0.245247
vt 0.151066 0.175464
vt 0.205162 0.191004
vt 0.146110 0.190604
vt 0.203214 0.175519
vt 0.205162 0.191004
vt 0.151066 0.175464
vt 0.361622 0.358902
vt 0.249604 0.344561
vt 0.368987 0.343517
vt 0.252749 0.360178
vt 0.249604 0.344561
vt 0.361622 0.358902
vt 0.833158 0.340454
vt 0.727715 0.323462
vt 0.838508 0.324222
vt 0.733535 0.339496
vt 0.727715 0.323462
vt 0.833158 0.340454
vt 0.708386 0.747398
vt 0.825725 0.763413
vt 0.706753 0.763601
vt 0.819821 0.747374
vt 0.825725 0.763413
vt 0.708386 0.747398
vt 0.820355 0.865330
vt 0.804242 0.991051
vt 0.804268 0.866700
vt 0.820309 0.988385
vt 0.804242 0.991051
vt 0.820355 0.865330
vt 0.120724 0.159467
vt 0.104680 0.285848
vt 0.104680 0.161036
vt 0.120723 0.284031
vt 0.104680 0.285848
vt 0.120724 0.159467
vt 0.494161 0.248638
vt 0.479863 0.375166
vt 0.478925 0.256455
vt 0.495908 0.376719
vt 0.479863 0.375166
vt 0.494161 0.248638
vt 0.146110 0.190604
vt 0.207111 0.206489
vt 0.141149 0.205743
vt 0.205162 0.191004
vt 0.207111 0.206489
vt 0.146110 0.190604
vt 0.368987 0.343517
vt 0.246418 0.328951
vt 0.376311 0.328114
vt 0.249604 0.344561
vt 0.246418 0.328951
vt 0.368987 0.343517
vt 0.838508 0.324222
vt 0.721990 0.307396
vt 0.844003 0.308042
vt 0.727715 0.323462
vt 0.721990 0.307396
vt 0.838508 0.324222
vt 0.706753 0.763601
vt 0.831625 0.779450
vt 0.705181 0.779813
vt 0.825725 0.763413
vt 0.831625 0.779450
vt 0.706753 0.763601
vt 0.804268 0.866700
vt 0.788174 0.993713
vt 0.788177 0.868069
vt 0.804242 0.991051
vt 0.788174 0.993713
vt 0.804268 0.866700
vt 0.104680 0.161036
vt 0.088634 0.287662
vt 0.088634 0.162603
vt 0.104680 0.285848
vt 0.088634 0.287662
vt 0.104680 0.161036
vt 0.478925 0.256455
vt 0.463815 0.373616
vt 0.463685 0.264263
vt 0.479863 0.375166
vt 0.463815 0.373616
vt 0.478925 0.256455
vt 0.141149 0.205743
vt 0.207799 0.223524
vt 0.138967 0.222704
vt 0.207111 0.206489
vt 0.207799 0.223524
vt 0.141149 0.205743
vt 0.376311 0.328114
vt 0.244989 0.311911
vt 0.379233 0.311079
vt 0.246418 0.328951
vt 0.244989 0.311911
vt 0.376311 0.328114
vt 0.844003 0.308042
vt 0.719767 0.290255
vt 0.846479 0.290930
vt 0.721990 0.307396
vt 0.719767 0.290255
vt 0.844003 0.308042
vt 0.705181 0.779813
vt 0.834095 0.796563
vt 0.704621 0.796963
vt 0.831625 0.779450
vt 0.834095 0.796563
vt 0.705181 0.779813
vt 0.788177 0.868069
vt 0.771050 0.994814
vt 0.771050 0.868634
vt 0.788174 0.993713
vt 0.771050 0.994814
vt 0.788177 0.868069
vt 0.088634 0.162603
vt 0.071514 0.288412
vt 0.071514 0.163251
vt 0.088634 0.287662
vt 0.071514 0.288412
vt 0.088634 0.162603
vt 0.463685 0.264263
vt 0.446694 0.372988
vt 0.446693 0.267503
vt 0.463815 0.373616
vt 0.446694 0.372988
vt 0.463685 0.264263
vt 0.138967 0.222704
vt 0.206707 0.240538
vt 0.140730 0.239713
vt 0.207799 0.223524
vt 0.206707 0.240538
vt 0.138967 0.222704
vt 0.379233 0.311079
vt 0.246107 0.294847
vt 0.375997 0.294098
vt 0.244989 0.311911
vt 0.246107 0.294847
vt 0.379233 0.311079
vt 0.846479 0.290930
vt 0.722397 0.273170
vt 0.844534 0.273747
vt 0.719767 0.290255
vt 0.722397 0.273170
vt 0.846479 0.290930
vt 0.704621 0.796963
vt 0.831721 0.813691
vt 0.705434 0.814100
vt 0.834095 0.796563
vt 0.831721 0.813691
vt 0.704621 0.796963
vt 0.771050 0.868634
vt 0.753929 0.993707
vt 0.753926 0.868065
vt 0.771050 0.994814
vt 0.753929 0.993707
vt 0.771050 0.868634
vt 0.071514 0.163251
vt 0.054397 0.287658
vt 0.054397 0.162600
vt 0.071514 0.288412
vt 0.054397 0.287658
vt 0.071514 0.163251
vt 0.446693 0.267503
vt 0.429576 0.373619
vt 0.429706 0.264245
vt 0.446694 0.372988
vt 0.429576 0.373619
vt 0.446693 0.267503
vt 0.140730 0.239713
vt 0.204390 0.255972
vt 0.145323 0.254967
vt 0.206707 0.240538
vt 0.204390 0.255972
vt 0.140730 0.239713
vt 0.375997 0.294098
vt 0.249053 0.279192
vt 0.368436 0.278808
vt 0.246107 0.294847
vt 0.249053 0.279192
vt 0.375997 0.294098
vt 0.844534 0.273747
vt 0.728401 0.257204
vt 0.839371 0.257455
vt 0.722397 0.273170
vt 0.728401 0.257204
vt 0.844534 0.273747
vt 0.705434 0.814100
vt 0.825917 0.829767
vt 0.707169 0.830294
vt 0.831721 0.813691
vt 0.825917 0.829767
vt 0.705434 0.814100
vt 0.753926 0.868065
vt 0.737863 0.991042
vt 0.737838 0.866695
vt 0.753929 0.993707
vt 0.737863 0.991042
vt 0.753926 0.868065
vt 0.054397 0.162600
vt 0.038353 0.285842
vt 0.038353 0.161031
vt 0.054397 0.287658
vt 0.038353 0.285842
vt 0.054397 0.162600
vt 0.429706 0.264245
vt 0.413531 0.375172
vt 0.414470 0.256429
vt 0.429576 0.373619
vt 0.413531 0.375172
vt 0.429706 0.264245
vt 0.145323 0.254967
vt 0.202072 0.271405
vt 0.149922 0.270220
vt 0.204390 0.255972
vt 0.202072 0.271405
vt 0.145323 0.254967
vt 0.368436 0.278808
vt 0.252041 0.263543
vt 0.360918 0.263499
vt 0.249053 0.279192
vt 0.252041 0.263543
vt 0.368436 0.278808
vt 0.839371 0.257455
vt 0.734311 0.241206
vt 0.834063 0.241212
vt 0.728401 0.257204
vt 0.734311 0.241206
vt 0.839371 0.257455
vt 0.707169 0.830294
vt 0.820118 0.845841
vt 0.708843 0.846495
vt 0.825917 0.829767
vt 0.820118 0.845841
vt 0.707169 0.830294
vt 0.737838 0.866695
vt 0.721794 0.988379
vt 0.721748 0.865327
vt 0.737863 0.991042
vt 0.721794 0.988379
vt 0.737838 0.866695
vt 0.038353 0.161031
vt 0.022307 0.284027
vt 0.022306 0.159463
vt 0.038353 0.285842
vt 0.022307 0.284027
vt 0.038353 0.161031
vt 0.414470 0.256429
vt 0.397483 0.376723
vt 0.399230 0.248620
vt 0.413531 0.375172
vt 0.397483 0.376723
vt 0.414470 0.256429
vt 0.149922 0.270220
vt 0.200870 0.288412
vt 0.151589 0.287239
vt 0.202072 0.271405
vt 0.200870 0.288412
vt 0.149922 0.270220
vt 0.360918 0.263499
vt 0.253316 0.246490
vt 0.357842 0.246490
vt 0.252041 0.263543
vt 0.253316 0.246490
vt 0.360918 0.263499
vt 0.834063 0.241212
vt 0.736665 0.224082
vt 0.831718 0.224082
vt 0.734311 0.241206
vt 0.736665 0.224082
vt 0.834063 0.241212
vt 0.708843 0.846495
vt 0.817783 0.862972
vt 0.709537 0.863640
vt 0.820118 0.845841
vt 0.817783 0.862972
vt 0.708843 0.846495
vt 0.721748 0.865327
vt 0.704671 0.987282
vt 0.704621 0.864765
vt 0.721794 0.988379
vt 0.704671 0.987282
vt 0.721748 0.865327
vt 0.022306 0.159463
vt 0.005187 0.283277
vt 0.005187 0.158815
vt 0.022307 0.284027
vt 0.005187 0.283277
vt 0.022306 0.159463
vt 0.399230 0.248620
vt 0.380358 0.377221
vt 0.382265 0.245247
vt 0.397483 0.376723
vt 0.380358 0.377221
vt 0.399230 0.248620
vt 0.315050 0.195350
vt 0.363134 0.194499
vt 0.352357 0.215314
vt 0.306371 0.169282
vt 0.363134 0.194499
vt 0.315050 0.195350
vt 0.833668 0.568508
vt 0.848775 0.690072
vt 0.833406 0.684450
vt 0.849263 0.566690
vt 0.848775 0.690072
vt 0.833668 0.568508
vt 0.752779 0.566685
vt 0.768640 0.684469
vt 0.753267 0.690085
vt 0.768378 0.568502
vt 0.768640 0.684469
vt 0.752779 0.566685
vt 0.801020 0.571072
vt 0.818033 0.678834
vt 0.801019 0.676510
vt 0.818069 0.570325
vt 0.818033 0.678834
vt 0.801020 0.571072
vt 0.849263 0.566690
vt 0.865780 0.692448
vt 0.848775 0.690072
vt 0.866311 0.565976
vt 0.865780 0.692448
vt 0.849263 0.566690
vt 0.735728 0.565976
vt 0.753267 0.690085
vt 0.736259 0.692448
vt 0.752779 0.566685
vt 0.753267 0.690085
vt 0.735728 0.565976
vt 0.768378 0.568502
vt 0.784010 0.678847
vt 0.768640 0.684469
vt 0.783974 0.570321
vt 0.784010 0.678847
vt 0.768378 0.568502
vt 0.818069 0.570325
vt 0.833406 0.684450
vt 0.818033 0.678834
vt 0.833668 0.568508
vt 0.833406 0.684450
vt 0.818069 0.570325
vt 0.305866 0.208624
vt 0.338308 0.231291
vt 0.317846 0.242449
vt 0.312900 0.204987
vt 0.338308 0.231291
vt 0.305866 0.208624
vt 0.290635 0.206094
vt 0.290329 0.245365
vt 0.266146 0.231480
vt 0.298082 0.208608
vt 0.290329 0.245365
vt 0.290635 0.206094
vt 0.289444 0.189857
vt 0.252400 0.212729
vt 0.246363 0.192410
vt 0.286463 0.199771
vt 0.252400 0.212729
vt 0.289444 0.189857
vt 0.312900 0.204987
vt 0.352357 0.215314
vt 0.338308 0.231291
vt 0.315050 0.195350
vt 0.352357 0.215314
vt 0.312900 0.204987
vt 0.298082 0.208608
vt 0.317846 0.242449
vt 0.290329 0.245365
vt 0.305866 0.208624
vt 0.317846 0.242449
vt 0.298082 0.208608
vt 0.286463 0.199771
vt 0.266146 0.231480
vt 0.252400 0.212729
vt 0.290635 0.206094
vt 0.266146 0.231480
vt 0.286463 0.199771
vt 0.306371 0.169282
vt 0.246363 0.192410
vt 0.244989 0.169282
vt 0.289444 0.189857
vt 0.246363 0.192410
vt 0.306371 0.169282
vt 0.555765 0.716367
vt 0.535184 0.699324
vt 0.550791 0.699324
vt 0.527182 0.716367
vt 0.535184 0.699324
vt 0.555765 0.716367
vt 0.498599 0.716367
vt 0.473077 0.700765
vt 0.490126 0.700765
vt 0.467376 0.716367
vt 0.473077 0.700765
vt 0.498599 0.716367
vt 0.436152 0.716367
vt 0.415571 0.699324
vt 0.431178 0.699324
vt 0.407569 0.716367
vt 0.415571 0.699324
vt 0.436152 0.716367
vt 0.378987 0.716367
vt 0.353464 0.700765
vt 0.370513 0.700765
vt 0.347763 0.716367
vt 0.353464 0.700765
vt 0.378987 0.716367
vt 0.586989 0.716367
vt 0.564238 0.700765
vt 0.581287 0.700765
vt 0.555765 0.716367
vt 0.564238 0.700765
vt 0.586989 0.716367
vt 0.527182 0.716367
vt 0.503573 0.699324
vt 0.519180 0.699324
vt 0.498599 0.716367
vt 0.503573 0.699324
vt 0.527182 0.716367
vt 0.467376 0.716367
vt 0.444625 0.700765
vt 0.461674 0.700765
vt 0.436152 0.716367
vt 0.444625 0.700765
vt 0.467376 0.716367
vt 0.407569 0.716367
vt 0.383961 0.699324
vt 0.399567 0.699324
vt 0.378987 0.716367
vt 0.383961 0.699324
vt 0.407569 0.716367
vt 0.407569 0.759598
vt 0.378987 0.716367
vt 0.407569 0.716367
vt 0.378987 0.759598
vt 0.378987 0.716367
vt 0.407569 0.759598
vt 0.555765 0.759598
vt 0.527182 0.716367
vt 0.555765 0.716367
vt 0.527182 0.759598
vt 0.527182 0.716367
vt 0.555765 0.759598
vt 0.498599 0.759598
vt 0.467376 0.716367
vt 0.498599 0.716367
vt 0.467376 0.759598
vt 0.467376 0.716367
vt 0.498599 0.759598
vt 0.436152 0.759598
vt 0.407569 0.716367
vt 0.436152 0.716367
vt 0.407569 0.759598
vt 0.407569 0.716367
vt 0.436152 0.759598
vt 0.378987 0.759598
vt 0.347763 0.716367
vt 0.378987 0.716367
vt 0.347763 0.759598
vt 0.347763 0.716367
vt 0.378987 0.759598
vt 0.586989 0.759598
vt 0.555765 0.716367
vt 0.586989 0.716367
vt 0.555765 0.759598
vt 0.555765 0.716367
vt 0.586989 0.759598
vt 0.527182 0.759598
vt 0.498599 0.716367
vt 0.527182 0.716367
vt 0.498599 0.759598
vt 0.498599 0.716367
vt 0.527182 0.759598
vt 0.467376 0.759598
vt 0.436152 0.716367
vt 0.467376 0.716367
vt 0.436152 0.759598
vt 0.436152 0.716367
vt 0.467376 0.759598
vt 0.005187 0.397407
vt 0.078893 0.524976
vt 0.047670 0.524976
vt 0.142029 0.397407
vt 0.078893 0.524976
vt 0.005187 0.397407
vt 0.267298 0.397407
vt 0.355505 0.534834
vt 0.326922 0.534834
vt 0.392567 0.397407
vt 0.355505 0.534834
vt 0.267298 0.397407
vt 0.005187 0.555021
vt 0.078894 0.682590
vt 0.047670 0.682590
vt 0.142030 0.555021
vt 0.078894 0.682590
vt 0.005187 0.555021
vt 0.267299 0.555021
vt 0.355506 0.692448
vt 0.326923 0.692448
vt 0.392568 0.555020
vt 0.355506 0.692448
vt 0.267299 0.555021
vt 0.142029 0.397407
vt 0.207674 0.534835
vt 0.179091 0.534835
vt 0.267298 0.397407
vt 0.207674 0.534835
vt 0.142029 0.397407
vt 0.392567 0.397407
vt 0.486927 0.524976
vt 0.455703 0.524976
vt 0.529410 0.397407
vt 0.486927 0.524976
vt 0.392567 0.397407
vt 0.142030 0.555021
vt 0.207675 0.692448
vt 0.179092 0.692448
vt 0.267299 0.555021
vt 0.207675 0.692448
vt 0.142030 0.555021
vt 0.392568 0.555020
vt 0.486927 0.682588
vt 0.455704 0.682588
vt 0.529410 0.555020
vt 0.486927 0.682588
vt 0.392568 0.555020
vt 0.142030 0.535960
vt 0.267299 0.555021
vt 0.142030 0.555021
vt 0.267299 0.535960
vt 0.267299 0.555021
vt 0.142030 0.535960
vt 0.392568 0.535960
vt 0.529410 0.555020
vt 0.392568 0.555020
vt 0.529410 0.535960
vt 0.529410 0.555020
vt 0.392568 0.535960
vt 0.005187 0.378347
vt 0.142029 0.397407
vt 0.005187 0.397407
vt 0.142029 0.378347
vt 0.142029 0.397407
vt 0.005187 0.378347
vt 0.267298 0.378347
vt 0.392567 0.397407
vt 0.267298 0.397407
vt 0.392567 0.378347
vt 0.392567 0.397407
vt 0.267298 0.378347
vt 0.005187 0.535960
vt 0.142030 0.555021
vt 0.005187 0.555021
vt 0.142030 0.535960
vt 0.142030 0.555021
vt 0.005187 0.535960
vt 0.267299 0.535960
vt 0.392568 0.555020
vt 0.267299 0.555021
vt 0.392568 0.535960
vt 0.392568 0.555020
vt 0.267299 0.535960
vt 0.142029 0.378347
vt 0.267298 0.397407
vt 0.142029 0.397407
vt 0.267298 0.378347
vt 0.267298 0.397407
vt 0.142029 0.378347
vt 0.392567 0.378347
vt 0.529410 0.397407
vt 0.392567 0.397407
vt 0.529410 0.378347
vt 0.529410 0.397407
vt 0.392567 0.378347
vt 0.257713 0.994814
vt 0.335554 0.781805
vt 0.346638 0.906583
vt 0.230954 0.693574
vt 0.257713 0.994814
vt 0.120870 0.994814
vt 0.094111 0.693574
vt 0.120870 0.994814
vt 0.016271 0.906582
vt 0.094111 0.693574
vt 0.016271 0.906582
vt 0.005187 0.781804
vt 0.120870 0.994814
vt 0.094111 0.693574
vt 0.230954 0.693574
vt 0.257713 0.994814
vt 0.230954 0.693574
vt 0.335554 0.781805
vt 0.810925 0.097251
vt 0.736011 0.004038
vt 0.810925 0.000351
vt 0.736011 0.093563
vt 0.736011 0.004038
vt 0.810925 0.097251
vt 0.966921 0.083060
vt 0.885839 0.004038
vt 0.966921 0.014541
vt 0.885839 0.093563
vt 0.885839 0.004038
vt 0.966921 0.083060
vt 0.736011 0.093563
vt 0.634289 0.020151
vt 0.736011 0.004038
vt 0.634289 0.077451
vt 0.634289 0.020151
vt 0.736011 0.093563
vt 0.885839 0.093563
vt 0.810925 0.000351
vt 0.885839 0.004038
vt 0.810925 0.097251
vt 0.810925 0.000351
vt 0.885839 0.093563
vt 0.768739 0.536333
vt 0.667017 0.462920
vt 0.768740 0.446809
vt 0.667017 0.520221
vt 0.667017 0.462920
vt 0.768739 0.536333
vt 0.918568 0.536334
vt 0.843654 0.443121
vt 0.918568 0.446809
vt 0.843654 0.540021
vt 0.843654 0.443121
vt 0.918568 0.536334
vt 0.843654 0.540021
vt 0.768740 0.446809
vt 0.843654 0.443121
vt 0.768739 0.536333
vt 0.768740 0.446809
vt 0.843654 0.540021
vt 0.999649 0.525831
vt 0.918568 0.446809
vt 0.999649 0.457312
vt 0.918568 0.536334
vt 0.918568 0.446809
vt 0.999649 0.525831
vt 0.176987 0.442420
vt 0.102073 0.349208
vt 0.176987 0.345520
vt 0.102073 0.438732
vt 0.102073 0.349208
vt 0.176987 0.442420
vt 0.332983 0.428229
vt 0.251901 0.349208
vt 0.332983 0.359710
vt 0.251901 0.438732
vt 0.251901 0.349208
vt 0.332983 0.428229
vt 0.102073 0.438732
vt 0.000351 0.365319
vt 0.102073 0.349208
vt 0.000351 0.422620
vt 0.000351 0.365319
vt 0.102073 0.438732
vt 0.251901 0.438732
vt 0.176987 0.345520
vt 0.251901 0.349208
vt 0.176987 0.442420
vt 0.176987 0.345520
vt 0.251901 0.438732
vt 0.489680 0.345520
vt 0.564594 0.438732
vt 0.489680 0.442420
vt 0.564594 0.349208
vt 0.564594 0.438732
vt 0.489680 0.345520
vt 0.333684 0.359710
vt 0.414766 0.438732
vt 0.333684 0.428229
vt 0.414766 0.349207
vt 0.414766 0.438732
vt 0.333684 0.359710
vt 0.564594 0.349208
vt 0.666316 0.422620
vt 0.564594 0.438732
vt 0.666316 0.365320
vt 0.666316 0.422620
vt 0.564594 0.349208
vt 0.414766 0.349207
vt 0.489680 0.442420
vt 0.414766 0.438732
vt 0.489680 0.345520
vt 0.489680 0.442420
vt 0.414766 0.349207
vt 0.564594 0.446809
vt 0.666316 0.520221
vt 0.564594 0.536333
vt 0.666316 0.462921
vt 0.666316 0.520221
vt 0.564594 0.446809
vt 0.414766 0.446809
vt 0.489680 0.540022
vt 0.414766 0.536333
vt 0.489680 0.443121
vt 0.489680 0.540022
vt 0.414766 0.446809
vt 0.489680 0.443121
vt 0.564594 0.536333
vt 0.489680 0.540022
vt 0.564594 0.446809
vt 0.564594 0.536333
vt 0.489680 0.443121
vt 0.333684 0.457312
vt 0.414766 0.536333
vt 0.333684 0.525831
vt 0.414766 0.446809
vt 0.414766 0.536333
vt 0.333684 0.457312
vt 0.564594 0.544410
vt 0.666316 0.617823
vt 0.564594 0.633935
vt 0.666316 0.560522
vt 0.666316 0.617823
vt 0.564594 0.544410
vt 0.414766 0.544411
vt 0.489680 0.637623
vt 0.414766 0.633935
vt 0.489680 0.540722
vt 0.489680 0.637623
vt 0.414766 0.544411
vt 0.489680 0.540722
vt 0.564594 0.633935
vt 0.489680 0.637623
vt 0.564594 0.544410
vt 0.564594 0.633935
vt 0.489680 0.540722
vt 0.333684 0.554913
vt 0.414766 0.633935
vt 0.333684 0.623432
vt 0.414766 0.544411
vt 0.414766 0.633935
vt 0.333684 0.554913
vt 0.156346 0.540722
vt 0.231261 0.633935
vt 0.156346 0.637623
vt 0.231261 0.544411
vt 0.231261 0.633935
vt 0.156346 0.540722
vt 0.000351 0.554913
vt 0.081432 0.633935
vt 0.000351 0.623432
vt 0.081432 0.544411
vt 0.081432 0.633935
vt 0.000351 0.554913
vt 0.231261 0.544411
vt 0.332983 0.617823
vt 0.231261 0.633935
vt 0.332983 0.560523
vt 0.332983 0.617823
vt 0.231261 0.544411
vt 0.081432 0.544411
vt 0.156346 0.637623
vt 0.081432 0.633935
vt 0.156346 0.540722
vt 0.156346 0.637623
vt 0.081432 0.544411
vt 0.156346 0.638324
vt 0.231261 0.731536
vt 0.156347 0.735224
vt 0.231260 0.642012
vt 0.231261 0.731536
vt 0.156346 0.638324
vt 0.000351 0.652515
vt 0.081433 0.731537
vt 0.000351 0.721034
vt 0.081432 0.642012
vt 0.081433 0.731537
vt 0.000351 0.652515
vt 0.231260 0.642012
vt 0.332983 0.715424
vt 0.231261 0.731536
vt 0.332983 0.658123
vt 0.332983 0.715424
vt 0.231260 0.642012
vt 0.081432 0.642012
vt 0.156347 0.735224
vt 0.081433 0.731537
vt 0.156346 0.638324
vt 0.156347 0.735224
vt 0.081432 0.642012
vt 0.564594 0.739613
vt 0.666316 0.813026
vt 0.564594 0.829138
vt 0.666316 0.755726
vt 0.666316 0.813026
vt 0.564594 0.739613
vt 0.414766 0.739613
vt 0.489680 0.832826
vt 0.414766 0.829138
vt 0.489680 0.735925
vt 0.489680 0.832826
vt 0.414766 0.739613
vt 0.489680 0.735925
vt 0.564594 0.829138
vt 0.489680 0.832826
vt 0.564594 0.739613
vt 0.564594 0.829138
vt 0.489680 0.735925
vt 0.333684 0.750116
vt 0.414766 0.829138
vt 0.333684 0.818635
vt 0.414766 0.739613
vt 0.414766 0.829138
vt 0.333684 0.750116
vt 0.251901 0.536333
vt 0.176987 0.443121
vt 0.251901 0.446809
vt 0.176987 0.540021
vt 0.176987 0.443121
vt 0.251901 0.536333
vt 0.026571 0.270147
vt 0.206844 0.000351
vt 0.318597 0.075022
vt 0.176987 0.540021
vt 0.102073 0.446809
vt 0.176987 0.443121
vt 0.102073 0.536333
vt 0.102073 0.446809
vt 0.176987 0.540021
vt 0.332983 0.525831
vt 0.251901 0.446809
vt 0.332983 0.457312
vt 0.251901 0.536333
vt 0.251901 0.446809
vt 0.332983 0.525831
vt 0.026571 0.270147
vt 0.075022 0.026572
vt 0.206844 0.000351
vt 0.102073 0.536333
vt 0.000351 0.462921
vt 0.102073 0.446809
vt 0.000351 0.520221
vt 0.000351 0.462921
vt 0.102073 0.536333
vt 0.489680 0.833527
vt 0.564594 0.926739
vt 0.489680 0.930427
vt 0.564594 0.837215
vt 0.564594 0.926739
vt 0.489680 0.833527
vt 0.333684 0.847718
vt 0.414766 0.926739
vt 0.333684 0.916237
vt 0.414766 0.837215
vt 0.414766 0.926739
vt 0.333684 0.847718
vt 0.270147 0.318597
vt 0.075022 0.318597
vt 0.026571 0.270147
vt 0.564594 0.837215
vt 0.666316 0.910627
vt 0.564594 0.926739
vt 0.666316 0.853326
vt 0.666316 0.910627
vt 0.564594 0.837215
vt 0.414766 0.837215
vt 0.489680 0.930427
vt 0.414766 0.926739
vt 0.489680 0.833527
vt 0.489680 0.930427
vt 0.414766 0.837215
vt 0.270147 0.318597
vt 0.138325 0.344818
vt 0.075022 0.318597
vt 0.333684 0.652514
vt 0.414766 0.731536
vt 0.333684 0.721033
vt 0.414766 0.642012
vt 0.414766 0.731536
vt 0.333684 0.652514
vt 0.138325 0.344818
vt 0.270147 0.318597
vt 0.206844 0.344818
vt 0.564594 0.642012
vt 0.666316 0.715424
vt 0.564594 0.731536
vt 0.666316 0.658124
vt 0.666316 0.715424
vt 0.564594 0.642012
vt 0.414766 0.642012
vt 0.489680 0.735224
vt 0.414766 0.731536
vt 0.489680 0.638324
vt 0.489680 0.735224
vt 0.414766 0.642012
vt 0.270147 0.318597
vt 0.344818 0.206844
vt 0.318597 0.270147
vt 0.489680 0.638324
vt 0.564594 0.731536
vt 0.489680 0.735224
vt 0.564594 0.642012
vt 0.564594 0.731536
vt 0.489680 0.638324
vt 0.865199 0.199241
vt 0.966921 0.272653
vt 0.865199 0.288765
vt 0.966921 0.215353
vt 0.966921 0.272653
vt 0.865199 0.199241
vt 0.715370 0.199241
vt 0.790285 0.292454
vt 0.715370 0.288766
vt 0.790284 0.195553
vt 0.790285 0.292454
vt 0.715370 0.199241
vt 0.270147 0.318597
vt 0.344818 0.138325
vt 0.344818 0.206844
vt 0.790284 0.195553
vt 0.865199 0.288765
vt 0.790285 0.292454
vt 0.865199 0.199241
vt 0.865199 0.288765
vt 0.790284 0.195553
vt 0.634289 0.209744
vt 0.715370 0.288766
vt 0.634289 0.278263
vt 0.715370 0.199241
vt 0.715370 0.288766
vt 0.634289 0.209744
vt 0.270147 0.318597
vt 0.318597 0.075022
vt 0.344818 0.138325
vt 0.318597 0.075022
vt 0.206844 0.000351
vt 0.270147 0.026572
vt 0.156346 0.833527
vt 0.231261 0.926739
vt 0.156346 0.930427
vt 0.231260 0.837215
vt 0.231261 0.926739
vt 0.156346 0.833527
vt 0.000351 0.847718
vt 0.081432 0.926739
vt 0.000351 0.916237
vt 0.081432 0.837215
vt 0.081432 0.926739
vt 0.000351 0.847718
vt 0.206844 0.000351
vt 0.075022 0.026572
vt 0.138325 0.000351
vt 0.231260 0.837215
vt 0.332983 0.910627
vt 0.231261 0.926739
vt 0.332983 0.853327
vt 0.332983 0.910627
vt 0.231260 0.837215
vt 0.081432 0.837215
vt 0.156346 0.930427
vt 0.081432 0.926739
vt 0.156346 0.833527
vt 0.156346 0.930427
vt 0.081432 0.837215
vt 0.790285 0.097952
vt 0.865198 0.191164
vt 0.790284 0.194852
vt 0.865199 0.101640
vt 0.865198 0.191164
vt 0.790285 0.097952
vt 0.634289 0.112142
vt 0.715370 0.191164
vt 0.634289 0.180661
vt 0.715370 0.101640
vt 0.715370 0.191164
vt 0.634289 0.112142
vt 0.026571 0.270147
vt 0.026572 0.075022
vt 0.075022 0.026572
vt 0.865199 0.101640
vt 0.966921 0.175052
vt 0.865198 0.191164
vt 0.966921 0.117752
vt 0.966921 0.175052
vt 0.865199 0.101640
vt 0.715370 0.101640
vt 0.790284 0.194852
vt 0.715370 0.191164
vt 0.790285 0.097952
vt 0.790284 0.194852
vt 0.715370 0.101640
vt 0.026571 0.270147
vt 0.000351 0.138325
vt 0.026572 0.075022
vt 0.000351 0.138325
vt 0.026571 0.270147
vt 0.000351 0.206844
vt 0.231260 0.739614
vt 0.332983 0.813026
vt 0.231261 0.829138
vt 0.332983 0.755726
vt 0.332983 0.813026
vt 0.231260 0.739614
vt 0.081432 0.739614
vt 0.156346 0.832826
vt 0.081432 0.829138
vt 0.156346 0.735925
vt 0.156346 0.832826
vt 0.081432 0.739614
vt 0.026571 0.270147
vt 0.318597 0.075022
vt 0.270147 0.318597
vt 0.156346 0.735925
vt 0.231261 0.829138
vt 0.156346 0.832826
vt 0.231260 0.739614
vt 0.231261 0.829138
vt 0.156346 0.735925
vt 0.000351 0.750116
vt 0.081432 0.829138
vt 0.000351 0.818635
vt 0.081432 0.739614
vt 0.081432 0.829138
vt 0.000351 0.750116
vt 0.345520 0.173035
vt 0.633588 0.115734
vt 0.518204 0.288419
vt 0.367447 0.062796
vt 0.345520 0.173035
vt 0.345519 0.115735
vt 0.345520 0.173035
vt 0.367447 0.062796
vt 0.407965 0.022278
vt 0.345520 0.173035
vt 0.407965 0.022278
vt 0.460903 0.000351
vt 0.571142 0.022278
vt 0.460903 0.000351
vt 0.518203 0.000351
vt 0.633588 0.115734
vt 0.571142 0.022278
vt 0.611660 0.062796
vt 0.518204 0.288419
vt 0.633588 0.115734
vt 0.633588 0.173035
vt 0.518204 0.288419
vt 0.633588 0.173035
vt 0.611660 0.225973
vt 0.518204 0.288419
vt 0.611660 0.225973
vt 0.571142 0.266491
vt 0.345520 0.173035
vt 0.518204 0.288419
vt 0.460903 0.288419
vt 0.345520 0.173035
vt 0.460903 0.288419
vt 0.407965 0.266491
vt 0.345520 0.173035
vt 0.407965 0.266491
vt 0.367447 0.225973
vt 0.345520 0.173035
vt 0.460903 0.000351
vt 0.571142 0.022278
vt 0.345520 0.173035
vt 0.571142 0.022278
vt 0.633588 0.115734
vt 0.000324 0.334490
vt 0.463622 0.401323
vt 0.000324 0.401323
vt 0.463622 0.334490
vt 0.463622 0.401323
vt 0.000324 0.334490
vt 0.000324 0.267657
vt 0.463622 0.334490
vt 0.000324 0.334490
vt 0.463622 0.267657
vt 0.463622 0.334490
vt 0.000324 0.267657
vt 0.000324 0.200824
vt 0.463622 0.267657
vt 0.000324 0.267657
vt 0.463622 0.200824
vt 0.463622 0.267657
vt 0.000324 0.200824
vt 0.000324 0.133991
vt 0.463622 0.200824
vt 0.000324 0.200824
vt 0.463622 0.133991
vt 0.463622 0.200824
vt 0.000324 0.133991
vt 0.000324 0.067158
vt 0.463622 0.133991
vt 0.000324 0.133991
vt 0.463622 0.067157
vt 0.463622 0.133991
vt 0.000324 0.067158
vt 0.000324 0.000325
vt 0.463622 0.067157
vt 0.000324 0.067158
vt 0.463622 0.000324
vt 0.463622 0.067157
vt 0.000324 0.000325
vt 0.000324 0.468157
vt 0.463622 0.534990
vt 0.000324 0.534990
vt 0.463622 0.468156
vt 0.463622 0.534990
vt 0.000324 0.468157
vt 0.000324 0.401323
vt 0.463622 0.468156
vt 0.000324 0.468157
vt 0.463622 0.401323
vt 0.463622 0.468156
vt 0.000324 0.401323
vt 0.708913 0.625879
vt 0.800470 0.547780
vt 0.800470 0.614613
vt 0.708913 0.536514
vt 0.800470 0.547780
vt 0.708913 0.625879
vt 0.708913 0.179054
vt 0.800470 0.100955
vt 0.800470 0.167788
vt 0.708913 0.089689
vt 0.800470 0.100955
vt 0.708913 0.179054
vt 0.708913 0.447149
vt 0.800470 0.369050
vt 0.800470 0.435883
vt 0.708913 0.357784
vt 0.800470 0.369050
vt 0.708913 0.447149
vt 0.708913 0.715244
vt 0.800470 0.637145
vt 0.800470 0.703978
vt 0.708913 0.625879
vt 0.800470 0.637145
vt 0.708913 0.715244
vt 0.708913 0.268419
vt 0.800470 0.190320
vt 0.800470 0.257153
vt 0.708913 0.179054
vt 0.800470 0.190320
vt 0.708913 0.268419
vt 0.708913 0.089689
vt 0.800470 0.011590
vt 0.800470 0.078423
vt 0.708913 0.000324
vt 0.800470 0.011590
vt 0.708913 0.089689
vt 0.629355 0.089689
vt 0.708913 0.000324
vt 0.708913 0.089689
vt 0.629355 0.000324
vt 0.708913 0.000324
vt 0.629355 0.089689
vt 0.629355 0.625879
vt 0.708913 0.536514
vt 0.708913 0.625879
vt 0.629355 0.536514
vt 0.708913 0.536514
vt 0.629355 0.625879
vt 0.629355 0.536514
vt 0.708913 0.447149
vt 0.708913 0.536514
vt 0.629355 0.447149
vt 0.708913 0.447149
vt 0.629355 0.536514
vt 0.629355 0.357784
vt 0.708913 0.268419
vt 0.708913 0.357784
vt 0.629355 0.268419
vt 0.708913 0.268419
vt 0.629355 0.357784
vt 0.629355 0.179054
vt 0.708913 0.089689
vt 0.708913 0.179054
vt 0.629355 0.089689
vt 0.708913 0.089689
vt 0.629355 0.179054
vt 0.629355 0.715244
vt 0.708913 0.625879
vt 0.708913 0.715244
vt 0.629355 0.625879
vt 0.708913 0.625879
vt 0.629355 0.715244
vt 0.708913 0.536514
vt 0.800470 0.458415
vt 0.800470 0.525248
vt 0.708913 0.447149
vt 0.800470 0.458415
vt 0.708913 0.536514
vt 0.708913 0.357784
vt 0.800470 0.279685
vt 0.800470 0.346518
vt 0.708913 0.268419
vt 0.800470 0.279685
vt 0.708913 0.357784
vt 0.541328 0.338021
vt 0.629355 0.268419
vt 0.629355 0.357784
vt 0.541328 0.288183
vt 0.629355 0.268419
vt 0.541328 0.338021
vt 0.541328 0.159291
vt 0.629355 0.089689
vt 0.629355 0.179054
vt 0.541327 0.109453
vt 0.629355 0.089689
vt 0.541328 0.159291
vt 0.541327 0.695481
vt 0.629355 0.625879
vt 0.629355 0.715244
vt 0.541328 0.645642
vt 0.629355 0.625879
vt 0.541327 0.695481
vt 0.541328 0.427386
vt 0.629355 0.357784
vt 0.629355 0.447149
vt 0.541328 0.377548
vt 0.629355 0.357784
vt 0.541328 0.427386
vt 0.541328 0.248656
vt 0.629355 0.179054
vt 0.629355 0.268419
vt 0.541328 0.198818
vt 0.629355 0.179054
vt 0.541328 0.248656
vt 0.541328 0.069926
vt 0.629355 0.000324
vt 0.629355 0.089689
vt 0.541327 0.020088
vt 0.629355 0.000324
vt 0.541328 0.069926
vt 0.629355 0.268419
vt 0.708913 0.179054
vt 0.708913 0.268419
vt 0.629355 0.179054
vt 0.708913 0.179054
vt 0.629355 0.268419
vt 0.629355 0.447149
vt 0.708913 0.357784
vt 0.708913 0.447149
vt 0.629355 0.357784
vt 0.708913 0.357784
vt 0.629355 0.447149
vt 0.464270 0.670562
vt 0.541328 0.645642
vt 0.541327 0.695481
vt 0.464271 0.402467
vt 0.541328 0.377548
vt 0.541328 0.427386
vt 0.464271 0.223737
vt 0.541328 0.198818
vt 0.541328 0.248656
vt 0.464270 0.045007
vt 0.541327 0.020088
vt 0.541328 0.069926
vt 0.464271 0.581196
vt 0.541328 0.556277
vt 0.541328 0.606116
vt 0.464271 0.491832
vt 0.541328 0.466913
vt 0.541328 0.516751
vt 0.541328 0.516751
vt 0.629355 0.447149
vt 0.629355 0.536514
vt 0.541328 0.466913
vt 0.629355 0.447149
vt 0.541328 0.516751
vt 0.541328 0.606116
vt 0.629355 0.536514
vt 0.629355 0.625879
vt 0.541328 0.556277
vt 0.629355 0.536514
vt 0.541328 0.606116
vt 0.464270 0.134372
vt 0.541327 0.109453
vt 0.541328 0.159291
vt 0.464271 0.313102
vt 0.541328 0.288183
vt 0.541328 0.338021
vt 0.265231 0.842123
vt 0.206595 0.822333
vt 0.234063 0.810956
vt 0.309309 0.735711
vt 0.367944 0.755500
vt 0.340476 0.766878
vt 0.234063 0.766878
vt 0.234063 0.810956
vt 0.206595 0.822333
vt 0.340476 0.810956
vt 0.367944 0.755500
vt 0.367944 0.822334
vt 0.265231 0.842123
vt 0.253853 0.869592
vt 0.206595 0.822333
vt 0.253853 0.869592
vt 0.265231 0.842123
vt 0.309308 0.842124
vt 0.253853 0.869592
vt 0.309308 0.842124
vt 0.367944 0.822334
vt 0.320686 0.708242
vt 0.206595 0.755500
vt 0.253853 0.708242
vt 0.320686 0.708242
vt 0.265231 0.735711
vt 0.206595 0.755500
vt 0.265231 0.735711
vt 0.320686 0.708242
vt 0.309309 0.735711
vt 0.309308 0.842124
vt 0.340476 0.810956
vt 0.367944 0.822334
vt 0.253853 0.869592
vt 0.367944 0.822334
vt 0.320686 0.869592
vt 0.309309 0.735711
vt 0.320686 0.708242
vt 0.367944 0.755500
vt 0.340476 0.810956
vt 0.340476 0.766878
vt 0.367944 0.755500
vt 0.234063 0.766878
vt 0.206595 0.822333
vt 0.206595 0.755500
vt 0.206595 0.755500
vt 0.265231 0.735711
vt 0.234063 0.766878
vt 0.000324 0.334490
vt 0.463622 0.401323
vt 0.000324 0.401323
vt 0.463622 0.334490
vt 0.463622 0.401323
vt 0.000324 0.334490
vt 0.000324 0.267657
vt 0.463622 0.334490
vt 0.000324 0.334490
vt 0.463622 0.267657
vt 0.463622 0.334490
vt 0.000324 0.267657
vt 0.000324 0.200824
vt 0.463622 0.267657
vt 0.000324 0.267657
vt 0.463622 0.200824
vt 0.463622 0.267657
vt 0.000324 0.200824
vt 0.000324 0.133991
vt 0.463622 0.200824
vt 0.000324 0.200824
vt 0.463622 0.133991
vt 0.463622 0.200824
vt 0.000324 0.133991
vt 0.000324 0.067158
vt 0.463622 0.133991
vt 0.000324 0.133991
vt 0.463622 0.067157
vt 0.463622 0.133991
vt 0.000324 0.067158
vt 0.000324 0.000325
vt 0.463622 0.067157
vt 0.000324 0.067158
vt 0.463622 0.000324
vt 0.463622 0.067157
vt 0.000324 0.000325
vt 0.000324 0.468157
vt 0.463622 0.534990
vt 0.000324 0.534990
vt 0.463622 0.468156
vt 0.463622 0.534990
vt 0.000324 0.468157
vt 0.000324 0.401323
vt 0.463622 0.468156
vt 0.000324 0.468157
vt 0.463622 0.401323
vt 0.463622 0.468156
vt 0.000324 0.401323
vt 0.708913 0.625879
vt 0.800470 0.547780
vt 0.800470 0.614613
vt 0.708913 0.536514
vt 0.800470 0.547780
vt 0.708913 0.625879
vt 0.708913 0.179054
vt 0.800470 0.100955
vt 0.800470 0.167788
vt 0.708913 0.089689
vt 0.800470 0.100955
vt 0.708913 0.179054
vt 0.708913 0.447149
vt 0.800470 0.369050
vt 0.800470 0.435883
vt 0.708913 0.357784
vt 0.800470 0.369050
vt 0.708913 0.447149
vt 0.708913 0.715244
vt 0.800470 0.637145
vt 0.800470 0.703978
vt 0.708913 0.625879
vt 0.800470 0.637145
vt 0.708913 0.715244
vt 0.708913 0.268419
vt 0.800470 0.190320
vt 0.800470 0.257153
vt 0.708913 0.179054
vt 0.800470 0.190320
vt 0.708913 0.268419
vt 0.708913 0.089689
vt 0.800470 0.011590
vt 0.800470 0.078423
vt 0.708913 0.000324
vt 0.800470 0.011590
vt 0.708913 0.089689
vt 0.629355 0.089689
vt 0.708913 0.000324
vt 0.708913 0.089689
vt 0.629355 0.000324
vt 0.708913 0.000324
vt 0.629355 0.089689
vt 0.629355 0.625879
vt 0.708913 0.536514
vt 0.708913 0.625879
vt 0.629355 0.536514
vt 0.708913 0.536514
vt 0.629355 0.625879
vt 0.629355 0.536514
vt 0.708913 0.447149
vt 0.708913 0.536514
vt 0.629355 0.447149
vt 0.708913 0.447149
vt 0.629355 0.536514
vt 0.629355 0.357784
vt 0.708913 0.268419
vt 0.708913 0.357784
vt 0.629355 0.268419
vt 0.708913 0.268419
vt 0.629355 0.357784
vt 0.629355 0.179054
vt 0.708913 0.089689
vt 0.708913 0.179054
vt 0.629355 0.089689
vt 0.708913 0.089689
vt 0.629355 0.179054
vt 0.629355 0.715244
vt 0.708913 0.625879
vt 0.708913 0.715244
vt 0.629355 0.625879
vt 0.708913 0.625879
vt 0.629355 0.715244
vt 0.708913 0.536514
vt 0.800470 0.458415
vt 0.800470 0.525248
vt 0.708913 0.447149
vt 0.800470 0.458415
vt 0.708913 0.536514
vt 0.708913 0.357784
vt 0.800470 0.279685
vt 0.800470 0.346518
vt 0.708913 0.268419
vt 0.800470 0.279685
vt 0.708913 0.357784
vt 0.541328 0.338021
vt 0.629355 0.268419
vt 0.629355 0.357784
vt 0.541328 0.288183
vt 0.629355 0.268419
vt 0.541328 0.338021
vt 0.541328 0.159291
vt 0.629355 0.089689
vt 0.629355 0.179054
vt 0.541327 0.109453
vt 0.629355 0.089689
vt 0.541328 0.159291
vt 0.541327 0.695481
vt 0.629355 0.625879
vt 0.629355 0.715244
vt 0.541328 0.645642
vt 0.629355 0.625879
vt 0.541327 0.695481
vt 0.541328 0.427386
vt 0.629355 0.357784
vt 0.629355 0.447149
vt 0.541328 0.377548
vt 0.629355 0.357784
vt 0.541328 0.427386
vt 0.541328 0.248656
vt 0.629355 0.179054
vt 0.629355 0.268419
vt 0.541328 0.198818
vt 0.629355 0.179054
vt 0.541328 0.248656
vt 0.541328 0.069926
vt 0.629355 0.000324
vt 0.629355 0.089689
vt 0.541327 0.020088
vt 0.629355 0.000324
vt 0.541328 0.069926
vt 0.629355 0.268419
vt 0.708913 0.179054
vt 0.708913 0.268419
vt 0.629355 0.179054
vt 0.708913 0.179054
vt 0.629355 0.268419
vt 0.629355 0.447149
vt 0.708913 0.357784
vt 0.708913 0.447149
vt 0.629355 0.357784
vt 0.708913 0.357784
vt 0.629355 0.447149
vt 0.464270 0.670562
vt 0.541328 0.645642
vt 0.541327 0.695481
vt 0.464271 0.402467
vt 0.541328 0.377548
vt 0.541328 0.427386
vt 0.464271 0.223737
vt 0.541328 0.198818
vt 0.541328 0.248656
vt 0.464270 0.045007
vt 0.541327 0.020088
vt 0.541328 0.069926
vt 0.464271 0.581196
vt 0.541328 0.556277
vt 0.541328 0.606116
vt 0.464271 0.491832
vt 0.541328 0.466913
vt 0.541328 0.516751
vt 0.541328 0.516751
vt 0.629355 0.447149
vt 0.629355 0.536514
vt 0.541328 0.466913
vt 0.629355 0.447149
vt 0.541328 0.516751
vt 0.541328 0.606116
vt 0.629355 0.536514
vt 0.629355 0.625879
vt 0.541328 0.556277
vt 0.629355 0.536514
vt 0.541328 0.606116
vt 0.464270 0.134372
vt 0.541327 0.109453
vt 0.541328 0.159291
vt 0.464271 0.313102
vt 0.541328 0.288183
vt 0.541328 0.338021
vt 0.265231 0.842123
vt 0.206595 0.822333
vt 0.234063 0.810956
vt 0.309309 0.735711
vt 0.367944 0.755500
vt 0.340476 0.766878
vt 0.234063 0.766878
vt 0.234063 0.810956
vt 0.206595 0.822333
vt 0.340476 0.810956
vt 0.367944 0.755500
vt 0.367944 0.822334
vt 0.265231 0.842123
vt 0.253853 0.869592
vt 0.206595 0.822333
vt 0.253853 0.869592
vt 0.265231 0.842123
vt 0.309308 0.842124
vt 0.253853 0.869592
vt 0.309308 0.842124
vt 0.367944 0.822334
vt 0.320686 0.708242
vt 0.206595 0.755500
vt 0.253853 0.708242
vt 0.320686 0.708242
vt 0.265231 0.735711
vt 0.206595 0.755500
vt 0.265231 0.735711
vt 0.320686 0.708242
vt 0.309309 0.735711
vt 0.309308 0.842124
vt 0.340476 0.810956
vt 0.367944 0.822334
vt 0.253853 0.869592
vt 0.367944 0.822334
vt 0.320686 0.869592
vt 0.309309 0.735711
vt 0.320686 0.708242
vt 0.367944 0.755500
vt 0.340476 0.810956
vt 0.340476 0.766878
vt 0.367944 0.755500
vt 0.234063 0.766878
vt 0.206595 0.822333
vt 0.206595 0.755500
vt 0.206595 0.755500
vt 0.265231 0.735711
vt 0.234063 0.766878
vt 0.000324 0.334490
vt 0.463622 0.401323
vt 0.000324 0.401323
vt 0.463622 0.334490
vt 0.463622 0.401323
vt 0.000324 0.334490
vt 0.000324 0.267657
vt 0.463622 0.334490
vt 0.000324 0.334490
vt 0.463622 0.267657
vt 0.463622 0.334490
vt 0.000324 0.267657
vt 0.000324 0.200824
vt 0.463622 0.267657
vt 0.000324 0.267657
vt 0.463622 0.200824
vt 0.463622 0.267657
vt 0.000324 0.200824
vt 0.000324 0.133991
vt 0.463622 0.200824
vt 0.000324 0.200824
vt 0.463622 0.133991
vt 0.463622 0.200824
vt 0.000324 0.133991
vt 0.000324 0.067158
vt 0.463622 0.133991
vt 0.000324 0.133991
vt 0.463622 0.067157
vt 0.463622 0.133991
vt 0.000324 0.067158
vt 0.000324 0.000325
vt 0.463622 0.067157
vt 0.000324 0.067158
vt 0.463622 0.000324
vt 0.463622 0.067157
vt 0.000324 0.000325
vt 0.000324 0.468157
vt 0.463622 0.534990
vt 0.000324 0.534990
vt 0.463622 0.468156
vt 0.463622 0.534990
vt 0.000324 0.468157
vt 0.000324 0.401323
vt 0.463622 0.468156
vt 0.000324 0.468157
vt 0.463622 0.401323
vt 0.463622 0.468156
vt 0.000324 0.401323
vt 0.708913 0.625879
vt 0.800470 0.547780
vt 0.800470 0.614613
vt 0.708913 0.536514
vt 0.800470 0.547780
vt 0.708913 0.625879
vt 0.708913 0.179054
vt 0.800470 0.100955
vt 0.800470 0.167788
vt 0.708913 0.089689
vt 0.800470 0.100955
vt 0.708913 0.179054
vt 0.708913 0.447149
vt 0.800470 0.369050
vt 0.800470 0.435883
vt 0.708913 0.357784
vt 0.800470 0.369050
vt 0.708913 0.447149
vt 0.708913 0.715244
vt 0.800470 0.637145
vt 0.800470 0.703978
vt 0.708913 0.625879
vt 0.800470 0.637145
vt 0.708913 0.715244
vt 0.708913 0.268419
vt 0.800470 0.190320
vt 0.800470 0.257153
vt 0.708913 0.179054
vt 0.800470 0.190320
vt 0.708913 0.268419
vt 0.708913 0.089689
vt 0.800470 0.011590
vt 0.800470 0.078423
vt 0.708913 0.000324
vt 0.800470 0.011590
vt 0.708913 0.089689
vt 0.629355 0.089689
vt 0.708913 0.000324
vt 0.708913 0.089689
vt 0.629355 0.000324
vt 0.708913 0.000324
vt 0.629355 0.089689
vt 0.629355 0.625879
vt 0.708913 0.536514
vt 0.708913 0.625879
vt 0.629355 0.536514
vt 0.708913 0.536514
vt 0.629355 0.625879
vt 0.629355 0.536514
vt 0.708913 0.447149
vt 0.708913 0.536514
vt 0.629355 0.447149
vt 0.708913 0.447149
vt 0.629355 0.536514
vt 0.629355 0.357784
vt 0.708913 0.268419
vt 0.708913 0.357784
vt 0.629355 0.268419
vt 0.708913 0.268419
vt 0.629355 0.357784
vt 0.629355 0.179054
vt 0.708913 0.089689
vt 0.708913 0.179054
vt 0.629355 0.089689
vt 0.708913 0.089689
vt 0.629355 0.179054
vt 0.629355 0.715244
vt 0.708913 0.625879
vt 0.708913 0.715244
vt 0.629355 0.625879
vt 0.708913 0.625879
vt 0.629355 0.715244
vt 0.708913 0.536514
vt 0.800470 0.458415
vt 0.800470 0.525248
vt 0.708913 0.447149
vt 0.800470 0.458415
vt 0.708913 0.536514
vt 0.708913 0.357784
vt 0.800470 0.279685
vt 0.800470 0.346518
vt 0.708913 0.268419
vt 0.800470 0.279685
vt 0.708913 0.357784
vt 0.541328 0.338021
vt 0.629355 0.268419
vt 0.629355 0.357784
vt 0.541328 0.288183
vt 0.629355 0.268419
vt 0.541328 0.338021
vt 0.541328 0.159291
vt 0.629355 0.089689
vt 0.629355 0.179054
vt 0.541327 0.109453
vt 0.629355 0.089689
vt 0.541328 0.159291
vt 0.541327 0.695481
vt 0.629355 0.625879
vt 0.629355 0.715244
vt 0.541328 0.645642
vt 0.629355 0.625879
vt 0.541327 0.695481
vt 0.541328 0.427386
vt 0.629355 0.357784
vt 0.629355 0.447149
vt 0.541328 0.377548
vt 0.629355 0.357784
vt 0.541328 0.427386
vt 0.541328 0.248656
vt 0.629355 0.179054
vt 0.629355 0.268419
vt 0.541328 0.198818
vt 0.629355 0.179054
vt 0.541328 0.248656
vt 0.541328 0.069926
vt 0.629355 0.000324
vt 0.629355 0.089689
vt 0.541327 0.020088
vt 0.629355 0.000324
vt 0.541328 0.069926
vt 0.629355 0.268419
vt 0.708913 0.179054
vt 0.708913 0.268419
vt 0.629355 0.179054
vt 0.708913 0.179054
vt 0.629355 0.268419
vt 0.629355 0.447149
vt 0.708913 0.357784
vt 0.708913 0.447149
vt 0.629355 0.357784
vt 0.708913 0.357784
vt 0.629355 0.447149
vt 0.464270 0.670562
vt 0.541328 0.645642
vt 0.541327 0.695481
vt 0.464271 0.402467
vt 0.541328 0.377548
vt 0.541328 0.427386
vt 0.464271 0.223737
vt 0.541328 0.198818
vt 0.541328 0.248656
vt 0.464270 0.045007
vt 0.541327 0.020088
vt 0.541328 0.069926
vt 0.464271 0.581196
vt 0.541328 0.556277
vt 0.541328 0.606116
vt 0.464271 0.491832
vt 0.541328 0.466913
vt 0.541328 0.516751
vt 0.541328 0.516751
vt 0.629355 0.447149
vt 0.629355 0.536514
vt 0.541328 0.466913
vt 0.629355 0.447149
vt 0.541328 0.516751
vt 0.541328 0.606116
vt 0.629355 0.536514
vt 0.629355 0.625879
vt 0.541328 0.556277
vt 0.629355 0.536514
vt 0.541328 0.606116
vt 0.464270 0.134372
vt 0.541327 0.109453
vt 0.541328 0.159291
vt 0.464271 0.313102
vt 0.541328 0.288183
vt 0.541328 0.338021
vt 0.265231 0.842123
vt 0.206595 0.822333
vt 0.234063 0.810956
vt 0.309309 0.735711
vt 0.367944 0.755500
vt 0.340476 0.766878
vt 0.234063 0.766878
vt 0.234063 0.810956
vt 0.206595 0.822333
vt 0.340476 0.810956
vt 0.367944 0.755500
vt 0.367944 0.822334
vt 0.265231 0.842123
vt 0.253853 0.869592
vt 0.206595 0.822333
vt 0.253853 0.869592
vt 0.265231 0.842123
vt 0.309308 0.842124
vt 0.253853 0.869592
vt 0.309308 0.842124
vt 0.367944 0.822334
vt 0.320686 0.708242
vt 0.206595 0.755500
vt 0.253853 0.708242
vt 0.320686 0.708242
vt 0.265231 0.735711
vt 0.206595 0.755500
vt 0.265231 0.735711
vt 0.320686 0.708242
vt 0.309309 0.735711
vt 0.309308 0.842124
vt 0.340476 0.810956
vt 0.367944 0.822334
vt 0.253853 0.869592
vt 0.367944 0.822334
vt 0.320686 0.869592
vt 0.309309 0.735711
vt 0.320686 0.708242
vt 0.367944 0.755500
vt 0.340476 0.810956
vt 0.340476 0.766878
vt 0.367944 0.755500
vt 0.234063 0.766878
vt 0.206595 0.822333
vt 0.206595 0.755500
vt 0.206595 0.755500
vt 0.265231 0.735711
vt 0.234063 0.766878
vt 0.000324 0.334490
vt 0.463622 0.401323
vt 0.000324 0.401323
vt 0.463622 0.334490
vt 0.463622 0.401323
vt 0.000324 0.334490
vt 0.000324 0.267657
vt 0.463622 0.334490
vt 0.000324 0.334490
vt 0.463622 0.267657
vt 0.463622 0.334490
vt 0.000324 0.267657
vt 0.000324 0.200824
vt 0.463622 0.267657
vt 0.000324 0.267657
vt 0.463622 0.200824
vt 0.463622 0.267657
vt 0.000324 0.200824
vt 0.000324 0.133991
vt 0.463622 0.200824
vt 0.000324 0.200824
vt 0.463622 0.133991
vt 0.463622 0.200824
vt 0.000324 0.133991
vt 0.000324 0.067158
vt 0.463622 0.133991
vt 0.000324 0.133991
vt 0.463622 0.067157
vt 0.463622 0.133991
vt 0.000324 0.067158
vt 0.000324 0.000325
vt 0.463622 0.067157
vt 0.000324 0.067158
vt 0.463622 0.000324
vt 0.463622 0.067157
vt 0.000324 0.000325
vt 0.000324 0.468157
vt 0.463622 0.534990
vt 0.000324 0.534990
vt 0.463622 0.468156
vt 0.463622 0.534990
vt 0.000324 0.468157
vt 0.000324 0.401323
vt 0.463622 0.468156
vt 0.000324 0.468157
vt 0.463622 0.401323
vt 0.463622 0.468156
vt 0.000324 0.401323
vt 0.708913 0.625879
vt 0.800470 0.547780
vt 0.800470 0.614613
vt 0.708913 0.536514
vt 0.800470 0.547780
vt 0.708913 0.625879
vt 0.708913 0.179054
vt 0.800470 0.100955
vt 0.800470 0.167788
vt 0.708913 0.089689
vt 0.800470 0.100955
vt 0.708913 0.179054
vt 0.708913 0.447149
vt 0.800470 0.369050
vt 0.800470 0.435883
vt 0.708913 0.357784
vt 0.800470 0.369050
vt 0.708913 0.447149
vt 0.708913 0.715244
vt 0.800470 0.637145
vt 0.800470 0.703978
vt 0.708913 0.625879
vt 0.800470 0.637145
vt 0.708913 0.715244
vt 0.708913 0.268419
vt 0.800470 0.190320
vt 0.800470 0.257153
vt 0.708913 0.179054
vt 0.800470 0.190320
vt 0.708913 0.268419
vt 0.708913 0.089689
vt 0.800470 0.011590
vt 0.800470 0.078423
vt 0.708913 0.000324
vt 0.800470 0.011590
vt 0.708913 0.089689
vt 0.629355 0.089689
vt 0.708913 0.000324
vt 0.708913 0.089689
vt 0.629355 0.000324
vt 0.708913 0.000324
vt 0.629355 0.089689
vt 0.629355 0.625879
vt 0.708913 0.536514
vt 0.708913 0.625879
vt 0.629355 0.536514
vt 0.708913 0.536514
vt 0.629355 0.625879
vt 0.629355 0.536514
vt 0.708913 0.447149
vt 0.708913 0.536514
vt 0.629355 0.447149
vt 0.708913 0.447149
vt 0.629355 0.536514
vt 0.629355 0.357784
vt 0.708913 0.268419
vt 0.708913 0.357784
vt 0.629355 0.268419
vt 0.708913 0.268419
vt 0.629355 0.357784
vt 0.629355 0.179054
vt 0.708913 0.089689
vt 0.708913 0.179054
vt 0.629355 0.089689
vt 0.708913 0.089689
vt 0.629355 0.179054
vt 0.629355 0.715244
vt 0.708913 0.625879
vt 0.708913 0.715244
vt 0.629355 0.625879
vt 0.708913 0.625879
vt 0.629355 0.715244
vt 0.708913 0.536514
vt 0.800470 0.458415
vt 0.800470 0.525248
vt 0.708913 0.447149
vt 0.800470 0.458415
vt 0.708913 0.536514
vt 0.708913 0.357784
vt 0.800470 0.279685
vt 0.800470 0.346518
vt 0.708913 0.268419
vt 0.800470 0.279685
vt 0.708913 0.357784
vt 0.541328 0.338021
vt 0.629355 0.268419
vt 0.629355 0.357784
vt 0.541328 0.288183
vt 0.629355 0.268419
vt 0.541328 0.338021
vt 0.541328 0.159291
vt 0.629355 0.089689
vt 0.629355 0.179054
vt 0.541327 0.109453
vt 0.629355 0.089689
vt 0.541328 0.159291
vt 0.541327 0.695481
vt 0.629355 0.625879
vt 0.629355 0.715244
vt 0.541328 0.645642
vt 0.629355 0.625879
vt 0.541327 0.695481
vt 0.541328 0.427386
vt 0.629355 0.357784
vt 0.629355 0.447149
vt 0.541328 0.377548
vt 0.629355 0.357784
vt 0.541328 0.427386
vt 0.541328 0.248656
vt 0.629355 0.179054
vt 0.629355 0.268419
vt 0.541328 0.198818
vt 0.629355 0.179054
vt 0.541328 0.248656
vt 0.541328 0.069926
vt 0.629355 0.000324
vt 0.629355 0.089689
vt 0.541327 0.020088
vt 0.629355 0.000324
vt 0.541328 0.069926
vt 0.629355 0.268419
vt 0.708913 0.179054
vt 0.708913 0.268419
vt 0.629355 0.179054
vt 0.708913 0.179054
vt 0.629355 0.268419
vt 0.629355 0.447149
vt 0.708913 0.357784
vt 0.708913 0.447149
vt 0.629355 0.357784
vt 0.708913 0.357784
vt 0.629355 0.447149
vt 0.464270 0.670562
vt 0.541328 0.645642
vt 0.541327 0.695481
vt 0.464271 0.402467
vt 0.541328 0.377548
vt 0.541328 0.427386
vt 0.464271 0.223737
vt 0.541328 0.198818
vt 0.541328 0.248656
vt 0.464270 0.045007
vt 0.541327 0.020088
vt 0.541328 0.069926
vt 0.464271 0.581196
vt 0.541328 0.556277
vt 0.541328 0.606116
vt 0.464271 0.491832
vt 0.541328 0.466913
vt 0.541328 0.516751
vt 0.541328 0.516751
vt 0.629355 0.447149
vt 0.629355 0.536514
vt 0.541328 0.466913
vt 0.629355 0.447149
vt 0.541328 0.516751
vt 0.541328 0.606116
vt 0.629355 0.536514
vt 0.629355 0.625879
vt 0.541328 0.556277
vt 0.629355 0.536514
vt 0.541328 0.606116
vt 0.464270 0.134372
vt 0.541327 0.109453
vt 0.541328 0.159291
vt 0.464271 0.313102
vt 0.541328 0.288183
vt 0.541328 0.338021
vt 0.265231 0.842123
vt 0.206595 0.822333
vt 0.234063 0.810956
vt 0.309309 0.735711
vt 0.367944 0.755500
vt 0.340476 0.766878
vt 0.234063 0.766878
vt 0.234063 0.810956
vt 0.206595 0.822333
vt 0.340476 0.810956
vt 0.367944 0.755500
vt 0.367944 0.822334
vt 0.265231 0.842123
vt 0.253853 0.869592
vt 0.206595 0.822333
vt 0.253853 0.869592
vt 0.265231 0.842123
vt 0.309308 0.842124
vt 0.253853 0.869592
vt 0.309308 0.842124
vt 0.367944 0.822334
vt 0.320686 0.708242
vt 0.206595 0.755500
vt 0.253853 0.708242
vt 0.320686 0.708242
vt 0.265231 0.735711
vt 0.206595 0.755500
vt 0.265231 0.735711
vt 0.320686 0.708242
vt 0.309309 0.735711
vt 0.309308 0.842124
vt 0.340476 0.810956
vt 0.367944 0.822334
vt 0.253853 0.869592
vt 0.367944 0.822334
vt 0.320686 0.869592
vt 0.309309 0.735711
vt 0.320686 0.708242
vt 0.367944 0.755500
vt 0.340476 0.810956
vt 0.340476 0.766878
vt 0.367944 0.755500
vt 0.234063 0.766878
vt 0.206595 0.822333
vt 0.206595 0.755500
vt 0.206595 0.755500
vt 0.265231 0.735711
vt 0.234063 0.766878
vt 0.000324 0.334490
vt 0.463622 0.401323
vt 0.000324 0.401323
vt 0.463622 0.334490
vt 0.463622 0.401323
vt 0.000324 0.334490
vt 0.000324 0.267657
vt 0.463622 0.334490
vt 0.000324 0.334490
vt 0.463622 0.267657
vt 0.463622 0.334490
vt 0.000324 0.267657
vt 0.000324 0.200824
vt 0.463622 0.267657
vt 0.000324 0.267657
vt 0.463622 0.200824
vt 0.463622 0.267657
vt 0.000324 0.200824
vt 0.000324 0.133991
vt 0.463622 0.200824
vt 0.000324 0.200824
vt 0.463622 0.133991
vt 0.463622 0.200824
vt 0.000324 0.133991
vt 0.000324 0.067158
vt 0.463622 0.133991
vt 0.000324 0.133991
vt 0.463622 0.067157
vt 0.463622 0.133991
vt 0.000324 0.067158
vt 0.000324 0.000325
vt 0.463622 0.067157
vt 0.000324 0.067158
vt 0.463622 0.000324
vt 0.463622 0.067157
vt 0.000324 0.000325
vt 0.000324 0.468157
vt 0.463622 0.534990
vt 0.000324 0.534990
vt 0.463622 0.468156
vt 0.463622 0.534990
vt 0.000324 0.468157
vt 0.000324 0.401323
vt 0.463622 0.468156
vt 0.000324 0.468157
vt 0.463622 0.401323
vt 0.463622 0.468156
vt 0.000324 0.401323
vt 0.708913 0.625879
vt 0.800470 0.547780
vt 0.800470 0.614613
vt 0.708913 0.536514
vt 0.800470 0.547780
vt 0.708913 0.625879
vt 0.708913 0.179054
vt 0.800470 0.100955
vt 0.800470 0.167788
vt 0.708913 0.089689
vt 0.800470 0.100955
vt 0.708913 0.179054
vt 0.708913 0.447149
vt 0.800470 0.369050
vt 0.800470 0.435883
vt 0.708913 0.357784
vt 0.800470 0.369050
vt 0.708913 0.447149
vt 0.708913 0.715244
vt 0.800470 0.637145
vt 0.800470 0.703978
vt 0.708913 0.625879
vt 0.800470 0.637145
vt 0.708913 0.715244
vt 0.708913 0.268419
vt 0.800470 0.190320
vt 0.800470 0.257153
vt 0.708913 0.179054
vt 0.800470 0.190320
vt 0.708913 0.268419
vt 0.708913 0.089689
vt 0.800470 0.011590
vt 0.800470 0.078423
vt 0.708913 0.000324
vt 0.800470 0.011590
vt 0.708913 0.089689
vt 0.629355 0.089689
vt 0.708913 0.000324
vt 0.708913 0.089689
vt 0.629355 0.000324
vt 0.708913 0.000324
vt 0.629355 0.089689
vt 0.629355 0.625879
vt 0.708913 0.536514
vt 0.708913 0.625879
vt 0.629355 0.536514
vt 0.708913 0.536514
vt 0.629355 0.625879
vt 0.629355 0.536514
vt 0.708913 0.447149
vt 0.708913 0.536514
vt 0.629355 0.447149
vt 0.708913 0.447149
vt 0.629355 0.536514
vt 0.629355 0.357784
vt 0.708913 0.268419
vt 0.708913 0.357784
vt 0.629355 0.268419
vt 0.708913 0.268419
vt 0.629355 0.357784
vt 0.629355 0.179054
vt 0.708913 0.089689
vt 0.708913 0.179054
vt 0.629355 0.089689
vt 0.708913 0.089689
vt 0.629355 0.179054
vt 0.629355 0.715244
vt 0.708913 0.625879
vt 0.708913 0.715244
vt 0.629355 0.625879
vt 0.708913 0.625879
vt 0.629355 0.715244
vt 0.708913 0.536514
vt 0.800470 0.458415
vt 0.800470 0.525248
vt 0.708913 0.447149
vt 0.800470 0.458415
vt 0.708913 0.536514
vt 0.708913 0.357784
vt 0.800470 0.279685
vt 0.800470 0.346518
vt 0.708913 0.268419
vt 0.800470 0.279685
vt 0.708913 0.357784
vt 0.541328 0.338021
vt 0.629355 0.268419
vt 0.629355 0.357784
vt 0.541328 0.288183
vt 0.629355 0.268419
vt 0.541328 0.338021
vt 0.541328 0.159291
vt 0.629355 0.089689
vt 0.629355 0.179054
vt 0.541327 0.109453
vt 0.629355 0.089689
vt 0.541328 0.159291
vt 0.541327 0.695481
vt 0.629355 0.625879
vt 0.629355 0.715244
vt 0.541328 0.645642
vt 0.629355 0.625879
vt 0.541327 0.695481
vt 0.541328 0.427386
vt 0.629355 0.357784
vt 0.629355 0.447149
vt 0.541328 0.377548
vt 0.629355 0.357784
vt 0.541328 0.427386
vt 0.541328 0.248656
vt 0.629355 0.179054
vt 0.629355 0.268419
vt 0.541328 0.198818
vt 0.629355 0.179054
vt 0.541328 0.248656
vt 0.541328 0.069926
vt 0.629355 0.000324
vt 0.629355 0.089689
vt 0.541327 0.020088
vt 0.629355 0.000324
vt 0.541328 0.069926
vt 0.629355 0.268419
vt 0.708913 0.179054
vt 0.708913 0.268419
vt 0.629355 0.179054
vt 0.708913 0.179054
vt 0.629355 0.268419
vt 0.629355 0.447149
vt 0.708913 0.357784
vt 0.708913 0.447149
vt 0.629355 0.357784
vt 0.708913 0.357784
vt 0.629355 0.447149
vt 0.464270 0.670562
vt 0.541328 0.645642
vt 0.541327 0.695481
vt 0.464271 0.402467
vt 0.541328 0.377548
vt 0.541328 0.427386
vt 0.464271 0.223737
vt 0.541328 0.198818
vt 0.541328 0.248656
vt 0.464270 0.045007
vt 0.541327 0.020088
vt 0.541328 0.069926
vt 0.464271 0.581196
vt 0.541328 0.556277
vt 0.541328 0.606116
vt 0.464271 0.491832
vt 0.541328 0.466913
vt 0.541328 0.516751
vt 0.541328 0.516751
vt 0.629355 0.447149
vt 0.629355 0.536514
vt 0.541328 0.466913
vt 0.629355 0.447149
vt 0.541328 0.516751
vt 0.541328 0.606116
vt 0.629355 0.536514
vt 0.629355 0.625879
vt 0.541328 0.556277
vt 0.629355 0.536514
vt 0.541328 0.606116
vt 0.464270 0.134372
vt 0.541327 0.109453
vt 0.541328 0.159291
vt 0.464271 0.313102
vt 0.541328 0.288183
vt 0.541328 0.338021
vt 0.265231 0.842123
vt 0.206595 0.822333
vt 0.234063 0.810956
vt 0.309309 0.735711
vt 0.367944 0.755500
vt 0.340476 0.766878
vt 0.234063 0.766878
vt 0.234063 0.810956
vt 0.206595 0.822333
vt 0.340476 0.810956
vt 0.367944 0.755500
vt 0.367944 0.822334
vt 0.265231 0.842123
vt 0.253853 0.869592
vt 0.206595 0.822333
vt 0.253853 0.869592
vt 0.265231 0.842123
vt 0.309308 0.842124
vt 0.253853 0.869592
vt 0.309308 0.842124
vt 0.367944 0.822334
vt 0.320686 0.708242
vt 0.206595 0.755500
vt 0.253853 0.708242
vt 0.320686 0.708242
vt 0.265231 0.735711
vt 0.206595 0.755500
vt 0.265231 0.735711
vt 0.320686 0.708242
vt 0.309309 0.735711
vt 0.309308 0.842124
vt 0.340476 0.810956
vt 0.367944 0.822334
vt 0.253853 0.869592
vt 0.367944 0.822334
vt 0.320686 0.869592
vt 0.309309 0.735711
vt 0.320686 0.708242
vt 0.367944 0.755500
vt 0.340476 0.810956
vt 0.340476 0.766878
vt 0.367944 0.755500
vt 0.234063 0.766878
vt 0.206595 0.822333
vt 0.206595 0.755500
vt 0.206595 0.755500
vt 0.265231 0.735711
vt 0.234063 0.766878
vt 0.000324 0.334490
vt 0.463622 0.401323
vt 0.000324 0.401323
vt 0.463622 0.334490
vt 0.463622 0.401323
vt 0.000324 0.334490
vt 0.000324 0.267657
vt 0.463622 0.334490
vt 0.000324 0.334490
vt 0.463622 0.267657
vt 0.463622 0.334490
vt 0.000324 0.267657
vt 0.000324 0.200824
vt 0.463622 0.267657
vt 0.000324 0.267657
vt 0.463622 0.200824
vt 0.463622 0.267657
vt 0.000324 0.200824
vt 0.000324 0.133991
vt 0.463622 0.200824
vt 0.000324 0.200824
vt 0.463622 0.133991
vt 0.463622 0.200824
vt 0.000324 0.133991
vt 0.000324 0.067158
vt 0.463622 0.133991
vt 0.000324 0.133991
vt 0.463622 0.067157
vt 0.463622 0.133991
vt 0.000324 0.067158
vt 0.000324 0.000325
vt 0.463622 0.067157
vt 0.000324 0.067158
vt 0.463622 0.000324
vt 0.463622 0.067157
vt 0.000324 0.000325
vt 0.000324 0.468157
vt 0.463622 0.534990
vt 0.000324 0.534990
vt 0.463622 0.468156
vt 0.463622 0.534990
vt 0.000324 0.468157
vt 0.000324 0.401323
vt 0.463622 0.468156
vt 0.000324 0.468157
vt 0.463622 0.401323
vt 0.463622 0.468156
vt 0.000324 0.401323
vt 0.708913 0.625879
vt 0.800470 0.547780
vt 0.800470 0.614613
vt 0.708913 0.536514
vt 0.800470 0.547780
vt 0.708913 0.625879
vt 0.708913 0.179054
vt 0.800470 0.100955
vt 0.800470 0.167788
vt 0.708913 0.089689
vt 0.800470 0.100955
vt 0.708913 0.179054
vt 0.708913 0.447149
vt 0.800470 0.369050
vt 0.800470 0.435883
vt 0.708913 0.357784
vt 0.800470 0.369050
vt 0.708913 0.447149
vt 0.708913 0.715244
vt 0.800470 0.637145
vt 0.800470 0.703978
vt 0.708913 0.625879
vt 0.800470 0.637145
vt 0.708913 0.715244
vt 0.708913 0.268419
vt 0.800470 0.190320
vt 0.800470 0.257153
vt 0.708913 0.179054
vt 0.800470 0.190320
vt 0.708913 0.268419
vt 0.708913 0.089689
vt 0.800470 0.011590
vt 0.800470 0.078423
vt 0.708913 0.000324
vt 0.800470 0.011590
vt 0.708913 0.089689
vt 0.629355 0.089689
vt 0.708913 0.000324
vt 0.708913 0.089689
vt 0.629355 0.000324
vt 0.708913 0.000324
vt 0.629355 0.089689
vt 0.629355 0.625879
vt 0.708913 0.536514
vt 0.708913 0.625879
vt 0.629355 0.536514
vt 0.708913 0.536514
vt 0.629355 0.625879
vt 0.629355 0.536514
vt 0.708913 0.447149
vt 0.708913 0.536514
vt 0.629355 0.447149
vt 0.708913 0.447149
vt 0.629355 0.536514
vt 0.629355 0.357784
vt 0.708913 0.268419
vt 0.708913 0.357784
vt 0.629355 0.268419
vt 0.708913 0.268419
vt 0.629355 0.357784
vt 0.629355 0.179054
vt 0.708913 0.089689
vt 0.708913 0.179054
vt 0.629355 0.089689
vt 0.708913 0.089689
vt 0.629355 0.179054
vt 0.629355 0.715244
vt 0.708913 0.625879
vt 0.708913 0.715244
vt 0.629355 0.625879
vt 0.708913 0.625879
vt 0.629355 0.715244
vt 0.708913 0.536514
vt 0.800470 0.458415
vt 0.800470 0.525248
vt 0.708913 0.447149
vt 0.800470 0.458415
vt 0.708913 0.536514
vt 0.708913 0.357784
vt 0.800470 0.279685
vt 0.800470 0.346518
vt 0.708913 0.268419
vt 0.800470 0.279685
vt 0.708913 0.357784
vt 0.541328 0.338021
vt 0.629355 0.268419
vt 0.629355 0.357784
vt 0.541328 0.288183
vt 0.629355 0.268419
vt 0.541328 0.338021
vt 0.541328 0.159291
vt 0.629355 0.089689
vt 0.629355 0.179054
vt 0.541327 0.109453
vt 0.629355 0.089689
vt 0.541328 0.159291
vt 0.541327 0.695481
vt 0.629355 0.625879
vt 0.629355 0.715244
vt 0.541328 0.645642
vt 0.629355 0.625879
vt 0.541327 0.695481
vt 0.541328 0.427386
vt 0.629355 0.357784
vt 0.629355 0.447149
vt 0.541328 0.377548
vt 0.629355 0.357784
vt 0.541328 0.427386
vt 0.541328 0.248656
vt 0.629355 0.179054
vt 0.629355 0.268419
vt 0.541328 0.198818
vt 0.629355 0.179054
vt 0.541328 0.248656
vt 0.541328 0.069926
vt 0.629355 0.000324
vt 0.629355 0.089689
vt 0.541327 0.020088
vt 0.629355 0.000324
vt 0.541328 0.069926
vt 0.629355 0.268419
vt 0.708913 0.179054
vt 0.708913 0.268419
vt 0.629355 0.179054
vt 0.708913 0.179054
vt 0.629355 0.268419
vt 0.629355 0.447149
vt 0.708913 0.357784
vt 0.708913 0.447149
vt 0.629355 0.357784
vt 0.708913 0.357784
vt 0.629355 0.447149
vt 0.464270 0.670562
vt 0.541328 0.645642
vt 0.541327 0.695481
vt 0.464271 0.402467
vt 0.541328 0.377548
vt 0.541328 0.427386
vt 0.464271 0.223737
vt 0.541328 0.198818
vt 0.541328 0.248656
vt 0.464270 0.045007
vt 0.541327 0.020088
vt 0.541328 0.069926
vt 0.464271 0.581196
vt 0.541328 0.556277
vt 0.541328 0.606116
vt 0.464271 0.491832
vt 0.541328 0.466913
vt 0.541328 0.516751
vt 0.541328 0.516751
vt 0.629355 0.447149
vt 0.629355 0.536514
vt 0.541328 0.466913
vt 0.629355 0.447149
vt 0.541328 0.516751
vt 0.541328 0.606116
vt 0.629355 0.536514
vt 0.629355 0.625879
vt 0.541328 0.556277
vt 0.629355 0.536514
vt 0.541328 0.606116
vt 0.464270 0.134372
vt 0.541327 0.109453
vt 0.541328 0.159291
vt 0.464271 0.313102
vt 0.541328 0.288183
vt 0.541328 0.338021
vt 0.265231 0.842123
vt 0.206595 0.822333
vt 0.234063 0.810956
vt 0.309309 0.735711
vt 0.367944 0.755500
vt 0.340476 0.766878
vt 0.234063 0.766878
vt 0.234063 0.810956
vt 0.206595 0.822333
vt 0.340476 0.810956
vt 0.367944 0.755500
vt 0.367944 0.822334
vt 0.265231 0.842123
vt 0.253853 0.869592
vt 0.206595 0.822333
vt 0.253853 0.869592
vt 0.265231 0.842123
vt 0.309308 0.842124
vt 0.253853 0.869592
vt 0.309308 0.842124
vt 0.367944 0.822334
vt 0.320686 0.708242
vt 0.206595 0.755500
vt 0.253853 0.708242
vt 0.320686 0.708242
vt 0.265231 0.735711
vt 0.206595 0.755500
vt 0.265231 0.735711
vt 0.320686 0.708242
vt 0.309309 0.735711
vt 0.309308 0.842124
vt 0.340476 0.810956
vt 0.367944 0.822334
vt 0.253853 0.869592
vt 0.367944 0.822334
vt 0.320686 0.869592
vt 0.309309 0.735711
vt 0.320686 0.708242
vt 0.367944 0.755500
vt 0.340476 0.810956
vt 0.340476 0.766878
vt 0.367944 0.755500
vt 0.234063 0.766878
vt 0.206595 0.822333
vt 0.206595 0.755500
vt 0.206595 0.755500
vt 0.265231 0.735711
vt 0.234063 0.766878
vt 0.999656 0.060093
vt 0.957892 0.000344
vt 0.999656 0.000344
vt 0.957892 0.060093
vt 0.957892 0.000344
vt 0.999656 0.060093
vt 0.999656 0.159626
vt 0.957892 0.060093
vt 0.999656 0.060093
vt 0.957892 0.159626
vt 0.957892 0.060093
vt 0.999656 0.159626
vt 0.999656 0.259158
vt 0.957892 0.159626
vt 0.999656 0.159626
vt 0.957892 0.259158
vt 0.957892 0.159626
vt 0.999656 0.259158
vt 0.999656 0.318907
vt 0.957892 0.259158
vt 0.999656 0.259158
vt 0.957892 0.318907
vt 0.957892 0.259158
vt 0.999656 0.318907
vt 0.999656 0.378656
vt 0.957892 0.318907
vt 0.999656 0.318907
vt 0.957892 0.378656
vt 0.957892 0.318907
vt 0.999656 0.378656
vt 0.999656 0.478189
vt 0.957892 0.378656
vt 0.999656 0.378656
vt 0.957892 0.478189
vt 0.957892 0.378656
vt 0.999656 0.478189
vt 0.999656 0.577721
vt 0.957892 0.478189
vt 0.999656 0.478189
vt 0.957892 0.577721
vt 0.957892 0.478189
vt 0.999656 0.577721
vt 0.999656 0.637470
vt 0.957892 0.577721
vt 0.999656 0.577721
vt 0.957892 0.637470
vt 0.957892 0.577721
vt 0.999656 0.637470
vt 0.096728 0.306014
vt 0.167191 0.376580
vt 0.096728 0.376580
vt 0.167191 0.306014
vt 0.167191 0.376580
vt 0.096728 0.306014
vt 0.096728 0.188462
vt 0.167191 0.306014
vt 0.096728 0.306014
vt 0.167191 0.188462
vt 0.167191 0.306014
vt 0.096728 0.188462
vt 0.096728 0.070910
vt 0.167191 0.188462
vt 0.096728 0.188462
vt 0.167191 0.070910
vt 0.167191 0.188462
vt 0.096728 0.070910
vt 0.096728 0.000344
vt 0.167191 0.070910
vt 0.096728 0.070910
vt 0.167191 0.000344
vt 0.167191 0.070910
vt 0.096728 0.000344
vt 0.096728 0.682250
vt 0.167191 0.752817
vt 0.096728 0.752817
vt 0.167191 0.682250
vt 0.167191 0.752817
vt 0.096728 0.682250
vt 0.096728 0.564698
vt 0.167191 0.682250
vt 0.096728 0.682250
vt 0.167191 0.564698
vt 0.167191 0.682250
vt 0.096728 0.564698
vt 0.096728 0.447147
vt 0.167191 0.564698
vt 0.096728 0.564698
vt 0.167191 0.447147
vt 0.167191 0.564698
vt 0.096728 0.447147
vt 0.096728 0.376580
vt 0.167191 0.447147
vt 0.096728 0.447147
vt 0.167191 0.376580
vt 0.167191 0.447147
vt 0.096728 0.376580
vt 0.096728 0.376580
vt 0.081480 0.439738
vt 0.066059 0.421483
vt 0.044443 0.414725
vt 0.096728 0.376580
vt 0.066059 0.421483
vt 0.096728 0.447147
vt 0.081480 0.439738
vt 0.096728 0.376580
vt 0.044443 0.414725
vt 0.032513 0.403703
vt 0.096728 0.376580
vt 0.096728 0.447147
vt 0.063527 0.475256
vt 0.081480 0.439738
vt 0.018114 0.442812
vt 0.032513 0.403703
vt 0.044443 0.414725
vt 0.071868 0.484360
vt 0.063527 0.475256
vt 0.096728 0.447147
vt 0.018114 0.442812
vt 0.007209 0.438236
vt 0.032513 0.403703
vt 0.063527 0.475256
vt 0.071868 0.484360
vt 0.032722 0.505766
vt 0.032722 0.505766
vt 0.019593 0.488688
vt 0.026995 0.490010
vt 0.018114 0.442812
vt 0.016519 0.481439
vt 0.000344 0.480408
vt 0.063527 0.475256
vt 0.032722 0.505766
vt 0.026995 0.490010
vt 0.032722 0.505766
vt 0.013368 0.496703
vt 0.019593 0.488688
vt 0.000344 0.480408
vt 0.016519 0.481439
vt 0.019593 0.488688
vt 0.000344 0.480408
vt 0.019593 0.488688
vt 0.013368 0.496703
vt 0.391238 0.035804
vt 0.335415 0.036510
vt 0.382976 0.000344
vt 0.018114 0.442812
vt 0.000344 0.480408
vt 0.007209 0.438236
vt 0.441623 0.011764
vt 0.391238 0.035804
vt 0.382976 0.000344
vt 0.357945 0.061120
vt 0.335415 0.036510
vt 0.391238 0.035804
vt 0.441623 0.011764
vt 0.432291 0.043798
vt 0.391238 0.035804
vt 0.357945 0.061120
vt 0.335415 0.136042
vt 0.335415 0.036510
vt 0.485616 0.101046
vt 0.432291 0.043798
vt 0.441623 0.011764
vt 0.357945 0.130793
vt 0.335415 0.136042
vt 0.357945 0.061120
vt 0.485616 0.101046
vt 0.463086 0.106296
vt 0.432291 0.043798
vt 0.335415 0.136042
vt 0.357945 0.130793
vt 0.388740 0.193290
vt 0.388740 0.193290
vt 0.438056 0.236744
vt 0.379408 0.225325
vt 0.485616 0.101046
vt 0.485616 0.200579
vt 0.463086 0.175968
vt 0.335415 0.136042
vt 0.388740 0.193290
vt 0.379408 0.225325
vt 0.388740 0.193290
vt 0.429794 0.201284
vt 0.438056 0.236744
vt 0.463086 0.175968
vt 0.485616 0.200579
vt 0.438056 0.236744
vt 0.463086 0.175968
vt 0.438056 0.236744
vt 0.429794 0.201284
vt 0.485616 0.101046
vt 0.463086 0.175968
vt 0.463086 0.106296
vt 0.788083 0.259158
vt 0.829846 0.318907
vt 0.788083 0.318907
vt 0.829846 0.259158
vt 0.829846 0.318907
vt 0.788083 0.259158
vt 0.788083 0.159626
vt 0.829846 0.259158
vt 0.788083 0.259158
vt 0.829847 0.159626
vt 0.829846 0.259158
vt 0.788083 0.159626
vt 0.788083 0.060093
vt 0.829847 0.159626
vt 0.788083 0.159626
vt 0.829847 0.060093
vt 0.829847 0.159626
vt 0.788083 0.060093
vt 0.788084 0.000344
vt 0.829847 0.060093
vt 0.788083 0.060093
vt 0.829847 0.000344
vt 0.829847 0.060093
vt 0.788084 0.000344
vt 0.788083 0.577721
vt 0.829847 0.637470
vt 0.788083 0.637470
vt 0.829847 0.577721
vt 0.829847 0.637470
vt 0.788083 0.577721
vt 0.788083 0.478188
vt 0.829847 0.577721
vt 0.788083 0.577721
vt 0.829847 0.478188
vt 0.829847 0.577721
vt 0.788083 0.478188
vt 0.788083 0.378656
vt 0.829847 0.478188
vt 0.788083 0.478188
vt 0.829846 0.378656
vt 0.829847 0.478188
vt 0.788083 0.378656
vt 0.788083 0.318907
vt 0.829846 0.378656
vt 0.788083 0.378656
vt 0.829846 0.318907
vt 0.829846 0.378656
vt 0.788083 0.318907
vt 0.721410 0.739339
vt 0.679646 0.697514
vt 0.721410 0.697514
vt 0.679646 0.739339
vt 0.679646 0.697514
vt 0.721410 0.739339
vt 0.721410 0.809011
vt 0.679646 0.739339
vt 0.721410 0.739339
vt 0.679646 0.809011
vt 0.679646 0.739339
vt 0.721410 0.809011
vt 0.721410 0.878684
vt 0.679646 0.809011
vt 0.721410 0.809011
vt 0.679646 0.878684
vt 0.679646 0.809011
vt 0.721410 0.878684
vt 0.721410 0.920508
vt 0.679646 0.878684
vt 0.721410 0.878684
vt 0.679646 0.920508
vt 0.679646 0.878684
vt 0.721410 0.920508
vt 0.721410 0.516345
vt 0.679646 0.474521
vt 0.721410 0.474520
vt 0.679646 0.516345
vt 0.679646 0.474521
vt 0.721410 0.516345
vt 0.721410 0.586017
vt 0.679646 0.516345
vt 0.721410 0.516345
vt 0.679646 0.586018
vt 0.679646 0.516345
vt 0.721410 0.586017
vt 0.721410 0.655690
vt 0.679646 0.586018
vt 0.721410 0.586017
vt 0.679646 0.655690
vt 0.679646 0.586018
vt 0.721410 0.655690
vt 0.721410 0.697514
vt 0.679646 0.655690
vt 0.721410 0.655690
vt 0.679646 0.697514
vt 0.679646 0.655690
vt 0.721410 0.697514
vt 0.731572 0.201284
vt 0.787395 0.200578
vt 0.739834 0.236744
vt 0.681186 0.225324
vt 0.731572 0.201284
vt 0.739834 0.236744
vt 0.764864 0.175968
vt 0.787395 0.200578
vt 0.731572 0.201284
vt 0.681186 0.225324
vt 0.690519 0.193290
vt 0.731572 0.201284
vt 0.764864 0.175968
vt 0.787395 0.101046
vt 0.787395 0.200578
vt 0.637194 0.136042
vt 0.690519 0.193290
vt 0.681186 0.225324
vt 0.764864 0.106296
vt 0.787395 0.101046
vt 0.764864 0.175968
vt 0.637194 0.136042
vt 0.659724 0.130793
vt 0.690519 0.193290
vt 0.787395 0.101046
vt 0.764864 0.106296
vt 0.734070 0.043798
vt 0.734070 0.043798
vt 0.684754 0.000344
vt 0.743402 0.011764
vt 0.637194 0.136042
vt 0.637194 0.036510
vt 0.659724 0.061120
vt 0.787395 0.101046
vt 0.734070 0.043798
vt 0.743402 0.011764
vt 0.734070 0.043798
vt 0.693016 0.035804
vt 0.684754 0.000344
vt 0.659724 0.061120
vt 0.637194 0.036510
vt 0.684754 0.000344
vt 0.659724 0.061120
vt 0.684754 0.000344
vt 0.693016 0.035804
vt 0.542127 0.438372
vt 0.592513 0.462413
vt 0.533865 0.473832
vt 0.637194 0.136042
vt 0.659724 0.061120
vt 0.659724 0.130793
vt 0.486305 0.437667
vt 0.542127 0.438372
vt 0.533865 0.473832
vt 0.583180 0.430379
vt 0.592513 0.462413
vt 0.542127 0.438372
vt 0.486305 0.437667
vt 0.508835 0.413056
vt 0.542127 0.438372
vt 0.583180 0.430379
vt 0.636505 0.373130
vt 0.592513 0.462413
vt 0.486305 0.338134
vt 0.508835 0.413056
vt 0.486305 0.437667
vt 0.613975 0.367881
vt 0.636505 0.373130
vt 0.583180 0.430379
vt 0.486305 0.338134
vt 0.508835 0.343384
vt 0.508835 0.413056
vt 0.636505 0.373130
vt 0.613975 0.367881
vt 0.613975 0.298208
vt 0.613975 0.298208
vt 0.588945 0.237432
vt 0.636505 0.273598
vt 0.486305 0.338134
vt 0.530297 0.248852
vt 0.539630 0.280886
vt 0.636505 0.373130
vt 0.613975 0.298208
vt 0.636505 0.273598
vt 0.613975 0.298208
vt 0.580683 0.272892
vt 0.588945 0.237432
vt 0.539630 0.280886
vt 0.530297 0.248852
vt 0.588945 0.237432
vt 0.539630 0.280886
vt 0.588945 0.237432
vt 0.580683 0.272892
vt 0.486305 0.338134
vt 0.539630 0.280886
vt 0.508835 0.343384
vt 0.872988 0.259158
vt 0.914751 0.318907
vt 0.872988 0.318907
vt 0.914751 0.259158
vt 0.914751 0.318907
vt 0.872988 0.259158
vt 0.872988 0.159626
vt 0.914751 0.259158
vt 0.872988 0.259158
vt 0.914751 0.159626
vt 0.914751 0.259158
vt 0.872988 0.159626
vt 0.872988 0.060093
vt 0.914751 0.159626
vt 0.872988 0.159626
vt 0.914752 0.060093
vt 0.914751 0.159626
vt 0.872988 0.060093
vt 0.872988 0.000344
vt 0.914752 0.060093
vt 0.872988 0.060093
vt 0.914752 0.000344
vt 0.914752 0.060093
vt 0.872988 0.000344
vt 0.872988 0.577721
vt 0.914752 0.637470
vt 0.872988 0.637470
vt 0.914752 0.577721
vt 0.914752 0.637470
vt 0.872988 0.577721
vt 0.872988 0.478188
vt 0.914752 0.577721
vt 0.872988 0.577721
vt 0.914751 0.478188
vt 0.914752 0.577721
vt 0.872988 0.478188
vt 0.872988 0.378656
vt 0.914751 0.478188
vt 0.872988 0.478188
vt 0.914751 0.378656
vt 0.914751 0.478188
vt 0.872988 0.378656
vt 0.872988 0.318907
vt 0.914751 0.378656
vt 0.872988 0.378656
vt 0.914751 0.318907
vt 0.914751 0.378656
vt 0.872988 0.318907
vt 0.334727 0.447146
vt 0.264264 0.376580
vt 0.334727 0.376580
vt 0.264263 0.447146
vt 0.264264 0.376580
vt 0.334727 0.447146
vt 0.334727 0.564698
vt 0.264263 0.447146
vt 0.334727 0.447146
vt 0.264263 0.564698
vt 0.264263 0.447146
vt 0.334727 0.564698
vt 0.334727 0.682250
vt 0.264263 0.564698
vt 0.334727 0.564698
vt 0.264263 0.682250
vt 0.264263 0.564698
vt 0.334727 0.682250
vt 0.334727 0.752816
vt 0.264263 0.682250
vt 0.334727 0.682250
vt 0.264263 0.752816
vt 0.264263 0.682250
vt 0.334727 0.752816
vt 0.334727 0.070910
vt 0.264264 0.000344
vt 0.334727 0.000344
vt 0.264264 0.070910
vt 0.264264 0.000344
vt 0.334727 0.070910
vt 0.334727 0.188462
vt 0.264264 0.070910
vt 0.334727 0.070910
vt 0.264264 0.188462
vt 0.264264 0.070910
vt 0.334727 0.188462
vt 0.334727 0.306014
vt 0.264264 0.188462
vt 0.334727 0.188462
vt 0.264264 0.306014
vt 0.264264 0.188462
vt 0.334727 0.306014
vt 0.334727 0.376580
vt 0.264264 0.306014
vt 0.334727 0.306014
vt 0.264264 0.376580
vt 0.264264 0.306014
vt 0.334727 0.376580
vt 0.580683 0.035804
vt 0.530297 0.011764
vt 0.588945 0.000344
vt 0.636505 0.036510
vt 0.580683 0.035804
vt 0.588945 0.000344
vt 0.539630 0.043798
vt 0.530297 0.011764
vt 0.580683 0.035804
vt 0.636505 0.036510
vt 0.613975 0.061120
vt 0.580683 0.035804
vt 0.539630 0.043798
vt 0.486305 0.101046
vt 0.530297 0.011764
vt 0.636505 0.136042
vt 0.613975 0.061120
vt 0.636505 0.036510
vt 0.508835 0.106295
vt 0.486305 0.101046
vt 0.539630 0.043798
vt 0.636505 0.136042
vt 0.613975 0.130793
vt 0.613975 0.061120
vt 0.486305 0.101046
vt 0.508835 0.106295
vt 0.508835 0.175968
vt 0.508835 0.175968
vt 0.533865 0.236744
vt 0.486305 0.200578
vt 0.636505 0.136042
vt 0.592513 0.225324
vt 0.583180 0.193290
vt 0.486305 0.101046
vt 0.508835 0.175968
vt 0.486305 0.200578
vt 0.508835 0.175968
vt 0.542127 0.201284
vt 0.533865 0.236744
vt 0.583180 0.193290
vt 0.592513 0.225324
vt 0.533865 0.236744
vt 0.583180 0.193290
vt 0.533865 0.236744
vt 0.542127 0.201284
vt 0.264264 0.376580
vt 0.249016 0.313423
vt 0.233595 0.331677
vt 0.636505 0.136042
vt 0.583180 0.193290
vt 0.613975 0.130793
vt 0.211979 0.338436
vt 0.264264 0.376580
vt 0.233595 0.331677
vt 0.264264 0.306014
vt 0.249016 0.313423
vt 0.264264 0.376580
vt 0.211979 0.338436
vt 0.200049 0.349458
vt 0.264264 0.376580
vt 0.264264 0.306014
vt 0.231062 0.277905
vt 0.249016 0.313423
vt 0.185650 0.310349
vt 0.200049 0.349458
vt 0.211979 0.338436
vt 0.239404 0.268801
vt 0.231062 0.277905
vt 0.264264 0.306014
vt 0.185650 0.310349
vt 0.174745 0.314924
vt 0.200049 0.349458
vt 0.231062 0.277905
vt 0.239404 0.268801
vt 0.200257 0.247395
vt 0.200257 0.247395
vt 0.187129 0.264473
vt 0.194530 0.263151
vt 0.185650 0.310349
vt 0.184054 0.271722
vt 0.167880 0.272753
vt 0.231062 0.277905
vt 0.200257 0.247395
vt 0.194530 0.263151
vt 0.200257 0.247395
vt 0.180903 0.256458
vt 0.187129 0.264473
vt 0.167880 0.272753
vt 0.184054 0.271722
vt 0.187129 0.264473
vt 0.167880 0.272753
vt 0.187129 0.264473
vt 0.180903 0.256458
vt 0.185650 0.310349
vt 0.167880 0.272753
vt 0.174745 0.314924
vt 0.830535 0.259157
vt 0.872299 0.318907
vt 0.830535 0.318907
vt 0.872299 0.259158
vt 0.872299 0.318907
vt 0.830535 0.259157
vt 0.830536 0.159625
vt 0.872299 0.259158
vt 0.830535 0.259157
vt 0.872299 0.159626
vt 0.872299 0.259158
vt 0.830536 0.159625
vt 0.830536 0.060093
vt 0.872299 0.159626
vt 0.830536 0.159625
vt 0.872299 0.060093
vt 0.872299 0.159626
vt 0.830536 0.060093
vt 0.830536 0.000344
vt 0.872299 0.060093
vt 0.830536 0.060093
vt 0.872299 0.000344
vt 0.872299 0.060093
vt 0.830536 0.000344
vt 0.830536 0.577721
vt 0.872299 0.637470
vt 0.830536 0.637470
vt 0.872299 0.577721
vt 0.872299 0.637470
vt 0.830536 0.577721
vt 0.830536 0.478188
vt 0.872299 0.577721
vt 0.830536 0.577721
vt 0.872299 0.478188
vt 0.872299 0.577721
vt 0.830536 0.478188
vt 0.830535 0.378656
vt 0.872299 0.478188
vt 0.830536 0.478188
vt 0.872299 0.378656
vt 0.872299 0.478188
vt 0.830535 0.378656
vt 0.830535 0.318907
vt 0.872299 0.378656
vt 0.830535 0.378656
vt 0.872299 0.318907
vt 0.872299 0.378656
vt 0.830535 0.318907
vt 0.787394 0.739339
vt 0.745631 0.697514
vt 0.787394 0.697514
vt 0.745631 0.739339
vt 0.745631 0.697514
vt 0.787394 0.739339
vt 0.787394 0.809011
vt 0.745631 0.739339
vt 0.787394 0.739339
vt 0.745631 0.809011
vt 0.745631 0.739339
vt 0.787394 0.809011
vt 0.787394 0.878684
vt 0.745631 0.809011
vt 0.787394 0.809011
vt 0.745631 0.878684
vt 0.745631 0.809011
vt 0.787394 0.878684
vt 0.787395 0.920509
vt 0.745631 0.878684
vt 0.787394 0.878684
vt 0.745631 0.920509
vt 0.745631 0.878684
vt 0.787395 0.920509
vt 0.787394 0.516345
vt 0.745631 0.474520
vt 0.787395 0.474521
vt 0.745631 0.516345
vt 0.745631 0.474520
vt 0.787394 0.516345
vt 0.787394 0.586018
vt 0.745631 0.516345
vt 0.787394 0.516345
vt 0.745631 0.586017
vt 0.745631 0.516345
vt 0.787394 0.586018
vt 0.787394 0.655690
vt 0.745631 0.586017
vt 0.787394 0.586018
vt 0.745631 0.655690
vt 0.745631 0.586017
vt 0.787394 0.655690
vt 0.787394 0.697514
vt 0.745631 0.655690
vt 0.787394 0.655690
vt 0.745631 0.697514
vt 0.745631 0.655690
vt 0.787394 0.697514
vt 0.391238 0.438372
vt 0.441624 0.462413
vt 0.382976 0.473832
vt 0.335415 0.437667
vt 0.391238 0.438372
vt 0.382976 0.473832
vt 0.432291 0.430379
vt 0.441624 0.462413
vt 0.391238 0.438372
vt 0.335415 0.437667
vt 0.357945 0.413057
vt 0.391238 0.438372
vt 0.432291 0.430379
vt 0.485616 0.373131
vt 0.441624 0.462413
vt 0.335415 0.338135
vt 0.357945 0.413057
vt 0.335415 0.437667
vt 0.463086 0.367881
vt 0.485616 0.373131
vt 0.432291 0.430379
vt 0.335415 0.338135
vt 0.357945 0.343384
vt 0.357945 0.413057
vt 0.485616 0.373131
vt 0.463086 0.367881
vt 0.463086 0.298209
vt 0.463086 0.298209
vt 0.438056 0.237432
vt 0.485616 0.273598
vt 0.335415 0.338135
vt 0.379408 0.248852
vt 0.388740 0.280886
vt 0.485616 0.373131
vt 0.463086 0.298209
vt 0.485616 0.273598
vt 0.463086 0.298209
vt 0.429794 0.272892
vt 0.438056 0.237432
vt 0.388740 0.280886
vt 0.379408 0.248852
vt 0.438056 0.237432
vt 0.388740 0.280886
vt 0.438056 0.237432
vt 0.429794 0.272892
vt 0.391238 0.675461
vt 0.441624 0.699501
vt 0.382976 0.710921
vt 0.335415 0.338135
vt 0.388740 0.280886
vt 0.357945 0.343384
vt 0.335415 0.674755
vt 0.391238 0.675461
vt 0.382976 0.710921
vt 0.432291 0.667467
vt 0.441624 0.699501
vt 0.391238 0.675461
vt 0.335415 0.674755
vt 0.357945 0.650145
vt 0.391238 0.675461
vt 0.432291 0.667467
vt 0.485616 0.610219
vt 0.441624 0.699501
vt 0.335415 0.575223
vt 0.357945 0.650145
vt 0.335415 0.674755
vt 0.463086 0.604969
vt 0.485616 0.610219
vt 0.432291 0.667467
vt 0.335415 0.575223
vt 0.357945 0.580472
vt 0.357945 0.650145
vt 0.485616 0.610219
vt 0.463086 0.604969
vt 0.463086 0.535297
vt 0.463086 0.535297
vt 0.438056 0.474521
vt 0.485616 0.510686
vt 0.335415 0.575223
vt 0.379408 0.485940
vt 0.388740 0.517975
vt 0.485616 0.610219
vt 0.463086 0.535297
vt 0.485616 0.510686
vt 0.463086 0.535297
vt 0.429794 0.509981
vt 0.438056 0.474521
vt 0.388740 0.517975
vt 0.379408 0.485940
vt 0.438056 0.474521
vt 0.388740 0.517975
vt 0.438056 0.474521
vt 0.429794 0.509981
vt 0.335415 0.575223
vt 0.388740 0.517975
vt 0.357945 0.580472
vt 0.915440 0.259157
vt 0.957204 0.318907
vt 0.915440 0.318907
vt 0.957204 0.259158
vt 0.957204 0.318907
vt 0.915440 0.259157
vt 0.915440 0.159625
vt 0.957204 0.259158
vt 0.915440 0.259157
vt 0.957204 0.159626
vt 0.957204 0.259158
vt 0.915440 0.159625
vt 0.915440 0.060093
vt 0.957204 0.159626
vt 0.915440 0.159625
vt 0.957204 0.060093
vt 0.957204 0.159626
vt 0.915440 0.060093
vt 0.915441 0.000344
vt 0.957204 0.060093
vt 0.915440 0.060093
vt 0.957204 0.000344
vt 0.957204 0.060093
vt 0.915441 0.000344
vt 0.915440 0.577720
vt 0.957204 0.637470
vt 0.915440 0.637470
vt 0.957204 0.577720
vt 0.957204 0.637470
vt 0.915440 0.577720
vt 0.915440 0.478188
vt 0.957204 0.577720
vt 0.915440 0.577720
vt 0.957204 0.478188
vt 0.957204 0.577720
vt 0.915440 0.478188
vt 0.915440 0.378656
vt 0.957204 0.478188
vt 0.915440 0.478188
vt 0.957204 0.378656
vt 0.957204 0.478188
vt 0.915440 0.378656
vt 0.915440 0.318907
vt 0.957204 0.378656
vt 0.915440 0.378656
vt 0.957204 0.318907
vt 0.957204 0.378656
vt 0.915440 0.318907
vt 0.637194 0.655690
vt 0.678957 0.697515
vt 0.637194 0.697515
vt 0.678957 0.655690
vt 0.678957 0.697515
vt 0.637194 0.655690
vt 0.637194 0.586018
vt 0.678957 0.655690
vt 0.637194 0.655690
vt 0.678957 0.586018
vt 0.678957 0.655690
vt 0.637194 0.586018
vt 0.637194 0.516345
vt 0.678957 0.586018
vt 0.637194 0.586018
vt 0.678958 0.516345
vt 0.678957 0.586018
vt 0.637194 0.516345
vt 0.637194 0.474520
vt 0.678958 0.516345
vt 0.637194 0.516345
vt 0.678958 0.474521
vt 0.678958 0.516345
vt 0.637194 0.474520
vt 0.637194 0.878684
vt 0.678958 0.920509
vt 0.637194 0.920509
vt 0.678958 0.878684
vt 0.678958 0.920509
vt 0.637194 0.878684
vt 0.637194 0.809012
vt 0.678958 0.878684
vt 0.637194 0.878684
vt 0.678957 0.809012
vt 0.678958 0.878684
vt 0.637194 0.809012
vt 0.637194 0.739339
vt 0.678957 0.809012
vt 0.637194 0.809012
vt 0.678957 0.739339
vt 0.678957 0.809012
vt 0.637194 0.739339
vt 0.637194 0.697515
vt 0.678957 0.739339
vt 0.637194 0.739339
vt 0.678957 0.697515
vt 0.678957 0.739339
vt 0.637194 0.697515
vt 0.542127 0.675460
vt 0.592513 0.699500
vt 0.533865 0.710920
vt 0.486305 0.674754
vt 0.542127 0.675460
vt 0.533865 0.710920
vt 0.583180 0.667467
vt 0.592513 0.699500
vt 0.542127 0.675460
vt 0.486305 0.674754
vt 0.508835 0.650145
vt 0.542127 0.675460
vt 0.583180 0.667467
vt 0.636505 0.610218
vt 0.592513 0.699500
vt 0.486305 0.575223
vt 0.508835 0.650145
vt 0.486305 0.674754
vt 0.613975 0.604969
vt 0.636505 0.610218
vt 0.583180 0.667467
vt 0.486305 0.575223
vt 0.508835 0.580472
vt 0.508835 0.650145
vt 0.636505 0.610218
vt 0.613975 0.604969
vt 0.613975 0.535296
vt 0.613975 0.535296
vt 0.588945 0.474521
vt 0.636505 0.510686
vt 0.486305 0.575223
vt 0.530297 0.485940
vt 0.539630 0.517974
vt 0.636505 0.610218
vt 0.613975 0.535296
vt 0.636505 0.510686
vt 0.613975 0.535296
vt 0.580683 0.509981
vt 0.588945 0.474521
vt 0.539630 0.517974
vt 0.530297 0.485940
vt 0.588945 0.474521
vt 0.539630 0.517974
vt 0.588945 0.474521
vt 0.580683 0.509981
vt 0.693016 0.438372
vt 0.743402 0.462412
vt 0.684754 0.473832
vt 0.486305 0.575223
vt 0.539630 0.517974
vt 0.508835 0.580472
vt 0.637194 0.437666
vt 0.693016 0.438372
vt 0.684754 0.473832
vt 0.734070 0.430378
vt 0.743402 0.462412
vt 0.693016 0.438372
vt 0.637194 0.437666
vt 0.659724 0.413056
vt 0.693016 0.438372
vt 0.734070 0.430378
vt 0.787395 0.373130
vt 0.743402 0.462412
vt 0.637194 0.338134
vt 0.659724 0.413056
vt 0.637194 0.437666
vt 0.764865 0.367881
vt 0.787395 0.373130
vt 0.734070 0.430378
vt 0.637194 0.338134
vt 0.659724 0.343384
vt 0.659724 0.413056
vt 0.787395 0.373130
vt 0.764865 0.367881
vt 0.764864 0.298208
vt 0.764864 0.298208
vt 0.739834 0.237432
vt 0.787395 0.273598
vt 0.637194 0.338134
vt 0.681186 0.248852
vt 0.690519 0.280886
vt 0.787395 0.373130
vt 0.764864 0.298208
vt 0.787395 0.273598
vt 0.764864 0.298208
vt 0.731572 0.272892
vt 0.739834 0.237432
vt 0.690519 0.280886
vt 0.681186 0.248852
vt 0.739834 0.237432
vt 0.690519 0.280886
vt 0.739834 0.237432
vt 0.731572 0.272892
vt 0.637194 0.338134
vt 0.690519 0.280886
vt 0.659724 0.343384
vt 0.636505 0.610218
vt 0.613975 0.535296
vt 0.636505 0.510686
vt 0.486305 0.575223
vt 0.530297 0.485940
vt 0.539630 0.517974
vt 0.613975 0.535296
vt 0.588945 0.474521
vt 0.636505 0.510686
vt 0.636505 0.610218
vt 0.613975 0.604969
vt 0.613975 0.535296
vt 0.486305 0.575223
vt 0.508835 0.580472
vt 0.508835 0.650145
vt 0.613975 0.604969
vt 0.636505 0.610218
vt 0.583180 0.667467
vt 0.915440 0.478188
vt 0.957204 0.577720
vt 0.915440 0.577720
vt 0.957204 0.478188
vt 0.957204 0.577720
vt 0.915440 0.478188
vt 0.486305 0.575223
vt 0.508835 0.650145
vt 0.486305 0.674754
vt 0.583180 0.667467
vt 0.636505 0.610218
vt 0.592513 0.699500
vt 0.915440 0.577720
vt 0.957204 0.637470
vt 0.915440 0.637470
vt 0.957204 0.577720
vt 0.957204 0.637470
vt 0.915440 0.577720
vt 0.486305 0.674754
vt 0.508835 0.650145
vt 0.542127 0.675460
vt 0.583180 0.667467
vt 0.592513 0.699500
vt 0.542127 0.675460
vt 0.915441 0.000344
vt 0.957204 0.060093
vt 0.915440 0.060093
vt 0.957204 0.000344
vt 0.957204 0.060093
vt 0.915441 0.000344
vt 0.486305 0.674754
vt 0.542127 0.675460
vt 0.533865 0.710920
vt 0.542127 0.675460
vt 0.592513 0.699500
vt 0.533865 0.710920
vt 0.915440 0.060093
vt 0.957204 0.159626
vt 0.915440 0.159625
vt 0.957204 0.060093
vt 0.957204 0.159626
vt 0.915440 0.060093
vt 0.637194 0.697515
vt 0.678957 0.739339
vt 0.637194 0.739339
vt 0.678957 0.697515
vt 0.678957 0.739339
vt 0.637194 0.697515
vt 0.637194 0.739339
vt 0.678957 0.809012
vt 0.637194 0.809012
vt 0.678957 0.739339
vt 0.678957 0.809012
vt 0.637194 0.739339
vt 0.637194 0.809012
vt 0.678958 0.878684
vt 0.637194 0.878684
vt 0.678957 0.809012
vt 0.678958 0.878684
vt 0.637194 0.809012
vt 0.915440 0.159625
vt 0.957204 0.259158
vt 0.915440 0.259157
vt 0.957204 0.159626
vt 0.957204 0.259158
vt 0.915440 0.159625
vt 0.637194 0.878684
vt 0.678958 0.920509
vt 0.637194 0.920509
vt 0.678958 0.878684
vt 0.678958 0.920509
vt 0.637194 0.878684
vt 0.915440 0.259157
vt 0.957204 0.318907
vt 0.915440 0.318907
vt 0.957204 0.259158
vt 0.957204 0.318907
vt 0.915440 0.259157
vt 0.637194 0.474520
vt 0.678958 0.516345
vt 0.637194 0.516345
vt 0.678958 0.474521
vt 0.678958 0.516345
vt 0.637194 0.474520
vt 0.637194 0.516345
vt 0.678957 0.586018
vt 0.637194 0.586018
vt 0.678958 0.516345
vt 0.678957 0.586018
vt 0.637194 0.516345
vt 0.637194 0.586018
vt 0.678957 0.655690
vt 0.637194 0.655690
vt 0.678957 0.586018
vt 0.678957 0.655690
vt 0.637194 0.586018
vt 0.637194 0.655690
vt 0.678957 0.697515
vt 0.637194 0.697515
vt 0.678957 0.655690
vt 0.678957 0.697515
vt 0.637194 0.655690
vt 0.915440 0.318907
vt 0.957204 0.378656
vt 0.915440 0.378656
vt 0.957204 0.318907
vt 0.957204 0.378656
vt 0.915440 0.318907
vt 0.915440 0.378656
vt 0.957204 0.478188
vt 0.915440 0.478188
vt 0.957204 0.378656
vt 0.957204 0.478188
vt 0.915440 0.378656
vt 0.613975 0.535296
vt 0.580683 0.509981
vt 0.588945 0.474521
vt 0.539630 0.517974
vt 0.530297 0.485940
vt 0.588945 0.474521
vt 0.539630 0.517974
vt 0.588945 0.474521
vt 0.580683 0.509981
vt 0.693016 0.438372
vt 0.743402 0.462412
vt 0.684754 0.473832
vt 0.486305 0.575223
vt 0.539630 0.517974
vt 0.508835 0.580472
vt 0.637194 0.437666
vt 0.693016 0.438372
vt 0.684754 0.473832
vt 0.734070 0.430378
vt 0.743402 0.462412
vt 0.693016 0.438372
vt 0.637194 0.437666
vt 0.659724 0.413056
vt 0.693016 0.438372
vt 0.734070 0.430378
vt 0.787395 0.373130
vt 0.743402 0.462412
vt 0.637194 0.338134
vt 0.659724 0.413056
vt 0.637194 0.437666
vt 0.764865 0.367881
vt 0.787395 0.373130
vt 0.734070 0.430378
vt 0.637194 0.338134
vt 0.659724 0.343384
vt 0.659724 0.413056
vt 0.787395 0.373130
vt 0.764865 0.367881
vt 0.764864 0.298208
vt 0.764864 0.298208
vt 0.739834 0.237432
vt 0.787395 0.273598
vt 0.637194 0.338134
vt 0.681186 0.248852
vt 0.690519 0.280886
vt 0.787395 0.373130
vt 0.764864 0.298208
vt 0.787395 0.273598
vt 0.764864 0.298208
vt 0.731572 0.272892
vt 0.739834 0.237432
vt 0.690519 0.280886
vt 0.681186 0.248852
vt 0.739834 0.237432
vt 0.690519 0.280886
vt 0.739834 0.237432
vt 0.731572 0.272892
vt 0.637194 0.338134
vt 0.690519 0.280886
vt 0.659724 0.343384
vt 0.636505 0.610218
vt 0.613975 0.535296
vt 0.636505 0.510686
vt 0.486305 0.575223
vt 0.530297 0.485940
vt 0.539630 0.517974
vt 0.613975 0.535296
vt 0.588945 0.474521
vt 0.636505 0.510686
vt 0.636505 0.610218
vt 0.613975 0.604969
vt 0.613975 0.535296
vt 0.486305 0.575223
vt 0.508835 0.580472
vt 0.508835 0.650145
vt 0.613975 0.604969
vt 0.636505 0.610218
vt 0.583180 0.667467
vt 0.915440 0.478188
vt 0.957204 0.577720
vt 0.915440 0.577720
vt 0.957204 0.478188
vt 0.957204 0.577720
vt 0.915440 0.478188
vt 0.486305 0.575223
vt 0.508835 0.650145
vt 0.486305 0.674754
vt 0.583180 0.667467
vt 0.636505 0.610218
vt 0.592513 0.699500
vt 0.915440 0.577720
vt 0.957204 0.637470
vt 0.915440 0.637470
vt 0.957204 0.577720
vt 0.957204 0.637470
vt 0.915440 0.577720
vt 0.486305 0.674754
vt 0.508835 0.650145
vt 0.542127 0.675460
vt 0.583180 0.667467
vt 0.592513 0.699500
vt 0.542127 0.675460
vt 0.915441 0.000344
vt 0.957204 0.060093
vt 0.915440 0.060093
vt 0.957204 0.000344
vt 0.957204 0.060093
vt 0.915441 0.000344
vt 0.486305 0.674754
vt 0.542127 0.675460
vt 0.533865 0.710920
vt 0.542127 0.675460
vt 0.592513 0.699500
vt 0.533865 0.710920
vt 0.915440 0.060093
vt 0.957204 0.159626
vt 0.915440 0.159625
vt 0.957204 0.060093
vt 0.957204 0.159626
vt 0.915440 0.060093
vt 0.637194 0.697515
vt 0.678957 0.739339
vt 0.637194 0.739339
vt 0.678957 0.697515
vt 0.678957 0.739339
vt 0.637194 0.697515
vt 0.637194 0.739339
vt 0.678957 0.809012
vt 0.637194 0.809012
vt 0.678957 0.739339
vt 0.678957 0.809012
vt 0.637194 0.739339
vt 0.637194 0.809012
vt 0.678958 0.878684
vt 0.637194 0.878684
vt 0.678957 0.809012
vt 0.678958 0.878684
vt 0.637194 0.809012
vt 0.915440 0.159625
vt 0.957204 0.259158
vt 0.915440 0.259157
vt 0.957204 0.159626
vt 0.957204 0.259158
vt 0.915440 0.159625
vt 0.637194 0.878684
vt 0.678958 0.920509
vt 0.637194 0.920509
vt 0.678958 0.878684
vt 0.678958 0.920509
vt 0.637194 0.878684
vt 0.915440 0.259157
vt 0.957204 0.318907
vt 0.915440 0.318907
vt 0.957204 0.259158
vt 0.957204 0.318907
vt 0.915440 0.259157
vt 0.637194 0.474520
vt 0.678958 0.516345
vt 0.637194 0.516345
vt 0.678958 0.474521
vt 0.678958 0.516345
vt 0.637194 0.474520
vt 0.637194 0.516345
vt 0.678957 0.586018
vt 0.637194 0.586018
vt 0.678958 0.516345
vt 0.678957 0.586018
vt 0.637194 0.516345
vt 0.637194 0.586018
vt 0.678957 0.655690
vt 0.637194 0.655690
vt 0.678957 0.586018
vt 0.678957 0.655690
vt 0.637194 0.586018
vt 0.637194 0.655690
vt 0.678957 0.697515
vt 0.637194 0.697515
vt 0.678957 0.655690
vt 0.678957 0.697515
vt 0.637194 0.655690
vt 0.915440 0.318907
vt 0.957204 0.378656
vt 0.915440 0.378656
vt 0.957204 0.318907
vt 0.957204 0.378656
vt 0.915440 0.318907
vt 0.915440 0.378656
vt 0.957204 0.478188
vt 0.915440 0.478188
vt 0.957204 0.378656
vt 0.957204 0.478188
vt 0.915440 0.378656
vt 0.613975 0.535296
vt 0.580683 0.509981
vt 0.588945 0.474521
vt 0.539630 0.517974
vt 0.530297 0.485940
vt 0.588945 0.474521
vt 0.539630 0.517974
vt 0.588945 0.474521
vt 0.580683 0.509981
vt 0.693016 0.438372
vt 0.743402 0.462412
vt 0.684754 0.473832
vt 0.486305 0.575223
vt 0.539630 0.517974
vt 0.508835 0.580472
vt 0.637194 0.437666
vt 0.693016 0.438372
vt 0.684754 0.473832
vt 0.734070 0.430378
vt 0.743402 0.462412
vt 0.693016 0.438372
vt 0.637194 0.437666
vt 0.659724 0.413056
vt 0.693016 0.438372
vt 0.734070 0.430378
vt 0.787395 0.373130
vt 0.743402 0.462412
vt 0.637194 0.338134
vt 0.659724 0.413056
vt 0.637194 0.437666
vt 0.764865 0.367881
vt 0.787395 0.373130
vt 0.734070 0.430378
vt 0.637194 0.338134
vt 0.659724 0.343384
vt 0.659724 0.413056
vt 0.787395 0.373130
vt 0.764865 0.367881
vt 0.764864 0.298208
vt 0.764864 0.298208
vt 0.739834 0.237432
vt 0.787395 0.273598
vt 0.637194 0.338134
vt 0.681186 0.248852
vt 0.690519 0.280886
vt 0.787395 0.373130
vt 0.764864 0.298208
vt 0.787395 0.273598
vt 0.764864 0.298208
vt 0.731572 0.272892
vt 0.739834 0.237432
vt 0.690519 0.280886
vt 0.681186 0.248852
vt 0.739834 0.237432
vt 0.690519 0.280886
vt 0.739834 0.237432
vt 0.731572 0.272892
vt 0.637194 0.338134
vt 0.690519 0.280886
vt 0.659724 0.343384
vt 0.413836 0.464901
vt 0.440386 0.442253
vt 0.440386 0.461634
vt 0.413836 0.438986
vt 0.440386 0.442253
vt 0.413836 0.464901
vt 0.413836 0.335326
vt 0.440386 0.312678
vt 0.440386 0.332059
vt 0.413836 0.309411
vt 0.440386 0.312678
vt 0.413836 0.335326
vt 0.413836 0.413071
vt 0.440386 0.390423
vt 0.440386 0.409804
vt 0.413836 0.387156
vt 0.440386 0.390423
vt 0.413836 0.413071
vt 0.413836 0.490816
vt 0.440386 0.468168
vt 0.440386 0.487549
vt 0.413836 0.464901
vt 0.440386 0.468168
vt 0.413836 0.490816
vt 0.413836 0.361241
vt 0.440386 0.338593
vt 0.440386 0.357974
vt 0.413836 0.335326
vt 0.440386 0.338593
vt 0.413836 0.361241
vt 0.413836 0.309411
vt 0.440386 0.286763
vt 0.440386 0.306144
vt 0.413836 0.283496
vt 0.440386 0.286763
vt 0.413836 0.309411
vt 0.390765 0.309411
vt 0.413836 0.283496
vt 0.413836 0.309411
vt 0.390765 0.283496
vt 0.413836 0.283496
vt 0.390765 0.309411
vt 0.390765 0.464901
vt 0.413836 0.438986
vt 0.413836 0.464901
vt 0.390765 0.438986
vt 0.413836 0.438986
vt 0.390765 0.464901
vt 0.390765 0.438986
vt 0.413836 0.413071
vt 0.413836 0.438986
vt 0.390765 0.413071
vt 0.413836 0.413071
vt 0.390765 0.438986
vt 0.390765 0.387156
vt 0.413836 0.361241
vt 0.413836 0.387156
vt 0.390765 0.361241
vt 0.413836 0.361241
vt 0.390765 0.387156
vt 0.390765 0.335326
vt 0.413836 0.309411
vt 0.413836 0.335326
vt 0.390765 0.309411
vt 0.413836 0.309411
vt 0.390765 0.335326
vt 0.390765 0.490816
vt 0.413836 0.464901
vt 0.413836 0.490816
vt 0.390765 0.464901
vt 0.413836 0.464901
vt 0.390765 0.490816
vt 0.413836 0.438986
vt 0.440386 0.416338
vt 0.440386 0.435719
vt 0.413836 0.413071
vt 0.440386 0.416338
vt 0.413836 0.438986
vt 0.413836 0.387156
vt 0.440386 0.364508
vt 0.440386 0.383889
vt 0.413836 0.361241
vt 0.440386 0.364508
vt 0.413836 0.387156
vt 0.365238 0.381424
vt 0.390765 0.361241
vt 0.390765 0.387156
vt 0.365238 0.366972
vt 0.390765 0.361241
vt 0.365238 0.381424
vt 0.365238 0.329594
vt 0.390765 0.309411
vt 0.390765 0.335326
vt 0.365238 0.315142
vt 0.390765 0.309411
vt 0.365238 0.329594
vt 0.365238 0.485085
vt 0.390765 0.464901
vt 0.390765 0.490816
vt 0.365237 0.470632
vt 0.390765 0.464901
vt 0.365238 0.485085
vt 0.365238 0.407340
vt 0.390765 0.387156
vt 0.390765 0.413071
vt 0.365238 0.392887
vt 0.390765 0.387156
vt 0.365238 0.407340
vt 0.365238 0.355510
vt 0.390765 0.335326
vt 0.390765 0.361241
vt 0.365238 0.341057
vt 0.390765 0.335326
vt 0.365238 0.355510
vt 0.365238 0.303679
vt 0.390765 0.283496
vt 0.390765 0.309411
vt 0.365238 0.289227
vt 0.390765 0.283496
vt 0.365238 0.303679
vt 0.390765 0.361241
vt 0.413836 0.335326
vt 0.413836 0.361241
vt 0.390765 0.335326
vt 0.413836 0.335326
vt 0.390765 0.361241
vt 0.390765 0.413071
vt 0.413836 0.387156
vt 0.413836 0.413071
vt 0.390765 0.387156
vt 0.413836 0.387156
vt 0.390765 0.413071
vt 0.342892 0.477858
vt 0.365237 0.470632
vt 0.365238 0.485085
vt 0.342892 0.400113
vt 0.365238 0.392887
vt 0.365238 0.407340
vt 0.342892 0.348283
vt 0.365238 0.341057
vt 0.365238 0.355510
vt 0.342892 0.296453
vt 0.365238 0.289227
vt 0.365238 0.303679
vt 0.342892 0.451943
vt 0.365238 0.444717
vt 0.365238 0.459170
vt 0.342892 0.426028
vt 0.365238 0.418802
vt 0.365238 0.433255
vt 0.365238 0.433255
vt 0.390765 0.413071
vt 0.390765 0.438986
vt 0.365238 0.418802
vt 0.390765 0.413071
vt 0.365238 0.433255
vt 0.365238 0.459170
vt 0.390765 0.438986
vt 0.390765 0.464901
vt 0.365238 0.444717
vt 0.390765 0.438986
vt 0.365238 0.459170
vt 0.342892 0.374198
vt 0.365238 0.366972
vt 0.365238 0.381424
vt 0.365238 0.315142
vt 0.365238 0.329594
vt 0.342892 0.322368
vt 0.413836 0.464901
vt 0.440386 0.442253
vt 0.440386 0.461634
vt 0.413836 0.438986
vt 0.440386 0.442253
vt 0.413836 0.464901
vt 0.413836 0.335326
vt 0.440386 0.312678
vt 0.440386 0.332059
vt 0.413836 0.309411
vt 0.440386 0.312678
vt 0.413836 0.335326
vt 0.413836 0.413071
vt 0.440386 0.390423
vt 0.440386 0.409804
vt 0.413836 0.387156
vt 0.440386 0.390423
vt 0.413836 0.413071
vt 0.413836 0.490816
vt 0.440386 0.468168
vt 0.440386 0.487549
vt 0.413836 0.464901
vt 0.440386 0.468168
vt 0.413836 0.490816
vt 0.413836 0.361241
vt 0.440386 0.338593
vt 0.440386 0.357974
vt 0.413836 0.335326
vt 0.440386 0.338593
vt 0.413836 0.361241
vt 0.413836 0.309411
vt 0.440386 0.286763
vt 0.440386 0.306144
vt 0.413836 0.283496
vt 0.440386 0.286763
vt 0.413836 0.309411
vt 0.390765 0.309411
vt 0.413836 0.283496
vt 0.413836 0.309411
vt 0.390765 0.283496
vt 0.413836 0.283496
vt 0.390765 0.309411
vt 0.390765 0.464901
vt 0.413836 0.438986
vt 0.413836 0.464901
vt 0.390765 0.438986
vt 0.413836 0.438986
vt 0.390765 0.464901
vt 0.390765 0.438986
vt 0.413836 0.413071
vt 0.413836 0.438986
vt 0.390765 0.413071
vt 0.413836 0.413071
vt 0.390765 0.438986
vt 0.390765 0.387156
vt 0.413836 0.361241
vt 0.413836 0.387156
vt 0.390765 0.361241
vt 0.413836 0.361241
vt 0.390765 0.387156
vt 0.390765 0.335326
vt 0.413836 0.309411
vt 0.413836 0.335326
vt 0.390765 0.309411
vt 0.413836 0.309411
vt 0.390765 0.335326
vt 0.390765 0.490816
vt 0.413836 0.464901
vt 0.413836 0.490816
vt 0.390765 0.464901
vt 0.413836 0.464901
vt 0.390765 0.490816
vt 0.413836 0.438986
vt 0.440386 0.416338
vt 0.440386 0.435719
vt 0.413836 0.413071
vt 0.440386 0.416338
vt 0.413836 0.438986
vt 0.413836 0.387156
vt 0.440386 0.364508
vt 0.440386 0.383889
vt 0.413836 0.361241
vt 0.440386 0.364508
vt 0.413836 0.387156
vt 0.365238 0.381424
vt 0.390765 0.361241
vt 0.390765 0.387156
vt 0.365238 0.366972
vt 0.390765 0.361241
vt 0.365238 0.381424
vt 0.365238 0.329594
vt 0.390765 0.309411
vt 0.390765 0.335326
vt 0.365238 0.315142
vt 0.390765 0.309411
vt 0.365238 0.329594
vt 0.365238 0.485085
vt 0.390765 0.464901
vt 0.390765 0.490816
vt 0.365237 0.470632
vt 0.390765 0.464901
vt 0.365238 0.485085
vt 0.365238 0.407340
vt 0.390765 0.387156
vt 0.390765 0.413071
vt 0.365238 0.392887
vt 0.390765 0.387156
vt 0.365238 0.407340
vt 0.365238 0.355510
vt 0.390765 0.335326
vt 0.390765 0.361241
vt 0.365238 0.341057
vt 0.390765 0.335326
vt 0.365238 0.355510
vt 0.365238 0.303679
vt 0.390765 0.283496
vt 0.390765 0.309411
vt 0.365238 0.289227
vt 0.390765 0.283496
vt 0.365238 0.303679
vt 0.390765 0.361241
vt 0.413836 0.335326
vt 0.413836 0.361241
vt 0.390765 0.335326
vt 0.413836 0.335326
vt 0.390765 0.361241
vt 0.390765 0.413071
vt 0.413836 0.387156
vt 0.413836 0.413071
vt 0.390765 0.387156
vt 0.413836 0.387156
vt 0.390765 0.413071
vt 0.342892 0.477858
vt 0.365237 0.470632
vt 0.365238 0.485085
vt 0.342892 0.400113
vt 0.365238 0.392887
vt 0.365238 0.407340
vt 0.342892 0.348283
vt 0.365238 0.341057
vt 0.365238 0.355510
vt 0.342892 0.296453
vt 0.365238 0.289227
vt 0.365238 0.303679
vt 0.342892 0.451943
vt 0.365238 0.444717
vt 0.365238 0.459170
vt 0.342892 0.426028
vt 0.365238 0.418802
vt 0.365238 0.433255
vt 0.365238 0.433255
vt 0.390765 0.413071
vt 0.390765 0.438986
vt 0.365238 0.418802
vt 0.390765 0.413071
vt 0.365238 0.433255
vt 0.365238 0.459170
vt 0.390765 0.438986
vt 0.390765 0.464901
vt 0.365238 0.444717
vt 0.390765 0.438986
vt 0.365238 0.459170
vt 0.342892 0.374198
vt 0.365238 0.366972
vt 0.365238 0.381424
vt 0.365238 0.315142
vt 0.365238 0.329594
vt 0.342892 0.322368
vt 0.413836 0.464901
vt 0.440386 0.442253
vt 0.440386 0.461634
vt 0.413836 0.438986
vt 0.440386 0.442253
vt 0.413836 0.464901
vt 0.413836 0.335326
vt 0.440386 0.312678
vt 0.440386 0.332059
vt 0.413836 0.309411
vt 0.440386 0.312678
vt 0.413836 0.335326
vt 0.413836 0.413071
vt 0.440386 0.390423
vt 0.440386 0.409804
vt 0.413836 0.387156
vt 0.440386 0.390423
vt 0.413836 0.413071
vt 0.413836 0.490816
vt 0.440386 0.468168
vt 0.440386 0.487549
vt 0.413836 0.464901
vt 0.440386 0.468168
vt 0.413836 0.490816
vt 0.413836 0.361241
vt 0.440386 0.338593
vt 0.440386 0.357974
vt 0.413836 0.335326
vt 0.440386 0.338593
vt 0.413836 0.361241
vt 0.413836 0.309411
vt 0.440386 0.286763
vt 0.440386 0.306144
vt 0.413836 0.283496
vt 0.440386 0.286763
vt 0.413836 0.309411
vt 0.390765 0.309411
vt 0.413836 0.283496
vt 0.413836 0.309411
vt 0.390765 0.283496
vt 0.413836 0.283496
vt 0.390765 0.309411
vt 0.390765 0.464901
vt 0.413836 0.438986
vt 0.413836 0.464901
vt 0.390765 0.438986
vt 0.413836 0.438986
vt 0.390765 0.464901
vt 0.390765 0.438986
vt 0.413836 0.413071
vt 0.413836 0.438986
vt 0.390765 0.413071
vt 0.413836 0.413071
vt 0.390765 0.438986
vt 0.390765 0.387156
vt 0.413836 0.361241
vt 0.413836 0.387156
vt 0.390765 0.361241
vt 0.413836 0.361241
vt 0.390765 0.387156
vt 0.390765 0.335326
vt 0.413836 0.309411
vt 0.413836 0.335326
vt 0.390765 0.309411
vt 0.413836 0.309411
vt 0.390765 0.335326
vt 0.390765 0.490816
vt 0.413836 0.464901
vt 0.413836 0.490816
vt 0.390765 0.464901
vt 0.413836 0.464901
vt 0.390765 0.490816
vt 0.413836 0.438986
vt 0.440386 0.416338
vt 0.440386 0.435719
vt 0.413836 0.413071
vt 0.440386 0.416338
vt 0.413836 0.438986
vt 0.413836 0.387156
vt 0.440386 0.364508
vt 0.440386 0.383889
vt 0.413836 0.361241
vt 0.440386 0.364508
vt 0.413836 0.387156
vt 0.365238 0.381424
vt 0.390765 0.361241
vt 0.390765 0.387156
vt 0.365238 0.366972
vt 0.390765 0.361241
vt 0.365238 0.381424
vt 0.365238 0.329594
vt 0.390765 0.309411
vt 0.390765 0.335326
vt 0.365238 0.315142
vt 0.390765 0.309411
vt 0.365238 0.329594
vt 0.365238 0.485085
vt 0.390765 0.464901
vt 0.390765 0.490816
vt 0.365237 0.470632
vt 0.390765 0.464901
vt 0.365238 0.485085
vt 0.365238 0.407340
vt 0.390765 0.387156
vt 0.390765 0.413071
vt 0.365238 0.392887
vt 0.390765 0.387156
vt 0.365238 0.407340
vt 0.365238 0.355510
vt 0.390765 0.335326
vt 0.390765 0.361241
vt 0.365238 0.341057
vt 0.390765 0.335326
vt 0.365238 0.355510
vt 0.365238 0.303679
vt 0.390765 0.283496
vt 0.390765 0.309411
vt 0.365238 0.289227
vt 0.390765 0.283496
vt 0.365238 0.303679
vt 0.390765 0.361241
vt 0.413836 0.335326
vt 0.413836 0.361241
vt 0.390765 0.335326
vt 0.413836 0.335326
vt 0.390765 0.361241
vt 0.390765 0.413071
vt 0.413836 0.387156
vt 0.413836 0.413071
vt 0.390765 0.387156
vt 0.413836 0.387156
vt 0.390765 0.413071
vt 0.342892 0.477858
vt 0.365237 0.470632
vt 0.365238 0.485085
vt 0.342892 0.400113
vt 0.365238 0.392887
vt 0.365238 0.407340
vt 0.342892 0.348283
vt 0.365238 0.341057
vt 0.365238 0.355510
vt 0.342892 0.296453
vt 0.365238 0.289227
vt 0.365238 0.303679
vt 0.342892 0.451943
vt 0.365238 0.444717
vt 0.365238 0.459170
vt 0.342892 0.426028
vt 0.365238 0.418802
vt 0.365238 0.433255
vt 0.365238 0.433255
vt 0.390765 0.413071
vt 0.390765 0.438986
vt 0.365238 0.418802
vt 0.390765 0.413071
vt 0.365238 0.433255
vt 0.365238 0.459170
vt 0.390765 0.438986
vt 0.390765 0.464901
vt 0.365238 0.444717
vt 0.390765 0.438986
vt 0.365238 0.459170
vt 0.342892 0.374198
vt 0.365238 0.366972
vt 0.365238 0.381424
vt 0.365238 0.315142
vt 0.365238 0.329594
vt 0.342892 0.322368
vt 0.413836 0.464901
vt 0.440386 0.442253
vt 0.440386 0.461634
vt 0.413836 0.438986
vt 0.440386 0.442253
vt 0.413836 0.464901
vt 0.413836 0.335326
vt 0.440386 0.312678
vt 0.440386 0.332059
vt 0.413836 0.309411
vt 0.440386 0.312678
vt 0.413836 0.335326
vt 0.413836 0.413071
vt 0.440386 0.390423
vt 0.440386 0.409804
vt 0.413836 0.387156
vt 0.440386 0.390423
vt 0.413836 0.413071
vt 0.413836 0.490816
vt 0.440386 0.468168
vt 0.440386 0.487549
vt 0.413836 0.464901
vt 0.440386 0.468168
vt 0.413836 0.490816
vt 0.413836 0.361241
vt 0.440386 0.338593
vt 0.440386 0.357974
vt 0.413836 0.335326
vt 0.440386 0.338593
vt 0.413836 0.361241
vt 0.413836 0.309411
vt 0.440386 0.286763
vt 0.440386 0.306144
vt 0.413836 0.283496
vt 0.440386 0.286763
vt 0.413836 0.309411
vt 0.390765 0.309411
vt 0.413836 0.283496
vt 0.413836 0.309411
vt 0.390765 0.283496
vt 0.413836 0.283496
vt 0.390765 0.309411
vt 0.390765 0.464901
vt 0.413836 0.438986
vt 0.413836 0.464901
vt 0.390765 0.438986
vt 0.413836 0.438986
vt 0.390765 0.464901
vt 0.390765 0.438986
vt 0.413836 0.413071
vt 0.413836 0.438986
vt 0.390765 0.413071
vt 0.413836 0.413071
vt 0.390765 0.438986
vt 0.390765 0.387156
vt 0.413836 0.361241
vt 0.413836 0.387156
vt 0.390765 0.361241
vt 0.413836 0.361241
vt 0.390765 0.387156
vt 0.390765 0.335326
vt 0.413836 0.309411
vt 0.413836 0.335326
vt 0.390765 0.309411
vt 0.413836 0.309411
vt 0.390765 0.335326
vt 0.390765 0.490816
vt 0.413836 0.464901
vt 0.413836 0.490816
vt 0.390765 0.464901
vt 0.413836 0.464901
vt 0.390765 0.490816
vt 0.413836 0.438986
vt 0.440386 0.416338
vt 0.440386 0.435719
vt 0.413836 0.413071
vt 0.440386 0.416338
vt 0.413836 0.438986
vt 0.413836 0.387156
vt 0.440386 0.364508
vt 0.440386 0.383889
vt 0.413836 0.361241
vt 0.440386 0.364508
vt 0.413836 0.387156
vt 0.365238 0.381424
vt 0.390765 0.361241
vt 0.390765 0.387156
vt 0.365238 0.366972
vt 0.390765 0.361241
vt 0.365238 0.381424
vt 0.365238 0.329594
vt 0.390765 0.309411
vt 0.390765 0.335326
vt 0.365238 0.315142
vt 0.390765 0.309411
vt 0.365238 0.329594
vt 0.365238 0.485085
vt 0.390765 0.464901
vt 0.390765 0.490816
vt 0.365237 0.470632
vt 0.390765 0.464901
vt 0.365238 0.485085
vt 0.365238 0.407340
vt 0.390765 0.387156
vt 0.390765 0.413071
vt 0.365238 0.392887
vt 0.390765 0.387156
vt 0.365238 0.407340
vt 0.365238 0.355510
vt 0.390765 0.335326
vt 0.390765 0.361241
vt 0.365238 0.341057
vt 0.390765 0.335326
vt 0.365238 0.355510
vt 0.365238 0.303679
vt 0.390765 0.283496
vt 0.390765 0.309411
vt 0.365238 0.289227
vt 0.390765 0.283496
vt 0.365238 0.303679
vt 0.390765 0.361241
vt 0.413836 0.335326
vt 0.413836 0.361241
vt 0.390765 0.335326
vt 0.413836 0.335326
vt 0.390765 0.361241
vt 0.390765 0.413071
vt 0.413836 0.387156
vt 0.413836 0.413071
vt 0.390765 0.387156
vt 0.413836 0.387156
vt 0.390765 0.413071
vt 0.342892 0.477858
vt 0.365237 0.470632
vt 0.365238 0.485085
vt 0.342892 0.400113
vt 0.365238 0.392887
vt 0.365238 0.407340
vt 0.342892 0.348283
vt 0.365238 0.341057
vt 0.365238 0.355510
vt 0.342892 0.296453
vt 0.365238 0.289227
vt 0.365238 0.303679
vt 0.342892 0.451943
vt 0.365238 0.444717
vt 0.365238 0.459170
vt 0.342892 0.426028
vt 0.365238 0.418802
vt 0.365238 0.433255
vt 0.365238 0.433255
vt 0.390765 0.413071
vt 0.390765 0.438986
vt 0.365238 0.418802
vt 0.390765 0.413071
vt 0.365238 0.433255
vt 0.365238 0.459170
vt 0.390765 0.438986
vt 0.390765 0.464901
vt 0.365238 0.444717
vt 0.390765 0.438986
vt 0.365238 0.459170
vt 0.342892 0.374198
vt 0.365238 0.366972
vt 0.365238 0.381424
vt 0.365238 0.315142
vt 0.365238 0.329594
vt 0.342892 0.322368
vt 0.413836 0.464901
vt 0.440386 0.442253
vt 0.440386 0.461634
vt 0.413836 0.438986
vt 0.440386 0.442253
vt 0.413836 0.464901
vt 0.413836 0.335326
vt 0.440386 0.312678
vt 0.440386 0.332059
vt 0.413836 0.309411
vt 0.440386 0.312678
vt 0.413836 0.335326
vt 0.413836 0.413071
vt 0.440386 0.390423
vt 0.440386 0.409804
vt 0.413836 0.387156
vt 0.440386 0.390423
vt 0.413836 0.413071
vt 0.413836 0.490816
vt 0.440386 0.468168
vt 0.440386 0.487549
vt 0.413836 0.464901
vt 0.440386 0.468168
vt 0.413836 0.490816
vt 0.413836 0.361241
vt 0.440386 0.338593
vt 0.440386 0.357974
vt 0.413836 0.335326
vt 0.440386 0.338593
vt 0.413836 0.361241
vt 0.413836 0.309411
vt 0.440386 0.286763
vt 0.440386 0.306144
vt 0.413836 0.283496
vt 0.440386 0.286763
vt 0.413836 0.309411
vt 0.390765 0.309411
vt 0.413836 0.283496
vt 0.413836 0.309411
vt 0.390765 0.283496
vt 0.413836 0.283496
vt 0.390765 0.309411
vt 0.390765 0.464901
vt 0.413836 0.438986
vt 0.413836 0.464901
vt 0.390765 0.438986
vt 0.413836 0.438986
vt 0.390765 0.464901
vt 0.390765 0.438986
vt 0.413836 0.413071
vt 0.413836 0.438986
vt 0.390765 0.413071
vt 0.413836 0.413071
vt 0.390765 0.438986
vt 0.390765 0.387156
vt 0.413836 0.361241
vt 0.413836 0.387156
vt 0.390765 0.361241
vt 0.413836 0.361241
vt 0.390765 0.387156
vt 0.390765 0.335326
vt 0.413836 0.309411
vt 0.413836 0.335326
vt 0.390765 0.309411
vt 0.413836 0.309411
vt 0.390765 0.335326
vt 0.390765 0.490816
vt 0.413836 0.464901
vt 0.413836 0.490816
vt 0.390765 0.464901
vt 0.413836 0.464901
vt 0.390765 0.490816
vt 0.413836 0.438986
vt 0.440386 0.416338
vt 0.440386 0.435719
vt 0.413836 0.413071
vt 0.440386 0.416338
vt 0.413836 0.438986
vt 0.413836 0.387156
vt 0.440386 0.364508
vt 0.440386 0.383889
vt 0.413836 0.361241
vt 0.440386 0.364508
vt 0.413836 0.387156
vt 0.365238 0.381424
vt 0.390765 0.361241
vt 0.390765 0.387156
vt 0.365238 0.366972
vt 0.390765 0.361241
vt 0.365238 0.381424
vt 0.365238 0.329594
vt 0.390765 0.309411
vt 0.390765 0.335326
vt 0.365238 0.315142
vt 0.390765 0.309411
vt 0.365238 0.329594
vt 0.365238 0.485085
vt 0.390765 0.464901
vt 0.390765 0.490816
vt 0.365237 0.470632
vt 0.390765 0.464901
vt 0.365238 0.485085
vt 0.365238 0.407340
vt 0.390765 0.387156
vt 0.390765 0.413071
vt 0.365238 0.392887
vt 0.390765 0.387156
vt 0.365238 0.407340
vt 0.365238 0.355510
vt 0.390765 0.335326
vt 0.390765 0.361241
vt 0.365238 0.341057
vt 0.390765 0.335326
vt 0.365238 0.355510
vt 0.365238 0.303679
vt 0.390765 0.283496
vt 0.390765 0.309411
vt 0.365238 0.289227
vt 0.390765 0.283496
vt 0.365238 0.303679
vt 0.390765 0.361241
vt 0.413836 0.335326
vt 0.413836 0.361241
vt 0.390765 0.335326
vt 0.413836 0.335326
vt 0.390765 0.361241
vt 0.390765 0.413071
vt 0.413836 0.387156
vt 0.413836 0.413071
vt 0.390765 0.387156
vt 0.413836 0.387156
vt 0.390765 0.413071
vt 0.342892 0.477858
vt 0.365237 0.470632
vt 0.365238 0.485085
vt 0.342892 0.400113
vt 0.365238 0.392887
vt 0.365238 0.407340
vt 0.342892 0.348283
vt 0.365238 0.341057
vt 0.365238 0.355510
vt 0.342892 0.296453
vt 0.365238 0.289227
vt 0.365238 0.303679
vt 0.342892 0.451943
vt 0.365238 0.444717
vt 0.365238 0.459170
vt 0.342892 0.426028
vt 0.365238 0.418802
vt 0.365238 0.433255
vt 0.365238 0.433255
vt 0.390765 0.413071
vt 0.390765 0.438986
vt 0.365238 0.418802
vt 0.390765 0.413071
vt 0.365238 0.433255
vt 0.365238 0.459170
vt 0.390765 0.438986
vt 0.390765 0.464901
vt 0.365238 0.444717
vt 0.390765 0.438986
vt 0.365238 0.459170
vt 0.342892 0.374198
vt 0.365238 0.366972
vt 0.365238 0.381424
vt 0.365238 0.315142
vt 0.365238 0.329594
vt 0.342892 0.322368
vt 0.413836 0.464901
vt 0.440386 0.442253
vt 0.440386 0.461634
vt 0.413836 0.438986
vt 0.440386 0.442253
vt 0.413836 0.464901
vt 0.413836 0.335326
vt 0.440386 0.312678
vt 0.440386 0.332059
vt 0.413836 0.309411
vt 0.440386 0.312678
vt 0.413836 0.335326
vt 0.413836 0.413071
vt 0.440386 0.390423
vt 0.440386 0.409804
vt 0.413836 0.387156
vt 0.440386 0.390423
vt 0.413836 0.413071
vt 0.413836 0.490816
vt 0.440386 0.468168
vt 0.440386 0.487549
vt 0.413836 0.464901
vt 0.440386 0.468168
vt 0.413836 0.490816
vt 0.413836 0.361241
vt 0.440386 0.338593
vt 0.440386 0.357974
vt 0.413836 0.335326
vt 0.440386 0.338593
vt 0.413836 0.361241
vt 0.413836 0.309411
vt 0.440386 0.286763
vt 0.440386 0.306144
vt 0.413836 0.283496
vt 0.440386 0.286763
vt 0.413836 0.309411
vt 0.390765 0.309411
vt 0.413836 0.283496
vt 0.413836 0.309411
vt 0.390765 0.283496
vt 0.413836 0.283496
vt 0.390765 0.309411
vt 0.390765 0.464901
vt 0.413836 0.438986
vt 0.413836 0.464901
vt 0.390765 0.438986
vt 0.413836 0.438986
vt 0.390765 0.464901
vt 0.390765 0.438986
vt 0.413836 0.413071
vt 0.413836 0.438986
vt 0.390765 0.413071
vt 0.413836 0.413071
vt 0.390765 0.438986
vt 0.390765 0.387156
vt 0.413836 0.361241
vt 0.413836 0.387156
vt 0.390765 0.361241
vt 0.413836 0.361241
vt 0.390765 0.387156
vt 0.390765 0.335326
vt 0.413836 0.309411
vt 0.413836 0.335326
vt 0.390765 0.309411
vt 0.413836 0.309411
vt 0.390765 0.335326
vt 0.390765 0.490816
vt 0.413836 0.464901
vt 0.413836 0.490816
vt 0.390765 0.464901
vt 0.413836 0.464901
vt 0.390765 0.490816
vt 0.413836 0.438986
vt 0.440386 0.416338
vt 0.440386 0.435719
vt 0.413836 0.413071
vt 0.440386 0.416338
vt 0.413836 0.438986
vt 0.413836 0.387156
vt 0.440386 0.364508
vt 0.440386 0.383889
vt 0.413836 0.361241
vt 0.440386 0.364508
vt 0.413836 0.387156
vt 0.365238 0.381424
vt 0.390765 0.361241
vt 0.390765 0.387156
vt 0.365238 0.366972
vt 0.390765 0.361241
vt 0.365238 0.381424
vt 0.365238 0.329594
vt 0.390765 0.309411
vt 0.390765 0.335326
vt 0.365238 0.315142
vt 0.390765 0.309411
vt 0.365238 0.329594
vt 0.365238 0.485085
vt 0.390765 0.464901
vt 0.390765 0.490816
vt 0.365237 0.470632
vt 0.390765 0.464901
vt 0.365238 0.485085
vt 0.365238 0.407340
vt 0.390765 0.387156
vt 0.390765 0.413071
vt 0.365238 0.392887
vt 0.390765 0.387156
vt 0.365238 0.407340
vt 0.365238 0.355510
vt 0.390765 0.335326
vt 0.390765 0.361241
vt 0.365238 0.341057
vt 0.390765 0.335326
vt 0.365238 0.355510
vt 0.365238 0.303679
vt 0.390765 0.283496
vt 0.390765 0.309411
vt 0.365238 0.289227
vt 0.390765 0.283496
vt 0.365238 0.303679
vt 0.390765 0.361241
vt 0.413836 0.335326
vt 0.413836 0.361241
vt 0.390765 0.335326
vt 0.413836 0.335326
vt 0.390765 0.361241
vt 0.390765 0.413071
vt 0.413836 0.387156
vt 0.413836 0.413071
vt 0.390765 0.387156
vt 0.413836 0.387156
vt 0.390765 0.413071
vt 0.342892 0.477858
vt 0.365237 0.470632
vt 0.365238 0.485085
vt 0.342892 0.400113
vt 0.365238 0.392887
vt 0.365238 0.407340
vt 0.342892 0.348283
vt 0.365238 0.341057
vt 0.365238 0.355510
vt 0.342892 0.296453
vt 0.365238 0.289227
vt 0.365238 0.303679
vt 0.342892 0.451943
vt 0.365238 0.444717
vt 0.365238 0.459170
vt 0.342892 0.426028
vt 0.365238 0.418802
vt 0.365238 0.433255
vt 0.365238 0.433255
vt 0.390765 0.413071
vt 0.390765 0.438986
vt 0.365238 0.418802
vt 0.390765 0.413071
vt 0.365238 0.433255
vt 0.365238 0.459170
vt 0.390765 0.438986
vt 0.390765 0.464901
vt 0.365238 0.444717
vt 0.390765 0.438986
vt 0.365238 0.459170
vt 0.342892 0.374198
vt 0.365238 0.366972
vt 0.365238 0.381424
vt 0.365238 0.315142
vt 0.365238 0.329594
vt 0.342892 0.322368

vn -0.163173 -0.548125 0.820326
vn -0.163173 -0.548125 0.820326
vn -0.163173 -0.548125 0.820326
vn -0.163172 -0.548125 0.820326
vn -0.163172 -0.548125 0.820326
vn -0.163172 -0.548125 0.820326
vn 0.340231 -0.790550 0.509190
vn 0.340231 -0.790550 0.509190
vn 0.340231 -0.790550 0.509190
vn 0.340225 -0.790551 0.509191
vn 0.340225 -0.790551 0.509191
vn 0.340225 -0.790551 0.509191
vn -0.535894 -0.263772 -0.802023
vn -0.535894 -0.263772 -0.802023
vn -0.535894 -0.263772 -0.802023
vn -0.535895 -0.263771 -0.802023
vn -0.535895 -0.263771 -0.802023
vn -0.535895 -0.263771 -0.802023
vn -0.091841 -0.882259 0.461718
vn -0.091841 -0.882259 0.461718
vn -0.091841 -0.882259 0.461718
vn -0.091841 -0.882259 0.461718
vn -0.091841 -0.882259 0.461718
vn -0.091841 -0.882259 0.461718
vn -0.192526 -0.161590 0.967896
vn -0.192526 -0.161590 0.967896
vn -0.192526 -0.161590 0.967896
vn -0.192526 -0.161590 0.967896
vn -0.192526 -0.161590 0.967896
vn -0.192526 -0.161590 0.967896
vn -0.298843 -0.933178 -0.199681
vn -0.298843 -0.933178 -0.199681
vn -0.298843 -0.933178 -0.199681
vn -0.298846 -0.933177 -0.199681
vn -0.298846 -0.933177 -0.199681
vn -0.298846 -0.933177 -0.199681
vn -0.802023 -0.263771 -0.535895
vn -0.802023 -0.263771 -0.535895
vn -0.802023 -0.263771 -0.535895
vn -0.802023 -0.263772 -0.535895
vn -0.802023 -0.263772 -0.535895
vn -0.802023 -0.263772 -0.535895
vn -0.261542 -0.882259 0.391426
vn -0.261542 -0.882259 0.391426
vn -0.261542 -0.882259 0.391426
vn -0.261542 -0.882259 0.391426
vn -0.261542 -0.882259 0.391426
vn -0.261542 -0.882259 0.391426
vn -0.548269 -0.161590 0.820542
vn -0.548269 -0.161590 0.820542
vn -0.548269 -0.161590 0.820542
vn -0.548269 -0.161590 0.820542
vn -0.548269 -0.161590 0.820542
vn -0.548269 -0.161590 0.820542
vn -0.363466 0.899395 -0.242860
vn -0.363466 0.899395 -0.242860
vn -0.363466 0.899395 -0.242860
vn -0.363466 0.899395 -0.242860
vn -0.363466 0.899395 -0.242860
vn -0.363466 0.899395 -0.242860
vn -0.802023 0.263772 -0.535895
vn -0.802023 0.263772 -0.535895
vn -0.802023 0.263772 -0.535895
vn -0.802024 0.263772 -0.535894
vn -0.802024 0.263772 -0.535894
vn -0.802024 0.263772 -0.535894
vn -0.464677 -0.548124 0.695439
vn -0.464677 -0.548124 0.695439
vn -0.464677 -0.548124 0.695439
vn -0.464677 -0.548125 0.695438
vn -0.464677 -0.548125 0.695438
vn -0.464677 -0.548125 0.695438
vn -0.600630 -0.790550 0.119472
vn -0.600630 -0.790550 0.119472
vn -0.600630 -0.790550 0.119472
vn -0.600632 -0.790549 0.119472
vn -0.600632 -0.790549 0.119472
vn -0.600632 -0.790549 0.119472
vn -0.612336 -0.676492 -0.409150
vn -0.612336 -0.676492 -0.409150
vn -0.612336 -0.676492 -0.409150
vn -0.612336 -0.676491 -0.409150
vn -0.612336 -0.676491 -0.409150
vn -0.612336 -0.676491 -0.409150
vn -0.820543 -0.161590 0.548269
vn -0.820543 -0.161590 0.548269
vn -0.820543 -0.161590 0.548269
vn -0.820542 -0.161590 0.548269
vn -0.820542 -0.161590 0.548269
vn -0.820542 -0.161590 0.548269
vn -0.612336 0.676492 -0.409150
vn -0.612336 0.676492 -0.409150
vn -0.612336 0.676492 -0.409150
vn -0.612336 0.676492 -0.409150
vn -0.612336 0.676492 -0.409150
vn -0.612336 0.676492 -0.409150
vn -0.000000 -1.000000 0.000000
vn -0.000000 -1.000000 0.000000
vn -0.000000 -1.000000 0.000000
vn -0.695439 -0.548124 0.464677
vn -0.695439 -0.548124 0.464677
vn -0.695439 -0.548124 0.464677
vn -0.695439 -0.548124 0.464677
vn -0.695439 -0.548124 0.464677
vn -0.695439 -0.548124 0.464677
vn -0.352510 -0.933177 -0.070119
vn -0.352510 -0.933177 -0.070119
vn -0.352510 -0.933177 -0.070119
vn -0.352510 -0.933178 -0.070118
vn -0.352510 -0.933178 -0.070118
vn -0.352510 -0.933178 -0.070118
vn -0.391426 -0.882259 0.261542
vn -0.391426 -0.882259 0.261542
vn -0.391426 -0.882259 0.261542
vn -0.391426 -0.882259 0.261542
vn -0.391426 -0.882259 0.261542
vn -0.391426 -0.882259 0.261542
vn 0.000029 -1.000000 0.000000
vn 0.000029 -1.000000 0.000000
vn 0.000029 -1.000000 0.000000
vn -0.820326 -0.548124 0.163173
vn -0.820326 -0.548124 0.163173
vn -0.820326 -0.548124 0.163173
vn -0.820326 -0.548124 0.163173
vn -0.820326 -0.548124 0.163173
vn -0.820326 -0.548124 0.163173
vn -0.946051 -0.263772 -0.188181
vn -0.946051 -0.263772 -0.188181
vn -0.946051 -0.263772 -0.188181
vn -0.946051 -0.263771 -0.188182
vn -0.946051 -0.263771 -0.188182
vn -0.946051 -0.263771 -0.188182
vn -0.722300 0.676491 -0.143674
vn -0.722300 0.676491 -0.143674
vn -0.722300 0.676491 -0.143674
vn -0.722299 0.676492 -0.143675
vn -0.722299 0.676492 -0.143675
vn -0.722299 0.676492 -0.143675
vn -0.461718 -0.882259 0.091841
vn -0.461718 -0.882259 0.091841
vn -0.461718 -0.882259 0.091841
vn -0.461718 -0.882259 0.091841
vn -0.461718 -0.882259 0.091841
vn -0.461718 -0.882259 0.091841
vn -0.967896 -0.161590 0.192526
vn -0.967896 -0.161590 0.192526
vn -0.967896 -0.161590 0.192526
vn -0.967896 -0.161590 0.192526
vn -0.967896 -0.161590 0.192526
vn -0.967896 -0.161590 0.192526
vn -0.722300 -0.676491 -0.143675
vn -0.722300 -0.676491 -0.143675
vn -0.722300 -0.676491 -0.143675
vn -0.722300 -0.676491 -0.143674
vn -0.722300 -0.676491 -0.143674
vn -0.722300 -0.676491 -0.143674
vn -0.195090 0.000000 -0.980785
vn -0.195090 0.000000 -0.980785
vn -0.195090 0.000000 -0.980785
vn -0.195090 0.000000 -0.980785
vn -0.195090 0.000000 -0.980785
vn -0.195090 0.000000 -0.980785
vn -0.946051 0.263772 -0.188181
vn -0.946051 0.263772 -0.188181
vn -0.946051 0.263772 -0.188181
vn -0.946051 0.263772 -0.188182
vn -0.946051 0.263772 -0.188182
vn -0.946051 0.263772 -0.188182
vn -0.428737 0.899395 -0.085281
vn -0.428737 0.899395 -0.085281
vn -0.428737 0.899395 -0.085281
vn -0.428737 0.899395 -0.085281
vn -0.428737 0.899395 -0.085281
vn -0.428737 0.899395 -0.085281
vn -0.461718 -0.882259 -0.091842
vn -0.461718 -0.882259 -0.091842
vn -0.461718 -0.882259 -0.091842
vn -0.461718 -0.882259 -0.091842
vn -0.461718 -0.882259 -0.091842
vn -0.461718 -0.882259 -0.091842
vn -0.967896 -0.161590 -0.192527
vn -0.967896 -0.161590 -0.192527
vn -0.967896 -0.161590 -0.192527
vn -0.967896 -0.161590 -0.192527
vn -0.967896 -0.161590 -0.192527
vn -0.967896 -0.161590 -0.192527
vn -0.428737 0.899395 0.085281
vn -0.428737 0.899395 0.085281
vn -0.428737 0.899395 0.085281
vn -0.428737 0.899395 0.085281
vn -0.428737 0.899395 0.085281
vn -0.428737 0.899395 0.085281
vn -0.722300 -0.676492 0.143675
vn -0.722300 -0.676492 0.143675
vn -0.722300 -0.676492 0.143675
vn -0.722300 -0.676491 0.143674
vn -0.722300 -0.676491 0.143674
vn -0.722300 -0.676491 0.143674
vn -0.000000 -1.000000 0.000000
vn -0.000000 -1.000000 0.000000
vn -0.000000 -1.000000 0.000000
vn -0.820326 -0.548124 -0.163173
vn -0.820326 -0.548124 -0.163173
vn -0.820326 -0.548124 -0.163173
vn -0.820326 -0.548124 -0.163173
vn -0.820326 -0.548124 -0.163173
vn -0.820326 -0.548124 -0.163173
vn -0.391426 -0.882259 -0.261542
vn -0.391426 -0.882259 -0.261542
vn -0.391426 -0.882259 -0.261542
vn -0.391427 -0.882259 -0.261542
vn -0.391427 -0.882259 -0.261542
vn -0.391427 -0.882259 -0.261542
vn -0.820542 -0.161590 -0.548269
vn -0.820542 -0.161590 -0.548269
vn -0.820542 -0.161590 -0.548269
vn -0.820542 -0.161590 -0.548269
vn -0.820542 -0.161590 -0.548269
vn -0.820542 -0.161590 -0.548269
vn -0.555571 0.000000 -0.831469
vn -0.555571 0.000000 -0.831469
vn -0.555571 0.000000 -0.831469
vn -0.555569 0.000000 -0.831470
vn -0.555569 0.000000 -0.831470
vn -0.555569 0.000000 -0.831470
vn -0.722300 0.676491 0.143674
vn -0.722300 0.676491 0.143674
vn -0.722300 0.676491 0.143674
vn -0.722299 0.676492 0.143675
vn -0.722299 0.676492 0.143675
vn -0.722299 0.676492 0.143675
vn -0.000003 -1.000000 0.000000
vn -0.000003 -1.000000 0.000000
vn -0.000003 -1.000000 0.000000
vn -0.695438 -0.548124 -0.464678
vn -0.695438 -0.548124 -0.464678
vn -0.695438 -0.548124 -0.464678
vn -0.695439 -0.548124 -0.464677
vn -0.695439 -0.548124 -0.464677
vn -0.695439 -0.548124 -0.464677
vn -0.946051 -0.263772 0.188181
vn -0.946051 -0.263772 0.188181
vn -0.946051 -0.263772 0.188181
vn -0.946051 -0.263772 0.188182
vn -0.946051 -0.263772 0.188182
vn -0.946051 -0.263772 0.188182
vn -0.352510 -0.933178 0.070119
vn -0.352510 -0.933178 0.070119
vn -0.352510 -0.933178 0.070119
vn -0.352509 -0.933178 0.070118
vn -0.352509 -0.933178 0.070118
vn -0.352509 -0.933178 0.070118
vn -0.946051 0.263773 0.188182
vn -0.946051 0.263773 0.188182
vn -0.946051 0.263773 0.188182
vn -0.946051 0.263772 0.188181
vn -0.946051 0.263772 0.188181
vn -0.946051 0.263772 0.188181
vn -0.000005 -1.000000 0.000000
vn -0.000005 -1.000000 0.000000
vn -0.000005 -1.000000 0.000000
vn -0.464677 -0.548124 -0.695439
vn -0.464677 -0.548124 -0.695439
vn -0.464677 -0.548124 -0.695439
vn -0.464677 -0.548124 -0.695439
vn -0.464677 -0.548124 -0.695439
vn -0.464677 -0.548124 -0.695439
vn -0.802023 -0.263772 0.535894
vn -0.802023 -0.263772 0.535894
vn -0.802023 -0.263772 0.535894
vn -0.802024 -0.263772 0.535894
vn -0.802024 -0.263772 0.535894
vn -0.802024 -0.263772 0.535894
vn -0.980785 0.000000 0.195090
vn -0.980785 0.000000 0.195090
vn -0.980785 0.000000 0.195090
vn -0.980785 0.000000 0.195090
vn -0.980785 0.000000 0.195090
vn -0.980785 0.000000 0.195090
vn -0.261542 -0.882259 -0.391426
vn -0.261542 -0.882259 -0.391426
vn -0.261542 -0.882259 -0.391426
vn -0.261543 -0.882259 -0.391426
vn -0.261543 -0.882259 -0.391426
vn -0.261543 -0.882259 -0.391426
vn -0.548269 -0.161590 -0.820543
vn -0.548269 -0.161590 -0.820543
vn -0.548269 -0.161590 -0.820543
vn -0.548269 -0.161590 -0.820543
vn -0.548269 -0.161590 -0.820543
vn -0.548269 -0.161590 -0.820543
vn 0.000029 -1.000000 0.000000
vn 0.000029 -1.000000 0.000000
vn 0.000029 -1.000000 0.000000
vn -0.163173 -0.548124 -0.820326
vn -0.163173 -0.548124 -0.820326
vn -0.163173 -0.548124 -0.820326
vn -0.163173 -0.548124 -0.820326
vn -0.163173 -0.548124 -0.820326
vn -0.163173 -0.548124 -0.820326
vn -0.612336 0.676492 0.409149
vn -0.612336 0.676492 0.409149
vn -0.612336 0.676492 0.409149
vn -0.612336 0.676492 0.409150
vn -0.612336 0.676492 0.409150
vn -0.612336 0.676492 0.409150
vn -0.612336 -0.676492 0.409150
vn -0.612336 -0.676492 0.409150
vn -0.612336 -0.676492 0.409150
vn -0.612337 -0.676491 0.409150
vn -0.612337 -0.676491 0.409150
vn -0.612337 -0.676491 0.409150
vn -0.091841 -0.882259 -0.461718
vn -0.091841 -0.882259 -0.461718
vn -0.091841 -0.882259 -0.461718
vn -0.091841 -0.882259 -0.461718
vn -0.091841 -0.882259 -0.461718
vn -0.091841 -0.882259 -0.461718
vn -0.192526 -0.161590 -0.967896
vn -0.192526 -0.161590 -0.967896
vn -0.192526 -0.161590 -0.967896
vn -0.192526 -0.161590 -0.967896
vn -0.192526 -0.161590 -0.967896
vn -0.192526 -0.161590 -0.967896
vn -0.363464 0.899396 0.242860
vn -0.363464 0.899396 0.242860
vn -0.363464 0.899396 0.242860
vn -0.363466 0.899395 0.242860
vn -0.363466 0.899395 0.242860
vn -0.363466 0.899395 0.242860
vn -0.802023 0.263772 0.535894
vn -0.802023 0.263772 0.535894
vn -0.802023 0.263772 0.535894
vn -0.802023 0.263772 0.535894
vn -0.802023 0.263772 0.535894
vn -0.802023 0.263772 0.535894
vn -0.298843 -0.933177 0.199681
vn -0.298843 -0.933177 0.199681
vn -0.298843 -0.933177 0.199681
vn -0.298844 -0.933177 0.199681
vn -0.298844 -0.933177 0.199681
vn -0.298844 -0.933177 0.199681
vn 0.091841 -0.882259 -0.461718
vn 0.091841 -0.882259 -0.461718
vn 0.091841 -0.882259 -0.461718
vn 0.091843 -0.882259 -0.461718
vn 0.091843 -0.882259 -0.461718
vn 0.091843 -0.882259 -0.461718
vn 0.192527 -0.161590 -0.967896
vn 0.192527 -0.161590 -0.967896
vn 0.192527 -0.161590 -0.967896
vn 0.192527 -0.161590 -0.967896
vn 0.192527 -0.161590 -0.967896
vn 0.192527 -0.161590 -0.967896
vn -0.535894 -0.263772 0.802024
vn -0.535894 -0.263772 0.802024
vn -0.535894 -0.263772 0.802024
vn -0.535895 -0.263772 0.802023
vn -0.535895 -0.263772 0.802023
vn -0.535895 -0.263772 0.802023
vn -0.000000 -1.000000 0.000000
vn -0.000000 -1.000000 0.000000
vn -0.000000 -1.000000 0.000000
vn 0.163173 -0.548124 -0.820326
vn 0.163173 -0.548124 -0.820326
vn 0.163173 -0.548124 -0.820326
vn 0.163173 -0.548124 -0.820326
vn 0.163173 -0.548124 -0.820326
vn 0.163173 -0.548124 -0.820326
vn -0.409150 0.676492 0.612336
vn -0.409150 0.676492 0.612336
vn -0.409150 0.676492 0.612336
vn -0.409150 0.676491 0.612336
vn -0.409150 0.676491 0.612336
vn -0.409150 0.676491 0.612336
vn 0.261542 -0.882259 -0.391426
vn 0.261542 -0.882259 -0.391426
vn 0.261542 -0.882259 -0.391426
vn 0.261543 -0.882259 -0.391426
vn 0.261543 -0.882259 -0.391426
vn 0.261543 -0.882259 -0.391426
vn 0.548269 -0.161590 -0.820542
vn 0.548269 -0.161590 -0.820542
vn 0.548269 -0.161590 -0.820542
vn 0.548269 -0.161590 -0.820542
vn 0.548269 -0.161590 -0.820542
vn 0.548269 -0.161590 -0.820542
vn -0.199681 -0.933177 0.298843
vn -0.199681 -0.933177 0.298843
vn -0.199681 -0.933177 0.298843
vn -0.199680 -0.933178 0.298843
vn -0.199680 -0.933178 0.298843
vn -0.199680 -0.933178 0.298843
vn -0.242860 0.899396 0.363465
vn -0.242860 0.899396 0.363465
vn -0.242860 0.899396 0.363465
vn -0.242859 0.899396 0.363465
vn -0.242859 0.899396 0.363465
vn -0.242859 0.899396 0.363465
vn 0.000007 -1.000000 0.000000
vn 0.000007 -1.000000 0.000000
vn 0.000007 -1.000000 0.000000
vn 0.464678 -0.548124 -0.695438
vn 0.464678 -0.548124 -0.695438
vn 0.464678 -0.548124 -0.695438
vn 0.464678 -0.548124 -0.695439
vn 0.464678 -0.548124 -0.695439
vn 0.464678 -0.548124 -0.695439
vn -0.409150 -0.676492 0.612336
vn -0.409150 -0.676492 0.612336
vn -0.409150 -0.676492 0.612336
vn -0.409150 -0.676491 0.612336
vn -0.409150 -0.676491 0.612336
vn -0.409150 -0.676491 0.612336
vn -0.535895 0.263772 0.802023
vn -0.535895 0.263772 0.802023
vn -0.535895 0.263772 0.802023
vn -0.535895 0.263773 0.802023
vn -0.535895 0.263773 0.802023
vn -0.535895 0.263773 0.802023
vn 0.980785 0.000000 -0.195090
vn 0.980785 0.000000 -0.195090
vn 0.980785 0.000000 -0.195090
vn 0.980785 0.000000 -0.195090
vn 0.980785 0.000000 -0.195090
vn 0.980785 0.000000 -0.195090
vn -0.000004 -1.000000 0.000000
vn -0.000004 -1.000000 0.000000
vn -0.000004 -1.000000 0.000000
vn 0.695439 -0.548124 -0.464677
vn 0.695439 -0.548124 -0.464677
vn 0.695439 -0.548124 -0.464677
vn 0.695439 -0.548124 -0.464677
vn 0.695439 -0.548124 -0.464677
vn 0.695439 -0.548124 -0.464677
vn -0.119472 -0.790551 0.600630
vn -0.119472 -0.790551 0.600630
vn -0.119472 -0.790551 0.600630
vn -0.119489 -0.790549 0.600629
vn -0.119489 -0.790549 0.600629
vn -0.119489 -0.790549 0.600629
vn -0.509191 -0.790549 -0.340230
vn -0.509191 -0.790549 -0.340230
vn -0.509191 -0.790549 -0.340230
vn -0.509187 -0.790551 -0.340231
vn -0.509187 -0.790551 -0.340231
vn -0.509187 -0.790551 -0.340231
vn 0.391426 -0.882259 -0.261542
vn 0.391426 -0.882259 -0.261542
vn 0.391426 -0.882259 -0.261542
vn 0.391426 -0.882259 -0.261542
vn 0.391426 -0.882259 -0.261542
vn 0.391426 -0.882259 -0.261542
vn 0.820543 -0.161590 -0.548269
vn 0.820543 -0.161590 -0.548269
vn 0.820543 -0.161590 -0.548269
vn 0.820542 -0.161590 -0.548269
vn 0.820542 -0.161590 -0.548269
vn 0.820542 -0.161590 -0.548269
vn -0.188182 -0.263773 0.946050
vn -0.188182 -0.263773 0.946050
vn -0.188182 -0.263773 0.946050
vn -0.188181 -0.263771 0.946051
vn -0.188181 -0.263771 0.946051
vn -0.188181 -0.263771 0.946051
vn 0.820326 -0.548124 -0.163173
vn 0.820326 -0.548124 -0.163173
vn 0.820326 -0.548124 -0.163173
vn 0.820326 -0.548124 -0.163173
vn 0.820326 -0.548124 -0.163173
vn 0.820326 -0.548124 -0.163173
vn -0.188181 0.263773 0.946051
vn -0.188181 0.263773 0.946051
vn -0.188181 0.263773 0.946051
vn -0.188182 0.263772 0.946051
vn -0.188182 0.263772 0.946051
vn -0.188182 0.263772 0.946051
vn -0.143674 -0.676491 0.722300
vn -0.143674 -0.676491 0.722300
vn -0.143674 -0.676491 0.722300
vn -0.143674 -0.676492 0.722299
vn -0.143674 -0.676492 0.722299
vn -0.143674 -0.676492 0.722299
vn 0.461718 -0.882260 -0.091841
vn 0.461718 -0.882260 -0.091841
vn 0.461718 -0.882260 -0.091841
vn 0.461718 -0.882259 -0.091841
vn 0.461718 -0.882259 -0.091841
vn 0.461718 -0.882259 -0.091841
vn 0.967896 -0.161590 -0.192525
vn 0.967896 -0.161590 -0.192525
vn 0.967896 -0.161590 -0.192525
vn 0.967896 -0.161590 -0.192526
vn 0.967896 -0.161590 -0.192526
vn 0.967896 -0.161590 -0.192526
vn 0.831470 0.000000 -0.555570
vn 0.831470 0.000000 -0.555570
vn 0.831470 0.000000 -0.555570
vn 0.831469 0.000000 -0.555571
vn 0.831469 0.000000 -0.555571
vn 0.831469 0.000000 -0.555571
vn -0.070118 -0.933177 0.352510
vn -0.070118 -0.933177 0.352510
vn -0.070118 -0.933177 0.352510
vn -0.070120 -0.933177 0.352510
vn -0.070120 -0.933177 0.352510
vn -0.070120 -0.933177 0.352510
vn 0.000010 -1.000000 0.000000
vn 0.000010 -1.000000 0.000000
vn 0.000010 -1.000000 0.000000
vn 0.461718 -0.882259 0.091842
vn 0.461718 -0.882259 0.091842
vn 0.461718 -0.882259 0.091842
vn 0.461718 -0.882259 0.091842
vn 0.461718 -0.882259 0.091842
vn 0.461718 -0.882259 0.091842
vn 0.967896 -0.161590 0.192527
vn 0.967896 -0.161590 0.192527
vn 0.967896 -0.161590 0.192527
vn 0.967896 -0.161590 0.192527
vn 0.967896 -0.161590 0.192527
vn 0.967896 -0.161590 0.192527
vn -0.143675 0.676491 0.722300
vn -0.143675 0.676491 0.722300
vn -0.143675 0.676491 0.722300
vn -0.143674 0.676492 0.722299
vn -0.143674 0.676492 0.722299
vn -0.143674 0.676492 0.722299
vn -0.085280 0.899396 0.428736
vn -0.085280 0.899396 0.428736
vn -0.085280 0.899396 0.428736
vn -0.085282 0.899396 0.428736
vn -0.085282 0.899396 0.428736
vn -0.085282 0.899396 0.428736
vn -0.000058 -1.000000 0.000000
vn -0.000058 -1.000000 0.000000
vn -0.000058 -1.000000 0.000000
vn 0.820326 -0.548124 0.163174
vn 0.820326 -0.548124 0.163174
vn 0.820326 -0.548124 0.163174
vn 0.820326 -0.548124 0.163173
vn 0.820326 -0.548124 0.163173
vn 0.820326 -0.548124 0.163173
vn 0.820542 -0.161590 0.548269
vn 0.820542 -0.161590 0.548269
vn 0.820542 -0.161590 0.548269
vn 0.820542 -0.161590 0.548269
vn 0.820542 -0.161590 0.548269
vn 0.820542 -0.161590 0.548269
vn -0.000000 -1.000000 0.000000
vn -0.000000 -1.000000 0.000000
vn -0.000000 -1.000000 0.000000
vn 0.695438 -0.548124 0.464678
vn 0.695438 -0.548124 0.464678
vn 0.695438 -0.548124 0.464678
vn 0.695438 -0.548124 0.464678
vn 0.695438 -0.548124 0.464678
vn 0.695438 -0.548124 0.464678
vn 0.391425 -0.882259 0.261543
vn 0.391425 -0.882259 0.261543
vn 0.391425 -0.882259 0.261543
vn 0.391425 -0.882259 0.261543
vn 0.391425 -0.882259 0.261543
vn 0.391425 -0.882259 0.261543
vn -0.831469 0.000000 0.555570
vn -0.831469 0.000000 0.555570
vn -0.831469 0.000000 0.555570
vn -0.831470 0.000000 0.555570
vn -0.831470 0.000000 0.555570
vn -0.831470 0.000000 0.555570
vn 0.464677 -0.548125 0.695439
vn 0.464677 -0.548125 0.695439
vn 0.464677 -0.548125 0.695439
vn 0.464677 -0.548124 0.695439
vn 0.464677 -0.548124 0.695439
vn 0.464677 -0.548124 0.695439
vn 0.261542 -0.882259 0.391426
vn 0.261542 -0.882259 0.391426
vn 0.261542 -0.882259 0.391426
vn 0.261542 -0.882259 0.391426
vn 0.261542 -0.882259 0.391426
vn 0.261542 -0.882259 0.391426
vn 0.548268 -0.161590 0.820543
vn 0.548268 -0.161590 0.820543
vn 0.548268 -0.161590 0.820543
vn 0.548268 -0.161590 0.820543
vn 0.548268 -0.161590 0.820543
vn 0.548268 -0.161590 0.820543
vn 0.091841 -0.882259 0.461718
vn 0.091841 -0.882259 0.461718
vn 0.091841 -0.882259 0.461718
vn 0.091842 -0.882259 0.461718
vn 0.091842 -0.882259 0.461718
vn 0.091842 -0.882259 0.461718
vn 0.192526 -0.161590 0.967896
vn 0.192526 -0.161590 0.967896
vn 0.192526 -0.161590 0.967896
vn 0.192527 -0.161589 0.967896
vn 0.192527 -0.161589 0.967896
vn 0.192527 -0.161589 0.967896
vn -0.195091 0.000000 0.980785
vn -0.195091 0.000000 0.980785
vn -0.195091 0.000000 0.980785
vn -0.195091 0.000000 0.980785
vn -0.195091 0.000000 0.980785
vn -0.195091 0.000000 0.980785
vn 0.163173 -0.548124 0.820326
vn 0.163173 -0.548124 0.820326
vn 0.163173 -0.548124 0.820326
vn 0.163173 -0.548125 0.820326
vn 0.163173 -0.548125 0.820326
vn 0.163173 -0.548125 0.820326
vn 0.600630 -0.790550 -0.119473
vn 0.600630 -0.790550 -0.119473
vn 0.600630 -0.790550 -0.119473
vn 0.600626 -0.790553 -0.119473
vn 0.600626 -0.790553 -0.119473
vn 0.600626 -0.790553 -0.119473
vn -0.535895 0.263772 -0.802023
vn -0.535895 0.263772 -0.802023
vn -0.535895 0.263772 -0.802023
vn -0.535894 0.263771 -0.802024
vn -0.535894 0.263771 -0.802024
vn -0.535894 0.263771 -0.802024
vn -0.409150 -0.676492 -0.612336
vn -0.409150 -0.676492 -0.612336
vn -0.409150 -0.676492 -0.612336
vn -0.409149 -0.676492 -0.612336
vn -0.409149 -0.676492 -0.612336
vn -0.409149 -0.676492 -0.612336
vn -0.199680 -0.933178 -0.298844
vn -0.199680 -0.933178 -0.298844
vn -0.199680 -0.933178 -0.298844
vn -0.199680 -0.933178 -0.298843
vn -0.199680 -0.933178 -0.298843
vn -0.199680 -0.933178 -0.298843
vn -0.242860 0.899395 -0.363467
vn -0.242860 0.899395 -0.363467
vn -0.242860 0.899395 -0.363467
vn -0.242860 0.899395 -0.363466
vn -0.242860 0.899395 -0.363466
vn -0.242860 0.899395 -0.363466
vn -0.409150 0.676492 -0.612336
vn -0.409150 0.676492 -0.612336
vn -0.409150 0.676492 -0.612336
vn -0.409150 0.676492 -0.612336
vn -0.409150 0.676492 -0.612336
vn -0.409150 0.676492 -0.612336
vn -0.143674 0.676492 -0.722299
vn -0.143674 0.676492 -0.722299
vn -0.143674 0.676492 -0.722299
vn -0.143674 0.676492 -0.722299
vn -0.143674 0.676492 -0.722299
vn -0.143674 0.676492 -0.722299
vn -0.188181 -0.263771 -0.946051
vn -0.188181 -0.263771 -0.946051
vn -0.188181 -0.263771 -0.946051
vn -0.188181 -0.263772 -0.946051
vn -0.188181 -0.263772 -0.946051
vn -0.188181 -0.263772 -0.946051
vn -0.070118 -0.933177 -0.352510
vn -0.070118 -0.933177 -0.352510
vn -0.070118 -0.933177 -0.352510
vn -0.070120 -0.933177 -0.352510
vn -0.070120 -0.933177 -0.352510
vn -0.070120 -0.933177 -0.352510
vn -0.085281 0.899395 -0.428738
vn -0.085281 0.899395 -0.428738
vn -0.085281 0.899395 -0.428738
vn -0.085282 0.899395 -0.428738
vn -0.085282 0.899395 -0.428738
vn -0.085282 0.899395 -0.428738
vn -0.188181 0.263771 -0.946051
vn -0.188181 0.263771 -0.946051
vn -0.188181 0.263771 -0.946051
vn -0.188181 0.263772 -0.946051
vn -0.188181 0.263772 -0.946051
vn -0.188181 0.263772 -0.946051
vn -0.143673 -0.676492 -0.722299
vn -0.143673 -0.676492 -0.722299
vn -0.143673 -0.676492 -0.722299
vn -0.143676 -0.676491 -0.722300
vn -0.143676 -0.676491 -0.722300
vn -0.143676 -0.676491 -0.722300
vn -0.555571 0.000000 0.831469
vn -0.555571 0.000000 0.831469
vn -0.555571 0.000000 0.831469
vn -0.555570 0.000000 0.831470
vn -0.555570 0.000000 0.831470
vn -0.555570 0.000000 0.831470
vn 0.600631 -0.790549 0.119473
vn 0.600631 -0.790549 0.119473
vn 0.600631 -0.790549 0.119473
vn 0.600629 -0.790551 0.119473
vn 0.600629 -0.790551 0.119473
vn 0.600629 -0.790551 0.119473
vn 0.070118 -0.933178 -0.352510
vn 0.070118 -0.933178 -0.352510
vn 0.070118 -0.933178 -0.352510
vn 0.070120 -0.933177 -0.352510
vn 0.070120 -0.933177 -0.352510
vn 0.070120 -0.933177 -0.352510
vn 0.085282 0.899395 -0.428738
vn 0.085282 0.899395 -0.428738
vn 0.085282 0.899395 -0.428738
vn 0.085282 0.899395 -0.428738
vn 0.085282 0.899395 -0.428738
vn 0.085282 0.899395 -0.428738
vn 0.188182 0.263772 -0.946051
vn 0.188182 0.263772 -0.946051
vn 0.188182 0.263772 -0.946051
vn 0.188182 0.263772 -0.946051
vn 0.188182 0.263772 -0.946051
vn 0.188182 0.263772 -0.946051
vn 0.143675 -0.676491 -0.722300
vn 0.143675 -0.676491 -0.722300
vn 0.143675 -0.676491 -0.722300
vn 0.143674 -0.676492 -0.722300
vn 0.143674 -0.676492 -0.722300
vn 0.143674 -0.676492 -0.722300
vn 0.555571 0.000000 -0.831469
vn 0.555571 0.000000 -0.831469
vn 0.555571 0.000000 -0.831469
vn 0.555570 0.000000 -0.831469
vn 0.555570 0.000000 -0.831469
vn 0.555570 0.000000 -0.831469
vn 0.509191 -0.790549 0.340230
vn 0.509191 -0.790549 0.340230
vn 0.509191 -0.790549 0.340230
vn 0.509188 -0.790551 0.340230
vn 0.509188 -0.790551 0.340230
vn 0.509188 -0.790551 0.340230
vn 0.143675 0.676492 -0.722299
vn 0.143675 0.676492 -0.722299
vn 0.143675 0.676492 -0.722299
vn 0.143674 0.676492 -0.722300
vn 0.143674 0.676492 -0.722300
vn 0.143674 0.676492 -0.722300
vn 0.188182 -0.263771 -0.946051
vn 0.188182 -0.263771 -0.946051
vn 0.188182 -0.263771 -0.946051
vn 0.188182 -0.263772 -0.946051
vn 0.188182 -0.263772 -0.946051
vn 0.188182 -0.263772 -0.946051
vn 0.535896 0.263771 -0.802022
vn 0.535896 0.263771 -0.802022
vn 0.535896 0.263771 -0.802022
vn 0.535895 0.263772 -0.802023
vn 0.535895 0.263772 -0.802023
vn 0.535895 0.263772 -0.802023
vn 0.409151 -0.676492 -0.612335
vn 0.409151 -0.676492 -0.612335
vn 0.409151 -0.676492 -0.612335
vn 0.409151 -0.676491 -0.612336
vn 0.409151 -0.676491 -0.612336
vn 0.409151 -0.676491 -0.612336
vn -0.831469 0.000000 -0.555571
vn -0.831469 0.000000 -0.555571
vn -0.831469 0.000000 -0.555571
vn -0.831469 0.000000 -0.555571
vn -0.831469 0.000000 -0.555571
vn -0.831469 0.000000 -0.555571
vn -0.509188 -0.790551 0.340230
vn -0.509188 -0.790551 0.340230
vn -0.509188 -0.790551 0.340230
vn -0.509194 -0.790548 0.340228
vn -0.509194 -0.790548 0.340228
vn -0.509194 -0.790548 0.340228
vn 0.409150 0.676492 -0.612336
vn 0.409150 0.676492 -0.612336
vn 0.409150 0.676492 -0.612336
vn 0.409150 0.676492 -0.612336
vn 0.409150 0.676492 -0.612336
vn 0.409150 0.676492 -0.612336
vn 0.535895 -0.263771 -0.802023
vn 0.535895 -0.263771 -0.802023
vn 0.535895 -0.263771 -0.802023
vn 0.535896 -0.263772 -0.802023
vn 0.535896 -0.263772 -0.802023
vn 0.535896 -0.263772 -0.802023
vn 0.199681 -0.933177 -0.298843
vn 0.199681 -0.933177 -0.298843
vn 0.199681 -0.933177 -0.298843
vn 0.199682 -0.933177 -0.298843
vn 0.199682 -0.933177 -0.298843
vn 0.199682 -0.933177 -0.298843
vn 0.242861 0.899395 -0.363466
vn 0.242861 0.899395 -0.363466
vn 0.242861 0.899395 -0.363466
vn 0.242860 0.899395 -0.363466
vn 0.242860 0.899395 -0.363466
vn 0.242860 0.899395 -0.363466
vn 0.555569 0.000000 0.831470
vn 0.555569 0.000000 0.831470
vn 0.555569 0.000000 0.831470
vn 0.555569 0.000000 0.831471
vn 0.555569 0.000000 0.831471
vn 0.555569 0.000000 0.831471
vn -0.600633 -0.790548 -0.119472
vn -0.600633 -0.790548 -0.119472
vn -0.600633 -0.790548 -0.119472
vn -0.600628 -0.790552 -0.119472
vn -0.600628 -0.790552 -0.119472
vn -0.600628 -0.790552 -0.119472
vn 0.612336 0.676491 -0.409150
vn 0.612336 0.676491 -0.409150
vn 0.612336 0.676491 -0.409150
vn 0.612336 0.676492 -0.409150
vn 0.612336 0.676492 -0.409150
vn 0.612336 0.676492 -0.409150
vn 0.802023 -0.263772 -0.535894
vn 0.802023 -0.263772 -0.535894
vn 0.802023 -0.263772 -0.535894
vn 0.802023 -0.263771 -0.535895
vn 0.802023 -0.263771 -0.535895
vn 0.802023 -0.263771 -0.535895
vn 0.298843 -0.933177 -0.199681
vn 0.298843 -0.933177 -0.199681
vn 0.298843 -0.933177 -0.199681
vn 0.298844 -0.933177 -0.199681
vn 0.298844 -0.933177 -0.199681
vn 0.298844 -0.933177 -0.199681
vn 0.363465 0.899395 -0.242860
vn 0.363465 0.899395 -0.242860
vn 0.363465 0.899395 -0.242860
vn 0.363466 0.899395 -0.242860
vn 0.363466 0.899395 -0.242860
vn 0.363466 0.899395 -0.242860
vn 0.802023 0.263772 -0.535895
vn 0.802023 0.263772 -0.535895
vn 0.802023 0.263772 -0.535895
vn 0.802023 0.263772 -0.535894
vn 0.802023 0.263772 -0.535894
vn 0.802023 0.263772 -0.535894
vn 0.612336 -0.676491 -0.409150
vn 0.612336 -0.676491 -0.409150
vn 0.612336 -0.676491 -0.409150
vn 0.612336 -0.676491 -0.409150
vn 0.612336 -0.676491 -0.409150
vn 0.612336 -0.676491 -0.409150
vn 0.946051 -0.263771 -0.188181
vn 0.946051 -0.263771 -0.188181
vn 0.946051 -0.263771 -0.188181
vn 0.946051 -0.263772 -0.188181
vn 0.946051 -0.263772 -0.188181
vn 0.946051 -0.263772 -0.188181
vn 0.352510 -0.933177 -0.070118
vn 0.352510 -0.933177 -0.070118
vn 0.352510 -0.933177 -0.070118
vn 0.352509 -0.933178 -0.070118
vn 0.352509 -0.933178 -0.070118
vn 0.352509 -0.933178 -0.070118
vn 0.428737 0.899395 -0.085281
vn 0.428737 0.899395 -0.085281
vn 0.428737 0.899395 -0.085281
vn 0.428736 0.899395 -0.085281
vn 0.428736 0.899395 -0.085281
vn 0.428736 0.899395 -0.085281
vn 0.946051 0.263772 -0.188181
vn 0.946051 0.263772 -0.188181
vn 0.946051 0.263772 -0.188181
vn 0.946051 0.263771 -0.188181
vn 0.946051 0.263771 -0.188181
vn 0.946051 0.263771 -0.188181
vn 0.722300 -0.676491 -0.143674
vn 0.722300 -0.676491 -0.143674
vn 0.722300 -0.676491 -0.143674
vn 0.722299 -0.676492 -0.143674
vn 0.722299 -0.676492 -0.143674
vn 0.722299 -0.676492 -0.143674
vn -0.980785 0.000000 -0.195090
vn -0.980785 0.000000 -0.195090
vn -0.980785 0.000000 -0.195090
vn -0.980785 0.000000 -0.195090
vn -0.980785 0.000000 -0.195090
vn -0.980785 0.000000 -0.195090
vn 0.509191 -0.790549 -0.340229
vn 0.509191 -0.790549 -0.340229
vn 0.509191 -0.790549 -0.340229
vn 0.509186 -0.790552 -0.340230
vn 0.509186 -0.790552 -0.340230
vn 0.509186 -0.790552 -0.340230
vn 0.722301 0.676491 -0.143674
vn 0.722301 0.676491 -0.143674
vn 0.722301 0.676491 -0.143674
vn 0.722299 0.676492 -0.143674
vn 0.722299 0.676492 -0.143674
vn 0.722299 0.676492 -0.143674
vn 0.352510 -0.933177 0.070119
vn 0.352510 -0.933177 0.070119
vn 0.352510 -0.933177 0.070119
vn 0.352510 -0.933178 0.070119
vn 0.352510 -0.933178 0.070119
vn 0.352510 -0.933178 0.070119
vn 0.428737 0.899395 0.085281
vn 0.428737 0.899395 0.085281
vn 0.428737 0.899395 0.085281
vn 0.428737 0.899395 0.085281
vn 0.428737 0.899395 0.085281
vn 0.428737 0.899395 0.085281
vn 0.946051 0.263772 0.188182
vn 0.946051 0.263772 0.188182
vn 0.946051 0.263772 0.188182
vn 0.946051 0.263771 0.188182
vn 0.946051 0.263771 0.188182
vn 0.946051 0.263771 0.188182
vn 0.722299 -0.676492 0.143675
vn 0.722299 -0.676492 0.143675
vn 0.722299 -0.676492 0.143675
vn 0.722300 -0.676491 0.143674
vn 0.722300 -0.676491 0.143674
vn 0.722300 -0.676491 0.143674
vn 0.831469 0.000000 0.555571
vn 0.831469 0.000000 0.555571
vn 0.831469 0.000000 0.555571
vn 0.831469 0.000000 0.555570
vn 0.831469 0.000000 0.555570
vn 0.831469 0.000000 0.555570
vn -0.340229 -0.790550 0.509190
vn -0.340229 -0.790550 0.509190
vn -0.340229 -0.790550 0.509190
vn -0.340233 -0.790549 0.509189
vn -0.340233 -0.790549 0.509189
vn -0.340233 -0.790549 0.509189
vn 0.722300 0.676492 0.143675
vn 0.722300 0.676492 0.143675
vn 0.722300 0.676492 0.143675
vn 0.722300 0.676492 0.143674
vn 0.722300 0.676492 0.143674
vn 0.722300 0.676492 0.143674
vn 0.946051 -0.263771 0.188181
vn 0.946051 -0.263771 0.188181
vn 0.946051 -0.263771 0.188181
vn 0.946051 -0.263771 0.188182
vn 0.946051 -0.263771 0.188182
vn 0.946051 -0.263771 0.188182
vn 0.612335 -0.676492 0.409151
vn 0.612335 -0.676492 0.409151
vn 0.612335 -0.676492 0.409151
vn 0.612337 -0.676490 0.409150
vn 0.612337 -0.676490 0.409150
vn 0.612337 -0.676490 0.409150
vn 0.980785 0.000000 0.195091
vn 0.980785 0.000000 0.195091
vn 0.980785 0.000000 0.195091
vn 0.980785 0.000000 0.195092
vn 0.980785 0.000000 0.195092
vn 0.980785 0.000000 0.195092
vn 0.119473 -0.790550 -0.600630
vn 0.119473 -0.790550 -0.600630
vn 0.119473 -0.790550 -0.600630
vn 0.119470 -0.790551 -0.600630
vn 0.119470 -0.790551 -0.600630
vn 0.119470 -0.790551 -0.600630
vn 0.612336 0.676491 0.409150
vn 0.612336 0.676491 0.409150
vn 0.612336 0.676491 0.409150
vn 0.612335 0.676492 0.409151
vn 0.612335 0.676492 0.409151
vn 0.612335 0.676492 0.409151
vn 0.802023 -0.263771 0.535896
vn 0.802023 -0.263771 0.535896
vn 0.802023 -0.263771 0.535896
vn 0.802023 -0.263771 0.535895
vn 0.802023 -0.263771 0.535895
vn 0.802023 -0.263771 0.535895
vn 0.298844 -0.933177 0.199681
vn 0.298844 -0.933177 0.199681
vn 0.298844 -0.933177 0.199681
vn 0.298843 -0.933178 0.199681
vn 0.298843 -0.933178 0.199681
vn 0.298843 -0.933178 0.199681
vn 0.363465 0.899395 0.242860
vn 0.363465 0.899395 0.242860
vn 0.363465 0.899395 0.242860
vn 0.363465 0.899396 0.242860
vn 0.363465 0.899396 0.242860
vn 0.363465 0.899396 0.242860
vn 0.802023 0.263772 0.535896
vn 0.802023 0.263772 0.535896
vn 0.802023 0.263772 0.535896
vn 0.802023 0.263772 0.535895
vn 0.802023 0.263772 0.535895
vn 0.802023 0.263772 0.535895
vn -0.119469 -0.790550 -0.600630
vn -0.119469 -0.790550 -0.600630
vn -0.119469 -0.790550 -0.600630
vn -0.119479 -0.790550 -0.600629
vn -0.119479 -0.790550 -0.600629
vn -0.119479 -0.790550 -0.600629
vn 0.409150 0.676491 0.612337
vn 0.409150 0.676491 0.612337
vn 0.409150 0.676491 0.612337
vn 0.409149 0.676491 0.612337
vn 0.409149 0.676491 0.612337
vn 0.409149 0.676491 0.612337
vn 0.535894 -0.263772 0.802024
vn 0.535894 -0.263772 0.802024
vn 0.535894 -0.263772 0.802024
vn 0.535894 -0.263772 0.802024
vn 0.535894 -0.263772 0.802024
vn 0.535894 -0.263772 0.802024
vn 0.199679 -0.933178 0.298844
vn 0.199679 -0.933178 0.298844
vn 0.199679 -0.933178 0.298844
vn 0.199680 -0.933177 0.298844
vn 0.199680 -0.933177 0.298844
vn 0.199680 -0.933177 0.298844
vn 0.242859 0.899396 0.363465
vn 0.242859 0.899396 0.363465
vn 0.242859 0.899396 0.363465
vn 0.242860 0.899396 0.363465
vn 0.242860 0.899396 0.363465
vn 0.242860 0.899396 0.363465
vn 0.535894 0.263772 0.802024
vn 0.535894 0.263772 0.802024
vn 0.535894 0.263772 0.802024
vn 0.535895 0.263772 0.802023
vn 0.535895 0.263772 0.802023
vn 0.535895 0.263772 0.802023
vn 0.409150 -0.676491 0.612337
vn 0.409150 -0.676491 0.612337
vn 0.409150 -0.676491 0.612337
vn 0.409149 -0.676491 0.612337
vn 0.409149 -0.676491 0.612337
vn 0.409149 -0.676491 0.612337
vn 0.195090 0.000000 -0.980785
vn 0.195090 0.000000 -0.980785
vn 0.195090 0.000000 -0.980785
vn 0.195090 0.000000 -0.980785
vn 0.195090 0.000000 -0.980785
vn 0.195090 0.000000 -0.980785
vn 0.070119 -0.933178 0.352510
vn 0.070119 -0.933178 0.352510
vn 0.070119 -0.933178 0.352510
vn 0.070120 -0.933177 0.352510
vn 0.070120 -0.933177 0.352510
vn 0.070120 -0.933177 0.352510
vn 0.085281 0.899396 0.428736
vn 0.085281 0.899396 0.428736
vn 0.085281 0.899396 0.428736
vn 0.085281 0.899396 0.428736
vn 0.085281 0.899396 0.428736
vn 0.085281 0.899396 0.428736
vn 0.188182 0.263773 0.946050
vn 0.188182 0.263773 0.946050
vn 0.188182 0.263773 0.946050
vn 0.188182 0.263773 0.946050
vn 0.188182 0.263773 0.946050
vn 0.188182 0.263773 0.946050
vn 0.143676 -0.676491 0.722300
vn 0.143676 -0.676491 0.722300
vn 0.143676 -0.676491 0.722300
vn 0.143675 -0.676491 0.722300
vn 0.143675 -0.676491 0.722300
vn 0.143675 -0.676491 0.722300
vn 0.195092 0.000000 0.980785
vn 0.195092 0.000000 0.980785
vn 0.195092 0.000000 0.980785
vn 0.195091 0.000000 0.980785
vn 0.195091 0.000000 0.980785
vn 0.195091 0.000000 0.980785
vn -0.340228 -0.790551 -0.509190
vn -0.340228 -0.790551 -0.509190
vn -0.340228 -0.790551 -0.509190
vn -0.340225 -0.790552 -0.509191
vn -0.340225 -0.790552 -0.509191
vn -0.340225 -0.790552 -0.509191
vn 0.143675 0.676491 0.722300
vn 0.143675 0.676491 0.722300
vn 0.143675 0.676491 0.722300
vn 0.143675 0.676491 0.722300
vn 0.143675 0.676491 0.722300
vn 0.143675 0.676491 0.722300
vn 0.188182 -0.263772 0.946051
vn 0.188182 -0.263772 0.946051
vn 0.188182 -0.263772 0.946051
vn 0.188182 -0.263773 0.946051
vn 0.188182 -0.263773 0.946051
vn 0.188182 -0.263773 0.946051
vn -0.000000 -1.000000 0.000000
vn -0.000000 -1.000000 0.000000
vn -0.000000 -1.000000 0.000000
vn 0.000001 -1.000000 0.000000
vn 0.000001 -1.000000 0.000000
vn 0.000001 -1.000000 0.000000
vn 0.119476 -0.790550 0.600630
vn 0.119476 -0.790550 0.600630
vn 0.119476 -0.790550 0.600630
vn 0.119480 -0.790550 0.600629
vn 0.119480 -0.790550 0.600629
vn 0.119480 -0.790550 0.600629
vn 0.340232 -0.790550 -0.509189
vn 0.340232 -0.790550 -0.509189
vn 0.340232 -0.790550 -0.509189
vn 0.340225 -0.790552 -0.509190
vn 0.340225 -0.790552 -0.509190
vn 0.340225 -0.790552 -0.509190
vn 0.000000 1.000000 0.000000
vn 0.000000 1.000000 0.000000
vn 0.000000 1.000000 0.000000
vn 0.000000 1.000000 0.000000
vn 0.000000 1.000000 0.000000
vn 0.000000 1.000000 0.000000
vn -0.000000 1.000000 0.000000
vn -0.000000 1.000000 0.000000
vn -0.000000 1.000000 0.000000
vn 0.000000 1.000000 0.000000
vn 0.000000 1.000000 0.000000
vn 0.000000 1.000000 0.000000
vn 0.000000 1.000000 0.000000
vn 0.000000 1.000000 0.000000
vn 0.000000 1.000000 0.000000
vn -0.000000 1.000000 0.000000
vn -0.000000 1.000000 0.000000
vn -0.000000 1.000000 0.000000
vn -0.000000 1.000000 0.000000
vn -0.000000 1.000000 0.000000
vn -0.000000 1.000000 0.000000
vn 0.000000 1.000000 0.000000
vn 0.000000 1.000000 0.000000
vn 0.000000 1.000000 0.000000
vn -0.000000 1.000000 0.000000
vn -0.000000 1.000000 0.000000
vn -0.000000 1.000000 0.000000
vn -0.000000 1.000000 0.000000
vn -0.000000 1.000000 0.000000
vn -0.000000 1.000000 0.000000
vn 0.000000 1.000000 0.000000
vn 0.000000 1.000000 0.000000
vn 0.000000 1.000000 0.000000
vn 0.000000 1.000000 0.000000
vn 0.000000 1.000000 0.000000
vn 0.000000 1.000000 0.000000
vn -0.000000 1.000000 0.000000
vn -0.000000 1.000000 0.000000
vn -0.000000 1.000000 0.000000
vn -0.000000 1.000000 0.000000
vn -0.000000 1.000000 0.000000
vn -0.000000 1.000000 0.000000
vn -0.382683 0.000000 0.923879
vn -0.382683 0.000000 0.923879
vn -0.382683 0.000000 0.923879
vn -0.382684 0.000000 0.923879
vn -0.382684 0.000000 0.923879
vn -0.382684 0.000000 0.923879
vn -0.923880 0.000000 0.382683
vn -0.923880 0.000000 0.382683
vn -0.923880 0.000000 0.382683
vn -0.923880 0.000000 0.382683
vn -0.923880 0.000000 0.382683
vn -0.923880 0.000000 0.382683
vn -0.923880 0.000000 -0.382684
vn -0.923880 0.000000 -0.382684
vn -0.923880 0.000000 -0.382684
vn -0.923880 0.000000 -0.382684
vn -0.923880 0.000000 -0.382684
vn -0.923880 0.000000 -0.382684
vn -0.382683 0.000000 -0.923880
vn -0.382683 0.000000 -0.923880
vn -0.382683 0.000000 -0.923880
vn -0.382683 0.000000 -0.923880
vn -0.382683 0.000000 -0.923880
vn -0.382683 0.000000 -0.923880
vn 0.382683 0.000000 -0.923880
vn 0.382683 0.000000 -0.923880
vn 0.382683 0.000000 -0.923880
vn 0.382683 0.000000 -0.923880
vn 0.382683 0.000000 -0.923880
vn 0.382683 0.000000 -0.923880
vn 0.923880 0.000000 -0.382683
vn 0.923880 0.000000 -0.382683
vn 0.923880 0.000000 -0.382683
vn 0.923880 0.000000 -0.382683
vn 0.923880 0.000000 -0.382683
vn 0.923880 0.000000 -0.382683
vn 0.923880 0.000000 0.382683
vn 0.923880 0.000000 0.382683
vn 0.923880 0.000000 0.382683
vn 0.923880 0.000000 0.382683
vn 0.923880 0.000000 0.382683
vn 0.923880 0.000000 0.382683
vn 0.382683 0.000000 0.923880
vn 0.382683 0.000000 0.923880
vn 0.382683 0.000000 0.923880
vn 0.382683 0.000000 0.923880
vn 0.382683 0.000000 0.923880
vn 0.382683 0.000000 0.923880
vn -0.382683 0.000000 0.923880
vn -0.382683 0.000000 0.923880
vn -0.382683 0.000000 0.923880
vn -0.382683 0.000000 0.923880
vn -0.382683 0.000000 0.923880
vn -0.382683 0.000000 0.923880
vn -0.923880 0.000000 0.382683
vn -0.923880 0.000000 0.382683
vn -0.923880 0.000000 0.382683
vn -0.923880 0.000000 0.382684
vn -0.923880 0.000000 0.382684
vn -0.923880 0.000000 0.382684
vn -0.923880 0.000000 -0.382683
vn -0.923880 0.000000 -0.382683
vn -0.923880 0.000000 -0.382683
vn -0.923880 0.000000 -0.382683
vn -0.923880 0.000000 -0.382683
vn -0.923880 0.000000 -0.382683
vn -0.382683 0.000000 -0.923880
vn -0.382683 0.000000 -0.923880
vn -0.382683 0.000000 -0.923880
vn -0.382683 0.000000 -0.923880
vn -0.382683 0.000000 -0.923880
vn -0.382683 0.000000 -0.923880
vn 0.382683 0.000000 -0.923880
vn 0.382683 0.000000 -0.923880
vn 0.382683 0.000000 -0.923880
vn 0.382683 0.000000 -0.923880
vn 0.382683 0.000000 -0.923880
vn 0.382683 0.000000 -0.923880
vn 0.923880 0.000000 -0.382682
vn 0.923880 0.000000 -0.382682
vn 0.923880 0.000000 -0.382682
vn 0.923880 0.000000 -0.382683
vn 0.923880 0.000000 -0.382683
vn 0.923880 0.000000 -0.382683
vn -0.000000 1.000000 0.000000
vn -0.000000 1.000000 0.000000
vn -0.000000 1.000000 0.000000
vn 0.923880 0.000000 0.382682
vn 0.923880 0.000000 0.382682
vn 0.923880 0.000000 0.382682
vn 0.923880 0.000000 0.382683
vn 0.923880 0.000000 0.382683
vn 0.923880 0.000000 0.382683
vn 0.382683 0.000000 0.923880
vn 0.382683 0.000000 0.923880
vn 0.382683 0.000000 0.923880
vn 0.382683 0.000000 0.923880
vn 0.382683 0.000000 0.923880
vn 0.382683 0.000000 0.923880
vn -0.000000 1.000000 0.000000
vn -0.000000 1.000000 0.000000
vn -0.000000 1.000000 0.000000
vn -0.000001 1.000000 0.000000
vn -0.000001 1.000000 0.000000
vn -0.000001 1.000000 0.000000
vn 0.000002 1.000000 0.000000
vn 0.000002 1.000000 0.000000
vn 0.000002 1.000000 0.000000
vn -0.000000 1.000000 0.000000
vn -0.000000 1.000000 0.000000
vn -0.000000 1.000000 0.000000
vn 0.000001 1.000000 0.000000
vn 0.000001 1.000000 0.000000
vn 0.000001 1.000000 0.000000
vn 0.148213 0.943789 -0.295459
vn 0.148213 0.943789 -0.295459
vn 0.148213 0.943789 -0.295459
vn 0.139527 0.929756 -0.340714
vn 0.139527 0.929756 -0.340714
vn 0.139527 0.929756 -0.340714
vn 0.072276 0.481623 -0.873393
vn 0.072276 0.481623 -0.873393
vn 0.072276 0.481623 -0.873393
vn 0.054559 0.420896 -0.905467
vn 0.054559 0.420896 -0.905467
vn 0.054559 0.420896 -0.905467
vn -0.063025 -0.486207 -0.871568
vn -0.063025 -0.486207 -0.871568
vn -0.063025 -0.486207 -0.871568
vn -0.042361 -0.415497 -0.908608
vn -0.042361 -0.415497 -0.908608
vn -0.042361 -0.415497 -0.908608
vn -0.097195 -0.953324 -0.285880
vn -0.097195 -0.953324 -0.285880
vn -0.097195 -0.953324 -0.285880
vn -0.081481 -0.932573 -0.351666
vn -0.081481 -0.932573 -0.351666
vn -0.081481 -0.932573 -0.351666
vn -0.083535 -0.956082 0.280944
vn -0.083535 -0.956082 0.280944
vn -0.083535 -0.956082 0.280944
vn -0.095030 -0.932798 0.347646
vn -0.095030 -0.932798 0.347646
vn -0.095030 -0.932798 0.347646
vn -0.050786 -0.498502 0.865399
vn -0.050786 -0.498502 0.865399
vn -0.050786 -0.498502 0.865399
vn -0.054524 -0.420886 0.905473
vn -0.054524 -0.420886 0.905473
vn -0.054524 -0.420886 0.905473
vn -0.870287 -0.357629 -0.338675
vn -0.870287 -0.357629 -0.338675
vn -0.870287 -0.357629 -0.338675
vn -0.868831 -0.356042 -0.344044
vn -0.868831 -0.356042 -0.344044
vn -0.868831 -0.356042 -0.344044
vn 0.062990 0.486234 0.871555
vn 0.062990 0.486234 0.871555
vn 0.062990 0.486234 0.871555
vn 0.063137 0.420843 0.904934
vn 0.063137 0.420843 0.904934
vn 0.063137 0.420843 0.904934
vn 0.141722 0.944652 0.295883
vn 0.141722 0.944652 0.295883
vn 0.141722 0.944652 0.295883
vn 0.145802 0.928438 0.341680
vn 0.145802 0.928438 0.341680
vn 0.145802 0.928438 0.341680
vn 0.934008 0.131198 0.332290
vn 0.934008 0.131198 0.332290
vn 0.934008 0.131198 0.332290
vn 0.931532 0.127896 0.340428
vn 0.931532 0.127896 0.340428
vn 0.931532 0.127896 0.340428
vn 0.723068 0.604638 0.334043
vn 0.723068 0.604638 0.334043
vn 0.723068 0.604638 0.334043
vn 0.721358 0.601014 0.344131
vn 0.721358 0.601014 0.344131
vn 0.721358 0.601014 0.344131
vn -0.006505 0.932059 0.362248
vn -0.006505 0.932059 0.362248
vn -0.006505 0.932059 0.362248
vn -0.008838 0.936462 0.350656
vn -0.008838 0.936462 0.350656
vn -0.008838 0.936462 0.350656
vn -0.627384 0.691341 0.358380
vn -0.627384 0.691341 0.358380
vn -0.627384 0.691341 0.358380
vn -0.628620 0.691916 0.355091
vn -0.628620 0.691916 0.355091
vn -0.628620 0.691916 0.355091
vn -0.798320 0.486066 0.355564
vn -0.798320 0.486066 0.355564
vn -0.798320 0.486066 0.355564
vn -0.798527 0.486103 0.355047
vn -0.798527 0.486103 0.355047
vn -0.798527 0.486103 0.355047
vn -0.812906 0.462035 0.354552
vn -0.812906 0.462035 0.354552
vn -0.812906 0.462035 0.354552
vn -0.812908 0.462035 0.354549
vn -0.812908 0.462035 0.354549
vn -0.812908 0.462035 0.354549
vn -0.692084 0.637813 0.337957
vn -0.692084 0.637813 0.337957
vn -0.692084 0.637813 0.337957
vn -0.686241 0.635436 0.353969
vn -0.686241 0.635436 0.353969
vn -0.686241 0.635436 0.353969
vn 0.432480 0.063584 0.899399
vn 0.432480 0.063584 0.899399
vn 0.432480 0.063584 0.899399
vn 0.424240 0.059635 0.903584
vn 0.424240 0.059635 0.903584
vn 0.424240 0.059635 0.903584
vn 0.330042 0.281350 0.901063
vn 0.330042 0.281350 0.901063
vn 0.330042 0.281350 0.901063
vn 0.323866 0.274359 0.905449
vn 0.323866 0.274359 0.905449
vn 0.323866 0.274359 0.905449
vn 0.004912 0.407316 0.913274
vn 0.004912 0.407316 0.913274
vn 0.004912 0.407316 0.913274
vn 0.003644 0.414341 0.910114
vn 0.003644 0.414341 0.910114
vn 0.003644 0.414341 0.910114
vn -0.276078 0.300142 0.913069
vn -0.276078 0.300142 0.913069
vn -0.276078 0.300142 0.913069
vn -0.279254 0.302756 0.911239
vn -0.279254 0.302756 0.911239
vn -0.279254 0.302756 0.911239
vn -0.351108 0.213870 0.911583
vn -0.351108 0.213870 0.911583
vn -0.351108 0.213870 0.911583
vn -0.351637 0.214098 0.911325
vn -0.351637 0.214098 0.911325
vn -0.351637 0.214098 0.911325
vn -0.358391 0.203702 0.911077
vn -0.358391 0.203702 0.911077
vn -0.358391 0.203702 0.911077
vn -0.358398 0.203705 0.911074
vn -0.358398 0.203705 0.911074
vn -0.358398 0.203705 0.911074
vn -0.319783 0.290983 0.901703
vn -0.319783 0.290983 0.901703
vn -0.319783 0.290983 0.901703
vn -0.303538 0.279735 0.910831
vn -0.303538 0.279735 0.910831
vn -0.303538 0.279735 0.910831
vn -0.431604 -0.065587 0.899676
vn -0.431604 -0.065587 0.899676
vn -0.431604 -0.065587 0.899676
vn -0.424170 -0.062270 0.903439
vn -0.424170 -0.062270 0.903439
vn -0.424170 -0.062270 0.903439
vn -0.331630 -0.275642 0.902244
vn -0.331630 -0.275642 0.902244
vn -0.331630 -0.275642 0.902244
vn -0.326419 -0.269823 0.905895
vn -0.326419 -0.269823 0.905895
vn -0.326419 -0.269823 0.905895
vn 0.010162 -0.409553 0.912230
vn 0.010162 -0.409553 0.912230
vn 0.010162 -0.409553 0.912230
vn 0.010943 -0.414611 0.909933
vn 0.010943 -0.414611 0.909933
vn 0.010943 -0.414611 0.909933
vn 0.271694 -0.308245 0.911684
vn 0.271694 -0.308245 0.911684
vn 0.271694 -0.308245 0.911684
vn 0.274921 -0.310934 0.909801
vn 0.274921 -0.310934 0.909801
vn 0.274921 -0.310934 0.909801
vn 0.353023 -0.215129 0.910546
vn 0.353023 -0.215129 0.910546
vn 0.353023 -0.215129 0.910546
vn 0.353550 -0.215358 0.910288
vn 0.353550 -0.215358 0.910288
vn 0.353550 -0.215358 0.910288
vn 0.360393 -0.204841 0.910031
vn 0.360393 -0.204841 0.910031
vn 0.360393 -0.204841 0.910031
vn 0.360400 -0.204844 0.910028
vn 0.360400 -0.204844 0.910028
vn 0.360400 -0.204844 0.910028
vn 0.324785 -0.291164 0.899855
vn 0.324785 -0.291164 0.899855
vn 0.324785 -0.291164 0.899855
vn 0.306817 -0.279185 0.909901
vn 0.306817 -0.279185 0.909901
vn 0.306817 -0.279185 0.909901
vn -0.931790 -0.143401 0.333472
vn -0.931790 -0.143401 0.333472
vn -0.931790 -0.143401 0.333472
vn -0.929814 -0.141371 0.339793
vn -0.929814 -0.141371 0.339793
vn -0.929814 -0.141371 0.339793
vn -0.719251 -0.606319 0.339198
vn -0.719251 -0.606319 0.339198
vn -0.719251 -0.606319 0.339198
vn -0.718343 -0.604648 0.344072
vn -0.718343 -0.604648 0.344072
vn -0.718343 -0.604648 0.344072
vn 0.008339 -0.935177 0.354082
vn 0.008339 -0.935177 0.354082
vn 0.008339 -0.935177 0.354082
vn 0.008311 -0.935102 0.354282
vn 0.008311 -0.935102 0.354282
vn 0.008311 -0.935102 0.354282
vn 0.623163 -0.696346 0.356049
vn 0.623163 -0.696346 0.356049
vn 0.623163 -0.696346 0.356049
vn 0.624657 -0.697104 0.351923
vn 0.624657 -0.697104 0.351923
vn 0.624657 -0.697104 0.351923
vn 0.798764 -0.486844 0.353496
vn 0.798764 -0.486844 0.353496
vn 0.798764 -0.486844 0.353496
vn 0.798965 -0.486881 0.352990
vn 0.798965 -0.486881 0.352990
vn 0.798965 -0.486881 0.352990
vn 0.813585 -0.462428 0.352477
vn 0.813585 -0.462428 0.352477
vn 0.813585 -0.462428 0.352477
vn 0.813588 -0.462428 0.352470
vn 0.813588 -0.462428 0.352470
vn 0.813588 -0.462428 0.352470
vn 0.704241 -0.626975 0.333086
vn 0.704241 -0.626975 0.333086
vn 0.704241 -0.626975 0.333086
vn 0.696810 -0.624677 0.352470
vn 0.696810 -0.624677 0.352470
vn 0.696810 -0.624677 0.352470
vn -0.932031 -0.141796 -0.333485
vn -0.932031 -0.141796 -0.333485
vn -0.932031 -0.141796 -0.333485
vn -0.929581 -0.143092 -0.339711
vn -0.929581 -0.143092 -0.339711
vn -0.929581 -0.143092 -0.339711
vn -0.719628 -0.608262 -0.334891
vn -0.719628 -0.608262 -0.334891
vn -0.719628 -0.608262 -0.334891
vn -0.716449 -0.607168 -0.343581
vn -0.716449 -0.607168 -0.343581
vn -0.716449 -0.607168 -0.343581
vn 0.003702 -0.932204 -0.361915
vn 0.003702 -0.932204 -0.361915
vn 0.003702 -0.932204 -0.361915
vn 0.002283 -0.936179 -0.351516
vn 0.002283 -0.936179 -0.351516
vn 0.002283 -0.936179 -0.351516
vn 0.625241 -0.693334 -0.358277
vn 0.625241 -0.693334 -0.358277
vn 0.625241 -0.693334 -0.358277
vn 0.625626 -0.694355 -0.355617
vn 0.625626 -0.694355 -0.355617
vn 0.625626 -0.694355 -0.355617
vn 0.798129 -0.486371 -0.355574
vn 0.798129 -0.486371 -0.355574
vn 0.798129 -0.486371 -0.355574
vn 0.798253 -0.486532 -0.355077
vn 0.798253 -0.486532 -0.355077
vn 0.798253 -0.486532 -0.355077
vn 0.812903 -0.462039 -0.354555
vn 0.812903 -0.462039 -0.354555
vn 0.812903 -0.462039 -0.354555
vn 0.812906 -0.462041 -0.354545
vn 0.812906 -0.462041 -0.354545
vn 0.812906 -0.462041 -0.354545
vn 0.701383 -0.628801 -0.335666
vn 0.701383 -0.628801 -0.335666
vn 0.701383 -0.628801 -0.335666
vn 0.698340 -0.621721 -0.354660
vn 0.698340 -0.621721 -0.354660
vn 0.698340 -0.621721 -0.354660
vn -0.432467 -0.063623 -0.899402
vn -0.432467 -0.063623 -0.899402
vn -0.432467 -0.063623 -0.899402
vn -0.424107 -0.064558 -0.903308
vn -0.424107 -0.064558 -0.903308
vn -0.424107 -0.064558 -0.903308
vn -0.330395 -0.281177 -0.900988
vn -0.330395 -0.281177 -0.900988
vn -0.330395 -0.281177 -0.900988
vn -0.322721 -0.276332 -0.905258
vn -0.322721 -0.276332 -0.905258
vn -0.322721 -0.276332 -0.905258
vn -0.003832 -0.406989 -0.913425
vn -0.003832 -0.406989 -0.913425
vn -0.003832 -0.406989 -0.913425
vn -0.004805 -0.413960 -0.910282
vn -0.004805 -0.413960 -0.910282
vn -0.004805 -0.413960 -0.910282
vn 0.275991 -0.300236 -0.913065
vn 0.275991 -0.300236 -0.913065
vn 0.275991 -0.300236 -0.913065
vn 0.278018 -0.303296 -0.911437
vn 0.278018 -0.303296 -0.911437
vn 0.278018 -0.303296 -0.911437
vn 0.351108 -0.213870 -0.911583
vn 0.351108 -0.213870 -0.911583
vn 0.351108 -0.213870 -0.911583
vn 0.351534 -0.214221 -0.911336
vn 0.351534 -0.214221 -0.911336
vn 0.351534 -0.214221 -0.911336
vn 0.358392 -0.203702 -0.911077
vn 0.358392 -0.203702 -0.911077
vn 0.358392 -0.203702 -0.911077
vn 0.358397 -0.203706 -0.911074
vn 0.358397 -0.203706 -0.911074
vn 0.358397 -0.203706 -0.911074
vn 0.319771 -0.290985 -0.901706
vn 0.319771 -0.290985 -0.901706
vn 0.319771 -0.290985 -0.901706
vn 0.306949 -0.275184 -0.911074
vn 0.306949 -0.275184 -0.911074
vn 0.306949 -0.275184 -0.911074
vn 0.433730 0.060899 -0.898983
vn 0.433730 0.060899 -0.898983
vn 0.433730 0.060899 -0.898983
vn 0.424169 0.062309 -0.903437
vn 0.424169 0.062309 -0.903437
vn 0.424169 0.062309 -0.903437
vn 0.334366 0.274292 -0.901645
vn 0.334366 0.274292 -0.901645
vn 0.334366 0.274292 -0.901645
vn 0.326598 0.269511 -0.905924
vn 0.326598 0.269511 -0.905924
vn 0.326598 0.269511 -0.905924
vn -0.013029 0.408662 -0.912593
vn -0.013029 0.408662 -0.912593
vn -0.013029 0.408662 -0.912593
vn -0.012017 0.414958 -0.909761
vn -0.012017 0.414958 -0.909761
vn -0.012017 0.414958 -0.909761
vn -0.272452 0.307427 -0.911734
vn -0.272452 0.307427 -0.911734
vn -0.272452 0.307427 -0.911734
vn -0.274790 0.310992 -0.909821
vn -0.274790 0.310992 -0.909821
vn -0.274790 0.310992 -0.909821
vn -0.353119 0.215000 -0.910539
vn -0.353119 0.215000 -0.910539
vn -0.353119 0.215000 -0.910539
vn -0.353551 0.215358 -0.910287
vn -0.353551 0.215358 -0.910287
vn -0.353551 0.215358 -0.910287
vn -0.360392 0.204838 -0.910032
vn -0.360392 0.204838 -0.910032
vn -0.360392 0.204838 -0.910032
vn -0.360399 0.204843 -0.910028
vn -0.360399 0.204843 -0.910028
vn -0.360399 0.204843 -0.910028
vn -0.318755 0.293768 -0.901163
vn -0.318755 0.293768 -0.901163
vn -0.318755 0.293768 -0.901163
vn -0.306812 0.279193 -0.909900
vn -0.306812 0.279193 -0.909900
vn -0.306812 0.279193 -0.909900
vn 0.934609 0.128279 -0.331738
vn 0.934609 0.128279 -0.331738
vn 0.934609 0.128279 -0.331738
vn 0.931173 0.130833 -0.340293
vn 0.931173 0.130833 -0.340293
vn 0.931173 0.130833 -0.340293
vn 0.724680 0.600587 -0.337839
vn 0.724680 0.600587 -0.337839
vn 0.724680 0.600587 -0.337839
vn 0.722125 0.599885 -0.344490
vn 0.722125 0.599885 -0.344490
vn 0.722125 0.599885 -0.344490
vn -0.014988 0.934791 -0.354883
vn -0.014988 0.934791 -0.354883
vn -0.014988 0.934791 -0.354883
vn -0.014705 0.935352 -0.353413
vn -0.014705 0.935352 -0.353413
vn -0.014705 0.935352 -0.353413
vn -0.626002 0.693720 -0.356194
vn -0.626002 0.693720 -0.356194
vn -0.626002 0.693720 -0.356194
vn -0.626609 0.695511 -0.351604
vn -0.626609 0.695511 -0.351604
vn -0.626609 0.695511 -0.351604
vn -0.799034 0.486411 -0.353482
vn -0.799034 0.486411 -0.353482
vn -0.799034 0.486411 -0.353482
vn -0.799159 0.486577 -0.352970
vn -0.799159 0.486577 -0.352970
vn -0.799159 0.486577 -0.352970
vn -0.813588 0.462422 -0.352476
vn -0.813588 0.462422 -0.352476
vn -0.813588 0.462422 -0.352476
vn -0.813591 0.462425 -0.352466
vn -0.813591 0.462425 -0.352466
vn -0.813591 0.462425 -0.352466
vn -0.691000 0.639843 -0.336333
vn -0.691000 0.639843 -0.336333
vn -0.691000 0.639843 -0.336333
vn -0.688284 0.634328 -0.351984
vn -0.688284 0.634328 -0.351984
vn -0.688284 0.634328 -0.351984
vn 0.936037 0.083072 0.341957
vn 0.936037 0.083072 0.341957
vn 0.936037 0.083072 0.341957
vn 0.936159 0.082957 0.341650
vn 0.936159 0.082957 0.341650
vn 0.936159 0.082957 0.341650
vn 0.397360 0.164277 0.902839
vn 0.397360 0.164277 0.902839
vn 0.397360 0.164277 0.902839
vn 0.391795 0.162839 0.905527
vn 0.391795 0.162839 0.905527
vn 0.391795 0.162839 0.905527
vn 0.398982 0.165828 -0.901840
vn 0.398982 0.165828 -0.901840
vn 0.398982 0.165828 -0.901840
vn 0.394182 0.162966 -0.904468
vn 0.394182 0.162966 -0.904468
vn 0.394182 0.162966 -0.904468
vn -0.871342 -0.357071 0.336547
vn -0.871342 -0.357071 0.336547
vn -0.871342 -0.357071 0.336547
vn -0.869185 -0.357171 0.341974
vn -0.869185 -0.357171 0.341974
vn -0.869185 -0.357171 0.341974
vn 0.868688 0.361046 0.339157
vn 0.868688 0.361046 0.339157
vn 0.868688 0.361046 0.339157
vn 0.866867 0.361015 0.343816
vn 0.866867 0.361015 0.343816
vn 0.866867 0.361015 0.343816
vn 0.869069 0.361932 -0.337231
vn 0.869069 0.361932 -0.337231
vn 0.869069 0.361932 -0.337231
vn 0.867798 0.360680 -0.341813
vn 0.867798 0.360680 -0.341813
vn 0.867798 0.360680 -0.341813
vn -0.397358 -0.164280 -0.902839
vn -0.397358 -0.164280 -0.902839
vn -0.397358 -0.164280 -0.902839
vn -0.392276 -0.161199 -0.905613
vn -0.392276 -0.161199 -0.905613
vn -0.392276 -0.161199 -0.905613
vn -0.400170 -0.164440 0.901567
vn -0.400170 -0.164440 0.901567
vn -0.400170 -0.164440 0.901567
vn -0.394183 -0.162964 0.904468
vn -0.394183 -0.162964 0.904468
vn -0.394183 -0.162964 0.904468
vn -0.181768 0.943789 -0.276085
vn -0.181768 0.943789 -0.276085
vn -0.181768 0.943789 -0.276085
vn -0.225303 0.929756 -0.291190
vn -0.225303 0.929756 -0.291190
vn -0.225303 0.929756 -0.291190
vn -0.427051 -0.038239 0.903418
vn -0.427051 -0.038239 0.903418
vn -0.427051 -0.038239 0.903418
vn -0.427480 -0.038093 0.903222
vn -0.427480 -0.038093 0.903222
vn -0.427480 -0.038093 0.903222
vn -0.935954 -0.083819 -0.342001
vn -0.935954 -0.083819 -0.342001
vn -0.935954 -0.083819 -0.342001
vn -0.936075 -0.084028 -0.341617
vn -0.936075 -0.084028 -0.341617
vn -0.936075 -0.084028 -0.341617
vn 0.427129 0.037905 -0.903396
vn 0.427129 0.037905 -0.903396
vn 0.427129 0.037905 -0.903396
vn 0.427488 0.038094 -0.903218
vn 0.427488 0.038094 -0.903218
vn 0.427488 0.038094 -0.903218
vn 0.424755 0.037854 0.904517
vn 0.424755 0.037854 0.904517
vn 0.424755 0.037854 0.904517
vn 0.425152 0.037733 0.904335
vn 0.425152 0.037733 0.904335
vn 0.425152 0.037733 0.904335
vn -0.936664 -0.084080 0.339988
vn -0.936664 -0.084080 0.339988
vn -0.936664 -0.084080 0.339988
vn -0.936826 -0.083889 0.339586
vn -0.936826 -0.083889 0.339586
vn -0.936826 -0.083889 0.339586
vn -0.424756 -0.037853 -0.904516
vn -0.424756 -0.037853 -0.904516
vn -0.424756 -0.037853 -0.904516
vn -0.425146 -0.038075 -0.904323
vn -0.425146 -0.038075 -0.904323
vn -0.425146 -0.038075 -0.904323
vn 0.936781 0.083011 -0.339927
vn 0.936781 0.083011 -0.339927
vn 0.936781 0.083011 -0.339927
vn 0.936879 0.083146 -0.339624
vn 0.936879 0.083146 -0.339624
vn 0.936879 0.083146 -0.339624
vn 0.000000 -1.000000 0.000000
vn 0.000000 -1.000000 0.000000
vn 0.000000 -1.000000 0.000000
vn 0.000000 -1.000000 0.000000
vn 0.000000 -1.000000 0.000000
vn 0.000000 -1.000000 0.000000
vn -0.000001 -1.000000 0.000000
vn -0.000001 -1.000000 0.000000
vn -0.000001 -1.000000 0.000000
vn -0.000000 -1.000000 0.000000
vn -0.000000 -1.000000 0.000000
vn -0.000000 -1.000000 0.000000
vn -0.000000 -1.000000 0.000000
vn -0.000000 -1.000000 0.000000
vn -0.000000 -1.000000 0.000000
vn -0.000000 -1.000000 0.000000
vn -0.000000 -1.000000 0.000000
vn -0.000000 -1.000000 0.000000
vn 0.000001 -1.000000 0.000000
vn 0.000001 -1.000000 0.000000
vn 0.000001 -1.000000 0.000000
vn -0.000001 -1.000000 0.000000
vn -0.000001 -1.000000 0.000000
vn -0.000001 -1.000000 0.000000
vn -0.000000 -1.000000 -0.000000
vn -0.000000 -1.000000 -0.000000
vn -0.000000 -1.000000 -0.000000
vn -0.000000 -1.000000 0.000000
vn -0.000000 -1.000000 0.000000
vn -0.000000 -1.000000 0.000000
vn -0.000001 -1.000000 0.000000
vn -0.000001 -1.000000 0.000000
vn -0.000001 -1.000000 0.000000
vn 0.000000 -1.000000 0.000000
vn 0.000000 -1.000000 0.000000
vn 0.000000 -1.000000 0.000000
vn -0.000000 -1.000000 -0.000001
vn -0.000000 -1.000000 -0.000001
vn -0.000000 -1.000000 -0.000001
vn -0.000000 -1.000000 0.000000
vn -0.000000 -1.000000 0.000000
vn -0.000000 -1.000000 0.000000
vn -0.000000 -1.000000 0.000000
vn -0.000000 -1.000000 0.000000
vn -0.000000 -1.000000 0.000000
vn -0.000000 -1.000000 0.000000
vn -0.000000 -1.000000 0.000000
vn -0.000000 -1.000000 0.000000
vn 0.424994 0.000000 -0.905196
vn 0.424994 0.000000 -0.905196
vn 0.424994 0.000000 -0.905196
vn 0.424994 0.000000 -0.905196
vn 0.424994 0.000000 -0.905196
vn 0.424994 0.000000 -0.905196
vn 0.424994 0.000000 0.905196
vn 0.424994 0.000000 0.905196
vn 0.424994 0.000000 0.905196
vn 0.424994 0.000000 0.905196
vn 0.424994 0.000000 0.905196
vn 0.424994 0.000000 0.905196
vn -0.939249 0.000000 0.343236
vn -0.939249 0.000000 0.343236
vn -0.939249 0.000000 0.343236
vn -0.939249 0.000000 0.343236
vn -0.939249 0.000000 0.343236
vn -0.939249 0.000000 0.343236
vn -0.424994 0.000000 -0.905196
vn -0.424994 0.000000 -0.905196
vn -0.424994 0.000000 -0.905196
vn -0.424994 0.000000 -0.905196
vn -0.424994 0.000000 -0.905196
vn -0.424994 0.000000 -0.905196
vn 0.939251 0.000000 -0.343231
vn 0.939251 0.000000 -0.343231
vn 0.939251 0.000000 -0.343231
vn 0.939248 0.000000 -0.343240
vn 0.939248 0.000000 -0.343240
vn 0.939248 0.000000 -0.343240
vn 0.939248 0.000000 0.343240
vn 0.939248 0.000000 0.343240
vn 0.939248 0.000000 0.343240
vn 0.939251 0.000000 0.343231
vn 0.939251 0.000000 0.343231
vn 0.939251 0.000000 0.343231
vn -0.424996 0.000000 0.905195
vn -0.424996 0.000000 0.905195
vn -0.424996 0.000000 0.905195
vn -0.424992 0.000000 0.905197
vn -0.424992 0.000000 0.905197
vn -0.424992 0.000000 0.905197
vn -0.939249 0.000000 -0.343236
vn -0.939249 0.000000 -0.343236
vn -0.939249 0.000000 -0.343236
vn -0.939249 0.000000 -0.343236
vn -0.939249 0.000000 -0.343236
vn -0.939249 0.000000 -0.343236
vn 0.386736 -0.911297 0.141328
vn 0.386736 -0.911297 0.141328
vn 0.386736 -0.911297 0.141328
vn 0.386736 -0.911297 0.141328
vn 0.386736 -0.911297 0.141328
vn 0.386736 -0.911297 0.141328
vn -0.162438 -0.924074 0.345978
vn -0.162438 -0.924074 0.345978
vn -0.162438 -0.924074 0.345978
vn -0.162438 -0.924075 0.345976
vn -0.162438 -0.924075 0.345976
vn -0.162438 -0.924075 0.345976
vn -0.386735 -0.911297 -0.141329
vn -0.386735 -0.911297 -0.141329
vn -0.386735 -0.911297 -0.141329
vn -0.386736 -0.911297 -0.141327
vn -0.386736 -0.911297 -0.141327
vn -0.386736 -0.911297 -0.141327
vn 0.162438 -0.924075 -0.345975
vn 0.162438 -0.924075 -0.345975
vn 0.162438 -0.924075 -0.345975
vn 0.162438 -0.924075 -0.345976
vn 0.162438 -0.924075 -0.345976
vn 0.162438 -0.924075 -0.345976
vn 0.162438 -0.924075 0.345976
vn 0.162438 -0.924075 0.345976
vn 0.162438 -0.924075 0.345976
vn 0.162438 -0.924075 0.345976
vn 0.162438 -0.924075 0.345976
vn 0.162438 -0.924075 0.345976
vn -0.386736 -0.911297 0.141327
vn -0.386736 -0.911297 0.141327
vn -0.386736 -0.911297 0.141327
vn -0.386736 -0.911297 0.141327
vn -0.386736 -0.911297 0.141327
vn -0.386736 -0.911297 0.141327
vn -0.162438 -0.924075 -0.345975
vn -0.162438 -0.924075 -0.345975
vn -0.162438 -0.924075 -0.345975
vn -0.162438 -0.924075 -0.345976
vn -0.162438 -0.924075 -0.345976
vn -0.162438 -0.924075 -0.345976
vn 0.386736 -0.911297 -0.141328
vn 0.386736 -0.911297 -0.141328
vn 0.386736 -0.911297 -0.141328
vn 0.386736 -0.911297 -0.141327
vn 0.386736 -0.911297 -0.141327
vn 0.386736 -0.911297 -0.141327
vn -0.424995 0.000000 -0.905196
vn -0.424995 0.000000 -0.905196
vn -0.424995 0.000000 -0.905196
vn -0.424995 0.000000 -0.905196
vn -0.424995 0.000000 -0.905196
vn -0.424995 0.000000 -0.905196
vn 0.939249 0.000000 -0.343235
vn 0.939249 0.000000 -0.343235
vn 0.939249 0.000000 -0.343235
vn 0.939249 0.000000 -0.343236
vn 0.939249 0.000000 -0.343236
vn 0.939249 0.000000 -0.343236
vn 0.939249 0.000000 0.343236
vn 0.939249 0.000000 0.343236
vn 0.939249 0.000000 0.343236
vn 0.939250 0.000000 0.343235
vn 0.939250 0.000000 0.343235
vn 0.939250 0.000000 0.343235
vn -0.424995 0.000000 0.905196
vn -0.424995 0.000000 0.905196
vn -0.424995 0.000000 0.905196
vn -0.424995 0.000000 0.905196
vn -0.424995 0.000000 0.905196
vn -0.424995 0.000000 0.905196
vn -0.939250 0.000000 -0.343235
vn -0.939250 0.000000 -0.343235
vn -0.939250 0.000000 -0.343235
vn -0.939249 0.000000 -0.343236
vn -0.939249 0.000000 -0.343236
vn -0.939249 0.000000 -0.343236
vn 0.424995 0.000000 -0.905196
vn 0.424995 0.000000 -0.905196
vn 0.424995 0.000000 -0.905196
vn 0.424995 0.000000 -0.905196
vn 0.424995 0.000000 -0.905196
vn 0.424995 0.000000 -0.905196
vn 0.424995 0.000000 0.905196
vn 0.424995 0.000000 0.905196
vn 0.424995 0.000000 0.905196
vn 0.424995 0.000000 0.905196
vn 0.424995 0.000000 0.905196
vn 0.424995 0.000000 0.905196
vn -0.939249 0.000000 0.343236
vn -0.939249 0.000000 0.343236
vn -0.939249 0.000000 0.343236
vn -0.939250 0.000000 0.343235
vn -0.939250 0.000000 0.343235
vn -0.939250 0.000000 0.343235
vn 0.000000 1.000000 -0.000000
vn 0.000000 1.000000 -0.000000
vn 0.000000 1.000000 -0.000000
vn -0.000000 1.000000 0.000000
vn -0.000000 1.000000 0.000000
vn -0.000000 1.000000 0.000000
vn 0.000000 1.000000 -0.000000
vn 0.000000 1.000000 -0.000000
vn 0.000000 1.000000 -0.000000
vn 0.000000 1.000000 0.000000
vn 0.000000 1.000000 0.000000
vn 0.000000 1.000000 0.000000
vn -0.000000 1.000000 0.000000
vn -0.000000 1.000000 0.000000
vn -0.000000 1.000000 0.000000
vn 0.000000 1.000000 -0.000000
vn 0.000000 1.000000 -0.000000
vn 0.000000 1.000000 -0.000000
vn -0.720243 0.481623 -0.499289
vn -0.720243 0.481623 -0.499289
vn -0.720243 0.481623 -0.499289
vn -0.756876 0.420898 -0.499984
vn -0.756876 0.420898 -0.499984
vn -0.756876 0.420898 -0.499984
vn -0.786312 -0.486207 -0.381203
vn -0.786312 -0.486207 -0.381203
vn -0.786312 -0.486207 -0.381203
vn -0.808059 -0.415496 -0.417617
vn -0.808059 -0.415496 -0.417617
vn -0.808059 -0.415496 -0.417617
vn -0.296176 -0.953324 -0.058767
vn -0.296176 -0.953324 -0.058767
vn -0.296176 -0.953324 -0.058767
vn -0.345292 -0.932573 -0.105269
vn -0.345292 -0.932573 -0.105269
vn -0.345292 -0.932573 -0.105269
vn 0.201538 -0.956082 0.212815
vn 0.201538 -0.956082 0.212815
vn 0.201538 -0.956082 0.212815
vn 0.253555 -0.932798 0.256121
vn 0.253555 -0.932798 0.256121
vn 0.253555 -0.932798 0.256121
vn 0.724065 -0.498502 0.476682
vn 0.724065 -0.498502 0.476682
vn 0.724065 -0.498502 0.476682
vn 0.756901 -0.420886 0.499956
vn 0.756901 -0.420886 0.499956
vn 0.756901 -0.420886 0.499956
vn -0.728445 -0.357629 0.584353
vn -0.728445 -0.357629 0.584353
vn -0.728445 -0.357629 0.584353
vn -0.732366 -0.356042 0.580409
vn -0.732366 -0.356042 0.580409
vn -0.732366 -0.356042 0.580409
vn 0.786283 0.486235 0.381227
vn 0.786283 0.486235 0.381227
vn 0.786283 0.486235 0.381227
vn 0.815265 0.420842 0.397788
vn 0.815265 0.420842 0.397788
vn 0.815265 0.420842 0.397788
vn 0.327104 0.944652 0.025207
vn 0.327104 0.944652 0.025207
vn 0.327104 0.944652 0.025207
vn 0.368804 0.928438 0.044571
vn 0.368804 0.928438 0.044571
vn 0.368804 0.928438 0.044571
vn 0.754777 0.131199 -0.642728
vn 0.754777 0.131199 -0.642728
vn 0.754777 0.131199 -0.642728
vn 0.760577 0.127898 -0.636525
vn 0.760577 0.127898 -0.636525
vn 0.760577 0.127898 -0.636525
vn 0.650821 0.604640 -0.459176
vn 0.650821 0.604640 -0.459176
vn 0.650821 0.604640 -0.459176
vn 0.658707 0.601012 -0.452647
vn 0.658707 0.601012 -0.452647
vn 0.658707 0.601012 -0.452647
vn 0.310463 0.932059 0.186756
vn 0.310463 0.932059 0.186756
vn 0.310463 0.932059 0.186756
vn 0.299255 0.936463 0.182982
vn 0.299255 0.936463 0.182982
vn 0.299255 0.936463 0.182982
vn -0.003326 0.691341 0.722521
vn -0.003326 0.691341 0.722521
vn -0.003326 0.691341 0.722521
vn -0.006794 0.691918 0.721944
vn -0.006794 0.691918 0.721944
vn -0.006794 0.691918 0.721944
vn -0.091234 0.486065 0.869147
vn -0.091234 0.486065 0.869147
vn -0.091234 0.486065 0.869147
vn -0.091788 0.486104 0.869068
vn -0.091788 0.486104 0.869068
vn -0.091788 0.486104 0.869068
vn -0.099399 0.462035 0.881274
vn -0.099399 0.462035 0.881274
vn -0.099399 0.462035 0.881274
vn -0.099409 0.462036 0.881272
vn -0.099409 0.462036 0.881272
vn -0.099409 0.462036 0.881272
vn -0.053362 0.637812 0.768341
vn -0.053362 0.637812 0.768341
vn -0.053362 0.637812 0.768341
vn -0.036571 0.635435 0.771288
vn -0.036571 0.635435 0.771288
vn -0.036571 0.635435 0.771288
vn 0.995142 0.063586 0.075160
vn 0.995142 0.063586 0.075160
vn 0.995142 0.063586 0.075160
vn 0.994647 0.059633 0.084386
vn 0.994647 0.059633 0.084386
vn 0.994647 0.059633 0.084386
vn 0.945365 0.281349 0.164704
vn 0.945365 0.281349 0.164704
vn 0.945365 0.281349 0.164704
vn 0.946075 0.274358 0.172250
vn 0.946075 0.274358 0.172250
vn 0.946075 0.274358 0.172250
vn 0.793374 0.407317 0.452383
vn 0.793374 0.407317 0.452383
vn 0.793374 0.407317 0.452383
vn 0.790004 0.414340 0.451902
vn 0.790004 0.414340 0.451902
vn 0.790004 0.414340 0.451902
vn 0.652703 0.300140 0.695625
vn 0.652703 0.300140 0.695625
vn 0.652703 0.300140 0.695625
vn 0.649533 0.302753 0.697458
vn 0.649533 0.302753 0.697458
vn 0.649533 0.302753 0.697458
vn 0.613902 0.213869 0.759858
vn 0.613902 0.213869 0.759858
vn 0.613902 0.213869 0.759858
vn 0.613413 0.214099 0.760188
vn 0.613413 0.214099 0.760188
vn 0.613413 0.214099 0.760188
vn 0.609819 0.203701 0.765915
vn 0.609819 0.203701 0.765915
vn 0.609819 0.203701 0.765915
vn 0.609815 0.203704 0.765918
vn 0.609815 0.203704 0.765918
vn 0.609815 0.203704 0.765918
vn 0.621006 0.290982 0.727791
vn 0.621006 0.290982 0.727791
vn 0.621006 0.290982 0.727791
vn 0.637032 0.279736 0.718288
vn 0.637032 0.279736 0.718288
vn 0.637032 0.279736 0.718288
vn 0.563342 -0.065589 0.823617
vn 0.563342 -0.065589 0.823617
vn 0.563342 -0.065589 0.823617
vn 0.570316 -0.062266 0.819062
vn 0.570316 -0.062266 0.819062
vn 0.570316 -0.062266 0.819062
vn 0.615549 -0.275645 0.738322
vn 0.615549 -0.275645 0.738322
vn 0.615549 -0.275645 0.738322
vn 0.621317 -0.269819 0.735637
vn 0.621317 -0.269819 0.735637
vn 0.621317 -0.269819 0.735637
vn 0.795096 -0.409552 0.447314
vn 0.795096 -0.409552 0.447314
vn 0.795096 -0.409552 0.447314
vn 0.793495 -0.414614 0.445489
vn 0.793495 -0.414614 0.445489
vn 0.793495 -0.414614 0.445489
vn 0.925389 -0.308245 0.220547
vn 0.925389 -0.308245 0.220547
vn 0.925389 -0.308245 0.220547
vn 0.925372 -0.310932 0.216814
vn 0.925372 -0.310932 0.216814
vn 0.925372 -0.310932 0.216814
vn 0.965068 -0.215129 0.149545
vn 0.965068 -0.215129 0.149545
vn 0.965068 -0.215129 0.149545
vn 0.965107 -0.215358 0.148961
vn 0.965107 -0.215358 0.148961
vn 0.965107 -0.215358 0.148961
vn 0.968307 -0.204840 0.142906
vn 0.968307 -0.204840 0.142906
vn 0.968307 -0.204840 0.142906
vn 0.968307 -0.204843 0.142899
vn 0.968307 -0.204843 0.142899
vn 0.968307 -0.204843 0.142899
vn 0.941690 -0.291162 0.168656
vn 0.941690 -0.291162 0.168656
vn 0.941690 -0.291162 0.168656
vn 0.941406 -0.279185 0.189238
vn 0.941406 -0.279185 0.189238
vn 0.941406 -0.279185 0.189238
vn -0.177098 -0.143400 0.973690
vn -0.177098 -0.143400 0.973690
vn -0.177098 -0.143400 0.973690
vn -0.170639 -0.141373 0.975139
vn -0.170639 -0.141373 0.975139
vn -0.170639 -0.141373 0.975139
vn -0.065873 -0.606319 0.792488
vn -0.065873 -0.606319 0.792488
vn -0.065873 -0.606319 0.792488
vn -0.061195 -0.604648 0.794138
vn -0.061195 -0.604648 0.794138
vn -0.061195 -0.604648 0.794138
vn 0.310813 -0.935177 0.169819
vn 0.310813 -0.935177 0.169819
vn 0.310813 -0.935177 0.169819
vn 0.310972 -0.935102 0.169944
vn 0.310972 -0.935102 0.169944
vn 0.310972 -0.935102 0.169944
vn 0.619928 -0.696347 -0.361650
vn 0.619928 -0.696347 -0.361650
vn 0.619928 -0.696347 -0.361650
vn 0.617104 -0.697103 -0.365007
vn 0.617104 -0.697103 -0.365007
vn 0.617104 -0.697103 -0.365007
vn 0.705518 -0.486843 -0.515003
vn 0.705518 -0.486843 -0.515003
vn 0.705518 -0.486843 -0.515003
vn 0.705182 -0.486882 -0.515427
vn 0.705182 -0.486882 -0.515427
vn 0.705182 -0.486882 -0.515427
vn 0.712045 -0.462429 -0.528348
vn 0.712045 -0.462429 -0.528348
vn 0.712045 -0.462429 -0.528348
vn 0.712041 -0.462429 -0.528353
vn 0.712041 -0.462429 -0.528353
vn 0.712041 -0.462429 -0.528353
vn 0.640580 -0.626975 -0.443350
vn 0.640580 -0.626975 -0.443350
vn 0.640580 -0.626975 -0.443350
vn 0.653653 -0.624677 -0.427219
vn 0.653653 -0.624677 -0.427219
vn 0.653653 -0.624677 -0.427219
vn -0.754824 -0.141796 0.640417
vn -0.754824 -0.141796 0.640417
vn -0.754824 -0.141796 0.640417
vn -0.758986 -0.143091 0.635189
vn -0.758986 -0.143091 0.635189
vn -0.758986 -0.143091 0.635189
vn -0.649837 -0.608263 0.455772
vn -0.649837 -0.608263 0.455772
vn -0.649837 -0.608263 0.455772
vn -0.655777 -0.607169 0.448669
vn -0.655777 -0.607169 0.448669
vn -0.655777 -0.607169 0.448669
vn -0.311576 -0.932204 -0.184163
vn -0.311576 -0.932204 -0.184163
vn -0.311576 -0.932204 -0.184163
vn -0.303280 -0.936179 -0.177735
vn -0.303280 -0.936179 -0.177735
vn -0.303280 -0.936179 -0.177735
vn 0.002345 -0.693335 -0.720612
vn 0.002345 -0.693335 -0.720612
vn 0.002345 -0.693335 -0.720612
vn 0.004840 -0.694354 -0.719617
vn 0.004840 -0.694354 -0.719617
vn 0.004840 -0.694354 -0.719617
vn 0.091130 -0.486373 -0.868986
vn 0.091130 -0.486373 -0.868986
vn 0.091130 -0.486373 -0.868986
vn 0.091622 -0.486532 -0.868845
vn 0.091622 -0.486532 -0.868845
vn 0.091622 -0.486532 -0.868845
vn 0.099401 -0.462041 -0.881271
vn 0.099401 -0.462041 -0.881271
vn 0.099401 -0.462041 -0.881271
vn 0.099409 -0.462040 -0.881270
vn 0.099409 -0.462040 -0.881270
vn 0.099409 -0.462040 -0.881270
vn 0.059996 -0.628800 -0.775249
vn 0.059996 -0.628800 -0.775249
vn 0.059996 -0.628800 -0.775249
vn 0.042026 -0.621723 -0.782109
vn 0.042026 -0.621723 -0.782109
vn 0.042026 -0.621723 -0.782109
vn -0.995138 -0.063623 -0.075178
vn -0.995138 -0.063623 -0.075178
vn -0.995138 -0.063623 -0.075178
vn -0.994341 -0.064559 -0.084367
vn -0.994341 -0.064559 -0.084367
vn -0.994341 -0.064559 -0.084367
vn -0.945476 -0.281176 -0.164361
vn -0.945476 -0.281176 -0.164361
vn -0.945476 -0.281176 -0.164361
vn -0.945337 -0.276333 -0.173145
vn -0.945337 -0.276333 -0.173145
vn -0.945337 -0.276333 -0.173145
vn -0.792966 -0.406989 -0.453393
vn -0.792966 -0.406989 -0.453393
vn -0.792966 -0.406989 -0.453393
vn -0.790730 -0.413959 -0.450980
vn -0.790730 -0.413959 -0.450980
vn -0.790730 -0.413959 -0.450980
vn -0.652745 -0.300232 -0.695546
vn -0.652745 -0.300232 -0.695546
vn -0.652745 -0.300232 -0.695546
vn -0.650318 -0.303297 -0.696490
vn -0.650318 -0.303297 -0.696490
vn -0.650318 -0.303297 -0.696490
vn -0.613902 -0.213868 -0.759859
vn -0.613902 -0.213868 -0.759859
vn -0.613902 -0.213868 -0.759859
vn -0.613474 -0.214221 -0.760105
vn -0.613474 -0.214221 -0.760105
vn -0.613474 -0.214221 -0.760105
vn -0.609821 -0.203701 -0.765914
vn -0.609821 -0.203701 -0.765914
vn -0.609821 -0.203701 -0.765914
vn -0.609816 -0.203706 -0.765917
vn -0.609816 -0.203706 -0.765917
vn -0.609816 -0.203706 -0.765917
vn -0.621015 -0.290985 -0.727783
vn -0.621015 -0.290985 -0.727783
vn -0.621015 -0.290985 -0.727783
vn -0.635539 -0.275184 -0.721362
vn -0.635539 -0.275184 -0.721362
vn -0.635539 -0.275184 -0.721362
vn -0.561673 0.060899 -0.825115
vn -0.561673 0.060899 -0.825115
vn -0.561673 0.060899 -0.825115
vn -0.570314 0.062309 -0.819060
vn -0.570314 0.062309 -0.819060
vn -0.570314 0.062309 -0.819060
vn -0.613663 0.274291 -0.740393
vn -0.613663 0.274291 -0.740393
vn -0.613663 0.274291 -0.740393
vn -0.621251 0.269511 -0.735806
vn -0.621251 0.269511 -0.735806
vn -0.621251 0.269511 -0.735806
vn -0.796843 0.408663 -0.445012
vn -0.796843 0.408663 -0.445012
vn -0.796843 0.408663 -0.445012
vn -0.793884 0.414959 -0.444473
vn -0.793884 0.414959 -0.444473
vn -0.793884 0.414959 -0.444473
vn -0.925810 0.307428 -0.219918
vn -0.925810 0.307428 -0.219918
vn -0.925810 0.307428 -0.219918
vn -0.925323 0.310992 -0.216935
vn -0.925323 0.310992 -0.216935
vn -0.925323 0.310992 -0.216935
vn -0.965109 0.215000 -0.149461
vn -0.965109 0.215000 -0.149461
vn -0.965109 0.215000 -0.149461
vn -0.965107 0.215357 -0.148960
vn -0.965107 0.215357 -0.148960
vn -0.965107 0.215357 -0.148960
vn -0.968307 0.204838 -0.142907
vn -0.968307 0.204838 -0.142907
vn -0.968307 0.204838 -0.142907
vn -0.968307 0.204843 -0.142901
vn -0.968307 0.204843 -0.142901
vn -0.968307 0.204843 -0.142901
vn -0.939808 0.293768 -0.174529
vn -0.939808 0.293768 -0.174529
vn -0.939808 0.293768 -0.174529
vn -0.941402 0.279193 -0.189243
vn -0.941402 0.279193 -0.189243
vn -0.941402 0.279193 -0.189243
vn 0.180006 0.128277 -0.975265
vn 0.180006 0.128277 -0.975265
vn 0.180006 0.128277 -0.975265
vn 0.170889 0.130834 -0.976565
vn 0.170889 0.130834 -0.976565
vn 0.170889 0.130834 -0.976565
vn 0.069763 0.600585 -0.796512
vn 0.069763 0.600585 -0.796512
vn 0.069763 0.600585 -0.796512
vn 0.062726 0.599887 -0.797622
vn 0.062726 0.599887 -0.797622
vn 0.062726 0.599887 -0.797622
vn -0.314830 0.934791 -0.164462
vn -0.314830 0.934791 -0.164462
vn -0.314830 0.934791 -0.164462
vn -0.313418 0.935352 -0.163972
vn -0.313418 0.935352 -0.163972
vn -0.313418 0.935352 -0.163972
vn -0.621473 0.693719 0.364039
vn -0.621473 0.693719 0.364039
vn -0.621473 0.693719 0.364039
vn -0.617802 0.695510 0.366859
vn -0.617802 0.695510 0.366859
vn -0.617802 0.695510 0.366859
vn -0.705639 0.486412 0.515245
vn -0.705639 0.486412 0.515245
vn -0.705639 0.486412 0.515245
vn -0.705260 0.486576 0.515608
vn -0.705260 0.486576 0.515608
vn -0.705260 0.486576 0.515608
vn -0.712047 0.462423 0.528350
vn -0.712047 0.462423 0.528350
vn -0.712047 0.462423 0.528350
vn -0.712042 0.462424 0.528356
vn -0.712042 0.462424 0.528356
vn -0.712042 0.462424 0.528356
vn -0.636775 0.639843 0.430255
vn -0.636775 0.639843 0.430255
vn -0.636775 0.639843 0.430255
vn -0.648970 0.634328 0.420079
vn -0.648970 0.634328 0.420079
vn -0.648970 0.634328 0.420079
vn 0.764162 0.083072 -0.639653
vn 0.764162 0.083072 -0.639653
vn 0.764162 0.083072 -0.639653
vn 0.763956 0.082957 -0.639913
vn 0.763956 0.082957 -0.639913
vn 0.763956 0.082957 -0.639913
vn 0.980561 0.164277 0.107296
vn 0.980561 0.164277 0.107296
vn 0.980561 0.164277 0.107296
vn 0.980107 0.162839 0.113459
vn 0.980107 0.162839 0.113459
vn 0.980107 0.162839 0.113459
vn -0.581526 0.165827 -0.796448
vn -0.581526 0.165827 -0.796448
vn -0.581526 0.165827 -0.796448
vn -0.586202 0.162966 -0.793605
vn -0.586202 0.162966 -0.793605
vn -0.586202 0.162966 -0.793605
vn -0.144212 -0.357071 0.922878
vn -0.144212 -0.357071 0.922878
vn -0.144212 -0.357071 0.922878
vn -0.138434 -0.357171 0.923723
vn -0.138434 -0.357171 0.923723
vn -0.138434 -0.357171 0.923723
vn 0.728062 0.361046 -0.582727
vn 0.728062 0.361046 -0.582727
vn 0.728062 0.361046 -0.582727
vn 0.731187 0.361016 -0.578821
vn 0.731187 0.361016 -0.578821
vn 0.731187 0.361016 -0.578821
vn 0.142484 0.361932 -0.921251
vn 0.142484 0.361932 -0.921251
vn 0.142484 0.361932 -0.921251
vn 0.137880 0.360680 -0.922442
vn 0.137880 0.360680 -0.922442
vn 0.137880 0.360680 -0.922442
vn -0.980561 -0.164279 -0.107298
vn -0.980561 -0.164279 -0.107298
vn -0.980561 -0.164279 -0.107298
vn -0.980422 -0.161199 -0.113085
vn -0.980422 -0.161199 -0.113085
vn -0.980422 -0.161199 -0.113085
vn 0.580696 -0.164440 0.797340
vn 0.580696 -0.164440 0.797340
vn 0.580696 -0.164440 0.797340
vn 0.586201 -0.162964 0.793607
vn 0.586201 -0.162964 0.793607
vn 0.586201 -0.162964 0.793607
vn 0.568858 -0.038240 0.821546
vn 0.568858 -0.038240 0.821546
vn 0.568858 -0.038240 0.821546
vn 0.568473 -0.038094 0.821820
vn 0.568473 -0.038094 0.821820
vn 0.568473 -0.038094 0.821820
vn -0.764159 -0.083820 0.639559
vn -0.764159 -0.083820 0.639559
vn -0.764159 -0.083820 0.639559
vn -0.763886 -0.084028 0.639857
vn -0.763886 -0.084028 0.639857
vn -0.763886 -0.084028 0.639857
vn -0.568800 0.037905 -0.821602
vn -0.568800 0.037905 -0.821602
vn -0.568800 0.037905 -0.821602
vn -0.568466 0.038094 -0.821824
vn -0.568466 0.038094 -0.821824
vn -0.568466 0.038094 -0.821824
vn 0.995712 0.037854 0.084409
vn 0.995712 0.037854 0.084409
vn 0.995712 0.037854 0.084409
vn 0.995753 0.037733 0.083975
vn 0.995753 0.037733 0.083975
vn 0.995753 0.037733 0.083975
vn -0.173892 -0.084079 0.981169
vn -0.173892 -0.084079 0.981169
vn -0.173892 -0.084079 0.981169
vn -0.174323 -0.083889 0.981109
vn -0.174323 -0.083889 0.981109
vn -0.174323 -0.083889 0.981109
vn -0.995712 -0.037853 -0.084409
vn -0.995712 -0.037853 -0.084409
vn -0.995712 -0.037853 -0.084409
vn -0.995740 -0.038075 -0.083974
vn -0.995740 -0.038075 -0.083974
vn -0.995740 -0.038075 -0.083974
vn 0.174005 0.083011 -0.981240
vn 0.174005 0.083011 -0.981240
vn 0.174005 0.083011 -0.981240
vn 0.174318 0.083146 -0.981173
vn 0.174318 0.083146 -0.981173
vn 0.174318 0.083146 -0.981173
vn 0.000001 -1.000000 0.000000
vn 0.000001 -1.000000 0.000000
vn 0.000001 -1.000000 0.000000
vn -0.000000 -1.000000 0.000000
vn -0.000000 -1.000000 0.000000
vn -0.000000 -1.000000 0.000000
vn -0.000001 -1.000000 0.000000
vn -0.000001 -1.000000 0.000000
vn -0.000001 -1.000000 0.000000
vn 0.000000 -1.000000 0.000000
vn 0.000000 -1.000000 0.000000
vn 0.000000 -1.000000 0.000000
vn -0.000001 -1.000000 0.000000
vn -0.000001 -1.000000 0.000000
vn -0.000001 -1.000000 0.000000
vn 0.000000 -1.000000 0.000000
vn 0.000000 -1.000000 0.000000
vn 0.000000 -1.000000 0.000000
vn -0.000000 -1.000000 0.000000
vn -0.000000 -1.000000 0.000000
vn -0.000000 -1.000000 0.000000
vn 0.000000 -1.000000 0.000000
vn 0.000000 -1.000000 0.000000
vn 0.000000 -1.000000 0.000000
vn -0.000000 -1.000000 -0.000000
vn -0.000000 -1.000000 -0.000000
vn -0.000000 -1.000000 -0.000000
vn -0.000000 -1.000000 -0.000000
vn -0.000000 -1.000000 -0.000000
vn -0.000000 -1.000000 -0.000000
vn 0.000000 -1.000000 0.000000
vn 0.000000 -1.000000 0.000000
vn 0.000000 -1.000000 0.000000
vn 0.000000 -1.000000 0.000000
vn 0.000000 -1.000000 0.000000
vn 0.000000 -1.000000 0.000000
vn -0.000001 -1.000000 0.000000
vn -0.000001 -1.000000 0.000000
vn -0.000001 -1.000000 0.000000
vn 0.000000 -1.000000 0.000000
vn 0.000000 -1.000000 0.000000
vn 0.000000 -1.000000 0.000000
vn 0.000000 -1.000000 0.000000
vn 0.000000 -1.000000 0.000000
vn 0.000000 -1.000000 0.000000
vn 0.000000 -1.000000 0.000000
vn 0.000000 -1.000000 0.000000
vn 0.000000 -1.000000 0.000000
vn -0.571423 0.000000 -0.820656
vn -0.571423 0.000000 -0.820656
vn -0.571423 0.000000 -0.820656
vn -0.571423 0.000000 -0.820656
vn -0.571423 0.000000 -0.820656
vn -0.571423 0.000000 -0.820656
vn 0.996420 0.000000 0.084543
vn 0.996420 0.000000 0.084543
vn 0.996420 0.000000 0.084543
vn 0.996420 0.000000 0.084543
vn 0.996420 0.000000 0.084543
vn 0.996420 0.000000 0.084543
vn -0.172375 0.000000 0.985031
vn -0.172375 0.000000 0.985031
vn -0.172375 0.000000 0.985031
vn -0.172375 0.000000 0.985031
vn -0.172375 0.000000 0.985031
vn -0.172375 0.000000 0.985031
vn -0.996420 0.000000 -0.084540
vn -0.996420 0.000000 -0.084540
vn -0.996420 0.000000 -0.084540
vn -0.996420 0.000000 -0.084542
vn -0.996420 0.000000 -0.084542
vn -0.996420 0.000000 -0.084542
vn 0.172372 0.000000 -0.985032
vn 0.172372 0.000000 -0.985032
vn 0.172372 0.000000 -0.985032
vn 0.172372 0.000000 -0.985032
vn 0.172372 0.000000 -0.985032
vn 0.172372 0.000000 -0.985032
vn 0.766876 0.000000 -0.641795
vn 0.766876 0.000000 -0.641795
vn 0.766876 0.000000 -0.641795
vn 0.766876 0.000000 -0.641795
vn 0.766876 0.000000 -0.641795
vn 0.766876 0.000000 -0.641795
vn 0.571426 0.000000 0.820654
vn 0.571426 0.000000 0.820654
vn 0.571426 0.000000 0.820654
vn 0.571426 0.000000 0.820654
vn 0.571426 0.000000 0.820654
vn 0.571426 0.000000 0.820654
vn -0.766875 0.000000 0.641797
vn -0.766875 0.000000 0.641797
vn -0.766875 0.000000 0.641797
vn -0.766876 0.000000 0.641795
vn -0.766876 0.000000 0.641795
vn -0.766876 0.000000 0.641795
vn 0.315761 -0.911297 -0.264259
vn 0.315761 -0.911297 -0.264259
vn 0.315761 -0.911297 -0.264259
vn 0.315761 -0.911297 -0.264260
vn 0.315761 -0.911297 -0.264260
vn 0.315761 -0.911297 -0.264260
vn 0.218405 -0.924075 0.313662
vn 0.218405 -0.924075 0.313662
vn 0.218405 -0.924075 0.313662
vn 0.218405 -0.924075 0.313663
vn 0.218405 -0.924075 0.313663
vn 0.218405 -0.924075 0.313663
vn -0.315760 -0.911298 0.264258
vn -0.315760 -0.911298 0.264258
vn -0.315760 -0.911298 0.264258
vn -0.315761 -0.911297 0.264259
vn -0.315761 -0.911297 0.264259
vn -0.315761 -0.911297 0.264259
vn -0.218405 -0.924075 -0.313664
vn -0.218405 -0.924075 -0.313664
vn -0.218405 -0.924075 -0.313664
vn -0.218405 -0.924075 -0.313663
vn -0.218405 -0.924075 -0.313663
vn -0.218405 -0.924075 -0.313663
vn 0.380844 -0.924075 0.032313
vn 0.380844 -0.924075 0.032313
vn 0.380844 -0.924075 0.032313
vn 0.380843 -0.924075 0.032313
vn 0.380843 -0.924075 0.032313
vn 0.380843 -0.924075 0.032313
vn -0.070976 -0.911297 0.405587
vn -0.070976 -0.911297 0.405587
vn -0.070976 -0.911297 0.405587
vn -0.070975 -0.911297 0.405587
vn -0.070975 -0.911297 0.405587
vn -0.070975 -0.911297 0.405587
vn -0.380842 -0.924075 -0.032313
vn -0.380842 -0.924075 -0.032313
vn -0.380842 -0.924075 -0.032313
vn -0.380843 -0.924075 -0.032313
vn -0.380843 -0.924075 -0.032313
vn -0.380843 -0.924075 -0.032313
vn 0.070974 -0.911297 -0.405587
vn 0.070974 -0.911297 -0.405587
vn 0.070974 -0.911297 -0.405587
vn 0.070975 -0.911297 -0.405587
vn 0.070975 -0.911297 -0.405587
vn 0.070975 -0.911297 -0.405587
vn -0.996420 0.000000 -0.084541
vn -0.996420 0.000000 -0.084541
vn -0.996420 0.000000 -0.084541
vn -0.996420 0.000000 -0.084541
vn -0.996420 0.000000 -0.084541
vn -0.996420 0.000000 -0.084541
vn 0.172374 0.000000 -0.985032
vn 0.172374 0.000000 -0.985032
vn 0.172374 0.000000 -0.985032
vn 0.172374 0.000000 -0.985032
vn 0.172374 0.000000 -0.985032
vn 0.172374 0.000000 -0.985032
vn 0.766876 0.000000 -0.641796
vn 0.766876 0.000000 -0.641796
vn 0.766876 0.000000 -0.641796
vn 0.766875 0.000000 -0.641796
vn 0.766875 0.000000 -0.641796
vn 0.766875 0.000000 -0.641796
vn 0.571425 0.000000 0.820654
vn 0.571425 0.000000 0.820654
vn 0.571425 0.000000 0.820654
vn 0.571425 0.000000 0.820655
vn 0.571425 0.000000 0.820655
vn 0.571425 0.000000 0.820655
vn -0.766875 0.000000 0.641796
vn -0.766875 0.000000 0.641796
vn -0.766875 0.000000 0.641796
vn -0.766875 0.000000 0.641796
vn -0.766875 0.000000 0.641796
vn -0.766875 0.000000 0.641796
vn -0.571425 0.000000 -0.820654
vn -0.571425 0.000000 -0.820654
vn -0.571425 0.000000 -0.820654
vn -0.571425 0.000000 -0.820654
vn -0.571425 0.000000 -0.820654
vn -0.571425 0.000000 -0.820654
vn 0.996420 0.000000 0.084542
vn 0.996420 0.000000 0.084542
vn 0.996420 0.000000 0.084542
vn 0.996420 0.000000 0.084542
vn 0.996420 0.000000 0.084542
vn 0.996420 0.000000 0.084542
vn -0.172374 0.000000 0.985032
vn -0.172374 0.000000 0.985032
vn -0.172374 0.000000 0.985032
vn -0.172374 0.000000 0.985032
vn -0.172374 0.000000 0.985032
vn -0.172374 0.000000 0.985032
vn -0.000000 1.000000 -0.000000
vn -0.000000 1.000000 -0.000000
vn -0.000000 1.000000 -0.000000
vn 0.000000 1.000000 0.000000
vn 0.000000 1.000000 0.000000
vn 0.000000 1.000000 0.000000
vn -0.000000 1.000000 -0.000000
vn -0.000000 1.000000 -0.000000
vn -0.000000 1.000000 -0.000000
vn -0.000000 1.000000 -0.000000
vn -0.000000 1.000000 -0.000000
vn -0.000000 1.000000 -0.000000
vn 0.000000 1.000000 0.000000
vn 0.000000 1.000000 0.000000
vn 0.000000 1.000000 0.000000
vn -0.000000 1.000000 -0.000000
vn -0.000000 1.000000 -0.000000
vn -0.000000 1.000000 -0.000000
vn -0.329980 0.943789 0.019374
vn -0.329980 0.943789 0.019374
vn -0.329980 0.943789 0.019374
vn -0.364832 0.929755 0.049523
vn -0.364832 0.929755 0.049523
vn -0.364832 0.929755 0.049523
vn -0.792518 0.481623 0.374104
vn -0.792518 0.481623 0.374104
vn -0.792518 0.481623 0.374104
vn -0.811436 0.420897 0.405485
vn -0.811436 0.420897 0.405485
vn -0.811436 0.420897 0.405485
vn -0.723289 -0.486206 0.490364
vn -0.723289 -0.486206 0.490364
vn -0.723289 -0.486206 0.490364
vn -0.765696 -0.415497 0.490990
vn -0.765696 -0.415497 0.490990
vn -0.765696 -0.415497 0.490990
vn -0.198981 -0.953324 0.227113
vn -0.198981 -0.953324 0.227113
vn -0.198981 -0.953324 0.227113
vn -0.263812 -0.932573 0.246398
vn -0.263812 -0.932573 0.246398
vn -0.263812 -0.932573 0.246398
vn 0.285072 -0.956082 -0.068129
vn 0.285072 -0.956082 -0.068129
vn 0.285072 -0.956082 -0.068129
vn 0.348585 -0.932798 -0.091524
vn 0.348585 -0.932798 -0.091524
vn 0.348585 -0.932798 -0.091524
vn 0.774851 -0.498502 -0.388718
vn 0.774851 -0.498502 -0.388718
vn 0.774851 -0.498502 -0.388718
vn 0.811425 -0.420886 -0.405516
vn 0.811425 -0.420886 -0.405516
vn 0.811425 -0.420886 -0.405516
vn 0.141843 -0.357629 0.923029
vn 0.141843 -0.357629 0.923029
vn 0.141843 -0.357629 0.923029
vn 0.136465 -0.356042 0.924452
vn 0.136465 -0.356042 0.924452
vn 0.136465 -0.356042 0.924452
vn 0.723293 0.486234 -0.490330
vn 0.723293 0.486234 -0.490330
vn 0.723293 0.486234 -0.490330
vn 0.752128 0.420842 -0.507145
vn 0.752128 0.420842 -0.507145
vn 0.752128 0.420842 -0.507145
vn 0.185380 0.944653 -0.270677
vn 0.185380 0.944653 -0.270677
vn 0.185380 0.944653 -0.270677
vn 0.223002 0.928438 -0.297108
vn 0.223002 0.928438 -0.297108
vn 0.223002 0.928438 -0.297108
vn -0.179231 0.131196 -0.975020
vn -0.179231 0.131196 -0.975020
vn -0.179231 0.131196 -0.975020
vn -0.170958 0.127900 -0.976942
vn -0.170958 0.127900 -0.976942
vn -0.170958 0.127900 -0.976942
vn -0.072249 0.604640 -0.793216
vn -0.072249 0.604640 -0.793216
vn -0.072249 0.604640 -0.793216
vn -0.062648 0.601012 -0.796781
vn -0.062648 0.601012 -0.796781
vn -0.062648 0.601012 -0.796781
vn 0.316969 0.932059 -0.175490
vn 0.316969 0.932059 -0.175490
vn 0.316969 0.932059 -0.175490
vn 0.308093 0.936464 -0.167673
vn 0.308093 0.936464 -0.167673
vn 0.308093 0.936464 -0.167673
vn 0.624060 0.691341 0.364139
vn 0.624060 0.691341 0.364139
vn 0.624060 0.691341 0.364139
vn 0.621827 0.691915 0.366857
vn 0.621827 0.691915 0.366857
vn 0.621827 0.691915 0.366857
vn 0.707087 0.486066 0.513584
vn 0.707087 0.486066 0.513584
vn 0.707087 0.486066 0.513584
vn 0.706742 0.486104 0.514023
vn 0.706742 0.486104 0.514023
vn 0.706742 0.486104 0.514023
vn 0.713504 0.462036 0.526720
vn 0.713504 0.462036 0.526720
vn 0.713504 0.462036 0.526720
vn 0.713500 0.462035 0.526727
vn 0.713500 0.462035 0.526727
vn 0.713500 0.462035 0.526727
vn 0.638722 0.637813 0.430382
vn 0.638722 0.637813 0.430382
vn 0.638722 0.637813 0.430382
vn 0.649669 0.635435 0.417316
vn 0.649669 0.635435 0.417316
vn 0.649669 0.635435 0.417316
vn 0.562664 0.063585 -0.824237
vn 0.562664 0.063585 -0.824237
vn 0.562664 0.063585 -0.824237
vn 0.570410 0.059635 -0.819192
vn 0.570410 0.059635 -0.819192
vn 0.570410 0.059635 -0.819192
vn 0.615323 0.281350 -0.736355
vn 0.615323 0.281350 -0.736355
vn 0.615323 0.281350 -0.736355
vn 0.622211 0.274359 -0.733199
vn 0.622211 0.274359 -0.733199
vn 0.622211 0.274359 -0.733199
vn 0.788463 0.407314 -0.460892
vn 0.788463 0.407314 -0.460892
vn 0.788463 0.407314 -0.460892
vn 0.786360 0.414341 -0.458213
vn 0.786360 0.414341 -0.458213
vn 0.786360 0.414341 -0.458213
vn 0.928781 0.300140 -0.217443
vn 0.928781 0.300140 -0.217443
vn 0.928781 0.300140 -0.217443
vn 0.928783 0.302754 -0.213782
vn 0.928783 0.302754 -0.213782
vn 0.928783 0.302754 -0.213782
vn 0.965007 0.213869 -0.151726
vn 0.965007 0.213869 -0.151726
vn 0.965007 0.213869 -0.151726
vn 0.965049 0.214099 -0.151135
vn 0.965049 0.214099 -0.151135
vn 0.965049 0.214099 -0.151135
vn 0.968212 0.203700 -0.145163
vn 0.968212 0.203700 -0.145163
vn 0.968212 0.203700 -0.145163
vn 0.968212 0.203704 -0.145156
vn 0.968212 0.203704 -0.145156
vn 0.968212 0.203704 -0.145156
vn 0.940789 0.290982 -0.173912
vn 0.940789 0.290982 -0.173912
vn 0.940789 0.290982 -0.173912
vn 0.940572 0.279735 -0.192543
vn 0.940572 0.279735 -0.192543
vn 0.940572 0.279735 -0.192543
vn 0.994944 -0.065587 -0.076054
vn 0.994944 -0.065587 -0.076054
vn 0.994944 -0.065587 -0.076054
vn 0.994486 -0.062271 -0.084383
vn 0.994486 -0.062271 -0.084383
vn 0.994486 -0.062271 -0.084383
vn 0.947181 -0.275642 -0.163919
vn 0.947181 -0.275642 -0.163919
vn 0.947181 -0.275642 -0.163919
vn 0.947737 -0.269823 -0.170262
vn 0.947737 -0.269823 -0.170262
vn 0.947737 -0.269823 -0.170262
vn 0.784932 -0.409555 -0.464915
vn 0.784932 -0.409555 -0.464915
vn 0.784932 -0.409555 -0.464915
vn 0.782555 -0.414607 -0.464444
vn 0.782555 -0.414607 -0.464444
vn 0.782555 -0.414607 -0.464444
vn 0.653695 -0.308243 -0.691136
vn 0.653695 -0.308243 -0.691136
vn 0.653695 -0.308243 -0.691136
vn 0.650451 -0.310935 -0.692988
vn 0.650451 -0.310935 -0.692988
vn 0.650451 -0.310935 -0.692988
vn 0.612043 -0.215129 -0.761001
vn 0.612043 -0.215129 -0.761001
vn 0.612043 -0.215129 -0.761001
vn 0.611559 -0.215357 -0.761326
vn 0.611559 -0.215357 -0.761326
vn 0.611559 -0.215357 -0.761326
vn 0.607913 -0.204840 -0.767126
vn 0.607913 -0.204840 -0.767126
vn 0.607913 -0.204840 -0.767126
vn 0.607908 -0.204843 -0.767129
vn 0.607908 -0.204843 -0.767129
vn 0.607908 -0.204843 -0.767129
vn 0.616904 -0.291164 -0.731200
vn 0.616904 -0.291164 -0.731200
vn 0.616904 -0.291164 -0.731200
vn 0.634588 -0.279187 -0.720662
vn 0.634588 -0.279187 -0.720662
vn 0.634588 -0.279187 -0.720662
vn 0.754690 -0.143403 0.640218
vn 0.754690 -0.143403 0.640218
vn 0.754690 -0.143403 0.640218
vn 0.759177 -0.141373 0.635346
vn 0.759177 -0.141373 0.635346
vn 0.759177 -0.141373 0.635346
vn 0.653380 -0.606318 0.453291
vn 0.653380 -0.606318 0.453291
vn 0.653380 -0.606318 0.453291
vn 0.657147 -0.604647 0.450067
vn 0.657147 -0.604647 0.450067
vn 0.657147 -0.604647 0.450067
vn 0.302473 -0.935178 -0.184262
vn 0.302473 -0.935178 -0.184262
vn 0.302473 -0.935178 -0.184262
vn 0.302662 -0.935102 -0.184339
vn 0.302662 -0.935102 -0.184339
vn 0.302662 -0.935102 -0.184339
vn -0.003236 -0.696346 -0.717699
vn -0.003236 -0.696346 -0.717699
vn -0.003236 -0.696346 -0.717699
vn -0.007554 -0.697103 -0.716931
vn -0.007554 -0.697103 -0.716931
vn -0.007554 -0.697103 -0.716931
vn -0.093248 -0.486843 -0.868498
vn -0.093248 -0.486843 -0.868498
vn -0.093248 -0.486843 -0.868498
vn -0.093783 -0.486881 -0.868419
vn -0.093783 -0.486881 -0.868419
vn -0.093783 -0.486881 -0.868419
vn -0.101540 -0.462429 -0.880823
vn -0.101540 -0.462429 -0.880823
vn -0.101540 -0.462429 -0.880823
vn -0.101548 -0.462429 -0.880822
vn -0.101548 -0.462429 -0.880822
vn -0.101548 -0.462429 -0.880822
vn -0.063662 -0.626975 -0.776434
vn -0.063662 -0.626975 -0.776434
vn -0.063662 -0.626975 -0.776434
vn -0.043155 -0.624677 -0.779690
vn -0.043155 -0.624677 -0.779690
vn -0.043155 -0.624677 -0.779690
vn 0.177209 -0.141794 0.973905
vn 0.177209 -0.141794 0.973905
vn 0.177209 -0.141794 0.973905
vn 0.170597 -0.143095 0.974895
vn 0.170597 -0.143095 0.974895
vn 0.170597 -0.143095 0.974895
vn 0.069792 -0.608264 0.790661
vn 0.069792 -0.608264 0.790661
vn 0.069792 -0.608264 0.790661
vn 0.060674 -0.607169 0.792252
vn 0.060674 -0.607169 0.792252
vn 0.060674 -0.607169 0.792252
vn -0.315279 -0.932203 0.177752
vn -0.315279 -0.932203 0.177752
vn -0.315279 -0.932203 0.177752
vn -0.305564 -0.936179 0.173781
vn -0.305564 -0.936179 0.173781
vn -0.305564 -0.936179 0.173781
vn -0.622895 -0.693334 -0.362339
vn -0.622895 -0.693334 -0.362339
vn -0.622895 -0.693334 -0.362339
vn -0.620789 -0.694354 -0.363996
vn -0.620789 -0.694354 -0.363996
vn -0.620789 -0.694354 -0.363996
vn -0.706998 -0.486372 -0.513416
vn -0.706998 -0.486372 -0.513416
vn -0.706998 -0.486372 -0.513416
vn -0.706631 -0.486533 -0.513768
vn -0.706631 -0.486533 -0.513768
vn -0.706631 -0.486533 -0.513768
vn -0.713503 -0.462040 -0.526719
vn -0.713503 -0.462040 -0.526719
vn -0.713503 -0.462040 -0.526719
vn -0.713496 -0.462042 -0.526726
vn -0.713496 -0.462042 -0.526726
vn -0.713496 -0.462042 -0.526726
vn -0.641386 -0.628801 -0.439584
vn -0.641386 -0.628801 -0.439584
vn -0.641386 -0.628801 -0.439584
vn -0.656315 -0.621722 -0.427449
vn -0.656315 -0.621722 -0.427449
vn -0.656315 -0.621722 -0.427449
vn -0.562677 -0.063623 0.824225
vn -0.562677 -0.063623 0.824225
vn -0.562677 -0.063623 0.824225
vn -0.570231 -0.064557 0.818944
vn -0.570231 -0.064557 0.818944
vn -0.570231 -0.064557 0.818944
vn -0.615083 -0.281176 0.736623
vn -0.615083 -0.281176 0.736623
vn -0.615083 -0.281176 0.736623
vn -0.622618 -0.276330 0.732113
vn -0.622618 -0.276330 0.732113
vn -0.622618 -0.276330 0.732113
vn -0.789134 -0.406990 0.460030
vn -0.789134 -0.406990 0.460030
vn -0.789134 -0.406990 0.460030
vn -0.785926 -0.413959 0.459303
vn -0.785926 -0.413959 0.459303
vn -0.785926 -0.413959 0.459303
vn -0.928734 -0.300232 0.217518
vn -0.928734 -0.300232 0.217518
vn -0.928734 -0.300232 0.217518
vn -0.928336 -0.303298 0.214946
vn -0.928336 -0.303298 0.214946
vn -0.928336 -0.303298 0.214946
vn -0.965007 -0.213869 0.151727
vn -0.965007 -0.213869 0.151727
vn -0.965007 -0.213869 0.151727
vn -0.965007 -0.214220 0.151231
vn -0.965007 -0.214220 0.151231
vn -0.965007 -0.214220 0.151231
vn -0.968211 -0.203702 0.145164
vn -0.968211 -0.203702 0.145164
vn -0.968211 -0.203702 0.145164
vn -0.968212 -0.203704 0.145158
vn -0.968212 -0.203704 0.145158
vn -0.968212 -0.203704 0.145158
vn -0.940786 -0.290986 0.173924
vn -0.940786 -0.290986 0.173924
vn -0.940786 -0.290986 0.173924
vn -0.942488 -0.275183 0.189713
vn -0.942488 -0.275183 0.189713
vn -0.942488 -0.275183 0.189713
vn -0.995407 0.060900 0.073867
vn -0.995407 0.060900 0.073867
vn -0.995407 0.060900 0.073867
vn -0.994484 0.062310 0.084370
vn -0.994484 0.062310 0.084370
vn -0.994484 0.062310 0.084370
vn -0.948031 0.274289 0.161254
vn -0.948031 0.274289 0.161254
vn -0.948031 0.274289 0.161254
vn -0.947852 0.269515 0.170115
vn -0.947852 0.269515 0.170115
vn -0.947852 0.269515 0.170115
vn -0.783812 0.408667 0.467579
vn -0.783812 0.408667 0.467579
vn -0.783812 0.408667 0.467579
vn -0.781869 0.414955 0.465289
vn -0.781869 0.414955 0.465289
vn -0.781869 0.414955 0.465289
vn -0.653359 0.307424 0.691819
vn -0.653359 0.307424 0.691819
vn -0.653359 0.307424 0.691819
vn -0.650532 0.310993 0.692887
vn -0.650532 0.310993 0.692887
vn -0.650532 0.310993 0.692887
vn -0.611992 0.215001 0.761078
vn -0.611992 0.215001 0.761078
vn -0.611992 0.215001 0.761078
vn -0.611558 0.215358 0.761326
vn -0.611558 0.215358 0.761326
vn -0.611558 0.215358 0.761326
vn -0.607914 0.204838 0.767126
vn -0.607914 0.204838 0.767126
vn -0.607914 0.204838 0.767126
vn -0.607907 0.204844 0.767129
vn -0.607907 0.204844 0.767129
vn -0.607907 0.204844 0.767129
vn -0.621052 0.293768 0.726633
vn -0.621052 0.293768 0.726633
vn -0.621052 0.293768 0.726633
vn -0.634591 0.279193 0.720657
vn -0.634591 0.279193 0.720657
vn -0.634591 0.279193 0.720657
vn -0.754602 0.128281 -0.643521
vn -0.754602 0.128281 -0.643521
vn -0.754602 0.128281 -0.643521
vn -0.760284 0.130833 -0.636279
vn -0.760284 0.130833 -0.636279
vn -0.760284 0.130833 -0.636279
vn -0.654919 0.600586 -0.458670
vn -0.654919 0.600586 -0.458670
vn -0.654919 0.600586 -0.458670
vn -0.659400 0.599886 -0.453132
vn -0.659400 0.599886 -0.453132
vn -0.659400 0.599886 -0.453132
vn -0.299842 0.934792 0.190420
vn -0.299842 0.934792 0.190420
vn -0.299842 0.934792 0.190420
vn -0.298715 0.935351 0.189443
vn -0.298715 0.935351 0.189443
vn -0.298715 0.935351 0.189443
vn 0.004529 0.693721 0.720229
vn 0.004529 0.693721 0.720229
vn 0.004529 0.693721 0.720229
vn 0.008809 0.695513 0.718459
vn 0.008809 0.695513 0.718459
vn 0.008809 0.695513 0.718459
vn 0.093397 0.486412 0.868724
vn 0.093397 0.486412 0.868724
vn 0.093397 0.486412 0.868724
vn 0.093900 0.486576 0.868577
vn 0.093900 0.486576 0.868577
vn 0.093900 0.486576 0.868577
vn 0.101543 0.462424 0.880825
vn 0.101543 0.462424 0.880825
vn 0.101543 0.462424 0.880825
vn 0.101549 0.462425 0.880824
vn 0.101549 0.462425 0.880824
vn 0.101549 0.462425 0.880824
vn 0.054223 0.639842 0.766591
vn 0.054223 0.639842 0.766591
vn 0.054223 0.639842 0.766591
vn 0.039315 0.634329 0.772062
vn 0.039315 0.634329 0.772062
vn 0.039315 0.634329 0.772062
vn -0.171875 0.083072 -0.981610
vn -0.171875 0.083072 -0.981610
vn -0.171875 0.083072 -0.981610
vn -0.172203 0.082958 -0.981562
vn -0.172203 0.082958 -0.981562
vn -0.172203 0.082958 -0.981562
vn 0.583202 0.164277 -0.795543
vn 0.583202 0.164277 -0.795543
vn 0.583202 0.164277 -0.795543
vn 0.588312 0.162839 -0.792068
vn 0.588312 0.162839 -0.792068
vn 0.588312 0.162839 -0.792068
vn -0.980507 0.165827 0.105392
vn -0.980507 0.165827 0.105392
vn -0.980507 0.165827 0.105392
vn -0.980383 0.162967 0.110862
vn -0.980383 0.162967 0.110862
vn -0.980383 0.162967 0.110862
vn 0.727129 -0.357070 0.586331
vn 0.727129 -0.357070 0.586331
vn 0.727129 -0.357070 0.586331
vn 0.730751 -0.357172 0.581748
vn 0.730751 -0.357172 0.581748
vn 0.730751 -0.357172 0.581748
vn -0.140626 0.361045 -0.921884
vn -0.140626 0.361045 -0.921884
vn -0.140626 0.361045 -0.921884
vn -0.135681 0.361016 -0.922637
vn -0.135681 0.361016 -0.922637
vn -0.135681 0.361016 -0.922637
vn -0.726585 0.361932 -0.584020
vn -0.726585 0.361932 -0.584020
vn -0.726585 0.361932 -0.584020
vn -0.729918 0.360680 -0.580628
vn -0.729918 0.360680 -0.580628
vn -0.729918 0.360680 -0.580628
vn -0.583202 -0.164280 0.795542
vn -0.583202 -0.164280 0.795542
vn -0.583202 -0.164280 0.795542
vn -0.588146 -0.161199 0.792527
vn -0.588146 -0.161199 0.792527
vn -0.588146 -0.161199 0.792527
vn 0.980865 -0.164440 -0.104227
vn 0.980865 -0.164440 -0.104227
vn 0.980865 -0.164440 -0.104227
vn 0.980384 -0.162964 -0.110863
vn 0.980384 -0.162964 -0.110863
vn 0.980384 -0.162964 -0.110863
vn 0.995909 -0.038240 -0.081872
vn 0.995909 -0.038240 -0.081872
vn 0.995909 -0.038240 -0.081872
vn 0.995953 -0.038093 -0.081402
vn 0.995953 -0.038093 -0.081402
vn 0.995953 -0.038093 -0.081402
vn 0.171795 -0.083820 0.981560
vn 0.171795 -0.083820 0.981560
vn 0.171795 -0.083820 0.981560
vn 0.172189 -0.084028 0.981474
vn 0.172189 -0.084028 0.981474
vn 0.172189 -0.084028 0.981474
vn -0.995928 0.037906 0.081794
vn -0.995928 0.037906 0.081794
vn -0.995928 0.037906 0.081794
vn -0.995954 0.038094 0.081395
vn -0.995954 0.038094 0.081395
vn -0.995954 0.038094 0.081395
vn 0.570957 0.037854 -0.820107
vn 0.570957 0.037854 -0.820107
vn 0.570957 0.037854 -0.820107
vn 0.570601 0.037733 -0.820360
vn 0.570601 0.037733 -0.820360
vn 0.570601 0.037733 -0.820360
vn 0.762771 -0.084080 0.641179
vn 0.762771 -0.084080 0.641179
vn 0.762771 -0.084080 0.641179
vn 0.762503 -0.083889 0.641523
vn 0.762503 -0.083889 0.641523
vn 0.762503 -0.083889 0.641523
vn -0.570956 -0.037853 0.820107
vn -0.570956 -0.037853 0.820107
vn -0.570956 -0.037853 0.820107
vn -0.570594 -0.038076 0.820349
vn -0.570594 -0.038076 0.820349
vn -0.570594 -0.038076 0.820349
vn -0.762776 0.083012 -0.641312
vn -0.762776 0.083012 -0.641312
vn -0.762776 0.083012 -0.641312
vn -0.762561 0.083146 -0.641550
vn -0.762561 0.083146 -0.641550
vn -0.762561 0.083146 -0.641550
vn 0.000000 -1.000000 -0.000000
vn 0.000000 -1.000000 -0.000000
vn 0.000000 -1.000000 -0.000000
vn -0.000000 -1.000000 -0.000000
vn -0.000000 -1.000000 -0.000000
vn -0.000000 -1.000000 -0.000000
vn 0.000001 -1.000000 0.000000
vn 0.000001 -1.000000 0.000000
vn 0.000001 -1.000000 0.000000
vn -0.000000 -1.000000 0.000000
vn -0.000000 -1.000000 0.000000
vn -0.000000 -1.000000 0.000000
vn -0.000000 -1.000000 0.000000
vn -0.000000 -1.000000 0.000000
vn -0.000000 -1.000000 0.000000
vn -0.000000 -1.000000 0.000000
vn -0.000000 -1.000000 0.000000
vn -0.000000 -1.000000 0.000000
vn 0.000000 -1.000000 0.000000
vn 0.000000 -1.000000 0.000000
vn 0.000000 -1.000000 0.000000
vn -0.000000 -1.000000 0.000000
vn -0.000000 -1.000000 0.000000
vn -0.000000 -1.000000 0.000000
vn -0.000000 -1.000000 0.000000
vn -0.000000 -1.000000 0.000000
vn -0.000000 -1.000000 0.000000
vn -0.000000 -1.000000 -0.000000
vn -0.000000 -1.000000 -0.000000
vn -0.000000 -1.000000 -0.000000
vn 0.000001 -1.000000 -0.000000
vn 0.000001 -1.000000 -0.000000
vn 0.000001 -1.000000 -0.000000
vn 0.000000 -1.000000 -0.000000
vn 0.000000 -1.000000 -0.000000
vn 0.000000 -1.000000 -0.000000
vn 0.000000 -1.000000 0.000001
vn 0.000000 -1.000000 0.000001
vn 0.000000 -1.000000 0.000001
vn -0.000000 -1.000000 0.000000
vn -0.000000 -1.000000 0.000000
vn -0.000000 -1.000000 0.000000
vn -0.000000 -1.000000 0.000000
vn -0.000000 -1.000000 0.000000
vn -0.000000 -1.000000 0.000000
vn -0.000000 -1.000000 0.000000
vn -0.000000 -1.000000 0.000000
vn -0.000000 -1.000000 0.000000
vn -0.996420 0.000000 0.084540
vn -0.996420 0.000000 0.084540
vn -0.996420 0.000000 0.084540
vn -0.996420 0.000000 0.084540
vn -0.996420 0.000000 0.084540
vn -0.996420 0.000000 0.084540
vn 0.571427 0.000000 -0.820653
vn 0.571427 0.000000 -0.820653
vn 0.571427 0.000000 -0.820653
vn 0.571426 0.000000 -0.820654
vn 0.571426 0.000000 -0.820654
vn 0.571426 0.000000 -0.820654
vn 0.766873 0.000000 0.641798
vn 0.766873 0.000000 0.641798
vn 0.766873 0.000000 0.641798
vn 0.766873 0.000000 0.641798
vn 0.766873 0.000000 0.641798
vn 0.766873 0.000000 0.641798
vn -0.571424 0.000000 0.820655
vn -0.571424 0.000000 0.820655
vn -0.571424 0.000000 0.820655
vn -0.571423 0.000000 0.820656
vn -0.571423 0.000000 0.820656
vn -0.571423 0.000000 0.820656
vn -0.766875 0.000000 -0.641796
vn -0.766875 0.000000 -0.641796
vn -0.766875 0.000000 -0.641796
vn -0.766877 0.000000 -0.641795
vn -0.766877 0.000000 -0.641795
vn -0.766877 0.000000 -0.641795
vn -0.172373 0.000000 -0.985032
vn -0.172373 0.000000 -0.985032
vn -0.172373 0.000000 -0.985032
vn -0.172373 0.000000 -0.985032
vn -0.172373 0.000000 -0.985032
vn -0.172373 0.000000 -0.985032
vn 0.996420 0.000000 -0.084545
vn 0.996420 0.000000 -0.084545
vn 0.996420 0.000000 -0.084545
vn 0.996419 0.000000 -0.084548
vn 0.996419 0.000000 -0.084548
vn 0.996419 0.000000 -0.084548
vn 0.172376 0.000000 0.985031
vn 0.172376 0.000000 0.985031
vn 0.172376 0.000000 0.985031
vn 0.172375 0.000000 0.985031
vn 0.172375 0.000000 0.985031
vn 0.172375 0.000000 0.985031
vn -0.070975 -0.911296 -0.405589
vn -0.070975 -0.911296 -0.405589
vn -0.070975 -0.911296 -0.405589
vn -0.070975 -0.911297 -0.405587
vn -0.070975 -0.911297 -0.405587
vn -0.070975 -0.911297 -0.405587
vn 0.380841 -0.924076 -0.032315
vn 0.380841 -0.924076 -0.032315
vn 0.380841 -0.924076 -0.032315
vn 0.380843 -0.924075 -0.032313
vn 0.380843 -0.924075 -0.032313
vn 0.380843 -0.924075 -0.032313
vn 0.070975 -0.911297 0.405586
vn 0.070975 -0.911297 0.405586
vn 0.070975 -0.911297 0.405586
vn 0.070975 -0.911297 0.405587
vn 0.070975 -0.911297 0.405587
vn 0.070975 -0.911297 0.405587
vn -0.380843 -0.924075 0.032313
vn -0.380843 -0.924075 0.032313
vn -0.380843 -0.924075 0.032313
vn -0.380843 -0.924075 0.032313
vn -0.380843 -0.924075 0.032313
vn -0.380843 -0.924075 0.032313
vn 0.218406 -0.924075 -0.313662
vn 0.218406 -0.924075 -0.313662
vn 0.218406 -0.924075 -0.313662
vn 0.218405 -0.924075 -0.313663
vn 0.218405 -0.924075 -0.313663
vn 0.218405 -0.924075 -0.313663
vn 0.315761 -0.911296 0.264261
vn 0.315761 -0.911296 0.264261
vn 0.315761 -0.911296 0.264261
vn 0.315761 -0.911297 0.264259
vn 0.315761 -0.911297 0.264259
vn 0.315761 -0.911297 0.264259
vn -0.218405 -0.924075 0.313664
vn -0.218405 -0.924075 0.313664
vn -0.218405 -0.924075 0.313664
vn -0.218405 -0.924075 0.313663
vn -0.218405 -0.924075 0.313663
vn -0.218405 -0.924075 0.313663
vn -0.315761 -0.911297 -0.264259
vn -0.315761 -0.911297 -0.264259
vn -0.315761 -0.911297 -0.264259
vn -0.315761 -0.911297 -0.264260
vn -0.315761 -0.911297 -0.264260
vn -0.315761 -0.911297 -0.264260
vn -0.571425 0.000000 0.820654
vn -0.571425 0.000000 0.820654
vn -0.571425 0.000000 0.820654
vn -0.571425 0.000000 0.820654
vn -0.571425 0.000000 0.820654
vn -0.571425 0.000000 0.820654
vn -0.766875 0.000000 -0.641796
vn -0.766875 0.000000 -0.641796
vn -0.766875 0.000000 -0.641796
vn -0.766875 0.000000 -0.641796
vn -0.766875 0.000000 -0.641796
vn -0.766875 0.000000 -0.641796
vn -0.172374 0.000000 -0.985032
vn -0.172374 0.000000 -0.985032
vn -0.172374 0.000000 -0.985032
vn -0.172374 0.000000 -0.985032
vn -0.172374 0.000000 -0.985032
vn -0.172374 0.000000 -0.985032
vn 0.996420 0.000000 -0.084541
vn 0.996420 0.000000 -0.084541
vn 0.996420 0.000000 -0.084541
vn 0.996420 0.000000 -0.084543
vn 0.996420 0.000000 -0.084543
vn 0.996420 0.000000 -0.084543
vn 0.172374 0.000000 0.985032
vn 0.172374 0.000000 0.985032
vn 0.172374 0.000000 0.985032
vn 0.172374 0.000000 0.985032
vn 0.172374 0.000000 0.985032
vn 0.172374 0.000000 0.985032
vn -0.996420 0.000000 0.084542
vn -0.996420 0.000000 0.084542
vn -0.996420 0.000000 0.084542
vn -0.996420 0.000000 0.084543
vn -0.996420 0.000000 0.084543
vn -0.996420 0.000000 0.084543
vn 0.571425 0.000000 -0.820654
vn 0.571425 0.000000 -0.820654
vn 0.571425 0.000000 -0.820654
vn 0.571425 0.000000 -0.820654
vn 0.571425 0.000000 -0.820654
vn 0.571425 0.000000 -0.820654
vn 0.766875 0.000000 0.641796
vn 0.766875 0.000000 0.641796
vn 0.766875 0.000000 0.641796
vn 0.766875 0.000000 0.641796
vn 0.766875 0.000000 0.641796
vn 0.766875 0.000000 0.641796
vn -0.000000 1.000000 -0.000000
vn -0.000000 1.000000 -0.000000
vn -0.000000 1.000000 -0.000000
vn 0.000000 1.000000 -0.000000
vn 0.000000 1.000000 -0.000000
vn 0.000000 1.000000 -0.000000
vn -0.000000 1.000000 -0.000000
vn -0.000000 1.000000 -0.000000
vn -0.000000 1.000000 -0.000000
vn -0.000000 1.000000 -0.000000
vn -0.000000 1.000000 -0.000000
vn -0.000000 1.000000 -0.000000
vn 0.000000 1.000000 -0.000000
vn 0.000000 1.000000 -0.000000
vn 0.000000 1.000000 -0.000000
vn -0.000000 1.000000 -0.000000
vn -0.000000 1.000000 -0.000000
vn -0.000000 1.000000 -0.000000
vn -0.148213 0.943789 0.295459
vn -0.148213 0.943789 0.295459
vn -0.148213 0.943789 0.295459
vn -0.139526 0.929756 0.340714
vn -0.139526 0.929756 0.340714
vn -0.139526 0.929756 0.340714
vn -0.072276 0.481623 0.873393
vn -0.072276 0.481623 0.873393
vn -0.072276 0.481623 0.873393
vn -0.054559 0.420896 0.905467
vn -0.054559 0.420896 0.905467
vn -0.054559 0.420896 0.905467
vn 0.063025 -0.486207 0.871568
vn 0.063025 -0.486207 0.871568
vn 0.063025 -0.486207 0.871568
vn 0.042361 -0.415496 0.908608
vn 0.042361 -0.415496 0.908608
vn 0.042361 -0.415496 0.908608
vn 0.097195 -0.953324 0.285880
vn 0.097195 -0.953324 0.285880
vn 0.097195 -0.953324 0.285880
vn 0.081481 -0.932573 0.351666
vn 0.081481 -0.932573 0.351666
vn 0.081481 -0.932573 0.351666
vn 0.083536 -0.956082 -0.280944
vn 0.083536 -0.956082 -0.280944
vn 0.083536 -0.956082 -0.280944
vn 0.095030 -0.932798 -0.347645
vn 0.095030 -0.932798 -0.347645
vn 0.095030 -0.932798 -0.347645
vn 0.050786 -0.498502 -0.865400
vn 0.050786 -0.498502 -0.865400
vn 0.050786 -0.498502 -0.865400
vn 0.054524 -0.420886 -0.905473
vn 0.054524 -0.420886 -0.905473
vn 0.054524 -0.420886 -0.905473
vn 0.870287 -0.357629 0.338675
vn 0.870287 -0.357629 0.338675
vn 0.870287 -0.357629 0.338675
vn 0.868832 -0.356042 0.344043
vn 0.868832 -0.356042 0.344043
vn 0.868832 -0.356042 0.344043
vn -0.062990 0.486234 -0.871555
vn -0.062990 0.486234 -0.871555
vn -0.062990 0.486234 -0.871555
vn -0.063137 0.420842 -0.904934
vn -0.063137 0.420842 -0.904934
vn -0.063137 0.420842 -0.904934
vn -0.141722 0.944652 -0.295883
vn -0.141722 0.944652 -0.295883
vn -0.141722 0.944652 -0.295883
vn -0.145802 0.928438 -0.341679
vn -0.145802 0.928438 -0.341679
vn -0.145802 0.928438 -0.341679
vn -0.934003 0.131196 -0.332303
vn -0.934003 0.131196 -0.332303
vn -0.934003 0.131196 -0.332303
vn -0.931534 0.127898 -0.340420
vn -0.931534 0.127898 -0.340420
vn -0.931534 0.127898 -0.340420
vn -0.723070 0.604641 -0.334034
vn -0.723070 0.604641 -0.334034
vn -0.723070 0.604641 -0.334034
vn -0.721355 0.601011 -0.344140
vn -0.721355 0.601011 -0.344140
vn -0.721355 0.601011 -0.344140
vn 0.006505 0.932059 -0.362247
vn 0.006505 0.932059 -0.362247
vn 0.006505 0.932059 -0.362247
vn 0.008839 0.936463 -0.350654
vn 0.008839 0.936463 -0.350654
vn 0.008839 0.936463 -0.350654
vn 0.627385 0.691342 -0.358378
vn 0.627385 0.691342 -0.358378
vn 0.627385 0.691342 -0.358378
vn 0.628621 0.691917 -0.355087
vn 0.628621 0.691917 -0.355087
vn 0.628621 0.691917 -0.355087
vn 0.798320 0.486066 -0.355563
vn 0.798320 0.486066 -0.355563
vn 0.798320 0.486066 -0.355563
vn 0.798528 0.486103 -0.355045
vn 0.798528 0.486103 -0.355045
vn 0.798528 0.486103 -0.355045
vn 0.812905 0.462035 -0.354556
vn 0.812905 0.462035 -0.354556
vn 0.812905 0.462035 -0.354556
vn 0.812909 0.462036 -0.354546
vn 0.812909 0.462036 -0.354546
vn 0.812909 0.462036 -0.354546
vn 0.692083 0.637812 -0.337961
vn 0.692083 0.637812 -0.337961
vn 0.692083 0.637812 -0.337961
vn 0.686241 0.635436 -0.353970
vn 0.686241 0.635436 -0.353970
vn 0.686241 0.635436 -0.353970
vn -0.432479 0.063584 -0.899399
vn -0.432479 0.063584 -0.899399
vn -0.432479 0.063584 -0.899399
vn -0.424242 0.059635 -0.903583
vn -0.424242 0.059635 -0.903583
vn -0.424242 0.059635 -0.903583
vn -0.330041 0.281350 -0.901064
vn -0.330041 0.281350 -0.901064
vn -0.330041 0.281350 -0.901064
vn -0.323865 0.274359 -0.905450
vn -0.323865 0.274359 -0.905450
vn -0.323865 0.274359 -0.905450
vn -0.004913 0.407309 -0.913277
vn -0.004913 0.407309 -0.913277
vn -0.004913 0.407309 -0.913277
vn -0.003644 0.414340 -0.910115
vn -0.003644 0.414340 -0.910115
vn -0.003644 0.414340 -0.910115
vn 0.276079 0.300141 -0.913069
vn 0.276079 0.300141 -0.913069
vn 0.276079 0.300141 -0.913069
vn 0.279249 0.302751 -0.911242
vn 0.279249 0.302751 -0.911242
vn 0.279249 0.302751 -0.911242
vn 0.351106 0.213869 -0.911584
vn 0.351106 0.213869 -0.911584
vn 0.351106 0.213869 -0.911584
vn 0.351639 0.214099 -0.911324
vn 0.351639 0.214099 -0.911324
vn 0.351639 0.214099 -0.911324
vn 0.358392 0.203702 -0.911077
vn 0.358392 0.203702 -0.911077
vn 0.358392 0.203702 -0.911077
vn 0.358397 0.203704 -0.911074
vn 0.358397 0.203704 -0.911074
vn 0.358397 0.203704 -0.911074
vn 0.319782 0.290982 -0.901703
vn 0.319782 0.290982 -0.901703
vn 0.319782 0.290982 -0.901703
vn 0.303539 0.279736 -0.910830
vn 0.303539 0.279736 -0.910830
vn 0.303539 0.279736 -0.910830
vn 0.431604 -0.065588 -0.899675
vn 0.431604 -0.065588 -0.899675
vn 0.431604 -0.065588 -0.899675
vn 0.424169 -0.062270 -0.903440
vn 0.424169 -0.062270 -0.903440
vn 0.424169 -0.062270 -0.903440
vn 0.331630 -0.275641 -0.902244
vn 0.331630 -0.275641 -0.902244
vn 0.331630 -0.275641 -0.902244
vn 0.326419 -0.269823 -0.905895
vn 0.326419 -0.269823 -0.905895
vn 0.326419 -0.269823 -0.905895
vn -0.010162 -0.409552 -0.912230
vn -0.010162 -0.409552 -0.912230
vn -0.010162 -0.409552 -0.912230
vn -0.010944 -0.414611 -0.909933
vn -0.010944 -0.414611 -0.909933
vn -0.010944 -0.414611 -0.909933
vn -0.271695 -0.308246 -0.911683
vn -0.271695 -0.308246 -0.911683
vn -0.271695 -0.308246 -0.911683
vn -0.274920 -0.310933 -0.909802
vn -0.274920 -0.310933 -0.909802
vn -0.274920 -0.310933 -0.909802
vn -0.353023 -0.215129 -0.910546
vn -0.353023 -0.215129 -0.910546
vn -0.353023 -0.215129 -0.910546
vn -0.353550 -0.215358 -0.910287
vn -0.353550 -0.215358 -0.910287
vn -0.353550 -0.215358 -0.910287
vn -0.360394 -0.204841 -0.910031
vn -0.360394 -0.204841 -0.910031
vn -0.360394 -0.204841 -0.910031
vn -0.360400 -0.204844 -0.910028
vn -0.360400 -0.204844 -0.910028
vn -0.360400 -0.204844 -0.910028
vn -0.324784 -0.291162 -0.899856
vn -0.324784 -0.291162 -0.899856
vn -0.324784 -0.291162 -0.899856
vn -0.306819 -0.279186 -0.909899
vn -0.306819 -0.279186 -0.909899
vn -0.306819 -0.279186 -0.909899
vn 0.931790 -0.143402 -0.333471
vn 0.931790 -0.143402 -0.333471
vn 0.931790 -0.143402 -0.333471
vn 0.929814 -0.141373 -0.339793
vn 0.929814 -0.141373 -0.339793
vn 0.929814 -0.141373 -0.339793
vn 0.719250 -0.606318 -0.339203
vn 0.719250 -0.606318 -0.339203
vn 0.719250 -0.606318 -0.339203
vn 0.718343 -0.604647 -0.344071
vn 0.718343 -0.604647 -0.344071
vn 0.718343 -0.604647 -0.344071
vn -0.008339 -0.935177 -0.354082
vn -0.008339 -0.935177 -0.354082
vn -0.008339 -0.935177 -0.354082
vn -0.008311 -0.935102 -0.354282
vn -0.008311 -0.935102 -0.354282
vn -0.008311 -0.935102 -0.354282
vn -0.623162 -0.696346 -0.356050
vn -0.623162 -0.696346 -0.356050
vn -0.623162 -0.696346 -0.356050
vn -0.624657 -0.697104 -0.351922
vn -0.624657 -0.697104 -0.351922
vn -0.624657 -0.697104 -0.351922
vn -0.798765 -0.486844 -0.353494
vn -0.798765 -0.486844 -0.353494
vn -0.798765 -0.486844 -0.353494
vn -0.798965 -0.486881 -0.352991
vn -0.798965 -0.486881 -0.352991
vn -0.798965 -0.486881 -0.352991
vn -0.813586 -0.462429 -0.352474
vn -0.813586 -0.462429 -0.352474
vn -0.813586 -0.462429 -0.352474
vn -0.813589 -0.462429 -0.352467
vn -0.813589 -0.462429 -0.352467
vn -0.813589 -0.462429 -0.352467
vn -0.704242 -0.626975 -0.333085
vn -0.704242 -0.626975 -0.333085
vn -0.704242 -0.626975 -0.333085
vn -0.696809 -0.624676 -0.352472
vn -0.696809 -0.624676 -0.352472
vn -0.696809 -0.624676 -0.352472
vn 0.932029 -0.141796 0.333490
vn 0.932029 -0.141796 0.333490
vn 0.932029 -0.141796 0.333490
vn 0.929583 -0.143093 0.339707
vn 0.929583 -0.143093 0.339707
vn 0.929583 -0.143093 0.339707
vn 0.719627 -0.608261 0.334896
vn 0.719627 -0.608261 0.334896
vn 0.719627 -0.608261 0.334896
vn 0.716449 -0.607168 0.343581
vn 0.716449 -0.607168 0.343581
vn 0.716449 -0.607168 0.343581
vn -0.003702 -0.932203 0.361916
vn -0.003702 -0.932203 0.361916
vn -0.003702 -0.932203 0.361916
vn -0.002283 -0.936179 0.351515
vn -0.002283 -0.936179 0.351515
vn -0.002283 -0.936179 0.351515
vn -0.625241 -0.693335 0.358274
vn -0.625241 -0.693335 0.358274
vn -0.625241 -0.693335 0.358274
vn -0.625625 -0.694353 0.355624
vn -0.625625 -0.694353 0.355624
vn -0.625625 -0.694353 0.355624
vn -0.798130 -0.486372 0.355571
vn -0.798130 -0.486372 0.355571
vn -0.798130 -0.486372 0.355571
vn -0.798253 -0.486532 0.355076
vn -0.798253 -0.486532 0.355076
vn -0.798253 -0.486532 0.355076
vn -0.812903 -0.462039 0.354555
vn -0.812903 -0.462039 0.354555
vn -0.812903 -0.462039 0.354555
vn -0.812908 -0.462043 0.354538
vn -0.812908 -0.462043 0.354538
vn -0.812908 -0.462043 0.354538
vn -0.701383 -0.628801 0.335667
vn -0.701383 -0.628801 0.335667
vn -0.701383 -0.628801 0.335667
vn -0.698340 -0.621721 0.354662
vn -0.698340 -0.621721 0.354662
vn -0.698340 -0.621721 0.354662
vn 0.432463 -0.063623 0.899404
vn 0.432463 -0.063623 0.899404
vn 0.432463 -0.063623 0.899404
vn 0.424114 -0.064559 0.903305
vn 0.424114 -0.064559 0.903305
vn 0.424114 -0.064559 0.903305
vn 0.330393 -0.281176 0.900989
vn 0.330393 -0.281176 0.900989
vn 0.330393 -0.281176 0.900989
vn 0.322720 -0.276331 0.905259
vn 0.322720 -0.276331 0.905259
vn 0.322720 -0.276331 0.905259
vn 0.003832 -0.406991 0.913424
vn 0.003832 -0.406991 0.913424
vn 0.003832 -0.406991 0.913424
vn 0.004805 -0.413956 0.910284
vn 0.004805 -0.413956 0.910284
vn 0.004805 -0.413956 0.910284
vn -0.275991 -0.300235 0.913065
vn -0.275991 -0.300235 0.913065
vn -0.275991 -0.300235 0.913065
vn -0.278019 -0.303298 0.911436
vn -0.278019 -0.303298 0.911436
vn -0.278019 -0.303298 0.911436
vn -0.351104 -0.213867 0.911585
vn -0.351104 -0.213867 0.911585
vn -0.351104 -0.213867 0.911585
vn -0.351535 -0.214222 0.911335
vn -0.351535 -0.214222 0.911335
vn -0.351535 -0.214222 0.911335
vn -0.358391 -0.203702 0.911077
vn -0.358391 -0.203702 0.911077
vn -0.358391 -0.203702 0.911077
vn -0.358394 -0.203704 0.911075
vn -0.358394 -0.203704 0.911075
vn -0.358394 -0.203704 0.911075
vn -0.319770 -0.290985 0.901707
vn -0.319770 -0.290985 0.901707
vn -0.319770 -0.290985 0.901707
vn -0.306948 -0.275184 0.911075
vn -0.306948 -0.275184 0.911075
vn -0.306948 -0.275184 0.911075
vn -0.433729 0.060900 0.898983
vn -0.433729 0.060900 0.898983
vn -0.433729 0.060900 0.898983
vn -0.424173 0.062310 0.903435
vn -0.424173 0.062310 0.903435
vn -0.424173 0.062310 0.903435
vn -0.334361 0.274287 0.901648
vn -0.334361 0.274287 0.901648
vn -0.334361 0.274287 0.901648
vn -0.326598 0.269511 0.905924
vn -0.326598 0.269511 0.905924
vn -0.326598 0.269511 0.905924
vn 0.013029 0.408663 0.912592
vn 0.013029 0.408663 0.912592
vn 0.013029 0.408663 0.912592
vn 0.012017 0.414955 0.909763
vn 0.012017 0.414955 0.909763
vn 0.012017 0.414955 0.909763
vn 0.272452 0.307427 0.911734
vn 0.272452 0.307427 0.911734
vn 0.272452 0.307427 0.911734
vn 0.274792 0.310994 0.909820
vn 0.274792 0.310994 0.909820
vn 0.274792 0.310994 0.909820
vn 0.353119 0.215000 0.910540
vn 0.353119 0.215000 0.910540
vn 0.353119 0.215000 0.910540
vn 0.353552 0.215358 0.910287
vn 0.353552 0.215358 0.910287
vn 0.353552 0.215358 0.910287
vn 0.360393 0.204838 0.910032
vn 0.360393 0.204838 0.910032
vn 0.360393 0.204838 0.910032
vn 0.360399 0.204843 0.910028
vn 0.360399 0.204843 0.910028
vn 0.360399 0.204843 0.910028
vn 0.318756 0.293769 0.901163
vn 0.318756 0.293769 0.901163
vn 0.318756 0.293769 0.901163
vn 0.306811 0.279193 0.909900
vn 0.306811 0.279193 0.909900
vn 0.306811 0.279193 0.909900
vn -0.934609 0.128280 0.331738
vn -0.934609 0.128280 0.331738
vn -0.934609 0.128280 0.331738
vn -0.931175 0.130834 0.340288
vn -0.931175 0.130834 0.340288
vn -0.931175 0.130834 0.340288
vn -0.724679 0.600586 0.337839
vn -0.724679 0.600586 0.337839
vn -0.724679 0.600586 0.337839
vn -0.722125 0.599885 0.344489
vn -0.722125 0.599885 0.344489
vn -0.722125 0.599885 0.344489
vn 0.014988 0.934791 0.354882
vn 0.014988 0.934791 0.354882
vn 0.014988 0.934791 0.354882
vn 0.014705 0.935352 0.353414
vn 0.014705 0.935352 0.353414
vn 0.014705 0.935352 0.353414
vn 0.626003 0.693720 0.356193
vn 0.626003 0.693720 0.356193
vn 0.626003 0.693720 0.356193
vn 0.626611 0.695512 0.351600
vn 0.626611 0.695512 0.351600
vn 0.626611 0.695512 0.351600
vn 0.799035 0.486412 0.353477
vn 0.799035 0.486412 0.353477
vn 0.799035 0.486412 0.353477
vn 0.799159 0.486577 0.352969
vn 0.799159 0.486577 0.352969
vn 0.799159 0.486577 0.352969
vn 0.813588 0.462423 0.352476
vn 0.813588 0.462423 0.352476
vn 0.813588 0.462423 0.352476
vn 0.813592 0.462426 0.352463
vn 0.813592 0.462426 0.352463
vn 0.813592 0.462426 0.352463
vn 0.691000 0.639842 0.336336
vn 0.691000 0.639842 0.336336
vn 0.691000 0.639842 0.336336
vn 0.688284 0.634329 0.351983
vn 0.688284 0.634329 0.351983
vn 0.688284 0.634329 0.351983
vn -0.936036 0.083072 -0.341958
vn -0.936036 0.083072 -0.341958
vn -0.936036 0.083072 -0.341958
vn -0.936159 0.082958 -0.341649
vn -0.936159 0.082958 -0.341649
vn -0.936159 0.082958 -0.341649
vn -0.397359 0.164277 -0.902839
vn -0.397359 0.164277 -0.902839
vn -0.397359 0.164277 -0.902839
vn -0.391796 0.162839 -0.905527
vn -0.391796 0.162839 -0.905527
vn -0.391796 0.162839 -0.905527
vn -0.398981 0.165827 0.901840
vn -0.398981 0.165827 0.901840
vn -0.398981 0.165827 0.901840
vn -0.394182 0.162966 0.904468
vn -0.394182 0.162966 0.904468
vn -0.394182 0.162966 0.904468
vn 0.871341 -0.357071 -0.336548
vn 0.871341 -0.357071 -0.336548
vn 0.871341 -0.357071 -0.336548
vn 0.869185 -0.357171 -0.341973
vn 0.869185 -0.357171 -0.341973
vn 0.869185 -0.357171 -0.341973
vn -0.868688 0.361046 -0.339156
vn -0.868688 0.361046 -0.339156
vn -0.868688 0.361046 -0.339156
vn -0.866867 0.361015 -0.343816
vn -0.866867 0.361015 -0.343816
vn -0.866867 0.361015 -0.343816
vn -0.869068 0.361932 0.337232
vn -0.869068 0.361932 0.337232
vn -0.869068 0.361932 0.337232
vn -0.867798 0.360680 0.341813
vn -0.867798 0.360680 0.341813
vn -0.867798 0.360680 0.341813
vn 0.397358 -0.164280 0.902839
vn 0.397358 -0.164280 0.902839
vn 0.397358 -0.164280 0.902839
vn 0.392276 -0.161199 0.905613
vn 0.392276 -0.161199 0.905613
vn 0.392276 -0.161199 0.905613
vn 0.400168 -0.164440 -0.901568
vn 0.400168 -0.164440 -0.901568
vn 0.400168 -0.164440 -0.901568
vn 0.394183 -0.162964 -0.904468
vn 0.394183 -0.162964 -0.904468
vn 0.394183 -0.162964 -0.904468
vn 0.427051 -0.038240 -0.903419
vn 0.427051 -0.038240 -0.903419
vn 0.427051 -0.038240 -0.903419
vn 0.427480 -0.038093 -0.903222
vn 0.427480 -0.038093 -0.903222
vn 0.427480 -0.038093 -0.903222
vn 0.935953 -0.083819 0.342002
vn 0.935953 -0.083819 0.342002
vn 0.935953 -0.083819 0.342002
vn 0.936237 -0.084306 0.341104
vn 0.936237 -0.084306 0.341104
vn 0.936237 -0.084306 0.341104
vn -0.427128 0.037906 0.903396
vn -0.427128 0.037906 0.903396
vn -0.427128 0.037906 0.903396
vn -0.427487 0.038094 0.903219
vn -0.427487 0.038094 0.903219
vn -0.427487 0.038094 0.903219
vn -0.424755 0.037854 -0.904517
vn -0.424755 0.037854 -0.904517
vn -0.424755 0.037854 -0.904517
vn -0.425153 0.037733 -0.904334
vn -0.425153 0.037733 -0.904334
vn -0.425153 0.037733 -0.904334
vn 0.936692 -0.083821 -0.339975
vn 0.936692 -0.083821 -0.339975
vn 0.936692 -0.083821 -0.339975
vn 0.936647 -0.083874 -0.340086
vn 0.936647 -0.083874 -0.340086
vn 0.936647 -0.083874 -0.340086
vn 0.424755 -0.037853 0.904517
vn 0.424755 -0.037853 0.904517
vn 0.424755 -0.037853 0.904517
vn 0.425147 -0.038075 0.904323
vn 0.425147 -0.038075 0.904323
vn 0.425147 -0.038075 0.904323
vn -0.936781 0.083012 0.339927
vn -0.936781 0.083012 0.339927
vn -0.936781 0.083012 0.339927
vn -0.936879 0.083146 0.339623
vn -0.936879 0.083146 0.339623
vn -0.936879 0.083146 0.339623
vn -0.000000 -1.000000 -0.000000
vn -0.000000 -1.000000 -0.000000
vn -0.000000 -1.000000 -0.000000
vn 0.000000 -1.000000 -0.000000
vn 0.000000 -1.000000 -0.000000
vn 0.000000 -1.000000 -0.000000
vn 0.000002 -1.000000 -0.000000
vn 0.000002 -1.000000 -0.000000
vn 0.000002 -1.000000 -0.000000
vn -0.000000 -1.000000 -0.000000
vn -0.000000 -1.000000 -0.000000
vn -0.000000 -1.000000 -0.000000
vn -0.000000 -1.000000 0.000000
vn -0.000000 -1.000000 0.000000
vn -0.000000 -1.000000 0.000000
vn -0.000000 -1.000000 0.000000
vn -0.000000 -1.000000 0.000000
vn -0.000000 -1.000000 0.000000
vn -0.000000 -1.000000 0.000000
vn -0.000000 -1.000000 0.000000
vn -0.000000 -1.000000 0.000000
vn -0.000000 -1.000000 0.000000
vn -0.000000 -1.000000 0.000000
vn -0.000000 -1.000000 0.000000
vn -0.000000 -1.000000 0.000000
vn -0.000000 -1.000000 0.000000
vn -0.000000 -1.000000 0.000000
vn -0.000000 -1.000000 -0.000000
vn -0.000000 -1.000000 -0.000000
vn -0.000000 -1.000000 -0.000000
vn -0.000000 -1.000000 -0.000000
vn -0.000000 -1.000000 -0.000000
vn -0.000000 -1.000000 -0.000000
vn -0.000000 -1.000000 -0.000000
vn -0.000000 -1.000000 -0.000000
vn -0.000000 -1.000000 -0.000000
vn -0.000000 -1.000000 0.000001
vn -0.000000 -1.000000 0.000001
vn -0.000000 -1.000000 0.000001
vn -0.000000 -1.000000 0.000000
vn -0.000000 -1.000000 0.000000
vn -0.000000 -1.000000 0.000000
vn -0.000000 -1.000000 0.000000
vn -0.000000 -1.000000 0.000000
vn -0.000000 -1.000000 0.000000
vn -0.000000 -1.000000 0.000000
vn -0.000000 -1.000000 0.000000
vn -0.000000 -1.000000 0.000000
vn -0.424995 0.000000 0.905196
vn -0.424995 0.000000 0.905196
vn -0.424995 0.000000 0.905196
vn -0.424997 0.000000 0.905195
vn -0.424997 0.000000 0.905195
vn -0.424997 0.000000 0.905195
vn -0.424993 0.000000 -0.905196
vn -0.424993 0.000000 -0.905196
vn -0.424993 0.000000 -0.905196
vn -0.424991 0.000000 -0.905197
vn -0.424991 0.000000 -0.905197
vn -0.424991 0.000000 -0.905197
vn 0.939251 0.000000 -0.343231
vn 0.939251 0.000000 -0.343231
vn 0.939251 0.000000 -0.343231
vn 0.939251 0.000000 -0.343231
vn 0.939251 0.000000 -0.343231
vn 0.939251 0.000000 -0.343231
vn 0.424995 0.000000 0.905196
vn 0.424995 0.000000 0.905196
vn 0.424995 0.000000 0.905196
vn 0.424992 0.000000 0.905197
vn 0.424992 0.000000 0.905197
vn 0.424992 0.000000 0.905197
vn -0.939249 0.000000 0.343236
vn -0.939249 0.000000 0.343236
vn -0.939249 0.000000 0.343236
vn -0.939249 0.000000 0.343236
vn -0.939249 0.000000 0.343236
vn -0.939249 0.000000 0.343236
vn -0.939249 0.000000 -0.343235
vn -0.939249 0.000000 -0.343235
vn -0.939249 0.000000 -0.343235
vn -0.939249 0.000000 -0.343235
vn -0.939249 0.000000 -0.343235
vn -0.939249 0.000000 -0.343235
vn 0.424989 0.000000 -0.905198
vn 0.424989 0.000000 -0.905198
vn 0.424989 0.000000 -0.905198
vn 0.424989 0.000000 -0.905198
vn 0.424989 0.000000 -0.905198
vn 0.424989 0.000000 -0.905198
vn 0.939251 0.000000 0.343231
vn 0.939251 0.000000 0.343231
vn 0.939251 0.000000 0.343231
vn 0.939249 0.000000 0.343236
vn 0.939249 0.000000 0.343236
vn 0.939249 0.000000 0.343236
vn -0.386736 -0.911297 -0.141328
vn -0.386736 -0.911297 -0.141328
vn -0.386736 -0.911297 -0.141328
vn -0.386736 -0.911297 -0.141327
vn -0.386736 -0.911297 -0.141327
vn -0.386736 -0.911297 -0.141327
vn 0.162436 -0.924075 -0.345977
vn 0.162436 -0.924075 -0.345977
vn 0.162436 -0.924075 -0.345977
vn 0.162438 -0.924075 -0.345976
vn 0.162438 -0.924075 -0.345976
vn 0.162438 -0.924075 -0.345976
vn 0.386735 -0.911297 0.141329
vn 0.386735 -0.911297 0.141329
vn 0.386735 -0.911297 0.141329
vn 0.386735 -0.911297 0.141327
vn 0.386735 -0.911297 0.141327
vn 0.386735 -0.911297 0.141327
vn -0.162438 -0.924075 0.345976
vn -0.162438 -0.924075 0.345976
vn -0.162438 -0.924075 0.345976
vn -0.162437 -0.924075 0.345976
vn -0.162437 -0.924075 0.345976
vn -0.162437 -0.924075 0.345976
vn -0.162437 -0.924075 -0.345977
vn -0.162437 -0.924075 -0.345977
vn -0.162437 -0.924075 -0.345977
vn -0.162438 -0.924075 -0.345976
vn -0.162438 -0.924075 -0.345976
vn -0.162438 -0.924075 -0.345976
vn 0.386737 -0.911297 -0.141326
vn 0.386737 -0.911297 -0.141326
vn 0.386737 -0.911297 -0.141326
vn 0.386735 -0.911297 -0.141328
vn 0.386735 -0.911297 -0.141328
vn 0.386735 -0.911297 -0.141328
vn 0.162438 -0.924075 0.345976
vn 0.162438 -0.924075 0.345976
vn 0.162438 -0.924075 0.345976
vn 0.162438 -0.924075 0.345976
vn 0.162438 -0.924075 0.345976
vn 0.162438 -0.924075 0.345976
vn -0.386735 -0.911297 0.141328
vn -0.386735 -0.911297 0.141328
vn -0.386735 -0.911297 0.141328
vn -0.386736 -0.911297 0.141327
vn -0.386736 -0.911297 0.141327
vn -0.386736 -0.911297 0.141327
vn 0.424995 0.000000 0.905196
vn 0.424995 0.000000 0.905196
vn 0.424995 0.000000 0.905196
vn 0.424995 0.000000 0.905196
vn 0.424995 0.000000 0.905196
vn 0.424995 0.000000 0.905196
vn -0.939249 0.000000 0.343235
vn -0.939249 0.000000 0.343235
vn -0.939249 0.000000 0.343235
vn -0.939249 0.000000 0.343235
vn -0.939249 0.000000 0.343235
vn -0.939249 0.000000 0.343235
vn -0.939249 0.000000 -0.343236
vn -0.939249 0.000000 -0.343236
vn -0.939249 0.000000 -0.343236
vn -0.939249 0.000000 -0.343236
vn -0.939249 0.000000 -0.343236
vn -0.939249 0.000000 -0.343236
vn 0.424995 0.000000 -0.905196
vn 0.424995 0.000000 -0.905196
vn 0.424995 0.000000 -0.905196
vn 0.424994 0.000000 -0.905196
vn 0.424994 0.000000 -0.905196
vn 0.424994 0.000000 -0.905196
vn 0.939250 0.000000 0.343235
vn 0.939250 0.000000 0.343235
vn 0.939250 0.000000 0.343235
vn 0.939249 0.000000 0.343236
vn 0.939249 0.000000 0.343236
vn 0.939249 0.000000 0.343236
vn -0.424993 0.000000 0.905196
vn -0.424993 0.000000 0.905196
vn -0.424993 0.000000 0.905196
vn -0.424994 0.000000 0.905196
vn -0.424994 0.000000 0.905196
vn -0.424994 0.000000 0.905196
vn -0.424995 0.000000 -0.905196
vn -0.424995 0.000000 -0.905196
vn -0.424995 0.000000 -0.905196
vn -0.424995 0.000000 -0.905196
vn -0.424995 0.000000 -0.905196
vn -0.424995 0.000000 -0.905196
vn 0.939249 0.000000 -0.343236
vn 0.939249 0.000000 -0.343236
vn 0.939249 0.000000 -0.343236
vn 0.939249 0.000000 -0.343236
vn 0.939249 0.000000 -0.343236
vn 0.939249 0.000000 -0.343236
vn -0.000000 1.000000 0.000000
vn -0.000000 1.000000 0.000000
vn -0.000000 1.000000 0.000000
vn -0.000000 1.000000 -0.000000
vn -0.000000 1.000000 -0.000000
vn -0.000000 1.000000 -0.000000
vn -0.000000 1.000000 0.000000
vn -0.000000 1.000000 0.000000
vn -0.000000 1.000000 0.000000
vn -0.000000 1.000000 0.000000
vn -0.000000 1.000000 0.000000
vn -0.000000 1.000000 0.000000
vn -0.000000 1.000000 -0.000000
vn -0.000000 1.000000 -0.000000
vn -0.000000 1.000000 -0.000000
vn -0.000000 1.000000 0.000000
vn -0.000000 1.000000 0.000000
vn -0.000000 1.000000 0.000000
vn 0.181769 0.943789 0.276085
vn 0.181769 0.943789 0.276085
vn 0.181769 0.943789 0.276085
vn 0.225303 0.929756 0.291190
vn 0.225303 0.929756 0.291190
vn 0.225303 0.929756 0.291190
vn 0.720243 0.481623 0.499289
vn 0.720243 0.481623 0.499289
vn 0.720243 0.481623 0.499289
vn 0.756877 0.420896 0.499983
vn 0.756877 0.420896 0.499983
vn 0.756877 0.420896 0.499983
vn 0.786312 -0.486207 0.381203
vn 0.786312 -0.486207 0.381203
vn 0.786312 -0.486207 0.381203
vn 0.808059 -0.415496 0.417617
vn 0.808059 -0.415496 0.417617
vn 0.808059 -0.415496 0.417617
vn 0.296177 -0.953324 0.058767
vn 0.296177 -0.953324 0.058767
vn 0.296177 -0.953324 0.058767
vn 0.345293 -0.932572 0.105269
vn 0.345293 -0.932572 0.105269
vn 0.345293 -0.932572 0.105269
vn -0.201538 -0.956082 -0.212815
vn -0.201538 -0.956082 -0.212815
vn -0.201538 -0.956082 -0.212815
vn -0.253554 -0.932798 -0.256121
vn -0.253554 -0.932798 -0.256121
vn -0.253554 -0.932798 -0.256121
vn -0.724065 -0.498502 -0.476682
vn -0.724065 -0.498502 -0.476682
vn -0.724065 -0.498502 -0.476682
vn -0.756901 -0.420886 -0.499957
vn -0.756901 -0.420886 -0.499957
vn -0.756901 -0.420886 -0.499957
vn 0.728445 -0.357629 -0.584354
vn 0.728445 -0.357629 -0.584354
vn 0.728445 -0.357629 -0.584354
vn 0.732366 -0.356042 -0.580409
vn 0.732366 -0.356042 -0.580409
vn 0.732366 -0.356042 -0.580409
vn -0.786284 0.486234 -0.381226
vn -0.786284 0.486234 -0.381226
vn -0.786284 0.486234 -0.381226
vn -0.815265 0.420841 -0.397788
vn -0.815265 0.420841 -0.397788
vn -0.815265 0.420841 -0.397788
vn -0.327102 0.944653 -0.025207
vn -0.327102 0.944653 -0.025207
vn -0.327102 0.944653 -0.025207
vn -0.368804 0.928438 -0.044571
vn -0.368804 0.928438 -0.044571
vn -0.368804 0.928438 -0.044571
vn -0.754776 0.131197 0.642728
vn -0.754776 0.131197 0.642728
vn -0.754776 0.131197 0.642728
vn -0.760575 0.127899 0.636528
vn -0.760575 0.127899 0.636528
vn -0.760575 0.127899 0.636528
vn -0.650819 0.604638 0.459182
vn -0.650819 0.604638 0.459182
vn -0.650819 0.604638 0.459182
vn -0.658708 0.601014 0.452644
vn -0.658708 0.601014 0.452644
vn -0.658708 0.601014 0.452644
vn -0.310464 0.932059 -0.186757
vn -0.310464 0.932059 -0.186757
vn -0.310464 0.932059 -0.186757
vn -0.299255 0.936464 -0.182982
vn -0.299255 0.936464 -0.182982
vn -0.299255 0.936464 -0.182982
vn 0.003325 0.691341 -0.722521
vn 0.003325 0.691341 -0.722521
vn 0.003325 0.691341 -0.722521
vn 0.006794 0.691917 -0.721946
vn 0.006794 0.691917 -0.721946
vn 0.006794 0.691917 -0.721946
vn 0.091234 0.486066 -0.869147
vn 0.091234 0.486066 -0.869147
vn 0.091234 0.486066 -0.869147
vn 0.091786 0.486103 -0.869068
vn 0.091786 0.486103 -0.869068
vn 0.091786 0.486103 -0.869068
vn 0.099400 0.462036 -0.881273
vn 0.099400 0.462036 -0.881273
vn 0.099400 0.462036 -0.881273
vn 0.099409 0.462036 -0.881272
vn 0.099409 0.462036 -0.881272
vn 0.099409 0.462036 -0.881272
vn 0.053362 0.637813 -0.768341
vn 0.053362 0.637813 -0.768341
vn 0.053362 0.637813 -0.768341
vn 0.036571 0.635435 -0.771287
vn 0.036571 0.635435 -0.771287
vn 0.036571 0.635435 -0.771287
vn -0.995142 0.063584 -0.075160
vn -0.995142 0.063584 -0.075160
vn -0.995142 0.063584 -0.075160
vn -0.994646 0.059634 -0.084395
vn -0.994646 0.059634 -0.084395
vn -0.994646 0.059634 -0.084395
vn -0.945363 0.281354 -0.164710
vn -0.945363 0.281354 -0.164710
vn -0.945363 0.281354 -0.164710
vn -0.946075 0.274359 -0.172249
vn -0.946075 0.274359 -0.172249
vn -0.946075 0.274359 -0.172249
vn -0.793377 0.407311 -0.452384
vn -0.793377 0.407311 -0.452384
vn -0.793377 0.407311 -0.452384
vn -0.790004 0.414342 -0.451902
vn -0.790004 0.414342 -0.451902
vn -0.790004 0.414342 -0.451902
vn -0.652701 0.300142 -0.695626
vn -0.652701 0.300142 -0.695626
vn -0.652701 0.300142 -0.695626
vn -0.649533 0.302753 -0.697458
vn -0.649533 0.302753 -0.697458
vn -0.649533 0.302753 -0.697458
vn -0.613903 0.213869 -0.759857
vn -0.613903 0.213869 -0.759857
vn -0.613903 0.213869 -0.759857
vn -0.613410 0.214100 -0.760190
vn -0.613410 0.214100 -0.760190
vn -0.613410 0.214100 -0.760190
vn -0.609819 0.203703 -0.765915
vn -0.609819 0.203703 -0.765915
vn -0.609819 0.203703 -0.765915
vn -0.609816 0.203703 -0.765918
vn -0.609816 0.203703 -0.765918
vn -0.609816 0.203703 -0.765918
vn -0.621007 0.290982 -0.727791
vn -0.621007 0.290982 -0.727791
vn -0.621007 0.290982 -0.727791
vn -0.637032 0.279737 -0.718288
vn -0.637032 0.279737 -0.718288
vn -0.637032 0.279737 -0.718288
vn -0.563337 -0.065586 -0.823620
vn -0.563337 -0.065586 -0.823620
vn -0.563337 -0.065586 -0.823620
vn -0.570319 -0.062271 -0.819059
vn -0.570319 -0.062271 -0.819059
vn -0.570319 -0.062271 -0.819059
vn -0.615549 -0.275643 -0.738323
vn -0.615549 -0.275643 -0.738323
vn -0.615549 -0.275643 -0.738323
vn -0.621318 -0.269824 -0.735635
vn -0.621318 -0.269824 -0.735635
vn -0.621318 -0.269824 -0.735635
vn -0.795095 -0.409553 -0.447314
vn -0.795095 -0.409553 -0.447314
vn -0.795095 -0.409553 -0.447314
vn -0.793497 -0.414611 -0.445489
vn -0.793497 -0.414611 -0.445489
vn -0.793497 -0.414611 -0.445489
vn -0.925389 -0.308246 -0.220545
vn -0.925389 -0.308246 -0.220545
vn -0.925389 -0.308246 -0.220545
vn -0.925372 -0.310934 -0.216813
vn -0.925372 -0.310934 -0.216813
vn -0.925372 -0.310934 -0.216813
vn -0.965068 -0.215130 -0.149545
vn -0.965068 -0.215130 -0.149545
vn -0.965068 -0.215130 -0.149545
vn -0.965107 -0.215358 -0.148959
vn -0.965107 -0.215358 -0.148959
vn -0.965107 -0.215358 -0.148959
vn -0.968307 -0.204842 -0.142907
vn -0.968307 -0.204842 -0.142907
vn -0.968307 -0.204842 -0.142907
vn -0.968307 -0.204843 -0.142899
vn -0.968307 -0.204843 -0.142899
vn -0.968307 -0.204843 -0.142899
vn -0.941690 -0.291162 -0.168658
vn -0.941690 -0.291162 -0.168658
vn -0.941690 -0.291162 -0.168658
vn -0.941406 -0.279186 -0.189237
vn -0.941406 -0.279186 -0.189237
vn -0.941406 -0.279186 -0.189237
vn 0.177098 -0.143404 -0.973690
vn 0.177098 -0.143404 -0.973690
vn 0.177098 -0.143404 -0.973690
vn 0.170640 -0.141377 -0.975138
vn 0.170640 -0.141377 -0.975138
vn 0.170640 -0.141377 -0.975138
vn 0.065871 -0.606322 -0.792487
vn 0.065871 -0.606322 -0.792487
vn 0.065871 -0.606322 -0.792487
vn 0.061195 -0.604645 -0.794141
vn 0.061195 -0.604645 -0.794141
vn 0.061195 -0.604645 -0.794141
vn -0.310813 -0.935177 -0.169819
vn -0.310813 -0.935177 -0.169819
vn -0.310813 -0.935177 -0.169819
vn -0.310972 -0.935102 -0.169943
vn -0.310972 -0.935102 -0.169943
vn -0.310972 -0.935102 -0.169943
vn -0.619929 -0.696347 0.361649
vn -0.619929 -0.696347 0.361649
vn -0.619929 -0.696347 0.361649
vn -0.617103 -0.697103 0.365009
vn -0.617103 -0.697103 0.365009
vn -0.617103 -0.697103 0.365009
vn -0.705517 -0.486844 0.515004
vn -0.705517 -0.486844 0.515004
vn -0.705517 -0.486844 0.515004
vn -0.705182 -0.486881 0.515427
vn -0.705182 -0.486881 0.515427
vn -0.705182 -0.486881 0.515427
vn -0.712046 -0.462428 0.528348
vn -0.712046 -0.462428 0.528348
vn -0.712046 -0.462428 0.528348
vn -0.712041 -0.462428 0.528353
vn -0.712041 -0.462428 0.528353
vn -0.712041 -0.462428 0.528353
vn -0.640580 -0.626975 0.443350
vn -0.640580 -0.626975 0.443350
vn -0.640580 -0.626975 0.443350
vn -0.653653 -0.624677 0.427219
vn -0.653653 -0.624677 0.427219
vn -0.653653 -0.624677 0.427219
vn 0.754824 -0.141796 -0.640417
vn 0.754824 -0.141796 -0.640417
vn 0.754824 -0.141796 -0.640417
vn 0.758982 -0.143092 -0.635194
vn 0.758982 -0.143092 -0.635194
vn 0.758982 -0.143092 -0.635194
vn 0.649839 -0.608261 -0.455771
vn 0.649839 -0.608261 -0.455771
vn 0.649839 -0.608261 -0.455771
vn 0.655775 -0.607170 -0.448669
vn 0.655775 -0.607170 -0.448669
vn 0.655775 -0.607170 -0.448669
vn 0.311577 -0.932203 0.184164
vn 0.311577 -0.932203 0.184164
vn 0.311577 -0.932203 0.184164
vn 0.303278 -0.936180 0.177734
vn 0.303278 -0.936180 0.177734
vn 0.303278 -0.936180 0.177734
vn -0.002345 -0.693335 0.720611
vn -0.002345 -0.693335 0.720611
vn -0.002345 -0.693335 0.720611
vn -0.004836 -0.694354 0.719618
vn -0.004836 -0.694354 0.719618
vn -0.004836 -0.694354 0.719618
vn -0.091131 -0.486372 0.868986
vn -0.091131 -0.486372 0.868986
vn -0.091131 -0.486372 0.868986
vn -0.091622 -0.486532 0.868845
vn -0.091622 -0.486532 0.868845
vn -0.091622 -0.486532 0.868845
vn -0.099400 -0.462038 0.881272
vn -0.099400 -0.462038 0.881272
vn -0.099400 -0.462038 0.881272
vn -0.099410 -0.462042 0.881269
vn -0.099410 -0.462042 0.881269
vn -0.099410 -0.462042 0.881269
vn -0.059996 -0.628801 0.775248
vn -0.059996 -0.628801 0.775248
vn -0.059996 -0.628801 0.775248
vn -0.042024 -0.621721 0.782110
vn -0.042024 -0.621721 0.782110
vn -0.042024 -0.621721 0.782110
vn 0.995138 -0.063623 0.075178
vn 0.995138 -0.063623 0.075178
vn 0.995138 -0.063623 0.075178
vn 0.994342 -0.064559 0.084360
vn 0.994342 -0.064559 0.084360
vn 0.994342 -0.064559 0.084360
vn 0.945477 -0.281173 0.164365
vn 0.945477 -0.281173 0.164365
vn 0.945477 -0.281173 0.164365
vn 0.945337 -0.276331 0.173145
vn 0.945337 -0.276331 0.173145
vn 0.945337 -0.276331 0.173145
vn 0.792964 -0.406993 0.453393
vn 0.792964 -0.406993 0.453393
vn 0.792964 -0.406993 0.453393
vn 0.790733 -0.413953 0.450981
vn 0.790733 -0.413953 0.450981
vn 0.790733 -0.413953 0.450981
vn 0.652743 -0.300235 0.695547
vn 0.652743 -0.300235 0.695547
vn 0.652743 -0.300235 0.695547
vn 0.650315 -0.303297 0.696492
vn 0.650315 -0.303297 0.696492
vn 0.650315 -0.303297 0.696492
vn 0.613902 -0.213868 0.759858
vn 0.613902 -0.213868 0.759858
vn 0.613902 -0.213868 0.759858
vn 0.613473 -0.214222 0.760105
vn 0.613473 -0.214222 0.760105
vn 0.613473 -0.214222 0.760105
vn 0.609821 -0.203700 0.765914
vn 0.609821 -0.203700 0.765914
vn 0.609821 -0.203700 0.765914
vn 0.609818 -0.203706 0.765915
vn 0.609818 -0.203706 0.765915
vn 0.609818 -0.203706 0.765915
vn 0.621015 -0.290987 0.727782
vn 0.621015 -0.290987 0.727782
vn 0.621015 -0.290987 0.727782
vn 0.635541 -0.275182 0.721362
vn 0.635541 -0.275182 0.721362
vn 0.635541 -0.275182 0.721362
vn 0.561676 0.060901 0.825113
vn 0.561676 0.060901 0.825113
vn 0.561676 0.060901 0.825113
vn 0.570311 0.062310 0.819062
vn 0.570311 0.062310 0.819062
vn 0.570311 0.062310 0.819062
vn 0.613665 0.274291 0.740392
vn 0.613665 0.274291 0.740392
vn 0.613665 0.274291 0.740392
vn 0.621256 0.269509 0.735803
vn 0.621256 0.269509 0.735803
vn 0.621256 0.269509 0.735803
vn 0.796843 0.408663 0.445012
vn 0.796843 0.408663 0.445012
vn 0.796843 0.408663 0.445012
vn 0.793885 0.414956 0.444475
vn 0.793885 0.414956 0.444475
vn 0.793885 0.414956 0.444475
vn 0.925811 0.307427 0.219917
vn 0.925811 0.307427 0.219917
vn 0.925811 0.307427 0.219917
vn 0.925323 0.310994 0.216933
vn 0.925323 0.310994 0.216933
vn 0.925323 0.310994 0.216933
vn 0.965110 0.215002 0.149457
vn 0.965110 0.215002 0.149457
vn 0.965110 0.215002 0.149457
vn 0.965107 0.215357 0.148962
vn 0.965107 0.215357 0.148962
vn 0.965107 0.215357 0.148962
vn 0.968307 0.204838 0.142908
vn 0.968307 0.204838 0.142908
vn 0.968307 0.204838 0.142908
vn 0.968307 0.204844 0.142898
vn 0.968307 0.204844 0.142898
vn 0.968307 0.204844 0.142898
vn 0.939808 0.293769 0.174531
vn 0.939808 0.293769 0.174531
vn 0.939808 0.293769 0.174531
vn 0.941403 0.279193 0.189242
vn 0.941403 0.279193 0.189242
vn 0.941403 0.279193 0.189242
vn -0.180008 0.128282 0.975264
vn -0.180008 0.128282 0.975264
vn -0.180008 0.128282 0.975264
vn -0.170894 0.130833 0.976564
vn -0.170894 0.130833 0.976564
vn -0.170894 0.130833 0.976564
vn -0.069763 0.600586 0.796511
vn -0.069763 0.600586 0.796511
vn -0.069763 0.600586 0.796511
vn -0.062730 0.599886 0.797623
vn -0.062730 0.599886 0.797623
vn -0.062730 0.599886 0.797623
vn 0.314829 0.934792 0.164461
vn 0.314829 0.934792 0.164461
vn 0.314829 0.934792 0.164461
vn 0.313418 0.935351 0.163972
vn 0.313418 0.935351 0.163972
vn 0.313418 0.935351 0.163972
vn 0.621473 0.693720 -0.364039
vn 0.621473 0.693720 -0.364039
vn 0.621473 0.693720 -0.364039
vn 0.617801 0.695511 -0.366859
vn 0.617801 0.695511 -0.366859
vn 0.617801 0.695511 -0.366859
vn 0.705639 0.486412 -0.515245
vn 0.705639 0.486412 -0.515245
vn 0.705639 0.486412 -0.515245
vn 0.705259 0.486577 -0.515609
vn 0.705259 0.486577 -0.515609
vn 0.705259 0.486577 -0.515609
vn 0.712046 0.462423 -0.528352
vn 0.712046 0.462423 -0.528352
vn 0.712046 0.462423 -0.528352
vn 0.712041 0.462424 -0.528357
vn 0.712041 0.462424 -0.528357
vn 0.712041 0.462424 -0.528357
vn 0.636775 0.639842 -0.430255
vn 0.636775 0.639842 -0.430255
vn 0.636775 0.639842 -0.430255
vn 0.648970 0.634328 -0.420079
vn 0.648970 0.634328 -0.420079
vn 0.648970 0.634328 -0.420079
vn -0.764162 0.083072 0.639653
vn -0.764162 0.083072 0.639653
vn -0.764162 0.083072 0.639653
vn -0.763956 0.082958 0.639913
vn -0.763956 0.082958 0.639913
vn -0.763956 0.082958 0.639913
vn -0.980561 0.164277 -0.107296
vn -0.980561 0.164277 -0.107296
vn -0.980561 0.164277 -0.107296
vn -0.980107 0.162839 -0.113459
vn -0.980107 0.162839 -0.113459
vn -0.980107 0.162839 -0.113459
vn 0.581526 0.165827 0.796447
vn 0.581526 0.165827 0.796447
vn 0.581526 0.165827 0.796447
vn 0.586202 0.162966 0.793605
vn 0.586202 0.162966 0.793605
vn 0.586202 0.162966 0.793605
vn 0.144213 -0.357071 -0.922877
vn 0.144213 -0.357071 -0.922877
vn 0.144213 -0.357071 -0.922877
vn 0.138435 -0.357171 -0.923723
vn 0.138435 -0.357171 -0.923723
vn 0.138435 -0.357171 -0.923723
vn -0.728062 0.361046 0.582727
vn -0.728062 0.361046 0.582727
vn -0.728062 0.361046 0.582727
vn -0.731187 0.361015 0.578821
vn -0.731187 0.361015 0.578821
vn -0.731187 0.361015 0.578821
vn -0.142483 0.361932 0.921251
vn -0.142483 0.361932 0.921251
vn -0.142483 0.361932 0.921251
vn -0.137880 0.360680 0.922442
vn -0.137880 0.360680 0.922442
vn -0.137880 0.360680 0.922442
vn 0.980561 -0.164279 0.107298
vn 0.980561 -0.164279 0.107298
vn 0.980561 -0.164279 0.107298
vn 0.980422 -0.161199 0.113084
vn 0.980422 -0.161199 0.113084
vn 0.980422 -0.161199 0.113084
vn -0.580698 -0.164439 -0.797339
vn -0.580698 -0.164439 -0.797339
vn -0.580698 -0.164439 -0.797339
vn -0.586201 -0.162964 -0.793607
vn -0.586201 -0.162964 -0.793607
vn -0.586201 -0.162964 -0.793607
vn -0.568858 -0.038240 -0.821546
vn -0.568858 -0.038240 -0.821546
vn -0.568858 -0.038240 -0.821546
vn -0.568473 -0.038094 -0.821820
vn -0.568473 -0.038094 -0.821820
vn -0.568473 -0.038094 -0.821820
vn 0.764158 -0.083819 -0.639559
vn 0.764158 -0.083819 -0.639559
vn 0.764158 -0.083819 -0.639559
vn 0.763524 -0.084305 -0.640253
vn 0.763524 -0.084305 -0.640253
vn 0.763524 -0.084305 -0.640253
vn 0.568800 0.037905 0.821602
vn 0.568800 0.037905 0.821602
vn 0.568800 0.037905 0.821602
vn 0.568467 0.038094 0.821824
vn 0.568467 0.038094 0.821824
vn 0.568467 0.038094 0.821824
vn -0.995712 0.037854 -0.084409
vn -0.995712 0.037854 -0.084409
vn -0.995712 0.037854 -0.084409
vn -0.995753 0.037733 -0.083974
vn -0.995753 0.037733 -0.083974
vn -0.995753 0.037733 -0.083974
vn 0.173920 -0.083821 -0.981186
vn 0.173920 -0.083821 -0.981186
vn 0.173920 -0.083821 -0.981186
vn 0.173799 -0.083874 -0.981203
vn 0.173799 -0.083874 -0.981203
vn 0.173799 -0.083874 -0.981203
vn 0.995712 -0.037853 0.084408
vn 0.995712 -0.037853 0.084408
vn 0.995712 -0.037853 0.084408
vn 0.995740 -0.038075 0.083975
vn 0.995740 -0.038075 0.083975
vn 0.995740 -0.038075 0.083975
vn -0.174004 0.083012 0.981240
vn -0.174004 0.083012 0.981240
vn -0.174004 0.083012 0.981240
vn -0.174318 0.083146 0.981173
vn -0.174318 0.083146 0.981173
vn -0.174318 0.083146 0.981173
vn -0.000001 -1.000000 -0.000000
vn -0.000001 -1.000000 -0.000000
vn -0.000001 -1.000000 -0.000000
vn -0.000000 -1.000000 -0.000000
vn -0.000000 -1.000000 -0.000000
vn -0.000000 -1.000000 -0.000000
vn -0.000000 -1.000000 -0.000000
vn -0.000000 -1.000000 -0.000000
vn -0.000000 -1.000000 -0.000000
vn -0.000000 -1.000000 -0.000000
vn -0.000000 -1.000000 -0.000000
vn -0.000000 -1.000000 -0.000000
vn -0.000000 -1.000000 0.000000
vn -0.000000 -1.000000 0.000000
vn -0.000000 -1.000000 0.000000
vn -0.000000 -1.000000 0.000000
vn -0.000000 -1.000000 0.000000
vn -0.000000 -1.000000 0.000000
vn 0.000000 -1.000000 0.000000
vn 0.000000 -1.000000 0.000000
vn 0.000000 -1.000000 0.000000
vn -0.000000 -1.000000 0.000000
vn -0.000000 -1.000000 0.000000
vn -0.000000 -1.000000 0.000000
vn -0.000000 -1.000000 0.000000
vn -0.000000 -1.000000 0.000000
vn -0.000000 -1.000000 0.000000
vn -0.000000 -1.000000 0.000000
vn -0.000000 -1.000000 0.000000
vn -0.000000 -1.000000 0.000000
vn -0.000000 -1.000000 -0.000000
vn -0.000000 -1.000000 -0.000000
vn -0.000000 -1.000000 -0.000000
vn 0.000000 -1.000000 -0.000000
vn 0.000000 -1.000000 -0.000000
vn 0.000000 -1.000000 -0.000000
vn 0.000000 -1.000000 -0.000000
vn 0.000000 -1.000000 -0.000000
vn 0.000000 -1.000000 -0.000000
vn -0.000000 -1.000000 0.000000
vn -0.000000 -1.000000 0.000000
vn -0.000000 -1.000000 0.000000
vn -0.000000 -1.000000 0.000000
vn -0.000000 -1.000000 0.000000
vn -0.000000 -1.000000 0.000000
vn -0.000000 -1.000000 0.000000
vn -0.000000 -1.000000 0.000000
vn -0.000000 -1.000000 0.000000
vn 0.571423 0.000000 0.820656
vn 0.571423 0.000000 0.820656
vn 0.571423 0.000000 0.820656
vn 0.571424 0.000000 0.820655
vn 0.571424 0.000000 0.820655
vn 0.571424 0.000000 0.820655
vn -0.996420 0.000000 -0.084543
vn -0.996420 0.000000 -0.084543
vn -0.996420 0.000000 -0.084543
vn -0.996419 0.000000 -0.084548
vn -0.996419 0.000000 -0.084548
vn -0.996419 0.000000 -0.084548
vn 0.172377 0.000000 -0.985031
vn 0.172377 0.000000 -0.985031
vn 0.172377 0.000000 -0.985031
vn 0.172377 0.000000 -0.985031
vn 0.172377 0.000000 -0.985031
vn 0.172377 0.000000 -0.985031
vn 0.996420 0.000000 0.084542
vn 0.996420 0.000000 0.084542
vn 0.996420 0.000000 0.084542
vn 0.996420 0.000000 0.084545
vn 0.996420 0.000000 0.084545
vn 0.996420 0.000000 0.084545
vn -0.172373 0.000000 0.985032
vn -0.172373 0.000000 0.985032
vn -0.172373 0.000000 0.985032
vn -0.172374 0.000000 0.985032
vn -0.172374 0.000000 0.985032
vn -0.172374 0.000000 0.985032
vn -0.766875 0.000000 0.641796
vn -0.766875 0.000000 0.641796
vn -0.766875 0.000000 0.641796
vn -0.766874 0.000000 0.641798
vn -0.766874 0.000000 0.641798
vn -0.766874 0.000000 0.641798
vn -0.571430 0.000000 -0.820651
vn -0.571430 0.000000 -0.820651
vn -0.571430 0.000000 -0.820651
vn -0.571428 0.000000 -0.820652
vn -0.571428 0.000000 -0.820652
vn -0.571428 0.000000 -0.820652
vn 0.766873 0.000000 -0.641798
vn 0.766873 0.000000 -0.641798
vn 0.766873 0.000000 -0.641798
vn 0.766875 0.000000 -0.641797
vn 0.766875 0.000000 -0.641797
vn 0.766875 0.000000 -0.641797
vn -0.315761 -0.911297 0.264260
vn -0.315761 -0.911297 0.264260
vn -0.315761 -0.911297 0.264260
vn -0.315761 -0.911297 0.264259
vn -0.315761 -0.911297 0.264259
vn -0.315761 -0.911297 0.264259
vn -0.218406 -0.924075 -0.313662
vn -0.218406 -0.924075 -0.313662
vn -0.218406 -0.924075 -0.313662
vn -0.218405 -0.924075 -0.313663
vn -0.218405 -0.924075 -0.313663
vn -0.218405 -0.924075 -0.313663
vn 0.315760 -0.911298 -0.264258
vn 0.315760 -0.911298 -0.264258
vn 0.315760 -0.911298 -0.264258
vn 0.315761 -0.911297 -0.264259
vn 0.315761 -0.911297 -0.264259
vn 0.315761 -0.911297 -0.264259
vn 0.218405 -0.924075 0.313664
vn 0.218405 -0.924075 0.313664
vn 0.218405 -0.924075 0.313664
vn 0.218406 -0.924075 0.313663
vn 0.218406 -0.924075 0.313663
vn 0.218406 -0.924075 0.313663
vn -0.380844 -0.924074 -0.032314
vn -0.380844 -0.924074 -0.032314
vn -0.380844 -0.924074 -0.032314
vn -0.380843 -0.924075 -0.032313
vn -0.380843 -0.924075 -0.032313
vn -0.380843 -0.924075 -0.032313
vn 0.070976 -0.911297 -0.405587
vn 0.070976 -0.911297 -0.405587
vn 0.070976 -0.911297 -0.405587
vn 0.070975 -0.911297 -0.405586
vn 0.070975 -0.911297 -0.405586
vn 0.070975 -0.911297 -0.405586
vn 0.380841 -0.924076 0.032313
vn 0.380841 -0.924076 0.032313
vn 0.380841 -0.924076 0.032313
vn 0.380843 -0.924075 0.032313
vn 0.380843 -0.924075 0.032313
vn 0.380843 -0.924075 0.032313
vn -0.070975 -0.911297 0.405587
vn -0.070975 -0.911297 0.405587
vn -0.070975 -0.911297 0.405587
vn -0.070975 -0.911297 0.405587
vn -0.070975 -0.911297 0.405587
vn -0.070975 -0.911297 0.405587
vn 0.996420 0.000000 0.084541
vn 0.996420 0.000000 0.084541
vn 0.996420 0.000000 0.084541
vn 0.996420 0.000000 0.084543
vn 0.996420 0.000000 0.084543
vn 0.996420 0.000000 0.084543
vn -0.172374 0.000000 0.985032
vn -0.172374 0.000000 0.985032
vn -0.172374 0.000000 0.985032
vn -0.172374 0.000000 0.985032
vn -0.172374 0.000000 0.985032
vn -0.172374 0.000000 0.985032
vn -0.766876 0.000000 0.641796
vn -0.766876 0.000000 0.641796
vn -0.766876 0.000000 0.641796
vn -0.766875 0.000000 0.641796
vn -0.766875 0.000000 0.641796
vn -0.766875 0.000000 0.641796
vn -0.571425 0.000000 -0.820654
vn -0.571425 0.000000 -0.820654
vn -0.571425 0.000000 -0.820654
vn -0.571425 0.000000 -0.820654
vn -0.571425 0.000000 -0.820654
vn -0.571425 0.000000 -0.820654
vn 0.766876 0.000000 -0.641796
vn 0.766876 0.000000 -0.641796
vn 0.766876 0.000000 -0.641796
vn 0.766875 0.000000 -0.641797
vn 0.766875 0.000000 -0.641797
vn 0.766875 0.000000 -0.641797
vn 0.571426 0.000000 0.820654
vn 0.571426 0.000000 0.820654
vn 0.571426 0.000000 0.820654
vn 0.571426 0.000000 0.820653
vn 0.571426 0.000000 0.820653
vn 0.571426 0.000000 0.820653
vn -0.996420 0.000000 -0.084542
vn -0.996420 0.000000 -0.084542
vn -0.996420 0.000000 -0.084542
vn -0.996420 0.000000 -0.084542
vn -0.996420 0.000000 -0.084542
vn -0.996420 0.000000 -0.084542
vn 0.172374 0.000000 -0.985032
vn 0.172374 0.000000 -0.985032
vn 0.172374 0.000000 -0.985032
vn 0.172374 0.000000 -0.985032
vn 0.172374 0.000000 -0.985032
vn 0.172374 0.000000 -0.985032
vn -0.000000 1.000000 0.000000
vn -0.000000 1.000000 0.000000
vn -0.000000 1.000000 0.000000
vn -0.000000 1.000000 -0.000000
vn -0.000000 1.000000 -0.000000
vn -0.000000 1.000000 -0.000000
vn 0.000000 1.000000 0.000000
vn 0.000000 1.000000 0.000000
vn 0.000000 1.000000 0.000000
vn -0.000000 1.000000 0.000000
vn -0.000000 1.000000 0.000000
vn -0.000000 1.000000 0.000000
vn -0.000000 1.000000 -0.000000
vn -0.000000 1.000000 -0.000000
vn -0.000000 1.000000 -0.000000
vn 0.000000 1.000000 0.000000
vn 0.000000 1.000000 0.000000
vn 0.000000 1.000000 0.000000
vn 0.329980 0.943789 -0.019374
vn 0.329980 0.943789 -0.019374
vn 0.329980 0.943789 -0.019374
vn 0.364833 0.929755 -0.049524
vn 0.364833 0.929755 -0.049524
vn 0.364833 0.929755 -0.049524
vn 0.792519 0.481622 -0.374105
vn 0.792519 0.481622 -0.374105
vn 0.792519 0.481622 -0.374105
vn 0.811435 0.420898 -0.405485
vn 0.811435 0.420898 -0.405485
vn 0.811435 0.420898 -0.405485
vn 0.723288 -0.486207 -0.490365
vn 0.723288 -0.486207 -0.490365
vn 0.723288 -0.486207 -0.490365
vn 0.765695 -0.415499 -0.490990
vn 0.765695 -0.415499 -0.490990
vn 0.765695 -0.415499 -0.490990
vn 0.198981 -0.953324 -0.227113
vn 0.198981 -0.953324 -0.227113
vn 0.198981 -0.953324 -0.227113
vn 0.263813 -0.932572 -0.246398
vn 0.263813 -0.932572 -0.246398
vn 0.263813 -0.932572 -0.246398
vn -0.285072 -0.956082 0.068129
vn -0.285072 -0.956082 0.068129
vn -0.285072 -0.956082 0.068129
vn -0.348585 -0.932798 0.091524
vn -0.348585 -0.932798 0.091524
vn -0.348585 -0.932798 0.091524
vn -0.774851 -0.498502 0.388718
vn -0.774851 -0.498502 0.388718
vn -0.774851 -0.498502 0.388718
vn -0.811425 -0.420885 0.405518
vn -0.811425 -0.420885 0.405518
vn -0.811425 -0.420885 0.405518
vn -0.141843 -0.357629 -0.923029
vn -0.141843 -0.357629 -0.923029
vn -0.141843 -0.357629 -0.923029
vn -0.136466 -0.356042 -0.924452
vn -0.136466 -0.356042 -0.924452
vn -0.136466 -0.356042 -0.924452
vn -0.723294 0.486233 0.490329
vn -0.723294 0.486233 0.490329
vn -0.723294 0.486233 0.490329
vn -0.752127 0.420842 0.507146
vn -0.752127 0.420842 0.507146
vn -0.752127 0.420842 0.507146
vn -0.185381 0.944652 0.270676
vn -0.185381 0.944652 0.270676
vn -0.185381 0.944652 0.270676
vn -0.223001 0.928438 0.297108
vn -0.223001 0.928438 0.297108
vn -0.223001 0.928438 0.297108
vn 0.179230 0.131198 0.975020
vn 0.179230 0.131198 0.975020
vn 0.179230 0.131198 0.975020
vn 0.170958 0.127898 0.976942
vn 0.170958 0.127898 0.976942
vn 0.170958 0.127898 0.976942
vn 0.072251 0.604638 0.793217
vn 0.072251 0.604638 0.793217
vn 0.072251 0.604638 0.793217
vn 0.062648 0.601013 0.796780
vn 0.062648 0.601013 0.796780
vn 0.062648 0.601013 0.796780
vn -0.316969 0.932059 0.175491
vn -0.316969 0.932059 0.175491
vn -0.316969 0.932059 0.175491
vn -0.308093 0.936464 0.167673
vn -0.308093 0.936464 0.167673
vn -0.308093 0.936464 0.167673
vn -0.624058 0.691341 -0.364141
vn -0.624058 0.691341 -0.364141
vn -0.624058 0.691341 -0.364141
vn -0.621827 0.691916 -0.366857
vn -0.621827 0.691916 -0.366857
vn -0.621827 0.691916 -0.366857
vn -0.707086 0.486067 -0.513584
vn -0.707086 0.486067 -0.513584
vn -0.707086 0.486067 -0.513584
vn -0.706741 0.486104 -0.514023
vn -0.706741 0.486104 -0.514023
vn -0.706741 0.486104 -0.514023
vn -0.713506 0.462035 -0.526719
vn -0.713506 0.462035 -0.526719
vn -0.713506 0.462035 -0.526719
vn -0.713499 0.462036 -0.526727
vn -0.713499 0.462036 -0.526727
vn -0.713499 0.462036 -0.526727
vn -0.638721 0.637812 -0.430385
vn -0.638721 0.637812 -0.430385
vn -0.638721 0.637812 -0.430385
vn -0.649670 0.635435 -0.417315
vn -0.649670 0.635435 -0.417315
vn -0.649670 0.635435 -0.417315
vn -0.562660 0.063586 0.824239
vn -0.562660 0.063586 0.824239
vn -0.562660 0.063586 0.824239
vn -0.570409 0.059636 0.819193
vn -0.570409 0.059636 0.819193
vn -0.570409 0.059636 0.819193
vn -0.615326 0.281348 0.736355
vn -0.615326 0.281348 0.736355
vn -0.615326 0.281348 0.736355
vn -0.622211 0.274359 0.733199
vn -0.622211 0.274359 0.733199
vn -0.622211 0.274359 0.733199
vn -0.788463 0.407311 0.460894
vn -0.788463 0.407311 0.460894
vn -0.788463 0.407311 0.460894
vn -0.786361 0.414340 0.458213
vn -0.786361 0.414340 0.458213
vn -0.786361 0.414340 0.458213
vn -0.928781 0.300142 0.217442
vn -0.928781 0.300142 0.217442
vn -0.928781 0.300142 0.217442
vn -0.928783 0.302753 0.213782
vn -0.928783 0.302753 0.213782
vn -0.928783 0.302753 0.213782
vn -0.965008 0.213868 0.151726
vn -0.965008 0.213868 0.151726
vn -0.965008 0.213868 0.151726
vn -0.965049 0.214099 0.151135
vn -0.965049 0.214099 0.151135
vn -0.965049 0.214099 0.151135
vn -0.968212 0.203702 0.145160
vn -0.968212 0.203702 0.145160
vn -0.968212 0.203702 0.145160
vn -0.968212 0.203703 0.145159
vn -0.968212 0.203703 0.145159
vn -0.968212 0.203703 0.145159
vn -0.940789 0.290982 0.173914
vn -0.940789 0.290982 0.173914
vn -0.940789 0.290982 0.173914
vn -0.940571 0.279738 0.192541
vn -0.940571 0.279738 0.192541
vn -0.940571 0.279738 0.192541
vn -0.994944 -0.065589 0.076058
vn -0.994944 -0.065589 0.076058
vn -0.994944 -0.065589 0.076058
vn -0.994486 -0.062269 0.084383
vn -0.994486 -0.062269 0.084383
vn -0.994486 -0.062269 0.084383
vn -0.947181 -0.275641 0.163922
vn -0.947181 -0.275641 0.163922
vn -0.947181 -0.275641 0.163922
vn -0.947738 -0.269824 0.170258
vn -0.947738 -0.269824 0.170258
vn -0.947738 -0.269824 0.170258
vn -0.784932 -0.409555 0.464915
vn -0.784932 -0.409555 0.464915
vn -0.784932 -0.409555 0.464915
vn -0.782553 -0.414612 0.464443
vn -0.782553 -0.414612 0.464443
vn -0.782553 -0.414612 0.464443
vn -0.653696 -0.308244 0.691135
vn -0.653696 -0.308244 0.691135
vn -0.653696 -0.308244 0.691135
vn -0.650449 -0.310936 0.692990
vn -0.650449 -0.310936 0.692990
vn -0.650449 -0.310936 0.692990
vn -0.612044 -0.215128 0.761001
vn -0.612044 -0.215128 0.761001
vn -0.612044 -0.215128 0.761001
vn -0.611557 -0.215357 0.761327
vn -0.611557 -0.215357 0.761327
vn -0.611557 -0.215357 0.761327
vn -0.607912 -0.204841 0.767126
vn -0.607912 -0.204841 0.767126
vn -0.607912 -0.204841 0.767126
vn -0.607909 -0.204843 0.767128
vn -0.607909 -0.204843 0.767128
vn -0.607909 -0.204843 0.767128
vn -0.616905 -0.291163 0.731199
vn -0.616905 -0.291163 0.731199
vn -0.616905 -0.291163 0.731199
vn -0.634586 -0.279185 0.720664
vn -0.634586 -0.279185 0.720664
vn -0.634586 -0.279185 0.720664
vn -0.754691 -0.143401 -0.640217
vn -0.754691 -0.143401 -0.640217
vn -0.754691 -0.143401 -0.640217
vn -0.759173 -0.141375 -0.635349
vn -0.759173 -0.141375 -0.635349
vn -0.759173 -0.141375 -0.635349
vn -0.653381 -0.606318 -0.453289
vn -0.653381 -0.606318 -0.453289
vn -0.653381 -0.606318 -0.453289
vn -0.657148 -0.604646 -0.450067
vn -0.657148 -0.604646 -0.450067
vn -0.657148 -0.604646 -0.450067
vn -0.302474 -0.935177 0.184263
vn -0.302474 -0.935177 0.184263
vn -0.302474 -0.935177 0.184263
vn -0.302661 -0.935102 0.184339
vn -0.302661 -0.935102 0.184339
vn -0.302661 -0.935102 0.184339
vn 0.003235 -0.696346 0.717699
vn 0.003235 -0.696346 0.717699
vn 0.003235 -0.696346 0.717699
vn 0.007554 -0.697103 0.716931
vn 0.007554 -0.697103 0.716931
vn 0.007554 -0.697103 0.716931
vn 0.093246 -0.486844 0.868497
vn 0.093246 -0.486844 0.868497
vn 0.093246 -0.486844 0.868497
vn 0.093781 -0.486880 0.868420
vn 0.093781 -0.486880 0.868420
vn 0.093781 -0.486880 0.868420
vn 0.101540 -0.462427 0.880824
vn 0.101540 -0.462427 0.880824
vn 0.101540 -0.462427 0.880824
vn 0.101547 -0.462429 0.880822
vn 0.101547 -0.462429 0.880822
vn 0.101547 -0.462429 0.880822
vn 0.063662 -0.626976 0.776433
vn 0.063662 -0.626976 0.776433
vn 0.063662 -0.626976 0.776433
vn 0.043155 -0.624677 0.779690
vn 0.043155 -0.624677 0.779690
vn 0.043155 -0.624677 0.779690
vn -0.177206 -0.141796 -0.973906
vn -0.177206 -0.141796 -0.973906
vn -0.177206 -0.141796 -0.973906
vn -0.170604 -0.143094 -0.974894
vn -0.170604 -0.143094 -0.974894
vn -0.170604 -0.143094 -0.974894
vn -0.069792 -0.608262 -0.790662
vn -0.069792 -0.608262 -0.790662
vn -0.069792 -0.608262 -0.790662
vn -0.060671 -0.607168 -0.792253
vn -0.060671 -0.607168 -0.792253
vn -0.060671 -0.607168 -0.792253
vn 0.315278 -0.932204 -0.177752
vn 0.315278 -0.932204 -0.177752
vn 0.315278 -0.932204 -0.177752
vn 0.305563 -0.936179 -0.173780
vn 0.305563 -0.936179 -0.173780
vn 0.305563 -0.936179 -0.173780
vn 0.622895 -0.693335 0.362337
vn 0.622895 -0.693335 0.362337
vn 0.622895 -0.693335 0.362337
vn 0.620789 -0.694354 0.363997
vn 0.620789 -0.694354 0.363997
vn 0.620789 -0.694354 0.363997
vn 0.706998 -0.486373 0.513415
vn 0.706998 -0.486373 0.513415
vn 0.706998 -0.486373 0.513415
vn 0.706632 -0.486532 0.513769
vn 0.706632 -0.486532 0.513769
vn 0.706632 -0.486532 0.513769
vn 0.713505 -0.462039 0.526718
vn 0.713505 -0.462039 0.526718
vn 0.713505 -0.462039 0.526718
vn 0.713495 -0.462042 0.526727
vn 0.713495 -0.462042 0.526727
vn 0.713495 -0.462042 0.526727
vn 0.641387 -0.628801 0.439581
vn 0.641387 -0.628801 0.439581
vn 0.641387 -0.628801 0.439581
vn 0.656316 -0.621721 0.427449
vn 0.656316 -0.621721 0.427449
vn 0.656316 -0.621721 0.427449
vn 0.562674 -0.063624 -0.824227
vn 0.562674 -0.063624 -0.824227
vn 0.562674 -0.063624 -0.824227
vn 0.570232 -0.064558 -0.818943
vn 0.570232 -0.064558 -0.818943
vn 0.570232 -0.064558 -0.818943
vn 0.615084 -0.281173 -0.736623
vn 0.615084 -0.281173 -0.736623
vn 0.615084 -0.281173 -0.736623
vn 0.622616 -0.276330 -0.732114
vn 0.622616 -0.276330 -0.732114
vn 0.622616 -0.276330 -0.732114
vn 0.789131 -0.406994 -0.460031
vn 0.789131 -0.406994 -0.460031
vn 0.789131 -0.406994 -0.460031
vn 0.785927 -0.413956 -0.459303
vn 0.785927 -0.413956 -0.459303
vn 0.785927 -0.413956 -0.459303
vn 0.928734 -0.300232 -0.217519
vn 0.928734 -0.300232 -0.217519
vn 0.928734 -0.300232 -0.217519
vn 0.928336 -0.303299 -0.214945
vn 0.928336 -0.303299 -0.214945
vn 0.928336 -0.303299 -0.214945
vn 0.965007 -0.213869 -0.151727
vn 0.965007 -0.213869 -0.151727
vn 0.965007 -0.213869 -0.151727
vn 0.965007 -0.214220 -0.151231
vn 0.965007 -0.214220 -0.151231
vn 0.965007 -0.214220 -0.151231
vn 0.968212 -0.203701 -0.145162
vn 0.968212 -0.203701 -0.145162
vn 0.968212 -0.203701 -0.145162
vn 0.968212 -0.203704 -0.145158
vn 0.968212 -0.203704 -0.145158
vn 0.968212 -0.203704 -0.145158
vn 0.940786 -0.290986 -0.173922
vn 0.940786 -0.290986 -0.173922
vn 0.940786 -0.290986 -0.173922
vn 0.942488 -0.275183 -0.189713
vn 0.942488 -0.275183 -0.189713
vn 0.942488 -0.275183 -0.189713
vn 0.995407 0.060900 -0.073871
vn 0.995407 0.060900 -0.073871
vn 0.995407 0.060900 -0.073871
vn 0.994484 0.062310 -0.084369
vn 0.994484 0.062310 -0.084369
vn 0.994484 0.062310 -0.084369
vn 0.948031 0.274286 -0.161260
vn 0.948031 0.274286 -0.161260
vn 0.948031 0.274286 -0.161260
vn 0.947853 0.269509 -0.170115
vn 0.947853 0.269509 -0.170115
vn 0.947853 0.269509 -0.170115
vn 0.783813 0.408662 -0.467581
vn 0.783813 0.408662 -0.467581
vn 0.783813 0.408662 -0.467581
vn 0.781868 0.414957 -0.465288
vn 0.781868 0.414957 -0.465288
vn 0.781868 0.414957 -0.465288
vn 0.653360 0.307425 -0.691817
vn 0.653360 0.307425 -0.691817
vn 0.653360 0.307425 -0.691817
vn 0.650531 0.310995 -0.692887
vn 0.650531 0.310995 -0.692887
vn 0.650531 0.310995 -0.692887
vn 0.611989 0.215002 -0.761080
vn 0.611989 0.215002 -0.761080
vn 0.611989 0.215002 -0.761080
vn 0.611558 0.215356 -0.761327
vn 0.611558 0.215356 -0.761327
vn 0.611558 0.215356 -0.761327
vn 0.607914 0.204839 -0.767125
vn 0.607914 0.204839 -0.767125
vn 0.607914 0.204839 -0.767125
vn 0.607906 0.204845 -0.767131
vn 0.607906 0.204845 -0.767131
vn 0.607906 0.204845 -0.767131
vn 0.621051 0.293770 -0.726632
vn 0.621051 0.293770 -0.726632
vn 0.621051 0.293770 -0.726632
vn 0.634590 0.279193 -0.720657
vn 0.634590 0.279193 -0.720657
vn 0.634590 0.279193 -0.720657
vn 0.754599 0.128280 0.643526
vn 0.754599 0.128280 0.643526
vn 0.754599 0.128280 0.643526
vn 0.760281 0.130836 0.636282
vn 0.760281 0.130836 0.636282
vn 0.760281 0.130836 0.636282
vn 0.654917 0.600586 0.458672
vn 0.654917 0.600586 0.458672
vn 0.654917 0.600586 0.458672
vn 0.659395 0.599886 0.453138
vn 0.659395 0.599886 0.453138
vn 0.659395 0.599886 0.453138
vn 0.299842 0.934792 -0.190420
vn 0.299842 0.934792 -0.190420
vn 0.299842 0.934792 -0.190420
vn 0.298712 0.935352 -0.189441
vn 0.298712 0.935352 -0.189441
vn 0.298712 0.935352 -0.189441
vn -0.004531 0.693720 -0.720230
vn -0.004531 0.693720 -0.720230
vn -0.004531 0.693720 -0.720230
vn -0.008806 0.695509 -0.718464
vn -0.008806 0.695509 -0.718464
vn -0.008806 0.695509 -0.718464
vn -0.093395 0.486410 -0.868725
vn -0.093395 0.486410 -0.868725
vn -0.093395 0.486410 -0.868725
vn -0.093901 0.486579 -0.868575
vn -0.093901 0.486579 -0.868575
vn -0.093901 0.486579 -0.868575
vn -0.101543 0.462423 -0.880826
vn -0.101543 0.462423 -0.880826
vn -0.101543 0.462423 -0.880826
vn -0.101548 0.462424 -0.880825
vn -0.101548 0.462424 -0.880825
vn -0.101548 0.462424 -0.880825
vn -0.054223 0.639842 -0.766591
vn -0.054223 0.639842 -0.766591
vn -0.054223 0.639842 -0.766591
vn -0.039315 0.634328 -0.772064
vn -0.039315 0.634328 -0.772064
vn -0.039315 0.634328 -0.772064
vn 0.171875 0.083073 0.981610
vn 0.171875 0.083073 0.981610
vn 0.171875 0.083073 0.981610
vn 0.172204 0.082958 0.981562
vn 0.172204 0.082958 0.981562
vn 0.172204 0.082958 0.981562
vn -0.583202 0.164277 0.795543
vn -0.583202 0.164277 0.795543
vn -0.583202 0.164277 0.795543
vn -0.588312 0.162839 0.792068
vn -0.588312 0.162839 0.792068
vn -0.588312 0.162839 0.792068
vn 0.980507 0.165827 -0.105394
vn 0.980507 0.165827 -0.105394
vn 0.980507 0.165827 -0.105394
vn 0.980383 0.162966 -0.110863
vn 0.980383 0.162966 -0.110863
vn 0.980383 0.162966 -0.110863
vn -0.727129 -0.357071 -0.586331
vn -0.727129 -0.357071 -0.586331
vn -0.727129 -0.357071 -0.586331
vn -0.730751 -0.357171 -0.581749
vn -0.730751 -0.357171 -0.581749
vn -0.730751 -0.357171 -0.581749
vn 0.140626 0.361045 0.921884
vn 0.140626 0.361045 0.921884
vn 0.140626 0.361045 0.921884
vn 0.135681 0.361016 0.922637
vn 0.135681 0.361016 0.922637
vn 0.135681 0.361016 0.922637
vn 0.726586 0.361932 0.584019
vn 0.726586 0.361932 0.584019
vn 0.726586 0.361932 0.584019
vn 0.729918 0.360680 0.580629
vn 0.729918 0.360680 0.580629
vn 0.729918 0.360680 0.580629
vn 0.583202 -0.164280 -0.795542
vn 0.583202 -0.164280 -0.795542
vn 0.583202 -0.164280 -0.795542
vn 0.588146 -0.161199 -0.792527
vn 0.588146 -0.161199 -0.792527
vn 0.588146 -0.161199 -0.792527
vn -0.980865 -0.164440 0.104228
vn -0.980865 -0.164440 0.104228
vn -0.980865 -0.164440 0.104228
vn -0.980384 -0.162964 0.110862
vn -0.980384 -0.162964 0.110862
vn -0.980384 -0.162964 0.110862
vn -0.995909 -0.038240 0.081873
vn -0.995909 -0.038240 0.081873
vn -0.995909 -0.038240 0.081873
vn -0.995953 -0.038093 0.081402
vn -0.995953 -0.038093 0.081402
vn -0.995953 -0.038093 0.081402
vn -0.171796 -0.083819 -0.981560
vn -0.171796 -0.083819 -0.981560
vn -0.171796 -0.083819 -0.981560
vn -0.172712 -0.084306 -0.981358
vn -0.172712 -0.084306 -0.981358
vn -0.172712 -0.084306 -0.981358
vn 0.995928 0.037906 -0.081794
vn 0.995928 0.037906 -0.081794
vn 0.995928 0.037906 -0.081794
vn 0.995954 0.038094 -0.081394
vn 0.995954 0.038094 -0.081394
vn 0.995954 0.038094 -0.081394
vn -0.570957 0.037854 0.820107
vn -0.570957 0.037854 0.820107
vn -0.570957 0.037854 0.820107
vn -0.570601 0.037733 0.820361
vn -0.570601 0.037733 0.820361
vn -0.570601 0.037733 0.820361
vn -0.762772 -0.083821 -0.641213
vn -0.762772 -0.083821 -0.641213
vn -0.762772 -0.083821 -0.641213
vn -0.762847 -0.083874 -0.641116
vn -0.762847 -0.083874 -0.641116
vn -0.762847 -0.083874 -0.641116
vn 0.570956 -0.037853 -0.820107
vn 0.570956 -0.037853 -0.820107
vn 0.570956 -0.037853 -0.820107
vn 0.570593 -0.038075 -0.820350
vn 0.570593 -0.038075 -0.820350
vn 0.570593 -0.038075 -0.820350
vn 0.762776 0.083012 0.641312
vn 0.762776 0.083012 0.641312
vn 0.762776 0.083012 0.641312
vn 0.762561 0.083146 0.641550
vn 0.762561 0.083146 0.641550
vn 0.762561 0.083146 0.641550
vn -0.000000 -1.000000 0.000000
vn -0.000000 -1.000000 0.000000
vn -0.000000 -1.000000 0.000000
vn -0.000000 -1.000000 0.000000
vn -0.000000 -1.000000 0.000000
vn -0.000000 -1.000000 0.000000
vn -0.000001 -1.000000 -0.000000
vn -0.000001 -1.000000 -0.000000
vn -0.000001 -1.000000 -0.000000
vn -0.000000 -1.000000 -0.000000
vn -0.000000 -1.000000 -0.000000
vn -0.000000 -1.000000 -0.000000
vn -0.000001 -1.000000 0.000000
vn -0.000001 -1.000000 0.000000
vn -0.000001 -1.000000 0.000000
vn 0.000000 -1.000000 0.000000
vn 0.000000 -1.000000 0.000000
vn 0.000000 -1.000000 0.000000
vn -0.000000 -1.000000 0.000000
vn -0.000000 -1.000000 0.000000
vn -0.000000 -1.000000 0.000000
vn -0.000000 -1.000000 0.000000
vn -0.000000 -1.000000 0.000000
vn -0.000000 -1.000000 0.000000
vn 0.000000 -1.000000 -0.000000
vn 0.000000 -1.000000 -0.000000
vn 0.000000 -1.000000 -0.000000
vn -0.000000 -1.000000 0.000000
vn -0.000000 -1.000000 0.000000
vn -0.000000 -1.000000 0.000000
vn -0.000001 -1.000000 0.000000
vn -0.000001 -1.000000 0.000000
vn -0.000001 -1.000000 0.000000
vn -0.000000 -1.000000 0.000000
vn -0.000000 -1.000000 0.000000
vn -0.000000 -1.000000 0.000000
vn 0.000000 -1.000000 -0.000001
vn 0.000000 -1.000000 -0.000001
vn 0.000000 -1.000000 -0.000001
vn 0.000000 -1.000000 0.000000
vn 0.000000 -1.000000 0.000000
vn 0.000000 -1.000000 0.000000
vn -0.000000 -1.000000 0.000000
vn -0.000000 -1.000000 0.000000
vn -0.000000 -1.000000 0.000000
vn 0.000000 -1.000000 0.000000
vn 0.000000 -1.000000 0.000000
vn 0.000000 -1.000000 0.000000
vn 0.996420 0.000000 -0.084540
vn 0.996420 0.000000 -0.084540
vn 0.996420 0.000000 -0.084540
vn 0.996420 0.000000 -0.084540
vn 0.996420 0.000000 -0.084540
vn 0.996420 0.000000 -0.084540
vn -0.571427 0.000000 0.820653
vn -0.571427 0.000000 0.820653
vn -0.571427 0.000000 0.820653
vn -0.571426 0.000000 0.820654
vn -0.571426 0.000000 0.820654
vn -0.571426 0.000000 0.820654
vn -0.766872 0.000000 -0.641800
vn -0.766872 0.000000 -0.641800
vn -0.766872 0.000000 -0.641800
vn -0.766875 0.000000 -0.641797
vn -0.766875 0.000000 -0.641797
vn -0.766875 0.000000 -0.641797
vn 0.571426 0.000000 -0.820654
vn 0.571426 0.000000 -0.820654
vn 0.571426 0.000000 -0.820654
vn 0.571425 0.000000 -0.820655
vn 0.571425 0.000000 -0.820655
vn 0.571425 0.000000 -0.820655
vn 0.766876 0.000000 0.641795
vn 0.766876 0.000000 0.641795
vn 0.766876 0.000000 0.641795
vn 0.766875 0.000000 0.641797
vn 0.766875 0.000000 0.641797
vn 0.766875 0.000000 0.641797
vn 0.172375 0.000000 0.985031
vn 0.172375 0.000000 0.985031
vn 0.172375 0.000000 0.985031
vn 0.172376 0.000000 0.985031
vn 0.172376 0.000000 0.985031
vn 0.172376 0.000000 0.985031
vn -0.996420 0.000000 0.084545
vn -0.996420 0.000000 0.084545
vn -0.996420 0.000000 0.084545
vn -0.996419 0.000000 0.084551
vn -0.996419 0.000000 0.084551
vn -0.996419 0.000000 0.084551
vn -0.172375 0.000000 -0.985031
vn -0.172375 0.000000 -0.985031
vn -0.172375 0.000000 -0.985031
vn -0.172375 0.000000 -0.985031
vn -0.172375 0.000000 -0.985031
vn -0.172375 0.000000 -0.985031
vn 0.070975 -0.911297 0.405586
vn 0.070975 -0.911297 0.405586
vn 0.070975 -0.911297 0.405586
vn 0.070975 -0.911297 0.405587
vn 0.070975 -0.911297 0.405587
vn 0.070975 -0.911297 0.405587
vn -0.380842 -0.924075 0.032315
vn -0.380842 -0.924075 0.032315
vn -0.380842 -0.924075 0.032315
vn -0.380843 -0.924075 0.032313
vn -0.380843 -0.924075 0.032313
vn -0.380843 -0.924075 0.032313
vn -0.070975 -0.911297 -0.405586
vn -0.070975 -0.911297 -0.405586
vn -0.070975 -0.911297 -0.405586
vn -0.070975 -0.911297 -0.405586
vn -0.070975 -0.911297 -0.405586
vn -0.070975 -0.911297 -0.405586
vn 0.380843 -0.924075 -0.032312
vn 0.380843 -0.924075 -0.032312
vn 0.380843 -0.924075 -0.032312
vn 0.380843 -0.924075 -0.032313
vn 0.380843 -0.924075 -0.032313
vn 0.380843 -0.924075 -0.032313
vn -0.218406 -0.924075 0.313663
vn -0.218406 -0.924075 0.313663
vn -0.218406 -0.924075 0.313663
vn -0.218405 -0.924075 0.313663
vn -0.218405 -0.924075 0.313663
vn -0.218405 -0.924075 0.313663
vn -0.315761 -0.911297 -0.264261
vn -0.315761 -0.911297 -0.264261
vn -0.315761 -0.911297 -0.264261
vn -0.315761 -0.911297 -0.264259
vn -0.315761 -0.911297 -0.264259
vn -0.315761 -0.911297 -0.264259
vn 0.218405 -0.924075 -0.313664
vn 0.218405 -0.924075 -0.313664
vn 0.218405 -0.924075 -0.313664
vn 0.218405 -0.924075 -0.313663
vn 0.218405 -0.924075 -0.313663
vn 0.218405 -0.924075 -0.313663
vn 0.315761 -0.911297 0.264260
vn 0.315761 -0.911297 0.264260
vn 0.315761 -0.911297 0.264260
vn 0.315761 -0.911297 0.264259
vn 0.315761 -0.911297 0.264259
vn 0.315761 -0.911297 0.264259
vn 0.571425 0.000000 -0.820654
vn 0.571425 0.000000 -0.820654
vn 0.571425 0.000000 -0.820654
vn 0.571425 0.000000 -0.820654
vn 0.571425 0.000000 -0.820654
vn 0.571425 0.000000 -0.820654
vn 0.766876 0.000000 0.641796
vn 0.766876 0.000000 0.641796
vn 0.766876 0.000000 0.641796
vn 0.766875 0.000000 0.641796
vn 0.766875 0.000000 0.641796
vn 0.766875 0.000000 0.641796
vn 0.172374 0.000000 0.985032
vn 0.172374 0.000000 0.985032
vn 0.172374 0.000000 0.985032
vn 0.172374 0.000000 0.985032
vn 0.172374 0.000000 0.985032
vn 0.172374 0.000000 0.985032
vn -0.996420 0.000000 0.084542
vn -0.996420 0.000000 0.084542
vn -0.996420 0.000000 0.084542
vn -0.996420 0.000000 0.084542
vn -0.996420 0.000000 0.084542
vn -0.996420 0.000000 0.084542
vn -0.172374 0.000000 -0.985032
vn -0.172374 0.000000 -0.985032
vn -0.172374 0.000000 -0.985032
vn -0.172374 0.000000 -0.985032
vn -0.172374 0.000000 -0.985032
vn -0.172374 0.000000 -0.985032
vn 0.996420 0.000000 -0.084543
vn 0.996420 0.000000 -0.084543
vn 0.996420 0.000000 -0.084543
vn 0.996420 0.000000 -0.084543
vn 0.996420 0.000000 -0.084543
vn 0.996420 0.000000 -0.084543
vn -0.571425 0.000000 0.820654
vn -0.571425 0.000000 0.820654
vn -0.571425 0.000000 0.820654
vn -0.571425 0.000000 0.820654
vn -0.571425 0.000000 0.820654
vn -0.571425 0.000000 0.820654
vn -0.766876 0.000000 -0.641796
vn -0.766876 0.000000 -0.641796
vn -0.766876 0.000000 -0.641796
vn -0.766876 0.000000 -0.641796
vn -0.766876 0.000000 -0.641796
vn -0.766876 0.000000 -0.641796
vn 0.000000 1.000000 0.000000
vn 0.000000 1.000000 0.000000
vn 0.000000 1.000000 0.000000
vn -0.000000 1.000000 0.000000
vn -0.000000 1.000000 0.000000
vn -0.000000 1.000000 0.000000
vn 0.000000 1.000000 0.000000
vn 0.000000 1.000000 0.000000
vn 0.000000 1.000000 0.000000
vn 0.000000 1.000000 0.000000
vn 0.000000 1.000000 0.000000
vn 0.000000 1.000000 0.000000
vn -0.000000 1.000000 0.000000
vn -0.000000 1.000000 0.000000
vn -0.000000 1.000000 0.000000
vn 0.000000 1.000000 0.000000
vn 0.000000 1.000000 0.000000
vn 0.000000 1.000000 0.000000
vn -0.189021 -0.247499 0.950271
vn -0.189021 -0.247499 0.950271
vn -0.189021 -0.247499 0.950271
vn -0.189020 -0.247498 0.950272
vn -0.189020 -0.247498 0.950272
vn -0.189020 -0.247498 0.950272
vn -0.148056 0.651201 0.744323
vn -0.148056 0.651201 0.744323
vn -0.148056 0.651201 0.744323
vn -0.148054 0.651202 0.744322
vn -0.148054 0.651202 0.744322
vn -0.148054 0.651202 0.744322
vn -0.118013 -0.796291 0.593290
vn -0.118013 -0.796291 0.593290
vn -0.118013 -0.796291 0.593290
vn -0.118012 -0.796291 0.593291
vn -0.118012 -0.796291 0.593291
vn -0.118012 -0.796291 0.593291
vn -0.189020 0.247498 0.950271
vn -0.189020 0.247498 0.950271
vn -0.189020 0.247498 0.950271
vn -0.189022 0.247498 0.950271
vn -0.189022 0.247498 0.950271
vn -0.189022 0.247498 0.950271
vn -0.336072 -0.796291 0.502967
vn -0.336072 -0.796291 0.502967
vn -0.336072 -0.796291 0.502967
vn -0.336072 -0.796291 0.502968
vn -0.336072 -0.796291 0.502968
vn -0.336072 -0.796291 0.502968
vn -0.538285 0.247498 0.805602
vn -0.538285 0.247498 0.805602
vn -0.538285 0.247498 0.805602
vn -0.538286 0.247499 0.805600
vn -0.538286 0.247499 0.805600
vn -0.538286 0.247499 0.805600
vn -0.538285 -0.247498 0.805601
vn -0.538285 -0.247498 0.805601
vn -0.538285 -0.247498 0.805601
vn -0.538285 -0.247499 0.805601
vn -0.538285 -0.247499 0.805601
vn -0.538285 -0.247499 0.805601
vn -0.421626 0.651201 0.631006
vn -0.421626 0.651201 0.631006
vn -0.421626 0.651201 0.631006
vn -0.421624 0.651202 0.631006
vn -0.421624 0.651202 0.631006
vn -0.421624 0.651202 0.631006
vn -0.805602 -0.247499 0.538284
vn -0.805602 -0.247499 0.538284
vn -0.805602 -0.247499 0.538284
vn -0.805600 -0.247497 0.538287
vn -0.805600 -0.247497 0.538287
vn -0.805600 -0.247497 0.538287
vn -0.631007 0.651201 0.421624
vn -0.631007 0.651201 0.421624
vn -0.631007 0.651201 0.421624
vn -0.631005 0.651202 0.421625
vn -0.631005 0.651202 0.421625
vn -0.631005 0.651202 0.421625
vn -0.502968 -0.796290 0.336073
vn -0.502968 -0.796290 0.336073
vn -0.502968 -0.796290 0.336073
vn -0.502967 -0.796291 0.336072
vn -0.502967 -0.796291 0.336072
vn -0.502967 -0.796291 0.336072
vn -0.805600 0.247499 0.538286
vn -0.805600 0.247499 0.538286
vn -0.805600 0.247499 0.538286
vn -0.805602 0.247497 0.538285
vn -0.805602 0.247497 0.538285
vn -0.805602 0.247497 0.538285
vn -0.950272 -0.247497 0.189021
vn -0.950272 -0.247497 0.189021
vn -0.950272 -0.247497 0.189021
vn -0.950272 -0.247498 0.189020
vn -0.950272 -0.247498 0.189020
vn -0.950272 -0.247498 0.189020
vn -0.744322 0.651202 0.148055
vn -0.744322 0.651202 0.148055
vn -0.744322 0.651202 0.148055
vn -0.744323 0.651202 0.148054
vn -0.744323 0.651202 0.148054
vn -0.744323 0.651202 0.148054
vn -0.593290 -0.796291 0.118012
vn -0.593290 -0.796291 0.118012
vn -0.593290 -0.796291 0.118012
vn -0.593292 -0.796289 0.118014
vn -0.593292 -0.796289 0.118014
vn -0.593292 -0.796289 0.118014
vn -0.950272 0.247497 0.189020
vn -0.950272 0.247497 0.189020
vn -0.950272 0.247497 0.189020
vn -0.950272 0.247497 0.189020
vn -0.950272 0.247497 0.189020
vn -0.950272 0.247497 0.189020
vn -0.593290 -0.796291 -0.118013
vn -0.593290 -0.796291 -0.118013
vn -0.593290 -0.796291 -0.118013
vn -0.593289 -0.796292 -0.118014
vn -0.593289 -0.796292 -0.118014
vn -0.593289 -0.796292 -0.118014
vn -0.950271 0.247498 -0.189021
vn -0.950271 0.247498 -0.189021
vn -0.950271 0.247498 -0.189021
vn -0.950272 0.247498 -0.189020
vn -0.950272 0.247498 -0.189020
vn -0.950272 0.247498 -0.189020
vn -0.950272 -0.247498 -0.189020
vn -0.950272 -0.247498 -0.189020
vn -0.950272 -0.247498 -0.189020
vn -0.950271 -0.247498 -0.189021
vn -0.950271 -0.247498 -0.189021
vn -0.950271 -0.247498 -0.189021
vn -0.744323 0.651200 -0.148055
vn -0.744323 0.651200 -0.148055
vn -0.744323 0.651200 -0.148055
vn -0.744321 0.651203 -0.148055
vn -0.744321 0.651203 -0.148055
vn -0.744321 0.651203 -0.148055
vn -0.502968 -0.796291 -0.336072
vn -0.502968 -0.796291 -0.336072
vn -0.502968 -0.796291 -0.336072
vn -0.502966 -0.796292 -0.336072
vn -0.502966 -0.796292 -0.336072
vn -0.502966 -0.796292 -0.336072
vn -0.805601 0.247499 -0.538286
vn -0.805601 0.247499 -0.538286
vn -0.805601 0.247499 -0.538286
vn -0.805601 0.247497 -0.538287
vn -0.805601 0.247497 -0.538287
vn -0.805601 0.247497 -0.538287
vn -0.805601 -0.247498 -0.538285
vn -0.805601 -0.247498 -0.538285
vn -0.805601 -0.247498 -0.538285
vn -0.805601 -0.247497 -0.538286
vn -0.805601 -0.247497 -0.538286
vn -0.805601 -0.247497 -0.538286
vn -0.631006 0.651202 -0.421625
vn -0.631006 0.651202 -0.421625
vn -0.631006 0.651202 -0.421625
vn -0.631006 0.651203 -0.421624
vn -0.631006 0.651203 -0.421624
vn -0.631006 0.651203 -0.421624
vn -0.538287 -0.247496 -0.805601
vn -0.538287 -0.247496 -0.805601
vn -0.538287 -0.247496 -0.805601
vn -0.538284 -0.247499 -0.805602
vn -0.538284 -0.247499 -0.805602
vn -0.538284 -0.247499 -0.805602
vn -0.421625 0.651203 -0.631005
vn -0.421625 0.651203 -0.631005
vn -0.421625 0.651203 -0.631005
vn -0.421624 0.651202 -0.631007
vn -0.421624 0.651202 -0.631007
vn -0.421624 0.651202 -0.631007
vn -0.336072 -0.796291 -0.502967
vn -0.336072 -0.796291 -0.502967
vn -0.336072 -0.796291 -0.502967
vn -0.336072 -0.796291 -0.502967
vn -0.336072 -0.796291 -0.502967
vn -0.336072 -0.796291 -0.502967
vn -0.538284 0.247497 -0.805602
vn -0.538284 0.247497 -0.805602
vn -0.538284 0.247497 -0.805602
vn -0.538287 0.247498 -0.805600
vn -0.538287 0.247498 -0.805600
vn -0.538287 0.247498 -0.805600
vn -0.189019 -0.247498 -0.950272
vn -0.189019 -0.247498 -0.950272
vn -0.189019 -0.247498 -0.950272
vn -0.189021 -0.247496 -0.950272
vn -0.189021 -0.247496 -0.950272
vn -0.189021 -0.247496 -0.950272
vn -0.148054 0.651202 -0.744323
vn -0.148054 0.651202 -0.744323
vn -0.148054 0.651202 -0.744323
vn -0.148055 0.651203 -0.744322
vn -0.148055 0.651203 -0.744322
vn -0.148055 0.651203 -0.744322
vn -0.118012 -0.796291 -0.593290
vn -0.118012 -0.796291 -0.593290
vn -0.118012 -0.796291 -0.593290
vn -0.118012 -0.796291 -0.593290
vn -0.118012 -0.796291 -0.593290
vn -0.118012 -0.796291 -0.593290
vn -0.189021 0.247498 -0.950271
vn -0.189021 0.247498 -0.950271
vn -0.189021 0.247498 -0.950271
vn -0.189020 0.247496 -0.950272
vn -0.189020 0.247496 -0.950272
vn -0.189020 0.247496 -0.950272
vn 0.118013 -0.796292 -0.593290
vn 0.118013 -0.796292 -0.593290
vn 0.118013 -0.796292 -0.593290
vn 0.118014 -0.796291 -0.593290
vn 0.118014 -0.796291 -0.593290
vn 0.118014 -0.796291 -0.593290
vn 0.189021 0.247495 -0.950272
vn 0.189021 0.247495 -0.950272
vn 0.189021 0.247495 -0.950272
vn 0.189021 0.247497 -0.950271
vn 0.189021 0.247497 -0.950271
vn 0.189021 0.247497 -0.950271
vn 0.189021 -0.247496 -0.950272
vn 0.189021 -0.247496 -0.950272
vn 0.189021 -0.247496 -0.950272
vn 0.189021 -0.247497 -0.950272
vn 0.189021 -0.247497 -0.950272
vn 0.189021 -0.247497 -0.950272
vn 0.148056 0.651203 -0.744322
vn 0.148056 0.651203 -0.744322
vn 0.148056 0.651203 -0.744322
vn 0.148055 0.651203 -0.744321
vn 0.148055 0.651203 -0.744321
vn 0.148055 0.651203 -0.744321
vn 0.538285 0.247497 -0.805602
vn 0.538285 0.247497 -0.805602
vn 0.538285 0.247497 -0.805602
vn 0.538285 0.247498 -0.805601
vn 0.538285 0.247498 -0.805601
vn 0.538285 0.247498 -0.805601
vn -0.000000 1.000000 0.000000
vn -0.000000 1.000000 0.000000
vn -0.000000 1.000000 0.000000
vn 0.538286 -0.247497 -0.805602
vn 0.538286 -0.247497 -0.805602
vn 0.538286 -0.247497 -0.805602
vn 0.538286 -0.247499 -0.805601
vn 0.538286 -0.247499 -0.805601
vn 0.538286 -0.247499 -0.805601
vn 0.421624 0.651203 -0.631006
vn 0.421624 0.651203 -0.631006
vn 0.421624 0.651203 -0.631006
vn 0.421626 0.651202 -0.631006
vn 0.421626 0.651202 -0.631006
vn 0.421626 0.651202 -0.631006
vn -0.000000 1.000000 0.000000
vn -0.000000 1.000000 0.000000
vn -0.000000 1.000000 0.000000
vn 0.336072 -0.796291 -0.502967
vn 0.336072 -0.796291 -0.502967
vn 0.336072 -0.796291 -0.502967
vn 0.336072 -0.796291 -0.502968
vn 0.336072 -0.796291 -0.502968
vn 0.336072 -0.796291 -0.502968
vn 0.805602 -0.247499 -0.538285
vn 0.805602 -0.247499 -0.538285
vn 0.805602 -0.247499 -0.538285
vn 0.805601 -0.247499 -0.538285
vn 0.805601 -0.247499 -0.538285
vn 0.805601 -0.247499 -0.538285
vn 0.631006 0.651202 -0.421624
vn 0.631006 0.651202 -0.421624
vn 0.631006 0.651202 -0.421624
vn 0.631006 0.651202 -0.421625
vn 0.631006 0.651202 -0.421625
vn 0.631006 0.651202 -0.421625
vn -0.000001 1.000000 0.000000
vn -0.000001 1.000000 0.000000
vn -0.000001 1.000000 0.000000
vn 0.502967 -0.796291 -0.336072
vn 0.502967 -0.796291 -0.336072
vn 0.502967 -0.796291 -0.336072
vn 0.502968 -0.796291 -0.336072
vn 0.502968 -0.796291 -0.336072
vn 0.502968 -0.796291 -0.336072
vn 0.805601 0.247499 -0.538285
vn 0.805601 0.247499 -0.538285
vn 0.805601 0.247499 -0.538285
vn 0.805602 0.247499 -0.538285
vn 0.805602 0.247499 -0.538285
vn 0.805602 0.247499 -0.538285
vn 0.000002 1.000000 0.000000
vn 0.000002 1.000000 0.000000
vn 0.000002 1.000000 0.000000
vn 0.744324 0.651201 -0.148053
vn 0.744324 0.651201 -0.148053
vn 0.744324 0.651201 -0.148053
vn 0.744323 0.651202 -0.148055
vn 0.744323 0.651202 -0.148055
vn 0.744323 0.651202 -0.148055
vn -0.000000 1.000000 0.000000
vn -0.000000 1.000000 0.000000
vn -0.000000 1.000000 0.000000
vn 0.593291 -0.796291 -0.118012
vn 0.593291 -0.796291 -0.118012
vn 0.593291 -0.796291 -0.118012
vn 0.593290 -0.796292 -0.118012
vn 0.593290 -0.796292 -0.118012
vn 0.593290 -0.796292 -0.118012
vn 0.950271 0.247499 -0.189021
vn 0.950271 0.247499 -0.189021
vn 0.950271 0.247499 -0.189021
vn 0.950272 0.247498 -0.189019
vn 0.950272 0.247498 -0.189019
vn 0.950272 0.247498 -0.189019
vn 0.000001 1.000000 0.000000
vn 0.000001 1.000000 0.000000
vn 0.000001 1.000000 0.000000
vn 0.950272 -0.247498 -0.189020
vn 0.950272 -0.247498 -0.189020
vn 0.950272 -0.247498 -0.189020
vn 0.950272 -0.247497 -0.189019
vn 0.950272 -0.247497 -0.189019
vn 0.950272 -0.247497 -0.189019
vn 0.593291 -0.796290 0.118013
vn 0.593291 -0.796290 0.118013
vn 0.593291 -0.796290 0.118013
vn 0.593290 -0.796291 0.118013
vn 0.593290 -0.796291 0.118013
vn 0.593290 -0.796291 0.118013
vn 0.950271 0.247498 0.189021
vn 0.950271 0.247498 0.189021
vn 0.950271 0.247498 0.189021
vn 0.950271 0.247499 0.189021
vn 0.950271 0.247499 0.189021
vn 0.950271 0.247499 0.189021
vn -0.000000 1.000000 0.000000
vn -0.000000 1.000000 0.000000
vn -0.000000 1.000000 0.000000
vn 0.950272 -0.247498 0.189021
vn 0.950272 -0.247498 0.189021
vn 0.950272 -0.247498 0.189021
vn 0.950271 -0.247499 0.189021
vn 0.950271 -0.247499 0.189021
vn 0.950271 -0.247499 0.189021
vn 0.744322 0.651202 0.148056
vn 0.744322 0.651202 0.148056
vn 0.744322 0.651202 0.148056
vn 0.744322 0.651202 0.148055
vn 0.744322 0.651202 0.148055
vn 0.744322 0.651202 0.148055
vn -0.000000 1.000000 0.000000
vn -0.000000 1.000000 0.000000
vn -0.000000 1.000000 0.000000
vn 0.000016 1.000000 0.000000
vn 0.000016 1.000000 0.000000
vn 0.000016 1.000000 0.000000
vn 0.805600 -0.247498 0.538287
vn 0.805600 -0.247498 0.538287
vn 0.805600 -0.247498 0.538287
vn 0.805602 -0.247496 0.538285
vn 0.805602 -0.247496 0.538285
vn 0.805602 -0.247496 0.538285
vn 0.631007 0.651201 0.421624
vn 0.631007 0.651201 0.421624
vn 0.631007 0.651201 0.421624
vn 0.631006 0.651202 0.421624
vn 0.631006 0.651202 0.421624
vn 0.631006 0.651202 0.421624
vn -0.000005 1.000000 0.000000
vn -0.000005 1.000000 0.000000
vn -0.000005 1.000000 0.000000
vn 0.502967 -0.796291 0.336072
vn 0.502967 -0.796291 0.336072
vn 0.502967 -0.796291 0.336072
vn 0.502969 -0.796290 0.336072
vn 0.502969 -0.796290 0.336072
vn 0.502969 -0.796290 0.336072
vn 0.805601 0.247498 0.538286
vn 0.805601 0.247498 0.538286
vn 0.805601 0.247498 0.538286
vn 0.805602 0.247496 0.538286
vn 0.805602 0.247496 0.538286
vn 0.805602 0.247496 0.538286
vn 0.538285 -0.247497 0.805602
vn 0.538285 -0.247497 0.805602
vn 0.538285 -0.247497 0.805602
vn 0.538284 -0.247498 0.805602
vn 0.538284 -0.247498 0.805602
vn 0.538284 -0.247498 0.805602
vn 0.421624 0.651202 0.631006
vn 0.421624 0.651202 0.631006
vn 0.421624 0.651202 0.631006
vn 0.421623 0.651202 0.631007
vn 0.421623 0.651202 0.631007
vn 0.421623 0.651202 0.631007
vn -0.000000 1.000000 0.000000
vn -0.000000 1.000000 0.000000
vn -0.000000 1.000000 0.000000
vn 0.336071 -0.796291 0.502968
vn 0.336071 -0.796291 0.502968
vn 0.336071 -0.796291 0.502968
vn 0.336072 -0.796291 0.502968
vn 0.336072 -0.796291 0.502968
vn 0.336072 -0.796291 0.502968
vn 0.538284 0.247497 0.805603
vn 0.538284 0.247497 0.805603
vn 0.538284 0.247497 0.805603
vn 0.538286 0.247498 0.805601
vn 0.538286 0.247498 0.805601
vn 0.538286 0.247498 0.805601
vn 0.000001 1.000000 0.000000
vn 0.000001 1.000000 0.000000
vn 0.000001 1.000000 0.000000
vn -0.000005 1.000000 0.000000
vn -0.000005 1.000000 0.000000
vn -0.000005 1.000000 0.000000
vn 0.118014 -0.796291 0.593290
vn 0.118014 -0.796291 0.593290
vn 0.118014 -0.796291 0.593290
vn 0.118012 -0.796291 0.593290
vn 0.118012 -0.796291 0.593290
vn 0.118012 -0.796291 0.593290
vn 0.189021 0.247497 0.950272
vn 0.189021 0.247497 0.950272
vn 0.189021 0.247497 0.950272
vn 0.189021 0.247498 0.950271
vn 0.189021 0.247498 0.950271
vn 0.189021 0.247498 0.950271
vn -0.000000 1.000000 0.000000
vn -0.000000 1.000000 0.000000
vn -0.000000 1.000000 0.000000
vn 0.189021 -0.247498 0.950271
vn 0.189021 -0.247498 0.950271
vn 0.189021 -0.247498 0.950271
vn 0.189021 -0.247497 0.950272
vn 0.189021 -0.247497 0.950272
vn 0.189021 -0.247497 0.950272
vn 0.148056 0.651202 0.744322
vn 0.148056 0.651202 0.744322
vn 0.148056 0.651202 0.744322
vn 0.148054 0.651202 0.744323
vn 0.148054 0.651202 0.744323
vn 0.148054 0.651202 0.744323
vn -0.000000 -1.000000 0.000000
vn -0.000000 -1.000000 0.000000
vn -0.000000 -1.000000 0.000000
vn 0.000002 -1.000000 0.000000
vn 0.000002 -1.000000 0.000000
vn 0.000002 -1.000000 0.000000
vn 0.000001 -1.000000 0.000000
vn 0.000001 -1.000000 0.000000
vn 0.000001 -1.000000 0.000000
vn 0.000001 -1.000000 0.000000
vn 0.000001 -1.000000 0.000000
vn 0.000001 -1.000000 0.000000
vn -0.000015 -1.000000 0.000000
vn -0.000015 -1.000000 0.000000
vn -0.000015 -1.000000 0.000000
vn -0.000000 -1.000000 0.000000
vn -0.000000 -1.000000 0.000000
vn -0.000000 -1.000000 0.000000
vn 0.000001 -1.000000 0.000000
vn 0.000001 -1.000000 0.000000
vn 0.000001 -1.000000 0.000000
vn 0.000003 -1.000000 0.000000
vn 0.000003 -1.000000 0.000000
vn 0.000003 -1.000000 0.000000
vn -0.000015 -1.000000 0.000000
vn -0.000015 -1.000000 0.000000
vn -0.000015 -1.000000 0.000000
vn 0.000003 -1.000000 0.000000
vn 0.000003 -1.000000 0.000000
vn 0.000003 -1.000000 0.000000
vn 0.000001 -1.000000 0.000000
vn 0.000001 -1.000000 0.000000
vn 0.000001 -1.000000 0.000000
vn -0.000004 -1.000000 0.000000
vn -0.000004 -1.000000 0.000000
vn -0.000004 -1.000000 0.000000
vn -0.000000 -1.000000 0.000000
vn -0.000000 -1.000000 0.000000
vn -0.000000 -1.000000 0.000000
vn 0.000000 -1.000000 0.000000
vn 0.000000 -1.000000 0.000000
vn 0.000000 -1.000000 0.000000
vn -0.382683 0.000000 0.923880
vn -0.382683 0.000000 0.923880
vn -0.382683 0.000000 0.923880
vn -0.382683 0.000000 0.923880
vn -0.382683 0.000000 0.923880
vn -0.382683 0.000000 0.923880
vn -0.923880 0.000000 0.382681
vn -0.923880 0.000000 0.382681
vn -0.923880 0.000000 0.382681
vn -0.923880 0.000000 0.382681
vn -0.923880 0.000000 0.382681
vn -0.923880 0.000000 0.382681
vn -0.923879 0.000000 -0.382684
vn -0.923879 0.000000 -0.382684
vn -0.923879 0.000000 -0.382684
vn -0.923882 0.000000 -0.382678
vn -0.923882 0.000000 -0.382678
vn -0.923882 0.000000 -0.382678
vn -0.382683 0.000000 -0.923880
vn -0.382683 0.000000 -0.923880
vn -0.382683 0.000000 -0.923880
vn -0.382685 0.000000 -0.923879
vn -0.382685 0.000000 -0.923879
vn -0.382685 0.000000 -0.923879
vn 0.382683 -0.000000 -0.923880
vn 0.382683 -0.000000 -0.923880
vn 0.382683 -0.000000 -0.923880
vn 0.382683 -0.000000 -0.923880
vn 0.382683 -0.000000 -0.923880
vn 0.382683 -0.000000 -0.923880
vn 0.923880 -0.000000 -0.382681
vn 0.923880 -0.000000 -0.382681
vn 0.923880 -0.000000 -0.382681
vn 0.923879 0.000000 -0.382684
vn 0.923879 0.000000 -0.382684
vn 0.923879 0.000000 -0.382684
vn 0.923880 0.000000 0.382681
vn 0.923880 0.000000 0.382681
vn 0.923880 0.000000 0.382681
vn 0.923879 -0.000000 0.382684
vn 0.923879 -0.000000 0.382684
vn 0.923879 -0.000000 0.382684
vn 0.382682 -0.000000 0.923880
vn 0.382682 -0.000000 0.923880
vn 0.382682 -0.000000 0.923880
vn 0.382682 -0.000000 0.923880
vn 0.382682 -0.000000 0.923880
vn 0.382682 -0.000000 0.923880
vn 0.365407 -0.297064 0.882174
vn 0.365407 -0.297064 0.882174
vn 0.365407 -0.297064 0.882174
vn 0.365408 -0.297066 0.882173
vn 0.365408 -0.297066 0.882173
vn 0.365408 -0.297066 0.882173
vn 0.365409 -0.297066 -0.882172
vn 0.365409 -0.297066 -0.882172
vn 0.365409 -0.297066 -0.882172
vn 0.365408 -0.297065 -0.882173
vn 0.365408 -0.297065 -0.882173
vn 0.365408 -0.297065 -0.882173
vn -0.882174 -0.297065 0.365405
vn -0.882174 -0.297065 0.365405
vn -0.882174 -0.297065 0.365405
vn -0.882174 -0.297065 0.365406
vn -0.882174 -0.297065 0.365406
vn -0.882174 -0.297065 0.365406
vn 0.882173 -0.297065 0.365409
vn 0.882173 -0.297065 0.365409
vn 0.882173 -0.297065 0.365409
vn 0.882174 -0.297064 0.365407
vn 0.882174 -0.297064 0.365407
vn 0.882174 -0.297064 0.365407
vn -0.365407 -0.297064 -0.882174
vn -0.365407 -0.297064 -0.882174
vn -0.365407 -0.297064 -0.882174
vn -0.365410 -0.297067 -0.882172
vn -0.365410 -0.297067 -0.882172
vn -0.365410 -0.297067 -0.882172
vn 0.882173 -0.297064 -0.365409
vn 0.882173 -0.297064 -0.365409
vn 0.882173 -0.297064 -0.365409
vn 0.882174 -0.297065 -0.365406
vn 0.882174 -0.297065 -0.365406
vn 0.882174 -0.297065 -0.365406
vn 0.923880 0.000000 -0.382682
vn 0.923880 0.000000 -0.382682
vn 0.923880 0.000000 -0.382682
vn 0.923881 0.000000 -0.382681
vn 0.923881 0.000000 -0.382681
vn 0.923881 0.000000 -0.382681
vn 0.382682 0.000000 0.923880
vn 0.382682 0.000000 0.923880
vn 0.382682 0.000000 0.923880
vn 0.382684 0.000000 0.923879
vn 0.382684 0.000000 0.923879
vn 0.382684 0.000000 0.923879
vn -0.382682 0.000000 0.923880
vn -0.382682 0.000000 0.923880
vn -0.382682 0.000000 0.923880
vn -0.382683 0.000000 0.923880
vn -0.382683 0.000000 0.923880
vn -0.382683 0.000000 0.923880
vn -0.923879 0.000000 -0.382684
vn -0.923879 0.000000 -0.382684
vn -0.923879 0.000000 -0.382684
vn -0.923879 0.000000 -0.382684
vn -0.923879 0.000000 -0.382684
vn -0.923879 0.000000 -0.382684
vn 0.382685 0.000000 -0.923879
vn 0.382685 0.000000 -0.923879
vn 0.382685 0.000000 -0.923879
vn 0.382683 0.000000 -0.923880
vn 0.382683 0.000000 -0.923880
vn 0.382683 0.000000 -0.923880
vn 0.923881 0.000000 0.382680
vn 0.923881 0.000000 0.382680
vn 0.923881 0.000000 0.382680
vn 0.923880 0.000000 0.382682
vn 0.923880 0.000000 0.382682
vn 0.923880 0.000000 0.382682
vn -0.365409 -0.297066 0.882172
vn -0.365409 -0.297066 0.882172
vn -0.365409 -0.297066 0.882172
vn -0.365407 -0.297065 0.882174
vn -0.365407 -0.297065 0.882174
vn -0.365407 -0.297065 0.882174
vn -0.882174 -0.297066 -0.365406
vn -0.882174 -0.297066 -0.365406
vn -0.882174 -0.297066 -0.365406
vn -0.882174 -0.297064 -0.365406
vn -0.882174 -0.297064 -0.365406
vn -0.882174 -0.297064 -0.365406
vn -0.776395 0.542022 -0.321594
vn -0.776395 0.542022 -0.321594
vn -0.776395 0.542022 -0.321594
vn -0.776394 0.542023 -0.321594
vn -0.776394 0.542023 -0.321594
vn -0.776394 0.542023 -0.321594
vn 0.321593 0.542023 -0.776395
vn 0.321593 0.542023 -0.776395
vn 0.321593 0.542023 -0.776395
vn 0.321593 0.542021 -0.776396
vn 0.321593 0.542021 -0.776396
vn 0.321593 0.542021 -0.776396
vn 0.776394 0.542024 0.321592
vn 0.776394 0.542024 0.321592
vn 0.776394 0.542024 0.321592
vn 0.776397 0.542021 0.321589
vn 0.776397 0.542021 0.321589
vn 0.776397 0.542021 0.321589
vn -0.776396 0.542022 0.321593
vn -0.776396 0.542022 0.321593
vn -0.776396 0.542022 0.321593
vn -0.776396 0.542022 0.321593
vn -0.776396 0.542022 0.321593
vn -0.776396 0.542022 0.321593
vn -0.321594 0.542022 -0.776395
vn -0.321594 0.542022 -0.776395
vn -0.321594 0.542022 -0.776395
vn -0.321592 0.542024 -0.776395
vn -0.321592 0.542024 -0.776395
vn -0.321592 0.542024 -0.776395
vn 0.776395 0.542024 -0.321592
vn 0.776395 0.542024 -0.321592
vn 0.776395 0.542024 -0.321592
vn 0.776396 0.542023 -0.321590
vn 0.776396 0.542023 -0.321590
vn 0.776396 0.542023 -0.321590
vn -0.382684 0.000000 -0.923879
vn -0.382684 0.000000 -0.923879
vn -0.382684 0.000000 -0.923879
vn -0.382683 0.000000 -0.923880
vn -0.382683 0.000000 -0.923880
vn -0.382683 0.000000 -0.923880
vn -0.923879 0.000000 0.382684
vn -0.923879 0.000000 0.382684
vn -0.923879 0.000000 0.382684
vn -0.923879 0.000000 0.382684
vn -0.923879 0.000000 0.382684
vn -0.923879 0.000000 0.382684
vn 0.577313 0.780722 0.239127
vn 0.577313 0.780722 0.239127
vn 0.577313 0.780722 0.239127
vn -0.577313 0.780721 0.239133
vn -0.577313 0.780721 0.239133
vn -0.577313 0.780721 0.239133
vn -0.239127 0.780722 -0.577313
vn -0.239127 0.780722 -0.577313
vn -0.239127 0.780722 -0.577313
vn 0.577314 0.780722 -0.239127
vn 0.577314 0.780722 -0.239127
vn 0.577314 0.780722 -0.239127
vn 0.239129 0.780719 0.577316
vn 0.239129 0.780719 0.577316
vn 0.239129 0.780719 0.577316
vn -0.239130 0.780722 0.577313
vn -0.239130 0.780722 0.577313
vn -0.239130 0.780722 0.577313
vn -0.321592 0.542024 0.776394
vn -0.321592 0.542024 0.776394
vn -0.321592 0.542024 0.776394
vn -0.321591 0.542022 0.776397
vn -0.321591 0.542022 0.776397
vn -0.321591 0.542022 0.776397
vn 0.321592 0.542023 0.776396
vn 0.321592 0.542023 0.776396
vn 0.321592 0.542023 0.776396
vn 0.321591 0.542023 0.776396
vn 0.321591 0.542023 0.776396
vn 0.321591 0.542023 0.776396
vn 0.239127 0.780720 -0.577317
vn 0.239127 0.780720 -0.577317
vn 0.239127 0.780720 -0.577317
vn -0.577314 0.780720 -0.239133
vn -0.577314 0.780720 -0.239133
vn -0.577314 0.780720 -0.239133
vn -0.000002 1.000000 0.000000
vn -0.000002 1.000000 0.000000
vn -0.000002 1.000000 0.000000
vn -0.000000 1.000000 0.000000
vn -0.000000 1.000000 0.000000
vn -0.000000 1.000000 0.000000
vn 0.000002 1.000000 0.000000
vn 0.000002 1.000000 0.000000
vn 0.000002 1.000000 0.000000
vn -0.000000 1.000000 0.000000
vn -0.000000 1.000000 0.000000
vn -0.000000 1.000000 0.000000
vn -0.000000 1.000000 0.000000
vn -0.000000 1.000000 0.000000
vn -0.000000 1.000000 0.000000
vn -0.000001 1.000000 0.000001
vn -0.000001 1.000000 0.000001
vn -0.000001 1.000000 0.000001
vn -0.000000 1.000000 -0.000014
vn -0.000000 1.000000 -0.000014
vn -0.000000 1.000000 -0.000014
vn -0.000000 1.000000 -0.000002
vn -0.000000 1.000000 -0.000002
vn -0.000000 1.000000 -0.000002
vn -0.000000 1.000000 0.000014
vn -0.000000 1.000000 0.000014
vn -0.000000 1.000000 0.000014
vn 0.000001 1.000000 -0.000001
vn 0.000001 1.000000 -0.000001
vn 0.000001 1.000000 -0.000001
vn 0.000001 1.000000 0.000001
vn 0.000001 1.000000 0.000001
vn 0.000001 1.000000 0.000001
vn -0.000000 1.000000 0.000002
vn -0.000000 1.000000 0.000002
vn -0.000000 1.000000 0.000002
vn -0.000000 1.000000 0.000000
vn -0.000000 1.000000 0.000000
vn -0.000000 1.000000 0.000000
vn 0.000000 1.000000 0.000000
vn 0.000000 1.000000 0.000000
vn 0.000000 1.000000 0.000000
vn -0.000004 1.000000 0.000000
vn -0.000004 1.000000 0.000000
vn -0.000004 1.000000 0.000000
vn -0.000001 1.000000 -0.000001
vn -0.000001 1.000000 -0.000001
vn -0.000001 1.000000 -0.000001
vn 0.608762 -0.000000 0.793353
vn 0.608762 -0.000000 0.793353
vn 0.608762 -0.000000 0.793353
vn 0.608761 0.000000 0.793354
vn 0.608761 0.000000 0.793354
vn 0.608761 0.000000 0.793354
vn -0.130526 0.000000 0.991445
vn -0.130526 0.000000 0.991445
vn -0.130526 0.000000 0.991445
vn -0.130526 0.000000 0.991445
vn -0.130526 0.000000 0.991445
vn -0.130526 0.000000 0.991445
vn -0.793353 0.000000 0.608762
vn -0.793353 0.000000 0.608762
vn -0.793353 0.000000 0.608762
vn -0.793352 0.000000 0.608763
vn -0.793352 0.000000 0.608763
vn -0.793352 0.000000 0.608763
vn -0.991445 0.000000 -0.130526
vn -0.991445 0.000000 -0.130526
vn -0.991445 0.000000 -0.130526
vn -0.991445 0.000000 -0.130524
vn -0.991445 0.000000 -0.130524
vn -0.991445 0.000000 -0.130524
vn -0.608761 0.000000 -0.793354
vn -0.608761 0.000000 -0.793354
vn -0.608761 0.000000 -0.793354
vn -0.608761 0.000000 -0.793354
vn -0.608761 0.000000 -0.793354
vn -0.608761 0.000000 -0.793354
vn 0.130528 -0.000001 -0.991445
vn 0.130528 -0.000001 -0.991445
vn 0.130528 -0.000001 -0.991445
vn 0.130524 0.000000 -0.991445
vn 0.130524 0.000000 -0.991445
vn 0.130524 0.000000 -0.991445
vn 0.793352 0.000000 -0.608764
vn 0.793352 0.000000 -0.608764
vn 0.793352 0.000000 -0.608764
vn 0.793355 0.000000 -0.608760
vn 0.793355 0.000000 -0.608760
vn 0.793355 0.000000 -0.608760
vn 0.991445 -0.000000 0.130526
vn 0.991445 -0.000000 0.130526
vn 0.991445 -0.000000 0.130526
vn 0.991445 -0.000000 0.130526
vn 0.991445 -0.000000 0.130526
vn 0.991445 -0.000000 0.130526
vn 0.946688 -0.297066 0.124633
vn 0.946688 -0.297066 0.124633
vn 0.946688 -0.297066 0.124633
vn 0.946688 -0.297065 0.124634
vn 0.946688 -0.297065 0.124634
vn 0.946688 -0.297065 0.124634
vn -0.581279 -0.297069 -0.757539
vn -0.581279 -0.297069 -0.757539
vn -0.581279 -0.297069 -0.757539
vn -0.581281 -0.297064 -0.757539
vn -0.581281 -0.297064 -0.757539
vn -0.581281 -0.297064 -0.757539
vn -0.124634 -0.297063 0.946689
vn -0.124634 -0.297063 0.946689
vn -0.124634 -0.297063 0.946689
vn -0.124634 -0.297065 0.946688
vn -0.124634 -0.297065 0.946688
vn -0.124634 -0.297065 0.946688
vn 0.757538 -0.297066 -0.581281
vn 0.757538 -0.297066 -0.581281
vn 0.757538 -0.297066 -0.581281
vn 0.757538 -0.297065 -0.581281
vn 0.757538 -0.297065 -0.581281
vn 0.757538 -0.297065 -0.581281
vn -0.946689 -0.297064 -0.124633
vn -0.946689 -0.297064 -0.124633
vn -0.946689 -0.297064 -0.124633
vn -0.946688 -0.297066 -0.124635
vn -0.946688 -0.297066 -0.124635
vn -0.946688 -0.297066 -0.124635
vn 0.124636 -0.297066 -0.946688
vn 0.124636 -0.297066 -0.946688
vn 0.124636 -0.297066 -0.946688
vn 0.124636 -0.297065 -0.946688
vn 0.124636 -0.297065 -0.946688
vn 0.124636 -0.297065 -0.946688
vn 0.130529 0.000000 -0.991444
vn 0.130529 0.000000 -0.991444
vn 0.130529 0.000000 -0.991444
vn 0.130529 0.000000 -0.991444
vn 0.130529 0.000000 -0.991444
vn 0.130529 0.000000 -0.991444
vn 0.991445 0.000000 0.130527
vn 0.991445 0.000000 0.130527
vn 0.991445 0.000000 0.130527
vn 0.991445 0.000000 0.130527
vn 0.991445 0.000000 0.130527
vn 0.991445 0.000000 0.130527
vn 0.608762 0.000000 0.793353
vn 0.608762 0.000000 0.793353
vn 0.608762 0.000000 0.793353
vn 0.608761 0.000000 0.793353
vn 0.608761 0.000000 0.793353
vn 0.608761 0.000000 0.793353
vn -0.793353 0.000000 0.608762
vn -0.793353 0.000000 0.608762
vn -0.793353 0.000000 0.608762
vn -0.793354 0.000000 0.608761
vn -0.793354 0.000000 0.608761
vn -0.793354 0.000000 0.608761
vn -0.608761 0.000000 -0.793354
vn -0.608761 0.000000 -0.793354
vn -0.608761 0.000000 -0.793354
vn -0.608763 0.000000 -0.793353
vn -0.608763 0.000000 -0.793353
vn -0.608763 0.000000 -0.793353
vn 0.793352 0.000000 -0.608763
vn 0.793352 0.000000 -0.608763
vn 0.793352 0.000000 -0.608763
vn 0.793352 0.000000 -0.608763
vn 0.793352 0.000000 -0.608763
vn 0.793352 0.000000 -0.608763
vn 0.581280 -0.297064 0.757540
vn 0.581280 -0.297064 0.757540
vn 0.581280 -0.297064 0.757540
vn 0.581280 -0.297064 0.757540
vn 0.581280 -0.297064 0.757540
vn 0.581280 -0.297064 0.757540
vn -0.757537 -0.297066 0.581282
vn -0.757537 -0.297066 0.581282
vn -0.757537 -0.297066 0.581282
vn -0.757540 -0.297064 0.581280
vn -0.757540 -0.297064 0.581280
vn -0.757540 -0.297064 0.581280
vn -0.666705 0.542022 0.511582
vn -0.666705 0.542022 0.511582
vn -0.666705 0.542022 0.511582
vn -0.666706 0.542023 0.511580
vn -0.666706 0.542023 0.511580
vn -0.666706 0.542023 0.511580
vn -0.511582 0.542024 -0.666704
vn -0.511582 0.542024 -0.666704
vn -0.511582 0.542024 -0.666704
vn -0.511580 0.542024 -0.666705
vn -0.511580 0.542024 -0.666705
vn -0.511580 0.542024 -0.666705
vn 0.666703 0.542024 -0.511582
vn 0.666703 0.542024 -0.511582
vn 0.666703 0.542024 -0.511582
vn 0.666704 0.542023 -0.511583
vn 0.666704 0.542023 -0.511583
vn 0.666704 0.542023 -0.511583
vn -0.109689 0.542024 0.833174
vn -0.109689 0.542024 0.833174
vn -0.109689 0.542024 0.833174
vn -0.109690 0.542019 0.833177
vn -0.109690 0.542019 0.833177
vn -0.109690 0.542019 0.833177
vn -0.833175 0.542022 -0.109689
vn -0.833175 0.542022 -0.109689
vn -0.833175 0.542022 -0.109689
vn -0.833173 0.542024 -0.109693
vn -0.833173 0.542024 -0.109693
vn -0.833173 0.542024 -0.109693
vn 0.109691 0.542023 -0.833174
vn 0.109691 0.542023 -0.833174
vn 0.109691 0.542023 -0.833174
vn 0.109692 0.542025 -0.833172
vn 0.109692 0.542025 -0.833172
vn 0.109692 0.542025 -0.833172
vn -0.991445 0.000000 -0.130527
vn -0.991445 0.000000 -0.130527
vn -0.991445 0.000000 -0.130527
vn -0.991445 0.000000 -0.130525
vn -0.991445 0.000000 -0.130525
vn -0.991445 0.000000 -0.130525
vn -0.130526 0.000000 0.991445
vn -0.130526 0.000000 0.991445
vn -0.130526 0.000000 0.991445
vn -0.130526 0.000000 0.991445
vn -0.130526 0.000000 0.991445
vn -0.130526 0.000000 0.991445
vn 0.495748 0.780722 -0.380404
vn 0.495748 0.780722 -0.380404
vn 0.495748 0.780722 -0.380404
vn -0.081563 0.780721 0.619533
vn -0.081563 0.780721 0.619533
vn -0.081563 0.780721 0.619533
vn -0.619533 0.780721 -0.081565
vn -0.619533 0.780721 -0.081565
vn -0.619533 0.780721 -0.081565
vn 0.081565 0.780722 -0.619532
vn 0.081565 0.780722 -0.619532
vn 0.081565 0.780722 -0.619532
vn 0.619535 0.780720 0.081566
vn 0.619535 0.780720 0.081566
vn 0.619535 0.780720 0.081566
vn 0.380404 0.780722 0.495748
vn 0.380404 0.780722 0.495748
vn 0.380404 0.780722 0.495748
vn 0.511581 0.542022 0.666705
vn 0.511581 0.542022 0.666705
vn 0.511581 0.542022 0.666705
vn 0.511583 0.542023 0.666704
vn 0.511583 0.542023 0.666704
vn 0.511583 0.542023 0.666704
vn 0.833174 0.542022 0.109691
vn 0.833174 0.542022 0.109691
vn 0.833174 0.542022 0.109691
vn 0.833173 0.542026 0.109690
vn 0.833173 0.542026 0.109690
vn 0.833173 0.542026 0.109690
vn -0.380404 0.780720 -0.495751
vn -0.380404 0.780720 -0.495751
vn -0.380404 0.780720 -0.495751
vn -0.495749 0.780723 0.380401
vn -0.495749 0.780723 0.380401
vn -0.495749 0.780723 0.380401
vn 0.000003 1.000000 0.000000
vn 0.000003 1.000000 0.000000
vn 0.000003 1.000000 0.000000
vn -0.000003 1.000000 0.000000
vn -0.000003 1.000000 0.000000
vn -0.000003 1.000000 0.000000
vn -0.000000 1.000000 0.000000
vn -0.000000 1.000000 0.000000
vn -0.000000 1.000000 0.000000
vn -0.000000 1.000000 0.000000
vn -0.000000 1.000000 0.000000
vn -0.000000 1.000000 0.000000
vn -0.000004 1.000000 0.000000
vn -0.000004 1.000000 0.000000
vn -0.000004 1.000000 0.000000
vn -0.000000 1.000000 0.000001
vn -0.000000 1.000000 0.000001
vn -0.000000 1.000000 0.000001
vn -0.000040 1.000000 -0.000007
vn -0.000040 1.000000 -0.000007
vn -0.000040 1.000000 -0.000007
vn -0.000005 1.000000 -0.000001
vn -0.000005 1.000000 -0.000001
vn -0.000005 1.000000 -0.000001
vn 0.000040 1.000000 0.000007
vn 0.000040 1.000000 0.000007
vn 0.000040 1.000000 0.000007
vn -0.000000 1.000000 -0.000001
vn -0.000000 1.000000 -0.000001
vn -0.000000 1.000000 -0.000001
vn 0.000003 1.000000 -0.000000
vn 0.000003 1.000000 -0.000000
vn 0.000003 1.000000 -0.000000
vn 0.000005 1.000000 0.000001
vn 0.000005 1.000000 0.000001
vn 0.000005 1.000000 0.000001
vn 0.000004 1.000000 0.000000
vn 0.000004 1.000000 0.000000
vn 0.000004 1.000000 0.000000
vn -0.000000 1.000000 0.000000
vn -0.000000 1.000000 0.000000
vn -0.000000 1.000000 0.000000
vn -0.000000 1.000000 0.000000
vn -0.000000 1.000000 0.000000
vn -0.000000 1.000000 0.000000
vn -0.000003 1.000000 0.000000
vn -0.000003 1.000000 0.000000
vn -0.000003 1.000000 0.000000
vn 0.991444 0.000000 -0.130530
vn 0.991444 0.000000 -0.130530
vn 0.991444 0.000000 -0.130530
vn 0.991445 0.000000 -0.130528
vn 0.991445 0.000000 -0.130528
vn 0.991445 0.000000 -0.130528
vn 0.793352 0.000000 0.608763
vn 0.793352 0.000000 0.608763
vn 0.793352 0.000000 0.608763
vn 0.793353 0.000000 0.608762
vn 0.793353 0.000000 0.608762
vn 0.793353 0.000000 0.608762
vn 0.130524 0.000000 0.991445
vn 0.130524 0.000000 0.991445
vn 0.130524 0.000000 0.991445
vn 0.130525 0.000000 0.991445
vn 0.130525 0.000000 0.991445
vn 0.130525 0.000000 0.991445
vn -0.608760 0.000000 0.793355
vn -0.608760 0.000000 0.793355
vn -0.608760 0.000000 0.793355
vn -0.608760 0.000000 0.793354
vn -0.608760 0.000000 0.793354
vn -0.608760 0.000000 0.793354
vn -0.991445 -0.000000 0.130524
vn -0.991445 -0.000000 0.130524
vn -0.991445 -0.000000 0.130524
vn -0.991445 -0.000000 0.130524
vn -0.991445 -0.000000 0.130524
vn -0.991445 -0.000000 0.130524
vn -0.793353 -0.000000 -0.608761
vn -0.793353 -0.000000 -0.608761
vn -0.793353 -0.000000 -0.608761
vn -0.793355 0.000000 -0.608760
vn -0.793355 0.000000 -0.608760
vn -0.793355 0.000000 -0.608760
vn -0.130528 0.000000 -0.991445
vn -0.130528 0.000000 -0.991445
vn -0.130528 0.000000 -0.991445
vn -0.130526 0.000000 -0.991445
vn -0.130526 0.000000 -0.991445
vn -0.130526 0.000000 -0.991445
vn 0.608763 -0.000000 -0.793352
vn 0.608763 -0.000000 -0.793352
vn 0.608763 -0.000000 -0.793352
vn 0.608761 -0.000000 -0.793353
vn 0.608761 -0.000000 -0.793353
vn 0.608761 -0.000000 -0.793353
vn 0.581281 -0.297066 -0.757538
vn 0.581281 -0.297066 -0.757538
vn 0.581281 -0.297066 -0.757538
vn 0.581280 -0.297064 -0.757539
vn 0.581280 -0.297064 -0.757539
vn 0.581280 -0.297064 -0.757539
vn -0.946689 -0.297064 0.124633
vn -0.946689 -0.297064 0.124633
vn -0.946689 -0.297064 0.124633
vn -0.946688 -0.297066 0.124634
vn -0.946688 -0.297066 0.124634
vn -0.946688 -0.297066 0.124634
vn 0.757538 -0.297063 0.581284
vn 0.757538 -0.297063 0.581284
vn 0.757538 -0.297063 0.581284
vn 0.757539 -0.297064 0.581280
vn 0.757539 -0.297064 0.581280
vn 0.757539 -0.297064 0.581280
vn -0.124636 -0.297064 -0.946688
vn -0.124636 -0.297064 -0.946688
vn -0.124636 -0.297064 -0.946688
vn -0.124638 -0.297065 -0.946688
vn -0.124638 -0.297065 -0.946688
vn -0.124638 -0.297065 -0.946688
vn -0.581279 -0.297064 0.757540
vn -0.581279 -0.297064 0.757540
vn -0.581279 -0.297064 0.757540
vn -0.581281 -0.297065 0.757539
vn -0.581281 -0.297065 0.757539
vn -0.581281 -0.297065 0.757539
vn -0.757538 -0.297065 -0.581282
vn -0.757538 -0.297065 -0.581282
vn -0.757538 -0.297065 -0.581282
vn -0.757538 -0.297063 -0.581283
vn -0.757538 -0.297063 -0.581283
vn -0.757538 -0.297063 -0.581283
vn -0.793351 0.000000 -0.608764
vn -0.793351 0.000000 -0.608764
vn -0.793351 0.000000 -0.608764
vn -0.793351 0.000000 -0.608764
vn -0.793351 0.000000 -0.608764
vn -0.793351 0.000000 -0.608764
vn 0.608762 0.000000 -0.793353
vn 0.608762 0.000000 -0.793353
vn 0.608762 0.000000 -0.793353
vn 0.608763 0.000000 -0.793353
vn 0.608763 0.000000 -0.793353
vn 0.608763 0.000000 -0.793353
vn 0.991445 0.000000 -0.130528
vn 0.991445 0.000000 -0.130528
vn 0.991445 0.000000 -0.130528
vn 0.991445 0.000000 -0.130527
vn 0.991445 0.000000 -0.130527
vn 0.991445 0.000000 -0.130527
vn 0.130528 0.000000 0.991445
vn 0.130528 0.000000 0.991445
vn 0.130528 0.000000 0.991445
vn 0.130527 0.000000 0.991445
vn 0.130527 0.000000 0.991445
vn 0.130527 0.000000 0.991445
vn -0.991445 0.000000 0.130526
vn -0.991445 0.000000 0.130526
vn -0.991445 0.000000 0.130526
vn -0.991445 0.000000 0.130527
vn -0.991445 0.000000 0.130527
vn -0.991445 0.000000 0.130527
vn -0.130530 0.000000 -0.991444
vn -0.130530 0.000000 -0.991444
vn -0.130530 0.000000 -0.991444
vn -0.130530 0.000000 -0.991444
vn -0.130530 0.000000 -0.991444
vn -0.130530 0.000000 -0.991444
vn 0.946689 -0.297065 -0.124633
vn 0.946689 -0.297065 -0.124633
vn 0.946689 -0.297065 -0.124633
vn 0.946688 -0.297064 -0.124637
vn 0.946688 -0.297064 -0.124637
vn 0.946688 -0.297064 -0.124637
vn 0.124632 -0.297063 0.946689
vn 0.124632 -0.297063 0.946689
vn 0.124632 -0.297063 0.946689
vn 0.124635 -0.297065 0.946688
vn 0.124635 -0.297065 0.946688
vn 0.124635 -0.297065 0.946688
vn 0.109691 0.542021 0.833175
vn 0.109691 0.542021 0.833175
vn 0.109691 0.542021 0.833175
vn 0.109692 0.542020 0.833176
vn 0.109692 0.542020 0.833176
vn 0.109692 0.542020 0.833176
vn -0.833174 0.542024 0.109690
vn -0.833174 0.542024 0.109690
vn -0.833174 0.542024 0.109690
vn -0.833174 0.542023 0.109692
vn -0.833174 0.542023 0.109692
vn -0.833174 0.542023 0.109692
vn -0.109693 0.542024 -0.833174
vn -0.109693 0.542024 -0.833174
vn -0.109693 0.542024 -0.833174
vn -0.109690 0.542026 -0.833173
vn -0.109690 0.542026 -0.833173
vn -0.109690 0.542026 -0.833173
vn 0.666705 0.542021 0.511583
vn 0.666705 0.542021 0.511583
vn 0.666705 0.542021 0.511583
vn 0.666706 0.542021 0.511582
vn 0.666706 0.542021 0.511582
vn 0.666706 0.542021 0.511582
vn -0.511581 0.542022 0.666706
vn -0.511581 0.542022 0.666706
vn -0.511581 0.542022 0.666706
vn -0.511582 0.542027 0.666701
vn -0.511582 0.542027 0.666701
vn -0.511582 0.542027 0.666701
vn -0.666703 0.542023 -0.511584
vn -0.666703 0.542023 -0.511584
vn -0.666703 0.542023 -0.511584
vn -0.666705 0.542022 -0.511583
vn -0.666705 0.542022 -0.511583
vn -0.666705 0.542022 -0.511583
vn -0.608761 0.000000 0.793354
vn -0.608761 0.000000 0.793354
vn -0.608761 0.000000 0.793354
vn -0.608761 0.000000 0.793353
vn -0.608761 0.000000 0.793353
vn -0.608761 0.000000 0.793353
vn 0.793354 0.000000 0.608761
vn 0.793354 0.000000 0.608761
vn 0.793354 0.000000 0.608761
vn 0.793353 0.000000 0.608762
vn 0.793353 0.000000 0.608762
vn 0.793353 0.000000 0.608762
vn -0.081564 0.780721 -0.619534
vn -0.081564 0.780721 -0.619534
vn -0.081564 0.780721 -0.619534
vn 0.495750 0.780721 0.380403
vn 0.495750 0.780721 0.380403
vn 0.495750 0.780721 0.380403
vn -0.380404 0.780721 0.495749
vn -0.380404 0.780721 0.495749
vn -0.380404 0.780721 0.495749
vn -0.495748 0.780723 -0.380402
vn -0.495748 0.780723 -0.380402
vn -0.495748 0.780723 -0.380402
vn 0.380405 0.780721 -0.495749
vn 0.380405 0.780721 -0.495749
vn 0.380405 0.780721 -0.495749
vn 0.619534 0.780721 -0.081567
vn 0.619534 0.780721 -0.081567
vn 0.619534 0.780721 -0.081567
vn 0.833173 0.542024 -0.109691
vn 0.833173 0.542024 -0.109691
vn 0.833173 0.542024 -0.109691
vn 0.833174 0.542022 -0.109693
vn 0.833174 0.542022 -0.109693
vn 0.833174 0.542022 -0.109693
vn 0.511582 0.542024 -0.666704
vn 0.511582 0.542024 -0.666704
vn 0.511582 0.542024 -0.666704
vn 0.511581 0.542022 -0.666706
vn 0.511581 0.542022 -0.666706
vn 0.511581 0.542022 -0.666706
vn -0.619532 0.780722 0.081565
vn -0.619532 0.780722 0.081565
vn -0.619532 0.780722 0.081565
vn 0.081565 0.780722 0.619532
vn 0.081565 0.780722 0.619532
vn 0.081565 0.780722 0.619532
vn -0.000000 1.000000 0.000000
vn -0.000000 1.000000 0.000000
vn -0.000000 1.000000 0.000000
vn -0.000000 1.000000 0.000000
vn -0.000000 1.000000 0.000000
vn -0.000000 1.000000 0.000000
vn -0.000003 1.000000 0.000000
vn -0.000003 1.000000 0.000000
vn -0.000003 1.000000 0.000000
vn -0.000000 1.000000 0.000000
vn -0.000000 1.000000 0.000000
vn -0.000000 1.000000 0.000000
vn -0.000000 1.000000 0.000000
vn -0.000000 1.000000 0.000000
vn -0.000000 1.000000 0.000000
vn 0.000003 1.000000 0.000000
vn 0.000003 1.000000 0.000000
vn 0.000003 1.000000 0.000000
vn -0.000040 1.000000 0.000007
vn -0.000040 1.000000 0.000007
vn -0.000040 1.000000 0.000007
vn -0.000006 1.000000 0.000001
vn -0.000006 1.000000 0.000001
vn -0.000006 1.000000 0.000001
vn 0.000040 1.000000 -0.000007
vn 0.000040 1.000000 -0.000007
vn 0.000040 1.000000 -0.000007
vn -0.000003 1.000000 -0.000000
vn -0.000003 1.000000 -0.000000
vn -0.000003 1.000000 -0.000000
vn 0.000003 1.000000 -0.000001
vn 0.000003 1.000000 -0.000001
vn 0.000003 1.000000 -0.000001
vn 0.000004 1.000000 -0.000001
vn 0.000004 1.000000 -0.000001
vn 0.000004 1.000000 -0.000001
vn -0.000000 1.000000 0.000000
vn -0.000000 1.000000 0.000000
vn -0.000000 1.000000 0.000000
vn 0.000003 1.000000 0.000000
vn 0.000003 1.000000 0.000000
vn 0.000003 1.000000 0.000000
vn -0.000000 1.000000 0.000000
vn -0.000000 1.000000 0.000000
vn -0.000000 1.000000 0.000000
vn -0.000000 1.000000 0.000001
vn -0.000000 1.000000 0.000001
vn -0.000000 1.000000 0.000001
vn 0.382682 0.000000 -0.923880
vn 0.382682 0.000000 -0.923880
vn 0.382682 0.000000 -0.923880
vn 0.382682 0.000000 -0.923880
vn 0.382682 0.000000 -0.923880
vn 0.382682 0.000000 -0.923880
vn 0.923881 0.000000 -0.382680
vn 0.923881 0.000000 -0.382680
vn 0.923881 0.000000 -0.382680
vn 0.923880 0.000000 -0.382683
vn 0.923880 0.000000 -0.382683
vn 0.923880 0.000000 -0.382683
vn 0.923878 0.000000 0.382688
vn 0.923878 0.000000 0.382688
vn 0.923878 0.000000 0.382688
vn 0.923881 0.000000 0.382679
vn 0.923881 0.000000 0.382679
vn 0.923881 0.000000 0.382679
vn 0.382685 0.000000 0.923879
vn 0.382685 0.000000 0.923879
vn 0.382685 0.000000 0.923879
vn 0.382685 0.000000 0.923879
vn 0.382685 0.000000 0.923879
vn 0.382685 0.000000 0.923879
vn -0.382688 -0.000000 0.923878
vn -0.382688 -0.000000 0.923878
vn -0.382688 -0.000000 0.923878
vn -0.382684 0.000000 0.923879
vn -0.382684 0.000000 0.923879
vn -0.382684 0.000000 0.923879
vn -0.923879 -0.000000 0.382685
vn -0.923879 -0.000000 0.382685
vn -0.923879 -0.000000 0.382685
vn -0.923879 0.000000 0.382684
vn -0.923879 0.000000 0.382684
vn -0.923879 0.000000 0.382684
vn -0.923882 0.000000 -0.382678
vn -0.923882 0.000000 -0.382678
vn -0.923882 0.000000 -0.382678
vn -0.923878 -0.000000 -0.382687
vn -0.923878 -0.000000 -0.382687
vn -0.923878 -0.000000 -0.382687
vn -0.382683 -0.000000 -0.923880
vn -0.382683 -0.000000 -0.923880
vn -0.382683 -0.000000 -0.923880
vn -0.382684 0.000000 -0.923879
vn -0.382684 0.000000 -0.923879
vn -0.382684 0.000000 -0.923879
vn -0.365408 -0.297065 -0.882173
vn -0.365408 -0.297065 -0.882173
vn -0.365408 -0.297065 -0.882173
vn -0.365408 -0.297066 -0.882173
vn -0.365408 -0.297066 -0.882173
vn -0.365408 -0.297066 -0.882173
vn -0.365412 -0.297065 0.882172
vn -0.365412 -0.297065 0.882172
vn -0.365412 -0.297065 0.882172
vn -0.365409 -0.297068 0.882172
vn -0.365409 -0.297068 0.882172
vn -0.365409 -0.297068 0.882172
vn 0.882175 -0.297065 -0.365404
vn 0.882175 -0.297065 -0.365404
vn 0.882175 -0.297065 -0.365404
vn 0.882172 -0.297065 -0.365412
vn 0.882172 -0.297065 -0.365412
vn 0.882172 -0.297065 -0.365412
vn -0.882176 -0.297064 -0.365402
vn -0.882176 -0.297064 -0.365402
vn -0.882176 -0.297064 -0.365402
vn -0.882174 -0.297064 -0.365406
vn -0.882174 -0.297064 -0.365406
vn -0.882174 -0.297064 -0.365406
vn 0.365411 -0.297067 0.882171
vn 0.365411 -0.297067 0.882171
vn 0.365411 -0.297067 0.882171
vn 0.365408 -0.297065 0.882173
vn 0.365408 -0.297065 0.882173
vn 0.365408 -0.297065 0.882173
vn -0.882170 -0.297067 0.365413
vn -0.882170 -0.297067 0.365413
vn -0.882170 -0.297067 0.365413
vn -0.882177 -0.297064 0.365401
vn -0.882177 -0.297064 0.365401
vn -0.882177 -0.297064 0.365401
vn -0.923881 0.000000 0.382679
vn -0.923881 0.000000 0.382679
vn -0.923881 0.000000 0.382679
vn -0.923881 0.000000 0.382681
vn -0.923881 0.000000 0.382681
vn -0.923881 0.000000 0.382681
vn -0.382683 0.000000 -0.923880
vn -0.382683 0.000000 -0.923880
vn -0.382683 0.000000 -0.923880
vn -0.382683 0.000000 -0.923880
vn -0.382683 0.000000 -0.923880
vn -0.382683 0.000000 -0.923880
vn 0.382683 0.000000 -0.923880
vn 0.382683 0.000000 -0.923880
vn 0.382683 0.000000 -0.923880
vn 0.382684 0.000000 -0.923879
vn 0.382684 0.000000 -0.923879
vn 0.382684 0.000000 -0.923879
vn 0.923881 0.000000 0.382681
vn 0.923881 0.000000 0.382681
vn 0.923881 0.000000 0.382681
vn 0.923879 0.000000 0.382684
vn 0.923879 0.000000 0.382684
vn 0.923879 0.000000 0.382684
vn -0.382684 0.000000 0.923880
vn -0.382684 0.000000 0.923880
vn -0.382684 0.000000 0.923880
vn -0.382684 0.000000 0.923879
vn -0.382684 0.000000 0.923879
vn -0.382684 0.000000 0.923879
vn -0.923881 0.000000 -0.382681
vn -0.923881 0.000000 -0.382681
vn -0.923881 0.000000 -0.382681
vn -0.923881 0.000000 -0.382679
vn -0.923881 0.000000 -0.382679
vn -0.923881 0.000000 -0.382679
vn 0.365407 -0.297065 -0.882174
vn 0.365407 -0.297065 -0.882174
vn 0.365407 -0.297065 -0.882174
vn 0.365408 -0.297064 -0.882173
vn 0.365408 -0.297064 -0.882173
vn 0.365408 -0.297064 -0.882173
vn 0.882173 -0.297064 0.365409
vn 0.882173 -0.297064 0.365409
vn 0.882173 -0.297064 0.365409
vn 0.882173 -0.297065 0.365409
vn 0.882173 -0.297065 0.365409
vn 0.882173 -0.297065 0.365409
vn 0.776396 0.542023 0.321591
vn 0.776396 0.542023 0.321591
vn 0.776396 0.542023 0.321591
vn 0.776396 0.542021 0.321593
vn 0.776396 0.542021 0.321593
vn 0.776396 0.542021 0.321593
vn -0.321593 0.542024 0.776394
vn -0.321593 0.542024 0.776394
vn -0.321593 0.542024 0.776394
vn -0.321591 0.542023 0.776396
vn -0.321591 0.542023 0.776396
vn -0.321591 0.542023 0.776396
vn -0.776397 0.542023 -0.321589
vn -0.776397 0.542023 -0.321589
vn -0.776397 0.542023 -0.321589
vn -0.776394 0.542024 -0.321594
vn -0.776394 0.542024 -0.321594
vn -0.776394 0.542024 -0.321594
vn 0.776394 0.542021 -0.321597
vn 0.776394 0.542021 -0.321597
vn 0.776394 0.542021 -0.321597
vn 0.776397 0.542023 -0.321588
vn 0.776397 0.542023 -0.321588
vn 0.776397 0.542023 -0.321588
vn 0.321593 0.542022 0.776395
vn 0.321593 0.542022 0.776395
vn 0.321593 0.542022 0.776395
vn 0.321590 0.542023 0.776396
vn 0.321590 0.542023 0.776396
vn 0.321590 0.542023 0.776396
vn -0.776396 0.542023 0.321590
vn -0.776396 0.542023 0.321590
vn -0.776396 0.542023 0.321590
vn -0.776397 0.542023 0.321589
vn -0.776397 0.542023 0.321589
vn -0.776397 0.542023 0.321589
vn 0.382685 0.000000 0.923879
vn 0.382685 0.000000 0.923879
vn 0.382685 0.000000 0.923879
vn 0.382683 0.000000 0.923880
vn 0.382683 0.000000 0.923880
vn 0.382683 0.000000 0.923880
vn 0.923879 0.000000 -0.382684
vn 0.923879 0.000000 -0.382684
vn 0.923879 0.000000 -0.382684
vn 0.923879 0.000000 -0.382684
vn 0.923879 0.000000 -0.382684
vn 0.923879 0.000000 -0.382684
vn -0.577313 0.780722 -0.239131
vn -0.577313 0.780722 -0.239131
vn -0.577313 0.780722 -0.239131
vn 0.577313 0.780722 -0.239130
vn 0.577313 0.780722 -0.239130
vn 0.577313 0.780722 -0.239130
vn 0.239130 0.780722 0.577312
vn 0.239130 0.780722 0.577312
vn 0.239130 0.780722 0.577312
vn -0.577314 0.780722 0.239129
vn -0.577314 0.780722 0.239129
vn -0.577314 0.780722 0.239129
vn -0.239130 0.780722 -0.577313
vn -0.239130 0.780722 -0.577313
vn -0.239130 0.780722 -0.577313
vn 0.239129 0.780719 -0.577317
vn 0.239129 0.780719 -0.577317
vn 0.239129 0.780719 -0.577317
vn 0.321592 0.542024 -0.776395
vn 0.321592 0.542024 -0.776395
vn 0.321592 0.542024 -0.776395
vn 0.321592 0.542024 -0.776395
vn 0.321592 0.542024 -0.776395
vn 0.321592 0.542024 -0.776395
vn -0.321592 0.542023 -0.776395
vn -0.321592 0.542023 -0.776395
vn -0.321592 0.542023 -0.776395
vn -0.321591 0.542024 -0.776395
vn -0.321591 0.542024 -0.776395
vn -0.321591 0.542024 -0.776395
vn -0.239128 0.780722 0.577313
vn -0.239128 0.780722 0.577313
vn -0.239128 0.780722 0.577313
vn 0.577313 0.780722 0.239130
vn 0.577313 0.780722 0.239130
vn 0.577313 0.780722 0.239130
vn 0.000000 1.000000 0.000000
vn 0.000000 1.000000 0.000000
vn 0.000000 1.000000 0.000000
vn 0.000000 1.000000 0.000000
vn 0.000000 1.000000 0.000000
vn 0.000000 1.000000 0.000000
vn -0.000000 1.000000 0.000000
vn -0.000000 1.000000 0.000000
vn -0.000000 1.000000 0.000000
vn 0.000004 1.000000 0.000000
vn 0.000004 1.000000 0.000000
vn 0.000004 1.000000 0.000000
vn -0.000004 1.000000 0.000000
vn -0.000004 1.000000 0.000000
vn -0.000004 1.000000 0.000000
vn 0.000001 1.000000 -0.000001
vn 0.000001 1.000000 -0.000001
vn 0.000001 1.000000 -0.000001
vn -0.000000 1.000000 0.000014
vn -0.000000 1.000000 0.000014
vn -0.000000 1.000000 0.000014
vn -0.000000 1.000000 0.000002
vn -0.000000 1.000000 0.000002
vn -0.000000 1.000000 0.000002
vn -0.000000 1.000000 -0.000014
vn -0.000000 1.000000 -0.000014
vn -0.000000 1.000000 -0.000014
vn -0.000001 1.000000 0.000001
vn -0.000001 1.000000 0.000001
vn -0.000001 1.000000 0.000001
vn -0.000003 1.000000 -0.000001
vn -0.000003 1.000000 -0.000001
vn -0.000003 1.000000 -0.000001
vn -0.000001 1.000000 -0.000002
vn -0.000001 1.000000 -0.000002
vn -0.000001 1.000000 -0.000002
vn -0.000000 1.000000 0.000000
vn -0.000000 1.000000 0.000000
vn -0.000000 1.000000 0.000000
vn -0.000000 1.000000 0.000000
vn -0.000000 1.000000 0.000000
vn -0.000000 1.000000 0.000000
vn -0.000000 1.000000 0.000000
vn -0.000000 1.000000 0.000000
vn -0.000000 1.000000 0.000000
vn 0.000001 1.000000 0.000001
vn 0.000001 1.000000 0.000001
vn 0.000001 1.000000 0.000001
vn -0.608761 0.000000 -0.793354
vn -0.608761 0.000000 -0.793354
vn -0.608761 0.000000 -0.793354
vn -0.608762 0.000000 -0.793353
vn -0.608762 0.000000 -0.793353
vn -0.608762 0.000000 -0.793353
vn 0.130527 0.000000 -0.991445
vn 0.130527 0.000000 -0.991445
vn 0.130527 0.000000 -0.991445
vn 0.130528 0.000000 -0.991445
vn 0.130528 0.000000 -0.991445
vn 0.130528 0.000000 -0.991445
vn 0.793353 0.000000 -0.608761
vn 0.793353 0.000000 -0.608761
vn 0.793353 0.000000 -0.608761
vn 0.793353 0.000000 -0.608761
vn 0.793353 0.000000 -0.608761
vn 0.793353 0.000000 -0.608761
vn 0.991445 0.000000 0.130523
vn 0.991445 0.000000 0.130523
vn 0.991445 0.000000 0.130523
vn 0.991445 0.000000 0.130523
vn 0.991445 0.000000 0.130523
vn 0.991445 0.000000 0.130523
vn 0.608758 -0.000000 0.793356
vn 0.608758 -0.000000 0.793356
vn 0.608758 -0.000000 0.793356
vn 0.608761 0.000000 0.793354
vn 0.608761 0.000000 0.793354
vn 0.608761 0.000000 0.793354
vn -0.130527 -0.000000 0.991445
vn -0.130527 -0.000000 0.991445
vn -0.130527 -0.000000 0.991445
vn -0.130524 0.000000 0.991445
vn -0.130524 0.000000 0.991445
vn -0.130524 0.000000 0.991445
vn -0.793352 0.000000 0.608764
vn -0.793352 0.000000 0.608764
vn -0.793352 0.000000 0.608764
vn -0.793354 -0.000000 0.608760
vn -0.793354 -0.000000 0.608760
vn -0.793354 -0.000000 0.608760
vn -0.991445 -0.000000 -0.130526
vn -0.991445 -0.000000 -0.130526
vn -0.991445 -0.000000 -0.130526
vn -0.991445 0.000000 -0.130526
vn -0.991445 0.000000 -0.130526
vn -0.991445 0.000000 -0.130526
vn -0.946688 -0.297064 -0.124634
vn -0.946688 -0.297064 -0.124634
vn -0.946688 -0.297064 -0.124634
vn -0.946688 -0.297064 -0.124636
vn -0.946688 -0.297064 -0.124636
vn -0.946688 -0.297064 -0.124636
vn 0.581279 -0.297064 0.757541
vn 0.581279 -0.297064 0.757541
vn 0.581279 -0.297064 0.757541
vn 0.581279 -0.297068 0.757539
vn 0.581279 -0.297068 0.757539
vn 0.581279 -0.297068 0.757539
vn 0.124635 -0.297064 -0.946688
vn 0.124635 -0.297064 -0.946688
vn 0.124635 -0.297064 -0.946688
vn 0.124633 -0.297067 -0.946688
vn 0.124633 -0.297067 -0.946688
vn 0.124633 -0.297067 -0.946688
vn -0.757538 -0.297064 0.581283
vn -0.757538 -0.297064 0.581283
vn -0.757538 -0.297064 0.581283
vn -0.757538 -0.297064 0.581283
vn -0.757538 -0.297064 0.581283
vn -0.757538 -0.297064 0.581283
vn 0.946689 -0.297064 0.124631
vn 0.946689 -0.297064 0.124631
vn 0.946689 -0.297064 0.124631
vn 0.946688 -0.297067 0.124633
vn 0.946688 -0.297067 0.124633
vn 0.946688 -0.297067 0.124633
vn -0.124634 -0.297066 0.946688
vn -0.124634 -0.297066 0.946688
vn -0.124634 -0.297066 0.946688
vn -0.124638 -0.297065 0.946688
vn -0.124638 -0.297065 0.946688
vn -0.124638 -0.297065 0.946688
vn -0.130530 0.000000 0.991444
vn -0.130530 0.000000 0.991444
vn -0.130530 0.000000 0.991444
vn -0.130530 0.000000 0.991444
vn -0.130530 0.000000 0.991444
vn -0.130530 0.000000 0.991444
vn -0.991445 0.000000 -0.130527
vn -0.991445 0.000000 -0.130527
vn -0.991445 0.000000 -0.130527
vn -0.991445 0.000000 -0.130528
vn -0.991445 0.000000 -0.130528
vn -0.991445 0.000000 -0.130528
vn -0.608761 0.000000 -0.793354
vn -0.608761 0.000000 -0.793354
vn -0.608761 0.000000 -0.793354
vn -0.608761 0.000000 -0.793354
vn -0.608761 0.000000 -0.793354
vn -0.608761 0.000000 -0.793354
vn 0.793354 0.000000 -0.608761
vn 0.793354 0.000000 -0.608761
vn 0.793354 0.000000 -0.608761
vn 0.793353 0.000000 -0.608762
vn 0.793353 0.000000 -0.608762
vn 0.793353 0.000000 -0.608762
vn 0.608761 0.000000 0.793354
vn 0.608761 0.000000 0.793354
vn 0.608761 0.000000 0.793354
vn 0.608763 0.000000 0.793353
vn 0.608763 0.000000 0.793353
vn 0.608763 0.000000 0.793353
vn -0.793351 0.000000 0.608765
vn -0.793351 0.000000 0.608765
vn -0.793351 0.000000 0.608765
vn -0.793351 0.000000 0.608765
vn -0.793351 0.000000 0.608765
vn -0.793351 0.000000 0.608765
vn -0.581281 -0.297067 -0.757538
vn -0.581281 -0.297067 -0.757538
vn -0.581281 -0.297067 -0.757538
vn -0.581280 -0.297065 -0.757540
vn -0.581280 -0.297065 -0.757540
vn -0.581280 -0.297065 -0.757540
vn 0.757539 -0.297066 -0.581280
vn 0.757539 -0.297066 -0.581280
vn 0.757539 -0.297066 -0.581280
vn 0.757539 -0.297066 -0.581280
vn 0.757539 -0.297066 -0.581280
vn 0.757539 -0.297066 -0.581280
vn 0.666706 0.542021 -0.511583
vn 0.666706 0.542021 -0.511583
vn 0.666706 0.542021 -0.511583
vn 0.666705 0.542025 -0.511579
vn 0.666705 0.542025 -0.511579
vn 0.666705 0.542025 -0.511579
vn 0.511580 0.542027 0.666703
vn 0.511580 0.542027 0.666703
vn 0.511580 0.542027 0.666703
vn 0.511581 0.542023 0.666705
vn 0.511581 0.542023 0.666705
vn 0.511581 0.542023 0.666705
vn -0.666705 0.542019 0.511585
vn -0.666705 0.542019 0.511585
vn -0.666705 0.542019 0.511585
vn -0.666703 0.542027 0.511579
vn -0.666703 0.542027 0.511579
vn -0.666703 0.542027 0.511579
vn 0.109688 0.542023 -0.833174
vn 0.109688 0.542023 -0.833174
vn 0.109688 0.542023 -0.833174
vn 0.109689 0.542023 -0.833175
vn 0.109689 0.542023 -0.833175
vn 0.109689 0.542023 -0.833175
vn 0.833176 0.542021 0.109687
vn 0.833176 0.542021 0.109687
vn 0.833176 0.542021 0.109687
vn 0.833173 0.542024 0.109693
vn 0.833173 0.542024 0.109693
vn 0.833173 0.542024 0.109693
vn -0.109692 0.542023 0.833174
vn -0.109692 0.542023 0.833174
vn -0.109692 0.542023 0.833174
vn -0.109691 0.542023 0.833174
vn -0.109691 0.542023 0.833174
vn -0.109691 0.542023 0.833174
vn 0.991445 0.000000 0.130527
vn 0.991445 0.000000 0.130527
vn 0.991445 0.000000 0.130527
vn 0.991445 0.000000 0.130525
vn 0.991445 0.000000 0.130525
vn 0.991445 0.000000 0.130525
vn 0.130525 0.000000 -0.991445
vn 0.130525 0.000000 -0.991445
vn 0.130525 0.000000 -0.991445
vn 0.130525 0.000000 -0.991445
vn 0.130525 0.000000 -0.991445
vn 0.130525 0.000000 -0.991445
vn -0.495749 0.780722 0.380402
vn -0.495749 0.780722 0.380402
vn -0.495749 0.780722 0.380402
vn 0.081562 0.780721 -0.619534
vn 0.081562 0.780721 -0.619534
vn 0.081562 0.780721 -0.619534
vn 0.619534 0.780721 0.081567
vn 0.619534 0.780721 0.081567
vn 0.619534 0.780721 0.081567
vn -0.081565 0.780720 0.619534
vn -0.081565 0.780720 0.619534
vn -0.081565 0.780720 0.619534
vn -0.619534 0.780720 -0.081566
vn -0.619534 0.780720 -0.081566
vn -0.619534 0.780720 -0.081566
vn -0.380405 0.780721 -0.495750
vn -0.380405 0.780721 -0.495750
vn -0.380405 0.780721 -0.495750
vn -0.511581 0.542024 -0.666705
vn -0.511581 0.542024 -0.666705
vn -0.511581 0.542024 -0.666705
vn -0.511582 0.542023 -0.666704
vn -0.511582 0.542023 -0.666704
vn -0.511582 0.542023 -0.666704
vn -0.833174 0.542023 -0.109691
vn -0.833174 0.542023 -0.109691
vn -0.833174 0.542023 -0.109691
vn -0.833171 0.542026 -0.109695
vn -0.833171 0.542026 -0.109695
vn -0.833171 0.542026 -0.109695
vn 0.380405 0.780722 0.495747
vn 0.380405 0.780722 0.495747
vn 0.380405 0.780722 0.495747
vn 0.495747 0.780722 -0.380404
vn 0.495747 0.780722 -0.380404
vn 0.495747 0.780722 -0.380404
vn -0.000003 1.000000 0.000000
vn -0.000003 1.000000 0.000000
vn -0.000003 1.000000 0.000000
vn 0.000003 1.000000 0.000000
vn 0.000003 1.000000 0.000000
vn 0.000003 1.000000 0.000000
vn -0.000000 1.000000 0.000000
vn -0.000000 1.000000 0.000000
vn -0.000000 1.000000 0.000000
vn -0.000000 1.000000 0.000000
vn -0.000000 1.000000 0.000000
vn -0.000000 1.000000 0.000000
vn 0.000004 1.000000 0.000000
vn 0.000004 1.000000 0.000000
vn 0.000004 1.000000 0.000000
vn -0.000000 1.000000 -0.000001
vn -0.000000 1.000000 -0.000001
vn -0.000000 1.000000 -0.000001
vn 0.000040 1.000000 0.000007
vn 0.000040 1.000000 0.000007
vn 0.000040 1.000000 0.000007
vn 0.000003 1.000000 0.000001
vn 0.000003 1.000000 0.000001
vn 0.000003 1.000000 0.000001
vn -0.000026 1.000000 -0.000007
vn -0.000026 1.000000 -0.000007
vn -0.000026 1.000000 -0.000007
vn 0.000001 1.000000 0.000001
vn 0.000001 1.000000 0.000001
vn 0.000001 1.000000 0.000001
vn -0.000006 1.000000 0.000000
vn -0.000006 1.000000 0.000000
vn -0.000006 1.000000 0.000000
vn -0.000005 1.000000 -0.000001
vn -0.000005 1.000000 -0.000001
vn -0.000005 1.000000 -0.000001
vn -0.000004 1.000000 0.000000
vn -0.000004 1.000000 0.000000
vn -0.000004 1.000000 0.000000
vn -0.000000 1.000000 0.000000
vn -0.000000 1.000000 0.000000
vn -0.000000 1.000000 0.000000
vn -0.000000 1.000000 0.000000
vn -0.000000 1.000000 0.000000
vn -0.000000 1.000000 0.000000
vn 0.000003 1.000000 -0.000000
vn 0.000003 1.000000 -0.000000
vn 0.000003 1.000000 -0.000000
vn -0.991445 0.000000 0.130526
vn -0.991445 0.000000 0.130526
vn -0.991445 0.000000 0.130526
vn -0.991445 0.000000 0.130525
vn -0.991445 0.000000 0.130525
vn -0.991445 0.000000 0.130525
vn -0.793353 0.000000 -0.608762
vn -0.793353 0.000000 -0.608762
vn -0.793353 0.000000 -0.608762
vn -0.793352 0.000000 -0.608763
vn -0.793352 0.000000 -0.608763
vn -0.793352 0.000000 -0.608763
vn -0.130526 0.000000 -0.991445
vn -0.130526 0.000000 -0.991445
vn -0.130526 0.000000 -0.991445
vn -0.130527 0.000000 -0.991445
vn -0.130527 0.000000 -0.991445
vn -0.130527 0.000000 -0.991445
vn 0.608760 0.000000 -0.793355
vn 0.608760 0.000000 -0.793355
vn 0.608760 0.000000 -0.793355
vn 0.608760 0.000000 -0.793354
vn 0.608760 0.000000 -0.793354
vn 0.608760 0.000000 -0.793354
vn 0.991445 -0.000000 -0.130524
vn 0.991445 -0.000000 -0.130524
vn 0.991445 -0.000000 -0.130524
vn 0.991445 -0.000000 -0.130524
vn 0.991445 -0.000000 -0.130524
vn 0.991445 -0.000000 -0.130524
vn 0.793353 -0.000000 0.608761
vn 0.793353 -0.000000 0.608761
vn 0.793353 -0.000000 0.608761
vn 0.793354 0.000000 0.608761
vn 0.793354 0.000000 0.608761
vn 0.793354 0.000000 0.608761
vn 0.130530 0.000000 0.991444
vn 0.130530 0.000000 0.991444
vn 0.130530 0.000000 0.991444
vn 0.130528 0.000000 0.991445
vn 0.130528 0.000000 0.991445
vn 0.130528 0.000000 0.991445
vn -0.608763 -0.000000 0.793352
vn -0.608763 -0.000000 0.793352
vn -0.608763 -0.000000 0.793352
vn -0.608762 0.000000 0.793353
vn -0.608762 0.000000 0.793353
vn -0.608762 0.000000 0.793353
vn -0.581283 -0.297062 0.757539
vn -0.581283 -0.297062 0.757539
vn -0.581283 -0.297062 0.757539
vn -0.581280 -0.297066 0.757539
vn -0.581280 -0.297066 0.757539
vn -0.581280 -0.297066 0.757539
vn 0.946689 -0.297064 -0.124631
vn 0.946689 -0.297064 -0.124631
vn 0.946689 -0.297064 -0.124631
vn 0.946688 -0.297068 -0.124633
vn 0.946688 -0.297068 -0.124633
vn 0.946688 -0.297068 -0.124633
vn -0.757539 -0.297066 -0.581280
vn -0.757539 -0.297066 -0.581280
vn -0.757539 -0.297066 -0.581280
vn -0.757539 -0.297066 -0.581280
vn -0.757539 -0.297066 -0.581280
vn -0.757539 -0.297066 -0.581280
vn 0.124637 -0.297067 0.946687
vn 0.124637 -0.297067 0.946687
vn 0.124637 -0.297067 0.946687
vn 0.124638 -0.297063 0.946688
vn 0.124638 -0.297063 0.946688
vn 0.124638 -0.297063 0.946688
vn 0.581278 -0.297067 -0.757540
vn 0.581278 -0.297067 -0.757540
vn 0.581278 -0.297067 -0.757540
vn 0.581279 -0.297064 -0.757540
vn 0.581279 -0.297064 -0.757540
vn 0.581279 -0.297064 -0.757540
vn 0.757540 -0.297067 0.581279
vn 0.757540 -0.297067 0.581279
vn 0.757540 -0.297067 0.581279
vn 0.757536 -0.297065 0.581284
vn 0.757536 -0.297065 0.581284
vn 0.757536 -0.297065 0.581284
vn 0.793350 0.000000 0.608765
vn 0.793350 0.000000 0.608765
vn 0.793350 0.000000 0.608765
vn 0.793350 0.000000 0.608766
vn 0.793350 0.000000 0.608766
vn 0.793350 0.000000 0.608766
vn -0.608761 0.000000 0.793354
vn -0.608761 0.000000 0.793354
vn -0.608761 0.000000 0.793354
vn -0.608762 0.000000 0.793353
vn -0.608762 0.000000 0.793353
vn -0.608762 0.000000 0.793353
vn -0.991445 0.000000 0.130526
vn -0.991445 0.000000 0.130526
vn -0.991445 0.000000 0.130526
vn -0.991445 0.000000 0.130527
vn -0.991445 0.000000 0.130527
vn -0.991445 0.000000 0.130527
vn -0.130527 0.000000 -0.991445
vn -0.130527 0.000000 -0.991445
vn -0.130527 0.000000 -0.991445
vn -0.130527 0.000000 -0.991445
vn -0.130527 0.000000 -0.991445
vn -0.130527 0.000000 -0.991445
vn 0.991445 0.000000 -0.130526
vn 0.991445 0.000000 -0.130526
vn 0.991445 0.000000 -0.130526
vn 0.991445 0.000000 -0.130527
vn 0.991445 0.000000 -0.130527
vn 0.991445 0.000000 -0.130527
vn 0.130530 0.000000 0.991444
vn 0.130530 0.000000 0.991444
vn 0.130530 0.000000 0.991444
vn 0.130530 0.000000 0.991444
vn 0.130530 0.000000 0.991444
vn 0.130530 0.000000 0.991444
vn -0.946688 -0.297065 0.124635
vn -0.946688 -0.297065 0.124635
vn -0.946688 -0.297065 0.124635
vn -0.946688 -0.297066 0.124633
vn -0.946688 -0.297066 0.124633
vn -0.946688 -0.297066 0.124633
vn -0.124634 -0.297066 -0.946688
vn -0.124634 -0.297066 -0.946688
vn -0.124634 -0.297066 -0.946688
vn -0.124635 -0.297066 -0.946688
vn -0.124635 -0.297066 -0.946688
vn -0.124635 -0.297066 -0.946688
vn -0.109690 0.542023 -0.833174
vn -0.109690 0.542023 -0.833174
vn -0.109690 0.542023 -0.833174
vn -0.109692 0.542020 -0.833176
vn -0.109692 0.542020 -0.833176
vn -0.109692 0.542020 -0.833176
vn 0.833173 0.542025 -0.109690
vn 0.833173 0.542025 -0.109690
vn 0.833173 0.542025 -0.109690
vn 0.833174 0.542023 -0.109694
vn 0.833174 0.542023 -0.109694
vn 0.833174 0.542023 -0.109694
vn 0.109693 0.542022 0.833175
vn 0.109693 0.542022 0.833175
vn 0.109693 0.542022 0.833175
vn 0.109687 0.542023 0.833174
vn 0.109687 0.542023 0.833174
vn 0.109687 0.542023 0.833174
vn -0.666706 0.542023 -0.511581
vn -0.666706 0.542023 -0.511581
vn -0.666706 0.542023 -0.511581
vn -0.666706 0.542024 -0.511579
vn -0.666706 0.542024 -0.511579
vn -0.666706 0.542024 -0.511579
vn 0.511581 0.542022 -0.666706
vn 0.511581 0.542022 -0.666706
vn 0.511581 0.542022 -0.666706
vn 0.511583 0.542024 -0.666703
vn 0.511583 0.542024 -0.666703
vn 0.511583 0.542024 -0.666703
vn 0.666703 0.542022 0.511585
vn 0.666703 0.542022 0.511585
vn 0.666703 0.542022 0.511585
vn 0.666702 0.542022 0.511586
vn 0.666702 0.542022 0.511586
vn 0.666702 0.542022 0.511586
vn 0.608760 0.000000 -0.793354
vn 0.608760 0.000000 -0.793354
vn 0.608760 0.000000 -0.793354
vn 0.608761 0.000000 -0.793353
vn 0.608761 0.000000 -0.793353
vn 0.608761 0.000000 -0.793353
vn -0.793354 0.000000 -0.608761
vn -0.793354 0.000000 -0.608761
vn -0.793354 0.000000 -0.608761
vn -0.793355 0.000000 -0.608759
vn -0.793355 0.000000 -0.608759
vn -0.793355 0.000000 -0.608759
vn 0.081562 0.780722 0.619532
vn 0.081562 0.780722 0.619532
vn 0.081562 0.780722 0.619532
vn -0.495750 0.780722 -0.380401
vn -0.495750 0.780722 -0.380401
vn -0.495750 0.780722 -0.380401
vn 0.380405 0.780722 -0.495748
vn 0.380405 0.780722 -0.495748
vn 0.380405 0.780722 -0.495748
vn 0.495746 0.780724 0.380403
vn 0.495746 0.780724 0.380403
vn 0.495746 0.780724 0.380403
vn -0.380405 0.780721 0.495748
vn -0.380405 0.780721 0.495748
vn -0.380405 0.780721 0.495748
vn -0.619537 0.780718 0.081566
vn -0.619537 0.780718 0.081566
vn -0.619537 0.780718 0.081566
vn -0.833173 0.542024 0.109691
vn -0.833173 0.542024 0.109691
vn -0.833173 0.542024 0.109691
vn -0.833174 0.542023 0.109693
vn -0.833174 0.542023 0.109693
vn -0.833174 0.542023 0.109693
vn -0.511581 0.542022 0.666706
vn -0.511581 0.542022 0.666706
vn -0.511581 0.542022 0.666706
vn -0.511584 0.542028 0.666699
vn -0.511584 0.542028 0.666699
vn -0.511584 0.542028 0.666699
vn 0.619532 0.780722 -0.081569
vn 0.619532 0.780722 -0.081569
vn 0.619532 0.780722 -0.081569
vn -0.081565 0.780724 -0.619530
vn -0.081565 0.780724 -0.619530
vn -0.081565 0.780724 -0.619530
vn -0.000000 1.000000 0.000000
vn -0.000000 1.000000 0.000000
vn -0.000000 1.000000 0.000000
vn -0.000000 1.000000 0.000000
vn -0.000000 1.000000 0.000000
vn -0.000000 1.000000 0.000000
vn -0.000003 1.000000 0.000000
vn -0.000003 1.000000 0.000000
vn -0.000003 1.000000 0.000000
vn 0.000004 1.000000 0.000000
vn 0.000004 1.000000 0.000000
vn 0.000004 1.000000 0.000000
vn -0.000000 1.000000 0.000000
vn -0.000000 1.000000 0.000000
vn -0.000000 1.000000 0.000000
vn -0.000003 1.000000 -0.000000
vn -0.000003 1.000000 -0.000000
vn -0.000003 1.000000 -0.000000
vn 0.000040 1.000000 -0.000007
vn 0.000040 1.000000 -0.000007
vn 0.000040 1.000000 -0.000007
vn 0.000004 1.000000 -0.000001
vn 0.000004 1.000000 -0.000001
vn 0.000004 1.000000 -0.000001
vn -0.000040 1.000000 0.000007
vn -0.000040 1.000000 0.000007
vn -0.000040 1.000000 0.000007
vn 0.000006 1.000000 0.000000
vn 0.000006 1.000000 0.000000
vn 0.000006 1.000000 0.000000
vn -0.000004 1.000000 0.000001
vn -0.000004 1.000000 0.000001
vn -0.000004 1.000000 0.000001
vn -0.000006 1.000000 0.000001
vn -0.000006 1.000000 0.000001
vn -0.000006 1.000000 0.000001
vn -0.000000 1.000000 0.000000
vn -0.000000 1.000000 0.000000
vn -0.000000 1.000000 0.000000
vn -0.000003 1.000000 0.000000
vn -0.000003 1.000000 0.000000
vn -0.000003 1.000000 0.000000
vn -0.000000 1.000000 0.000000
vn -0.000000 1.000000 0.000000
vn -0.000000 1.000000 0.000000
vn -0.000000 1.000000 -0.000001
vn -0.000000 1.000000 -0.000001
vn -0.000000 1.000000 -0.000001
vn -0.408879 0.912589 0.000000
vn -0.408879 0.912589 0.000000
vn -0.408879 0.912589 0.000000
vn -0.408879 0.912588 0.000000
vn -0.408879 0.912588 0.000000
vn -0.408879 0.912588 0.000000
vn -0.973914 0.226917 0.000000
vn -0.973914 0.226917 0.000000
vn -0.973914 0.226917 0.000000
vn -0.973914 0.226917 0.000000
vn -0.973914 0.226917 0.000000
vn -0.973914 0.226917 0.000000
vn -0.973914 -0.226917 0.000000
vn -0.973914 -0.226917 0.000000
vn -0.973914 -0.226917 0.000000
vn -0.973914 -0.226917 0.000000
vn -0.973914 -0.226917 0.000000
vn -0.973914 -0.226917 0.000000
vn -0.408874 -0.912591 0.000000
vn -0.408874 -0.912591 0.000000
vn -0.408874 -0.912591 0.000000
vn -0.408874 -0.912591 0.000000
vn -0.408874 -0.912591 0.000000
vn -0.408874 -0.912591 0.000000
vn 0.408874 -0.912591 0.000000
vn 0.408874 -0.912591 0.000000
vn 0.408874 -0.912591 0.000000
vn 0.408874 -0.912591 0.000000
vn 0.408874 -0.912591 0.000000
vn 0.408874 -0.912591 0.000000
vn 0.973914 -0.226917 0.000000
vn 0.973914 -0.226917 0.000000
vn 0.973914 -0.226917 0.000000
vn 0.973914 -0.226917 0.000000
vn 0.973914 -0.226917 0.000000
vn 0.973914 -0.226917 0.000000
vn 0.973914 0.226917 0.000000
vn 0.973914 0.226917 0.000000
vn 0.973914 0.226917 0.000000
vn 0.973914 0.226918 0.000000
vn 0.973914 0.226918 0.000000
vn 0.973914 0.226918 0.000000
vn 0.408881 0.912587 0.000000
vn 0.408881 0.912587 0.000000
vn 0.408881 0.912587 0.000000
vn 0.408877 0.912590 0.000000
vn 0.408877 0.912590 0.000000
vn 0.408877 0.912590 0.000000
vn -0.408876 0.912590 0.000000
vn -0.408876 0.912590 0.000000
vn -0.408876 0.912590 0.000000
vn -0.408873 0.912591 0.000000
vn -0.408873 0.912591 0.000000
vn -0.408873 0.912591 0.000000
vn -0.973914 0.226917 0.000000
vn -0.973914 0.226917 0.000000
vn -0.973914 0.226917 0.000000
vn -0.973914 0.226917 0.000000
vn -0.973914 0.226917 0.000000
vn -0.973914 0.226917 0.000000
vn -0.973914 -0.226916 0.000000
vn -0.973914 -0.226916 0.000000
vn -0.973914 -0.226916 0.000000
vn -0.973914 -0.226917 0.000000
vn -0.973914 -0.226917 0.000000
vn -0.973914 -0.226917 0.000000
vn -0.408873 -0.912591 0.000000
vn -0.408873 -0.912591 0.000000
vn -0.408873 -0.912591 0.000000
vn -0.408873 -0.912591 0.000000
vn -0.408873 -0.912591 0.000000
vn -0.408873 -0.912591 0.000000
vn 0.408873 -0.912591 0.000000
vn 0.408873 -0.912591 0.000000
vn 0.408873 -0.912591 0.000000
vn 0.408873 -0.912591 0.000000
vn 0.408873 -0.912591 0.000000
vn 0.408873 -0.912591 0.000000
vn 0.973914 -0.226916 0.000000
vn 0.973914 -0.226916 0.000000
vn 0.973914 -0.226916 0.000000
vn 0.973914 -0.226917 0.000000
vn 0.973914 -0.226917 0.000000
vn 0.973914 -0.226917 0.000000
vn 0.973914 0.226917 0.000000
vn 0.973914 0.226917 0.000000
vn 0.973914 0.226917 0.000000
vn 0.973914 0.226917 0.000000
vn 0.973914 0.226917 0.000000
vn 0.973914 0.226917 0.000000
vn 0.408873 0.912591 0.000000
vn 0.408873 0.912591 0.000000
vn 0.408873 0.912591 0.000000
vn 0.408876 0.912590 0.000000
vn 0.408876 0.912590 0.000000
vn 0.408876 0.912590 0.000000
vn -0.000000 0.000000 1.000000
vn -0.000000 0.000000 1.000000
vn -0.000000 0.000000 1.000000
vn 0.000000 0.000000 1.000000
vn 0.000000 0.000000 1.000000
vn 0.000000 0.000000 1.000000
vn 0.000000 -0.000000 1.000000
vn 0.000000 -0.000000 1.000000
vn 0.000000 -0.000000 1.000000
vn -0.000000 -0.000000 1.000000
vn -0.000000 -0.000000 1.000000
vn -0.000000 -0.000000 1.000000
vn -0.000000 -0.000000 1.000000
vn -0.000000 -0.000000 1.000000
vn -0.000000 -0.000000 1.000000
vn 0.000000 -0.000000 1.000000
vn 0.000000 -0.000000 1.000000
vn 0.000000 -0.000000 1.000000
vn -0.000000 0.000000 1.000000
vn -0.000000 0.000000 1.000000
vn -0.000000 0.000000 1.000000
vn -0.000000 0.000000 1.000000
vn -0.000000 0.000000 1.000000
vn -0.000000 0.000000 1.000000
vn -0.000000 0.000000 1.000000
vn -0.000000 0.000000 1.000000
vn -0.000000 0.000000 1.000000
vn 0.000000 0.000000 1.000000
vn 0.000000 0.000000 1.000000
vn 0.000000 0.000000 1.000000
vn -0.000000 0.000000 1.000000
vn -0.000000 0.000000 1.000000
vn -0.000000 0.000000 1.000000
vn 0.000000 0.000000 1.000000
vn 0.000000 0.000000 1.000000
vn 0.000000 0.000000 1.000000
vn -0.000000 0.000000 1.000000
vn -0.000000 0.000000 1.000000
vn -0.000000 0.000000 1.000000
vn -0.000000 0.000000 1.000000
vn -0.000000 0.000000 1.000000
vn -0.000000 0.000000 1.000000
vn 0.000000 0.000000 1.000000
vn 0.000000 0.000000 1.000000
vn 0.000000 0.000000 1.000000
vn -0.000000 0.000000 1.000000
vn -0.000000 0.000000 1.000000
vn -0.000000 0.000000 1.000000
vn -0.000000 0.000000 1.000000
vn -0.000000 0.000000 1.000000
vn -0.000000 0.000000 1.000000
vn 0.000000 0.000000 1.000000
vn 0.000000 0.000000 1.000000
vn 0.000000 0.000000 1.000000
vn -0.000000 0.000000 1.000000
vn -0.000000 0.000000 1.000000
vn -0.000000 0.000000 1.000000
vn -0.000000 -0.000000 1.000000
vn -0.000000 -0.000000 1.000000
vn -0.000000 -0.000000 1.000000
vn -0.000000 0.000000 1.000000
vn -0.000000 0.000000 1.000000
vn -0.000000 0.000000 1.000000
vn 0.000000 0.000000 1.000000
vn 0.000000 0.000000 1.000000
vn 0.000000 0.000000 1.000000
vn -0.000000 0.000000 1.000000
vn -0.000000 0.000000 1.000000
vn -0.000000 0.000000 1.000000
vn -0.000000 0.000000 1.000000
vn -0.000000 0.000000 1.000000
vn -0.000000 0.000000 1.000000
vn -0.000000 0.000000 1.000000
vn -0.000000 0.000000 1.000000
vn -0.000000 0.000000 1.000000
vn 0.000000 -0.000000 1.000000
vn 0.000000 -0.000000 1.000000
vn 0.000000 -0.000000 1.000000
vn -0.000000 -0.000000 1.000000
vn -0.000000 -0.000000 1.000000
vn -0.000000 -0.000000 1.000000
vn 0.000000 -0.000000 1.000000
vn 0.000000 -0.000000 1.000000
vn 0.000000 -0.000000 1.000000
vn -0.000000 0.000000 1.000000
vn -0.000000 0.000000 1.000000
vn -0.000000 0.000000 1.000000
vn -0.000000 -0.000000 1.000000
vn -0.000000 -0.000000 1.000000
vn -0.000000 -0.000000 1.000000
vn 0.000000 -0.000000 1.000000
vn 0.000000 -0.000000 1.000000
vn 0.000000 -0.000000 1.000000
vn -0.000000 0.000000 1.000000
vn -0.000000 0.000000 1.000000
vn -0.000000 0.000000 1.000000
vn 0.000002 0.912588 0.408879
vn 0.000002 0.912588 0.408879
vn 0.000002 0.912588 0.408879
vn -0.000000 0.912589 0.408879
vn -0.000000 0.912589 0.408879
vn -0.000000 0.912589 0.408879
vn -0.000000 0.226917 0.973914
vn -0.000000 0.226917 0.973914
vn -0.000000 0.226917 0.973914
vn -0.000000 0.226918 0.973914
vn -0.000000 0.226918 0.973914
vn -0.000000 0.226918 0.973914
vn 0.000000 -0.226917 0.973914
vn 0.000000 -0.226917 0.973914
vn 0.000000 -0.226917 0.973914
vn -0.000000 -0.226917 0.973914
vn -0.000000 -0.226917 0.973914
vn -0.000000 -0.226917 0.973914
vn -0.000000 -0.912591 0.408875
vn -0.000000 -0.912591 0.408875
vn -0.000000 -0.912591 0.408875
vn -0.000000 -0.912591 0.408875
vn -0.000000 -0.912591 0.408875
vn -0.000000 -0.912591 0.408875
vn 0.000001 -0.912591 -0.408874
vn 0.000001 -0.912591 -0.408874
vn 0.000001 -0.912591 -0.408874
vn -0.000000 -0.912591 -0.408874
vn -0.000000 -0.912591 -0.408874
vn -0.000000 -0.912591 -0.408874
vn -0.000000 -0.226917 -0.973914
vn -0.000000 -0.226917 -0.973914
vn -0.000000 -0.226917 -0.973914
vn -0.000000 -0.226917 -0.973914
vn -0.000000 -0.226917 -0.973914
vn -0.000000 -0.226917 -0.973914
vn 0.000000 0.226918 -0.973914
vn 0.000000 0.226918 -0.973914
vn 0.000000 0.226918 -0.973914
vn -0.000000 0.226917 -0.973914
vn -0.000000 0.226917 -0.973914
vn -0.000000 0.226917 -0.973914
vn -0.000000 0.912589 -0.408879
vn -0.000000 0.912589 -0.408879
vn -0.000000 0.912589 -0.408879
vn -0.000000 0.912589 -0.408879
vn -0.000000 0.912589 -0.408879
vn -0.000000 0.912589 -0.408879
vn 0.000002 0.912592 0.408873
vn 0.000002 0.912592 0.408873
vn 0.000002 0.912592 0.408873
vn -0.000000 0.912592 0.408873
vn -0.000000 0.912592 0.408873
vn -0.000000 0.912592 0.408873
vn -0.000000 0.226917 0.973914
vn -0.000000 0.226917 0.973914
vn -0.000000 0.226917 0.973914
vn -0.000000 0.226917 0.973914
vn -0.000000 0.226917 0.973914
vn -0.000000 0.226917 0.973914
vn -0.000000 -0.226917 0.973914
vn -0.000000 -0.226917 0.973914
vn -0.000000 -0.226917 0.973914
vn -0.000000 -0.226917 0.973914
vn -0.000000 -0.226917 0.973914
vn -0.000000 -0.226917 0.973914
vn -0.000000 -0.912591 0.408874
vn -0.000000 -0.912591 0.408874
vn -0.000000 -0.912591 0.408874
vn -0.000000 -0.912591 0.408874
vn -0.000000 -0.912591 0.408874
vn -0.000000 -0.912591 0.408874
vn -0.000000 -0.912591 -0.408874
vn -0.000000 -0.912591 -0.408874
vn -0.000000 -0.912591 -0.408874
vn -0.000000 -0.912591 -0.408874
vn -0.000000 -0.912591 -0.408874
vn -0.000000 -0.912591 -0.408874
vn -0.000000 -0.226917 -0.973914
vn -0.000000 -0.226917 -0.973914
vn -0.000000 -0.226917 -0.973914
vn -0.000000 -0.226917 -0.973914
vn -0.000000 -0.226917 -0.973914
vn -0.000000 -0.226917 -0.973914
vn -0.000000 0.226917 -0.973914
vn -0.000000 0.226917 -0.973914
vn -0.000000 0.226917 -0.973914
vn -0.000000 0.226917 -0.973914
vn -0.000000 0.226917 -0.973914
vn -0.000000 0.226917 -0.973914
vn -0.000000 0.912592 -0.408872
vn -0.000000 0.912592 -0.408872
vn -0.000000 0.912592 -0.408872
vn -0.000004 0.912592 -0.408872
vn -0.000004 0.912592 -0.408872
vn -0.000004 0.912592 -0.408872
vn 1.000000 0.000000 0.000000
vn 1.000000 0.000000 0.000000
vn 1.000000 0.000000 0.000000
vn 1.000000 0.000000 -0.000000
vn 1.000000 0.000000 -0.000000
vn 1.000000 0.000000 -0.000000
vn 1.000000 -0.000000 -0.000000
vn 1.000000 -0.000000 -0.000000
vn 1.000000 -0.000000 -0.000000
vn 1.000000 -0.000000 0.000000
vn 1.000000 -0.000000 0.000000
vn 1.000000 -0.000000 0.000000
vn 1.000000 -0.000000 0.000000
vn 1.000000 -0.000000 0.000000
vn 1.000000 -0.000000 0.000000
vn 1.000000 -0.000000 -0.000000
vn 1.000000 -0.000000 -0.000000
vn 1.000000 -0.000000 -0.000000
vn 1.000000 0.000000 0.000000
vn 1.000000 0.000000 0.000000
vn 1.000000 0.000000 0.000000
vn 1.000000 0.000000 -0.000000
vn 1.000000 0.000000 -0.000000
vn 1.000000 0.000000 -0.000000
vn 1.000000 0.000000 0.000000
vn 1.000000 0.000000 0.000000
vn 1.000000 0.000000 0.000000
vn 1.000000 0.000000 -0.000000
vn 1.000000 0.000000 -0.000000
vn 1.000000 0.000000 -0.000000
vn 1.000000 0.000000 -0.000000
vn 1.000000 0.000000 -0.000000
vn 1.000000 0.000000 -0.000000
vn 1.000000 0.000000 0.000000
vn 1.000000 0.000000 0.000000
vn 1.000000 0.000000 0.000000
vn 1.000000 0.000000 0.000000
vn 1.000000 0.000000 0.000000
vn 1.000000 0.000000 0.000000
vn 1.000000 0.000000 -0.000000
vn 1.000000 0.000000 -0.000000
vn 1.000000 0.000000 -0.000000
vn 1.000000 0.000000 -0.000000
vn 1.000000 0.000000 -0.000000
vn 1.000000 0.000000 -0.000000
vn 1.000000 0.000000 0.000000
vn 1.000000 0.000000 0.000000
vn 1.000000 0.000000 0.000000
vn 1.000000 0.000000 -0.000000
vn 1.000000 0.000000 -0.000000
vn 1.000000 0.000000 -0.000000
vn 1.000000 0.000000 -0.000000
vn 1.000000 0.000000 -0.000000
vn 1.000000 0.000000 -0.000000
vn 1.000000 0.000000 -0.000000
vn 1.000000 0.000000 -0.000000
vn 1.000000 0.000000 -0.000000
vn 1.000000 0.000000 0.000000
vn 1.000000 0.000000 0.000000
vn 1.000000 0.000000 0.000000
vn 1.000000 0.000000 -0.000000
vn 1.000000 0.000000 -0.000000
vn 1.000000 0.000000 -0.000000
vn 1.000000 0.000000 -0.000000
vn 1.000000 0.000000 -0.000000
vn 1.000000 0.000000 -0.000000
vn 1.000000 0.000000 0.000000
vn 1.000000 0.000000 0.000000
vn 1.000000 0.000000 0.000000
vn 1.000000 0.000000 -0.000000
vn 1.000000 0.000000 -0.000000
vn 1.000000 0.000000 -0.000000
vn 1.000000 0.000000 0.000000
vn 1.000000 0.000000 0.000000
vn 1.000000 0.000000 0.000000
vn 1.000000 -0.000000 -0.000000
vn 1.000000 -0.000000 -0.000000
vn 1.000000 -0.000000 -0.000000
vn 1.000000 -0.000000 0.000000
vn 1.000000 -0.000000 0.000000
vn 1.000000 -0.000000 0.000000
vn 1.000000 -0.000000 -0.000000
vn 1.000000 -0.000000 -0.000000
vn 1.000000 -0.000000 -0.000000
vn 1.000000 0.000000 -0.000000
vn 1.000000 0.000000 -0.000000
vn 1.000000 0.000000 -0.000000
vn 1.000000 -0.000000 0.000000
vn 1.000000 -0.000000 0.000000
vn 1.000000 -0.000000 0.000000
vn 1.000000 -0.000000 -0.000000
vn 1.000000 -0.000000 -0.000000
vn 1.000000 -0.000000 -0.000000
vn 1.000000 0.000000 -0.000000
vn 1.000000 0.000000 -0.000000
vn 1.000000 0.000000 -0.000000
vn 0.408879 0.912589 -0.000000
vn 0.408879 0.912589 -0.000000
vn 0.408879 0.912589 -0.000000
vn 0.408879 0.912589 0.000000
vn 0.408879 0.912589 0.000000
vn 0.408879 0.912589 0.000000
vn 0.973914 0.226917 0.000000
vn 0.973914 0.226917 0.000000
vn 0.973914 0.226917 0.000000
vn 0.973914 0.226917 -0.000000
vn 0.973914 0.226917 -0.000000
vn 0.973914 0.226917 -0.000000
vn 0.973914 -0.226917 -0.000000
vn 0.973914 -0.226917 -0.000000
vn 0.973914 -0.226917 -0.000000
vn 0.973914 -0.226917 0.000000
vn 0.973914 -0.226917 0.000000
vn 0.973914 -0.226917 0.000000
vn 0.408872 -0.912592 0.000000
vn 0.408872 -0.912592 0.000000
vn 0.408872 -0.912592 0.000000
vn 0.408877 -0.912590 -0.000000
vn 0.408877 -0.912590 -0.000000
vn 0.408877 -0.912590 -0.000000
vn -0.408874 -0.912591 0.000000
vn -0.408874 -0.912591 0.000000
vn -0.408874 -0.912591 0.000000
vn -0.408874 -0.912591 0.000000
vn -0.408874 -0.912591 0.000000
vn -0.408874 -0.912591 0.000000
vn -0.973914 -0.226917 0.000000
vn -0.973914 -0.226917 0.000000
vn -0.973914 -0.226917 0.000000
vn -0.973914 -0.226916 -0.000000
vn -0.973914 -0.226916 -0.000000
vn -0.973914 -0.226916 -0.000000
vn -0.973914 0.226917 -0.000000
vn -0.973914 0.226917 -0.000000
vn -0.973914 0.226917 -0.000000
vn -0.973914 0.226916 0.000000
vn -0.973914 0.226916 0.000000
vn -0.973914 0.226916 0.000000
vn -0.408879 0.912589 0.000000
vn -0.408879 0.912589 0.000000
vn -0.408879 0.912589 0.000000
vn -0.408879 0.912589 0.000000
vn -0.408879 0.912589 0.000000
vn -0.408879 0.912589 0.000000
vn 0.408873 0.912591 -0.000000
vn 0.408873 0.912591 -0.000000
vn 0.408873 0.912591 -0.000000
vn 0.408873 0.912591 0.000000
vn 0.408873 0.912591 0.000000
vn 0.408873 0.912591 0.000000
vn 0.973914 0.226916 -0.000000
vn 0.973914 0.226916 -0.000000
vn 0.973914 0.226916 -0.000000
vn 0.973914 0.226916 0.000000
vn 0.973914 0.226916 0.000000
vn 0.973914 0.226916 0.000000
vn 0.973914 -0.226917 0.000000
vn 0.973914 -0.226917 0.000000
vn 0.973914 -0.226917 0.000000
vn 0.973914 -0.226917 -0.000000
vn 0.973914 -0.226917 -0.000000
vn 0.973914 -0.226917 -0.000000
vn 0.408873 -0.912591 0.000000
vn 0.408873 -0.912591 0.000000
vn 0.408873 -0.912591 0.000000
vn 0.408880 -0.912588 -0.000000
vn 0.408880 -0.912588 -0.000000
vn 0.408880 -0.912588 -0.000000
vn -0.408880 -0.912588 0.000000
vn -0.408880 -0.912588 0.000000
vn -0.408880 -0.912588 0.000000
vn -0.408876 -0.912590 0.000000
vn -0.408876 -0.912590 0.000000
vn -0.408876 -0.912590 0.000000
vn -0.973914 -0.226917 0.000000
vn -0.973914 -0.226917 0.000000
vn -0.973914 -0.226917 0.000000
vn -0.973914 -0.226917 0.000000
vn -0.973914 -0.226917 0.000000
vn -0.973914 -0.226917 0.000000
vn -0.973914 0.226915 0.000000
vn -0.973914 0.226915 0.000000
vn -0.973914 0.226915 0.000000
vn -0.973914 0.226917 0.000000
vn -0.973914 0.226917 0.000000
vn -0.973914 0.226917 0.000000
vn -0.408873 0.912591 -0.000000
vn -0.408873 0.912591 -0.000000
vn -0.408873 0.912591 -0.000000
vn -0.408866 0.912594 0.000000
vn -0.408866 0.912594 0.000000
vn -0.408866 0.912594 0.000000
vn -0.000000 0.000000 -1.000000
vn -0.000000 0.000000 -1.000000
vn -0.000000 0.000000 -1.000000
vn -0.000000 0.000000 -1.000000
vn -0.000000 0.000000 -1.000000
vn -0.000000 0.000000 -1.000000
vn -0.000000 -0.000000 -1.000000
vn -0.000000 -0.000000 -1.000000
vn -0.000000 -0.000000 -1.000000
vn -0.000000 -0.000000 -1.000000
vn -0.000000 -0.000000 -1.000000
vn -0.000000 -0.000000 -1.000000
vn 0.000000 -0.000000 -1.000000
vn 0.000000 -0.000000 -1.000000
vn 0.000000 -0.000000 -1.000000
vn -0.000000 -0.000000 -1.000000
vn -0.000000 -0.000000 -1.000000
vn -0.000000 -0.000000 -1.000000
vn -0.000000 0.000000 -1.000000
vn -0.000000 0.000000 -1.000000
vn -0.000000 0.000000 -1.000000
vn -0.000000 0.000000 -1.000000
vn -0.000000 0.000000 -1.000000
vn -0.000000 0.000000 -1.000000
vn -0.000000 0.000000 -1.000000
vn -0.000000 0.000000 -1.000000
vn -0.000000 0.000000 -1.000000
vn -0.000000 0.000000 -1.000000
vn -0.000000 0.000000 -1.000000
vn -0.000000 0.000000 -1.000000
vn -0.000000 0.000000 -1.000000
vn -0.000000 0.000000 -1.000000
vn -0.000000 0.000000 -1.000000
vn -0.000000 0.000000 -1.000000
vn -0.000000 0.000000 -1.000000
vn -0.000000 0.000000 -1.000000
vn -0.000000 0.000000 -1.000000
vn -0.000000 0.000000 -1.000000
vn -0.000000 0.000000 -1.000000
vn -0.000000 0.000000 -1.000000
vn -0.000000 0.000000 -1.000000
vn -0.000000 0.000000 -1.000000
vn -0.000000 0.000000 -1.000000
vn -0.000000 0.000000 -1.000000
vn -0.000000 0.000000 -1.000000
vn -0.000000 0.000000 -1.000000
vn -0.000000 0.000000 -1.000000
vn -0.000000 0.000000 -1.000000
vn -0.000000 0.000000 -1.000000
vn -0.000000 0.000000 -1.000000
vn -0.000000 0.000000 -1.000000
vn -0.000000 -0.000000 -1.000000
vn -0.000000 -0.000000 -1.000000
vn -0.000000 -0.000000 -1.000000
vn -0.000000 0.000000 -1.000000
vn -0.000000 0.000000 -1.000000
vn -0.000000 0.000000 -1.000000
vn -0.000000 0.000000 -1.000000
vn -0.000000 0.000000 -1.000000
vn -0.000000 0.000000 -1.000000
vn -0.000000 0.000000 -1.000000
vn -0.000000 0.000000 -1.000000
vn -0.000000 0.000000 -1.000000
vn -0.000000 0.000000 -1.000000
vn -0.000000 0.000000 -1.000000
vn -0.000000 0.000000 -1.000000
vn -0.000000 0.000000 -1.000000
vn -0.000000 0.000000 -1.000000
vn -0.000000 0.000000 -1.000000
vn -0.000000 -0.000000 -1.000000
vn -0.000000 -0.000000 -1.000000
vn -0.000000 -0.000000 -1.000000
vn -0.000000 0.000000 -1.000000
vn -0.000000 0.000000 -1.000000
vn -0.000000 0.000000 -1.000000
vn -0.000000 -0.000000 -1.000000
vn -0.000000 -0.000000 -1.000000
vn -0.000000 -0.000000 -1.000000
vn 0.000000 -0.000000 -1.000000
vn 0.000000 -0.000000 -1.000000
vn 0.000000 -0.000000 -1.000000
vn -0.000000 -0.000000 -1.000000
vn -0.000000 -0.000000 -1.000000
vn -0.000000 -0.000000 -1.000000
vn 0.000000 0.000000 -1.000000
vn 0.000000 0.000000 -1.000000
vn 0.000000 0.000000 -1.000000
vn 0.000000 -0.000000 -1.000000
vn 0.000000 -0.000000 -1.000000
vn 0.000000 -0.000000 -1.000000
vn -0.000000 -0.000000 -1.000000
vn -0.000000 -0.000000 -1.000000
vn -0.000000 -0.000000 -1.000000
vn -0.000000 0.000000 -1.000000
vn -0.000000 0.000000 -1.000000
vn -0.000000 0.000000 -1.000000
vn 0.000002 0.912588 -0.408879
vn 0.000002 0.912588 -0.408879
vn 0.000002 0.912588 -0.408879
vn -0.000000 0.912588 -0.408879
vn -0.000000 0.912588 -0.408879
vn -0.000000 0.912588 -0.408879
vn -0.000000 0.226918 -0.973914
vn -0.000000 0.226918 -0.973914
vn -0.000000 0.226918 -0.973914
vn -0.000002 0.226917 -0.973914
vn -0.000002 0.226917 -0.973914
vn -0.000002 0.226917 -0.973914
vn -0.000001 -0.226917 -0.973914
vn -0.000001 -0.226917 -0.973914
vn -0.000001 -0.226917 -0.973914
vn -0.000000 -0.226917 -0.973914
vn -0.000000 -0.226917 -0.973914
vn -0.000000 -0.226917 -0.973914
vn -0.000000 -0.912591 -0.408874
vn -0.000000 -0.912591 -0.408874
vn -0.000000 -0.912591 -0.408874
vn -0.000000 -0.912591 -0.408875
vn -0.000000 -0.912591 -0.408875
vn -0.000000 -0.912591 -0.408875
vn -0.000002 -0.912591 0.408874
vn -0.000002 -0.912591 0.408874
vn -0.000002 -0.912591 0.408874
vn -0.000000 -0.912591 0.408874
vn -0.000000 -0.912591 0.408874
vn -0.000000 -0.912591 0.408874
vn -0.000000 -0.226917 0.973914
vn -0.000000 -0.226917 0.973914
vn -0.000000 -0.226917 0.973914
vn -0.000000 -0.226917 0.973914
vn -0.000000 -0.226917 0.973914
vn -0.000000 -0.226917 0.973914
vn -0.000000 0.226917 0.973914
vn -0.000000 0.226917 0.973914
vn -0.000000 0.226917 0.973914
vn -0.000000 0.226917 0.973914
vn -0.000000 0.226917 0.973914
vn -0.000000 0.226917 0.973914
vn -0.000000 0.912589 0.408879
vn -0.000000 0.912589 0.408879
vn -0.000000 0.912589 0.408879
vn -0.000000 0.912589 0.408879
vn -0.000000 0.912589 0.408879
vn -0.000000 0.912589 0.408879
vn -0.000005 0.912592 -0.408873
vn -0.000005 0.912592 -0.408873
vn -0.000005 0.912592 -0.408873
vn -0.000000 0.912592 -0.408873
vn -0.000000 0.912592 -0.408873
vn -0.000000 0.912592 -0.408873
vn 0.000001 0.226917 -0.973914
vn 0.000001 0.226917 -0.973914
vn 0.000001 0.226917 -0.973914
vn -0.000000 0.226917 -0.973914
vn -0.000000 0.226917 -0.973914
vn -0.000000 0.226917 -0.973914
vn -0.000000 -0.226917 -0.973914
vn -0.000000 -0.226917 -0.973914
vn -0.000000 -0.226917 -0.973914
vn -0.000000 -0.226917 -0.973914
vn -0.000000 -0.226917 -0.973914
vn -0.000000 -0.226917 -0.973914
vn -0.000000 -0.912590 -0.408876
vn -0.000000 -0.912590 -0.408876
vn -0.000000 -0.912590 -0.408876
vn -0.000000 -0.912590 -0.408876
vn -0.000000 -0.912590 -0.408876
vn -0.000000 -0.912590 -0.408876
vn -0.000002 -0.912590 0.408876
vn -0.000002 -0.912590 0.408876
vn -0.000002 -0.912590 0.408876
vn -0.000000 -0.912590 0.408876
vn -0.000000 -0.912590 0.408876
vn -0.000000 -0.912590 0.408876
vn 0.000000 -0.226917 0.973914
vn 0.000000 -0.226917 0.973914
vn 0.000000 -0.226917 0.973914
vn -0.000000 -0.226917 0.973914
vn -0.000000 -0.226917 0.973914
vn -0.000000 -0.226917 0.973914
vn -0.000000 0.226917 0.973914
vn -0.000000 0.226917 0.973914
vn -0.000000 0.226917 0.973914
vn 0.000001 0.226917 0.973914
vn 0.000001 0.226917 0.973914
vn 0.000001 0.226917 0.973914
vn -0.000003 0.912592 0.408872
vn -0.000003 0.912592 0.408872
vn -0.000003 0.912592 0.408872
vn 0.000008 0.912592 0.408872
vn 0.000008 0.912592 0.408872
vn 0.000008 0.912592 0.408872
vn -1.000000 0.000000 0.000000
vn -1.000000 0.000000 0.000000
vn -1.000000 0.000000 0.000000
vn -1.000000 0.000000 0.000000
vn -1.000000 0.000000 0.000000
vn -1.000000 0.000000 0.000000
vn -1.000000 -0.000000 0.000000
vn -1.000000 -0.000000 0.000000
vn -1.000000 -0.000000 0.000000
vn -1.000000 -0.000000 0.000000
vn -1.000000 -0.000000 0.000000
vn -1.000000 -0.000000 0.000000
vn -1.000000 -0.000000 0.000000
vn -1.000000 -0.000000 0.000000
vn -1.000000 -0.000000 0.000000
vn -1.000000 -0.000000 0.000001
vn -1.000000 -0.000000 0.000001
vn -1.000000 -0.000000 0.000001
vn -1.000000 0.000000 0.000000
vn -1.000000 0.000000 0.000000
vn -1.000000 0.000000 0.000000
vn -1.000000 0.000000 0.000000
vn -1.000000 0.000000 0.000000
vn -1.000000 0.000000 0.000000
vn -1.000000 0.000000 0.000000
vn -1.000000 0.000000 0.000000
vn -1.000000 0.000000 0.000000
vn -1.000000 0.000000 0.000000
vn -1.000000 0.000000 0.000000
vn -1.000000 0.000000 0.000000
vn -1.000000 0.000000 0.000000
vn -1.000000 0.000000 0.000000
vn -1.000000 0.000000 0.000000
vn -1.000000 0.000000 0.000000
vn -1.000000 0.000000 0.000000
vn -1.000000 0.000000 0.000000
vn -1.000000 0.000000 0.000000
vn -1.000000 0.000000 0.000000
vn -1.000000 0.000000 0.000000
vn -1.000000 0.000000 0.000000
vn -1.000000 0.000000 0.000000
vn -1.000000 0.000000 0.000000
vn -1.000000 0.000000 0.000000
vn -1.000000 0.000000 0.000000
vn -1.000000 0.000000 0.000000
vn -1.000000 0.000000 0.000000
vn -1.000000 0.000000 0.000000
vn -1.000000 0.000000 0.000000
vn -1.000000 0.000000 0.000001
vn -1.000000 0.000000 0.000001
vn -1.000000 0.000000 0.000001
vn -1.000000 0.000000 0.000000
vn -1.000000 0.000000 0.000000
vn -1.000000 0.000000 0.000000
vn -1.000000 0.000000 0.000000
vn -1.000000 0.000000 0.000000
vn -1.000000 0.000000 0.000000
vn -1.000000 0.000000 0.000000
vn -1.000000 0.000000 0.000000
vn -1.000000 0.000000 0.000000
vn -1.000000 0.000000 0.000000
vn -1.000000 0.000000 0.000000
vn -1.000000 0.000000 0.000000
vn -1.000000 0.000000 0.000000
vn -1.000000 0.000000 0.000000
vn -1.000000 0.000000 0.000000
vn -1.000000 0.000000 0.000000
vn -1.000000 0.000000 0.000000
vn -1.000000 0.000000 0.000000
vn -1.000000 0.000000 0.000001
vn -1.000000 0.000000 0.000001
vn -1.000000 0.000000 0.000001
vn -1.000000 0.000000 0.000000
vn -1.000000 0.000000 0.000000
vn -1.000000 0.000000 0.000000
vn -1.000000 -0.000000 0.000000
vn -1.000000 -0.000000 0.000000
vn -1.000000 -0.000000 0.000000
vn -1.000000 -0.000000 0.000000
vn -1.000000 -0.000000 0.000000
vn -1.000000 -0.000000 0.000000
vn -1.000000 -0.000000 0.000000
vn -1.000000 -0.000000 0.000000
vn -1.000000 -0.000000 0.000000
vn -1.000000 0.000000 -0.000000
vn -1.000000 0.000000 -0.000000
vn -1.000000 0.000000 -0.000000
vn -1.000000 -0.000000 0.000000
vn -1.000000 -0.000000 0.000000
vn -1.000000 -0.000000 0.000000
vn -1.000000 -0.000000 0.000000
vn -1.000000 -0.000000 0.000000
vn -1.000000 -0.000000 0.000000
vn -1.000000 0.000000 0.000000
vn -1.000000 0.000000 0.000000
vn -1.000000 0.000000 0.000000
vn -0.408879 0.912589 0.000000
vn -0.408879 0.912589 0.000000
vn -0.408879 0.912589 0.000000
vn -0.408879 0.912588 0.000000
vn -0.408879 0.912588 0.000000
vn -0.408879 0.912588 0.000000
vn -0.973914 0.226917 0.000000
vn -0.973914 0.226917 0.000000
vn -0.973914 0.226917 0.000000
vn -0.973914 0.226917 0.000000
vn -0.973914 0.226917 0.000000
vn -0.973914 0.226917 0.000000
vn -0.973914 -0.226917 0.000000
vn -0.973914 -0.226917 0.000000
vn -0.973914 -0.226917 0.000000
vn -0.973914 -0.226917 0.000000
vn -0.973914 -0.226917 0.000000
vn -0.973914 -0.226917 0.000000
vn -0.408870 -0.912593 -0.000000
vn -0.408870 -0.912593 -0.000000
vn -0.408870 -0.912593 -0.000000
vn -0.408879 -0.912589 0.000000
vn -0.408879 -0.912589 0.000000
vn -0.408879 -0.912589 0.000000
vn 0.408879 -0.912589 -0.000000
vn 0.408879 -0.912589 -0.000000
vn 0.408879 -0.912589 -0.000000
vn 0.408869 -0.912593 -0.000000
vn 0.408869 -0.912593 -0.000000
vn 0.408869 -0.912593 -0.000000
vn 0.973914 -0.226917 0.000000
vn 0.973914 -0.226917 0.000000
vn 0.973914 -0.226917 0.000000
vn 0.973914 -0.226916 0.000000
vn 0.973914 -0.226916 0.000000
vn 0.973914 -0.226916 0.000000
vn 0.973914 0.226917 0.000000
vn 0.973914 0.226917 0.000000
vn 0.973914 0.226917 0.000000
vn 0.973914 0.226917 0.000000
vn 0.973914 0.226917 0.000000
vn 0.973914 0.226917 0.000000
vn 0.408879 0.912589 0.000000
vn 0.408879 0.912589 0.000000
vn 0.408879 0.912589 0.000000
vn 0.408879 0.912589 -0.000000
vn 0.408879 0.912589 -0.000000
vn 0.408879 0.912589 -0.000000
vn -0.408873 0.912591 0.000000
vn -0.408873 0.912591 0.000000
vn -0.408873 0.912591 0.000000
vn -0.408873 0.912591 0.000000
vn -0.408873 0.912591 0.000000
vn -0.408873 0.912591 0.000000
vn -0.973914 0.226918 0.000000
vn -0.973914 0.226918 0.000000
vn -0.973914 0.226918 0.000000
vn -0.973914 0.226916 0.000000
vn -0.973914 0.226916 0.000000
vn -0.973914 0.226916 0.000000
vn -0.973914 -0.226916 0.000000
vn -0.973914 -0.226916 0.000000
vn -0.973914 -0.226916 0.000000
vn -0.973914 -0.226917 0.000000
vn -0.973914 -0.226917 0.000000
vn -0.973914 -0.226917 0.000000
vn -0.408866 -0.912594 0.000000
vn -0.408866 -0.912594 0.000000
vn -0.408866 -0.912594 0.000000
vn -0.408887 -0.912585 0.000000
vn -0.408887 -0.912585 0.000000
vn -0.408887 -0.912585 0.000000
vn 0.408880 -0.912588 -0.000000
vn 0.408880 -0.912588 -0.000000
vn 0.408880 -0.912588 -0.000000
vn 0.408873 -0.912591 -0.000000
vn 0.408873 -0.912591 -0.000000
vn 0.408873 -0.912591 -0.000000
vn 0.973914 -0.226917 0.000000
vn 0.973914 -0.226917 0.000000
vn 0.973914 -0.226917 0.000000
vn 0.973914 -0.226916 -0.000000
vn 0.973914 -0.226916 -0.000000
vn 0.973914 -0.226916 -0.000000
vn 0.973914 0.226916 -0.000000
vn 0.973914 0.226916 -0.000000
vn 0.973914 0.226916 -0.000000
vn 0.973914 0.226916 0.000000
vn 0.973914 0.226916 0.000000
vn 0.973914 0.226916 0.000000
vn 0.408873 0.912592 0.000000
vn 0.408873 0.912592 0.000000
vn 0.408873 0.912592 0.000000
vn 0.408873 0.912591 -0.000000
vn 0.408873 0.912591 -0.000000
vn 0.408873 0.912591 -0.000000
vn 0.000000 0.000000 1.000000
vn 0.000000 0.000000 1.000000
vn 0.000000 0.000000 1.000000
vn 0.000000 0.000000 1.000000
vn 0.000000 0.000000 1.000000
vn 0.000000 0.000000 1.000000
vn 0.000000 -0.000000 1.000000
vn 0.000000 -0.000000 1.000000
vn 0.000000 -0.000000 1.000000
vn 0.000000 -0.000000 1.000000
vn 0.000000 -0.000000 1.000000
vn 0.000000 -0.000000 1.000000
vn -0.000000 0.000000 1.000000
vn -0.000000 0.000000 1.000000
vn -0.000000 0.000000 1.000000
vn 0.000001 -0.000000 1.000000
vn 0.000001 -0.000000 1.000000
vn 0.000001 -0.000000 1.000000
vn -0.000000 0.000000 1.000000
vn -0.000000 0.000000 1.000000
vn -0.000000 0.000000 1.000000
vn 0.000000 0.000000 1.000000
vn 0.000000 0.000000 1.000000
vn 0.000000 0.000000 1.000000
vn -0.000000 0.000000 1.000000
vn -0.000000 0.000000 1.000000
vn -0.000000 0.000000 1.000000
vn 0.000000 0.000000 1.000000
vn 0.000000 0.000000 1.000000
vn 0.000000 0.000000 1.000000
vn 0.000000 0.000000 1.000000
vn 0.000000 0.000000 1.000000
vn 0.000000 0.000000 1.000000
vn -0.000000 0.000000 1.000000
vn -0.000000 0.000000 1.000000
vn -0.000000 0.000000 1.000000
vn 0.000000 0.000000 1.000000
vn 0.000000 0.000000 1.000000
vn 0.000000 0.000000 1.000000
vn 0.000000 0.000000 1.000000
vn 0.000000 0.000000 1.000000
vn 0.000000 0.000000 1.000000
vn 0.000000 0.000000 1.000000
vn 0.000000 0.000000 1.000000
vn 0.000000 0.000000 1.000000
vn 0.000000 0.000000 1.000000
vn 0.000000 0.000000 1.000000
vn 0.000000 0.000000 1.000000
vn 0.000000 0.000000 1.000000
vn 0.000000 0.000000 1.000000
vn 0.000000 0.000000 1.000000
vn 0.000000 -0.000000 1.000000
vn 0.000000 -0.000000 1.000000
vn 0.000000 -0.000000 1.000000
vn 0.000000 0.000000 1.000000
vn 0.000000 0.000000 1.000000
vn 0.000000 0.000000 1.000000
vn 0.000000 0.000000 1.000000
vn 0.000000 0.000000 1.000000
vn 0.000000 0.000000 1.000000
vn 0.000000 0.000000 1.000000
vn 0.000000 0.000000 1.000000
vn 0.000000 0.000000 1.000000
vn 0.000000 0.000000 1.000000
vn 0.000000 0.000000 1.000000
vn 0.000000 0.000000 1.000000
vn 0.000000 0.000000 1.000000
vn 0.000000 0.000000 1.000000
vn 0.000000 0.000000 1.000000
vn 0.000000 0.000000 1.000000
vn 0.000000 0.000000 1.000000
vn 0.000000 0.000000 1.000000
vn 0.000000 0.000000 1.000000
vn 0.000000 0.000000 1.000000
vn 0.000000 0.000000 1.000000
vn 0.000000 -0.000000 1.000000
vn 0.000000 -0.000000 1.000000
vn 0.000000 -0.000000 1.000000
vn 0.000000 -0.000000 1.000000
vn 0.000000 -0.000000 1.000000
vn 0.000000 -0.000000 1.000000
vn 0.000001 -0.000000 1.000000
vn 0.000001 -0.000000 1.000000
vn 0.000001 -0.000000 1.000000
vn -0.000000 0.000000 1.000000
vn -0.000000 0.000000 1.000000
vn -0.000000 0.000000 1.000000
vn 0.000000 -0.000000 1.000000
vn 0.000000 -0.000000 1.000000
vn 0.000000 -0.000000 1.000000
vn 0.000000 -0.000000 1.000000
vn 0.000000 -0.000000 1.000000
vn 0.000000 -0.000000 1.000000
vn 0.000000 0.000000 1.000000
vn 0.000000 0.000000 1.000000
vn 0.000000 0.000000 1.000000
vn 1.000000 0.000000 -0.000000
vn 1.000000 0.000000 -0.000000
vn 1.000000 0.000000 -0.000000
vn 1.000000 0.000000 -0.000000
vn 1.000000 0.000000 -0.000000
vn 1.000000 0.000000 -0.000000
vn 1.000000 0.000000 -0.000000
vn 1.000000 0.000000 -0.000000
vn 1.000000 0.000000 -0.000000
vn 1.000000 0.000000 0.000000
vn 1.000000 0.000000 0.000000
vn 1.000000 0.000000 0.000000
vn 1.000000 0.000000 -0.000000
vn 1.000000 0.000000 -0.000000
vn 1.000000 0.000000 -0.000000
vn 1.000000 -0.000000 0.000000
vn 1.000000 -0.000000 0.000000
vn 1.000000 -0.000000 0.000000
vn 0.000001 -0.226917 -0.973914
vn 0.000001 -0.226917 -0.973914
vn 0.000001 -0.226917 -0.973914
vn -0.000002 -0.226916 -0.973914
vn -0.000002 -0.226916 -0.973914
vn -0.000002 -0.226916 -0.973914
vn 1.000000 -0.000000 -0.000001
vn 1.000000 -0.000000 -0.000001
vn 1.000000 -0.000000 -0.000001
vn 1.000000 0.000000 0.000000
vn 1.000000 0.000000 0.000000
vn 1.000000 0.000000 0.000000
vn 0.000006 -0.912591 -0.408874
vn 0.000006 -0.912591 -0.408874
vn 0.000006 -0.912591 -0.408874
vn -0.000000 -0.912591 -0.408874
vn -0.000000 -0.912591 -0.408874
vn -0.000000 -0.912591 -0.408874
vn 1.000000 -0.000000 -0.000000
vn 1.000000 -0.000000 -0.000000
vn 1.000000 -0.000000 -0.000000
vn 1.000000 -0.000000 -0.000000
vn 1.000000 -0.000000 -0.000000
vn 1.000000 -0.000000 -0.000000
vn 0.000004 -0.912591 0.408875
vn 0.000004 -0.912591 0.408875
vn 0.000004 -0.912591 0.408875
vn -0.000006 -0.912591 0.408875
vn -0.000006 -0.912591 0.408875
vn -0.000006 -0.912591 0.408875
vn 1.000000 0.000000 -0.000000
vn 1.000000 0.000000 -0.000000
vn 1.000000 0.000000 -0.000000
vn 1.000000 0.000000 -0.000000
vn 1.000000 0.000000 -0.000000
vn 1.000000 0.000000 -0.000000
vn 0.000001 -0.226917 0.973914
vn 0.000001 -0.226917 0.973914
vn 0.000001 -0.226917 0.973914
vn -0.000000 -0.226917 0.973914
vn -0.000000 -0.226917 0.973914
vn -0.000000 -0.226917 0.973914
vn -0.000000 0.912592 -0.408872
vn -0.000000 0.912592 -0.408872
vn -0.000000 0.912592 -0.408872
vn -0.000000 0.912592 -0.408872
vn -0.000000 0.912592 -0.408872
vn -0.000000 0.912592 -0.408872
vn -0.000000 0.226917 -0.973914
vn -0.000000 0.226917 -0.973914
vn -0.000000 0.226917 -0.973914
vn -0.000000 0.226917 -0.973914
vn -0.000000 0.226917 -0.973914
vn -0.000000 0.226917 -0.973914
vn -0.000000 -0.226917 -0.973914
vn -0.000000 -0.226917 -0.973914
vn -0.000000 -0.226917 -0.973914
vn -0.000001 -0.226917 -0.973914
vn -0.000001 -0.226917 -0.973914
vn -0.000001 -0.226917 -0.973914
vn -0.000000 0.226917 0.973914
vn -0.000000 0.226917 0.973914
vn -0.000000 0.226917 0.973914
vn 0.000002 0.226918 0.973914
vn 0.000002 0.226918 0.973914
vn 0.000002 0.226918 0.973914
vn 0.000011 -0.912590 -0.408876
vn 0.000011 -0.912590 -0.408876
vn 0.000011 -0.912590 -0.408876
vn -0.000000 -0.912590 -0.408876
vn -0.000000 -0.912590 -0.408876
vn -0.000000 -0.912590 -0.408876
vn 0.000002 0.912588 0.408879
vn 0.000002 0.912588 0.408879
vn 0.000002 0.912588 0.408879
vn -0.000000 0.912588 0.408879
vn -0.000000 0.912588 0.408879
vn -0.000000 0.912588 0.408879
vn -0.000000 -0.912590 0.408876
vn -0.000000 -0.912590 0.408876
vn -0.000000 -0.912590 0.408876
vn -0.000008 -0.912590 0.408876
vn -0.000008 -0.912590 0.408876
vn -0.000008 -0.912590 0.408876
vn -0.000000 -0.226917 0.973914
vn -0.000000 -0.226917 0.973914
vn -0.000000 -0.226917 0.973914
vn -0.000000 -0.226917 0.973914
vn -0.000000 -0.226917 0.973914
vn -0.000000 -0.226917 0.973914
vn -0.000000 0.226917 0.973914
vn -0.000000 0.226917 0.973914
vn -0.000000 0.226917 0.973914
vn -0.000000 0.226917 0.973914
vn -0.000000 0.226917 0.973914
vn -0.000000 0.226917 0.973914
vn 0.000002 0.912592 0.408873
vn 0.000002 0.912592 0.408873
vn 0.000002 0.912592 0.408873
vn -0.000000 0.912592 0.408873
vn -0.000000 0.912592 0.408873
vn -0.000000 0.912592 0.408873
vn -0.000000 0.912589 -0.408879
vn -0.000000 0.912589 -0.408879
vn -0.000000 0.912589 -0.408879
vn -0.000000 0.912589 -0.408879
vn -0.000000 0.912589 -0.408879
vn -0.000000 0.912589 -0.408879
vn -0.000001 0.226917 -0.973914
vn -0.000001 0.226917 -0.973914
vn -0.000001 0.226917 -0.973914
vn -0.000000 0.226917 -0.973914
vn -0.000000 0.226917 -0.973914
vn -0.000000 0.226917 -0.973914
vn 1.000000 0.000000 -0.000000
vn 1.000000 0.000000 -0.000000
vn 1.000000 0.000000 -0.000000
vn 1.000000 0.000000 -0.000000
vn 1.000000 0.000000 -0.000000
vn 1.000000 0.000000 -0.000000
vn 1.000000 0.000000 -0.000000
vn 1.000000 0.000000 -0.000000
vn 1.000000 0.000000 -0.000000
vn 1.000000 0.000000 -0.000000
vn 1.000000 0.000000 -0.000000
vn 1.000000 0.000000 -0.000000
vn 1.000000 0.000000 -0.000000
vn 1.000000 0.000000 -0.000000
vn 1.000000 0.000000 -0.000000
vn 1.000000 0.000000 -0.000000
vn 1.000000 0.000000 -0.000000
vn 1.000000 0.000000 -0.000000
vn 1.000000 0.000000 -0.000000
vn 1.000000 0.000000 -0.000000
vn 1.000000 0.000000 -0.000000
vn 1.000000 0.000000 -0.000000
vn 1.000000 0.000000 -0.000000
vn 1.000000 0.000000 -0.000000
vn 1.000000 0.000000 -0.000000
vn 1.000000 0.000000 -0.000000
vn 1.000000 0.000000 -0.000000
vn 1.000000 0.000000 -0.000000
vn 1.000000 0.000000 -0.000000
vn 1.000000 0.000000 -0.000000
vn 1.000000 0.000000 -0.000000
vn 1.000000 0.000000 -0.000000
vn 1.000000 0.000000 -0.000000
vn 1.000000 -0.000000 -0.000001
vn 1.000000 -0.000000 -0.000001
vn 1.000000 -0.000000 -0.000001
vn 1.000000 0.000000 -0.000000
vn 1.000000 0.000000 -0.000000
vn 1.000000 0.000000 -0.000000
vn 1.000000 -0.000000 -0.000000
vn 1.000000 -0.000000 -0.000000
vn 1.000000 -0.000000 -0.000000
vn 1.000000 -0.000000 -0.000000
vn 1.000000 -0.000000 -0.000000
vn 1.000000 -0.000000 -0.000000
vn 1.000000 -0.000000 -0.000000
vn 1.000000 -0.000000 -0.000000
vn 1.000000 -0.000000 -0.000000
vn 1.000000 -0.000000 0.000000
vn 1.000000 -0.000000 0.000000
vn 1.000000 -0.000000 0.000000
vn 1.000000 -0.000000 -0.000000
vn 1.000000 -0.000000 -0.000000
vn 1.000000 -0.000000 -0.000000
vn 1.000000 -0.000000 -0.000000
vn 1.000000 -0.000000 -0.000000
vn 1.000000 -0.000000 -0.000000
vn 1.000000 0.000000 -0.000001
vn 1.000000 0.000000 -0.000001
vn 1.000000 0.000000 -0.000001
vn -0.000000 0.000000 -1.000000
vn -0.000000 0.000000 -1.000000
vn -0.000000 0.000000 -1.000000
vn -0.000000 0.000000 -1.000000
vn -0.000000 0.000000 -1.000000
vn -0.000000 0.000000 -1.000000
vn -0.000000 0.000000 -1.000000
vn -0.000000 0.000000 -1.000000
vn -0.000000 0.000000 -1.000000
vn -0.000000 0.000000 -1.000000
vn -0.000000 0.000000 -1.000000
vn -0.000000 0.000000 -1.000000
vn -0.000000 0.000000 -1.000000
vn -0.000000 0.000000 -1.000000
vn -0.000000 0.000000 -1.000000
vn -0.000000 0.000000 -1.000000
vn -0.000000 0.000000 -1.000000
vn -0.000000 0.000000 -1.000000
vn -0.973914 -0.226917 0.000000
vn -0.973914 -0.226917 0.000000
vn -0.973914 -0.226917 0.000000
vn -0.973915 -0.226916 -0.000000
vn -0.973915 -0.226916 -0.000000
vn -0.973915 -0.226916 -0.000000
vn -0.000001 -0.000000 -1.000000
vn -0.000001 -0.000000 -1.000000
vn -0.000001 -0.000000 -1.000000
vn -0.000000 -0.000000 -1.000000
vn -0.000000 -0.000000 -1.000000
vn -0.000000 -0.000000 -1.000000
vn -0.408874 -0.912591 0.000000
vn -0.408874 -0.912591 0.000000
vn -0.408874 -0.912591 0.000000
vn -0.408874 -0.912591 0.000000
vn -0.408874 -0.912591 0.000000
vn -0.408874 -0.912591 0.000000
vn -0.000000 -0.000000 -1.000000
vn -0.000000 -0.000000 -1.000000
vn -0.000000 -0.000000 -1.000000
vn -0.000000 -0.000000 -1.000000
vn -0.000000 -0.000000 -1.000000
vn -0.000000 -0.000000 -1.000000
vn 0.408879 -0.912588 0.000000
vn 0.408879 -0.912588 0.000000
vn 0.408879 -0.912588 0.000000
vn 0.408869 -0.912593 -0.000000
vn 0.408869 -0.912593 -0.000000
vn 0.408869 -0.912593 -0.000000
vn -0.000000 0.000000 -1.000000
vn -0.000000 0.000000 -1.000000
vn -0.000000 0.000000 -1.000000
vn -0.000000 0.000000 -1.000000
vn -0.000000 0.000000 -1.000000
vn -0.000000 0.000000 -1.000000
vn 0.973914 -0.226917 -0.000000
vn 0.973914 -0.226917 -0.000000
vn 0.973914 -0.226917 -0.000000
vn 0.973914 -0.226917 0.000000
vn 0.973914 -0.226917 0.000000
vn 0.973914 -0.226917 0.000000
vn -0.408873 0.912592 0.000000
vn -0.408873 0.912592 0.000000
vn -0.408873 0.912592 0.000000
vn -0.408866 0.912595 0.000000
vn -0.408866 0.912595 0.000000
vn -0.408866 0.912595 0.000000
vn -0.973914 0.226916 0.000000
vn -0.973914 0.226916 0.000000
vn -0.973914 0.226916 0.000000
vn -0.973914 0.226918 0.000000
vn -0.973914 0.226918 0.000000
vn -0.973914 0.226918 0.000000
vn -0.973914 -0.226917 0.000000
vn -0.973914 -0.226917 0.000000
vn -0.973914 -0.226917 0.000000
vn -0.973914 -0.226915 0.000000
vn -0.973914 -0.226915 0.000000
vn -0.973914 -0.226915 0.000000
vn 0.973914 0.226917 0.000000
vn 0.973914 0.226917 0.000000
vn 0.973914 0.226917 0.000000
vn 0.973914 0.226917 -0.000000
vn 0.973914 0.226917 -0.000000
vn 0.973914 0.226917 -0.000000
vn -0.408880 -0.912588 0.000000
vn -0.408880 -0.912588 0.000000
vn -0.408880 -0.912588 0.000000
vn -0.408866 -0.912595 0.000000
vn -0.408866 -0.912595 0.000000
vn -0.408866 -0.912595 0.000000
vn 0.408874 0.912591 -0.000000
vn 0.408874 0.912591 -0.000000
vn 0.408874 0.912591 -0.000000
vn 0.408884 0.912586 -0.000000
vn 0.408884 0.912586 -0.000000
vn 0.408884 0.912586 -0.000000
vn 0.408866 -0.912594 0.000000
vn 0.408866 -0.912594 0.000000
vn 0.408866 -0.912594 0.000000
vn 0.408880 -0.912588 -0.000000
vn 0.408880 -0.912588 -0.000000
vn 0.408880 -0.912588 -0.000000
vn 0.973914 -0.226916 0.000000
vn 0.973914 -0.226916 0.000000
vn 0.973914 -0.226916 0.000000
vn 0.973914 -0.226917 0.000000
vn 0.973914 -0.226917 0.000000
vn 0.973914 -0.226917 0.000000
vn 0.973914 0.226916 -0.000000
vn 0.973914 0.226916 -0.000000
vn 0.973914 0.226916 -0.000000
vn 0.973914 0.226916 0.000000
vn 0.973914 0.226916 0.000000
vn 0.973914 0.226916 0.000000
vn 0.408859 0.912598 -0.000000
vn 0.408859 0.912598 -0.000000
vn 0.408859 0.912598 -0.000000
vn 0.408873 0.912591 -0.000000
vn 0.408873 0.912591 -0.000000
vn 0.408873 0.912591 -0.000000
vn -0.408884 0.912586 0.000000
vn -0.408884 0.912586 0.000000
vn -0.408884 0.912586 0.000000
vn -0.408879 0.912589 0.000000
vn -0.408879 0.912589 0.000000
vn -0.408879 0.912589 0.000000
vn -0.973914 0.226918 -0.000000
vn -0.973914 0.226918 -0.000000
vn -0.973914 0.226918 -0.000000
vn -0.973914 0.226917 0.000000
vn -0.973914 0.226917 0.000000
vn -0.973914 0.226917 0.000000
vn -0.000000 0.000000 -1.000000
vn -0.000000 0.000000 -1.000000
vn -0.000000 0.000000 -1.000000
vn -0.000000 0.000000 -1.000000
vn -0.000000 0.000000 -1.000000
vn -0.000000 0.000000 -1.000000
vn -0.000000 0.000000 -1.000000
vn -0.000000 0.000000 -1.000000
vn -0.000000 0.000000 -1.000000
vn -0.000000 0.000000 -1.000000
vn -0.000000 0.000000 -1.000000
vn -0.000000 0.000000 -1.000000
vn -0.000000 -0.000000 -1.000000
vn -0.000000 -0.000000 -1.000000
vn -0.000000 -0.000000 -1.000000
vn -0.000000 -0.000000 -1.000000
vn -0.000000 -0.000000 -1.000000
vn -0.000000 -0.000000 -1.000000
vn -0.000000 0.000000 -1.000000
vn -0.000000 0.000000 -1.000000
vn -0.000000 0.000000 -1.000000
vn -0.000000 0.000000 -1.000000
vn -0.000000 0.000000 -1.000000
vn -0.000000 0.000000 -1.000000
vn -0.000000 0.000000 -1.000000
vn -0.000000 0.000000 -1.000000
vn -0.000000 0.000000 -1.000000
vn -0.000000 0.000000 -1.000000
vn -0.000000 0.000000 -1.000000
vn -0.000000 0.000000 -1.000000
vn -0.000000 0.000000 -1.000000
vn -0.000000 0.000000 -1.000000
vn -0.000000 0.000000 -1.000000
vn -0.000001 0.000000 -1.000000
vn -0.000001 0.000000 -1.000000
vn -0.000001 0.000000 -1.000000
vn -0.000000 0.000000 -1.000000
vn -0.000000 0.000000 -1.000000
vn -0.000000 0.000000 -1.000000
vn -0.000000 -0.000000 -1.000000
vn -0.000000 -0.000000 -1.000000
vn -0.000000 -0.000000 -1.000000
vn -0.000000 -0.000000 -1.000000
vn -0.000000 -0.000000 -1.000000
vn -0.000000 -0.000000 -1.000000
vn -0.000001 -0.000000 -1.000000
vn -0.000001 -0.000000 -1.000000
vn -0.000001 -0.000000 -1.000000
vn -0.000000 0.000000 -1.000000
vn -0.000000 0.000000 -1.000000
vn -0.000000 0.000000 -1.000000
vn -0.000000 -0.000000 -1.000000
vn -0.000000 -0.000000 -1.000000
vn -0.000000 -0.000000 -1.000000
vn -0.000000 -0.000000 -1.000000
vn -0.000000 -0.000000 -1.000000
vn -0.000000 -0.000000 -1.000000
vn -0.000001 0.000000 -1.000000
vn -0.000001 0.000000 -1.000000
vn -0.000001 0.000000 -1.000000
vn 0.365409 -0.297066 0.882172
vn 0.365409 -0.297066 0.882172
vn 0.365409 -0.297066 0.882172
vn 0.365408 -0.297066 0.882173
vn 0.365408 -0.297066 0.882173
vn 0.365408 -0.297066 0.882173
vn 0.365409 -0.297066 -0.882172
vn 0.365409 -0.297066 -0.882172
vn 0.365409 -0.297066 -0.882172
vn 0.365409 -0.297066 -0.882172
vn 0.365409 -0.297066 -0.882172
vn 0.365409 -0.297066 -0.882172
vn -0.882173 -0.297064 0.365411
vn -0.882173 -0.297064 0.365411
vn -0.882173 -0.297064 0.365411
vn -0.882172 -0.297067 0.365410
vn -0.882172 -0.297067 0.365410
vn -0.882172 -0.297067 0.365410
vn 0.882174 -0.297064 0.365406
vn 0.882174 -0.297064 0.365406
vn 0.882174 -0.297064 0.365406
vn 0.882174 -0.297065 0.365407
vn 0.882174 -0.297065 0.365407
vn 0.882174 -0.297065 0.365407
vn -0.365408 -0.297064 -0.882173
vn -0.365408 -0.297064 -0.882173
vn -0.365408 -0.297064 -0.882173
vn -0.365410 -0.297066 -0.882172
vn -0.365410 -0.297066 -0.882172
vn -0.365410 -0.297066 -0.882172
vn 0.882174 -0.297065 -0.365406
vn 0.882174 -0.297065 -0.365406
vn 0.882174 -0.297065 -0.365406
vn 0.882174 -0.297064 -0.365407
vn 0.882174 -0.297064 -0.365407
vn 0.882174 -0.297064 -0.365407
vn 0.923882 0.000000 -0.382678
vn 0.923882 0.000000 -0.382678
vn 0.923882 0.000000 -0.382678
vn 0.923880 0.000000 -0.382682
vn 0.923880 0.000000 -0.382682
vn 0.923880 0.000000 -0.382682
vn 0.382685 0.000000 0.923879
vn 0.382685 0.000000 0.923879
vn 0.382685 0.000000 0.923879
vn 0.382683 0.000000 0.923880
vn 0.382683 0.000000 0.923880
vn 0.382683 0.000000 0.923880
vn -0.382684 0.000000 0.923879
vn -0.382684 0.000000 0.923879
vn -0.382684 0.000000 0.923879
vn -0.382682 0.000000 0.923880
vn -0.382682 0.000000 0.923880
vn -0.382682 0.000000 0.923880
vn -0.923879 0.000000 -0.382686
vn -0.923879 0.000000 -0.382686
vn -0.923879 0.000000 -0.382686
vn -0.923879 0.000000 -0.382686
vn -0.923879 0.000000 -0.382686
vn -0.923879 0.000000 -0.382686
vn 0.382684 0.000000 -0.923879
vn 0.382684 0.000000 -0.923879
vn 0.382684 0.000000 -0.923879
vn 0.382685 0.000000 -0.923879
vn 0.382685 0.000000 -0.923879
vn 0.382685 0.000000 -0.923879
vn 0.923880 0.000000 0.382683
vn 0.923880 0.000000 0.382683
vn 0.923880 0.000000 0.382683
vn 0.923882 0.000000 0.382678
vn 0.923882 0.000000 0.382678
vn 0.923882 0.000000 0.382678
vn -0.365408 -0.297066 0.882173
vn -0.365408 -0.297066 0.882173
vn -0.365408 -0.297066 0.882173
vn -0.365409 -0.297065 0.882173
vn -0.365409 -0.297065 0.882173
vn -0.365409 -0.297065 0.882173
vn -0.882172 -0.297067 -0.365410
vn -0.882172 -0.297067 -0.365410
vn -0.882172 -0.297067 -0.365410
vn -0.882172 -0.297065 -0.365410
vn -0.882172 -0.297065 -0.365410
vn -0.882172 -0.297065 -0.365410
vn -0.776395 0.542025 -0.321590
vn -0.776395 0.542025 -0.321590
vn -0.776395 0.542025 -0.321590
vn -0.776393 0.542021 -0.321601
vn -0.776393 0.542021 -0.321601
vn -0.776393 0.542021 -0.321601
vn 0.321593 0.542022 -0.776396
vn 0.321593 0.542022 -0.776396
vn 0.321593 0.542022 -0.776396
vn 0.321593 0.542024 -0.776394
vn 0.321593 0.542024 -0.776394
vn 0.321593 0.542024 -0.776394
vn 0.776397 0.542023 0.321587
vn 0.776397 0.542023 0.321587
vn 0.776397 0.542023 0.321587
vn 0.776395 0.542023 0.321595
vn 0.776395 0.542023 0.321595
vn 0.776395 0.542023 0.321595
vn -0.776394 0.542022 0.321597
vn -0.776394 0.542022 0.321597
vn -0.776394 0.542022 0.321597
vn -0.776396 0.542024 0.321587
vn -0.776396 0.542024 0.321587
vn -0.776396 0.542024 0.321587
vn -0.321594 0.542023 -0.776394
vn -0.321594 0.542023 -0.776394
vn -0.321594 0.542023 -0.776394
vn -0.321591 0.542024 -0.776395
vn -0.321591 0.542024 -0.776395
vn -0.321591 0.542024 -0.776395
vn 0.776397 0.542023 -0.321587
vn 0.776397 0.542023 -0.321587
vn 0.776397 0.542023 -0.321587
vn 0.776395 0.542023 -0.321595
vn 0.776395 0.542023 -0.321595
vn 0.776395 0.542023 -0.321595
vn -0.382684 0.000000 -0.923879
vn -0.382684 0.000000 -0.923879
vn -0.382684 0.000000 -0.923879
vn -0.382684 0.000000 -0.923879
vn -0.382684 0.000000 -0.923879
vn -0.382684 0.000000 -0.923879
vn -0.923879 0.000000 0.382686
vn -0.923879 0.000000 0.382686
vn -0.923879 0.000000 0.382686
vn -0.923879 0.000000 0.382686
vn -0.923879 0.000000 0.382686
vn -0.923879 0.000000 0.382686
vn 0.577313 0.780722 0.239129
vn 0.577313 0.780722 0.239129
vn 0.577313 0.780722 0.239129
vn -0.577313 0.780723 0.239126
vn -0.577313 0.780723 0.239126
vn -0.577313 0.780723 0.239126
vn -0.239133 0.780719 -0.577316
vn -0.239133 0.780719 -0.577316
vn -0.239133 0.780719 -0.577316
vn 0.577314 0.780721 -0.239129
vn 0.577314 0.780721 -0.239129
vn 0.577314 0.780721 -0.239129
vn 0.239130 0.780721 0.577313
vn 0.239130 0.780721 0.577313
vn 0.239130 0.780721 0.577313
vn -0.239130 0.780719 0.577316
vn -0.239130 0.780719 0.577316
vn -0.239130 0.780719 0.577316
vn -0.321593 0.542024 0.776394
vn -0.321593 0.542024 0.776394
vn -0.321593 0.542024 0.776394
vn -0.321592 0.542024 0.776395
vn -0.321592 0.542024 0.776395
vn -0.321592 0.542024 0.776395
vn 0.321592 0.542022 0.776396
vn 0.321592 0.542022 0.776396
vn 0.321592 0.542022 0.776396
vn 0.321591 0.542024 0.776395
vn 0.321591 0.542024 0.776395
vn 0.321591 0.542024 0.776395
vn -0.577317 0.780720 -0.239125
vn -0.577317 0.780720 -0.239125
vn -0.577317 0.780720 -0.239125
vn 0.239133 0.780722 -0.577312
vn 0.239133 0.780722 -0.577312
vn 0.239133 0.780722 -0.577312
vn 0.946689 -0.297065 0.124633
vn 0.946689 -0.297065 0.124633
vn 0.946689 -0.297065 0.124633
vn 0.946688 -0.297065 0.124634
vn 0.946688 -0.297065 0.124634
vn 0.946688 -0.297065 0.124634
vn -0.581282 -0.297065 -0.757538
vn -0.581282 -0.297065 -0.757538
vn -0.581282 -0.297065 -0.757538
vn -0.581279 -0.297065 -0.757540
vn -0.581279 -0.297065 -0.757540
vn -0.581279 -0.297065 -0.757540
vn -0.124634 -0.297061 0.946690
vn -0.124634 -0.297061 0.946690
vn -0.124634 -0.297061 0.946690
vn -0.124630 -0.297068 0.946688
vn -0.124630 -0.297068 0.946688
vn -0.124630 -0.297068 0.946688
vn 0.757537 -0.297064 -0.581283
vn 0.757537 -0.297064 -0.581283
vn 0.757537 -0.297064 -0.581283
vn 0.757538 -0.297065 -0.581282
vn 0.757538 -0.297065 -0.581282
vn 0.757538 -0.297065 -0.581282
vn -0.946689 -0.297065 -0.124632
vn -0.946689 -0.297065 -0.124632
vn -0.946689 -0.297065 -0.124632
vn -0.946688 -0.297067 -0.124634
vn -0.946688 -0.297067 -0.124634
vn -0.946688 -0.297067 -0.124634
vn 0.124636 -0.297063 -0.946689
vn 0.124636 -0.297063 -0.946689
vn 0.124636 -0.297063 -0.946689
vn 0.124637 -0.297062 -0.946689
vn 0.124637 -0.297062 -0.946689
vn 0.124637 -0.297062 -0.946689
vn 0.130529 0.000000 -0.991445
vn 0.130529 0.000000 -0.991445
vn 0.130529 0.000000 -0.991445
vn 0.130529 0.000000 -0.991444
vn 0.130529 0.000000 -0.991444
vn 0.130529 0.000000 -0.991444
vn 0.991445 0.000000 0.130525
vn 0.991445 0.000000 0.130525
vn 0.991445 0.000000 0.130525
vn 0.991445 0.000000 0.130526
vn 0.991445 0.000000 0.130526
vn 0.991445 0.000000 0.130526
vn 0.608761 0.000000 0.793354
vn 0.608761 0.000000 0.793354
vn 0.608761 0.000000 0.793354
vn 0.608760 0.000000 0.793355
vn 0.608760 0.000000 0.793355
vn 0.608760 0.000000 0.793355
vn -0.793356 0.000000 0.608759
vn -0.793356 0.000000 0.608759
vn -0.793356 0.000000 0.608759
vn -0.793355 0.000000 0.608760
vn -0.793355 0.000000 0.608760
vn -0.793355 0.000000 0.608760
vn -0.608762 0.000000 -0.793353
vn -0.608762 0.000000 -0.793353
vn -0.608762 0.000000 -0.793353
vn -0.608761 0.000000 -0.793354
vn -0.608761 0.000000 -0.793354
vn -0.608761 0.000000 -0.793354
vn 0.793352 0.000000 -0.608763
vn 0.793352 0.000000 -0.608763
vn 0.793352 0.000000 -0.608763
vn 0.793352 0.000000 -0.608763
vn 0.793352 0.000000 -0.608763
vn 0.793352 0.000000 -0.608763
vn 0.581281 -0.297072 0.757536
vn 0.581281 -0.297072 0.757536
vn 0.581281 -0.297072 0.757536
vn 0.581279 -0.297065 0.757540
vn 0.581279 -0.297065 0.757540
vn 0.581279 -0.297065 0.757540
vn -0.757538 -0.297068 0.581281
vn -0.757538 -0.297068 0.581281
vn -0.757538 -0.297068 0.581281
vn -0.757541 -0.297064 0.581278
vn -0.757541 -0.297064 0.581278
vn -0.757541 -0.297064 0.581278
vn -0.666705 0.542023 0.511581
vn -0.666705 0.542023 0.511581
vn -0.666705 0.542023 0.511581
vn -0.666709 0.542017 0.511582
vn -0.666709 0.542017 0.511582
vn -0.666709 0.542017 0.511582
vn -0.511578 0.542024 -0.666706
vn -0.511578 0.542024 -0.666706
vn -0.511578 0.542024 -0.666706
vn -0.511583 0.542024 -0.666702
vn -0.511583 0.542024 -0.666702
vn -0.511583 0.542024 -0.666702
vn 0.666703 0.542024 -0.511582
vn 0.666703 0.542024 -0.511582
vn 0.666703 0.542024 -0.511582
vn 0.666706 0.542017 -0.511586
vn 0.666706 0.542017 -0.511586
vn 0.666706 0.542017 -0.511586
vn -0.109687 0.542024 0.833174
vn -0.109687 0.542024 0.833174
vn -0.109687 0.542024 0.833174
vn -0.109691 0.542023 0.833174
vn -0.109691 0.542023 0.833174
vn -0.109691 0.542023 0.833174
vn -0.833175 0.542023 -0.109689
vn -0.833175 0.542023 -0.109689
vn -0.833175 0.542023 -0.109689
vn -0.833171 0.542027 -0.109694
vn -0.833171 0.542027 -0.109694
vn -0.833171 0.542027 -0.109694
vn 0.109692 0.542019 -0.833176
vn 0.109692 0.542019 -0.833176
vn 0.109692 0.542019 -0.833176
vn 0.109692 0.542022 -0.833175
vn 0.109692 0.542022 -0.833175
vn 0.109692 0.542022 -0.833175
vn -0.991445 0.000000 -0.130527
vn -0.991445 0.000000 -0.130527
vn -0.991445 0.000000 -0.130527
vn -0.991445 0.000000 -0.130526
vn -0.991445 0.000000 -0.130526
vn -0.991445 0.000000 -0.130526
vn -0.130523 0.000000 0.991445
vn -0.130523 0.000000 0.991445
vn -0.130523 0.000000 0.991445
vn -0.130523 0.000000 0.991445
vn -0.130523 0.000000 0.991445
vn -0.130523 0.000000 0.991445
vn 0.495747 0.780723 -0.380403
vn 0.495747 0.780723 -0.380403
vn 0.495747 0.780723 -0.380403
vn -0.081566 0.780719 0.619536
vn -0.081566 0.780719 0.619536
vn -0.081566 0.780719 0.619536
vn -0.619534 0.780721 -0.081565
vn -0.619534 0.780721 -0.081565
vn -0.619534 0.780721 -0.081565
vn 0.081564 0.780723 -0.619532
vn 0.081564 0.780723 -0.619532
vn 0.081564 0.780723 -0.619532
vn 0.619535 0.780719 0.081566
vn 0.619535 0.780719 0.081566
vn 0.619535 0.780719 0.081566
vn 0.380406 0.780721 0.495748
vn 0.380406 0.780721 0.495748
vn 0.380406 0.780721 0.495748
vn 0.511579 0.542025 0.666705
vn 0.511579 0.542025 0.666705
vn 0.511579 0.542025 0.666705
vn 0.511588 0.542020 0.666703
vn 0.511588 0.542020 0.666703
vn 0.511588 0.542020 0.666703
vn 0.833174 0.542023 0.109691
vn 0.833174 0.542023 0.109691
vn 0.833174 0.542023 0.109691
vn 0.833173 0.542023 0.109695
vn 0.833173 0.542023 0.109695
vn 0.833173 0.542023 0.109695
vn -0.495750 0.780720 0.380405
vn -0.495750 0.780720 0.380405
vn -0.495750 0.780720 0.380405
vn -0.380404 0.780721 -0.495750
vn -0.380404 0.780721 -0.495750
vn -0.380404 0.780721 -0.495750
vn 0.581282 -0.297067 -0.757537
vn 0.581282 -0.297067 -0.757537
vn 0.581282 -0.297067 -0.757537
vn 0.581281 -0.297063 -0.757540
vn 0.581281 -0.297063 -0.757540
vn 0.581281 -0.297063 -0.757540
vn -0.946688 -0.297065 0.124635
vn -0.946688 -0.297065 0.124635
vn -0.946688 -0.297065 0.124635
vn -0.946688 -0.297065 0.124633
vn -0.946688 -0.297065 0.124633
vn -0.946688 -0.297065 0.124633
vn 0.757538 -0.297065 0.581282
vn 0.757538 -0.297065 0.581282
vn 0.757538 -0.297065 0.581282
vn 0.757541 -0.297069 0.581276
vn 0.757541 -0.297069 0.581276
vn 0.757541 -0.297069 0.581276
vn -0.124638 -0.297062 -0.946689
vn -0.124638 -0.297062 -0.946689
vn -0.124638 -0.297062 -0.946689
vn -0.124636 -0.297065 -0.946688
vn -0.124636 -0.297065 -0.946688
vn -0.124636 -0.297065 -0.946688
vn -0.581281 -0.297068 0.757538
vn -0.581281 -0.297068 0.757538
vn -0.581281 -0.297068 0.757538
vn -0.581279 -0.297065 0.757540
vn -0.581279 -0.297065 0.757540
vn -0.581279 -0.297065 0.757540
vn -0.757537 -0.297067 -0.581282
vn -0.757537 -0.297067 -0.581282
vn -0.757537 -0.297067 -0.581282
vn -0.757536 -0.297063 -0.581285
vn -0.757536 -0.297063 -0.581285
vn -0.757536 -0.297063 -0.581285
vn -0.793351 0.000000 -0.608765
vn -0.793351 0.000000 -0.608765
vn -0.793351 0.000000 -0.608765
vn -0.793350 0.000000 -0.608766
vn -0.793350 0.000000 -0.608766
vn -0.793350 0.000000 -0.608766
vn 0.608763 0.000000 -0.793352
vn 0.608763 0.000000 -0.793352
vn 0.608763 0.000000 -0.793352
vn 0.608762 0.000000 -0.793353
vn 0.608762 0.000000 -0.793353
vn 0.608762 0.000000 -0.793353
vn 0.991445 0.000000 -0.130525
vn 0.991445 0.000000 -0.130525
vn 0.991445 0.000000 -0.130525
vn 0.991445 0.000000 -0.130525
vn 0.991445 0.000000 -0.130525
vn 0.991445 0.000000 -0.130525
vn 0.130524 0.000000 0.991445
vn 0.130524 0.000000 0.991445
vn 0.130524 0.000000 0.991445
vn 0.130525 0.000000 0.991445
vn 0.130525 0.000000 0.991445
vn 0.130525 0.000000 0.991445
vn -0.991445 0.000000 0.130527
vn -0.991445 0.000000 0.130527
vn -0.991445 0.000000 0.130527
vn -0.991445 0.000000 0.130528
vn -0.991445 0.000000 0.130528
vn -0.991445 0.000000 0.130528
vn -0.130529 0.000000 -0.991445
vn -0.130529 0.000000 -0.991445
vn -0.130529 0.000000 -0.991445
vn -0.130529 0.000000 -0.991444
vn -0.130529 0.000000 -0.991444
vn -0.130529 0.000000 -0.991444
vn 0.946688 -0.297067 -0.124635
vn 0.946688 -0.297067 -0.124635
vn 0.946688 -0.297067 -0.124635
vn 0.946689 -0.297064 -0.124632
vn 0.946689 -0.297064 -0.124632
vn 0.946689 -0.297064 -0.124632
vn 0.124637 -0.297065 0.946688
vn 0.124637 -0.297065 0.946688
vn 0.124637 -0.297065 0.946688
vn 0.124632 -0.297064 0.946689
vn 0.124632 -0.297064 0.946689
vn 0.124632 -0.297064 0.946689
vn 0.109688 0.542022 0.833175
vn 0.109688 0.542022 0.833175
vn 0.109688 0.542022 0.833175
vn 0.109691 0.542022 0.833175
vn 0.109691 0.542022 0.833175
vn 0.109691 0.542022 0.833175
vn -0.833175 0.542022 0.109690
vn -0.833175 0.542022 0.109690
vn -0.833175 0.542022 0.109690
vn -0.833175 0.542022 0.109691
vn -0.833175 0.542022 0.109691
vn -0.833175 0.542022 0.109691
vn -0.109692 0.542025 -0.833173
vn -0.109692 0.542025 -0.833173
vn -0.109692 0.542025 -0.833173
vn -0.109690 0.542025 -0.833173
vn -0.109690 0.542025 -0.833173
vn -0.109690 0.542025 -0.833173
vn 0.666708 0.542021 0.511579
vn 0.666708 0.542021 0.511579
vn 0.666708 0.542021 0.511579
vn 0.666706 0.542024 0.511579
vn 0.666706 0.542024 0.511579
vn 0.666706 0.542024 0.511579
vn -0.511581 0.542021 0.666707
vn -0.511581 0.542021 0.666707
vn -0.511581 0.542021 0.666707
vn -0.511584 0.542026 0.666701
vn -0.511584 0.542026 0.666701
vn -0.511584 0.542026 0.666701
vn -0.666704 0.542023 -0.511583
vn -0.666704 0.542023 -0.511583
vn -0.666704 0.542023 -0.511583
vn -0.666706 0.542021 -0.511583
vn -0.666706 0.542021 -0.511583
vn -0.666706 0.542021 -0.511583
vn -0.608762 0.000000 0.793353
vn -0.608762 0.000000 0.793353
vn -0.608762 0.000000 0.793353
vn -0.608760 0.000000 0.793355
vn -0.608760 0.000000 0.793355
vn -0.608760 0.000000 0.793355
vn 0.793355 0.000000 0.608760
vn 0.793355 0.000000 0.608760
vn 0.793355 0.000000 0.608760
vn 0.793356 0.000000 0.608758
vn 0.793356 0.000000 0.608758
vn 0.793356 0.000000 0.608758
vn -0.081565 0.780722 -0.619533
vn -0.081565 0.780722 -0.619533
vn -0.081565 0.780722 -0.619533
vn 0.495749 0.780721 0.380403
vn 0.495749 0.780721 0.380403
vn 0.495749 0.780721 0.380403
vn -0.380406 0.780721 0.495748
vn -0.380406 0.780721 0.495748
vn -0.380406 0.780721 0.495748
vn -0.495748 0.780722 -0.380404
vn -0.495748 0.780722 -0.380404
vn -0.495748 0.780722 -0.380404
vn 0.380407 0.780720 -0.495749
vn 0.380407 0.780720 -0.495749
vn 0.380407 0.780720 -0.495749
vn 0.619535 0.780720 -0.081567
vn 0.619535 0.780720 -0.081567
vn 0.619535 0.780720 -0.081567
vn 0.833173 0.542025 -0.109690
vn 0.833173 0.542025 -0.109690
vn 0.833173 0.542025 -0.109690
vn 0.833176 0.542020 -0.109694
vn 0.833176 0.542020 -0.109694
vn 0.833176 0.542020 -0.109694
vn 0.511583 0.542024 -0.666702
vn 0.511583 0.542024 -0.666702
vn 0.511583 0.542024 -0.666702
vn 0.511582 0.542018 -0.666708
vn 0.511582 0.542018 -0.666708
vn 0.511582 0.542018 -0.666708
vn 0.081565 0.780722 0.619533
vn 0.081565 0.780722 0.619533
vn 0.081565 0.780722 0.619533
vn -0.619532 0.780723 0.081565
vn -0.619532 0.780723 0.081565
vn -0.619532 0.780723 0.081565
vn -0.365406 -0.297065 -0.882174
vn -0.365406 -0.297065 -0.882174
vn -0.365406 -0.297065 -0.882174
vn -0.365409 -0.297067 -0.882172
vn -0.365409 -0.297067 -0.882172
vn -0.365409 -0.297067 -0.882172
vn -0.365407 -0.297065 0.882173
vn -0.365407 -0.297065 0.882173
vn -0.365407 -0.297065 0.882173
vn -0.365410 -0.297065 0.882172
vn -0.365410 -0.297065 0.882172
vn -0.365410 -0.297065 0.882172
vn 0.882172 -0.297065 -0.365410
vn 0.882172 -0.297065 -0.365410
vn 0.882172 -0.297065 -0.365410
vn 0.882170 -0.297069 -0.365413
vn 0.882170 -0.297069 -0.365413
vn 0.882170 -0.297069 -0.365413
vn -0.882176 -0.297064 -0.365402
vn -0.882176 -0.297064 -0.365402
vn -0.882176 -0.297064 -0.365402
vn -0.882174 -0.297064 -0.365407
vn -0.882174 -0.297064 -0.365407
vn -0.882174 -0.297064 -0.365407
vn 0.365410 -0.297065 0.882172
vn 0.365410 -0.297065 0.882172
vn 0.365410 -0.297065 0.882172
vn 0.365410 -0.297066 0.882172
vn 0.365410 -0.297066 0.882172
vn 0.365410 -0.297066 0.882172
vn -0.882175 -0.297063 0.365405
vn -0.882175 -0.297063 0.365405
vn -0.882175 -0.297063 0.365405
vn -0.882175 -0.297065 0.365403
vn -0.882175 -0.297065 0.365403
vn -0.882175 -0.297065 0.365403
vn -0.923880 0.000000 0.382681
vn -0.923880 0.000000 0.382681
vn -0.923880 0.000000 0.382681
vn -0.923880 0.000000 0.382681
vn -0.923880 0.000000 0.382681
vn -0.923880 0.000000 0.382681
vn -0.382686 0.000000 -0.923879
vn -0.382686 0.000000 -0.923879
vn -0.382686 0.000000 -0.923879
vn -0.382684 0.000000 -0.923879
vn -0.382684 0.000000 -0.923879
vn -0.382684 0.000000 -0.923879
vn 0.382684 0.000000 -0.923880
vn 0.382684 0.000000 -0.923880
vn 0.382684 0.000000 -0.923880
vn 0.382685 0.000000 -0.923879
vn 0.382685 0.000000 -0.923879
vn 0.382685 0.000000 -0.923879
vn 0.923880 0.000000 0.382681
vn 0.923880 0.000000 0.382681
vn 0.923880 0.000000 0.382681
vn 0.923877 0.000000 0.382689
vn 0.923877 0.000000 0.382689
vn 0.923877 0.000000 0.382689
vn -0.382685 0.000000 0.923879
vn -0.382685 0.000000 0.923879
vn -0.382685 0.000000 0.923879
vn -0.382685 0.000000 0.923879
vn -0.382685 0.000000 0.923879
vn -0.382685 0.000000 0.923879
vn -0.923880 0.000000 -0.382683
vn -0.923880 0.000000 -0.382683
vn -0.923880 0.000000 -0.382683
vn -0.923880 0.000000 -0.382683
vn -0.923880 0.000000 -0.382683
vn -0.923880 0.000000 -0.382683
vn 0.365407 -0.297067 -0.882173
vn 0.365407 -0.297067 -0.882173
vn 0.365407 -0.297067 -0.882173
vn 0.365411 -0.297067 -0.882171
vn 0.365411 -0.297067 -0.882171
vn 0.365411 -0.297067 -0.882171
vn 0.882171 -0.297068 0.365410
vn 0.882171 -0.297068 0.365410
vn 0.882171 -0.297068 0.365410
vn 0.882172 -0.297063 0.365413
vn 0.882172 -0.297063 0.365413
vn 0.882172 -0.297063 0.365413
vn 0.776394 0.542022 0.321596
vn 0.776394 0.542022 0.321596
vn 0.776394 0.542022 0.321596
vn 0.776397 0.542020 0.321594
vn 0.776397 0.542020 0.321594
vn 0.776397 0.542020 0.321594
vn -0.321593 0.542023 0.776395
vn -0.321593 0.542023 0.776395
vn -0.321593 0.542023 0.776395
vn -0.321591 0.542024 0.776395
vn -0.321591 0.542024 0.776395
vn -0.321591 0.542024 0.776395
vn -0.776398 0.542022 -0.321587
vn -0.776398 0.542022 -0.321587
vn -0.776398 0.542022 -0.321587
vn -0.776394 0.542025 -0.321593
vn -0.776394 0.542025 -0.321593
vn -0.776394 0.542025 -0.321593
vn 0.776396 0.542021 -0.321594
vn 0.776396 0.542021 -0.321594
vn 0.776396 0.542021 -0.321594
vn 0.776394 0.542024 -0.321594
vn 0.776394 0.542024 -0.321594
vn 0.776394 0.542024 -0.321594
vn 0.321594 0.542021 0.776396
vn 0.321594 0.542021 0.776396
vn 0.321594 0.542021 0.776396
vn 0.321591 0.542025 0.776395
vn 0.321591 0.542025 0.776395
vn 0.321591 0.542025 0.776395
vn -0.776397 0.542023 0.321589
vn -0.776397 0.542023 0.321589
vn -0.776397 0.542023 0.321589
vn -0.776399 0.542021 0.321588
vn -0.776399 0.542021 0.321588
vn -0.776399 0.542021 0.321588
vn 0.382686 0.000000 0.923878
vn 0.382686 0.000000 0.923878
vn 0.382686 0.000000 0.923878
vn 0.382684 0.000000 0.923879
vn 0.382684 0.000000 0.923879
vn 0.382684 0.000000 0.923879
vn 0.923878 0.000000 -0.382686
vn 0.923878 0.000000 -0.382686
vn 0.923878 0.000000 -0.382686
vn 0.923880 0.000000 -0.382683
vn 0.923880 0.000000 -0.382683
vn 0.923880 0.000000 -0.382683
vn -0.577312 0.780723 -0.239129
vn -0.577312 0.780723 -0.239129
vn -0.577312 0.780723 -0.239129
vn 0.577314 0.780721 -0.239130
vn 0.577314 0.780721 -0.239130
vn 0.577314 0.780721 -0.239130
vn 0.239131 0.780720 0.577315
vn 0.239131 0.780720 0.577315
vn 0.239131 0.780720 0.577315
vn -0.577312 0.780724 0.239125
vn -0.577312 0.780724 0.239125
vn -0.577312 0.780724 0.239125
vn -0.239135 0.780720 -0.577313
vn -0.239135 0.780720 -0.577313
vn -0.239135 0.780720 -0.577313
vn 0.239132 0.780718 -0.577317
vn 0.239132 0.780718 -0.577317
vn 0.239132 0.780718 -0.577317
vn 0.321594 0.542024 -0.776393
vn 0.321594 0.542024 -0.776393
vn 0.321594 0.542024 -0.776393
vn 0.321589 0.542022 -0.776397
vn 0.321589 0.542022 -0.776397
vn 0.321589 0.542022 -0.776397
vn -0.321591 0.542023 -0.776396
vn -0.321591 0.542023 -0.776396
vn -0.321591 0.542023 -0.776396
vn -0.321595 0.542021 -0.776396
vn -0.321595 0.542021 -0.776396
vn -0.321595 0.542021 -0.776396
vn 0.577313 0.780721 0.239133
vn 0.577313 0.780721 0.239133
vn 0.577313 0.780721 0.239133
vn -0.239133 0.780723 0.577311
vn -0.239133 0.780723 0.577311
vn -0.239133 0.780723 0.577311
vn -0.946688 -0.297066 -0.124637
vn -0.946688 -0.297066 -0.124637
vn -0.946688 -0.297066 -0.124637
vn -0.946688 -0.297066 -0.124631
vn -0.946688 -0.297066 -0.124631
vn -0.946688 -0.297066 -0.124631
vn 0.581282 -0.297069 0.757537
vn 0.581282 -0.297069 0.757537
vn 0.581282 -0.297069 0.757537
vn 0.581280 -0.297061 0.757541
vn 0.581280 -0.297061 0.757541
vn 0.581280 -0.297061 0.757541
vn 0.124634 -0.297070 -0.946687
vn 0.124634 -0.297070 -0.946687
vn 0.124634 -0.297070 -0.946687
vn 0.124631 -0.297072 -0.946687
vn 0.124631 -0.297072 -0.946687
vn 0.124631 -0.297072 -0.946687
vn -0.757537 -0.297062 0.581285
vn -0.757537 -0.297062 0.581285
vn -0.757537 -0.297062 0.581285
vn -0.757538 -0.297064 0.581282
vn -0.757538 -0.297064 0.581282
vn -0.757538 -0.297064 0.581282
vn 0.946689 -0.297063 0.124635
vn 0.946689 -0.297063 0.124635
vn 0.946689 -0.297063 0.124635
vn 0.946688 -0.297068 0.124630
vn 0.946688 -0.297068 0.124630
vn 0.946688 -0.297068 0.124630
vn -0.124639 -0.297067 0.946687
vn -0.124639 -0.297067 0.946687
vn -0.124639 -0.297067 0.946687
vn -0.124638 -0.297064 0.946688
vn -0.124638 -0.297064 0.946688
vn -0.124638 -0.297064 0.946688
vn -0.130530 0.000000 0.991444
vn -0.130530 0.000000 0.991444
vn -0.130530 0.000000 0.991444
vn -0.130531 0.000000 0.991444
vn -0.130531 0.000000 0.991444
vn -0.130531 0.000000 0.991444
vn -0.991445 0.000000 -0.130527
vn -0.991445 0.000000 -0.130527
vn -0.991445 0.000000 -0.130527
vn -0.991445 0.000000 -0.130526
vn -0.991445 0.000000 -0.130526
vn -0.991445 0.000000 -0.130526
vn -0.608762 0.000000 -0.793353
vn -0.608762 0.000000 -0.793353
vn -0.608762 0.000000 -0.793353
vn -0.608760 0.000000 -0.793355
vn -0.608760 0.000000 -0.793355
vn -0.608760 0.000000 -0.793355
vn 0.793355 0.000000 -0.608759
vn 0.793355 0.000000 -0.608759
vn 0.793355 0.000000 -0.608759
vn 0.793355 0.000000 -0.608759
vn 0.793355 0.000000 -0.608759
vn 0.793355 0.000000 -0.608759
vn 0.608761 0.000000 0.793353
vn 0.608761 0.000000 0.793353
vn 0.608761 0.000000 0.793353
vn 0.608762 0.000000 0.793353
vn 0.608762 0.000000 0.793353
vn 0.608762 0.000000 0.793353
vn -0.793352 0.000000 0.608763
vn -0.793352 0.000000 0.608763
vn -0.793352 0.000000 0.608763
vn -0.793351 0.000000 0.608764
vn -0.793351 0.000000 0.608764
vn -0.793351 0.000000 0.608764
vn -0.581280 -0.297071 -0.757537
vn -0.581280 -0.297071 -0.757537
vn -0.581280 -0.297071 -0.757537
vn -0.581279 -0.297065 -0.757540
vn -0.581279 -0.297065 -0.757540
vn -0.581279 -0.297065 -0.757540
vn 0.757536 -0.297068 -0.581283
vn 0.757536 -0.297068 -0.581283
vn 0.757536 -0.297068 -0.581283
vn 0.757542 -0.297062 -0.581279
vn 0.757542 -0.297062 -0.581279
vn 0.757542 -0.297062 -0.581279
vn 0.666707 0.542021 -0.511581
vn 0.666707 0.542021 -0.511581
vn 0.666707 0.542021 -0.511581
vn 0.666705 0.542019 -0.511585
vn 0.666705 0.542019 -0.511585
vn 0.666705 0.542019 -0.511585
vn 0.511581 0.542024 0.666704
vn 0.511581 0.542024 0.666704
vn 0.511581 0.542024 0.666704
vn 0.511582 0.542023 0.666704
vn 0.511582 0.542023 0.666704
vn 0.511582 0.542023 0.666704
vn -0.666704 0.542024 0.511581
vn -0.666704 0.542024 0.511581
vn -0.666704 0.542024 0.511581
vn -0.666707 0.542021 0.511580
vn -0.666707 0.542021 0.511580
vn -0.666707 0.542021 0.511580
vn 0.109687 0.542023 -0.833174
vn 0.109687 0.542023 -0.833174
vn 0.109687 0.542023 -0.833174
vn 0.109694 0.542028 -0.833170
vn 0.109694 0.542028 -0.833170
vn 0.109694 0.542028 -0.833170
vn 0.833176 0.542020 0.109691
vn 0.833176 0.542020 0.109691
vn 0.833176 0.542020 0.109691
vn 0.833172 0.542026 0.109694
vn 0.833172 0.542026 0.109694
vn 0.833172 0.542026 0.109694
vn -0.109694 0.542024 0.833173
vn -0.109694 0.542024 0.833173
vn -0.109694 0.542024 0.833173
vn -0.109690 0.542025 0.833173
vn -0.109690 0.542025 0.833173
vn -0.109690 0.542025 0.833173
vn 0.991445 0.000000 0.130523
vn 0.991445 0.000000 0.130523
vn 0.991445 0.000000 0.130523
vn 0.991445 0.000000 0.130526
vn 0.991445 0.000000 0.130526
vn 0.991445 0.000000 0.130526
vn 0.130523 0.000000 -0.991445
vn 0.130523 0.000000 -0.991445
vn 0.130523 0.000000 -0.991445
vn 0.130523 0.000000 -0.991445
vn 0.130523 0.000000 -0.991445
vn 0.130523 0.000000 -0.991445
vn -0.495754 0.780720 0.380399
vn -0.495754 0.780720 0.380399
vn -0.495754 0.780720 0.380399
vn 0.081568 0.780719 -0.619535
vn 0.081568 0.780719 -0.619535
vn 0.081568 0.780719 -0.619535
vn 0.619532 0.780722 0.081565
vn 0.619532 0.780722 0.081565
vn 0.619532 0.780722 0.081565
vn -0.081561 0.780721 0.619534
vn -0.081561 0.780721 0.619534
vn -0.081561 0.780721 0.619534
vn -0.619534 0.780721 -0.081562
vn -0.619534 0.780721 -0.081562
vn -0.619534 0.780721 -0.081562
vn -0.380409 0.780718 -0.495751
vn -0.380409 0.780718 -0.495751
vn -0.380409 0.780718 -0.495751
vn -0.511579 0.542024 -0.666706
vn -0.511579 0.542024 -0.666706
vn -0.511579 0.542024 -0.666706
vn -0.511588 0.542022 -0.666700
vn -0.511588 0.542022 -0.666700
vn -0.511588 0.542022 -0.666700
vn -0.833173 0.542024 -0.109691
vn -0.833173 0.542024 -0.109691
vn -0.833173 0.542024 -0.109691
vn -0.833174 0.542024 -0.109688
vn -0.833174 0.542024 -0.109688
vn -0.833174 0.542024 -0.109688
vn 0.495749 0.780722 -0.380403
vn 0.495749 0.780722 -0.380403
vn 0.495749 0.780722 -0.380403
vn 0.380403 0.780722 0.495749
vn 0.380403 0.780722 0.495749
vn 0.380403 0.780722 0.495749
vn -0.581281 -0.297067 0.757538
vn -0.581281 -0.297067 0.757538
vn -0.581281 -0.297067 0.757538
vn -0.581277 -0.297070 0.757540
vn -0.581277 -0.297070 0.757540
vn -0.581277 -0.297070 0.757540
vn 0.946687 -0.297067 -0.124639
vn 0.946687 -0.297067 -0.124639
vn 0.946687 -0.297067 -0.124639
vn 0.946688 -0.297065 -0.124633
vn 0.946688 -0.297065 -0.124633
vn 0.946688 -0.297065 -0.124633
vn -0.757538 -0.297066 -0.581282
vn -0.757538 -0.297066 -0.581282
vn -0.757538 -0.297066 -0.581282
vn -0.757540 -0.297068 -0.581278
vn -0.757540 -0.297068 -0.581278
vn -0.757540 -0.297068 -0.581278
vn 0.124638 -0.297070 0.946686
vn 0.124638 -0.297070 0.946686
vn 0.124638 -0.297070 0.946686
vn 0.124635 -0.297062 0.946689
vn 0.124635 -0.297062 0.946689
vn 0.124635 -0.297062 0.946689
vn 0.581279 -0.297061 -0.757541
vn 0.581279 -0.297061 -0.757541
vn 0.581279 -0.297061 -0.757541
vn 0.581278 -0.297065 -0.757541
vn 0.581278 -0.297065 -0.757541
vn 0.581278 -0.297065 -0.757541
vn 0.757535 -0.297065 0.581286
vn 0.757535 -0.297065 0.581286
vn 0.757535 -0.297065 0.581286
vn 0.757537 -0.297062 0.581285
vn 0.757537 -0.297062 0.581285
vn 0.757537 -0.297062 0.581285
vn 0.793350 0.000000 0.608766
vn 0.793350 0.000000 0.608766
vn 0.793350 0.000000 0.608766
vn 0.793352 0.000000 0.608764
vn 0.793352 0.000000 0.608764
vn 0.793352 0.000000 0.608764
vn -0.608762 0.000000 0.793353
vn -0.608762 0.000000 0.793353
vn -0.608762 0.000000 0.793353
vn -0.608759 0.000000 0.793355
vn -0.608759 0.000000 0.793355
vn -0.608759 0.000000 0.793355
vn -0.991445 0.000000 0.130525
vn -0.991445 0.000000 0.130525
vn -0.991445 0.000000 0.130525
vn -0.991445 0.000000 0.130525
vn -0.991445 0.000000 0.130525
vn -0.991445 0.000000 0.130525
vn -0.130521 0.000000 -0.991446
vn -0.130521 0.000000 -0.991446
vn -0.130521 0.000000 -0.991446
vn -0.130520 0.000000 -0.991446
vn -0.130520 0.000000 -0.991446
vn -0.130520 0.000000 -0.991446
vn 0.991444 0.000000 -0.130529
vn 0.991444 0.000000 -0.130529
vn 0.991444 0.000000 -0.130529
vn 0.991445 0.000000 -0.130528
vn 0.991445 0.000000 -0.130528
vn 0.991445 0.000000 -0.130528
vn 0.130527 0.000000 0.991445
vn 0.130527 0.000000 0.991445
vn 0.130527 0.000000 0.991445
vn 0.130527 0.000000 0.991445
vn 0.130527 0.000000 0.991445
vn 0.130527 0.000000 0.991445
vn -0.946688 -0.297067 0.124632
vn -0.946688 -0.297067 0.124632
vn -0.946688 -0.297067 0.124632
vn -0.946688 -0.297066 0.124631
vn -0.946688 -0.297066 0.124631
vn -0.946688 -0.297066 0.124631
vn -0.124640 -0.297071 -0.946686
vn -0.124640 -0.297071 -0.946686
vn -0.124640 -0.297071 -0.946686
vn -0.124628 -0.297064 -0.946690
vn -0.124628 -0.297064 -0.946690
vn -0.124628 -0.297064 -0.946690
vn -0.109685 0.542023 -0.833175
vn -0.109685 0.542023 -0.833175
vn -0.109685 0.542023 -0.833175
vn -0.109694 0.542020 -0.833176
vn -0.109694 0.542020 -0.833176
vn -0.109694 0.542020 -0.833176
vn 0.833174 0.542023 -0.109692
vn 0.833174 0.542023 -0.109692
vn 0.833174 0.542023 -0.109692
vn 0.833173 0.542024 -0.109691
vn 0.833173 0.542024 -0.109691
vn 0.833173 0.542024 -0.109691
vn 0.109691 0.542022 0.833175
vn 0.109691 0.542022 0.833175
vn 0.109691 0.542022 0.833175
vn 0.109687 0.542023 0.833175
vn 0.109687 0.542023 0.833175
vn 0.109687 0.542023 0.833175
vn -0.666707 0.542021 -0.511581
vn -0.666707 0.542021 -0.511581
vn -0.666707 0.542021 -0.511581
vn -0.666702 0.542025 -0.511583
vn -0.666702 0.542025 -0.511583
vn -0.666702 0.542025 -0.511583
vn 0.511581 0.542017 -0.666710
vn 0.511581 0.542017 -0.666710
vn 0.511581 0.542017 -0.666710
vn 0.511585 0.542028 -0.666699
vn 0.511585 0.542028 -0.666699
vn 0.511585 0.542028 -0.666699
vn 0.666703 0.542023 0.511585
vn 0.666703 0.542023 0.511585
vn 0.666703 0.542023 0.511585
vn 0.666708 0.542024 0.511577
vn 0.666708 0.542024 0.511577
vn 0.666708 0.542024 0.511577
vn 0.608759 0.000000 -0.793356
vn 0.608759 0.000000 -0.793356
vn 0.608759 0.000000 -0.793356
vn 0.608759 0.000000 -0.793355
vn 0.608759 0.000000 -0.793355
vn 0.608759 0.000000 -0.793355
vn -0.793355 0.000000 -0.608760
vn -0.793355 0.000000 -0.608760
vn -0.793355 0.000000 -0.608760
vn -0.793355 0.000000 -0.608760
vn -0.793355 0.000000 -0.608760
vn -0.793355 0.000000 -0.608760
vn 0.081562 0.780719 0.619536
vn 0.081562 0.780719 0.619536
vn 0.081562 0.780719 0.619536
vn -0.495747 0.780723 -0.380403
vn -0.495747 0.780723 -0.380403
vn -0.495747 0.780723 -0.380403
vn 0.380402 0.780725 -0.495744
vn 0.380402 0.780725 -0.495744
vn 0.380402 0.780725 -0.495744
vn 0.495754 0.780720 0.380401
vn 0.495754 0.780720 0.380401
vn 0.495754 0.780720 0.380401
vn -0.380404 0.780721 0.495749
vn -0.380404 0.780721 0.495749
vn -0.380404 0.780721 0.495749
vn -0.619538 0.780718 0.081566
vn -0.619538 0.780718 0.081566
vn -0.619538 0.780718 0.081566
vn -0.833173 0.542024 0.109690
vn -0.833173 0.542024 0.109690
vn -0.833173 0.542024 0.109690
vn -0.833174 0.542022 0.109697
vn -0.833174 0.542022 0.109697
vn -0.833174 0.542022 0.109697
vn -0.511579 0.542026 0.666704
vn -0.511579 0.542026 0.666704
vn -0.511579 0.542026 0.666704
vn -0.511583 0.542020 0.666706
vn -0.511583 0.542020 0.666706
vn -0.511583 0.542020 0.666706
vn -0.081563 0.780722 -0.619532
vn -0.081563 0.780722 -0.619532
vn -0.081563 0.780722 -0.619532
vn 0.619532 0.780723 -0.081565
vn 0.619532 0.780723 -0.081565
vn 0.619532 0.780723 -0.081565

g Material.001
f 3/1/1 1/2/2 2/3/3
f 4/4/4 1/5/5 3/6/6
f 7/7/7 5/8/8 6/9/9
f 8/10/10 5/11/11 7/12/12
f 11/13/13 9/14/14 10/15/15
f 12/16/16 9/17/17 11/18/18
f 15/19/19 13/20/20 14/21/21
f 16/22/22 13/23/23 15/24/24
f 19/25/25 17/26/26 18/27/27
f 20/28/28 17/29/29 19/30/30
f 23/31/31 21/32/32 22/33/33
f 24/34/34 21/35/35 23/36/36
f 27/37/37 25/38/38 26/39/39
f 28/40/40 25/41/41 27/42/42
f 31/43/43 29/44/44 30/45/45
f 32/46/46 29/47/47 31/48/48
f 35/49/49 33/50/50 34/51/51
f 36/52/52 33/53/53 35/54/54
f 39/55/55 37/56/56 38/57/57
f 40/58/58 37/59/59 39/60/60
f 43/61/61 41/62/62 42/63/63
f 44/64/64 41/65/65 43/66/66
f 47/67/67 45/68/68 46/69/69
f 48/70/70 45/71/71 47/72/72
f 51/73/73 49/74/74 50/75/75
f 52/76/76 49/77/77 51/78/78
f 55/79/79 53/80/80 54/81/81
f 56/82/82 53/83/83 55/84/84
f 59/85/85 57/86/86 58/87/87
f 60/88/88 57/89/89 59/90/90
f 63/91/91 61/92/92 62/93/93
f 64/94/94 61/95/95 63/96/96
f 67/97/97 65/98/98 66/99/99
f 70/100/100 68/101/101 69/102/102
f 71/103/103 68/104/104 70/105/105
f 74/106/106 72/107/107 73/108/108
f 75/109/109 72/110/110 74/111/111
f 78/112/112 76/113/113 77/114/114
f 79/115/115 76/116/116 78/117/117
f 82/118/118 80/119/119 81/120/120
f 85/121/121 83/122/122 84/123/123
f 86/124/124 83/125/125 85/126/126
f 89/127/127 87/128/128 88/129/129
f 90/130/130 87/131/131 89/132/132
f 93/133/133 91/134/134 92/135/135
f 94/136/136 91/137/137 93/138/138
f 97/139/139 95/140/140 96/141/141
f 98/142/142 95/143/143 97/144/144
f 101/145/145 99/146/146 100/147/147
f 102/148/148 99/149/149 101/150/150
f 105/151/151 103/152/152 104/153/153
f 106/154/154 103/155/155 105/156/156
f 109/157/157 107/158/158 108/159/159
f 110/160/160 107/161/161 109/162/162
f 113/163/163 111/164/164 112/165/165
f 114/166/166 111/167/167 113/168/168
f 117/169/169 115/170/170 116/171/171
f 118/172/172 115/173/173 117/174/174
f 121/175/175 119/176/176 120/177/177
f 122/178/178 119/179/179 121/180/180
f 125/181/181 123/182/182 124/183/183
f 126/184/184 123/185/185 125/186/186
f 129/187/187 127/188/188 128/189/189
f 130/190/190 127/191/191 129/192/192
f 133/193/193 131/194/194 132/195/195
f 134/196/196 131/197/197 133/198/198
f 137/199/199 135/200/200 136/201/201
f 140/202/202 138/203/203 139/204/204
f 141/205/205 138/206/206 140/207/207
f 144/208/208 142/209/209 143/210/210
f 145/211/211 142/212/212 144/213/213
f 148/214/214 146/215/215 147/216/216
f 149/217/217 146/218/218 148/219/219
f 152/220/220 150/221/221 151/222/222
f 153/223/223 150/224/224 152/225/225
f 156/226/226 154/227/227 155/228/228
f 157/229/229 154/230/230 156/231/231
f 160/232/232 158/233/233 159/234/234
f 163/235/235 161/236/236 162/237/237
f 164/238/238 161/239/239 163/240/240
f 167/241/241 165/242/242 166/243/243
f 168/244/244 165/245/245 167/246/246
f 171/247/247 169/248/248 170/249/249
f 172/250/250 169/251/251 171/252/252
f 175/253/253 173/254/254 174/255/255
f 176/256/256 173/257/257 175/258/258
f 179/259/259 177/260/260 178/261/261
f 182/262/262 180/263/263 181/264/264
f 183/265/265 180/266/266 182/267/267
f 186/268/268 184/269/269 185/270/270
f 187/271/271 184/272/272 186/273/273
f 190/274/274 188/275/275 189/276/276
f 191/277/277 188/278/278 190/279/279
f 194/280/280 192/281/281 193/282/282
f 195/283/283 192/284/284 194/285/285
f 198/286/286 196/287/287 197/288/288
f 199/289/289 196/290/290 198/291/291
f 202/292/292 200/293/293 201/294/294
f 205/295/295 203/296/296 204/297/297
f 206/298/298 203/299/299 205/300/300
f 209/301/301 207/302/302 208/303/303
f 210/304/304 207/305/305 209/306/306
f 213/307/307 211/308/308 212/309/309
f 214/310/310 211/311/311 213/312/312
f 217/313/313 215/314/314 216/315/315
f 218/316/316 215/317/317 217/318/318
f 221/319/319 219/320/320 220/321/321
f 222/322/322 219/323/323 221/324/324
f 225/325/325 223/326/326 224/327/327
f 226/328/328 223/329/329 225/330/330
f 229/331/331 227/332/332 228/333/333
f 230/334/334 227/335/335 229/336/336
f 233/337/337 231/338/338 232/339/339
f 234/340/340 231/341/341 233/342/342
f 237/343/343 235/344/344 236/345/345
f 238/346/346 235/347/347 237/348/348
f 241/349/349 239/350/350 240/351/351
f 242/352/352 239/353/353 241/354/354
f 245/355/355 243/356/356 244/357/357
f 246/358/358 243/359/359 245/360/360
f 249/361/361 247/362/362 248/363/363
f 252/364/364 250/365/365 251/366/366
f 253/367/367 250/368/368 252/369/369
f 256/370/370 254/371/371 255/372/372
f 257/373/373 254/374/374 256/375/375
f 260/376/376 258/377/377 259/378/378
f 261/379/379 258/380/380 260/381/381
f 264/382/382 262/383/383 263/384/384
f 265/385/385 262/386/386 264/387/387
f 268/388/388 266/389/389 267/390/390
f 269/391/391 266/392/392 268/393/393
f 272/394/394 270/395/395 271/396/396
f 273/397/397 270/398/398 272/399/399
f 276/400/400 274/401/401 275/402/402
f 279/403/403 277/404/404 278/405/405
f 280/406/406 277/407/407 279/408/408
f 283/409/409 281/410/410 282/411/411
f 284/412/412 281/413/413 283/414/414
f 287/415/415 285/416/416 286/417/417
f 288/418/418 285/419/419 287/420/420
f 291/421/421 289/422/422 290/423/423
f 292/424/424 289/425/425 291/426/426
f 295/427/427 293/428/428 294/429/429
f 298/430/430 296/431/431 297/432/432
f 299/433/433 296/434/434 298/435/435
f 302/436/436 300/437/437 301/438/438
f 303/439/439 300/440/440 302/441/441
f 306/442/442 304/443/443 305/444/444
f 307/445/445 304/446/446 306/447/447
f 310/448/448 308/449/449 309/450/450
f 311/451/451 308/452/452 310/453/453
f 314/454/454 312/455/455 313/456/456
f 315/457/457 312/458/458 314/459/459
f 318/460/460 316/461/461 317/462/462
f 319/463/463 316/464/464 318/465/465
f 322/466/466 320/467/467 321/468/468
f 323/469/469 320/470/470 322/471/471
f 326/472/472 324/473/473 325/474/474
f 327/475/475 324/476/476 326/477/477
f 330/478/478 328/479/479 329/480/480
f 331/481/481 328/482/482 330/483/483
f 334/484/484 332/485/485 333/486/486
f 335/487/487 332/488/488 334/489/489
f 338/490/490 336/491/491 337/492/492
f 339/493/493 336/494/494 338/495/495
f 342/496/496 340/497/497 341/498/498
f 343/499/499 340/500/500 342/501/501
f 346/502/502 344/503/503 345/504/504
f 347/505/505 344/506/506 346/507/507
f 350/508/508 348/509/509 349/510/510
f 353/511/511 351/512/512 352/513/513
f 354/514/514 351/515/515 353/516/516
f 357/517/517 355/518/518 356/519/519
f 358/520/520 355/521/521 357/522/522
f 361/523/523 359/524/524 360/525/525
f 362/526/526 359/527/527 361/528/528
f 365/529/529 363/530/530 364/531/531
f 366/532/532 363/533/533 365/534/534
f 369/535/535 367/536/536 368/537/537
f 372/538/538 370/539/539 371/540/540
f 373/541/541 370/542/542 372/543/543
f 376/544/544 374/545/545 375/546/546
f 377/547/547 374/548/548 376/549/549
f 380/550/550 378/551/551 379/552/552
f 383/553/553 381/554/554 382/555/555
f 384/556/556 381/557/557 383/558/558
f 387/559/559 385/560/560 386/561/561
f 388/562/562 385/563/563 387/564/564
f 391/565/565 389/566/566 390/567/567
f 392/568/568 389/569/569 391/570/570
f 395/571/571 393/572/572 394/573/573
f 396/574/574 393/575/575 395/576/576
f 399/577/577 397/578/578 398/579/579
f 400/580/580 397/581/581 399/582/582
f 403/583/583 401/584/584 402/585/585
f 404/586/586 401/587/587 403/588/588
f 407/589/589 405/590/590 406/591/591
f 408/592/592 405/593/593 407/594/594
f 411/595/595 409/596/596 410/597/597
f 412/598/598 409/599/599 411/600/600
f 415/601/601 413/602/602 414/603/603
f 416/604/604 413/605/605 415/606/606
f 419/607/607 417/608/608 418/609/609
f 420/610/610 417/611/611 419/612/612
f 423/613/613 421/614/614 422/615/615
f 424/616/616 421/617/617 423/618/618
f 427/619/619 425/620/620 426/621/621
f 428/622/622 425/623/623 427/624/624
f 431/625/625 429/626/626 430/627/627
f 432/628/628 429/629/629 431/630/630
f 435/631/631 433/632/632 434/633/633
f 436/634/634 433/635/635 435/636/636
f 439/637/637 437/638/638 438/639/639
f 440/640/640 437/641/641 439/642/642
f 443/643/643 441/644/644 442/645/645
f 444/646/646 441/647/647 443/648/648
f 447/649/649 445/650/650 446/651/651
f 448/652/652 445/653/653 447/654/654
f 451/655/655 449/656/656 450/657/657
f 452/658/658 449/659/659 451/660/660
f 455/661/661 453/662/662 454/663/663
f 456/664/664 453/665/665 455/666/666
f 459/667/667 457/668/668 458/669/669
f 460/670/670 457/671/671 459/672/672
f 463/673/673 461/674/674 462/675/675
f 464/676/676 461/677/677 463/678/678
f 467/679/679 465/680/680 466/681/681
f 468/682/682 465/683/683 467/684/684
f 471/685/685 469/686/686 470/687/687
f 472/688/688 469/689/689 471/690/690
f 475/691/691 473/692/692 474/693/693
f 476/694/694 473/695/695 475/696/696
f 479/697/697 477/698/698 478/699/699
f 480/700/700 477/701/701 479/702/702
f 483/703/703 481/704/704 482/705/705
f 484/706/706 481/707/707 483/708/708
f 487/709/709 485/710/710 486/711/711
f 488/712/712 485/713/713 487/714/714
f 491/715/715 489/716/716 490/717/717
f 492/718/718 489/719/719 491/720/720
f 495/721/721 493/722/722 494/723/723
f 496/724/724 493/725/725 495/726/726
f 499/727/727 497/728/728 498/729/729
f 500/730/730 497/731/731 499/732/732
f 503/733/733 501/734/734 502/735/735
f 504/736/736 501/737/737 503/738/738
f 507/739/739 505/740/740 506/741/741
f 508/742/742 505/743/743 507/744/744
f 511/745/745 509/746/746 510/747/747
f 512/748/748 509/749/749 511/750/750
f 515/751/751 513/752/752 514/753/753
f 516/754/754 513/755/755 515/756/756
f 519/757/757 517/758/758 518/759/759
f 520/760/760 517/761/761 519/762/762
f 523/763/763 521/764/764 522/765/765
f 524/766/766 521/767/767 523/768/768
f 527/769/769 525/770/770 526/771/771
f 528/772/772 525/773/773 527/774/774
f 531/775/775 529/776/776 530/777/777
f 532/778/778 529/779/779 531/780/780
f 535/781/781 533/782/782 534/783/783
f 536/784/784 533/785/785 535/786/786
f 539/787/787 537/788/788 538/789/789
f 540/790/790 537/791/791 539/792/792
f 543/793/793 541/794/794 542/795/795
f 544/796/796 541/797/797 543/798/798
f 547/799/799 545/800/800 546/801/801
f 548/802/802 545/803/803 547/804/804
f 551/805/805 549/806/806 550/807/807
f 552/808/808 549/809/809 551/810/810
f 555/811/811 553/812/812 554/813/813
f 556/814/814 553/815/815 555/816/816
f 559/817/817 557/818/818 558/819/819
f 560/820/820 557/821/821 559/822/822
f 563/823/823 561/824/824 562/825/825
f 564/826/826 561/827/827 563/828/828
f 567/829/829 565/830/830 566/831/831
f 568/832/832 565/833/833 567/834/834
f 571/835/835 569/836/836 570/837/837
f 572/838/838 569/839/839 571/840/840
f 575/841/841 573/842/842 574/843/843
f 576/844/844 573/845/845 575/846/846
f 579/847/847 577/848/848 578/849/849
f 580/850/850 577/851/851 579/852/852
f 583/853/853 581/854/854 582/855/855
f 584/856/856 581/857/857 583/858/858
f 587/859/859 585/860/860 586/861/861
f 588/862/862 585/863/863 587/864/864
f 591/865/865 589/866/866 590/867/867
f 592/868/868 589/869/869 591/870/870
f 595/871/871 593/872/872 594/873/873
f 596/874/874 593/875/875 595/876/876
f 599/877/877 597/878/878 598/879/879
f 600/880/880 597/881/881 599/882/882
f 603/883/883 601/884/884 602/885/885
f 604/886/886 601/887/887 603/888/888
f 607/889/889 605/890/890 606/891/891
f 608/892/892 605/893/893 607/894/894
f 611/895/895 609/896/896 610/897/897
f 612/898/898 609/899/899 611/900/900
f 615/901/901 613/902/902 614/903/903
f 616/904/904 613/905/905 615/906/906
f 619/907/907 617/908/908 618/909/909
f 620/910/910 617/911/911 619/912/912
f 623/913/913 621/914/914 622/915/915
f 624/916/916 621/917/917 623/918/918
f 627/919/919 625/920/920 626/921/921
f 628/922/922 625/923/923 627/924/924
f 631/925/925 629/926/926 630/927/927
f 632/928/928 629/929/929 631/930/930
f 635/931/931 633/932/932 634/933/933
f 636/934/934 633/935/935 635/936/936
f 639/937/937 637/938/938 638/939/939
f 640/940/940 637/941/941 639/942/942
f 643/943/943 641/944/944 642/945/945
f 644/946/946 641/947/947 643/948/948
f 647/949/949 645/950/950 646/951/951
f 648/952/952 645/953/953 647/954/954
f 651/955/955 649/956/956 650/957/957
f 652/958/958 649/959/959 651/960/960
f 655/961/961 653/962/962 654/963/963
f 656/964/964 653/965/965 655/966/966
f 659/967/967 657/968/968 658/969/969
f 660/970/970 657/971/971 659/972/972
f 663/973/973 661/974/974 662/975/975
f 664/976/976 661/977/977 663/978/978
f 667/979/979 665/980/980 666/981/981
f 668/982/982 665/983/983 667/984/984
f 671/985/985 669/986/986 670/987/987
f 672/988/988 669/989/989 671/990/990
f 675/991/991 673/992/992 674/993/993
f 676/994/994 673/995/995 675/996/996
f 679/997/997 677/998/998 678/999/999
f 680/1000/1000 677/1001/1001 679/1002/1002
f 683/1003/1003 681/1004/1004 682/1005/1005
f 684/1006/1006 681/1007/1007 683/1008/1008
f 687/1009/1009 685/1010/1010 686/1011/1011
f 688/1012/1012 685/1013/1013 687/1014/1014
f 691/1015/1015 689/1016/1016 690/1017/1017
f 692/1018/1018 689/1019/1019 691/1020/1020
f 695/1021/1021 693/1022/1022 694/1023/1023
f 696/1024/1024 693/1025/1025 695/1026/1026
f 699/1027/1027 697/1028/1028 698/1029/1029
f 700/1030/1030 697/1031/1031 699/1032/1032
f 703/1033/1033 701/1034/1034 702/1035/1035
f 704/1036/1036 701/1037/1037 703/1038/1038
f 707/1039/1039 705/1040/1040 706/1041/1041
f 708/1042/1042 705/1043/1043 707/1044/1044
f 711/1045/1045 709/1046/1046 710/1047/1047
f 712/1048/1048 709/1049/1049 711/1050/1050
f 715/1051/1051 713/1052/1052 714/1053/1053
f 716/1054/1054 713/1055/1055 715/1056/1056
f 719/1057/1057 717/1058/1058 718/1059/1059
f 720/1060/1060 717/1061/1061 719/1062/1062
f 723/1063/1063 721/1064/1064 722/1065/1065
f 724/1066/1066 721/1067/1067 723/1068/1068
f 727/1069/1069 725/1070/1070 726/1071/1071
f 728/1072/1072 725/1073/1073 727/1074/1074
f 731/1075/1075 729/1076/1076 730/1077/1077
f 732/1078/1078 729/1079/1079 731/1080/1080
f 735/1081/1081 733/1082/1082 734/1083/1083
f 738/1084/1084 736/1085/1085 737/1086/1086
f 741/1087/1087 739/1088/1088 740/1089/1089
f 742/1090/1090 739/1091/1091 741/1092/1092
f 745/1093/1093 743/1094/1094 744/1095/1095
f 746/1096/1096 743/1097/1097 745/1098/1098
f 749/1099/1099 747/1100/1100 748/1101/1101
f 752/1102/1102 750/1103/1103 751/1104/1104
f 755/1105/1105 753/1106/1106 754/1107/1107
f 758/1108/1108 756/1109/1109 757/1110/1110
f 761/1111/1111 759/1112/1112 760/1113/1113
f 764/1114/1114 762/1115/1115 763/1116/1116
f 767/1117/1117 765/1118/1118 766/1119/1119
f 770/1120/1120 768/1121/1121 769/1122/1122
f 773/1123/1123 771/1124/1124 772/1125/1125
f 776/1126/1126 774/1127/1127 775/1128/1128
f 779/1129/1129 777/1130/1130 778/1131/1131
f 782/1132/1132 780/1133/1133 781/1134/1134
f 785/1135/1135 783/1136/1136 784/1137/1137
f 788/1138/1138 786/1139/1139 787/1140/1140
f 791/1141/1141 789/1142/1142 790/1143/1143
f 792/1144/1144 789/1145/1145 791/1146/1146
f 795/1147/1147 793/1148/1148 794/1149/1149
f 796/1150/1150 793/1151/1151 795/1152/1152
f 799/1153/1153 797/1154/1154 798/1155/1155
f 800/1156/1156 797/1157/1157 799/1158/1158
f 803/1159/1159 801/1160/1160 802/1161/1161
f 804/1162/1162 801/1163/1163 803/1164/1164
f 807/1165/1165 805/1166/1166 806/1167/1167
f 808/1168/1168 805/1169/1169 807/1170/1170
f 811/1171/1171 809/1172/1172 810/1173/1173
f 812/1174/1174 809/1175/1175 811/1176/1176
f 815/1177/1177 813/1178/1178 814/1179/1179
f 816/1180/1180 813/1181/1181 815/1182/1182
f 819/1183/1183 817/1184/1184 818/1185/1185
f 820/1186/1186 817/1187/1187 819/1188/1188
f 1163/1189/1189 1161/1190/1190 1162/1191/1191
f 1164/1192/1192 1161/1193/1193 1163/1194/1194
f 1167/1195/1195 1165/1196/1196 1166/1197/1197
f 1168/1198/1198 1165/1199/1199 1167/1200/1200
f 1171/1201/1201 1169/1202/1202 1170/1203/1203
f 1172/1204/1204 1169/1205/1205 1171/1206/1206
f 1175/1207/1207 1173/1208/1208 1174/1209/1209
f 1176/1210/1210 1173/1211/1211 1175/1212/1212
f 1179/1213/1213 1177/1214/1214 1178/1215/1215
f 1180/1216/1216 1177/1217/1217 1179/1218/1218
f 1183/1219/1219 1181/1220/1220 1182/1221/1221
f 1184/1222/1222 1181/1223/1223 1183/1224/1224
f 1187/1225/1225 1185/1226/1226 1186/1227/1227
f 1190/1228/1228 1188/1229/1229 1189/1230/1230
f 1191/1231/1231 1188/1232/1232 1190/1233/1233
f 1194/1234/1234 1192/1235/1235 1193/1236/1236
f 1195/1237/1237 1192/1238/1238 1194/1239/1239
f 1358/1240/1240 1356/1241/1241 1357/1242/1242
f 1361/1243/1243 1359/1244/1244 1360/1245/1245
f 1364/1246/1246 1362/1247/1247 1363/1248/1248
f 1367/1249/1249 1365/1250/1250 1366/1251/1251
f 1370/1252/1252 1368/1253/1253 1369/1254/1254
f 2113/1255/1255 2111/1256/1256 2112/1257/1257
f 2114/1258/1258 2111/1259/1259 2113/1260/1260
f 2117/1261/1261 2115/1262/1262 2116/1263/1263
f 2118/1264/1264 2115/1265/1265 2117/1266/1266
f 2121/1267/1267 2119/1268/1268 2120/1269/1269
f 2122/1270/1270 2119/1271/1271 2121/1272/1272
f 2125/1273/1273 2123/1274/1274 2124/1275/1275
f 2126/1276/1276 2123/1277/1277 2125/1278/1278
f 2129/1279/1279 2127/1280/1280 2128/1281/1281
f 2130/1282/1282 2127/1283/1283 2129/1284/1284
f 2133/1285/1285 2131/1286/1286 2132/1287/1287
f 2134/1288/1288 2131/1289/1289 2133/1290/1290
f 2137/1291/1291 2135/1292/1292 2136/1293/1293
f 2138/1294/1294 2135/1295/1295 2137/1296/1296
f 2141/1297/1297 2139/1298/1298 2140/1299/1299
f 2142/1300/1300 2139/1301/1301 2141/1302/1302
f 2145/1303/1303 2143/1304/1304 2144/1305/1305
f 2146/1306/1306 2143/1307/1307 2145/1308/1308
f 2149/1309/1309 2147/1310/1310 2148/1311/1311
f 2150/1312/1312 2147/1313/1313 2149/1314/1314
f 2153/1315/1315 2151/1316/1316 2152/1317/1317
f 2154/1318/1318 2151/1319/1319 2153/1320/1320
f 2157/1321/1321 2155/1322/1322 2156/1323/1323
f 2158/1324/1324 2155/1325/1325 2157/1326/1326
f 2161/1327/1327 2159/1328/1328 2160/1329/1329
f 2162/1330/1330 2159/1331/1331 2161/1332/1332
f 2165/1333/1333 2163/1334/1334 2164/1335/1335
f 2166/1336/1336 2163/1337/1337 2165/1338/1338
f 2169/1339/1339 2167/1340/1340 2168/1341/1341
f 2170/1342/1342 2167/1343/1343 2169/1344/1344
f 2173/1345/1345 2171/1346/1346 2172/1347/1347
f 2174/1348/1348 2171/1349/1349 2173/1350/1350
f 2177/1351/1351 2175/1352/1352 2176/1353/1353
f 2178/1354/1354 2175/1355/1355 2177/1356/1356
f 2181/1357/1357 2179/1358/1358 2180/1359/1359
f 2182/1360/1360 2179/1361/1361 2181/1362/1362
f 2185/1363/1363 2183/1364/1364 2184/1365/1365
f 2186/1366/1366 2183/1367/1367 2185/1368/1368
f 2189/1369/1369 2187/1370/1370 2188/1371/1371
f 2190/1372/1372 2187/1373/1373 2189/1374/1374
f 2193/1375/1375 2191/1376/1376 2192/1377/1377
f 2194/1378/1378 2191/1379/1379 2193/1380/1380
f 2197/1381/1381 2195/1382/1382 2196/1383/1383
f 2198/1384/1384 2195/1385/1385 2197/1386/1386
f 2201/1387/1387 2199/1388/1388 2200/1389/1389
f 2202/1390/1390 2199/1391/1391 2201/1392/1392
f 2205/1393/1393 2203/1394/1394 2204/1395/1395
f 2206/1396/1396 2203/1397/1397 2205/1398/1398
f 2209/1399/1399 2207/1400/1400 2208/1401/1401
f 2210/1402/1402 2207/1403/1403 2209/1404/1404
f 2213/1405/1405 2211/1406/1406 2212/1407/1407
f 2214/1408/1408 2211/1409/1409 2213/1410/1410
f 2217/1411/1411 2215/1412/1412 2216/1413/1413
f 2218/1414/1414 2215/1415/1415 2217/1416/1416
f 2221/1417/1417 2219/1418/1418 2220/1419/1419
f 2222/1420/1420 2219/1421/1421 2221/1422/1422
f 2225/1423/1423 2223/1424/1424 2224/1425/1425
f 2226/1426/1426 2223/1427/1427 2225/1428/1428
f 2229/1429/1429 2227/1430/1430 2228/1431/1431
f 2230/1432/1432 2227/1433/1433 2229/1434/1434
f 2233/1435/1435 2231/1436/1436 2232/1437/1437
f 2234/1438/1438 2231/1439/1439 2233/1440/1440
f 2237/1441/1441 2235/1442/1442 2236/1443/1443
f 2238/1444/1444 2235/1445/1445 2237/1446/1446
f 2241/1447/1447 2239/1448/1448 2240/1449/1449
f 2242/1450/1450 2239/1451/1451 2241/1452/1452
f 2245/1453/1453 2243/1454/1454 2244/1455/1455
f 2246/1456/1456 2243/1457/1457 2245/1458/1458
f 2249/1459/1459 2247/1460/1460 2248/1461/1461
f 2250/1462/1462 2247/1463/1463 2249/1464/1464
f 2253/1465/1465 2251/1466/1466 2252/1467/1467
f 2254/1468/1468 2251/1469/1469 2253/1470/1470
f 2257/1471/1471 2255/1472/1472 2256/1473/1473
f 2258/1474/1474 2255/1475/1475 2257/1476/1476
f 2261/1477/1477 2259/1478/1478 2260/1479/1479
f 2262/1480/1480 2259/1481/1481 2261/1482/1482
f 2265/1483/1483 2263/1484/1484 2264/1485/1485
f 2266/1486/1486 2263/1487/1487 2265/1488/1488
f 2269/1489/1489 2267/1490/1490 2268/1491/1491
f 2270/1492/1492 2267/1493/1493 2269/1494/1494
f 2273/1495/1495 2271/1496/1496 2272/1497/1497
f 2274/1498/1498 2271/1499/1499 2273/1500/1500
f 2277/1501/1501 2275/1502/1502 2276/1503/1503
f 2278/1504/1504 2275/1505/1505 2277/1506/1506
f 2281/1507/1507 2279/1508/1508 2280/1509/1509
f 2282/1510/1510 2279/1511/1511 2281/1512/1512
f 2285/1513/1513 2283/1514/1514 2284/1515/1515
f 2286/1516/1516 2283/1517/1517 2285/1518/1518
f 2289/1519/1519 2287/1520/1520 2288/1521/1521
f 2290/1522/1522 2287/1523/1523 2289/1524/1524
f 2293/1525/1525 2291/1526/1526 2292/1527/1527
f 2294/1528/1528 2291/1529/1529 2293/1530/1530
f 2297/1531/1531 2295/1532/1532 2296/1533/1533
f 2298/1534/1534 2295/1535/1535 2297/1536/1536
f 2301/1537/1537 2299/1538/1538 2300/1539/1539
f 2302/1540/1540 2299/1541/1541 2301/1542/1542
f 2305/1543/1543 2303/1544/1544 2304/1545/1545
f 2306/1546/1546 2303/1547/1547 2305/1548/1548
f 2309/1549/1549 2307/1550/1550 2308/1551/1551
f 2310/1552/1552 2307/1553/1553 2309/1554/1554
f 2313/1555/1555 2311/1556/1556 2312/1557/1557
f 2314/1558/1558 2311/1559/1559 2313/1560/1560
f 2317/1561/1561 2315/1562/1562 2316/1563/1563
f 2318/1564/1564 2315/1565/1565 2317/1566/1566
f 2321/1567/1567 2319/1568/1568 2320/1569/1569
f 2322/1570/1570 2319/1571/1571 2321/1572/1572
f 2325/1573/1573 2323/1574/1574 2324/1575/1575
f 2326/1576/1576 2323/1577/1577 2325/1578/1578
f 2329/1579/1579 2327/1580/1580 2328/1581/1581
f 2330/1582/1582 2327/1583/1583 2329/1584/1584
f 2333/1585/1585 2331/1586/1586 2332/1587/1587
f 2334/1588/1588 2331/1589/1589 2333/1590/1590
f 2337/1591/1591 2335/1592/1592 2336/1593/1593
f 2338/1594/1594 2335/1595/1595 2337/1596/1596
f 2341/1597/1597 2339/1598/1598 2340/1599/1599
f 2342/1600/1600 2339/1601/1601 2341/1602/1602
f 2345/1603/1603 2343/1604/1604 2344/1605/1605
f 2346/1606/1606 2343/1607/1607 2345/1608/1608
f 2349/1609/1609 2347/1610/1610 2348/1611/1611
f 2350/1612/1612 2347/1613/1613 2349/1614/1614
f 2353/1615/1615 2351/1616/1616 2352/1617/1617
f 2354/1618/1618 2351/1619/1619 2353/1620/1620
f 2357/1621/1621 2355/1622/1622 2356/1623/1623
f 2358/1624/1624 2355/1625/1625 2357/1626/1626
f 2361/1627/1627 2359/1628/1628 2360/1629/1629
f 2362/1630/1630 2359/1631/1631 2361/1632/1632
f 2365/1633/1633 2363/1634/1634 2364/1635/1635
f 2366/1636/1636 2363/1637/1637 2365/1638/1638
f 2369/1639/1639 2367/1640/1640 2368/1641/1641
f 2370/1642/1642 2367/1643/1643 2369/1644/1644
f 2373/1645/1645 2371/1646/1646 2372/1647/1647
f 2374/1648/1648 2371/1649/1649 2373/1650/1650
f 2377/1651/1651 2375/1652/1652 2376/1653/1653
f 2378/1654/1654 2375/1655/1655 2377/1656/1656
f 2381/1657/1657 2379/1658/1658 2380/1659/1659
f 2382/1660/1660 2379/1661/1661 2381/1662/1662
f 2385/1663/1663 2383/1664/1664 2384/1665/1665
f 2386/1666/1666 2383/1667/1667 2385/1668/1668
f 2389/1669/1669 2387/1670/1670 2388/1671/1671
f 2390/1672/1672 2387/1673/1673 2389/1674/1674
f 2393/1675/1675 2391/1676/1676 2392/1677/1677
f 2394/1678/1678 2391/1679/1679 2393/1680/1680
f 2397/1681/1681 2395/1682/1682 2396/1683/1683
f 2398/1684/1684 2395/1685/1685 2397/1686/1686
f 2401/1687/1687 2399/1688/1688 2400/1689/1689
f 2402/1690/1690 2399/1691/1691 2401/1692/1692
f 2405/1693/1693 2403/1694/1694 2404/1695/1695
f 2406/1696/1696 2403/1697/1697 2405/1698/1698
f 2409/1699/1699 2407/1700/1700 2408/1701/1701
f 2410/1702/1702 2407/1703/1703 2409/1704/1704
f 2413/1705/1705 2411/1706/1706 2412/1707/1707
f 2414/1708/1708 2411/1709/1709 2413/1710/1710
f 2417/1711/1711 2415/1712/1712 2416/1713/1713
f 2418/1714/1714 2415/1715/1715 2417/1716/1716
f 2421/1717/1717 2419/1718/1718 2420/1719/1719
f 2422/1720/1720 2419/1721/1721 2421/1722/1722
f 2425/1723/1723 2423/1724/1724 2424/1725/1725
f 2426/1726/1726 2423/1727/1727 2425/1728/1728
f 2429/1729/1729 2427/1730/1730 2428/1731/1731
f 2430/1732/1732 2427/1733/1733 2429/1734/1734
f 2433/1735/1735 2431/1736/1736 2432/1737/1737
f 2434/1738/1738 2431/1739/1739 2433/1740/1740
f 2437/1741/1741 2435/1742/1742 2436/1743/1743
f 2438/1744/1744 2435/1745/1745 2437/1746/1746
f 2441/1747/1747 2439/1748/1748 2440/1749/1749
f 2442/1750/1750 2439/1751/1751 2441/1752/1752
f 2445/1753/1753 2443/1754/1754 2444/1755/1755
f 2446/1756/1756 2443/1757/1757 2445/1758/1758
f 2449/1759/1759 2447/1760/1760 2448/1761/1761
f 2450/1762/1762 2447/1763/1763 2449/1764/1764
f 2453/1765/1765 2451/1766/1766 2452/1767/1767
f 2454/1768/1768 2451/1769/1769 2453/1770/1770
f 2457/1771/1771 2455/1772/1772 2456/1773/1773
f 2458/1774/1774 2455/1775/1775 2457/1776/1776
f 2461/1777/1777 2459/1778/1778 2460/1779/1779
f 2462/1780/1780 2459/1781/1781 2461/1782/1782
f 2465/1783/1783 2463/1784/1784 2464/1785/1785
f 2466/1786/1786 2463/1787/1787 2465/1788/1788
f 2469/1789/1789 2467/1790/1790 2468/1791/1791
f 2470/1792/1792 2467/1793/1793 2469/1794/1794
f 2473/1795/1795 2471/1796/1796 2472/1797/1797
f 2474/1798/1798 2471/1799/1799 2473/1800/1800
f 2477/1801/1801 2475/1802/1802 2476/1803/1803
f 2478/1804/1804 2475/1805/1805 2477/1806/1806
f 2481/1807/1807 2479/1808/1808 2480/1809/1809
f 2482/1810/1810 2479/1811/1811 2481/1812/1812
f 2485/1813/1813 2483/1814/1814 2484/1815/1815
f 2486/1816/1816 2483/1817/1817 2485/1818/1818
f 2489/1819/1819 2487/1820/1820 2488/1821/1821
f 2490/1822/1822 2487/1823/1823 2489/1824/1824
f 2493/1825/1825 2491/1826/1826 2492/1827/1827
f 2494/1828/1828 2491/1829/1829 2493/1830/1830
f 2497/1831/1831 2495/1832/1832 2496/1833/1833
f 2498/1834/1834 2495/1835/1835 2497/1836/1836
f 2501/1837/1837 2499/1838/1838 2500/1839/1839
f 2502/1840/1840 2499/1841/1841 2501/1842/1842
f 2505/1843/1843 2503/1844/1844 2504/1845/1845
f 2506/1846/1846 2503/1847/1847 2505/1848/1848
f 2509/1849/1849 2507/1850/1850 2508/1851/1851
f 2510/1852/1852 2507/1853/1853 2509/1854/1854
f 2513/1855/1855 2511/1856/1856 2512/1857/1857
f 2514/1858/1858 2511/1859/1859 2513/1860/1860
f 2517/1861/1861 2515/1862/1862 2516/1863/1863
f 2518/1864/1864 2515/1865/1865 2517/1866/1866
f 2521/1867/1867 2519/1868/1868 2520/1869/1869
f 2522/1870/1870 2519/1871/1871 2521/1872/1872
f 2525/1873/1873 2523/1874/1874 2524/1875/1875
f 2526/1876/1876 2523/1877/1877 2525/1878/1878
f 2529/1879/1879 2527/1880/1880 2528/1881/1881
f 2530/1882/1882 2527/1883/1883 2529/1884/1884
f 2533/1885/1885 2531/1886/1886 2532/1887/1887
f 2534/1888/1888 2531/1889/1889 2533/1890/1890
f 2537/1891/1891 2535/1892/1892 2536/1893/1893
f 2538/1894/1894 2535/1895/1895 2537/1896/1896
f 2541/1897/1897 2539/1898/1898 2540/1899/1899
f 2542/1900/1900 2539/1901/1901 2541/1902/1902
f 2545/1903/1903 2543/1904/1904 2544/1905/1905
f 2546/1906/1906 2543/1907/1907 2545/1908/1908
f 2549/1909/1909 2547/1910/1910 2548/1911/1911
f 2550/1912/1912 2547/1913/1913 2549/1914/1914
f 2553/1915/1915 2551/1916/1916 2552/1917/1917
f 2554/1918/1918 2551/1919/1919 2553/1920/1920
f 2557/1921/1921 2555/1922/1922 2556/1923/1923
f 2558/1924/1924 2555/1925/1925 2557/1926/1926
f 2561/1927/1927 2559/1928/1928 2560/1929/1929
f 2562/1930/1930 2559/1931/1931 2561/1932/1932
f 2565/1933/1933 2563/1934/1934 2564/1935/1935
f 2568/1936/1936 2566/1937/1937 2567/1938/1938
f 2571/1939/1939 2569/1940/1940 2570/1941/1941
f 2574/1942/1942 2572/1943/1943 2573/1944/1944
f 2577/1945/1945 2575/1946/1946 2576/1947/1947
f 2580/1948/1948 2578/1949/1949 2579/1950/1950
f 2903/1951/1951 2901/1952/1952 2902/1953/1953
f 2904/1954/1954 2901/1955/1955 2903/1956/1956
f 2907/1957/1957 2905/1958/1958 2906/1959/1959
f 2908/1960/1960 2905/1961/1961 2907/1962/1962
f 2911/1963/1963 2909/1964/1964 2910/1965/1965
f 2912/1966/1966 2909/1967/1967 2911/1968/1968
f 2915/1969/1969 2913/1970/1970 2914/1971/1971
f 2916/1972/1972 2913/1973/1973 2915/1974/1974
f 2919/1975/1975 2917/1976/1976 2918/1977/1977
f 2920/1978/1978 2917/1979/1979 2919/1980/1980
f 2923/1981/1981 2921/1982/1982 2922/1983/1983
f 2924/1984/1984 2921/1985/1985 2923/1986/1986
f 2927/1987/1987 2925/1988/1988 2926/1989/1989
f 2928/1990/1990 2925/1991/1991 2927/1992/1992
f 2931/1993/1993 2929/1994/1994 2930/1995/1995
f 2932/1996/1996 2929/1997/1997 2931/1998/1998
f 2935/1999/1999 2933/2000/2000 2934/2001/2001
f 2936/2002/2002 2933/2003/2003 2935/2004/2004
f 2939/2005/2005 2937/2006/2006 2938/2007/2007
f 2940/2008/2008 2937/2009/2009 2939/2010/2010
f 2943/2011/2011 2941/2012/2012 2942/2013/2013
f 2944/2014/2014 2941/2015/2015 2943/2016/2016
f 2947/2017/2017 2945/2018/2018 2946/2019/2019
f 2948/2020/2020 2945/2021/2021 2947/2022/2022
f 2951/2023/2023 2949/2024/2024 2950/2025/2025
f 2952/2026/2026 2949/2027/2027 2951/2028/2028
f 2955/2029/2029 2953/2030/2030 2954/2031/2031
f 2956/2032/2032 2953/2033/2033 2955/2034/2034
f 2959/2035/2035 2957/2036/2036 2958/2037/2037
f 2960/2038/2038 2957/2039/2039 2959/2040/2040
f 2963/2041/2041 2961/2042/2042 2962/2043/2043
f 2964/2044/2044 2961/2045/2045 2963/2046/2046
f 2967/2047/2047 2965/2048/2048 2966/2049/2049
f 2968/2050/2050 2965/2051/2051 2967/2052/2052
f 2971/2053/2053 2969/2054/2054 2970/2055/2055
f 2972/2056/2056 2969/2057/2057 2971/2058/2058
f 2975/2059/2059 2973/2060/2060 2974/2061/2061
f 2976/2062/2062 2973/2063/2063 2975/2064/2064
f 2979/2065/2065 2977/2066/2066 2978/2067/2067
f 2980/2068/2068 2977/2069/2069 2979/2070/2070
f 2983/2071/2071 2981/2072/2072 2982/2073/2073
f 2984/2074/2074 2981/2075/2075 2983/2076/2076
f 2987/2077/2077 2985/2078/2078 2986/2079/2079
f 2988/2080/2080 2985/2081/2081 2987/2082/2082
f 2991/2083/2083 2989/2084/2084 2990/2085/2085
f 2992/2086/2086 2989/2087/2087 2991/2088/2088
f 2995/2089/2089 2993/2090/2090 2994/2091/2091
f 2996/2092/2092 2993/2093/2093 2995/2094/2094
f 2999/2095/2095 2997/2096/2096 2998/2097/2097
f 3000/2098/2098 2997/2099/2099 2999/2100/2100
f 3003/2101/2101 3001/2102/2102 3002/2103/2103
f 3004/2104/2104 3001/2105/2105 3003/2106/2106
f 3007/2107/2107 3005/2108/2108 3006/2109/2109
f 3008/2110/2110 3005/2111/2111 3007/2112/2112
f 3011/2113/2113 3009/2114/2114 3010/2115/2115
f 3012/2116/2116 3009/2117/2117 3011/2118/2118
f 3015/2119/2119 3013/2120/2120 3014/2121/2121
f 3016/2122/2122 3013/2123/2123 3015/2124/2124
f 3019/2125/2125 3017/2126/2126 3018/2127/2127
f 3020/2128/2128 3017/2129/2129 3019/2130/2130
f 3023/2131/2131 3021/2132/2132 3022/2133/2133
f 3024/2134/2134 3021/2135/2135 3023/2136/2136
f 3027/2137/2137 3025/2138/2138 3026/2139/2139
f 3028/2140/2140 3025/2141/2141 3027/2142/2142
f 3031/2143/2143 3029/2144/2144 3030/2145/2145
f 3032/2146/2146 3029/2147/2147 3031/2148/2148
f 3035/2149/2149 3033/2150/2150 3034/2151/2151
f 3036/2152/2152 3033/2153/2153 3035/2154/2154
f 3039/2155/2155 3037/2156/2156 3038/2157/2157
f 3040/2158/2158 3037/2159/2159 3039/2160/2160
f 3043/2161/2161 3041/2162/2162 3042/2163/2163
f 3044/2164/2164 3041/2165/2165 3043/2166/2166
f 3047/2167/2167 3045/2168/2168 3046/2169/2169
f 3048/2170/2170 3045/2171/2171 3047/2172/2172
f 3051/2173/2173 3049/2174/2174 3050/2175/2175
f 3052/2176/2176 3049/2177/2177 3051/2178/2178
f 3055/2179/2179 3053/2180/2180 3054/2181/2181
f 3056/2182/2182 3053/2183/2183 3055/2184/2184
f 3059/2185/2185 3057/2186/2186 3058/2187/2187
f 3060/2188/2188 3057/2189/2189 3059/2190/2190
f 3063/2191/2191 3061/2192/2192 3062/2193/2193
f 3064/2194/2194 3061/2195/2195 3063/2196/2196
f 3067/2197/2197 3065/2198/2198 3066/2199/2199
f 3068/2200/2200 3065/2201/2201 3067/2202/2202
f 3071/2203/2203 3069/2204/2204 3070/2205/2205
f 3072/2206/2206 3069/2207/2207 3071/2208/2208
f 3075/2209/2209 3073/2210/2210 3074/2211/2211
f 3076/2212/2212 3073/2213/2213 3075/2214/2214
f 3079/2215/2215 3077/2216/2216 3078/2217/2217
f 3080/2218/2218 3077/2219/2219 3079/2220/2220
f 3083/2221/2221 3081/2222/2222 3082/2223/2223
f 3084/2224/2224 3081/2225/2225 3083/2226/2226
f 3087/2227/2227 3085/2228/2228 3086/2229/2229
f 3088/2230/2230 3085/2231/2231 3087/2232/2232
f 3091/2233/2233 3089/2234/2234 3090/2235/2235
f 3092/2236/2236 3089/2237/2237 3091/2238/2238
f 3095/2239/2239 3093/2240/2240 3094/2241/2241
f 3096/2242/2242 3093/2243/2243 3095/2244/2244
f 3099/2245/2245 3097/2246/2246 3098/2247/2247
f 3100/2248/2248 3097/2249/2249 3099/2250/2250
f 3103/2251/2251 3101/2252/2252 3102/2253/2253
f 3104/2254/2254 3101/2255/2255 3103/2256/2256
f 3107/2257/2257 3105/2258/2258 3106/2259/2259
f 3108/2260/2260 3105/2261/2261 3107/2262/2262
f 3111/2263/2263 3109/2264/2264 3110/2265/2265
f 3112/2266/2266 3109/2267/2267 3111/2268/2268
f 3115/2269/2269 3113/2270/2270 3114/2271/2271
f 3116/2272/2272 3113/2273/2273 3115/2274/2274
f 3119/2275/2275 3117/2276/2276 3118/2277/2277
f 3120/2278/2278 3117/2279/2279 3119/2280/2280
f 3123/2281/2281 3121/2282/2282 3122/2283/2283
f 3124/2284/2284 3121/2285/2285 3123/2286/2286
f 3127/2287/2287 3125/2288/2288 3126/2289/2289
f 3128/2290/2290 3125/2291/2291 3127/2292/2292
f 3131/2293/2293 3129/2294/2294 3130/2295/2295
f 3132/2296/2296 3129/2297/2297 3131/2298/2298
f 3135/2299/2299 3133/2300/2300 3134/2301/2301
f 3136/2302/2302 3133/2303/2303 3135/2304/2304
f 3139/2305/2305 3137/2306/2306 3138/2307/2307
f 3140/2308/2308 3137/2309/2309 3139/2310/2310
f 3143/2311/2311 3141/2312/2312 3142/2313/2313
f 3144/2314/2314 3141/2315/2315 3143/2316/2316
f 3147/2317/2317 3145/2318/2318 3146/2319/2319
f 3148/2320/2320 3145/2321/2321 3147/2322/2322
f 3151/2323/2323 3149/2324/2324 3150/2325/2325
f 3152/2326/2326 3149/2327/2327 3151/2328/2328
f 3155/2329/2329 3153/2330/2330 3154/2331/2331
f 3156/2332/2332 3153/2333/2333 3155/2334/2334
f 3159/2335/2335 3157/2336/2336 3158/2337/2337
f 3160/2338/2338 3157/2339/2339 3159/2340/2340
f 3163/2341/2341 3161/2342/2342 3162/2343/2343
f 3164/2344/2344 3161/2345/2345 3163/2346/2346
f 3167/2347/2347 3165/2348/2348 3166/2349/2349
f 3168/2350/2350 3165/2351/2351 3167/2352/2352
f 3171/2353/2353 3169/2354/2354 3170/2355/2355
f 3172/2356/2356 3169/2357/2357 3171/2358/2358
f 3175/2359/2359 3173/2360/2360 3174/2361/2361
f 3176/2362/2362 3173/2363/2363 3175/2364/2364
f 3179/2365/2365 3177/2366/2366 3178/2367/2367
f 3180/2368/2368 3177/2369/2369 3179/2370/2370
f 3183/2371/2371 3181/2372/2372 3182/2373/2373
f 3184/2374/2374 3181/2375/2375 3183/2376/2376
f 3187/2377/2377 3185/2378/2378 3186/2379/2379
f 3188/2380/2380 3185/2381/2381 3187/2382/2382
f 3191/2383/2383 3189/2384/2384 3190/2385/2385
f 3192/2386/2386 3189/2387/2387 3191/2388/2388
f 3195/2389/2389 3193/2390/2390 3194/2391/2391
f 3196/2392/2392 3193/2393/2393 3195/2394/2394
f 3199/2395/2395 3197/2396/2396 3198/2397/2397
f 3200/2398/2398 3197/2399/2399 3199/2400/2400
f 3203/2401/2401 3201/2402/2402 3202/2403/2403
f 3204/2404/2404 3201/2405/2405 3203/2406/2406
f 3207/2407/2407 3205/2408/2408 3206/2409/2409
f 3208/2410/2410 3205/2411/2411 3207/2412/2412
f 3211/2413/2413 3209/2414/2414 3210/2415/2415
f 3212/2416/2416 3209/2417/2417 3211/2418/2418
f 3215/2419/2419 3213/2420/2420 3214/2421/2421
f 3216/2422/2422 3213/2423/2423 3215/2424/2424
f 3219/2425/2425 3217/2426/2426 3218/2427/2427
f 3220/2428/2428 3217/2429/2429 3219/2430/2430
f 3223/2431/2431 3221/2432/2432 3222/2433/2433
f 3224/2434/2434 3221/2435/2435 3223/2436/2436
f 3227/2437/2437 3225/2438/2438 3226/2439/2439
f 3228/2440/2440 3225/2441/2441 3227/2442/2442
f 3231/2443/2443 3229/2444/2444 3230/2445/2445
f 3232/2446/2446 3229/2447/2447 3231/2448/2448
f 3235/2449/2449 3233/2450/2450 3234/2451/2451
f 3236/2452/2452 3233/2453/2453 3235/2454/2454
f 3239/2455/2455 3237/2456/2456 3238/2457/2457
f 3240/2458/2458 3237/2459/2459 3239/2460/2460
f 3243/2461/2461 3241/2462/2462 3242/2463/2463
f 3244/2464/2464 3241/2465/2465 3243/2466/2466
f 3247/2467/2467 3245/2468/2468 3246/2469/2469
f 3248/2470/2470 3245/2471/2471 3247/2472/2472
f 3251/2473/2473 3249/2474/2474 3250/2475/2475
f 3252/2476/2476 3249/2477/2477 3251/2478/2478
f 3255/2479/2479 3253/2480/2480 3254/2481/2481
f 3256/2482/2482 3253/2483/2483 3255/2484/2484
f 3259/2485/2485 3257/2486/2486 3258/2487/2487
f 3260/2488/2488 3257/2489/2489 3259/2490/2490
f 3263/2491/2491 3261/2492/2492 3262/2493/2493
f 3264/2494/2494 3261/2495/2495 3263/2496/2496
f 3267/2497/2497 3265/2498/2498 3266/2499/2499
f 3268/2500/2500 3265/2501/2501 3267/2502/2502
f 3271/2503/2503 3269/2504/2504 3270/2505/2505
f 3272/2506/2506 3269/2507/2507 3271/2508/2508
f 3275/2509/2509 3273/2510/2510 3274/2511/2511
f 3276/2512/2512 3273/2513/2513 3275/2514/2514
f 3279/2515/2515 3277/2516/2516 3278/2517/2517
f 3280/2518/2518 3277/2519/2519 3279/2520/2520
f 3283/2521/2521 3281/2522/2522 3282/2523/2523
f 3284/2524/2524 3281/2525/2525 3283/2526/2526
f 3287/2527/2527 3285/2528/2528 3286/2529/2529
f 3288/2530/2530 3285/2531/2531 3287/2532/2532
f 3291/2533/2533 3289/2534/2534 3290/2535/2535
f 3292/2536/2536 3289/2537/2537 3291/2538/2538
f 3295/2539/2539 3293/2540/2540 3294/2541/2541
f 3296/2542/2542 3293/2543/2543 3295/2544/2544
f 3299/2545/2545 3297/2546/2546 3298/2547/2547
f 3300/2548/2548 3297/2549/2549 3299/2550/2550
f 3303/2551/2551 3301/2552/2552 3302/2553/2553
f 3304/2554/2554 3301/2555/2555 3303/2556/2556
f 3307/2557/2557 3305/2558/2558 3306/2559/2559
f 3308/2560/2560 3305/2561/2561 3307/2562/2562
f 3311/2563/2563 3309/2564/2564 3310/2565/2565
f 3312/2566/2566 3309/2567/2567 3311/2568/2568
f 3315/2569/2569 3313/2570/2570 3314/2571/2571
f 3316/2572/2572 3313/2573/2573 3315/2574/2574
f 3319/2575/2575 3317/2576/2576 3318/2577/2577
f 3320/2578/2578 3317/2579/2579 3319/2580/2580
f 3323/2581/2581 3321/2582/2582 3322/2583/2583
f 3324/2584/2584 3321/2585/2585 3323/2586/2586
f 3327/2587/2587 3325/2588/2588 3326/2589/2589
f 3328/2590/2590 3325/2591/2591 3327/2592/2592
f 3331/2593/2593 3329/2594/2594 3330/2595/2595
f 3332/2596/2596 3329/2597/2597 3331/2598/2598
f 3335/2599/2599 3333/2600/2600 3334/2601/2601
f 3336/2602/2602 3333/2603/2603 3335/2604/2604
f 3339/2605/2605 3337/2606/2606 3338/2607/2607
f 3340/2608/2608 3337/2609/2609 3339/2610/2610
f 3343/2611/2611 3341/2612/2612 3342/2613/2613
f 3344/2614/2614 3341/2615/2615 3343/2616/2616
f 3347/2617/2617 3345/2618/2618 3346/2619/2619
f 3350/2620/2620 3348/2621/2621 3349/2622/2622
f 3353/2623/2623 3351/2624/2624 3352/2625/2625
f 3356/2626/2626 3354/2627/2627 3355/2628/2628
f 3359/2629/2629 3357/2630/2630 3358/2631/2631
f 3362/2632/2632 3360/2633/2633 3361/2634/2634
f 3685/2635/2635 3683/2636/2636 3684/2637/2637
f 3686/2638/2638 3683/2639/2639 3685/2640/2640
f 3689/2641/2641 3687/2642/2642 3688/2643/2643
f 3690/2644/2644 3687/2645/2645 3689/2646/2646
f 3693/2647/2647 3691/2648/2648 3692/2649/2649
f 3694/2650/2650 3691/2651/2651 3693/2652/2652
f 3697/2653/2653 3695/2654/2654 3696/2655/2655
f 3698/2656/2656 3695/2657/2657 3697/2658/2658
f 3701/2659/2659 3699/2660/2660 3700/2661/2661
f 3702/2662/2662 3699/2663/2663 3701/2664/2664
f 3705/2665/2665 3703/2666/2666 3704/2667/2667
f 3706/2668/2668 3703/2669/2669 3705/2670/2670
f 3709/2671/2671 3707/2672/2672 3708/2673/2673
f 3710/2674/2674 3707/2675/2675 3709/2676/2676
f 3713/2677/2677 3711/2678/2678 3712/2679/2679
f 3714/2680/2680 3711/2681/2681 3713/2682/2682
f 3717/2683/2683 3715/2684/2684 3716/2685/2685
f 3718/2686/2686 3715/2687/2687 3717/2688/2688
f 3721/2689/2689 3719/2690/2690 3720/2691/2691
f 3722/2692/2692 3719/2693/2693 3721/2694/2694
f 3725/2695/2695 3723/2696/2696 3724/2697/2697
f 3726/2698/2698 3723/2699/2699 3725/2700/2700
f 3729/2701/2701 3727/2702/2702 3728/2703/2703
f 3730/2704/2704 3727/2705/2705 3729/2706/2706
f 3733/2707/2707 3731/2708/2708 3732/2709/2709
f 3734/2710/2710 3731/2711/2711 3733/2712/2712
f 3737/2713/2713 3735/2714/2714 3736/2715/2715
f 3738/2716/2716 3735/2717/2717 3737/2718/2718
f 3741/2719/2719 3739/2720/2720 3740/2721/2721
f 3742/2722/2722 3739/2723/2723 3741/2724/2724
f 3745/2725/2725 3743/2726/2726 3744/2727/2727
f 3746/2728/2728 3743/2729/2729 3745/2730/2730
f 3749/2731/2731 3747/2732/2732 3748/2733/2733
f 3750/2734/2734 3747/2735/2735 3749/2736/2736
f 3753/2737/2737 3751/2738/2738 3752/2739/2739
f 3754/2740/2740 3751/2741/2741 3753/2742/2742
f 3757/2743/2743 3755/2744/2744 3756/2745/2745
f 3758/2746/2746 3755/2747/2747 3757/2748/2748
f 3761/2749/2749 3759/2750/2750 3760/2751/2751
f 3762/2752/2752 3759/2753/2753 3761/2754/2754
f 3765/2755/2755 3763/2756/2756 3764/2757/2757
f 3766/2758/2758 3763/2759/2759 3765/2760/2760
f 3769/2761/2761 3767/2762/2762 3768/2763/2763
f 3770/2764/2764 3767/2765/2765 3769/2766/2766
f 3773/2767/2767 3771/2768/2768 3772/2769/2769
f 3774/2770/2770 3771/2771/2771 3773/2772/2772
f 3777/2773/2773 3775/2774/2774 3776/2775/2775
f 3778/2776/2776 3775/2777/2777 3777/2778/2778
f 3781/2779/2779 3779/2780/2780 3780/2781/2781
f 3782/2782/2782 3779/2783/2783 3781/2784/2784
f 3785/2785/2785 3783/2786/2786 3784/2787/2787
f 3786/2788/2788 3783/2789/2789 3785/2790/2790
f 3789/2791/2791 3787/2792/2792 3788/2793/2793
f 3790/2794/2794 3787/2795/2795 3789/2796/2796
f 3793/2797/2797 3791/2798/2798 3792/2799/2799
f 3794/2800/2800 3791/2801/2801 3793/2802/2802
f 3797/2803/2803 3795/2804/2804 3796/2805/2805
f 3798/2806/2806 3795/2807/2807 3797/2808/2808
f 3801/2809/2809 3799/2810/2810 3800/2811/2811
f 3802/2812/2812 3799/2813/2813 3801/2814/2814
f 3805/2815/2815 3803/2816/2816 3804/2817/2817
f 3806/2818/2818 3803/2819/2819 3805/2820/2820
f 3809/2821/2821 3807/2822/2822 3808/2823/2823
f 3810/2824/2824 3807/2825/2825 3809/2826/2826
f 3813/2827/2827 3811/2828/2828 3812/2829/2829
f 3814/2830/2830 3811/2831/2831 3813/2832/2832
f 3817/2833/2833 3815/2834/2834 3816/2835/2835
f 3818/2836/2836 3815/2837/2837 3817/2838/2838
f 3821/2839/2839 3819/2840/2840 3820/2841/2841
f 3822/2842/2842 3819/2843/2843 3821/2844/2844
f 3825/2845/2845 3823/2846/2846 3824/2847/2847
f 3826/2848/2848 3823/2849/2849 3825/2850/2850
f 3829/2851/2851 3827/2852/2852 3828/2853/2853
f 3830/2854/2854 3827/2855/2855 3829/2856/2856
f 3833/2857/2857 3831/2858/2858 3832/2859/2859
f 3834/2860/2860 3831/2861/2861 3833/2862/2862
f 3837/2863/2863 3835/2864/2864 3836/2865/2865
f 3838/2866/2866 3835/2867/2867 3837/2868/2868
f 3841/2869/2869 3839/2870/2870 3840/2871/2871
f 3842/2872/2872 3839/2873/2873 3841/2874/2874
f 3845/2875/2875 3843/2876/2876 3844/2877/2877
f 3846/2878/2878 3843/2879/2879 3845/2880/2880
f 3849/2881/2881 3847/2882/2882 3848/2883/2883
f 3850/2884/2884 3847/2885/2885 3849/2886/2886
f 3853/2887/2887 3851/2888/2888 3852/2889/2889
f 3854/2890/2890 3851/2891/2891 3853/2892/2892
f 3857/2893/2893 3855/2894/2894 3856/2895/2895
f 3858/2896/2896 3855/2897/2897 3857/2898/2898
f 3861/2899/2899 3859/2900/2900 3860/2901/2901
f 3862/2902/2902 3859/2903/2903 3861/2904/2904
f 3865/2905/2905 3863/2906/2906 3864/2907/2907
f 3866/2908/2908 3863/2909/2909 3865/2910/2910
f 3869/2911/2911 3867/2912/2912 3868/2913/2913
f 3870/2914/2914 3867/2915/2915 3869/2916/2916
f 3873/2917/2917 3871/2918/2918 3872/2919/2919
f 3874/2920/2920 3871/2921/2921 3873/2922/2922
f 3877/2923/2923 3875/2924/2924 3876/2925/2925
f 3878/2926/2926 3875/2927/2927 3877/2928/2928
f 3881/2929/2929 3879/2930/2930 3880/2931/2931
f 3882/2932/2932 3879/2933/2933 3881/2934/2934
f 3885/2935/2935 3883/2936/2936 3884/2937/2937
f 3886/2938/2938 3883/2939/2939 3885/2940/2940
f 3889/2941/2941 3887/2942/2942 3888/2943/2943
f 3890/2944/2944 3887/2945/2945 3889/2946/2946
f 3893/2947/2947 3891/2948/2948 3892/2949/2949
f 3894/2950/2950 3891/2951/2951 3893/2952/2952
f 3897/2953/2953 3895/2954/2954 3896/2955/2955
f 3898/2956/2956 3895/2957/2957 3897/2958/2958
f 3901/2959/2959 3899/2960/2960 3900/2961/2961
f 3902/2962/2962 3899/2963/2963 3901/2964/2964
f 3905/2965/2965 3903/2966/2966 3904/2967/2967
f 3906/2968/2968 3903/2969/2969 3905/2970/2970
f 3909/2971/2971 3907/2972/2972 3908/2973/2973
f 3910/2974/2974 3907/2975/2975 3909/2976/2976
f 3913/2977/2977 3911/2978/2978 3912/2979/2979
f 3914/2980/2980 3911/2981/2981 3913/2982/2982
f 3917/2983/2983 3915/2984/2984 3916/2985/2985
f 3918/2986/2986 3915/2987/2987 3917/2988/2988
f 3921/2989/2989 3919/2990/2990 3920/2991/2991
f 3922/2992/2992 3919/2993/2993 3921/2994/2994
f 3925/2995/2995 3923/2996/2996 3924/2997/2997
f 3926/2998/2998 3923/2999/2999 3925/3000/3000
f 3929/3001/3001 3927/3002/3002 3928/3003/3003
f 3930/3004/3004 3927/3005/3005 3929/3006/3006
f 3933/3007/3007 3931/3008/3008 3932/3009/3009
f 3934/3010/3010 3931/3011/3011 3933/3012/3012
f 3937/3013/3013 3935/3014/3014 3936/3015/3015
f 3938/3016/3016 3935/3017/3017 3937/3018/3018
f 3941/3019/3019 3939/3020/3020 3940/3021/3021
f 3942/3022/3022 3939/3023/3023 3941/3024/3024
f 3945/3025/3025 3943/3026/3026 3944/3027/3027
f 3946/3028/3028 3943/3029/3029 3945/3030/3030
f 3949/3031/3031 3947/3032/3032 3948/3033/3033
f 3950/3034/3034 3947/3035/3035 3949/3036/3036
f 3953/3037/3037 3951/3038/3038 3952/3039/3039
f 3954/3040/3040 3951/3041/3041 3953/3042/3042
f 3957/3043/3043 3955/3044/3044 3956/3045/3045
f 3958/3046/3046 3955/3047/3047 3957/3048/3048
f 3961/3049/3049 3959/3050/3050 3960/3051/3051
f 3962/3052/3052 3959/3053/3053 3961/3054/3054
f 3965/3055/3055 3963/3056/3056 3964/3057/3057
f 3966/3058/3058 3963/3059/3059 3965/3060/3060
f 3969/3061/3061 3967/3062/3062 3968/3063/3063
f 3970/3064/3064 3967/3065/3065 3969/3066/3066
f 3973/3067/3067 3971/3068/3068 3972/3069/3069
f 3974/3070/3070 3971/3071/3071 3973/3072/3072
f 3977/3073/3073 3975/3074/3074 3976/3075/3075
f 3978/3076/3076 3975/3077/3077 3977/3078/3078
f 3981/3079/3079 3979/3080/3080 3980/3081/3081
f 3982/3082/3082 3979/3083/3083 3981/3084/3084
f 3985/3085/3085 3983/3086/3086 3984/3087/3087
f 3986/3088/3088 3983/3089/3089 3985/3090/3090
f 3989/3091/3091 3987/3092/3092 3988/3093/3093
f 3990/3094/3094 3987/3095/3095 3989/3096/3096
f 3993/3097/3097 3991/3098/3098 3992/3099/3099
f 3994/3100/3100 3991/3101/3101 3993/3102/3102
f 3997/3103/3103 3995/3104/3104 3996/3105/3105
f 3998/3106/3106 3995/3107/3107 3997/3108/3108
f 4001/3109/3109 3999/3110/3110 4000/3111/3111
f 4002/3112/3112 3999/3113/3113 4001/3114/3114
f 4005/3115/3115 4003/3116/3116 4004/3117/3117
f 4006/3118/3118 4003/3119/3119 4005/3120/3120
f 4009/3121/3121 4007/3122/3122 4008/3123/3123
f 4010/3124/3124 4007/3125/3125 4009/3126/3126
f 4013/3127/3127 4011/3128/3128 4012/3129/3129
f 4014/3130/3130 4011/3131/3131 4013/3132/3132
f 4017/3133/3133 4015/3134/3134 4016/3135/3135
f 4018/3136/3136 4015/3137/3137 4017/3138/3138
f 4021/3139/3139 4019/3140/3140 4020/3141/3141
f 4022/3142/3142 4019/3143/3143 4021/3144/3144
f 4025/3145/3145 4023/3146/3146 4024/3147/3147
f 4026/3148/3148 4023/3149/3149 4025/3150/3150
f 4029/3151/3151 4027/3152/3152 4028/3153/3153
f 4030/3154/3154 4027/3155/3155 4029/3156/3156
f 4033/3157/3157 4031/3158/3158 4032/3159/3159
f 4034/3160/3160 4031/3161/3161 4033/3162/3162
f 4037/3163/3163 4035/3164/3164 4036/3165/3165
f 4038/3166/3166 4035/3167/3167 4037/3168/3168
f 4041/3169/3169 4039/3170/3170 4040/3171/3171
f 4042/3172/3172 4039/3173/3173 4041/3174/3174
f 4045/3175/3175 4043/3176/3176 4044/3177/3177
f 4046/3178/3178 4043/3179/3179 4045/3180/3180
f 4049/3181/3181 4047/3182/3182 4048/3183/3183
f 4050/3184/3184 4047/3185/3185 4049/3186/3186
f 4053/3187/3187 4051/3188/3188 4052/3189/3189
f 4054/3190/3190 4051/3191/3191 4053/3192/3192
f 4057/3193/3193 4055/3194/3194 4056/3195/3195
f 4058/3196/3196 4055/3197/3197 4057/3198/3198
f 4061/3199/3199 4059/3200/3200 4060/3201/3201
f 4062/3202/3202 4059/3203/3203 4061/3204/3204
f 4065/3205/3205 4063/3206/3206 4064/3207/3207
f 4066/3208/3208 4063/3209/3209 4065/3210/3210
f 4069/3211/3211 4067/3212/3212 4068/3213/3213
f 4070/3214/3214 4067/3215/3215 4069/3216/3216
f 4073/3217/3217 4071/3218/3218 4072/3219/3219
f 4074/3220/3220 4071/3221/3221 4073/3222/3222
f 4077/3223/3223 4075/3224/3224 4076/3225/3225
f 4078/3226/3226 4075/3227/3227 4077/3228/3228
f 4081/3229/3229 4079/3230/3230 4080/3231/3231
f 4082/3232/3232 4079/3233/3233 4081/3234/3234
f 4085/3235/3235 4083/3236/3236 4084/3237/3237
f 4086/3238/3238 4083/3239/3239 4085/3240/3240
f 4089/3241/3241 4087/3242/3242 4088/3243/3243
f 4090/3244/3244 4087/3245/3245 4089/3246/3246
f 4093/3247/3247 4091/3248/3248 4092/3249/3249
f 4094/3250/3250 4091/3251/3251 4093/3252/3252
f 4097/3253/3253 4095/3254/3254 4096/3255/3255
f 4098/3256/3256 4095/3257/3257 4097/3258/3258
f 4101/3259/3259 4099/3260/3260 4100/3261/3261
f 4102/3262/3262 4099/3263/3263 4101/3264/3264
f 4105/3265/3265 4103/3266/3266 4104/3267/3267
f 4106/3268/3268 4103/3269/3269 4105/3270/3270
f 4109/3271/3271 4107/3272/3272 4108/3273/3273
f 4110/3274/3274 4107/3275/3275 4109/3276/3276
f 4113/3277/3277 4111/3278/3278 4112/3279/3279
f 4114/3280/3280 4111/3281/3281 4113/3282/3282
f 4117/3283/3283 4115/3284/3284 4116/3285/3285
f 4118/3286/3286 4115/3287/3287 4117/3288/3288
f 4121/3289/3289 4119/3290/3290 4120/3291/3291
f 4122/3292/3292 4119/3293/3293 4121/3294/3294
f 4125/3295/3295 4123/3296/3296 4124/3297/3297
f 4126/3298/3298 4123/3299/3299 4125/3300/3300
f 4129/3301/3301 4127/3302/3302 4128/3303/3303
f 4130/3304/3304 4127/3305/3305 4129/3306/3306
f 4133/3307/3307 4131/3308/3308 4132/3309/3309
f 4136/3310/3310 4134/3311/3311 4135/3312/3312
f 4139/3313/3313 4137/3314/3314 4138/3315/3315
f 4142/3316/3316 4140/3317/3317 4141/3318/3318
f 4145/3319/3319 4143/3320/3320 4144/3321/3321
f 4148/3322/3322 4146/3323/3323 4147/3324/3324
f 4471/3325/3325 4469/3326/3326 4470/3327/3327
f 4472/3328/3328 4469/3329/3329 4471/3330/3330
f 4475/3331/3331 4473/3332/3332 4474/3333/3333
f 4476/3334/3334 4473/3335/3335 4475/3336/3336
f 4479/3337/3337 4477/3338/3338 4478/3339/3339
f 4480/3340/3340 4477/3341/3341 4479/3342/3342
f 4483/3343/3343 4481/3344/3344 4482/3345/3345
f 4484/3346/3346 4481/3347/3347 4483/3348/3348
f 4487/3349/3349 4485/3350/3350 4486/3351/3351
f 4488/3352/3352 4485/3353/3353 4487/3354/3354
f 4491/3355/3355 4489/3356/3356 4490/3357/3357
f 4492/3358/3358 4489/3359/3359 4491/3360/3360
f 4495/3361/3361 4493/3362/3362 4494/3363/3363
f 4496/3364/3364 4493/3365/3365 4495/3366/3366
f 4499/3367/3367 4497/3368/3368 4498/3369/3369
f 4500/3370/3370 4497/3371/3371 4499/3372/3372
f 4503/3373/3373 4501/3374/3374 4502/3375/3375
f 4504/3376/3376 4501/3377/3377 4503/3378/3378
f 4507/3379/3379 4505/3380/3380 4506/3381/3381
f 4508/3382/3382 4505/3383/3383 4507/3384/3384
f 4511/3385/3385 4509/3386/3386 4510/3387/3387
f 4512/3388/3388 4509/3389/3389 4511/3390/3390
f 4515/3391/3391 4513/3392/3392 4514/3393/3393
f 4516/3394/3394 4513/3395/3395 4515/3396/3396
f 4519/3397/3397 4517/3398/3398 4518/3399/3399
f 4520/3400/3400 4517/3401/3401 4519/3402/3402
f 4523/3403/3403 4521/3404/3404 4522/3405/3405
f 4524/3406/3406 4521/3407/3407 4523/3408/3408
f 4527/3409/3409 4525/3410/3410 4526/3411/3411
f 4528/3412/3412 4525/3413/3413 4527/3414/3414
f 4531/3415/3415 4529/3416/3416 4530/3417/3417
f 4532/3418/3418 4529/3419/3419 4531/3420/3420
f 4535/3421/3421 4533/3422/3422 4534/3423/3423
f 4536/3424/3424 4533/3425/3425 4535/3426/3426
f 4539/3427/3427 4537/3428/3428 4538/3429/3429
f 4540/3430/3430 4537/3431/3431 4539/3432/3432
f 4543/3433/3433 4541/3434/3434 4542/3435/3435
f 4544/3436/3436 4541/3437/3437 4543/3438/3438
f 4547/3439/3439 4545/3440/3440 4546/3441/3441
f 4548/3442/3442 4545/3443/3443 4547/3444/3444
f 4551/3445/3445 4549/3446/3446 4550/3447/3447
f 4552/3448/3448 4549/3449/3449 4551/3450/3450
f 4555/3451/3451 4553/3452/3452 4554/3453/3453
f 4556/3454/3454 4553/3455/3455 4555/3456/3456
f 4559/3457/3457 4557/3458/3458 4558/3459/3459
f 4560/3460/3460 4557/3461/3461 4559/3462/3462
f 4563/3463/3463 4561/3464/3464 4562/3465/3465
f 4564/3466/3466 4561/3467/3467 4563/3468/3468
f 4567/3469/3469 4565/3470/3470 4566/3471/3471
f 4568/3472/3472 4565/3473/3473 4567/3474/3474
f 4571/3475/3475 4569/3476/3476 4570/3477/3477
f 4572/3478/3478 4569/3479/3479 4571/3480/3480
f 4575/3481/3481 4573/3482/3482 4574/3483/3483
f 4576/3484/3484 4573/3485/3485 4575/3486/3486
f 4579/3487/3487 4577/3488/3488 4578/3489/3489
f 4580/3490/3490 4577/3491/3491 4579/3492/3492
f 4583/3493/3493 4581/3494/3494 4582/3495/3495
f 4584/3496/3496 4581/3497/3497 4583/3498/3498
f 4587/3499/3499 4585/3500/3500 4586/3501/3501
f 4588/3502/3502 4585/3503/3503 4587/3504/3504
f 4591/3505/3505 4589/3506/3506 4590/3507/3507
f 4592/3508/3508 4589/3509/3509 4591/3510/3510
f 4595/3511/3511 4593/3512/3512 4594/3513/3513
f 4596/3514/3514 4593/3515/3515 4595/3516/3516
f 4599/3517/3517 4597/3518/3518 4598/3519/3519
f 4600/3520/3520 4597/3521/3521 4599/3522/3522
f 4603/3523/3523 4601/3524/3524 4602/3525/3525
f 4604/3526/3526 4601/3527/3527 4603/3528/3528
f 4607/3529/3529 4605/3530/3530 4606/3531/3531
f 4608/3532/3532 4605/3533/3533 4607/3534/3534
f 4611/3535/3535 4609/3536/3536 4610/3537/3537
f 4612/3538/3538 4609/3539/3539 4611/3540/3540
f 4615/3541/3541 4613/3542/3542 4614/3543/3543
f 4616/3544/3544 4613/3545/3545 4615/3546/3546
f 4619/3547/3547 4617/3548/3548 4618/3549/3549
f 4620/3550/3550 4617/3551/3551 4619/3552/3552
f 4623/3553/3553 4621/3554/3554 4622/3555/3555
f 4624/3556/3556 4621/3557/3557 4623/3558/3558
f 4627/3559/3559 4625/3560/3560 4626/3561/3561
f 4628/3562/3562 4625/3563/3563 4627/3564/3564
f 4631/3565/3565 4629/3566/3566 4630/3567/3567
f 4632/3568/3568 4629/3569/3569 4631/3570/3570
f 4635/3571/3571 4633/3572/3572 4634/3573/3573
f 4636/3574/3574 4633/3575/3575 4635/3576/3576
f 4639/3577/3577 4637/3578/3578 4638/3579/3579
f 4640/3580/3580 4637/3581/3581 4639/3582/3582
f 4643/3583/3583 4641/3584/3584 4642/3585/3585
f 4644/3586/3586 4641/3587/3587 4643/3588/3588
f 4647/3589/3589 4645/3590/3590 4646/3591/3591
f 4648/3592/3592 4645/3593/3593 4647/3594/3594
f 4651/3595/3595 4649/3596/3596 4650/3597/3597
f 4652/3598/3598 4649/3599/3599 4651/3600/3600
f 4655/3601/3601 4653/3602/3602 4654/3603/3603
f 4656/3604/3604 4653/3605/3605 4655/3606/3606
f 4659/3607/3607 4657/3608/3608 4658/3609/3609
f 4660/3610/3610 4657/3611/3611 4659/3612/3612
f 4663/3613/3613 4661/3614/3614 4662/3615/3615
f 4664/3616/3616 4661/3617/3617 4663/3618/3618
f 4667/3619/3619 4665/3620/3620 4666/3621/3621
f 4668/3622/3622 4665/3623/3623 4667/3624/3624
f 4671/3625/3625 4669/3626/3626 4670/3627/3627
f 4672/3628/3628 4669/3629/3629 4671/3630/3630
f 4675/3631/3631 4673/3632/3632 4674/3633/3633
f 4676/3634/3634 4673/3635/3635 4675/3636/3636
f 4679/3637/3637 4677/3638/3638 4678/3639/3639
f 4680/3640/3640 4677/3641/3641 4679/3642/3642
f 4683/3643/3643 4681/3644/3644 4682/3645/3645
f 4684/3646/3646 4681/3647/3647 4683/3648/3648
f 4687/3649/3649 4685/3650/3650 4686/3651/3651
f 4688/3652/3652 4685/3653/3653 4687/3654/3654
f 4691/3655/3655 4689/3656/3656 4690/3657/3657
f 4692/3658/3658 4689/3659/3659 4691/3660/3660
f 4695/3661/3661 4693/3662/3662 4694/3663/3663
f 4696/3664/3664 4693/3665/3665 4695/3666/3666
f 4699/3667/3667 4697/3668/3668 4698/3669/3669
f 4700/3670/3670 4697/3671/3671 4699/3672/3672
f 4703/3673/3673 4701/3674/3674 4702/3675/3675
f 4704/3676/3676 4701/3677/3677 4703/3678/3678
f 4707/3679/3679 4705/3680/3680 4706/3681/3681
f 4708/3682/3682 4705/3683/3683 4707/3684/3684
f 4711/3685/3685 4709/3686/3686 4710/3687/3687
f 4712/3688/3688 4709/3689/3689 4711/3690/3690
f 4715/3691/3691 4713/3692/3692 4714/3693/3693
f 4716/3694/3694 4713/3695/3695 4715/3696/3696
f 4719/3697/3697 4717/3698/3698 4718/3699/3699
f 4720/3700/3700 4717/3701/3701 4719/3702/3702
f 4723/3703/3703 4721/3704/3704 4722/3705/3705
f 4724/3706/3706 4721/3707/3707 4723/3708/3708
f 4727/3709/3709 4725/3710/3710 4726/3711/3711
f 4728/3712/3712 4725/3713/3713 4727/3714/3714
f 4731/3715/3715 4729/3716/3716 4730/3717/3717
f 4732/3718/3718 4729/3719/3719 4731/3720/3720
f 4735/3721/3721 4733/3722/3722 4734/3723/3723
f 4736/3724/3724 4733/3725/3725 4735/3726/3726
f 4739/3727/3727 4737/3728/3728 4738/3729/3729
f 4740/3730/3730 4737/3731/3731 4739/3732/3732
f 4743/3733/3733 4741/3734/3734 4742/3735/3735
f 4744/3736/3736 4741/3737/3737 4743/3738/3738
f 4747/3739/3739 4745/3740/3740 4746/3741/3741
f 4748/3742/3742 4745/3743/3743 4747/3744/3744
f 4751/3745/3745 4749/3746/3746 4750/3747/3747
f 4752/3748/3748 4749/3749/3749 4751/3750/3750
f 4755/3751/3751 4753/3752/3752 4754/3753/3753
f 4756/3754/3754 4753/3755/3755 4755/3756/3756
f 4759/3757/3757 4757/3758/3758 4758/3759/3759
f 4760/3760/3760 4757/3761/3761 4759/3762/3762
f 4763/3763/3763 4761/3764/3764 4762/3765/3765
f 4764/3766/3766 4761/3767/3767 4763/3768/3768
f 4767/3769/3769 4765/3770/3770 4766/3771/3771
f 4768/3772/3772 4765/3773/3773 4767/3774/3774
f 4771/3775/3775 4769/3776/3776 4770/3777/3777
f 4772/3778/3778 4769/3779/3779 4771/3780/3780
f 4775/3781/3781 4773/3782/3782 4774/3783/3783
f 4776/3784/3784 4773/3785/3785 4775/3786/3786
f 4779/3787/3787 4777/3788/3788 4778/3789/3789
f 4780/3790/3790 4777/3791/3791 4779/3792/3792
f 4783/3793/3793 4781/3794/3794 4782/3795/3795
f 4784/3796/3796 4781/3797/3797 4783/3798/3798
f 4787/3799/3799 4785/3800/3800 4786/3801/3801
f 4788/3802/3802 4785/3803/3803 4787/3804/3804
f 4791/3805/3805 4789/3806/3806 4790/3807/3807
f 4792/3808/3808 4789/3809/3809 4791/3810/3810
f 4795/3811/3811 4793/3812/3812 4794/3813/3813
f 4796/3814/3814 4793/3815/3815 4795/3816/3816
f 4799/3817/3817 4797/3818/3818 4798/3819/3819
f 4800/3820/3820 4797/3821/3821 4799/3822/3822
f 4803/3823/3823 4801/3824/3824 4802/3825/3825
f 4804/3826/3826 4801/3827/3827 4803/3828/3828
f 4807/3829/3829 4805/3830/3830 4806/3831/3831
f 4808/3832/3832 4805/3833/3833 4807/3834/3834
f 4811/3835/3835 4809/3836/3836 4810/3837/3837
f 4812/3838/3838 4809/3839/3839 4811/3840/3840
f 4815/3841/3841 4813/3842/3842 4814/3843/3843
f 4816/3844/3844 4813/3845/3845 4815/3846/3846
f 4819/3847/3847 4817/3848/3848 4818/3849/3849
f 4820/3850/3850 4817/3851/3851 4819/3852/3852
f 4823/3853/3853 4821/3854/3854 4822/3855/3855
f 4824/3856/3856 4821/3857/3857 4823/3858/3858
f 4827/3859/3859 4825/3860/3860 4826/3861/3861
f 4828/3862/3862 4825/3863/3863 4827/3864/3864
f 4831/3865/3865 4829/3866/3866 4830/3867/3867
f 4832/3868/3868 4829/3869/3869 4831/3870/3870
f 4835/3871/3871 4833/3872/3872 4834/3873/3873
f 4836/3874/3874 4833/3875/3875 4835/3876/3876
f 4839/3877/3877 4837/3878/3878 4838/3879/3879
f 4840/3880/3880 4837/3881/3881 4839/3882/3882
f 4843/3883/3883 4841/3884/3884 4842/3885/3885
f 4844/3886/3886 4841/3887/3887 4843/3888/3888
f 4847/3889/3889 4845/3890/3890 4846/3891/3891
f 4848/3892/3892 4845/3893/3893 4847/3894/3894
f 4851/3895/3895 4849/3896/3896 4850/3897/3897
f 4852/3898/3898 4849/3899/3899 4851/3900/3900
f 4855/3901/3901 4853/3902/3902 4854/3903/3903
f 4856/3904/3904 4853/3905/3905 4855/3906/3906
f 4859/3907/3907 4857/3908/3908 4858/3909/3909
f 4860/3910/3910 4857/3911/3911 4859/3912/3912
f 4863/3913/3913 4861/3914/3914 4862/3915/3915
f 4864/3916/3916 4861/3917/3917 4863/3918/3918
f 4867/3919/3919 4865/3920/3920 4866/3921/3921
f 4868/3922/3922 4865/3923/3923 4867/3924/3924
f 4871/3925/3925 4869/3926/3926 4870/3927/3927
f 4872/3928/3928 4869/3929/3929 4871/3930/3930
f 4875/3931/3931 4873/3932/3932 4874/3933/3933
f 4876/3934/3934 4873/3935/3935 4875/3936/3936
f 4879/3937/3937 4877/3938/3938 4878/3939/3939
f 4880/3940/3940 4877/3941/3941 4879/3942/3942
f 4883/3943/3943 4881/3944/3944 4882/3945/3945
f 4884/3946/3946 4881/3947/3947 4883/3948/3948
f 4887/3949/3949 4885/3950/3950 4886/3951/3951
f 4888/3952/3952 4885/3953/3953 4887/3954/3954
f 4891/3955/3955 4889/3956/3956 4890/3957/3957
f 4892/3958/3958 4889/3959/3959 4891/3960/3960
f 4895/3961/3961 4893/3962/3962 4894/3963/3963
f 4896/3964/3964 4893/3965/3965 4895/3966/3966
f 4899/3967/3967 4897/3968/3968 4898/3969/3969
f 4900/3970/3970 4897/3971/3971 4899/3972/3972
f 4903/3973/3973 4901/3974/3974 4902/3975/3975
f 4904/3976/3976 4901/3977/3977 4903/3978/3978
f 4907/3979/3979 4905/3980/3980 4906/3981/3981
f 4908/3982/3982 4905/3983/3983 4907/3984/3984
f 4911/3985/3985 4909/3986/3986 4910/3987/3987
f 4912/3988/3988 4909/3989/3989 4911/3990/3990
f 4915/3991/3991 4913/3992/3992 4914/3993/3993
f 4916/3994/3994 4913/3995/3995 4915/3996/3996
f 4919/3997/3997 4917/3998/3998 4918/3999/3999
f 4922/4000/4000 4920/4001/4001 4921/4002/4002
f 4925/4003/4003 4923/4004/4004 4924/4005/4005
f 4928/4006/4006 4926/4007/4007 4927/4008/4008
f 4931/4009/4009 4929/4010/4010 4930/4011/4011
f 4934/4012/4012 4932/4013/4013 4933/4014/4014
f 5257/4015/4015 5255/4016/4016 5256/4017/4017
f 5258/4018/4018 5255/4019/4019 5257/4020/4020
f 5261/4021/4021 5259/4022/4022 5260/4023/4023
f 5262/4024/4024 5259/4025/4025 5261/4026/4026
f 5265/4027/4027 5263/4028/4028 5264/4029/4029
f 5266/4030/4030 5263/4031/4031 5265/4032/4032
f 5269/4033/4033 5267/4034/4034 5268/4035/4035
f 5270/4036/4036 5267/4037/4037 5269/4038/4038
f 5273/4039/4039 5271/4040/4040 5272/4041/4041
f 5274/4042/4042 5271/4043/4043 5273/4044/4044
f 5277/4045/4045 5275/4046/4046 5276/4047/4047
f 5278/4048/4048 5275/4049/4049 5277/4050/4050
f 5281/4051/4051 5279/4052/4052 5280/4053/4053
f 5282/4054/4054 5279/4055/4055 5281/4056/4056
f 5285/4057/4057 5283/4058/4058 5284/4059/4059
f 5286/4060/4060 5283/4061/4061 5285/4062/4062
f 5289/4063/4063 5287/4064/4064 5288/4065/4065
f 5290/4066/4066 5287/4067/4067 5289/4068/4068
f 5293/4069/4069 5291/4070/4070 5292/4071/4071
f 5294/4072/4072 5291/4073/4073 5293/4074/4074
f 5297/4075/4075 5295/4076/4076 5296/4077/4077
f 5298/4078/4078 5295/4079/4079 5297/4080/4080
f 5301/4081/4081 5299/4082/4082 5300/4083/4083
f 5302/4084/4084 5299/4085/4085 5301/4086/4086
f 5305/4087/4087 5303/4088/4088 5304/4089/4089
f 5306/4090/4090 5303/4091/4091 5305/4092/4092
f 5309/4093/4093 5307/4094/4094 5308/4095/4095
f 5310/4096/4096 5307/4097/4097 5309/4098/4098
f 5313/4099/4099 5311/4100/4100 5312/4101/4101
f 5314/4102/4102 5311/4103/4103 5313/4104/4104
f 5317/4105/4105 5315/4106/4106 5316/4107/4107
f 5318/4108/4108 5315/4109/4109 5317/4110/4110
f 5321/4111/4111 5319/4112/4112 5320/4113/4113
f 5322/4114/4114 5319/4115/4115 5321/4116/4116
f 5325/4117/4117 5323/4118/4118 5324/4119/4119
f 5326/4120/4120 5323/4121/4121 5325/4122/4122
f 5329/4123/4123 5327/4124/4124 5328/4125/4125
f 5330/4126/4126 5327/4127/4127 5329/4128/4128
f 5333/4129/4129 5331/4130/4130 5332/4131/4131
f 5334/4132/4132 5331/4133/4133 5333/4134/4134
f 5337/4135/4135 5335/4136/4136 5336/4137/4137
f 5338/4138/4138 5335/4139/4139 5337/4140/4140
f 5341/4141/4141 5339/4142/4142 5340/4143/4143
f 5342/4144/4144 5339/4145/4145 5341/4146/4146
f 5345/4147/4147 5343/4148/4148 5344/4149/4149
f 5346/4150/4150 5343/4151/4151 5345/4152/4152
f 5349/4153/4153 5347/4154/4154 5348/4155/4155
f 5350/4156/4156 5347/4157/4157 5349/4158/4158
f 5353/4159/4159 5351/4160/4160 5352/4161/4161
f 5354/4162/4162 5351/4163/4163 5353/4164/4164
f 5357/4165/4165 5355/4166/4166 5356/4167/4167
f 5358/4168/4168 5355/4169/4169 5357/4170/4170
f 5361/4171/4171 5359/4172/4172 5360/4173/4173
f 5362/4174/4174 5359/4175/4175 5361/4176/4176
f 5365/4177/4177 5363/4178/4178 5364/4179/4179
f 5366/4180/4180 5363/4181/4181 5365/4182/4182
f 5369/4183/4183 5367/4184/4184 5368/4185/4185
f 5370/4186/4186 5367/4187/4187 5369/4188/4188
f 5373/4189/4189 5371/4190/4190 5372/4191/4191
f 5374/4192/4192 5371/4193/4193 5373/4194/4194
f 5377/4195/4195 5375/4196/4196 5376/4197/4197
f 5378/4198/4198 5375/4199/4199 5377/4200/4200
f 5381/4201/4201 5379/4202/4202 5380/4203/4203
f 5382/4204/4204 5379/4205/4205 5381/4206/4206
f 5385/4207/4207 5383/4208/4208 5384/4209/4209
f 5386/4210/4210 5383/4211/4211 5385/4212/4212
f 5389/4213/4213 5387/4214/4214 5388/4215/4215
f 5390/4216/4216 5387/4217/4217 5389/4218/4218
f 5393/4219/4219 5391/4220/4220 5392/4221/4221
f 5394/4222/4222 5391/4223/4223 5393/4224/4224
f 5397/4225/4225 5395/4226/4226 5396/4227/4227
f 5398/4228/4228 5395/4229/4229 5397/4230/4230
f 5401/4231/4231 5399/4232/4232 5400/4233/4233
f 5402/4234/4234 5399/4235/4235 5401/4236/4236
f 5405/4237/4237 5403/4238/4238 5404/4239/4239
f 5406/4240/4240 5403/4241/4241 5405/4242/4242
f 5409/4243/4243 5407/4244/4244 5408/4245/4245
f 5410/4246/4246 5407/4247/4247 5409/4248/4248
f 5413/4249/4249 5411/4250/4250 5412/4251/4251
f 5414/4252/4252 5411/4253/4253 5413/4254/4254
f 5417/4255/4255 5415/4256/4256 5416/4257/4257
f 5418/4258/4258 5415/4259/4259 5417/4260/4260
f 5421/4261/4261 5419/4262/4262 5420/4263/4263
f 5422/4264/4264 5419/4265/4265 5421/4266/4266
f 5425/4267/4267 5423/4268/4268 5424/4269/4269
f 5426/4270/4270 5423/4271/4271 5425/4272/4272
f 5429/4273/4273 5427/4274/4274 5428/4275/4275
f 5430/4276/4276 5427/4277/4277 5429/4278/4278
f 5433/4279/4279 5431/4280/4280 5432/4281/4281
f 5434/4282/4282 5431/4283/4283 5433/4284/4284
f 5437/4285/4285 5435/4286/4286 5436/4287/4287
f 5438/4288/4288 5435/4289/4289 5437/4290/4290
f 5441/4291/4291 5439/4292/4292 5440/4293/4293
f 5442/4294/4294 5439/4295/4295 5441/4296/4296
f 5445/4297/4297 5443/4298/4298 5444/4299/4299
f 5446/4300/4300 5443/4301/4301 5445/4302/4302
f 5449/4303/4303 5447/4304/4304 5448/4305/4305
f 5450/4306/4306 5447/4307/4307 5449/4308/4308
f 5453/4309/4309 5451/4310/4310 5452/4311/4311
f 5454/4312/4312 5451/4313/4313 5453/4314/4314
f 5457/4315/4315 5455/4316/4316 5456/4317/4317
f 5458/4318/4318 5455/4319/4319 5457/4320/4320
f 5461/4321/4321 5459/4322/4322 5460/4323/4323
f 5462/4324/4324 5459/4325/4325 5461/4326/4326
f 5465/4327/4327 5463/4328/4328 5464/4329/4329
f 5466/4330/4330 5463/4331/4331 5465/4332/4332
f 5469/4333/4333 5467/4334/4334 5468/4335/4335
f 5470/4336/4336 5467/4337/4337 5469/4338/4338
f 5473/4339/4339 5471/4340/4340 5472/4341/4341
f 5474/4342/4342 5471/4343/4343 5473/4344/4344
f 5477/4345/4345 5475/4346/4346 5476/4347/4347
f 5478/4348/4348 5475/4349/4349 5477/4350/4350
f 5481/4351/4351 5479/4352/4352 5480/4353/4353
f 5482/4354/4354 5479/4355/4355 5481/4356/4356
f 5485/4357/4357 5483/4358/4358 5484/4359/4359
f 5486/4360/4360 5483/4361/4361 5485/4362/4362
f 5489/4363/4363 5487/4364/4364 5488/4365/4365
f 5490/4366/4366 5487/4367/4367 5489/4368/4368
f 5493/4369/4369 5491/4370/4370 5492/4371/4371
f 5494/4372/4372 5491/4373/4373 5493/4374/4374
f 5497/4375/4375 5495/4376/4376 5496/4377/4377
f 5498/4378/4378 5495/4379/4379 5497/4380/4380
f 5501/4381/4381 5499/4382/4382 5500/4383/4383
f 5502/4384/4384 5499/4385/4385 5501/4386/4386
f 5505/4387/4387 5503/4388/4388 5504/4389/4389
f 5506/4390/4390 5503/4391/4391 5505/4392/4392
f 5509/4393/4393 5507/4394/4394 5508/4395/4395
f 5510/4396/4396 5507/4397/4397 5509/4398/4398
f 5513/4399/4399 5511/4400/4400 5512/4401/4401
f 5514/4402/4402 5511/4403/4403 5513/4404/4404
f 5517/4405/4405 5515/4406/4406 5516/4407/4407
f 5518/4408/4408 5515/4409/4409 5517/4410/4410
f 5521/4411/4411 5519/4412/4412 5520/4413/4413
f 5522/4414/4414 5519/4415/4415 5521/4416/4416
f 5525/4417/4417 5523/4418/4418 5524/4419/4419
f 5526/4420/4420 5523/4421/4421 5525/4422/4422
f 5529/4423/4423 5527/4424/4424 5528/4425/4425
f 5530/4426/4426 5527/4427/4427 5529/4428/4428
f 5533/4429/4429 5531/4430/4430 5532/4431/4431
f 5534/4432/4432 5531/4433/4433 5533/4434/4434
f 5537/4435/4435 5535/4436/4436 5536/4437/4437
f 5538/4438/4438 5535/4439/4439 5537/4440/4440
f 5541/4441/4441 5539/4442/4442 5540/4443/4443
f 5542/4444/4444 5539/4445/4445 5541/4446/4446
f 5545/4447/4447 5543/4448/4448 5544/4449/4449
f 5546/4450/4450 5543/4451/4451 5545/4452/4452
f 5549/4453/4453 5547/4454/4454 5548/4455/4455
f 5550/4456/4456 5547/4457/4457 5549/4458/4458
f 5553/4459/4459 5551/4460/4460 5552/4461/4461
f 5554/4462/4462 5551/4463/4463 5553/4464/4464
f 5557/4465/4465 5555/4466/4466 5556/4467/4467
f 5558/4468/4468 5555/4469/4469 5557/4470/4470
f 5561/4471/4471 5559/4472/4472 5560/4473/4473
f 5562/4474/4474 5559/4475/4475 5561/4476/4476
f 5565/4477/4477 5563/4478/4478 5564/4479/4479
f 5566/4480/4480 5563/4481/4481 5565/4482/4482
f 5569/4483/4483 5567/4484/4484 5568/4485/4485
f 5570/4486/4486 5567/4487/4487 5569/4488/4488
f 5573/4489/4489 5571/4490/4490 5572/4491/4491
f 5574/4492/4492 5571/4493/4493 5573/4494/4494
f 5577/4495/4495 5575/4496/4496 5576/4497/4497
f 5578/4498/4498 5575/4499/4499 5577/4500/4500
f 5581/4501/4501 5579/4502/4502 5580/4503/4503
f 5582/4504/4504 5579/4505/4505 5581/4506/4506
f 5585/4507/4507 5583/4508/4508 5584/4509/4509
f 5586/4510/4510 5583/4511/4511 5585/4512/4512
f 5589/4513/4513 5587/4514/4514 5588/4515/4515
f 5590/4516/4516 5587/4517/4517 5589/4518/4518
f 5593/4519/4519 5591/4520/4520 5592/4521/4521
f 5594/4522/4522 5591/4523/4523 5593/4524/4524
f 5597/4525/4525 5595/4526/4526 5596/4527/4527
f 5598/4528/4528 5595/4529/4529 5597/4530/4530
f 5601/4531/4531 5599/4532/4532 5600/4533/4533
f 5602/4534/4534 5599/4535/4535 5601/4536/4536
f 5605/4537/4537 5603/4538/4538 5604/4539/4539
f 5606/4540/4540 5603/4541/4541 5605/4542/4542
f 5609/4543/4543 5607/4544/4544 5608/4545/4545
f 5610/4546/4546 5607/4547/4547 5609/4548/4548
f 5613/4549/4549 5611/4550/4550 5612/4551/4551
f 5614/4552/4552 5611/4553/4553 5613/4554/4554
f 5617/4555/4555 5615/4556/4556 5616/4557/4557
f 5618/4558/4558 5615/4559/4559 5617/4560/4560
f 5621/4561/4561 5619/4562/4562 5620/4563/4563
f 5622/4564/4564 5619/4565/4565 5621/4566/4566
f 5625/4567/4567 5623/4568/4568 5624/4569/4569
f 5626/4570/4570 5623/4571/4571 5625/4572/4572
f 5629/4573/4573 5627/4574/4574 5628/4575/4575
f 5630/4576/4576 5627/4577/4577 5629/4578/4578
f 5633/4579/4579 5631/4580/4580 5632/4581/4581
f 5634/4582/4582 5631/4583/4583 5633/4584/4584
f 5637/4585/4585 5635/4586/4586 5636/4587/4587
f 5638/4588/4588 5635/4589/4589 5637/4590/4590
f 5641/4591/4591 5639/4592/4592 5640/4593/4593
f 5642/4594/4594 5639/4595/4595 5641/4596/4596
f 5645/4597/4597 5643/4598/4598 5644/4599/4599
f 5646/4600/4600 5643/4601/4601 5645/4602/4602
f 5649/4603/4603 5647/4604/4604 5648/4605/4605
f 5650/4606/4606 5647/4607/4607 5649/4608/4608
f 5653/4609/4609 5651/4610/4610 5652/4611/4611
f 5654/4612/4612 5651/4613/4613 5653/4614/4614
f 5657/4615/4615 5655/4616/4616 5656/4617/4617
f 5658/4618/4618 5655/4619/4619 5657/4620/4620
f 5661/4621/4621 5659/4622/4622 5660/4623/4623
f 5662/4624/4624 5659/4625/4625 5661/4626/4626
f 5665/4627/4627 5663/4628/4628 5664/4629/4629
f 5666/4630/4630 5663/4631/4631 5665/4632/4632
f 5669/4633/4633 5667/4634/4634 5668/4635/4635
f 5670/4636/4636 5667/4637/4637 5669/4638/4638
f 5673/4639/4639 5671/4640/4640 5672/4641/4641
f 5674/4642/4642 5671/4643/4643 5673/4644/4644
f 5677/4645/4645 5675/4646/4646 5676/4647/4647
f 5678/4648/4648 5675/4649/4649 5677/4650/4650
f 5681/4651/4651 5679/4652/4652 5680/4653/4653
f 5682/4654/4654 5679/4655/4655 5681/4656/4656
f 5685/4657/4657 5683/4658/4658 5684/4659/4659
f 5686/4660/4660 5683/4661/4661 5685/4662/4662
f 5689/4663/4663 5687/4664/4664 5688/4665/4665
f 5690/4666/4666 5687/4667/4667 5689/4668/4668
f 5693/4669/4669 5691/4670/4670 5692/4671/4671
f 5694/4672/4672 5691/4673/4673 5693/4674/4674
f 5697/4675/4675 5695/4676/4676 5696/4677/4677
f 5698/4678/4678 5695/4679/4679 5697/4680/4680
f 5701/4681/4681 5699/4682/4682 5700/4683/4683
f 5702/4684/4684 5699/4685/4685 5701/4686/4686
f 5705/4687/4687 5703/4688/4688 5704/4689/4689
f 5708/4690/4690 5706/4691/4691 5707/4692/4692
f 5711/4693/4693 5709/4694/4694 5710/4695/4695
f 5714/4696/4696 5712/4697/4697 5713/4698/4698
f 5717/4699/4699 5715/4700/4700 5716/4701/4701
f 5720/4702/4702 5718/4703/4703 5719/4704/4704
f 6043/4705/4705 6041/4706/4706 6042/4707/4707
f 6044/4708/4708 6041/4709/4709 6043/4710/4710
f 6047/4711/4711 6045/4712/4712 6046/4713/4713
f 6048/4714/4714 6045/4715/4715 6047/4716/4716
f 6051/4717/4717 6049/4718/4718 6050/4719/4719
f 6052/4720/4720 6049/4721/4721 6051/4722/4722
f 6055/4723/4723 6053/4724/4724 6054/4725/4725
f 6056/4726/4726 6053/4727/4727 6055/4728/4728
f 6059/4729/4729 6057/4730/4730 6058/4731/4731
f 6060/4732/4732 6057/4733/4733 6059/4734/4734
f 6063/4735/4735 6061/4736/4736 6062/4737/4737
f 6064/4738/4738 6061/4739/4739 6063/4740/4740
f 6067/4741/4741 6065/4742/4742 6066/4743/4743
f 6068/4744/4744 6065/4745/4745 6067/4746/4746
f 6071/4747/4747 6069/4748/4748 6070/4749/4749
f 6072/4750/4750 6069/4751/4751 6071/4752/4752
f 6075/4753/4753 6073/4754/4754 6074/4755/4755
f 6076/4756/4756 6073/4757/4757 6075/4758/4758
f 6079/4759/4759 6077/4760/4760 6078/4761/4761
f 6080/4762/4762 6077/4763/4763 6079/4764/4764
f 6083/4765/4765 6081/4766/4766 6082/4767/4767
f 6084/4768/4768 6081/4769/4769 6083/4770/4770
f 6087/4771/4771 6085/4772/4772 6086/4773/4773
f 6088/4774/4774 6085/4775/4775 6087/4776/4776
f 6091/4777/4777 6089/4778/4778 6090/4779/4779
f 6092/4780/4780 6089/4781/4781 6091/4782/4782
f 6095/4783/4783 6093/4784/4784 6094/4785/4785
f 6096/4786/4786 6093/4787/4787 6095/4788/4788
f 6099/4789/4789 6097/4790/4790 6098/4791/4791
f 6100/4792/4792 6097/4793/4793 6099/4794/4794
f 6103/4795/4795 6101/4796/4796 6102/4797/4797
f 6104/4798/4798 6101/4799/4799 6103/4800/4800
f 6107/4801/4801 6105/4802/4802 6106/4803/4803
f 6108/4804/4804 6105/4805/4805 6107/4806/4806
f 6111/4807/4807 6109/4808/4808 6110/4809/4809
f 6112/4810/4810 6109/4811/4811 6111/4812/4812
f 6115/4813/4813 6113/4814/4814 6114/4815/4815
f 6116/4816/4816 6113/4817/4817 6115/4818/4818
f 6119/4819/4819 6117/4820/4820 6118/4821/4821
f 6120/4822/4822 6117/4823/4823 6119/4824/4824
f 6123/4825/4825 6121/4826/4826 6122/4827/4827
f 6124/4828/4828 6121/4829/4829 6123/4830/4830
f 6127/4831/4831 6125/4832/4832 6126/4833/4833
f 6128/4834/4834 6125/4835/4835 6127/4836/4836
f 6131/4837/4837 6129/4838/4838 6130/4839/4839
f 6132/4840/4840 6129/4841/4841 6131/4842/4842
f 6135/4843/4843 6133/4844/4844 6134/4845/4845
f 6136/4846/4846 6133/4847/4847 6135/4848/4848
f 6139/4849/4849 6137/4850/4850 6138/4851/4851
f 6140/4852/4852 6137/4853/4853 6139/4854/4854
f 6143/4855/4855 6141/4856/4856 6142/4857/4857
f 6144/4858/4858 6141/4859/4859 6143/4860/4860
f 6147/4861/4861 6145/4862/4862 6146/4863/4863
f 6148/4864/4864 6145/4865/4865 6147/4866/4866
f 6151/4867/4867 6149/4868/4868 6150/4869/4869
f 6152/4870/4870 6149/4871/4871 6151/4872/4872
f 6155/4873/4873 6153/4874/4874 6154/4875/4875
f 6156/4876/4876 6153/4877/4877 6155/4878/4878
f 6159/4879/4879 6157/4880/4880 6158/4881/4881
f 6160/4882/4882 6157/4883/4883 6159/4884/4884
f 6163/4885/4885 6161/4886/4886 6162/4887/4887
f 6164/4888/4888 6161/4889/4889 6163/4890/4890
f 6167/4891/4891 6165/4892/4892 6166/4893/4893
f 6168/4894/4894 6165/4895/4895 6167/4896/4896
f 6171/4897/4897 6169/4898/4898 6170/4899/4899
f 6172/4900/4900 6169/4901/4901 6171/4902/4902
f 6175/4903/4903 6173/4904/4904 6174/4905/4905
f 6176/4906/4906 6173/4907/4907 6175/4908/4908
f 6179/4909/4909 6177/4910/4910 6178/4911/4911
f 6180/4912/4912 6177/4913/4913 6179/4914/4914
f 6183/4915/4915 6181/4916/4916 6182/4917/4917
f 6184/4918/4918 6181/4919/4919 6183/4920/4920
f 6187/4921/4921 6185/4922/4922 6186/4923/4923
f 6188/4924/4924 6185/4925/4925 6187/4926/4926
f 6191/4927/4927 6189/4928/4928 6190/4929/4929
f 6192/4930/4930 6189/4931/4931 6191/4932/4932
f 6195/4933/4933 6193/4934/4934 6194/4935/4935
f 6196/4936/4936 6193/4937/4937 6195/4938/4938
f 6199/4939/4939 6197/4940/4940 6198/4941/4941
f 6200/4942/4942 6197/4943/4943 6199/4944/4944
f 6203/4945/4945 6201/4946/4946 6202/4947/4947
f 6204/4948/4948 6201/4949/4949 6203/4950/4950
f 6207/4951/4951 6205/4952/4952 6206/4953/4953
f 6208/4954/4954 6205/4955/4955 6207/4956/4956
f 6211/4957/4957 6209/4958/4958 6210/4959/4959
f 6212/4960/4960 6209/4961/4961 6211/4962/4962
f 6215/4963/4963 6213/4964/4964 6214/4965/4965
f 6216/4966/4966 6213/4967/4967 6215/4968/4968
f 6219/4969/4969 6217/4970/4970 6218/4971/4971
f 6220/4972/4972 6217/4973/4973 6219/4974/4974
f 6223/4975/4975 6221/4976/4976 6222/4977/4977
f 6224/4978/4978 6221/4979/4979 6223/4980/4980
f 6227/4981/4981 6225/4982/4982 6226/4983/4983
f 6228/4984/4984 6225/4985/4985 6227/4986/4986
f 6231/4987/4987 6229/4988/4988 6230/4989/4989
f 6232/4990/4990 6229/4991/4991 6231/4992/4992
f 6235/4993/4993 6233/4994/4994 6234/4995/4995
f 6236/4996/4996 6233/4997/4997 6235/4998/4998
f 6239/4999/4999 6237/5000/5000 6238/5001/5001
f 6240/5002/5002 6237/5003/5003 6239/5004/5004
f 6243/5005/5005 6241/5006/5006 6242/5007/5007
f 6244/5008/5008 6241/5009/5009 6243/5010/5010
f 6247/5011/5011 6245/5012/5012 6246/5013/5013
f 6248/5014/5014 6245/5015/5015 6247/5016/5016
f 6251/5017/5017 6249/5018/5018 6250/5019/5019
f 6252/5020/5020 6249/5021/5021 6251/5022/5022
f 6255/5023/5023 6253/5024/5024 6254/5025/5025
f 6256/5026/5026 6253/5027/5027 6255/5028/5028
f 6259/5029/5029 6257/5030/5030 6258/5031/5031
f 6260/5032/5032 6257/5033/5033 6259/5034/5034
f 6263/5035/5035 6261/5036/5036 6262/5037/5037
f 6264/5038/5038 6261/5039/5039 6263/5040/5040
f 6267/5041/5041 6265/5042/5042 6266/5043/5043
f 6268/5044/5044 6265/5045/5045 6267/5046/5046
f 6271/5047/5047 6269/5048/5048 6270/5049/5049
f 6272/5050/5050 6269/5051/5051 6271/5052/5052
f 6275/5053/5053 6273/5054/5054 6274/5055/5055
f 6276/5056/5056 6273/5057/5057 6275/5058/5058
f 6279/5059/5059 6277/5060/5060 6278/5061/5061
f 6280/5062/5062 6277/5063/5063 6279/5064/5064
f 6283/5065/5065 6281/5066/5066 6282/5067/5067
f 6284/5068/5068 6281/5069/5069 6283/5070/5070
f 6287/5071/5071 6285/5072/5072 6286/5073/5073
f 6288/5074/5074 6285/5075/5075 6287/5076/5076
f 6291/5077/5077 6289/5078/5078 6290/5079/5079
f 6292/5080/5080 6289/5081/5081 6291/5082/5082
f 6295/5083/5083 6293/5084/5084 6294/5085/5085
f 6296/5086/5086 6293/5087/5087 6295/5088/5088
f 6299/5089/5089 6297/5090/5090 6298/5091/5091
f 6300/5092/5092 6297/5093/5093 6299/5094/5094
f 6303/5095/5095 6301/5096/5096 6302/5097/5097
f 6304/5098/5098 6301/5099/5099 6303/5100/5100
f 6307/5101/5101 6305/5102/5102 6306/5103/5103
f 6308/5104/5104 6305/5105/5105 6307/5106/5106
f 6311/5107/5107 6309/5108/5108 6310/5109/5109
f 6312/5110/5110 6309/5111/5111 6311/5112/5112
f 6315/5113/5113 6313/5114/5114 6314/5115/5115
f 6316/5116/5116 6313/5117/5117 6315/5118/5118
f 6319/5119/5119 6317/5120/5120 6318/5121/5121
f 6320/5122/5122 6317/5123/5123 6319/5124/5124
f 6323/5125/5125 6321/5126/5126 6322/5127/5127
f 6324/5128/5128 6321/5129/5129 6323/5130/5130
f 6327/5131/5131 6325/5132/5132 6326/5133/5133
f 6328/5134/5134 6325/5135/5135 6327/5136/5136
f 6331/5137/5137 6329/5138/5138 6330/5139/5139
f 6332/5140/5140 6329/5141/5141 6331/5142/5142
f 6335/5143/5143 6333/5144/5144 6334/5145/5145
f 6336/5146/5146 6333/5147/5147 6335/5148/5148
f 6339/5149/5149 6337/5150/5150 6338/5151/5151
f 6340/5152/5152 6337/5153/5153 6339/5154/5154
f 6343/5155/5155 6341/5156/5156 6342/5157/5157
f 6344/5158/5158 6341/5159/5159 6343/5160/5160
f 6347/5161/5161 6345/5162/5162 6346/5163/5163
f 6348/5164/5164 6345/5165/5165 6347/5166/5166
f 6351/5167/5167 6349/5168/5168 6350/5169/5169
f 6352/5170/5170 6349/5171/5171 6351/5172/5172
f 6355/5173/5173 6353/5174/5174 6354/5175/5175
f 6356/5176/5176 6353/5177/5177 6355/5178/5178
f 6359/5179/5179 6357/5180/5180 6358/5181/5181
f 6360/5182/5182 6357/5183/5183 6359/5184/5184
f 6363/5185/5185 6361/5186/5186 6362/5187/5187
f 6364/5188/5188 6361/5189/5189 6363/5190/5190
f 6367/5191/5191 6365/5192/5192 6366/5193/5193
f 6368/5194/5194 6365/5195/5195 6367/5196/5196
f 6371/5197/5197 6369/5198/5198 6370/5199/5199
f 6372/5200/5200 6369/5201/5201 6371/5202/5202
f 6375/5203/5203 6373/5204/5204 6374/5205/5205
f 6376/5206/5206 6373/5207/5207 6375/5208/5208
f 6379/5209/5209 6377/5210/5210 6378/5211/5211
f 6380/5212/5212 6377/5213/5213 6379/5214/5214
f 6383/5215/5215 6381/5216/5216 6382/5217/5217
f 6384/5218/5218 6381/5219/5219 6383/5220/5220
f 6387/5221/5221 6385/5222/5222 6386/5223/5223
f 6388/5224/5224 6385/5225/5225 6387/5226/5226
f 6391/5227/5227 6389/5228/5228 6390/5229/5229
f 6392/5230/5230 6389/5231/5231 6391/5232/5232
f 6395/5233/5233 6393/5234/5234 6394/5235/5235
f 6396/5236/5236 6393/5237/5237 6395/5238/5238
f 6399/5239/5239 6397/5240/5240 6398/5241/5241
f 6400/5242/5242 6397/5243/5243 6399/5244/5244
f 6403/5245/5245 6401/5246/5246 6402/5247/5247
f 6404/5248/5248 6401/5249/5249 6403/5250/5250
f 6407/5251/5251 6405/5252/5252 6406/5253/5253
f 6408/5254/5254 6405/5255/5255 6407/5256/5256
f 6411/5257/5257 6409/5258/5258 6410/5259/5259
f 6412/5260/5260 6409/5261/5261 6411/5262/5262
f 6415/5263/5263 6413/5264/5264 6414/5265/5265
f 6416/5266/5266 6413/5267/5267 6415/5268/5268
f 6419/5269/5269 6417/5270/5270 6418/5271/5271
f 6420/5272/5272 6417/5273/5273 6419/5274/5274
f 6423/5275/5275 6421/5276/5276 6422/5277/5277
f 6424/5278/5278 6421/5279/5279 6423/5280/5280
f 6427/5281/5281 6425/5282/5282 6426/5283/5283
f 6428/5284/5284 6425/5285/5285 6427/5286/5286
f 6431/5287/5287 6429/5288/5288 6430/5289/5289
f 6432/5290/5290 6429/5291/5291 6431/5292/5292
f 6435/5293/5293 6433/5294/5294 6434/5295/5295
f 6436/5296/5296 6433/5297/5297 6435/5298/5298
f 6439/5299/5299 6437/5300/5300 6438/5301/5301
f 6440/5302/5302 6437/5303/5303 6439/5304/5304
f 6443/5305/5305 6441/5306/5306 6442/5307/5307
f 6444/5308/5308 6441/5309/5309 6443/5310/5310
f 6447/5311/5311 6445/5312/5312 6446/5313/5313
f 6448/5314/5314 6445/5315/5315 6447/5316/5316
f 6451/5317/5317 6449/5318/5318 6450/5319/5319
f 6452/5320/5320 6449/5321/5321 6451/5322/5322
f 6455/5323/5323 6453/5324/5324 6454/5325/5325
f 6456/5326/5326 6453/5327/5327 6455/5328/5328
f 6459/5329/5329 6457/5330/5330 6458/5331/5331
f 6460/5332/5332 6457/5333/5333 6459/5334/5334
f 6463/5335/5335 6461/5336/5336 6462/5337/5337
f 6464/5338/5338 6461/5339/5339 6463/5340/5340
f 6467/5341/5341 6465/5342/5342 6466/5343/5343
f 6468/5344/5344 6465/5345/5345 6467/5346/5346
f 6471/5347/5347 6469/5348/5348 6470/5349/5349
f 6472/5350/5350 6469/5351/5351 6471/5352/5352
f 6475/5353/5353 6473/5354/5354 6474/5355/5355
f 6476/5356/5356 6473/5357/5357 6475/5358/5358
f 6479/5359/5359 6477/5360/5360 6478/5361/5361
f 6480/5362/5362 6477/5363/5363 6479/5364/5364
f 6483/5365/5365 6481/5366/5366 6482/5367/5367
f 6484/5368/5368 6481/5369/5369 6483/5370/5370
f 6487/5371/5371 6485/5372/5372 6486/5373/5373
f 6488/5374/5374 6485/5375/5375 6487/5376/5376
f 6491/5377/5377 6489/5378/5378 6490/5379/5379
f 6494/5380/5380 6492/5381/5381 6493/5382/5382
f 6497/5383/5383 6495/5384/5384 6496/5385/5385
f 6500/5386/5386 6498/5387/5387 6499/5388/5388
f 6503/5389/5389 6501/5390/5390 6502/5391/5391
f 6506/5392/5392 6504/5393/5393 6505/5394/5394

g Material.002
f 823/5395/5395 821/5396/5396 822/5397/5397
f 824/5398/5398 821/5399/5399 823/5400/5400
f 827/5401/5401 825/5402/5402 826/5403/5403
f 828/5404/5404 825/5405/5405 827/5406/5406
f 831/5407/5407 829/5408/5408 830/5409/5409
f 832/5410/5410 829/5411/5411 831/5412/5412
f 835/5413/5413 833/5414/5414 834/5415/5415
f 836/5416/5416 833/5417/5417 835/5418/5418
f 839/5419/5419 837/5420/5420 838/5421/5421
f 840/5422/5422 837/5423/5423 839/5424/5424
f 843/5425/5425 841/5426/5426 842/5427/5427
f 844/5428/5428 841/5429/5429 843/5430/5430
f 847/5431/5431 845/5432/5432 846/5433/5433
f 848/5434/5434 845/5435/5435 847/5436/5436
f 851/5437/5437 849/5438/5438 850/5439/5439
f 852/5440/5440 849/5441/5441 851/5442/5442
f 855/5443/5443 853/5444/5444 854/5445/5445
f 856/5446/5446 853/5447/5447 855/5448/5448
f 859/5449/5449 857/5450/5450 858/5451/5451
f 860/5452/5452 857/5453/5453 859/5454/5454
f 863/5455/5455 861/5456/5456 862/5457/5457
f 864/5458/5458 861/5459/5459 863/5460/5460
f 867/5461/5461 865/5462/5462 866/5463/5463
f 868/5464/5464 865/5465/5465 867/5466/5466
f 871/5467/5467 869/5468/5468 870/5469/5469
f 872/5470/5470 869/5471/5471 871/5472/5472
f 875/5473/5473 873/5474/5474 874/5475/5475
f 876/5476/5476 873/5477/5477 875/5478/5478
f 879/5479/5479 877/5480/5480 878/5481/5481
f 880/5482/5482 877/5483/5483 879/5484/5484
f 883/5485/5485 881/5486/5486 882/5487/5487
f 884/5488/5488 881/5489/5489 883/5490/5490
f 887/5491/5491 885/5492/5492 886/5493/5493
f 888/5494/5494 885/5495/5495 887/5496/5496
f 891/5497/5497 889/5498/5498 890/5499/5499
f 892/5500/5500 889/5501/5501 891/5502/5502
f 895/5503/5503 893/5504/5504 894/5505/5505
f 896/5506/5506 893/5507/5507 895/5508/5508
f 899/5509/5509 897/5510/5510 898/5511/5511
f 900/5512/5512 897/5513/5513 899/5514/5514
f 903/5515/5515 901/5516/5516 902/5517/5517
f 904/5518/5518 901/5519/5519 903/5520/5520
f 907/5521/5521 905/5522/5522 906/5523/5523
f 908/5524/5524 905/5525/5525 907/5526/5526
f 911/5527/5527 909/5528/5528 910/5529/5529
f 912/5530/5530 909/5531/5531 911/5532/5532
f 915/5533/5533 913/5534/5534 914/5535/5535
f 916/5536/5536 913/5537/5537 915/5538/5538
f 919/5539/5539 917/5540/5540 918/5541/5541
f 920/5542/5542 917/5543/5543 919/5544/5544
f 923/5545/5545 921/5546/5546 922/5547/5547
f 924/5548/5548 921/5549/5549 923/5550/5550
f 927/5551/5551 925/5552/5552 926/5553/5553
f 928/5554/5554 925/5555/5555 927/5556/5556
f 931/5557/5557 929/5558/5558 930/5559/5559
f 932/5560/5560 929/5561/5561 931/5562/5562
f 935/5563/5563 933/5564/5564 934/5565/5565
f 936/5566/5566 933/5567/5567 935/5568/5568
f 939/5569/5569 937/5570/5570 938/5571/5571
f 940/5572/5572 937/5573/5573 939/5574/5574
f 943/5575/5575 941/5576/5576 942/5577/5577
f 944/5578/5578 941/5579/5579 943/5580/5580
f 947/5581/5581 945/5582/5582 946/5583/5583
f 948/5584/5584 945/5585/5585 947/5586/5586
f 951/5587/5587 949/5588/5588 950/5589/5589
f 952/5590/5590 949/5591/5591 951/5592/5592
f 955/5593/5593 953/5594/5594 954/5595/5595
f 956/5596/5596 953/5597/5597 955/5598/5598
f 959/5599/5599 957/5600/5600 958/5601/5601
f 960/5602/5602 957/5603/5603 959/5604/5604
f 963/5605/5605 961/5606/5606 962/5607/5607
f 964/5608/5608 961/5609/5609 963/5610/5610
f 967/5611/5611 965/5612/5612 966/5613/5613
f 968/5614/5614 965/5615/5615 967/5616/5616
f 971/5617/5617 969/5618/5618 970/5619/5619
f 974/5620/5620 972/5621/5621 973/5622/5622
f 975/5623/5623 972/5624/5624 974/5625/5625
f 978/5626/5626 976/5627/5627 977/5628/5628
f 979/5629/5629 976/5630/5630 978/5631/5631
f 982/5632/5632 980/5633/5633 981/5634/5634
f 985/5635/5635 983/5636/5636 984/5637/5637
f 986/5638/5638 983/5639/5639 985/5640/5640
f 989/5641/5641 987/5642/5642 988/5643/5643
f 990/5644/5644 987/5645/5645 989/5646/5646
f 993/5647/5647 991/5648/5648 992/5649/5649
f 994/5650/5650 991/5651/5651 993/5652/5652
f 997/5653/5653 995/5654/5654 996/5655/5655
f 1000/5656/5656 998/5657/5657 999/5658/5658
f 1001/5659/5659 998/5660/5660 1000/5661/5661
f 1004/5662/5662 1002/5663/5663 1003/5664/5664
f 1005/5665/5665 1002/5666/5666 1004/5667/5667
f 1008/5668/5668 1006/5669/5669 1007/5670/5670
f 1011/5671/5671 1009/5672/5672 1010/5673/5673
f 1012/5674/5674 1009/5675/5675 1011/5676/5676
f 1015/5677/5677 1013/5678/5678 1014/5679/5679
f 1018/5680/5680 1016/5681/5681 1017/5682/5682
f 1019/5683/5683 1016/5684/5684 1018/5685/5685
f 1022/5686/5686 1020/5687/5687 1021/5688/5688
f 1023/5689/5689 1020/5690/5690 1022/5691/5691
f 1026/5692/5692 1024/5693/5693 1025/5694/5694
f 1029/5695/5695 1027/5696/5696 1028/5697/5697
f 1030/5698/5698 1027/5699/5699 1029/5700/5700
f 1033/5701/5701 1031/5702/5702 1032/5703/5703
f 1034/5704/5704 1031/5705/5705 1033/5706/5706
f 1037/5707/5707 1035/5708/5708 1036/5709/5709
f 1038/5710/5710 1035/5711/5711 1037/5712/5712
f 1041/5713/5713 1039/5714/5714 1040/5715/5715
f 1044/5716/5716 1042/5717/5717 1043/5718/5718
f 1045/5719/5719 1042/5720/5720 1044/5721/5721
f 1048/5722/5722 1046/5723/5723 1047/5724/5724
f 1049/5725/5725 1046/5726/5726 1048/5727/5727
f 1052/5728/5728 1050/5729/5729 1051/5730/5730
f 1055/5731/5731 1053/5732/5732 1054/5733/5733
f 1058/5734/5734 1056/5735/5735 1057/5736/5736
f 1059/5737/5737 1056/5738/5738 1058/5739/5739
f 1062/5740/5740 1060/5741/5741 1061/5742/5742
f 1063/5743/5743 1060/5744/5744 1062/5745/5745
f 1066/5746/5746 1064/5747/5747 1065/5748/5748
f 1069/5749/5749 1067/5750/5750 1068/5751/5751
f 1070/5752/5752 1067/5753/5753 1069/5754/5754
f 1073/5755/5755 1071/5756/5756 1072/5757/5757
f 1074/5758/5758 1071/5759/5759 1073/5760/5760
f 1077/5761/5761 1075/5762/5762 1076/5763/5763
f 1078/5764/5764 1075/5765/5765 1077/5766/5766
f 1081/5767/5767 1079/5768/5768 1080/5769/5769
f 1082/5770/5770 1079/5771/5771 1081/5772/5772
f 1085/5773/5773 1083/5774/5774 1084/5775/5775
f 1088/5776/5776 1086/5777/5777 1087/5778/5778
f 1089/5779/5779 1086/5780/5780 1088/5781/5781
f 1092/5782/5782 1090/5783/5783 1091/5784/5784
f 1093/5785/5785 1090/5786/5786 1092/5787/5787
f 1096/5788/5788 1094/5789/5789 1095/5790/5790
f 1099/5791/5791 1097/5792/5792 1098/5793/5793
f 1102/5794/5794 1100/5795/5795 1101/5796/5796
f 1103/5797/5797 1100/5798/5798 1102/5799/5799
f 1106/5800/5800 1104/5801/5801 1105/5802/5802
f 1107/5803/5803 1104/5804/5804 1106/5805/5805
f 1110/5806/5806 1108/5807/5807 1109/5808/5808
f 1113/5809/5809 1111/5810/5810 1112/5811/5811
f 1114/5812/5812 1111/5813/5813 1113/5814/5814
f 1117/5815/5815 1115/5816/5816 1116/5817/5817
f 1118/5818/5818 1115/5819/5819 1117/5820/5820
f 1121/5821/5821 1119/5822/5822 1120/5823/5823
f 1124/5824/5824 1122/5825/5825 1123/5826/5826
f 1127/5827/5827 1125/5828/5828 1126/5829/5829
f 1130/5830/5830 1128/5831/5831 1129/5832/5832
f 1133/5833/5833 1131/5834/5834 1132/5835/5835
f 1136/5836/5836 1134/5837/5837 1135/5838/5838
f 1139/5839/5839 1137/5840/5840 1138/5841/5841
f 1142/5842/5842 1140/5843/5843 1141/5844/5844
f 1145/5845/5845 1143/5846/5846 1144/5847/5847
f 1148/5848/5848 1146/5849/5849 1147/5850/5850
f 1151/5851/5851 1149/5852/5852 1150/5853/5853
f 1154/5854/5854 1152/5855/5855 1153/5856/5856
f 1157/5857/5857 1155/5858/5858 1156/5859/5859
f 1160/5860/5860 1158/5861/5861 1159/5862/5862
f 2583/5863/5863 2581/5864/5864 2582/5865/5865
f 2584/5866/5866 2581/5867/5867 2583/5868/5868
f 2587/5869/5869 2585/5870/5870 2586/5871/5871
f 2588/5872/5872 2585/5873/5873 2587/5874/5874
f 2591/5875/5875 2589/5876/5876 2590/5877/5877
f 2592/5878/5878 2589/5879/5879 2591/5880/5880
f 2595/5881/5881 2593/5882/5882 2594/5883/5883
f 2596/5884/5884 2593/5885/5885 2595/5886/5886
f 2599/5887/5887 2597/5888/5888 2598/5889/5889
f 2600/5890/5890 2597/5891/5891 2599/5892/5892
f 2603/5893/5893 2601/5894/5894 2602/5895/5895
f 2604/5896/5896 2601/5897/5897 2603/5898/5898
f 2607/5899/5899 2605/5900/5900 2606/5901/5901
f 2608/5902/5902 2605/5903/5903 2607/5904/5904
f 2611/5905/5905 2609/5906/5906 2610/5907/5907
f 2612/5908/5908 2609/5909/5909 2611/5910/5910
f 2615/5911/5911 2613/5912/5912 2614/5913/5913
f 2616/5914/5914 2613/5915/5915 2615/5916/5916
f 2619/5917/5917 2617/5918/5918 2618/5919/5919
f 2620/5920/5920 2617/5921/5921 2619/5922/5922
f 2623/5923/5923 2621/5924/5924 2622/5925/5925
f 2624/5926/5926 2621/5927/5927 2623/5928/5928
f 2627/5929/5929 2625/5930/5930 2626/5931/5931
f 2628/5932/5932 2625/5933/5933 2627/5934/5934
f 2631/5935/5935 2629/5936/5936 2630/5937/5937
f 2632/5938/5938 2629/5939/5939 2631/5940/5940
f 2635/5941/5941 2633/5942/5942 2634/5943/5943
f 2636/5944/5944 2633/5945/5945 2635/5946/5946
f 2639/5947/5947 2637/5948/5948 2638/5949/5949
f 2640/5950/5950 2637/5951/5951 2639/5952/5952
f 2643/5953/5953 2641/5954/5954 2642/5955/5955
f 2644/5956/5956 2641/5957/5957 2643/5958/5958
f 2647/5959/5959 2645/5960/5960 2646/5961/5961
f 2648/5962/5962 2645/5963/5963 2647/5964/5964
f 2651/5965/5965 2649/5966/5966 2650/5967/5967
f 2652/5968/5968 2649/5969/5969 2651/5970/5970
f 2655/5971/5971 2653/5972/5972 2654/5973/5973
f 2656/5974/5974 2653/5975/5975 2655/5976/5976
f 2659/5977/5977 2657/5978/5978 2658/5979/5979
f 2660/5980/5980 2657/5981/5981 2659/5982/5982
f 2663/5983/5983 2661/5984/5984 2662/5985/5985
f 2664/5986/5986 2661/5987/5987 2663/5988/5988
f 2667/5989/5989 2665/5990/5990 2666/5991/5991
f 2668/5992/5992 2665/5993/5993 2667/5994/5994
f 2671/5995/5995 2669/5996/5996 2670/5997/5997
f 2672/5998/5998 2669/5999/5999 2671/6000/6000
f 2675/6001/6001 2673/6002/6002 2674/6003/6003
f 2676/6004/6004 2673/6005/6005 2675/6006/6006
f 2679/6007/6007 2677/6008/6008 2678/6009/6009
f 2680/6010/6010 2677/6011/6011 2679/6012/6012
f 2683/6013/6013 2681/6014/6014 2682/6015/6015
f 2684/6016/6016 2681/6017/6017 2683/6018/6018
f 2687/6019/6019 2685/6020/6020 2686/6021/6021
f 2688/6022/6022 2685/6023/6023 2687/6024/6024
f 2691/6025/6025 2689/6026/6026 2690/6027/6027
f 2692/6028/6028 2689/6029/6029 2691/6030/6030
f 2695/6031/6031 2693/6032/6032 2694/6033/6033
f 2696/6034/6034 2693/6035/6035 2695/6036/6036
f 2699/6037/6037 2697/6038/6038 2698/6039/6039
f 2700/6040/6040 2697/6041/6041 2699/6042/6042
f 2703/6043/6043 2701/6044/6044 2702/6045/6045
f 2706/6046/6046 2704/6047/6047 2705/6048/6048
f 2709/6049/6049 2707/6050/6050 2708/6051/6051
f 2712/6052/6052 2710/6053/6053 2711/6054/6054
f 2715/6055/6055 2713/6056/6056 2714/6057/6057
f 2718/6058/6058 2716/6059/6059 2717/6060/6060
f 2721/6061/6061 2719/6062/6062 2720/6063/6063
f 2722/6064/6064 2719/6065/6065 2721/6066/6066
f 2725/6067/6067 2723/6068/6068 2724/6069/6069
f 2726/6070/6070 2723/6071/6071 2725/6072/6072
f 2729/6073/6073 2727/6074/6074 2728/6075/6075
f 2732/6076/6076 2730/6077/6077 2731/6078/6078
f 2852/6079/6079 2850/6080/6080 2851/6081/6081
f 2855/6082/6082 2853/6083/6083 2854/6084/6084
f 2858/6085/6085 2856/6086/6086 2857/6087/6087
f 2861/6088/6088 2859/6089/6089 2860/6090/6090
f 2864/6091/6091 2862/6092/6092 2863/6093/6093
f 2867/6094/6094 2865/6095/6095 2866/6096/6096
f 2870/6097/6097 2868/6098/6098 2869/6099/6099
f 2873/6100/6100 2871/6101/6101 2872/6102/6102
f 2876/6103/6103 2874/6104/6104 2875/6105/6105
f 2879/6106/6106 2877/6107/6107 2878/6108/6108
f 2882/6109/6109 2880/6110/6110 2881/6111/6111
f 2885/6112/6112 2883/6113/6113 2884/6114/6114
f 2888/6115/6115 2886/6116/6116 2887/6117/6117
f 2891/6118/6118 2889/6119/6119 2890/6120/6120
f 2894/6121/6121 2892/6122/6122 2893/6123/6123
f 2897/6124/6124 2895/6125/6125 2896/6126/6126
f 3365/6127/6127 3363/6128/6128 3364/6129/6129
f 3366/6130/6130 3363/6131/6131 3365/6132/6132
f 3369/6133/6133 3367/6134/6134 3368/6135/6135
f 3370/6136/6136 3367/6137/6137 3369/6138/6138
f 3373/6139/6139 3371/6140/6140 3372/6141/6141
f 3374/6142/6142 3371/6143/6143 3373/6144/6144
f 3377/6145/6145 3375/6146/6146 3376/6147/6147
f 3378/6148/6148 3375/6149/6149 3377/6150/6150
f 3381/6151/6151 3379/6152/6152 3380/6153/6153
f 3382/6154/6154 3379/6155/6155 3381/6156/6156
f 3385/6157/6157 3383/6158/6158 3384/6159/6159
f 3386/6160/6160 3383/6161/6161 3385/6162/6162
f 3389/6163/6163 3387/6164/6164 3388/6165/6165
f 3390/6166/6166 3387/6167/6167 3389/6168/6168
f 3393/6169/6169 3391/6170/6170 3392/6171/6171
f 3394/6172/6172 3391/6173/6173 3393/6174/6174
f 3397/6175/6175 3395/6176/6176 3396/6177/6177
f 3398/6178/6178 3395/6179/6179 3397/6180/6180
f 3401/6181/6181 3399/6182/6182 3400/6183/6183
f 3402/6184/6184 3399/6185/6185 3401/6186/6186
f 3405/6187/6187 3403/6188/6188 3404/6189/6189
f 3406/6190/6190 3403/6191/6191 3405/6192/6192
f 3409/6193/6193 3407/6194/6194 3408/6195/6195
f 3410/6196/6196 3407/6197/6197 3409/6198/6198
f 3413/6199/6199 3411/6200/6200 3412/6201/6201
f 3414/6202/6202 3411/6203/6203 3413/6204/6204
f 3417/6205/6205 3415/6206/6206 3416/6207/6207
f 3418/6208/6208 3415/6209/6209 3417/6210/6210
f 3421/6211/6211 3419/6212/6212 3420/6213/6213
f 3422/6214/6214 3419/6215/6215 3421/6216/6216
f 3425/6217/6217 3423/6218/6218 3424/6219/6219
f 3426/6220/6220 3423/6221/6221 3425/6222/6222
f 3429/6223/6223 3427/6224/6224 3428/6225/6225
f 3430/6226/6226 3427/6227/6227 3429/6228/6228
f 3433/6229/6229 3431/6230/6230 3432/6231/6231
f 3434/6232/6232 3431/6233/6233 3433/6234/6234
f 3437/6235/6235 3435/6236/6236 3436/6237/6237
f 3438/6238/6238 3435/6239/6239 3437/6240/6240
f 3441/6241/6241 3439/6242/6242 3440/6243/6243
f 3442/6244/6244 3439/6245/6245 3441/6246/6246
f 3445/6247/6247 3443/6248/6248 3444/6249/6249
f 3446/6250/6250 3443/6251/6251 3445/6252/6252
f 3449/6253/6253 3447/6254/6254 3448/6255/6255
f 3450/6256/6256 3447/6257/6257 3449/6258/6258
f 3453/6259/6259 3451/6260/6260 3452/6261/6261
f 3454/6262/6262 3451/6263/6263 3453/6264/6264
f 3457/6265/6265 3455/6266/6266 3456/6267/6267
f 3458/6268/6268 3455/6269/6269 3457/6270/6270
f 3461/6271/6271 3459/6272/6272 3460/6273/6273
f 3462/6274/6274 3459/6275/6275 3461/6276/6276
f 3465/6277/6277 3463/6278/6278 3464/6279/6279
f 3466/6280/6280 3463/6281/6281 3465/6282/6282
f 3469/6283/6283 3467/6284/6284 3468/6285/6285
f 3470/6286/6286 3467/6287/6287 3469/6288/6288
f 3473/6289/6289 3471/6290/6290 3472/6291/6291
f 3474/6292/6292 3471/6293/6293 3473/6294/6294
f 3477/6295/6295 3475/6296/6296 3476/6297/6297
f 3478/6298/6298 3475/6299/6299 3477/6300/6300
f 3481/6301/6301 3479/6302/6302 3480/6303/6303
f 3482/6304/6304 3479/6305/6305 3481/6306/6306
f 3485/6307/6307 3483/6308/6308 3484/6309/6309
f 3488/6310/6310 3486/6311/6311 3487/6312/6312
f 3491/6313/6313 3489/6314/6314 3490/6315/6315
f 3494/6316/6316 3492/6317/6317 3493/6318/6318
f 3497/6319/6319 3495/6320/6320 3496/6321/6321
f 3500/6322/6322 3498/6323/6323 3499/6324/6324
f 3503/6325/6325 3501/6326/6326 3502/6327/6327
f 3504/6328/6328 3501/6329/6329 3503/6330/6330
f 3507/6331/6331 3505/6332/6332 3506/6333/6333
f 3508/6334/6334 3505/6335/6335 3507/6336/6336
f 3511/6337/6337 3509/6338/6338 3510/6339/6339
f 3514/6340/6340 3512/6341/6341 3513/6342/6342
f 3634/6343/6343 3632/6344/6344 3633/6345/6345
f 3637/6346/6346 3635/6347/6347 3636/6348/6348
f 3640/6349/6349 3638/6350/6350 3639/6351/6351
f 3643/6352/6352 3641/6353/6353 3642/6354/6354
f 3646/6355/6355 3644/6356/6356 3645/6357/6357
f 3649/6358/6358 3647/6359/6359 3648/6360/6360
f 3652/6361/6361 3650/6362/6362 3651/6363/6363
f 3655/6364/6364 3653/6365/6365 3654/6366/6366
f 3658/6367/6367 3656/6368/6368 3657/6369/6369
f 3661/6370/6370 3659/6371/6371 3660/6372/6372
f 3664/6373/6373 3662/6374/6374 3663/6375/6375
f 3667/6376/6376 3665/6377/6377 3666/6378/6378
f 3670/6379/6379 3668/6380/6380 3669/6381/6381
f 3673/6382/6382 3671/6383/6383 3672/6384/6384
f 3676/6385/6385 3674/6386/6386 3675/6387/6387
f 3679/6388/6388 3677/6389/6389 3678/6390/6390
f 4151/6391/6391 4149/6392/6392 4150/6393/6393
f 4152/6394/6394 4149/6395/6395 4151/6396/6396
f 4155/6397/6397 4153/6398/6398 4154/6399/6399
f 4156/6400/6400 4153/6401/6401 4155/6402/6402
f 4159/6403/6403 4157/6404/6404 4158/6405/6405
f 4160/6406/6406 4157/6407/6407 4159/6408/6408
f 4163/6409/6409 4161/6410/6410 4162/6411/6411
f 4164/6412/6412 4161/6413/6413 4163/6414/6414
f 4167/6415/6415 4165/6416/6416 4166/6417/6417
f 4168/6418/6418 4165/6419/6419 4167/6420/6420
f 4171/6421/6421 4169/6422/6422 4170/6423/6423
f 4172/6424/6424 4169/6425/6425 4171/6426/6426
f 4175/6427/6427 4173/6428/6428 4174/6429/6429
f 4176/6430/6430 4173/6431/6431 4175/6432/6432
f 4179/6433/6433 4177/6434/6434 4178/6435/6435
f 4180/6436/6436 4177/6437/6437 4179/6438/6438
f 4183/6439/6439 4181/6440/6440 4182/6441/6441
f 4184/6442/6442 4181/6443/6443 4183/6444/6444
f 4187/6445/6445 4185/6446/6446 4186/6447/6447
f 4188/6448/6448 4185/6449/6449 4187/6450/6450
f 4191/6451/6451 4189/6452/6452 4190/6453/6453
f 4192/6454/6454 4189/6455/6455 4191/6456/6456
f 4195/6457/6457 4193/6458/6458 4194/6459/6459
f 4196/6460/6460 4193/6461/6461 4195/6462/6462
f 4199/6463/6463 4197/6464/6464 4198/6465/6465
f 4200/6466/6466 4197/6467/6467 4199/6468/6468
f 4203/6469/6469 4201/6470/6470 4202/6471/6471
f 4204/6472/6472 4201/6473/6473 4203/6474/6474
f 4207/6475/6475 4205/6476/6476 4206/6477/6477
f 4208/6478/6478 4205/6479/6479 4207/6480/6480
f 4211/6481/6481 4209/6482/6482 4210/6483/6483
f 4212/6484/6484 4209/6485/6485 4211/6486/6486
f 4215/6487/6487 4213/6488/6488 4214/6489/6489
f 4216/6490/6490 4213/6491/6491 4215/6492/6492
f 4219/6493/6493 4217/6494/6494 4218/6495/6495
f 4220/6496/6496 4217/6497/6497 4219/6498/6498
f 4223/6499/6499 4221/6500/6500 4222/6501/6501
f 4224/6502/6502 4221/6503/6503 4223/6504/6504
f 4227/6505/6505 4225/6506/6506 4226/6507/6507
f 4228/6508/6508 4225/6509/6509 4227/6510/6510
f 4231/6511/6511 4229/6512/6512 4230/6513/6513
f 4232/6514/6514 4229/6515/6515 4231/6516/6516
f 4235/6517/6517 4233/6518/6518 4234/6519/6519
f 4236/6520/6520 4233/6521/6521 4235/6522/6522
f 4239/6523/6523 4237/6524/6524 4238/6525/6525
f 4240/6526/6526 4237/6527/6527 4239/6528/6528
f 4243/6529/6529 4241/6530/6530 4242/6531/6531
f 4244/6532/6532 4241/6533/6533 4243/6534/6534
f 4247/6535/6535 4245/6536/6536 4246/6537/6537
f 4248/6538/6538 4245/6539/6539 4247/6540/6540
f 4251/6541/6541 4249/6542/6542 4250/6543/6543
f 4252/6544/6544 4249/6545/6545 4251/6546/6546
f 4255/6547/6547 4253/6548/6548 4254/6549/6549
f 4256/6550/6550 4253/6551/6551 4255/6552/6552
f 4259/6553/6553 4257/6554/6554 4258/6555/6555
f 4260/6556/6556 4257/6557/6557 4259/6558/6558
f 4263/6559/6559 4261/6560/6560 4262/6561/6561
f 4264/6562/6562 4261/6563/6563 4263/6564/6564
f 4267/6565/6565 4265/6566/6566 4266/6567/6567
f 4268/6568/6568 4265/6569/6569 4267/6570/6570
f 4271/6571/6571 4269/6572/6572 4270/6573/6573
f 4274/6574/6574 4272/6575/6575 4273/6576/6576
f 4277/6577/6577 4275/6578/6578 4276/6579/6579
f 4280/6580/6580 4278/6581/6581 4279/6582/6582
f 4283/6583/6583 4281/6584/6584 4282/6585/6585
f 4286/6586/6586 4284/6587/6587 4285/6588/6588
f 4289/6589/6589 4287/6590/6590 4288/6591/6591
f 4290/6592/6592 4287/6593/6593 4289/6594/6594
f 4293/6595/6595 4291/6596/6596 4292/6597/6597
f 4294/6598/6598 4291/6599/6599 4293/6600/6600
f 4297/6601/6601 4295/6602/6602 4296/6603/6603
f 4300/6604/6604 4298/6605/6605 4299/6606/6606
f 4420/6607/6607 4418/6608/6608 4419/6609/6609
f 4423/6610/6610 4421/6611/6611 4422/6612/6612
f 4426/6613/6613 4424/6614/6614 4425/6615/6615
f 4429/6616/6616 4427/6617/6617 4428/6618/6618
f 4432/6619/6619 4430/6620/6620 4431/6621/6621
f 4435/6622/6622 4433/6623/6623 4434/6624/6624
f 4438/6625/6625 4436/6626/6626 4437/6627/6627
f 4441/6628/6628 4439/6629/6629 4440/6630/6630
f 4444/6631/6631 4442/6632/6632 4443/6633/6633
f 4447/6634/6634 4445/6635/6635 4446/6636/6636
f 4450/6637/6637 4448/6638/6638 4449/6639/6639
f 4453/6640/6640 4451/6641/6641 4452/6642/6642
f 4456/6643/6643 4454/6644/6644 4455/6645/6645
f 4459/6646/6646 4457/6647/6647 4458/6648/6648
f 4462/6649/6649 4460/6650/6650 4461/6651/6651
f 4465/6652/6652 4463/6653/6653 4464/6654/6654
f 4937/6655/6655 4935/6656/6656 4936/6657/6657
f 4938/6658/6658 4935/6659/6659 4937/6660/6660
f 4941/6661/6661 4939/6662/6662 4940/6663/6663
f 4942/6664/6664 4939/6665/6665 4941/6666/6666
f 4945/6667/6667 4943/6668/6668 4944/6669/6669
f 4946/6670/6670 4943/6671/6671 4945/6672/6672
f 4949/6673/6673 4947/6674/6674 4948/6675/6675
f 4950/6676/6676 4947/6677/6677 4949/6678/6678
f 4953/6679/6679 4951/6680/6680 4952/6681/6681
f 4954/6682/6682 4951/6683/6683 4953/6684/6684
f 4957/6685/6685 4955/6686/6686 4956/6687/6687
f 4958/6688/6688 4955/6689/6689 4957/6690/6690
f 4961/6691/6691 4959/6692/6692 4960/6693/6693
f 4962/6694/6694 4959/6695/6695 4961/6696/6696
f 4965/6697/6697 4963/6698/6698 4964/6699/6699
f 4966/6700/6700 4963/6701/6701 4965/6702/6702
f 4969/6703/6703 4967/6704/6704 4968/6705/6705
f 4970/6706/6706 4967/6707/6707 4969/6708/6708
f 4973/6709/6709 4971/6710/6710 4972/6711/6711
f 4974/6712/6712 4971/6713/6713 4973/6714/6714
f 4977/6715/6715 4975/6716/6716 4976/6717/6717
f 4978/6718/6718 4975/6719/6719 4977/6720/6720
f 4981/6721/6721 4979/6722/6722 4980/6723/6723
f 4982/6724/6724 4979/6725/6725 4981/6726/6726
f 4985/6727/6727 4983/6728/6728 4984/6729/6729
f 4986/6730/6730 4983/6731/6731 4985/6732/6732
f 4989/6733/6733 4987/6734/6734 4988/6735/6735
f 4990/6736/6736 4987/6737/6737 4989/6738/6738
f 4993/6739/6739 4991/6740/6740 4992/6741/6741
f 4994/6742/6742 4991/6743/6743 4993/6744/6744
f 4997/6745/6745 4995/6746/6746 4996/6747/6747
f 4998/6748/6748 4995/6749/6749 4997/6750/6750
f 5001/6751/6751 4999/6752/6752 5000/6753/6753
f 5002/6754/6754 4999/6755/6755 5001/6756/6756
f 5005/6757/6757 5003/6758/6758 5004/6759/6759
f 5006/6760/6760 5003/6761/6761 5005/6762/6762
f 5009/6763/6763 5007/6764/6764 5008/6765/6765
f 5010/6766/6766 5007/6767/6767 5009/6768/6768
f 5013/6769/6769 5011/6770/6770 5012/6771/6771
f 5014/6772/6772 5011/6773/6773 5013/6774/6774
f 5017/6775/6775 5015/6776/6776 5016/6777/6777
f 5018/6778/6778 5015/6779/6779 5017/6780/6780
f 5021/6781/6781 5019/6782/6782 5020/6783/6783
f 5022/6784/6784 5019/6785/6785 5021/6786/6786
f 5025/6787/6787 5023/6788/6788 5024/6789/6789
f 5026/6790/6790 5023/6791/6791 5025/6792/6792
f 5029/6793/6793 5027/6794/6794 5028/6795/6795
f 5030/6796/6796 5027/6797/6797 5029/6798/6798
f 5033/6799/6799 5031/6800/6800 5032/6801/6801
f 5034/6802/6802 5031/6803/6803 5033/6804/6804
f 5037/6805/6805 5035/6806/6806 5036/6807/6807
f 5038/6808/6808 5035/6809/6809 5037/6810/6810
f 5041/6811/6811 5039/6812/6812 5040/6813/6813
f 5042/6814/6814 5039/6815/6815 5041/6816/6816
f 5045/6817/6817 5043/6818/6818 5044/6819/6819
f 5046/6820/6820 5043/6821/6821 5045/6822/6822
f 5049/6823/6823 5047/6824/6824 5048/6825/6825
f 5050/6826/6826 5047/6827/6827 5049/6828/6828
f 5053/6829/6829 5051/6830/6830 5052/6831/6831
f 5054/6832/6832 5051/6833/6833 5053/6834/6834
f 5057/6835/6835 5055/6836/6836 5056/6837/6837
f 5060/6838/6838 5058/6839/6839 5059/6840/6840
f 5063/6841/6841 5061/6842/6842 5062/6843/6843
f 5066/6844/6844 5064/6845/6845 5065/6846/6846
f 5069/6847/6847 5067/6848/6848 5068/6849/6849
f 5072/6850/6850 5070/6851/6851 5071/6852/6852
f 5075/6853/6853 5073/6854/6854 5074/6855/6855
f 5076/6856/6856 5073/6857/6857 5075/6858/6858
f 5079/6859/6859 5077/6860/6860 5078/6861/6861
f 5080/6862/6862 5077/6863/6863 5079/6864/6864
f 5083/6865/6865 5081/6866/6866 5082/6867/6867
f 5086/6868/6868 5084/6869/6869 5085/6870/6870
f 5206/6871/6871 5204/6872/6872 5205/6873/6873
f 5209/6874/6874 5207/6875/6875 5208/6876/6876
f 5212/6877/6877 5210/6878/6878 5211/6879/6879
f 5215/6880/6880 5213/6881/6881 5214/6882/6882
f 5218/6883/6883 5216/6884/6884 5217/6885/6885
f 5221/6886/6886 5219/6887/6887 5220/6888/6888
f 5224/6889/6889 5222/6890/6890 5223/6891/6891
f 5227/6892/6892 5225/6893/6893 5226/6894/6894
f 5230/6895/6895 5228/6896/6896 5229/6897/6897
f 5233/6898/6898 5231/6899/6899 5232/6900/6900
f 5236/6901/6901 5234/6902/6902 5235/6903/6903
f 5239/6904/6904 5237/6905/6905 5238/6906/6906
f 5242/6907/6907 5240/6908/6908 5241/6909/6909
f 5245/6910/6910 5243/6911/6911 5244/6912/6912
f 5248/6913/6913 5246/6914/6914 5247/6915/6915
f 5251/6916/6916 5249/6917/6917 5250/6918/6918
f 5723/6919/6919 5721/6920/6920 5722/6921/6921
f 5724/6922/6922 5721/6923/6923 5723/6924/6924
f 5727/6925/6925 5725/6926/6926 5726/6927/6927
f 5728/6928/6928 5725/6929/6929 5727/6930/6930
f 5731/6931/6931 5729/6932/6932 5730/6933/6933
f 5732/6934/6934 5729/6935/6935 5731/6936/6936
f 5735/6937/6937 5733/6938/6938 5734/6939/6939
f 5736/6940/6940 5733/6941/6941 5735/6942/6942
f 5739/6943/6943 5737/6944/6944 5738/6945/6945
f 5740/6946/6946 5737/6947/6947 5739/6948/6948
f 5743/6949/6949 5741/6950/6950 5742/6951/6951
f 5744/6952/6952 5741/6953/6953 5743/6954/6954
f 5747/6955/6955 5745/6956/6956 5746/6957/6957
f 5748/6958/6958 5745/6959/6959 5747/6960/6960
f 5751/6961/6961 5749/6962/6962 5750/6963/6963
f 5752/6964/6964 5749/6965/6965 5751/6966/6966
f 5755/6967/6967 5753/6968/6968 5754/6969/6969
f 5756/6970/6970 5753/6971/6971 5755/6972/6972
f 5759/6973/6973 5757/6974/6974 5758/6975/6975
f 5760/6976/6976 5757/6977/6977 5759/6978/6978
f 5763/6979/6979 5761/6980/6980 5762/6981/6981
f 5764/6982/6982 5761/6983/6983 5763/6984/6984
f 5767/6985/6985 5765/6986/6986 5766/6987/6987
f 5768/6988/6988 5765/6989/6989 5767/6990/6990
f 5771/6991/6991 5769/6992/6992 5770/6993/6993
f 5772/6994/6994 5769/6995/6995 5771/6996/6996
f 5775/6997/6997 5773/6998/6998 5774/6999/6999
f 5776/7000/7000 5773/7001/7001 5775/7002/7002
f 5779/7003/7003 5777/7004/7004 5778/7005/7005
f 5780/7006/7006 5777/7007/7007 5779/7008/7008
f 5783/7009/7009 5781/7010/7010 5782/7011/7011
f 5784/7012/7012 5781/7013/7013 5783/7014/7014
f 5787/7015/7015 5785/7016/7016 5786/7017/7017
f 5788/7018/7018 5785/7019/7019 5787/7020/7020
f 5791/7021/7021 5789/7022/7022 5790/7023/7023
f 5792/7024/7024 5789/7025/7025 5791/7026/7026
f 5795/7027/7027 5793/7028/7028 5794/7029/7029
f 5796/7030/7030 5793/7031/7031 5795/7032/7032
f 5799/7033/7033 5797/7034/7034 5798/7035/7035
f 5800/7036/7036 5797/7037/7037 5799/7038/7038
f 5803/7039/7039 5801/7040/7040 5802/7041/7041
f 5804/7042/7042 5801/7043/7043 5803/7044/7044
f 5807/7045/7045 5805/7046/7046 5806/7047/7047
f 5808/7048/7048 5805/7049/7049 5807/7050/7050
f 5811/7051/7051 5809/7052/7052 5810/7053/7053
f 5812/7054/7054 5809/7055/7055 5811/7056/7056
f 5815/7057/7057 5813/7058/7058 5814/7059/7059
f 5816/7060/7060 5813/7061/7061 5815/7062/7062
f 5819/7063/7063 5817/7064/7064 5818/7065/7065
f 5820/7066/7066 5817/7067/7067 5819/7068/7068
f 5823/7069/7069 5821/7070/7070 5822/7071/7071
f 5824/7072/7072 5821/7073/7073 5823/7074/7074
f 5827/7075/7075 5825/7076/7076 5826/7077/7077
f 5828/7078/7078 5825/7079/7079 5827/7080/7080
f 5831/7081/7081 5829/7082/7082 5830/7083/7083
f 5832/7084/7084 5829/7085/7085 5831/7086/7086
f 5835/7087/7087 5833/7088/7088 5834/7089/7089
f 5836/7090/7090 5833/7091/7091 5835/7092/7092
f 5839/7093/7093 5837/7094/7094 5838/7095/7095
f 5840/7096/7096 5837/7097/7097 5839/7098/7098
f 5843/7099/7099 5841/7100/7100 5842/7101/7101
f 5846/7102/7102 5844/7103/7103 5845/7104/7104
f 5849/7105/7105 5847/7106/7106 5848/7107/7107
f 5852/7108/7108 5850/7109/7109 5851/7110/7110
f 5855/7111/7111 5853/7112/7112 5854/7113/7113
f 5858/7114/7114 5856/7115/7115 5857/7116/7116
f 5861/7117/7117 5859/7118/7118 5860/7119/7119
f 5862/7120/7120 5859/7121/7121 5861/7122/7122
f 5865/7123/7123 5863/7124/7124 5864/7125/7125
f 5866/7126/7126 5863/7127/7127 5865/7128/7128
f 5869/7129/7129 5867/7130/7130 5868/7131/7131
f 5872/7132/7132 5870/7133/7133 5871/7134/7134
f 5992/7135/7135 5990/7136/7136 5991/7137/7137
f 5995/7138/7138 5993/7139/7139 5994/7140/7140
f 5998/7141/7141 5996/7142/7142 5997/7143/7143
f 6001/7144/7144 5999/7145/7145 6000/7146/7146
f 6004/7147/7147 6002/7148/7148 6003/7149/7149
f 6007/7150/7150 6005/7151/7151 6006/7152/7152
f 6010/7153/7153 6008/7154/7154 6009/7155/7155
f 6013/7156/7156 6011/7157/7157 6012/7158/7158
f 6016/7159/7159 6014/7160/7160 6015/7161/7161
f 6019/7162/7162 6017/7163/7163 6018/7164/7164
f 6022/7165/7165 6020/7166/7166 6021/7167/7167
f 6025/7168/7168 6023/7169/7169 6024/7170/7170
f 6028/7171/7171 6026/7172/7172 6027/7173/7173
f 6031/7174/7174 6029/7175/7175 6030/7176/7176
f 6034/7177/7177 6032/7178/7178 6033/7179/7179
f 6037/7180/7180 6035/7181/7181 6036/7182/7182
f 6509/7183/7183 6507/7184/7184 6508/7185/7185
f 6510/7186/7186 6507/7187/7187 6509/7188/7188
f 6513/7189/7189 6511/7190/7190 6512/7191/7191
f 6514/7192/7192 6511/7193/7193 6513/7194/7194
f 6517/7195/7195 6515/7196/7196 6516/7197/7197
f 6518/7198/7198 6515/7199/7199 6517/7200/7200
f 6521/7201/7201 6519/7202/7202 6520/7203/7203
f 6522/7204/7204 6519/7205/7205 6521/7206/7206
f 6525/7207/7207 6523/7208/7208 6524/7209/7209
f 6526/7210/7210 6523/7211/7211 6525/7212/7212
f 6529/7213/7213 6527/7214/7214 6528/7215/7215
f 6530/7216/7216 6527/7217/7217 6529/7218/7218
f 6533/7219/7219 6531/7220/7220 6532/7221/7221
f 6534/7222/7222 6531/7223/7223 6533/7224/7224
f 6537/7225/7225 6535/7226/7226 6536/7227/7227
f 6538/7228/7228 6535/7229/7229 6537/7230/7230
f 6541/7231/7231 6539/7232/7232 6540/7233/7233
f 6542/7234/7234 6539/7235/7235 6541/7236/7236
f 6545/7237/7237 6543/7238/7238 6544/7239/7239
f 6546/7240/7240 6543/7241/7241 6545/7242/7242
f 6549/7243/7243 6547/7244/7244 6548/7245/7245
f 6550/7246/7246 6547/7247/7247 6549/7248/7248
f 6553/7249/7249 6551/7250/7250 6552/7251/7251
f 6554/7252/7252 6551/7253/7253 6553/7254/7254
f 6557/7255/7255 6555/7256/7256 6556/7257/7257
f 6558/7258/7258 6555/7259/7259 6557/7260/7260
f 6561/7261/7261 6559/7262/7262 6560/7263/7263
f 6562/7264/7264 6559/7265/7265 6561/7266/7266
f 6565/7267/7267 6563/7268/7268 6564/7269/7269
f 6566/7270/7270 6563/7271/7271 6565/7272/7272
f 6569/7273/7273 6567/7274/7274 6568/7275/7275
f 6570/7276/7276 6567/7277/7277 6569/7278/7278
f 6573/7279/7279 6571/7280/7280 6572/7281/7281
f 6574/7282/7282 6571/7283/7283 6573/7284/7284
f 6577/7285/7285 6575/7286/7286 6576/7287/7287
f 6578/7288/7288 6575/7289/7289 6577/7290/7290
f 6581/7291/7291 6579/7292/7292 6580/7293/7293
f 6582/7294/7294 6579/7295/7295 6581/7296/7296
f 6585/7297/7297 6583/7298/7298 6584/7299/7299
f 6586/7300/7300 6583/7301/7301 6585/7302/7302
f 6589/7303/7303 6587/7304/7304 6588/7305/7305
f 6590/7306/7306 6587/7307/7307 6589/7308/7308
f 6593/7309/7309 6591/7310/7310 6592/7311/7311
f 6594/7312/7312 6591/7313/7313 6593/7314/7314
f 6597/7315/7315 6595/7316/7316 6596/7317/7317
f 6598/7318/7318 6595/7319/7319 6597/7320/7320
f 6601/7321/7321 6599/7322/7322 6600/7323/7323
f 6602/7324/7324 6599/7325/7325 6601/7326/7326
f 6605/7327/7327 6603/7328/7328 6604/7329/7329
f 6606/7330/7330 6603/7331/7331 6605/7332/7332
f 6609/7333/7333 6607/7334/7334 6608/7335/7335
f 6610/7336/7336 6607/7337/7337 6609/7338/7338
f 6613/7339/7339 6611/7340/7340 6612/7341/7341
f 6614/7342/7342 6611/7343/7343 6613/7344/7344
f 6617/7345/7345 6615/7346/7346 6616/7347/7347
f 6618/7348/7348 6615/7349/7349 6617/7350/7350
f 6621/7351/7351 6619/7352/7352 6620/7353/7353
f 6622/7354/7354 6619/7355/7355 6621/7356/7356
f 6625/7357/7357 6623/7358/7358 6624/7359/7359
f 6626/7360/7360 6623/7361/7361 6625/7362/7362
f 6629/7363/7363 6627/7364/7364 6628/7365/7365
f 6632/7366/7366 6630/7367/7367 6631/7368/7368
f 6635/7369/7369 6633/7370/7370 6634/7371/7371
f 6638/7372/7372 6636/7373/7373 6637/7374/7374
f 6641/7375/7375 6639/7376/7376 6640/7377/7377
f 6644/7378/7378 6642/7379/7379 6643/7380/7380
f 6647/7381/7381 6645/7382/7382 6646/7383/7383
f 6648/7384/7384 6645/7385/7385 6647/7386/7386
f 6651/7387/7387 6649/7388/7388 6650/7389/7389
f 6652/7390/7390 6649/7391/7391 6651/7392/7392
f 6655/7393/7393 6653/7394/7394 6654/7395/7395
f 6658/7396/7396 6656/7397/7397 6657/7398/7398
f 6778/7399/7399 6776/7400/7400 6777/7401/7401
f 6781/7402/7402 6779/7403/7403 6780/7404/7404
f 6784/7405/7405 6782/7406/7406 6783/7407/7407
f 6787/7408/7408 6785/7409/7409 6786/7410/7410
f 6790/7411/7411 6788/7412/7412 6789/7413/7413
f 6793/7414/7414 6791/7415/7415 6792/7416/7416
f 6796/7417/7417 6794/7418/7418 6795/7419/7419
f 6799/7420/7420 6797/7421/7421 6798/7422/7422
f 6802/7423/7423 6800/7424/7424 6801/7425/7425
f 6805/7426/7426 6803/7427/7427 6804/7428/7428
f 6808/7429/7429 6806/7430/7430 6807/7431/7431
f 6811/7432/7432 6809/7433/7433 6810/7434/7434
f 6814/7435/7435 6812/7436/7436 6813/7437/7437
f 6817/7438/7438 6815/7439/7439 6816/7440/7440
f 6820/7441/7441 6818/7442/7442 6819/7443/7443
f 6823/7444/7444 6821/7445/7445 6822/7446/7446

g Material.003
f 1198/7447/7447 1196/7448/7448 1197/7449/7449
f 1199/7450/7450 1196/7451/7451 1198/7452/7452
f 1202/7453/7453 1200/7454/7454 1201/7455/7455
f 1203/7456/7456 1200/7457/7457 1202/7458/7458
f 1206/7459/7459 1204/7460/7460 1205/7461/7461
f 1207/7462/7462 1204/7463/7463 1206/7464/7464
f 1210/7465/7465 1208/7466/7466 1209/7467/7467
f 1211/7468/7468 1208/7469/7469 1210/7470/7470
f 1214/7471/7471 1212/7472/7472 1213/7473/7473
f 1215/7474/7474 1212/7475/7475 1214/7476/7476
f 1218/7477/7477 1216/7478/7478 1217/7479/7479
f 1219/7480/7480 1216/7481/7481 1218/7482/7482
f 1222/7483/7483 1220/7484/7484 1221/7485/7485
f 1223/7486/7486 1220/7487/7487 1222/7488/7488
f 1226/7489/7489 1224/7490/7490 1225/7491/7491
f 1227/7492/7492 1224/7493/7493 1226/7494/7494
f 1230/7495/7495 1228/7496/7496 1229/7497/7497
f 1231/7498/7498 1228/7499/7499 1230/7500/7500
f 1234/7501/7501 1232/7502/7502 1233/7503/7503
f 1235/7504/7504 1232/7505/7505 1234/7506/7506
f 1238/7507/7507 1236/7508/7508 1237/7509/7509
f 1239/7510/7510 1236/7511/7511 1238/7512/7512
f 1242/7513/7513 1240/7514/7514 1241/7515/7515
f 1243/7516/7516 1240/7517/7517 1242/7518/7518
f 1246/7519/7519 1244/7520/7520 1245/7521/7521
f 1247/7522/7522 1244/7523/7523 1246/7524/7524
f 1250/7525/7525 1248/7526/7526 1249/7527/7527
f 1251/7528/7528 1248/7529/7529 1250/7530/7530
f 1254/7531/7531 1252/7532/7532 1253/7533/7533
f 1255/7534/7534 1252/7535/7535 1254/7536/7536
f 1258/7537/7537 1256/7538/7538 1257/7539/7539
f 1259/7540/7540 1256/7541/7541 1258/7542/7542
f 1262/7543/7543 1260/7544/7544 1261/7545/7545
f 1265/7546/7546 1263/7547/7547 1264/7548/7548
f 1268/7549/7549 1266/7550/7550 1267/7551/7551
f 1271/7552/7552 1269/7553/7553 1270/7554/7554
f 1274/7555/7555 1272/7556/7556 1273/7557/7557
f 1277/7558/7558 1275/7559/7559 1276/7560/7560
f 1280/7561/7561 1278/7562/7562 1279/7563/7563
f 1283/7564/7564 1281/7565/7565 1282/7566/7566
f 1286/7567/7567 1284/7568/7568 1285/7569/7569
f 1289/7570/7570 1287/7571/7571 1288/7572/7572
f 1292/7573/7573 1290/7574/7574 1291/7575/7575
f 1295/7576/7576 1293/7577/7577 1294/7578/7578
f 1298/7579/7579 1296/7580/7580 1297/7581/7581
f 1301/7582/7582 1299/7583/7583 1300/7584/7584
f 1304/7585/7585 1302/7586/7586 1303/7587/7587
f 1307/7588/7588 1305/7589/7589 1306/7590/7590
f 1310/7591/7591 1308/7592/7592 1309/7593/7593
f 1313/7594/7594 1311/7595/7595 1312/7596/7596
f 1316/7597/7597 1314/7598/7598 1315/7599/7599
f 1319/7600/7600 1317/7601/7601 1318/7602/7602
f 1322/7603/7603 1320/7604/7604 1321/7605/7605
f 1325/7606/7606 1323/7607/7607 1324/7608/7608
f 1328/7609/7609 1326/7610/7610 1327/7611/7611
f 1331/7612/7612 1329/7613/7613 1330/7614/7614
f 1334/7615/7615 1332/7616/7616 1333/7617/7617
f 1337/7618/7618 1335/7619/7619 1336/7620/7620
f 1340/7621/7621 1338/7622/7622 1339/7623/7623
f 1343/7624/7624 1341/7625/7625 1342/7626/7626
f 1346/7627/7627 1344/7628/7628 1345/7629/7629
f 1349/7630/7630 1347/7631/7631 1348/7632/7632
f 1352/7633/7633 1350/7634/7634 1351/7635/7635
f 1355/7636/7636 1353/7637/7637 1354/7638/7638
f 1373/7639/7639 1371/7640/7640 1372/7641/7641
f 1374/7642/7642 1371/7643/7643 1373/7644/7644
f 1377/7645/7645 1375/7646/7646 1376/7647/7647
f 1378/7648/7648 1375/7649/7649 1377/7650/7650
f 1381/7651/7651 1379/7652/7652 1380/7653/7653
f 1382/7654/7654 1379/7655/7655 1381/7656/7656
f 1385/7657/7657 1383/7658/7658 1384/7659/7659
f 1386/7660/7660 1383/7661/7661 1385/7662/7662
f 1389/7663/7663 1387/7664/7664 1388/7665/7665
f 1390/7666/7666 1387/7667/7667 1389/7668/7668
f 1393/7669/7669 1391/7670/7670 1392/7671/7671
f 1394/7672/7672 1391/7673/7673 1393/7674/7674
f 1397/7675/7675 1395/7676/7676 1396/7677/7677
f 1398/7678/7678 1395/7679/7679 1397/7680/7680
f 1401/7681/7681 1399/7682/7682 1400/7683/7683
f 1402/7684/7684 1399/7685/7685 1401/7686/7686
f 1405/7687/7687 1403/7688/7688 1404/7689/7689
f 1406/7690/7690 1403/7691/7691 1405/7692/7692
f 1409/7693/7693 1407/7694/7694 1408/7695/7695
f 1410/7696/7696 1407/7697/7697 1409/7698/7698
f 1413/7699/7699 1411/7700/7700 1412/7701/7701
f 1414/7702/7702 1411/7703/7703 1413/7704/7704
f 1417/7705/7705 1415/7706/7706 1416/7707/7707
f 1418/7708/7708 1415/7709/7709 1417/7710/7710
f 1421/7711/7711 1419/7712/7712 1420/7713/7713
f 1422/7714/7714 1419/7715/7715 1421/7716/7716
f 1425/7717/7717 1423/7718/7718 1424/7719/7719
f 1426/7720/7720 1423/7721/7721 1425/7722/7722
f 1429/7723/7723 1427/7724/7724 1428/7725/7725
f 1430/7726/7726 1427/7727/7727 1429/7728/7728
f 1433/7729/7729 1431/7730/7730 1432/7731/7731
f 1434/7732/7732 1431/7733/7733 1433/7734/7734
f 1437/7735/7735 1435/7736/7736 1436/7737/7737
f 1440/7738/7738 1438/7739/7739 1439/7740/7740
f 1443/7741/7741 1441/7742/7742 1442/7743/7743
f 1446/7744/7744 1444/7745/7745 1445/7746/7746
f 1449/7747/7747 1447/7748/7748 1448/7749/7749
f 1452/7750/7750 1450/7751/7751 1451/7752/7752
f 1455/7753/7753 1453/7754/7754 1454/7755/7755
f 1458/7756/7756 1456/7757/7757 1457/7758/7758
f 1461/7759/7759 1459/7760/7760 1460/7761/7761
f 1464/7762/7762 1462/7763/7763 1463/7764/7764
f 1467/7765/7765 1465/7766/7766 1466/7767/7767
f 1470/7768/7768 1468/7769/7769 1469/7770/7770
f 1473/7771/7771 1471/7772/7772 1472/7773/7773
f 1476/7774/7774 1474/7775/7775 1475/7776/7776
f 1479/7777/7777 1477/7778/7778 1478/7779/7779
f 1482/7780/7780 1480/7781/7781 1481/7782/7782
f 1485/7783/7783 1483/7784/7784 1484/7785/7785
f 1488/7786/7786 1486/7787/7787 1487/7788/7788
f 1491/7789/7789 1489/7790/7790 1490/7791/7791
f 1494/7792/7792 1492/7793/7793 1493/7794/7794
f 1497/7795/7795 1495/7796/7796 1496/7797/7797
f 1500/7798/7798 1498/7799/7799 1499/7800/7800
f 1503/7801/7801 1501/7802/7802 1502/7803/7803
f 1506/7804/7804 1504/7805/7805 1505/7806/7806
f 1509/7807/7807 1507/7808/7808 1508/7809/7809
f 1512/7810/7810 1510/7811/7811 1511/7812/7812
f 1515/7813/7813 1513/7814/7814 1514/7815/7815
f 1518/7816/7816 1516/7817/7817 1517/7818/7818
f 1521/7819/7819 1519/7820/7820 1520/7821/7821
f 1524/7822/7822 1522/7823/7823 1523/7824/7824
f 1527/7825/7825 1525/7826/7826 1526/7827/7827
f 1530/7828/7828 1528/7829/7829 1529/7830/7830
f 1533/7831/7831 1531/7832/7832 1532/7833/7833
f 1534/7834/7834 1531/7835/7835 1533/7836/7836
f 1537/7837/7837 1535/7838/7838 1536/7839/7839
f 1538/7840/7840 1535/7841/7841 1537/7842/7842
f 1541/7843/7843 1539/7844/7844 1540/7845/7845
f 1542/7846/7846 1539/7847/7847 1541/7848/7848
f 1545/7849/7849 1543/7850/7850 1544/7851/7851
f 1546/7852/7852 1543/7853/7853 1545/7854/7854
f 1549/7855/7855 1547/7856/7856 1548/7857/7857
f 1550/7858/7858 1547/7859/7859 1549/7860/7860
f 1553/7861/7861 1551/7862/7862 1552/7863/7863
f 1554/7864/7864 1551/7865/7865 1553/7866/7866
f 1557/7867/7867 1555/7868/7868 1556/7869/7869
f 1558/7870/7870 1555/7871/7871 1557/7872/7872
f 1561/7873/7873 1559/7874/7874 1560/7875/7875
f 1562/7876/7876 1559/7877/7877 1561/7878/7878
f 1565/7879/7879 1563/7880/7880 1564/7881/7881
f 1566/7882/7882 1563/7883/7883 1565/7884/7884
f 1569/7885/7885 1567/7886/7886 1568/7887/7887
f 1570/7888/7888 1567/7889/7889 1569/7890/7890
f 1573/7891/7891 1571/7892/7892 1572/7893/7893
f 1574/7894/7894 1571/7895/7895 1573/7896/7896
f 1577/7897/7897 1575/7898/7898 1576/7899/7899
f 1578/7900/7900 1575/7901/7901 1577/7902/7902
f 1581/7903/7903 1579/7904/7904 1580/7905/7905
f 1582/7906/7906 1579/7907/7907 1581/7908/7908
f 1585/7909/7909 1583/7910/7910 1584/7911/7911
f 1586/7912/7912 1583/7913/7913 1585/7914/7914
f 1589/7915/7915 1587/7916/7916 1588/7917/7917
f 1590/7918/7918 1587/7919/7919 1589/7920/7920
f 1593/7921/7921 1591/7922/7922 1592/7923/7923
f 1594/7924/7924 1591/7925/7925 1593/7926/7926
f 1597/7927/7927 1595/7928/7928 1596/7929/7929
f 1600/7930/7930 1598/7931/7931 1599/7932/7932
f 1603/7933/7933 1601/7934/7934 1602/7935/7935
f 1606/7936/7936 1604/7937/7937 1605/7938/7938
f 1609/7939/7939 1607/7940/7940 1608/7941/7941
f 1612/7942/7942 1610/7943/7943 1611/7944/7944
f 1615/7945/7945 1613/7946/7946 1614/7947/7947
f 1618/7948/7948 1616/7949/7949 1617/7950/7950
f 1621/7951/7951 1619/7952/7952 1620/7953/7953
f 1624/7954/7954 1622/7955/7955 1623/7956/7956
f 1627/7957/7957 1625/7958/7958 1626/7959/7959
f 1630/7960/7960 1628/7961/7961 1629/7962/7962
f 1633/7963/7963 1631/7964/7964 1632/7965/7965
f 1636/7966/7966 1634/7967/7967 1635/7968/7968
f 1639/7969/7969 1637/7970/7970 1638/7971/7971
f 1642/7972/7972 1640/7973/7973 1641/7974/7974
f 1645/7975/7975 1643/7976/7976 1644/7977/7977
f 1648/7978/7978 1646/7979/7979 1647/7980/7980
f 1651/7981/7981 1649/7982/7982 1650/7983/7983
f 1654/7984/7984 1652/7985/7985 1653/7986/7986
f 1657/7987/7987 1655/7988/7988 1656/7989/7989
f 1660/7990/7990 1658/7991/7991 1659/7992/7992
f 1663/7993/7993 1661/7994/7994 1662/7995/7995
f 1666/7996/7996 1664/7997/7997 1665/7998/7998
f 1669/7999/7999 1667/8000/8000 1668/8001/8001
f 1672/8002/8002 1670/8003/8003 1671/8004/8004
f 1675/8005/8005 1673/8006/8006 1674/8007/8007
f 1678/8008/8008 1676/8009/8009 1677/8010/8010
f 1681/8011/8011 1679/8012/8012 1680/8013/8013
f 1684/8014/8014 1682/8015/8015 1683/8016/8016
f 1687/8017/8017 1685/8018/8018 1686/8019/8019
f 1690/8020/8020 1688/8021/8021 1689/8022/8022
f 1693/8023/8023 1691/8024/8024 1692/8025/8025
f 1694/8026/8026 1691/8027/8027 1693/8028/8028
f 1697/8029/8029 1695/8030/8030 1696/8031/8031
f 1698/8032/8032 1695/8033/8033 1697/8034/8034
f 1701/8035/8035 1699/8036/8036 1700/8037/8037
f 1702/8038/8038 1699/8039/8039 1701/8040/8040
f 1705/8041/8041 1703/8042/8042 1704/8043/8043
f 1706/8044/8044 1703/8045/8045 1705/8046/8046
f 1709/8047/8047 1707/8048/8048 1708/8049/8049
f 1710/8050/8050 1707/8051/8051 1709/8052/8052
f 1713/8053/8053 1711/8054/8054 1712/8055/8055
f 1714/8056/8056 1711/8057/8057 1713/8058/8058
f 1717/8059/8059 1715/8060/8060 1716/8061/8061
f 1718/8062/8062 1715/8063/8063 1717/8064/8064
f 1721/8065/8065 1719/8066/8066 1720/8067/8067
f 1722/8068/8068 1719/8069/8069 1721/8070/8070
f 1725/8071/8071 1723/8072/8072 1724/8073/8073
f 1726/8074/8074 1723/8075/8075 1725/8076/8076
f 1729/8077/8077 1727/8078/8078 1728/8079/8079
f 1730/8080/8080 1727/8081/8081 1729/8082/8082
f 1733/8083/8083 1731/8084/8084 1732/8085/8085
f 1734/8086/8086 1731/8087/8087 1733/8088/8088
f 1737/8089/8089 1735/8090/8090 1736/8091/8091
f 1738/8092/8092 1735/8093/8093 1737/8094/8094
f 1741/8095/8095 1739/8096/8096 1740/8097/8097
f 1742/8098/8098 1739/8099/8099 1741/8100/8100
f 1745/8101/8101 1743/8102/8102 1744/8103/8103
f 1746/8104/8104 1743/8105/8105 1745/8106/8106
f 1749/8107/8107 1747/8108/8108 1748/8109/8109
f 1750/8110/8110 1747/8111/8111 1749/8112/8112
f 1753/8113/8113 1751/8114/8114 1752/8115/8115
f 1754/8116/8116 1751/8117/8117 1753/8118/8118
f 1757/8119/8119 1755/8120/8120 1756/8121/8121
f 1760/8122/8122 1758/8123/8123 1759/8124/8124
f 1763/8125/8125 1761/8126/8126 1762/8127/8127
f 1766/8128/8128 1764/8129/8129 1765/8130/8130
f 1769/8131/8131 1767/8132/8132 1768/8133/8133
f 1772/8134/8134 1770/8135/8135 1771/8136/8136
f 1775/8137/8137 1773/8138/8138 1774/8139/8139
f 1778/8140/8140 1776/8141/8141 1777/8142/8142
f 1781/8143/8143 1779/8144/8144 1780/8145/8145
f 1784/8146/8146 1782/8147/8147 1783/8148/8148
f 1787/8149/8149 1785/8150/8150 1786/8151/8151
f 1790/8152/8152 1788/8153/8153 1789/8154/8154
f 1793/8155/8155 1791/8156/8156 1792/8157/8157
f 1796/8158/8158 1794/8159/8159 1795/8160/8160
f 1799/8161/8161 1797/8162/8162 1798/8163/8163
f 1802/8164/8164 1800/8165/8165 1801/8166/8166
f 1805/8167/8167 1803/8168/8168 1804/8169/8169
f 1808/8170/8170 1806/8171/8171 1807/8172/8172
f 1811/8173/8173 1809/8174/8174 1810/8175/8175
f 1814/8176/8176 1812/8177/8177 1813/8178/8178
f 1817/8179/8179 1815/8180/8180 1816/8181/8181
f 1820/8182/8182 1818/8183/8183 1819/8184/8184
f 1823/8185/8185 1821/8186/8186 1822/8187/8187
f 1826/8188/8188 1824/8189/8189 1825/8190/8190
f 1829/8191/8191 1827/8192/8192 1828/8193/8193
f 1832/8194/8194 1830/8195/8195 1831/8196/8196
f 1835/8197/8197 1833/8198/8198 1834/8199/8199
f 1838/8200/8200 1836/8201/8201 1837/8202/8202
f 1841/8203/8203 1839/8204/8204 1840/8205/8205
f 1844/8206/8206 1842/8207/8207 1843/8208/8208
f 1847/8209/8209 1845/8210/8210 1846/8211/8211
f 1850/8212/8212 1848/8213/8213 1849/8214/8214
f 1853/8215/8215 1851/8216/8216 1852/8217/8217
f 1854/8218/8218 1851/8219/8219 1853/8220/8220
f 1857/8221/8221 1855/8222/8222 1856/8223/8223
f 1858/8224/8224 1855/8225/8225 1857/8226/8226
f 1861/8227/8227 1859/8228/8228 1860/8229/8229
f 1862/8230/8230 1859/8231/8231 1861/8232/8232
f 1865/8233/8233 1863/8234/8234 1864/8235/8235
f 1866/8236/8236 1863/8237/8237 1865/8238/8238
f 1869/8239/8239 1867/8240/8240 1868/8241/8241
f 1870/8242/8242 1867/8243/8243 1869/8244/8244
f 1873/8245/8245 1871/8246/8246 1872/8247/8247
f 1874/8248/8248 1871/8249/8249 1873/8250/8250
f 1877/8251/8251 1875/8252/8252 1876/8253/8253
f 1878/8254/8254 1875/8255/8255 1877/8256/8256
f 1881/8257/8257 1879/8258/8258 1880/8259/8259
f 1882/8260/8260 1879/8261/8261 1881/8262/8262
f 1885/8263/8263 1883/8264/8264 1884/8265/8265
f 1886/8266/8266 1883/8267/8267 1885/8268/8268
f 1889/8269/8269 1887/8270/8270 1888/8271/8271
f 1890/8272/8272 1887/8273/8273 1889/8274/8274
f 1893/8275/8275 1891/8276/8276 1892/8277/8277
f 1894/8278/8278 1891/8279/8279 1893/8280/8280
f 1897/8281/8281 1895/8282/8282 1896/8283/8283
f 1898/8284/8284 1895/8285/8285 1897/8286/8286
f 1901/8287/8287 1899/8288/8288 1900/8289/8289
f 1902/8290/8290 1899/8291/8291 1901/8292/8292
f 1905/8293/8293 1903/8294/8294 1904/8295/8295
f 1906/8296/8296 1903/8297/8297 1905/8298/8298
f 1909/8299/8299 1907/8300/8300 1908/8301/8301
f 1910/8302/8302 1907/8303/8303 1909/8304/8304
f 1913/8305/8305 1911/8306/8306 1912/8307/8307
f 1914/8308/8308 1911/8309/8309 1913/8310/8310
f 1917/8311/8311 1915/8312/8312 1916/8313/8313
f 1920/8314/8314 1918/8315/8315 1919/8316/8316
f 1923/8317/8317 1921/8318/8318 1922/8319/8319
f 1926/8320/8320 1924/8321/8321 1925/8322/8322
f 1929/8323/8323 1927/8324/8324 1928/8325/8325
f 1932/8326/8326 1930/8327/8327 1931/8328/8328
f 1935/8329/8329 1933/8330/8330 1934/8331/8331
f 1938/8332/8332 1936/8333/8333 1937/8334/8334
f 1941/8335/8335 1939/8336/8336 1940/8337/8337
f 1944/8338/8338 1942/8339/8339 1943/8340/8340
f 1947/8341/8341 1945/8342/8342 1946/8343/8343
f 1950/8344/8344 1948/8345/8345 1949/8346/8346
f 1953/8347/8347 1951/8348/8348 1952/8349/8349
f 1956/8350/8350 1954/8351/8351 1955/8352/8352
f 1959/8353/8353 1957/8354/8354 1958/8355/8355
f 1962/8356/8356 1960/8357/8357 1961/8358/8358
f 1965/8359/8359 1963/8360/8360 1964/8361/8361
f 1968/8362/8362 1966/8363/8363 1967/8364/8364
f 1971/8365/8365 1969/8366/8366 1970/8367/8367
f 1974/8368/8368 1972/8369/8369 1973/8370/8370
f 1977/8371/8371 1975/8372/8372 1976/8373/8373
f 1980/8374/8374 1978/8375/8375 1979/8376/8376
f 1983/8377/8377 1981/8378/8378 1982/8379/8379
f 1986/8380/8380 1984/8381/8381 1985/8382/8382
f 1989/8383/8383 1987/8384/8384 1988/8385/8385
f 1992/8386/8386 1990/8387/8387 1991/8388/8388
f 1995/8389/8389 1993/8390/8390 1994/8391/8391
f 1998/8392/8392 1996/8393/8393 1997/8394/8394
f 2001/8395/8395 1999/8396/8396 2000/8397/8397
f 2004/8398/8398 2002/8399/8399 2003/8400/8400
f 2007/8401/8401 2005/8402/8402 2006/8403/8403
f 2010/8404/8404 2008/8405/8405 2009/8406/8406
f 2013/8407/8407 2011/8408/8408 2012/8409/8409
f 2016/8410/8410 2014/8411/8411 2015/8412/8412
f 2019/8413/8413 2017/8414/8414 2018/8415/8415
f 2022/8416/8416 2020/8417/8417 2021/8418/8418
f 2025/8419/8419 2023/8420/8420 2024/8421/8421
f 2028/8422/8422 2026/8423/8423 2027/8424/8424
f 2031/8425/8425 2029/8426/8426 2030/8427/8427
f 2032/8428/8428 2029/8429/8429 2031/8430/8430
f 2035/8431/8431 2033/8432/8432 2034/8433/8433
f 2038/8434/8434 2036/8435/8435 2037/8436/8436
f 2041/8437/8437 2039/8438/8438 2040/8439/8439
f 2042/8440/8440 2039/8441/8441 2041/8442/8442
f 2045/8443/8443 2043/8444/8444 2044/8445/8445
f 2048/8446/8446 2046/8447/8447 2047/8448/8448
f 2051/8449/8449 2049/8450/8450 2050/8451/8451
f 2052/8452/8452 2049/8453/8453 2051/8454/8454
f 2055/8455/8455 2053/8456/8456 2054/8457/8457
f 2058/8458/8458 2056/8459/8459 2057/8460/8460
f 2061/8461/8461 2059/8462/8462 2060/8463/8463
f 2062/8464/8464 2059/8465/8465 2061/8466/8466
f 2065/8467/8467 2063/8468/8468 2064/8469/8469
f 2066/8470/8470 2063/8471/8471 2065/8472/8472
f 2069/8473/8473 2067/8474/8474 2068/8475/8475
f 2070/8476/8476 2067/8477/8477 2069/8478/8478
f 2073/8479/8479 2071/8480/8480 2072/8481/8481
f 2074/8482/8482 2071/8483/8483 2073/8484/8484
f 2077/8485/8485 2075/8486/8486 2076/8487/8487
f 2078/8488/8488 2075/8489/8489 2077/8490/8490
f 2081/8491/8491 2079/8492/8492 2080/8493/8493
f 2082/8494/8494 2079/8495/8495 2081/8496/8496
f 2085/8497/8497 2083/8498/8498 2084/8499/8499
f 2086/8500/8500 2083/8501/8501 2085/8502/8502
f 2089/8503/8503 2087/8504/8504 2088/8505/8505
f 2090/8506/8506 2087/8507/8507 2089/8508/8508
f 2093/8509/8509 2091/8510/8510 2092/8511/8511
f 2094/8512/8512 2091/8513/8513 2093/8514/8514
f 2097/8515/8515 2095/8516/8516 2096/8517/8517
f 2098/8518/8518 2095/8519/8519 2097/8520/8520
f 2101/8521/8521 2099/8522/8522 2100/8523/8523
f 2102/8524/8524 2099/8525/8525 2101/8526/8526
f 2105/8527/8527 2103/8528/8528 2104/8529/8529
f 2106/8530/8530 2103/8531/8531 2105/8532/8532
f 2109/8533/8533 2107/8534/8534 2108/8535/8535
f 2110/8536/8536 2107/8537/8537 2109/8538/8538
f 6829/8539/8539 6827/8540/8540 6828/8541/8541
f 6832/8542/8542 6830/8543/8543 6831/8544/8544
f 6835/8545/8545 6833/8546/8546 6834/8547/8547
f 6838/8548/8548 6836/8549/8549 6837/8550/8550
f 6841/8551/8551 6839/8552/8552 6840/8553/8553
f 6844/8554/8554 6842/8555/8555 6843/8556/8556
f 6847/8557/8557 6845/8558/8558 6846/8559/8559
f 6850/8560/8560 6848/8561/8561 6849/8562/8562
f 6853/8563/8563 6851/8564/8564 6852/8565/8565
f 6856/8566/8566 6854/8567/8567 6855/8568/8568
f 6859/8569/8569 6857/8570/8570 6858/8571/8571
f 6862/8572/8572 6860/8573/8573 6861/8574/8574
f 6865/8575/8575 6863/8576/8576 6864/8577/8577
f 6868/8578/8578 6866/8579/8579 6867/8580/8580
f 6871/8581/8581 6869/8582/8582 6870/8583/8583
f 6874/8584/8584 6872/8585/8585 6873/8586/8586
f 6877/8587/8587 6875/8588/8588 6876/8589/8589
f 6880/8590/8590 6878/8591/8591 6879/8592/8592
f 6883/8593/8593 6881/8594/8594 6882/8595/8595
f 6886/8596/8596 6884/8597/8597 6885/8598/8598
f 6889/8599/8599 6887/8600/8600 6888/8601/8601
f 6892/8602/8602 6890/8603/8603 6891/8604/8604
f 6895/8605/8605 6893/8606/8606 6894/8607/8607
f 6898/8608/8608 6896/8609/8609 6897/8610/8610
f 6901/8611/8611 6899/8612/8612 6900/8613/8613
f 6904/8614/8614 6902/8615/8615 6903/8616/8616
f 6907/8617/8617 6905/8618/8618 6906/8619/8619
f 6908/8620/8620 6905/8621/8621 6907/8622/8622
f 6911/8623/8623 6909/8624/8624 6910/8625/8625
f 6914/8626/8626 6912/8627/8627 6913/8628/8628
f 6917/8629/8629 6915/8630/8630 6916/8631/8631
f 6918/8632/8632 6915/8633/8633 6917/8634/8634
f 6921/8635/8635 6919/8636/8636 6920/8637/8637
f 6924/8638/8638 6922/8639/8639 6923/8640/8640
f 6927/8641/8641 6925/8642/8642 6926/8643/8643
f 6928/8644/8644 6925/8645/8645 6927/8646/8646
f 6931/8647/8647 6929/8648/8648 6930/8649/8649
f 6934/8650/8650 6932/8651/8651 6933/8652/8652
f 6937/8653/8653 6935/8654/8654 6936/8655/8655
f 6938/8656/8656 6935/8657/8657 6937/8658/8658
f 6941/8659/8659 6939/8660/8660 6940/8661/8661
f 6942/8662/8662 6939/8663/8663 6941/8664/8664
f 6945/8665/8665 6943/8666/8666 6944/8667/8667
f 6946/8668/8668 6943/8669/8669 6945/8670/8670
f 6949/8671/8671 6947/8672/8672 6948/8673/8673
f 6950/8674/8674 6947/8675/8675 6949/8676/8676
f 6953/8677/8677 6951/8678/8678 6952/8679/8679
f 6954/8680/8680 6951/8681/8681 6953/8682/8682
f 6957/8683/8683 6955/8684/8684 6956/8685/8685
f 6958/8686/8686 6955/8687/8687 6957/8688/8688
f 6961/8689/8689 6959/8690/8690 6960/8691/8691
f 6962/8692/8692 6959/8693/8693 6961/8694/8694
f 6965/8695/8695 6963/8696/8696 6964/8697/8697
f 6966/8698/8698 6963/8699/8699 6965/8700/8700
f 6969/8701/8701 6967/8702/8702 6968/8703/8703
f 6970/8704/8704 6967/8705/8705 6969/8706/8706
f 6973/8707/8707 6971/8708/8708 6972/8709/8709
f 6974/8710/8710 6971/8711/8711 6973/8712/8712
f 6977/8713/8713 6975/8714/8714 6976/8715/8715
f 6978/8716/8716 6975/8717/8717 6977/8718/8718
f 6981/8719/8719 6979/8720/8720 6980/8721/8721
f 6982/8722/8722 6979/8723/8723 6981/8724/8724
f 6985/8725/8725 6983/8726/8726 6984/8727/8727
f 6986/8728/8728 6983/8729/8729 6985/8730/8730
f 6989/8731/8731 6987/8732/8732 6988/8733/8733
f 6992/8734/8734 6990/8735/8735 6991/8736/8736
f 6995/8737/8737 6993/8738/8738 6994/8739/8739
f 6998/8740/8740 6996/8741/8741 6997/8742/8742
f 7001/8743/8743 6999/8744/8744 7000/8745/8745
f 7004/8746/8746 7002/8747/8747 7003/8748/8748
f 7007/8749/8749 7005/8750/8750 7006/8751/8751
f 7010/8752/8752 7008/8753/8753 7009/8754/8754
f 7013/8755/8755 7011/8756/8756 7012/8757/8757
f 7016/8758/8758 7014/8759/8759 7015/8760/8760
f 7019/8761/8761 7017/8762/8762 7018/8763/8763
f 7022/8764/8764 7020/8765/8765 7021/8766/8766
f 7025/8767/8767 7023/8768/8768 7024/8769/8769
f 7028/8770/8770 7026/8771/8771 7027/8772/8772
f 7031/8773/8773 7029/8774/8774 7030/8775/8775
f 7034/8776/8776 7032/8777/8777 7033/8778/8778
f 7037/8779/8779 7035/8780/8780 7036/8781/8781
f 7040/8782/8782 7038/8783/8783 7039/8784/8784
f 7043/8785/8785 7041/8786/8786 7042/8787/8787
f 7046/8788/8788 7044/8789/8789 7045/8790/8790

g Material.004
f 2735/8791/8791 2733/8792/8792 2734/8793/8793
f 2736/8794/8794 2733/8795/8795 2735/8796/8796
f 2739/8797/8797 2737/8798/8798 2738/8799/8799
f 2740/8800/8800 2737/8801/8801 2739/8802/8802
f 2743/8803/8803 2741/8804/8804 2742/8805/8805
f 2744/8806/8806 2741/8807/8807 2743/8808/8808
f 2747/8809/8809 2745/8810/8810 2746/8811/8811
f 2748/8812/8812 2745/8813/8813 2747/8814/8814
f 2751/8815/8815 2749/8816/8816 2750/8817/8817
f 2752/8818/8818 2749/8819/8819 2751/8820/8820
f 2755/8821/8821 2753/8822/8822 2754/8823/8823
f 2756/8824/8824 2753/8825/8825 2755/8826/8826
f 2759/8827/8827 2757/8828/8828 2758/8829/8829
f 2760/8830/8830 2757/8831/8831 2759/8832/8832
f 2763/8833/8833 2761/8834/8834 2762/8835/8835
f 2764/8836/8836 2761/8837/8837 2763/8838/8838
f 2767/8839/8839 2765/8840/8840 2766/8841/8841
f 2768/8842/8842 2765/8843/8843 2767/8844/8844
f 2771/8845/8845 2769/8846/8846 2770/8847/8847
f 2772/8848/8848 2769/8849/8849 2771/8850/8850
f 2775/8851/8851 2773/8852/8852 2774/8853/8853
f 2776/8854/8854 2773/8855/8855 2775/8856/8856
f 2779/8857/8857 2777/8858/8858 2778/8859/8859
f 2780/8860/8860 2777/8861/8861 2779/8862/8862
f 2783/8863/8863 2781/8864/8864 2782/8865/8865
f 2784/8866/8866 2781/8867/8867 2783/8868/8868
f 2787/8869/8869 2785/8870/8870 2786/8871/8871
f 2788/8872/8872 2785/8873/8873 2787/8874/8874
f 2791/8875/8875 2789/8876/8876 2790/8877/8877
f 2792/8878/8878 2789/8879/8879 2791/8880/8880
f 2795/8881/8881 2793/8882/8882 2794/8883/8883
f 2796/8884/8884 2793/8885/8885 2795/8886/8886
f 2799/8887/8887 2797/8888/8888 2798/8889/8889
f 2800/8890/8890 2797/8891/8891 2799/8892/8892
f 2803/8893/8893 2801/8894/8894 2802/8895/8895
f 2804/8896/8896 2801/8897/8897 2803/8898/8898
f 2807/8899/8899 2805/8900/8900 2806/8901/8901
f 2808/8902/8902 2805/8903/8903 2807/8904/8904
f 2811/8905/8905 2809/8906/8906 2810/8907/8907
f 2812/8908/8908 2809/8909/8909 2811/8910/8910
f 2815/8911/8911 2813/8912/8912 2814/8913/8913
f 2816/8914/8914 2813/8915/8915 2815/8916/8916
f 2819/8917/8917 2817/8918/8918 2818/8919/8919
f 2820/8920/8920 2817/8921/8921 2819/8922/8922
f 2823/8923/8923 2821/8924/8924 2822/8925/8925
f 2826/8926/8926 2824/8927/8927 2825/8928/8928
f 2829/8929/8929 2827/8930/8930 2828/8931/8931
f 2832/8932/8932 2830/8933/8933 2831/8934/8934
f 2835/8935/8935 2833/8936/8936 2834/8937/8937
f 2838/8938/8938 2836/8939/8939 2837/8940/8940
f 2841/8941/8941 2839/8942/8942 2840/8943/8943
f 2842/8944/8944 2839/8945/8945 2841/8946/8946
f 2845/8947/8947 2843/8948/8948 2844/8949/8949
f 2846/8950/8950 2843/8951/8951 2845/8952/8952
f 2849/8953/8953 2847/8954/8954 2848/8955/8955
f 2900/8956/8956 2898/8957/8957 2899/8958/8958
f 3517/8959/8959 3515/8960/8960 3516/8961/8961
f 3518/8962/8962 3515/8963/8963 3517/8964/8964
f 3521/8965/8965 3519/8966/8966 3520/8967/8967
f 3522/8968/8968 3519/8969/8969 3521/8970/8970
f 3525/8971/8971 3523/8972/8972 3524/8973/8973
f 3526/8974/8974 3523/8975/8975 3525/8976/8976
f 3529/8977/8977 3527/8978/8978 3528/8979/8979
f 3530/8980/8980 3527/8981/8981 3529/8982/8982
f 3533/8983/8983 3531/8984/8984 3532/8985/8985
f 3534/8986/8986 3531/8987/8987 3533/8988/8988
f 3537/8989/8989 3535/8990/8990 3536/8991/8991
f 3538/8992/8992 3535/8993/8993 3537/8994/8994
f 3541/8995/8995 3539/8996/8996 3540/8997/8997
f 3542/8998/8998 3539/8999/8999 3541/9000/9000
f 3545/9001/9001 3543/9002/9002 3544/9003/9003
f 3546/9004/9004 3543/9005/9005 3545/9006/9006
f 3549/9007/9007 3547/9008/9008 3548/9009/9009
f 3550/9010/9010 3547/9011/9011 3549/9012/9012
f 3553/9013/9013 3551/9014/9014 3552/9015/9015
f 3554/9016/9016 3551/9017/9017 3553/9018/9018
f 3557/9019/9019 3555/9020/9020 3556/9021/9021
f 3558/9022/9022 3555/9023/9023 3557/9024/9024
f 3561/9025/9025 3559/9026/9026 3560/9027/9027
f 3562/9028/9028 3559/9029/9029 3561/9030/9030
f 3565/9031/9031 3563/9032/9032 3564/9033/9033
f 3566/9034/9034 3563/9035/9035 3565/9036/9036
f 3569/9037/9037 3567/9038/9038 3568/9039/9039
f 3570/9040/9040 3567/9041/9041 3569/9042/9042
f 3573/9043/9043 3571/9044/9044 3572/9045/9045
f 3574/9046/9046 3571/9047/9047 3573/9048/9048
f 3577/9049/9049 3575/9050/9050 3576/9051/9051
f 3578/9052/9052 3575/9053/9053 3577/9054/9054
f 3581/9055/9055 3579/9056/9056 3580/9057/9057
f 3582/9058/9058 3579/9059/9059 3581/9060/9060
f 3585/9061/9061 3583/9062/9062 3584/9063/9063
f 3586/9064/9064 3583/9065/9065 3585/9066/9066
f 3589/9067/9067 3587/9068/9068 3588/9069/9069
f 3590/9070/9070 3587/9071/9071 3589/9072/9072
f 3593/9073/9073 3591/9074/9074 3592/9075/9075
f 3594/9076/9076 3591/9077/9077 3593/9078/9078
f 3597/9079/9079 3595/9080/9080 3596/9081/9081
f 3598/9082/9082 3595/9083/9083 3597/9084/9084
f 3601/9085/9085 3599/9086/9086 3600/9087/9087
f 3602/9088/9088 3599/9089/9089 3601/9090/9090
f 3605/9091/9091 3603/9092/9092 3604/9093/9093
f 3608/9094/9094 3606/9095/9095 3607/9096/9096
f 3611/9097/9097 3609/9098/9098 3610/9099/9099
f 3614/9100/9100 3612/9101/9101 3613/9102/9102
f 3617/9103/9103 3615/9104/9104 3616/9105/9105
f 3620/9106/9106 3618/9107/9107 3619/9108/9108
f 3623/9109/9109 3621/9110/9110 3622/9111/9111
f 3624/9112/9112 3621/9113/9113 3623/9114/9114
f 3627/9115/9115 3625/9116/9116 3626/9117/9117
f 3628/9118/9118 3625/9119/9119 3627/9120/9120
f 3631/9121/9121 3629/9122/9122 3630/9123/9123
f 3682/9124/9124 3680/9125/9125 3681/9126/9126
f 4303/9127/9127 4301/9128/9128 4302/9129/9129
f 4304/9130/9130 4301/9131/9131 4303/9132/9132
f 4307/9133/9133 4305/9134/9134 4306/9135/9135
f 4308/9136/9136 4305/9137/9137 4307/9138/9138
f 4311/9139/9139 4309/9140/9140 4310/9141/9141
f 4312/9142/9142 4309/9143/9143 4311/9144/9144
f 4315/9145/9145 4313/9146/9146 4314/9147/9147
f 4316/9148/9148 4313/9149/9149 4315/9150/9150
f 4319/9151/9151 4317/9152/9152 4318/9153/9153
f 4320/9154/9154 4317/9155/9155 4319/9156/9156
f 4323/9157/9157 4321/9158/9158 4322/9159/9159
f 4324/9160/9160 4321/9161/9161 4323/9162/9162
f 4327/9163/9163 4325/9164/9164 4326/9165/9165
f 4328/9166/9166 4325/9167/9167 4327/9168/9168
f 4331/9169/9169 4329/9170/9170 4330/9171/9171
f 4332/9172/9172 4329/9173/9173 4331/9174/9174
f 4335/9175/9175 4333/9176/9176 4334/9177/9177
f 4336/9178/9178 4333/9179/9179 4335/9180/9180
f 4339/9181/9181 4337/9182/9182 4338/9183/9183
f 4340/9184/9184 4337/9185/9185 4339/9186/9186
f 4343/9187/9187 4341/9188/9188 4342/9189/9189
f 4344/9190/9190 4341/9191/9191 4343/9192/9192
f 4347/9193/9193 4345/9194/9194 4346/9195/9195
f 4348/9196/9196 4345/9197/9197 4347/9198/9198
f 4351/9199/9199 4349/9200/9200 4350/9201/9201
f 4352/9202/9202 4349/9203/9203 4351/9204/9204
f 4355/9205/9205 4353/9206/9206 4354/9207/9207
f 4356/9208/9208 4353/9209/9209 4355/9210/9210
f 4359/9211/9211 4357/9212/9212 4358/9213/9213
f 4360/9214/9214 4357/9215/9215 4359/9216/9216
f 4363/9217/9217 4361/9218/9218 4362/9219/9219
f 4364/9220/9220 4361/9221/9221 4363/9222/9222
f 4367/9223/9223 4365/9224/9224 4366/9225/9225
f 4368/9226/9226 4365/9227/9227 4367/9228/9228
f 4371/9229/9229 4369/9230/9230 4370/9231/9231
f 4372/9232/9232 4369/9233/9233 4371/9234/9234
f 4375/9235/9235 4373/9236/9236 4374/9237/9237
f 4376/9238/9238 4373/9239/9239 4375/9240/9240
f 4379/9241/9241 4377/9242/9242 4378/9243/9243
f 4380/9244/9244 4377/9245/9245 4379/9246/9246
f 4383/9247/9247 4381/9248/9248 4382/9249/9249
f 4384/9250/9250 4381/9251/9251 4383/9252/9252
f 4387/9253/9253 4385/9254/9254 4386/9255/9255
f 4388/9256/9256 4385/9257/9257 4387/9258/9258
f 4391/9259/9259 4389/9260/9260 4390/9261/9261
f 4394/9262/9262 4392/9263/9263 4393/9264/9264
f 4397/9265/9265 4395/9266/9266 4396/9267/9267
f 4400/9268/9268 4398/9269/9269 4399/9270/9270
f 4403/9271/9271 4401/9272/9272 4402/9273/9273
f 4406/9274/9274 4404/9275/9275 4405/9276/9276
f 4409/9277/9277 4407/9278/9278 4408/9279/9279
f 4410/9280/9280 4407/9281/9281 4409/9282/9282
f 4413/9283/9283 4411/9284/9284 4412/9285/9285
f 4414/9286/9286 4411/9287/9287 4413/9288/9288
f 4417/9289/9289 4415/9290/9290 4416/9291/9291
f 4468/9292/9292 4466/9293/9293 4467/9294/9294
f 5089/9295/9295 5087/9296/9296 5088/9297/9297
f 5090/9298/9298 5087/9299/9299 5089/9300/9300
f 5093/9301/9301 5091/9302/9302 5092/9303/9303
f 5094/9304/9304 5091/9305/9305 5093/9306/9306
f 5097/9307/9307 5095/9308/9308 5096/9309/9309
f 5098/9310/9310 5095/9311/9311 5097/9312/9312
f 5101/9313/9313 5099/9314/9314 5100/9315/9315
f 5102/9316/9316 5099/9317/9317 5101/9318/9318
f 5105/9319/9319 5103/9320/9320 5104/9321/9321
f 5106/9322/9322 5103/9323/9323 5105/9324/9324
f 5109/9325/9325 5107/9326/9326 5108/9327/9327
f 5110/9328/9328 5107/9329/9329 5109/9330/9330
f 5113/9331/9331 5111/9332/9332 5112/9333/9333
f 5114/9334/9334 5111/9335/9335 5113/9336/9336
f 5117/9337/9337 5115/9338/9338 5116/9339/9339
f 5118/9340/9340 5115/9341/9341 5117/9342/9342
f 5121/9343/9343 5119/9344/9344 5120/9345/9345
f 5122/9346/9346 5119/9347/9347 5121/9348/9348
f 5125/9349/9349 5123/9350/9350 5124/9351/9351
f 5126/9352/9352 5123/9353/9353 5125/9354/9354
f 5129/9355/9355 5127/9356/9356 5128/9357/9357
f 5130/9358/9358 5127/9359/9359 5129/9360/9360
f 5133/9361/9361 5131/9362/9362 5132/9363/9363
f 5134/9364/9364 5131/9365/9365 5133/9366/9366
f 5137/9367/9367 5135/9368/9368 5136/9369/9369
f 5138/9370/9370 5135/9371/9371 5137/9372/9372
f 5141/9373/9373 5139/9374/9374 5140/9375/9375
f 5142/9376/9376 5139/9377/9377 5141/9378/9378
f 5145/9379/9379 5143/9380/9380 5144/9381/9381
f 5146/9382/9382 5143/9383/9383 5145/9384/9384
f 5149/9385/9385 5147/9386/9386 5148/9387/9387
f 5150/9388/9388 5147/9389/9389 5149/9390/9390
f 5153/9391/9391 5151/9392/9392 5152/9393/9393
f 5154/9394/9394 5151/9395/9395 5153/9396/9396
f 5157/9397/9397 5155/9398/9398 5156/9399/9399
f 5158/9400/9400 5155/9401/9401 5157/9402/9402
f 5161/9403/9403 5159/9404/9404 5160/9405/9405
f 5162/9406/9406 5159/9407/9407 5161/9408/9408
f 5165/9409/9409 5163/9410/9410 5164/9411/9411
f 5166/9412/9412 5163/9413/9413 5165/9414/9414
f 5169/9415/9415 5167/9416/9416 5168/9417/9417
f 5170/9418/9418 5167/9419/9419 5169/9420/9420
f 5173/9421/9421 5171/9422/9422 5172/9423/9423
f 5174/9424/9424 5171/9425/9425 5173/9426/9426
f 5177/9427/9427 5175/9428/9428 5176/9429/9429
f 5180/9430/9430 5178/9431/9431 5179/9432/9432
f 5183/9433/9433 5181/9434/9434 5182/9435/9435
f 5186/9436/9436 5184/9437/9437 5185/9438/9438
f 5189/9439/9439 5187/9440/9440 5188/9441/9441
f 5192/9442/9442 5190/9443/9443 5191/9444/9444
f 5195/9445/9445 5193/9446/9446 5194/9447/9447
f 5196/9448/9448 5193/9449/9449 5195/9450/9450
f 5199/9451/9451 5197/9452/9452 5198/9453/9453
f 5200/9454/9454 5197/9455/9455 5199/9456/9456
f 5203/9457/9457 5201/9458/9458 5202/9459/9459
f 5254/9460/9460 5252/9461/9461 5253/9462/9462
f 5875/9463/9463 5873/9464/9464 5874/9465/9465
f 5876/9466/9466 5873/9467/9467 5875/9468/9468
f 5879/9469/9469 5877/9470/9470 5878/9471/9471
f 5880/9472/9472 5877/9473/9473 5879/9474/9474
f 5883/9475/9475 5881/9476/9476 5882/9477/9477
f 5884/9478/9478 5881/9479/9479 5883/9480/9480
f 5887/9481/9481 5885/9482/9482 5886/9483/9483
f 5888/9484/9484 5885/9485/9485 5887/9486/9486
f 5891/9487/9487 5889/9488/9488 5890/9489/9489
f 5892/9490/9490 5889/9491/9491 5891/9492/9492
f 5895/9493/9493 5893/9494/9494 5894/9495/9495
f 5896/9496/9496 5893/9497/9497 5895/9498/9498
f 5899/9499/9499 5897/9500/9500 5898/9501/9501
f 5900/9502/9502 5897/9503/9503 5899/9504/9504
f 5903/9505/9505 5901/9506/9506 5902/9507/9507
f 5904/9508/9508 5901/9509/9509 5903/9510/9510
f 5907/9511/9511 5905/9512/9512 5906/9513/9513
f 5908/9514/9514 5905/9515/9515 5907/9516/9516
f 5911/9517/9517 5909/9518/9518 5910/9519/9519
f 5912/9520/9520 5909/9521/9521 5911/9522/9522
f 5915/9523/9523 5913/9524/9524 5914/9525/9525
f 5916/9526/9526 5913/9527/9527 5915/9528/9528
f 5919/9529/9529 5917/9530/9530 5918/9531/9531
f 5920/9532/9532 5917/9533/9533 5919/9534/9534
f 5923/9535/9535 5921/9536/9536 5922/9537/9537
f 5924/9538/9538 5921/9539/9539 5923/9540/9540
f 5927/9541/9541 5925/9542/9542 5926/9543/9543
f 5928/9544/9544 5925/9545/9545 5927/9546/9546
f 5931/9547/9547 5929/9548/9548 5930/9549/9549
f 5932/9550/9550 5929/9551/9551 5931/9552/9552
f 5935/9553/9553 5933/9554/9554 5934/9555/9555
f 5936/9556/9556 5933/9557/9557 5935/9558/9558
f 5939/9559/9559 5937/9560/9560 5938/9561/9561
f 5940/9562/9562 5937/9563/9563 5939/9564/9564
f 5943/9565/9565 5941/9566/9566 5942/9567/9567
f 5944/9568/9568 5941/9569/9569 5943/9570/9570
f 5947/9571/9571 5945/9572/9572 5946/9573/9573
f 5948/9574/9574 5945/9575/9575 5947/9576/9576
f 5951/9577/9577 5949/9578/9578 5950/9579/9579
f 5952/9580/9580 5949/9581/9581 5951/9582/9582
f 5955/9583/9583 5953/9584/9584 5954/9585/9585
f 5956/9586/9586 5953/9587/9587 5955/9588/9588
f 5959/9589/9589 5957/9590/9590 5958/9591/9591
f 5960/9592/9592 5957/9593/9593 5959/9594/9594
f 5963/9595/9595 5961/9596/9596 5962/9597/9597
f 5966/9598/9598 5964/9599/9599 5965/9600/9600
f 5969/9601/9601 5967/9602/9602 5968/9603/9603
f 5972/9604/9604 5970/9605/9605 5971/9606/9606
f 5975/9607/9607 5973/9608/9608 5974/9609/9609
f 5978/9610/9610 5976/9611/9611 5977/9612/9612
f 5981/9613/9613 5979/9614/9614 5980/9615/9615
f 5982/9616/9616 5979/9617/9617 5981/9618/9618
f 5985/9619/9619 5983/9620/9620 5984/9621/9621
f 5986/9622/9622 5983/9623/9623 5985/9624/9624
f 5989/9625/9625 5987/9626/9626 5988/9627/9627
f 6040/9628/9628 6038/9629/9629 6039/9630/9630
f 6661/9631/9631 6659/9632/9632 6660/9633/9633
f 6662/9634/9634 6659/9635/9635 6661/9636/9636
f 6665/9637/9637 6663/9638/9638 6664/9639/9639
f 6666/9640/9640 6663/9641/9641 6665/9642/9642
f 6669/9643/9643 6667/9644/9644 6668/9645/9645
f 6670/9646/9646 6667/9647/9647 6669/9648/9648
f 6673/9649/9649 6671/9650/9650 6672/9651/9651
f 6674/9652/9652 6671/9653/9653 6673/9654/9654
f 6677/9655/9655 6675/9656/9656 6676/9657/9657
f 6678/9658/9658 6675/9659/9659 6677/9660/9660
f 6681/9661/9661 6679/9662/9662 6680/9663/9663
f 6682/9664/9664 6679/9665/9665 6681/9666/9666
f 6685/9667/9667 6683/9668/9668 6684/9669/9669
f 6686/9670/9670 6683/9671/9671 6685/9672/9672
f 6689/9673/9673 6687/9674/9674 6688/9675/9675
f 6690/9676/9676 6687/9677/9677 6689/9678/9678
f 6693/9679/9679 6691/9680/9680 6692/9681/9681
f 6694/9682/9682 6691/9683/9683 6693/9684/9684
f 6697/9685/9685 6695/9686/9686 6696/9687/9687
f 6698/9688/9688 6695/9689/9689 6697/9690/9690
f 6701/9691/9691 6699/9692/9692 6700/9693/9693
f 6702/9694/9694 6699/9695/9695 6701/9696/9696
f 6705/9697/9697 6703/9698/9698 6704/9699/9699
f 6706/9700/9700 6703/9701/9701 6705/9702/9702
f 6709/9703/9703 6707/9704/9704 6708/9705/9705
f 6710/9706/9706 6707/9707/9707 6709/9708/9708
f 6713/9709/9709 6711/9710/9710 6712/9711/9711
f 6714/9712/9712 6711/9713/9713 6713/9714/9714
f 6717/9715/9715 6715/9716/9716 6716/9717/9717
f 6718/9718/9718 6715/9719/9719 6717/9720/9720
f 6721/9721/9721 6719/9722/9722 6720/9723/9723
f 6722/9724/9724 6719/9725/9725 6721/9726/9726
f 6725/9727/9727 6723/9728/9728 6724/9729/9729
f 6726/9730/9730 6723/9731/9731 6725/9732/9732
f 6729/9733/9733 6727/9734/9734 6728/9735/9735
f 6730/9736/9736 6727/9737/9737 6729/9738/9738
f 6733/9739/9739 6731/9740/9740 6732/9741/9741
f 6734/9742/9742 6731/9743/9743 6733/9744/9744
f 6737/9745/9745 6735/9746/9746 6736/9747/9747
f 6738/9748/9748 6735/9749/9749 6737/9750/9750
f 6741/9751/9751 6739/9752/9752 6740/9753/9753
f 6742/9754/9754 6739/9755/9755 6741/9756/9756
f 6745/9757/9757 6743/9758/9758 6744/9759/9759
f 6746/9760/9760 6743/9761/9761 6745/9762/9762
f 6749/9763/9763 6747/9764/9764 6748/9765/9765
f 6752/9766/9766 6750/9767/9767 6751/9768/9768
f 6755/9769/9769 6753/9770/9770 6754/9771/9771
f 6758/9772/9772 6756/9773/9773 6757/9774/9774
f 6761/9775/9775 6759/9776/9776 6760/9777/9777
f 6764/9778/9778 6762/9779/9779 6763/9780/9780
f 6767/9781/9781 6765/9782/9782 6766/9783/9783
f 6768/9784/9784 6765/9785/9785 6767/9786/9786
f 6771/9787/9787 6769/9788/9788 6770/9789/9789
f 6772/9790/9790 6769/9791/9791 6771/9792/9792
f 6775/9793/9793 6773/9794/9794 6774/9795/9795
f 6826/9796/9796 6824/9797/9797 6825/9798/9798

