# Converted from B3D for Luanti (With Correct Normals)
# Object Name: multidecor_plastic_desk_lamp

v 0.195707 -1.250000 0.195707
v 0.195707 -1.250000 -0.195707
v 0.276771 -1.250000 0.000000
v 0.203826 -0.250109 0.000000
v 0.144127 -0.313620 0.144127
v 0.203826 -0.313620 0.000000
v 0.144127 -0.250109 0.144127
v 0.144127 -0.313620 0.144127
v 0.203826 -0.250109 0.000000
v -0.144127 -0.313620 -0.144127
v -0.424380 -0.379711 -0.000000
v -0.203826 -0.313620 -0.000000
v -0.300082 -0.379711 -0.300082
v -0.424380 -0.379711 -0.000000
v -0.144127 -0.313620 -0.144127
v -0.077357 -0.152420 -0.077357
v 0.000000 -0.250109 -0.203826
v -0.144127 -0.250109 -0.144127
v 0.000000 -0.152420 -0.109399
v 0.000000 -0.250109 -0.203826
v -0.077357 -0.152420 -0.077357
v 0.000000 -0.250109 -0.203826
v 0.144127 -0.313620 -0.144127
v 0.000000 -0.313620 -0.203826
v 0.144127 -0.250109 -0.144127
v 0.144127 -0.313620 -0.144127
v 0.000000 -0.250109 -0.203826
v -0.203826 -0.250109 -0.000000
v -0.144127 -0.313620 -0.144127
v -0.203826 -0.313620 -0.000000
v -0.144127 -0.250109 -0.144127
v -0.144127 -0.313620 -0.144127
v -0.203826 -0.250109 -0.000000
v 0.000000 -0.250109 0.203826
v -0.144127 -0.313620 0.144127
v 0.000000 -0.313620 0.203826
v -0.144127 -0.250109 0.144127
v -0.144127 -0.313620 0.144127
v 0.000000 -0.250109 0.203826
v 0.144127 -0.250109 0.144127
v 0.000000 -0.313620 0.203826
v 0.144127 -0.313620 0.144127
v 0.000000 -0.250109 0.203826
v 0.000000 -0.313620 0.203826
v 0.144127 -0.250109 0.144127
v 0.144127 -0.250109 -0.144127
v 0.203826 -0.313620 0.000000
v 0.144127 -0.313620 -0.144127
v 0.203826 -0.250109 0.000000
v 0.203826 -0.313620 0.000000
v 0.144127 -0.250109 -0.144127
v -0.144127 -0.250109 -0.144127
v 0.000000 -0.313620 -0.203826
v -0.144127 -0.313620 -0.144127
v 0.000000 -0.250109 -0.203826
v 0.000000 -0.313620 -0.203826
v -0.144127 -0.250109 -0.144127
v -0.144127 -0.250109 0.144127
v -0.203826 -0.313620 -0.000000
v -0.144127 -0.313620 0.144127
v -0.203826 -0.250109 -0.000000
v -0.203826 -0.313620 -0.000000
v -0.144127 -0.250109 0.144127
v 0.033494 -0.045373 0.033494
v 0.000000 -0.152420 0.109399
v 0.077357 -0.152420 0.077357
v 0.000000 -0.045373 0.047368
v 0.000000 -0.152420 0.109399
v 0.033494 -0.045373 0.033494
v -0.077357 -0.152420 0.077357
v -0.203826 -0.250109 -0.000000
v -0.144127 -0.250109 0.144127
v -0.109399 -0.152420 -0.000000
v -0.203826 -0.250109 -0.000000
v -0.077357 -0.152420 0.077357
v 0.109399 -0.152420 0.000000
v 0.144127 -0.250109 0.144127
v 0.203826 -0.250109 0.000000
v 0.077357 -0.152420 0.077357
v 0.144127 -0.250109 0.144127
v 0.109399 -0.152420 0.000000
v 0.000000 -0.152420 -0.109399
v 0.144127 -0.250109 -0.144127
v 0.000000 -0.250109 -0.203826
v 0.077357 -0.152420 -0.077357
v 0.144127 -0.250109 -0.144127
v 0.000000 -0.152420 -0.109399
v -0.109399 -0.152420 -0.000000
v -0.144127 -0.250109 -0.144127
v -0.203826 -0.250109 -0.000000
v -0.077357 -0.152420 -0.077357
v -0.144127 -0.250109 -0.144127
v -0.109399 -0.152420 -0.000000
v 0.000000 -0.152420 0.109399
v -0.144127 -0.250109 0.144127
v 0.000000 -0.250109 0.203826
v -0.077357 -0.152420 0.077357
v -0.144127 -0.250109 0.144127
v 0.000000 -0.152420 0.109399
v 0.077357 -0.152420 0.077357
v 0.000000 -0.250109 0.203826
v 0.144127 -0.250109 0.144127
v 0.000000 -0.152420 0.109399
v 0.000000 -0.250109 0.203826
v 0.077357 -0.152420 0.077357
v 0.077357 -0.152420 -0.077357
v 0.203826 -0.250109 0.000000
v 0.144127 -0.250109 -0.144127
v 0.109399 -0.152420 0.000000
v 0.203826 -0.250109 0.000000
v 0.077357 -0.152420 -0.077357
v 0.000000 0.097219 -0.047368
v 0.033494 -0.045373 -0.033494
v 0.000000 -0.045373 -0.047368
v 0.033494 0.097219 -0.033494
v 0.033494 -0.045373 -0.033494
v 0.000000 0.097219 -0.047368
v 0.033494 -0.045373 -0.033494
v 0.109399 -0.152420 0.000000
v 0.077357 -0.152420 -0.077357
v 0.047368 -0.045373 0.000000
v 0.109399 -0.152420 0.000000
v 0.033494 -0.045373 -0.033494
v -0.033494 -0.045373 -0.033494
v 0.000000 -0.152420 -0.109399
v -0.077357 -0.152420 -0.077357
v 0.000000 -0.045373 -0.047368
v 0.000000 -0.152420 -0.109399
v -0.033494 -0.045373 -0.033494
v -0.033494 -0.045373 0.033494
v -0.109399 -0.152420 -0.000000
v -0.077357 -0.152420 0.077357
v -0.047368 -0.045373 -0.000000
v -0.109399 -0.152420 -0.000000
v -0.033494 -0.045373 0.033494
v 0.047368 -0.045373 0.000000
v 0.077357 -0.152420 0.077357
v 0.109399 -0.152420 0.000000
v 0.033494 -0.045373 0.033494
v 0.077357 -0.152420 0.077357
v 0.047368 -0.045373 0.000000
v 0.000000 -0.045373 -0.047368
v 0.077357 -0.152420 -0.077357
v 0.000000 -0.152420 -0.109399
v 0.033494 -0.045373 -0.033494
v 0.077357 -0.152420 -0.077357
v 0.000000 -0.045373 -0.047368
v -0.047368 -0.045373 -0.000000
v -0.077357 -0.152420 -0.077357
v -0.109399 -0.152420 -0.000000
v -0.033494 -0.045373 -0.033494
v -0.077357 -0.152420 -0.077357
v -0.047368 -0.045373 -0.000000
v 0.000000 -0.045373 0.047368
v -0.077357 -0.152420 0.077357
v 0.000000 -0.152420 0.109399
v -0.033494 -0.045373 0.033494
v -0.077357 -0.152420 0.077357
v 0.000000 -0.045373 0.047368
v -0.047368 0.097219 -0.000000
v -0.033494 -0.045373 -0.033494
v -0.047368 -0.045373 -0.000000
v -0.033494 0.097219 -0.033494
v -0.033494 -0.045373 -0.033494
v -0.047368 0.097219 -0.000000
v 0.000000 0.097219 0.047368
v -0.033494 -0.045373 0.033494
v 0.000000 -0.045373 0.047368
v -0.033494 0.097219 0.033494
v -0.033494 -0.045373 0.033494
v 0.000000 0.097219 0.047368
v 0.033494 0.097219 0.033494
v 0.000000 -0.045373 0.047368
v 0.033494 -0.045373 0.033494
v 0.000000 0.097219 0.047368
v 0.000000 -0.045373 0.047368
v 0.033494 0.097219 0.033494
v 0.033494 0.097219 -0.033494
v 0.047368 -0.045373 0.000000
v 0.033494 -0.045373 -0.033494
v 0.047368 0.097219 0.000000
v 0.047368 -0.045373 0.000000
v 0.033494 0.097219 -0.033494
v -0.033494 0.097219 -0.033494
v 0.000000 -0.045373 -0.047368
v -0.033494 -0.045373 -0.033494
v 0.000000 0.097219 -0.047368
v 0.000000 -0.045373 -0.047368
v -0.033494 0.097219 -0.033494
v -0.033494 0.097219 0.033494
v -0.047368 -0.045373 -0.000000
v -0.033494 -0.045373 0.033494
v -0.047368 0.097219 -0.000000
v -0.047368 -0.045373 -0.000000
v -0.033494 0.097219 0.033494
v 0.047368 0.097219 0.000000
v 0.033494 -0.045373 0.033494
v 0.047368 -0.045373 0.000000
v 0.033494 0.097219 0.033494
v 0.033494 -0.045373 0.033494
v 0.047368 0.097219 0.000000
v 0.047368 0.356183 0.000000
v 0.033494 0.203380 0.033494
v 0.047368 0.203380 0.000000
v 0.033494 0.356183 0.033494
v 0.033494 0.203380 0.033494
v 0.047368 0.356183 0.000000
v 0.000000 0.356183 -0.047368
v 0.033494 0.203380 -0.033494
v 0.000000 0.203380 -0.047368
v 0.033494 0.356183 -0.033494
v 0.033494 0.203380 -0.033494
v 0.000000 0.356183 -0.047368
v -0.047368 0.356183 -0.000000
v -0.033494 0.203380 -0.033494
v -0.047368 0.203380 -0.000000
v -0.033494 0.356183 -0.033494
v -0.033494 0.203380 -0.033494
v -0.047368 0.356183 -0.000000
v 0.000000 0.356183 0.047368
v -0.033494 0.203380 0.033494
v 0.000000 0.203380 0.047368
v -0.033494 0.356183 0.033494
v -0.033494 0.203380 0.033494
v 0.000000 0.356183 0.047368
v 0.033494 0.356183 0.033494
v 0.000000 0.203380 0.047368
v 0.033494 0.203380 0.033494
v 0.000000 0.356183 0.047368
v 0.000000 0.203380 0.047368
v 0.033494 0.356183 0.033494
v 0.033494 0.356183 -0.033494
v 0.047368 0.203380 0.000000
v 0.033494 0.203380 -0.033494
v 0.047368 0.356183 0.000000
v 0.047368 0.203380 0.000000
v 0.033494 0.356183 -0.033494
v -0.033494 0.356183 -0.033494
v 0.000000 0.203380 -0.047368
v -0.033494 0.203380 -0.033494
v 0.000000 0.356183 -0.047368
v 0.000000 0.203380 -0.047368
v -0.033494 0.356183 -0.033494
v -0.033494 0.356183 0.033494
v -0.047368 0.203380 -0.000000
v -0.033494 0.203380 0.033494
v -0.047368 0.356183 -0.000000
v -0.047368 0.203380 -0.000000
v -0.033494 0.356183 0.033494
v -0.086854 0.356183 0.086854
v -0.047368 0.356183 -0.000000
v -0.033494 0.356183 0.033494
v -0.122830 0.356183 -0.000000
v -0.047368 0.356183 -0.000000
v -0.086854 0.356183 0.086854
v 0.122830 0.356183 0.000000
v 0.033494 0.356183 0.033494
v 0.047368 0.356183 0.000000
v 0.086854 0.356183 0.086854
v 0.033494 0.356183 0.033494
v 0.122830 0.356183 0.000000
v 0.000000 0.356183 -0.122830
v 0.033494 0.356183 -0.033494
v 0.000000 0.356183 -0.047368
v 0.086854 0.356183 -0.086854
v 0.033494 0.356183 -0.033494
v 0.000000 0.356183 -0.122830
v -0.122830 0.356183 -0.000000
v -0.033494 0.356183 -0.033494
v -0.047368 0.356183 -0.000000
v -0.086854 0.356183 -0.086854
v -0.033494 0.356183 -0.033494
v -0.122830 0.356183 -0.000000
v 0.000000 0.356183 0.122830
v -0.033494 0.356183 0.033494
v 0.000000 0.356183 0.047368
v -0.086854 0.356183 0.086854
v -0.033494 0.356183 0.033494
v 0.000000 0.356183 0.122830
v 0.086854 0.356183 0.086854
v 0.000000 0.356183 0.047368
v 0.033494 0.356183 0.033494
v 0.000000 0.356183 0.122830
v 0.000000 0.356183 0.047368
v 0.086854 0.356183 0.086854
v 0.086854 0.356183 -0.086854
v 0.047368 0.356183 0.000000
v 0.033494 0.356183 -0.033494
v 0.122830 0.356183 0.000000
v 0.047368 0.356183 0.000000
v 0.086854 0.356183 -0.086854
v -0.086854 0.356183 -0.086854
v 0.000000 0.356183 -0.047368
v -0.033494 0.356183 -0.033494
v 0.000000 0.356183 -0.122830
v 0.000000 0.356183 -0.047368
v -0.086854 0.356183 -0.086854
v 0.086854 0.400875 0.086854
v 0.000000 0.356183 0.122830
v 0.086854 0.356183 0.086854
v 0.000000 0.400875 0.122830
v 0.000000 0.356183 0.122830
v 0.086854 0.400875 0.086854
v 0.086854 0.400875 -0.086854
v 0.122830 0.356183 0.000000
v 0.086854 0.356183 -0.086854
v 0.122830 0.400875 0.000000
v 0.122830 0.356183 0.000000
v 0.086854 0.400875 -0.086854
v -0.086854 0.400875 -0.086854
v 0.000000 0.356183 -0.122830
v -0.086854 0.356183 -0.086854
v 0.000000 0.400875 -0.122830
v 0.000000 0.356183 -0.122830
v -0.086854 0.400875 -0.086854
v -0.086854 0.400875 0.086854
v -0.122830 0.356183 -0.000000
v -0.086854 0.356183 0.086854
v -0.122830 0.400875 -0.000000
v -0.122830 0.356183 -0.000000
v -0.086854 0.400875 0.086854
v 0.122830 0.400875 0.000000
v 0.086854 0.356183 0.086854
v 0.122830 0.356183 0.000000
v 0.086854 0.400875 0.086854
v 0.086854 0.356183 0.086854
v 0.122830 0.400875 0.000000
v 0.000000 0.400875 -0.122830
v 0.086854 0.356183 -0.086854
v 0.000000 0.356183 -0.122830
v 0.086854 0.400875 -0.086854
v 0.086854 0.356183 -0.086854
v 0.000000 0.400875 -0.122830
v -0.122830 0.400875 -0.000000
v -0.086854 0.356183 -0.086854
v -0.122830 0.356183 -0.000000
v -0.086854 0.400875 -0.086854
v -0.086854 0.356183 -0.086854
v -0.122830 0.400875 -0.000000
v 0.000000 0.400875 0.122830
v -0.086854 0.356183 0.086854
v 0.000000 0.356183 0.122830
v -0.086854 0.400875 0.086854
v -0.086854 0.356183 0.086854
v 0.000000 0.400875 0.122830
v -0.102857 0.400875 -0.000000
v -0.086854 0.400875 -0.086854
v -0.122830 0.400875 -0.000000
v -0.072731 0.400875 -0.072731
v -0.086854 0.400875 -0.086854
v -0.102857 0.400875 -0.000000
v 0.000000 0.400875 0.102857
v -0.086854 0.400875 0.086854
v 0.000000 0.400875 0.122830
v -0.072731 0.400875 0.072731
v -0.086854 0.400875 0.086854
v 0.000000 0.400875 0.102857
v 0.072731 0.400875 0.072731
v 0.000000 0.400875 0.122830
v 0.086854 0.400875 0.086854
v 0.000000 0.400875 0.102857
v 0.000000 0.400875 0.122830
v 0.072731 0.400875 0.072731
v 0.072731 0.400875 -0.072731
v 0.122830 0.400875 0.000000
v 0.086854 0.400875 -0.086854
v 0.102857 0.400875 0.000000
v 0.122830 0.400875 0.000000
v 0.072731 0.400875 -0.072731
v -0.072731 0.400875 -0.072731
v 0.000000 0.400875 -0.122830
v -0.086854 0.400875 -0.086854
v 0.000000 0.400875 -0.102857
v 0.000000 0.400875 -0.122830
v -0.072731 0.400875 -0.072731
v -0.072731 0.400875 0.072731
v -0.122830 0.400875 -0.000000
v -0.086854 0.400875 0.086854
v -0.102857 0.400875 -0.000000
v -0.122830 0.400875 -0.000000
v -0.072731 0.400875 0.072731
v 0.102857 0.400875 0.000000
v 0.086854 0.400875 0.086854
v 0.122830 0.400875 0.000000
v 0.072731 0.400875 0.072731
v 0.086854 0.400875 0.086854
v 0.102857 0.400875 0.000000
v 0.000000 0.400875 -0.102857
v 0.086854 0.400875 -0.086854
v 0.000000 0.400875 -0.122830
v 0.072731 0.400875 -0.072731
v 0.086854 0.400875 -0.086854
v 0.000000 0.400875 -0.102857
v -0.195707 -1.250000 -0.195707
v 0.195707 -1.250000 0.195707
v 0.000000 -1.250000 0.276771
v -0.195707 -1.250000 -0.195707
v 0.000000 -1.250000 0.276771
v -0.195707 -1.250000 0.195707
v -0.195707 -1.250000 -0.195707
v -0.195707 -1.250000 0.195707
v -0.276771 -1.250000 -0.000000
v 0.195707 -1.250000 0.195707
v -0.195707 -1.250000 -0.195707
v 0.000000 -1.250000 -0.276771
v 0.195707 -1.250000 0.195707
v 0.000000 -1.250000 -0.276771
v 0.195707 -1.250000 -0.195707
v -0.203826 -0.313620 -0.000000
v -0.300082 -0.379711 0.300082
v -0.144127 -0.313620 0.144127
v -0.424380 -0.379711 -0.000000
v -0.300082 -0.379711 0.300082
v -0.203826 -0.313620 -0.000000
v -0.144127 -0.313620 0.144127
v -0.000000 -0.379711 0.424380
v 0.000000 -0.313620 0.203826
v -0.300082 -0.379711 0.300082
v -0.000000 -0.379711 0.424380
v -0.144127 -0.313620 0.144127
v 0.000000 -0.313620 0.203826
v 0.300082 -0.379711 0.300082
v 0.144127 -0.313620 0.144127
v -0.000000 -0.379711 0.424380
v 0.300082 -0.379711 0.300082
v 0.000000 -0.313620 0.203826
v 0.144127 -0.313620 0.144127
v 0.424380 -0.379711 0.000000
v 0.203826 -0.313620 0.000000
v 0.300082 -0.379711 0.300082
v 0.424380 -0.379711 0.000000
v 0.144127 -0.313620 0.144127
v 0.203826 -0.313620 0.000000
v 0.300082 -0.379711 -0.300082
v 0.144127 -0.313620 -0.144127
v 0.424380 -0.379711 0.000000
v 0.300082 -0.379711 -0.300082
v 0.203826 -0.313620 0.000000
v 0.144127 -0.313620 -0.144127
v 0.000000 -0.379711 -0.424380
v 0.000000 -0.313620 -0.203826
v 0.300082 -0.379711 -0.300082
v 0.000000 -0.379711 -0.424380
v 0.144127 -0.313620 -0.144127
v 0.000000 -0.313620 -0.203826
v -0.300082 -0.379711 -0.300082
v -0.144127 -0.313620 -0.144127
v 0.000000 -0.379711 -0.424380
v -0.300082 -0.379711 -0.300082
v 0.000000 -0.313620 -0.203826
v 0.000000 -1.013365 -0.465677
v -0.195707 -1.250000 -0.195707
v -0.329283 -1.013365 -0.329283
v 0.000000 -1.250000 -0.276771
v -0.195707 -1.250000 -0.195707
v 0.000000 -1.013365 -0.465677
v 0.000000 -0.748122 -0.577783
v -0.329283 -1.013365 -0.329283
v -0.408554 -0.748122 -0.408554
v 0.000000 -1.013365 -0.465677
v -0.329283 -1.013365 -0.329283
v 0.000000 -0.748122 -0.577783
v 0.000000 -0.503279 -0.555544
v -0.408554 -0.748122 -0.408554
v -0.392829 -0.503279 -0.392829
v 0.000000 -0.748122 -0.577783
v -0.408554 -0.748122 -0.408554
v 0.000000 -0.503279 -0.555544
v 0.000000 -0.379711 -0.424380
v -0.392829 -0.503279 -0.392829
v -0.300082 -0.379711 -0.300082
v 0.000000 -0.503279 -0.555544
v -0.392829 -0.503279 -0.392829
v 0.000000 -0.379711 -0.424380
v 0.329283 -1.013365 -0.329283
v 0.000000 -1.250000 -0.276771
v 0.000000 -1.013365 -0.465677
v 0.195707 -1.250000 -0.195707
v 0.000000 -1.250000 -0.276771
v 0.329283 -1.013365 -0.329283
v 0.408554 -0.748122 -0.408554
v 0.000000 -1.013365 -0.465677
v 0.000000 -0.748122 -0.577783
v 0.329283 -1.013365 -0.329283
v 0.000000 -1.013365 -0.465677
v 0.408554 -0.748122 -0.408554
v 0.392829 -0.503279 -0.392829
v 0.000000 -0.748122 -0.577783
v 0.000000 -0.503279 -0.555544
v 0.408554 -0.748122 -0.408554
v 0.000000 -0.748122 -0.577783
v 0.392829 -0.503279 -0.392829
v 0.300082 -0.379711 -0.300082
v 0.000000 -0.503279 -0.555544
v 0.000000 -0.379711 -0.424380
v 0.392829 -0.503279 -0.392829
v 0.000000 -0.503279 -0.555544
v 0.300082 -0.379711 -0.300082
v 0.465677 -1.013364 0.000000
v 0.195707 -1.250000 -0.195707
v 0.329283 -1.013365 -0.329283
v 0.276771 -1.250000 0.000000
v 0.195707 -1.250000 -0.195707
v 0.465677 -1.013364 0.000000
v 0.577783 -0.748122 0.000000
v 0.329283 -1.013365 -0.329283
v 0.408554 -0.748122 -0.408554
v 0.465677 -1.013364 0.000000
v 0.329283 -1.013365 -0.329283
v 0.577783 -0.748122 0.000000
v 0.555544 -0.503279 0.000000
v 0.408554 -0.748122 -0.408554
v 0.392829 -0.503279 -0.392829
v 0.577783 -0.748122 0.000000
v 0.408554 -0.748122 -0.408554
v 0.555544 -0.503279 0.000000
v 0.424380 -0.379711 0.000000
v 0.392829 -0.503279 -0.392829
v 0.300082 -0.379711 -0.300082
v 0.555544 -0.503279 0.000000
v 0.392829 -0.503279 -0.392829
v 0.424380 -0.379711 0.000000
v 0.329283 -1.013365 0.329283
v 0.276771 -1.250000 0.000000
v 0.465677 -1.013364 0.000000
v 0.195707 -1.250000 0.195707
v 0.276771 -1.250000 0.000000
v 0.329283 -1.013365 0.329283
v 0.408554 -0.748122 0.408554
v 0.465677 -1.013364 0.000000
v 0.577783 -0.748122 0.000000
v 0.329283 -1.013365 0.329283
v 0.465677 -1.013364 0.000000
v 0.408554 -0.748122 0.408554
v 0.392829 -0.503279 0.392829
v 0.577783 -0.748122 0.000000
v 0.555544 -0.503279 0.000000
v 0.408554 -0.748122 0.408554
v 0.577783 -0.748122 0.000000
v 0.392829 -0.503279 0.392829
v 0.300082 -0.379711 0.300082
v 0.555544 -0.503279 0.000000
v 0.424380 -0.379711 0.000000
v 0.392829 -0.503279 0.392829
v 0.555544 -0.503279 0.000000
v 0.300082 -0.379711 0.300082
v 0.000000 -1.013365 0.465677
v 0.195707 -1.250000 0.195707
v 0.329283 -1.013365 0.329283
v 0.000000 -1.250000 0.276771
v 0.195707 -1.250000 0.195707
v 0.000000 -1.013365 0.465677
v -0.000000 -0.748122 0.577783
v 0.329283 -1.013365 0.329283
v 0.408554 -0.748122 0.408554
v 0.000000 -1.013365 0.465677
v 0.329283 -1.013365 0.329283
v -0.000000 -0.748122 0.577783
v -0.000000 -0.503279 0.555544
v 0.408554 -0.748122 0.408554
v 0.392829 -0.503279 0.392829
v -0.000000 -0.748122 0.577783
v 0.408554 -0.748122 0.408554
v -0.000000 -0.503279 0.555544
v -0.000000 -0.379711 0.424380
v 0.392829 -0.503279 0.392829
v 0.300082 -0.379711 0.300082
v -0.000000 -0.503279 0.555544
v 0.392829 -0.503279 0.392829
v -0.000000 -0.379711 0.424380
v -0.329283 -1.013365 0.329283
v 0.000000 -1.250000 0.276771
v 0.000000 -1.013365 0.465677
v -0.195707 -1.250000 0.195707
v 0.000000 -1.250000 0.276771
v -0.329283 -1.013365 0.329283
v -0.408554 -0.748122 0.408554
v 0.000000 -1.013365 0.465677
v -0.000000 -0.748122 0.577783
v -0.329283 -1.013365 0.329283
v 0.000000 -1.013365 0.465677
v -0.408554 -0.748122 0.408554
v -0.392829 -0.503279 0.392829
v -0.000000 -0.748122 0.577783
v -0.000000 -0.503279 0.555544
v -0.408554 -0.748122 0.408554
v -0.000000 -0.748122 0.577783
v -0.392829 -0.503279 0.392829
v -0.300082 -0.379711 0.300082
v -0.000000 -0.503279 0.555544
v -0.000000 -0.379711 0.424380
v -0.392829 -0.503279 0.392829
v -0.000000 -0.503279 0.555544
v -0.300082 -0.379711 0.300082
v -0.465677 -1.013365 -0.000000
v -0.195707 -1.250000 0.195707
v -0.329283 -1.013365 0.329283
v -0.276771 -1.250000 -0.000000
v -0.195707 -1.250000 0.195707
v -0.465677 -1.013365 -0.000000
v -0.577783 -0.748122 -0.000000
v -0.329283 -1.013365 0.329283
v -0.408554 -0.748122 0.408554
v -0.465677 -1.013365 -0.000000
v -0.329283 -1.013365 0.329283
v -0.577783 -0.748122 -0.000000
v -0.555544 -0.503279 -0.000000
v -0.408554 -0.748122 0.408554
v -0.392829 -0.503279 0.392829
v -0.577783 -0.748122 -0.000000
v -0.408554 -0.748122 0.408554
v -0.555544 -0.503279 -0.000000
v -0.424380 -0.379711 -0.000000
v -0.392829 -0.503279 0.392829
v -0.300082 -0.379711 0.300082
v -0.555544 -0.503279 -0.000000
v -0.392829 -0.503279 0.392829
v -0.424380 -0.379711 -0.000000
v -0.329283 -1.013365 -0.329283
v -0.276771 -1.250000 -0.000000
v -0.465677 -1.013365 -0.000000
v -0.195707 -1.250000 -0.195707
v -0.276771 -1.250000 -0.000000
v -0.329283 -1.013365 -0.329283
v -0.408554 -0.748122 -0.408554
v -0.465677 -1.013365 -0.000000
v -0.577783 -0.748122 -0.000000
v -0.329283 -1.013365 -0.329283
v -0.465677 -1.013365 -0.000000
v -0.408554 -0.748122 -0.408554
v -0.392829 -0.503279 -0.392829
v -0.577783 -0.748122 -0.000000
v -0.555544 -0.503279 -0.000000
v -0.408554 -0.748122 -0.408554
v -0.577783 -0.748122 -0.000000
v -0.392829 -0.503279 -0.392829
v -0.300082 -0.379711 -0.300082
v -0.555544 -0.503279 -0.000000
v -0.424380 -0.379711 -0.000000
v -0.392829 -0.503279 -0.392829
v -0.555544 -0.503279 -0.000000
v -0.300082 -0.379711 -0.300082
v 0.083372 0.097219 0.000000
v 0.033494 0.097219 0.033494
v 0.047368 0.097219 0.000000
v 0.058953 0.097219 0.058953
v 0.033494 0.097219 0.033494
v 0.083372 0.097219 0.000000
v 0.058953 0.203380 -0.058953
v 0.083372 0.097219 0.000000
v 0.058953 0.097219 -0.058953
v 0.083372 0.203380 0.000000
v 0.083372 0.097219 0.000000
v 0.058953 0.203380 -0.058953
v 0.000000 0.097219 -0.083372
v 0.033494 0.097219 -0.033494
v 0.000000 0.097219 -0.047368
v 0.058953 0.097219 -0.058953
v 0.033494 0.097219 -0.033494
v 0.000000 0.097219 -0.083372
v -0.083372 0.097219 -0.000000
v -0.033494 0.097219 -0.033494
v -0.047368 0.097219 -0.000000
v -0.058953 0.097219 -0.058953
v -0.033494 0.097219 -0.033494
v -0.083372 0.097219 -0.000000
v 0.000000 0.097219 0.083372
v -0.033494 0.097219 0.033494
v 0.000000 0.097219 0.047368
v -0.058953 0.097219 0.058953
v -0.033494 0.097219 0.033494
v 0.000000 0.097219 0.083372
v 0.058953 0.097219 0.058953
v 0.000000 0.097219 0.047368
v 0.033494 0.097219 0.033494
v 0.000000 0.097219 0.083372
v 0.000000 0.097219 0.047368
v 0.058953 0.097219 0.058953
v 0.058953 0.097219 -0.058953
v 0.047368 0.097219 0.000000
v 0.033494 0.097219 -0.033494
v 0.083372 0.097219 0.000000
v 0.047368 0.097219 0.000000
v 0.058953 0.097219 -0.058953
v -0.058953 0.097219 -0.058953
v 0.000000 0.097219 -0.047368
v -0.033494 0.097219 -0.033494
v 0.000000 0.097219 -0.083372
v 0.000000 0.097219 -0.047368
v -0.058953 0.097219 -0.058953
v -0.058953 0.097219 0.058953
v -0.047368 0.097219 -0.000000
v -0.033494 0.097219 0.033494
v -0.083372 0.097219 -0.000000
v -0.047368 0.097219 -0.000000
v -0.058953 0.097219 0.058953
v 0.000000 0.203380 0.047368
v -0.058953 0.203380 0.058953
v 0.000000 0.203380 0.083372
v -0.033494 0.203380 0.033494
v -0.058953 0.203380 0.058953
v 0.000000 0.203380 0.047368
v -0.058953 0.203380 -0.058953
v 0.000000 0.097219 -0.083372
v -0.058953 0.097219 -0.058953
v 0.000000 0.203380 -0.083372
v 0.000000 0.097219 -0.083372
v -0.058953 0.203380 -0.058953
v -0.058953 0.203380 0.058953
v -0.083372 0.097219 -0.000000
v -0.058953 0.097219 0.058953
v -0.083372 0.203380 -0.000000
v -0.083372 0.097219 -0.000000
v -0.058953 0.203380 0.058953
v 0.083372 0.203380 0.000000
v 0.058953 0.097219 0.058953
v 0.083372 0.097219 0.000000
v 0.058953 0.203380 0.058953
v 0.058953 0.097219 0.058953
v 0.083372 0.203380 0.000000
v 0.000000 0.203380 -0.083372
v 0.058953 0.097219 -0.058953
v 0.000000 0.097219 -0.083372
v 0.058953 0.203380 -0.058953
v 0.058953 0.097219 -0.058953
v 0.000000 0.203380 -0.083372
v -0.083372 0.203380 -0.000000
v -0.058953 0.097219 -0.058953
v -0.083372 0.097219 -0.000000
v -0.058953 0.203380 -0.058953
v -0.058953 0.097219 -0.058953
v -0.083372 0.203380 -0.000000
v 0.000000 0.203380 0.083372
v -0.058953 0.097219 0.058953
v 0.000000 0.097219 0.083372
v -0.058953 0.203380 0.058953
v -0.058953 0.097219 0.058953
v 0.000000 0.203380 0.083372
v 0.058953 0.203380 0.058953
v 0.000000 0.097219 0.083372
v 0.058953 0.097219 0.058953
v 0.000000 0.203380 0.083372
v 0.000000 0.097219 0.083372
v 0.058953 0.203380 0.058953
v 0.033494 0.203380 0.033494
v 0.000000 0.203380 0.083372
v 0.058953 0.203380 0.058953
v 0.000000 0.203380 0.047368
v 0.000000 0.203380 0.083372
v 0.033494 0.203380 0.033494
v 0.033494 0.203380 -0.033494
v 0.083372 0.203380 0.000000
v 0.058953 0.203380 -0.058953
v 0.047368 0.203380 0.000000
v 0.083372 0.203380 0.000000
v 0.033494 0.203380 -0.033494
v -0.033494 0.203380 -0.033494
v 0.000000 0.203380 -0.083372
v -0.058953 0.203380 -0.058953
v 0.000000 0.203380 -0.047368
v 0.000000 0.203380 -0.083372
v -0.033494 0.203380 -0.033494
v -0.033494 0.203380 0.033494
v -0.083372 0.203380 -0.000000
v -0.058953 0.203380 0.058953
v -0.047368 0.203380 -0.000000
v -0.083372 0.203380 -0.000000
v -0.033494 0.203380 0.033494
v 0.047368 0.203380 0.000000
v 0.058953 0.203380 0.058953
v 0.083372 0.203380 0.000000
v 0.033494 0.203380 0.033494
v 0.058953 0.203380 0.058953
v 0.047368 0.203380 0.000000
v 0.000000 0.203380 -0.047368
v 0.058953 0.203380 -0.058953
v 0.000000 0.203380 -0.083372
v 0.033494 0.203380 -0.033494
v 0.058953 0.203380 -0.058953
v 0.000000 0.203380 -0.047368
v -0.047368 0.203380 -0.000000
v -0.058953 0.203380 -0.058953
v -0.083372 0.203380 -0.000000
v -0.033494 0.203380 -0.033494
v -0.058953 0.203380 -0.058953
v -0.047368 0.203380 -0.000000
v 0.102857 0.476174 0.000000
v 0.072731 0.400875 0.072731
v 0.102857 0.400875 0.000000
v 0.072731 0.476174 0.072731
v 0.072731 0.400875 0.072731
v 0.102857 0.476174 0.000000
v 0.000000 0.476174 -0.102857
v 0.072731 0.400875 -0.072731
v 0.000000 0.400875 -0.102857
v 0.072731 0.476174 -0.072731
v 0.072731 0.400875 -0.072731
v 0.000000 0.476174 -0.102857
v -0.102857 0.476174 -0.000000
v -0.072731 0.400875 -0.072731
v -0.102857 0.400875 -0.000000
v -0.072731 0.476174 -0.072731
v -0.072731 0.400875 -0.072731
v -0.102857 0.476174 -0.000000
v 0.000000 0.476174 0.102857
v -0.072731 0.400875 0.072731
v 0.000000 0.400875 0.102857
v -0.072731 0.476174 0.072731
v -0.072731 0.400875 0.072731
v 0.000000 0.476174 0.102857
v 0.072731 0.476174 0.072731
v 0.000000 0.400875 0.102857
v 0.072731 0.400875 0.072731
v 0.000000 0.476174 0.102857
v 0.000000 0.400875 0.102857
v 0.072731 0.476174 0.072731
v 0.072731 0.476174 -0.072731
v 0.102857 0.400875 0.000000
v 0.072731 0.400875 -0.072731
v 0.102857 0.476174 0.000000
v 0.102857 0.400875 0.000000
v 0.072731 0.476174 -0.072731
v -0.072731 0.476174 -0.072731
v 0.000000 0.400875 -0.102857
v -0.072731 0.400875 -0.072731
v 0.000000 0.476174 -0.102857
v 0.000000 0.400875 -0.102857
v -0.072731 0.476174 -0.072731
v -0.072731 0.476174 0.072731
v -0.102857 0.400875 -0.000000
v -0.072731 0.400875 0.072731
v -0.102857 0.476174 -0.000000
v -0.102857 0.400875 -0.000000
v -0.072731 0.476174 0.072731
v -0.055160 0.794567 -0.055160
v 0.000000 0.752137 -0.168116
v -0.118876 0.752137 -0.118876
v 0.000000 0.794567 -0.078007
v 0.000000 0.752137 -0.168116
v -0.055160 0.794567 -0.055160
v -0.055160 0.794567 0.055160
v -0.168116 0.752137 -0.000000
v -0.118876 0.752137 0.118876
v -0.078007 0.794567 -0.000000
v -0.168116 0.752137 -0.000000
v -0.055160 0.794567 0.055160
v 0.078008 0.794567 0.000000
v 0.118876 0.752137 0.118876
v 0.168116 0.752137 0.000000
v 0.055160 0.794567 0.055160
v 0.118876 0.752137 0.118876
v 0.078008 0.794567 0.000000
v 0.000000 0.794567 -0.078007
v 0.118876 0.752137 -0.118876
v 0.000000 0.752137 -0.168116
v 0.055160 0.794567 -0.055160
v 0.118876 0.752137 -0.118876
v 0.000000 0.794567 -0.078007
v -0.078007 0.794567 -0.000000
v -0.118876 0.752137 -0.118876
v -0.168116 0.752137 -0.000000
v -0.055160 0.794567 -0.055160
v -0.118876 0.752137 -0.118876
v -0.078007 0.794567 -0.000000
v 0.000000 0.794567 0.078008
v -0.118876 0.752137 0.118876
v -0.000000 0.752137 0.168116
v -0.055160 0.794567 0.055160
v -0.118876 0.752137 0.118876
v 0.000000 0.794567 0.078008
v 0.055160 0.794567 0.055160
v -0.000000 0.752137 0.168116
v 0.118876 0.752137 0.118876
v 0.000000 0.794567 0.078008
v -0.000000 0.752137 0.168116
v 0.055160 0.794567 0.055160
v 0.055160 0.794567 -0.055160
v 0.168116 0.752137 0.000000
v 0.118876 0.752137 -0.118876
v 0.078008 0.794567 0.000000
v 0.168116 0.752137 0.000000
v 0.055160 0.794567 -0.055160
v 0.117306 0.558179 -0.117306
v 0.102857 0.476174 0.000000
v 0.072731 0.476174 -0.072731
v 0.165895 0.558179 0.000000
v 0.102857 0.476174 0.000000
v 0.117306 0.558179 -0.117306
v 0.141029 0.632392 -0.141029
v 0.165895 0.558179 0.000000
v 0.117306 0.558179 -0.117306
v 0.199445 0.632393 0.000000
v 0.165895 0.558179 0.000000
v 0.141029 0.632392 -0.141029
v 0.141029 0.696852 -0.141029
v 0.199445 0.632393 0.000000
v 0.141029 0.632392 -0.141029
v 0.199445 0.696852 0.000000
v 0.199445 0.632393 0.000000
v 0.141029 0.696852 -0.141029
v 0.118876 0.752137 -0.118876
v 0.199445 0.696852 0.000000
v 0.141029 0.696852 -0.141029
v 0.168116 0.752137 0.000000
v 0.199445 0.696852 0.000000
v 0.118876 0.752137 -0.118876
v 0.117306 0.558179 0.117306
v 0.000000 0.476174 0.102857
v 0.072731 0.476174 0.072731
v -0.000000 0.558179 0.165895
v 0.000000 0.476174 0.102857
v 0.117306 0.558179 0.117306
v 0.141029 0.632392 0.141029
v -0.000000 0.558179 0.165895
v 0.117306 0.558179 0.117306
v -0.000000 0.632393 0.199445
v -0.000000 0.558179 0.165895
v 0.141029 0.632392 0.141029
v 0.141029 0.696852 0.141029
v -0.000000 0.632393 0.199445
v 0.141029 0.632392 0.141029
v -0.000000 0.696852 0.199445
v -0.000000 0.632393 0.199445
v 0.141029 0.696852 0.141029
v 0.118876 0.752137 0.118876
v -0.000000 0.696852 0.199445
v 0.141029 0.696852 0.141029
v -0.000000 0.752137 0.168116
v -0.000000 0.696852 0.199445
v 0.118876 0.752137 0.118876
v -0.000000 0.558179 0.165895
v -0.072731 0.476174 0.072731
v 0.000000 0.476174 0.102857
v -0.117306 0.558179 0.117306
v -0.072731 0.476174 0.072731
v -0.000000 0.558179 0.165895
v -0.000000 0.632393 0.199445
v -0.117306 0.558179 0.117306
v -0.000000 0.558179 0.165895
v -0.141029 0.632393 0.141029
v -0.117306 0.558179 0.117306
v -0.000000 0.632393 0.199445
v -0.000000 0.696852 0.199445
v -0.141029 0.632393 0.141029
v -0.000000 0.632393 0.199445
v -0.141029 0.696852 0.141029
v -0.141029 0.632393 0.141029
v -0.000000 0.696852 0.199445
v -0.000000 0.752137 0.168116
v -0.141029 0.696852 0.141029
v -0.000000 0.696852 0.199445
v -0.118876 0.752137 0.118876
v -0.141029 0.696852 0.141029
v -0.000000 0.752137 0.168116
v -0.165895 0.558179 -0.000000
v -0.072731 0.476174 -0.072731
v -0.102857 0.476174 -0.000000
v -0.117306 0.558179 -0.117306
v -0.072731 0.476174 -0.072731
v -0.165895 0.558179 -0.000000
v -0.199445 0.632392 -0.000000
v -0.117306 0.558179 -0.117306
v -0.165895 0.558179 -0.000000
v -0.141029 0.632393 -0.141029
v -0.117306 0.558179 -0.117306
v -0.199445 0.632392 -0.000000
v -0.199445 0.696852 -0.000000
v -0.141029 0.632393 -0.141029
v -0.199445 0.632392 -0.000000
v -0.141029 0.696852 -0.141029
v -0.141029 0.632393 -0.141029
v -0.199445 0.696852 -0.000000
v -0.168116 0.752137 -0.000000
v -0.141029 0.696852 -0.141029
v -0.199445 0.696852 -0.000000
v -0.118876 0.752137 -0.118876
v -0.141029 0.696852 -0.141029
v -0.168116 0.752137 -0.000000
v 0.000000 0.558179 -0.165895
v 0.072731 0.476174 -0.072731
v 0.000000 0.476174 -0.102857
v 0.117306 0.558179 -0.117306
v 0.072731 0.476174 -0.072731
v 0.000000 0.558179 -0.165895
v 0.000000 0.632392 -0.199445
v 0.117306 0.558179 -0.117306
v 0.000000 0.558179 -0.165895
v 0.141029 0.632392 -0.141029
v 0.117306 0.558179 -0.117306
v 0.000000 0.632392 -0.199445
v 0.000000 0.696852 -0.199445
v 0.141029 0.632392 -0.141029
v 0.000000 0.632392 -0.199445
v 0.141029 0.696852 -0.141029
v 0.141029 0.632392 -0.141029
v 0.000000 0.696852 -0.199445
v 0.000000 0.752137 -0.168116
v 0.141029 0.696852 -0.141029
v 0.000000 0.696852 -0.199445
v 0.118876 0.752137 -0.118876
v 0.141029 0.696852 -0.141029
v 0.000000 0.752137 -0.168116
v 0.165895 0.558179 0.000000
v 0.072731 0.476174 0.072731
v 0.102857 0.476174 0.000000
v 0.117306 0.558179 0.117306
v 0.072731 0.476174 0.072731
v 0.165895 0.558179 0.000000
v 0.199445 0.632393 0.000000
v 0.117306 0.558179 0.117306
v 0.165895 0.558179 0.000000
v 0.141029 0.632392 0.141029
v 0.117306 0.558179 0.117306
v 0.199445 0.632393 0.000000
v 0.199445 0.696852 0.000000
v 0.141029 0.632392 0.141029
v 0.199445 0.632393 0.000000
v 0.141029 0.696852 0.141029
v 0.141029 0.632392 0.141029
v 0.199445 0.696852 0.000000
v 0.168116 0.752137 0.000000
v 0.141029 0.696852 0.141029
v 0.199445 0.696852 0.000000
v 0.118876 0.752137 0.118876
v 0.141029 0.696852 0.141029
v 0.168116 0.752137 0.000000
v -0.117306 0.558179 0.117306
v -0.102857 0.476174 -0.000000
v -0.072731 0.476174 0.072731
v -0.165895 0.558179 -0.000000
v -0.102857 0.476174 -0.000000
v -0.117306 0.558179 0.117306
v -0.141029 0.632393 0.141029
v -0.165895 0.558179 -0.000000
v -0.117306 0.558179 0.117306
v -0.199445 0.632392 -0.000000
v -0.165895 0.558179 -0.000000
v -0.141029 0.632393 0.141029
v -0.141029 0.696852 0.141029
v -0.199445 0.632392 -0.000000
v -0.141029 0.632393 0.141029
v -0.199445 0.696852 -0.000000
v -0.199445 0.632392 -0.000000
v -0.141029 0.696852 0.141029
v -0.118876 0.752137 0.118876
v -0.199445 0.696852 -0.000000
v -0.141029 0.696852 0.141029
v -0.168116 0.752137 -0.000000
v -0.199445 0.696852 -0.000000
v -0.118876 0.752137 0.118876
v -0.117306 0.558179 -0.117306
v 0.000000 0.476174 -0.102857
v -0.072731 0.476174 -0.072731
v 0.000000 0.558179 -0.165895
v 0.000000 0.476174 -0.102857
v -0.117306 0.558179 -0.117306
v -0.141029 0.632393 -0.141029
v 0.000000 0.558179 -0.165895
v -0.117306 0.558179 -0.117306
v 0.000000 0.632392 -0.199445
v 0.000000 0.558179 -0.165895
v -0.141029 0.632393 -0.141029
v -0.141029 0.696852 -0.141029
v 0.000000 0.632392 -0.199445
v -0.141029 0.632393 -0.141029
v 0.000000 0.696852 -0.199445
v 0.000000 0.632392 -0.199445
v -0.141029 0.696852 -0.141029
v -0.118876 0.752137 -0.118876
v 0.000000 0.696852 -0.199445
v -0.141029 0.696852 -0.141029
v 0.000000 0.752137 -0.168116
v 0.000000 0.696852 -0.199445
v -0.118876 0.752137 -0.118876
v -0.078007 0.794567 -0.000000
v 0.055160 0.794567 -0.055160
v 0.000000 0.794567 -0.078007
v -0.032837 0.203380 -0.058953
v -0.638038 0.170915 -0.664153
v -0.638038 0.203380 -0.664153
v -0.032837 0.170915 -0.058953
v -0.638038 0.170915 -0.664153
v -0.032837 0.203380 -0.058953
v -0.058953 0.203380 0.032837
v -0.664153 0.170915 0.638038
v -0.664153 0.203380 0.638038
v -0.058953 0.170915 0.032837
v -0.664153 0.170915 0.638038
v -0.058953 0.203380 0.032837
v -0.664153 0.203380 -0.638038
v -0.058953 0.170915 -0.032837
v -0.058953 0.203380 -0.032837
v -0.664153 0.170915 -0.638038
v -0.058953 0.170915 -0.032837
v -0.664153 0.203380 -0.638038
v -0.664153 0.170915 -0.638038
v -0.032837 0.170915 -0.058953
v -0.058953 0.170915 -0.032837
v -0.638038 0.170915 -0.664153
v -0.032837 0.170915 -0.058953
v -0.664153 0.170915 -0.638038
v -0.638038 0.203380 -0.664153
v -0.058953 0.203380 -0.032837
v -0.032837 0.203380 -0.058953
v -0.664153 0.203380 -0.638038
v -0.058953 0.203380 -0.032837
v -0.638038 0.203380 -0.664153
v -0.638038 0.203380 0.664153
v -0.032837 0.170915 0.058953
v -0.032837 0.203380 0.058953
v -0.638038 0.170915 0.664153
v -0.032837 0.170915 0.058953
v -0.638038 0.203380 0.664153
v -0.638038 0.170915 0.664153
v -0.058953 0.170915 0.032837
v -0.032837 0.170915 0.058953
v -0.664153 0.170915 0.638038
v -0.058953 0.170915 0.032837
v -0.638038 0.170915 0.664153
v -0.664153 0.203380 0.638038
v -0.032837 0.203380 0.058953
v -0.058953 0.203380 0.032837
v -0.638038 0.203380 0.664153
v -0.032837 0.203380 0.058953
v -0.664153 0.203380 0.638038
v 0.032837 0.203380 0.058953
v 0.638038 0.170915 0.664153
v 0.638038 0.203380 0.664153
v 0.032837 0.170915 0.058953
v 0.638038 0.170915 0.664153
v 0.032837 0.203380 0.058953
v 0.664153 0.203380 0.638038
v 0.058953 0.170915 0.032837
v 0.058953 0.203380 0.032837
v 0.664153 0.170915 0.638038
v 0.058953 0.170915 0.032837
v 0.664153 0.203380 0.638038
v 0.664153 0.170915 0.638038
v 0.032837 0.170915 0.058953
v 0.058953 0.170915 0.032837
v 0.638038 0.170915 0.664153
v 0.032837 0.170915 0.058953
v 0.664153 0.170915 0.638038
v 0.638038 0.203380 0.664153
v 0.058953 0.203380 0.032837
v 0.032837 0.203380 0.058953
v 0.664153 0.203380 0.638038
v 0.058953 0.203380 0.032837
v 0.638038 0.203380 0.664153
v 0.058953 0.203380 -0.032837
v 0.664153 0.170915 -0.638038
v 0.664153 0.203380 -0.638038
v 0.058953 0.170915 -0.032837
v 0.664153 0.170915 -0.638038
v 0.058953 0.203380 -0.032837
v 0.638038 0.203380 -0.664153
v 0.032837 0.170915 -0.058953
v 0.032837 0.203380 -0.058953
v 0.638038 0.170915 -0.664153
v 0.032837 0.170915 -0.058953
v 0.638038 0.203380 -0.664153
v 0.638038 0.170915 -0.664153
v 0.058953 0.170915 -0.032837
v 0.032837 0.170915 -0.058953
v 0.664153 0.170915 -0.638038
v 0.058953 0.170915 -0.032837
v 0.638038 0.170915 -0.664153
v 0.664153 0.203380 -0.638038
v 0.032837 0.203380 -0.058953
v 0.058953 0.203380 -0.032837
v 0.638038 0.203380 -0.664153
v 0.032837 0.203380 -0.058953
v 0.664153 0.203380 -0.638038
v -0.682392 0.147801 0.682392
v -0.921158 0.147801 -0.000000
v -0.651357 0.147801 0.651357
v -0.965048 0.147801 -0.000000
v -0.921158 0.147801 -0.000000
v -0.682392 0.147801 0.682392
v 0.000000 0.203380 -0.965048
v -0.651357 0.203380 -0.651357
v 0.000000 0.203380 -0.921158
v -0.682392 0.203380 -0.682392
v -0.651357 0.203380 -0.651357
v 0.000000 0.203380 -0.965048
v -0.651357 0.203380 0.651357
v 0.000000 0.147801 0.921158
v -0.651357 0.147801 0.651357
v 0.000000 0.203380 0.921158
v 0.000000 0.147801 0.921158
v -0.651357 0.203380 0.651357
v 0.000000 0.147801 -0.965048
v 0.651358 0.147801 -0.651357
v 0.000000 0.147801 -0.921158
v 0.682392 0.147801 -0.682392
v 0.651358 0.147801 -0.651357
v 0.000000 0.147801 -0.965048
v 0.000000 0.203380 0.965048
v 0.682392 0.147801 0.682392
v 0.682392 0.203380 0.682392
v 0.000000 0.147801 0.965048
v 0.682392 0.147801 0.682392
v 0.000000 0.203380 0.965048
v -0.921158 0.203380 -0.000000
v -0.651357 0.147801 0.651357
v -0.921158 0.147801 -0.000000
v -0.651357 0.203380 0.651357
v -0.651357 0.147801 0.651357
v -0.921158 0.203380 -0.000000
v -0.682392 0.203380 -0.682392
v -0.921158 0.203380 -0.000000
v -0.651357 0.203380 -0.651357
v -0.965048 0.203380 -0.000000
v -0.921158 0.203380 -0.000000
v -0.682392 0.203380 -0.682392
v 0.682392 0.203380 0.682392
v 0.965048 0.147801 -0.000000
v 0.965048 0.203380 -0.000000
v 0.682392 0.147801 0.682392
v 0.965048 0.147801 -0.000000
v 0.682392 0.203380 0.682392
v -0.651357 0.203380 -0.651357
v -0.921158 0.147801 -0.000000
v -0.651357 0.147801 -0.651357
v -0.921158 0.203380 -0.000000
v -0.921158 0.147801 -0.000000
v -0.651357 0.203380 -0.651357
v 0.682392 0.147801 0.682392
v 0.000000 0.147801 0.921158
v 0.651358 0.147801 0.651357
v 0.000000 0.147801 0.965048
v 0.000000 0.147801 0.921158
v 0.682392 0.147801 0.682392
v 0.965048 0.203380 -0.000000
v 0.682392 0.147801 -0.682392
v 0.682392 0.203380 -0.682392
v 0.965048 0.147801 -0.000000
v 0.682392 0.147801 -0.682392
v 0.965048 0.203380 -0.000000
v 0.000000 0.203380 -0.921158
v -0.651357 0.147801 -0.651357
v 0.000000 0.147801 -0.921158
v -0.651357 0.203380 -0.651357
v -0.651357 0.147801 -0.651357
v 0.000000 0.203380 -0.921158
v 0.682392 0.147801 -0.682392
v 0.921158 0.147801 -0.000000
v 0.651358 0.147801 -0.651357
v 0.965048 0.147801 -0.000000
v 0.921158 0.147801 -0.000000
v 0.682392 0.147801 -0.682392
v 0.682392 0.203380 -0.682392
v 0.000000 0.147801 -0.965048
v 0.000000 0.203380 -0.965048
v 0.682392 0.147801 -0.682392
v 0.000000 0.147801 -0.965048
v 0.682392 0.203380 -0.682392
v 0.651358 0.203380 -0.651357
v 0.000000 0.147801 -0.921158
v 0.651358 0.147801 -0.651357
v 0.000000 0.203380 -0.921158
v 0.000000 0.147801 -0.921158
v 0.651358 0.203380 -0.651357
v -0.965048 0.147801 -0.000000
v -0.651357 0.147801 -0.651357
v -0.921158 0.147801 -0.000000
v -0.682392 0.147801 -0.682392
v -0.651357 0.147801 -0.651357
v -0.965048 0.147801 -0.000000
v 0.000000 0.203380 -0.965048
v -0.682392 0.147801 -0.682392
v -0.682392 0.203380 -0.682392
v 0.000000 0.147801 -0.965048
v -0.682392 0.147801 -0.682392
v 0.000000 0.203380 -0.965048
v 0.921158 0.203380 -0.000000
v 0.651358 0.147801 -0.651357
v 0.921158 0.147801 -0.000000
v 0.651358 0.203380 -0.651357
v 0.651358 0.147801 -0.651357
v 0.921158 0.203380 -0.000000
v -0.965048 0.203380 -0.000000
v -0.682392 0.147801 0.682392
v -0.682392 0.203380 0.682392
v -0.965048 0.147801 -0.000000
v -0.682392 0.147801 0.682392
v -0.965048 0.203380 -0.000000
v -0.682392 0.203380 -0.682392
v -0.965048 0.147801 -0.000000
v -0.965048 0.203380 -0.000000
v -0.682392 0.147801 -0.682392
v -0.965048 0.147801 -0.000000
v -0.682392 0.203380 -0.682392
v 0.651358 0.203380 0.651357
v 0.921158 0.147801 -0.000000
v 0.651358 0.147801 0.651357
v 0.921158 0.203380 -0.000000
v 0.921158 0.147801 -0.000000
v 0.651358 0.203380 0.651357
v 0.965048 0.203380 -0.000000
v 0.651358 0.203380 -0.651357
v 0.921158 0.203380 -0.000000
v 0.682392 0.203380 -0.682392
v 0.651358 0.203380 -0.651357
v 0.965048 0.203380 -0.000000
v 0.682392 0.203380 0.682392
v 0.921158 0.203380 -0.000000
v 0.651358 0.203380 0.651357
v 0.965048 0.203380 -0.000000
v 0.921158 0.203380 -0.000000
v 0.682392 0.203380 0.682392
v 0.000000 0.203380 0.921158
v 0.651358 0.147801 0.651357
v 0.000000 0.147801 0.921158
v 0.651358 0.203380 0.651357
v 0.651358 0.147801 0.651357
v 0.000000 0.203380 0.921158
v -0.682392 0.203380 0.682392
v 0.000000 0.147801 0.965048
v 0.000000 0.203380 0.965048
v -0.682392 0.147801 0.682392
v 0.000000 0.147801 0.965048
v -0.682392 0.203380 0.682392
v 0.000000 0.203380 0.965048
v 0.651358 0.203380 0.651357
v 0.000000 0.203380 0.921158
v 0.682392 0.203380 0.682392
v 0.651358 0.203380 0.651357
v 0.000000 0.203380 0.965048
v 0.000000 0.147801 0.965048
v -0.651357 0.147801 0.651357
v 0.000000 0.147801 0.921158
v -0.682392 0.147801 0.682392
v -0.651357 0.147801 0.651357
v 0.000000 0.147801 0.965048
v -0.965048 0.203380 -0.000000
v -0.651357 0.203380 0.651357
v -0.921158 0.203380 -0.000000
v -0.682392 0.203380 0.682392
v -0.651357 0.203380 0.651357
v -0.965048 0.203380 -0.000000
v 0.682392 0.203380 -0.682392
v 0.000000 0.203380 -0.921158
v 0.651358 0.203380 -0.651357
v 0.000000 0.203380 -0.965048
v 0.000000 0.203380 -0.921158
v 0.682392 0.203380 -0.682392
v -0.682392 0.147801 -0.682392
v 0.000000 0.147801 -0.921158
v -0.651357 0.147801 -0.651357
v 0.000000 0.147801 -0.965048
v 0.000000 0.147801 -0.921158
v -0.682392 0.147801 -0.682392
v 0.965048 0.147801 -0.000000
v 0.651358 0.147801 0.651357
v 0.921158 0.147801 -0.000000
v 0.682392 0.147801 0.682392
v 0.651358 0.147801 0.651357
v 0.965048 0.147801 -0.000000
v -0.682392 0.203380 0.682392
v 0.000000 0.203380 0.921158
v -0.651357 0.203380 0.651357
v 0.000000 0.203380 0.965048
v 0.000000 0.203380 0.921158
v -0.682392 0.203380 0.682392
v -0.438174 1.194422 0.438174
v -0.921158 0.203380 -0.000000
v -0.651357 0.203380 0.651357
v -0.619672 1.194422 -0.000000
v -0.921158 0.203380 -0.000000
v -0.438174 1.194422 0.438174
v 0.438174 1.194422 -0.438174
v 0.921158 0.203380 -0.000000
v 0.651358 0.203380 -0.651357
v 0.619672 1.194422 -0.000000
v 0.921158 0.203380 -0.000000
v 0.438174 1.194422 -0.438174
v 0.000000 1.194422 0.619672
v -0.651357 0.203380 0.651357
v 0.000000 0.203380 0.921158
v -0.438174 1.194422 0.438174
v -0.651357 0.203380 0.651357
v 0.000000 1.194422 0.619672
v -0.619672 1.194422 -0.000000
v -0.651357 0.203380 -0.651357
v -0.921158 0.203380 -0.000000
v -0.438174 1.194422 -0.438174
v -0.651357 0.203380 -0.651357
v -0.619672 1.194422 -0.000000
v 0.619672 1.194422 -0.000000
v 0.651358 0.203380 0.651357
v 0.921158 0.203380 -0.000000
v 0.438174 1.194422 0.438174
v 0.651358 0.203380 0.651357
v 0.619672 1.194422 -0.000000
v -0.438174 1.194422 -0.438174
v 0.000000 0.203380 -0.921158
v -0.651357 0.203380 -0.651357
v 0.000000 1.194422 -0.619672
v 0.000000 0.203380 -0.921158
v -0.438174 1.194422 -0.438174
v 0.438174 1.194422 0.438174
v 0.000000 0.203380 0.921158
v 0.651358 0.203380 0.651357
v 0.000000 1.194422 0.619672
v 0.000000 0.203380 0.921158
v 0.438174 1.194422 0.438174
v 0.000000 1.194422 -0.619672
v 0.651358 0.203380 -0.651357
v 0.000000 0.203380 -0.921158
v 0.438174 1.194422 -0.438174
v 0.651358 0.203380 -0.651357
v 0.000000 1.194422 -0.619672
v -0.459051 1.250000 0.459051
v -0.619672 1.250000 -0.000000
v -0.438174 1.250000 0.438174
v -0.649197 1.250000 -0.000000
v -0.619672 1.250000 -0.000000
v -0.459051 1.250000 0.459051
v 0.000000 1.194422 -0.649196
v -0.438174 1.194422 -0.438174
v 0.000000 1.194422 -0.619672
v -0.459051 1.194422 -0.459051
v -0.438174 1.194422 -0.438174
v 0.000000 1.194422 -0.649196
v -0.438174 1.194422 0.438174
v 0.000000 1.250000 0.619672
v -0.438174 1.250000 0.438174
v 0.000000 1.194422 0.619672
v 0.000000 1.250000 0.619672
v -0.438174 1.194422 0.438174
v 0.000000 1.250000 -0.649196
v 0.438174 1.250000 -0.438174
v 0.000000 1.250000 -0.619672
v 0.459051 1.250000 -0.459051
v 0.438174 1.250000 -0.438174
v 0.000000 1.250000 -0.649196
v 0.000000 1.194422 0.649196
v 0.459051 1.250000 0.459051
v 0.459051 1.194422 0.459051
v 0.000000 1.250000 0.649196
v 0.459051 1.250000 0.459051
v 0.000000 1.194422 0.649196
v -0.619672 1.194422 -0.000000
v -0.438174 1.250000 0.438174
v -0.619672 1.250000 -0.000000
v -0.438174 1.194422 0.438174
v -0.438174 1.250000 0.438174
v -0.619672 1.194422 -0.000000
v -0.459051 1.194422 -0.459051
v -0.619672 1.194422 -0.000000
v -0.438174 1.194422 -0.438174
v -0.649197 1.194422 -0.000000
v -0.619672 1.194422 -0.000000
v -0.459051 1.194422 -0.459051
v 0.459051 1.194422 0.459051
v 0.649196 1.250000 -0.000000
v 0.649196 1.194422 -0.000000
v 0.459051 1.250000 0.459051
v 0.649196 1.250000 -0.000000
v 0.459051 1.194422 0.459051
v -0.438174 1.194422 -0.438174
v -0.619672 1.250000 -0.000000
v -0.438174 1.250000 -0.438174
v -0.619672 1.194422 -0.000000
v -0.619672 1.250000 -0.000000
v -0.438174 1.194422 -0.438174
v 0.459051 1.250000 0.459051
v 0.000000 1.250000 0.619672
v 0.438174 1.250000 0.438174
v 0.000000 1.250000 0.649196
v 0.000000 1.250000 0.619672
v 0.459051 1.250000 0.459051
v 0.649196 1.194422 -0.000000
v 0.459051 1.250000 -0.459051
v 0.459051 1.194422 -0.459051
v 0.649196 1.250000 -0.000000
v 0.459051 1.250000 -0.459051
v 0.649196 1.194422 -0.000000
v 0.000000 1.194422 -0.619672
v -0.438174 1.250000 -0.438174
v 0.000000 1.250000 -0.619672
v -0.438174 1.194422 -0.438174
v -0.438174 1.250000 -0.438174
v 0.000000 1.194422 -0.619672
v 0.459051 1.250000 -0.459051
v 0.619672 1.250000 -0.000000
v 0.438174 1.250000 -0.438174
v 0.649196 1.250000 -0.000000
v 0.619672 1.250000 -0.000000
v 0.459051 1.250000 -0.459051
v 0.459051 1.194422 -0.459051
v 0.000000 1.250000 -0.649196
v 0.000000 1.194422 -0.649196
v 0.459051 1.250000 -0.459051
v 0.000000 1.250000 -0.649196
v 0.459051 1.194422 -0.459051
v 0.438174 1.194422 -0.438174
v 0.000000 1.250000 -0.619672
v 0.438174 1.250000 -0.438174
v 0.000000 1.194422 -0.619672
v 0.000000 1.250000 -0.619672
v 0.438174 1.194422 -0.438174
v -0.649197 1.250000 -0.000000
v -0.438174 1.250000 -0.438174
v -0.619672 1.250000 -0.000000
v -0.459051 1.250000 -0.459051
v -0.438174 1.250000 -0.438174
v -0.649197 1.250000 -0.000000
v 0.000000 1.194422 -0.649196
v -0.459051 1.250000 -0.459051
v -0.459051 1.194422 -0.459051
v 0.000000 1.250000 -0.649196
v -0.459051 1.250000 -0.459051
v 0.000000 1.194422 -0.649196
v 0.619672 1.194422 -0.000000
v 0.438174 1.250000 -0.438174
v 0.619672 1.250000 -0.000000
v 0.438174 1.194422 -0.438174
v 0.438174 1.250000 -0.438174
v 0.619672 1.194422 -0.000000
v -0.649197 1.194422 -0.000000
v -0.459051 1.250000 0.459051
v -0.459051 1.194422 0.459051
v -0.649197 1.250000 -0.000000
v -0.459051 1.250000 0.459051
v -0.649197 1.194422 -0.000000
v -0.459051 1.194422 -0.459051
v -0.649197 1.250000 -0.000000
v -0.649197 1.194422 -0.000000
v -0.459051 1.250000 -0.459051
v -0.649197 1.250000 -0.000000
v -0.459051 1.194422 -0.459051
v 0.438174 1.194422 0.438174
v 0.619672 1.250000 -0.000000
v 0.438174 1.250000 0.438174
v 0.619672 1.194422 -0.000000
v 0.619672 1.250000 -0.000000
v 0.438174 1.194422 0.438174
v 0.649196 1.194422 -0.000000
v 0.438174 1.194422 -0.438174
v 0.619672 1.194422 -0.000000
v 0.459051 1.194422 -0.459051
v 0.438174 1.194422 -0.438174
v 0.649196 1.194422 -0.000000
v 0.459051 1.194422 0.459051
v 0.619672 1.194422 -0.000000
v 0.438174 1.194422 0.438174
v 0.649196 1.194422 -0.000000
v 0.619672 1.194422 -0.000000
v 0.459051 1.194422 0.459051
v 0.000000 1.194422 0.619672
v 0.438174 1.250000 0.438174
v 0.000000 1.250000 0.619672
v 0.438174 1.194422 0.438174
v 0.438174 1.250000 0.438174
v 0.000000 1.194422 0.619672
v -0.459051 1.194422 0.459051
v 0.000000 1.250000 0.649196
v 0.000000 1.194422 0.649196
v -0.459051 1.250000 0.459051
v 0.000000 1.250000 0.649196
v -0.459051 1.194422 0.459051
v 0.000000 1.194422 0.649196
v 0.438174 1.194422 0.438174
v 0.000000 1.194422 0.619672
v 0.459051 1.194422 0.459051
v 0.438174 1.194422 0.438174
v 0.000000 1.194422 0.649196
v 0.000000 1.250000 0.649196
v -0.438174 1.250000 0.438174
v 0.000000 1.250000 0.619672
v -0.459051 1.250000 0.459051
v -0.438174 1.250000 0.438174
v 0.000000 1.250000 0.649196
v -0.649197 1.194422 -0.000000
v -0.438174 1.194422 0.438174
v -0.619672 1.194422 -0.000000
v -0.459051 1.194422 0.459051
v -0.438174 1.194422 0.438174
v -0.649197 1.194422 -0.000000
v 0.459051 1.194422 -0.459051
v 0.000000 1.194422 -0.619672
v 0.438174 1.194422 -0.438174
v 0.000000 1.194422 -0.649196
v 0.000000 1.194422 -0.619672
v 0.459051 1.194422 -0.459051
v -0.459051 1.250000 -0.459051
v 0.000000 1.250000 -0.619672
v -0.438174 1.250000 -0.438174
v 0.000000 1.250000 -0.649196
v 0.000000 1.250000 -0.619672
v -0.459051 1.250000 -0.459051
v 0.649196 1.250000 -0.000000
v 0.438174 1.250000 0.438174
v 0.619672 1.250000 -0.000000
v 0.459051 1.250000 0.459051
v 0.438174 1.250000 0.438174
v 0.649196 1.250000 -0.000000
v -0.459051 1.194422 0.459051
v 0.000000 1.194422 0.619672
v -0.438174 1.194422 0.438174
v 0.000000 1.194422 0.649196
v 0.000000 1.194422 0.619672
v -0.459051 1.194422 0.459051
v -0.078007 0.794567 -0.000000
v 0.078008 0.794567 0.000000
v 0.055160 0.794567 -0.055160
v -0.078007 0.794567 -0.000000
v 0.055160 0.794567 0.055160
v 0.078008 0.794567 0.000000
v -0.078007 0.794567 -0.000000
v 0.000000 0.794567 0.078008
v 0.055160 0.794567 0.055160
v 0.000000 0.794567 0.078008
v -0.078007 0.794567 -0.000000
v -0.055160 0.794567 0.055160
v -0.078007 0.794567 -0.000000
v 0.000000 0.794567 -0.078007
v -0.055160 0.794567 -0.055160

vt 0.766079 0.623264
vt 0.730991 0.658353
vt 0.766079 0.573642
vt 0.233780 0.986692
vt 0.233780 0.971814
vt 0.270324 0.986692
vt 0.233780 0.971814
vt 0.270324 0.971814
vt 0.270324 0.986692
vt 0.699697 0.070618
vt 0.699697 0.034074
vt 0.749838 0.090390
vt 0.699697 0.034074
vt 0.749838 0.014302
vt 0.749838 0.090390
vt 0.503447 0.738979
vt 0.472828 0.730514
vt 0.503447 0.702435
vt 0.472827 0.730514
vt 0.472828 0.710900
vt 0.503447 0.702435
vt 0.187573 0.911504
vt 0.172695 0.911504
vt 0.187573 0.874960
vt 0.172695 0.911504
vt 0.172695 0.874960
vt 0.187573 0.874960
vt 0.038195 0.986692
vt 0.038195 0.971814
vt 0.074739 0.986692
vt 0.038195 0.971814
vt 0.074740 0.971814
vt 0.074740 0.986692
vt 0.000550 0.986692
vt 0.000550 0.971814
vt 0.037095 0.986692
vt 0.000550 0.971814
vt 0.037095 0.971814
vt 0.037095 0.986692
vt 0.232679 0.844776
vt 0.232679 0.859654
vt 0.196135 0.844776
vt 0.232679 0.859654
vt 0.196135 0.859654
vt 0.196135 0.844776
vt 0.158490 0.986692
vt 0.158490 0.971814
vt 0.195034 0.986692
vt 0.158490 0.971814
vt 0.195034 0.971814
vt 0.195034 0.986692
vt 0.525203 0.738979
vt 0.510325 0.738979
vt 0.525203 0.702435
vt 0.510325 0.738979
vt 0.510325 0.702435
vt 0.525203 0.702435
vt 0.423051 0.913139
vt 0.408173 0.913139
vt 0.423051 0.876595
vt 0.408173 0.913139
vt 0.408173 0.876595
vt 0.423051 0.876595
vt 0.224214 0.892969
vt 0.218653 0.921375
vt 0.204600 0.892969
vt 0.218654 0.921375
vt 0.210161 0.921375
vt 0.204600 0.892969
vt 0.401294 0.913139
vt 0.370675 0.904674
vt 0.401294 0.876595
vt 0.370675 0.904674
vt 0.370675 0.885059
vt 0.401294 0.876595
vt 0.233780 0.964936
vt 0.242245 0.934317
vt 0.270324 0.964936
vt 0.242245 0.934317
vt 0.261859 0.934317
vt 0.270324 0.964936
vt 0.165817 0.911504
vt 0.135197 0.903039
vt 0.165817 0.874960
vt 0.135197 0.903039
vt 0.135197 0.883425
vt 0.165817 0.874960
vt 0.038195 0.964936
vt 0.046660 0.934317
vt 0.074740 0.964936
vt 0.046660 0.934317
vt 0.066275 0.934317
vt 0.074740 0.964936
vt 0.000550 0.964936
vt 0.009015 0.934317
vt 0.037095 0.964936
vt 0.009015 0.934317
vt 0.028630 0.934317
vt 0.037095 0.964936
vt 0.232679 0.866533
vt 0.224214 0.897152
vt 0.196135 0.866533
vt 0.224214 0.897152
vt 0.204600 0.897152
vt 0.196135 0.866533
vt 0.158490 0.964936
vt 0.166955 0.934317
vt 0.195034 0.964936
vt 0.166955 0.934317
vt 0.186569 0.934317
vt 0.195034 0.964936
vt 0.348254 0.942901
vt 0.314851 0.942901
vt 0.348254 0.934409
vt 0.314851 0.942901
vt 0.314851 0.934409
vt 0.348254 0.934409
vt 0.166955 0.938500
vt 0.172516 0.910094
vt 0.186569 0.938500
vt 0.172516 0.910094
vt 0.181009 0.910094
vt 0.186569 0.938500
vt 0.477010 0.730514
vt 0.448604 0.724953
vt 0.477010 0.710900
vt 0.448604 0.724953
vt 0.448604 0.716461
vt 0.477010 0.710900
vt 0.374858 0.904674
vt 0.346452 0.899113
vt 0.374858 0.885060
vt 0.346452 0.899113
vt 0.346452 0.890620
vt 0.374858 0.885059
vt 0.242245 0.938500
vt 0.247806 0.910094
vt 0.261859 0.938500
vt 0.247806 0.910094
vt 0.256298 0.910093
vt 0.261859 0.938500
vt 0.139380 0.903039
vt 0.110974 0.897478
vt 0.139380 0.883425
vt 0.110974 0.897478
vt 0.110974 0.888986
vt 0.139380 0.883425
vt 0.046660 0.938499
vt 0.052221 0.910093
vt 0.066275 0.938500
vt 0.052221 0.910094
vt 0.060714 0.910094
vt 0.066275 0.938500
vt 0.009015 0.938500
vt 0.014576 0.910094
vt 0.028630 0.938500
vt 0.014576 0.910094
vt 0.023069 0.910094
vt 0.028630 0.938500
vt 0.348254 0.891945
vt 0.314851 0.891945
vt 0.348254 0.883452
vt 0.314851 0.891945
vt 0.314851 0.883452
vt 0.348254 0.883452
vt 0.348254 0.908931
vt 0.314851 0.908931
vt 0.348254 0.900438
vt 0.314851 0.908931
vt 0.314851 0.900438
vt 0.348254 0.900438
vt 0.348254 0.917423
vt 0.314851 0.917423
vt 0.348254 0.908931
vt 0.314851 0.917423
vt 0.314851 0.908931
vt 0.348254 0.908931
vt 0.348254 0.934409
vt 0.314851 0.934409
vt 0.348254 0.925916
vt 0.314851 0.934409
vt 0.314851 0.925916
vt 0.348254 0.925916
vt 0.348254 0.883452
vt 0.314851 0.883452
vt 0.348254 0.874960
vt 0.314851 0.883452
vt 0.314851 0.874960
vt 0.348254 0.874960
vt 0.348254 0.900438
vt 0.314851 0.900438
vt 0.348254 0.891945
vt 0.314851 0.900438
vt 0.314851 0.891945
vt 0.348254 0.891945
vt 0.348254 0.925916
vt 0.314851 0.925916
vt 0.348254 0.917423
vt 0.314851 0.925916
vt 0.314851 0.917423
vt 0.348254 0.917423
vt 0.695579 0.446542
vt 0.742829 0.446542
vt 0.695580 0.457752
vt 0.742829 0.446542
vt 0.742829 0.457752
vt 0.695580 0.457753
vt 0.695579 0.424121
vt 0.742829 0.424121
vt 0.695579 0.435331
vt 0.742829 0.424121
vt 0.742829 0.435331
vt 0.695580 0.435332
vt 0.695580 0.401700
vt 0.742829 0.401700
vt 0.695579 0.412910
vt 0.742829 0.401700
vt 0.742829 0.412911
vt 0.695579 0.412910
vt 0.695580 0.379279
vt 0.742829 0.379279
vt 0.695580 0.390490
vt 0.742829 0.379279
vt 0.742829 0.390490
vt 0.695580 0.390490
vt 0.695580 0.457752
vt 0.742829 0.457752
vt 0.695580 0.468963
vt 0.742829 0.457752
vt 0.742829 0.468963
vt 0.695580 0.468963
vt 0.695579 0.435332
vt 0.742829 0.435331
vt 0.695579 0.446542
vt 0.742829 0.435331
vt 0.742829 0.446542
vt 0.695579 0.446542
vt 0.695579 0.412910
vt 0.742829 0.412911
vt 0.695579 0.424121
vt 0.742829 0.412911
vt 0.742829 0.424121
vt 0.695579 0.424121
vt 0.695579 0.390490
vt 0.742829 0.390490
vt 0.695579 0.401700
vt 0.742829 0.390490
vt 0.742829 0.401700
vt 0.695580 0.401700
vt 0.412370 0.700829
vt 0.396227 0.717315
vt 0.408021 0.690633
vt 0.396227 0.717315
vt 0.384949 0.690875
vt 0.408021 0.690633
vt 0.336362 0.763653
vt 0.336752 0.743027
vt 0.345445 0.767619
vt 0.336752 0.743027
vt 0.360306 0.753310
vt 0.345445 0.767619
vt 0.314451 0.697210
vt 0.334801 0.695840
vt 0.311318 0.706494
vt 0.334801 0.695840
vt 0.326676 0.719915
vt 0.311318 0.706494
vt 0.382340 0.668526
vt 0.384949 0.690875
vt 0.371941 0.665576
vt 0.384949 0.690875
vt 0.357982 0.683223
vt 0.371941 0.665576
vt 0.407846 0.744462
vt 0.384496 0.743942
vt 0.412370 0.734193
vt 0.384496 0.743942
vt 0.396227 0.717315
vt 0.412370 0.734193
vt 0.374684 0.768371
vt 0.360306 0.753310
vt 0.384013 0.764759
vt 0.360306 0.753310
vt 0.384496 0.743942
vt 0.384013 0.764759
vt 0.312631 0.734487
vt 0.326676 0.719915
vt 0.316517 0.743400
vt 0.326676 0.719915
vt 0.336752 0.743027
vt 0.316517 0.743400
vt 0.341505 0.669907
vt 0.357982 0.683223
vt 0.332565 0.674773
vt 0.357982 0.683223
vt 0.334801 0.695840
vt 0.332565 0.674773
vt 0.361711 0.808099
vt 0.361427 0.797020
vt 0.385901 0.798731
vt 0.405287 0.778948
vt 0.419660 0.773624
vt 0.428573 0.781148
vt 0.272938 0.724652
vt 0.283805 0.723694
vt 0.283014 0.747764
vt 0.302106 0.760368
vt 0.308086 0.775272
vt 0.300820 0.783445
vt 0.350044 0.625824
vt 0.351649 0.637430
vt 0.326862 0.638441
vt 0.315117 0.661387
vt 0.300112 0.668643
vt 0.291319 0.661749
vt 0.457319 0.715214
vt 0.444965 0.715638
vt 0.446041 0.688774
vt 0.420357 0.669406
vt 0.414587 0.653314
vt 0.422099 0.643793
vt 0.300820 0.783445
vt 0.308086 0.775272
vt 0.324374 0.793728
vt 0.346462 0.790043
vt 0.361427 0.797020
vt 0.361711 0.808099
vt 0.291319 0.661749
vt 0.300112 0.668642
vt 0.283194 0.685823
vt 0.289570 0.708551
vt 0.283804 0.723694
vt 0.272938 0.724652
vt 0.422099 0.643793
vt 0.414587 0.653314
vt 0.395133 0.636141
vt 0.368243 0.642709
vt 0.351649 0.637431
vt 0.350044 0.625823
vt 0.428573 0.781148
vt 0.419660 0.773624
vt 0.440304 0.754520
vt 0.437149 0.733223
vt 0.444965 0.715639
vt 0.457319 0.715214
vt 0.376403 0.701706
vt 0.373621 0.705303
vt 0.359809 0.696427
vt 0.373621 0.705303
vt 0.360421 0.700470
vt 0.359809 0.696427
vt 0.374357 0.735383
vt 0.371005 0.732788
vt 0.382173 0.717798
vt 0.371005 0.732788
vt 0.377382 0.717045
vt 0.382173 0.717798
vt 0.359983 0.740706
vt 0.360587 0.736673
vt 0.374357 0.735383
vt 0.360587 0.736673
vt 0.371016 0.732922
vt 0.374357 0.735383
vt 0.339038 0.718825
vt 0.342740 0.718880
vt 0.345018 0.733729
vt 0.342740 0.718880
vt 0.347831 0.731280
vt 0.345018 0.733729
vt 0.359809 0.696427
vt 0.360337 0.700519
vt 0.344803 0.703682
vt 0.360337 0.700519
vt 0.347729 0.706145
vt 0.344803 0.703682
vt 0.382173 0.717798
vt 0.377446 0.716943
vt 0.376403 0.701706
vt 0.377446 0.716943
vt 0.373761 0.705296
vt 0.376403 0.701706
vt 0.345018 0.733729
vt 0.347874 0.731348
vt 0.359983 0.740706
vt 0.347874 0.731348
vt 0.360503 0.736630
vt 0.359983 0.740706
vt 0.344803 0.703682
vt 0.347688 0.706219
vt 0.339038 0.718825
vt 0.347688 0.706219
vt 0.342738 0.718801
vt 0.339038 0.718825
vt 0.681368 0.658353
vt 0.681368 0.538553
vt 0.730991 0.658353
vt 0.646280 0.623264
vt 0.681368 0.538553
vt 0.681368 0.658353
vt 0.646280 0.573642
vt 0.681368 0.538553
vt 0.646280 0.623264
vt 0.730991 0.538553
vt 0.730991 0.658353
vt 0.681368 0.538553
vt 0.766079 0.573642
vt 0.730991 0.658353
vt 0.730991 0.538553
vt 0.846056 0.727275
vt 0.846056 0.763820
vt 0.795915 0.707504
vt 0.846056 0.763820
vt 0.795915 0.783591
vt 0.795915 0.707504
vt 0.699697 0.280002
vt 0.699697 0.243458
vt 0.749838 0.299774
vt 0.699697 0.243458
vt 0.749838 0.223686
vt 0.749838 0.299774
vt 0.299769 0.699099
vt 0.299769 0.735643
vt 0.249628 0.679327
vt 0.299769 0.735643
vt 0.249628 0.755415
vt 0.249628 0.679327
vt 0.699697 0.384694
vt 0.699697 0.348150
vt 0.749838 0.404466
vt 0.699697 0.348150
vt 0.749838 0.328378
vt 0.749838 0.404466
vt 0.988467 0.138766
vt 0.988467 0.175310
vt 0.938326 0.118994
vt 0.988467 0.175310
vt 0.938326 0.195082
vt 0.938326 0.118994
vt 0.010999 0.840335
vt 0.010999 0.803791
vt 0.061140 0.860107
vt 0.010999 0.803791
vt 0.061140 0.784019
vt 0.061140 0.860107
vt 0.557286 0.868512
vt 0.557286 0.831967
vt 0.607427 0.888283
vt 0.557286 0.831967
vt 0.607427 0.812196
vt 0.607427 0.888283
vt 0.787750 0.891985
vt 0.787750 0.808494
vt 0.856504 0.875051
vt 0.787750 0.808494
vt 0.856504 0.825428
vt 0.856504 0.875051
vt 0.721919 0.902035
vt 0.721919 0.798444
vt 0.788565 0.891985
vt 0.721919 0.798444
vt 0.788565 0.808494
vt 0.788565 0.891985
vt 0.665197 0.900042
vt 0.665197 0.800437
vt 0.722751 0.902035
vt 0.665197 0.800437
vt 0.722751 0.798444
vt 0.722751 0.902035
vt 0.618964 0.888283
vt 0.618964 0.812196
vt 0.659423 0.900042
vt 0.618964 0.812196
vt 0.659423 0.800437
vt 0.659423 0.900042
vt 0.241463 0.863809
vt 0.241463 0.780317
vt 0.310217 0.846875
vt 0.241463 0.780317
vt 0.310217 0.797252
vt 0.310217 0.846875
vt 0.175632 0.873859
vt 0.175632 0.770268
vt 0.242278 0.863809
vt 0.175632 0.770268
vt 0.242278 0.780317
vt 0.242278 0.863809
vt 0.118910 0.871865
vt 0.118910 0.772261
vt 0.176464 0.873859
vt 0.118910 0.772261
vt 0.176464 0.770268
vt 0.176464 0.873859
vt 0.072677 0.860107
vt 0.072677 0.784019
vt 0.113136 0.871866
vt 0.072677 0.784019
vt 0.113136 0.772261
vt 0.113136 0.871865
vt 0.758002 0.115292
vt 0.758002 0.198784
vt 0.689248 0.132227
vt 0.758002 0.198784
vt 0.689248 0.181849
vt 0.689248 0.132227
vt 0.823834 0.105242
vt 0.823834 0.208834
vt 0.757188 0.115292
vt 0.823834 0.208834
vt 0.757188 0.198784
vt 0.757188 0.115292
vt 0.880556 0.107236
vt 0.880556 0.206840
vt 0.823001 0.105242
vt 0.880556 0.206840
vt 0.823001 0.208834
vt 0.823001 0.105242
vt 0.926789 0.118994
vt 0.926789 0.195082
vt 0.886329 0.107236
vt 0.926789 0.195082
vt 0.886330 0.206840
vt 0.886330 0.107236
vt 0.930161 0.408168
vt 0.930161 0.324676
vt 0.998915 0.391233
vt 0.930161 0.324676
vt 0.998915 0.341611
vt 0.998915 0.391233
vt 0.864330 0.418218
vt 0.864330 0.314626
vt 0.930976 0.408168
vt 0.864330 0.314626
vt 0.930976 0.324676
vt 0.930976 0.408168
vt 0.807608 0.416224
vt 0.807608 0.316620
vt 0.865162 0.418218
vt 0.807608 0.316620
vt 0.865162 0.314626
vt 0.865162 0.418218
vt 0.761375 0.404466
vt 0.761375 0.328378
vt 0.801834 0.416224
vt 0.761375 0.328378
vt 0.801834 0.316620
vt 0.801834 0.416224
vt 0.069304 0.675626
vt 0.069304 0.759117
vt 0.000550 0.692560
vt 0.069304 0.759117
vt 0.000550 0.742183
vt 0.000550 0.692560
vt 0.135136 0.665576
vt 0.135136 0.769167
vt 0.068490 0.675625
vt 0.135136 0.769167
vt 0.068490 0.759117
vt 0.068490 0.675625
vt 0.191858 0.667569
vt 0.191858 0.767173
vt 0.134303 0.665576
vt 0.191858 0.767173
vt 0.134303 0.769167
vt 0.134303 0.665576
vt 0.238091 0.679327
vt 0.238091 0.755415
vt 0.197631 0.667569
vt 0.238091 0.755415
vt 0.197632 0.767173
vt 0.197631 0.667569
vt 0.930161 0.303476
vt 0.930161 0.219984
vt 0.998915 0.286541
vt 0.930161 0.219984
vt 0.998915 0.236919
vt 0.998915 0.286541
vt 0.864330 0.313526
vt 0.864330 0.209934
vt 0.930976 0.303476
vt 0.864330 0.209934
vt 0.930976 0.219984
vt 0.930976 0.303476
vt 0.807608 0.311532
vt 0.807608 0.211928
vt 0.865162 0.313526
vt 0.807608 0.211928
vt 0.865162 0.209934
vt 0.865162 0.313526
vt 0.761375 0.299774
vt 0.761375 0.223686
vt 0.801834 0.311532
vt 0.761375 0.223686
vt 0.801834 0.211928
vt 0.801834 0.311532
vt 0.615591 0.703802
vt 0.615591 0.787293
vt 0.546837 0.720736
vt 0.615591 0.787293
vt 0.546837 0.770359
vt 0.546837 0.720736
vt 0.681423 0.693752
vt 0.681423 0.797343
vt 0.614777 0.703802
vt 0.681423 0.797343
vt 0.614777 0.787293
vt 0.614777 0.703802
vt 0.738145 0.695745
vt 0.738145 0.795349
vt 0.680590 0.693752
vt 0.738145 0.795350
vt 0.680590 0.797343
vt 0.680590 0.693752
vt 0.784378 0.707504
vt 0.784378 0.783591
vt 0.743919 0.695745
vt 0.784378 0.783591
vt 0.743919 0.795350
vt 0.743919 0.695745
vt 0.930161 0.094092
vt 0.930161 0.010600
vt 0.998915 0.077157
vt 0.930161 0.010600
vt 0.998915 0.027535
vt 0.998915 0.077157
vt 0.864330 0.104142
vt 0.864330 0.000550
vt 0.930976 0.094092
vt 0.864330 0.000550
vt 0.930976 0.010600
vt 0.930976 0.094092
vt 0.807608 0.102148
vt 0.807608 0.002544
vt 0.865162 0.104142
vt 0.807608 0.002544
vt 0.865162 0.000550
vt 0.865162 0.104142
vt 0.761375 0.090390
vt 0.761375 0.014302
vt 0.801834 0.102148
vt 0.761375 0.014302
vt 0.801834 0.002544
vt 0.801834 0.102148
vt 0.465676 0.144683
vt 0.467383 0.141595
vt 0.467714 0.147170
vt 0.467383 0.141595
vt 0.470932 0.145958
vt 0.467714 0.147170
vt 0.488791 0.202849
vt 0.473328 0.167320
vt 0.494385 0.203636
vt 0.417736 0.168404
vt 0.456901 0.168536
vt 0.442855 0.204641
vt 0.460057 0.146068
vt 0.457215 0.144034
vt 0.462458 0.144221
vt 0.457215 0.144034
vt 0.461789 0.140808
vt 0.462458 0.144221
vt 0.461413 0.151281
vt 0.460081 0.154362
vt 0.459459 0.149136
vt 0.460081 0.154362
vt 0.456337 0.149769
vt 0.459459 0.149136
vt 0.467445 0.149945
vt 0.470084 0.151736
vt 0.464903 0.151621
vt 0.470084 0.151736
vt 0.465525 0.155049
vt 0.464903 0.151621
vt 0.467770 0.147230
vt 0.470932 0.145958
vt 0.467505 0.149915
vt 0.470932 0.145958
vt 0.470084 0.151736
vt 0.467505 0.149915
vt 0.462536 0.144221
vt 0.461789 0.140808
vt 0.465609 0.144642
vt 0.461789 0.140808
vt 0.467383 0.141595
vt 0.465609 0.144642
vt 0.459479 0.149069
vt 0.456337 0.149769
vt 0.459981 0.146110
vt 0.456337 0.149769
vt 0.457215 0.144034
vt 0.459981 0.146110
vt 0.464822 0.151620
vt 0.465525 0.155049
vt 0.461489 0.151284
vt 0.465525 0.155049
vt 0.460081 0.154362
vt 0.461489 0.151284
vt 0.511169 0.167597
vt 0.519655 0.188117
vt 0.483324 0.195410
vt 0.519655 0.188117
vt 0.503834 0.203920
vt 0.483324 0.195410
vt 0.518168 0.122177
vt 0.482760 0.137978
vt 0.519046 0.116442
vt 0.484096 0.194160
vt 0.484167 0.154498
vt 0.520284 0.168521
vt 0.438205 0.093095
vt 0.453850 0.128574
vt 0.432761 0.092408
vt 0.509825 0.127206
vt 0.470579 0.127345
vt 0.484647 0.091140
vt 0.442855 0.204641
vt 0.456901 0.168536
vt 0.446404 0.209004
vt 0.416733 0.130038
vt 0.444539 0.157650
vt 0.409170 0.173317
vt 0.520284 0.168521
vt 0.484167 0.154498
vt 0.524858 0.165294
vt 0.445258 0.195012
vt 0.473328 0.167320
vt 0.488791 0.202849
vt 0.484647 0.091140
vt 0.470579 0.127345
vt 0.480903 0.086547
vt 0.510780 0.165783
vt 0.482759 0.137978
vt 0.518168 0.122177
vt 0.407020 0.127389
vt 0.443135 0.141332
vt 0.402461 0.130703
vt 0.481696 0.100761
vt 0.453850 0.128574
vt 0.438205 0.093095
vt 0.409170 0.173317
vt 0.444539 0.157650
vt 0.408322 0.179095
vt 0.443135 0.101870
vt 0.443135 0.141332
vt 0.407020 0.127389
vt 0.511169 0.128134
vt 0.531740 0.136655
vt 0.511169 0.167597
vt 0.531740 0.136655
vt 0.531740 0.159076
vt 0.511169 0.167597
vt 0.444198 0.100390
vt 0.452724 0.080003
vt 0.483363 0.100522
vt 0.452724 0.080003
vt 0.474976 0.080078
vt 0.483363 0.100522
vt 0.416057 0.167744
vt 0.395397 0.159143
vt 0.416128 0.128082
vt 0.395397 0.159143
vt 0.395438 0.136609
vt 0.416128 0.128082
vt 0.483324 0.195410
vt 0.474922 0.215898
vt 0.444077 0.195550
vt 0.474922 0.215898
vt 0.452624 0.215978
vt 0.444077 0.195550
vt 0.483363 0.100522
vt 0.503760 0.091990
vt 0.511169 0.128134
vt 0.503760 0.091990
vt 0.519558 0.107678
vt 0.511169 0.128134
vt 0.416128 0.128082
vt 0.407753 0.107470
vt 0.444198 0.100390
vt 0.407753 0.107470
vt 0.423702 0.091737
vt 0.444198 0.100390
vt 0.444077 0.195550
vt 0.423533 0.204152
vt 0.416057 0.167744
vt 0.423533 0.204152
vt 0.407613 0.188355
vt 0.416057 0.167744
vt 0.487057 0.058588
vt 0.086070 0.058589
vt 0.487057 0.043377
vt 0.086070 0.058589
vt 0.086070 0.043378
vt 0.487057 0.043377
vt 0.086070 0.145823
vt 0.487061 0.145824
vt 0.086070 0.161034
vt 0.487061 0.145823
vt 0.487061 0.161033
vt 0.086070 0.161033
vt 0.086070 0.128519
vt 0.487058 0.128519
vt 0.086070 0.143730
vt 0.487057 0.128518
vt 0.487057 0.143728
vt 0.086070 0.143728
vt 0.086070 0.052126
vt 0.487057 0.052126
vt 0.086070 0.069429
vt 0.487057 0.052126
vt 0.487057 0.069430
vt 0.086070 0.069429
vt 0.086070 0.017520
vt 0.487057 0.017519
vt 0.086070 0.034823
vt 0.487057 0.017519
vt 0.487057 0.034823
vt 0.086070 0.034823
vt 0.487061 0.075891
vt 0.086070 0.075891
vt 0.487061 0.060681
vt 0.086071 0.075891
vt 0.086071 0.060681
vt 0.487061 0.060681
vt 0.487061 0.017519
vt 0.086070 0.017519
vt 0.487061 0.000216
vt 0.086070 0.017519
vt 0.086070 0.000216
vt 0.487061 0.000216
vt 0.487061 0.052126
vt 0.086070 0.052125
vt 0.487061 0.034822
vt 0.086070 0.052125
vt 0.086070 0.034822
vt 0.487061 0.034822
vt 0.487059 0.058588
vt 0.086071 0.058589
vt 0.487059 0.043378
vt 0.086070 0.058588
vt 0.086070 0.043378
vt 0.487059 0.043377
vt 0.086071 0.128519
vt 0.487059 0.128520
vt 0.086070 0.143729
vt 0.487059 0.128518
vt 0.487059 0.143728
vt 0.086071 0.143728
vt 0.086071 0.052126
vt 0.487059 0.052126
vt 0.086070 0.069429
vt 0.487059 0.052126
vt 0.487059 0.069429
vt 0.086070 0.069429
vt 0.086071 0.017519
vt 0.487059 0.017519
vt 0.086071 0.034822
vt 0.487059 0.017519
vt 0.487059 0.034823
vt 0.086071 0.034822
vt 0.487060 0.058588
vt 0.086071 0.058588
vt 0.487060 0.043378
vt 0.086070 0.058588
vt 0.086070 0.043378
vt 0.487060 0.043378
vt 0.086071 0.128519
vt 0.487060 0.128519
vt 0.086071 0.143729
vt 0.487060 0.128519
vt 0.487060 0.143729
vt 0.086071 0.143729
vt 0.086071 0.052126
vt 0.487060 0.052125
vt 0.086070 0.069429
vt 0.487060 0.052125
vt 0.487060 0.069429
vt 0.086070 0.069429
vt 0.086070 0.017519
vt 0.487060 0.017519
vt 0.086070 0.034822
vt 0.487060 0.017519
vt 0.487060 0.034822
vt 0.086070 0.034822
vt 0.460484 0.151534
vt 0.468353 0.170532
vt 0.130171 0.151534
vt 0.468353 0.170532
vt 0.122302 0.170532
vt 0.130171 0.151534
vt 0.130171 0.189697
vt 0.122302 0.170700
vt 0.460480 0.189698
vt 0.122302 0.170700
vt 0.468349 0.170700
vt 0.460480 0.189698
vt 0.130171 0.212195
vt 0.130171 0.186155
vt 0.460484 0.212194
vt 0.130171 0.186155
vt 0.460484 0.186154
vt 0.460484 0.212194
vt 0.460491 0.151534
vt 0.468360 0.170532
vt 0.130172 0.151534
vt 0.468360 0.170532
vt 0.122302 0.170532
vt 0.130172 0.151534
vt 0.468349 0.106458
vt 0.122303 0.106457
vt 0.468349 0.080419
vt 0.122303 0.106457
vt 0.122303 0.080418
vt 0.468349 0.080419
vt 0.130171 0.212194
vt 0.130171 0.186155
vt 0.460484 0.212194
vt 0.130171 0.186155
vt 0.460484 0.186155
vt 0.460484 0.212195
vt 0.130171 0.189697
vt 0.122302 0.170700
vt 0.460482 0.189698
vt 0.122302 0.170700
vt 0.468351 0.170700
vt 0.460482 0.189698
vt 0.468351 0.106457
vt 0.122303 0.106456
vt 0.468351 0.080418
vt 0.122303 0.106457
vt 0.122303 0.080418
vt 0.468351 0.080419
vt 0.130172 0.212194
vt 0.130171 0.186154
vt 0.460482 0.212194
vt 0.130171 0.186155
vt 0.460482 0.186155
vt 0.460482 0.212195
vt 0.460480 0.151534
vt 0.468349 0.170531
vt 0.130171 0.151534
vt 0.468349 0.170531
vt 0.122303 0.170530
vt 0.130171 0.151534
vt 0.468353 0.106457
vt 0.122303 0.106456
vt 0.468353 0.080417
vt 0.122303 0.106457
vt 0.122303 0.080417
vt 0.468353 0.080418
vt 0.130172 0.212193
vt 0.130172 0.186154
vt 0.460481 0.212193
vt 0.130171 0.186155
vt 0.460480 0.186155
vt 0.460480 0.212195
vt 0.460484 0.151534
vt 0.468353 0.170531
vt 0.130171 0.151534
vt 0.468353 0.170531
vt 0.122303 0.170531
vt 0.130171 0.151534
vt 0.468360 0.106456
vt 0.122302 0.106456
vt 0.468360 0.080416
vt 0.122302 0.106458
vt 0.122302 0.080418
vt 0.468360 0.080418
vt 0.130172 0.212197
vt 0.130172 0.186157
vt 0.460491 0.212197
vt 0.130171 0.186157
vt 0.460491 0.186157
vt 0.460491 0.212197
vt 0.460482 0.151534
vt 0.468351 0.170531
vt 0.130171 0.151534
vt 0.468351 0.170531
vt 0.122302 0.170531
vt 0.130171 0.151534
vt 0.468349 0.106458
vt 0.122303 0.106457
vt 0.468350 0.080419
vt 0.122302 0.106458
vt 0.122302 0.080419
vt 0.468349 0.080419
vt 0.130171 0.212194
vt 0.130171 0.186155
vt 0.460483 0.212194
vt 0.130171 0.186154
vt 0.460484 0.186154
vt 0.460484 0.212193
vt 0.468353 0.106457
vt 0.122302 0.106457
vt 0.468353 0.080418
vt 0.122303 0.106457
vt 0.122303 0.080418
vt 0.468353 0.080418
vt 0.468351 0.106457
vt 0.122302 0.106457
vt 0.468351 0.080418
vt 0.122302 0.106457
vt 0.122302 0.080418
vt 0.468351 0.080419
vt 0.130171 0.212194
vt 0.130171 0.186154
vt 0.460481 0.212194
vt 0.130171 0.186153
vt 0.460482 0.186154
vt 0.460482 0.212193
vt 0.130172 0.189697
vt 0.122303 0.170699
vt 0.460484 0.189697
vt 0.122303 0.170699
vt 0.468353 0.170700
vt 0.460484 0.189697
vt 0.130171 0.189696
vt 0.122303 0.170699
vt 0.460482 0.189697
vt 0.122303 0.170699
vt 0.468351 0.170700
vt 0.460482 0.189697
vt 0.130172 0.212193
vt 0.130171 0.186154
vt 0.460480 0.212193
vt 0.130171 0.186153
vt 0.460479 0.186154
vt 0.460479 0.212193
vt 0.468353 0.106456
vt 0.122303 0.106456
vt 0.468353 0.080417
vt 0.122302 0.106456
vt 0.122302 0.080417
vt 0.468352 0.080417
vt 0.130171 0.189696
vt 0.122303 0.170699
vt 0.460480 0.189697
vt 0.122303 0.170699
vt 0.468349 0.170700
vt 0.460480 0.189697
vt 0.460484 0.151533
vt 0.468353 0.170531
vt 0.130171 0.151534
vt 0.468353 0.170531
vt 0.122303 0.170531
vt 0.130171 0.151534
vt 0.130171 0.189698
vt 0.122302 0.170700
vt 0.460484 0.189698
vt 0.122302 0.170700
vt 0.468353 0.170700
vt 0.460484 0.189698
vt 0.130172 0.189699
vt 0.122302 0.170701
vt 0.460491 0.189699
vt 0.122302 0.170701
vt 0.468360 0.170702
vt 0.460491 0.189699
vt 0.460480 0.151534
vt 0.468349 0.170532
vt 0.130172 0.151534
vt 0.468349 0.170532
vt 0.122302 0.170531
vt 0.130172 0.151534
vt 0.460482 0.151534
vt 0.468351 0.170531
vt 0.130171 0.151534
vt 0.468351 0.170531
vt 0.122303 0.170530
vt 0.130171 0.151534
vt 0.130172 0.189697
vt 0.122303 0.170700
vt 0.460484 0.189697
vt 0.122303 0.170700
vt 0.468353 0.170700
vt 0.460484 0.189697
vt 0.394587 0.499927
vt 0.345938 0.933781
vt 0.097307 0.499927
vt 0.345938 0.933781
vt 0.145955 0.933781
vt 0.097307 0.499927
vt 0.097307 0.499927
vt 0.145955 0.933781
vt 0.394587 0.499927
vt 0.145955 0.933781
vt 0.345938 0.933781
vt 0.394587 0.499927
vt 0.394587 0.499927
vt 0.345938 0.933781
vt 0.097307 0.499927
vt 0.345938 0.933781
vt 0.145955 0.933781
vt 0.097307 0.499927
vt 0.394587 0.499927
vt 0.345938 0.933781
vt 0.097307 0.499927
vt 0.345938 0.933781
vt 0.145955 0.933781
vt 0.097307 0.499927
vt 0.394587 0.499927
vt 0.345938 0.933781
vt 0.097307 0.499927
vt 0.345938 0.933781
vt 0.145955 0.933781
vt 0.097307 0.499927
vt 0.394587 0.499927
vt 0.345938 0.933781
vt 0.097306 0.499927
vt 0.345938 0.933781
vt 0.145955 0.933781
vt 0.097306 0.499927
vt 0.394587 0.499927
vt 0.345938 0.933781
vt 0.097306 0.499927
vt 0.345938 0.933781
vt 0.145955 0.933781
vt 0.097306 0.499927
vt 0.394587 0.499927
vt 0.345938 0.933781
vt 0.097307 0.499927
vt 0.345938 0.933781
vt 0.145955 0.933781
vt 0.097306 0.499927
vt 0.556081 0.029024
vt 0.561375 0.041803
vt 0.333879 0.029024
vt 0.561375 0.041803
vt 0.328585 0.041803
vt 0.333879 0.029024
vt 0.333878 0.084206
vt 0.328585 0.071426
vt 0.556081 0.084206
vt 0.328585 0.071426
vt 0.561374 0.071426
vt 0.556081 0.084206
vt 0.333879 0.039728
vt 0.333879 0.013688
vt 0.556082 0.039728
vt 0.333879 0.013688
vt 0.556082 0.013688
vt 0.556082 0.039727
vt 0.556080 0.029024
vt 0.561374 0.041803
vt 0.333879 0.029023
vt 0.561374 0.041803
vt 0.328585 0.041803
vt 0.333879 0.029023
vt 0.561378 0.191907
vt 0.328586 0.191907
vt 0.561378 0.165867
vt 0.328585 0.191907
vt 0.328585 0.165867
vt 0.561377 0.165867
vt 0.333879 0.039728
vt 0.333879 0.013688
vt 0.556081 0.039728
vt 0.333879 0.013688
vt 0.556081 0.013688
vt 0.556081 0.039728
vt 0.333879 0.084205
vt 0.328585 0.071426
vt 0.556082 0.084205
vt 0.328585 0.071426
vt 0.561375 0.071426
vt 0.556082 0.084205
vt 0.561376 0.191904
vt 0.328585 0.191905
vt 0.561376 0.165865
vt 0.328585 0.191906
vt 0.328585 0.165867
vt 0.561376 0.165866
vt 0.333879 0.039727
vt 0.333879 0.013688
vt 0.556081 0.039728
vt 0.333879 0.013688
vt 0.556082 0.013688
vt 0.556082 0.039727
vt 0.556083 0.029024
vt 0.561377 0.041803
vt 0.333879 0.029024
vt 0.561377 0.041803
vt 0.328585 0.041804
vt 0.333879 0.029024
vt 0.561375 0.191904
vt 0.328585 0.191904
vt 0.561375 0.165865
vt 0.328585 0.191905
vt 0.328585 0.165865
vt 0.561375 0.165866
vt 0.333879 0.039728
vt 0.333879 0.013688
vt 0.556082 0.039728
vt 0.333879 0.013687
vt 0.556081 0.013687
vt 0.556081 0.039727
vt 0.556081 0.029024
vt 0.561375 0.041803
vt 0.333879 0.029023
vt 0.561375 0.041803
vt 0.328585 0.041803
vt 0.333879 0.029023
vt 0.561374 0.191904
vt 0.328585 0.191903
vt 0.561374 0.165864
vt 0.328586 0.191904
vt 0.328586 0.165865
vt 0.561375 0.165865
vt 0.333879 0.039729
vt 0.333879 0.013690
vt 0.556080 0.039729
vt 0.333879 0.013690
vt 0.556080 0.013690
vt 0.556080 0.039729
vt 0.556082 0.029024
vt 0.561375 0.041803
vt 0.333879 0.029024
vt 0.561375 0.041803
vt 0.328585 0.041803
vt 0.333879 0.029024
vt 0.561374 0.191904
vt 0.328585 0.191904
vt 0.561374 0.165865
vt 0.328585 0.191902
vt 0.328585 0.165863
vt 0.561374 0.165863
vt 0.333879 0.039728
vt 0.333879 0.013689
vt 0.556081 0.039728
vt 0.333879 0.013688
vt 0.556081 0.013687
vt 0.556081 0.039727
vt 0.561375 0.191904
vt 0.328585 0.191904
vt 0.561375 0.165865
vt 0.328585 0.191904
vt 0.328585 0.165865
vt 0.561375 0.165865
vt 0.561375 0.191904
vt 0.328585 0.191904
vt 0.561375 0.165865
vt 0.328585 0.191904
vt 0.328585 0.165865
vt 0.561375 0.165865
vt 0.333879 0.039728
vt 0.333879 0.013688
vt 0.556082 0.039727
vt 0.333879 0.013688
vt 0.556082 0.013688
vt 0.556082 0.039727
vt 0.333879 0.084205
vt 0.328585 0.071426
vt 0.556081 0.084205
vt 0.328585 0.071426
vt 0.561375 0.071426
vt 0.556081 0.084205
vt 0.333879 0.084206
vt 0.328585 0.071426
vt 0.556082 0.084205
vt 0.328585 0.071426
vt 0.561376 0.071425
vt 0.556082 0.084205
vt 0.333879 0.039727
vt 0.333879 0.013688
vt 0.556083 0.039727
vt 0.333879 0.013688
vt 0.556083 0.013688
vt 0.556083 0.039727
vt 0.561376 0.191903
vt 0.328585 0.191903
vt 0.561376 0.165864
vt 0.328585 0.191904
vt 0.328585 0.165865
vt 0.561376 0.165865
vt 0.333879 0.084206
vt 0.328585 0.071427
vt 0.556083 0.084206
vt 0.328585 0.071427
vt 0.561377 0.071426
vt 0.556083 0.084206
vt 0.556082 0.029024
vt 0.561376 0.041803
vt 0.333879 0.029024
vt 0.561376 0.041803
vt 0.328585 0.041803
vt 0.333879 0.029024
vt 0.333879 0.084205
vt 0.328585 0.071426
vt 0.556081 0.084206
vt 0.328585 0.071426
vt 0.561375 0.071425
vt 0.556081 0.084206
vt 0.333879 0.084205
vt 0.328585 0.071426
vt 0.556080 0.084206
vt 0.328585 0.071426
vt 0.561374 0.071426
vt 0.556080 0.084206
vt 0.556081 0.029024
vt 0.561374 0.041804
vt 0.333879 0.029024
vt 0.561374 0.041804
vt 0.328585 0.041804
vt 0.333879 0.029024
vt 0.556082 0.029023
vt 0.561376 0.041803
vt 0.333879 0.029024
vt 0.561376 0.041803
vt 0.328585 0.041803
vt 0.333879 0.029024
vt 0.333879 0.084206
vt 0.328585 0.071426
vt 0.556082 0.084206
vt 0.328585 0.071426
vt 0.561376 0.071426
vt 0.556082 0.084206
vt 0.627371 0.499045
vt 0.627371 0.000726
vt 0.720683 0.499045
vt 0.627371 0.000726
vt 0.720683 0.000726
vt 0.720683 0.499045
vt 0.813711 0.499045
vt 0.813711 0.000726
vt 0.907144 0.499045
vt 0.813711 0.000726
vt 0.907144 0.000726
vt 0.907144 0.499045
vt 0.626845 0.499045
vt 0.626845 0.000726
vt 0.720278 0.499045
vt 0.626845 0.000726
vt 0.720278 0.000726
vt 0.720278 0.499045
vt 0.813996 0.499045
vt 0.813996 0.000726
vt 0.907309 0.499045
vt 0.813996 0.000726
vt 0.907309 0.000726
vt 0.907309 0.499045
vt 0.720683 0.499045
vt 0.720683 0.000726
vt 0.813996 0.499045
vt 0.720683 0.000726
vt 0.813996 0.000726
vt 0.813996 0.499045
vt 0.907144 0.499045
vt 0.907144 0.000726
vt 1.000577 0.499045
vt 0.907144 0.000726
vt 1.000577 0.000726
vt 1.000577 0.499045
vt 0.720278 0.499045
vt 0.720278 0.000726
vt 0.813711 0.499045
vt 0.720278 0.000726
vt 0.813711 0.000726
vt 0.813711 0.499045
vt 0.907309 0.499045
vt 0.907309 0.000726
vt 1.000621 0.499045
vt 0.907309 0.000726
vt 1.000621 0.000726
vt 1.000621 0.499045
vt 0.181824 0.328863
vt 0.066364 0.286254
vt 0.181824 0.169869
vt 0.066364 0.286254
vt 0.066364 0.212479
vt 0.181824 0.169869
vt 0.105596 0.514628
vt 0.000250 0.451000
vt 0.135594 0.358489
vt 0.000250 0.451000
vt 0.014168 0.378550
vt 0.135594 0.358489
vt 0.387395 0.393281
vt 0.499618 0.368180
vt 0.443649 0.528812
vt 0.499618 0.368180
vt 0.532647 0.437237
vt 0.443649 0.528812
vt 0.426595 0.077600
vt 0.532647 0.154314
vt 0.381053 0.240447
vt 0.532647 0.154314
vt 0.511515 0.229877
vt 0.381053 0.240447
vt 0.135594 0.358489
vt 0.014168 0.338428
vt 0.105596 0.202349
vt 0.014168 0.338428
vt 0.000249 0.265978
vt 0.105596 0.202349
vt 0.446791 0.358990
vt 0.562251 0.401600
vt 0.446791 0.517985
vt 0.562251 0.401600
vt 0.562251 0.475375
vt 0.446791 0.517985
vt 0.519454 0.380676
vt 0.476844 0.496136
vt 0.360459 0.380676
vt 0.476844 0.496136
vt 0.403069 0.496136
vt 0.360459 0.380676
vt 0.381053 0.240447
vt 0.506698 0.290679
vt 0.387395 0.393281
vt 0.506698 0.290679
vt 0.499618 0.368180
vt 0.387395 0.393281
vt 0.014897 0.368201
vt 0.123720 0.294464
vt 0.050152 0.461830
vt 0.123720 0.294464
vt 0.171799 0.436464
vt 0.050152 0.461830
vt 0.123720 0.294464
vt 0.216660 0.249840
vt 0.171799 0.436464
vt 0.216660 0.249840
vt 0.257426 0.419049
vt 0.171799 0.436464
vt 0.216660 0.249840
vt 0.297837 0.233535
vt 0.257426 0.419049
vt 0.297837 0.233535
vt 0.322803 0.406232
vt 0.257426 0.419049
vt 0.297837 0.233535
vt 0.381053 0.240447
vt 0.322803 0.406232
vt 0.381053 0.240447
vt 0.387395 0.393281
vt 0.322803 0.406232
vt 0.488595 0.000249
vt 0.518404 0.124535
vt 0.391319 0.000249
vt 0.518404 0.124535
vt 0.361510 0.124535
vt 0.391319 0.000249
vt 0.518404 0.124535
vt 0.534268 0.223915
vt 0.361510 0.124535
vt 0.534268 0.223915
vt 0.345645 0.223915
vt 0.361510 0.124535
vt 0.534268 0.223915
vt 0.534268 0.303566
vt 0.345645 0.223915
vt 0.534268 0.303566
vt 0.345645 0.303566
vt 0.345645 0.223915
vt 0.534268 0.303566
vt 0.519454 0.380676
vt 0.345645 0.303566
vt 0.519454 0.380676
vt 0.360459 0.380676
vt 0.345645 0.303566
vt 0.066364 0.389849
vt 0.190650 0.360040
vt 0.066364 0.487126
vt 0.190650 0.360040
vt 0.190650 0.516935
vt 0.066364 0.487126
vt 0.190650 0.360040
vt 0.290030 0.344176
vt 0.190650 0.516935
vt 0.290030 0.344176
vt 0.290030 0.532799
vt 0.190650 0.516935
vt 0.290030 0.344176
vt 0.369681 0.344176
vt 0.290030 0.532799
vt 0.369681 0.344176
vt 0.369681 0.532799
vt 0.290030 0.532799
vt 0.369681 0.344176
vt 0.446791 0.358990
vt 0.369681 0.532799
vt 0.446791 0.358990
vt 0.446791 0.517985
vt 0.369681 0.532799
vt 0.503366 0.256408
vt 0.386936 0.309131
vt 0.485013 0.160879
vt 0.386936 0.309131
vt 0.357335 0.155054
vt 0.485013 0.160879
vt 0.386936 0.309131
vt 0.292334 0.343461
vt 0.357335 0.155054
vt 0.292334 0.343461
vt 0.256746 0.158225
vt 0.357335 0.155054
vt 0.292334 0.343461
vt 0.214114 0.358489
vt 0.256746 0.158225
vt 0.214114 0.358489
vt 0.178526 0.173253
vt 0.256746 0.158225
vt 0.214114 0.358489
vt 0.135594 0.358489
vt 0.178526 0.173253
vt 0.135594 0.358489
vt 0.105596 0.202349
vt 0.178526 0.173253
vt 0.028109 0.000249
vt 0.163946 0.005314
vt 0.000249 0.099883
vt 0.163946 0.005314
vt 0.119010 0.166011
vt 0.000249 0.099883
vt 0.163946 0.005314
vt 0.270278 0.017527
vt 0.119010 0.166011
vt 0.270278 0.017527
vt 0.216255 0.210723
vt 0.119010 0.166011
vt 0.270278 0.017527
vt 0.351860 0.040340
vt 0.216255 0.210723
vt 0.351860 0.040340
vt 0.297837 0.233535
vt 0.216255 0.210723
vt 0.351860 0.040340
vt 0.426595 0.077600
vt 0.297837 0.233535
vt 0.426595 0.077600
vt 0.381053 0.240447
vt 0.297837 0.233535
vt 0.050152 0.461830
vt 0.171799 0.436464
vt 0.050636 0.564785
vt 0.171799 0.436464
vt 0.185772 0.591847
vt 0.050636 0.564785
vt 0.171799 0.436464
vt 0.257426 0.419049
vt 0.185772 0.591847
vt 0.257426 0.419049
vt 0.293542 0.592056
vt 0.185772 0.591847
vt 0.257426 0.419049
vt 0.322803 0.406232
vt 0.293542 0.592056
vt 0.322803 0.406232
vt 0.374199 0.570523
vt 0.293542 0.592056
vt 0.322803 0.406232
vt 0.387395 0.393281
vt 0.374199 0.570523
vt 0.387395 0.393281
vt 0.443649 0.528812
vt 0.374199 0.570523
vt 0.485013 0.556097
vt 0.357335 0.561922
vt 0.503366 0.460568
vt 0.357335 0.561922
vt 0.386936 0.407845
vt 0.503366 0.460568
vt 0.357335 0.561922
vt 0.256747 0.558752
vt 0.386936 0.407845
vt 0.256747 0.558752
vt 0.292334 0.373516
vt 0.386936 0.407845
vt 0.256747 0.558752
vt 0.178526 0.543724
vt 0.292334 0.373516
vt 0.178526 0.543724
vt 0.214114 0.358489
vt 0.292334 0.373516
vt 0.178526 0.543724
vt 0.105596 0.514628
vt 0.214114 0.358489
vt 0.105596 0.514628
vt 0.135594 0.358489
vt 0.214114 0.358489
vt 0.562251 0.298004
vt 0.437965 0.327813
vt 0.562251 0.200728
vt 0.437965 0.327813
vt 0.437965 0.170919
vt 0.562251 0.200728
vt 0.437965 0.327813
vt 0.338585 0.343678
vt 0.437965 0.170919
vt 0.338585 0.343678
vt 0.338585 0.155054
vt 0.437965 0.170919
vt 0.338585 0.343678
vt 0.258934 0.343678
vt 0.338585 0.155054
vt 0.258934 0.343678
vt 0.258934 0.155054
vt 0.338585 0.155054
vt 0.258934 0.343678
vt 0.181824 0.328863
vt 0.258934 0.155054
vt 0.181824 0.328863
vt 0.181824 0.169869
vt 0.258934 0.155054
vt 0.504251 0.000249
vt 0.556418 0.126191
vt 0.430477 0.000249
vt 0.430477 0.000249
vt 0.556418 0.126191
vt 0.378310 0.052416
vt 0.378310 0.052416
vt 0.556418 0.126191
vt 0.378310 0.126191
vt 0.378310 0.126191
vt 0.556418 0.126191
vt 0.430476 0.178358
vt 0.504251 0.178358
vt 0.430476 0.178358
vt 0.556418 0.126191
vt 0.556418 0.052416
vt 0.556418 0.126191
vt 0.504251 0.000249

vn -0.000000 -1.000000 0.000000
vn -0.000000 -1.000000 0.000000
vn -0.000000 -1.000000 0.000000
vn 0.923880 0.000000 0.382683
vn 0.923880 0.000000 0.382683
vn 0.923880 0.000000 0.382683
vn 0.923880 0.000000 0.382683
vn 0.923880 0.000000 0.382683
vn 0.923880 0.000000 0.382683
vn -0.285040 0.951216 -0.118067
vn -0.285040 0.951216 -0.118067
vn -0.285040 0.951216 -0.118067
vn -0.285039 0.951217 -0.118067
vn -0.285039 0.951217 -0.118067
vn -0.285039 0.951217 -0.118067
vn -0.285433 0.666089 -0.689097
vn -0.285433 0.666089 -0.689097
vn -0.285433 0.666089 -0.689097
vn -0.285433 0.666088 -0.689097
vn -0.285433 0.666088 -0.689097
vn -0.285433 0.666088 -0.689097
vn 0.382684 0.000000 -0.923880
vn 0.382684 0.000000 -0.923880
vn 0.382684 0.000000 -0.923880
vn 0.382683 0.000000 -0.923880
vn 0.382683 0.000000 -0.923880
vn 0.382683 0.000000 -0.923880
vn -0.923880 0.000000 -0.382683
vn -0.923880 0.000000 -0.382683
vn -0.923880 0.000000 -0.382683
vn -0.923880 0.000000 -0.382684
vn -0.923880 0.000000 -0.382684
vn -0.923880 0.000000 -0.382684
vn -0.382683 0.000000 0.923880
vn -0.382683 0.000000 0.923880
vn -0.382683 0.000000 0.923880
vn -0.382683 0.000000 0.923880
vn -0.382683 0.000000 0.923880
vn -0.382683 0.000000 0.923880
vn 0.382684 0.000000 0.923879
vn 0.382684 0.000000 0.923879
vn 0.382684 0.000000 0.923879
vn 0.382683 0.000000 0.923880
vn 0.382683 0.000000 0.923880
vn 0.382683 0.000000 0.923880
vn 0.923880 0.000000 -0.382683
vn 0.923880 0.000000 -0.382683
vn 0.923880 0.000000 -0.382683
vn 0.923880 0.000000 -0.382683
vn 0.923880 0.000000 -0.382683
vn 0.923880 0.000000 -0.382683
vn -0.382683 0.000000 -0.923880
vn -0.382683 0.000000 -0.923880
vn -0.382683 0.000000 -0.923880
vn -0.382683 0.000000 -0.923880
vn -0.382683 0.000000 -0.923880
vn -0.382683 0.000000 -0.923880
vn -0.923880 0.000000 0.382683
vn -0.923880 0.000000 0.382683
vn -0.923880 0.000000 0.382683
vn -0.923880 0.000000 0.382683
vn -0.923880 0.000000 0.382683
vn -0.923880 0.000000 0.382683
vn 0.337377 0.471981 0.814500
vn 0.337377 0.471981 0.814500
vn 0.337377 0.471981 0.814500
vn 0.337377 0.471980 0.814501
vn 0.337377 0.471980 0.814501
vn 0.337377 0.471980 0.814501
vn -0.689097 0.666088 0.285433
vn -0.689097 0.666088 0.285433
vn -0.689097 0.666088 0.285433
vn -0.689097 0.666089 0.285433
vn -0.689097 0.666089 0.285433
vn -0.689097 0.666089 0.285433
vn 0.689097 0.666088 0.285433
vn 0.689097 0.666088 0.285433
vn 0.689097 0.666088 0.285433
vn 0.689096 0.666089 0.285433
vn 0.689096 0.666089 0.285433
vn 0.689096 0.666089 0.285433
vn 0.285433 0.666088 -0.689096
vn 0.285433 0.666088 -0.689096
vn 0.285433 0.666088 -0.689096
vn 0.285433 0.666089 -0.689096
vn 0.285433 0.666089 -0.689096
vn 0.285433 0.666089 -0.689096
vn -0.689096 0.666089 -0.285433
vn -0.689096 0.666089 -0.285433
vn -0.689096 0.666089 -0.285433
vn -0.689097 0.666088 -0.285433
vn -0.689097 0.666088 -0.285433
vn -0.689097 0.666088 -0.285433
vn -0.285433 0.666088 0.689097
vn -0.285433 0.666088 0.689097
vn -0.285433 0.666088 0.689097
vn -0.285433 0.666089 0.689097
vn -0.285433 0.666089 0.689097
vn -0.285433 0.666089 0.689097
vn 0.285433 0.666089 0.689096
vn 0.285433 0.666089 0.689096
vn 0.285433 0.666089 0.689096
vn 0.285433 0.666089 0.689097
vn 0.285433 0.666089 0.689097
vn 0.285433 0.666089 0.689097
vn 0.689097 0.666089 -0.285433
vn 0.689097 0.666089 -0.285433
vn 0.689097 0.666089 -0.285433
vn 0.689097 0.666088 -0.285433
vn 0.689097 0.666088 -0.285433
vn 0.689097 0.666088 -0.285433
vn 0.382684 0.000000 -0.923879
vn 0.382684 0.000000 -0.923879
vn 0.382684 0.000000 -0.923879
vn 0.382684 0.000000 -0.923879
vn 0.382684 0.000000 -0.923879
vn 0.382684 0.000000 -0.923879
vn 0.814500 0.471981 -0.337377
vn 0.814500 0.471981 -0.337377
vn 0.814500 0.471981 -0.337377
vn 0.814501 0.471981 -0.337377
vn 0.814501 0.471981 -0.337377
vn 0.814501 0.471981 -0.337377
vn -0.337377 0.471981 -0.814501
vn -0.337377 0.471981 -0.814501
vn -0.337377 0.471981 -0.814501
vn -0.337377 0.471980 -0.814500
vn -0.337377 0.471980 -0.814500
vn -0.337377 0.471980 -0.814500
vn -0.814501 0.471981 0.337377
vn -0.814501 0.471981 0.337377
vn -0.814501 0.471981 0.337377
vn -0.814500 0.471981 0.337377
vn -0.814500 0.471981 0.337377
vn -0.814500 0.471981 0.337377
vn 0.814500 0.471981 0.337377
vn 0.814500 0.471981 0.337377
vn 0.814500 0.471981 0.337377
vn 0.814500 0.471981 0.337377
vn 0.814500 0.471981 0.337377
vn 0.814500 0.471981 0.337377
vn 0.337377 0.471980 -0.814500
vn 0.337377 0.471980 -0.814500
vn 0.337377 0.471980 -0.814500
vn 0.337377 0.471981 -0.814500
vn 0.337377 0.471981 -0.814500
vn 0.337377 0.471981 -0.814500
vn -0.814500 0.471981 -0.337377
vn -0.814500 0.471981 -0.337377
vn -0.814500 0.471981 -0.337377
vn -0.814501 0.471981 -0.337377
vn -0.814501 0.471981 -0.337377
vn -0.814501 0.471981 -0.337377
vn -0.337377 0.471981 0.814500
vn -0.337377 0.471981 0.814500
vn -0.337377 0.471981 0.814500
vn -0.337377 0.471981 0.814501
vn -0.337377 0.471981 0.814501
vn -0.337377 0.471981 0.814501
vn -0.923880 0.000000 -0.382683
vn -0.923880 0.000000 -0.382683
vn -0.923880 0.000000 -0.382683
vn -0.923880 0.000000 -0.382683
vn -0.923880 0.000000 -0.382683
vn -0.923880 0.000000 -0.382683
vn -0.382684 0.000000 0.923880
vn -0.382684 0.000000 0.923880
vn -0.382684 0.000000 0.923880
vn -0.382683 0.000000 0.923880
vn -0.382683 0.000000 0.923880
vn -0.382683 0.000000 0.923880
vn 0.382684 0.000000 0.923879
vn 0.382684 0.000000 0.923879
vn 0.382684 0.000000 0.923879
vn 0.382684 0.000000 0.923880
vn 0.382684 0.000000 0.923880
vn 0.382684 0.000000 0.923880
vn 0.923879 0.000000 -0.382684
vn 0.923879 0.000000 -0.382684
vn 0.923879 0.000000 -0.382684
vn 0.923880 0.000000 -0.382683
vn 0.923880 0.000000 -0.382683
vn 0.923880 0.000000 -0.382683
vn -0.382683 0.000000 -0.923880
vn -0.382683 0.000000 -0.923880
vn -0.382683 0.000000 -0.923880
vn -0.382683 0.000000 -0.923880
vn -0.382683 0.000000 -0.923880
vn -0.382683 0.000000 -0.923880
vn -0.923880 0.000000 0.382683
vn -0.923880 0.000000 0.382683
vn -0.923880 0.000000 0.382683
vn -0.923880 0.000000 0.382683
vn -0.923880 0.000000 0.382683
vn -0.923880 0.000000 0.382683
vn 0.923880 0.000000 0.382683
vn 0.923880 0.000000 0.382683
vn 0.923880 0.000000 0.382683
vn 0.923879 0.000000 0.382684
vn 0.923879 0.000000 0.382684
vn 0.923879 0.000000 0.382684
vn 0.923880 0.000000 0.382683
vn 0.923880 0.000000 0.382683
vn 0.923880 0.000000 0.382683
vn 0.923880 0.000000 0.382683
vn 0.923880 0.000000 0.382683
vn 0.923880 0.000000 0.382683
vn 0.382684 0.000000 -0.923879
vn 0.382684 0.000000 -0.923879
vn 0.382684 0.000000 -0.923879
vn 0.382684 0.000000 -0.923879
vn 0.382684 0.000000 -0.923879
vn 0.382684 0.000000 -0.923879
vn -0.923880 0.000000 -0.382683
vn -0.923880 0.000000 -0.382683
vn -0.923880 0.000000 -0.382683
vn -0.923880 0.000000 -0.382683
vn -0.923880 0.000000 -0.382683
vn -0.923880 0.000000 -0.382683
vn -0.382684 0.000000 0.923879
vn -0.382684 0.000000 0.923879
vn -0.382684 0.000000 0.923879
vn -0.382684 0.000000 0.923880
vn -0.382684 0.000000 0.923880
vn -0.382684 0.000000 0.923880
vn 0.382684 0.000000 0.923879
vn 0.382684 0.000000 0.923879
vn 0.382684 0.000000 0.923879
vn 0.382684 0.000000 0.923879
vn 0.382684 0.000000 0.923879
vn 0.382684 0.000000 0.923879
vn 0.923880 0.000000 -0.382683
vn 0.923880 0.000000 -0.382683
vn 0.923880 0.000000 -0.382683
vn 0.923880 0.000000 -0.382683
vn 0.923880 0.000000 -0.382683
vn 0.923880 0.000000 -0.382683
vn -0.382684 0.000000 -0.923880
vn -0.382684 0.000000 -0.923880
vn -0.382684 0.000000 -0.923880
vn -0.382684 0.000000 -0.923880
vn -0.382684 0.000000 -0.923880
vn -0.382684 0.000000 -0.923880
vn -0.923880 0.000000 0.382683
vn -0.923880 0.000000 0.382683
vn -0.923880 0.000000 0.382683
vn -0.923880 0.000000 0.382683
vn -0.923880 0.000000 0.382683
vn -0.923880 0.000000 0.382683
vn 0.000001 -1.000000 0.000000
vn 0.000001 -1.000000 0.000000
vn 0.000001 -1.000000 0.000000
vn -0.000001 -1.000000 0.000000
vn -0.000001 -1.000000 0.000000
vn -0.000001 -1.000000 0.000000
vn -0.000000 -1.000000 0.000000
vn -0.000000 -1.000000 0.000000
vn -0.000000 -1.000000 0.000000
vn -0.000000 -1.000000 0.000000
vn -0.000000 -1.000000 0.000000
vn -0.000000 -1.000000 0.000000
vn -0.000000 -1.000000 0.000000
vn -0.000000 -1.000000 0.000000
vn -0.000000 -1.000000 0.000000
vn -0.000000 -1.000000 0.000000
vn -0.000000 -1.000000 0.000000
vn -0.000000 -1.000000 0.000000
vn 0.000001 -1.000000 0.000000
vn 0.000001 -1.000000 0.000000
vn 0.000001 -1.000000 0.000000
vn -0.000000 -1.000000 0.000000
vn -0.000000 -1.000000 0.000000
vn -0.000000 -1.000000 0.000000
vn -0.000000 -1.000000 0.000000
vn -0.000000 -1.000000 0.000000
vn -0.000000 -1.000000 0.000000
vn -0.000000 -1.000000 0.000000
vn -0.000000 -1.000000 0.000000
vn -0.000000 -1.000000 0.000000
vn -0.000000 -1.000000 0.000000
vn -0.000000 -1.000000 0.000000
vn -0.000000 -1.000000 0.000000
vn 0.000001 -1.000000 0.000000
vn 0.000001 -1.000000 0.000000
vn 0.000001 -1.000000 0.000000
vn -0.000000 -1.000000 0.000000
vn -0.000000 -1.000000 0.000000
vn -0.000000 -1.000000 0.000000
vn -0.000000 -1.000000 0.000000
vn -0.000000 -1.000000 0.000000
vn -0.000000 -1.000000 0.000000
vn -0.000000 -1.000000 0.000000
vn -0.000000 -1.000000 0.000000
vn -0.000000 -1.000000 0.000000
vn -0.000000 -1.000000 0.000000
vn -0.000000 -1.000000 0.000000
vn -0.000000 -1.000000 0.000000
vn 0.382683 0.000000 0.923880
vn 0.382683 0.000000 0.923880
vn 0.382683 0.000000 0.923880
vn 0.382684 0.000000 0.923879
vn 0.382684 0.000000 0.923879
vn 0.382684 0.000000 0.923879
vn 0.923880 0.000000 -0.382683
vn 0.923880 0.000000 -0.382683
vn 0.923880 0.000000 -0.382683
vn 0.923880 0.000000 -0.382684
vn 0.923880 0.000000 -0.382684
vn 0.923880 0.000000 -0.382684
vn -0.382683 0.000000 -0.923880
vn -0.382683 0.000000 -0.923880
vn -0.382683 0.000000 -0.923880
vn -0.382683 0.000000 -0.923880
vn -0.382683 0.000000 -0.923880
vn -0.382683 0.000000 -0.923880
vn -0.923880 0.000000 0.382683
vn -0.923880 0.000000 0.382683
vn -0.923880 0.000000 0.382683
vn -0.923880 0.000000 0.382683
vn -0.923880 0.000000 0.382683
vn -0.923880 0.000000 0.382683
vn 0.923880 0.000000 0.382684
vn 0.923880 0.000000 0.382684
vn 0.923880 0.000000 0.382684
vn 0.923880 0.000000 0.382683
vn 0.923880 0.000000 0.382683
vn 0.923880 0.000000 0.382683
vn 0.382683 0.000000 -0.923880
vn 0.382683 0.000000 -0.923880
vn 0.382683 0.000000 -0.923880
vn 0.382684 0.000000 -0.923879
vn 0.382684 0.000000 -0.923879
vn 0.382684 0.000000 -0.923879
vn -0.923879 0.000000 -0.382684
vn -0.923879 0.000000 -0.382684
vn -0.923879 0.000000 -0.382684
vn -0.923880 0.000000 -0.382683
vn -0.923880 0.000000 -0.382683
vn -0.923880 0.000000 -0.382683
vn -0.382683 0.000000 0.923880
vn -0.382683 0.000000 0.923880
vn -0.382683 0.000000 0.923880
vn -0.382683 0.000000 0.923880
vn -0.382683 0.000000 0.923880
vn -0.382683 0.000000 0.923880
vn -0.000000 1.000000 0.000000
vn -0.000000 1.000000 0.000000
vn -0.000000 1.000000 0.000000
vn 0.000003 1.000000 0.000000
vn 0.000003 1.000000 0.000000
vn 0.000003 1.000000 0.000000
vn 0.000001 1.000000 0.000000
vn 0.000001 1.000000 0.000000
vn 0.000001 1.000000 0.000000
vn -0.000001 1.000000 0.000000
vn -0.000001 1.000000 0.000000
vn -0.000001 1.000000 0.000000
vn -0.000000 1.000000 0.000000
vn -0.000000 1.000000 0.000000
vn -0.000000 1.000000 0.000000
vn -0.000001 1.000000 0.000000
vn -0.000001 1.000000 0.000000
vn -0.000001 1.000000 0.000000
vn 0.000002 1.000000 0.000000
vn 0.000002 1.000000 0.000000
vn 0.000002 1.000000 0.000000
vn -0.000000 1.000000 0.000000
vn -0.000000 1.000000 0.000000
vn -0.000000 1.000000 0.000000
vn -0.000000 1.000000 0.000000
vn -0.000000 1.000000 0.000000
vn -0.000000 1.000000 0.000000
vn -0.000000 1.000000 0.000000
vn -0.000000 1.000000 0.000000
vn -0.000000 1.000000 0.000000
vn -0.000000 1.000000 0.000000
vn -0.000000 1.000000 0.000000
vn -0.000000 1.000000 0.000000
vn -0.000001 1.000000 0.000000
vn -0.000001 1.000000 0.000000
vn -0.000001 1.000000 0.000000
vn -0.000000 1.000000 0.000000
vn -0.000000 1.000000 0.000000
vn -0.000000 1.000000 0.000000
vn 0.000001 1.000000 0.000000
vn 0.000001 1.000000 0.000000
vn 0.000001 1.000000 0.000000
vn -0.000001 1.000000 0.000000
vn -0.000001 1.000000 0.000000
vn -0.000001 1.000000 0.000000
vn -0.000001 1.000000 0.000000
vn -0.000001 1.000000 0.000000
vn -0.000001 1.000000 0.000000
vn -0.000001 -1.000000 0.000000
vn -0.000001 -1.000000 0.000000
vn -0.000001 -1.000000 0.000000
vn -0.000000 -1.000000 0.000000
vn -0.000000 -1.000000 0.000000
vn -0.000000 -1.000000 0.000000
vn -0.000000 -1.000000 0.000000
vn -0.000000 -1.000000 0.000000
vn -0.000000 -1.000000 0.000000
vn -0.000000 -1.000000 0.000000
vn -0.000000 -1.000000 0.000000
vn -0.000000 -1.000000 0.000000
vn -0.000000 -1.000000 0.000000
vn -0.000000 -1.000000 0.000000
vn -0.000000 -1.000000 0.000000
vn -0.285039 0.951217 0.118067
vn -0.285039 0.951217 0.118067
vn -0.285039 0.951217 0.118067
vn -0.285040 0.951216 0.118067
vn -0.285040 0.951216 0.118067
vn -0.285040 0.951216 0.118067
vn -0.118067 0.951217 0.285039
vn -0.118067 0.951217 0.285039
vn -0.118067 0.951217 0.285039
vn -0.118067 0.951217 0.285039
vn -0.118067 0.951217 0.285039
vn -0.118067 0.951217 0.285039
vn 0.118067 0.951216 0.285039
vn 0.118067 0.951216 0.285039
vn 0.118067 0.951216 0.285039
vn 0.118067 0.951217 0.285039
vn 0.118067 0.951217 0.285039
vn 0.118067 0.951217 0.285039
vn 0.285039 0.951216 0.118067
vn 0.285039 0.951216 0.118067
vn 0.285039 0.951216 0.118067
vn 0.285039 0.951216 0.118067
vn 0.285039 0.951216 0.118067
vn 0.285039 0.951216 0.118067
vn 0.285039 0.951216 -0.118067
vn 0.285039 0.951216 -0.118067
vn 0.285039 0.951216 -0.118067
vn 0.285039 0.951216 -0.118067
vn 0.285039 0.951216 -0.118067
vn 0.285039 0.951216 -0.118067
vn 0.118067 0.951216 -0.285039
vn 0.118067 0.951216 -0.285039
vn 0.118067 0.951216 -0.285039
vn 0.118067 0.951216 -0.285039
vn 0.118067 0.951216 -0.285039
vn 0.118067 0.951216 -0.285039
vn -0.118067 0.951217 -0.285039
vn -0.118067 0.951217 -0.285039
vn -0.118067 0.951217 -0.285039
vn -0.118067 0.951217 -0.285039
vn -0.118067 0.951217 -0.285039
vn -0.118067 0.951217 -0.285039
vn -0.307980 -0.593559 -0.743530
vn -0.307980 -0.593559 -0.743530
vn -0.307980 -0.593559 -0.743530
vn -0.307980 -0.593559 -0.743529
vn -0.307980 -0.593559 -0.743529
vn -0.307980 -0.593559 -0.743529
vn -0.356470 -0.363734 -0.860596
vn -0.356470 -0.363734 -0.860596
vn -0.356470 -0.363734 -0.860596
vn -0.356471 -0.363734 -0.860596
vn -0.356471 -0.363734 -0.860596
vn -0.356471 -0.363734 -0.860596
vn -0.381343 0.083620 -0.920644
vn -0.381343 0.083620 -0.920644
vn -0.381343 0.083620 -0.920644
vn -0.381343 0.083620 -0.920644
vn -0.381343 0.083620 -0.920644
vn -0.381343 0.083620 -0.920644
vn -0.273225 0.700176 -0.659623
vn -0.273225 0.700176 -0.659623
vn -0.273225 0.700176 -0.659623
vn -0.273224 0.700176 -0.659623
vn -0.273224 0.700176 -0.659623
vn -0.273224 0.700176 -0.659623
vn 0.307980 -0.593559 -0.743529
vn 0.307980 -0.593559 -0.743529
vn 0.307980 -0.593559 -0.743529
vn 0.307980 -0.593559 -0.743530
vn 0.307980 -0.593559 -0.743530
vn 0.307980 -0.593559 -0.743530
vn 0.356471 -0.363734 -0.860596
vn 0.356471 -0.363734 -0.860596
vn 0.356471 -0.363734 -0.860596
vn 0.356471 -0.363734 -0.860596
vn 0.356471 -0.363734 -0.860596
vn 0.356471 -0.363734 -0.860596
vn 0.381343 0.083620 -0.920644
vn 0.381343 0.083620 -0.920644
vn 0.381343 0.083620 -0.920644
vn 0.381343 0.083619 -0.920644
vn 0.381343 0.083619 -0.920644
vn 0.381343 0.083619 -0.920644
vn 0.273225 0.700176 -0.659622
vn 0.273225 0.700176 -0.659622
vn 0.273225 0.700176 -0.659622
vn 0.273225 0.700176 -0.659623
vn 0.273225 0.700176 -0.659623
vn 0.273225 0.700176 -0.659623
vn 0.743529 -0.593559 -0.307980
vn 0.743529 -0.593559 -0.307980
vn 0.743529 -0.593559 -0.307980
vn 0.743530 -0.593559 -0.307980
vn 0.743530 -0.593559 -0.307980
vn 0.743530 -0.593559 -0.307980
vn 0.860597 -0.363734 -0.356470
vn 0.860597 -0.363734 -0.356470
vn 0.860597 -0.363734 -0.356470
vn 0.860597 -0.363734 -0.356470
vn 0.860597 -0.363734 -0.356470
vn 0.860597 -0.363734 -0.356470
vn 0.920644 0.083619 -0.381343
vn 0.920644 0.083619 -0.381343
vn 0.920644 0.083619 -0.381343
vn 0.920644 0.083620 -0.381343
vn 0.920644 0.083620 -0.381343
vn 0.920644 0.083620 -0.381343
vn 0.659622 0.700176 -0.273224
vn 0.659622 0.700176 -0.273224
vn 0.659622 0.700176 -0.273224
vn 0.659622 0.700176 -0.273225
vn 0.659622 0.700176 -0.273225
vn 0.659622 0.700176 -0.273225
vn 0.743529 -0.593559 0.307980
vn 0.743529 -0.593559 0.307980
vn 0.743529 -0.593559 0.307980
vn 0.743530 -0.593559 0.307980
vn 0.743530 -0.593559 0.307980
vn 0.743530 -0.593559 0.307980
vn 0.860597 -0.363734 0.356470
vn 0.860597 -0.363734 0.356470
vn 0.860597 -0.363734 0.356470
vn 0.860597 -0.363734 0.356470
vn 0.860597 -0.363734 0.356470
vn 0.860597 -0.363734 0.356470
vn 0.920644 0.083619 0.381343
vn 0.920644 0.083619 0.381343
vn 0.920644 0.083619 0.381343
vn 0.920644 0.083620 0.381343
vn 0.920644 0.083620 0.381343
vn 0.920644 0.083620 0.381343
vn 0.659623 0.700176 0.273224
vn 0.659623 0.700176 0.273224
vn 0.659623 0.700176 0.273224
vn 0.659623 0.700176 0.273224
vn 0.659623 0.700176 0.273224
vn 0.659623 0.700176 0.273224
vn 0.307980 -0.593559 0.743529
vn 0.307980 -0.593559 0.743529
vn 0.307980 -0.593559 0.743529
vn 0.307980 -0.593559 0.743530
vn 0.307980 -0.593559 0.743530
vn 0.307980 -0.593559 0.743530
vn 0.356471 -0.363734 0.860596
vn 0.356471 -0.363734 0.860596
vn 0.356471 -0.363734 0.860596
vn 0.356471 -0.363734 0.860596
vn 0.356471 -0.363734 0.860596
vn 0.356471 -0.363734 0.860596
vn 0.381343 0.083620 0.920644
vn 0.381343 0.083620 0.920644
vn 0.381343 0.083620 0.920644
vn 0.381343 0.083619 0.920644
vn 0.381343 0.083619 0.920644
vn 0.381343 0.083619 0.920644
vn 0.273225 0.700176 0.659622
vn 0.273225 0.700176 0.659622
vn 0.273225 0.700176 0.659622
vn 0.273225 0.700176 0.659623
vn 0.273225 0.700176 0.659623
vn 0.273225 0.700176 0.659623
vn -0.307980 -0.593559 0.743529
vn -0.307980 -0.593559 0.743529
vn -0.307980 -0.593559 0.743529
vn -0.307980 -0.593559 0.743530
vn -0.307980 -0.593559 0.743530
vn -0.307980 -0.593559 0.743530
vn -0.356471 -0.363734 0.860596
vn -0.356471 -0.363734 0.860596
vn -0.356471 -0.363734 0.860596
vn -0.356471 -0.363734 0.860596
vn -0.356471 -0.363734 0.860596
vn -0.356471 -0.363734 0.860596
vn -0.381343 0.083620 0.920644
vn -0.381343 0.083620 0.920644
vn -0.381343 0.083620 0.920644
vn -0.381343 0.083619 0.920644
vn -0.381343 0.083619 0.920644
vn -0.381343 0.083619 0.920644
vn -0.273225 0.700176 0.659623
vn -0.273225 0.700176 0.659623
vn -0.273225 0.700176 0.659623
vn -0.273225 0.700176 0.659623
vn -0.273225 0.700176 0.659623
vn -0.273225 0.700176 0.659623
vn -0.743529 -0.593559 0.307980
vn -0.743529 -0.593559 0.307980
vn -0.743529 -0.593559 0.307980
vn -0.743530 -0.593559 0.307980
vn -0.743530 -0.593559 0.307980
vn -0.743530 -0.593559 0.307980
vn -0.860596 -0.363734 0.356471
vn -0.860596 -0.363734 0.356471
vn -0.860596 -0.363734 0.356471
vn -0.860596 -0.363734 0.356471
vn -0.860596 -0.363734 0.356471
vn -0.860596 -0.363734 0.356471
vn -0.920644 0.083619 0.381343
vn -0.920644 0.083619 0.381343
vn -0.920644 0.083619 0.381343
vn -0.920644 0.083620 0.381343
vn -0.920644 0.083620 0.381343
vn -0.920644 0.083620 0.381343
vn -0.659622 0.700176 0.273225
vn -0.659622 0.700176 0.273225
vn -0.659622 0.700176 0.273225
vn -0.659623 0.700176 0.273225
vn -0.659623 0.700176 0.273225
vn -0.659623 0.700176 0.273225
vn -0.743529 -0.593559 -0.307980
vn -0.743529 -0.593559 -0.307980
vn -0.743529 -0.593559 -0.307980
vn -0.743529 -0.593559 -0.307980
vn -0.743529 -0.593559 -0.307980
vn -0.743529 -0.593559 -0.307980
vn -0.860596 -0.363734 -0.356471
vn -0.860596 -0.363734 -0.356471
vn -0.860596 -0.363734 -0.356471
vn -0.860596 -0.363734 -0.356471
vn -0.860596 -0.363734 -0.356471
vn -0.860596 -0.363734 -0.356471
vn -0.920644 0.083620 -0.381343
vn -0.920644 0.083620 -0.381343
vn -0.920644 0.083620 -0.381343
vn -0.920644 0.083619 -0.381343
vn -0.920644 0.083619 -0.381343
vn -0.920644 0.083619 -0.381343
vn -0.659622 0.700176 -0.273225
vn -0.659622 0.700176 -0.273225
vn -0.659622 0.700176 -0.273225
vn -0.659623 0.700176 -0.273225
vn -0.659623 0.700176 -0.273225
vn -0.659623 0.700176 -0.273225
vn -0.000000 -1.000000 0.000000
vn -0.000000 -1.000000 0.000000
vn -0.000000 -1.000000 0.000000
vn -0.000000 -1.000000 0.000000
vn -0.000000 -1.000000 0.000000
vn -0.000000 -1.000000 0.000000
vn 0.923879 0.000000 -0.382684
vn 0.923879 0.000000 -0.382684
vn 0.923879 0.000000 -0.382684
vn 0.923880 0.000000 -0.382684
vn 0.923880 0.000000 -0.382684
vn 0.923880 0.000000 -0.382684
vn -0.000000 -1.000000 0.000000
vn -0.000000 -1.000000 0.000000
vn -0.000000 -1.000000 0.000000
vn 0.000000 -1.000000 0.000000
vn 0.000000 -1.000000 0.000000
vn 0.000000 -1.000000 0.000000
vn -0.000000 -1.000000 0.000000
vn -0.000000 -1.000000 0.000000
vn -0.000000 -1.000000 0.000000
vn 0.000000 -1.000000 0.000000
vn 0.000000 -1.000000 0.000000
vn 0.000000 -1.000000 0.000000
vn -0.000000 -1.000000 0.000000
vn -0.000000 -1.000000 0.000000
vn -0.000000 -1.000000 0.000000
vn -0.000000 -1.000000 0.000000
vn -0.000000 -1.000000 0.000000
vn -0.000000 -1.000000 0.000000
vn -0.000000 -1.000000 0.000000
vn -0.000000 -1.000000 0.000000
vn -0.000000 -1.000000 0.000000
vn -0.000000 -1.000000 0.000000
vn -0.000000 -1.000000 0.000000
vn -0.000000 -1.000000 0.000000
vn -0.000000 -1.000000 0.000000
vn -0.000000 -1.000000 0.000000
vn -0.000000 -1.000000 0.000000
vn -0.000000 -1.000000 0.000000
vn -0.000000 -1.000000 0.000000
vn -0.000000 -1.000000 0.000000
vn -0.000000 -1.000000 0.000000
vn -0.000000 -1.000000 0.000000
vn -0.000000 -1.000000 0.000000
vn 0.000000 -1.000000 0.000000
vn 0.000000 -1.000000 0.000000
vn 0.000000 -1.000000 0.000000
vn -0.000000 -1.000000 0.000000
vn -0.000000 -1.000000 0.000000
vn -0.000000 -1.000000 0.000000
vn 0.000000 -1.000000 0.000000
vn 0.000000 -1.000000 0.000000
vn 0.000000 -1.000000 0.000000
vn -0.000000 1.000000 0.000000
vn -0.000000 1.000000 0.000000
vn -0.000000 1.000000 0.000000
vn -0.000000 1.000000 0.000000
vn -0.000000 1.000000 0.000000
vn -0.000000 1.000000 0.000000
vn -0.382683 0.000000 -0.923880
vn -0.382683 0.000000 -0.923880
vn -0.382683 0.000000 -0.923880
vn -0.382683 0.000000 -0.923880
vn -0.382683 0.000000 -0.923880
vn -0.382683 0.000000 -0.923880
vn -0.923880 0.000000 0.382683
vn -0.923880 0.000000 0.382683
vn -0.923880 0.000000 0.382683
vn -0.923880 0.000000 0.382683
vn -0.923880 0.000000 0.382683
vn -0.923880 0.000000 0.382683
vn 0.923880 0.000000 0.382684
vn 0.923880 0.000000 0.382684
vn 0.923880 0.000000 0.382684
vn 0.923879 0.000000 0.382684
vn 0.923879 0.000000 0.382684
vn 0.923879 0.000000 0.382684
vn 0.382684 0.000000 -0.923879
vn 0.382684 0.000000 -0.923879
vn 0.382684 0.000000 -0.923879
vn 0.382684 0.000000 -0.923879
vn 0.382684 0.000000 -0.923879
vn 0.382684 0.000000 -0.923879
vn -0.923880 0.000000 -0.382683
vn -0.923880 0.000000 -0.382683
vn -0.923880 0.000000 -0.382683
vn -0.923880 0.000000 -0.382683
vn -0.923880 0.000000 -0.382683
vn -0.923880 0.000000 -0.382683
vn -0.382683 0.000000 0.923880
vn -0.382683 0.000000 0.923880
vn -0.382683 0.000000 0.923880
vn -0.382684 0.000000 0.923880
vn -0.382684 0.000000 0.923880
vn -0.382684 0.000000 0.923880
vn 0.382684 0.000000 0.923879
vn 0.382684 0.000000 0.923879
vn 0.382684 0.000000 0.923879
vn 0.382684 0.000000 0.923879
vn 0.382684 0.000000 0.923879
vn 0.382684 0.000000 0.923879
vn -0.000001 1.000000 0.000000
vn -0.000001 1.000000 0.000000
vn -0.000001 1.000000 0.000000
vn 0.000001 1.000000 0.000000
vn 0.000001 1.000000 0.000000
vn 0.000001 1.000000 0.000000
vn -0.000000 1.000000 0.000000
vn -0.000000 1.000000 0.000000
vn -0.000000 1.000000 0.000000
vn 0.000000 1.000000 0.000000
vn 0.000000 1.000000 0.000000
vn 0.000000 1.000000 0.000000
vn -0.000000 1.000000 0.000000
vn -0.000000 1.000000 0.000000
vn -0.000000 1.000000 0.000000
vn 0.000001 1.000000 0.000000
vn 0.000001 1.000000 0.000000
vn 0.000001 1.000000 0.000000
vn 0.000000 1.000000 0.000000
vn 0.000000 1.000000 0.000000
vn 0.000000 1.000000 0.000000
vn -0.000001 1.000000 0.000000
vn -0.000001 1.000000 0.000000
vn -0.000001 1.000000 0.000000
vn -0.000000 1.000000 0.000000
vn -0.000000 1.000000 0.000000
vn -0.000000 1.000000 0.000000
vn -0.000000 1.000000 0.000000
vn -0.000000 1.000000 0.000000
vn -0.000000 1.000000 0.000000
vn -0.000000 1.000000 0.000000
vn -0.000000 1.000000 0.000000
vn -0.000000 1.000000 0.000000
vn -0.000000 1.000000 0.000000
vn -0.000000 1.000000 0.000000
vn -0.000000 1.000000 0.000000
vn -0.000000 1.000000 0.000000
vn -0.000000 1.000000 0.000000
vn -0.000000 1.000000 0.000000
vn -0.000000 1.000000 0.000000
vn -0.000000 1.000000 0.000000
vn -0.000000 1.000000 0.000000
vn 0.707107 0.000000 -0.707107
vn 0.707107 0.000000 -0.707107
vn 0.707107 0.000000 -0.707107
vn 0.707107 0.000000 -0.707107
vn 0.707107 0.000000 -0.707107
vn 0.707107 0.000000 -0.707107
vn -0.707107 0.000000 -0.707107
vn -0.707107 0.000000 -0.707107
vn -0.707107 0.000000 -0.707107
vn -0.707107 0.000000 -0.707107
vn -0.707107 0.000000 -0.707107
vn -0.707107 0.000000 -0.707107
vn -0.707107 0.000000 0.707107
vn -0.707107 0.000000 0.707107
vn -0.707107 0.000000 0.707107
vn -0.707107 0.000000 0.707107
vn -0.707107 0.000000 0.707107
vn -0.707107 0.000000 0.707107
vn -0.000000 -1.000000 0.000000
vn -0.000000 -1.000000 0.000000
vn -0.000000 -1.000000 0.000000
vn -0.000000 -1.000000 0.000000
vn -0.000000 -1.000000 0.000000
vn -0.000000 -1.000000 0.000000
vn -0.000000 1.000000 0.000000
vn -0.000000 1.000000 0.000000
vn -0.000000 1.000000 0.000000
vn -0.000000 1.000000 0.000000
vn -0.000000 1.000000 0.000000
vn -0.000000 1.000000 0.000000
vn 0.707107 0.000000 0.707107
vn 0.707107 0.000000 0.707107
vn 0.707107 0.000000 0.707107
vn 0.707107 0.000000 0.707107
vn 0.707107 0.000000 0.707107
vn 0.707107 0.000000 0.707107
vn -0.000000 -1.000000 0.000000
vn -0.000000 -1.000000 0.000000
vn -0.000000 -1.000000 0.000000
vn -0.000000 -1.000000 0.000000
vn -0.000000 -1.000000 0.000000
vn -0.000000 -1.000000 0.000000
vn 0.000000 1.000000 0.000000
vn 0.000000 1.000000 0.000000
vn 0.000000 1.000000 0.000000
vn -0.000000 1.000000 0.000000
vn -0.000000 1.000000 0.000000
vn -0.000000 1.000000 0.000000
vn -0.707107 0.000000 0.707107
vn -0.707107 0.000000 0.707107
vn -0.707107 0.000000 0.707107
vn -0.707107 0.000000 0.707107
vn -0.707107 0.000000 0.707107
vn -0.707107 0.000000 0.707107
vn 0.707107 0.000000 -0.707107
vn 0.707107 0.000000 -0.707107
vn 0.707107 0.000000 -0.707107
vn 0.707107 0.000000 -0.707107
vn 0.707107 0.000000 -0.707107
vn 0.707107 0.000000 -0.707107
vn 0.000000 -1.000000 0.000000
vn 0.000000 -1.000000 0.000000
vn 0.000000 -1.000000 0.000000
vn -0.000000 -1.000000 0.000000
vn -0.000000 -1.000000 0.000000
vn -0.000000 -1.000000 0.000000
vn -0.000000 1.000000 0.000000
vn -0.000000 1.000000 0.000000
vn -0.000000 1.000000 0.000000
vn -0.000000 1.000000 0.000000
vn -0.000000 1.000000 0.000000
vn -0.000000 1.000000 0.000000
vn 0.707107 0.000000 0.707107
vn 0.707107 0.000000 0.707107
vn 0.707107 0.000000 0.707107
vn 0.707107 0.000000 0.707107
vn 0.707107 0.000000 0.707107
vn 0.707107 0.000000 0.707107
vn -0.707107 0.000000 -0.707107
vn -0.707107 0.000000 -0.707107
vn -0.707107 0.000000 -0.707107
vn -0.707107 0.000000 -0.707107
vn -0.707107 0.000000 -0.707107
vn -0.707107 0.000000 -0.707107
vn -0.000000 -1.000000 0.000000
vn -0.000000 -1.000000 0.000000
vn -0.000000 -1.000000 0.000000
vn 0.000000 -1.000000 0.000000
vn 0.000000 -1.000000 0.000000
vn 0.000000 -1.000000 0.000000
vn -0.000000 1.000000 0.000000
vn -0.000000 1.000000 0.000000
vn -0.000000 1.000000 0.000000
vn -0.000000 1.000000 0.000000
vn -0.000000 1.000000 0.000000
vn -0.000000 1.000000 0.000000
vn -0.000001 -1.000000 0.000000
vn -0.000001 -1.000000 0.000000
vn -0.000001 -1.000000 0.000000
vn 0.000000 -1.000000 0.000000
vn 0.000000 -1.000000 0.000000
vn 0.000000 -1.000000 0.000000
vn -0.000000 1.000000 0.000000
vn -0.000000 1.000000 0.000000
vn -0.000000 1.000000 0.000000
vn 0.000000 1.000000 0.000000
vn 0.000000 1.000000 0.000000
vn 0.000000 1.000000 0.000000
vn 0.382684 0.000000 -0.923880
vn 0.382684 0.000000 -0.923880
vn 0.382684 0.000000 -0.923880
vn 0.382684 0.000000 -0.923879
vn 0.382684 0.000000 -0.923879
vn 0.382684 0.000000 -0.923879
vn 0.000000 -1.000000 0.000000
vn 0.000000 -1.000000 0.000000
vn 0.000000 -1.000000 0.000000
vn -0.000000 -1.000000 0.000000
vn -0.000000 -1.000000 0.000000
vn -0.000000 -1.000000 0.000000
vn 0.382684 0.000000 0.923880
vn 0.382684 0.000000 0.923880
vn 0.382684 0.000000 0.923880
vn 0.382684 0.000000 0.923879
vn 0.382684 0.000000 0.923879
vn 0.382684 0.000000 0.923879
vn 0.923879 0.000000 -0.382683
vn 0.923879 0.000000 -0.382683
vn 0.923879 0.000000 -0.382683
vn 0.923880 0.000000 -0.382683
vn 0.923880 0.000000 -0.382683
vn 0.923880 0.000000 -0.382683
vn -0.000000 1.000000 0.000000
vn -0.000000 1.000000 0.000000
vn -0.000000 1.000000 0.000000
vn 0.000000 1.000000 0.000000
vn 0.000000 1.000000 0.000000
vn 0.000000 1.000000 0.000000
vn 0.923880 0.000000 0.382683
vn 0.923880 0.000000 0.382683
vn 0.923880 0.000000 0.382683
vn 0.923880 0.000000 0.382683
vn 0.923880 0.000000 0.382683
vn 0.923880 0.000000 0.382683
vn 0.923880 0.000000 0.382683
vn 0.923880 0.000000 0.382683
vn 0.923880 0.000000 0.382683
vn 0.923879 0.000000 0.382684
vn 0.923879 0.000000 0.382684
vn 0.923879 0.000000 0.382684
vn -0.000000 -1.000000 0.000000
vn -0.000000 -1.000000 0.000000
vn -0.000000 -1.000000 0.000000
vn 0.000000 -1.000000 0.000000
vn 0.000000 -1.000000 0.000000
vn 0.000000 -1.000000 0.000000
vn 0.923880 0.000000 -0.382683
vn 0.923880 0.000000 -0.382683
vn 0.923880 0.000000 -0.382683
vn 0.923880 0.000000 -0.382683
vn 0.923880 0.000000 -0.382683
vn 0.923880 0.000000 -0.382683
vn 0.382683 0.000000 0.923880
vn 0.382683 0.000000 0.923880
vn 0.382683 0.000000 0.923880
vn 0.382683 0.000000 0.923879
vn 0.382683 0.000000 0.923879
vn 0.382683 0.000000 0.923879
vn -0.000000 -1.000000 0.000000
vn -0.000000 -1.000000 0.000000
vn -0.000000 -1.000000 0.000000
vn -0.000000 -1.000000 0.000000
vn -0.000000 -1.000000 0.000000
vn -0.000000 -1.000000 0.000000
vn 0.382684 0.000000 -0.923879
vn 0.382684 0.000000 -0.923879
vn 0.382684 0.000000 -0.923879
vn 0.382683 0.000000 -0.923880
vn 0.382683 0.000000 -0.923880
vn 0.382683 0.000000 -0.923880
vn -0.382683 0.000000 0.923879
vn -0.382683 0.000000 0.923879
vn -0.382683 0.000000 0.923879
vn -0.382684 0.000000 0.923879
vn -0.382684 0.000000 0.923879
vn -0.382684 0.000000 0.923879
vn -0.000000 -1.000000 0.000000
vn -0.000000 -1.000000 0.000000
vn -0.000000 -1.000000 0.000000
vn 0.000000 -1.000000 0.000000
vn 0.000000 -1.000000 0.000000
vn 0.000000 -1.000000 0.000000
vn -0.382683 0.000000 -0.923880
vn -0.382683 0.000000 -0.923880
vn -0.382683 0.000000 -0.923880
vn -0.382683 0.000000 -0.923880
vn -0.382683 0.000000 -0.923880
vn -0.382683 0.000000 -0.923880
vn -0.923880 0.000000 0.382683
vn -0.923880 0.000000 0.382683
vn -0.923880 0.000000 0.382683
vn -0.923880 0.000000 0.382683
vn -0.923880 0.000000 0.382683
vn -0.923880 0.000000 0.382683
vn -0.923879 0.000000 0.382684
vn -0.923879 0.000000 0.382684
vn -0.923879 0.000000 0.382684
vn -0.923880 0.000000 0.382683
vn -0.923880 0.000000 0.382683
vn -0.923880 0.000000 0.382683
vn -0.923879 0.000000 -0.382683
vn -0.923879 0.000000 -0.382683
vn -0.923879 0.000000 -0.382683
vn -0.923879 0.000000 -0.382684
vn -0.923879 0.000000 -0.382684
vn -0.923879 0.000000 -0.382684
vn -0.923880 0.000000 -0.382683
vn -0.923880 0.000000 -0.382683
vn -0.923880 0.000000 -0.382683
vn -0.923880 0.000000 -0.382683
vn -0.923880 0.000000 -0.382683
vn -0.923880 0.000000 -0.382683
vn -0.000000 1.000000 0.000000
vn -0.000000 1.000000 0.000000
vn -0.000000 1.000000 0.000000
vn 0.000001 1.000000 0.000000
vn 0.000001 1.000000 0.000000
vn 0.000001 1.000000 0.000000
vn 0.000001 1.000000 0.000000
vn 0.000001 1.000000 0.000000
vn 0.000001 1.000000 0.000000
vn -0.000000 1.000000 0.000000
vn -0.000000 1.000000 0.000000
vn -0.000000 1.000000 0.000000
vn -0.382684 0.000000 -0.923879
vn -0.382684 0.000000 -0.923879
vn -0.382684 0.000000 -0.923879
vn -0.382683 0.000000 -0.923880
vn -0.382683 0.000000 -0.923880
vn -0.382683 0.000000 -0.923880
vn -0.382684 0.000000 0.923880
vn -0.382684 0.000000 0.923880
vn -0.382684 0.000000 0.923880
vn -0.382683 0.000000 0.923880
vn -0.382683 0.000000 0.923880
vn -0.382683 0.000000 0.923880
vn -0.000000 1.000000 0.000000
vn -0.000000 1.000000 0.000000
vn -0.000000 1.000000 0.000000
vn 0.000000 1.000000 0.000000
vn 0.000000 1.000000 0.000000
vn 0.000000 1.000000 0.000000
vn -0.000000 -1.000000 0.000000
vn -0.000000 -1.000000 0.000000
vn -0.000000 -1.000000 0.000000
vn 0.000000 -1.000000 0.000000
vn 0.000000 -1.000000 0.000000
vn 0.000000 -1.000000 0.000000
vn -0.000000 1.000000 0.000000
vn -0.000000 1.000000 0.000000
vn -0.000000 1.000000 0.000000
vn 0.000000 1.000000 0.000000
vn 0.000000 1.000000 0.000000
vn 0.000000 1.000000 0.000000
vn -0.000000 1.000000 0.000000
vn -0.000000 1.000000 0.000000
vn -0.000000 1.000000 0.000000
vn -0.000000 1.000000 0.000000
vn -0.000000 1.000000 0.000000
vn -0.000000 1.000000 0.000000
vn 0.000000 -1.000000 0.000000
vn 0.000000 -1.000000 0.000000
vn 0.000000 -1.000000 0.000000
vn -0.000000 -1.000000 0.000000
vn -0.000000 -1.000000 0.000000
vn -0.000000 -1.000000 0.000000
vn -0.000000 -1.000000 0.000000
vn -0.000000 -1.000000 0.000000
vn -0.000000 -1.000000 0.000000
vn -0.000000 -1.000000 0.000000
vn -0.000000 -1.000000 0.000000
vn -0.000000 -1.000000 0.000000
vn -0.000000 1.000000 0.000000
vn -0.000000 1.000000 0.000000
vn -0.000000 1.000000 0.000000
vn 0.000000 1.000000 0.000000
vn 0.000000 1.000000 0.000000
vn 0.000000 1.000000 0.000000
vn -0.889419 0.270572 0.368409
vn -0.889419 0.270572 0.368409
vn -0.889419 0.270572 0.368409
vn -0.889419 0.270572 0.368409
vn -0.889419 0.270572 0.368409
vn -0.889419 0.270572 0.368409
vn 0.889419 0.270572 -0.368409
vn 0.889419 0.270572 -0.368409
vn 0.889419 0.270572 -0.368409
vn 0.889419 0.270572 -0.368409
vn 0.889419 0.270572 -0.368409
vn 0.889419 0.270572 -0.368409
vn -0.368409 0.270572 0.889419
vn -0.368409 0.270572 0.889419
vn -0.368409 0.270572 0.889419
vn -0.368409 0.270572 0.889419
vn -0.368409 0.270572 0.889419
vn -0.368409 0.270572 0.889419
vn -0.889419 0.270572 -0.368409
vn -0.889419 0.270572 -0.368409
vn -0.889419 0.270572 -0.368409
vn -0.889419 0.270572 -0.368409
vn -0.889419 0.270572 -0.368409
vn -0.889419 0.270572 -0.368409
vn 0.889419 0.270572 0.368409
vn 0.889419 0.270572 0.368409
vn 0.889419 0.270572 0.368409
vn 0.889419 0.270572 0.368409
vn 0.889419 0.270572 0.368409
vn 0.889419 0.270572 0.368409
vn -0.368409 0.270572 -0.889419
vn -0.368409 0.270572 -0.889419
vn -0.368409 0.270572 -0.889419
vn -0.368409 0.270572 -0.889419
vn -0.368409 0.270572 -0.889419
vn -0.368409 0.270572 -0.889419
vn 0.368409 0.270572 0.889419
vn 0.368409 0.270572 0.889419
vn 0.368409 0.270572 0.889419
vn 0.368409 0.270572 0.889418
vn 0.368409 0.270572 0.889418
vn 0.368409 0.270572 0.889418
vn 0.368409 0.270572 -0.889419
vn 0.368409 0.270572 -0.889419
vn 0.368409 0.270572 -0.889419
vn 0.368409 0.270572 -0.889419
vn 0.368409 0.270572 -0.889419
vn 0.368409 0.270572 -0.889419
vn 0.000009 -1.000000 0.000000
vn 0.000009 -1.000000 0.000000
vn 0.000009 -1.000000 0.000000
vn 0.000000 -1.000000 0.000000
vn 0.000000 -1.000000 0.000000
vn 0.000000 -1.000000 0.000000
vn -0.000000 1.000000 0.000000
vn -0.000000 1.000000 0.000000
vn -0.000000 1.000000 0.000000
vn -0.000002 1.000000 0.000000
vn -0.000002 1.000000 0.000000
vn -0.000002 1.000000 0.000000
vn -0.382684 0.000000 0.923879
vn -0.382684 0.000000 0.923879
vn -0.382684 0.000000 0.923879
vn -0.382683 0.000000 0.923880
vn -0.382683 0.000000 0.923880
vn -0.382683 0.000000 0.923880
vn -0.000000 -1.000000 0.000000
vn -0.000000 -1.000000 0.000000
vn -0.000000 -1.000000 0.000000
vn -0.000001 -1.000000 0.000000
vn -0.000001 -1.000000 0.000000
vn -0.000001 -1.000000 0.000000
vn -0.382683 0.000000 -0.923880
vn -0.382683 0.000000 -0.923880
vn -0.382683 0.000000 -0.923880
vn -0.382684 0.000000 -0.923880
vn -0.382684 0.000000 -0.923880
vn -0.382684 0.000000 -0.923880
vn -0.923879 0.000000 0.382684
vn -0.923879 0.000000 0.382684
vn -0.923879 0.000000 0.382684
vn -0.923879 0.000000 0.382684
vn -0.923879 0.000000 0.382684
vn -0.923879 0.000000 0.382684
vn -0.000009 1.000000 0.000000
vn -0.000009 1.000000 0.000000
vn -0.000009 1.000000 0.000000
vn 0.000000 1.000000 0.000000
vn 0.000000 1.000000 0.000000
vn 0.000000 1.000000 0.000000
vn -0.923880 0.000000 -0.382682
vn -0.923880 0.000000 -0.382682
vn -0.923880 0.000000 -0.382682
vn -0.923879 0.000000 -0.382684
vn -0.923879 0.000000 -0.382684
vn -0.923879 0.000000 -0.382684
vn -0.923879 0.000000 -0.382684
vn -0.923879 0.000000 -0.382684
vn -0.923879 0.000000 -0.382684
vn -0.923879 0.000000 -0.382684
vn -0.923879 0.000000 -0.382684
vn -0.923879 0.000000 -0.382684
vn 0.000002 -1.000000 0.000000
vn 0.000002 -1.000000 0.000000
vn 0.000002 -1.000000 0.000000
vn -0.000001 -1.000000 0.000000
vn -0.000001 -1.000000 0.000000
vn -0.000001 -1.000000 0.000000
vn -0.923880 0.000000 0.382683
vn -0.923880 0.000000 0.382683
vn -0.923880 0.000000 0.382683
vn -0.923879 0.000000 0.382684
vn -0.923879 0.000000 0.382684
vn -0.923879 0.000000 0.382684
vn -0.382683 0.000000 -0.923880
vn -0.382683 0.000000 -0.923880
vn -0.382683 0.000000 -0.923880
vn -0.382684 0.000000 -0.923879
vn -0.382684 0.000000 -0.923879
vn -0.382684 0.000000 -0.923879
vn -0.000009 -1.000000 0.000000
vn -0.000009 -1.000000 0.000000
vn -0.000009 -1.000000 0.000000
vn -0.000000 -1.000000 0.000000
vn -0.000000 -1.000000 0.000000
vn -0.000000 -1.000000 0.000000
vn -0.382683 0.000000 0.923880
vn -0.382683 0.000000 0.923880
vn -0.382683 0.000000 0.923880
vn -0.382684 0.000000 0.923879
vn -0.382684 0.000000 0.923879
vn -0.382684 0.000000 0.923879
vn 0.382684 0.000000 -0.923879
vn 0.382684 0.000000 -0.923879
vn 0.382684 0.000000 -0.923879
vn 0.382683 0.000000 -0.923880
vn 0.382683 0.000000 -0.923880
vn 0.382683 0.000000 -0.923880
vn -0.000000 -1.000000 0.000000
vn -0.000000 -1.000000 0.000000
vn -0.000000 -1.000000 0.000000
vn 0.000005 -1.000000 0.000000
vn 0.000005 -1.000000 0.000000
vn 0.000005 -1.000000 0.000000
vn 0.382684 0.000000 0.923880
vn 0.382684 0.000000 0.923880
vn 0.382684 0.000000 0.923880
vn 0.382684 0.000000 0.923879
vn 0.382684 0.000000 0.923879
vn 0.382684 0.000000 0.923879
vn 0.923880 0.000000 -0.382683
vn 0.923880 0.000000 -0.382683
vn 0.923880 0.000000 -0.382683
vn 0.923880 0.000000 -0.382683
vn 0.923880 0.000000 -0.382683
vn 0.923880 0.000000 -0.382683
vn 0.923880 0.000000 -0.382683
vn 0.923880 0.000000 -0.382683
vn 0.923880 0.000000 -0.382683
vn 0.923879 0.000000 -0.382684
vn 0.923879 0.000000 -0.382684
vn 0.923879 0.000000 -0.382684
vn 0.923880 0.000000 0.382683
vn 0.923880 0.000000 0.382683
vn 0.923880 0.000000 0.382683
vn 0.923879 0.000000 0.382684
vn 0.923879 0.000000 0.382684
vn 0.923879 0.000000 0.382684
vn 0.923880 0.000000 0.382683
vn 0.923880 0.000000 0.382683
vn 0.923880 0.000000 0.382683
vn 0.923880 0.000000 0.382683
vn 0.923880 0.000000 0.382683
vn 0.923880 0.000000 0.382683
vn -0.000000 1.000000 0.000000
vn -0.000000 1.000000 0.000000
vn -0.000000 1.000000 0.000000
vn 0.000005 1.000000 0.000000
vn 0.000005 1.000000 0.000000
vn 0.000005 1.000000 0.000000
vn -0.000000 1.000000 0.000000
vn -0.000000 1.000000 0.000000
vn -0.000000 1.000000 0.000000
vn -0.000000 1.000000 0.000000
vn -0.000000 1.000000 0.000000
vn -0.000000 1.000000 0.000000
vn 0.382683 0.000000 0.923880
vn 0.382683 0.000000 0.923880
vn 0.382683 0.000000 0.923880
vn 0.382684 0.000000 0.923879
vn 0.382684 0.000000 0.923879
vn 0.382684 0.000000 0.923879
vn 0.382683 0.000000 -0.923880
vn 0.382683 0.000000 -0.923880
vn 0.382683 0.000000 -0.923880
vn 0.382684 0.000000 -0.923879
vn 0.382684 0.000000 -0.923879
vn 0.382684 0.000000 -0.923879
vn -0.000000 1.000000 0.000000
vn -0.000000 1.000000 0.000000
vn -0.000000 1.000000 0.000000
vn 0.000001 1.000000 0.000000
vn 0.000001 1.000000 0.000000
vn 0.000001 1.000000 0.000000
vn -0.000000 -1.000000 0.000000
vn -0.000000 -1.000000 0.000000
vn -0.000000 -1.000000 0.000000
vn 0.000001 -1.000000 0.000000
vn 0.000001 -1.000000 0.000000
vn 0.000001 -1.000000 0.000000
vn -0.000000 1.000000 0.000000
vn -0.000000 1.000000 0.000000
vn -0.000000 1.000000 0.000000
vn -0.000005 1.000000 0.000000
vn -0.000005 1.000000 0.000000
vn -0.000005 1.000000 0.000000
vn 0.000002 1.000000 0.000000
vn 0.000002 1.000000 0.000000
vn 0.000002 1.000000 0.000000
vn -0.000001 1.000000 0.000000
vn -0.000001 1.000000 0.000000
vn -0.000001 1.000000 0.000000
vn -0.000000 -1.000000 0.000000
vn -0.000000 -1.000000 0.000000
vn -0.000000 -1.000000 0.000000
vn -0.000001 -1.000000 0.000000
vn -0.000001 -1.000000 0.000000
vn -0.000001 -1.000000 0.000000
vn -0.000000 -1.000000 0.000000
vn -0.000000 -1.000000 0.000000
vn -0.000000 -1.000000 0.000000
vn -0.000002 -1.000000 0.000000
vn -0.000002 -1.000000 0.000000
vn -0.000002 -1.000000 0.000000
vn -0.000002 1.000000 0.000000
vn -0.000002 1.000000 0.000000
vn -0.000002 1.000000 0.000000
vn 0.000001 1.000000 0.000000
vn 0.000001 1.000000 0.000000
vn 0.000001 1.000000 0.000000
vn 0.923880 0.000000 0.382684
vn 0.923880 0.000000 0.382684
vn 0.923880 0.000000 0.382684
vn 0.923880 0.000000 0.382684
vn 0.923880 0.000000 0.382684
vn 0.923880 0.000000 0.382684
vn 0.382684 0.000000 -0.923879
vn 0.382684 0.000000 -0.923879
vn 0.382684 0.000000 -0.923879
vn 0.382684 0.000000 -0.923879
vn 0.382684 0.000000 -0.923879
vn 0.382684 0.000000 -0.923879
vn -0.923880 0.000000 -0.382683
vn -0.923880 0.000000 -0.382683
vn -0.923880 0.000000 -0.382683
vn -0.923880 0.000000 -0.382683
vn -0.923880 0.000000 -0.382683
vn -0.923880 0.000000 -0.382683
vn -0.382683 0.000000 0.923880
vn -0.382683 0.000000 0.923880
vn -0.382683 0.000000 0.923880
vn -0.382683 0.000000 0.923880
vn -0.382683 0.000000 0.923880
vn -0.382683 0.000000 0.923880
vn 0.382684 0.000000 0.923880
vn 0.382684 0.000000 0.923880
vn 0.382684 0.000000 0.923880
vn 0.382684 0.000000 0.923879
vn 0.382684 0.000000 0.923879
vn 0.382684 0.000000 0.923879
vn 0.923879 0.000000 -0.382684
vn 0.923879 0.000000 -0.382684
vn 0.923879 0.000000 -0.382684
vn 0.923880 0.000000 -0.382683
vn 0.923880 0.000000 -0.382683
vn 0.923880 0.000000 -0.382683
vn -0.382683 0.000000 -0.923880
vn -0.382683 0.000000 -0.923880
vn -0.382683 0.000000 -0.923880
vn -0.382683 0.000000 -0.923880
vn -0.382683 0.000000 -0.923880
vn -0.382683 0.000000 -0.923880
vn -0.923880 0.000000 0.382683
vn -0.923880 0.000000 0.382683
vn -0.923880 0.000000 0.382683
vn -0.923880 0.000000 0.382683
vn -0.923880 0.000000 0.382683
vn -0.923880 0.000000 0.382683
vn -0.173775 0.890953 -0.419530
vn -0.173775 0.890953 -0.419530
vn -0.173775 0.890953 -0.419530
vn -0.173775 0.890953 -0.419530
vn -0.173775 0.890953 -0.419530
vn -0.173775 0.890953 -0.419530
vn -0.419531 0.890952 0.173775
vn -0.419531 0.890952 0.173775
vn -0.419531 0.890952 0.173775
vn -0.419531 0.890952 0.173775
vn -0.419531 0.890952 0.173775
vn -0.419531 0.890952 0.173775
vn 0.419531 0.890952 0.173775
vn 0.419531 0.890952 0.173775
vn 0.419531 0.890952 0.173775
vn 0.419528 0.890953 0.173775
vn 0.419528 0.890953 0.173775
vn 0.419528 0.890953 0.173775
vn 0.173775 0.890953 -0.419530
vn 0.173775 0.890953 -0.419530
vn 0.173775 0.890953 -0.419530
vn 0.173774 0.890953 -0.419530
vn 0.173774 0.890953 -0.419530
vn 0.173774 0.890953 -0.419530
vn -0.419531 0.890952 -0.173775
vn -0.419531 0.890952 -0.173775
vn -0.419531 0.890952 -0.173775
vn -0.419529 0.890953 -0.173775
vn -0.419529 0.890953 -0.173775
vn -0.419529 0.890953 -0.173775
vn -0.173775 0.890953 0.419530
vn -0.173775 0.890953 0.419530
vn -0.173775 0.890953 0.419530
vn -0.173775 0.890953 0.419530
vn -0.173775 0.890953 0.419530
vn -0.173775 0.890953 0.419530
vn 0.173775 0.890953 0.419530
vn 0.173775 0.890953 0.419530
vn 0.173775 0.890953 0.419530
vn 0.173778 0.890952 0.419530
vn 0.173778 0.890952 0.419530
vn 0.173778 0.890952 0.419530
vn 0.419531 0.890952 -0.173775
vn 0.419531 0.890952 -0.173775
vn 0.419531 0.890952 -0.173775
vn 0.419529 0.890953 -0.173776
vn 0.419529 0.890953 -0.173776
vn 0.419529 0.890953 -0.173776
vn 0.753244 -0.579031 -0.312004
vn 0.753244 -0.579031 -0.312004
vn 0.753244 -0.579031 -0.312004
vn 0.753244 -0.579031 -0.312003
vn 0.753244 -0.579031 -0.312003
vn 0.753244 -0.579031 -0.312003
vn 0.852513 -0.385393 -0.353121
vn 0.852513 -0.385393 -0.353121
vn 0.852513 -0.385393 -0.353121
vn 0.852512 -0.385394 -0.353121
vn 0.852512 -0.385394 -0.353121
vn 0.852512 -0.385394 -0.353121
vn 0.923880 0.000000 -0.382683
vn 0.923880 0.000000 -0.382683
vn 0.923880 0.000000 -0.382683
vn 0.923880 0.000000 -0.382683
vn 0.923880 0.000000 -0.382683
vn 0.923880 0.000000 -0.382683
vn 0.818492 0.463819 -0.339031
vn 0.818492 0.463819 -0.339031
vn 0.818492 0.463819 -0.339031
vn 0.818492 0.463821 -0.339031
vn 0.818492 0.463821 -0.339031
vn 0.818492 0.463821 -0.339031
vn 0.312004 -0.579031 0.753244
vn 0.312004 -0.579031 0.753244
vn 0.312004 -0.579031 0.753244
vn 0.312003 -0.579031 0.753244
vn 0.312003 -0.579031 0.753244
vn 0.312003 -0.579031 0.753244
vn 0.353121 -0.385393 0.852513
vn 0.353121 -0.385393 0.852513
vn 0.353121 -0.385393 0.852513
vn 0.353122 -0.385394 0.852512
vn 0.353122 -0.385394 0.852512
vn 0.353122 -0.385394 0.852512
vn 0.382684 0.000000 0.923879
vn 0.382684 0.000000 0.923879
vn 0.382684 0.000000 0.923879
vn 0.382684 0.000000 0.923879
vn 0.382684 0.000000 0.923879
vn 0.382684 0.000000 0.923879
vn 0.339032 0.463819 0.818492
vn 0.339032 0.463819 0.818492
vn 0.339032 0.463819 0.818492
vn 0.339030 0.463821 0.818492
vn 0.339030 0.463821 0.818492
vn 0.339030 0.463821 0.818492
vn -0.312004 -0.579031 0.753244
vn -0.312004 -0.579031 0.753244
vn -0.312004 -0.579031 0.753244
vn -0.312004 -0.579031 0.753244
vn -0.312004 -0.579031 0.753244
vn -0.312004 -0.579031 0.753244
vn -0.353122 -0.385394 0.852512
vn -0.353122 -0.385394 0.852512
vn -0.353122 -0.385394 0.852512
vn -0.353122 -0.385394 0.852512
vn -0.353122 -0.385394 0.852512
vn -0.353122 -0.385394 0.852512
vn -0.382684 0.000000 0.923879
vn -0.382684 0.000000 0.923879
vn -0.382684 0.000000 0.923879
vn -0.382684 0.000000 0.923879
vn -0.382684 0.000000 0.923879
vn -0.382684 0.000000 0.923879
vn -0.339031 0.463821 0.818492
vn -0.339031 0.463821 0.818492
vn -0.339031 0.463821 0.818492
vn -0.339030 0.463820 0.818492
vn -0.339030 0.463820 0.818492
vn -0.339030 0.463820 0.818492
vn -0.753244 -0.579031 -0.312004
vn -0.753244 -0.579031 -0.312004
vn -0.753244 -0.579031 -0.312004
vn -0.753244 -0.579031 -0.312005
vn -0.753244 -0.579031 -0.312005
vn -0.753244 -0.579031 -0.312005
vn -0.852511 -0.385394 -0.353123
vn -0.852511 -0.385394 -0.353123
vn -0.852511 -0.385394 -0.353123
vn -0.852512 -0.385394 -0.353123
vn -0.852512 -0.385394 -0.353123
vn -0.852512 -0.385394 -0.353123
vn -0.923880 0.000000 -0.382683
vn -0.923880 0.000000 -0.382683
vn -0.923880 0.000000 -0.382683
vn -0.923879 0.000000 -0.382684
vn -0.923879 0.000000 -0.382684
vn -0.923879 0.000000 -0.382684
vn -0.818493 0.463819 -0.339030
vn -0.818493 0.463819 -0.339030
vn -0.818493 0.463819 -0.339030
vn -0.818492 0.463821 -0.339030
vn -0.818492 0.463821 -0.339030
vn -0.818492 0.463821 -0.339030
vn 0.312004 -0.579031 -0.753244
vn 0.312004 -0.579031 -0.753244
vn 0.312004 -0.579031 -0.753244
vn 0.312004 -0.579031 -0.753244
vn 0.312004 -0.579031 -0.753244
vn 0.312004 -0.579031 -0.753244
vn 0.353122 -0.385394 -0.852512
vn 0.353122 -0.385394 -0.852512
vn 0.353122 -0.385394 -0.852512
vn 0.353122 -0.385393 -0.852512
vn 0.353122 -0.385393 -0.852512
vn 0.353122 -0.385393 -0.852512
vn 0.382684 0.000000 -0.923880
vn 0.382684 0.000000 -0.923880
vn 0.382684 0.000000 -0.923880
vn 0.382684 0.000000 -0.923879
vn 0.382684 0.000000 -0.923879
vn 0.382684 0.000000 -0.923879
vn 0.339031 0.463819 -0.818492
vn 0.339031 0.463819 -0.818492
vn 0.339031 0.463819 -0.818492
vn 0.339031 0.463819 -0.818493
vn 0.339031 0.463819 -0.818493
vn 0.339031 0.463819 -0.818493
vn 0.753245 -0.579030 0.312004
vn 0.753245 -0.579030 0.312004
vn 0.753245 -0.579030 0.312004
vn 0.753244 -0.579031 0.312003
vn 0.753244 -0.579031 0.312003
vn 0.753244 -0.579031 0.312003
vn 0.852512 -0.385394 0.353121
vn 0.852512 -0.385394 0.353121
vn 0.852512 -0.385394 0.353121
vn 0.852512 -0.385394 0.353122
vn 0.852512 -0.385394 0.353122
vn 0.852512 -0.385394 0.353122
vn 0.923879 0.000000 0.382684
vn 0.923879 0.000000 0.382684
vn 0.923879 0.000000 0.382684
vn 0.923880 0.000000 0.382683
vn 0.923880 0.000000 0.382683
vn 0.923880 0.000000 0.382683
vn 0.818492 0.463820 0.339031
vn 0.818492 0.463820 0.339031
vn 0.818492 0.463820 0.339031
vn 0.818492 0.463819 0.339031
vn 0.818492 0.463819 0.339031
vn 0.818492 0.463819 0.339031
vn -0.753244 -0.579031 0.312004
vn -0.753244 -0.579031 0.312004
vn -0.753244 -0.579031 0.312004
vn -0.753243 -0.579032 0.312004
vn -0.753243 -0.579032 0.312004
vn -0.753243 -0.579032 0.312004
vn -0.852511 -0.385394 0.353123
vn -0.852511 -0.385394 0.353123
vn -0.852511 -0.385394 0.353123
vn -0.852512 -0.385393 0.353122
vn -0.852512 -0.385393 0.353122
vn -0.852512 -0.385393 0.353122
vn -0.923879 0.000000 0.382684
vn -0.923879 0.000000 0.382684
vn -0.923879 0.000000 0.382684
vn -0.923880 0.000000 0.382683
vn -0.923880 0.000000 0.382683
vn -0.923880 0.000000 0.382683
vn -0.818491 0.463821 0.339030
vn -0.818491 0.463821 0.339030
vn -0.818491 0.463821 0.339030
vn -0.818492 0.463819 0.339031
vn -0.818492 0.463819 0.339031
vn -0.818492 0.463819 0.339031
vn -0.312004 -0.579030 -0.753244
vn -0.312004 -0.579030 -0.753244
vn -0.312004 -0.579030 -0.753244
vn -0.312004 -0.579031 -0.753244
vn -0.312004 -0.579031 -0.753244
vn -0.312004 -0.579031 -0.753244
vn -0.353123 -0.385394 -0.852511
vn -0.353123 -0.385394 -0.852511
vn -0.353123 -0.385394 -0.852511
vn -0.353123 -0.385393 -0.852512
vn -0.353123 -0.385393 -0.852512
vn -0.353123 -0.385393 -0.852512
vn -0.382684 0.000000 -0.923880
vn -0.382684 0.000000 -0.923880
vn -0.382684 0.000000 -0.923880
vn -0.382684 0.000000 -0.923880
vn -0.382684 0.000000 -0.923880
vn -0.382684 0.000000 -0.923880
vn -0.339030 0.463820 -0.818492
vn -0.339030 0.463820 -0.818492
vn -0.339030 0.463820 -0.818492
vn -0.339030 0.463819 -0.818493
vn -0.339030 0.463819 -0.818493
vn -0.339030 0.463819 -0.818493
vn 0.000001 1.000000 0.000000
vn 0.000001 1.000000 0.000000
vn 0.000001 1.000000 0.000000
vn -0.000000 1.000000 0.000000
vn -0.000000 1.000000 0.000000
vn -0.000000 1.000000 0.000000
vn -0.000000 1.000000 0.000000
vn -0.000000 1.000000 0.000000
vn -0.000000 1.000000 0.000000
vn -0.000001 1.000000 0.000000
vn -0.000001 1.000000 0.000000
vn -0.000001 1.000000 0.000000
vn 0.000006 1.000000 0.000000
vn 0.000006 1.000000 0.000000
vn 0.000006 1.000000 0.000000
vn -0.000000 1.000000 0.000000
vn -0.000000 1.000000 0.000000
vn -0.000000 1.000000 0.000000

g Material.002
f 3/1/1 1/2/2 2/3/3
f 6/4/4 4/5/5 5/6/6
f 9/7/7 7/8/8 8/9/9
f 12/10/10 10/11/11 11/12/12
f 15/13/13 13/14/14 14/15/15
f 18/16/16 16/17/17 17/18/18
f 21/19/19 19/20/20 20/21/21
f 24/22/22 22/23/23 23/24/24
f 27/25/25 25/26/26 26/27/27
f 30/28/28 28/29/29 29/30/30
f 33/31/31 31/32/32 32/33/33
f 36/34/34 34/35/35 35/36/36
f 39/37/37 37/38/38 38/39/39
f 42/40/40 40/41/41 41/42/42
f 45/43/43 43/44/44 44/45/45
f 48/46/46 46/47/47 47/48/48
f 51/49/49 49/50/50 50/51/51
f 54/52/52 52/53/53 53/54/54
f 57/55/55 55/56/56 56/57/57
f 60/58/58 58/59/59 59/60/60
f 63/61/61 61/62/62 62/63/63
f 66/64/64 64/65/65 65/66/66
f 69/67/67 67/68/68 68/69/69
f 72/70/70 70/71/71 71/72/72
f 75/73/73 73/74/74 74/75/75
f 78/76/76 76/77/77 77/78/78
f 81/79/79 79/80/80 80/81/81
f 84/82/82 82/83/83 83/84/84
f 87/85/85 85/86/86 86/87/87
f 90/88/88 88/89/89 89/90/90
f 93/91/91 91/92/92 92/93/93
f 96/94/94 94/95/95 95/96/96
f 99/97/97 97/98/98 98/99/99
f 102/100/100 100/101/101 101/102/102
f 105/103/103 103/104/104 104/105/105
f 108/106/106 106/107/107 107/108/108
f 111/109/109 109/110/110 110/111/111
f 114/112/112 112/113/113 113/114/114
f 117/115/115 115/116/116 116/117/117
f 120/118/118 118/119/119 119/120/120
f 123/121/121 121/122/122 122/123/123
f 126/124/124 124/125/125 125/126/126
f 129/127/127 127/128/128 128/129/129
f 132/130/130 130/131/131 131/132/132
f 135/133/133 133/134/134 134/135/135
f 138/136/136 136/137/137 137/138/138
f 141/139/139 139/140/140 140/141/141
f 144/142/142 142/143/143 143/144/144
f 147/145/145 145/146/146 146/147/147
f 150/148/148 148/149/149 149/150/150
f 153/151/151 151/152/152 152/153/153
f 156/154/154 154/155/155 155/156/156
f 159/157/157 157/158/158 158/159/159
f 162/160/160 160/161/161 161/162/162
f 165/163/163 163/164/164 164/165/165
f 168/166/166 166/167/167 167/168/168
f 171/169/169 169/170/170 170/171/171
f 174/172/172 172/173/173 173/174/174
f 177/175/175 175/176/176 176/177/177
f 180/178/178 178/179/179 179/180/180
f 183/181/181 181/182/182 182/183/183
f 186/184/184 184/185/185 185/186/186
f 189/187/187 187/188/188 188/189/189
f 192/190/190 190/191/191 191/192/192
f 195/193/193 193/194/194 194/195/195
f 198/196/196 196/197/197 197/198/198
f 201/199/199 199/200/200 200/201/201
f 204/202/202 202/203/203 203/204/204
f 207/205/205 205/206/206 206/207/207
f 210/208/208 208/209/209 209/210/210
f 213/211/211 211/212/212 212/213/213
f 216/214/214 214/215/215 215/216/216
f 219/217/217 217/218/218 218/219/219
f 222/220/220 220/221/221 221/222/222
f 225/223/223 223/224/224 224/225/225
f 228/226/226 226/227/227 227/228/228
f 231/229/229 229/230/230 230/231/231
f 234/232/232 232/233/233 233/234/234
f 237/235/235 235/236/236 236/237/237
f 240/238/238 238/239/239 239/240/240
f 243/241/241 241/242/242 242/243/243
f 246/244/244 244/245/245 245/246/246
f 249/247/247 247/248/248 248/249/249
f 252/250/250 250/251/251 251/252/252
f 255/253/253 253/254/254 254/255/255
f 258/256/256 256/257/257 257/258/258
f 261/259/259 259/260/260 260/261/261
f 264/262/262 262/263/263 263/264/264
f 267/265/265 265/266/266 266/267/267
f 270/268/268 268/269/269 269/270/270
f 273/271/271 271/272/272 272/273/273
f 276/274/274 274/275/275 275/276/276
f 279/277/277 277/278/278 278/279/279
f 282/280/280 280/281/281 281/282/282
f 285/283/283 283/284/284 284/285/285
f 288/286/286 286/287/287 287/288/288
f 291/289/289 289/290/290 290/291/291
f 294/292/292 292/293/293 293/294/294
f 297/295/295 295/296/296 296/297/297
f 300/298/298 298/299/299 299/300/300
f 303/301/301 301/302/302 302/303/303
f 306/304/304 304/305/305 305/306/306
f 309/307/307 307/308/308 308/309/309
f 312/310/310 310/311/311 311/312/312
f 315/313/313 313/314/314 314/315/315
f 318/316/316 316/317/317 317/318/318
f 321/319/319 319/320/320 320/321/321
f 324/322/322 322/323/323 323/324/324
f 327/325/325 325/326/326 326/327/327
f 330/328/328 328/329/329 329/330/330
f 333/331/331 331/332/332 332/333/333
f 336/334/334 334/335/335 335/336/336
f 339/337/337 337/338/338 338/339/339
f 342/340/340 340/341/341 341/342/342
f 345/343/343 343/344/344 344/345/345
f 348/346/346 346/347/347 347/348/348
f 351/349/349 349/350/350 350/351/351
f 354/352/352 352/353/353 353/354/354
f 357/355/355 355/356/356 356/357/357
f 360/358/358 358/359/359 359/360/360
f 363/361/361 361/362/362 362/363/363
f 366/364/364 364/365/365 365/366/366
f 369/367/367 367/368/368 368/369/369
f 372/370/370 370/371/371 371/372/372
f 375/373/373 373/374/374 374/375/375
f 378/376/376 376/377/377 377/378/378
f 381/379/379 379/380/380 380/381/381
f 384/382/382 382/383/383 383/384/384
f 387/385/385 385/386/386 386/387/387
f 390/388/388 388/389/389 389/390/390
f 393/391/391 391/392/392 392/393/393
f 396/394/394 394/395/395 395/396/396
f 399/397/397 397/398/398 398/399/399
f 402/400/400 400/401/401 401/402/402
f 405/403/403 403/404/404 404/405/405
f 408/406/406 406/407/407 407/408/408
f 411/409/409 409/410/410 410/411/411
f 414/412/412 412/413/413 413/414/414
f 417/415/415 415/416/416 416/417/417
f 420/418/418 418/419/419 419/420/420
f 423/421/421 421/422/422 422/423/423
f 426/424/424 424/425/425 425/426/426
f 429/427/427 427/428/428 428/429/429
f 432/430/430 430/431/431 431/432/432
f 435/433/433 433/434/434 434/435/435
f 438/436/436 436/437/437 437/438/438
f 441/439/439 439/440/440 440/441/441
f 444/442/442 442/443/443 443/444/444
f 447/445/445 445/446/446 446/447/447
f 450/448/448 448/449/449 449/450/450
f 453/451/451 451/452/452 452/453/453
f 456/454/454 454/455/455 455/456/456
f 459/457/457 457/458/458 458/459/459
f 462/460/460 460/461/461 461/462/462
f 465/463/463 463/464/464 464/465/465
f 468/466/466 466/467/467 467/468/468
f 471/469/469 469/470/470 470/471/471
f 474/472/472 472/473/473 473/474/474
f 477/475/475 475/476/476 476/477/477
f 480/478/478 478/479/479 479/480/480
f 483/481/481 481/482/482 482/483/483
f 486/484/484 484/485/485 485/486/486
f 489/487/487 487/488/488 488/489/489
f 492/490/490 490/491/491 491/492/492
f 495/493/493 493/494/494 494/495/495
f 498/496/496 496/497/497 497/498/498
f 501/499/499 499/500/500 500/501/501
f 504/502/502 502/503/503 503/504/504
f 507/505/505 505/506/506 506/507/507
f 510/508/508 508/509/509 509/510/510
f 513/511/511 511/512/512 512/513/513
f 516/514/514 514/515/515 515/516/516
f 519/517/517 517/518/518 518/519/519
f 522/520/520 520/521/521 521/522/522
f 525/523/523 523/524/524 524/525/525
f 528/526/526 526/527/527 527/528/528
f 531/529/529 529/530/530 530/531/531
f 534/532/532 532/533/533 533/534/534
f 537/535/535 535/536/536 536/537/537
f 540/538/538 538/539/539 539/540/540
f 543/541/541 541/542/542 542/543/543
f 546/544/544 544/545/545 545/546/546
f 549/547/547 547/548/548 548/549/549
f 552/550/550 550/551/551 551/552/552
f 555/553/553 553/554/554 554/555/555
f 558/556/556 556/557/557 557/558/558
f 561/559/559 559/560/560 560/561/561
f 564/562/562 562/563/563 563/564/564
f 567/565/565 565/566/566 566/567/567
f 570/568/568 568/569/569 569/570/570
f 573/571/571 571/572/572 572/573/573
f 576/574/574 574/575/575 575/576/576
f 579/577/577 577/578/578 578/579/579
f 582/580/580 580/581/581 581/582/582
f 585/583/583 583/584/584 584/585/585
f 588/586/586 586/587/587 587/588/588
f 591/589/589 589/590/590 590/591/591
f 594/592/592 592/593/593 593/594/594
f 597/595/595 595/596/596 596/597/597
f 600/598/598 598/599/599 599/600/600
f 603/601/601 601/602/602 602/603/603
f 606/604/604 604/605/605 605/606/606
f 609/607/607 607/608/608 608/609/609
f 612/610/610 610/611/611 611/612/612
f 615/613/613 613/614/614 614/615/615
f 618/616/616 616/617/617 617/618/618
f 621/619/619 619/620/620 620/621/621
f 624/622/622 622/623/623 623/624/624
f 627/625/625 625/626/626 626/627/627
f 630/628/628 628/629/629 629/630/630
f 633/631/631 631/632/632 632/633/633
f 636/634/634 634/635/635 635/636/636
f 639/637/637 637/638/638 638/639/639
f 642/640/640 640/641/641 641/642/642

g Material.001
f 645/643/643 643/644/644 644/645/645
f 648/646/646 646/647/647 647/648/648
f 651/649/649 649/650/650 650/651/651
f 654/652/652 652/653/653 653/654/654
f 657/655/655 655/656/656 656/657/657
f 660/658/658 658/659/659 659/660/660
f 663/661/661 661/662/662 662/663/663
f 666/664/664 664/665/665 665/666/666
f 669/667/667 667/668/668 668/669/669
f 672/670/670 670/671/671 671/672/672
f 675/673/673 673/674/674 674/675/675
f 678/676/676 676/677/677 677/678/678
f 681/679/679 679/680/680 680/681/681
f 684/682/682 682/683/683 683/684/684
f 687/685/685 685/686/686 686/687/687
f 690/688/688 688/689/689 689/690/690
f 693/691/691 691/692/692 692/693/693
f 696/694/694 694/695/695 695/696/696
f 699/697/697 697/698/698 698/699/699
f 702/700/700 700/701/701 701/702/702
f 705/703/703 703/704/704 704/705/705
f 708/706/706 706/707/707 707/708/708
f 711/709/709 709/710/710 710/711/711
f 714/712/712 712/713/713 713/714/714
f 717/715/715 715/716/716 716/717/717
f 720/718/718 718/719/719 719/720/720
f 723/721/721 721/722/722 722/723/723
f 726/724/724 724/725/725 725/726/726
f 729/727/727 727/728/728 728/729/729
f 732/730/730 730/731/731 731/732/732
f 735/733/733 733/734/734 734/735/735
f 738/736/736 736/737/737 737/738/738
f 741/739/739 739/740/740 740/741/741
f 744/742/742 742/743/743 743/744/744
f 747/745/745 745/746/746 746/747/747
f 750/748/748 748/749/749 749/750/750
f 753/751/751 751/752/752 752/753/753
f 756/754/754 754/755/755 755/756/756
f 759/757/757 757/758/758 758/759/759
f 762/760/760 760/761/761 761/762/762
f 765/763/763 763/764/764 764/765/765
f 768/766/766 766/767/767 767/768/768
f 771/769/769 769/770/770 770/771/771
f 774/772/772 772/773/773 773/774/774
f 777/775/775 775/776/776 776/777/777
f 780/778/778 778/779/779 779/780/780
f 783/781/781 781/782/782 782/783/783
f 786/784/784 784/785/785 785/786/786
f 1080/787/787 1078/788/788 1079/789/789
f 1083/790/790 1081/791/791 1082/792/792
f 1086/793/793 1084/794/794 1085/795/795
f 1089/796/796 1087/797/797 1088/798/798
f 1092/799/799 1090/800/800 1091/801/801
f 1095/802/802 1093/803/803 1094/804/804
f 1098/805/805 1096/806/806 1097/807/807
f 1101/808/808 1099/809/809 1100/810/810
f 1104/811/811 1102/812/812 1103/813/813
f 1107/814/814 1105/815/815 1106/816/816
f 1110/817/817 1108/818/818 1109/819/819
f 1113/820/820 1111/821/821 1112/822/822
f 1116/823/823 1114/824/824 1115/825/825
f 1119/826/826 1117/827/827 1118/828/828
f 1122/829/829 1120/830/830 1121/831/831
f 1125/832/832 1123/833/833 1124/834/834
f 1128/835/835 1126/836/836 1127/837/837
f 1131/838/838 1129/839/839 1130/840/840
f 1134/841/841 1132/842/842 1133/843/843
f 1137/844/844 1135/845/845 1136/846/846
f 1140/847/847 1138/848/848 1139/849/849
f 1143/850/850 1141/851/851 1142/852/852
f 1146/853/853 1144/854/854 1145/855/855
f 1149/856/856 1147/857/857 1148/858/858
f 1152/859/859 1150/860/860 1151/861/861
f 1155/862/862 1153/863/863 1154/864/864
f 1158/865/865 1156/866/866 1157/867/867
f 1161/868/868 1159/869/869 1160/870/870
f 1164/871/871 1162/872/872 1163/873/873
f 1167/874/874 1165/875/875 1166/876/876
f 1170/877/877 1168/878/878 1169/879/879
f 1173/880/880 1171/881/881 1172/882/882
f 1176/883/883 1174/884/884 1175/885/885
f 1179/886/886 1177/887/887 1178/888/888
f 1182/889/889 1180/890/890 1181/891/891
f 1185/892/892 1183/893/893 1184/894/894
f 1188/895/895 1186/896/896 1187/897/897
f 1191/898/898 1189/899/899 1190/900/900
f 1194/901/901 1192/902/902 1193/903/903
f 1197/904/904 1195/905/905 1196/906/906
f 1200/907/907 1198/908/908 1199/909/909
f 1203/910/910 1201/911/911 1202/912/912
f 1206/913/913 1204/914/914 1205/915/915
f 1209/916/916 1207/917/917 1208/918/918
f 1212/919/919 1210/920/920 1211/921/921
f 1215/922/922 1213/923/923 1214/924/924
f 1218/925/925 1216/926/926 1217/927/927
f 1221/928/928 1219/929/929 1220/930/930
f 1224/931/931 1222/932/932 1223/933/933
f 1227/934/934 1225/935/935 1226/936/936
f 1230/937/937 1228/938/938 1229/939/939
f 1233/940/940 1231/941/941 1232/942/942
f 1236/943/943 1234/944/944 1235/945/945
f 1239/946/946 1237/947/947 1238/948/948
f 1242/949/949 1240/950/950 1241/951/951
f 1245/952/952 1243/953/953 1244/954/954
f 1248/955/955 1246/956/956 1247/957/957
f 1251/958/958 1249/959/959 1250/960/960
f 1254/961/961 1252/962/962 1253/963/963
f 1257/964/964 1255/965/965 1256/966/966
f 1260/967/967 1258/968/968 1259/969/969
f 1263/970/970 1261/971/971 1262/972/972
f 1266/973/973 1264/974/974 1265/975/975
f 1269/976/976 1267/977/977 1268/978/978
f 1272/979/979 1270/980/980 1271/981/981
f 1275/982/982 1273/983/983 1274/984/984
f 1278/985/985 1276/986/986 1277/987/987
f 1281/988/988 1279/989/989 1280/990/990
f 1284/991/991 1282/992/992 1283/993/993
f 1287/994/994 1285/995/995 1286/996/996
f 1290/997/997 1288/998/998 1289/999/999
f 1293/1000/1000 1291/1001/1001 1292/1002/1002
f 1296/1003/1003 1294/1004/1004 1295/1005/1005
f 1299/1006/1006 1297/1007/1007 1298/1008/1008
f 1302/1009/1009 1300/1010/1010 1301/1011/1011
f 1305/1012/1012 1303/1013/1013 1304/1014/1014
f 1308/1015/1015 1306/1016/1016 1307/1017/1017
f 1311/1018/1018 1309/1019/1019 1310/1020/1020
f 1314/1021/1021 1312/1022/1022 1313/1023/1023
f 1317/1024/1024 1315/1025/1025 1316/1026/1026
f 1320/1027/1027 1318/1028/1028 1319/1029/1029
f 1323/1030/1030 1321/1031/1031 1322/1032/1032
f 1326/1033/1033 1324/1034/1034 1325/1035/1035
f 1329/1036/1036 1327/1037/1037 1328/1038/1038
f 1332/1039/1039 1330/1040/1040 1331/1041/1041
f 1335/1042/1042 1333/1043/1043 1334/1044/1044
f 1338/1045/1045 1336/1046/1046 1337/1047/1047
f 1341/1048/1048 1339/1049/1049 1340/1050/1050
f 1344/1051/1051 1342/1052/1052 1343/1053/1053
f 1347/1054/1054 1345/1055/1055 1346/1056/1056
f 1350/1057/1057 1348/1058/1058 1349/1059/1059
f 1353/1060/1060 1351/1061/1061 1352/1062/1062
f 1356/1063/1063 1354/1064/1064 1355/1065/1065
f 1359/1066/1066 1357/1067/1067 1358/1068/1068
f 1362/1069/1069 1360/1070/1070 1361/1071/1071
f 1365/1072/1072 1363/1073/1073 1364/1074/1074
f 1368/1075/1075 1366/1076/1076 1367/1077/1077
f 1371/1078/1078 1369/1079/1079 1370/1080/1080
f 1374/1081/1081 1372/1082/1082 1373/1083/1083
f 1377/1084/1084 1375/1085/1085 1376/1086/1086
f 1380/1087/1087 1378/1088/1088 1379/1089/1089
f 1383/1090/1090 1381/1091/1091 1382/1092/1092
f 1386/1093/1093 1384/1094/1094 1385/1095/1095
f 1389/1096/1096 1387/1097/1097 1388/1098/1098
f 1392/1099/1099 1390/1100/1100 1391/1101/1101
f 1395/1102/1102 1393/1103/1103 1394/1104/1104
f 1398/1105/1105 1396/1106/1106 1397/1107/1107
f 1401/1108/1108 1399/1109/1109 1400/1110/1110
f 1404/1111/1111 1402/1112/1112 1403/1113/1113
f 1407/1114/1114 1405/1115/1115 1406/1116/1116
f 1410/1117/1117 1408/1118/1118 1409/1119/1119
f 1413/1120/1120 1411/1121/1121 1412/1122/1122
f 1416/1123/1123 1414/1124/1124 1415/1125/1125
f 1419/1126/1126 1417/1127/1127 1418/1128/1128
f 1422/1129/1129 1420/1130/1130 1421/1131/1131
f 1425/1132/1132 1423/1133/1133 1424/1134/1134
f 1428/1135/1135 1426/1136/1136 1427/1137/1137
f 1431/1138/1138 1429/1139/1139 1430/1140/1140
f 1434/1141/1141 1432/1142/1142 1433/1143/1143
f 1437/1144/1144 1435/1145/1145 1436/1146/1146
f 1440/1147/1147 1438/1148/1148 1439/1149/1149
f 1443/1150/1150 1441/1151/1151 1442/1152/1152
f 1446/1153/1153 1444/1154/1154 1445/1155/1155
f 1449/1156/1156 1447/1157/1157 1448/1158/1158
f 1452/1159/1159 1450/1160/1160 1451/1161/1161
f 1455/1162/1162 1453/1163/1163 1454/1164/1164
f 1458/1165/1165 1456/1166/1166 1457/1167/1167
f 1461/1168/1168 1459/1169/1169 1460/1170/1170
f 1464/1171/1171 1462/1172/1172 1463/1173/1173
f 1467/1174/1174 1465/1175/1175 1466/1176/1176
f 1470/1177/1177 1468/1178/1178 1469/1179/1179
f 1473/1180/1180 1471/1181/1181 1472/1182/1182
f 1476/1183/1183 1474/1184/1184 1475/1185/1185
f 1479/1186/1186 1477/1187/1187 1478/1188/1188
f 1482/1189/1189 1480/1190/1190 1481/1191/1191
f 1485/1192/1192 1483/1193/1193 1484/1194/1194
f 1488/1195/1195 1486/1196/1196 1487/1197/1197
f 1491/1198/1198 1489/1199/1199 1490/1200/1200
f 1494/1201/1201 1492/1202/1202 1493/1203/1203
f 1497/1204/1204 1495/1205/1205 1496/1206/1206
f 1500/1207/1207 1498/1208/1208 1499/1209/1209
f 1503/1210/1210 1501/1211/1211 1502/1212/1212
f 1506/1213/1213 1504/1214/1214 1505/1215/1215
f 1509/1216/1216 1507/1217/1217 1508/1218/1218
f 1512/1219/1219 1510/1220/1220 1511/1221/1221
f 1515/1222/1222 1513/1223/1223 1514/1224/1224
f 1518/1225/1225 1516/1226/1226 1517/1227/1227
f 1521/1228/1228 1519/1229/1229 1520/1230/1230
f 1524/1231/1231 1522/1232/1232 1523/1233/1233
f 1527/1234/1234 1525/1235/1235 1526/1236/1236
f 1530/1237/1237 1528/1238/1238 1529/1239/1239
f 1533/1240/1240 1531/1241/1241 1532/1242/1242
f 1536/1243/1243 1534/1244/1244 1535/1245/1245
f 1539/1246/1246 1537/1247/1247 1538/1248/1248
f 1542/1249/1249 1540/1250/1250 1541/1251/1251
f 1545/1252/1252 1543/1253/1253 1544/1254/1254
f 1548/1255/1255 1546/1256/1256 1547/1257/1257
f 1551/1258/1258 1549/1259/1259 1550/1260/1260
f 1554/1261/1261 1552/1262/1262 1553/1263/1263
f 1557/1264/1264 1555/1265/1265 1556/1266/1266
f 1560/1267/1267 1558/1268/1268 1559/1269/1269
f 1563/1270/1270 1561/1271/1271 1562/1272/1272
f 1566/1273/1273 1564/1274/1274 1565/1275/1275
f 1569/1276/1276 1567/1277/1277 1568/1278/1278
f 1572/1279/1279 1570/1280/1280 1571/1281/1281
f 1575/1282/1282 1573/1283/1283 1574/1284/1284
f 1578/1285/1285 1576/1286/1286 1577/1287/1287
f 1581/1288/1288 1579/1289/1289 1580/1290/1290
f 1584/1291/1291 1582/1292/1292 1583/1293/1293
f 1587/1294/1294 1585/1295/1295 1586/1296/1296
f 1590/1297/1297 1588/1298/1298 1589/1299/1299
f 1593/1300/1300 1591/1301/1301 1592/1302/1302
f 1596/1303/1303 1594/1304/1304 1595/1305/1305
f 1599/1306/1306 1597/1307/1307 1598/1308/1308
f 1602/1309/1309 1600/1310/1310 1601/1311/1311
f 1605/1312/1312 1603/1313/1313 1604/1314/1314

g Material.003
f 789/1315/1315 787/1316/1316 788/1317/1317
f 792/1318/1318 790/1319/1319 791/1320/1320
f 795/1321/1321 793/1322/1322 794/1323/1323
f 798/1324/1324 796/1325/1325 797/1326/1326
f 801/1327/1327 799/1328/1328 800/1329/1329
f 804/1330/1330 802/1331/1331 803/1332/1332
f 807/1333/1333 805/1334/1334 806/1335/1335
f 810/1336/1336 808/1337/1337 809/1338/1338
f 813/1339/1339 811/1340/1340 812/1341/1341
f 816/1342/1342 814/1343/1343 815/1344/1344
f 819/1345/1345 817/1346/1346 818/1347/1347
f 822/1348/1348 820/1349/1349 821/1350/1350
f 825/1351/1351 823/1352/1352 824/1353/1353
f 828/1354/1354 826/1355/1355 827/1356/1356
f 831/1357/1357 829/1358/1358 830/1359/1359
f 834/1360/1360 832/1361/1361 833/1362/1362
f 837/1363/1363 835/1364/1364 836/1365/1365
f 840/1366/1366 838/1367/1367 839/1368/1368
f 843/1369/1369 841/1370/1370 842/1371/1371
f 846/1372/1372 844/1373/1373 845/1374/1374
f 849/1375/1375 847/1376/1376 848/1377/1377
f 852/1378/1378 850/1379/1379 851/1380/1380
f 855/1381/1381 853/1382/1382 854/1383/1383
f 858/1384/1384 856/1385/1385 857/1386/1386
f 861/1387/1387 859/1388/1388 860/1389/1389
f 864/1390/1390 862/1391/1391 863/1392/1392
f 867/1393/1393 865/1394/1394 866/1395/1395
f 870/1396/1396 868/1397/1397 869/1398/1398
f 873/1399/1399 871/1400/1400 872/1401/1401
f 876/1402/1402 874/1403/1403 875/1404/1404
f 879/1405/1405 877/1406/1406 878/1407/1407
f 882/1408/1408 880/1409/1409 881/1410/1410
f 885/1411/1411 883/1412/1412 884/1413/1413
f 888/1414/1414 886/1415/1415 887/1416/1416
f 891/1417/1417 889/1418/1418 890/1419/1419
f 894/1420/1420 892/1421/1421 893/1422/1422
f 897/1423/1423 895/1424/1424 896/1425/1425
f 900/1426/1426 898/1427/1427 899/1428/1428
f 903/1429/1429 901/1430/1430 902/1431/1431
f 906/1432/1432 904/1433/1433 905/1434/1434
f 909/1435/1435 907/1436/1436 908/1437/1437
f 912/1438/1438 910/1439/1439 911/1440/1440
f 915/1441/1441 913/1442/1442 914/1443/1443
f 918/1444/1444 916/1445/1445 917/1446/1446
f 921/1447/1447 919/1448/1448 920/1449/1449
f 924/1450/1450 922/1451/1451 923/1452/1452
f 927/1453/1453 925/1454/1454 926/1455/1455
f 930/1456/1456 928/1457/1457 929/1458/1458
f 933/1459/1459 931/1460/1460 932/1461/1461
f 936/1462/1462 934/1463/1463 935/1464/1464
f 939/1465/1465 937/1466/1466 938/1467/1467
f 942/1468/1468 940/1469/1469 941/1470/1470
f 945/1471/1471 943/1472/1472 944/1473/1473
f 948/1474/1474 946/1475/1475 947/1476/1476
f 951/1477/1477 949/1478/1478 950/1479/1479
f 954/1480/1480 952/1481/1481 953/1482/1482
f 957/1483/1483 955/1484/1484 956/1485/1485
f 960/1486/1486 958/1487/1487 959/1488/1488
f 963/1489/1489 961/1490/1490 962/1491/1491
f 966/1492/1492 964/1493/1493 965/1494/1494
f 969/1495/1495 967/1496/1496 968/1497/1497
f 972/1498/1498 970/1499/1499 971/1500/1500
f 975/1501/1501 973/1502/1502 974/1503/1503
f 978/1504/1504 976/1505/1505 977/1506/1506
f 981/1507/1507 979/1508/1508 980/1509/1509
f 984/1510/1510 982/1511/1511 983/1512/1512
f 987/1513/1513 985/1514/1514 986/1515/1515
f 990/1516/1516 988/1517/1517 989/1518/1518
f 993/1519/1519 991/1520/1520 992/1521/1521
f 996/1522/1522 994/1523/1523 995/1524/1524
f 999/1525/1525 997/1526/1526 998/1527/1527
f 1002/1528/1528 1000/1529/1529 1001/1530/1530
f 1005/1531/1531 1003/1532/1532 1004/1533/1533
f 1008/1534/1534 1006/1535/1535 1007/1536/1536
f 1011/1537/1537 1009/1538/1538 1010/1539/1539
f 1014/1540/1540 1012/1541/1541 1013/1542/1542
f 1017/1543/1543 1015/1544/1544 1016/1545/1545
f 1020/1546/1546 1018/1547/1547 1019/1548/1548
f 1023/1549/1549 1021/1550/1550 1022/1551/1551
f 1026/1552/1552 1024/1553/1553 1025/1554/1554
f 1029/1555/1555 1027/1556/1556 1028/1557/1557
f 1032/1558/1558 1030/1559/1559 1031/1560/1560
f 1035/1561/1561 1033/1562/1562 1034/1563/1563
f 1038/1564/1564 1036/1565/1565 1037/1566/1566
f 1041/1567/1567 1039/1568/1568 1040/1569/1569
f 1044/1570/1570 1042/1571/1571 1043/1572/1572
f 1047/1573/1573 1045/1574/1574 1046/1575/1575
f 1050/1576/1576 1048/1577/1577 1049/1578/1578
f 1053/1579/1579 1051/1580/1580 1052/1581/1581
f 1056/1582/1582 1054/1583/1583 1055/1584/1584
f 1059/1585/1585 1057/1586/1586 1058/1587/1587
f 1062/1588/1588 1060/1589/1589 1061/1590/1590
f 1065/1591/1591 1063/1592/1592 1064/1593/1593
f 1068/1594/1594 1066/1595/1595 1067/1596/1596
f 1071/1597/1597 1069/1598/1598 1070/1599/1599
f 1074/1600/1600 1072/1601/1601 1073/1602/1602
f 1077/1603/1603 1075/1604/1604 1076/1605/1605
f 1608/1606/1606 1606/1607/1607 1607/1608/1608
f 1611/1609/1609 1609/1610/1610 1610/1611/1611
f 1614/1612/1612 1612/1613/1613 1613/1614/1614
f 1617/1615/1615 1615/1616/1616 1616/1617/1617
f 1620/1618/1618 1618/1619/1619 1619/1620/1620

