# Converted from B3D for Luanti (With Correct Normals)
# Object Name: multidecor_silver_chain_tip

v 0.000000 0.938387 0.014849
v 0.000000 0.938387 -0.014847
v -0.038771 0.921016 -0.014847
v -0.038771 0.921016 0.014849
v -0.038771 0.921016 0.014849
v -0.038771 0.921016 -0.014847
v -0.054831 0.852090 -0.014847
v -0.054831 0.852090 0.014849
v -0.054831 0.852090 0.014849
v -0.054831 0.852090 -0.014847
v -0.038771 0.783163 -0.014847
v -0.038771 0.783163 0.014849
v -0.038771 0.783163 0.014849
v -0.038771 0.783163 -0.014847
v 0.000000 0.765792 -0.014847
v 0.000000 0.765792 0.014849
v 0.000000 0.765792 0.014849
v 0.000000 0.765792 -0.014847
v 0.038771 0.783163 -0.014847
v 0.038771 0.783163 0.014849
v 0.038771 0.783163 0.014849
v 0.038771 0.783163 -0.014847
v 0.054831 0.852090 -0.014847
v 0.054831 0.852090 0.014849
v 0.054831 0.852090 0.014849
v 0.054831 0.852090 -0.014847
v 0.038771 0.921016 -0.014847
v 0.038771 0.921016 0.014849
v 0.038771 0.921016 0.014849
v 0.038771 0.921016 -0.014847
v 0.000000 0.938387 -0.014847
v 0.000000 0.938387 0.014849
v 0.000000 0.912498 0.014849
v 0.000000 0.912498 -0.014847
v -0.027140 0.900338 -0.014847
v -0.027140 0.900338 0.014849
v -0.027140 0.900338 0.014849
v -0.027140 0.900338 -0.014847
v -0.038381 0.852090 -0.014847
v -0.038381 0.852090 0.014849
v -0.038381 0.852090 0.014849
v -0.038381 0.852090 -0.014847
v -0.027140 0.803841 -0.014847
v -0.027140 0.803841 0.014849
v -0.027140 0.803841 0.014849
v -0.027140 0.803841 -0.014847
v 0.000000 0.791681 -0.014847
v 0.000000 0.791681 0.014849
v 0.000000 0.791681 0.014849
v 0.000000 0.791681 -0.014847
v 0.027140 0.803841 -0.014847
v 0.027140 0.803841 0.014849
v 0.027140 0.803841 0.014849
v 0.027140 0.803841 -0.014847
v 0.038382 0.852090 -0.014847
v 0.038382 0.852090 0.014849
v 0.038382 0.852090 0.014849
v 0.038382 0.852090 -0.014847
v 0.027140 0.900338 -0.014847
v 0.027140 0.900338 0.014849
v 0.027140 0.900338 0.014849
v 0.027140 0.900338 -0.014847
v 0.000000 0.912498 -0.014847
v 0.000000 0.912498 0.014849
v 0.038771 0.921016 -0.014847
v 0.000000 0.938387 -0.014847
v 0.000000 0.912498 -0.014847
v 0.000000 0.912498 -0.014847
v 0.000000 0.938387 -0.014847
v -0.038771 0.921016 -0.014847
v 0.038771 0.921016 -0.014847
v 0.000000 0.912498 -0.014847
v 0.027140 0.900338 -0.014847
v -0.027140 0.900338 -0.014847
v 0.000000 0.912498 -0.014847
v -0.038771 0.921016 -0.014847
v 0.054831 0.852090 -0.014847
v 0.038771 0.921016 -0.014847
v 0.027140 0.900338 -0.014847
v -0.027140 0.900338 -0.014847
v -0.038771 0.921016 -0.014847
v -0.054831 0.852090 -0.014847
v 0.054831 0.852090 -0.014847
v 0.027140 0.900338 -0.014847
v 0.038382 0.852090 -0.014847
v -0.038381 0.852090 -0.014847
v -0.027140 0.900338 -0.014847
v -0.054831 0.852090 -0.014847
v 0.038382 0.852090 -0.014847
v 0.027140 0.803841 -0.014847
v 0.054831 0.852090 -0.014847
v 0.000000 0.765792 -0.014847
v 0.038771 0.783163 -0.014847
v 0.027140 0.803841 -0.014847
v -0.038771 0.783163 -0.014847
v -0.027140 0.803841 -0.014847
v -0.054831 0.852090 -0.014847
v 0.027140 0.803841 -0.014847
v 0.038771 0.783163 -0.014847
v 0.054831 0.852090 -0.014847
v 0.000000 0.791681 -0.014847
v 0.000000 0.765792 -0.014847
v 0.027140 0.803841 -0.014847
v -0.038771 0.783163 -0.014847
v 0.000000 0.765792 -0.014847
v -0.027140 0.803841 -0.014847
v 0.000000 0.765792 -0.014847
v 0.000000 0.791681 -0.014847
v -0.027140 0.803841 -0.014847
v 0.038771 0.921016 0.014849
v 0.000000 0.938387 0.014849
v 0.000000 0.912498 0.014849
v -0.027140 0.803841 -0.014847
v -0.038381 0.852090 -0.014847
v -0.054831 0.852090 -0.014847
v 0.000000 0.912498 0.014849
v 0.000000 0.938387 0.014849
v -0.038771 0.921016 0.014849
v 0.038771 0.921016 0.014849
v 0.000000 0.912498 0.014849
v 0.027140 0.900338 0.014849
v -0.027140 0.900338 0.014849
v 0.000000 0.912498 0.014849
v -0.038771 0.921016 0.014849
v 0.054831 0.852090 0.014849
v 0.038771 0.921016 0.014849
v 0.027140 0.900338 0.014849
v -0.027140 0.900338 0.014849
v -0.038771 0.921016 0.014849
v -0.054831 0.852090 0.014849
v 0.054831 0.852090 0.014849
v 0.027140 0.900338 0.014849
v 0.038382 0.852090 0.014849
v -0.038381 0.852090 0.014849
v -0.027140 0.900338 0.014849
v -0.054831 0.852090 0.014849
v 0.038382 0.852090 0.014849
v 0.027140 0.803841 0.014849
v 0.054831 0.852090 0.014849
v 0.000000 0.765792 0.014849
v 0.038771 0.783163 0.014849
v 0.027140 0.803841 0.014849
v -0.038771 0.783163 0.014849
v -0.027140 0.803841 0.014849
v -0.054831 0.852090 0.014849
v 0.027140 0.803841 0.014849
v 0.038771 0.783163 0.014849
v 0.054831 0.852090 0.014849
v 0.000000 0.791681 0.014849
v 0.000000 0.765792 0.014849
v 0.027140 0.803841 0.014849
v -0.038771 0.783163 0.014849
v 0.000000 0.765792 0.014849
v -0.027140 0.803841 0.014849
v 0.000000 0.765792 0.014849
v 0.000000 0.791681 0.014849
v -0.027140 0.803841 0.014849
v -0.027140 0.803841 0.014849
v -0.038381 0.852090 0.014849
v -0.054831 0.852090 0.014849
v 0.014848 1.048387 0.000001
v -0.014848 1.048387 0.000001
v -0.014848 1.031016 0.038772
v 0.014848 1.031016 0.038772
v 0.014848 1.031016 0.038772
v -0.014848 1.031016 0.038772
v -0.014848 0.962090 0.054831
v 0.014848 0.962090 0.054831
v 0.014848 0.962090 0.054831
v -0.014848 0.962090 0.054831
v -0.014848 0.893163 0.038772
v 0.014848 0.893163 0.038772
v 0.014848 0.893163 0.038772
v -0.014848 0.893163 0.038772
v -0.014848 0.875792 0.000001
v 0.014848 0.875792 0.000001
v 0.014848 0.875792 0.000001
v -0.014848 0.875792 0.000001
v -0.014848 0.893163 -0.038771
v 0.014848 0.893163 -0.038771
v 0.014848 0.893163 -0.038771
v -0.014848 0.893163 -0.038771
v -0.014848 0.962090 -0.054830
v 0.014848 0.962090 -0.054830
v 0.014848 0.962090 -0.054830
v -0.014848 0.962090 -0.054830
v -0.014848 1.031016 -0.038771
v 0.014848 1.031016 -0.038771
v 0.014848 1.031016 -0.038771
v -0.014848 1.031016 -0.038771
v -0.014848 1.048387 0.000001
v 0.014848 1.048387 0.000001
v 0.014848 1.022498 0.000001
v -0.014848 1.022498 0.000001
v -0.014848 1.010338 0.027140
v 0.014848 1.010338 0.027140
v 0.014848 1.010338 0.027140
v -0.014848 1.010338 0.027140
v -0.014848 0.962090 0.038382
v 0.014848 0.962090 0.038382
v 0.014848 0.962090 0.038382
v -0.014848 0.962090 0.038382
v -0.014848 0.913841 0.027140
v 0.014848 0.913841 0.027140
v 0.014848 0.913841 0.027140
v -0.014848 0.913841 0.027140
v -0.014848 0.901681 0.000001
v 0.014848 0.901681 0.000001
v 0.014848 0.901681 0.000001
v -0.014848 0.901681 0.000001
v -0.014848 0.913841 -0.027139
v 0.014848 0.913841 -0.027139
v 0.014848 0.913841 -0.027139
v -0.014848 0.913841 -0.027139
v -0.014848 0.962090 -0.038381
v 0.014848 0.962090 -0.038381
v 0.014848 0.962090 -0.038381
v -0.014848 0.962090 -0.038381
v -0.014848 1.010338 -0.027139
v 0.014848 1.010338 -0.027139
v 0.014848 1.010338 -0.027139
v -0.014848 1.010338 -0.027139
v -0.014848 1.022498 0.000001
v 0.014848 1.022498 0.000001
v -0.014848 1.031016 -0.038771
v -0.014848 1.048387 0.000001
v -0.014848 1.022498 0.000001
v -0.014848 1.022498 0.000001
v -0.014848 1.048387 0.000001
v -0.014848 1.031016 0.038772
v -0.014848 1.031016 -0.038771
v -0.014848 1.022498 0.000001
v -0.014848 1.010338 -0.027139
v -0.014848 1.010338 0.027140
v -0.014848 1.022498 0.000001
v -0.014848 1.031016 0.038772
v -0.014848 0.962090 -0.054830
v -0.014848 1.031016 -0.038771
v -0.014848 1.010338 -0.027139
v -0.014848 1.010338 0.027140
v -0.014848 1.031016 0.038772
v -0.014848 0.962090 0.054831
v -0.014848 0.962090 -0.054830
v -0.014848 1.010338 -0.027139
v -0.014848 0.962090 -0.038381
v -0.014848 0.962090 0.038382
v -0.014848 1.010338 0.027140
v -0.014848 0.962090 0.054831
v -0.014848 0.962090 -0.038381
v -0.014848 0.913841 -0.027139
v -0.014848 0.962090 -0.054830
v -0.014848 0.875792 0.000001
v -0.014848 0.893163 -0.038771
v -0.014848 0.913841 -0.027139
v -0.014848 0.893163 0.038772
v -0.014848 0.913841 0.027140
v -0.014848 0.962090 0.054831
v -0.014848 0.913841 -0.027139
v -0.014848 0.893163 -0.038771
v -0.014848 0.962090 -0.054830
v -0.014848 0.901681 0.000001
v -0.014848 0.875792 0.000001
v -0.014848 0.913841 -0.027139
v -0.014848 0.893163 0.038772
v -0.014848 0.875792 0.000001
v -0.014848 0.913841 0.027140
v -0.014848 0.875792 0.000001
v -0.014848 0.901681 0.000001
v -0.014848 0.913841 0.027140
v 0.014848 1.031016 -0.038771
v 0.014848 1.048387 0.000001
v 0.014848 1.022498 0.000001
v -0.014848 0.913841 0.027140
v -0.014848 0.962090 0.038382
v -0.014848 0.962090 0.054831
v 0.014848 1.022498 0.000001
v 0.014848 1.048387 0.000001
v 0.014848 1.031016 0.038772
v 0.014848 1.031016 -0.038771
v 0.014848 1.022498 0.000001
v 0.014848 1.010338 -0.027139
v 0.014848 1.010338 0.027140
v 0.014848 1.022498 0.000001
v 0.014848 1.031016 0.038772
v 0.014848 0.962090 -0.054830
v 0.014848 1.031016 -0.038771
v 0.014848 1.010338 -0.027139
v 0.014848 1.010338 0.027140
v 0.014848 1.031016 0.038772
v 0.014848 0.962090 0.054831
v 0.014848 0.962090 -0.054830
v 0.014848 1.010338 -0.027139
v 0.014848 0.962090 -0.038381
v 0.014848 0.962090 0.038382
v 0.014848 1.010338 0.027140
v 0.014848 0.962090 0.054831
v 0.014848 0.962090 -0.038381
v 0.014848 0.913841 -0.027139
v 0.014848 0.962090 -0.054830
v 0.014848 0.875792 0.000001
v 0.014848 0.893163 -0.038771
v 0.014848 0.913841 -0.027139
v 0.014848 0.893163 0.038772
v 0.014848 0.913841 0.027140
v 0.014848 0.962090 0.054831
v 0.014848 0.913841 -0.027139
v 0.014848 0.893163 -0.038771
v 0.014848 0.962090 -0.054830
v 0.014848 0.901681 0.000001
v 0.014848 0.875792 0.000001
v 0.014848 0.913841 -0.027139
v 0.014848 0.893163 0.038772
v 0.014848 0.875792 0.000001
v 0.014848 0.913841 0.027140
v 0.014848 0.875792 0.000001
v 0.014848 0.901681 0.000001
v 0.014848 0.913841 0.027140
v 0.014848 0.913841 0.027140
v 0.014848 0.962090 0.038382
v 0.014848 0.962090 0.054831
v 0.000000 1.158387 -0.014847
v 0.000000 1.158387 0.014849
v 0.038771 1.141016 0.014849
v 0.038771 1.141016 -0.014847
v 0.038771 1.141016 -0.014847
v 0.038771 1.141016 0.014849
v 0.054831 1.072090 0.014849
v 0.054831 1.072090 -0.014847
v 0.054831 1.072090 -0.014847
v 0.054831 1.072090 0.014849
v 0.038771 1.003163 0.014849
v 0.038771 1.003163 -0.014847
v 0.038771 1.003163 -0.014847
v 0.038771 1.003163 0.014849
v 0.000000 0.985792 0.014849
v 0.000000 0.985792 -0.014847
v 0.000000 0.985792 -0.014847
v 0.000000 0.985792 0.014849
v -0.038771 1.003163 0.014849
v -0.038771 1.003163 -0.014847
v -0.038771 1.003163 -0.014847
v -0.038771 1.003163 0.014849
v -0.054831 1.072090 0.014849
v -0.054831 1.072090 -0.014847
v -0.054831 1.072090 -0.014847
v -0.054831 1.072090 0.014849
v -0.038771 1.141016 0.014849
v -0.038771 1.141016 -0.014847
v -0.038771 1.141016 -0.014847
v -0.038771 1.141016 0.014849
v 0.000000 1.158387 0.014849
v 0.000000 1.158387 -0.014847
v 0.000000 1.132498 -0.014847
v 0.000000 1.132498 0.014849
v 0.027140 1.120338 0.014849
v 0.027140 1.120338 -0.014847
v 0.027140 1.120338 -0.014847
v 0.027140 1.120338 0.014849
v 0.038382 1.072090 0.014849
v 0.038382 1.072090 -0.014847
v 0.038382 1.072090 -0.014847
v 0.038382 1.072090 0.014849
v 0.027140 1.023841 0.014849
v 0.027140 1.023841 -0.014847
v 0.027140 1.023841 -0.014847
v 0.027140 1.023841 0.014849
v 0.000000 1.011681 0.014849
v 0.000000 1.011681 -0.014847
v 0.000000 1.011681 -0.014847
v 0.000000 1.011681 0.014849
v -0.027140 1.023841 0.014849
v -0.027140 1.023841 -0.014847
v -0.027140 1.023841 -0.014847
v -0.027140 1.023841 0.014849
v -0.038381 1.072090 0.014849
v -0.038381 1.072090 -0.014847
v -0.038381 1.072090 -0.014847
v -0.038381 1.072090 0.014849
v -0.027140 1.120338 0.014849
v -0.027140 1.120338 -0.014847
v -0.027140 1.120338 -0.014847
v -0.027140 1.120338 0.014849
v 0.000000 1.132498 0.014849
v 0.000000 1.132498 -0.014847
v -0.038771 1.141016 0.014849
v 0.000000 1.158387 0.014849
v 0.000000 1.132498 0.014849
v 0.000000 1.132498 0.014849
v 0.000000 1.158387 0.014849
v 0.038771 1.141016 0.014849
v -0.038771 1.141016 0.014849
v 0.000000 1.132498 0.014849
v -0.027140 1.120338 0.014849
v 0.027140 1.120338 0.014849
v 0.000000 1.132498 0.014849
v 0.038771 1.141016 0.014849
v -0.054831 1.072090 0.014849
v -0.038771 1.141016 0.014849
v -0.027140 1.120338 0.014849
v 0.027140 1.120338 0.014849
v 0.038771 1.141016 0.014849
v 0.054831 1.072090 0.014849
v -0.054831 1.072090 0.014849
v -0.027140 1.120338 0.014849
v -0.038381 1.072090 0.014849
v 0.038382 1.072090 0.014849
v 0.027140 1.120338 0.014849
v 0.054831 1.072090 0.014849
v -0.038381 1.072090 0.014849
v -0.027140 1.023841 0.014849
v -0.054831 1.072090 0.014849
v 0.000000 0.985792 0.014849
v -0.038771 1.003163 0.014849
v -0.027140 1.023841 0.014849
v 0.038771 1.003163 0.014849
v 0.027140 1.023841 0.014849
v 0.054831 1.072090 0.014849
v -0.027140 1.023841 0.014849
v -0.038771 1.003163 0.014849
v -0.054831 1.072090 0.014849
v 0.000000 1.011681 0.014849
v 0.000000 0.985792 0.014849
v -0.027140 1.023841 0.014849
v 0.038771 1.003163 0.014849
v 0.000000 0.985792 0.014849
v 0.027140 1.023841 0.014849
v 0.000000 0.985792 0.014849
v 0.000000 1.011681 0.014849
v 0.027140 1.023841 0.014849
v -0.038771 1.141016 -0.014847
v 0.000000 1.158387 -0.014847
v 0.000000 1.132498 -0.014847
v 0.027140 1.023841 0.014849
v 0.038382 1.072090 0.014849
v 0.054831 1.072090 0.014849
v 0.000000 1.132498 -0.014847
v 0.000000 1.158387 -0.014847
v 0.038771 1.141016 -0.014847
v -0.038771 1.141016 -0.014847
v 0.000000 1.132498 -0.014847
v -0.027140 1.120338 -0.014847
v 0.027140 1.120338 -0.014847
v 0.000000 1.132498 -0.014847
v 0.038771 1.141016 -0.014847
v -0.054831 1.072090 -0.014847
v -0.038771 1.141016 -0.014847
v -0.027140 1.120338 -0.014847
v 0.027140 1.120338 -0.014847
v 0.038771 1.141016 -0.014847
v 0.054831 1.072090 -0.014847
v -0.054831 1.072090 -0.014847
v -0.027140 1.120338 -0.014847
v -0.038381 1.072090 -0.014847
v 0.038382 1.072090 -0.014847
v 0.027140 1.120338 -0.014847
v 0.054831 1.072090 -0.014847
v -0.038381 1.072090 -0.014847
v -0.027140 1.023841 -0.014847
v -0.054831 1.072090 -0.014847
v 0.000000 0.985792 -0.014847
v -0.038771 1.003163 -0.014847
v -0.027140 1.023841 -0.014847
v 0.038771 1.003163 -0.014847
v 0.027140 1.023841 -0.014847
v 0.054831 1.072090 -0.014847
v -0.027140 1.023841 -0.014847
v -0.038771 1.003163 -0.014847
v -0.054831 1.072090 -0.014847
v 0.000000 1.011681 -0.014847
v 0.000000 0.985792 -0.014847
v -0.027140 1.023841 -0.014847
v 0.038771 1.003163 -0.014847
v 0.000000 0.985792 -0.014847
v 0.027140 1.023841 -0.014847
v 0.000000 0.985792 -0.014847
v 0.000000 1.011681 -0.014847
v 0.027140 1.023841 -0.014847
v 0.027140 1.023841 -0.014847
v 0.038382 1.072090 -0.014847
v 0.054831 1.072090 -0.014847
v -0.014848 1.268387 0.000001
v 0.014848 1.268387 0.000001
v 0.014848 1.251016 -0.038771
v -0.014848 1.251016 -0.038771
v -0.014848 1.251016 -0.038771
v 0.014848 1.251016 -0.038771
v 0.014848 1.182090 -0.054830
v -0.014848 1.182090 -0.054830
v -0.014848 1.182090 -0.054830
v 0.014848 1.182090 -0.054830
v 0.014848 1.113163 -0.038771
v -0.014848 1.113163 -0.038771
v -0.014848 1.113163 -0.038771
v 0.014848 1.113163 -0.038771
v 0.014848 1.095792 0.000001
v -0.014848 1.095792 0.000001
v -0.014848 1.095792 0.000001
v 0.014848 1.095792 0.000001
v 0.014848 1.113163 0.038772
v -0.014848 1.113163 0.038772
v -0.014848 1.113163 0.038772
v 0.014848 1.113163 0.038772
v 0.014848 1.182090 0.054831
v -0.014848 1.182090 0.054831
v -0.014848 1.182090 0.054831
v 0.014848 1.182090 0.054831
v 0.014848 1.251016 0.038772
v -0.014848 1.251016 0.038772
v -0.014848 1.251016 0.038772
v 0.014848 1.251016 0.038772
v 0.014848 1.268387 0.000001
v -0.014848 1.268387 0.000001
v -0.014848 1.242498 0.000001
v 0.014848 1.242498 0.000001
v 0.014848 1.230338 -0.027139
v -0.014848 1.230338 -0.027139
v -0.014848 1.230338 -0.027139
v 0.014848 1.230338 -0.027139
v 0.014848 1.182090 -0.038381
v -0.014848 1.182090 -0.038381
v -0.014848 1.182090 -0.038381
v 0.014848 1.182090 -0.038381
v 0.014848 1.133841 -0.027139
v -0.014848 1.133841 -0.027139
v -0.014848 1.133841 -0.027139
v 0.014848 1.133841 -0.027139
v 0.014848 1.121681 0.000001
v -0.014848 1.121681 0.000001
v -0.014848 1.121681 0.000001
v 0.014848 1.121681 0.000001
v 0.014848 1.133841 0.027140
v -0.014848 1.133841 0.027140
v -0.014848 1.133841 0.027140
v 0.014848 1.133841 0.027140
v 0.014848 1.182090 0.038382
v -0.014848 1.182090 0.038382
v -0.014848 1.182090 0.038382
v 0.014848 1.182090 0.038382
v 0.014848 1.230338 0.027140
v -0.014848 1.230338 0.027140
v -0.014848 1.230338 0.027140
v 0.014848 1.230338 0.027140
v 0.014848 1.242498 0.000001
v -0.014848 1.242498 0.000001
v 0.014848 1.251016 0.038772
v 0.014848 1.268387 0.000001
v 0.014848 1.242498 0.000001
v 0.014848 1.242498 0.000001
v 0.014848 1.268387 0.000001
v 0.014848 1.251016 -0.038771
v 0.014848 1.251016 0.038772
v 0.014848 1.242498 0.000001
v 0.014848 1.230338 0.027140
v 0.014848 1.230338 -0.027139
v 0.014848 1.242498 0.000001
v 0.014848 1.251016 -0.038771
v 0.014848 1.182090 0.054831
v 0.014848 1.251016 0.038772
v 0.014848 1.230338 0.027140
v 0.014848 1.230338 -0.027139
v 0.014848 1.251016 -0.038771
v 0.014848 1.182090 -0.054830
v 0.014848 1.182090 0.054831
v 0.014848 1.230338 0.027140
v 0.014848 1.182090 0.038382
v 0.014848 1.182090 -0.038381
v 0.014848 1.230338 -0.027139
v 0.014848 1.182090 -0.054830
v 0.014848 1.182090 0.038382
v 0.014848 1.133841 0.027140
v 0.014848 1.182090 0.054831
v 0.014848 1.095792 0.000001
v 0.014848 1.113163 0.038772
v 0.014848 1.133841 0.027140
v 0.014848 1.113163 -0.038771
v 0.014848 1.133841 -0.027139
v 0.014848 1.182090 -0.054830
v 0.014848 1.133841 0.027140
v 0.014848 1.113163 0.038772
v 0.014848 1.182090 0.054831
v 0.014848 1.121681 0.000001
v 0.014848 1.095792 0.000001
v 0.014848 1.133841 0.027140
v 0.014848 1.113163 -0.038771
v 0.014848 1.095792 0.000001
v 0.014848 1.133841 -0.027139
v 0.014848 1.095792 0.000001
v 0.014848 1.121681 0.000001
v 0.014848 1.133841 -0.027139
v -0.014848 1.251016 0.038772
v -0.014848 1.268387 0.000001
v -0.014848 1.242498 0.000001
v 0.014848 1.133841 -0.027139
v 0.014848 1.182090 -0.038381
v 0.014848 1.182090 -0.054830
v -0.014848 1.242498 0.000001
v -0.014848 1.268387 0.000001
v -0.014848 1.251016 -0.038771
v -0.014848 1.251016 0.038772
v -0.014848 1.242498 0.000001
v -0.014848 1.230338 0.027140
v -0.014848 1.230338 -0.027139
v -0.014848 1.242498 0.000001
v -0.014848 1.251016 -0.038771
v -0.014848 1.182090 0.054831
v -0.014848 1.251016 0.038772
v -0.014848 1.230338 0.027140
v -0.014848 1.230338 -0.027139
v -0.014848 1.251016 -0.038771
v -0.014848 1.182090 -0.054830
v -0.014848 1.182090 0.054831
v -0.014848 1.230338 0.027140
v -0.014848 1.182090 0.038382
v -0.014848 1.182090 -0.038381
v -0.014848 1.230338 -0.027139
v -0.014848 1.182090 -0.054830
v -0.014848 1.182090 0.038382
v -0.014848 1.133841 0.027140
v -0.014848 1.182090 0.054831
v -0.014848 1.095792 0.000001
v -0.014848 1.113163 0.038772
v -0.014848 1.133841 0.027140
v -0.014848 1.113163 -0.038771
v -0.014848 1.133841 -0.027139
v -0.014848 1.182090 -0.054830
v -0.014848 1.133841 0.027140
v -0.014848 1.113163 0.038772
v -0.014848 1.182090 0.054831
v -0.014848 1.121681 0.000001
v -0.014848 1.095792 0.000001
v -0.014848 1.133841 0.027140
v -0.014848 1.113163 -0.038771
v -0.014848 1.095792 0.000001
v -0.014848 1.133841 -0.027139
v -0.014848 1.095792 0.000001
v -0.014848 1.121681 0.000001
v -0.014848 1.133841 -0.027139
v -0.014848 1.133841 -0.027139
v -0.014848 1.182090 -0.038381
v -0.014848 1.182090 -0.054830
v 0.000000 1.378387 0.014849
v 0.000000 1.378387 -0.014847
v -0.038771 1.361016 -0.014847
v -0.038771 1.361016 0.014849
v -0.038771 1.361016 0.014849
v -0.038771 1.361016 -0.014847
v -0.054831 1.292090 -0.014847
v -0.054831 1.292090 0.014849
v -0.054831 1.292090 0.014849
v -0.054831 1.292090 -0.014847
v -0.038771 1.223163 -0.014847
v -0.038771 1.223163 0.014849
v -0.038771 1.223163 0.014849
v -0.038771 1.223163 -0.014847
v 0.000000 1.205792 -0.014847
v 0.000000 1.205792 0.014849
v 0.000000 1.205792 0.014849
v 0.000000 1.205792 -0.014847
v 0.038771 1.223163 -0.014847
v 0.038771 1.223163 0.014849
v 0.038771 1.223163 0.014849
v 0.038771 1.223163 -0.014847
v 0.054831 1.292090 -0.014847
v 0.054831 1.292090 0.014849
v 0.054831 1.292090 0.014849
v 0.054831 1.292090 -0.014847
v 0.038771 1.361016 -0.014847
v 0.038771 1.361016 0.014849
v 0.038771 1.361016 0.014849
v 0.038771 1.361016 -0.014847
v 0.000000 1.378387 -0.014847
v 0.000000 1.378387 0.014849
v 0.000000 1.352498 0.014849
v 0.000000 1.352498 -0.014847
v -0.027140 1.340338 -0.014847
v -0.027140 1.340338 0.014849
v -0.027140 1.340338 0.014849
v -0.027140 1.340338 -0.014847
v -0.038381 1.292090 -0.014847
v -0.038381 1.292090 0.014849
v -0.038381 1.292090 0.014849
v -0.038381 1.292090 -0.014847
v -0.027140 1.243841 -0.014847
v -0.027140 1.243841 0.014849
v -0.027140 1.243841 0.014849
v -0.027140 1.243841 -0.014847
v 0.000000 1.231681 -0.014847
v 0.000000 1.231681 0.014849
v 0.000000 1.231681 0.014849
v 0.000000 1.231681 -0.014847
v 0.027140 1.243841 -0.014847
v 0.027140 1.243841 0.014849
v 0.027140 1.243841 0.014849
v 0.027140 1.243841 -0.014847
v 0.038382 1.292090 -0.014847
v 0.038382 1.292090 0.014849
v 0.038382 1.292090 0.014849
v 0.038382 1.292090 -0.014847
v 0.027140 1.340338 -0.014847
v 0.027140 1.340338 0.014849
v 0.027140 1.340338 0.014849
v 0.027140 1.340338 -0.014847
v 0.000000 1.352498 -0.014847
v 0.000000 1.352498 0.014849
v 0.038771 1.361016 -0.014847
v 0.000000 1.378387 -0.014847
v 0.000000 1.352498 -0.014847
v 0.000000 1.352498 -0.014847
v 0.000000 1.378387 -0.014847
v -0.038771 1.361016 -0.014847
v 0.038771 1.361016 -0.014847
v 0.000000 1.352498 -0.014847
v 0.027140 1.340338 -0.014847
v -0.027140 1.340338 -0.014847
v 0.000000 1.352498 -0.014847
v -0.038771 1.361016 -0.014847
v 0.054831 1.292090 -0.014847
v 0.038771 1.361016 -0.014847
v 0.027140 1.340338 -0.014847
v -0.027140 1.340338 -0.014847
v -0.038771 1.361016 -0.014847
v -0.054831 1.292090 -0.014847
v 0.054831 1.292090 -0.014847
v 0.027140 1.340338 -0.014847
v 0.038382 1.292090 -0.014847
v -0.038381 1.292090 -0.014847
v -0.027140 1.340338 -0.014847
v -0.054831 1.292090 -0.014847
v 0.038382 1.292090 -0.014847
v 0.027140 1.243841 -0.014847
v 0.054831 1.292090 -0.014847
v 0.000000 1.205792 -0.014847
v 0.038771 1.223163 -0.014847
v 0.027140 1.243841 -0.014847
v -0.038771 1.223163 -0.014847
v -0.027140 1.243841 -0.014847
v -0.054831 1.292090 -0.014847
v 0.027140 1.243841 -0.014847
v 0.038771 1.223163 -0.014847
v 0.054831 1.292090 -0.014847
v 0.000000 1.231681 -0.014847
v 0.000000 1.205792 -0.014847
v 0.027140 1.243841 -0.014847
v -0.038771 1.223163 -0.014847
v 0.000000 1.205792 -0.014847
v -0.027140 1.243841 -0.014847
v 0.000000 1.205792 -0.014847
v 0.000000 1.231681 -0.014847
v -0.027140 1.243841 -0.014847
v 0.038771 1.361016 0.014849
v 0.000000 1.378387 0.014849
v 0.000000 1.352498 0.014849
v -0.027140 1.243841 -0.014847
v -0.038381 1.292090 -0.014847
v -0.054831 1.292090 -0.014847
v 0.000000 1.352498 0.014849
v 0.000000 1.378387 0.014849
v -0.038771 1.361016 0.014849
v 0.038771 1.361016 0.014849
v 0.000000 1.352498 0.014849
v 0.027140 1.340338 0.014849
v -0.027140 1.340338 0.014849
v 0.000000 1.352498 0.014849
v -0.038771 1.361016 0.014849
v 0.054831 1.292090 0.014849
v 0.038771 1.361016 0.014849
v 0.027140 1.340338 0.014849
v -0.027140 1.340338 0.014849
v -0.038771 1.361016 0.014849
v -0.054831 1.292090 0.014849
v 0.054831 1.292090 0.014849
v 0.027140 1.340338 0.014849
v 0.038382 1.292090 0.014849
v -0.038381 1.292090 0.014849
v -0.027140 1.340338 0.014849
v -0.054831 1.292090 0.014849
v 0.038382 1.292090 0.014849
v 0.027140 1.243841 0.014849
v 0.054831 1.292090 0.014849
v 0.000000 1.205792 0.014849
v 0.038771 1.223163 0.014849
v 0.027140 1.243841 0.014849
v -0.038771 1.223163 0.014849
v -0.027140 1.243841 0.014849
v -0.054831 1.292090 0.014849
v 0.027140 1.243841 0.014849
v 0.038771 1.223163 0.014849
v 0.054831 1.292090 0.014849
v 0.000000 1.231681 0.014849
v 0.000000 1.205792 0.014849
v 0.027140 1.243841 0.014849
v -0.038771 1.223163 0.014849
v 0.000000 1.205792 0.014849
v -0.027140 1.243841 0.014849
v 0.000000 1.205792 0.014849
v 0.000000 1.231681 0.014849
v -0.027140 1.243841 0.014849
v -0.027140 1.243841 0.014849
v -0.038381 1.292090 0.014849
v -0.054831 1.292090 0.014849
v 0.072076 1.378387 0.072076
v 0.000000 1.378387 0.101931
v -0.072076 1.378387 0.072076
v 0.000000 1.423034 0.178988
v 0.126563 1.423034 0.126564
v 0.163597 1.517269 0.163597
v 0.000000 1.517269 0.231361
v 0.000000 1.378387 0.101931
v 0.000000 1.423034 0.178988
v -0.126563 1.423034 0.126564
v -0.072076 1.378387 0.072076
v -0.072076 1.378387 0.072076
v -0.101930 1.378387 0.000001
v -0.072076 1.378387 -0.072075
v 0.000000 1.423034 -0.178987
v -0.126563 1.423034 -0.126563
v -0.163597 1.517269 -0.163596
v 0.000000 1.517269 -0.231360
v -0.072076 1.378387 0.072076
v -0.126563 1.423034 0.126564
v -0.178987 1.423034 0.000001
v -0.101930 1.378387 0.000001
v 0.231361 1.517269 0.000001
v 0.163597 1.517269 -0.163596
v 0.000000 1.517269 -0.231360
v 0.126563 1.423034 0.126564
v 0.178988 1.423034 0.000001
v 0.231361 1.517269 0.000001
v 0.163597 1.517269 0.163597
v -0.101930 1.378387 0.000001
v -0.178987 1.423034 0.000001
v -0.126563 1.423034 -0.126563
v -0.072076 1.378387 -0.072075
v 0.000000 1.517269 0.231361
v 0.163597 1.517269 0.163597
v 0.231361 1.517269 0.000001
v -0.126563 1.423034 -0.126563
v -0.178987 1.423034 0.000001
v -0.231361 1.517269 0.000001
v -0.163597 1.517269 -0.163596
v -0.072076 1.378387 -0.072075
v -0.126563 1.423034 -0.126563
v 0.000000 1.423034 -0.178987
v 0.000000 1.378387 -0.101930
v -0.163597 1.517269 0.163597
v 0.000000 1.517269 0.231361
v 0.231361 1.517269 0.000001
v -0.126563 1.423034 0.126564
v 0.000000 1.423034 0.178988
v 0.000000 1.517269 0.231361
v -0.163597 1.517269 0.163597
v 0.000000 1.378387 -0.101930
v 0.000000 1.423034 -0.178987
v 0.126563 1.423034 -0.126563
v 0.072076 1.378387 -0.072075
v -0.231361 1.517269 0.000001
v -0.163597 1.517269 0.163597
v 0.231361 1.517269 0.000001
v 0.178988 1.423034 0.000001
v 0.126563 1.423034 -0.126563
v 0.163597 1.517269 -0.163596
v 0.231361 1.517269 0.000001
v 0.072076 1.378387 -0.072075
v 0.126563 1.423034 -0.126563
v 0.178988 1.423034 0.000001
v 0.101931 1.378387 0.000001
v -0.178987 1.423034 0.000001
v -0.126563 1.423034 0.126564
v -0.163597 1.517269 0.163597
v -0.231361 1.517269 0.000001
v -0.163597 1.517269 -0.163596
v -0.231361 1.517269 0.000001
v 0.231361 1.517269 0.000001
v 0.101931 1.378387 0.000001
v 0.178988 1.423034 0.000001
v 0.126563 1.423034 0.126564
v 0.072076 1.378387 0.072076
v 0.000000 1.517269 -0.231360
v -0.163597 1.517269 -0.163596
v 0.231361 1.517269 0.000001
v 0.126563 1.423034 -0.126563
v 0.000000 1.423034 -0.178987
v 0.000000 1.517269 -0.231360
v 0.163597 1.517269 -0.163596
v 0.072076 1.378387 0.072076
v 0.126563 1.423034 0.126564
v 0.000000 1.423034 0.178988
v 0.000000 1.378387 0.101931
v -0.072076 1.378387 -0.072075
v 0.072076 1.378387 -0.072075
v 0.072076 1.378387 0.072076
v -0.072076 1.378387 -0.072075
v 0.000000 1.378387 -0.101930
v 0.072076 1.378387 -0.072075
v 0.072076 1.378387 -0.072075
v 0.101931 1.378387 0.000001
v 0.072076 1.378387 0.072076
v 0.072076 1.378387 0.072076
v -0.072076 1.378387 0.072076
v -0.072076 1.378387 -0.072075
v 0.014848 0.252841 0.027140
v 0.014848 0.301090 0.038382
v 0.014848 0.301090 0.054831
v 0.014848 0.214792 0.000001
v 0.014848 0.240681 0.000001
v 0.014848 0.252841 0.027140
v 0.014848 0.232163 0.038772
v 0.014848 0.214792 0.000001
v 0.014848 0.252841 0.027140
v 0.014848 0.240681 0.000001
v 0.014848 0.214792 0.000001
v 0.014848 0.252841 -0.027139
v 0.014848 0.252841 -0.027139
v 0.014848 0.232163 -0.038771
v 0.014848 0.301090 -0.054830
v 0.014848 0.232163 0.038772
v 0.014848 0.252841 0.027140
v 0.014848 0.301090 0.054831
v 0.014848 0.214792 0.000001
v 0.014848 0.232163 -0.038771
v 0.014848 0.252841 -0.027139
v 0.014848 0.301090 -0.038381
v 0.014848 0.252841 -0.027139
v 0.014848 0.301090 -0.054830
v 0.014848 0.301090 0.038382
v 0.014848 0.349338 0.027140
v 0.014848 0.301090 0.054831
v 0.014848 0.301090 -0.054830
v 0.014848 0.349338 -0.027139
v 0.014848 0.301090 -0.038381
v 0.014848 0.349338 0.027140
v 0.014848 0.370016 0.038772
v 0.014848 0.301090 0.054831
v 0.014848 0.301090 -0.054830
v 0.014848 0.370016 -0.038771
v 0.014848 0.349338 -0.027139
v 0.014848 0.349338 0.027140
v 0.014848 0.361498 0.000001
v 0.014848 0.370016 0.038772
v 0.014848 0.370016 -0.038771
v 0.014848 0.361498 0.000001
v 0.014848 0.349338 -0.027139
v 0.014848 0.361498 0.000001
v 0.014848 0.387387 0.000001
v 0.014848 0.370016 0.038772
v -0.014848 0.252841 0.027140
v -0.014848 0.301090 0.038382
v -0.014848 0.301090 0.054831
v 0.014848 0.370016 -0.038771
v 0.014848 0.387387 0.000001
v 0.014848 0.361498 0.000001
v -0.014848 0.214792 0.000001
v -0.014848 0.240681 0.000001
v -0.014848 0.252841 0.027140
v -0.014848 0.232163 0.038772
v -0.014848 0.214792 0.000001
v -0.014848 0.252841 0.027140
v -0.014848 0.240681 0.000001
v -0.014848 0.214792 0.000001
v -0.014848 0.252841 -0.027139
v -0.014848 0.252841 -0.027139
v -0.014848 0.232163 -0.038771
v -0.014848 0.301090 -0.054830
v -0.014848 0.232163 0.038772
v -0.014848 0.252841 0.027140
v -0.014848 0.301090 0.054831
v -0.014848 0.214792 0.000001
v -0.014848 0.232163 -0.038771
v -0.014848 0.252841 -0.027139
v -0.014848 0.301090 -0.038381
v -0.014848 0.252841 -0.027139
v -0.014848 0.301090 -0.054830
v -0.014848 0.301090 0.038382
v -0.014848 0.349338 0.027140
v -0.014848 0.301090 0.054831
v -0.014848 0.301090 -0.054830
v -0.014848 0.349338 -0.027139
v -0.014848 0.301090 -0.038381
v -0.014848 0.349338 0.027140
v -0.014848 0.370016 0.038772
v -0.014848 0.301090 0.054831
v -0.014848 0.301090 -0.054830
v -0.014848 0.370016 -0.038771
v -0.014848 0.349338 -0.027139
v -0.014848 0.349338 0.027140
v -0.014848 0.361498 0.000001
v -0.014848 0.370016 0.038772
v -0.014848 0.370016 -0.038771
v -0.014848 0.361498 0.000001
v -0.014848 0.349338 -0.027139
v -0.014848 0.361498 0.000001
v -0.014848 0.387387 0.000001
v -0.014848 0.370016 0.038772
v -0.014848 0.370016 -0.038771
v -0.014848 0.387387 0.000001
v -0.014848 0.361498 0.000001
v 0.014848 0.349338 -0.027139
v -0.014848 0.349338 -0.027139
v -0.014848 0.361498 0.000001
v 0.014848 0.361498 0.000001
v 0.014848 0.301090 -0.038381
v -0.014848 0.301090 -0.038381
v -0.014848 0.349338 -0.027139
v 0.014848 0.349338 -0.027139
v 0.014848 0.252841 -0.027139
v -0.014848 0.252841 -0.027139
v -0.014848 0.301090 -0.038381
v 0.014848 0.301090 -0.038381
v 0.014848 0.240681 0.000001
v -0.014848 0.240681 0.000001
v -0.014848 0.252841 -0.027139
v 0.014848 0.252841 -0.027139
v 0.014848 0.252841 0.027140
v -0.014848 0.252841 0.027140
v -0.014848 0.240681 0.000001
v 0.014848 0.240681 0.000001
v 0.014848 0.301090 0.038382
v -0.014848 0.301090 0.038382
v -0.014848 0.252841 0.027140
v 0.014848 0.252841 0.027140
v 0.014848 0.349338 0.027140
v -0.014848 0.349338 0.027140
v -0.014848 0.301090 0.038382
v 0.014848 0.301090 0.038382
v 0.014848 0.361498 0.000001
v -0.014848 0.361498 0.000001
v -0.014848 0.349338 0.027140
v 0.014848 0.349338 0.027140
v 0.014848 0.370016 -0.038771
v -0.014848 0.370016 -0.038771
v -0.014848 0.387387 0.000001
v 0.014848 0.387387 0.000001
v 0.014848 0.301090 -0.054830
v -0.014848 0.301090 -0.054830
v -0.014848 0.370016 -0.038771
v 0.014848 0.370016 -0.038771
v 0.014848 0.232163 -0.038771
v -0.014848 0.232163 -0.038771
v -0.014848 0.301090 -0.054830
v 0.014848 0.301090 -0.054830
v 0.014848 0.214792 0.000001
v -0.014848 0.214792 0.000001
v -0.014848 0.232163 -0.038771
v 0.014848 0.232163 -0.038771
v 0.014848 0.232163 0.038772
v -0.014848 0.232163 0.038772
v -0.014848 0.214792 0.000001
v 0.014848 0.214792 0.000001
v 0.014848 0.301090 0.054831
v -0.014848 0.301090 0.054831
v -0.014848 0.232163 0.038772
v 0.014848 0.232163 0.038772
v 0.014848 0.370016 0.038772
v -0.014848 0.370016 0.038772
v -0.014848 0.301090 0.054831
v 0.014848 0.301090 0.054831
v 0.014848 0.387387 0.000001
v -0.014848 0.387387 0.000001
v -0.014848 0.370016 0.038772
v 0.014848 0.370016 0.038772
v 0.000000 0.497387 0.014849
v 0.000000 0.497387 -0.014847
v -0.038771 0.480016 -0.014847
v -0.038771 0.480016 0.014849
v -0.038771 0.480016 0.014849
v -0.038771 0.480016 -0.014847
v -0.054831 0.411090 -0.014847
v -0.054831 0.411090 0.014849
v -0.054831 0.411090 0.014849
v -0.054831 0.411090 -0.014847
v -0.038771 0.342163 -0.014847
v -0.038771 0.342163 0.014849
v -0.038771 0.342163 0.014849
v -0.038771 0.342163 -0.014847
v 0.000000 0.324792 -0.014847
v 0.000000 0.324792 0.014849
v 0.000000 0.324792 0.014849
v 0.000000 0.324792 -0.014847
v 0.038771 0.342163 -0.014847
v 0.038771 0.342163 0.014849
v 0.038771 0.342163 0.014849
v 0.038771 0.342163 -0.014847
v 0.054831 0.411090 -0.014847
v 0.054831 0.411090 0.014849
v 0.054831 0.411090 0.014849
v 0.054831 0.411090 -0.014847
v 0.038771 0.480016 -0.014847
v 0.038771 0.480016 0.014849
v 0.038771 0.480016 0.014849
v 0.038771 0.480016 -0.014847
v 0.000000 0.497387 -0.014847
v 0.000000 0.497387 0.014849
v 0.000000 0.471498 0.014849
v 0.000000 0.471498 -0.014847
v -0.027140 0.459338 -0.014847
v -0.027140 0.459338 0.014849
v -0.027140 0.459338 0.014849
v -0.027140 0.459338 -0.014847
v -0.038381 0.411090 -0.014847
v -0.038381 0.411090 0.014849
v -0.038381 0.411090 0.014849
v -0.038381 0.411090 -0.014847
v -0.027140 0.362841 -0.014847
v -0.027140 0.362841 0.014849
v -0.027140 0.362841 0.014849
v -0.027140 0.362841 -0.014847
v 0.000000 0.350681 -0.014847
v 0.000000 0.350681 0.014849
v 0.000000 0.350681 0.014849
v 0.000000 0.350681 -0.014847
v 0.027140 0.362841 -0.014847
v 0.027140 0.362841 0.014849
v 0.027140 0.362841 0.014849
v 0.027140 0.362841 -0.014847
v 0.038382 0.411090 -0.014847
v 0.038382 0.411090 0.014849
v 0.038382 0.411090 0.014849
v 0.038382 0.411090 -0.014847
v 0.027140 0.459338 -0.014847
v 0.027140 0.459338 0.014849
v 0.027140 0.459338 0.014849
v 0.027140 0.459338 -0.014847
v 0.000000 0.471498 -0.014847
v 0.000000 0.471498 0.014849
v 0.038771 0.480016 -0.014847
v 0.000000 0.497387 -0.014847
v 0.000000 0.471498 -0.014847
v 0.000000 0.471498 -0.014847
v 0.000000 0.497387 -0.014847
v -0.038771 0.480016 -0.014847
v 0.038771 0.480016 -0.014847
v 0.000000 0.471498 -0.014847
v 0.027140 0.459338 -0.014847
v -0.027140 0.459338 -0.014847
v 0.000000 0.471498 -0.014847
v -0.038771 0.480016 -0.014847
v 0.054831 0.411090 -0.014847
v 0.038771 0.480016 -0.014847
v 0.027140 0.459338 -0.014847
v -0.027140 0.459338 -0.014847
v -0.038771 0.480016 -0.014847
v -0.054831 0.411090 -0.014847
v 0.054831 0.411090 -0.014847
v 0.027140 0.459338 -0.014847
v 0.038382 0.411090 -0.014847
v -0.038381 0.411090 -0.014847
v -0.027140 0.459338 -0.014847
v -0.054831 0.411090 -0.014847
v 0.038382 0.411090 -0.014847
v 0.027140 0.362841 -0.014847
v 0.054831 0.411090 -0.014847
v 0.000000 0.324792 -0.014847
v 0.038771 0.342163 -0.014847
v 0.027140 0.362841 -0.014847
v -0.038771 0.342163 -0.014847
v -0.027140 0.362841 -0.014847
v -0.054831 0.411090 -0.014847
v 0.027140 0.362841 -0.014847
v 0.038771 0.342163 -0.014847
v 0.054831 0.411090 -0.014847
v 0.000000 0.350681 -0.014847
v 0.000000 0.324792 -0.014847
v 0.027140 0.362841 -0.014847
v -0.038771 0.342163 -0.014847
v 0.000000 0.324792 -0.014847
v -0.027140 0.362841 -0.014847
v 0.000000 0.324792 -0.014847
v 0.000000 0.350681 -0.014847
v -0.027140 0.362841 -0.014847
v 0.038771 0.480016 0.014849
v 0.000000 0.497387 0.014849
v 0.000000 0.471498 0.014849
v -0.027140 0.362841 -0.014847
v -0.038381 0.411090 -0.014847
v -0.054831 0.411090 -0.014847
v 0.000000 0.471498 0.014849
v 0.000000 0.497387 0.014849
v -0.038771 0.480016 0.014849
v 0.038771 0.480016 0.014849
v 0.000000 0.471498 0.014849
v 0.027140 0.459338 0.014849
v -0.027140 0.459338 0.014849
v 0.000000 0.471498 0.014849
v -0.038771 0.480016 0.014849
v 0.054831 0.411090 0.014849
v 0.038771 0.480016 0.014849
v 0.027140 0.459338 0.014849
v -0.027140 0.459338 0.014849
v -0.038771 0.480016 0.014849
v -0.054831 0.411090 0.014849
v 0.054831 0.411090 0.014849
v 0.027140 0.459338 0.014849
v 0.038382 0.411090 0.014849
v -0.038381 0.411090 0.014849
v -0.027140 0.459338 0.014849
v -0.054831 0.411090 0.014849
v 0.038382 0.411090 0.014849
v 0.027140 0.362841 0.014849
v 0.054831 0.411090 0.014849
v 0.000000 0.324792 0.014849
v 0.038771 0.342163 0.014849
v 0.027140 0.362841 0.014849
v -0.038771 0.342163 0.014849
v -0.027140 0.362841 0.014849
v -0.054831 0.411090 0.014849
v 0.027140 0.362841 0.014849
v 0.038771 0.342163 0.014849
v 0.054831 0.411090 0.014849
v 0.000000 0.350681 0.014849
v 0.000000 0.324792 0.014849
v 0.027140 0.362841 0.014849
v -0.038771 0.342163 0.014849
v 0.000000 0.324792 0.014849
v -0.027140 0.362841 0.014849
v 0.000000 0.324792 0.014849
v 0.000000 0.350681 0.014849
v -0.027140 0.362841 0.014849
v -0.027140 0.362841 0.014849
v -0.038381 0.411090 0.014849
v -0.054831 0.411090 0.014849
v -0.014848 0.472841 -0.027139
v -0.014848 0.521090 -0.038381
v -0.014848 0.521090 -0.054830
v -0.014848 0.434792 0.000001
v -0.014848 0.460681 0.000001
v -0.014848 0.472841 -0.027139
v -0.014848 0.452163 -0.038771
v -0.014848 0.434792 0.000001
v -0.014848 0.472841 -0.027139
v -0.014848 0.460681 0.000001
v -0.014848 0.434792 0.000001
v -0.014848 0.472841 0.027140
v -0.014848 0.472841 0.027140
v -0.014848 0.452163 0.038772
v -0.014848 0.521090 0.054831
v -0.014848 0.452163 -0.038771
v -0.014848 0.472841 -0.027139
v -0.014848 0.521090 -0.054830
v -0.014848 0.434792 0.000001
v -0.014848 0.452163 0.038772
v -0.014848 0.472841 0.027140
v -0.014848 0.521090 0.038382
v -0.014848 0.472841 0.027140
v -0.014848 0.521090 0.054831
v -0.014848 0.521090 -0.038381
v -0.014848 0.569338 -0.027139
v -0.014848 0.521090 -0.054830
v -0.014848 0.521090 0.054831
v -0.014848 0.569338 0.027140
v -0.014848 0.521090 0.038382
v -0.014848 0.569338 -0.027139
v -0.014848 0.590016 -0.038771
v -0.014848 0.521090 -0.054830
v -0.014848 0.521090 0.054831
v -0.014848 0.590016 0.038772
v -0.014848 0.569338 0.027140
v -0.014848 0.569338 -0.027139
v -0.014848 0.581498 0.000001
v -0.014848 0.590016 -0.038771
v -0.014848 0.590016 0.038772
v -0.014848 0.581498 0.000001
v -0.014848 0.569338 0.027140
v -0.014848 0.581498 0.000001
v -0.014848 0.607387 0.000001
v -0.014848 0.590016 -0.038771
v 0.014848 0.472841 -0.027139
v 0.014848 0.521090 -0.038381
v 0.014848 0.521090 -0.054830
v -0.014848 0.590016 0.038772
v -0.014848 0.607387 0.000001
v -0.014848 0.581498 0.000001
v 0.014848 0.434792 0.000001
v 0.014848 0.460681 0.000001
v 0.014848 0.472841 -0.027139
v 0.014848 0.452163 -0.038771
v 0.014848 0.434792 0.000001
v 0.014848 0.472841 -0.027139
v 0.014848 0.460681 0.000001
v 0.014848 0.434792 0.000001
v 0.014848 0.472841 0.027140
v 0.014848 0.472841 0.027140
v 0.014848 0.452163 0.038772
v 0.014848 0.521090 0.054831
v 0.014848 0.452163 -0.038771
v 0.014848 0.472841 -0.027139
v 0.014848 0.521090 -0.054830
v 0.014848 0.434792 0.000001
v 0.014848 0.452163 0.038772
v 0.014848 0.472841 0.027140
v 0.014848 0.521090 0.038382
v 0.014848 0.472841 0.027140
v 0.014848 0.521090 0.054831
v 0.014848 0.521090 -0.038381
v 0.014848 0.569338 -0.027139
v 0.014848 0.521090 -0.054830
v 0.014848 0.521090 0.054831
v 0.014848 0.569338 0.027140
v 0.014848 0.521090 0.038382
v 0.014848 0.569338 -0.027139
v 0.014848 0.590016 -0.038771
v 0.014848 0.521090 -0.054830
v 0.014848 0.521090 0.054831
v 0.014848 0.590016 0.038772
v 0.014848 0.569338 0.027140
v 0.014848 0.569338 -0.027139
v 0.014848 0.581498 0.000001
v 0.014848 0.590016 -0.038771
v 0.014848 0.590016 0.038772
v 0.014848 0.581498 0.000001
v 0.014848 0.569338 0.027140
v 0.014848 0.581498 0.000001
v 0.014848 0.607387 0.000001
v 0.014848 0.590016 -0.038771
v 0.014848 0.590016 0.038772
v 0.014848 0.607387 0.000001
v 0.014848 0.581498 0.000001
v -0.014848 0.569338 0.027140
v 0.014848 0.569338 0.027140
v 0.014848 0.581498 0.000001
v -0.014848 0.581498 0.000001
v -0.014848 0.521090 0.038382
v 0.014848 0.521090 0.038382
v 0.014848 0.569338 0.027140
v -0.014848 0.569338 0.027140
v -0.014848 0.472841 0.027140
v 0.014848 0.472841 0.027140
v 0.014848 0.521090 0.038382
v -0.014848 0.521090 0.038382
v -0.014848 0.460681 0.000001
v 0.014848 0.460681 0.000001
v 0.014848 0.472841 0.027140
v -0.014848 0.472841 0.027140
v -0.014848 0.472841 -0.027139
v 0.014848 0.472841 -0.027139
v 0.014848 0.460681 0.000001
v -0.014848 0.460681 0.000001
v -0.014848 0.521090 -0.038381
v 0.014848 0.521090 -0.038381
v 0.014848 0.472841 -0.027139
v -0.014848 0.472841 -0.027139
v -0.014848 0.569338 -0.027139
v 0.014848 0.569338 -0.027139
v 0.014848 0.521090 -0.038381
v -0.014848 0.521090 -0.038381
v -0.014848 0.581498 0.000001
v 0.014848 0.581498 0.000001
v 0.014848 0.569338 -0.027139
v -0.014848 0.569338 -0.027139
v -0.014848 0.590016 0.038772
v 0.014848 0.590016 0.038772
v 0.014848 0.607387 0.000001
v -0.014848 0.607387 0.000001
v -0.014848 0.521090 0.054831
v 0.014848 0.521090 0.054831
v 0.014848 0.590016 0.038772
v -0.014848 0.590016 0.038772
v -0.014848 0.452163 0.038772
v 0.014848 0.452163 0.038772
v 0.014848 0.521090 0.054831
v -0.014848 0.521090 0.054831
v -0.014848 0.434792 0.000001
v 0.014848 0.434792 0.000001
v 0.014848 0.452163 0.038772
v -0.014848 0.452163 0.038772
v -0.014848 0.452163 -0.038771
v 0.014848 0.452163 -0.038771
v 0.014848 0.434792 0.000001
v -0.014848 0.434792 0.000001
v -0.014848 0.521090 -0.054830
v 0.014848 0.521090 -0.054830
v 0.014848 0.452163 -0.038771
v -0.014848 0.452163 -0.038771
v -0.014848 0.590016 -0.038771
v 0.014848 0.590016 -0.038771
v 0.014848 0.521090 -0.054830
v -0.014848 0.521090 -0.054830
v -0.014848 0.607387 0.000001
v 0.014848 0.607387 0.000001
v 0.014848 0.590016 -0.038771
v -0.014848 0.590016 -0.038771
v 0.000000 0.718387 -0.014847
v 0.000000 0.718387 0.014849
v 0.038771 0.701016 0.014849
v 0.038771 0.701016 -0.014847
v 0.038771 0.701016 -0.014847
v 0.038771 0.701016 0.014849
v 0.054831 0.632090 0.014849
v 0.054831 0.632090 -0.014847
v 0.054831 0.632090 -0.014847
v 0.054831 0.632090 0.014849
v 0.038771 0.563163 0.014849
v 0.038771 0.563163 -0.014847
v 0.038771 0.563163 -0.014847
v 0.038771 0.563163 0.014849
v 0.000000 0.545792 0.014849
v 0.000000 0.545792 -0.014847
v 0.000000 0.545792 -0.014847
v 0.000000 0.545792 0.014849
v -0.038771 0.563163 0.014849
v -0.038771 0.563163 -0.014847
v -0.038771 0.563163 -0.014847
v -0.038771 0.563163 0.014849
v -0.054831 0.632090 0.014849
v -0.054831 0.632090 -0.014847
v -0.054831 0.632090 -0.014847
v -0.054831 0.632090 0.014849
v -0.038771 0.701016 0.014849
v -0.038771 0.701016 -0.014847
v -0.038771 0.701016 -0.014847
v -0.038771 0.701016 0.014849
v 0.000000 0.718387 0.014849
v 0.000000 0.718387 -0.014847
v 0.000000 0.692498 -0.014847
v 0.000000 0.692498 0.014849
v 0.027140 0.680338 0.014849
v 0.027140 0.680338 -0.014847
v 0.027140 0.680338 -0.014847
v 0.027140 0.680338 0.014849
v 0.038382 0.632090 0.014849
v 0.038382 0.632090 -0.014847
v 0.038382 0.632090 -0.014847
v 0.038382 0.632090 0.014849
v 0.027140 0.583841 0.014849
v 0.027140 0.583841 -0.014847
v 0.027140 0.583841 -0.014847
v 0.027140 0.583841 0.014849
v 0.000000 0.571681 0.014849
v 0.000000 0.571681 -0.014847
v 0.000000 0.571681 -0.014847
v 0.000000 0.571681 0.014849
v -0.027140 0.583841 0.014849
v -0.027140 0.583841 -0.014847
v -0.027140 0.583841 -0.014847
v -0.027140 0.583841 0.014849
v -0.038381 0.632090 0.014849
v -0.038381 0.632090 -0.014847
v -0.038381 0.632090 -0.014847
v -0.038381 0.632090 0.014849
v -0.027140 0.680338 0.014849
v -0.027140 0.680338 -0.014847
v -0.027140 0.680338 -0.014847
v -0.027140 0.680338 0.014849
v 0.000000 0.692498 0.014849
v 0.000000 0.692498 -0.014847
v -0.038771 0.701016 0.014849
v 0.000000 0.718387 0.014849
v 0.000000 0.692498 0.014849
v 0.000000 0.692498 0.014849
v 0.000000 0.718387 0.014849
v 0.038771 0.701016 0.014849
v -0.038771 0.701016 0.014849
v 0.000000 0.692498 0.014849
v -0.027140 0.680338 0.014849
v 0.027140 0.680338 0.014849
v 0.000000 0.692498 0.014849
v 0.038771 0.701016 0.014849
v -0.054831 0.632090 0.014849
v -0.038771 0.701016 0.014849
v -0.027140 0.680338 0.014849
v 0.027140 0.680338 0.014849
v 0.038771 0.701016 0.014849
v 0.054831 0.632090 0.014849
v -0.054831 0.632090 0.014849
v -0.027140 0.680338 0.014849
v -0.038381 0.632090 0.014849
v 0.038382 0.632090 0.014849
v 0.027140 0.680338 0.014849
v 0.054831 0.632090 0.014849
v -0.038381 0.632090 0.014849
v -0.027140 0.583841 0.014849
v -0.054831 0.632090 0.014849
v 0.000000 0.545792 0.014849
v -0.038771 0.563163 0.014849
v -0.027140 0.583841 0.014849
v 0.038771 0.563163 0.014849
v 0.027140 0.583841 0.014849
v 0.054831 0.632090 0.014849
v -0.027140 0.583841 0.014849
v -0.038771 0.563163 0.014849
v -0.054831 0.632090 0.014849
v 0.000000 0.571681 0.014849
v 0.000000 0.545792 0.014849
v -0.027140 0.583841 0.014849
v 0.038771 0.563163 0.014849
v 0.000000 0.545792 0.014849
v 0.027140 0.583841 0.014849
v 0.000000 0.545792 0.014849
v 0.000000 0.571681 0.014849
v 0.027140 0.583841 0.014849
v -0.038771 0.701016 -0.014847
v 0.000000 0.718387 -0.014847
v 0.000000 0.692498 -0.014847
v 0.027140 0.583841 0.014849
v 0.038382 0.632090 0.014849
v 0.054831 0.632090 0.014849
v 0.000000 0.692498 -0.014847
v 0.000000 0.718387 -0.014847
v 0.038771 0.701016 -0.014847
v -0.038771 0.701016 -0.014847
v 0.000000 0.692498 -0.014847
v -0.027140 0.680338 -0.014847
v 0.027140 0.680338 -0.014847
v 0.000000 0.692498 -0.014847
v 0.038771 0.701016 -0.014847
v -0.054831 0.632090 -0.014847
v -0.038771 0.701016 -0.014847
v -0.027140 0.680338 -0.014847
v 0.027140 0.680338 -0.014847
v 0.038771 0.701016 -0.014847
v 0.054831 0.632090 -0.014847
v -0.054831 0.632090 -0.014847
v -0.027140 0.680338 -0.014847
v -0.038381 0.632090 -0.014847
v 0.038382 0.632090 -0.014847
v 0.027140 0.680338 -0.014847
v 0.054831 0.632090 -0.014847
v -0.038381 0.632090 -0.014847
v -0.027140 0.583841 -0.014847
v -0.054831 0.632090 -0.014847
v 0.000000 0.545792 -0.014847
v -0.038771 0.563163 -0.014847
v -0.027140 0.583841 -0.014847
v 0.038771 0.563163 -0.014847
v 0.027140 0.583841 -0.014847
v 0.054831 0.632090 -0.014847
v -0.027140 0.583841 -0.014847
v -0.038771 0.563163 -0.014847
v -0.054831 0.632090 -0.014847
v 0.000000 0.571681 -0.014847
v 0.000000 0.545792 -0.014847
v -0.027140 0.583841 -0.014847
v 0.038771 0.563163 -0.014847
v 0.000000 0.545792 -0.014847
v 0.027140 0.583841 -0.014847
v 0.000000 0.545792 -0.014847
v 0.000000 0.571681 -0.014847
v 0.027140 0.583841 -0.014847
v 0.027140 0.583841 -0.014847
v 0.038382 0.632090 -0.014847
v 0.054831 0.632090 -0.014847
v 0.014848 0.693841 0.027140
v 0.014848 0.742090 0.038382
v 0.014848 0.742090 0.054831
v 0.014848 0.655792 0.000001
v 0.014848 0.681681 0.000001
v 0.014848 0.693841 0.027140
v 0.014848 0.673163 0.038772
v 0.014848 0.655792 0.000001
v 0.014848 0.693841 0.027140
v 0.014848 0.681681 0.000001
v 0.014848 0.655792 0.000001
v 0.014848 0.693841 -0.027139
v 0.014848 0.693841 -0.027139
v 0.014848 0.673163 -0.038771
v 0.014848 0.742090 -0.054830
v 0.014848 0.673163 0.038772
v 0.014848 0.693841 0.027140
v 0.014848 0.742090 0.054831
v 0.014848 0.655792 0.000001
v 0.014848 0.673163 -0.038771
v 0.014848 0.693841 -0.027139
v 0.014848 0.742090 -0.038381
v 0.014848 0.693841 -0.027139
v 0.014848 0.742090 -0.054830
v 0.014848 0.742090 0.038382
v 0.014848 0.790338 0.027140
v 0.014848 0.742090 0.054831
v 0.014848 0.742090 -0.054830
v 0.014848 0.790338 -0.027139
v 0.014848 0.742090 -0.038381
v 0.014848 0.790338 0.027140
v 0.014848 0.811016 0.038772
v 0.014848 0.742090 0.054831
v 0.014848 0.742090 -0.054830
v 0.014848 0.811016 -0.038771
v 0.014848 0.790338 -0.027139
v 0.014848 0.790338 0.027140
v 0.014848 0.802498 0.000001
v 0.014848 0.811016 0.038772
v 0.014848 0.811016 -0.038771
v 0.014848 0.802498 0.000001
v 0.014848 0.790338 -0.027139
v 0.014848 0.802498 0.000001
v 0.014848 0.828387 0.000001
v 0.014848 0.811016 0.038772
v -0.014848 0.693841 0.027140
v -0.014848 0.742090 0.038382
v -0.014848 0.742090 0.054831
v 0.014848 0.811016 -0.038771
v 0.014848 0.828387 0.000001
v 0.014848 0.802498 0.000001
v -0.014848 0.655792 0.000001
v -0.014848 0.681681 0.000001
v -0.014848 0.693841 0.027140
v -0.014848 0.673163 0.038772
v -0.014848 0.655792 0.000001
v -0.014848 0.693841 0.027140
v -0.014848 0.681681 0.000001
v -0.014848 0.655792 0.000001
v -0.014848 0.693841 -0.027139
v -0.014848 0.693841 -0.027139
v -0.014848 0.673163 -0.038771
v -0.014848 0.742090 -0.054830
v -0.014848 0.673163 0.038772
v -0.014848 0.693841 0.027140
v -0.014848 0.742090 0.054831
v -0.014848 0.655792 0.000001
v -0.014848 0.673163 -0.038771
v -0.014848 0.693841 -0.027139
v -0.014848 0.742090 -0.038381
v -0.014848 0.693841 -0.027139
v -0.014848 0.742090 -0.054830
v -0.014848 0.742090 0.038382
v -0.014848 0.790338 0.027140
v -0.014848 0.742090 0.054831
v -0.014848 0.742090 -0.054830
v -0.014848 0.790338 -0.027139
v -0.014848 0.742090 -0.038381
v -0.014848 0.790338 0.027140
v -0.014848 0.811016 0.038772
v -0.014848 0.742090 0.054831
v -0.014848 0.742090 -0.054830
v -0.014848 0.811016 -0.038771
v -0.014848 0.790338 -0.027139
v -0.014848 0.790338 0.027140
v -0.014848 0.802498 0.000001
v -0.014848 0.811016 0.038772
v -0.014848 0.811016 -0.038771
v -0.014848 0.802498 0.000001
v -0.014848 0.790338 -0.027139
v -0.014848 0.802498 0.000001
v -0.014848 0.828387 0.000001
v -0.014848 0.811016 0.038772
v -0.014848 0.811016 -0.038771
v -0.014848 0.828387 0.000001
v -0.014848 0.802498 0.000001
v 0.014848 0.790338 -0.027139
v -0.014848 0.790338 -0.027139
v -0.014848 0.802498 0.000001
v 0.014848 0.802498 0.000001
v 0.014848 0.742090 -0.038381
v -0.014848 0.742090 -0.038381
v -0.014848 0.790338 -0.027139
v 0.014848 0.790338 -0.027139
v 0.014848 0.693841 -0.027139
v -0.014848 0.693841 -0.027139
v -0.014848 0.742090 -0.038381
v 0.014848 0.742090 -0.038381
v 0.014848 0.681681 0.000001
v -0.014848 0.681681 0.000001
v -0.014848 0.693841 -0.027139
v 0.014848 0.693841 -0.027139
v 0.014848 0.693841 0.027140
v -0.014848 0.693841 0.027140
v -0.014848 0.681681 0.000001
v 0.014848 0.681681 0.000001
v 0.014848 0.742090 0.038382
v -0.014848 0.742090 0.038382
v -0.014848 0.693841 0.027140
v 0.014848 0.693841 0.027140
v 0.014848 0.790338 0.027140
v -0.014848 0.790338 0.027140
v -0.014848 0.742090 0.038382
v 0.014848 0.742090 0.038382
v 0.014848 0.802498 0.000001
v -0.014848 0.802498 0.000001
v -0.014848 0.790338 0.027140
v 0.014848 0.790338 0.027140
v 0.014848 0.811016 -0.038771
v -0.014848 0.811016 -0.038771
v -0.014848 0.828387 0.000001
v 0.014848 0.828387 0.000001
v 0.014848 0.742090 -0.054830
v -0.014848 0.742090 -0.054830
v -0.014848 0.811016 -0.038771
v 0.014848 0.811016 -0.038771
v 0.014848 0.673163 -0.038771
v -0.014848 0.673163 -0.038771
v -0.014848 0.742090 -0.054830
v 0.014848 0.742090 -0.054830
v 0.014848 0.655792 0.000001
v -0.014848 0.655792 0.000001
v -0.014848 0.673163 -0.038771
v 0.014848 0.673163 -0.038771
v 0.014848 0.673163 0.038772
v -0.014848 0.673163 0.038772
v -0.014848 0.655792 0.000001
v 0.014848 0.655792 0.000001
v 0.014848 0.742090 0.054831
v -0.014848 0.742090 0.054831
v -0.014848 0.673163 0.038772
v 0.014848 0.673163 0.038772
v 0.014848 0.811016 0.038772
v -0.014848 0.811016 0.038772
v -0.014848 0.742090 0.054831
v 0.014848 0.742090 0.054831
v 0.014848 0.828387 0.000001
v -0.014848 0.828387 0.000001
v -0.014848 0.811016 0.038772
v 0.014848 0.811016 0.038772
v 0.027140 0.142841 -0.014847
v 0.038382 0.191090 -0.014847
v 0.054831 0.191090 -0.014847
v 0.000000 0.104792 -0.014847
v 0.000000 0.130681 -0.014847
v 0.027140 0.142841 -0.014847
v 0.038771 0.122163 -0.014847
v 0.000000 0.104792 -0.014847
v 0.027140 0.142841 -0.014847
v 0.000000 0.130681 -0.014847
v 0.000000 0.104792 -0.014847
v -0.027140 0.142841 -0.014847
v -0.027140 0.142841 -0.014847
v -0.038771 0.122163 -0.014847
v -0.054831 0.191090 -0.014847
v 0.038771 0.122163 -0.014847
v 0.027140 0.142841 -0.014847
v 0.054831 0.191090 -0.014847
v 0.000000 0.104792 -0.014847
v -0.038771 0.122163 -0.014847
v -0.027140 0.142841 -0.014847
v -0.038381 0.191090 -0.014847
v -0.027140 0.142841 -0.014847
v -0.054831 0.191090 -0.014847
v 0.038382 0.191090 -0.014847
v 0.027140 0.239338 -0.014847
v 0.054831 0.191090 -0.014847
v -0.054831 0.191090 -0.014847
v -0.027140 0.239338 -0.014847
v -0.038381 0.191090 -0.014847
v 0.027140 0.239338 -0.014847
v 0.038771 0.260016 -0.014847
v 0.054831 0.191090 -0.014847
v -0.054831 0.191090 -0.014847
v -0.038771 0.260016 -0.014847
v -0.027140 0.239338 -0.014847
v 0.027140 0.239338 -0.014847
v 0.000000 0.251498 -0.014847
v 0.038771 0.260016 -0.014847
v -0.038771 0.260016 -0.014847
v 0.000000 0.251498 -0.014847
v -0.027140 0.239338 -0.014847
v 0.000000 0.251498 -0.014847
v 0.000000 0.277387 -0.014847
v 0.038771 0.260016 -0.014847
v 0.027140 0.142841 0.014849
v 0.038382 0.191090 0.014849
v 0.054831 0.191090 0.014849
v -0.038771 0.260016 -0.014847
v 0.000000 0.277387 -0.014847
v 0.000000 0.251498 -0.014847
v 0.000000 0.104792 0.014849
v 0.000000 0.130681 0.014849
v 0.027140 0.142841 0.014849
v 0.038771 0.122163 0.014849
v 0.000000 0.104792 0.014849
v 0.027140 0.142841 0.014849
v 0.000000 0.130681 0.014849
v 0.000000 0.104792 0.014849
v -0.027140 0.142841 0.014849
v -0.027140 0.142841 0.014849
v -0.038771 0.122163 0.014849
v -0.054831 0.191090 0.014849
v 0.038771 0.122163 0.014849
v 0.027140 0.142841 0.014849
v 0.054831 0.191090 0.014849
v 0.000000 0.104792 0.014849
v -0.038771 0.122163 0.014849
v -0.027140 0.142841 0.014849
v -0.038381 0.191090 0.014849
v -0.027140 0.142841 0.014849
v -0.054831 0.191090 0.014849
v 0.038382 0.191090 0.014849
v 0.027140 0.239338 0.014849
v 0.054831 0.191090 0.014849
v -0.054831 0.191090 0.014849
v -0.027140 0.239338 0.014849
v -0.038381 0.191090 0.014849
v 0.027140 0.239338 0.014849
v 0.038771 0.260016 0.014849
v 0.054831 0.191090 0.014849
v -0.054831 0.191090 0.014849
v -0.038771 0.260016 0.014849
v -0.027140 0.239338 0.014849
v 0.027140 0.239338 0.014849
v 0.000000 0.251498 0.014849
v 0.038771 0.260016 0.014849
v -0.038771 0.260016 0.014849
v 0.000000 0.251498 0.014849
v -0.027140 0.239338 0.014849
v 0.000000 0.251498 0.014849
v 0.000000 0.277387 0.014849
v 0.038771 0.260016 0.014849
v -0.038771 0.260016 0.014849
v 0.000000 0.277387 0.014849
v 0.000000 0.251498 0.014849
v -0.027140 0.239338 -0.014847
v -0.027140 0.239338 0.014849
v 0.000000 0.251498 0.014849
v 0.000000 0.251498 -0.014847
v -0.038381 0.191090 -0.014847
v -0.038381 0.191090 0.014849
v -0.027140 0.239338 0.014849
v -0.027140 0.239338 -0.014847
v -0.027140 0.142841 -0.014847
v -0.027140 0.142841 0.014849
v -0.038381 0.191090 0.014849
v -0.038381 0.191090 -0.014847
v 0.000000 0.130681 -0.014847
v 0.000000 0.130681 0.014849
v -0.027140 0.142841 0.014849
v -0.027140 0.142841 -0.014847
v 0.027140 0.142841 -0.014847
v 0.027140 0.142841 0.014849
v 0.000000 0.130681 0.014849
v 0.000000 0.130681 -0.014847
v 0.038382 0.191090 -0.014847
v 0.038382 0.191090 0.014849
v 0.027140 0.142841 0.014849
v 0.027140 0.142841 -0.014847
v 0.027140 0.239338 -0.014847
v 0.027140 0.239338 0.014849
v 0.038382 0.191090 0.014849
v 0.038382 0.191090 -0.014847
v 0.000000 0.251498 -0.014847
v 0.000000 0.251498 0.014849
v 0.027140 0.239338 0.014849
v 0.027140 0.239338 -0.014847
v -0.038771 0.260016 -0.014847
v -0.038771 0.260016 0.014849
v 0.000000 0.277387 0.014849
v 0.000000 0.277387 -0.014847
v -0.054831 0.191090 -0.014847
v -0.054831 0.191090 0.014849
v -0.038771 0.260016 0.014849
v -0.038771 0.260016 -0.014847
v -0.038771 0.122163 -0.014847
v -0.038771 0.122163 0.014849
v -0.054831 0.191090 0.014849
v -0.054831 0.191090 -0.014847
v 0.000000 0.104792 -0.014847
v 0.000000 0.104792 0.014849
v -0.038771 0.122163 0.014849
v -0.038771 0.122163 -0.014847
v 0.038771 0.122163 -0.014847
v 0.038771 0.122163 0.014849
v 0.000000 0.104792 0.014849
v 0.000000 0.104792 -0.014847
v 0.054831 0.191090 -0.014847
v 0.054831 0.191090 0.014849
v 0.038771 0.122163 0.014849
v 0.038771 0.122163 -0.014847
v 0.038771 0.260016 -0.014847
v 0.038771 0.260016 0.014849
v 0.054831 0.191090 0.014849
v 0.054831 0.191090 -0.014847
v 0.000000 0.277387 -0.014847
v 0.000000 0.277387 0.014849
v 0.038771 0.260016 0.014849
v 0.038771 0.260016 -0.014847
v -0.014848 0.032841 -0.027139
v -0.014848 0.081090 -0.038381
v -0.014848 0.081090 -0.054830
v -0.014848 -0.005208 0.000001
v -0.014848 0.020681 0.000001
v -0.014848 0.032841 -0.027139
v -0.014848 0.012163 -0.038771
v -0.014848 -0.005208 0.000001
v -0.014848 0.032841 -0.027139
v -0.014848 0.020681 0.000001
v -0.014848 -0.005208 0.000001
v -0.014848 0.032841 0.027140
v -0.014848 0.032841 0.027140
v -0.014848 0.012163 0.038772
v -0.014848 0.081090 0.054831
v -0.014848 0.012163 -0.038771
v -0.014848 0.032841 -0.027139
v -0.014848 0.081090 -0.054830
v -0.014848 -0.005208 0.000001
v -0.014848 0.012163 0.038772
v -0.014848 0.032841 0.027140
v -0.014848 0.081090 0.038382
v -0.014848 0.032841 0.027140
v -0.014848 0.081090 0.054831
v -0.014848 0.081090 -0.038381
v -0.014848 0.129338 -0.027139
v -0.014848 0.081090 -0.054830
v -0.014848 0.081090 0.054831
v -0.014848 0.129338 0.027140
v -0.014848 0.081090 0.038382
v -0.014848 0.129338 -0.027139
v -0.014848 0.150016 -0.038771
v -0.014848 0.081090 -0.054830
v -0.014848 0.081090 0.054831
v -0.014848 0.150016 0.038772
v -0.014848 0.129338 0.027140
v -0.014848 0.129338 -0.027139
v -0.014848 0.141498 0.000001
v -0.014848 0.150016 -0.038771
v -0.014848 0.150016 0.038772
v -0.014848 0.141498 0.000001
v -0.014848 0.129338 0.027140
v -0.014848 0.141498 0.000001
v -0.014848 0.167387 0.000001
v -0.014848 0.150016 -0.038771
v 0.014848 0.032841 -0.027139
v 0.014848 0.081090 -0.038381
v 0.014848 0.081090 -0.054830
v -0.014848 0.150016 0.038772
v -0.014848 0.167387 0.000001
v -0.014848 0.141498 0.000001
v 0.014848 -0.005208 0.000001
v 0.014848 0.020681 0.000001
v 0.014848 0.032841 -0.027139
v 0.014848 0.012163 -0.038771
v 0.014848 -0.005208 0.000001
v 0.014848 0.032841 -0.027139
v 0.014848 0.020681 0.000001
v 0.014848 -0.005208 0.000001
v 0.014848 0.032841 0.027140
v 0.014848 0.032841 0.027140
v 0.014848 0.012163 0.038772
v 0.014848 0.081090 0.054831
v 0.014848 0.012163 -0.038771
v 0.014848 0.032841 -0.027139
v 0.014848 0.081090 -0.054830
v 0.014848 -0.005208 0.000001
v 0.014848 0.012163 0.038772
v 0.014848 0.032841 0.027140
v 0.014848 0.081090 0.038382
v 0.014848 0.032841 0.027140
v 0.014848 0.081090 0.054831
v 0.014848 0.081090 -0.038381
v 0.014848 0.129338 -0.027139
v 0.014848 0.081090 -0.054830
v 0.014848 0.081090 0.054831
v 0.014848 0.129338 0.027140
v 0.014848 0.081090 0.038382
v 0.014848 0.129338 -0.027139
v 0.014848 0.150016 -0.038771
v 0.014848 0.081090 -0.054830
v 0.014848 0.081090 0.054831
v 0.014848 0.150016 0.038772
v 0.014848 0.129338 0.027140
v 0.014848 0.129338 -0.027139
v 0.014848 0.141498 0.000001
v 0.014848 0.150016 -0.038771
v 0.014848 0.150016 0.038772
v 0.014848 0.141498 0.000001
v 0.014848 0.129338 0.027140
v 0.014848 0.141498 0.000001
v 0.014848 0.167387 0.000001
v 0.014848 0.150016 -0.038771
v 0.014848 0.150016 0.038772
v 0.014848 0.167387 0.000001
v 0.014848 0.141498 0.000001
v -0.014848 0.129338 0.027140
v 0.014848 0.129338 0.027140
v 0.014848 0.141498 0.000001
v -0.014848 0.141498 0.000001
v -0.014848 0.081090 0.038382
v 0.014848 0.081090 0.038382
v 0.014848 0.129338 0.027140
v -0.014848 0.129338 0.027140
v -0.014848 0.032841 0.027140
v 0.014848 0.032841 0.027140
v 0.014848 0.081090 0.038382
v -0.014848 0.081090 0.038382
v -0.014848 0.020681 0.000001
v 0.014848 0.020681 0.000001
v 0.014848 0.032841 0.027140
v -0.014848 0.032841 0.027140
v -0.014848 0.032841 -0.027139
v 0.014848 0.032841 -0.027139
v 0.014848 0.020681 0.000001
v -0.014848 0.020681 0.000001
v -0.014848 0.081090 -0.038381
v 0.014848 0.081090 -0.038381
v 0.014848 0.032841 -0.027139
v -0.014848 0.032841 -0.027139
v -0.014848 0.129338 -0.027139
v 0.014848 0.129338 -0.027139
v 0.014848 0.081090 -0.038381
v -0.014848 0.081090 -0.038381
v -0.014848 0.141498 0.000001
v 0.014848 0.141498 0.000001
v 0.014848 0.129338 -0.027139
v -0.014848 0.129338 -0.027139
v -0.014848 0.150016 0.038772
v 0.014848 0.150016 0.038772
v 0.014848 0.167387 0.000001
v -0.014848 0.167387 0.000001
v -0.014848 0.081090 0.054831
v 0.014848 0.081090 0.054831
v 0.014848 0.150016 0.038772
v -0.014848 0.150016 0.038772
v -0.014848 0.012163 0.038772
v 0.014848 0.012163 0.038772
v 0.014848 0.081090 0.054831
v -0.014848 0.081090 0.054831
v -0.014848 -0.005208 0.000001
v 0.014848 -0.005208 0.000001
v 0.014848 0.012163 0.038772
v -0.014848 0.012163 0.038772
v -0.014848 0.012163 -0.038771
v 0.014848 0.012163 -0.038771
v 0.014848 -0.005208 0.000001
v -0.014848 -0.005208 0.000001
v -0.014848 0.081090 -0.054830
v 0.014848 0.081090 -0.054830
v 0.014848 0.012163 -0.038771
v -0.014848 0.012163 -0.038771
v -0.014848 0.150016 -0.038771
v 0.014848 0.150016 -0.038771
v 0.014848 0.081090 -0.054830
v -0.014848 0.081090 -0.054830
v -0.014848 0.167387 0.000001
v 0.014848 0.167387 0.000001
v 0.014848 0.150016 -0.038771
v -0.014848 0.150016 -0.038771
v -0.027140 -0.077159 0.014849
v -0.038381 -0.028910 0.014849
v -0.054831 -0.028910 0.014849
v 0.000000 -0.115208 0.014849
v 0.000000 -0.089319 0.014849
v -0.027140 -0.077159 0.014849
v -0.038771 -0.097837 0.014849
v 0.000000 -0.115208 0.014849
v -0.027140 -0.077159 0.014849
v 0.000000 -0.089319 0.014849
v 0.000000 -0.115208 0.014849
v 0.027140 -0.077159 0.014849
v 0.027140 -0.077159 0.014849
v 0.038771 -0.097837 0.014849
v 0.054831 -0.028910 0.014849
v -0.038771 -0.097837 0.014849
v -0.027140 -0.077159 0.014849
v -0.054831 -0.028910 0.014849
v 0.000000 -0.115208 0.014849
v 0.038771 -0.097837 0.014849
v 0.027140 -0.077159 0.014849
v 0.038382 -0.028910 0.014849
v 0.027140 -0.077159 0.014849
v 0.054831 -0.028910 0.014849
v -0.038381 -0.028910 0.014849
v -0.027140 0.019338 0.014849
v -0.054831 -0.028910 0.014849
v 0.054831 -0.028910 0.014849
v 0.027140 0.019338 0.014849
v 0.038382 -0.028910 0.014849
v -0.027140 0.019338 0.014849
v -0.038771 0.040016 0.014849
v -0.054831 -0.028910 0.014849
v 0.054831 -0.028910 0.014849
v 0.038771 0.040016 0.014849
v 0.027140 0.019338 0.014849
v -0.027140 0.019338 0.014849
v 0.000000 0.031498 0.014849
v -0.038771 0.040016 0.014849
v 0.038771 0.040016 0.014849
v 0.000000 0.031498 0.014849
v 0.027140 0.019338 0.014849
v 0.000000 0.031498 0.014849
v 0.000000 0.057387 0.014849
v -0.038771 0.040016 0.014849
v -0.027140 -0.077159 -0.014847
v -0.038381 -0.028910 -0.014847
v -0.054831 -0.028910 -0.014847
v 0.038771 0.040016 0.014849
v 0.000000 0.057387 0.014849
v 0.000000 0.031498 0.014849
v 0.000000 -0.115208 -0.014847
v 0.000000 -0.089319 -0.014847
v -0.027140 -0.077159 -0.014847
v -0.038771 -0.097837 -0.014847
v 0.000000 -0.115208 -0.014847
v -0.027140 -0.077159 -0.014847
v 0.000000 -0.089319 -0.014847
v 0.000000 -0.115208 -0.014847
v 0.027140 -0.077159 -0.014847
v 0.027140 -0.077159 -0.014847
v 0.038771 -0.097837 -0.014847
v 0.054831 -0.028910 -0.014847
v -0.038771 -0.097837 -0.014847
v -0.027140 -0.077159 -0.014847
v -0.054831 -0.028910 -0.014847
v 0.000000 -0.115208 -0.014847
v 0.038771 -0.097837 -0.014847
v 0.027140 -0.077159 -0.014847
v 0.038382 -0.028910 -0.014847
v 0.027140 -0.077159 -0.014847
v 0.054831 -0.028910 -0.014847
v -0.038381 -0.028910 -0.014847
v -0.027140 0.019338 -0.014847
v -0.054831 -0.028910 -0.014847
v 0.054831 -0.028910 -0.014847
v 0.027140 0.019338 -0.014847
v 0.038382 -0.028910 -0.014847
v -0.027140 0.019338 -0.014847
v -0.038771 0.040016 -0.014847
v -0.054831 -0.028910 -0.014847
v 0.054831 -0.028910 -0.014847
v 0.038771 0.040016 -0.014847
v 0.027140 0.019338 -0.014847
v -0.027140 0.019338 -0.014847
v 0.000000 0.031498 -0.014847
v -0.038771 0.040016 -0.014847
v 0.038771 0.040016 -0.014847
v 0.000000 0.031498 -0.014847
v 0.027140 0.019338 -0.014847
v 0.000000 0.031498 -0.014847
v 0.000000 0.057387 -0.014847
v -0.038771 0.040016 -0.014847
v 0.038771 0.040016 -0.014847
v 0.000000 0.057387 -0.014847
v 0.000000 0.031498 -0.014847
v 0.027140 0.019338 0.014849
v 0.027140 0.019338 -0.014847
v 0.000000 0.031498 -0.014847
v 0.000000 0.031498 0.014849
v 0.038382 -0.028910 0.014849
v 0.038382 -0.028910 -0.014847
v 0.027140 0.019338 -0.014847
v 0.027140 0.019338 0.014849
v 0.027140 -0.077159 0.014849
v 0.027140 -0.077159 -0.014847
v 0.038382 -0.028910 -0.014847
v 0.038382 -0.028910 0.014849
v 0.000000 -0.089319 0.014849
v 0.000000 -0.089319 -0.014847
v 0.027140 -0.077159 -0.014847
v 0.027140 -0.077159 0.014849
v -0.027140 -0.077159 0.014849
v -0.027140 -0.077159 -0.014847
v 0.000000 -0.089319 -0.014847
v 0.000000 -0.089319 0.014849
v -0.038381 -0.028910 0.014849
v -0.038381 -0.028910 -0.014847
v -0.027140 -0.077159 -0.014847
v -0.027140 -0.077159 0.014849
v -0.027140 0.019338 0.014849
v -0.027140 0.019338 -0.014847
v -0.038381 -0.028910 -0.014847
v -0.038381 -0.028910 0.014849
v 0.000000 0.031498 0.014849
v 0.000000 0.031498 -0.014847
v -0.027140 0.019338 -0.014847
v -0.027140 0.019338 0.014849
v 0.038771 0.040016 0.014849
v 0.038771 0.040016 -0.014847
v 0.000000 0.057387 -0.014847
v 0.000000 0.057387 0.014849
v 0.054831 -0.028910 0.014849
v 0.054831 -0.028910 -0.014847
v 0.038771 0.040016 -0.014847
v 0.038771 0.040016 0.014849
v 0.038771 -0.097837 0.014849
v 0.038771 -0.097837 -0.014847
v 0.054831 -0.028910 -0.014847
v 0.054831 -0.028910 0.014849
v 0.000000 -0.115208 0.014849
v 0.000000 -0.115208 -0.014847
v 0.038771 -0.097837 -0.014847
v 0.038771 -0.097837 0.014849
v -0.038771 -0.097837 0.014849
v -0.038771 -0.097837 -0.014847
v 0.000000 -0.115208 -0.014847
v 0.000000 -0.115208 0.014849
v -0.054831 -0.028910 0.014849
v -0.054831 -0.028910 -0.014847
v -0.038771 -0.097837 -0.014847
v -0.038771 -0.097837 0.014849
v -0.038771 0.040016 0.014849
v -0.038771 0.040016 -0.014847
v -0.054831 -0.028910 -0.014847
v -0.054831 -0.028910 0.014849
v 0.000000 0.057387 0.014849
v 0.000000 0.057387 -0.014847
v -0.038771 0.040016 -0.014847
v -0.038771 0.040016 0.014849
v 0.014848 -0.187159 0.027140
v 0.014848 -0.138910 0.038382
v 0.014848 -0.138910 0.054831
v 0.014848 -0.225208 0.000001
v 0.014848 -0.199319 0.000001
v 0.014848 -0.187159 0.027140
v 0.014848 -0.207837 0.038772
v 0.014848 -0.225208 0.000001
v 0.014848 -0.187159 0.027140
v 0.014848 -0.199319 0.000001
v 0.014848 -0.225208 0.000001
v 0.014848 -0.187159 -0.027139
v 0.014848 -0.187159 -0.027139
v 0.014848 -0.207837 -0.038771
v 0.014848 -0.138910 -0.054830
v 0.014848 -0.207837 0.038772
v 0.014848 -0.187159 0.027140
v 0.014848 -0.138910 0.054831
v 0.014848 -0.225208 0.000001
v 0.014848 -0.207837 -0.038771
v 0.014848 -0.187159 -0.027139
v 0.014848 -0.138910 -0.038381
v 0.014848 -0.187159 -0.027139
v 0.014848 -0.138910 -0.054830
v 0.014848 -0.138910 0.038382
v 0.014848 -0.090662 0.027140
v 0.014848 -0.138910 0.054831
v 0.014848 -0.138910 -0.054830
v 0.014848 -0.090662 -0.027139
v 0.014848 -0.138910 -0.038381
v 0.014848 -0.090662 0.027140
v 0.014848 -0.069984 0.038772
v 0.014848 -0.138910 0.054831
v 0.014848 -0.138910 -0.054830
v 0.014848 -0.069984 -0.038771
v 0.014848 -0.090662 -0.027139
v 0.014848 -0.090662 0.027140
v 0.014848 -0.078502 0.000001
v 0.014848 -0.069984 0.038772
v 0.014848 -0.069984 -0.038771
v 0.014848 -0.078502 0.000001
v 0.014848 -0.090662 -0.027139
v 0.014848 -0.078502 0.000001
v 0.014848 -0.052613 0.000001
v 0.014848 -0.069984 0.038772
v -0.014848 -0.187159 0.027140
v -0.014848 -0.138910 0.038382
v -0.014848 -0.138910 0.054831
v 0.014848 -0.069984 -0.038771
v 0.014848 -0.052613 0.000001
v 0.014848 -0.078502 0.000001
v -0.014848 -0.225208 0.000001
v -0.014848 -0.199319 0.000001
v -0.014848 -0.187159 0.027140
v -0.014848 -0.207837 0.038772
v -0.014848 -0.225208 0.000001
v -0.014848 -0.187159 0.027140
v -0.014848 -0.199319 0.000001
v -0.014848 -0.225208 0.000001
v -0.014848 -0.187159 -0.027139
v -0.014848 -0.187159 -0.027139
v -0.014848 -0.207837 -0.038771
v -0.014848 -0.138910 -0.054830
v -0.014848 -0.207837 0.038772
v -0.014848 -0.187159 0.027140
v -0.014848 -0.138910 0.054831
v -0.014848 -0.225208 0.000001
v -0.014848 -0.207837 -0.038771
v -0.014848 -0.187159 -0.027139
v -0.014848 -0.138910 -0.038381
v -0.014848 -0.187159 -0.027139
v -0.014848 -0.138910 -0.054830
v -0.014848 -0.138910 0.038382
v -0.014848 -0.090662 0.027140
v -0.014848 -0.138910 0.054831
v -0.014848 -0.138910 -0.054830
v -0.014848 -0.090662 -0.027139
v -0.014848 -0.138910 -0.038381
v -0.014848 -0.090662 0.027140
v -0.014848 -0.069984 0.038772
v -0.014848 -0.138910 0.054831
v -0.014848 -0.138910 -0.054830
v -0.014848 -0.069984 -0.038771
v -0.014848 -0.090662 -0.027139
v -0.014848 -0.090662 0.027140
v -0.014848 -0.078502 0.000001
v -0.014848 -0.069984 0.038772
v -0.014848 -0.069984 -0.038771
v -0.014848 -0.078502 0.000001
v -0.014848 -0.090662 -0.027139
v -0.014848 -0.078502 0.000001
v -0.014848 -0.052613 0.000001
v -0.014848 -0.069984 0.038772
v -0.014848 -0.069984 -0.038771
v -0.014848 -0.052613 0.000001
v -0.014848 -0.078502 0.000001
v 0.014848 -0.090662 -0.027139
v -0.014848 -0.090662 -0.027139
v -0.014848 -0.078502 0.000001
v 0.014848 -0.078502 0.000001
v 0.014848 -0.138910 -0.038381
v -0.014848 -0.138910 -0.038381
v -0.014848 -0.090662 -0.027139
v 0.014848 -0.090662 -0.027139
v 0.014848 -0.187159 -0.027139
v -0.014848 -0.187159 -0.027139
v -0.014848 -0.138910 -0.038381
v 0.014848 -0.138910 -0.038381
v 0.014848 -0.199319 0.000001
v -0.014848 -0.199319 0.000001
v -0.014848 -0.187159 -0.027139
v 0.014848 -0.187159 -0.027139
v 0.014848 -0.187159 0.027140
v -0.014848 -0.187159 0.027140
v -0.014848 -0.199319 0.000001
v 0.014848 -0.199319 0.000001
v 0.014848 -0.138910 0.038382
v -0.014848 -0.138910 0.038382
v -0.014848 -0.187159 0.027140
v 0.014848 -0.187159 0.027140
v 0.014848 -0.090662 0.027140
v -0.014848 -0.090662 0.027140
v -0.014848 -0.138910 0.038382
v 0.014848 -0.138910 0.038382
v 0.014848 -0.078502 0.000001
v -0.014848 -0.078502 0.000001
v -0.014848 -0.090662 0.027140
v 0.014848 -0.090662 0.027140
v 0.014848 -0.069984 -0.038771
v -0.014848 -0.069984 -0.038771
v -0.014848 -0.052613 0.000001
v 0.014848 -0.052613 0.000001
v 0.014848 -0.138910 -0.054830
v -0.014848 -0.138910 -0.054830
v -0.014848 -0.069984 -0.038771
v 0.014848 -0.069984 -0.038771
v 0.014848 -0.207837 -0.038771
v -0.014848 -0.207837 -0.038771
v -0.014848 -0.138910 -0.054830
v 0.014848 -0.138910 -0.054830
v 0.014848 -0.225208 0.000001
v -0.014848 -0.225208 0.000001
v -0.014848 -0.207837 -0.038771
v 0.014848 -0.207837 -0.038771
v 0.014848 -0.207837 0.038772
v -0.014848 -0.207837 0.038772
v -0.014848 -0.225208 0.000001
v 0.014848 -0.225208 0.000001
v 0.014848 -0.138910 0.054831
v -0.014848 -0.138910 0.054831
v -0.014848 -0.207837 0.038772
v 0.014848 -0.207837 0.038772
v 0.014848 -0.069984 0.038772
v -0.014848 -0.069984 0.038772
v -0.014848 -0.138910 0.054831
v 0.014848 -0.138910 0.054831
v 0.014848 -0.052613 0.000001
v -0.014848 -0.052613 0.000001
v -0.014848 -0.069984 0.038772
v 0.014848 -0.069984 0.038772
v 0.027140 -0.297159 -0.014847
v 0.038382 -0.248910 -0.014847
v 0.054831 -0.248910 -0.014847
v 0.000000 -0.335208 -0.014847
v 0.000000 -0.309319 -0.014847
v 0.027140 -0.297159 -0.014847
v 0.038771 -0.317837 -0.014847
v 0.000000 -0.335208 -0.014847
v 0.027140 -0.297159 -0.014847
v 0.000000 -0.309319 -0.014847
v 0.000000 -0.335208 -0.014847
v -0.027140 -0.297159 -0.014847
v -0.027140 -0.297159 -0.014847
v -0.038771 -0.317837 -0.014847
v -0.054831 -0.248910 -0.014847
v 0.038771 -0.317837 -0.014847
v 0.027140 -0.297159 -0.014847
v 0.054831 -0.248910 -0.014847
v 0.000000 -0.335208 -0.014847
v -0.038771 -0.317837 -0.014847
v -0.027140 -0.297159 -0.014847
v -0.038381 -0.248910 -0.014847
v -0.027140 -0.297159 -0.014847
v -0.054831 -0.248910 -0.014847
v 0.038382 -0.248910 -0.014847
v 0.027140 -0.200662 -0.014847
v 0.054831 -0.248910 -0.014847
v -0.054831 -0.248910 -0.014847
v -0.027140 -0.200662 -0.014847
v -0.038381 -0.248910 -0.014847
v 0.027140 -0.200662 -0.014847
v 0.038771 -0.179984 -0.014847
v 0.054831 -0.248910 -0.014847
v -0.054831 -0.248910 -0.014847
v -0.038771 -0.179984 -0.014847
v -0.027140 -0.200662 -0.014847
v 0.027140 -0.200662 -0.014847
v 0.000000 -0.188502 -0.014847
v 0.038771 -0.179984 -0.014847
v -0.038771 -0.179984 -0.014847
v 0.000000 -0.188502 -0.014847
v -0.027140 -0.200662 -0.014847
v 0.000000 -0.188502 -0.014847
v 0.000000 -0.162613 -0.014847
v 0.038771 -0.179984 -0.014847
v 0.027140 -0.297159 0.014849
v 0.038382 -0.248910 0.014849
v 0.054831 -0.248910 0.014849
v -0.038771 -0.179984 -0.014847
v 0.000000 -0.162613 -0.014847
v 0.000000 -0.188502 -0.014847
v 0.000000 -0.335208 0.014849
v 0.000000 -0.309319 0.014849
v 0.027140 -0.297159 0.014849
v 0.038771 -0.317837 0.014849
v 0.000000 -0.335208 0.014849
v 0.027140 -0.297159 0.014849
v 0.000000 -0.309319 0.014849
v 0.000000 -0.335208 0.014849
v -0.027140 -0.297159 0.014849
v -0.027140 -0.297159 0.014849
v -0.038771 -0.317837 0.014849
v -0.054831 -0.248910 0.014849
v 0.038771 -0.317837 0.014849
v 0.027140 -0.297159 0.014849
v 0.054831 -0.248910 0.014849
v 0.000000 -0.335208 0.014849
v -0.038771 -0.317837 0.014849
v -0.027140 -0.297159 0.014849
v -0.038381 -0.248910 0.014849
v -0.027140 -0.297159 0.014849
v -0.054831 -0.248910 0.014849
v 0.038382 -0.248910 0.014849
v 0.027140 -0.200662 0.014849
v 0.054831 -0.248910 0.014849
v -0.054831 -0.248910 0.014849
v -0.027140 -0.200662 0.014849
v -0.038381 -0.248910 0.014849
v 0.027140 -0.200662 0.014849
v 0.038771 -0.179984 0.014849
v 0.054831 -0.248910 0.014849
v -0.054831 -0.248910 0.014849
v -0.038771 -0.179984 0.014849
v -0.027140 -0.200662 0.014849
v 0.027140 -0.200662 0.014849
v 0.000000 -0.188502 0.014849
v 0.038771 -0.179984 0.014849
v -0.038771 -0.179984 0.014849
v 0.000000 -0.188502 0.014849
v -0.027140 -0.200662 0.014849
v 0.000000 -0.188502 0.014849
v 0.000000 -0.162613 0.014849
v 0.038771 -0.179984 0.014849
v -0.038771 -0.179984 0.014849
v 0.000000 -0.162613 0.014849
v 0.000000 -0.188502 0.014849
v -0.027140 -0.200662 -0.014847
v -0.027140 -0.200662 0.014849
v 0.000000 -0.188502 0.014849
v 0.000000 -0.188502 -0.014847
v -0.038381 -0.248910 -0.014847
v -0.038381 -0.248910 0.014849
v -0.027140 -0.200662 0.014849
v -0.027140 -0.200662 -0.014847
v -0.027140 -0.297159 -0.014847
v -0.027140 -0.297159 0.014849
v -0.038381 -0.248910 0.014849
v -0.038381 -0.248910 -0.014847
v 0.000000 -0.309319 -0.014847
v 0.000000 -0.309319 0.014849
v -0.027140 -0.297159 0.014849
v -0.027140 -0.297159 -0.014847
v 0.027140 -0.297159 -0.014847
v 0.027140 -0.297159 0.014849
v 0.000000 -0.309319 0.014849
v 0.000000 -0.309319 -0.014847
v 0.038382 -0.248910 -0.014847
v 0.038382 -0.248910 0.014849
v 0.027140 -0.297159 0.014849
v 0.027140 -0.297159 -0.014847
v 0.027140 -0.200662 -0.014847
v 0.027140 -0.200662 0.014849
v 0.038382 -0.248910 0.014849
v 0.038382 -0.248910 -0.014847
v 0.000000 -0.188502 -0.014847
v 0.000000 -0.188502 0.014849
v 0.027140 -0.200662 0.014849
v 0.027140 -0.200662 -0.014847
v -0.038771 -0.179984 -0.014847
v -0.038771 -0.179984 0.014849
v 0.000000 -0.162613 0.014849
v 0.000000 -0.162613 -0.014847
v -0.054831 -0.248910 -0.014847
v -0.054831 -0.248910 0.014849
v -0.038771 -0.179984 0.014849
v -0.038771 -0.179984 -0.014847
v -0.038771 -0.317837 -0.014847
v -0.038771 -0.317837 0.014849
v -0.054831 -0.248910 0.014849
v -0.054831 -0.248910 -0.014847
v 0.000000 -0.335208 -0.014847
v 0.000000 -0.335208 0.014849
v -0.038771 -0.317837 0.014849
v -0.038771 -0.317837 -0.014847
v 0.038771 -0.317837 -0.014847
v 0.038771 -0.317837 0.014849
v 0.000000 -0.335208 0.014849
v 0.000000 -0.335208 -0.014847
v 0.054831 -0.248910 -0.014847
v 0.054831 -0.248910 0.014849
v 0.038771 -0.317837 0.014849
v 0.038771 -0.317837 -0.014847
v 0.038771 -0.179984 -0.014847
v 0.038771 -0.179984 0.014849
v 0.054831 -0.248910 0.014849
v 0.054831 -0.248910 -0.014847
v 0.000000 -0.162613 -0.014847
v 0.000000 -0.162613 0.014849
v 0.038771 -0.179984 0.014849
v 0.038771 -0.179984 -0.014847
v -0.014848 -0.407159 -0.027139
v -0.014848 -0.358910 -0.038381
v -0.014848 -0.358910 -0.054830
v -0.014848 -0.445208 0.000001
v -0.014848 -0.419319 0.000001
v -0.014848 -0.407159 -0.027139
v -0.014848 -0.427837 -0.038771
v -0.014848 -0.445208 0.000001
v -0.014848 -0.407159 -0.027139
v -0.014848 -0.419319 0.000001
v -0.014848 -0.445208 0.000001
v -0.014848 -0.407159 0.027140
v -0.014848 -0.407159 0.027140
v -0.014848 -0.427837 0.038772
v -0.014848 -0.358910 0.054831
v -0.014848 -0.427837 -0.038771
v -0.014848 -0.407159 -0.027139
v -0.014848 -0.358910 -0.054830
v -0.014848 -0.445208 0.000001
v -0.014848 -0.427837 0.038772
v -0.014848 -0.407159 0.027140
v -0.014848 -0.358910 0.038382
v -0.014848 -0.407159 0.027140
v -0.014848 -0.358910 0.054831
v -0.014848 -0.358910 -0.038381
v -0.014848 -0.310662 -0.027139
v -0.014848 -0.358910 -0.054830
v -0.014848 -0.358910 0.054831
v -0.014848 -0.310662 0.027140
v -0.014848 -0.358910 0.038382
v -0.014848 -0.310662 -0.027139
v -0.014848 -0.289984 -0.038771
v -0.014848 -0.358910 -0.054830
v -0.014848 -0.358910 0.054831
v -0.014848 -0.289984 0.038772
v -0.014848 -0.310662 0.027140
v -0.014848 -0.310662 -0.027139
v -0.014848 -0.298502 0.000001
v -0.014848 -0.289984 -0.038771
v -0.014848 -0.289984 0.038772
v -0.014848 -0.298502 0.000001
v -0.014848 -0.310662 0.027140
v -0.014848 -0.298502 0.000001
v -0.014848 -0.272613 0.000001
v -0.014848 -0.289984 -0.038771
v 0.014848 -0.407159 -0.027139
v 0.014848 -0.358910 -0.038381
v 0.014848 -0.358910 -0.054830
v -0.014848 -0.289984 0.038772
v -0.014848 -0.272613 0.000001
v -0.014848 -0.298502 0.000001
v 0.014848 -0.445208 0.000001
v 0.014848 -0.419319 0.000001
v 0.014848 -0.407159 -0.027139
v 0.014848 -0.427837 -0.038771
v 0.014848 -0.445208 0.000001
v 0.014848 -0.407159 -0.027139
v 0.014848 -0.419319 0.000001
v 0.014848 -0.445208 0.000001
v 0.014848 -0.407159 0.027140
v 0.014848 -0.407159 0.027140
v 0.014848 -0.427837 0.038772
v 0.014848 -0.358910 0.054831
v 0.014848 -0.427837 -0.038771
v 0.014848 -0.407159 -0.027139
v 0.014848 -0.358910 -0.054830
v 0.014848 -0.445208 0.000001
v 0.014848 -0.427837 0.038772
v 0.014848 -0.407159 0.027140
v 0.014848 -0.358910 0.038382
v 0.014848 -0.407159 0.027140
v 0.014848 -0.358910 0.054831
v 0.014848 -0.358910 -0.038381
v 0.014848 -0.310662 -0.027139
v 0.014848 -0.358910 -0.054830
v 0.014848 -0.358910 0.054831
v 0.014848 -0.310662 0.027140
v 0.014848 -0.358910 0.038382
v 0.014848 -0.310662 -0.027139
v 0.014848 -0.289984 -0.038771
v 0.014848 -0.358910 -0.054830
v 0.014848 -0.358910 0.054831
v 0.014848 -0.289984 0.038772
v 0.014848 -0.310662 0.027140
v 0.014848 -0.310662 -0.027139
v 0.014848 -0.298502 0.000001
v 0.014848 -0.289984 -0.038771
v 0.014848 -0.289984 0.038772
v 0.014848 -0.298502 0.000001
v 0.014848 -0.310662 0.027140
v 0.014848 -0.298502 0.000001
v 0.014848 -0.272613 0.000001
v 0.014848 -0.289984 -0.038771
v 0.014848 -0.289984 0.038772
v 0.014848 -0.272613 0.000001
v 0.014848 -0.298502 0.000001
v -0.014848 -0.310662 0.027140
v 0.014848 -0.310662 0.027140
v 0.014848 -0.298502 0.000001
v -0.014848 -0.298502 0.000001
v -0.014848 -0.358910 0.038382
v 0.014848 -0.358910 0.038382
v 0.014848 -0.310662 0.027140
v -0.014848 -0.310662 0.027140
v -0.014848 -0.407159 0.027140
v 0.014848 -0.407159 0.027140
v 0.014848 -0.358910 0.038382
v -0.014848 -0.358910 0.038382
v -0.014848 -0.419319 0.000001
v 0.014848 -0.419319 0.000001
v 0.014848 -0.407159 0.027140
v -0.014848 -0.407159 0.027140
v -0.014848 -0.407159 -0.027139
v 0.014848 -0.407159 -0.027139
v 0.014848 -0.419319 0.000001
v -0.014848 -0.419319 0.000001
v -0.014848 -0.358910 -0.038381
v 0.014848 -0.358910 -0.038381
v 0.014848 -0.407159 -0.027139
v -0.014848 -0.407159 -0.027139
v -0.014848 -0.310662 -0.027139
v 0.014848 -0.310662 -0.027139
v 0.014848 -0.358910 -0.038381
v -0.014848 -0.358910 -0.038381
v -0.014848 -0.298502 0.000001
v 0.014848 -0.298502 0.000001
v 0.014848 -0.310662 -0.027139
v -0.014848 -0.310662 -0.027139
v -0.014848 -0.289984 0.038772
v 0.014848 -0.289984 0.038772
v 0.014848 -0.272613 0.000001
v -0.014848 -0.272613 0.000001
v -0.014848 -0.358910 0.054831
v 0.014848 -0.358910 0.054831
v 0.014848 -0.289984 0.038772
v -0.014848 -0.289984 0.038772
v -0.014848 -0.427837 0.038772
v 0.014848 -0.427837 0.038772
v 0.014848 -0.358910 0.054831
v -0.014848 -0.358910 0.054831
v -0.014848 -0.445208 0.000001
v 0.014848 -0.445208 0.000001
v 0.014848 -0.427837 0.038772
v -0.014848 -0.427837 0.038772
v -0.014848 -0.427837 -0.038771
v 0.014848 -0.427837 -0.038771
v 0.014848 -0.445208 0.000001
v -0.014848 -0.445208 0.000001
v -0.014848 -0.358910 -0.054830
v 0.014848 -0.358910 -0.054830
v 0.014848 -0.427837 -0.038771
v -0.014848 -0.427837 -0.038771
v -0.014848 -0.289984 -0.038771
v 0.014848 -0.289984 -0.038771
v 0.014848 -0.358910 -0.054830
v -0.014848 -0.358910 -0.054830
v -0.014848 -0.272613 0.000001
v 0.014848 -0.272613 0.000001
v 0.014848 -0.289984 -0.038771
v -0.014848 -0.289984 -0.038771

vt 0.999656 0.060093
vt 0.957892 0.000344
vt 0.999656 0.000344
vt 0.957892 0.060093
vt 0.957892 0.000344
vt 0.999656 0.060093
vt 0.999656 0.159626
vt 0.957892 0.060093
vt 0.999656 0.060093
vt 0.957892 0.159626
vt 0.957892 0.060093
vt 0.999656 0.159626
vt 0.999656 0.259158
vt 0.957892 0.159626
vt 0.999656 0.159626
vt 0.957892 0.259158
vt 0.957892 0.159626
vt 0.999656 0.259158
vt 0.999656 0.318907
vt 0.957892 0.259158
vt 0.999656 0.259158
vt 0.957892 0.318907
vt 0.957892 0.259158
vt 0.999656 0.318907
vt 0.999656 0.378656
vt 0.957892 0.318907
vt 0.999656 0.318907
vt 0.957892 0.378656
vt 0.957892 0.318907
vt 0.999656 0.378656
vt 0.999656 0.478189
vt 0.957892 0.378656
vt 0.999656 0.378656
vt 0.957892 0.478189
vt 0.957892 0.378656
vt 0.999656 0.478189
vt 0.999656 0.577721
vt 0.957892 0.478189
vt 0.999656 0.478189
vt 0.957892 0.577721
vt 0.957892 0.478189
vt 0.999656 0.577721
vt 0.999656 0.637470
vt 0.957892 0.577721
vt 0.999656 0.577721
vt 0.957892 0.637470
vt 0.957892 0.577721
vt 0.999656 0.637470
vt 0.096728 0.306014
vt 0.167191 0.376580
vt 0.096728 0.376580
vt 0.167191 0.306014
vt 0.167191 0.376580
vt 0.096728 0.306014
vt 0.096728 0.188462
vt 0.167191 0.306014
vt 0.096728 0.306014
vt 0.167191 0.188462
vt 0.167191 0.306014
vt 0.096728 0.188462
vt 0.096728 0.070910
vt 0.167191 0.188462
vt 0.096728 0.188462
vt 0.167191 0.070910
vt 0.167191 0.188462
vt 0.096728 0.070910
vt 0.096728 0.000344
vt 0.167191 0.070910
vt 0.096728 0.070910
vt 0.167191 0.000344
vt 0.167191 0.070910
vt 0.096728 0.000344
vt 0.096728 0.682250
vt 0.167191 0.752817
vt 0.096728 0.752817
vt 0.167191 0.682250
vt 0.167191 0.752817
vt 0.096728 0.682250
vt 0.096728 0.564698
vt 0.167191 0.682250
vt 0.096728 0.682250
vt 0.167191 0.564698
vt 0.167191 0.682250
vt 0.096728 0.564698
vt 0.096728 0.447147
vt 0.167191 0.564698
vt 0.096728 0.564698
vt 0.167191 0.447147
vt 0.167191 0.564698
vt 0.096728 0.447147
vt 0.096728 0.376580
vt 0.167191 0.447147
vt 0.096728 0.447147
vt 0.167191 0.376580
vt 0.167191 0.447147
vt 0.096728 0.376580
vt 0.096728 0.376580
vt 0.081480 0.439738
vt 0.066059 0.421483
vt 0.044443 0.414725
vt 0.096728 0.376580
vt 0.066059 0.421483
vt 0.096728 0.447147
vt 0.081480 0.439738
vt 0.096728 0.376580
vt 0.044443 0.414725
vt 0.032513 0.403703
vt 0.096728 0.376580
vt 0.096728 0.447147
vt 0.063527 0.475256
vt 0.081480 0.439738
vt 0.018114 0.442812
vt 0.032513 0.403703
vt 0.044443 0.414725
vt 0.071868 0.484360
vt 0.063527 0.475256
vt 0.096728 0.447147
vt 0.018114 0.442812
vt 0.007209 0.438236
vt 0.032513 0.403703
vt 0.063527 0.475256
vt 0.071868 0.484360
vt 0.032722 0.505766
vt 0.032722 0.505766
vt 0.019593 0.488688
vt 0.026995 0.490010
vt 0.018114 0.442812
vt 0.016519 0.481439
vt 0.000344 0.480408
vt 0.063527 0.475256
vt 0.032722 0.505766
vt 0.026995 0.490010
vt 0.032722 0.505766
vt 0.013368 0.496703
vt 0.019593 0.488688
vt 0.000344 0.480408
vt 0.016519 0.481439
vt 0.019593 0.488688
vt 0.000344 0.480408
vt 0.019593 0.488688
vt 0.013368 0.496703
vt 0.391238 0.035804
vt 0.335415 0.036510
vt 0.382976 0.000344
vt 0.018114 0.442812
vt 0.000344 0.480408
vt 0.007209 0.438236
vt 0.441623 0.011764
vt 0.391238 0.035804
vt 0.382976 0.000344
vt 0.357945 0.061120
vt 0.335415 0.036510
vt 0.391238 0.035804
vt 0.441623 0.011764
vt 0.432291 0.043798
vt 0.391238 0.035804
vt 0.357945 0.061120
vt 0.335415 0.136042
vt 0.335415 0.036510
vt 0.485616 0.101046
vt 0.432291 0.043798
vt 0.441623 0.011764
vt 0.357945 0.130793
vt 0.335415 0.136042
vt 0.357945 0.061120
vt 0.485616 0.101046
vt 0.463086 0.106296
vt 0.432291 0.043798
vt 0.335415 0.136042
vt 0.357945 0.130793
vt 0.388740 0.193290
vt 0.388740 0.193290
vt 0.438056 0.236744
vt 0.379408 0.225325
vt 0.485616 0.101046
vt 0.485616 0.200579
vt 0.463086 0.175968
vt 0.335415 0.136042
vt 0.388740 0.193290
vt 0.379408 0.225325
vt 0.388740 0.193290
vt 0.429794 0.201284
vt 0.438056 0.236744
vt 0.463086 0.175968
vt 0.485616 0.200579
vt 0.438056 0.236744
vt 0.463086 0.175968
vt 0.438056 0.236744
vt 0.429794 0.201284
vt 0.485616 0.101046
vt 0.463086 0.175968
vt 0.463086 0.106296
vt 0.788083 0.259158
vt 0.829846 0.318907
vt 0.788083 0.318907
vt 0.829846 0.259158
vt 0.829846 0.318907
vt 0.788083 0.259158
vt 0.788083 0.159626
vt 0.829846 0.259158
vt 0.788083 0.259158
vt 0.829847 0.159626
vt 0.829846 0.259158
vt 0.788083 0.159626
vt 0.788083 0.060093
vt 0.829847 0.159626
vt 0.788083 0.159626
vt 0.829847 0.060093
vt 0.829847 0.159626
vt 0.788083 0.060093
vt 0.788084 0.000344
vt 0.829847 0.060093
vt 0.788083 0.060093
vt 0.829847 0.000344
vt 0.829847 0.060093
vt 0.788084 0.000344
vt 0.788083 0.577721
vt 0.829847 0.637470
vt 0.788083 0.637470
vt 0.829847 0.577721
vt 0.829847 0.637470
vt 0.788083 0.577721
vt 0.788083 0.478188
vt 0.829847 0.577721
vt 0.788083 0.577721
vt 0.829847 0.478188
vt 0.829847 0.577721
vt 0.788083 0.478188
vt 0.788083 0.378656
vt 0.829847 0.478188
vt 0.788083 0.478188
vt 0.829846 0.378656
vt 0.829847 0.478188
vt 0.788083 0.378656
vt 0.788083 0.318907
vt 0.829846 0.378656
vt 0.788083 0.378656
vt 0.829846 0.318907
vt 0.829846 0.378656
vt 0.788083 0.318907
vt 0.721410 0.739339
vt 0.679646 0.697514
vt 0.721410 0.697514
vt 0.679646 0.739339
vt 0.679646 0.697514
vt 0.721410 0.739339
vt 0.721410 0.809011
vt 0.679646 0.739339
vt 0.721410 0.739339
vt 0.679646 0.809011
vt 0.679646 0.739339
vt 0.721410 0.809011
vt 0.721410 0.878684
vt 0.679646 0.809011
vt 0.721410 0.809011
vt 0.679646 0.878684
vt 0.679646 0.809011
vt 0.721410 0.878684
vt 0.721410 0.920508
vt 0.679646 0.878684
vt 0.721410 0.878684
vt 0.679646 0.920508
vt 0.679646 0.878684
vt 0.721410 0.920508
vt 0.721410 0.516345
vt 0.679646 0.474521
vt 0.721410 0.474520
vt 0.679646 0.516345
vt 0.679646 0.474521
vt 0.721410 0.516345
vt 0.721410 0.586017
vt 0.679646 0.516345
vt 0.721410 0.516345
vt 0.679646 0.586018
vt 0.679646 0.516345
vt 0.721410 0.586017
vt 0.721410 0.655690
vt 0.679646 0.586018
vt 0.721410 0.586017
vt 0.679646 0.655690
vt 0.679646 0.586018
vt 0.721410 0.655690
vt 0.721410 0.697514
vt 0.679646 0.655690
vt 0.721410 0.655690
vt 0.679646 0.697514
vt 0.679646 0.655690
vt 0.721410 0.697514
vt 0.731572 0.201284
vt 0.787395 0.200578
vt 0.739834 0.236744
vt 0.681186 0.225324
vt 0.731572 0.201284
vt 0.739834 0.236744
vt 0.764864 0.175968
vt 0.787395 0.200578
vt 0.731572 0.201284
vt 0.681186 0.225324
vt 0.690519 0.193290
vt 0.731572 0.201284
vt 0.764864 0.175968
vt 0.787395 0.101046
vt 0.787395 0.200578
vt 0.637194 0.136042
vt 0.690519 0.193290
vt 0.681186 0.225324
vt 0.764864 0.106296
vt 0.787395 0.101046
vt 0.764864 0.175968
vt 0.637194 0.136042
vt 0.659724 0.130793
vt 0.690519 0.193290
vt 0.787395 0.101046
vt 0.764864 0.106296
vt 0.734070 0.043798
vt 0.734070 0.043798
vt 0.684754 0.000344
vt 0.743402 0.011764
vt 0.637194 0.136042
vt 0.637194 0.036510
vt 0.659724 0.061120
vt 0.787395 0.101046
vt 0.734070 0.043798
vt 0.743402 0.011764
vt 0.734070 0.043798
vt 0.693016 0.035804
vt 0.684754 0.000344
vt 0.659724 0.061120
vt 0.637194 0.036510
vt 0.684754 0.000344
vt 0.659724 0.061120
vt 0.684754 0.000344
vt 0.693016 0.035804
vt 0.542127 0.438372
vt 0.592513 0.462413
vt 0.533865 0.473832
vt 0.637194 0.136042
vt 0.659724 0.061120
vt 0.659724 0.130793
vt 0.486305 0.437667
vt 0.542127 0.438372
vt 0.533865 0.473832
vt 0.583180 0.430379
vt 0.592513 0.462413
vt 0.542127 0.438372
vt 0.486305 0.437667
vt 0.508835 0.413056
vt 0.542127 0.438372
vt 0.583180 0.430379
vt 0.636505 0.373130
vt 0.592513 0.462413
vt 0.486305 0.338134
vt 0.508835 0.413056
vt 0.486305 0.437667
vt 0.613975 0.367881
vt 0.636505 0.373130
vt 0.583180 0.430379
vt 0.486305 0.338134
vt 0.508835 0.343384
vt 0.508835 0.413056
vt 0.636505 0.373130
vt 0.613975 0.367881
vt 0.613975 0.298208
vt 0.613975 0.298208
vt 0.588945 0.237432
vt 0.636505 0.273598
vt 0.486305 0.338134
vt 0.530297 0.248852
vt 0.539630 0.280886
vt 0.636505 0.373130
vt 0.613975 0.298208
vt 0.636505 0.273598
vt 0.613975 0.298208
vt 0.580683 0.272892
vt 0.588945 0.237432
vt 0.539630 0.280886
vt 0.530297 0.248852
vt 0.588945 0.237432
vt 0.539630 0.280886
vt 0.588945 0.237432
vt 0.580683 0.272892
vt 0.486305 0.338134
vt 0.539630 0.280886
vt 0.508835 0.343384
vt 0.872988 0.259158
vt 0.914751 0.318907
vt 0.872988 0.318907
vt 0.914751 0.259158
vt 0.914751 0.318907
vt 0.872988 0.259158
vt 0.872988 0.159626
vt 0.914751 0.259158
vt 0.872988 0.259158
vt 0.914751 0.159626
vt 0.914751 0.259158
vt 0.872988 0.159626
vt 0.872988 0.060093
vt 0.914751 0.159626
vt 0.872988 0.159626
vt 0.914752 0.060093
vt 0.914751 0.159626
vt 0.872988 0.060093
vt 0.872988 0.000344
vt 0.914752 0.060093
vt 0.872988 0.060093
vt 0.914752 0.000344
vt 0.914752 0.060093
vt 0.872988 0.000344
vt 0.872988 0.577721
vt 0.914752 0.637470
vt 0.872988 0.637470
vt 0.914752 0.577721
vt 0.914752 0.637470
vt 0.872988 0.577721
vt 0.872988 0.478188
vt 0.914752 0.577721
vt 0.872988 0.577721
vt 0.914751 0.478188
vt 0.914752 0.577721
vt 0.872988 0.478188
vt 0.872988 0.378656
vt 0.914751 0.478188
vt 0.872988 0.478188
vt 0.914751 0.378656
vt 0.914751 0.478188
vt 0.872988 0.378656
vt 0.872988 0.318907
vt 0.914751 0.378656
vt 0.872988 0.378656
vt 0.914751 0.318907
vt 0.914751 0.378656
vt 0.872988 0.318907
vt 0.334727 0.447146
vt 0.264264 0.376580
vt 0.334727 0.376580
vt 0.264263 0.447146
vt 0.264264 0.376580
vt 0.334727 0.447146
vt 0.334727 0.564698
vt 0.264263 0.447146
vt 0.334727 0.447146
vt 0.264263 0.564698
vt 0.264263 0.447146
vt 0.334727 0.564698
vt 0.334727 0.682250
vt 0.264263 0.564698
vt 0.334727 0.564698
vt 0.264263 0.682250
vt 0.264263 0.564698
vt 0.334727 0.682250
vt 0.334727 0.752816
vt 0.264263 0.682250
vt 0.334727 0.682250
vt 0.264263 0.752816
vt 0.264263 0.682250
vt 0.334727 0.752816
vt 0.334727 0.070910
vt 0.264264 0.000344
vt 0.334727 0.000344
vt 0.264264 0.070910
vt 0.264264 0.000344
vt 0.334727 0.070910
vt 0.334727 0.188462
vt 0.264264 0.070910
vt 0.334727 0.070910
vt 0.264264 0.188462
vt 0.264264 0.070910
vt 0.334727 0.188462
vt 0.334727 0.306014
vt 0.264264 0.188462
vt 0.334727 0.188462
vt 0.264264 0.306014
vt 0.264264 0.188462
vt 0.334727 0.306014
vt 0.334727 0.376580
vt 0.264264 0.306014
vt 0.334727 0.306014
vt 0.264264 0.376580
vt 0.264264 0.306014
vt 0.334727 0.376580
vt 0.580683 0.035804
vt 0.530297 0.011764
vt 0.588945 0.000344
vt 0.636505 0.036510
vt 0.580683 0.035804
vt 0.588945 0.000344
vt 0.539630 0.043798
vt 0.530297 0.011764
vt 0.580683 0.035804
vt 0.636505 0.036510
vt 0.613975 0.061120
vt 0.580683 0.035804
vt 0.539630 0.043798
vt 0.486305 0.101046
vt 0.530297 0.011764
vt 0.636505 0.136042
vt 0.613975 0.061120
vt 0.636505 0.036510
vt 0.508835 0.106295
vt 0.486305 0.101046
vt 0.539630 0.043798
vt 0.636505 0.136042
vt 0.613975 0.130793
vt 0.613975 0.061120
vt 0.486305 0.101046
vt 0.508835 0.106295
vt 0.508835 0.175968
vt 0.508835 0.175968
vt 0.533865 0.236744
vt 0.486305 0.200578
vt 0.636505 0.136042
vt 0.592513 0.225324
vt 0.583180 0.193290
vt 0.486305 0.101046
vt 0.508835 0.175968
vt 0.486305 0.200578
vt 0.508835 0.175968
vt 0.542127 0.201284
vt 0.533865 0.236744
vt 0.583180 0.193290
vt 0.592513 0.225324
vt 0.533865 0.236744
vt 0.583180 0.193290
vt 0.533865 0.236744
vt 0.542127 0.201284
vt 0.264264 0.376580
vt 0.249016 0.313423
vt 0.233595 0.331677
vt 0.636505 0.136042
vt 0.583180 0.193290
vt 0.613975 0.130793
vt 0.211979 0.338436
vt 0.264264 0.376580
vt 0.233595 0.331677
vt 0.264264 0.306014
vt 0.249016 0.313423
vt 0.264264 0.376580
vt 0.211979 0.338436
vt 0.200049 0.349458
vt 0.264264 0.376580
vt 0.264264 0.306014
vt 0.231062 0.277905
vt 0.249016 0.313423
vt 0.185650 0.310349
vt 0.200049 0.349458
vt 0.211979 0.338436
vt 0.239404 0.268801
vt 0.231062 0.277905
vt 0.264264 0.306014
vt 0.185650 0.310349
vt 0.174745 0.314924
vt 0.200049 0.349458
vt 0.231062 0.277905
vt 0.239404 0.268801
vt 0.200257 0.247395
vt 0.200257 0.247395
vt 0.187129 0.264473
vt 0.194530 0.263151
vt 0.185650 0.310349
vt 0.184054 0.271722
vt 0.167880 0.272753
vt 0.231062 0.277905
vt 0.200257 0.247395
vt 0.194530 0.263151
vt 0.200257 0.247395
vt 0.180903 0.256458
vt 0.187129 0.264473
vt 0.167880 0.272753
vt 0.184054 0.271722
vt 0.187129 0.264473
vt 0.167880 0.272753
vt 0.187129 0.264473
vt 0.180903 0.256458
vt 0.185650 0.310349
vt 0.167880 0.272753
vt 0.174745 0.314924
vt 0.830535 0.259157
vt 0.872299 0.318907
vt 0.830535 0.318907
vt 0.872299 0.259158
vt 0.872299 0.318907
vt 0.830535 0.259157
vt 0.830536 0.159625
vt 0.872299 0.259158
vt 0.830535 0.259157
vt 0.872299 0.159626
vt 0.872299 0.259158
vt 0.830536 0.159625
vt 0.830536 0.060093
vt 0.872299 0.159626
vt 0.830536 0.159625
vt 0.872299 0.060093
vt 0.872299 0.159626
vt 0.830536 0.060093
vt 0.830536 0.000344
vt 0.872299 0.060093
vt 0.830536 0.060093
vt 0.872299 0.000344
vt 0.872299 0.060093
vt 0.830536 0.000344
vt 0.830536 0.577721
vt 0.872299 0.637470
vt 0.830536 0.637470
vt 0.872299 0.577721
vt 0.872299 0.637470
vt 0.830536 0.577721
vt 0.830536 0.478188
vt 0.872299 0.577721
vt 0.830536 0.577721
vt 0.872299 0.478188
vt 0.872299 0.577721
vt 0.830536 0.478188
vt 0.830535 0.378656
vt 0.872299 0.478188
vt 0.830536 0.478188
vt 0.872299 0.378656
vt 0.872299 0.478188
vt 0.830535 0.378656
vt 0.830535 0.318907
vt 0.872299 0.378656
vt 0.830535 0.378656
vt 0.872299 0.318907
vt 0.872299 0.378656
vt 0.830535 0.318907
vt 0.787394 0.739339
vt 0.745631 0.697514
vt 0.787394 0.697514
vt 0.745631 0.739339
vt 0.745631 0.697514
vt 0.787394 0.739339
vt 0.787394 0.809011
vt 0.745631 0.739339
vt 0.787394 0.739339
vt 0.745631 0.809011
vt 0.745631 0.739339
vt 0.787394 0.809011
vt 0.787394 0.878684
vt 0.745631 0.809011
vt 0.787394 0.809011
vt 0.745631 0.878684
vt 0.745631 0.809011
vt 0.787394 0.878684
vt 0.787395 0.920509
vt 0.745631 0.878684
vt 0.787394 0.878684
vt 0.745631 0.920509
vt 0.745631 0.878684
vt 0.787395 0.920509
vt 0.787394 0.516345
vt 0.745631 0.474520
vt 0.787395 0.474521
vt 0.745631 0.516345
vt 0.745631 0.474520
vt 0.787394 0.516345
vt 0.787394 0.586018
vt 0.745631 0.516345
vt 0.787394 0.516345
vt 0.745631 0.586017
vt 0.745631 0.516345
vt 0.787394 0.586018
vt 0.787394 0.655690
vt 0.745631 0.586017
vt 0.787394 0.586018
vt 0.745631 0.655690
vt 0.745631 0.586017
vt 0.787394 0.655690
vt 0.787394 0.697514
vt 0.745631 0.655690
vt 0.787394 0.655690
vt 0.745631 0.697514
vt 0.745631 0.655690
vt 0.787394 0.697514
vt 0.391238 0.438372
vt 0.441624 0.462413
vt 0.382976 0.473832
vt 0.335415 0.437667
vt 0.391238 0.438372
vt 0.382976 0.473832
vt 0.432291 0.430379
vt 0.441624 0.462413
vt 0.391238 0.438372
vt 0.335415 0.437667
vt 0.357945 0.413057
vt 0.391238 0.438372
vt 0.432291 0.430379
vt 0.485616 0.373131
vt 0.441624 0.462413
vt 0.335415 0.338135
vt 0.357945 0.413057
vt 0.335415 0.437667
vt 0.463086 0.367881
vt 0.485616 0.373131
vt 0.432291 0.430379
vt 0.335415 0.338135
vt 0.357945 0.343384
vt 0.357945 0.413057
vt 0.485616 0.373131
vt 0.463086 0.367881
vt 0.463086 0.298209
vt 0.463086 0.298209
vt 0.438056 0.237432
vt 0.485616 0.273598
vt 0.335415 0.338135
vt 0.379408 0.248852
vt 0.388740 0.280886
vt 0.485616 0.373131
vt 0.463086 0.298209
vt 0.485616 0.273598
vt 0.463086 0.298209
vt 0.429794 0.272892
vt 0.438056 0.237432
vt 0.388740 0.280886
vt 0.379408 0.248852
vt 0.438056 0.237432
vt 0.388740 0.280886
vt 0.438056 0.237432
vt 0.429794 0.272892
vt 0.391238 0.675461
vt 0.441624 0.699501
vt 0.382976 0.710921
vt 0.335415 0.338135
vt 0.388740 0.280886
vt 0.357945 0.343384
vt 0.335415 0.674755
vt 0.391238 0.675461
vt 0.382976 0.710921
vt 0.432291 0.667467
vt 0.441624 0.699501
vt 0.391238 0.675461
vt 0.335415 0.674755
vt 0.357945 0.650145
vt 0.391238 0.675461
vt 0.432291 0.667467
vt 0.485616 0.610219
vt 0.441624 0.699501
vt 0.335415 0.575223
vt 0.357945 0.650145
vt 0.335415 0.674755
vt 0.463086 0.604969
vt 0.485616 0.610219
vt 0.432291 0.667467
vt 0.335415 0.575223
vt 0.357945 0.580472
vt 0.357945 0.650145
vt 0.485616 0.610219
vt 0.463086 0.604969
vt 0.463086 0.535297
vt 0.463086 0.535297
vt 0.438056 0.474521
vt 0.485616 0.510686
vt 0.335415 0.575223
vt 0.379408 0.485940
vt 0.388740 0.517975
vt 0.485616 0.610219
vt 0.463086 0.535297
vt 0.485616 0.510686
vt 0.463086 0.535297
vt 0.429794 0.509981
vt 0.438056 0.474521
vt 0.388740 0.517975
vt 0.379408 0.485940
vt 0.438056 0.474521
vt 0.388740 0.517975
vt 0.438056 0.474521
vt 0.429794 0.509981
vt 0.335415 0.575223
vt 0.388740 0.517975
vt 0.357945 0.580472
vt 0.915440 0.259157
vt 0.957204 0.318907
vt 0.915440 0.318907
vt 0.957204 0.259158
vt 0.957204 0.318907
vt 0.915440 0.259157
vt 0.915440 0.159625
vt 0.957204 0.259158
vt 0.915440 0.259157
vt 0.957204 0.159626
vt 0.957204 0.259158
vt 0.915440 0.159625
vt 0.915440 0.060093
vt 0.957204 0.159626
vt 0.915440 0.159625
vt 0.957204 0.060093
vt 0.957204 0.159626
vt 0.915440 0.060093
vt 0.915441 0.000344
vt 0.957204 0.060093
vt 0.915440 0.060093
vt 0.957204 0.000344
vt 0.957204 0.060093
vt 0.915441 0.000344
vt 0.915440 0.577720
vt 0.957204 0.637470
vt 0.915440 0.637470
vt 0.957204 0.577720
vt 0.957204 0.637470
vt 0.915440 0.577720
vt 0.915440 0.478188
vt 0.957204 0.577720
vt 0.915440 0.577720
vt 0.957204 0.478188
vt 0.957204 0.577720
vt 0.915440 0.478188
vt 0.915440 0.378656
vt 0.957204 0.478188
vt 0.915440 0.478188
vt 0.957204 0.378656
vt 0.957204 0.478188
vt 0.915440 0.378656
vt 0.915440 0.318907
vt 0.957204 0.378656
vt 0.915440 0.378656
vt 0.957204 0.318907
vt 0.957204 0.378656
vt 0.915440 0.318907
vt 0.637194 0.655690
vt 0.678957 0.697515
vt 0.637194 0.697515
vt 0.678957 0.655690
vt 0.678957 0.697515
vt 0.637194 0.655690
vt 0.637194 0.586018
vt 0.678957 0.655690
vt 0.637194 0.655690
vt 0.678957 0.586018
vt 0.678957 0.655690
vt 0.637194 0.586018
vt 0.637194 0.516345
vt 0.678957 0.586018
vt 0.637194 0.586018
vt 0.678958 0.516345
vt 0.678957 0.586018
vt 0.637194 0.516345
vt 0.637194 0.474520
vt 0.678958 0.516345
vt 0.637194 0.516345
vt 0.678958 0.474521
vt 0.678958 0.516345
vt 0.637194 0.474520
vt 0.637194 0.878684
vt 0.678958 0.920509
vt 0.637194 0.920509
vt 0.678958 0.878684
vt 0.678958 0.920509
vt 0.637194 0.878684
vt 0.637194 0.809012
vt 0.678958 0.878684
vt 0.637194 0.878684
vt 0.678957 0.809012
vt 0.678958 0.878684
vt 0.637194 0.809012
vt 0.637194 0.739339
vt 0.678957 0.809012
vt 0.637194 0.809012
vt 0.678957 0.739339
vt 0.678957 0.809012
vt 0.637194 0.739339
vt 0.637194 0.697515
vt 0.678957 0.739339
vt 0.637194 0.739339
vt 0.678957 0.697515
vt 0.678957 0.739339
vt 0.637194 0.697515
vt 0.542127 0.675460
vt 0.592513 0.699500
vt 0.533865 0.710920
vt 0.486305 0.674754
vt 0.542127 0.675460
vt 0.533865 0.710920
vt 0.583180 0.667467
vt 0.592513 0.699500
vt 0.542127 0.675460
vt 0.486305 0.674754
vt 0.508835 0.650145
vt 0.542127 0.675460
vt 0.583180 0.667467
vt 0.636505 0.610218
vt 0.592513 0.699500
vt 0.486305 0.575223
vt 0.508835 0.650145
vt 0.486305 0.674754
vt 0.613975 0.604969
vt 0.636505 0.610218
vt 0.583180 0.667467
vt 0.486305 0.575223
vt 0.508835 0.580472
vt 0.508835 0.650145
vt 0.636505 0.610218
vt 0.613975 0.604969
vt 0.613975 0.535296
vt 0.613975 0.535296
vt 0.588945 0.474521
vt 0.636505 0.510686
vt 0.486305 0.575223
vt 0.530297 0.485940
vt 0.539630 0.517974
vt 0.636505 0.610218
vt 0.613975 0.535296
vt 0.636505 0.510686
vt 0.613975 0.535296
vt 0.580683 0.509981
vt 0.588945 0.474521
vt 0.539630 0.517974
vt 0.530297 0.485940
vt 0.588945 0.474521
vt 0.539630 0.517974
vt 0.588945 0.474521
vt 0.580683 0.509981
vt 0.693016 0.438372
vt 0.743402 0.462412
vt 0.684754 0.473832
vt 0.486305 0.575223
vt 0.539630 0.517974
vt 0.508835 0.580472
vt 0.637194 0.437666
vt 0.693016 0.438372
vt 0.684754 0.473832
vt 0.734070 0.430378
vt 0.743402 0.462412
vt 0.693016 0.438372
vt 0.637194 0.437666
vt 0.659724 0.413056
vt 0.693016 0.438372
vt 0.734070 0.430378
vt 0.787395 0.373130
vt 0.743402 0.462412
vt 0.637194 0.338134
vt 0.659724 0.413056
vt 0.637194 0.437666
vt 0.764865 0.367881
vt 0.787395 0.373130
vt 0.734070 0.430378
vt 0.637194 0.338134
vt 0.659724 0.343384
vt 0.659724 0.413056
vt 0.787395 0.373130
vt 0.764865 0.367881
vt 0.764864 0.298208
vt 0.764864 0.298208
vt 0.739834 0.237432
vt 0.787395 0.273598
vt 0.637194 0.338134
vt 0.681186 0.248852
vt 0.690519 0.280886
vt 0.787395 0.373130
vt 0.764864 0.298208
vt 0.787395 0.273598
vt 0.764864 0.298208
vt 0.731572 0.272892
vt 0.739834 0.237432
vt 0.690519 0.280886
vt 0.681186 0.248852
vt 0.739834 0.237432
vt 0.690519 0.280886
vt 0.739834 0.237432
vt 0.731572 0.272892
vt 0.637194 0.338134
vt 0.690519 0.280886
vt 0.659724 0.343384
vt 0.485616 0.101046
vt 0.463086 0.175968
vt 0.463086 0.106296
vt 0.463086 0.175968
vt 0.438056 0.236744
vt 0.429794 0.201284
vt 0.463086 0.175968
vt 0.485616 0.200579
vt 0.438056 0.236744
vt 0.388740 0.193290
vt 0.429794 0.201284
vt 0.438056 0.236744
vt 0.335415 0.136042
vt 0.388740 0.193290
vt 0.379408 0.225325
vt 0.485616 0.101046
vt 0.485616 0.200579
vt 0.463086 0.175968
vt 0.388740 0.193290
vt 0.438056 0.236744
vt 0.379408 0.225325
vt 0.335415 0.136042
vt 0.357945 0.130793
vt 0.388740 0.193290
vt 0.485616 0.101046
vt 0.463086 0.106296
vt 0.432291 0.043798
vt 0.357945 0.130793
vt 0.335415 0.136042
vt 0.357945 0.061120
vt 0.485616 0.101046
vt 0.432291 0.043798
vt 0.441623 0.011764
vt 0.357945 0.061120
vt 0.335415 0.136042
vt 0.335415 0.036510
vt 0.441623 0.011764
vt 0.432291 0.043798
vt 0.391238 0.035804
vt 0.357945 0.061120
vt 0.335415 0.036510
vt 0.391238 0.035804
vt 0.441623 0.011764
vt 0.391238 0.035804
vt 0.382976 0.000344
vt 0.018114 0.442812
vt 0.000344 0.480408
vt 0.007209 0.438236
vt 0.391238 0.035804
vt 0.335415 0.036510
vt 0.382976 0.000344
vt 0.000344 0.480408
vt 0.019593 0.488688
vt 0.013368 0.496703
vt 0.000344 0.480408
vt 0.016519 0.481439
vt 0.019593 0.488688
vt 0.032722 0.505766
vt 0.013368 0.496703
vt 0.019593 0.488688
vt 0.063527 0.475256
vt 0.032722 0.505766
vt 0.026995 0.490010
vt 0.018114 0.442812
vt 0.016519 0.481439
vt 0.000344 0.480408
vt 0.032722 0.505766
vt 0.019593 0.488688
vt 0.026995 0.490010
vt 0.063527 0.475256
vt 0.071868 0.484360
vt 0.032722 0.505766
vt 0.018114 0.442812
vt 0.007209 0.438236
vt 0.032513 0.403703
vt 0.071868 0.484360
vt 0.063527 0.475256
vt 0.096728 0.447147
vt 0.018114 0.442812
vt 0.032513 0.403703
vt 0.044443 0.414725
vt 0.096728 0.447147
vt 0.063527 0.475256
vt 0.081480 0.439738
vt 0.044443 0.414725
vt 0.032513 0.403703
vt 0.096728 0.376580
vt 0.096728 0.447147
vt 0.081480 0.439738
vt 0.096728 0.376580
vt 0.044443 0.414725
vt 0.096728 0.376580
vt 0.066059 0.421483
vt 0.096728 0.376580
vt 0.081480 0.439738
vt 0.066059 0.421483
vt 0.096728 0.376580
vt 0.167191 0.447147
vt 0.096728 0.447147
vt 0.167191 0.376580
vt 0.167191 0.447147
vt 0.096728 0.376580
vt 0.096728 0.447147
vt 0.167191 0.564698
vt 0.096728 0.564698
vt 0.167191 0.447147
vt 0.167191 0.564698
vt 0.096728 0.447147
vt 0.096728 0.564698
vt 0.167191 0.682250
vt 0.096728 0.682250
vt 0.167191 0.564698
vt 0.167191 0.682250
vt 0.096728 0.564698
vt 0.096728 0.682250
vt 0.167191 0.752817
vt 0.096728 0.752817
vt 0.167191 0.682250
vt 0.167191 0.752817
vt 0.096728 0.682250
vt 0.096728 0.000344
vt 0.167191 0.070910
vt 0.096728 0.070910
vt 0.167191 0.000344
vt 0.167191 0.070910
vt 0.096728 0.000344
vt 0.096728 0.070910
vt 0.167191 0.188462
vt 0.096728 0.188462
vt 0.167191 0.070910
vt 0.167191 0.188462
vt 0.096728 0.070910
vt 0.096728 0.188462
vt 0.167191 0.306014
vt 0.096728 0.306014
vt 0.167191 0.188462
vt 0.167191 0.306014
vt 0.096728 0.188462
vt 0.096728 0.306014
vt 0.167191 0.376580
vt 0.096728 0.376580
vt 0.167191 0.306014
vt 0.167191 0.376580
vt 0.096728 0.306014
vt 0.999656 0.637470
vt 0.957892 0.577721
vt 0.999656 0.577721
vt 0.957892 0.637470
vt 0.957892 0.577721
vt 0.999656 0.637470
vt 0.999656 0.577721
vt 0.957892 0.478189
vt 0.999656 0.478189
vt 0.957892 0.577721
vt 0.957892 0.478189
vt 0.999656 0.577721
vt 0.999656 0.478189
vt 0.957892 0.378656
vt 0.999656 0.378656
vt 0.957892 0.478189
vt 0.957892 0.378656
vt 0.999656 0.478189
vt 0.999656 0.378656
vt 0.957892 0.318907
vt 0.999656 0.318907
vt 0.957892 0.378656
vt 0.957892 0.318907
vt 0.999656 0.378656
vt 0.999656 0.318907
vt 0.957892 0.259158
vt 0.999656 0.259158
vt 0.957892 0.318907
vt 0.957892 0.259158
vt 0.999656 0.318907
vt 0.999656 0.259158
vt 0.957892 0.159626
vt 0.999656 0.159626
vt 0.957892 0.259158
vt 0.957892 0.159626
vt 0.999656 0.259158
vt 0.999656 0.159626
vt 0.957892 0.060093
vt 0.999656 0.060093
vt 0.957892 0.159626
vt 0.957892 0.060093
vt 0.999656 0.159626
vt 0.999656 0.060093
vt 0.957892 0.000344
vt 0.999656 0.000344
vt 0.957892 0.060093
vt 0.957892 0.000344
vt 0.999656 0.060093
vt 0.999656 0.060093
vt 0.957892 0.000344
vt 0.999656 0.000344
vt 0.957892 0.060093
vt 0.957892 0.000344
vt 0.999656 0.060093
vt 0.999656 0.159626
vt 0.957892 0.060093
vt 0.999656 0.060093
vt 0.957892 0.159626
vt 0.957892 0.060093
vt 0.999656 0.159626
vt 0.999656 0.259158
vt 0.957892 0.159626
vt 0.999656 0.159626
vt 0.957892 0.259158
vt 0.957892 0.159626
vt 0.999656 0.259158
vt 0.999656 0.318907
vt 0.957892 0.259158
vt 0.999656 0.259158
vt 0.957892 0.318907
vt 0.957892 0.259158
vt 0.999656 0.318907
vt 0.999656 0.378656
vt 0.957892 0.318907
vt 0.999656 0.318907
vt 0.957892 0.378656
vt 0.957892 0.318907
vt 0.999656 0.378656
vt 0.999656 0.478189
vt 0.957892 0.378656
vt 0.999656 0.378656
vt 0.957892 0.478189
vt 0.957892 0.378656
vt 0.999656 0.478189
vt 0.999656 0.577721
vt 0.957892 0.478189
vt 0.999656 0.478189
vt 0.957892 0.577721
vt 0.957892 0.478189
vt 0.999656 0.577721
vt 0.999656 0.637470
vt 0.957892 0.577721
vt 0.999656 0.577721
vt 0.957892 0.637470
vt 0.957892 0.577721
vt 0.999656 0.637470
vt 0.096728 0.306014
vt 0.167191 0.376580
vt 0.096728 0.376580
vt 0.167191 0.306014
vt 0.167191 0.376580
vt 0.096728 0.306014
vt 0.096728 0.188462
vt 0.167191 0.306014
vt 0.096728 0.306014
vt 0.167191 0.188462
vt 0.167191 0.306014
vt 0.096728 0.188462
vt 0.096728 0.070910
vt 0.167191 0.188462
vt 0.096728 0.188462
vt 0.167191 0.070910
vt 0.167191 0.188462
vt 0.096728 0.070910
vt 0.096728 0.000344
vt 0.167191 0.070910
vt 0.096728 0.070910
vt 0.167191 0.000344
vt 0.167191 0.070910
vt 0.096728 0.000344
vt 0.096728 0.682250
vt 0.167191 0.752817
vt 0.096728 0.752817
vt 0.167191 0.682250
vt 0.167191 0.752817
vt 0.096728 0.682250
vt 0.096728 0.564698
vt 0.167191 0.682250
vt 0.096728 0.682250
vt 0.167191 0.564698
vt 0.167191 0.682250
vt 0.096728 0.564698
vt 0.096728 0.447147
vt 0.167191 0.564698
vt 0.096728 0.564698
vt 0.167191 0.447147
vt 0.167191 0.564698
vt 0.096728 0.447147
vt 0.096728 0.376580
vt 0.167191 0.447147
vt 0.096728 0.447147
vt 0.167191 0.376580
vt 0.167191 0.447147
vt 0.096728 0.376580
vt 0.096728 0.376580
vt 0.081480 0.439738
vt 0.066059 0.421483
vt 0.044443 0.414725
vt 0.096728 0.376580
vt 0.066059 0.421483
vt 0.096728 0.447147
vt 0.081480 0.439738
vt 0.096728 0.376580
vt 0.044443 0.414725
vt 0.032513 0.403703
vt 0.096728 0.376580
vt 0.096728 0.447147
vt 0.063527 0.475256
vt 0.081480 0.439738
vt 0.018114 0.442812
vt 0.032513 0.403703
vt 0.044443 0.414725
vt 0.071868 0.484360
vt 0.063527 0.475256
vt 0.096728 0.447147
vt 0.018114 0.442812
vt 0.007209 0.438236
vt 0.032513 0.403703
vt 0.063527 0.475256
vt 0.071868 0.484360
vt 0.032722 0.505766
vt 0.032722 0.505766
vt 0.019593 0.488688
vt 0.026995 0.490010
vt 0.018114 0.442812
vt 0.016519 0.481439
vt 0.000344 0.480408
vt 0.063527 0.475256
vt 0.032722 0.505766
vt 0.026995 0.490010
vt 0.032722 0.505766
vt 0.013368 0.496703
vt 0.019593 0.488688
vt 0.000344 0.480408
vt 0.016519 0.481439
vt 0.019593 0.488688
vt 0.000344 0.480408
vt 0.019593 0.488688
vt 0.013368 0.496703
vt 0.391238 0.035804
vt 0.335415 0.036510
vt 0.382976 0.000344
vt 0.018114 0.442812
vt 0.000344 0.480408
vt 0.007209 0.438236
vt 0.441623 0.011764
vt 0.391238 0.035804
vt 0.382976 0.000344
vt 0.357945 0.061120
vt 0.335415 0.036510
vt 0.391238 0.035804
vt 0.441623 0.011764
vt 0.432291 0.043798
vt 0.391238 0.035804
vt 0.357945 0.061120
vt 0.335415 0.136042
vt 0.335415 0.036510
vt 0.485616 0.101046
vt 0.432291 0.043798
vt 0.441623 0.011764
vt 0.357945 0.130793
vt 0.335415 0.136042
vt 0.357945 0.061120
vt 0.485616 0.101046
vt 0.463086 0.106296
vt 0.432291 0.043798
vt 0.335415 0.136042
vt 0.357945 0.130793
vt 0.388740 0.193290
vt 0.388740 0.193290
vt 0.438056 0.236744
vt 0.379408 0.225325
vt 0.485616 0.101046
vt 0.485616 0.200579
vt 0.463086 0.175968
vt 0.335415 0.136042
vt 0.388740 0.193290
vt 0.379408 0.225325
vt 0.388740 0.193290
vt 0.429794 0.201284
vt 0.438056 0.236744
vt 0.463086 0.175968
vt 0.485616 0.200579
vt 0.438056 0.236744
vt 0.463086 0.175968
vt 0.438056 0.236744
vt 0.429794 0.201284
vt 0.485616 0.101046
vt 0.463086 0.175968
vt 0.463086 0.106296
vt 0.485616 0.101046
vt 0.463086 0.175968
vt 0.463086 0.106296
vt 0.463086 0.175968
vt 0.438056 0.236744
vt 0.429794 0.201284
vt 0.463086 0.175968
vt 0.485616 0.200579
vt 0.438056 0.236744
vt 0.388740 0.193290
vt 0.429794 0.201284
vt 0.438056 0.236744
vt 0.335415 0.136042
vt 0.388740 0.193290
vt 0.379408 0.225325
vt 0.485616 0.101046
vt 0.485616 0.200579
vt 0.463086 0.175968
vt 0.388740 0.193290
vt 0.438056 0.236744
vt 0.379408 0.225325
vt 0.335415 0.136042
vt 0.357945 0.130793
vt 0.388740 0.193290
vt 0.485616 0.101046
vt 0.463086 0.106296
vt 0.432291 0.043798
vt 0.357945 0.130793
vt 0.335415 0.136042
vt 0.357945 0.061120
vt 0.485616 0.101046
vt 0.432291 0.043798
vt 0.441623 0.011764
vt 0.357945 0.061120
vt 0.335415 0.136042
vt 0.335415 0.036510
vt 0.441623 0.011764
vt 0.432291 0.043798
vt 0.391238 0.035804
vt 0.357945 0.061120
vt 0.335415 0.036510
vt 0.391238 0.035804
vt 0.441623 0.011764
vt 0.391238 0.035804
vt 0.382976 0.000344
vt 0.018114 0.442812
vt 0.000344 0.480408
vt 0.007209 0.438236
vt 0.391238 0.035804
vt 0.335415 0.036510
vt 0.382976 0.000344
vt 0.000344 0.480408
vt 0.019593 0.488688
vt 0.013368 0.496703
vt 0.000344 0.480408
vt 0.016519 0.481439
vt 0.019593 0.488688
vt 0.032722 0.505766
vt 0.013368 0.496703
vt 0.019593 0.488688
vt 0.063527 0.475256
vt 0.032722 0.505766
vt 0.026995 0.490010
vt 0.018114 0.442812
vt 0.016519 0.481439
vt 0.000344 0.480408
vt 0.032722 0.505766
vt 0.019593 0.488688
vt 0.026995 0.490010
vt 0.063527 0.475256
vt 0.071868 0.484360
vt 0.032722 0.505766
vt 0.018114 0.442812
vt 0.007209 0.438236
vt 0.032513 0.403703
vt 0.071868 0.484360
vt 0.063527 0.475256
vt 0.096728 0.447147
vt 0.018114 0.442812
vt 0.032513 0.403703
vt 0.044443 0.414725
vt 0.096728 0.447147
vt 0.063527 0.475256
vt 0.081480 0.439738
vt 0.044443 0.414725
vt 0.032513 0.403703
vt 0.096728 0.376580
vt 0.096728 0.447147
vt 0.081480 0.439738
vt 0.096728 0.376580
vt 0.044443 0.414725
vt 0.096728 0.376580
vt 0.066059 0.421483
vt 0.096728 0.376580
vt 0.081480 0.439738
vt 0.066059 0.421483
vt 0.096728 0.376580
vt 0.167191 0.447147
vt 0.096728 0.447147
vt 0.167191 0.376580
vt 0.167191 0.447147
vt 0.096728 0.376580
vt 0.096728 0.447147
vt 0.167191 0.564698
vt 0.096728 0.564698
vt 0.167191 0.447147
vt 0.167191 0.564698
vt 0.096728 0.447147
vt 0.096728 0.564698
vt 0.167191 0.682250
vt 0.096728 0.682250
vt 0.167191 0.564698
vt 0.167191 0.682250
vt 0.096728 0.564698
vt 0.096728 0.682250
vt 0.167191 0.752817
vt 0.096728 0.752817
vt 0.167191 0.682250
vt 0.167191 0.752817
vt 0.096728 0.682250
vt 0.096728 0.000344
vt 0.167191 0.070910
vt 0.096728 0.070910
vt 0.167191 0.000344
vt 0.167191 0.070910
vt 0.096728 0.000344
vt 0.096728 0.070910
vt 0.167191 0.188462
vt 0.096728 0.188462
vt 0.167191 0.070910
vt 0.167191 0.188462
vt 0.096728 0.070910
vt 0.096728 0.188462
vt 0.167191 0.306014
vt 0.096728 0.306014
vt 0.167191 0.188462
vt 0.167191 0.306014
vt 0.096728 0.188462
vt 0.096728 0.306014
vt 0.167191 0.376580
vt 0.096728 0.376580
vt 0.167191 0.306014
vt 0.167191 0.376580
vt 0.096728 0.306014
vt 0.999656 0.637470
vt 0.957892 0.577721
vt 0.999656 0.577721
vt 0.957892 0.637470
vt 0.957892 0.577721
vt 0.999656 0.637470
vt 0.999656 0.577721
vt 0.957892 0.478189
vt 0.999656 0.478189
vt 0.957892 0.577721
vt 0.957892 0.478189
vt 0.999656 0.577721
vt 0.999656 0.478189
vt 0.957892 0.378656
vt 0.999656 0.378656
vt 0.957892 0.478189
vt 0.957892 0.378656
vt 0.999656 0.478189
vt 0.999656 0.378656
vt 0.957892 0.318907
vt 0.999656 0.318907
vt 0.957892 0.378656
vt 0.957892 0.318907
vt 0.999656 0.378656
vt 0.999656 0.318907
vt 0.957892 0.259158
vt 0.999656 0.259158
vt 0.957892 0.318907
vt 0.957892 0.259158
vt 0.999656 0.318907
vt 0.999656 0.259158
vt 0.957892 0.159626
vt 0.999656 0.159626
vt 0.957892 0.259158
vt 0.957892 0.159626
vt 0.999656 0.259158
vt 0.999656 0.159626
vt 0.957892 0.060093
vt 0.999656 0.060093
vt 0.957892 0.159626
vt 0.957892 0.060093
vt 0.999656 0.159626
vt 0.999656 0.060093
vt 0.957892 0.000344
vt 0.999656 0.000344
vt 0.957892 0.060093
vt 0.957892 0.000344
vt 0.999656 0.060093
vt 0.999656 0.060093
vt 0.957892 0.000344
vt 0.999656 0.000344
vt 0.957892 0.060093
vt 0.957892 0.000344
vt 0.999656 0.060093
vt 0.999656 0.159626
vt 0.957892 0.060093
vt 0.999656 0.060093
vt 0.957892 0.159626
vt 0.957892 0.060093
vt 0.999656 0.159626
vt 0.999656 0.259158
vt 0.957892 0.159626
vt 0.999656 0.159626
vt 0.957892 0.259158
vt 0.957892 0.159626
vt 0.999656 0.259158
vt 0.999656 0.318907
vt 0.957892 0.259158
vt 0.999656 0.259158
vt 0.957892 0.318907
vt 0.957892 0.259158
vt 0.999656 0.318907
vt 0.999656 0.378656
vt 0.957892 0.318907
vt 0.999656 0.318907
vt 0.957892 0.378656
vt 0.957892 0.318907
vt 0.999656 0.378656
vt 0.999656 0.478189
vt 0.957892 0.378656
vt 0.999656 0.378656
vt 0.957892 0.478189
vt 0.957892 0.378656
vt 0.999656 0.478189
vt 0.999656 0.577721
vt 0.957892 0.478189
vt 0.999656 0.478189
vt 0.957892 0.577721
vt 0.957892 0.478189
vt 0.999656 0.577721
vt 0.999656 0.637470
vt 0.957892 0.577721
vt 0.999656 0.577721
vt 0.957892 0.637470
vt 0.957892 0.577721
vt 0.999656 0.637470
vt 0.096728 0.306014
vt 0.167191 0.376580
vt 0.096728 0.376580
vt 0.167191 0.306014
vt 0.167191 0.376580
vt 0.096728 0.306014
vt 0.096728 0.188462
vt 0.167191 0.306014
vt 0.096728 0.306014
vt 0.167191 0.188462
vt 0.167191 0.306014
vt 0.096728 0.188462
vt 0.096728 0.070910
vt 0.167191 0.188462
vt 0.096728 0.188462
vt 0.167191 0.070910
vt 0.167191 0.188462
vt 0.096728 0.070910
vt 0.096728 0.000344
vt 0.167191 0.070910
vt 0.096728 0.070910
vt 0.167191 0.000344
vt 0.167191 0.070910
vt 0.096728 0.000344
vt 0.096728 0.682250
vt 0.167191 0.752817
vt 0.096728 0.752817
vt 0.167191 0.682250
vt 0.167191 0.752817
vt 0.096728 0.682250
vt 0.096728 0.564698
vt 0.167191 0.682250
vt 0.096728 0.682250
vt 0.167191 0.564698
vt 0.167191 0.682250
vt 0.096728 0.564698
vt 0.096728 0.447147
vt 0.167191 0.564698
vt 0.096728 0.564698
vt 0.167191 0.447147
vt 0.167191 0.564698
vt 0.096728 0.447147
vt 0.096728 0.376580
vt 0.167191 0.447147
vt 0.096728 0.447147
vt 0.167191 0.376580
vt 0.167191 0.447147
vt 0.096728 0.376580
vt 0.096728 0.376580
vt 0.081480 0.439738
vt 0.066059 0.421483
vt 0.044443 0.414725
vt 0.096728 0.376580
vt 0.066059 0.421483
vt 0.096728 0.447147
vt 0.081480 0.439738
vt 0.096728 0.376580
vt 0.044443 0.414725
vt 0.032513 0.403703
vt 0.096728 0.376580
vt 0.096728 0.447147
vt 0.063527 0.475256
vt 0.081480 0.439738
vt 0.018114 0.442812
vt 0.032513 0.403703
vt 0.044443 0.414725
vt 0.071868 0.484360
vt 0.063527 0.475256
vt 0.096728 0.447147
vt 0.018114 0.442812
vt 0.007209 0.438236
vt 0.032513 0.403703
vt 0.063527 0.475256
vt 0.071868 0.484360
vt 0.032722 0.505766
vt 0.032722 0.505766
vt 0.019593 0.488688
vt 0.026995 0.490010
vt 0.018114 0.442812
vt 0.016519 0.481439
vt 0.000344 0.480408
vt 0.063527 0.475256
vt 0.032722 0.505766
vt 0.026995 0.490010
vt 0.032722 0.505766
vt 0.013368 0.496703
vt 0.019593 0.488688
vt 0.000344 0.480408
vt 0.016519 0.481439
vt 0.019593 0.488688
vt 0.000344 0.480408
vt 0.019593 0.488688
vt 0.013368 0.496703
vt 0.391238 0.035804
vt 0.335415 0.036510
vt 0.382976 0.000344
vt 0.018114 0.442812
vt 0.000344 0.480408
vt 0.007209 0.438236
vt 0.441623 0.011764
vt 0.391238 0.035804
vt 0.382976 0.000344
vt 0.357945 0.061120
vt 0.335415 0.036510
vt 0.391238 0.035804
vt 0.441623 0.011764
vt 0.432291 0.043798
vt 0.391238 0.035804
vt 0.357945 0.061120
vt 0.335415 0.136042
vt 0.335415 0.036510
vt 0.485616 0.101046
vt 0.432291 0.043798
vt 0.441623 0.011764
vt 0.357945 0.130793
vt 0.335415 0.136042
vt 0.357945 0.061120
vt 0.485616 0.101046
vt 0.463086 0.106296
vt 0.432291 0.043798
vt 0.335415 0.136042
vt 0.357945 0.130793
vt 0.388740 0.193290
vt 0.388740 0.193290
vt 0.438056 0.236744
vt 0.379408 0.225325
vt 0.485616 0.101046
vt 0.485616 0.200579
vt 0.463086 0.175968
vt 0.335415 0.136042
vt 0.388740 0.193290
vt 0.379408 0.225325
vt 0.388740 0.193290
vt 0.429794 0.201284
vt 0.438056 0.236744
vt 0.463086 0.175968
vt 0.485616 0.200579
vt 0.438056 0.236744
vt 0.463086 0.175968
vt 0.438056 0.236744
vt 0.429794 0.201284
vt 0.485616 0.101046
vt 0.463086 0.175968
vt 0.463086 0.106296
vt 0.485616 0.101046
vt 0.463086 0.175968
vt 0.463086 0.106296
vt 0.463086 0.175968
vt 0.438056 0.236744
vt 0.429794 0.201284
vt 0.463086 0.175968
vt 0.485616 0.200579
vt 0.438056 0.236744
vt 0.388740 0.193290
vt 0.429794 0.201284
vt 0.438056 0.236744
vt 0.335415 0.136042
vt 0.388740 0.193290
vt 0.379408 0.225325
vt 0.485616 0.101046
vt 0.485616 0.200579
vt 0.463086 0.175968
vt 0.388740 0.193290
vt 0.438056 0.236744
vt 0.379408 0.225325
vt 0.335415 0.136042
vt 0.357945 0.130793
vt 0.388740 0.193290
vt 0.485616 0.101046
vt 0.463086 0.106296
vt 0.432291 0.043798
vt 0.357945 0.130793
vt 0.335415 0.136042
vt 0.357945 0.061120
vt 0.485616 0.101046
vt 0.432291 0.043798
vt 0.441623 0.011764
vt 0.357945 0.061120
vt 0.335415 0.136042
vt 0.335415 0.036510
vt 0.441623 0.011764
vt 0.432291 0.043798
vt 0.391238 0.035804
vt 0.357945 0.061120
vt 0.335415 0.036510
vt 0.391238 0.035804
vt 0.441623 0.011764
vt 0.391238 0.035804
vt 0.382976 0.000344
vt 0.018114 0.442812
vt 0.000344 0.480408
vt 0.007209 0.438236
vt 0.391238 0.035804
vt 0.335415 0.036510
vt 0.382976 0.000344
vt 0.000344 0.480408
vt 0.019593 0.488688
vt 0.013368 0.496703
vt 0.000344 0.480408
vt 0.016519 0.481439
vt 0.019593 0.488688
vt 0.032722 0.505766
vt 0.013368 0.496703
vt 0.019593 0.488688
vt 0.063527 0.475256
vt 0.032722 0.505766
vt 0.026995 0.490010
vt 0.018114 0.442812
vt 0.016519 0.481439
vt 0.000344 0.480408
vt 0.032722 0.505766
vt 0.019593 0.488688
vt 0.026995 0.490010
vt 0.063527 0.475256
vt 0.071868 0.484360
vt 0.032722 0.505766
vt 0.018114 0.442812
vt 0.007209 0.438236
vt 0.032513 0.403703
vt 0.071868 0.484360
vt 0.063527 0.475256
vt 0.096728 0.447147
vt 0.018114 0.442812
vt 0.032513 0.403703
vt 0.044443 0.414725
vt 0.096728 0.447147
vt 0.063527 0.475256
vt 0.081480 0.439738
vt 0.044443 0.414725
vt 0.032513 0.403703
vt 0.096728 0.376580
vt 0.096728 0.447147
vt 0.081480 0.439738
vt 0.096728 0.376580
vt 0.044443 0.414725
vt 0.096728 0.376580
vt 0.066059 0.421483
vt 0.096728 0.376580
vt 0.081480 0.439738
vt 0.066059 0.421483
vt 0.096728 0.376580
vt 0.167191 0.447147
vt 0.096728 0.447147
vt 0.167191 0.376580
vt 0.167191 0.447147
vt 0.096728 0.376580
vt 0.096728 0.447147
vt 0.167191 0.564698
vt 0.096728 0.564698
vt 0.167191 0.447147
vt 0.167191 0.564698
vt 0.096728 0.447147
vt 0.096728 0.564698
vt 0.167191 0.682250
vt 0.096728 0.682250
vt 0.167191 0.564698
vt 0.167191 0.682250
vt 0.096728 0.564698
vt 0.096728 0.682250
vt 0.167191 0.752817
vt 0.096728 0.752817
vt 0.167191 0.682250
vt 0.167191 0.752817
vt 0.096728 0.682250
vt 0.096728 0.000344
vt 0.167191 0.070910
vt 0.096728 0.070910
vt 0.167191 0.000344
vt 0.167191 0.070910
vt 0.096728 0.000344
vt 0.096728 0.070910
vt 0.167191 0.188462
vt 0.096728 0.188462
vt 0.167191 0.070910
vt 0.167191 0.188462
vt 0.096728 0.070910
vt 0.096728 0.188462
vt 0.167191 0.306014
vt 0.096728 0.306014
vt 0.167191 0.188462
vt 0.167191 0.306014
vt 0.096728 0.188462
vt 0.096728 0.306014
vt 0.167191 0.376580
vt 0.096728 0.376580
vt 0.167191 0.306014
vt 0.167191 0.376580
vt 0.096728 0.306014
vt 0.999656 0.637470
vt 0.957892 0.577721
vt 0.999656 0.577721
vt 0.957892 0.637470
vt 0.957892 0.577721
vt 0.999656 0.637470
vt 0.999656 0.577721
vt 0.957892 0.478189
vt 0.999656 0.478189
vt 0.957892 0.577721
vt 0.957892 0.478189
vt 0.999656 0.577721
vt 0.999656 0.478189
vt 0.957892 0.378656
vt 0.999656 0.378656
vt 0.957892 0.478189
vt 0.957892 0.378656
vt 0.999656 0.478189
vt 0.999656 0.378656
vt 0.957892 0.318907
vt 0.999656 0.318907
vt 0.957892 0.378656
vt 0.957892 0.318907
vt 0.999656 0.378656
vt 0.999656 0.318907
vt 0.957892 0.259158
vt 0.999656 0.259158
vt 0.957892 0.318907
vt 0.957892 0.259158
vt 0.999656 0.318907
vt 0.999656 0.259158
vt 0.957892 0.159626
vt 0.999656 0.159626
vt 0.957892 0.259158
vt 0.957892 0.159626
vt 0.999656 0.259158
vt 0.999656 0.159626
vt 0.957892 0.060093
vt 0.999656 0.060093
vt 0.957892 0.159626
vt 0.957892 0.060093
vt 0.999656 0.159626
vt 0.999656 0.060093
vt 0.957892 0.000344
vt 0.999656 0.000344
vt 0.957892 0.060093
vt 0.957892 0.000344
vt 0.999656 0.060093
vt 0.485616 0.101046
vt 0.463086 0.175968
vt 0.463086 0.106296
vt 0.463086 0.175968
vt 0.438056 0.236744
vt 0.429794 0.201284
vt 0.463086 0.175968
vt 0.485616 0.200579
vt 0.438056 0.236744
vt 0.388740 0.193290
vt 0.429794 0.201284
vt 0.438056 0.236744
vt 0.335415 0.136042
vt 0.388740 0.193290
vt 0.379408 0.225325
vt 0.485616 0.101046
vt 0.485616 0.200579
vt 0.463086 0.175968
vt 0.388740 0.193290
vt 0.438056 0.236744
vt 0.379408 0.225325
vt 0.335415 0.136042
vt 0.357945 0.130793
vt 0.388740 0.193290
vt 0.485616 0.101046
vt 0.463086 0.106296
vt 0.432291 0.043798
vt 0.357945 0.130793
vt 0.335415 0.136042
vt 0.357945 0.061120
vt 0.485616 0.101046
vt 0.432291 0.043798
vt 0.441623 0.011764
vt 0.357945 0.061120
vt 0.335415 0.136042
vt 0.335415 0.036510
vt 0.441623 0.011764
vt 0.432291 0.043798
vt 0.391238 0.035804
vt 0.357945 0.061120
vt 0.335415 0.036510
vt 0.391238 0.035804
vt 0.441623 0.011764
vt 0.391238 0.035804
vt 0.382976 0.000344
vt 0.018114 0.442812
vt 0.000344 0.480408
vt 0.007209 0.438236
vt 0.391238 0.035804
vt 0.335415 0.036510
vt 0.382976 0.000344
vt 0.000344 0.480408
vt 0.019593 0.488688
vt 0.013368 0.496703
vt 0.000344 0.480408
vt 0.016519 0.481439
vt 0.019593 0.488688
vt 0.032722 0.505766
vt 0.013368 0.496703
vt 0.019593 0.488688
vt 0.063527 0.475256
vt 0.032722 0.505766
vt 0.026995 0.490010
vt 0.018114 0.442812
vt 0.016519 0.481439
vt 0.000344 0.480408
vt 0.032722 0.505766
vt 0.019593 0.488688
vt 0.026995 0.490010
vt 0.063527 0.475256
vt 0.071868 0.484360
vt 0.032722 0.505766
vt 0.018114 0.442812
vt 0.007209 0.438236
vt 0.032513 0.403703
vt 0.071868 0.484360
vt 0.063527 0.475256
vt 0.096728 0.447147
vt 0.018114 0.442812
vt 0.032513 0.403703
vt 0.044443 0.414725
vt 0.096728 0.447147
vt 0.063527 0.475256
vt 0.081480 0.439738
vt 0.044443 0.414725
vt 0.032513 0.403703
vt 0.096728 0.376580
vt 0.096728 0.447147
vt 0.081480 0.439738
vt 0.096728 0.376580
vt 0.044443 0.414725
vt 0.096728 0.376580
vt 0.066059 0.421483
vt 0.096728 0.376580
vt 0.081480 0.439738
vt 0.066059 0.421483
vt 0.096728 0.376580
vt 0.167191 0.447147
vt 0.096728 0.447147
vt 0.167191 0.376580
vt 0.167191 0.447147
vt 0.096728 0.376580
vt 0.096728 0.447147
vt 0.167191 0.564698
vt 0.096728 0.564698
vt 0.167191 0.447147
vt 0.167191 0.564698
vt 0.096728 0.447147
vt 0.096728 0.564698
vt 0.167191 0.682250
vt 0.096728 0.682250
vt 0.167191 0.564698
vt 0.167191 0.682250
vt 0.096728 0.564698
vt 0.096728 0.682250
vt 0.167191 0.752817
vt 0.096728 0.752817
vt 0.167191 0.682250
vt 0.167191 0.752817
vt 0.096728 0.682250
vt 0.096728 0.000344
vt 0.167191 0.070910
vt 0.096728 0.070910
vt 0.167191 0.000344
vt 0.167191 0.070910
vt 0.096728 0.000344
vt 0.096728 0.070910
vt 0.167191 0.188462
vt 0.096728 0.188462
vt 0.167191 0.070910
vt 0.167191 0.188462
vt 0.096728 0.070910
vt 0.096728 0.188462
vt 0.167191 0.306014
vt 0.096728 0.306014
vt 0.167191 0.188462
vt 0.167191 0.306014
vt 0.096728 0.188462
vt 0.096728 0.306014
vt 0.167191 0.376580
vt 0.096728 0.376580
vt 0.167191 0.306014
vt 0.167191 0.376580
vt 0.096728 0.306014
vt 0.999656 0.637470
vt 0.957892 0.577721
vt 0.999656 0.577721
vt 0.957892 0.637470
vt 0.957892 0.577721
vt 0.999656 0.637470
vt 0.999656 0.577721
vt 0.957892 0.478189
vt 0.999656 0.478189
vt 0.957892 0.577721
vt 0.957892 0.478189
vt 0.999656 0.577721
vt 0.999656 0.478189
vt 0.957892 0.378656
vt 0.999656 0.378656
vt 0.957892 0.478189
vt 0.957892 0.378656
vt 0.999656 0.478189
vt 0.999656 0.378656
vt 0.957892 0.318907
vt 0.999656 0.318907
vt 0.957892 0.378656
vt 0.957892 0.318907
vt 0.999656 0.378656
vt 0.999656 0.318907
vt 0.957892 0.259158
vt 0.999656 0.259158
vt 0.957892 0.318907
vt 0.957892 0.259158
vt 0.999656 0.318907
vt 0.999656 0.259158
vt 0.957892 0.159626
vt 0.999656 0.159626
vt 0.957892 0.259158
vt 0.957892 0.159626
vt 0.999656 0.259158
vt 0.999656 0.159626
vt 0.957892 0.060093
vt 0.999656 0.060093
vt 0.957892 0.159626
vt 0.957892 0.060093
vt 0.999656 0.159626
vt 0.999656 0.060093
vt 0.957892 0.000344
vt 0.999656 0.000344
vt 0.957892 0.060093
vt 0.957892 0.000344
vt 0.999656 0.060093
vt 0.485616 0.101046
vt 0.463086 0.175968
vt 0.463086 0.106296
vt 0.463086 0.175968
vt 0.438056 0.236744
vt 0.429794 0.201284
vt 0.463086 0.175968
vt 0.485616 0.200579
vt 0.438056 0.236744
vt 0.388740 0.193290
vt 0.429794 0.201284
vt 0.438056 0.236744
vt 0.335415 0.136042
vt 0.388740 0.193290
vt 0.379408 0.225325
vt 0.485616 0.101046
vt 0.485616 0.200579
vt 0.463086 0.175968
vt 0.388740 0.193290
vt 0.438056 0.236744
vt 0.379408 0.225325
vt 0.335415 0.136042
vt 0.357945 0.130793
vt 0.388740 0.193290
vt 0.485616 0.101046
vt 0.463086 0.106296
vt 0.432291 0.043798
vt 0.357945 0.130793
vt 0.335415 0.136042
vt 0.357945 0.061120
vt 0.485616 0.101046
vt 0.432291 0.043798
vt 0.441623 0.011764
vt 0.357945 0.061120
vt 0.335415 0.136042
vt 0.335415 0.036510
vt 0.441623 0.011764
vt 0.432291 0.043798
vt 0.391238 0.035804
vt 0.357945 0.061120
vt 0.335415 0.036510
vt 0.391238 0.035804
vt 0.441623 0.011764
vt 0.391238 0.035804
vt 0.382976 0.000344
vt 0.018114 0.442812
vt 0.000344 0.480408
vt 0.007209 0.438236
vt 0.391238 0.035804
vt 0.335415 0.036510
vt 0.382976 0.000344
vt 0.000344 0.480408
vt 0.019593 0.488688
vt 0.013368 0.496703
vt 0.000344 0.480408
vt 0.016519 0.481439
vt 0.019593 0.488688
vt 0.032722 0.505766
vt 0.013368 0.496703
vt 0.019593 0.488688
vt 0.063527 0.475256
vt 0.032722 0.505766
vt 0.026995 0.490010
vt 0.018114 0.442812
vt 0.016519 0.481439
vt 0.000344 0.480408
vt 0.032722 0.505766
vt 0.019593 0.488688
vt 0.026995 0.490010
vt 0.063527 0.475256
vt 0.071868 0.484360
vt 0.032722 0.505766
vt 0.018114 0.442812
vt 0.007209 0.438236
vt 0.032513 0.403703
vt 0.071868 0.484360
vt 0.063527 0.475256
vt 0.096728 0.447147
vt 0.018114 0.442812
vt 0.032513 0.403703
vt 0.044443 0.414725
vt 0.096728 0.447147
vt 0.063527 0.475256
vt 0.081480 0.439738
vt 0.044443 0.414725
vt 0.032513 0.403703
vt 0.096728 0.376580
vt 0.096728 0.447147
vt 0.081480 0.439738
vt 0.096728 0.376580
vt 0.044443 0.414725
vt 0.096728 0.376580
vt 0.066059 0.421483
vt 0.096728 0.376580
vt 0.081480 0.439738
vt 0.066059 0.421483
vt 0.096728 0.376580
vt 0.167191 0.447147
vt 0.096728 0.447147
vt 0.167191 0.376580
vt 0.167191 0.447147
vt 0.096728 0.376580
vt 0.096728 0.447147
vt 0.167191 0.564698
vt 0.096728 0.564698
vt 0.167191 0.447147
vt 0.167191 0.564698
vt 0.096728 0.447147
vt 0.096728 0.564698
vt 0.167191 0.682250
vt 0.096728 0.682250
vt 0.167191 0.564698
vt 0.167191 0.682250
vt 0.096728 0.564698
vt 0.096728 0.682250
vt 0.167191 0.752817
vt 0.096728 0.752817
vt 0.167191 0.682250
vt 0.167191 0.752817
vt 0.096728 0.682250
vt 0.096728 0.000344
vt 0.167191 0.070910
vt 0.096728 0.070910
vt 0.167191 0.000344
vt 0.167191 0.070910
vt 0.096728 0.000344
vt 0.096728 0.070910
vt 0.167191 0.188462
vt 0.096728 0.188462
vt 0.167191 0.070910
vt 0.167191 0.188462
vt 0.096728 0.070910
vt 0.096728 0.188462
vt 0.167191 0.306014
vt 0.096728 0.306014
vt 0.167191 0.188462
vt 0.167191 0.306014
vt 0.096728 0.188462
vt 0.096728 0.306014
vt 0.167191 0.376580
vt 0.096728 0.376580
vt 0.167191 0.306014
vt 0.167191 0.376580
vt 0.096728 0.306014
vt 0.999656 0.637470
vt 0.957892 0.577721
vt 0.999656 0.577721
vt 0.957892 0.637470
vt 0.957892 0.577721
vt 0.999656 0.637470
vt 0.999656 0.577721
vt 0.957892 0.478189
vt 0.999656 0.478189
vt 0.957892 0.577721
vt 0.957892 0.478189
vt 0.999656 0.577721
vt 0.999656 0.478189
vt 0.957892 0.378656
vt 0.999656 0.378656
vt 0.957892 0.478189
vt 0.957892 0.378656
vt 0.999656 0.478189
vt 0.999656 0.378656
vt 0.957892 0.318907
vt 0.999656 0.318907
vt 0.957892 0.378656
vt 0.957892 0.318907
vt 0.999656 0.378656
vt 0.999656 0.318907
vt 0.957892 0.259158
vt 0.999656 0.259158
vt 0.957892 0.318907
vt 0.957892 0.259158
vt 0.999656 0.318907
vt 0.999656 0.259158
vt 0.957892 0.159626
vt 0.999656 0.159626
vt 0.957892 0.259158
vt 0.957892 0.159626
vt 0.999656 0.259158
vt 0.999656 0.159626
vt 0.957892 0.060093
vt 0.999656 0.060093
vt 0.957892 0.159626
vt 0.957892 0.060093
vt 0.999656 0.159626
vt 0.999656 0.060093
vt 0.957892 0.000344
vt 0.999656 0.000344
vt 0.957892 0.060093
vt 0.957892 0.000344
vt 0.999656 0.060093
vt 0.485616 0.101046
vt 0.463086 0.175968
vt 0.463086 0.106296
vt 0.463086 0.175968
vt 0.438056 0.236744
vt 0.429794 0.201284
vt 0.463086 0.175968
vt 0.485616 0.200579
vt 0.438056 0.236744
vt 0.388740 0.193290
vt 0.429794 0.201284
vt 0.438056 0.236744
vt 0.335415 0.136042
vt 0.388740 0.193290
vt 0.379408 0.225325
vt 0.485616 0.101046
vt 0.485616 0.200579
vt 0.463086 0.175968
vt 0.388740 0.193290
vt 0.438056 0.236744
vt 0.379408 0.225325
vt 0.335415 0.136042
vt 0.357945 0.130793
vt 0.388740 0.193290
vt 0.485616 0.101046
vt 0.463086 0.106296
vt 0.432291 0.043798
vt 0.357945 0.130793
vt 0.335415 0.136042
vt 0.357945 0.061120
vt 0.485616 0.101046
vt 0.432291 0.043798
vt 0.441623 0.011764
vt 0.357945 0.061120
vt 0.335415 0.136042
vt 0.335415 0.036510
vt 0.441623 0.011764
vt 0.432291 0.043798
vt 0.391238 0.035804
vt 0.357945 0.061120
vt 0.335415 0.036510
vt 0.391238 0.035804
vt 0.441623 0.011764
vt 0.391238 0.035804
vt 0.382976 0.000344
vt 0.018114 0.442812
vt 0.000344 0.480408
vt 0.007209 0.438236
vt 0.391238 0.035804
vt 0.335415 0.036510
vt 0.382976 0.000344
vt 0.000344 0.480408
vt 0.019593 0.488688
vt 0.013368 0.496703
vt 0.000344 0.480408
vt 0.016519 0.481439
vt 0.019593 0.488688
vt 0.032722 0.505766
vt 0.013368 0.496703
vt 0.019593 0.488688
vt 0.063527 0.475256
vt 0.032722 0.505766
vt 0.026995 0.490010
vt 0.018114 0.442812
vt 0.016519 0.481439
vt 0.000344 0.480408
vt 0.032722 0.505766
vt 0.019593 0.488688
vt 0.026995 0.490010
vt 0.063527 0.475256
vt 0.071868 0.484360
vt 0.032722 0.505766
vt 0.018114 0.442812
vt 0.007209 0.438236
vt 0.032513 0.403703
vt 0.071868 0.484360
vt 0.063527 0.475256
vt 0.096728 0.447147
vt 0.018114 0.442812
vt 0.032513 0.403703
vt 0.044443 0.414725
vt 0.096728 0.447147
vt 0.063527 0.475256
vt 0.081480 0.439738
vt 0.044443 0.414725
vt 0.032513 0.403703
vt 0.096728 0.376580
vt 0.096728 0.447147
vt 0.081480 0.439738
vt 0.096728 0.376580
vt 0.044443 0.414725
vt 0.096728 0.376580
vt 0.066059 0.421483
vt 0.096728 0.376580
vt 0.081480 0.439738
vt 0.066059 0.421483
vt 0.096728 0.376580
vt 0.167191 0.447147
vt 0.096728 0.447147
vt 0.167191 0.376580
vt 0.167191 0.447147
vt 0.096728 0.376580
vt 0.096728 0.447147
vt 0.167191 0.564698
vt 0.096728 0.564698
vt 0.167191 0.447147
vt 0.167191 0.564698
vt 0.096728 0.447147
vt 0.096728 0.564698
vt 0.167191 0.682250
vt 0.096728 0.682250
vt 0.167191 0.564698
vt 0.167191 0.682250
vt 0.096728 0.564698
vt 0.096728 0.682250
vt 0.167191 0.752817
vt 0.096728 0.752817
vt 0.167191 0.682250
vt 0.167191 0.752817
vt 0.096728 0.682250
vt 0.096728 0.000344
vt 0.167191 0.070910
vt 0.096728 0.070910
vt 0.167191 0.000344
vt 0.167191 0.070910
vt 0.096728 0.000344
vt 0.096728 0.070910
vt 0.167191 0.188462
vt 0.096728 0.188462
vt 0.167191 0.070910
vt 0.167191 0.188462
vt 0.096728 0.070910
vt 0.096728 0.188462
vt 0.167191 0.306014
vt 0.096728 0.306014
vt 0.167191 0.188462
vt 0.167191 0.306014
vt 0.096728 0.188462
vt 0.096728 0.306014
vt 0.167191 0.376580
vt 0.096728 0.376580
vt 0.167191 0.306014
vt 0.167191 0.376580
vt 0.096728 0.306014
vt 0.999656 0.637470
vt 0.957892 0.577721
vt 0.999656 0.577721
vt 0.957892 0.637470
vt 0.957892 0.577721
vt 0.999656 0.637470
vt 0.999656 0.577721
vt 0.957892 0.478189
vt 0.999656 0.478189
vt 0.957892 0.577721
vt 0.957892 0.478189
vt 0.999656 0.577721
vt 0.999656 0.478189
vt 0.957892 0.378656
vt 0.999656 0.378656
vt 0.957892 0.478189
vt 0.957892 0.378656
vt 0.999656 0.478189
vt 0.999656 0.378656
vt 0.957892 0.318907
vt 0.999656 0.318907
vt 0.957892 0.378656
vt 0.957892 0.318907
vt 0.999656 0.378656
vt 0.999656 0.318907
vt 0.957892 0.259158
vt 0.999656 0.259158
vt 0.957892 0.318907
vt 0.957892 0.259158
vt 0.999656 0.318907
vt 0.999656 0.259158
vt 0.957892 0.159626
vt 0.999656 0.159626
vt 0.957892 0.259158
vt 0.957892 0.159626
vt 0.999656 0.259158
vt 0.999656 0.159626
vt 0.957892 0.060093
vt 0.999656 0.060093
vt 0.957892 0.159626
vt 0.957892 0.060093
vt 0.999656 0.159626
vt 0.999656 0.060093
vt 0.957892 0.000344
vt 0.999656 0.000344
vt 0.957892 0.060093
vt 0.957892 0.000344
vt 0.999656 0.060093
vt 0.485616 0.101046
vt 0.463086 0.175968
vt 0.463086 0.106296
vt 0.463086 0.175968
vt 0.438056 0.236744
vt 0.429794 0.201284
vt 0.463086 0.175968
vt 0.485616 0.200579
vt 0.438056 0.236744
vt 0.388740 0.193290
vt 0.429794 0.201284
vt 0.438056 0.236744
vt 0.335415 0.136042
vt 0.388740 0.193290
vt 0.379408 0.225325
vt 0.485616 0.101046
vt 0.485616 0.200579
vt 0.463086 0.175968
vt 0.388740 0.193290
vt 0.438056 0.236744
vt 0.379408 0.225325
vt 0.335415 0.136042
vt 0.357945 0.130793
vt 0.388740 0.193290
vt 0.485616 0.101046
vt 0.463086 0.106296
vt 0.432291 0.043798
vt 0.357945 0.130793
vt 0.335415 0.136042
vt 0.357945 0.061120
vt 0.485616 0.101046
vt 0.432291 0.043798
vt 0.441623 0.011764
vt 0.357945 0.061120
vt 0.335415 0.136042
vt 0.335415 0.036510
vt 0.441623 0.011764
vt 0.432291 0.043798
vt 0.391238 0.035804
vt 0.357945 0.061120
vt 0.335415 0.036510
vt 0.391238 0.035804
vt 0.441623 0.011764
vt 0.391238 0.035804
vt 0.382976 0.000344
vt 0.018114 0.442812
vt 0.000344 0.480408
vt 0.007209 0.438236
vt 0.391238 0.035804
vt 0.335415 0.036510
vt 0.382976 0.000344
vt 0.000344 0.480408
vt 0.019593 0.488688
vt 0.013368 0.496703
vt 0.000344 0.480408
vt 0.016519 0.481439
vt 0.019593 0.488688
vt 0.032722 0.505766
vt 0.013368 0.496703
vt 0.019593 0.488688
vt 0.063527 0.475256
vt 0.032722 0.505766
vt 0.026995 0.490010
vt 0.018114 0.442812
vt 0.016519 0.481439
vt 0.000344 0.480408
vt 0.032722 0.505766
vt 0.019593 0.488688
vt 0.026995 0.490010
vt 0.063527 0.475256
vt 0.071868 0.484360
vt 0.032722 0.505766
vt 0.018114 0.442812
vt 0.007209 0.438236
vt 0.032513 0.403703
vt 0.071868 0.484360
vt 0.063527 0.475256
vt 0.096728 0.447147
vt 0.018114 0.442812
vt 0.032513 0.403703
vt 0.044443 0.414725
vt 0.096728 0.447147
vt 0.063527 0.475256
vt 0.081480 0.439738
vt 0.044443 0.414725
vt 0.032513 0.403703
vt 0.096728 0.376580
vt 0.096728 0.447147
vt 0.081480 0.439738
vt 0.096728 0.376580
vt 0.044443 0.414725
vt 0.096728 0.376580
vt 0.066059 0.421483
vt 0.096728 0.376580
vt 0.081480 0.439738
vt 0.066059 0.421483
vt 0.096728 0.376580
vt 0.167191 0.447147
vt 0.096728 0.447147
vt 0.167191 0.376580
vt 0.167191 0.447147
vt 0.096728 0.376580
vt 0.096728 0.447147
vt 0.167191 0.564698
vt 0.096728 0.564698
vt 0.167191 0.447147
vt 0.167191 0.564698
vt 0.096728 0.447147
vt 0.096728 0.564698
vt 0.167191 0.682250
vt 0.096728 0.682250
vt 0.167191 0.564698
vt 0.167191 0.682250
vt 0.096728 0.564698
vt 0.096728 0.682250
vt 0.167191 0.752817
vt 0.096728 0.752817
vt 0.167191 0.682250
vt 0.167191 0.752817
vt 0.096728 0.682250
vt 0.096728 0.000344
vt 0.167191 0.070910
vt 0.096728 0.070910
vt 0.167191 0.000344
vt 0.167191 0.070910
vt 0.096728 0.000344
vt 0.096728 0.070910
vt 0.167191 0.188462
vt 0.096728 0.188462
vt 0.167191 0.070910
vt 0.167191 0.188462
vt 0.096728 0.070910
vt 0.096728 0.188462
vt 0.167191 0.306014
vt 0.096728 0.306014
vt 0.167191 0.188462
vt 0.167191 0.306014
vt 0.096728 0.188462
vt 0.096728 0.306014
vt 0.167191 0.376580
vt 0.096728 0.376580
vt 0.167191 0.306014
vt 0.167191 0.376580
vt 0.096728 0.306014
vt 0.999656 0.637470
vt 0.957892 0.577721
vt 0.999656 0.577721
vt 0.957892 0.637470
vt 0.957892 0.577721
vt 0.999656 0.637470
vt 0.999656 0.577721
vt 0.957892 0.478189
vt 0.999656 0.478189
vt 0.957892 0.577721
vt 0.957892 0.478189
vt 0.999656 0.577721
vt 0.999656 0.478189
vt 0.957892 0.378656
vt 0.999656 0.378656
vt 0.957892 0.478189
vt 0.957892 0.378656
vt 0.999656 0.478189
vt 0.999656 0.378656
vt 0.957892 0.318907
vt 0.999656 0.318907
vt 0.957892 0.378656
vt 0.957892 0.318907
vt 0.999656 0.378656
vt 0.999656 0.318907
vt 0.957892 0.259158
vt 0.999656 0.259158
vt 0.957892 0.318907
vt 0.957892 0.259158
vt 0.999656 0.318907
vt 0.999656 0.259158
vt 0.957892 0.159626
vt 0.999656 0.159626
vt 0.957892 0.259158
vt 0.957892 0.159626
vt 0.999656 0.259158
vt 0.999656 0.159626
vt 0.957892 0.060093
vt 0.999656 0.060093
vt 0.957892 0.159626
vt 0.957892 0.060093
vt 0.999656 0.159626
vt 0.999656 0.060093
vt 0.957892 0.000344
vt 0.999656 0.000344
vt 0.957892 0.060093
vt 0.957892 0.000344
vt 0.999656 0.060093
vt 0.485616 0.101046
vt 0.463086 0.175968
vt 0.463086 0.106296
vt 0.463086 0.175968
vt 0.438056 0.236744
vt 0.429794 0.201284
vt 0.463086 0.175968
vt 0.485616 0.200579
vt 0.438056 0.236744
vt 0.388740 0.193290
vt 0.429794 0.201284
vt 0.438056 0.236744
vt 0.335415 0.136042
vt 0.388740 0.193290
vt 0.379408 0.225325
vt 0.485616 0.101046
vt 0.485616 0.200579
vt 0.463086 0.175968
vt 0.388740 0.193290
vt 0.438056 0.236744
vt 0.379408 0.225325
vt 0.335415 0.136042
vt 0.357945 0.130793
vt 0.388740 0.193290
vt 0.485616 0.101046
vt 0.463086 0.106296
vt 0.432291 0.043798
vt 0.357945 0.130793
vt 0.335415 0.136042
vt 0.357945 0.061120
vt 0.485616 0.101046
vt 0.432291 0.043798
vt 0.441623 0.011764
vt 0.357945 0.061120
vt 0.335415 0.136042
vt 0.335415 0.036510
vt 0.441623 0.011764
vt 0.432291 0.043798
vt 0.391238 0.035804
vt 0.357945 0.061120
vt 0.335415 0.036510
vt 0.391238 0.035804
vt 0.441623 0.011764
vt 0.391238 0.035804
vt 0.382976 0.000344
vt 0.018114 0.442812
vt 0.000344 0.480408
vt 0.007209 0.438236
vt 0.391238 0.035804
vt 0.335415 0.036510
vt 0.382976 0.000344
vt 0.000344 0.480408
vt 0.019593 0.488688
vt 0.013368 0.496703
vt 0.000344 0.480408
vt 0.016519 0.481439
vt 0.019593 0.488688
vt 0.032722 0.505766
vt 0.013368 0.496703
vt 0.019593 0.488688
vt 0.063527 0.475256
vt 0.032722 0.505766
vt 0.026995 0.490010
vt 0.018114 0.442812
vt 0.016519 0.481439
vt 0.000344 0.480408
vt 0.032722 0.505766
vt 0.019593 0.488688
vt 0.026995 0.490010
vt 0.063527 0.475256
vt 0.071868 0.484360
vt 0.032722 0.505766
vt 0.018114 0.442812
vt 0.007209 0.438236
vt 0.032513 0.403703
vt 0.071868 0.484360
vt 0.063527 0.475256
vt 0.096728 0.447147
vt 0.018114 0.442812
vt 0.032513 0.403703
vt 0.044443 0.414725
vt 0.096728 0.447147
vt 0.063527 0.475256
vt 0.081480 0.439738
vt 0.044443 0.414725
vt 0.032513 0.403703
vt 0.096728 0.376580
vt 0.096728 0.447147
vt 0.081480 0.439738
vt 0.096728 0.376580
vt 0.044443 0.414725
vt 0.096728 0.376580
vt 0.066059 0.421483
vt 0.096728 0.376580
vt 0.081480 0.439738
vt 0.066059 0.421483
vt 0.096728 0.376580
vt 0.167191 0.447147
vt 0.096728 0.447147
vt 0.167191 0.376580
vt 0.167191 0.447147
vt 0.096728 0.376580
vt 0.096728 0.447147
vt 0.167191 0.564698
vt 0.096728 0.564698
vt 0.167191 0.447147
vt 0.167191 0.564698
vt 0.096728 0.447147
vt 0.096728 0.564698
vt 0.167191 0.682250
vt 0.096728 0.682250
vt 0.167191 0.564698
vt 0.167191 0.682250
vt 0.096728 0.564698
vt 0.096728 0.682250
vt 0.167191 0.752817
vt 0.096728 0.752817
vt 0.167191 0.682250
vt 0.167191 0.752817
vt 0.096728 0.682250
vt 0.096728 0.000344
vt 0.167191 0.070910
vt 0.096728 0.070910
vt 0.167191 0.000344
vt 0.167191 0.070910
vt 0.096728 0.000344
vt 0.096728 0.070910
vt 0.167191 0.188462
vt 0.096728 0.188462
vt 0.167191 0.070910
vt 0.167191 0.188462
vt 0.096728 0.070910
vt 0.096728 0.188462
vt 0.167191 0.306014
vt 0.096728 0.306014
vt 0.167191 0.188462
vt 0.167191 0.306014
vt 0.096728 0.188462
vt 0.096728 0.306014
vt 0.167191 0.376580
vt 0.096728 0.376580
vt 0.167191 0.306014
vt 0.167191 0.376580
vt 0.096728 0.306014
vt 0.999656 0.637470
vt 0.957892 0.577721
vt 0.999656 0.577721
vt 0.957892 0.637470
vt 0.957892 0.577721
vt 0.999656 0.637470
vt 0.999656 0.577721
vt 0.957892 0.478189
vt 0.999656 0.478189
vt 0.957892 0.577721
vt 0.957892 0.478189
vt 0.999656 0.577721
vt 0.999656 0.478189
vt 0.957892 0.378656
vt 0.999656 0.378656
vt 0.957892 0.478189
vt 0.957892 0.378656
vt 0.999656 0.478189
vt 0.999656 0.378656
vt 0.957892 0.318907
vt 0.999656 0.318907
vt 0.957892 0.378656
vt 0.957892 0.318907
vt 0.999656 0.378656
vt 0.999656 0.318907
vt 0.957892 0.259158
vt 0.999656 0.259158
vt 0.957892 0.318907
vt 0.957892 0.259158
vt 0.999656 0.318907
vt 0.999656 0.259158
vt 0.957892 0.159626
vt 0.999656 0.159626
vt 0.957892 0.259158
vt 0.957892 0.159626
vt 0.999656 0.259158
vt 0.999656 0.159626
vt 0.957892 0.060093
vt 0.999656 0.060093
vt 0.957892 0.159626
vt 0.957892 0.060093
vt 0.999656 0.159626
vt 0.999656 0.060093
vt 0.957892 0.000344
vt 0.999656 0.000344
vt 0.957892 0.060093
vt 0.957892 0.000344
vt 0.999656 0.060093
vt 0.485616 0.101046
vt 0.463086 0.175968
vt 0.463086 0.106296
vt 0.463086 0.175968
vt 0.438056 0.236744
vt 0.429794 0.201284
vt 0.463086 0.175968
vt 0.485616 0.200579
vt 0.438056 0.236744
vt 0.388740 0.193290
vt 0.429794 0.201284
vt 0.438056 0.236744
vt 0.335415 0.136042
vt 0.388740 0.193290
vt 0.379408 0.225325
vt 0.485616 0.101046
vt 0.485616 0.200579
vt 0.463086 0.175968
vt 0.388740 0.193290
vt 0.438056 0.236744
vt 0.379408 0.225325
vt 0.335415 0.136042
vt 0.357945 0.130793
vt 0.388740 0.193290
vt 0.485616 0.101046
vt 0.463086 0.106296
vt 0.432291 0.043798
vt 0.357945 0.130793
vt 0.335415 0.136042
vt 0.357945 0.061120
vt 0.485616 0.101046
vt 0.432291 0.043798
vt 0.441623 0.011764
vt 0.357945 0.061120
vt 0.335415 0.136042
vt 0.335415 0.036510
vt 0.441623 0.011764
vt 0.432291 0.043798
vt 0.391238 0.035804
vt 0.357945 0.061120
vt 0.335415 0.036510
vt 0.391238 0.035804
vt 0.441623 0.011764
vt 0.391238 0.035804
vt 0.382976 0.000344
vt 0.018114 0.442812
vt 0.000344 0.480408
vt 0.007209 0.438236
vt 0.391238 0.035804
vt 0.335415 0.036510
vt 0.382976 0.000344
vt 0.000344 0.480408
vt 0.019593 0.488688
vt 0.013368 0.496703
vt 0.000344 0.480408
vt 0.016519 0.481439
vt 0.019593 0.488688
vt 0.032722 0.505766
vt 0.013368 0.496703
vt 0.019593 0.488688
vt 0.063527 0.475256
vt 0.032722 0.505766
vt 0.026995 0.490010
vt 0.018114 0.442812
vt 0.016519 0.481439
vt 0.000344 0.480408
vt 0.032722 0.505766
vt 0.019593 0.488688
vt 0.026995 0.490010
vt 0.063527 0.475256
vt 0.071868 0.484360
vt 0.032722 0.505766
vt 0.018114 0.442812
vt 0.007209 0.438236
vt 0.032513 0.403703
vt 0.071868 0.484360
vt 0.063527 0.475256
vt 0.096728 0.447147
vt 0.018114 0.442812
vt 0.032513 0.403703
vt 0.044443 0.414725
vt 0.096728 0.447147
vt 0.063527 0.475256
vt 0.081480 0.439738
vt 0.044443 0.414725
vt 0.032513 0.403703
vt 0.096728 0.376580
vt 0.096728 0.447147
vt 0.081480 0.439738
vt 0.096728 0.376580
vt 0.044443 0.414725
vt 0.096728 0.376580
vt 0.066059 0.421483
vt 0.096728 0.376580
vt 0.081480 0.439738
vt 0.066059 0.421483
vt 0.096728 0.376580
vt 0.167191 0.447147
vt 0.096728 0.447147
vt 0.167191 0.376580
vt 0.167191 0.447147
vt 0.096728 0.376580
vt 0.096728 0.447147
vt 0.167191 0.564698
vt 0.096728 0.564698
vt 0.167191 0.447147
vt 0.167191 0.564698
vt 0.096728 0.447147
vt 0.096728 0.564698
vt 0.167191 0.682250
vt 0.096728 0.682250
vt 0.167191 0.564698
vt 0.167191 0.682250
vt 0.096728 0.564698
vt 0.096728 0.682250
vt 0.167191 0.752817
vt 0.096728 0.752817
vt 0.167191 0.682250
vt 0.167191 0.752817
vt 0.096728 0.682250
vt 0.096728 0.000344
vt 0.167191 0.070910
vt 0.096728 0.070910
vt 0.167191 0.000344
vt 0.167191 0.070910
vt 0.096728 0.000344
vt 0.096728 0.070910
vt 0.167191 0.188462
vt 0.096728 0.188462
vt 0.167191 0.070910
vt 0.167191 0.188462
vt 0.096728 0.070910
vt 0.096728 0.188462
vt 0.167191 0.306014
vt 0.096728 0.306014
vt 0.167191 0.188462
vt 0.167191 0.306014
vt 0.096728 0.188462
vt 0.096728 0.306014
vt 0.167191 0.376580
vt 0.096728 0.376580
vt 0.167191 0.306014
vt 0.167191 0.376580
vt 0.096728 0.306014
vt 0.999656 0.637470
vt 0.957892 0.577721
vt 0.999656 0.577721
vt 0.957892 0.637470
vt 0.957892 0.577721
vt 0.999656 0.637470
vt 0.999656 0.577721
vt 0.957892 0.478189
vt 0.999656 0.478189
vt 0.957892 0.577721
vt 0.957892 0.478189
vt 0.999656 0.577721
vt 0.999656 0.478189
vt 0.957892 0.378656
vt 0.999656 0.378656
vt 0.957892 0.478189
vt 0.957892 0.378656
vt 0.999656 0.478189
vt 0.999656 0.378656
vt 0.957892 0.318907
vt 0.999656 0.318907
vt 0.957892 0.378656
vt 0.957892 0.318907
vt 0.999656 0.378656
vt 0.999656 0.318907
vt 0.957892 0.259158
vt 0.999656 0.259158
vt 0.957892 0.318907
vt 0.957892 0.259158
vt 0.999656 0.318907
vt 0.999656 0.259158
vt 0.957892 0.159626
vt 0.999656 0.159626
vt 0.957892 0.259158
vt 0.957892 0.159626
vt 0.999656 0.259158
vt 0.999656 0.159626
vt 0.957892 0.060093
vt 0.999656 0.060093
vt 0.957892 0.159626
vt 0.957892 0.060093
vt 0.999656 0.159626
vt 0.999656 0.060093
vt 0.957892 0.000344
vt 0.999656 0.000344
vt 0.957892 0.060093
vt 0.957892 0.000344
vt 0.999656 0.060093
vt 0.530535 0.199256
vt 0.556868 0.262829
vt 0.530535 0.236496
vt 0.530535 0.081117
vt 0.605495 0.131684
vt 0.540102 0.131684
vt 0.615063 0.081117
vt 0.605495 0.131684
vt 0.530535 0.081117
vt 0.705918 0.207340
vt 0.654601 0.247453
vt 0.640525 0.207340
vt 0.691842 0.247453
vt 0.654601 0.247453
vt 0.705918 0.207340
vt 0.594108 0.172923
vt 0.530535 0.199256
vt 0.556868 0.172923
vt 0.805420 0.132277
vt 0.880381 0.182843
vt 0.814987 0.182844
vt 0.889948 0.132277
vt 0.880381 0.182843
vt 0.805420 0.132277
vt 0.455318 0.204008
vt 0.404002 0.244122
vt 0.389925 0.204008
vt 0.441242 0.244122
vt 0.404002 0.244122
vt 0.455318 0.204008
vt 0.674833 0.692448
vt 0.734603 0.548150
vt 0.734603 0.632678
vt 0.719767 0.132277
vt 0.794727 0.182844
vt 0.729334 0.182844
vt 0.804295 0.132277
vt 0.794727 0.182844
vt 0.719767 0.132277
vt 0.319949 0.128044
vt 0.268632 0.168157
vt 0.254556 0.128044
vt 0.305873 0.168157
vt 0.268632 0.168157
vt 0.319949 0.128044
vt 0.734603 0.548150
vt 0.590305 0.488380
vt 0.674833 0.488380
vt 0.244988 0.077477
vt 0.319949 0.128044
vt 0.254556 0.128044
vt 0.329516 0.077477
vt 0.319949 0.128044
vt 0.244988 0.077477
vt 0.880381 0.182843
vt 0.829064 0.222957
vt 0.814987 0.182844
vt 0.866304 0.222957
vt 0.829064 0.222957
vt 0.880381 0.182843
vt 0.734603 0.548150
vt 0.530535 0.548150
vt 0.590305 0.488380
vt 0.630958 0.156773
vt 0.705918 0.207340
vt 0.640525 0.207340
vt 0.715485 0.156773
vt 0.705918 0.207340
vt 0.630958 0.156773
vt 0.913566 0.954700
vt 0.862249 0.994813
vt 0.848172 0.954700
vt 0.899489 0.994813
vt 0.862249 0.994813
vt 0.913566 0.954700
vt 0.734603 0.548150
vt 0.530535 0.632678
vt 0.530535 0.548150
vt 0.835220 0.772960
vt 0.910181 0.823526
vt 0.844788 0.823526
vt 0.919748 0.772960
vt 0.910181 0.823526
vt 0.835220 0.772960
vt 0.910181 0.823526
vt 0.858864 0.863640
vt 0.844788 0.823526
vt 0.896104 0.863640
vt 0.858864 0.863640
vt 0.910181 0.823526
vt 0.380358 0.153442
vt 0.455318 0.204008
vt 0.389925 0.204008
vt 0.464886 0.153442
vt 0.455318 0.204008
vt 0.380358 0.153442
vt 0.734603 0.548150
vt 0.590305 0.692448
vt 0.530535 0.632678
vt 0.794727 0.182844
vt 0.743411 0.222957
vt 0.729334 0.182844
vt 0.780651 0.222957
vt 0.743411 0.222957
vt 0.794727 0.182844
vt 0.734603 0.548150
vt 0.674833 0.692448
vt 0.590305 0.692448
vt 0.838605 0.904133
vt 0.913566 0.954700
vt 0.848172 0.954700
vt 0.923133 0.904133
vt 0.913566 0.954700
vt 0.838605 0.904133
vt 0.605495 0.131684
vt 0.554179 0.171798
vt 0.540102 0.131684
vt 0.591419 0.171798
vt 0.554179 0.171798
vt 0.605495 0.131684
vt 0.556868 0.262829
vt 0.594108 0.172923
vt 0.620441 0.236496
vt 0.620441 0.236496
vt 0.594108 0.172923
vt 0.620441 0.199256
vt 0.556868 0.262829
vt 0.620441 0.236496
vt 0.594108 0.262829
vt 0.594108 0.172923
vt 0.556868 0.262829
vt 0.530535 0.199256

vn -0.408879 0.912589 0.000000
vn -0.408879 0.912589 0.000000
vn -0.408879 0.912589 0.000000
vn -0.408879 0.912588 0.000000
vn -0.408879 0.912588 0.000000
vn -0.408879 0.912588 0.000000
vn -0.973914 0.226917 0.000000
vn -0.973914 0.226917 0.000000
vn -0.973914 0.226917 0.000000
vn -0.973914 0.226917 0.000000
vn -0.973914 0.226917 0.000000
vn -0.973914 0.226917 0.000000
vn -0.973914 -0.226917 0.000000
vn -0.973914 -0.226917 0.000000
vn -0.973914 -0.226917 0.000000
vn -0.973914 -0.226917 0.000000
vn -0.973914 -0.226917 0.000000
vn -0.973914 -0.226917 0.000000
vn -0.408874 -0.912591 0.000000
vn -0.408874 -0.912591 0.000000
vn -0.408874 -0.912591 0.000000
vn -0.408874 -0.912591 0.000000
vn -0.408874 -0.912591 0.000000
vn -0.408874 -0.912591 0.000000
vn 0.408874 -0.912591 0.000000
vn 0.408874 -0.912591 0.000000
vn 0.408874 -0.912591 0.000000
vn 0.408874 -0.912591 0.000000
vn 0.408874 -0.912591 0.000000
vn 0.408874 -0.912591 0.000000
vn 0.973914 -0.226917 0.000000
vn 0.973914 -0.226917 0.000000
vn 0.973914 -0.226917 0.000000
vn 0.973914 -0.226917 0.000000
vn 0.973914 -0.226917 0.000000
vn 0.973914 -0.226917 0.000000
vn 0.973914 0.226917 0.000000
vn 0.973914 0.226917 0.000000
vn 0.973914 0.226917 0.000000
vn 0.973914 0.226918 0.000000
vn 0.973914 0.226918 0.000000
vn 0.973914 0.226918 0.000000
vn 0.408881 0.912587 0.000000
vn 0.408881 0.912587 0.000000
vn 0.408881 0.912587 0.000000
vn 0.408877 0.912590 0.000000
vn 0.408877 0.912590 0.000000
vn 0.408877 0.912590 0.000000
vn -0.408876 0.912590 0.000000
vn -0.408876 0.912590 0.000000
vn -0.408876 0.912590 0.000000
vn -0.408873 0.912591 0.000000
vn -0.408873 0.912591 0.000000
vn -0.408873 0.912591 0.000000
vn -0.973914 0.226917 0.000000
vn -0.973914 0.226917 0.000000
vn -0.973914 0.226917 0.000000
vn -0.973914 0.226917 0.000000
vn -0.973914 0.226917 0.000000
vn -0.973914 0.226917 0.000000
vn -0.973914 -0.226916 0.000000
vn -0.973914 -0.226916 0.000000
vn -0.973914 -0.226916 0.000000
vn -0.973914 -0.226917 0.000000
vn -0.973914 -0.226917 0.000000
vn -0.973914 -0.226917 0.000000
vn -0.408873 -0.912591 0.000000
vn -0.408873 -0.912591 0.000000
vn -0.408873 -0.912591 0.000000
vn -0.408873 -0.912591 0.000000
vn -0.408873 -0.912591 0.000000
vn -0.408873 -0.912591 0.000000
vn 0.408873 -0.912591 0.000000
vn 0.408873 -0.912591 0.000000
vn 0.408873 -0.912591 0.000000
vn 0.408873 -0.912591 0.000000
vn 0.408873 -0.912591 0.000000
vn 0.408873 -0.912591 0.000000
vn 0.973914 -0.226916 0.000000
vn 0.973914 -0.226916 0.000000
vn 0.973914 -0.226916 0.000000
vn 0.973914 -0.226917 0.000000
vn 0.973914 -0.226917 0.000000
vn 0.973914 -0.226917 0.000000
vn 0.973914 0.226917 0.000000
vn 0.973914 0.226917 0.000000
vn 0.973914 0.226917 0.000000
vn 0.973914 0.226917 0.000000
vn 0.973914 0.226917 0.000000
vn 0.973914 0.226917 0.000000
vn 0.408873 0.912591 0.000000
vn 0.408873 0.912591 0.000000
vn 0.408873 0.912591 0.000000
vn 0.408876 0.912590 0.000000
vn 0.408876 0.912590 0.000000
vn 0.408876 0.912590 0.000000
vn -0.000000 0.000000 1.000000
vn -0.000000 0.000000 1.000000
vn -0.000000 0.000000 1.000000
vn 0.000000 0.000000 1.000000
vn 0.000000 0.000000 1.000000
vn 0.000000 0.000000 1.000000
vn 0.000000 -0.000000 1.000000
vn 0.000000 -0.000000 1.000000
vn 0.000000 -0.000000 1.000000
vn -0.000000 -0.000000 1.000000
vn -0.000000 -0.000000 1.000000
vn -0.000000 -0.000000 1.000000
vn -0.000000 -0.000000 1.000000
vn -0.000000 -0.000000 1.000000
vn -0.000000 -0.000000 1.000000
vn 0.000000 -0.000000 1.000000
vn 0.000000 -0.000000 1.000000
vn 0.000000 -0.000000 1.000000
vn -0.000000 0.000000 1.000000
vn -0.000000 0.000000 1.000000
vn -0.000000 0.000000 1.000000
vn -0.000000 0.000000 1.000000
vn -0.000000 0.000000 1.000000
vn -0.000000 0.000000 1.000000
vn -0.000000 0.000000 1.000000
vn -0.000000 0.000000 1.000000
vn -0.000000 0.000000 1.000000
vn 0.000000 0.000000 1.000000
vn 0.000000 0.000000 1.000000
vn 0.000000 0.000000 1.000000
vn -0.000000 0.000000 1.000000
vn -0.000000 0.000000 1.000000
vn -0.000000 0.000000 1.000000
vn 0.000000 0.000000 1.000000
vn 0.000000 0.000000 1.000000
vn 0.000000 0.000000 1.000000
vn -0.000000 0.000000 1.000000
vn -0.000000 0.000000 1.000000
vn -0.000000 0.000000 1.000000
vn -0.000000 0.000000 1.000000
vn -0.000000 0.000000 1.000000
vn -0.000000 0.000000 1.000000
vn 0.000000 0.000000 1.000000
vn 0.000000 0.000000 1.000000
vn 0.000000 0.000000 1.000000
vn -0.000000 0.000000 1.000000
vn -0.000000 0.000000 1.000000
vn -0.000000 0.000000 1.000000
vn -0.000000 0.000000 1.000000
vn -0.000000 0.000000 1.000000
vn -0.000000 0.000000 1.000000
vn 0.000000 0.000000 1.000000
vn 0.000000 0.000000 1.000000
vn 0.000000 0.000000 1.000000
vn -0.000000 0.000000 1.000000
vn -0.000000 0.000000 1.000000
vn -0.000000 0.000000 1.000000
vn -0.000000 -0.000000 1.000000
vn -0.000000 -0.000000 1.000000
vn -0.000000 -0.000000 1.000000
vn -0.000000 0.000000 1.000000
vn -0.000000 0.000000 1.000000
vn -0.000000 0.000000 1.000000
vn 0.000000 0.000000 1.000000
vn 0.000000 0.000000 1.000000
vn 0.000000 0.000000 1.000000
vn -0.000000 0.000000 1.000000
vn -0.000000 0.000000 1.000000
vn -0.000000 0.000000 1.000000
vn -0.000000 0.000000 1.000000
vn -0.000000 0.000000 1.000000
vn -0.000000 0.000000 1.000000
vn -0.000000 0.000000 1.000000
vn -0.000000 0.000000 1.000000
vn -0.000000 0.000000 1.000000
vn 0.000000 -0.000000 1.000000
vn 0.000000 -0.000000 1.000000
vn 0.000000 -0.000000 1.000000
vn -0.000000 -0.000000 1.000000
vn -0.000000 -0.000000 1.000000
vn -0.000000 -0.000000 1.000000
vn 0.000000 -0.000000 1.000000
vn 0.000000 -0.000000 1.000000
vn 0.000000 -0.000000 1.000000
vn -0.000000 0.000000 1.000000
vn -0.000000 0.000000 1.000000
vn -0.000000 0.000000 1.000000
vn -0.000000 -0.000000 1.000000
vn -0.000000 -0.000000 1.000000
vn -0.000000 -0.000000 1.000000
vn 0.000000 -0.000000 1.000000
vn 0.000000 -0.000000 1.000000
vn 0.000000 -0.000000 1.000000
vn -0.000000 0.000000 1.000000
vn -0.000000 0.000000 1.000000
vn -0.000000 0.000000 1.000000
vn 0.000002 0.912588 0.408879
vn 0.000002 0.912588 0.408879
vn 0.000002 0.912588 0.408879
vn -0.000000 0.912589 0.408879
vn -0.000000 0.912589 0.408879
vn -0.000000 0.912589 0.408879
vn -0.000000 0.226917 0.973914
vn -0.000000 0.226917 0.973914
vn -0.000000 0.226917 0.973914
vn -0.000000 0.226918 0.973914
vn -0.000000 0.226918 0.973914
vn -0.000000 0.226918 0.973914
vn 0.000000 -0.226917 0.973914
vn 0.000000 -0.226917 0.973914
vn 0.000000 -0.226917 0.973914
vn -0.000000 -0.226917 0.973914
vn -0.000000 -0.226917 0.973914
vn -0.000000 -0.226917 0.973914
vn -0.000000 -0.912591 0.408875
vn -0.000000 -0.912591 0.408875
vn -0.000000 -0.912591 0.408875
vn -0.000000 -0.912591 0.408875
vn -0.000000 -0.912591 0.408875
vn -0.000000 -0.912591 0.408875
vn 0.000001 -0.912591 -0.408874
vn 0.000001 -0.912591 -0.408874
vn 0.000001 -0.912591 -0.408874
vn -0.000000 -0.912591 -0.408874
vn -0.000000 -0.912591 -0.408874
vn -0.000000 -0.912591 -0.408874
vn -0.000000 -0.226917 -0.973914
vn -0.000000 -0.226917 -0.973914
vn -0.000000 -0.226917 -0.973914
vn -0.000000 -0.226917 -0.973914
vn -0.000000 -0.226917 -0.973914
vn -0.000000 -0.226917 -0.973914
vn 0.000000 0.226918 -0.973914
vn 0.000000 0.226918 -0.973914
vn 0.000000 0.226918 -0.973914
vn -0.000000 0.226917 -0.973914
vn -0.000000 0.226917 -0.973914
vn -0.000000 0.226917 -0.973914
vn -0.000000 0.912589 -0.408879
vn -0.000000 0.912589 -0.408879
vn -0.000000 0.912589 -0.408879
vn -0.000000 0.912589 -0.408879
vn -0.000000 0.912589 -0.408879
vn -0.000000 0.912589 -0.408879
vn 0.000002 0.912592 0.408873
vn 0.000002 0.912592 0.408873
vn 0.000002 0.912592 0.408873
vn -0.000000 0.912592 0.408873
vn -0.000000 0.912592 0.408873
vn -0.000000 0.912592 0.408873
vn -0.000000 0.226917 0.973914
vn -0.000000 0.226917 0.973914
vn -0.000000 0.226917 0.973914
vn -0.000000 0.226917 0.973914
vn -0.000000 0.226917 0.973914
vn -0.000000 0.226917 0.973914
vn -0.000000 -0.226917 0.973914
vn -0.000000 -0.226917 0.973914
vn -0.000000 -0.226917 0.973914
vn -0.000000 -0.226917 0.973914
vn -0.000000 -0.226917 0.973914
vn -0.000000 -0.226917 0.973914
vn -0.000000 -0.912591 0.408874
vn -0.000000 -0.912591 0.408874
vn -0.000000 -0.912591 0.408874
vn -0.000000 -0.912591 0.408874
vn -0.000000 -0.912591 0.408874
vn -0.000000 -0.912591 0.408874
vn -0.000000 -0.912591 -0.408874
vn -0.000000 -0.912591 -0.408874
vn -0.000000 -0.912591 -0.408874
vn -0.000000 -0.912591 -0.408874
vn -0.000000 -0.912591 -0.408874
vn -0.000000 -0.912591 -0.408874
vn -0.000000 -0.226917 -0.973914
vn -0.000000 -0.226917 -0.973914
vn -0.000000 -0.226917 -0.973914
vn -0.000000 -0.226917 -0.973914
vn -0.000000 -0.226917 -0.973914
vn -0.000000 -0.226917 -0.973914
vn -0.000000 0.226917 -0.973914
vn -0.000000 0.226917 -0.973914
vn -0.000000 0.226917 -0.973914
vn -0.000000 0.226917 -0.973914
vn -0.000000 0.226917 -0.973914
vn -0.000000 0.226917 -0.973914
vn -0.000000 0.912592 -0.408872
vn -0.000000 0.912592 -0.408872
vn -0.000000 0.912592 -0.408872
vn -0.000004 0.912592 -0.408872
vn -0.000004 0.912592 -0.408872
vn -0.000004 0.912592 -0.408872
vn 1.000000 0.000000 0.000000
vn 1.000000 0.000000 0.000000
vn 1.000000 0.000000 0.000000
vn 1.000000 0.000000 -0.000000
vn 1.000000 0.000000 -0.000000
vn 1.000000 0.000000 -0.000000
vn 1.000000 -0.000000 -0.000000
vn 1.000000 -0.000000 -0.000000
vn 1.000000 -0.000000 -0.000000
vn 1.000000 -0.000000 0.000000
vn 1.000000 -0.000000 0.000000
vn 1.000000 -0.000000 0.000000
vn 1.000000 -0.000000 0.000000
vn 1.000000 -0.000000 0.000000
vn 1.000000 -0.000000 0.000000
vn 1.000000 -0.000000 -0.000000
vn 1.000000 -0.000000 -0.000000
vn 1.000000 -0.000000 -0.000000
vn 1.000000 0.000000 0.000000
vn 1.000000 0.000000 0.000000
vn 1.000000 0.000000 0.000000
vn 1.000000 0.000000 -0.000000
vn 1.000000 0.000000 -0.000000
vn 1.000000 0.000000 -0.000000
vn 1.000000 0.000000 0.000000
vn 1.000000 0.000000 0.000000
vn 1.000000 0.000000 0.000000
vn 1.000000 0.000000 -0.000000
vn 1.000000 0.000000 -0.000000
vn 1.000000 0.000000 -0.000000
vn 1.000000 0.000000 -0.000000
vn 1.000000 0.000000 -0.000000
vn 1.000000 0.000000 -0.000000
vn 1.000000 0.000000 0.000000
vn 1.000000 0.000000 0.000000
vn 1.000000 0.000000 0.000000
vn 1.000000 0.000000 0.000000
vn 1.000000 0.000000 0.000000
vn 1.000000 0.000000 0.000000
vn 1.000000 0.000000 -0.000000
vn 1.000000 0.000000 -0.000000
vn 1.000000 0.000000 -0.000000
vn 1.000000 0.000000 -0.000000
vn 1.000000 0.000000 -0.000000
vn 1.000000 0.000000 -0.000000
vn 1.000000 0.000000 0.000000
vn 1.000000 0.000000 0.000000
vn 1.000000 0.000000 0.000000
vn 1.000000 0.000000 -0.000000
vn 1.000000 0.000000 -0.000000
vn 1.000000 0.000000 -0.000000
vn 1.000000 0.000000 -0.000000
vn 1.000000 0.000000 -0.000000
vn 1.000000 0.000000 -0.000000
vn 1.000000 0.000000 -0.000000
vn 1.000000 0.000000 -0.000000
vn 1.000000 0.000000 -0.000000
vn 1.000000 0.000000 0.000000
vn 1.000000 0.000000 0.000000
vn 1.000000 0.000000 0.000000
vn 1.000000 0.000000 -0.000000
vn 1.000000 0.000000 -0.000000
vn 1.000000 0.000000 -0.000000
vn 1.000000 0.000000 -0.000000
vn 1.000000 0.000000 -0.000000
vn 1.000000 0.000000 -0.000000
vn 1.000000 0.000000 0.000000
vn 1.000000 0.000000 0.000000
vn 1.000000 0.000000 0.000000
vn 1.000000 0.000000 -0.000000
vn 1.000000 0.000000 -0.000000
vn 1.000000 0.000000 -0.000000
vn 1.000000 0.000000 0.000000
vn 1.000000 0.000000 0.000000
vn 1.000000 0.000000 0.000000
vn 1.000000 -0.000000 -0.000000
vn 1.000000 -0.000000 -0.000000
vn 1.000000 -0.000000 -0.000000
vn 1.000000 -0.000000 0.000000
vn 1.000000 -0.000000 0.000000
vn 1.000000 -0.000000 0.000000
vn 1.000000 -0.000000 -0.000000
vn 1.000000 -0.000000 -0.000000
vn 1.000000 -0.000000 -0.000000
vn 1.000000 0.000000 -0.000000
vn 1.000000 0.000000 -0.000000
vn 1.000000 0.000000 -0.000000
vn 1.000000 -0.000000 0.000000
vn 1.000000 -0.000000 0.000000
vn 1.000000 -0.000000 0.000000
vn 1.000000 -0.000000 -0.000000
vn 1.000000 -0.000000 -0.000000
vn 1.000000 -0.000000 -0.000000
vn 1.000000 0.000000 -0.000000
vn 1.000000 0.000000 -0.000000
vn 1.000000 0.000000 -0.000000
vn 0.408879 0.912589 -0.000000
vn 0.408879 0.912589 -0.000000
vn 0.408879 0.912589 -0.000000
vn 0.408879 0.912589 0.000000
vn 0.408879 0.912589 0.000000
vn 0.408879 0.912589 0.000000
vn 0.973914 0.226917 0.000000
vn 0.973914 0.226917 0.000000
vn 0.973914 0.226917 0.000000
vn 0.973914 0.226917 -0.000000
vn 0.973914 0.226917 -0.000000
vn 0.973914 0.226917 -0.000000
vn 0.973914 -0.226917 -0.000000
vn 0.973914 -0.226917 -0.000000
vn 0.973914 -0.226917 -0.000000
vn 0.973914 -0.226917 0.000000
vn 0.973914 -0.226917 0.000000
vn 0.973914 -0.226917 0.000000
vn 0.408872 -0.912592 0.000000
vn 0.408872 -0.912592 0.000000
vn 0.408872 -0.912592 0.000000
vn 0.408877 -0.912590 -0.000000
vn 0.408877 -0.912590 -0.000000
vn 0.408877 -0.912590 -0.000000
vn -0.408874 -0.912591 0.000000
vn -0.408874 -0.912591 0.000000
vn -0.408874 -0.912591 0.000000
vn -0.408874 -0.912591 0.000000
vn -0.408874 -0.912591 0.000000
vn -0.408874 -0.912591 0.000000
vn -0.973914 -0.226917 0.000000
vn -0.973914 -0.226917 0.000000
vn -0.973914 -0.226917 0.000000
vn -0.973914 -0.226916 -0.000000
vn -0.973914 -0.226916 -0.000000
vn -0.973914 -0.226916 -0.000000
vn -0.973914 0.226917 -0.000000
vn -0.973914 0.226917 -0.000000
vn -0.973914 0.226917 -0.000000
vn -0.973914 0.226916 0.000000
vn -0.973914 0.226916 0.000000
vn -0.973914 0.226916 0.000000
vn -0.408879 0.912589 0.000000
vn -0.408879 0.912589 0.000000
vn -0.408879 0.912589 0.000000
vn -0.408879 0.912589 0.000000
vn -0.408879 0.912589 0.000000
vn -0.408879 0.912589 0.000000
vn 0.408873 0.912591 -0.000000
vn 0.408873 0.912591 -0.000000
vn 0.408873 0.912591 -0.000000
vn 0.408873 0.912591 0.000000
vn 0.408873 0.912591 0.000000
vn 0.408873 0.912591 0.000000
vn 0.973914 0.226916 -0.000000
vn 0.973914 0.226916 -0.000000
vn 0.973914 0.226916 -0.000000
vn 0.973914 0.226916 0.000000
vn 0.973914 0.226916 0.000000
vn 0.973914 0.226916 0.000000
vn 0.973914 -0.226917 0.000000
vn 0.973914 -0.226917 0.000000
vn 0.973914 -0.226917 0.000000
vn 0.973914 -0.226917 -0.000000
vn 0.973914 -0.226917 -0.000000
vn 0.973914 -0.226917 -0.000000
vn 0.408873 -0.912591 0.000000
vn 0.408873 -0.912591 0.000000
vn 0.408873 -0.912591 0.000000
vn 0.408880 -0.912588 -0.000000
vn 0.408880 -0.912588 -0.000000
vn 0.408880 -0.912588 -0.000000
vn -0.408880 -0.912588 0.000000
vn -0.408880 -0.912588 0.000000
vn -0.408880 -0.912588 0.000000
vn -0.408876 -0.912590 0.000000
vn -0.408876 -0.912590 0.000000
vn -0.408876 -0.912590 0.000000
vn -0.973914 -0.226917 0.000000
vn -0.973914 -0.226917 0.000000
vn -0.973914 -0.226917 0.000000
vn -0.973914 -0.226917 0.000000
vn -0.973914 -0.226917 0.000000
vn -0.973914 -0.226917 0.000000
vn -0.973914 0.226915 0.000000
vn -0.973914 0.226915 0.000000
vn -0.973914 0.226915 0.000000
vn -0.973914 0.226917 0.000000
vn -0.973914 0.226917 0.000000
vn -0.973914 0.226917 0.000000
vn -0.408873 0.912591 -0.000000
vn -0.408873 0.912591 -0.000000
vn -0.408873 0.912591 -0.000000
vn -0.408866 0.912594 0.000000
vn -0.408866 0.912594 0.000000
vn -0.408866 0.912594 0.000000
vn -0.000000 0.000000 -1.000000
vn -0.000000 0.000000 -1.000000
vn -0.000000 0.000000 -1.000000
vn -0.000000 0.000000 -1.000000
vn -0.000000 0.000000 -1.000000
vn -0.000000 0.000000 -1.000000
vn -0.000000 -0.000000 -1.000000
vn -0.000000 -0.000000 -1.000000
vn -0.000000 -0.000000 -1.000000
vn -0.000000 -0.000000 -1.000000
vn -0.000000 -0.000000 -1.000000
vn -0.000000 -0.000000 -1.000000
vn 0.000000 -0.000000 -1.000000
vn 0.000000 -0.000000 -1.000000
vn 0.000000 -0.000000 -1.000000
vn -0.000000 -0.000000 -1.000000
vn -0.000000 -0.000000 -1.000000
vn -0.000000 -0.000000 -1.000000
vn -0.000000 0.000000 -1.000000
vn -0.000000 0.000000 -1.000000
vn -0.000000 0.000000 -1.000000
vn -0.000000 0.000000 -1.000000
vn -0.000000 0.000000 -1.000000
vn -0.000000 0.000000 -1.000000
vn -0.000000 0.000000 -1.000000
vn -0.000000 0.000000 -1.000000
vn -0.000000 0.000000 -1.000000
vn -0.000000 0.000000 -1.000000
vn -0.000000 0.000000 -1.000000
vn -0.000000 0.000000 -1.000000
vn -0.000000 0.000000 -1.000000
vn -0.000000 0.000000 -1.000000
vn -0.000000 0.000000 -1.000000
vn -0.000000 0.000000 -1.000000
vn -0.000000 0.000000 -1.000000
vn -0.000000 0.000000 -1.000000
vn -0.000000 0.000000 -1.000000
vn -0.000000 0.000000 -1.000000
vn -0.000000 0.000000 -1.000000
vn -0.000000 0.000000 -1.000000
vn -0.000000 0.000000 -1.000000
vn -0.000000 0.000000 -1.000000
vn -0.000000 0.000000 -1.000000
vn -0.000000 0.000000 -1.000000
vn -0.000000 0.000000 -1.000000
vn -0.000000 0.000000 -1.000000
vn -0.000000 0.000000 -1.000000
vn -0.000000 0.000000 -1.000000
vn -0.000000 0.000000 -1.000000
vn -0.000000 0.000000 -1.000000
vn -0.000000 0.000000 -1.000000
vn -0.000000 -0.000000 -1.000000
vn -0.000000 -0.000000 -1.000000
vn -0.000000 -0.000000 -1.000000
vn -0.000000 0.000000 -1.000000
vn -0.000000 0.000000 -1.000000
vn -0.000000 0.000000 -1.000000
vn -0.000000 0.000000 -1.000000
vn -0.000000 0.000000 -1.000000
vn -0.000000 0.000000 -1.000000
vn -0.000000 0.000000 -1.000000
vn -0.000000 0.000000 -1.000000
vn -0.000000 0.000000 -1.000000
vn -0.000000 0.000000 -1.000000
vn -0.000000 0.000000 -1.000000
vn -0.000000 0.000000 -1.000000
vn -0.000000 0.000000 -1.000000
vn -0.000000 0.000000 -1.000000
vn -0.000000 0.000000 -1.000000
vn -0.000000 -0.000000 -1.000000
vn -0.000000 -0.000000 -1.000000
vn -0.000000 -0.000000 -1.000000
vn -0.000000 0.000000 -1.000000
vn -0.000000 0.000000 -1.000000
vn -0.000000 0.000000 -1.000000
vn -0.000000 -0.000000 -1.000000
vn -0.000000 -0.000000 -1.000000
vn -0.000000 -0.000000 -1.000000
vn 0.000000 -0.000000 -1.000000
vn 0.000000 -0.000000 -1.000000
vn 0.000000 -0.000000 -1.000000
vn -0.000000 -0.000000 -1.000000
vn -0.000000 -0.000000 -1.000000
vn -0.000000 -0.000000 -1.000000
vn 0.000000 0.000000 -1.000000
vn 0.000000 0.000000 -1.000000
vn 0.000000 0.000000 -1.000000
vn 0.000000 -0.000000 -1.000000
vn 0.000000 -0.000000 -1.000000
vn 0.000000 -0.000000 -1.000000
vn -0.000000 -0.000000 -1.000000
vn -0.000000 -0.000000 -1.000000
vn -0.000000 -0.000000 -1.000000
vn -0.000000 0.000000 -1.000000
vn -0.000000 0.000000 -1.000000
vn -0.000000 0.000000 -1.000000
vn 0.000002 0.912588 -0.408879
vn 0.000002 0.912588 -0.408879
vn 0.000002 0.912588 -0.408879
vn -0.000000 0.912588 -0.408879
vn -0.000000 0.912588 -0.408879
vn -0.000000 0.912588 -0.408879
vn -0.000000 0.226918 -0.973914
vn -0.000000 0.226918 -0.973914
vn -0.000000 0.226918 -0.973914
vn -0.000002 0.226917 -0.973914
vn -0.000002 0.226917 -0.973914
vn -0.000002 0.226917 -0.973914
vn -0.000001 -0.226917 -0.973914
vn -0.000001 -0.226917 -0.973914
vn -0.000001 -0.226917 -0.973914
vn -0.000000 -0.226917 -0.973914
vn -0.000000 -0.226917 -0.973914
vn -0.000000 -0.226917 -0.973914
vn -0.000000 -0.912591 -0.408874
vn -0.000000 -0.912591 -0.408874
vn -0.000000 -0.912591 -0.408874
vn -0.000000 -0.912591 -0.408875
vn -0.000000 -0.912591 -0.408875
vn -0.000000 -0.912591 -0.408875
vn -0.000002 -0.912591 0.408874
vn -0.000002 -0.912591 0.408874
vn -0.000002 -0.912591 0.408874
vn -0.000000 -0.912591 0.408874
vn -0.000000 -0.912591 0.408874
vn -0.000000 -0.912591 0.408874
vn -0.000000 -0.226917 0.973914
vn -0.000000 -0.226917 0.973914
vn -0.000000 -0.226917 0.973914
vn -0.000000 -0.226917 0.973914
vn -0.000000 -0.226917 0.973914
vn -0.000000 -0.226917 0.973914
vn -0.000000 0.226917 0.973914
vn -0.000000 0.226917 0.973914
vn -0.000000 0.226917 0.973914
vn -0.000000 0.226917 0.973914
vn -0.000000 0.226917 0.973914
vn -0.000000 0.226917 0.973914
vn -0.000000 0.912589 0.408879
vn -0.000000 0.912589 0.408879
vn -0.000000 0.912589 0.408879
vn -0.000000 0.912589 0.408879
vn -0.000000 0.912589 0.408879
vn -0.000000 0.912589 0.408879
vn -0.000005 0.912592 -0.408873
vn -0.000005 0.912592 -0.408873
vn -0.000005 0.912592 -0.408873
vn -0.000000 0.912592 -0.408873
vn -0.000000 0.912592 -0.408873
vn -0.000000 0.912592 -0.408873
vn 0.000001 0.226917 -0.973914
vn 0.000001 0.226917 -0.973914
vn 0.000001 0.226917 -0.973914
vn -0.000000 0.226917 -0.973914
vn -0.000000 0.226917 -0.973914
vn -0.000000 0.226917 -0.973914
vn -0.000000 -0.226917 -0.973914
vn -0.000000 -0.226917 -0.973914
vn -0.000000 -0.226917 -0.973914
vn -0.000000 -0.226917 -0.973914
vn -0.000000 -0.226917 -0.973914
vn -0.000000 -0.226917 -0.973914
vn -0.000000 -0.912590 -0.408876
vn -0.000000 -0.912590 -0.408876
vn -0.000000 -0.912590 -0.408876
vn -0.000000 -0.912590 -0.408876
vn -0.000000 -0.912590 -0.408876
vn -0.000000 -0.912590 -0.408876
vn -0.000002 -0.912590 0.408876
vn -0.000002 -0.912590 0.408876
vn -0.000002 -0.912590 0.408876
vn -0.000000 -0.912590 0.408876
vn -0.000000 -0.912590 0.408876
vn -0.000000 -0.912590 0.408876
vn 0.000000 -0.226917 0.973914
vn 0.000000 -0.226917 0.973914
vn 0.000000 -0.226917 0.973914
vn -0.000000 -0.226917 0.973914
vn -0.000000 -0.226917 0.973914
vn -0.000000 -0.226917 0.973914
vn -0.000000 0.226917 0.973914
vn -0.000000 0.226917 0.973914
vn -0.000000 0.226917 0.973914
vn 0.000001 0.226917 0.973914
vn 0.000001 0.226917 0.973914
vn 0.000001 0.226917 0.973914
vn -0.000003 0.912592 0.408872
vn -0.000003 0.912592 0.408872
vn -0.000003 0.912592 0.408872
vn 0.000008 0.912592 0.408872
vn 0.000008 0.912592 0.408872
vn 0.000008 0.912592 0.408872
vn -1.000000 0.000000 0.000000
vn -1.000000 0.000000 0.000000
vn -1.000000 0.000000 0.000000
vn -1.000000 0.000000 0.000000
vn -1.000000 0.000000 0.000000
vn -1.000000 0.000000 0.000000
vn -1.000000 -0.000000 0.000000
vn -1.000000 -0.000000 0.000000
vn -1.000000 -0.000000 0.000000
vn -1.000000 -0.000000 0.000000
vn -1.000000 -0.000000 0.000000
vn -1.000000 -0.000000 0.000000
vn -1.000000 -0.000000 0.000000
vn -1.000000 -0.000000 0.000000
vn -1.000000 -0.000000 0.000000
vn -1.000000 -0.000000 0.000001
vn -1.000000 -0.000000 0.000001
vn -1.000000 -0.000000 0.000001
vn -1.000000 0.000000 0.000000
vn -1.000000 0.000000 0.000000
vn -1.000000 0.000000 0.000000
vn -1.000000 0.000000 0.000000
vn -1.000000 0.000000 0.000000
vn -1.000000 0.000000 0.000000
vn -1.000000 0.000000 0.000000
vn -1.000000 0.000000 0.000000
vn -1.000000 0.000000 0.000000
vn -1.000000 0.000000 0.000000
vn -1.000000 0.000000 0.000000
vn -1.000000 0.000000 0.000000
vn -1.000000 0.000000 0.000000
vn -1.000000 0.000000 0.000000
vn -1.000000 0.000000 0.000000
vn -1.000000 0.000000 0.000000
vn -1.000000 0.000000 0.000000
vn -1.000000 0.000000 0.000000
vn -1.000000 0.000000 0.000000
vn -1.000000 0.000000 0.000000
vn -1.000000 0.000000 0.000000
vn -1.000000 0.000000 0.000000
vn -1.000000 0.000000 0.000000
vn -1.000000 0.000000 0.000000
vn -1.000000 0.000000 0.000000
vn -1.000000 0.000000 0.000000
vn -1.000000 0.000000 0.000000
vn -1.000000 0.000000 0.000000
vn -1.000000 0.000000 0.000000
vn -1.000000 0.000000 0.000000
vn -1.000000 0.000000 0.000001
vn -1.000000 0.000000 0.000001
vn -1.000000 0.000000 0.000001
vn -1.000000 0.000000 0.000000
vn -1.000000 0.000000 0.000000
vn -1.000000 0.000000 0.000000
vn -1.000000 0.000000 0.000000
vn -1.000000 0.000000 0.000000
vn -1.000000 0.000000 0.000000
vn -1.000000 0.000000 0.000000
vn -1.000000 0.000000 0.000000
vn -1.000000 0.000000 0.000000
vn -1.000000 0.000000 0.000000
vn -1.000000 0.000000 0.000000
vn -1.000000 0.000000 0.000000
vn -1.000000 0.000000 0.000000
vn -1.000000 0.000000 0.000000
vn -1.000000 0.000000 0.000000
vn -1.000000 0.000000 0.000000
vn -1.000000 0.000000 0.000000
vn -1.000000 0.000000 0.000000
vn -1.000000 0.000000 0.000001
vn -1.000000 0.000000 0.000001
vn -1.000000 0.000000 0.000001
vn -1.000000 0.000000 0.000000
vn -1.000000 0.000000 0.000000
vn -1.000000 0.000000 0.000000
vn -1.000000 -0.000000 0.000000
vn -1.000000 -0.000000 0.000000
vn -1.000000 -0.000000 0.000000
vn -1.000000 -0.000000 0.000000
vn -1.000000 -0.000000 0.000000
vn -1.000000 -0.000000 0.000000
vn -1.000000 -0.000000 0.000000
vn -1.000000 -0.000000 0.000000
vn -1.000000 -0.000000 0.000000
vn -1.000000 0.000000 -0.000000
vn -1.000000 0.000000 -0.000000
vn -1.000000 0.000000 -0.000000
vn -1.000000 -0.000000 0.000000
vn -1.000000 -0.000000 0.000000
vn -1.000000 -0.000000 0.000000
vn -1.000000 -0.000000 0.000000
vn -1.000000 -0.000000 0.000000
vn -1.000000 -0.000000 0.000000
vn -1.000000 0.000000 0.000000
vn -1.000000 0.000000 0.000000
vn -1.000000 0.000000 0.000000
vn -0.408879 0.912589 0.000000
vn -0.408879 0.912589 0.000000
vn -0.408879 0.912589 0.000000
vn -0.408879 0.912588 0.000000
vn -0.408879 0.912588 0.000000
vn -0.408879 0.912588 0.000000
vn -0.973914 0.226917 0.000000
vn -0.973914 0.226917 0.000000
vn -0.973914 0.226917 0.000000
vn -0.973914 0.226917 0.000000
vn -0.973914 0.226917 0.000000
vn -0.973914 0.226917 0.000000
vn -0.973914 -0.226917 0.000000
vn -0.973914 -0.226917 0.000000
vn -0.973914 -0.226917 0.000000
vn -0.973914 -0.226917 0.000000
vn -0.973914 -0.226917 0.000000
vn -0.973914 -0.226917 0.000000
vn -0.408870 -0.912593 -0.000000
vn -0.408870 -0.912593 -0.000000
vn -0.408870 -0.912593 -0.000000
vn -0.408879 -0.912589 0.000000
vn -0.408879 -0.912589 0.000000
vn -0.408879 -0.912589 0.000000
vn 0.408879 -0.912589 -0.000000
vn 0.408879 -0.912589 -0.000000
vn 0.408879 -0.912589 -0.000000
vn 0.408869 -0.912593 -0.000000
vn 0.408869 -0.912593 -0.000000
vn 0.408869 -0.912593 -0.000000
vn 0.973914 -0.226917 0.000000
vn 0.973914 -0.226917 0.000000
vn 0.973914 -0.226917 0.000000
vn 0.973914 -0.226916 0.000000
vn 0.973914 -0.226916 0.000000
vn 0.973914 -0.226916 0.000000
vn 0.973914 0.226917 0.000000
vn 0.973914 0.226917 0.000000
vn 0.973914 0.226917 0.000000
vn 0.973914 0.226917 0.000000
vn 0.973914 0.226917 0.000000
vn 0.973914 0.226917 0.000000
vn 0.408879 0.912589 0.000000
vn 0.408879 0.912589 0.000000
vn 0.408879 0.912589 0.000000
vn 0.408879 0.912589 -0.000000
vn 0.408879 0.912589 -0.000000
vn 0.408879 0.912589 -0.000000
vn -0.408873 0.912591 0.000000
vn -0.408873 0.912591 0.000000
vn -0.408873 0.912591 0.000000
vn -0.408873 0.912591 0.000000
vn -0.408873 0.912591 0.000000
vn -0.408873 0.912591 0.000000
vn -0.973914 0.226918 0.000000
vn -0.973914 0.226918 0.000000
vn -0.973914 0.226918 0.000000
vn -0.973914 0.226916 0.000000
vn -0.973914 0.226916 0.000000
vn -0.973914 0.226916 0.000000
vn -0.973914 -0.226916 0.000000
vn -0.973914 -0.226916 0.000000
vn -0.973914 -0.226916 0.000000
vn -0.973914 -0.226917 0.000000
vn -0.973914 -0.226917 0.000000
vn -0.973914 -0.226917 0.000000
vn -0.408866 -0.912594 0.000000
vn -0.408866 -0.912594 0.000000
vn -0.408866 -0.912594 0.000000
vn -0.408887 -0.912585 0.000000
vn -0.408887 -0.912585 0.000000
vn -0.408887 -0.912585 0.000000
vn 0.408880 -0.912588 -0.000000
vn 0.408880 -0.912588 -0.000000
vn 0.408880 -0.912588 -0.000000
vn 0.408873 -0.912591 -0.000000
vn 0.408873 -0.912591 -0.000000
vn 0.408873 -0.912591 -0.000000
vn 0.973914 -0.226917 0.000000
vn 0.973914 -0.226917 0.000000
vn 0.973914 -0.226917 0.000000
vn 0.973914 -0.226916 -0.000000
vn 0.973914 -0.226916 -0.000000
vn 0.973914 -0.226916 -0.000000
vn 0.973914 0.226916 -0.000000
vn 0.973914 0.226916 -0.000000
vn 0.973914 0.226916 -0.000000
vn 0.973914 0.226916 0.000000
vn 0.973914 0.226916 0.000000
vn 0.973914 0.226916 0.000000
vn 0.408873 0.912592 0.000000
vn 0.408873 0.912592 0.000000
vn 0.408873 0.912592 0.000000
vn 0.408873 0.912591 -0.000000
vn 0.408873 0.912591 -0.000000
vn 0.408873 0.912591 -0.000000
vn 0.000000 0.000000 1.000000
vn 0.000000 0.000000 1.000000
vn 0.000000 0.000000 1.000000
vn 0.000000 0.000000 1.000000
vn 0.000000 0.000000 1.000000
vn 0.000000 0.000000 1.000000
vn 0.000000 -0.000000 1.000000
vn 0.000000 -0.000000 1.000000
vn 0.000000 -0.000000 1.000000
vn 0.000000 -0.000000 1.000000
vn 0.000000 -0.000000 1.000000
vn 0.000000 -0.000000 1.000000
vn -0.000000 0.000000 1.000000
vn -0.000000 0.000000 1.000000
vn -0.000000 0.000000 1.000000
vn 0.000001 -0.000000 1.000000
vn 0.000001 -0.000000 1.000000
vn 0.000001 -0.000000 1.000000
vn -0.000000 0.000000 1.000000
vn -0.000000 0.000000 1.000000
vn -0.000000 0.000000 1.000000
vn 0.000000 0.000000 1.000000
vn 0.000000 0.000000 1.000000
vn 0.000000 0.000000 1.000000
vn -0.000000 0.000000 1.000000
vn -0.000000 0.000000 1.000000
vn -0.000000 0.000000 1.000000
vn 0.000000 0.000000 1.000000
vn 0.000000 0.000000 1.000000
vn 0.000000 0.000000 1.000000
vn 0.000000 0.000000 1.000000
vn 0.000000 0.000000 1.000000
vn 0.000000 0.000000 1.000000
vn -0.000000 0.000000 1.000000
vn -0.000000 0.000000 1.000000
vn -0.000000 0.000000 1.000000
vn 0.000000 0.000000 1.000000
vn 0.000000 0.000000 1.000000
vn 0.000000 0.000000 1.000000
vn 0.000000 0.000000 1.000000
vn 0.000000 0.000000 1.000000
vn 0.000000 0.000000 1.000000
vn 0.000000 0.000000 1.000000
vn 0.000000 0.000000 1.000000
vn 0.000000 0.000000 1.000000
vn 0.000000 0.000000 1.000000
vn 0.000000 0.000000 1.000000
vn 0.000000 0.000000 1.000000
vn 0.000000 0.000000 1.000000
vn 0.000000 0.000000 1.000000
vn 0.000000 0.000000 1.000000
vn 0.000000 -0.000000 1.000000
vn 0.000000 -0.000000 1.000000
vn 0.000000 -0.000000 1.000000
vn 0.000000 0.000000 1.000000
vn 0.000000 0.000000 1.000000
vn 0.000000 0.000000 1.000000
vn 0.000000 0.000000 1.000000
vn 0.000000 0.000000 1.000000
vn 0.000000 0.000000 1.000000
vn 0.000000 0.000000 1.000000
vn 0.000000 0.000000 1.000000
vn 0.000000 0.000000 1.000000
vn 0.000000 0.000000 1.000000
vn 0.000000 0.000000 1.000000
vn 0.000000 0.000000 1.000000
vn 0.000000 0.000000 1.000000
vn 0.000000 0.000000 1.000000
vn 0.000000 0.000000 1.000000
vn 0.000000 0.000000 1.000000
vn 0.000000 0.000000 1.000000
vn 0.000000 0.000000 1.000000
vn 0.000000 0.000000 1.000000
vn 0.000000 0.000000 1.000000
vn 0.000000 0.000000 1.000000
vn 0.000000 -0.000000 1.000000
vn 0.000000 -0.000000 1.000000
vn 0.000000 -0.000000 1.000000
vn 0.000000 -0.000000 1.000000
vn 0.000000 -0.000000 1.000000
vn 0.000000 -0.000000 1.000000
vn 0.000001 -0.000000 1.000000
vn 0.000001 -0.000000 1.000000
vn 0.000001 -0.000000 1.000000
vn -0.000000 0.000000 1.000000
vn -0.000000 0.000000 1.000000
vn -0.000000 0.000000 1.000000
vn 0.000000 -0.000000 1.000000
vn 0.000000 -0.000000 1.000000
vn 0.000000 -0.000000 1.000000
vn 0.000000 -0.000000 1.000000
vn 0.000000 -0.000000 1.000000
vn 0.000000 -0.000000 1.000000
vn 0.000000 0.000000 1.000000
vn 0.000000 0.000000 1.000000
vn 0.000000 0.000000 1.000000
vn 1.000000 0.000000 -0.000000
vn 1.000000 0.000000 -0.000000
vn 1.000000 0.000000 -0.000000
vn 1.000000 -0.000000 -0.000000
vn 1.000000 -0.000000 -0.000000
vn 1.000000 -0.000000 -0.000000
vn 1.000000 -0.000000 -0.000000
vn 1.000000 -0.000000 -0.000000
vn 1.000000 -0.000000 -0.000000
vn 1.000000 -0.000000 0.000000
vn 1.000000 -0.000000 0.000000
vn 1.000000 -0.000000 0.000000
vn 1.000000 -0.000000 -0.000001
vn 1.000000 -0.000000 -0.000001
vn 1.000000 -0.000000 -0.000001
vn 1.000000 -0.000000 -0.000000
vn 1.000000 -0.000000 -0.000000
vn 1.000000 -0.000000 -0.000000
vn 1.000000 -0.000000 -0.000000
vn 1.000000 -0.000000 -0.000000
vn 1.000000 -0.000000 -0.000000
vn 1.000000 0.000000 -0.000000
vn 1.000000 0.000000 -0.000000
vn 1.000000 0.000000 -0.000000
vn 1.000000 0.000000 -0.000000
vn 1.000000 0.000000 -0.000000
vn 1.000000 0.000000 -0.000000
vn 1.000000 0.000000 -0.000000
vn 1.000000 0.000000 -0.000000
vn 1.000000 0.000000 -0.000000
vn 1.000000 0.000000 -0.000000
vn 1.000000 0.000000 -0.000000
vn 1.000000 0.000000 -0.000000
vn 1.000000 0.000000 -0.000000
vn 1.000000 0.000000 -0.000000
vn 1.000000 0.000000 -0.000000
vn 1.000000 -0.000000 -0.000000
vn 1.000000 -0.000000 -0.000000
vn 1.000000 -0.000000 -0.000000
vn 1.000000 0.000000 -0.000000
vn 1.000000 0.000000 -0.000000
vn 1.000000 0.000000 -0.000000
vn 1.000000 0.000000 -0.000000
vn 1.000000 0.000000 -0.000000
vn 1.000000 0.000000 -0.000000
vn 1.000000 -0.000000 0.000000
vn 1.000000 -0.000000 0.000000
vn 1.000000 -0.000000 0.000000
vn 1.000000 0.000000 -0.000000
vn 1.000000 0.000000 -0.000000
vn 1.000000 0.000000 -0.000000
vn 1.000000 0.000000 -0.000000
vn 1.000000 0.000000 -0.000000
vn 1.000000 0.000000 -0.000000
vn 1.000000 0.000000 -0.000000
vn 1.000000 0.000000 -0.000000
vn 1.000000 0.000000 -0.000000
vn 1.000000 0.000000 0.000000
vn 1.000000 0.000000 0.000000
vn 1.000000 0.000000 0.000000
vn 1.000000 -0.000000 -0.000001
vn 1.000000 -0.000000 -0.000001
vn 1.000000 -0.000000 -0.000001
vn 1.000000 0.000000 -0.000000
vn 1.000000 0.000000 -0.000000
vn 1.000000 0.000000 -0.000000
vn 1.000000 -0.000000 -0.000000
vn 1.000000 -0.000000 -0.000000
vn 1.000000 -0.000000 -0.000000
vn 1.000000 0.000000 -0.000000
vn 1.000000 0.000000 -0.000000
vn 1.000000 0.000000 -0.000000
vn 1.000000 0.000000 0.000000
vn 1.000000 0.000000 0.000000
vn 1.000000 0.000000 0.000000
vn 1.000000 -0.000000 -0.000000
vn 1.000000 -0.000000 -0.000000
vn 1.000000 -0.000000 -0.000000
vn 1.000000 -0.000000 -0.000001
vn 1.000000 -0.000000 -0.000001
vn 1.000000 -0.000000 -0.000001
vn 1.000000 0.000000 -0.000000
vn 1.000000 0.000000 -0.000000
vn 1.000000 0.000000 -0.000000
vn 1.000000 -0.000000 -0.000000
vn 1.000000 -0.000000 -0.000000
vn 1.000000 -0.000000 -0.000000
vn 1.000000 0.000000 -0.000000
vn 1.000000 0.000000 -0.000000
vn 1.000000 0.000000 -0.000000
vn 1.000000 0.000000 -0.000000
vn 1.000000 0.000000 -0.000000
vn 1.000000 0.000000 -0.000000
vn 1.000000 0.000000 -0.000000
vn 1.000000 0.000000 -0.000000
vn 1.000000 0.000000 -0.000000
vn 0.000001 0.912591 -0.408874
vn 0.000001 0.912591 -0.408874
vn 0.000001 0.912591 -0.408874
vn -0.000000 0.912591 -0.408874
vn -0.000000 0.912591 -0.408874
vn -0.000000 0.912591 -0.408874
vn -0.000000 0.226917 -0.973914
vn -0.000000 0.226917 -0.973914
vn -0.000000 0.226917 -0.973914
vn -0.000000 0.226916 -0.973914
vn -0.000000 0.226916 -0.973914
vn -0.000000 0.226916 -0.973914
vn 0.000000 -0.226917 -0.973914
vn 0.000000 -0.226917 -0.973914
vn 0.000000 -0.226917 -0.973914
vn -0.000000 -0.226916 -0.973914
vn -0.000000 -0.226916 -0.973914
vn -0.000000 -0.226916 -0.973914
vn -0.000001 -0.912591 -0.408874
vn -0.000001 -0.912591 -0.408874
vn -0.000001 -0.912591 -0.408874
vn 0.000001 -0.912591 -0.408874
vn 0.000001 -0.912591 -0.408874
vn 0.000001 -0.912591 -0.408874
vn 0.000000 -0.912591 0.408874
vn 0.000000 -0.912591 0.408874
vn 0.000000 -0.912591 0.408874
vn 0.000001 -0.912591 0.408874
vn 0.000001 -0.912591 0.408874
vn 0.000001 -0.912591 0.408874
vn -0.000000 -0.226917 0.973914
vn -0.000000 -0.226917 0.973914
vn -0.000000 -0.226917 0.973914
vn -0.000000 -0.226917 0.973914
vn -0.000000 -0.226917 0.973914
vn -0.000000 -0.226917 0.973914
vn 0.000000 0.226917 0.973914
vn 0.000000 0.226917 0.973914
vn 0.000000 0.226917 0.973914
vn -0.000000 0.226917 0.973914
vn -0.000000 0.226917 0.973914
vn -0.000000 0.226917 0.973914
vn 0.000001 0.912591 0.408874
vn 0.000001 0.912591 0.408874
vn 0.000001 0.912591 0.408874
vn -0.000002 0.912591 0.408874
vn -0.000002 0.912591 0.408874
vn -0.000002 0.912591 0.408874
vn -0.000000 0.912589 -0.408879
vn -0.000000 0.912589 -0.408879
vn -0.000000 0.912589 -0.408879
vn -0.000000 0.912589 -0.408879
vn -0.000000 0.912589 -0.408879
vn -0.000000 0.912589 -0.408879
vn 0.000000 0.226917 -0.973914
vn 0.000000 0.226917 -0.973914
vn 0.000000 0.226917 -0.973914
vn -0.000000 0.226917 -0.973914
vn -0.000000 0.226917 -0.973914
vn -0.000000 0.226917 -0.973914
vn -0.000000 -0.226917 -0.973914
vn -0.000000 -0.226917 -0.973914
vn -0.000000 -0.226917 -0.973914
vn 0.000000 -0.226917 -0.973914
vn 0.000000 -0.226917 -0.973914
vn 0.000000 -0.226917 -0.973914
vn -0.000001 -0.912591 -0.408874
vn -0.000001 -0.912591 -0.408874
vn -0.000001 -0.912591 -0.408874
vn -0.000000 -0.912591 -0.408874
vn -0.000000 -0.912591 -0.408874
vn -0.000000 -0.912591 -0.408874
vn -0.000000 -0.912591 0.408874
vn -0.000000 -0.912591 0.408874
vn -0.000000 -0.912591 0.408874
vn 0.000001 -0.912591 0.408874
vn 0.000001 -0.912591 0.408874
vn 0.000001 -0.912591 0.408874
vn -0.000000 -0.226917 0.973914
vn -0.000000 -0.226917 0.973914
vn -0.000000 -0.226917 0.973914
vn -0.000000 -0.226917 0.973914
vn -0.000000 -0.226917 0.973914
vn -0.000000 -0.226917 0.973914
vn -0.000000 0.226917 0.973914
vn -0.000000 0.226917 0.973914
vn -0.000000 0.226917 0.973914
vn -0.000000 0.226917 0.973914
vn -0.000000 0.226917 0.973914
vn -0.000000 0.226917 0.973914
vn -0.000000 0.912588 0.408879
vn -0.000000 0.912588 0.408879
vn -0.000000 0.912588 0.408879
vn -0.000000 0.912588 0.408879
vn -0.000000 0.912588 0.408879
vn -0.000000 0.912588 0.408879
vn -0.408879 0.912588 0.000000
vn -0.408879 0.912588 0.000000
vn -0.408879 0.912588 0.000000
vn -0.408879 0.912589 0.000000
vn -0.408879 0.912589 0.000000
vn -0.408879 0.912589 0.000000
vn -0.973914 0.226917 0.000000
vn -0.973914 0.226917 0.000000
vn -0.973914 0.226917 0.000000
vn -0.973914 0.226917 0.000000
vn -0.973914 0.226917 0.000000
vn -0.973914 0.226917 0.000000
vn -0.973914 -0.226917 0.000000
vn -0.973914 -0.226917 0.000000
vn -0.973914 -0.226917 0.000000
vn -0.973914 -0.226917 0.000000
vn -0.973914 -0.226917 0.000000
vn -0.973914 -0.226917 0.000000
vn -0.408875 -0.912590 0.000000
vn -0.408875 -0.912590 0.000000
vn -0.408875 -0.912590 0.000000
vn -0.408874 -0.912591 0.000000
vn -0.408874 -0.912591 0.000000
vn -0.408874 -0.912591 0.000000
vn 0.408875 -0.912590 -0.000000
vn 0.408875 -0.912590 -0.000000
vn 0.408875 -0.912590 -0.000000
vn 0.408874 -0.912591 0.000000
vn 0.408874 -0.912591 0.000000
vn 0.408874 -0.912591 0.000000
vn 0.973914 -0.226917 0.000000
vn 0.973914 -0.226917 0.000000
vn 0.973914 -0.226917 0.000000
vn 0.973914 -0.226917 0.000000
vn 0.973914 -0.226917 0.000000
vn 0.973914 -0.226917 0.000000
vn 0.973914 0.226917 0.000000
vn 0.973914 0.226917 0.000000
vn 0.973914 0.226917 0.000000
vn 0.973914 0.226917 0.000000
vn 0.973914 0.226917 0.000000
vn 0.973914 0.226917 0.000000
vn 0.408879 0.912589 0.000000
vn 0.408879 0.912589 0.000000
vn 0.408879 0.912589 0.000000
vn 0.408879 0.912589 -0.000000
vn 0.408879 0.912589 -0.000000
vn 0.408879 0.912589 -0.000000
vn -0.408873 0.912591 0.000000
vn -0.408873 0.912591 0.000000
vn -0.408873 0.912591 0.000000
vn -0.408875 0.912591 0.000000
vn -0.408875 0.912591 0.000000
vn -0.408875 0.912591 0.000000
vn -0.973914 0.226917 0.000000
vn -0.973914 0.226917 0.000000
vn -0.973914 0.226917 0.000000
vn -0.973914 0.226917 0.000000
vn -0.973914 0.226917 0.000000
vn -0.973914 0.226917 0.000000
vn -0.973914 -0.226917 0.000000
vn -0.973914 -0.226917 0.000000
vn -0.973914 -0.226917 0.000000
vn -0.973914 -0.226917 0.000000
vn -0.973914 -0.226917 0.000000
vn -0.973914 -0.226917 0.000000
vn -0.408873 -0.912591 0.000000
vn -0.408873 -0.912591 0.000000
vn -0.408873 -0.912591 0.000000
vn -0.408875 -0.912591 0.000000
vn -0.408875 -0.912591 0.000000
vn -0.408875 -0.912591 0.000000
vn 0.408874 -0.912591 -0.000000
vn 0.408874 -0.912591 -0.000000
vn 0.408874 -0.912591 -0.000000
vn 0.408874 -0.912591 -0.000000
vn 0.408874 -0.912591 -0.000000
vn 0.408874 -0.912591 -0.000000
vn 0.973914 -0.226917 0.000000
vn 0.973914 -0.226917 0.000000
vn 0.973914 -0.226917 0.000000
vn 0.973914 -0.226917 0.000000
vn 0.973914 -0.226917 0.000000
vn 0.973914 -0.226917 0.000000
vn 0.973914 0.226916 0.000000
vn 0.973914 0.226916 0.000000
vn 0.973914 0.226916 0.000000
vn 0.973914 0.226917 0.000000
vn 0.973914 0.226917 0.000000
vn 0.973914 0.226917 0.000000
vn 0.408873 0.912591 0.000000
vn 0.408873 0.912591 0.000000
vn 0.408873 0.912591 0.000000
vn 0.408873 0.912591 -0.000000
vn 0.408873 0.912591 -0.000000
vn 0.408873 0.912591 -0.000000
vn 0.000000 0.000000 1.000000
vn 0.000000 0.000000 1.000000
vn 0.000000 0.000000 1.000000
vn 0.000000 0.000000 1.000000
vn 0.000000 0.000000 1.000000
vn 0.000000 0.000000 1.000000
vn 0.000000 0.000000 1.000000
vn 0.000000 0.000000 1.000000
vn 0.000000 0.000000 1.000000
vn 0.000000 -0.000000 1.000000
vn 0.000000 -0.000000 1.000000
vn 0.000000 -0.000000 1.000000
vn 0.000000 0.000000 1.000000
vn 0.000000 0.000000 1.000000
vn 0.000000 0.000000 1.000000
vn 0.000001 -0.000000 1.000000
vn 0.000001 -0.000000 1.000000
vn 0.000001 -0.000000 1.000000
vn 0.000000 0.000000 1.000000
vn 0.000000 0.000000 1.000000
vn 0.000000 0.000000 1.000000
vn -0.000000 0.000000 1.000000
vn -0.000000 0.000000 1.000000
vn -0.000000 0.000000 1.000000
vn 0.000000 0.000000 1.000000
vn 0.000000 0.000000 1.000000
vn 0.000000 0.000000 1.000000
vn 0.000000 -0.000000 1.000000
vn 0.000000 -0.000000 1.000000
vn 0.000000 -0.000000 1.000000
vn 0.000000 0.000000 1.000000
vn 0.000000 0.000000 1.000000
vn 0.000000 0.000000 1.000000
vn 0.000001 -0.000000 1.000000
vn 0.000001 -0.000000 1.000000
vn 0.000001 -0.000000 1.000000
vn -0.000000 0.000000 1.000000
vn -0.000000 0.000000 1.000000
vn -0.000000 0.000000 1.000000
vn 0.000000 0.000000 1.000000
vn 0.000000 0.000000 1.000000
vn 0.000000 0.000000 1.000000
vn 0.000000 -0.000000 1.000000
vn 0.000000 -0.000000 1.000000
vn 0.000000 -0.000000 1.000000
vn 0.000000 0.000000 1.000000
vn 0.000000 0.000000 1.000000
vn 0.000000 0.000000 1.000000
vn -0.000000 0.000000 1.000000
vn -0.000000 0.000000 1.000000
vn -0.000000 0.000000 1.000000
vn 0.000000 -0.000000 1.000000
vn 0.000000 -0.000000 1.000000
vn 0.000000 -0.000000 1.000000
vn 0.000000 0.000000 1.000000
vn 0.000000 0.000000 1.000000
vn 0.000000 0.000000 1.000000
vn 0.000000 -0.000000 1.000000
vn 0.000000 -0.000000 1.000000
vn 0.000000 -0.000000 1.000000
vn 0.000000 0.000000 1.000000
vn 0.000000 0.000000 1.000000
vn 0.000000 0.000000 1.000000
vn 0.000000 0.000000 1.000000
vn 0.000000 0.000000 1.000000
vn 0.000000 0.000000 1.000000
vn 0.000000 0.000000 1.000000
vn 0.000000 0.000000 1.000000
vn 0.000000 0.000000 1.000000
vn 0.000000 0.000000 1.000000
vn 0.000000 0.000000 1.000000
vn 0.000000 0.000000 1.000000
vn 0.000000 0.000000 1.000000
vn 0.000000 0.000000 1.000000
vn 0.000000 0.000000 1.000000
vn 0.000000 -0.000000 1.000000
vn 0.000000 -0.000000 1.000000
vn 0.000000 -0.000000 1.000000
vn 0.000000 -0.000000 1.000000
vn 0.000000 -0.000000 1.000000
vn 0.000000 -0.000000 1.000000
vn 0.000001 -0.000000 1.000000
vn 0.000001 -0.000000 1.000000
vn 0.000001 -0.000000 1.000000
vn -0.000000 -0.000000 1.000000
vn -0.000000 -0.000000 1.000000
vn -0.000000 -0.000000 1.000000
vn 0.000000 -0.000000 1.000000
vn 0.000000 -0.000000 1.000000
vn 0.000000 -0.000000 1.000000
vn 0.000000 0.000000 1.000000
vn 0.000000 0.000000 1.000000
vn 0.000000 0.000000 1.000000
vn 0.000000 0.000000 1.000000
vn 0.000000 0.000000 1.000000
vn 0.000000 0.000000 1.000000
vn -1.000000 0.000000 0.000000
vn -1.000000 0.000000 0.000000
vn -1.000000 0.000000 0.000000
vn -1.000000 -0.000000 0.000000
vn -1.000000 -0.000000 0.000000
vn -1.000000 -0.000000 0.000000
vn -1.000000 -0.000000 0.000000
vn -1.000000 -0.000000 0.000000
vn -1.000000 -0.000000 0.000000
vn -1.000000 0.000000 -0.000000
vn -1.000000 0.000000 -0.000000
vn -1.000000 0.000000 -0.000000
vn -1.000000 -0.000000 0.000001
vn -1.000000 -0.000000 0.000001
vn -1.000000 -0.000000 0.000001
vn -1.000000 -0.000000 0.000000
vn -1.000000 -0.000000 0.000000
vn -1.000000 -0.000000 0.000000
vn -1.000000 -0.000000 0.000000
vn -1.000000 -0.000000 0.000000
vn -1.000000 -0.000000 0.000000
vn -1.000000 0.000000 0.000000
vn -1.000000 0.000000 0.000000
vn -1.000000 0.000000 0.000000
vn -1.000000 0.000000 0.000001
vn -1.000000 0.000000 0.000001
vn -1.000000 0.000000 0.000001
vn -1.000000 0.000000 0.000000
vn -1.000000 0.000000 0.000000
vn -1.000000 0.000000 0.000000
vn -1.000000 0.000000 0.000000
vn -1.000000 0.000000 0.000000
vn -1.000000 0.000000 0.000000
vn -1.000000 0.000000 0.000000
vn -1.000000 0.000000 0.000000
vn -1.000000 0.000000 0.000000
vn -1.000000 -0.000000 0.000000
vn -1.000000 -0.000000 0.000000
vn -1.000000 -0.000000 0.000000
vn -1.000000 0.000000 0.000000
vn -1.000000 0.000000 0.000000
vn -1.000000 0.000000 0.000000
vn -1.000000 0.000000 0.000000
vn -1.000000 0.000000 0.000000
vn -1.000000 0.000000 0.000000
vn -1.000000 0.000000 0.000000
vn -1.000000 0.000000 0.000000
vn -1.000000 0.000000 0.000000
vn -1.000000 0.000000 0.000000
vn -1.000000 0.000000 0.000000
vn -1.000000 0.000000 0.000000
vn -1.000000 0.000000 0.000000
vn -1.000000 0.000000 0.000000
vn -1.000000 0.000000 0.000000
vn -1.000000 0.000000 0.000000
vn -1.000000 0.000000 0.000000
vn -1.000000 0.000000 0.000000
vn -1.000000 0.000000 0.000000
vn -1.000000 0.000000 0.000000
vn -1.000000 0.000000 0.000000
vn -1.000000 -0.000000 0.000001
vn -1.000000 -0.000000 0.000001
vn -1.000000 -0.000000 0.000001
vn -1.000000 0.000000 0.000000
vn -1.000000 0.000000 0.000000
vn -1.000000 0.000000 0.000000
vn -1.000000 -0.000000 0.000000
vn -1.000000 -0.000000 0.000000
vn -1.000000 -0.000000 0.000000
vn -1.000000 0.000000 0.000000
vn -1.000000 0.000000 0.000000
vn -1.000000 0.000000 0.000000
vn -1.000000 0.000000 0.000000
vn -1.000000 0.000000 0.000000
vn -1.000000 0.000000 0.000000
vn -1.000000 0.000000 0.000000
vn -1.000000 0.000000 0.000000
vn -1.000000 0.000000 0.000000
vn -1.000000 -0.000000 0.000001
vn -1.000000 -0.000000 0.000001
vn -1.000000 -0.000000 0.000001
vn -1.000000 -0.000000 0.000000
vn -1.000000 -0.000000 0.000000
vn -1.000000 -0.000000 0.000000
vn -1.000000 -0.000000 0.000000
vn -1.000000 -0.000000 0.000000
vn -1.000000 -0.000000 0.000000
vn -1.000000 0.000000 0.000000
vn -1.000000 0.000000 0.000000
vn -1.000000 0.000000 0.000000
vn -1.000000 0.000000 0.000000
vn -1.000000 0.000000 0.000000
vn -1.000000 0.000000 0.000000
vn -1.000000 0.000000 0.000000
vn -1.000000 0.000000 0.000000
vn -1.000000 0.000000 0.000000
vn 0.000002 0.912591 0.408874
vn 0.000002 0.912591 0.408874
vn 0.000002 0.912591 0.408874
vn -0.000000 0.912591 0.408874
vn -0.000000 0.912591 0.408874
vn -0.000000 0.912591 0.408874
vn -0.000000 0.226917 0.973914
vn -0.000000 0.226917 0.973914
vn -0.000000 0.226917 0.973914
vn -0.000000 0.226917 0.973914
vn -0.000000 0.226917 0.973914
vn -0.000000 0.226917 0.973914
vn 0.000000 -0.226917 0.973914
vn 0.000000 -0.226917 0.973914
vn 0.000000 -0.226917 0.973914
vn -0.000000 -0.226917 0.973914
vn -0.000000 -0.226917 0.973914
vn -0.000000 -0.226917 0.973914
vn -0.000001 -0.912591 0.408874
vn -0.000001 -0.912591 0.408874
vn -0.000001 -0.912591 0.408874
vn -0.000000 -0.912591 0.408874
vn -0.000000 -0.912591 0.408874
vn -0.000000 -0.912591 0.408874
vn 0.000000 -0.912591 -0.408874
vn 0.000000 -0.912591 -0.408874
vn 0.000000 -0.912591 -0.408874
vn -0.000000 -0.912591 -0.408874
vn -0.000000 -0.912591 -0.408874
vn -0.000000 -0.912591 -0.408874
vn -0.000000 -0.226917 -0.973914
vn -0.000000 -0.226917 -0.973914
vn -0.000000 -0.226917 -0.973914
vn -0.000000 -0.226917 -0.973914
vn -0.000000 -0.226917 -0.973914
vn -0.000000 -0.226917 -0.973914
vn -0.000000 0.226917 -0.973914
vn -0.000000 0.226917 -0.973914
vn -0.000000 0.226917 -0.973914
vn -0.000000 0.226917 -0.973914
vn -0.000000 0.226917 -0.973914
vn -0.000000 0.226917 -0.973914
vn -0.000001 0.912591 -0.408874
vn -0.000001 0.912591 -0.408874
vn -0.000001 0.912591 -0.408874
vn -0.000000 0.912591 -0.408874
vn -0.000000 0.912591 -0.408874
vn -0.000000 0.912591 -0.408874
vn -0.000000 0.912589 0.408879
vn -0.000000 0.912589 0.408879
vn -0.000000 0.912589 0.408879
vn 0.000003 0.912589 0.408879
vn 0.000003 0.912589 0.408879
vn 0.000003 0.912589 0.408879
vn 0.000000 0.226917 0.973914
vn 0.000000 0.226917 0.973914
vn 0.000000 0.226917 0.973914
vn -0.000000 0.226917 0.973914
vn -0.000000 0.226917 0.973914
vn -0.000000 0.226917 0.973914
vn -0.000000 -0.226917 0.973914
vn -0.000000 -0.226917 0.973914
vn -0.000000 -0.226917 0.973914
vn -0.000000 -0.226917 0.973914
vn -0.000000 -0.226917 0.973914
vn -0.000000 -0.226917 0.973914
vn 0.000001 -0.912591 0.408874
vn 0.000001 -0.912591 0.408874
vn 0.000001 -0.912591 0.408874
vn -0.000000 -0.912591 0.408874
vn -0.000000 -0.912591 0.408874
vn -0.000000 -0.912591 0.408874
vn -0.000000 -0.912591 -0.408875
vn -0.000000 -0.912591 -0.408875
vn -0.000000 -0.912591 -0.408875
vn -0.000000 -0.912591 -0.408874
vn -0.000000 -0.912591 -0.408874
vn -0.000000 -0.912591 -0.408874
vn -0.000000 -0.226917 -0.973914
vn -0.000000 -0.226917 -0.973914
vn -0.000000 -0.226917 -0.973914
vn -0.000000 -0.226917 -0.973914
vn -0.000000 -0.226917 -0.973914
vn -0.000000 -0.226917 -0.973914
vn -0.000000 0.226917 -0.973914
vn -0.000000 0.226917 -0.973914
vn -0.000000 0.226917 -0.973914
vn -0.000000 0.226917 -0.973914
vn -0.000000 0.226917 -0.973914
vn -0.000000 0.226917 -0.973914
vn -0.000004 0.912588 -0.408879
vn -0.000004 0.912588 -0.408879
vn -0.000004 0.912588 -0.408879
vn -0.000000 0.912589 -0.408879
vn -0.000000 0.912589 -0.408879
vn -0.000000 0.912589 -0.408879
vn 0.408879 0.912589 -0.000000
vn 0.408879 0.912589 -0.000000
vn 0.408879 0.912589 -0.000000
vn 0.408879 0.912589 0.000000
vn 0.408879 0.912589 0.000000
vn 0.408879 0.912589 0.000000
vn 0.973914 0.226917 0.000000
vn 0.973914 0.226917 0.000000
vn 0.973914 0.226917 0.000000
vn 0.973914 0.226917 0.000000
vn 0.973914 0.226917 0.000000
vn 0.973914 0.226917 0.000000
vn 0.973914 -0.226917 0.000000
vn 0.973914 -0.226917 0.000000
vn 0.973914 -0.226917 0.000000
vn 0.973914 -0.226917 0.000000
vn 0.973914 -0.226917 0.000000
vn 0.973914 -0.226917 0.000000
vn 0.408874 -0.912591 0.000000
vn 0.408874 -0.912591 0.000000
vn 0.408874 -0.912591 0.000000
vn 0.408874 -0.912591 0.000000
vn 0.408874 -0.912591 0.000000
vn 0.408874 -0.912591 0.000000
vn -0.408874 -0.912591 0.000000
vn -0.408874 -0.912591 0.000000
vn -0.408874 -0.912591 0.000000
vn -0.408874 -0.912591 0.000000
vn -0.408874 -0.912591 0.000000
vn -0.408874 -0.912591 0.000000
vn -0.973914 -0.226917 0.000000
vn -0.973914 -0.226917 0.000000
vn -0.973914 -0.226917 0.000000
vn -0.973914 -0.226917 -0.000000
vn -0.973914 -0.226917 -0.000000
vn -0.973914 -0.226917 -0.000000
vn -0.973914 0.226917 -0.000000
vn -0.973914 0.226917 -0.000000
vn -0.973914 0.226917 -0.000000
vn -0.973914 0.226917 0.000000
vn -0.973914 0.226917 0.000000
vn -0.973914 0.226917 0.000000
vn -0.408879 0.912589 0.000000
vn -0.408879 0.912589 0.000000
vn -0.408879 0.912589 0.000000
vn -0.408879 0.912589 0.000000
vn -0.408879 0.912589 0.000000
vn -0.408879 0.912589 0.000000
vn 0.408873 0.912591 -0.000000
vn 0.408873 0.912591 -0.000000
vn 0.408873 0.912591 -0.000000
vn 0.408876 0.912590 -0.000000
vn 0.408876 0.912590 -0.000000
vn 0.408876 0.912590 -0.000000
vn 0.973914 0.226917 0.000000
vn 0.973914 0.226917 0.000000
vn 0.973914 0.226917 0.000000
vn 0.973914 0.226916 0.000000
vn 0.973914 0.226916 0.000000
vn 0.973914 0.226916 0.000000
vn 0.973914 -0.226917 0.000000
vn 0.973914 -0.226917 0.000000
vn 0.973914 -0.226917 0.000000
vn 0.973914 -0.226917 -0.000000
vn 0.973914 -0.226917 -0.000000
vn 0.973914 -0.226917 -0.000000
vn 0.408876 -0.912590 -0.000000
vn 0.408876 -0.912590 -0.000000
vn 0.408876 -0.912590 -0.000000
vn 0.408876 -0.912590 -0.000000
vn 0.408876 -0.912590 -0.000000
vn 0.408876 -0.912590 -0.000000
vn -0.408876 -0.912590 0.000000
vn -0.408876 -0.912590 0.000000
vn -0.408876 -0.912590 0.000000
vn -0.408873 -0.912591 0.000000
vn -0.408873 -0.912591 0.000000
vn -0.408873 -0.912591 0.000000
vn -0.973914 -0.226917 0.000000
vn -0.973914 -0.226917 0.000000
vn -0.973914 -0.226917 0.000000
vn -0.973914 -0.226917 0.000000
vn -0.973914 -0.226917 0.000000
vn -0.973914 -0.226917 0.000000
vn -0.973914 0.226917 0.000000
vn -0.973914 0.226917 0.000000
vn -0.973914 0.226917 0.000000
vn -0.973914 0.226916 0.000000
vn -0.973914 0.226916 0.000000
vn -0.973914 0.226916 0.000000
vn -0.408873 0.912591 0.000000
vn -0.408873 0.912591 0.000000
vn -0.408873 0.912591 0.000000
vn -0.408873 0.912591 0.000000
vn -0.408873 0.912591 0.000000
vn -0.408873 0.912591 0.000000
vn -0.000000 0.000000 -1.000000
vn -0.000000 0.000000 -1.000000
vn -0.000000 0.000000 -1.000000
vn -0.000000 0.000000 -1.000000
vn -0.000000 0.000000 -1.000000
vn -0.000000 0.000000 -1.000000
vn -0.000000 -0.000000 -1.000000
vn -0.000000 -0.000000 -1.000000
vn -0.000000 -0.000000 -1.000000
vn -0.000000 -0.000000 -1.000000
vn -0.000000 -0.000000 -1.000000
vn -0.000000 -0.000000 -1.000000
vn 0.000000 -0.000000 -1.000000
vn 0.000000 -0.000000 -1.000000
vn 0.000000 -0.000000 -1.000000
vn -0.000000 -0.000000 -1.000000
vn -0.000000 -0.000000 -1.000000
vn -0.000000 -0.000000 -1.000000
vn -0.000000 0.000000 -1.000000
vn -0.000000 0.000000 -1.000000
vn -0.000000 0.000000 -1.000000
vn -0.000000 0.000000 -1.000000
vn -0.000000 0.000000 -1.000000
vn -0.000000 0.000000 -1.000000
vn -0.000000 0.000000 -1.000000
vn -0.000000 0.000000 -1.000000
vn -0.000000 0.000000 -1.000000
vn -0.000000 0.000000 -1.000000
vn -0.000000 0.000000 -1.000000
vn -0.000000 0.000000 -1.000000
vn -0.000000 0.000000 -1.000000
vn -0.000000 0.000000 -1.000000
vn -0.000000 0.000000 -1.000000
vn -0.000000 0.000000 -1.000000
vn -0.000000 0.000000 -1.000000
vn -0.000000 0.000000 -1.000000
vn 0.000000 -0.000000 -1.000000
vn 0.000000 -0.000000 -1.000000
vn 0.000000 -0.000000 -1.000000
vn -0.000000 0.000000 -1.000000
vn -0.000000 0.000000 -1.000000
vn -0.000000 0.000000 -1.000000
vn -0.000000 0.000000 -1.000000
vn -0.000000 0.000000 -1.000000
vn -0.000000 0.000000 -1.000000
vn -0.000000 0.000000 -1.000000
vn -0.000000 0.000000 -1.000000
vn -0.000000 0.000000 -1.000000
vn -0.000000 -0.000000 -1.000000
vn -0.000000 -0.000000 -1.000000
vn -0.000000 -0.000000 -1.000000
vn -0.000000 -0.000000 -1.000000
vn -0.000000 -0.000000 -1.000000
vn -0.000000 -0.000000 -1.000000
vn -0.000000 0.000000 -1.000000
vn -0.000000 0.000000 -1.000000
vn -0.000000 0.000000 -1.000000
vn -0.000000 0.000000 -1.000000
vn -0.000000 0.000000 -1.000000
vn -0.000000 0.000000 -1.000000
vn -0.000000 0.000000 -1.000000
vn -0.000000 0.000000 -1.000000
vn -0.000000 0.000000 -1.000000
vn -0.000000 0.000000 -1.000000
vn -0.000000 0.000000 -1.000000
vn -0.000000 0.000000 -1.000000
vn -0.000000 0.000000 -1.000000
vn -0.000000 0.000000 -1.000000
vn -0.000000 0.000000 -1.000000
vn -0.000000 0.000000 -1.000000
vn -0.000000 0.000000 -1.000000
vn -0.000000 0.000000 -1.000000
vn -0.000000 0.000000 -1.000000
vn -0.000000 0.000000 -1.000000
vn -0.000000 0.000000 -1.000000
vn -0.000000 -0.000000 -1.000000
vn -0.000000 -0.000000 -1.000000
vn -0.000000 -0.000000 -1.000000
vn -0.000000 -0.000000 -1.000000
vn -0.000000 -0.000000 -1.000000
vn -0.000000 -0.000000 -1.000000
vn -0.000000 0.000000 -1.000000
vn -0.000000 0.000000 -1.000000
vn -0.000000 0.000000 -1.000000
vn 0.000000 0.000000 -1.000000
vn 0.000000 0.000000 -1.000000
vn 0.000000 0.000000 -1.000000
vn -0.000000 -0.000000 -1.000000
vn -0.000000 -0.000000 -1.000000
vn -0.000000 -0.000000 -1.000000
vn -0.000000 0.000000 -1.000000
vn -0.000000 0.000000 -1.000000
vn -0.000000 0.000000 -1.000000
vn -0.000000 0.000000 -1.000000
vn -0.000000 0.000000 -1.000000
vn -0.000000 0.000000 -1.000000
vn 1.000000 0.000000 -0.000000
vn 1.000000 0.000000 -0.000000
vn 1.000000 0.000000 -0.000000
vn 1.000000 -0.000000 -0.000000
vn 1.000000 -0.000000 -0.000000
vn 1.000000 -0.000000 -0.000000
vn 1.000000 -0.000000 0.000000
vn 1.000000 -0.000000 0.000000
vn 1.000000 -0.000000 0.000000
vn 1.000000 0.000000 0.000000
vn 1.000000 0.000000 0.000000
vn 1.000000 0.000000 0.000000
vn 1.000000 -0.000000 -0.000000
vn 1.000000 -0.000000 -0.000000
vn 1.000000 -0.000000 -0.000000
vn 1.000000 -0.000000 0.000000
vn 1.000000 -0.000000 0.000000
vn 1.000000 -0.000000 0.000000
vn 1.000000 -0.000000 -0.000000
vn 1.000000 -0.000000 -0.000000
vn 1.000000 -0.000000 -0.000000
vn 1.000000 0.000000 0.000000
vn 1.000000 0.000000 0.000000
vn 1.000000 0.000000 0.000000
vn 1.000000 0.000000 -0.000000
vn 1.000000 0.000000 -0.000000
vn 1.000000 0.000000 -0.000000
vn 1.000000 0.000000 0.000000
vn 1.000000 0.000000 0.000000
vn 1.000000 0.000000 0.000000
vn 1.000000 0.000000 -0.000000
vn 1.000000 0.000000 -0.000000
vn 1.000000 0.000000 -0.000000
vn 1.000000 0.000000 0.000000
vn 1.000000 0.000000 0.000000
vn 1.000000 0.000000 0.000000
vn 1.000000 0.000000 0.000000
vn 1.000000 0.000000 0.000000
vn 1.000000 0.000000 0.000000
vn 1.000000 0.000000 0.000000
vn 1.000000 0.000000 0.000000
vn 1.000000 0.000000 0.000000
vn 1.000000 0.000000 -0.000000
vn 1.000000 0.000000 -0.000000
vn 1.000000 0.000000 -0.000000
vn 1.000000 0.000000 0.000000
vn 1.000000 0.000000 0.000000
vn 1.000000 0.000000 0.000000
vn 1.000000 0.000000 -0.000000
vn 1.000000 0.000000 -0.000000
vn 1.000000 0.000000 -0.000000
vn 1.000000 0.000000 -0.000000
vn 1.000000 0.000000 -0.000000
vn 1.000000 0.000000 -0.000000
vn 1.000000 0.000000 -0.000000
vn 1.000000 0.000000 -0.000000
vn 1.000000 0.000000 -0.000000
vn 1.000000 0.000000 0.000000
vn 1.000000 0.000000 0.000000
vn 1.000000 0.000000 0.000000
vn 1.000000 0.000000 0.000000
vn 1.000000 0.000000 0.000000
vn 1.000000 0.000000 0.000000
vn 1.000000 0.000000 -0.000000
vn 1.000000 0.000000 -0.000000
vn 1.000000 0.000000 -0.000000
vn 1.000000 0.000000 0.000000
vn 1.000000 0.000000 0.000000
vn 1.000000 0.000000 0.000000
vn 1.000000 0.000000 0.000000
vn 1.000000 0.000000 0.000000
vn 1.000000 0.000000 0.000000
vn 1.000000 0.000000 0.000000
vn 1.000000 0.000000 0.000000
vn 1.000000 0.000000 0.000000
vn 1.000000 0.000000 0.000000
vn 1.000000 0.000000 0.000000
vn 1.000000 0.000000 0.000000
vn 1.000000 -0.000000 -0.000000
vn 1.000000 -0.000000 -0.000000
vn 1.000000 -0.000000 -0.000000
vn 1.000000 -0.000000 0.000000
vn 1.000000 -0.000000 0.000000
vn 1.000000 -0.000000 0.000000
vn 1.000000 -0.000000 -0.000000
vn 1.000000 -0.000000 -0.000000
vn 1.000000 -0.000000 -0.000000
vn 1.000000 -0.000000 -0.000000
vn 1.000000 -0.000000 -0.000000
vn 1.000000 -0.000000 -0.000000
vn 1.000000 0.000000 -0.000000
vn 1.000000 0.000000 -0.000000
vn 1.000000 0.000000 -0.000000
vn 1.000000 0.000000 0.000000
vn 1.000000 0.000000 0.000000
vn 1.000000 0.000000 0.000000
vn 0.000003 0.912591 -0.408874
vn 0.000003 0.912591 -0.408874
vn 0.000003 0.912591 -0.408874
vn -0.000004 0.912591 -0.408874
vn -0.000004 0.912591 -0.408874
vn -0.000004 0.912591 -0.408874
vn -0.000000 0.226917 -0.973914
vn -0.000000 0.226917 -0.973914
vn -0.000000 0.226917 -0.973914
vn -0.000000 0.226917 -0.973914
vn -0.000000 0.226917 -0.973914
vn -0.000000 0.226917 -0.973914
vn -0.000001 -0.226917 -0.973914
vn -0.000001 -0.226917 -0.973914
vn -0.000001 -0.226917 -0.973914
vn -0.000000 -0.226917 -0.973914
vn -0.000000 -0.226917 -0.973914
vn -0.000000 -0.226917 -0.973914
vn -0.000003 -0.912591 -0.408874
vn -0.000003 -0.912591 -0.408874
vn -0.000003 -0.912591 -0.408874
vn -0.000000 -0.912591 -0.408874
vn -0.000000 -0.912591 -0.408874
vn -0.000000 -0.912591 -0.408874
vn -0.000006 -0.912591 0.408874
vn -0.000006 -0.912591 0.408874
vn -0.000006 -0.912591 0.408874
vn 0.000004 -0.912591 0.408874
vn 0.000004 -0.912591 0.408874
vn 0.000004 -0.912591 0.408874
vn -0.000000 -0.226917 0.973914
vn -0.000000 -0.226917 0.973914
vn -0.000000 -0.226917 0.973914
vn 0.000001 -0.226917 0.973914
vn 0.000001 -0.226917 0.973914
vn 0.000001 -0.226917 0.973914
vn -0.000001 0.226917 0.973914
vn -0.000001 0.226917 0.973914
vn -0.000001 0.226917 0.973914
vn -0.000000 0.226917 0.973914
vn -0.000000 0.226917 0.973914
vn -0.000000 0.226917 0.973914
vn 0.000003 0.912591 0.408874
vn 0.000003 0.912591 0.408874
vn 0.000003 0.912591 0.408874
vn -0.000004 0.912591 0.408874
vn -0.000004 0.912591 0.408874
vn -0.000004 0.912591 0.408874
vn -0.000000 0.912589 -0.408879
vn -0.000000 0.912589 -0.408879
vn -0.000000 0.912589 -0.408879
vn -0.000000 0.912589 -0.408879
vn -0.000000 0.912589 -0.408879
vn -0.000000 0.912589 -0.408879
vn 0.000000 0.226917 -0.973914
vn 0.000000 0.226917 -0.973914
vn 0.000000 0.226917 -0.973914
vn -0.000000 0.226917 -0.973914
vn -0.000000 0.226917 -0.973914
vn -0.000000 0.226917 -0.973914
vn -0.000000 -0.226917 -0.973914
vn -0.000000 -0.226917 -0.973914
vn -0.000000 -0.226917 -0.973914
vn -0.000000 -0.226917 -0.973914
vn -0.000000 -0.226917 -0.973914
vn -0.000000 -0.226917 -0.973914
vn 0.000001 -0.912591 -0.408874
vn 0.000001 -0.912591 -0.408874
vn 0.000001 -0.912591 -0.408874
vn -0.000000 -0.912591 -0.408874
vn -0.000000 -0.912591 -0.408874
vn -0.000000 -0.912591 -0.408874
vn -0.000000 -0.912591 0.408874
vn -0.000000 -0.912591 0.408874
vn -0.000000 -0.912591 0.408874
vn -0.000000 -0.912591 0.408875
vn -0.000000 -0.912591 0.408875
vn -0.000000 -0.912591 0.408875
vn 0.000000 -0.226917 0.973914
vn 0.000000 -0.226917 0.973914
vn 0.000000 -0.226917 0.973914
vn -0.000000 -0.226917 0.973914
vn -0.000000 -0.226917 0.973914
vn -0.000000 -0.226917 0.973914
vn -0.000000 0.226917 0.973914
vn -0.000000 0.226917 0.973914
vn -0.000000 0.226917 0.973914
vn -0.000000 0.226917 0.973914
vn -0.000000 0.226917 0.973914
vn -0.000000 0.226917 0.973914
vn 0.000002 0.912589 0.408879
vn 0.000002 0.912589 0.408879
vn 0.000002 0.912589 0.408879
vn -0.000000 0.912589 0.408879
vn -0.000000 0.912589 0.408879
vn -0.000000 0.912589 0.408879
vn -0.000000 0.000000 -1.000000
vn -0.000000 0.000000 -1.000000
vn -0.000000 0.000000 -1.000000
vn -0.000000 -0.000000 -1.000000
vn -0.000000 -0.000000 -1.000000
vn -0.000000 -0.000000 -1.000000
vn -0.000000 -0.000000 -1.000000
vn -0.000000 -0.000000 -1.000000
vn -0.000000 -0.000000 -1.000000
vn -0.000000 -0.000000 -1.000000
vn -0.000000 -0.000000 -1.000000
vn -0.000000 -0.000000 -1.000000
vn -0.000001 -0.000000 -1.000000
vn -0.000001 -0.000000 -1.000000
vn -0.000001 -0.000000 -1.000000
vn -0.000000 -0.000000 -1.000000
vn -0.000000 -0.000000 -1.000000
vn -0.000000 -0.000000 -1.000000
vn -0.000000 -0.000000 -1.000000
vn -0.000000 -0.000000 -1.000000
vn -0.000000 -0.000000 -1.000000
vn -0.000001 0.000000 -1.000000
vn -0.000001 0.000000 -1.000000
vn -0.000001 0.000000 -1.000000
vn -0.000000 0.000000 -1.000000
vn -0.000000 0.000000 -1.000000
vn -0.000000 0.000000 -1.000000
vn -0.000001 0.000000 -1.000000
vn -0.000001 0.000000 -1.000000
vn -0.000001 0.000000 -1.000000
vn -0.000000 -0.000000 -1.000000
vn -0.000000 -0.000000 -1.000000
vn -0.000000 -0.000000 -1.000000
vn -0.000000 -0.000000 -1.000000
vn -0.000000 -0.000000 -1.000000
vn -0.000000 -0.000000 -1.000000
vn -0.000000 -0.000000 -1.000000
vn -0.000000 -0.000000 -1.000000
vn -0.000000 -0.000000 -1.000000
vn -0.000000 0.000000 -1.000000
vn -0.000000 0.000000 -1.000000
vn -0.000000 0.000000 -1.000000
vn -0.000000 0.000000 -1.000000
vn -0.000000 0.000000 -1.000000
vn -0.000000 0.000000 -1.000000
vn -0.000000 0.000000 -1.000000
vn -0.000000 0.000000 -1.000000
vn -0.000000 0.000000 -1.000000
vn -0.000000 -0.000000 -1.000000
vn -0.000000 -0.000000 -1.000000
vn -0.000000 -0.000000 -1.000000
vn -0.000000 -0.000000 -1.000000
vn -0.000000 -0.000000 -1.000000
vn -0.000000 -0.000000 -1.000000
vn -0.000000 0.000000 -1.000000
vn -0.000000 0.000000 -1.000000
vn -0.000000 0.000000 -1.000000
vn 0.000000 0.000000 -1.000000
vn 0.000000 0.000000 -1.000000
vn 0.000000 0.000000 -1.000000
vn -0.000001 -0.000000 -1.000000
vn -0.000001 -0.000000 -1.000000
vn -0.000001 -0.000000 -1.000000
vn -0.000000 0.000000 -1.000000
vn -0.000000 0.000000 -1.000000
vn -0.000000 0.000000 -1.000000
vn -0.000000 -0.000000 -1.000000
vn -0.000000 -0.000000 -1.000000
vn -0.000000 -0.000000 -1.000000
vn -0.000000 0.000000 -1.000000
vn -0.000000 0.000000 -1.000000
vn -0.000000 0.000000 -1.000000
vn -0.000000 0.000000 -1.000000
vn -0.000000 0.000000 -1.000000
vn -0.000000 0.000000 -1.000000
vn -0.000000 -0.000000 -1.000000
vn -0.000000 -0.000000 -1.000000
vn -0.000000 -0.000000 -1.000000
vn -0.000001 -0.000000 -1.000000
vn -0.000001 -0.000000 -1.000000
vn -0.000001 -0.000000 -1.000000
vn -0.000001 0.000000 -1.000000
vn -0.000001 0.000000 -1.000000
vn -0.000001 0.000000 -1.000000
vn -0.000000 -0.000000 -1.000000
vn -0.000000 -0.000000 -1.000000
vn -0.000000 -0.000000 -1.000000
vn -0.000000 0.000000 -1.000000
vn -0.000000 0.000000 -1.000000
vn -0.000000 0.000000 -1.000000
vn -0.000000 0.000000 -1.000000
vn -0.000000 0.000000 -1.000000
vn -0.000000 0.000000 -1.000000
vn -0.000000 0.000000 -1.000000
vn -0.000000 0.000000 -1.000000
vn -0.000000 0.000000 -1.000000
vn -0.408873 0.912591 0.000000
vn -0.408873 0.912591 0.000000
vn -0.408873 0.912591 0.000000
vn -0.408874 0.912591 0.000000
vn -0.408874 0.912591 0.000000
vn -0.408874 0.912591 0.000000
vn -0.973914 0.226916 0.000000
vn -0.973914 0.226916 0.000000
vn -0.973914 0.226916 0.000000
vn -0.973914 0.226916 0.000000
vn -0.973914 0.226916 0.000000
vn -0.973914 0.226916 0.000000
vn -0.973914 -0.226917 0.000000
vn -0.973914 -0.226917 0.000000
vn -0.973914 -0.226917 0.000000
vn -0.973914 -0.226917 0.000000
vn -0.973914 -0.226917 0.000000
vn -0.973914 -0.226917 0.000000
vn -0.408874 -0.912591 0.000000
vn -0.408874 -0.912591 0.000000
vn -0.408874 -0.912591 0.000000
vn -0.408874 -0.912591 0.000000
vn -0.408874 -0.912591 0.000000
vn -0.408874 -0.912591 0.000000
vn 0.408875 -0.912591 -0.000000
vn 0.408875 -0.912591 -0.000000
vn 0.408875 -0.912591 -0.000000
vn 0.408874 -0.912591 -0.000000
vn 0.408874 -0.912591 -0.000000
vn 0.408874 -0.912591 -0.000000
vn 0.973914 -0.226917 0.000000
vn 0.973914 -0.226917 0.000000
vn 0.973914 -0.226917 0.000000
vn 0.973914 -0.226917 -0.000000
vn 0.973914 -0.226917 -0.000000
vn 0.973914 -0.226917 -0.000000
vn 0.973914 0.226917 0.000000
vn 0.973914 0.226917 0.000000
vn 0.973914 0.226917 0.000000
vn 0.973914 0.226917 0.000000
vn 0.973914 0.226917 0.000000
vn 0.973914 0.226917 0.000000
vn 0.408874 0.912591 -0.000000
vn 0.408874 0.912591 -0.000000
vn 0.408874 0.912591 -0.000000
vn 0.408873 0.912591 0.000000
vn 0.408873 0.912591 0.000000
vn 0.408873 0.912591 0.000000
vn -0.408878 0.912589 0.000000
vn -0.408878 0.912589 0.000000
vn -0.408878 0.912589 0.000000
vn -0.408880 0.912588 0.000000
vn -0.408880 0.912588 0.000000
vn -0.408880 0.912588 0.000000
vn -0.973914 0.226917 -0.000000
vn -0.973914 0.226917 -0.000000
vn -0.973914 0.226917 -0.000000
vn -0.973914 0.226917 0.000000
vn -0.973914 0.226917 0.000000
vn -0.973914 0.226917 0.000000
vn -0.973914 -0.226917 0.000000
vn -0.973914 -0.226917 0.000000
vn -0.973914 -0.226917 0.000000
vn -0.973914 -0.226917 -0.000000
vn -0.973914 -0.226917 -0.000000
vn -0.973914 -0.226917 -0.000000
vn -0.408874 -0.912591 0.000000
vn -0.408874 -0.912591 0.000000
vn -0.408874 -0.912591 0.000000
vn -0.408874 -0.912591 0.000000
vn -0.408874 -0.912591 0.000000
vn -0.408874 -0.912591 0.000000
vn 0.408874 -0.912591 0.000000
vn 0.408874 -0.912591 0.000000
vn 0.408874 -0.912591 0.000000
vn 0.408874 -0.912591 -0.000000
vn 0.408874 -0.912591 -0.000000
vn 0.408874 -0.912591 -0.000000
vn 0.973914 -0.226917 0.000000
vn 0.973914 -0.226917 0.000000
vn 0.973914 -0.226917 0.000000
vn 0.973914 -0.226917 0.000000
vn 0.973914 -0.226917 0.000000
vn 0.973914 -0.226917 0.000000
vn 0.973914 0.226917 0.000000
vn 0.973914 0.226917 0.000000
vn 0.973914 0.226917 0.000000
vn 0.973914 0.226917 0.000000
vn 0.973914 0.226917 0.000000
vn 0.973914 0.226917 0.000000
vn 0.408879 0.912588 -0.000000
vn 0.408879 0.912588 -0.000000
vn 0.408879 0.912588 -0.000000
vn 0.408880 0.912588 0.000000
vn 0.408880 0.912588 0.000000
vn 0.408880 0.912588 0.000000
vn -1.000000 0.000000 0.000000
vn -1.000000 0.000000 0.000000
vn -1.000000 0.000000 0.000000
vn -1.000000 -0.000000 0.000000
vn -1.000000 -0.000000 0.000000
vn -1.000000 -0.000000 0.000000
vn -1.000000 -0.000000 0.000000
vn -1.000000 -0.000000 0.000000
vn -1.000000 -0.000000 0.000000
vn -1.000000 -0.000000 0.000000
vn -1.000000 -0.000000 0.000000
vn -1.000000 -0.000000 0.000000
vn -1.000000 -0.000000 0.000001
vn -1.000000 -0.000000 0.000001
vn -1.000000 -0.000000 0.000001
vn -1.000000 -0.000000 -0.000000
vn -1.000000 -0.000000 -0.000000
vn -1.000000 -0.000000 -0.000000
vn -1.000000 -0.000000 0.000000
vn -1.000000 -0.000000 0.000000
vn -1.000000 -0.000000 0.000000
vn -1.000000 0.000000 0.000001
vn -1.000000 0.000000 0.000001
vn -1.000000 0.000000 0.000001
vn -1.000000 0.000000 0.000000
vn -1.000000 0.000000 0.000000
vn -1.000000 0.000000 0.000000
vn -1.000000 0.000000 0.000001
vn -1.000000 0.000000 0.000001
vn -1.000000 0.000000 0.000001
vn -1.000000 -0.000000 0.000001
vn -1.000000 -0.000000 0.000001
vn -1.000000 -0.000000 0.000001
vn -1.000000 0.000000 0.000000
vn -1.000000 0.000000 0.000000
vn -1.000000 0.000000 0.000000
vn -1.000000 -0.000000 0.000000
vn -1.000000 -0.000000 0.000000
vn -1.000000 -0.000000 0.000000
vn -1.000000 0.000000 0.000000
vn -1.000000 0.000000 0.000000
vn -1.000000 0.000000 0.000000
vn -1.000000 0.000000 0.000000
vn -1.000000 0.000000 0.000000
vn -1.000000 0.000000 0.000000
vn -1.000000 -0.000000 0.000000
vn -1.000000 -0.000000 0.000000
vn -1.000000 -0.000000 0.000000
vn -1.000000 0.000000 0.000000
vn -1.000000 0.000000 0.000000
vn -1.000000 0.000000 0.000000
vn -1.000000 0.000000 0.000000
vn -1.000000 0.000000 0.000000
vn -1.000000 0.000000 0.000000
vn -1.000000 0.000000 0.000000
vn -1.000000 0.000000 0.000000
vn -1.000000 0.000000 0.000000
vn -1.000000 0.000000 0.000000
vn -1.000000 0.000000 0.000000
vn -1.000000 0.000000 0.000000
vn -1.000000 -0.000000 0.000001
vn -1.000000 -0.000000 0.000001
vn -1.000000 -0.000000 0.000001
vn -1.000000 0.000000 0.000000
vn -1.000000 0.000000 0.000000
vn -1.000000 0.000000 0.000000
vn -1.000000 -0.000000 0.000000
vn -1.000000 -0.000000 0.000000
vn -1.000000 -0.000000 0.000000
vn -1.000000 0.000000 0.000000
vn -1.000000 0.000000 0.000000
vn -1.000000 0.000000 0.000000
vn -1.000000 0.000000 0.000000
vn -1.000000 0.000000 0.000000
vn -1.000000 0.000000 0.000000
vn -1.000000 -0.000000 0.000000
vn -1.000000 -0.000000 0.000000
vn -1.000000 -0.000000 0.000000
vn -1.000000 -0.000000 0.000001
vn -1.000000 -0.000000 0.000001
vn -1.000000 -0.000000 0.000001
vn -1.000000 0.000000 0.000001
vn -1.000000 0.000000 0.000001
vn -1.000000 0.000000 0.000001
vn -1.000000 -0.000000 0.000000
vn -1.000000 -0.000000 0.000000
vn -1.000000 -0.000000 0.000000
vn -1.000000 0.000000 0.000000
vn -1.000000 0.000000 0.000000
vn -1.000000 0.000000 0.000000
vn -1.000000 0.000000 0.000000
vn -1.000000 0.000000 0.000000
vn -1.000000 0.000000 0.000000
vn -1.000000 0.000000 0.000000
vn -1.000000 0.000000 0.000000
vn -1.000000 0.000000 0.000000
vn -0.000000 0.912591 0.408873
vn -0.000000 0.912591 0.408873
vn -0.000000 0.912591 0.408873
vn 0.000001 0.912591 0.408874
vn 0.000001 0.912591 0.408874
vn 0.000001 0.912591 0.408874
vn -0.000000 0.226917 0.973914
vn -0.000000 0.226917 0.973914
vn -0.000000 0.226917 0.973914
vn -0.000000 0.226917 0.973914
vn -0.000000 0.226917 0.973914
vn -0.000000 0.226917 0.973914
vn 0.000000 -0.226916 0.973914
vn 0.000000 -0.226916 0.973914
vn 0.000000 -0.226916 0.973914
vn -0.000000 -0.226917 0.973914
vn -0.000000 -0.226917 0.973914
vn -0.000000 -0.226917 0.973914
vn 0.000000 -0.912591 0.408874
vn 0.000000 -0.912591 0.408874
vn 0.000000 -0.912591 0.408874
vn 0.000000 -0.912591 0.408874
vn 0.000000 -0.912591 0.408874
vn 0.000000 -0.912591 0.408874
vn -0.000000 -0.912591 -0.408874
vn -0.000000 -0.912591 -0.408874
vn -0.000000 -0.912591 -0.408874
vn -0.000000 -0.912591 -0.408874
vn -0.000000 -0.912591 -0.408874
vn -0.000000 -0.912591 -0.408874
vn -0.000000 -0.226917 -0.973914
vn -0.000000 -0.226917 -0.973914
vn -0.000000 -0.226917 -0.973914
vn -0.000000 -0.226917 -0.973914
vn -0.000000 -0.226917 -0.973914
vn -0.000000 -0.226917 -0.973914
vn -0.000000 0.226917 -0.973914
vn -0.000000 0.226917 -0.973914
vn -0.000000 0.226917 -0.973914
vn -0.000000 0.226917 -0.973914
vn -0.000000 0.226917 -0.973914
vn -0.000000 0.226917 -0.973914
vn -0.000000 0.912591 -0.408874
vn -0.000000 0.912591 -0.408874
vn -0.000000 0.912591 -0.408874
vn -0.000000 0.912591 -0.408874
vn -0.000000 0.912591 -0.408874
vn -0.000000 0.912591 -0.408874
vn -0.000000 0.912589 0.408879
vn -0.000000 0.912589 0.408879
vn -0.000000 0.912589 0.408879
vn -0.000001 0.912589 0.408879
vn -0.000001 0.912589 0.408879
vn -0.000001 0.912589 0.408879
vn -0.000000 0.226917 0.973914
vn -0.000000 0.226917 0.973914
vn -0.000000 0.226917 0.973914
vn -0.000000 0.226917 0.973914
vn -0.000000 0.226917 0.973914
vn -0.000000 0.226917 0.973914
vn -0.000000 -0.226917 0.973914
vn -0.000000 -0.226917 0.973914
vn -0.000000 -0.226917 0.973914
vn -0.000000 -0.226917 0.973914
vn -0.000000 -0.226917 0.973914
vn -0.000000 -0.226917 0.973914
vn 0.000000 -0.912591 0.408874
vn 0.000000 -0.912591 0.408874
vn 0.000000 -0.912591 0.408874
vn -0.000000 -0.912591 0.408874
vn -0.000000 -0.912591 0.408874
vn -0.000000 -0.912591 0.408874
vn -0.000000 -0.912591 -0.408875
vn -0.000000 -0.912591 -0.408875
vn -0.000000 -0.912591 -0.408875
vn -0.000000 -0.912591 -0.408874
vn -0.000000 -0.912591 -0.408874
vn -0.000000 -0.912591 -0.408874
vn -0.000000 -0.226917 -0.973914
vn -0.000000 -0.226917 -0.973914
vn -0.000000 -0.226917 -0.973914
vn -0.000000 -0.226917 -0.973914
vn -0.000000 -0.226917 -0.973914
vn -0.000000 -0.226917 -0.973914
vn -0.000000 0.226917 -0.973914
vn -0.000000 0.226917 -0.973914
vn -0.000000 0.226917 -0.973914
vn -0.000000 0.226917 -0.973914
vn -0.000000 0.226917 -0.973914
vn -0.000000 0.226917 -0.973914
vn 0.000000 0.912588 -0.408879
vn 0.000000 0.912588 -0.408879
vn 0.000000 0.912588 -0.408879
vn -0.000000 0.912589 -0.408879
vn -0.000000 0.912589 -0.408879
vn -0.000000 0.912589 -0.408879
vn 0.000000 0.000000 1.000000
vn 0.000000 0.000000 1.000000
vn 0.000000 0.000000 1.000000
vn 0.000000 -0.000000 1.000000
vn 0.000000 -0.000000 1.000000
vn 0.000000 -0.000000 1.000000
vn 0.000000 0.000000 1.000000
vn 0.000000 0.000000 1.000000
vn 0.000000 0.000000 1.000000
vn 0.000000 -0.000000 1.000000
vn 0.000000 -0.000000 1.000000
vn 0.000000 -0.000000 1.000000
vn 0.000001 0.000000 1.000000
vn 0.000001 0.000000 1.000000
vn 0.000001 0.000000 1.000000
vn 0.000000 -0.000000 1.000000
vn 0.000000 -0.000000 1.000000
vn 0.000000 -0.000000 1.000000
vn 0.000000 -0.000000 1.000000
vn 0.000000 -0.000000 1.000000
vn 0.000000 -0.000000 1.000000
vn 0.000001 0.000000 1.000000
vn 0.000001 0.000000 1.000000
vn 0.000001 0.000000 1.000000
vn 0.000000 0.000000 1.000000
vn 0.000000 0.000000 1.000000
vn 0.000000 0.000000 1.000000
vn 0.000001 0.000000 1.000000
vn 0.000001 0.000000 1.000000
vn 0.000001 0.000000 1.000000
vn 0.000001 -0.000000 1.000000
vn 0.000001 -0.000000 1.000000
vn 0.000001 -0.000000 1.000000
vn 0.000001 0.000000 1.000000
vn 0.000001 0.000000 1.000000
vn 0.000001 0.000000 1.000000
vn 0.000000 -0.000000 1.000000
vn 0.000000 -0.000000 1.000000
vn 0.000000 -0.000000 1.000000
vn 0.000000 0.000000 1.000000
vn 0.000000 0.000000 1.000000
vn 0.000000 0.000000 1.000000
vn 0.000000 0.000000 1.000000
vn 0.000000 0.000000 1.000000
vn 0.000000 0.000000 1.000000
vn -0.000000 -0.000000 1.000000
vn -0.000000 -0.000000 1.000000
vn -0.000000 -0.000000 1.000000
vn 0.000000 0.000000 1.000000
vn 0.000000 0.000000 1.000000
vn 0.000000 0.000000 1.000000
vn 0.000000 0.000000 1.000000
vn 0.000000 0.000000 1.000000
vn 0.000000 0.000000 1.000000
vn 0.000001 0.000000 1.000000
vn 0.000001 0.000000 1.000000
vn 0.000001 0.000000 1.000000
vn 0.000000 -0.000000 1.000000
vn 0.000000 -0.000000 1.000000
vn 0.000000 -0.000000 1.000000
vn 0.000001 -0.000000 1.000000
vn 0.000001 -0.000000 1.000000
vn 0.000001 -0.000000 1.000000
vn 0.000001 0.000000 1.000000
vn 0.000001 0.000000 1.000000
vn 0.000001 0.000000 1.000000
vn 0.000000 -0.000000 1.000000
vn 0.000000 -0.000000 1.000000
vn 0.000000 -0.000000 1.000000
vn -0.000000 0.000000 1.000000
vn -0.000000 0.000000 1.000000
vn -0.000000 0.000000 1.000000
vn -0.000000 0.000000 1.000000
vn -0.000000 0.000000 1.000000
vn -0.000000 0.000000 1.000000
vn -0.000000 -0.000000 1.000000
vn -0.000000 -0.000000 1.000000
vn -0.000000 -0.000000 1.000000
vn 0.000001 -0.000000 1.000000
vn 0.000001 -0.000000 1.000000
vn 0.000001 -0.000000 1.000000
vn 0.000000 0.000000 1.000000
vn 0.000000 0.000000 1.000000
vn 0.000000 0.000000 1.000000
vn 0.000000 -0.000001 1.000000
vn 0.000000 -0.000001 1.000000
vn 0.000000 -0.000001 1.000000
vn 0.000000 0.000000 1.000000
vn 0.000000 0.000000 1.000000
vn 0.000000 0.000000 1.000000
vn 0.000000 0.000000 1.000000
vn 0.000000 0.000000 1.000000
vn 0.000000 0.000000 1.000000
vn 0.000000 0.000000 1.000000
vn 0.000000 0.000000 1.000000
vn 0.000000 0.000000 1.000000
vn 0.408873 0.912591 -0.000000
vn 0.408873 0.912591 -0.000000
vn 0.408873 0.912591 -0.000000
vn 0.408874 0.912591 -0.000000
vn 0.408874 0.912591 -0.000000
vn 0.408874 0.912591 -0.000000
vn 0.973914 0.226917 0.000000
vn 0.973914 0.226917 0.000000
vn 0.973914 0.226917 0.000000
vn 0.973914 0.226917 0.000000
vn 0.973914 0.226917 0.000000
vn 0.973914 0.226917 0.000000
vn 0.973914 -0.226917 0.000000
vn 0.973914 -0.226917 0.000000
vn 0.973914 -0.226917 0.000000
vn 0.973914 -0.226917 0.000000
vn 0.973914 -0.226917 0.000000
vn 0.973914 -0.226917 0.000000
vn 0.408873 -0.912591 -0.000000
vn 0.408873 -0.912591 -0.000000
vn 0.408873 -0.912591 -0.000000
vn 0.408874 -0.912591 -0.000000
vn 0.408874 -0.912591 -0.000000
vn 0.408874 -0.912591 -0.000000
vn -0.408873 -0.912591 0.000000
vn -0.408873 -0.912591 0.000000
vn -0.408873 -0.912591 0.000000
vn -0.408874 -0.912591 0.000000
vn -0.408874 -0.912591 0.000000
vn -0.408874 -0.912591 0.000000
vn -0.973914 -0.226917 0.000000
vn -0.973914 -0.226917 0.000000
vn -0.973914 -0.226917 0.000000
vn -0.973914 -0.226917 0.000000
vn -0.973914 -0.226917 0.000000
vn -0.973914 -0.226917 0.000000
vn -0.973914 0.226917 0.000000
vn -0.973914 0.226917 0.000000
vn -0.973914 0.226917 0.000000
vn -0.973914 0.226917 0.000000
vn -0.973914 0.226917 0.000000
vn -0.973914 0.226917 0.000000
vn -0.408874 0.912591 0.000000
vn -0.408874 0.912591 0.000000
vn -0.408874 0.912591 0.000000
vn -0.408874 0.912591 0.000000
vn -0.408874 0.912591 0.000000
vn -0.408874 0.912591 0.000000
vn 0.408879 0.912589 0.000000
vn 0.408879 0.912589 0.000000
vn 0.408879 0.912589 0.000000
vn 0.408879 0.912588 -0.000000
vn 0.408879 0.912588 -0.000000
vn 0.408879 0.912588 -0.000000
vn 0.973914 0.226917 0.000001
vn 0.973914 0.226917 0.000001
vn 0.973914 0.226917 0.000001
vn 0.973914 0.226917 0.000000
vn 0.973914 0.226917 0.000000
vn 0.973914 0.226917 0.000000
vn 0.973914 -0.226917 0.000000
vn 0.973914 -0.226917 0.000000
vn 0.973914 -0.226917 0.000000
vn 0.973914 -0.226917 0.000001
vn 0.973914 -0.226917 0.000001
vn 0.973914 -0.226917 0.000001
vn 0.408874 -0.912591 -0.000000
vn 0.408874 -0.912591 -0.000000
vn 0.408874 -0.912591 -0.000000
vn 0.408875 -0.912591 0.000000
vn 0.408875 -0.912591 0.000000
vn 0.408875 -0.912591 0.000000
vn -0.408874 -0.912591 0.000000
vn -0.408874 -0.912591 0.000000
vn -0.408874 -0.912591 0.000000
vn -0.408874 -0.912591 0.000000
vn -0.408874 -0.912591 0.000000
vn -0.408874 -0.912591 0.000000
vn -0.973914 -0.226917 0.000000
vn -0.973914 -0.226917 0.000000
vn -0.973914 -0.226917 0.000000
vn -0.973914 -0.226917 0.000000
vn -0.973914 -0.226917 0.000000
vn -0.973914 -0.226917 0.000000
vn -0.973914 0.226917 0.000000
vn -0.973914 0.226917 0.000000
vn -0.973914 0.226917 0.000000
vn -0.973914 0.226917 0.000000
vn -0.973914 0.226917 0.000000
vn -0.973914 0.226917 0.000000
vn -0.408879 0.912588 0.000000
vn -0.408879 0.912588 0.000000
vn -0.408879 0.912588 0.000000
vn -0.408879 0.912588 0.000000
vn -0.408879 0.912588 0.000000
vn -0.408879 0.912588 0.000000
vn 1.000000 -0.000000 -0.000000
vn 1.000000 -0.000000 -0.000000
vn 1.000000 -0.000000 -0.000000
vn 1.000000 -0.000000 -0.000000
vn 1.000000 -0.000000 -0.000000
vn 1.000000 -0.000000 -0.000000
vn 1.000000 0.000000 -0.000000
vn 1.000000 0.000000 -0.000000
vn 1.000000 0.000000 -0.000000
vn 1.000000 -0.000000 -0.000000
vn 1.000000 -0.000000 -0.000000
vn 1.000000 -0.000000 -0.000000
vn 1.000000 0.000000 -0.000001
vn 1.000000 0.000000 -0.000001
vn 1.000000 0.000000 -0.000001
vn 1.000000 -0.000000 -0.000001
vn 1.000000 -0.000000 -0.000001
vn 1.000000 -0.000000 -0.000001
vn 1.000000 -0.000000 -0.000000
vn 1.000000 -0.000000 -0.000000
vn 1.000000 -0.000000 -0.000000
vn 1.000000 -0.000000 -0.000001
vn 1.000000 -0.000000 -0.000001
vn 1.000000 -0.000000 -0.000001
vn 1.000000 0.000000 -0.000000
vn 1.000000 0.000000 -0.000000
vn 1.000000 0.000000 -0.000000
vn 1.000000 0.000000 -0.000001
vn 1.000000 0.000000 -0.000001
vn 1.000000 0.000000 -0.000001
vn 1.000000 -0.000000 -0.000001
vn 1.000000 -0.000000 -0.000001
vn 1.000000 -0.000000 -0.000001
vn 1.000000 -0.000000 -0.000001
vn 1.000000 -0.000000 -0.000001
vn 1.000000 -0.000000 -0.000001
vn 1.000000 -0.000000 -0.000000
vn 1.000000 -0.000000 -0.000000
vn 1.000000 -0.000000 -0.000000
vn 1.000000 0.000000 -0.000000
vn 1.000000 0.000000 -0.000000
vn 1.000000 0.000000 -0.000000
vn 1.000000 0.000000 -0.000001
vn 1.000000 0.000000 -0.000001
vn 1.000000 0.000000 -0.000001
vn 1.000000 -0.000000 0.000000
vn 1.000000 -0.000000 0.000000
vn 1.000000 -0.000000 0.000000
vn 1.000000 0.000000 -0.000000
vn 1.000000 0.000000 -0.000000
vn 1.000000 0.000000 -0.000000
vn 1.000000 0.000000 -0.000000
vn 1.000000 0.000000 -0.000000
vn 1.000000 0.000000 -0.000000
vn 1.000000 0.000000 -0.000001
vn 1.000000 0.000000 -0.000001
vn 1.000000 0.000000 -0.000001
vn 1.000000 0.000000 -0.000000
vn 1.000000 0.000000 -0.000000
vn 1.000000 0.000000 -0.000000
vn 1.000000 -0.000000 -0.000001
vn 1.000000 -0.000000 -0.000001
vn 1.000000 -0.000000 -0.000001
vn 1.000000 0.000000 -0.000001
vn 1.000000 0.000000 -0.000001
vn 1.000000 0.000000 -0.000001
vn 1.000000 -0.000000 -0.000000
vn 1.000000 -0.000000 -0.000000
vn 1.000000 -0.000000 -0.000000
vn 1.000000 0.000000 -0.000000
vn 1.000000 0.000000 -0.000000
vn 1.000000 0.000000 -0.000000
vn 1.000000 0.000000 0.000000
vn 1.000000 0.000000 0.000000
vn 1.000000 0.000000 0.000000
vn 1.000000 -0.000000 -0.000000
vn 1.000000 -0.000000 -0.000000
vn 1.000000 -0.000000 -0.000000
vn 1.000000 -0.000000 -0.000001
vn 1.000000 -0.000000 -0.000001
vn 1.000000 -0.000000 -0.000001
vn 1.000000 0.000000 -0.000001
vn 1.000000 0.000000 -0.000001
vn 1.000000 0.000000 -0.000001
vn 1.000000 -0.000000 -0.000000
vn 1.000000 -0.000000 -0.000000
vn 1.000000 -0.000000 -0.000000
vn 1.000000 0.000000 -0.000000
vn 1.000000 0.000000 -0.000000
vn 1.000000 0.000000 -0.000000
vn 1.000000 0.000000 -0.000001
vn 1.000000 0.000000 -0.000001
vn 1.000000 0.000000 -0.000001
vn 1.000000 0.000000 -0.000000
vn 1.000000 0.000000 -0.000000
vn 1.000000 0.000000 -0.000000
vn -0.000000 0.912591 -0.408873
vn -0.000000 0.912591 -0.408873
vn -0.000000 0.912591 -0.408873
vn -0.000000 0.912591 -0.408874
vn -0.000000 0.912591 -0.408874
vn -0.000000 0.912591 -0.408874
vn 0.000000 0.226917 -0.973914
vn 0.000000 0.226917 -0.973914
vn 0.000000 0.226917 -0.973914
vn -0.000000 0.226917 -0.973914
vn -0.000000 0.226917 -0.973914
vn -0.000000 0.226917 -0.973914
vn -0.000000 -0.226917 -0.973914
vn -0.000000 -0.226917 -0.973914
vn -0.000000 -0.226917 -0.973914
vn 0.000000 -0.226916 -0.973914
vn 0.000000 -0.226916 -0.973914
vn 0.000000 -0.226916 -0.973914
vn -0.000000 -0.912591 -0.408873
vn -0.000000 -0.912591 -0.408873
vn -0.000000 -0.912591 -0.408873
vn -0.000001 -0.912591 -0.408874
vn -0.000001 -0.912591 -0.408874
vn -0.000001 -0.912591 -0.408874
vn -0.000001 -0.912591 0.408874
vn -0.000001 -0.912591 0.408874
vn -0.000001 -0.912591 0.408874
vn -0.000000 -0.912591 0.408874
vn -0.000000 -0.912591 0.408874
vn -0.000000 -0.912591 0.408874
vn 0.000000 -0.226917 0.973914
vn 0.000000 -0.226917 0.973914
vn 0.000000 -0.226917 0.973914
vn 0.000000 -0.226917 0.973914
vn 0.000000 -0.226917 0.973914
vn 0.000000 -0.226917 0.973914
vn 0.000000 0.226917 0.973914
vn 0.000000 0.226917 0.973914
vn 0.000000 0.226917 0.973914
vn -0.000000 0.226917 0.973914
vn -0.000000 0.226917 0.973914
vn -0.000000 0.226917 0.973914
vn 0.000000 0.912591 0.408874
vn 0.000000 0.912591 0.408874
vn 0.000000 0.912591 0.408874
vn 0.000001 0.912591 0.408874
vn 0.000001 0.912591 0.408874
vn 0.000001 0.912591 0.408874
vn -0.000000 0.912589 -0.408879
vn -0.000000 0.912589 -0.408879
vn -0.000000 0.912589 -0.408879
vn -0.000000 0.912589 -0.408879
vn -0.000000 0.912589 -0.408879
vn -0.000000 0.912589 -0.408879
vn 0.000000 0.226917 -0.973914
vn 0.000000 0.226917 -0.973914
vn 0.000000 0.226917 -0.973914
vn -0.000000 0.226917 -0.973914
vn -0.000000 0.226917 -0.973914
vn -0.000000 0.226917 -0.973914
vn -0.000000 -0.226917 -0.973914
vn -0.000000 -0.226917 -0.973914
vn -0.000000 -0.226917 -0.973914
vn 0.000000 -0.226917 -0.973914
vn 0.000000 -0.226917 -0.973914
vn 0.000000 -0.226917 -0.973914
vn 0.000000 -0.912591 -0.408874
vn 0.000000 -0.912591 -0.408874
vn 0.000000 -0.912591 -0.408874
vn -0.000000 -0.912591 -0.408875
vn -0.000000 -0.912591 -0.408875
vn -0.000000 -0.912591 -0.408875
vn -0.000000 -0.912591 0.408874
vn -0.000000 -0.912591 0.408874
vn -0.000000 -0.912591 0.408874
vn 0.000001 -0.912591 0.408874
vn 0.000001 -0.912591 0.408874
vn 0.000001 -0.912591 0.408874
vn 0.000000 -0.226917 0.973914
vn 0.000000 -0.226917 0.973914
vn 0.000000 -0.226917 0.973914
vn -0.000000 -0.226917 0.973914
vn -0.000000 -0.226917 0.973914
vn -0.000000 -0.226917 0.973914
vn -0.000000 0.226917 0.973914
vn -0.000000 0.226917 0.973914
vn -0.000000 0.226917 0.973914
vn 0.000000 0.226917 0.973914
vn 0.000000 0.226917 0.973914
vn 0.000000 0.226917 0.973914
vn 0.000000 0.912589 0.408879
vn 0.000000 0.912589 0.408879
vn 0.000000 0.912589 0.408879
vn -0.000000 0.912589 0.408879
vn -0.000000 0.912589 0.408879
vn -0.000000 0.912589 0.408879
vn -0.000000 -0.000000 -1.000000
vn -0.000000 -0.000000 -1.000000
vn -0.000000 -0.000000 -1.000000
vn -0.000000 -0.000000 -1.000000
vn -0.000000 -0.000000 -1.000000
vn -0.000000 -0.000000 -1.000000
vn -0.000001 0.000000 -1.000000
vn -0.000001 0.000000 -1.000000
vn -0.000001 0.000000 -1.000000
vn -0.000000 -0.000000 -1.000000
vn -0.000000 -0.000000 -1.000000
vn -0.000000 -0.000000 -1.000000
vn -0.000001 0.000000 -1.000000
vn -0.000001 0.000000 -1.000000
vn -0.000001 0.000000 -1.000000
vn -0.000001 0.000000 -1.000000
vn -0.000001 0.000000 -1.000000
vn -0.000001 0.000000 -1.000000
vn -0.000001 -0.000000 -1.000000
vn -0.000001 -0.000000 -1.000000
vn -0.000001 -0.000000 -1.000000
vn -0.000001 -0.000000 -1.000000
vn -0.000001 -0.000000 -1.000000
vn -0.000001 -0.000000 -1.000000
vn -0.000000 0.000000 -1.000000
vn -0.000000 0.000000 -1.000000
vn -0.000000 0.000000 -1.000000
vn -0.000001 0.000000 -1.000000
vn -0.000001 0.000000 -1.000000
vn -0.000001 0.000000 -1.000000
vn -0.000001 -0.000000 -1.000000
vn -0.000001 -0.000000 -1.000000
vn -0.000001 -0.000000 -1.000000
vn -0.000001 -0.000000 -1.000000
vn -0.000001 -0.000000 -1.000000
vn -0.000001 -0.000000 -1.000000
vn -0.000000 -0.000000 -1.000000
vn -0.000000 -0.000000 -1.000000
vn -0.000000 -0.000000 -1.000000
vn -0.000000 0.000000 -1.000000
vn -0.000000 0.000000 -1.000000
vn -0.000000 0.000000 -1.000000
vn -0.000001 -0.000000 -1.000000
vn -0.000001 -0.000000 -1.000000
vn -0.000001 -0.000000 -1.000000
vn -0.000000 -0.000000 -1.000000
vn -0.000000 -0.000000 -1.000000
vn -0.000000 -0.000000 -1.000000
vn -0.000000 0.000000 -1.000000
vn -0.000000 0.000000 -1.000000
vn -0.000000 0.000000 -1.000000
vn -0.000000 -0.000000 -1.000000
vn -0.000000 -0.000000 -1.000000
vn -0.000000 -0.000000 -1.000000
vn -0.000001 0.000000 -1.000000
vn -0.000001 0.000000 -1.000000
vn -0.000001 0.000000 -1.000000
vn -0.000000 0.000000 -1.000000
vn -0.000000 0.000000 -1.000000
vn -0.000000 0.000000 -1.000000
vn -0.000001 -0.000000 -1.000000
vn -0.000001 -0.000000 -1.000000
vn -0.000001 -0.000000 -1.000000
vn -0.000001 0.000000 -1.000000
vn -0.000001 0.000000 -1.000000
vn -0.000001 0.000000 -1.000000
vn -0.000000 -0.000000 -1.000000
vn -0.000000 -0.000000 -1.000000
vn -0.000000 -0.000000 -1.000000
vn -0.000000 0.000000 -1.000000
vn -0.000000 0.000000 -1.000000
vn -0.000000 0.000000 -1.000000
vn -0.000000 0.000000 -1.000000
vn -0.000000 0.000000 -1.000000
vn -0.000000 0.000000 -1.000000
vn -0.000000 0.000000 -1.000000
vn -0.000000 0.000000 -1.000000
vn -0.000000 0.000000 -1.000000
vn -0.000001 -0.000000 -1.000000
vn -0.000001 -0.000000 -1.000000
vn -0.000001 -0.000000 -1.000000
vn -0.000000 0.000000 -1.000000
vn -0.000000 0.000000 -1.000000
vn -0.000000 0.000000 -1.000000
vn -0.000000 -0.000000 -1.000000
vn -0.000000 -0.000000 -1.000000
vn -0.000000 -0.000000 -1.000000
vn -0.000000 0.000000 -1.000000
vn -0.000000 0.000000 -1.000000
vn -0.000000 0.000000 -1.000000
vn -0.000001 0.000000 -1.000000
vn -0.000001 0.000000 -1.000000
vn -0.000001 0.000000 -1.000000
vn -0.000000 0.000000 -1.000000
vn -0.000000 0.000000 -1.000000
vn -0.000000 0.000000 -1.000000
vn -0.408873 0.912592 0.000000
vn -0.408873 0.912592 0.000000
vn -0.408873 0.912592 0.000000
vn -0.408875 0.912590 0.000000
vn -0.408875 0.912590 0.000000
vn -0.408875 0.912590 0.000000
vn -0.973914 0.226917 -0.000000
vn -0.973914 0.226917 -0.000000
vn -0.973914 0.226917 -0.000000
vn -0.973914 0.226916 0.000000
vn -0.973914 0.226916 0.000000
vn -0.973914 0.226916 0.000000
vn -0.973914 -0.226917 0.000000
vn -0.973914 -0.226917 0.000000
vn -0.973914 -0.226917 0.000000
vn -0.973914 -0.226916 -0.000000
vn -0.973914 -0.226916 -0.000000
vn -0.973914 -0.226916 -0.000000
vn -0.408873 -0.912591 0.000000
vn -0.408873 -0.912591 0.000000
vn -0.408873 -0.912591 0.000000
vn -0.408874 -0.912591 0.000000
vn -0.408874 -0.912591 0.000000
vn -0.408874 -0.912591 0.000000
vn 0.408871 -0.912592 -0.000000
vn 0.408871 -0.912592 -0.000000
vn 0.408871 -0.912592 -0.000000
vn 0.408875 -0.912591 -0.000000
vn 0.408875 -0.912591 -0.000000
vn 0.408875 -0.912591 -0.000000
vn 0.973914 -0.226917 -0.000000
vn 0.973914 -0.226917 -0.000000
vn 0.973914 -0.226917 -0.000000
vn 0.973914 -0.226917 -0.000000
vn 0.973914 -0.226917 -0.000000
vn 0.973914 -0.226917 -0.000000
vn 0.973914 0.226917 0.000000
vn 0.973914 0.226917 0.000000
vn 0.973914 0.226917 0.000000
vn 0.973914 0.226917 -0.000000
vn 0.973914 0.226917 -0.000000
vn 0.973914 0.226917 -0.000000
vn 0.408875 0.912591 -0.000000
vn 0.408875 0.912591 -0.000000
vn 0.408875 0.912591 -0.000000
vn 0.408874 0.912591 0.000000
vn 0.408874 0.912591 0.000000
vn 0.408874 0.912591 0.000000
vn -0.408880 0.912588 0.000000
vn -0.408880 0.912588 0.000000
vn -0.408880 0.912588 0.000000
vn -0.408879 0.912589 0.000000
vn -0.408879 0.912589 0.000000
vn -0.408879 0.912589 0.000000
vn -0.973914 0.226917 0.000000
vn -0.973914 0.226917 0.000000
vn -0.973914 0.226917 0.000000
vn -0.973914 0.226917 0.000000
vn -0.973914 0.226917 0.000000
vn -0.973914 0.226917 0.000000
vn -0.973914 -0.226917 0.000000
vn -0.973914 -0.226917 0.000000
vn -0.973914 -0.226917 0.000000
vn -0.973914 -0.226917 0.000000
vn -0.973914 -0.226917 0.000000
vn -0.973914 -0.226917 0.000000
vn -0.408874 -0.912591 0.000000
vn -0.408874 -0.912591 0.000000
vn -0.408874 -0.912591 0.000000
vn -0.408874 -0.912591 0.000000
vn -0.408874 -0.912591 0.000000
vn -0.408874 -0.912591 0.000000
vn 0.408873 -0.912591 0.000000
vn 0.408873 -0.912591 0.000000
vn 0.408873 -0.912591 0.000000
vn 0.408875 -0.912590 -0.000000
vn 0.408875 -0.912590 -0.000000
vn 0.408875 -0.912590 -0.000000
vn 0.973914 -0.226917 -0.000000
vn 0.973914 -0.226917 -0.000000
vn 0.973914 -0.226917 -0.000000
vn 0.973914 -0.226917 0.000000
vn 0.973914 -0.226917 0.000000
vn 0.973914 -0.226917 0.000000
vn 0.973914 0.226918 0.000000
vn 0.973914 0.226918 0.000000
vn 0.973914 0.226918 0.000000
vn 0.973914 0.226917 -0.000000
vn 0.973914 0.226917 -0.000000
vn 0.973914 0.226917 -0.000000
vn 0.408879 0.912589 -0.000000
vn 0.408879 0.912589 -0.000000
vn 0.408879 0.912589 -0.000000
vn 0.408879 0.912589 0.000000
vn 0.408879 0.912589 0.000000
vn 0.408879 0.912589 0.000000
vn -1.000000 -0.000000 0.000000
vn -1.000000 -0.000000 0.000000
vn -1.000000 -0.000000 0.000000
vn -1.000000 -0.000000 0.000000
vn -1.000000 -0.000000 0.000000
vn -1.000000 -0.000000 0.000000
vn -1.000000 0.000000 0.000001
vn -1.000000 0.000000 0.000001
vn -1.000000 0.000000 0.000001
vn -1.000000 -0.000000 0.000000
vn -1.000000 -0.000000 0.000000
vn -1.000000 -0.000000 0.000000
vn -1.000000 0.000000 0.000001
vn -1.000000 0.000000 0.000001
vn -1.000000 0.000000 0.000001
vn -1.000000 0.000000 0.000001
vn -1.000000 0.000000 0.000001
vn -1.000000 0.000000 0.000001
vn -1.000000 -0.000000 0.000001
vn -1.000000 -0.000000 0.000001
vn -1.000000 -0.000000 0.000001
vn -1.000000 -0.000000 0.000001
vn -1.000000 -0.000000 0.000001
vn -1.000000 -0.000000 0.000001
vn -1.000000 0.000000 0.000000
vn -1.000000 0.000000 0.000000
vn -1.000000 0.000000 0.000000
vn -1.000000 0.000000 0.000001
vn -1.000000 0.000000 0.000001
vn -1.000000 0.000000 0.000001
vn -1.000000 -0.000000 0.000001
vn -1.000000 -0.000000 0.000001
vn -1.000000 -0.000000 0.000001
vn -1.000000 -0.000000 0.000001
vn -1.000000 -0.000000 0.000001
vn -1.000000 -0.000000 0.000001
vn -1.000000 -0.000001 0.000000
vn -1.000000 -0.000001 0.000000
vn -1.000000 -0.000001 0.000000
vn -1.000000 0.000000 0.000000
vn -1.000000 0.000000 0.000000
vn -1.000000 0.000000 0.000000
vn -1.000000 0.000000 0.000001
vn -1.000000 0.000000 0.000001
vn -1.000000 0.000000 0.000001
vn -1.000000 -0.000000 0.000000
vn -1.000000 -0.000000 0.000000
vn -1.000000 -0.000000 0.000000
vn -1.000000 0.000000 0.000000
vn -1.000000 0.000000 0.000000
vn -1.000000 0.000000 0.000000
vn -1.000000 0.000000 0.000000
vn -1.000000 0.000000 0.000000
vn -1.000000 0.000000 0.000000
vn -1.000000 0.000000 0.000001
vn -1.000000 0.000000 0.000001
vn -1.000000 0.000000 0.000001
vn -1.000000 0.000000 0.000000
vn -1.000000 0.000000 0.000000
vn -1.000000 0.000000 0.000000
vn -1.000000 -0.000000 0.000001
vn -1.000000 -0.000000 0.000001
vn -1.000000 -0.000000 0.000001
vn -1.000000 0.000000 0.000001
vn -1.000000 0.000000 0.000001
vn -1.000000 0.000000 0.000001
vn -1.000000 -0.000000 0.000000
vn -1.000000 -0.000000 0.000000
vn -1.000000 -0.000000 0.000000
vn -1.000000 0.000000 0.000000
vn -1.000000 0.000000 0.000000
vn -1.000000 0.000000 0.000000
vn -1.000000 0.000000 0.000000
vn -1.000000 0.000000 0.000000
vn -1.000000 0.000000 0.000000
vn -1.000000 -0.000000 0.000000
vn -1.000000 -0.000000 0.000000
vn -1.000000 -0.000000 0.000000
vn -1.000000 -0.000000 0.000001
vn -1.000000 -0.000000 0.000001
vn -1.000000 -0.000000 0.000001
vn -1.000000 0.000000 0.000000
vn -1.000000 0.000000 0.000000
vn -1.000000 0.000000 0.000000
vn -1.000000 -0.000001 0.000000
vn -1.000000 -0.000001 0.000000
vn -1.000000 -0.000001 0.000000
vn -1.000000 0.000000 0.000000
vn -1.000000 0.000000 0.000000
vn -1.000000 0.000000 0.000000
vn -1.000000 0.000000 0.000001
vn -1.000000 0.000000 0.000001
vn -1.000000 0.000000 0.000001
vn -1.000000 0.000000 0.000000
vn -1.000000 0.000000 0.000000
vn -1.000000 0.000000 0.000000
vn -0.000000 0.912591 0.408873
vn -0.000000 0.912591 0.408873
vn -0.000000 0.912591 0.408873
vn 0.000002 0.912591 0.408873
vn 0.000002 0.912591 0.408873
vn 0.000002 0.912591 0.408873
vn -0.000000 0.226917 0.973914
vn -0.000000 0.226917 0.973914
vn -0.000000 0.226917 0.973914
vn -0.000000 0.226917 0.973914
vn -0.000000 0.226917 0.973914
vn -0.000000 0.226917 0.973914
vn 0.000001 -0.226917 0.973914
vn 0.000001 -0.226917 0.973914
vn 0.000001 -0.226917 0.973914
vn -0.000001 -0.226916 0.973914
vn -0.000001 -0.226916 0.973914
vn -0.000001 -0.226916 0.973914
vn 0.000001 -0.912592 0.408872
vn 0.000001 -0.912592 0.408872
vn 0.000001 -0.912592 0.408872
vn -0.000002 -0.912592 0.408872
vn -0.000002 -0.912592 0.408872
vn -0.000002 -0.912592 0.408872
vn -0.000003 -0.912592 -0.408873
vn -0.000003 -0.912592 -0.408873
vn -0.000003 -0.912592 -0.408873
vn -0.000000 -0.912592 -0.408872
vn -0.000000 -0.912592 -0.408872
vn -0.000000 -0.912592 -0.408872
vn -0.000000 -0.226917 -0.973914
vn -0.000000 -0.226917 -0.973914
vn -0.000000 -0.226917 -0.973914
vn -0.000001 -0.226917 -0.973914
vn -0.000001 -0.226917 -0.973914
vn -0.000001 -0.226917 -0.973914
vn 0.000000 0.226917 -0.973914
vn 0.000000 0.226917 -0.973914
vn 0.000000 0.226917 -0.973914
vn -0.000000 0.226917 -0.973914
vn -0.000000 0.226917 -0.973914
vn -0.000000 0.226917 -0.973914
vn 0.000000 0.912591 -0.408874
vn 0.000000 0.912591 -0.408874
vn 0.000000 0.912591 -0.408874
vn -0.000000 0.912591 -0.408873
vn -0.000000 0.912591 -0.408873
vn -0.000000 0.912591 -0.408873
vn 0.000002 0.912589 0.408879
vn 0.000002 0.912589 0.408879
vn 0.000002 0.912589 0.408879
vn -0.000000 0.912589 0.408879
vn -0.000000 0.912589 0.408879
vn -0.000000 0.912589 0.408879
vn -0.000000 0.226917 0.973914
vn -0.000000 0.226917 0.973914
vn -0.000000 0.226917 0.973914
vn 0.000000 0.226917 0.973914
vn 0.000000 0.226917 0.973914
vn 0.000000 0.226917 0.973914
vn -0.000000 -0.226917 0.973914
vn -0.000000 -0.226917 0.973914
vn -0.000000 -0.226917 0.973914
vn -0.000000 -0.226917 0.973914
vn -0.000000 -0.226917 0.973914
vn -0.000000 -0.226917 0.973914
vn -0.000001 -0.912591 0.408874
vn -0.000001 -0.912591 0.408874
vn -0.000001 -0.912591 0.408874
vn -0.000000 -0.912591 0.408875
vn -0.000000 -0.912591 0.408875
vn -0.000000 -0.912591 0.408875
vn 0.000000 -0.912591 -0.408875
vn 0.000000 -0.912591 -0.408875
vn 0.000000 -0.912591 -0.408875
vn -0.000003 -0.912591 -0.408874
vn -0.000003 -0.912591 -0.408874
vn -0.000003 -0.912591 -0.408874
vn -0.000001 -0.226917 -0.973914
vn -0.000001 -0.226917 -0.973914
vn -0.000001 -0.226917 -0.973914
vn -0.000000 -0.226917 -0.973914
vn -0.000000 -0.226917 -0.973914
vn -0.000000 -0.226917 -0.973914
vn -0.000000 0.226917 -0.973914
vn -0.000000 0.226917 -0.973914
vn -0.000000 0.226917 -0.973914
vn -0.000000 0.226917 -0.973914
vn -0.000000 0.226917 -0.973914
vn -0.000000 0.226917 -0.973914
vn 0.000001 0.912589 -0.408879
vn 0.000001 0.912589 -0.408879
vn 0.000001 0.912589 -0.408879
vn -0.000000 0.912589 -0.408879
vn -0.000000 0.912589 -0.408879
vn -0.000000 0.912589 -0.408879
vn -0.000000 -1.000000 0.000000
vn -0.000000 -1.000000 0.000000
vn -0.000000 -1.000000 0.000000
vn 0.340429 -0.456772 0.821868
vn 0.340429 -0.456772 0.821868
vn 0.340429 -0.456772 0.821868
vn 0.340430 -0.456771 0.821868
vn 0.340430 -0.456771 0.821868
vn 0.340430 -0.456771 0.821868
vn -0.203320 -0.847185 0.490856
vn -0.203320 -0.847185 0.490856
vn -0.203320 -0.847185 0.490856
vn -0.203320 -0.847184 0.490856
vn -0.203320 -0.847184 0.490856
vn -0.203320 -0.847184 0.490856
vn 0.000010 -1.000000 0.000000
vn 0.000010 -1.000000 0.000000
vn 0.000010 -1.000000 0.000000
vn -0.340429 -0.456772 -0.821868
vn -0.340429 -0.456772 -0.821868
vn -0.340429 -0.456772 -0.821868
vn -0.340430 -0.456772 -0.821868
vn -0.340430 -0.456772 -0.821868
vn -0.340430 -0.456772 -0.821868
vn -0.490857 -0.847184 0.203319
vn -0.490857 -0.847184 0.203319
vn -0.490857 -0.847184 0.203319
vn -0.490856 -0.847185 0.203319
vn -0.490856 -0.847185 0.203319
vn -0.490856 -0.847185 0.203319
vn 0.000001 1.000000 0.000000
vn 0.000001 1.000000 0.000000
vn 0.000001 1.000000 0.000000
vn 0.821867 -0.456773 0.340430
vn 0.821867 -0.456773 0.340430
vn 0.821867 -0.456773 0.340430
vn 0.821869 -0.456771 0.340429
vn 0.821869 -0.456771 0.340429
vn 0.821869 -0.456771 0.340429
vn -0.490858 -0.847183 -0.203319
vn -0.490858 -0.847183 -0.203319
vn -0.490858 -0.847183 -0.203319
vn -0.490852 -0.847186 -0.203320
vn -0.490852 -0.847186 -0.203320
vn -0.490852 -0.847186 -0.203320
vn 0.000001 1.000000 0.000000
vn 0.000001 1.000000 0.000000
vn 0.000001 1.000000 0.000000
vn -0.821868 -0.456772 -0.340429
vn -0.821868 -0.456772 -0.340429
vn -0.821868 -0.456772 -0.340429
vn -0.821868 -0.456772 -0.340429
vn -0.821868 -0.456772 -0.340429
vn -0.821868 -0.456772 -0.340429
vn -0.203319 -0.847185 -0.490856
vn -0.203319 -0.847185 -0.490856
vn -0.203319 -0.847185 -0.490856
vn -0.203323 -0.847184 -0.490856
vn -0.203323 -0.847184 -0.490856
vn -0.203323 -0.847184 -0.490856
vn -0.000000 1.000000 0.000000
vn -0.000000 1.000000 0.000000
vn -0.000000 1.000000 0.000000
vn -0.340430 -0.456772 0.821868
vn -0.340430 -0.456772 0.821868
vn -0.340430 -0.456772 0.821868
vn -0.340429 -0.456772 0.821868
vn -0.340429 -0.456772 0.821868
vn -0.340429 -0.456772 0.821868
vn 0.203320 -0.847185 -0.490856
vn 0.203320 -0.847185 -0.490856
vn 0.203320 -0.847185 -0.490856
vn 0.203318 -0.847185 -0.490857
vn 0.203318 -0.847185 -0.490857
vn 0.203318 -0.847185 -0.490857
vn -0.000000 1.000000 0.000000
vn -0.000000 1.000000 0.000000
vn -0.000000 1.000000 0.000000
vn 0.821868 -0.456772 -0.340430
vn 0.821868 -0.456772 -0.340430
vn 0.821868 -0.456772 -0.340430
vn 0.821869 -0.456770 -0.340429
vn 0.821869 -0.456770 -0.340429
vn 0.821869 -0.456770 -0.340429
vn 0.490857 -0.847184 -0.203319
vn 0.490857 -0.847184 -0.203319
vn 0.490857 -0.847184 -0.203319
vn 0.490856 -0.847185 -0.203320
vn 0.490856 -0.847185 -0.203320
vn 0.490856 -0.847185 -0.203320
vn -0.821868 -0.456772 0.340430
vn -0.821868 -0.456772 0.340430
vn -0.821868 -0.456772 0.340430
vn -0.821868 -0.456773 0.340430
vn -0.821868 -0.456773 0.340430
vn -0.821868 -0.456773 0.340430
vn -0.000000 1.000000 0.000000
vn -0.000000 1.000000 0.000000
vn -0.000000 1.000000 0.000000
vn 0.490857 -0.847184 0.203319
vn 0.490857 -0.847184 0.203319
vn 0.490857 -0.847184 0.203319
vn 0.490852 -0.847186 0.203320
vn 0.490852 -0.847186 0.203320
vn 0.490852 -0.847186 0.203320
vn -0.000001 1.000000 0.000000
vn -0.000001 1.000000 0.000000
vn -0.000001 1.000000 0.000000
vn 0.340430 -0.456771 -0.821868
vn 0.340430 -0.456771 -0.821868
vn 0.340430 -0.456771 -0.821868
vn 0.340429 -0.456772 -0.821868
vn 0.340429 -0.456772 -0.821868
vn 0.340429 -0.456772 -0.821868
vn 0.203321 -0.847184 0.490856
vn 0.203321 -0.847184 0.490856
vn 0.203321 -0.847184 0.490856
vn 0.203319 -0.847185 0.490856
vn 0.203319 -0.847185 0.490856
vn 0.203319 -0.847185 0.490856
vn -0.000000 -1.000000 0.000000
vn -0.000000 -1.000000 0.000000
vn -0.000000 -1.000000 0.000000
vn -0.000000 -1.000000 0.000000
vn -0.000000 -1.000000 0.000000
vn -0.000000 -1.000000 0.000000
vn -0.000010 -1.000000 0.000000
vn -0.000010 -1.000000 0.000000
vn -0.000010 -1.000000 0.000000
vn -0.000000 -1.000000 0.000000
vn -0.000000 -1.000000 0.000000
vn -0.000000 -1.000000 0.000000

g Material.003
f 3/1/1 1/2/2 2/3/3
f 4/4/4 1/5/5 3/6/6
f 7/7/7 5/8/8 6/9/9
f 8/10/10 5/11/11 7/12/12
f 11/13/13 9/14/14 10/15/15
f 12/16/16 9/17/17 11/18/18
f 15/19/19 13/20/20 14/21/21
f 16/22/22 13/23/23 15/24/24
f 19/25/25 17/26/26 18/27/27
f 20/28/28 17/29/29 19/30/30
f 23/31/31 21/32/32 22/33/33
f 24/34/34 21/35/35 23/36/36
f 27/37/37 25/38/38 26/39/39
f 28/40/40 25/41/41 27/42/42
f 31/43/43 29/44/44 30/45/45
f 32/46/46 29/47/47 31/48/48
f 35/49/49 33/50/50 34/51/51
f 36/52/52 33/53/53 35/54/54
f 39/55/55 37/56/56 38/57/57
f 40/58/58 37/59/59 39/60/60
f 43/61/61 41/62/62 42/63/63
f 44/64/64 41/65/65 43/66/66
f 47/67/67 45/68/68 46/69/69
f 48/70/70 45/71/71 47/72/72
f 51/73/73 49/74/74 50/75/75
f 52/76/76 49/77/77 51/78/78
f 55/79/79 53/80/80 54/81/81
f 56/82/82 53/83/83 55/84/84
f 59/85/85 57/86/86 58/87/87
f 60/88/88 57/89/89 59/90/90
f 63/91/91 61/92/92 62/93/93
f 64/94/94 61/95/95 63/96/96
f 67/97/97 65/98/98 66/99/99
f 70/100/100 68/101/101 69/102/102
f 73/103/103 71/104/104 72/105/105
f 76/106/106 74/107/107 75/108/108
f 79/109/109 77/110/110 78/111/111
f 82/112/112 80/113/113 81/114/114
f 85/115/115 83/116/116 84/117/117
f 88/118/118 86/119/119 87/120/120
f 91/121/121 89/122/122 90/123/123
f 94/124/124 92/125/125 93/126/126
f 97/127/127 95/128/128 96/129/129
f 100/130/130 98/131/131 99/132/132
f 103/133/133 101/134/134 102/135/135
f 106/136/136 104/137/137 105/138/138
f 109/139/139 107/140/140 108/141/141
f 112/142/142 110/143/143 111/144/144
f 115/145/145 113/146/146 114/147/147
f 118/148/148 116/149/149 117/150/150
f 121/151/151 119/152/152 120/153/153
f 124/154/154 122/155/155 123/156/156
f 127/157/157 125/158/158 126/159/159
f 130/160/160 128/161/161 129/162/162
f 133/163/163 131/164/164 132/165/165
f 136/166/166 134/167/167 135/168/168
f 139/169/169 137/170/170 138/171/171
f 142/172/172 140/173/173 141/174/174
f 145/175/175 143/176/176 144/177/177
f 148/178/178 146/179/179 147/180/180
f 151/181/181 149/182/182 150/183/183
f 154/184/184 152/185/185 153/186/186
f 157/187/187 155/188/188 156/189/189
f 160/190/190 158/191/191 159/192/192
f 163/193/193 161/194/194 162/195/195
f 164/196/196 161/197/197 163/198/198
f 167/199/199 165/200/200 166/201/201
f 168/202/202 165/203/203 167/204/204
f 171/205/205 169/206/206 170/207/207
f 172/208/208 169/209/209 171/210/210
f 175/211/211 173/212/212 174/213/213
f 176/214/214 173/215/215 175/216/216
f 179/217/217 177/218/218 178/219/219
f 180/220/220 177/221/221 179/222/222
f 183/223/223 181/224/224 182/225/225
f 184/226/226 181/227/227 183/228/228
f 187/229/229 185/230/230 186/231/231
f 188/232/232 185/233/233 187/234/234
f 191/235/235 189/236/236 190/237/237
f 192/238/238 189/239/239 191/240/240
f 195/241/241 193/242/242 194/243/243
f 196/244/244 193/245/245 195/246/246
f 199/247/247 197/248/248 198/249/249
f 200/250/250 197/251/251 199/252/252
f 203/253/253 201/254/254 202/255/255
f 204/256/256 201/257/257 203/258/258
f 207/259/259 205/260/260 206/261/261
f 208/262/262 205/263/263 207/264/264
f 211/265/265 209/266/266 210/267/267
f 212/268/268 209/269/269 211/270/270
f 215/271/271 213/272/272 214/273/273
f 216/274/274 213/275/275 215/276/276
f 219/277/277 217/278/278 218/279/279
f 220/280/280 217/281/281 219/282/282
f 223/283/283 221/284/284 222/285/285
f 224/286/286 221/287/287 223/288/288
f 227/289/289 225/290/290 226/291/291
f 230/292/292 228/293/293 229/294/294
f 233/295/295 231/296/296 232/297/297
f 236/298/298 234/299/299 235/300/300
f 239/301/301 237/302/302 238/303/303
f 242/304/304 240/305/305 241/306/306
f 245/307/307 243/308/308 244/309/309
f 248/310/310 246/311/311 247/312/312
f 251/313/313 249/314/314 250/315/315
f 254/316/316 252/317/317 253/318/318
f 257/319/319 255/320/320 256/321/321
f 260/322/322 258/323/323 259/324/324
f 263/325/325 261/326/326 262/327/327
f 266/328/328 264/329/329 265/330/330
f 269/331/331 267/332/332 268/333/333
f 272/334/334 270/335/335 271/336/336
f 275/337/337 273/338/338 274/339/339
f 278/340/340 276/341/341 277/342/342
f 281/343/343 279/344/344 280/345/345
f 284/346/346 282/347/347 283/348/348
f 287/349/349 285/350/350 286/351/351
f 290/352/352 288/353/353 289/354/354
f 293/355/355 291/356/356 292/357/357
f 296/358/358 294/359/359 295/360/360
f 299/361/361 297/362/362 298/363/363
f 302/364/364 300/365/365 301/366/366
f 305/367/367 303/368/368 304/369/369
f 308/370/370 306/371/371 307/372/372
f 311/373/373 309/374/374 310/375/375
f 314/376/376 312/377/377 313/378/378
f 317/379/379 315/380/380 316/381/381
f 320/382/382 318/383/383 319/384/384
f 323/385/385 321/386/386 322/387/387
f 324/388/388 321/389/389 323/390/390
f 327/391/391 325/392/392 326/393/393
f 328/394/394 325/395/395 327/396/396
f 331/397/397 329/398/398 330/399/399
f 332/400/400 329/401/401 331/402/402
f 335/403/403 333/404/404 334/405/405
f 336/406/406 333/407/407 335/408/408
f 339/409/409 337/410/410 338/411/411
f 340/412/412 337/413/413 339/414/414
f 343/415/415 341/416/416 342/417/417
f 344/418/418 341/419/419 343/420/420
f 347/421/421 345/422/422 346/423/423
f 348/424/424 345/425/425 347/426/426
f 351/427/427 349/428/428 350/429/429
f 352/430/430 349/431/431 351/432/432
f 355/433/433 353/434/434 354/435/435
f 356/436/436 353/437/437 355/438/438
f 359/439/439 357/440/440 358/441/441
f 360/442/442 357/443/443 359/444/444
f 363/445/445 361/446/446 362/447/447
f 364/448/448 361/449/449 363/450/450
f 367/451/451 365/452/452 366/453/453
f 368/454/454 365/455/455 367/456/456
f 371/457/457 369/458/458 370/459/459
f 372/460/460 369/461/461 371/462/462
f 375/463/463 373/464/464 374/465/465
f 376/466/466 373/467/467 375/468/468
f 379/469/469 377/470/470 378/471/471
f 380/472/472 377/473/473 379/474/474
f 383/475/475 381/476/476 382/477/477
f 384/478/478 381/479/479 383/480/480
f 387/481/481 385/482/482 386/483/483
f 390/484/484 388/485/485 389/486/486
f 393/487/487 391/488/488 392/489/489
f 396/490/490 394/491/491 395/492/492
f 399/493/493 397/494/494 398/495/495
f 402/496/496 400/497/497 401/498/498
f 405/499/499 403/500/500 404/501/501
f 408/502/502 406/503/503 407/504/504
f 411/505/505 409/506/506 410/507/507
f 414/508/508 412/509/509 413/510/510
f 417/511/511 415/512/512 416/513/513
f 420/514/514 418/515/515 419/516/516
f 423/517/517 421/518/518 422/519/519
f 426/520/520 424/521/521 425/522/522
f 429/523/523 427/524/524 428/525/525
f 432/526/526 430/527/527 431/528/528
f 435/529/529 433/530/530 434/531/531
f 438/532/532 436/533/533 437/534/534
f 441/535/535 439/536/536 440/537/537
f 444/538/538 442/539/539 443/540/540
f 447/541/541 445/542/542 446/543/543
f 450/544/544 448/545/545 449/546/546
f 453/547/547 451/548/548 452/549/549
f 456/550/550 454/551/551 455/552/552
f 459/553/553 457/554/554 458/555/555
f 462/556/556 460/557/557 461/558/558
f 465/559/559 463/560/560 464/561/561
f 468/562/562 466/563/563 467/564/564
f 471/565/565 469/566/566 470/567/567
f 474/568/568 472/569/569 473/570/570
f 477/571/571 475/572/572 476/573/573
f 480/574/574 478/575/575 479/576/576
f 483/577/577 481/578/578 482/579/579
f 484/580/580 481/581/581 483/582/582
f 487/583/583 485/584/584 486/585/585
f 488/586/586 485/587/587 487/588/588
f 491/589/589 489/590/590 490/591/591
f 492/592/592 489/593/593 491/594/594
f 495/595/595 493/596/596 494/597/597
f 496/598/598 493/599/599 495/600/600
f 499/601/601 497/602/602 498/603/603
f 500/604/604 497/605/605 499/606/606
f 503/607/607 501/608/608 502/609/609
f 504/610/610 501/611/611 503/612/612
f 507/613/613 505/614/614 506/615/615
f 508/616/616 505/617/617 507/618/618
f 511/619/619 509/620/620 510/621/621
f 512/622/622 509/623/623 511/624/624
f 515/625/625 513/626/626 514/627/627
f 516/628/628 513/629/629 515/630/630
f 519/631/631 517/632/632 518/633/633
f 520/634/634 517/635/635 519/636/636
f 523/637/637 521/638/638 522/639/639
f 524/640/640 521/641/641 523/642/642
f 527/643/643 525/644/644 526/645/645
f 528/646/646 525/647/647 527/648/648
f 531/649/649 529/650/650 530/651/651
f 532/652/652 529/653/653 531/654/654
f 535/655/655 533/656/656 534/657/657
f 536/658/658 533/659/659 535/660/660
f 539/661/661 537/662/662 538/663/663
f 540/664/664 537/665/665 539/666/666
f 543/667/667 541/668/668 542/669/669
f 544/670/670 541/671/671 543/672/672
f 547/673/673 545/674/674 546/675/675
f 550/676/676 548/677/677 549/678/678
f 553/679/679 551/680/680 552/681/681
f 556/682/682 554/683/683 555/684/684
f 559/685/685 557/686/686 558/687/687
f 562/688/688 560/689/689 561/690/690
f 565/691/691 563/692/692 564/693/693
f 568/694/694 566/695/695 567/696/696
f 571/697/697 569/698/698 570/699/699
f 574/700/700 572/701/701 573/702/702
f 577/703/703 575/704/704 576/705/705
f 580/706/706 578/707/707 579/708/708
f 583/709/709 581/710/710 582/711/711
f 586/712/712 584/713/713 585/714/714
f 589/715/715 587/716/716 588/717/717
f 592/718/718 590/719/719 591/720/720
f 595/721/721 593/722/722 594/723/723
f 598/724/724 596/725/725 597/726/726
f 601/727/727 599/728/728 600/729/729
f 604/730/730 602/731/731 603/732/732
f 607/733/733 605/734/734 606/735/735
f 610/736/736 608/737/737 609/738/738
f 613/739/739 611/740/740 612/741/741
f 616/742/742 614/743/743 615/744/744
f 619/745/745 617/746/746 618/747/747
f 622/748/748 620/749/749 621/750/750
f 625/751/751 623/752/752 624/753/753
f 628/754/754 626/755/755 627/756/756
f 631/757/757 629/758/758 630/759/759
f 634/760/760 632/761/761 633/762/762
f 637/763/763 635/764/764 636/765/765
f 640/766/766 638/767/767 639/768/768
f 643/769/769 641/770/770 642/771/771
f 644/772/772 641/773/773 643/774/774
f 647/775/775 645/776/776 646/777/777
f 648/778/778 645/779/779 647/780/780
f 651/781/781 649/782/782 650/783/783
f 652/784/784 649/785/785 651/786/786
f 655/787/787 653/788/788 654/789/789
f 656/790/790 653/791/791 655/792/792
f 659/793/793 657/794/794 658/795/795
f 660/796/796 657/797/797 659/798/798
f 663/799/799 661/800/800 662/801/801
f 664/802/802 661/803/803 663/804/804
f 667/805/805 665/806/806 666/807/807
f 668/808/808 665/809/809 667/810/810
f 671/811/811 669/812/812 670/813/813
f 672/814/814 669/815/815 671/816/816
f 675/817/817 673/818/818 674/819/819
f 676/820/820 673/821/821 675/822/822
f 679/823/823 677/824/824 678/825/825
f 680/826/826 677/827/827 679/828/828
f 683/829/829 681/830/830 682/831/831
f 684/832/832 681/833/833 683/834/834
f 687/835/835 685/836/836 686/837/837
f 688/838/838 685/839/839 687/840/840
f 691/841/841 689/842/842 690/843/843
f 692/844/844 689/845/845 691/846/846
f 695/847/847 693/848/848 694/849/849
f 696/850/850 693/851/851 695/852/852
f 699/853/853 697/854/854 698/855/855
f 700/856/856 697/857/857 699/858/858
f 703/859/859 701/860/860 702/861/861
f 704/862/862 701/863/863 703/864/864
f 707/865/865 705/866/866 706/867/867
f 710/868/868 708/869/869 709/870/870
f 713/871/871 711/872/872 712/873/873
f 716/874/874 714/875/875 715/876/876
f 719/877/877 717/878/878 718/879/879
f 722/880/880 720/881/881 721/882/882
f 725/883/883 723/884/884 724/885/885
f 728/886/886 726/887/887 727/888/888
f 731/889/889 729/890/890 730/891/891
f 734/892/892 732/893/893 733/894/894
f 737/895/895 735/896/896 736/897/897
f 740/898/898 738/899/899 739/900/900
f 743/901/901 741/902/902 742/903/903
f 746/904/904 744/905/905 745/906/906
f 749/907/907 747/908/908 748/909/909
f 752/910/910 750/911/911 751/912/912
f 755/913/913 753/914/914 754/915/915
f 758/916/916 756/917/917 757/918/918
f 761/919/919 759/920/920 760/921/921
f 764/922/922 762/923/923 763/924/924
f 767/925/925 765/926/926 766/927/927
f 770/928/928 768/929/929 769/930/930
f 773/931/931 771/932/932 772/933/933
f 776/934/934 774/935/935 775/936/936
f 779/937/937 777/938/938 778/939/939
f 782/940/940 780/941/941 781/942/942
f 785/943/943 783/944/944 784/945/945
f 788/946/946 786/947/947 787/948/948
f 791/949/949 789/950/950 790/951/951
f 794/952/952 792/953/953 793/954/954
f 797/955/955 795/956/956 796/957/957
f 800/958/958 798/959/959 799/960/960
f 903/961/961 901/962/962 902/963/963
f 906/964/964 904/965/965 905/966/966
f 909/967/967 907/968/968 908/969/969
f 912/970/970 910/971/971 911/972/972
f 915/973/973 913/974/974 914/975/975
f 918/976/976 916/977/977 917/978/978
f 921/979/979 919/980/980 920/981/981
f 924/982/982 922/983/983 923/984/984
f 927/985/985 925/986/986 926/987/987
f 930/988/988 928/989/989 929/990/990
f 933/991/991 931/992/992 932/993/993
f 936/994/994 934/995/995 935/996/996
f 939/997/997 937/998/998 938/999/999
f 942/1000/1000 940/1001/1001 941/1002/1002
f 945/1003/1003 943/1004/1004 944/1005/1005
f 948/1006/1006 946/1007/1007 947/1008/1008
f 951/1009/1009 949/1010/1010 950/1011/1011
f 954/1012/1012 952/1013/1013 953/1014/1014
f 957/1015/1015 955/1016/1016 956/1017/1017
f 960/1018/1018 958/1019/1019 959/1020/1020
f 963/1021/1021 961/1022/1022 962/1023/1023
f 966/1024/1024 964/1025/1025 965/1026/1026
f 969/1027/1027 967/1028/1028 968/1029/1029
f 972/1030/1030 970/1031/1031 971/1032/1032
f 975/1033/1033 973/1034/1034 974/1035/1035
f 978/1036/1036 976/1037/1037 977/1038/1038
f 981/1039/1039 979/1040/1040 980/1041/1041
f 984/1042/1042 982/1043/1043 983/1044/1044
f 987/1045/1045 985/1046/1046 986/1047/1047
f 990/1048/1048 988/1049/1049 989/1050/1050
f 993/1051/1051 991/1052/1052 992/1053/1053
f 996/1054/1054 994/1055/1055 995/1056/1056
f 999/1057/1057 997/1058/1058 998/1059/1059
f 1000/1060/1060 997/1061/1061 999/1062/1062
f 1003/1063/1063 1001/1064/1064 1002/1065/1065
f 1004/1066/1066 1001/1067/1067 1003/1068/1068
f 1007/1069/1069 1005/1070/1070 1006/1071/1071
f 1008/1072/1072 1005/1073/1073 1007/1074/1074
f 1011/1075/1075 1009/1076/1076 1010/1077/1077
f 1012/1078/1078 1009/1079/1079 1011/1080/1080
f 1015/1081/1081 1013/1082/1082 1014/1083/1083
f 1016/1084/1084 1013/1085/1085 1015/1086/1086
f 1019/1087/1087 1017/1088/1088 1018/1089/1089
f 1020/1090/1090 1017/1091/1091 1019/1092/1092
f 1023/1093/1093 1021/1094/1094 1022/1095/1095
f 1024/1096/1096 1021/1097/1097 1023/1098/1098
f 1027/1099/1099 1025/1100/1100 1026/1101/1101
f 1028/1102/1102 1025/1103/1103 1027/1104/1104
f 1031/1105/1105 1029/1106/1106 1030/1107/1107
f 1032/1108/1108 1029/1109/1109 1031/1110/1110
f 1035/1111/1111 1033/1112/1112 1034/1113/1113
f 1036/1114/1114 1033/1115/1115 1035/1116/1116
f 1039/1117/1117 1037/1118/1118 1038/1119/1119
f 1040/1120/1120 1037/1121/1121 1039/1122/1122
f 1043/1123/1123 1041/1124/1124 1042/1125/1125
f 1044/1126/1126 1041/1127/1127 1043/1128/1128
f 1047/1129/1129 1045/1130/1130 1046/1131/1131
f 1048/1132/1132 1045/1133/1133 1047/1134/1134
f 1051/1135/1135 1049/1136/1136 1050/1137/1137
f 1052/1138/1138 1049/1139/1139 1051/1140/1140
f 1055/1141/1141 1053/1142/1142 1054/1143/1143
f 1056/1144/1144 1053/1145/1145 1055/1146/1146
f 1059/1147/1147 1057/1148/1148 1058/1149/1149
f 1060/1150/1150 1057/1151/1151 1059/1152/1152
f 1063/1153/1153 1061/1154/1154 1062/1155/1155
f 1064/1156/1156 1061/1157/1157 1063/1158/1158
f 1067/1159/1159 1065/1160/1160 1066/1161/1161
f 1068/1162/1162 1065/1163/1163 1067/1164/1164
f 1071/1165/1165 1069/1166/1166 1070/1167/1167
f 1072/1168/1168 1069/1169/1169 1071/1170/1170
f 1075/1171/1171 1073/1172/1172 1074/1173/1173
f 1076/1174/1174 1073/1175/1175 1075/1176/1176
f 1079/1177/1177 1077/1178/1178 1078/1179/1179
f 1080/1180/1180 1077/1181/1181 1079/1182/1182
f 1083/1183/1183 1081/1184/1184 1082/1185/1185
f 1084/1186/1186 1081/1187/1187 1083/1188/1188
f 1087/1189/1189 1085/1190/1190 1086/1191/1191
f 1088/1192/1192 1085/1193/1193 1087/1194/1194
f 1091/1195/1195 1089/1196/1196 1090/1197/1197
f 1092/1198/1198 1089/1199/1199 1091/1200/1200
f 1095/1201/1201 1093/1202/1202 1094/1203/1203
f 1096/1204/1204 1093/1205/1205 1095/1206/1206
f 1099/1207/1207 1097/1208/1208 1098/1209/1209
f 1100/1210/1210 1097/1211/1211 1099/1212/1212
f 1103/1213/1213 1101/1214/1214 1102/1215/1215
f 1104/1216/1216 1101/1217/1217 1103/1218/1218
f 1107/1219/1219 1105/1220/1220 1106/1221/1221
f 1108/1222/1222 1105/1223/1223 1107/1224/1224
f 1111/1225/1225 1109/1226/1226 1110/1227/1227
f 1112/1228/1228 1109/1229/1229 1111/1230/1230
f 1115/1231/1231 1113/1232/1232 1114/1233/1233
f 1116/1234/1234 1113/1235/1235 1115/1236/1236
f 1119/1237/1237 1117/1238/1238 1118/1239/1239
f 1120/1240/1240 1117/1241/1241 1119/1242/1242
f 1123/1243/1243 1121/1244/1244 1122/1245/1245
f 1124/1246/1246 1121/1247/1247 1123/1248/1248
f 1127/1249/1249 1125/1250/1250 1126/1251/1251
f 1130/1252/1252 1128/1253/1253 1129/1254/1254
f 1133/1255/1255 1131/1256/1256 1132/1257/1257
f 1136/1258/1258 1134/1259/1259 1135/1260/1260
f 1139/1261/1261 1137/1262/1262 1138/1263/1263
f 1142/1264/1264 1140/1265/1265 1141/1266/1266
f 1145/1267/1267 1143/1268/1268 1144/1269/1269
f 1148/1270/1270 1146/1271/1271 1147/1272/1272
f 1151/1273/1273 1149/1274/1274 1150/1275/1275
f 1154/1276/1276 1152/1277/1277 1153/1278/1278
f 1157/1279/1279 1155/1280/1280 1156/1281/1281
f 1160/1282/1282 1158/1283/1283 1159/1284/1284
f 1163/1285/1285 1161/1286/1286 1162/1287/1287
f 1166/1288/1288 1164/1289/1289 1165/1290/1290
f 1169/1291/1291 1167/1292/1292 1168/1293/1293
f 1172/1294/1294 1170/1295/1295 1171/1296/1296
f 1175/1297/1297 1173/1298/1298 1174/1299/1299
f 1178/1300/1300 1176/1301/1301 1177/1302/1302
f 1181/1303/1303 1179/1304/1304 1180/1305/1305
f 1184/1306/1306 1182/1307/1307 1183/1308/1308
f 1187/1309/1309 1185/1310/1310 1186/1311/1311
f 1190/1312/1312 1188/1313/1313 1189/1314/1314
f 1193/1315/1315 1191/1316/1316 1192/1317/1317
f 1196/1318/1318 1194/1319/1319 1195/1320/1320
f 1199/1321/1321 1197/1322/1322 1198/1323/1323
f 1202/1324/1324 1200/1325/1325 1201/1326/1326
f 1205/1327/1327 1203/1328/1328 1204/1329/1329
f 1208/1330/1330 1206/1331/1331 1207/1332/1332
f 1211/1333/1333 1209/1334/1334 1210/1335/1335
f 1214/1336/1336 1212/1337/1337 1213/1338/1338
f 1217/1339/1339 1215/1340/1340 1216/1341/1341
f 1220/1342/1342 1218/1343/1343 1219/1344/1344
f 1223/1345/1345 1221/1346/1346 1222/1347/1347
f 1226/1348/1348 1224/1349/1349 1225/1350/1350
f 1229/1351/1351 1227/1352/1352 1228/1353/1353
f 1232/1354/1354 1230/1355/1355 1231/1356/1356
f 1235/1357/1357 1233/1358/1358 1234/1359/1359
f 1238/1360/1360 1236/1361/1361 1237/1362/1362
f 1241/1363/1363 1239/1364/1364 1240/1365/1365
f 1244/1366/1366 1242/1367/1367 1243/1368/1368
f 1247/1369/1369 1245/1370/1370 1246/1371/1371
f 1250/1372/1372 1248/1373/1373 1249/1374/1374
f 1253/1375/1375 1251/1376/1376 1252/1377/1377
f 1256/1378/1378 1254/1379/1379 1255/1380/1380
f 1259/1381/1381 1257/1382/1382 1258/1383/1383
f 1262/1384/1384 1260/1385/1385 1261/1386/1386
f 1265/1387/1387 1263/1388/1388 1264/1389/1389
f 1268/1390/1390 1266/1391/1391 1267/1392/1392
f 1271/1393/1393 1269/1394/1394 1270/1395/1395
f 1274/1396/1396 1272/1397/1397 1273/1398/1398
f 1277/1399/1399 1275/1400/1400 1276/1401/1401
f 1280/1402/1402 1278/1403/1403 1279/1404/1404
f 1283/1405/1405 1281/1406/1406 1282/1407/1407
f 1286/1408/1408 1284/1409/1409 1285/1410/1410
f 1289/1411/1411 1287/1412/1412 1288/1413/1413
f 1292/1414/1414 1290/1415/1415 1291/1416/1416
f 1295/1417/1417 1293/1418/1418 1294/1419/1419
f 1298/1420/1420 1296/1421/1421 1297/1422/1422
f 1301/1423/1423 1299/1424/1424 1300/1425/1425
f 1304/1426/1426 1302/1427/1427 1303/1428/1428
f 1307/1429/1429 1305/1430/1430 1306/1431/1431
f 1310/1432/1432 1308/1433/1433 1309/1434/1434
f 1313/1435/1435 1311/1436/1436 1312/1437/1437
f 1316/1438/1438 1314/1439/1439 1315/1440/1440
f 1319/1441/1441 1317/1442/1442 1318/1443/1443
f 1320/1444/1444 1317/1445/1445 1319/1446/1446
f 1323/1447/1447 1321/1448/1448 1322/1449/1449
f 1324/1450/1450 1321/1451/1451 1323/1452/1452
f 1327/1453/1453 1325/1454/1454 1326/1455/1455
f 1328/1456/1456 1325/1457/1457 1327/1458/1458
f 1331/1459/1459 1329/1460/1460 1330/1461/1461
f 1332/1462/1462 1329/1463/1463 1331/1464/1464
f 1335/1465/1465 1333/1466/1466 1334/1467/1467
f 1336/1468/1468 1333/1469/1469 1335/1470/1470
f 1339/1471/1471 1337/1472/1472 1338/1473/1473
f 1340/1474/1474 1337/1475/1475 1339/1476/1476
f 1343/1477/1477 1341/1478/1478 1342/1479/1479
f 1344/1480/1480 1341/1481/1481 1343/1482/1482
f 1347/1483/1483 1345/1484/1484 1346/1485/1485
f 1348/1486/1486 1345/1487/1487 1347/1488/1488
f 1351/1489/1489 1349/1490/1490 1350/1491/1491
f 1352/1492/1492 1349/1493/1493 1351/1494/1494
f 1355/1495/1495 1353/1496/1496 1354/1497/1497
f 1356/1498/1498 1353/1499/1499 1355/1500/1500
f 1359/1501/1501 1357/1502/1502 1358/1503/1503
f 1360/1504/1504 1357/1505/1505 1359/1506/1506
f 1363/1507/1507 1361/1508/1508 1362/1509/1509
f 1364/1510/1510 1361/1511/1511 1363/1512/1512
f 1367/1513/1513 1365/1514/1514 1366/1515/1515
f 1368/1516/1516 1365/1517/1517 1367/1518/1518
f 1371/1519/1519 1369/1520/1520 1370/1521/1521
f 1372/1522/1522 1369/1523/1523 1371/1524/1524
f 1375/1525/1525 1373/1526/1526 1374/1527/1527
f 1376/1528/1528 1373/1529/1529 1375/1530/1530
f 1379/1531/1531 1377/1532/1532 1378/1533/1533
f 1380/1534/1534 1377/1535/1535 1379/1536/1536
f 1383/1537/1537 1381/1538/1538 1382/1539/1539
f 1384/1540/1540 1381/1541/1541 1383/1542/1542
f 1387/1543/1543 1385/1544/1544 1386/1545/1545
f 1388/1546/1546 1385/1547/1547 1387/1548/1548
f 1391/1549/1549 1389/1550/1550 1390/1551/1551
f 1392/1552/1552 1389/1553/1553 1391/1554/1554
f 1395/1555/1555 1393/1556/1556 1394/1557/1557
f 1396/1558/1558 1393/1559/1559 1395/1560/1560
f 1399/1561/1561 1397/1562/1562 1398/1563/1563
f 1400/1564/1564 1397/1565/1565 1399/1566/1566
f 1403/1567/1567 1401/1568/1568 1402/1569/1569
f 1404/1570/1570 1401/1571/1571 1403/1572/1572
f 1407/1573/1573 1405/1574/1574 1406/1575/1575
f 1408/1576/1576 1405/1577/1577 1407/1578/1578
f 1411/1579/1579 1409/1580/1580 1410/1581/1581
f 1412/1582/1582 1409/1583/1583 1411/1584/1584
f 1415/1585/1585 1413/1586/1586 1414/1587/1587
f 1416/1588/1588 1413/1589/1589 1415/1590/1590
f 1419/1591/1591 1417/1592/1592 1418/1593/1593
f 1420/1594/1594 1417/1595/1595 1419/1596/1596
f 1423/1597/1597 1421/1598/1598 1422/1599/1599
f 1424/1600/1600 1421/1601/1601 1423/1602/1602
f 1427/1603/1603 1425/1604/1604 1426/1605/1605
f 1428/1606/1606 1425/1607/1607 1427/1608/1608
f 1431/1609/1609 1429/1610/1610 1430/1611/1611
f 1432/1612/1612 1429/1613/1613 1431/1614/1614
f 1435/1615/1615 1433/1616/1616 1434/1617/1617
f 1436/1618/1618 1433/1619/1619 1435/1620/1620
f 1439/1621/1621 1437/1622/1622 1438/1623/1623
f 1440/1624/1624 1437/1625/1625 1439/1626/1626
f 1443/1627/1627 1441/1628/1628 1442/1629/1629
f 1444/1630/1630 1441/1631/1631 1443/1632/1632
f 1447/1633/1633 1445/1634/1634 1446/1635/1635
f 1450/1636/1636 1448/1637/1637 1449/1638/1638
f 1453/1639/1639 1451/1640/1640 1452/1641/1641
f 1456/1642/1642 1454/1643/1643 1455/1644/1644
f 1459/1645/1645 1457/1646/1646 1458/1647/1647
f 1462/1648/1648 1460/1649/1649 1461/1650/1650
f 1465/1651/1651 1463/1652/1652 1464/1653/1653
f 1468/1654/1654 1466/1655/1655 1467/1656/1656
f 1471/1657/1657 1469/1658/1658 1470/1659/1659
f 1474/1660/1660 1472/1661/1661 1473/1662/1662
f 1477/1663/1663 1475/1664/1664 1476/1665/1665
f 1480/1666/1666 1478/1667/1667 1479/1668/1668
f 1483/1669/1669 1481/1670/1670 1482/1671/1671
f 1486/1672/1672 1484/1673/1673 1485/1674/1674
f 1489/1675/1675 1487/1676/1676 1488/1677/1677
f 1492/1678/1678 1490/1679/1679 1491/1680/1680
f 1495/1681/1681 1493/1682/1682 1494/1683/1683
f 1498/1684/1684 1496/1685/1685 1497/1686/1686
f 1501/1687/1687 1499/1688/1688 1500/1689/1689
f 1504/1690/1690 1502/1691/1691 1503/1692/1692
f 1507/1693/1693 1505/1694/1694 1506/1695/1695
f 1510/1696/1696 1508/1697/1697 1509/1698/1698
f 1513/1699/1699 1511/1700/1700 1512/1701/1701
f 1516/1702/1702 1514/1703/1703 1515/1704/1704
f 1519/1705/1705 1517/1706/1706 1518/1707/1707
f 1522/1708/1708 1520/1709/1709 1521/1710/1710
f 1525/1711/1711 1523/1712/1712 1524/1713/1713
f 1528/1714/1714 1526/1715/1715 1527/1716/1716
f 1531/1717/1717 1529/1718/1718 1530/1719/1719
f 1534/1720/1720 1532/1721/1721 1533/1722/1722
f 1537/1723/1723 1535/1724/1724 1536/1725/1725
f 1540/1726/1726 1538/1727/1727 1539/1728/1728
f 1543/1729/1729 1541/1730/1730 1542/1731/1731
f 1546/1732/1732 1544/1733/1733 1545/1734/1734
f 1549/1735/1735 1547/1736/1736 1548/1737/1737
f 1552/1738/1738 1550/1739/1739 1551/1740/1740
f 1555/1741/1741 1553/1742/1742 1554/1743/1743
f 1558/1744/1744 1556/1745/1745 1557/1746/1746
f 1561/1747/1747 1559/1748/1748 1560/1749/1749
f 1564/1750/1750 1562/1751/1751 1563/1752/1752
f 1567/1753/1753 1565/1754/1754 1566/1755/1755
f 1570/1756/1756 1568/1757/1757 1569/1758/1758
f 1573/1759/1759 1571/1760/1760 1572/1761/1761
f 1576/1762/1762 1574/1763/1763 1575/1764/1764
f 1579/1765/1765 1577/1766/1766 1578/1767/1767
f 1582/1768/1768 1580/1769/1769 1581/1770/1770
f 1585/1771/1771 1583/1772/1772 1584/1773/1773
f 1588/1774/1774 1586/1775/1775 1587/1776/1776
f 1591/1777/1777 1589/1778/1778 1590/1779/1779
f 1594/1780/1780 1592/1781/1781 1593/1782/1782
f 1597/1783/1783 1595/1784/1784 1596/1785/1785
f 1600/1786/1786 1598/1787/1787 1599/1788/1788
f 1603/1789/1789 1601/1790/1790 1602/1791/1791
f 1606/1792/1792 1604/1793/1793 1605/1794/1794
f 1609/1795/1795 1607/1796/1796 1608/1797/1797
f 1612/1798/1798 1610/1799/1799 1611/1800/1800
f 1615/1801/1801 1613/1802/1802 1614/1803/1803
f 1618/1804/1804 1616/1805/1805 1617/1806/1806
f 1621/1807/1807 1619/1808/1808 1620/1809/1809
f 1624/1810/1810 1622/1811/1811 1623/1812/1812
f 1627/1813/1813 1625/1814/1814 1626/1815/1815
f 1630/1816/1816 1628/1817/1817 1629/1818/1818
f 1633/1819/1819 1631/1820/1820 1632/1821/1821
f 1636/1822/1822 1634/1823/1823 1635/1824/1824
f 1639/1825/1825 1637/1826/1826 1638/1827/1827
f 1640/1828/1828 1637/1829/1829 1639/1830/1830
f 1643/1831/1831 1641/1832/1832 1642/1833/1833
f 1644/1834/1834 1641/1835/1835 1643/1836/1836
f 1647/1837/1837 1645/1838/1838 1646/1839/1839
f 1648/1840/1840 1645/1841/1841 1647/1842/1842
f 1651/1843/1843 1649/1844/1844 1650/1845/1845
f 1652/1846/1846 1649/1847/1847 1651/1848/1848
f 1655/1849/1849 1653/1850/1850 1654/1851/1851
f 1656/1852/1852 1653/1853/1853 1655/1854/1854
f 1659/1855/1855 1657/1856/1856 1658/1857/1857
f 1660/1858/1858 1657/1859/1859 1659/1860/1860
f 1663/1861/1861 1661/1862/1862 1662/1863/1863
f 1664/1864/1864 1661/1865/1865 1663/1866/1866
f 1667/1867/1867 1665/1868/1868 1666/1869/1869
f 1668/1870/1870 1665/1871/1871 1667/1872/1872
f 1671/1873/1873 1669/1874/1874 1670/1875/1875
f 1672/1876/1876 1669/1877/1877 1671/1878/1878
f 1675/1879/1879 1673/1880/1880 1674/1881/1881
f 1676/1882/1882 1673/1883/1883 1675/1884/1884
f 1679/1885/1885 1677/1886/1886 1678/1887/1887
f 1680/1888/1888 1677/1889/1889 1679/1890/1890
f 1683/1891/1891 1681/1892/1892 1682/1893/1893
f 1684/1894/1894 1681/1895/1895 1683/1896/1896
f 1687/1897/1897 1685/1898/1898 1686/1899/1899
f 1688/1900/1900 1685/1901/1901 1687/1902/1902
f 1691/1903/1903 1689/1904/1904 1690/1905/1905
f 1692/1906/1906 1689/1907/1907 1691/1908/1908
f 1695/1909/1909 1693/1910/1910 1694/1911/1911
f 1696/1912/1912 1693/1913/1913 1695/1914/1914
f 1699/1915/1915 1697/1916/1916 1698/1917/1917
f 1700/1918/1918 1697/1919/1919 1699/1920/1920
f 1703/1921/1921 1701/1922/1922 1702/1923/1923
f 1706/1924/1924 1704/1925/1925 1705/1926/1926
f 1709/1927/1927 1707/1928/1928 1708/1929/1929
f 1712/1930/1930 1710/1931/1931 1711/1932/1932
f 1715/1933/1933 1713/1934/1934 1714/1935/1935
f 1718/1936/1936 1716/1937/1937 1717/1938/1938
f 1721/1939/1939 1719/1940/1940 1720/1941/1941
f 1724/1942/1942 1722/1943/1943 1723/1944/1944
f 1727/1945/1945 1725/1946/1946 1726/1947/1947
f 1730/1948/1948 1728/1949/1949 1729/1950/1950
f 1733/1951/1951 1731/1952/1952 1732/1953/1953
f 1736/1954/1954 1734/1955/1955 1735/1956/1956
f 1739/1957/1957 1737/1958/1958 1738/1959/1959
f 1742/1960/1960 1740/1961/1961 1741/1962/1962
f 1745/1963/1963 1743/1964/1964 1744/1965/1965
f 1748/1966/1966 1746/1967/1967 1747/1968/1968
f 1751/1969/1969 1749/1970/1970 1750/1971/1971
f 1754/1972/1972 1752/1973/1973 1753/1974/1974
f 1757/1975/1975 1755/1976/1976 1756/1977/1977
f 1760/1978/1978 1758/1979/1979 1759/1980/1980
f 1763/1981/1981 1761/1982/1982 1762/1983/1983
f 1766/1984/1984 1764/1985/1985 1765/1986/1986
f 1769/1987/1987 1767/1988/1988 1768/1989/1989
f 1772/1990/1990 1770/1991/1991 1771/1992/1992
f 1775/1993/1993 1773/1994/1994 1774/1995/1995
f 1778/1996/1996 1776/1997/1997 1777/1998/1998
f 1781/1999/1999 1779/2000/2000 1780/2001/2001
f 1784/2002/2002 1782/2003/2003 1783/2004/2004
f 1787/2005/2005 1785/2006/2006 1786/2007/2007
f 1790/2008/2008 1788/2009/2009 1789/2010/2010
f 1793/2011/2011 1791/2012/2012 1792/2013/2013
f 1796/2014/2014 1794/2015/2015 1795/2016/2016
f 1799/2017/2017 1797/2018/2018 1798/2019/2019
f 1800/2020/2020 1797/2021/2021 1799/2022/2022
f 1803/2023/2023 1801/2024/2024 1802/2025/2025
f 1804/2026/2026 1801/2027/2027 1803/2028/2028
f 1807/2029/2029 1805/2030/2030 1806/2031/2031
f 1808/2032/2032 1805/2033/2033 1807/2034/2034
f 1811/2035/2035 1809/2036/2036 1810/2037/2037
f 1812/2038/2038 1809/2039/2039 1811/2040/2040
f 1815/2041/2041 1813/2042/2042 1814/2043/2043
f 1816/2044/2044 1813/2045/2045 1815/2046/2046
f 1819/2047/2047 1817/2048/2048 1818/2049/2049
f 1820/2050/2050 1817/2051/2051 1819/2052/2052
f 1823/2053/2053 1821/2054/2054 1822/2055/2055
f 1824/2056/2056 1821/2057/2057 1823/2058/2058
f 1827/2059/2059 1825/2060/2060 1826/2061/2061
f 1828/2062/2062 1825/2063/2063 1827/2064/2064
f 1831/2065/2065 1829/2066/2066 1830/2067/2067
f 1832/2068/2068 1829/2069/2069 1831/2070/2070
f 1835/2071/2071 1833/2072/2072 1834/2073/2073
f 1836/2074/2074 1833/2075/2075 1835/2076/2076
f 1839/2077/2077 1837/2078/2078 1838/2079/2079
f 1840/2080/2080 1837/2081/2081 1839/2082/2082
f 1843/2083/2083 1841/2084/2084 1842/2085/2085
f 1844/2086/2086 1841/2087/2087 1843/2088/2088
f 1847/2089/2089 1845/2090/2090 1846/2091/2091
f 1848/2092/2092 1845/2093/2093 1847/2094/2094
f 1851/2095/2095 1849/2096/2096 1850/2097/2097
f 1852/2098/2098 1849/2099/2099 1851/2100/2100
f 1855/2101/2101 1853/2102/2102 1854/2103/2103
f 1856/2104/2104 1853/2105/2105 1855/2106/2106
f 1859/2107/2107 1857/2108/2108 1858/2109/2109
f 1860/2110/2110 1857/2111/2111 1859/2112/2112
f 1863/2113/2113 1861/2114/2114 1862/2115/2115
f 1866/2116/2116 1864/2117/2117 1865/2118/2118
f 1869/2119/2119 1867/2120/2120 1868/2121/2121
f 1872/2122/2122 1870/2123/2123 1871/2124/2124
f 1875/2125/2125 1873/2126/2126 1874/2127/2127
f 1878/2128/2128 1876/2129/2129 1877/2130/2130
f 1881/2131/2131 1879/2132/2132 1880/2133/2133
f 1884/2134/2134 1882/2135/2135 1883/2136/2136
f 1887/2137/2137 1885/2138/2138 1886/2139/2139
f 1890/2140/2140 1888/2141/2141 1889/2142/2142
f 1893/2143/2143 1891/2144/2144 1892/2145/2145
f 1896/2146/2146 1894/2147/2147 1895/2148/2148
f 1899/2149/2149 1897/2150/2150 1898/2151/2151
f 1902/2152/2152 1900/2153/2153 1901/2154/2154
f 1905/2155/2155 1903/2156/2156 1904/2157/2157
f 1908/2158/2158 1906/2159/2159 1907/2160/2160
f 1911/2161/2161 1909/2162/2162 1910/2163/2163
f 1914/2164/2164 1912/2165/2165 1913/2166/2166
f 1917/2167/2167 1915/2168/2168 1916/2169/2169
f 1920/2170/2170 1918/2171/2171 1919/2172/2172
f 1923/2173/2173 1921/2174/2174 1922/2175/2175
f 1926/2176/2176 1924/2177/2177 1925/2178/2178
f 1929/2179/2179 1927/2180/2180 1928/2181/2181
f 1932/2182/2182 1930/2183/2183 1931/2184/2184
f 1935/2185/2185 1933/2186/2186 1934/2187/2187
f 1938/2188/2188 1936/2189/2189 1937/2190/2190
f 1941/2191/2191 1939/2192/2192 1940/2193/2193
f 1944/2194/2194 1942/2195/2195 1943/2196/2196
f 1947/2197/2197 1945/2198/2198 1946/2199/2199
f 1950/2200/2200 1948/2201/2201 1949/2202/2202
f 1953/2203/2203 1951/2204/2204 1952/2205/2205
f 1956/2206/2206 1954/2207/2207 1955/2208/2208
f 1959/2209/2209 1957/2210/2210 1958/2211/2211
f 1960/2212/2212 1957/2213/2213 1959/2214/2214
f 1963/2215/2215 1961/2216/2216 1962/2217/2217
f 1964/2218/2218 1961/2219/2219 1963/2220/2220
f 1967/2221/2221 1965/2222/2222 1966/2223/2223
f 1968/2224/2224 1965/2225/2225 1967/2226/2226
f 1971/2227/2227 1969/2228/2228 1970/2229/2229
f 1972/2230/2230 1969/2231/2231 1971/2232/2232
f 1975/2233/2233 1973/2234/2234 1974/2235/2235
f 1976/2236/2236 1973/2237/2237 1975/2238/2238
f 1979/2239/2239 1977/2240/2240 1978/2241/2241
f 1980/2242/2242 1977/2243/2243 1979/2244/2244
f 1983/2245/2245 1981/2246/2246 1982/2247/2247
f 1984/2248/2248 1981/2249/2249 1983/2250/2250
f 1987/2251/2251 1985/2252/2252 1986/2253/2253
f 1988/2254/2254 1985/2255/2255 1987/2256/2256
f 1991/2257/2257 1989/2258/2258 1990/2259/2259
f 1992/2260/2260 1989/2261/2261 1991/2262/2262
f 1995/2263/2263 1993/2264/2264 1994/2265/2265
f 1996/2266/2266 1993/2267/2267 1995/2268/2268
f 1999/2269/2269 1997/2270/2270 1998/2271/2271
f 2000/2272/2272 1997/2273/2273 1999/2274/2274
f 2003/2275/2275 2001/2276/2276 2002/2277/2277
f 2004/2278/2278 2001/2279/2279 2003/2280/2280
f 2007/2281/2281 2005/2282/2282 2006/2283/2283
f 2008/2284/2284 2005/2285/2285 2007/2286/2286
f 2011/2287/2287 2009/2288/2288 2010/2289/2289
f 2012/2290/2290 2009/2291/2291 2011/2292/2292
f 2015/2293/2293 2013/2294/2294 2014/2295/2295
f 2016/2296/2296 2013/2297/2297 2015/2298/2298
f 2019/2299/2299 2017/2300/2300 2018/2301/2301
f 2020/2302/2302 2017/2303/2303 2019/2304/2304
f 2023/2305/2305 2021/2306/2306 2022/2307/2307
f 2026/2308/2308 2024/2309/2309 2025/2310/2310
f 2029/2311/2311 2027/2312/2312 2028/2313/2313
f 2032/2314/2314 2030/2315/2315 2031/2316/2316
f 2035/2317/2317 2033/2318/2318 2034/2319/2319
f 2038/2320/2320 2036/2321/2321 2037/2322/2322
f 2041/2323/2323 2039/2324/2324 2040/2325/2325
f 2044/2326/2326 2042/2327/2327 2043/2328/2328
f 2047/2329/2329 2045/2330/2330 2046/2331/2331
f 2050/2332/2332 2048/2333/2333 2049/2334/2334
f 2053/2335/2335 2051/2336/2336 2052/2337/2337
f 2056/2338/2338 2054/2339/2339 2055/2340/2340
f 2059/2341/2341 2057/2342/2342 2058/2343/2343
f 2062/2344/2344 2060/2345/2345 2061/2346/2346
f 2065/2347/2347 2063/2348/2348 2064/2349/2349
f 2068/2350/2350 2066/2351/2351 2067/2352/2352
f 2071/2353/2353 2069/2354/2354 2070/2355/2355
f 2074/2356/2356 2072/2357/2357 2073/2358/2358
f 2077/2359/2359 2075/2360/2360 2076/2361/2361
f 2080/2362/2362 2078/2363/2363 2079/2364/2364
f 2083/2365/2365 2081/2366/2366 2082/2367/2367
f 2086/2368/2368 2084/2369/2369 2085/2370/2370
f 2089/2371/2371 2087/2372/2372 2088/2373/2373
f 2092/2374/2374 2090/2375/2375 2091/2376/2376
f 2095/2377/2377 2093/2378/2378 2094/2379/2379
f 2098/2380/2380 2096/2381/2381 2097/2382/2382
f 2101/2383/2383 2099/2384/2384 2100/2385/2385
f 2104/2386/2386 2102/2387/2387 2103/2388/2388
f 2107/2389/2389 2105/2390/2390 2106/2391/2391
f 2110/2392/2392 2108/2393/2393 2109/2394/2394
f 2113/2395/2395 2111/2396/2396 2112/2397/2397
f 2116/2398/2398 2114/2399/2399 2115/2400/2400
f 2119/2401/2401 2117/2402/2402 2118/2403/2403
f 2120/2404/2404 2117/2405/2405 2119/2406/2406
f 2123/2407/2407 2121/2408/2408 2122/2409/2409
f 2124/2410/2410 2121/2411/2411 2123/2412/2412
f 2127/2413/2413 2125/2414/2414 2126/2415/2415
f 2128/2416/2416 2125/2417/2417 2127/2418/2418
f 2131/2419/2419 2129/2420/2420 2130/2421/2421
f 2132/2422/2422 2129/2423/2423 2131/2424/2424
f 2135/2425/2425 2133/2426/2426 2134/2427/2427
f 2136/2428/2428 2133/2429/2429 2135/2430/2430
f 2139/2431/2431 2137/2432/2432 2138/2433/2433
f 2140/2434/2434 2137/2435/2435 2139/2436/2436
f 2143/2437/2437 2141/2438/2438 2142/2439/2439
f 2144/2440/2440 2141/2441/2441 2143/2442/2442
f 2147/2443/2443 2145/2444/2444 2146/2445/2445
f 2148/2446/2446 2145/2447/2447 2147/2448/2448
f 2151/2449/2449 2149/2450/2450 2150/2451/2451
f 2152/2452/2452 2149/2453/2453 2151/2454/2454
f 2155/2455/2455 2153/2456/2456 2154/2457/2457
f 2156/2458/2458 2153/2459/2459 2155/2460/2460
f 2159/2461/2461 2157/2462/2462 2158/2463/2463
f 2160/2464/2464 2157/2465/2465 2159/2466/2466
f 2163/2467/2467 2161/2468/2468 2162/2469/2469
f 2164/2470/2470 2161/2471/2471 2163/2472/2472
f 2167/2473/2473 2165/2474/2474 2166/2475/2475
f 2168/2476/2476 2165/2477/2477 2167/2478/2478
f 2171/2479/2479 2169/2480/2480 2170/2481/2481
f 2172/2482/2482 2169/2483/2483 2171/2484/2484
f 2175/2485/2485 2173/2486/2486 2174/2487/2487
f 2176/2488/2488 2173/2489/2489 2175/2490/2490
f 2179/2491/2491 2177/2492/2492 2178/2493/2493
f 2180/2494/2494 2177/2495/2495 2179/2496/2496
f 2183/2497/2497 2181/2498/2498 2182/2499/2499
f 2186/2500/2500 2184/2501/2501 2185/2502/2502
f 2189/2503/2503 2187/2504/2504 2188/2505/2505
f 2192/2506/2506 2190/2507/2507 2191/2508/2508
f 2195/2509/2509 2193/2510/2510 2194/2511/2511
f 2198/2512/2512 2196/2513/2513 2197/2514/2514
f 2201/2515/2515 2199/2516/2516 2200/2517/2517
f 2204/2518/2518 2202/2519/2519 2203/2520/2520
f 2207/2521/2521 2205/2522/2522 2206/2523/2523
f 2210/2524/2524 2208/2525/2525 2209/2526/2526
f 2213/2527/2527 2211/2528/2528 2212/2529/2529
f 2216/2530/2530 2214/2531/2531 2215/2532/2532
f 2219/2533/2533 2217/2534/2534 2218/2535/2535
f 2222/2536/2536 2220/2537/2537 2221/2538/2538
f 2225/2539/2539 2223/2540/2540 2224/2541/2541
f 2228/2542/2542 2226/2543/2543 2227/2544/2544
f 2231/2545/2545 2229/2546/2546 2230/2547/2547
f 2234/2548/2548 2232/2549/2549 2233/2550/2550
f 2237/2551/2551 2235/2552/2552 2236/2553/2553
f 2240/2554/2554 2238/2555/2555 2239/2556/2556
f 2243/2557/2557 2241/2558/2558 2242/2559/2559
f 2246/2560/2560 2244/2561/2561 2245/2562/2562
f 2249/2563/2563 2247/2564/2564 2248/2565/2565
f 2252/2566/2566 2250/2567/2567 2251/2568/2568
f 2255/2569/2569 2253/2570/2570 2254/2571/2571
f 2258/2572/2572 2256/2573/2573 2257/2574/2574
f 2261/2575/2575 2259/2576/2576 2260/2577/2577
f 2264/2578/2578 2262/2579/2579 2263/2580/2580
f 2267/2581/2581 2265/2582/2582 2266/2583/2583
f 2270/2584/2584 2268/2585/2585 2269/2586/2586
f 2273/2587/2587 2271/2588/2588 2272/2589/2589
f 2276/2590/2590 2274/2591/2591 2275/2592/2592
f 2279/2593/2593 2277/2594/2594 2278/2595/2595
f 2280/2596/2596 2277/2597/2597 2279/2598/2598
f 2283/2599/2599 2281/2600/2600 2282/2601/2601
f 2284/2602/2602 2281/2603/2603 2283/2604/2604
f 2287/2605/2605 2285/2606/2606 2286/2607/2607
f 2288/2608/2608 2285/2609/2609 2287/2610/2610
f 2291/2611/2611 2289/2612/2612 2290/2613/2613
f 2292/2614/2614 2289/2615/2615 2291/2616/2616
f 2295/2617/2617 2293/2618/2618 2294/2619/2619
f 2296/2620/2620 2293/2621/2621 2295/2622/2622
f 2299/2623/2623 2297/2624/2624 2298/2625/2625
f 2300/2626/2626 2297/2627/2627 2299/2628/2628
f 2303/2629/2629 2301/2630/2630 2302/2631/2631
f 2304/2632/2632 2301/2633/2633 2303/2634/2634
f 2307/2635/2635 2305/2636/2636 2306/2637/2637
f 2308/2638/2638 2305/2639/2639 2307/2640/2640
f 2311/2641/2641 2309/2642/2642 2310/2643/2643
f 2312/2644/2644 2309/2645/2645 2311/2646/2646
f 2315/2647/2647 2313/2648/2648 2314/2649/2649
f 2316/2650/2650 2313/2651/2651 2315/2652/2652
f 2319/2653/2653 2317/2654/2654 2318/2655/2655
f 2320/2656/2656 2317/2657/2657 2319/2658/2658
f 2323/2659/2659 2321/2660/2660 2322/2661/2661
f 2324/2662/2662 2321/2663/2663 2323/2664/2664
f 2327/2665/2665 2325/2666/2666 2326/2667/2667
f 2328/2668/2668 2325/2669/2669 2327/2670/2670
f 2331/2671/2671 2329/2672/2672 2330/2673/2673
f 2332/2674/2674 2329/2675/2675 2331/2676/2676
f 2335/2677/2677 2333/2678/2678 2334/2679/2679
f 2336/2680/2680 2333/2681/2681 2335/2682/2682
f 2339/2683/2683 2337/2684/2684 2338/2685/2685
f 2340/2686/2686 2337/2687/2687 2339/2688/2688
f 2343/2689/2689 2341/2690/2690 2342/2691/2691
f 2346/2692/2692 2344/2693/2693 2345/2694/2694
f 2349/2695/2695 2347/2696/2696 2348/2697/2697
f 2352/2698/2698 2350/2699/2699 2351/2700/2700
f 2355/2701/2701 2353/2702/2702 2354/2703/2703
f 2358/2704/2704 2356/2705/2705 2357/2706/2706
f 2361/2707/2707 2359/2708/2708 2360/2709/2709
f 2364/2710/2710 2362/2711/2711 2363/2712/2712
f 2367/2713/2713 2365/2714/2714 2366/2715/2715
f 2370/2716/2716 2368/2717/2717 2369/2718/2718
f 2373/2719/2719 2371/2720/2720 2372/2721/2721
f 2376/2722/2722 2374/2723/2723 2375/2724/2724
f 2379/2725/2725 2377/2726/2726 2378/2727/2727
f 2382/2728/2728 2380/2729/2729 2381/2730/2730
f 2385/2731/2731 2383/2732/2732 2384/2733/2733
f 2388/2734/2734 2386/2735/2735 2387/2736/2736
f 2391/2737/2737 2389/2738/2738 2390/2739/2739
f 2394/2740/2740 2392/2741/2741 2393/2742/2742
f 2397/2743/2743 2395/2744/2744 2396/2745/2745
f 2400/2746/2746 2398/2747/2747 2399/2748/2748
f 2403/2749/2749 2401/2750/2750 2402/2751/2751
f 2406/2752/2752 2404/2753/2753 2405/2754/2754
f 2409/2755/2755 2407/2756/2756 2408/2757/2757
f 2412/2758/2758 2410/2759/2759 2411/2760/2760
f 2415/2761/2761 2413/2762/2762 2414/2763/2763
f 2418/2764/2764 2416/2765/2765 2417/2766/2766
f 2421/2767/2767 2419/2768/2768 2420/2769/2769
f 2424/2770/2770 2422/2771/2771 2423/2772/2772
f 2427/2773/2773 2425/2774/2774 2426/2775/2775
f 2430/2776/2776 2428/2777/2777 2429/2778/2778
f 2433/2779/2779 2431/2780/2780 2432/2781/2781
f 2436/2782/2782 2434/2783/2783 2435/2784/2784
f 2439/2785/2785 2437/2786/2786 2438/2787/2787
f 2440/2788/2788 2437/2789/2789 2439/2790/2790
f 2443/2791/2791 2441/2792/2792 2442/2793/2793
f 2444/2794/2794 2441/2795/2795 2443/2796/2796
f 2447/2797/2797 2445/2798/2798 2446/2799/2799
f 2448/2800/2800 2445/2801/2801 2447/2802/2802
f 2451/2803/2803 2449/2804/2804 2450/2805/2805
f 2452/2806/2806 2449/2807/2807 2451/2808/2808
f 2455/2809/2809 2453/2810/2810 2454/2811/2811
f 2456/2812/2812 2453/2813/2813 2455/2814/2814
f 2459/2815/2815 2457/2816/2816 2458/2817/2817
f 2460/2818/2818 2457/2819/2819 2459/2820/2820
f 2463/2821/2821 2461/2822/2822 2462/2823/2823
f 2464/2824/2824 2461/2825/2825 2463/2826/2826
f 2467/2827/2827 2465/2828/2828 2466/2829/2829
f 2468/2830/2830 2465/2831/2831 2467/2832/2832
f 2471/2833/2833 2469/2834/2834 2470/2835/2835
f 2472/2836/2836 2469/2837/2837 2471/2838/2838
f 2475/2839/2839 2473/2840/2840 2474/2841/2841
f 2476/2842/2842 2473/2843/2843 2475/2844/2844
f 2479/2845/2845 2477/2846/2846 2478/2847/2847
f 2480/2848/2848 2477/2849/2849 2479/2850/2850
f 2483/2851/2851 2481/2852/2852 2482/2853/2853
f 2484/2854/2854 2481/2855/2855 2483/2856/2856
f 2487/2857/2857 2485/2858/2858 2486/2859/2859
f 2488/2860/2860 2485/2861/2861 2487/2862/2862
f 2491/2863/2863 2489/2864/2864 2490/2865/2865
f 2492/2866/2866 2489/2867/2867 2491/2868/2868
f 2495/2869/2869 2493/2870/2870 2494/2871/2871
f 2496/2872/2872 2493/2873/2873 2495/2874/2874
f 2499/2875/2875 2497/2876/2876 2498/2877/2877
f 2500/2878/2878 2497/2879/2879 2499/2880/2880
f 2503/2881/2881 2501/2882/2882 2502/2883/2883
f 2506/2884/2884 2504/2885/2885 2505/2886/2886
f 2509/2887/2887 2507/2888/2888 2508/2889/2889
f 2512/2890/2890 2510/2891/2891 2511/2892/2892
f 2515/2893/2893 2513/2894/2894 2514/2895/2895
f 2518/2896/2896 2516/2897/2897 2517/2898/2898
f 2521/2899/2899 2519/2900/2900 2520/2901/2901
f 2524/2902/2902 2522/2903/2903 2523/2904/2904
f 2527/2905/2905 2525/2906/2906 2526/2907/2907
f 2530/2908/2908 2528/2909/2909 2529/2910/2910
f 2533/2911/2911 2531/2912/2912 2532/2913/2913
f 2536/2914/2914 2534/2915/2915 2535/2916/2916
f 2539/2917/2917 2537/2918/2918 2538/2919/2919
f 2542/2920/2920 2540/2921/2921 2541/2922/2922
f 2545/2923/2923 2543/2924/2924 2544/2925/2925
f 2548/2926/2926 2546/2927/2927 2547/2928/2928
f 2551/2929/2929 2549/2930/2930 2550/2931/2931
f 2554/2932/2932 2552/2933/2933 2553/2934/2934
f 2557/2935/2935 2555/2936/2936 2556/2937/2937
f 2560/2938/2938 2558/2939/2939 2559/2940/2940
f 2563/2941/2941 2561/2942/2942 2562/2943/2943
f 2566/2944/2944 2564/2945/2945 2565/2946/2946
f 2569/2947/2947 2567/2948/2948 2568/2949/2949
f 2572/2950/2950 2570/2951/2951 2571/2952/2952
f 2575/2953/2953 2573/2954/2954 2574/2955/2955
f 2578/2956/2956 2576/2957/2957 2577/2958/2958
f 2581/2959/2959 2579/2960/2960 2580/2961/2961
f 2584/2962/2962 2582/2963/2963 2583/2964/2964
f 2587/2965/2965 2585/2966/2966 2586/2967/2967
f 2590/2968/2968 2588/2969/2969 2589/2970/2970
f 2593/2971/2971 2591/2972/2972 2592/2973/2973
f 2596/2974/2974 2594/2975/2975 2595/2976/2976
f 2599/2977/2977 2597/2978/2978 2598/2979/2979
f 2600/2980/2980 2597/2981/2981 2599/2982/2982
f 2603/2983/2983 2601/2984/2984 2602/2985/2985
f 2604/2986/2986 2601/2987/2987 2603/2988/2988
f 2607/2989/2989 2605/2990/2990 2606/2991/2991
f 2608/2992/2992 2605/2993/2993 2607/2994/2994
f 2611/2995/2995 2609/2996/2996 2610/2997/2997
f 2612/2998/2998 2609/2999/2999 2611/3000/3000
f 2615/3001/3001 2613/3002/3002 2614/3003/3003
f 2616/3004/3004 2613/3005/3005 2615/3006/3006
f 2619/3007/3007 2617/3008/3008 2618/3009/3009
f 2620/3010/3010 2617/3011/3011 2619/3012/3012
f 2623/3013/3013 2621/3014/3014 2622/3015/3015
f 2624/3016/3016 2621/3017/3017 2623/3018/3018
f 2627/3019/3019 2625/3020/3020 2626/3021/3021
f 2628/3022/3022 2625/3023/3023 2627/3024/3024
f 2631/3025/3025 2629/3026/3026 2630/3027/3027
f 2632/3028/3028 2629/3029/3029 2631/3030/3030
f 2635/3031/3031 2633/3032/3032 2634/3033/3033
f 2636/3034/3034 2633/3035/3035 2635/3036/3036
f 2639/3037/3037 2637/3038/3038 2638/3039/3039
f 2640/3040/3040 2637/3041/3041 2639/3042/3042
f 2643/3043/3043 2641/3044/3044 2642/3045/3045
f 2644/3046/3046 2641/3047/3047 2643/3048/3048
f 2647/3049/3049 2645/3050/3050 2646/3051/3051
f 2648/3052/3052 2645/3053/3053 2647/3054/3054
f 2651/3055/3055 2649/3056/3056 2650/3057/3057
f 2652/3058/3058 2649/3059/3059 2651/3060/3060
f 2655/3061/3061 2653/3062/3062 2654/3063/3063
f 2656/3064/3064 2653/3065/3065 2655/3066/3066
f 2659/3067/3067 2657/3068/3068 2658/3069/3069
f 2660/3070/3070 2657/3071/3071 2659/3072/3072

g Material.001
f 803/3073/3073 801/3074/3074 802/3075/3075
f 806/3076/3076 804/3077/3077 805/3078/3078
f 807/3079/3079 804/3080/3080 806/3081/3081
f 810/3082/3082 808/3083/3083 809/3084/3084
f 811/3085/3085 808/3086/3086 810/3087/3087
f 814/3088/3088 812/3089/3089 813/3090/3090
f 817/3091/3091 815/3092/3092 816/3093/3093
f 818/3094/3094 815/3095/3095 817/3096/3096
f 821/3097/3097 819/3098/3098 820/3099/3099
f 822/3100/3100 819/3101/3101 821/3102/3102
f 825/3103/3103 823/3104/3104 824/3105/3105
f 828/3106/3106 826/3107/3107 827/3108/3108
f 829/3109/3109 826/3110/3110 828/3111/3111
f 832/3112/3112 830/3113/3113 831/3114/3114
f 833/3115/3115 830/3116/3116 832/3117/3117
f 836/3118/3118 834/3119/3119 835/3120/3120
f 839/3121/3121 837/3122/3122 838/3123/3123
f 840/3124/3124 837/3125/3125 839/3126/3126
f 843/3127/3127 841/3128/3128 842/3129/3129
f 844/3130/3130 841/3131/3131 843/3132/3132
f 847/3133/3133 845/3134/3134 846/3135/3135
f 850/3136/3136 848/3137/3137 849/3138/3138
f 851/3139/3139 848/3140/3140 850/3141/3141
f 854/3142/3142 852/3143/3143 853/3144/3144
f 855/3145/3145 852/3146/3146 854/3147/3147
f 858/3148/3148 856/3149/3149 857/3150/3150
f 861/3151/3151 859/3152/3152 860/3153/3153
f 862/3154/3154 859/3155/3155 861/3156/3156
f 865/3157/3157 863/3158/3158 864/3159/3159
f 866/3160/3160 863/3161/3161 865/3162/3162
f 869/3163/3163 867/3164/3164 868/3165/3165
f 870/3166/3166 867/3167/3167 869/3168/3168
f 873/3169/3169 871/3170/3170 872/3171/3171
f 876/3172/3172 874/3173/3173 875/3174/3174
f 877/3175/3175 874/3176/3176 876/3177/3177
f 880/3178/3178 878/3179/3179 879/3180/3180
f 883/3181/3181 881/3182/3182 882/3183/3183
f 884/3184/3184 881/3185/3185 883/3186/3186
f 887/3187/3187 885/3188/3188 886/3189/3189
f 888/3190/3190 885/3191/3191 887/3192/3192
f 891/3193/3193 889/3194/3194 890/3195/3195
f 894/3196/3196 892/3197/3197 893/3198/3198
f 897/3199/3199 895/3200/3200 896/3201/3201
f 900/3202/3202 898/3203/3203 899/3204/3204

