# Converted from B3D for Luanti (With Correct Normals)
# Object Name: multidecor_silver_chain

v 0.000000 0.938387 0.014849
v 0.000000 0.938387 -0.014847
v -0.038771 0.921016 -0.014847
v -0.038771 0.921016 0.014849
v -0.038771 0.921016 0.014849
v -0.038771 0.921016 -0.014847
v -0.054831 0.852090 -0.014847
v -0.054831 0.852090 0.014849
v -0.054831 0.852090 0.014849
v -0.054831 0.852090 -0.014847
v -0.038771 0.783163 -0.014847
v -0.038771 0.783163 0.014849
v -0.038771 0.783163 0.014849
v -0.038771 0.783163 -0.014847
v 0.000000 0.765792 -0.014847
v 0.000000 0.765792 0.014849
v 0.000000 0.765792 0.014849
v 0.000000 0.765792 -0.014847
v 0.038771 0.783163 -0.014847
v 0.038771 0.783163 0.014849
v 0.038771 0.783163 0.014849
v 0.038771 0.783163 -0.014847
v 0.054831 0.852090 -0.014847
v 0.054831 0.852090 0.014849
v 0.054831 0.852090 0.014849
v 0.054831 0.852090 -0.014847
v 0.038771 0.921016 -0.014847
v 0.038771 0.921016 0.014849
v 0.038771 0.921016 0.014849
v 0.038771 0.921016 -0.014847
v 0.000000 0.938387 -0.014847
v 0.000000 0.938387 0.014849
v 0.000000 0.912498 0.014849
v 0.000000 0.912498 -0.014847
v -0.027140 0.900338 -0.014847
v -0.027140 0.900338 0.014849
v -0.027140 0.900338 0.014849
v -0.027140 0.900338 -0.014847
v -0.038381 0.852090 -0.014847
v -0.038381 0.852090 0.014849
v -0.038381 0.852090 0.014849
v -0.038381 0.852090 -0.014847
v -0.027140 0.803841 -0.014847
v -0.027140 0.803841 0.014849
v -0.027140 0.803841 0.014849
v -0.027140 0.803841 -0.014847
v 0.000000 0.791681 -0.014847
v 0.000000 0.791681 0.014849
v 0.000000 0.791681 0.014849
v 0.000000 0.791681 -0.014847
v 0.027140 0.803841 -0.014847
v 0.027140 0.803841 0.014849
v 0.027140 0.803841 0.014849
v 0.027140 0.803841 -0.014847
v 0.038382 0.852090 -0.014847
v 0.038382 0.852090 0.014849
v 0.038382 0.852090 0.014849
v 0.038382 0.852090 -0.014847
v 0.027140 0.900338 -0.014847
v 0.027140 0.900338 0.014849
v 0.027140 0.900338 0.014849
v 0.027140 0.900338 -0.014847
v 0.000000 0.912498 -0.014847
v 0.000000 0.912498 0.014849
v 0.038771 0.921016 -0.014847
v 0.000000 0.938387 -0.014847
v 0.000000 0.912498 -0.014847
v 0.000000 0.912498 -0.014847
v 0.000000 0.938387 -0.014847
v -0.038771 0.921016 -0.014847
v 0.038771 0.921016 -0.014847
v 0.000000 0.912498 -0.014847
v 0.027140 0.900338 -0.014847
v -0.027140 0.900338 -0.014847
v 0.000000 0.912498 -0.014847
v -0.038771 0.921016 -0.014847
v 0.054831 0.852090 -0.014847
v 0.038771 0.921016 -0.014847
v 0.027140 0.900338 -0.014847
v -0.027140 0.900338 -0.014847
v -0.038771 0.921016 -0.014847
v -0.054831 0.852090 -0.014847
v 0.054831 0.852090 -0.014847
v 0.027140 0.900338 -0.014847
v 0.038382 0.852090 -0.014847
v -0.038381 0.852090 -0.014847
v -0.027140 0.900338 -0.014847
v -0.054831 0.852090 -0.014847
v 0.038382 0.852090 -0.014847
v 0.027140 0.803841 -0.014847
v 0.054831 0.852090 -0.014847
v 0.000000 0.765792 -0.014847
v 0.038771 0.783163 -0.014847
v 0.027140 0.803841 -0.014847
v -0.038771 0.783163 -0.014847
v -0.027140 0.803841 -0.014847
v -0.054831 0.852090 -0.014847
v 0.027140 0.803841 -0.014847
v 0.038771 0.783163 -0.014847
v 0.054831 0.852090 -0.014847
v 0.000000 0.791681 -0.014847
v 0.000000 0.765792 -0.014847
v 0.027140 0.803841 -0.014847
v -0.038771 0.783163 -0.014847
v 0.000000 0.765792 -0.014847
v -0.027140 0.803841 -0.014847
v 0.000000 0.765792 -0.014847
v 0.000000 0.791681 -0.014847
v -0.027140 0.803841 -0.014847
v 0.038771 0.921016 0.014849
v 0.000000 0.938387 0.014849
v 0.000000 0.912498 0.014849
v -0.027140 0.803841 -0.014847
v -0.038381 0.852090 -0.014847
v -0.054831 0.852090 -0.014847
v 0.000000 0.912498 0.014849
v 0.000000 0.938387 0.014849
v -0.038771 0.921016 0.014849
v 0.038771 0.921016 0.014849
v 0.000000 0.912498 0.014849
v 0.027140 0.900338 0.014849
v -0.027140 0.900338 0.014849
v 0.000000 0.912498 0.014849
v -0.038771 0.921016 0.014849
v 0.054831 0.852090 0.014849
v 0.038771 0.921016 0.014849
v 0.027140 0.900338 0.014849
v -0.027140 0.900338 0.014849
v -0.038771 0.921016 0.014849
v -0.054831 0.852090 0.014849
v 0.054831 0.852090 0.014849
v 0.027140 0.900338 0.014849
v 0.038382 0.852090 0.014849
v -0.038381 0.852090 0.014849
v -0.027140 0.900338 0.014849
v -0.054831 0.852090 0.014849
v 0.038382 0.852090 0.014849
v 0.027140 0.803841 0.014849
v 0.054831 0.852090 0.014849
v 0.000000 0.765792 0.014849
v 0.038771 0.783163 0.014849
v 0.027140 0.803841 0.014849
v -0.038771 0.783163 0.014849
v -0.027140 0.803841 0.014849
v -0.054831 0.852090 0.014849
v 0.027140 0.803841 0.014849
v 0.038771 0.783163 0.014849
v 0.054831 0.852090 0.014849
v 0.000000 0.791681 0.014849
v 0.000000 0.765792 0.014849
v 0.027140 0.803841 0.014849
v -0.038771 0.783163 0.014849
v 0.000000 0.765792 0.014849
v -0.027140 0.803841 0.014849
v 0.000000 0.765792 0.014849
v 0.000000 0.791681 0.014849
v -0.027140 0.803841 0.014849
v -0.027140 0.803841 0.014849
v -0.038381 0.852090 0.014849
v -0.054831 0.852090 0.014849
v 0.014848 1.048387 0.000001
v -0.014848 1.048387 0.000001
v -0.014848 1.031016 0.038772
v 0.014848 1.031016 0.038772
v 0.014848 1.031016 0.038772
v -0.014848 1.031016 0.038772
v -0.014848 0.962090 0.054831
v 0.014848 0.962090 0.054831
v 0.014848 0.962090 0.054831
v -0.014848 0.962090 0.054831
v -0.014848 0.893163 0.038772
v 0.014848 0.893163 0.038772
v 0.014848 0.893163 0.038772
v -0.014848 0.893163 0.038772
v -0.014848 0.875792 0.000001
v 0.014848 0.875792 0.000001
v 0.014848 0.875792 0.000001
v -0.014848 0.875792 0.000001
v -0.014848 0.893163 -0.038771
v 0.014848 0.893163 -0.038771
v 0.014848 0.893163 -0.038771
v -0.014848 0.893163 -0.038771
v -0.014848 0.962090 -0.054830
v 0.014848 0.962090 -0.054830
v 0.014848 0.962090 -0.054830
v -0.014848 0.962090 -0.054830
v -0.014848 1.031016 -0.038771
v 0.014848 1.031016 -0.038771
v 0.014848 1.031016 -0.038771
v -0.014848 1.031016 -0.038771
v -0.014848 1.048387 0.000001
v 0.014848 1.048387 0.000001
v 0.014848 1.022498 0.000001
v -0.014848 1.022498 0.000001
v -0.014848 1.010338 0.027140
v 0.014848 1.010338 0.027140
v 0.014848 1.010338 0.027140
v -0.014848 1.010338 0.027140
v -0.014848 0.962090 0.038382
v 0.014848 0.962090 0.038382
v 0.014848 0.962090 0.038382
v -0.014848 0.962090 0.038382
v -0.014848 0.913841 0.027140
v 0.014848 0.913841 0.027140
v 0.014848 0.913841 0.027140
v -0.014848 0.913841 0.027140
v -0.014848 0.901681 0.000001
v 0.014848 0.901681 0.000001
v 0.014848 0.901681 0.000001
v -0.014848 0.901681 0.000001
v -0.014848 0.913841 -0.027139
v 0.014848 0.913841 -0.027139
v 0.014848 0.913841 -0.027139
v -0.014848 0.913841 -0.027139
v -0.014848 0.962090 -0.038381
v 0.014848 0.962090 -0.038381
v 0.014848 0.962090 -0.038381
v -0.014848 0.962090 -0.038381
v -0.014848 1.010338 -0.027139
v 0.014848 1.010338 -0.027139
v 0.014848 1.010338 -0.027139
v -0.014848 1.010338 -0.027139
v -0.014848 1.022498 0.000001
v 0.014848 1.022498 0.000001
v -0.014848 1.031016 -0.038771
v -0.014848 1.048387 0.000001
v -0.014848 1.022498 0.000001
v -0.014848 1.022498 0.000001
v -0.014848 1.048387 0.000001
v -0.014848 1.031016 0.038772
v -0.014848 1.031016 -0.038771
v -0.014848 1.022498 0.000001
v -0.014848 1.010338 -0.027139
v -0.014848 1.010338 0.027140
v -0.014848 1.022498 0.000001
v -0.014848 1.031016 0.038772
v -0.014848 0.962090 -0.054830
v -0.014848 1.031016 -0.038771
v -0.014848 1.010338 -0.027139
v -0.014848 1.010338 0.027140
v -0.014848 1.031016 0.038772
v -0.014848 0.962090 0.054831
v -0.014848 0.962090 -0.054830
v -0.014848 1.010338 -0.027139
v -0.014848 0.962090 -0.038381
v -0.014848 0.962090 0.038382
v -0.014848 1.010338 0.027140
v -0.014848 0.962090 0.054831
v -0.014848 0.962090 -0.038381
v -0.014848 0.913841 -0.027139
v -0.014848 0.962090 -0.054830
v -0.014848 0.875792 0.000001
v -0.014848 0.893163 -0.038771
v -0.014848 0.913841 -0.027139
v -0.014848 0.893163 0.038772
v -0.014848 0.913841 0.027140
v -0.014848 0.962090 0.054831
v -0.014848 0.913841 -0.027139
v -0.014848 0.893163 -0.038771
v -0.014848 0.962090 -0.054830
v -0.014848 0.901681 0.000001
v -0.014848 0.875792 0.000001
v -0.014848 0.913841 -0.027139
v -0.014848 0.893163 0.038772
v -0.014848 0.875792 0.000001
v -0.014848 0.913841 0.027140
v -0.014848 0.875792 0.000001
v -0.014848 0.901681 0.000001
v -0.014848 0.913841 0.027140
v 0.014848 1.031016 -0.038771
v 0.014848 1.048387 0.000001
v 0.014848 1.022498 0.000001
v -0.014848 0.913841 0.027140
v -0.014848 0.962090 0.038382
v -0.014848 0.962090 0.054831
v 0.014848 1.022498 0.000001
v 0.014848 1.048387 0.000001
v 0.014848 1.031016 0.038772
v 0.014848 1.031016 -0.038771
v 0.014848 1.022498 0.000001
v 0.014848 1.010338 -0.027139
v 0.014848 1.010338 0.027140
v 0.014848 1.022498 0.000001
v 0.014848 1.031016 0.038772
v 0.014848 0.962090 -0.054830
v 0.014848 1.031016 -0.038771
v 0.014848 1.010338 -0.027139
v 0.014848 1.010338 0.027140
v 0.014848 1.031016 0.038772
v 0.014848 0.962090 0.054831
v 0.014848 0.962090 -0.054830
v 0.014848 1.010338 -0.027139
v 0.014848 0.962090 -0.038381
v 0.014848 0.962090 0.038382
v 0.014848 1.010338 0.027140
v 0.014848 0.962090 0.054831
v 0.014848 0.962090 -0.038381
v 0.014848 0.913841 -0.027139
v 0.014848 0.962090 -0.054830
v 0.014848 0.875792 0.000001
v 0.014848 0.893163 -0.038771
v 0.014848 0.913841 -0.027139
v 0.014848 0.893163 0.038772
v 0.014848 0.913841 0.027140
v 0.014848 0.962090 0.054831
v 0.014848 0.913841 -0.027139
v 0.014848 0.893163 -0.038771
v 0.014848 0.962090 -0.054830
v 0.014848 0.901681 0.000001
v 0.014848 0.875792 0.000001
v 0.014848 0.913841 -0.027139
v 0.014848 0.893163 0.038772
v 0.014848 0.875792 0.000001
v 0.014848 0.913841 0.027140
v 0.014848 0.875792 0.000001
v 0.014848 0.901681 0.000001
v 0.014848 0.913841 0.027140
v 0.014848 0.913841 0.027140
v 0.014848 0.962090 0.038382
v 0.014848 0.962090 0.054831
v 0.000000 1.158387 -0.014847
v 0.000000 1.158387 0.014849
v 0.038771 1.141016 0.014849
v 0.038771 1.141016 -0.014847
v 0.038771 1.141016 -0.014847
v 0.038771 1.141016 0.014849
v 0.054831 1.072090 0.014849
v 0.054831 1.072090 -0.014847
v 0.054831 1.072090 -0.014847
v 0.054831 1.072090 0.014849
v 0.038771 1.003163 0.014849
v 0.038771 1.003163 -0.014847
v 0.038771 1.003163 -0.014847
v 0.038771 1.003163 0.014849
v 0.000000 0.985792 0.014849
v 0.000000 0.985792 -0.014847
v 0.000000 0.985792 -0.014847
v 0.000000 0.985792 0.014849
v -0.038771 1.003163 0.014849
v -0.038771 1.003163 -0.014847
v -0.038771 1.003163 -0.014847
v -0.038771 1.003163 0.014849
v -0.054831 1.072090 0.014849
v -0.054831 1.072090 -0.014847
v -0.054831 1.072090 -0.014847
v -0.054831 1.072090 0.014849
v -0.038771 1.141016 0.014849
v -0.038771 1.141016 -0.014847
v -0.038771 1.141016 -0.014847
v -0.038771 1.141016 0.014849
v 0.000000 1.158387 0.014849
v 0.000000 1.158387 -0.014847
v 0.000000 1.132498 -0.014847
v 0.000000 1.132498 0.014849
v 0.027140 1.120338 0.014849
v 0.027140 1.120338 -0.014847
v 0.027140 1.120338 -0.014847
v 0.027140 1.120338 0.014849
v 0.038382 1.072090 0.014849
v 0.038382 1.072090 -0.014847
v 0.038382 1.072090 -0.014847
v 0.038382 1.072090 0.014849
v 0.027140 1.023841 0.014849
v 0.027140 1.023841 -0.014847
v 0.027140 1.023841 -0.014847
v 0.027140 1.023841 0.014849
v 0.000000 1.011681 0.014849
v 0.000000 1.011681 -0.014847
v 0.000000 1.011681 -0.014847
v 0.000000 1.011681 0.014849
v -0.027140 1.023841 0.014849
v -0.027140 1.023841 -0.014847
v -0.027140 1.023841 -0.014847
v -0.027140 1.023841 0.014849
v -0.038381 1.072090 0.014849
v -0.038381 1.072090 -0.014847
v -0.038381 1.072090 -0.014847
v -0.038381 1.072090 0.014849
v -0.027140 1.120338 0.014849
v -0.027140 1.120338 -0.014847
v -0.027140 1.120338 -0.014847
v -0.027140 1.120338 0.014849
v 0.000000 1.132498 0.014849
v 0.000000 1.132498 -0.014847
v -0.038771 1.141016 0.014849
v 0.000000 1.158387 0.014849
v 0.000000 1.132498 0.014849
v 0.000000 1.132498 0.014849
v 0.000000 1.158387 0.014849
v 0.038771 1.141016 0.014849
v -0.038771 1.141016 0.014849
v 0.000000 1.132498 0.014849
v -0.027140 1.120338 0.014849
v 0.027140 1.120338 0.014849
v 0.000000 1.132498 0.014849
v 0.038771 1.141016 0.014849
v -0.054831 1.072090 0.014849
v -0.038771 1.141016 0.014849
v -0.027140 1.120338 0.014849
v 0.027140 1.120338 0.014849
v 0.038771 1.141016 0.014849
v 0.054831 1.072090 0.014849
v -0.054831 1.072090 0.014849
v -0.027140 1.120338 0.014849
v -0.038381 1.072090 0.014849
v 0.038382 1.072090 0.014849
v 0.027140 1.120338 0.014849
v 0.054831 1.072090 0.014849
v -0.038381 1.072090 0.014849
v -0.027140 1.023841 0.014849
v -0.054831 1.072090 0.014849
v 0.000000 0.985792 0.014849
v -0.038771 1.003163 0.014849
v -0.027140 1.023841 0.014849
v 0.038771 1.003163 0.014849
v 0.027140 1.023841 0.014849
v 0.054831 1.072090 0.014849
v -0.027140 1.023841 0.014849
v -0.038771 1.003163 0.014849
v -0.054831 1.072090 0.014849
v 0.000000 1.011681 0.014849
v 0.000000 0.985792 0.014849
v -0.027140 1.023841 0.014849
v 0.038771 1.003163 0.014849
v 0.000000 0.985792 0.014849
v 0.027140 1.023841 0.014849
v 0.000000 0.985792 0.014849
v 0.000000 1.011681 0.014849
v 0.027140 1.023841 0.014849
v -0.038771 1.141016 -0.014847
v 0.000000 1.158387 -0.014847
v 0.000000 1.132498 -0.014847
v 0.027140 1.023841 0.014849
v 0.038382 1.072090 0.014849
v 0.054831 1.072090 0.014849
v 0.000000 1.132498 -0.014847
v 0.000000 1.158387 -0.014847
v 0.038771 1.141016 -0.014847
v -0.038771 1.141016 -0.014847
v 0.000000 1.132498 -0.014847
v -0.027140 1.120338 -0.014847
v 0.027140 1.120338 -0.014847
v 0.000000 1.132498 -0.014847
v 0.038771 1.141016 -0.014847
v -0.054831 1.072090 -0.014847
v -0.038771 1.141016 -0.014847
v -0.027140 1.120338 -0.014847
v 0.027140 1.120338 -0.014847
v 0.038771 1.141016 -0.014847
v 0.054831 1.072090 -0.014847
v -0.054831 1.072090 -0.014847
v -0.027140 1.120338 -0.014847
v -0.038381 1.072090 -0.014847
v 0.038382 1.072090 -0.014847
v 0.027140 1.120338 -0.014847
v 0.054831 1.072090 -0.014847
v -0.038381 1.072090 -0.014847
v -0.027140 1.023841 -0.014847
v -0.054831 1.072090 -0.014847
v 0.000000 0.985792 -0.014847
v -0.038771 1.003163 -0.014847
v -0.027140 1.023841 -0.014847
v 0.038771 1.003163 -0.014847
v 0.027140 1.023841 -0.014847
v 0.054831 1.072090 -0.014847
v -0.027140 1.023841 -0.014847
v -0.038771 1.003163 -0.014847
v -0.054831 1.072090 -0.014847
v 0.000000 1.011681 -0.014847
v 0.000000 0.985792 -0.014847
v -0.027140 1.023841 -0.014847
v 0.038771 1.003163 -0.014847
v 0.000000 0.985792 -0.014847
v 0.027140 1.023841 -0.014847
v 0.000000 0.985792 -0.014847
v 0.000000 1.011681 -0.014847
v 0.027140 1.023841 -0.014847
v 0.027140 1.023841 -0.014847
v 0.038382 1.072090 -0.014847
v 0.054831 1.072090 -0.014847
v -0.014848 1.268387 0.000001
v 0.014848 1.268387 0.000001
v 0.014848 1.251016 -0.038771
v -0.014848 1.251016 -0.038771
v -0.014848 1.251016 -0.038771
v 0.014848 1.251016 -0.038771
v 0.014848 1.182090 -0.054830
v -0.014848 1.182090 -0.054830
v -0.014848 1.182090 -0.054830
v 0.014848 1.182090 -0.054830
v 0.014848 1.113163 -0.038771
v -0.014848 1.113163 -0.038771
v -0.014848 1.113163 -0.038771
v 0.014848 1.113163 -0.038771
v 0.014848 1.095792 0.000001
v -0.014848 1.095792 0.000001
v -0.014848 1.095792 0.000001
v 0.014848 1.095792 0.000001
v 0.014848 1.113163 0.038772
v -0.014848 1.113163 0.038772
v -0.014848 1.113163 0.038772
v 0.014848 1.113163 0.038772
v 0.014848 1.182090 0.054831
v -0.014848 1.182090 0.054831
v -0.014848 1.182090 0.054831
v 0.014848 1.182090 0.054831
v 0.014848 1.251016 0.038772
v -0.014848 1.251016 0.038772
v -0.014848 1.251016 0.038772
v 0.014848 1.251016 0.038772
v 0.014848 1.268387 0.000001
v -0.014848 1.268387 0.000001
v -0.014848 1.242498 0.000001
v 0.014848 1.242498 0.000001
v 0.014848 1.230338 -0.027139
v -0.014848 1.230338 -0.027139
v -0.014848 1.230338 -0.027139
v 0.014848 1.230338 -0.027139
v 0.014848 1.182090 -0.038381
v -0.014848 1.182090 -0.038381
v -0.014848 1.182090 -0.038381
v 0.014848 1.182090 -0.038381
v 0.014848 1.133841 -0.027139
v -0.014848 1.133841 -0.027139
v -0.014848 1.133841 -0.027139
v 0.014848 1.133841 -0.027139
v 0.014848 1.121681 0.000001
v -0.014848 1.121681 0.000001
v -0.014848 1.121681 0.000001
v 0.014848 1.121681 0.000001
v 0.014848 1.133841 0.027140
v -0.014848 1.133841 0.027140
v -0.014848 1.133841 0.027140
v 0.014848 1.133841 0.027140
v 0.014848 1.182090 0.038382
v -0.014848 1.182090 0.038382
v -0.014848 1.182090 0.038382
v 0.014848 1.182090 0.038382
v 0.014848 1.230338 0.027140
v -0.014848 1.230338 0.027140
v -0.014848 1.230338 0.027140
v 0.014848 1.230338 0.027140
v 0.014848 1.242498 0.000001
v -0.014848 1.242498 0.000001
v 0.014848 1.251016 0.038772
v 0.014848 1.268387 0.000001
v 0.014848 1.242498 0.000001
v 0.014848 1.242498 0.000001
v 0.014848 1.268387 0.000001
v 0.014848 1.251016 -0.038771
v 0.014848 1.251016 0.038772
v 0.014848 1.242498 0.000001
v 0.014848 1.230338 0.027140
v 0.014848 1.230338 -0.027139
v 0.014848 1.242498 0.000001
v 0.014848 1.251016 -0.038771
v 0.014848 1.182090 0.054831
v 0.014848 1.251016 0.038772
v 0.014848 1.230338 0.027140
v 0.014848 1.230338 -0.027139
v 0.014848 1.251016 -0.038771
v 0.014848 1.182090 -0.054830
v 0.014848 1.182090 0.054831
v 0.014848 1.230338 0.027140
v 0.014848 1.182090 0.038382
v 0.014848 1.182090 -0.038381
v 0.014848 1.230338 -0.027139
v 0.014848 1.182090 -0.054830
v 0.014848 1.182090 0.038382
v 0.014848 1.133841 0.027140
v 0.014848 1.182090 0.054831
v 0.014848 1.095792 0.000001
v 0.014848 1.113163 0.038772
v 0.014848 1.133841 0.027140
v 0.014848 1.113163 -0.038771
v 0.014848 1.133841 -0.027139
v 0.014848 1.182090 -0.054830
v 0.014848 1.133841 0.027140
v 0.014848 1.113163 0.038772
v 0.014848 1.182090 0.054831
v 0.014848 1.121681 0.000001
v 0.014848 1.095792 0.000001
v 0.014848 1.133841 0.027140
v 0.014848 1.113163 -0.038771
v 0.014848 1.095792 0.000001
v 0.014848 1.133841 -0.027139
v 0.014848 1.095792 0.000001
v 0.014848 1.121681 0.000001
v 0.014848 1.133841 -0.027139
v -0.014848 1.251016 0.038772
v -0.014848 1.268387 0.000001
v -0.014848 1.242498 0.000001
v 0.014848 1.133841 -0.027139
v 0.014848 1.182090 -0.038381
v 0.014848 1.182090 -0.054830
v -0.014848 1.242498 0.000001
v -0.014848 1.268387 0.000001
v -0.014848 1.251016 -0.038771
v -0.014848 1.251016 0.038772
v -0.014848 1.242498 0.000001
v -0.014848 1.230338 0.027140
v -0.014848 1.230338 -0.027139
v -0.014848 1.242498 0.000001
v -0.014848 1.251016 -0.038771
v -0.014848 1.182090 0.054831
v -0.014848 1.251016 0.038772
v -0.014848 1.230338 0.027140
v -0.014848 1.230338 -0.027139
v -0.014848 1.251016 -0.038771
v -0.014848 1.182090 -0.054830
v -0.014848 1.182090 0.054831
v -0.014848 1.230338 0.027140
v -0.014848 1.182090 0.038382
v -0.014848 1.182090 -0.038381
v -0.014848 1.230338 -0.027139
v -0.014848 1.182090 -0.054830
v -0.014848 1.182090 0.038382
v -0.014848 1.133841 0.027140
v -0.014848 1.182090 0.054831
v -0.014848 1.095792 0.000001
v -0.014848 1.113163 0.038772
v -0.014848 1.133841 0.027140
v -0.014848 1.113163 -0.038771
v -0.014848 1.133841 -0.027139
v -0.014848 1.182090 -0.054830
v -0.014848 1.133841 0.027140
v -0.014848 1.113163 0.038772
v -0.014848 1.182090 0.054831
v -0.014848 1.121681 0.000001
v -0.014848 1.095792 0.000001
v -0.014848 1.133841 0.027140
v -0.014848 1.113163 -0.038771
v -0.014848 1.095792 0.000001
v -0.014848 1.133841 -0.027139
v -0.014848 1.095792 0.000001
v -0.014848 1.121681 0.000001
v -0.014848 1.133841 -0.027139
v -0.014848 1.133841 -0.027139
v -0.014848 1.182090 -0.038381
v -0.014848 1.182090 -0.054830
v 0.000000 1.378387 0.014849
v 0.000000 1.378387 -0.014847
v -0.038771 1.361016 -0.014847
v -0.038771 1.361016 0.014849
v -0.038771 1.361016 0.014849
v -0.038771 1.361016 -0.014847
v -0.054831 1.292090 -0.014847
v -0.054831 1.292090 0.014849
v -0.054831 1.292090 0.014849
v -0.054831 1.292090 -0.014847
v -0.038771 1.223163 -0.014847
v -0.038771 1.223163 0.014849
v -0.038771 1.223163 0.014849
v -0.038771 1.223163 -0.014847
v 0.000000 1.205792 -0.014847
v 0.000000 1.205792 0.014849
v 0.000000 1.205792 0.014849
v 0.000000 1.205792 -0.014847
v 0.038771 1.223163 -0.014847
v 0.038771 1.223163 0.014849
v 0.038771 1.223163 0.014849
v 0.038771 1.223163 -0.014847
v 0.054831 1.292090 -0.014847
v 0.054831 1.292090 0.014849
v 0.054831 1.292090 0.014849
v 0.054831 1.292090 -0.014847
v 0.038771 1.361016 -0.014847
v 0.038771 1.361016 0.014849
v 0.038771 1.361016 0.014849
v 0.038771 1.361016 -0.014847
v 0.000000 1.378387 -0.014847
v 0.000000 1.378387 0.014849
v 0.000000 1.352498 0.014849
v 0.000000 1.352498 -0.014847
v -0.027140 1.340338 -0.014847
v -0.027140 1.340338 0.014849
v -0.027140 1.340338 0.014849
v -0.027140 1.340338 -0.014847
v -0.038381 1.292090 -0.014847
v -0.038381 1.292090 0.014849
v -0.038381 1.292090 0.014849
v -0.038381 1.292090 -0.014847
v -0.027140 1.243841 -0.014847
v -0.027140 1.243841 0.014849
v -0.027140 1.243841 0.014849
v -0.027140 1.243841 -0.014847
v 0.000000 1.231681 -0.014847
v 0.000000 1.231681 0.014849
v 0.000000 1.231681 0.014849
v 0.000000 1.231681 -0.014847
v 0.027140 1.243841 -0.014847
v 0.027140 1.243841 0.014849
v 0.027140 1.243841 0.014849
v 0.027140 1.243841 -0.014847
v 0.038382 1.292090 -0.014847
v 0.038382 1.292090 0.014849
v 0.038382 1.292090 0.014849
v 0.038382 1.292090 -0.014847
v 0.027140 1.340338 -0.014847
v 0.027140 1.340338 0.014849
v 0.027140 1.340338 0.014849
v 0.027140 1.340338 -0.014847
v 0.000000 1.352498 -0.014847
v 0.000000 1.352498 0.014849
v 0.038771 1.361016 -0.014847
v 0.000000 1.378387 -0.014847
v 0.000000 1.352498 -0.014847
v 0.000000 1.352498 -0.014847
v 0.000000 1.378387 -0.014847
v -0.038771 1.361016 -0.014847
v 0.038771 1.361016 -0.014847
v 0.000000 1.352498 -0.014847
v 0.027140 1.340338 -0.014847
v -0.027140 1.340338 -0.014847
v 0.000000 1.352498 -0.014847
v -0.038771 1.361016 -0.014847
v 0.054831 1.292090 -0.014847
v 0.038771 1.361016 -0.014847
v 0.027140 1.340338 -0.014847
v -0.027140 1.340338 -0.014847
v -0.038771 1.361016 -0.014847
v -0.054831 1.292090 -0.014847
v 0.054831 1.292090 -0.014847
v 0.027140 1.340338 -0.014847
v 0.038382 1.292090 -0.014847
v -0.038381 1.292090 -0.014847
v -0.027140 1.340338 -0.014847
v -0.054831 1.292090 -0.014847
v 0.038382 1.292090 -0.014847
v 0.027140 1.243841 -0.014847
v 0.054831 1.292090 -0.014847
v 0.000000 1.205792 -0.014847
v 0.038771 1.223163 -0.014847
v 0.027140 1.243841 -0.014847
v -0.038771 1.223163 -0.014847
v -0.027140 1.243841 -0.014847
v -0.054831 1.292090 -0.014847
v 0.027140 1.243841 -0.014847
v 0.038771 1.223163 -0.014847
v 0.054831 1.292090 -0.014847
v 0.000000 1.231681 -0.014847
v 0.000000 1.205792 -0.014847
v 0.027140 1.243841 -0.014847
v -0.038771 1.223163 -0.014847
v 0.000000 1.205792 -0.014847
v -0.027140 1.243841 -0.014847
v 0.000000 1.205792 -0.014847
v 0.000000 1.231681 -0.014847
v -0.027140 1.243841 -0.014847
v 0.038771 1.361016 0.014849
v 0.000000 1.378387 0.014849
v 0.000000 1.352498 0.014849
v -0.027140 1.243841 -0.014847
v -0.038381 1.292090 -0.014847
v -0.054831 1.292090 -0.014847
v 0.000000 1.352498 0.014849
v 0.000000 1.378387 0.014849
v -0.038771 1.361016 0.014849
v 0.038771 1.361016 0.014849
v 0.000000 1.352498 0.014849
v 0.027140 1.340338 0.014849
v -0.027140 1.340338 0.014849
v 0.000000 1.352498 0.014849
v -0.038771 1.361016 0.014849
v 0.054831 1.292090 0.014849
v 0.038771 1.361016 0.014849
v 0.027140 1.340338 0.014849
v -0.027140 1.340338 0.014849
v -0.038771 1.361016 0.014849
v -0.054831 1.292090 0.014849
v 0.054831 1.292090 0.014849
v 0.027140 1.340338 0.014849
v 0.038382 1.292090 0.014849
v -0.038381 1.292090 0.014849
v -0.027140 1.340338 0.014849
v -0.054831 1.292090 0.014849
v 0.038382 1.292090 0.014849
v 0.027140 1.243841 0.014849
v 0.054831 1.292090 0.014849
v 0.000000 1.205792 0.014849
v 0.038771 1.223163 0.014849
v 0.027140 1.243841 0.014849
v -0.038771 1.223163 0.014849
v -0.027140 1.243841 0.014849
v -0.054831 1.292090 0.014849
v 0.027140 1.243841 0.014849
v 0.038771 1.223163 0.014849
v 0.054831 1.292090 0.014849
v 0.000000 1.231681 0.014849
v 0.000000 1.205792 0.014849
v 0.027140 1.243841 0.014849
v -0.038771 1.223163 0.014849
v 0.000000 1.205792 0.014849
v -0.027140 1.243841 0.014849
v 0.000000 1.205792 0.014849
v 0.000000 1.231681 0.014849
v -0.027140 1.243841 0.014849
v -0.027140 1.243841 0.014849
v -0.038381 1.292090 0.014849
v -0.054831 1.292090 0.014849
v -0.014848 1.341681 0.000001
v -0.014848 1.315792 0.000001
v -0.014848 1.353841 -0.027139
v -0.014848 1.353841 -0.027139
v -0.014848 1.333163 -0.038771
v -0.014848 1.402090 -0.054830
v -0.014848 1.333163 0.038772
v -0.014848 1.353841 0.027140
v -0.014848 1.402090 0.054831
v -0.014848 1.315792 0.000001
v -0.014848 1.333163 -0.038771
v -0.014848 1.353841 -0.027139
v -0.014848 1.402090 -0.038381
v -0.014848 1.353841 -0.027139
v -0.014848 1.402090 -0.054830
v -0.014848 1.402090 0.038382
v -0.014848 1.450338 0.027140
v -0.014848 1.402090 0.054831
v -0.014848 1.402090 -0.054830
v -0.014848 1.450338 -0.027139
v -0.014848 1.402090 -0.038381
v -0.014848 1.450338 0.027140
v -0.014848 1.471016 0.038772
v -0.014848 1.402090 0.054831
v -0.014848 1.402090 -0.054830
v -0.014848 1.471016 -0.038771
v -0.014848 1.450338 -0.027139
v -0.014848 1.450338 0.027140
v -0.014848 1.462498 0.000001
v -0.014848 1.471016 0.038772
v -0.014848 1.471016 -0.038771
v -0.014848 1.462498 0.000001
v -0.014848 1.450338 -0.027139
v -0.014848 1.462498 0.000001
v -0.014848 1.488387 0.000001
v -0.014848 1.471016 0.038772
v -0.014848 1.471016 -0.038771
v -0.014848 1.488387 0.000001
v -0.014848 1.462498 0.000001
v 0.014848 1.450338 -0.027139
v -0.014848 1.450338 -0.027139
v -0.014848 1.462498 0.000001
v 0.014848 1.462498 0.000001
v 0.014848 1.402090 -0.038381
v -0.014848 1.402090 -0.038381
v -0.014848 1.450338 -0.027139
v 0.014848 1.450338 -0.027139
v 0.014848 1.353841 -0.027139
v -0.014848 1.353841 -0.027139
v -0.014848 1.402090 -0.038381
v 0.014848 1.402090 -0.038381
v 0.014848 1.341681 0.000001
v -0.014848 1.341681 0.000001
v -0.014848 1.353841 -0.027139
v 0.014848 1.353841 -0.027139
v 0.014848 1.353841 0.027140
v -0.014848 1.353841 0.027140
v -0.014848 1.341681 0.000001
v 0.014848 1.341681 0.000001
v 0.014848 1.402090 0.038382
v -0.014848 1.402090 0.038382
v -0.014848 1.353841 0.027140
v 0.014848 1.353841 0.027140
v 0.014848 1.450338 0.027140
v -0.014848 1.450338 0.027140
v -0.014848 1.402090 0.038382
v 0.014848 1.402090 0.038382
v 0.014848 1.462498 0.000001
v -0.014848 1.462498 0.000001
v -0.014848 1.450338 0.027140
v 0.014848 1.450338 0.027140
v 0.014848 1.471016 -0.038771
v -0.014848 1.471016 -0.038771
v -0.014848 1.488387 0.000001
v 0.014848 1.488387 0.000001
v 0.014848 1.402090 -0.054830
v -0.014848 1.402090 -0.054830
v -0.014848 1.471016 -0.038771
v 0.014848 1.471016 -0.038771
v 0.014848 1.333163 -0.038771
v -0.014848 1.333163 -0.038771
v -0.014848 1.402090 -0.054830
v 0.014848 1.402090 -0.054830
v 0.014848 1.315792 0.000001
v -0.014848 1.315792 0.000001
v -0.014848 1.333163 -0.038771
v 0.014848 1.333163 -0.038771
v 0.014848 1.402090 0.054831
v -0.014848 1.402090 0.054831
v -0.014848 1.333163 0.038772
v 0.014848 1.333163 0.038772
v 0.014848 1.471016 0.038772
v -0.014848 1.471016 0.038772
v -0.014848 1.402090 0.054831
v 0.014848 1.402090 0.054831
v 0.014848 1.488387 0.000001
v -0.014848 1.488387 0.000001
v -0.014848 1.471016 0.038772
v 0.014848 1.471016 0.038772
v 0.014848 0.252841 0.027140
v 0.014848 0.301090 0.038382
v 0.014848 0.301090 0.054831
v 0.014848 0.214792 0.000001
v 0.014848 0.240681 0.000001
v 0.014848 0.252841 0.027140
v 0.014848 0.232163 0.038772
v 0.014848 0.214792 0.000001
v 0.014848 0.252841 0.027140
v 0.014848 0.240681 0.000001
v 0.014848 0.214792 0.000001
v 0.014848 0.252841 -0.027139
v 0.014848 0.252841 -0.027139
v 0.014848 0.232163 -0.038771
v 0.014848 0.301090 -0.054830
v 0.014848 0.232163 0.038772
v 0.014848 0.252841 0.027140
v 0.014848 0.301090 0.054831
v 0.014848 0.214792 0.000001
v 0.014848 0.232163 -0.038771
v 0.014848 0.252841 -0.027139
v 0.014848 0.301090 -0.038381
v 0.014848 0.252841 -0.027139
v 0.014848 0.301090 -0.054830
v 0.014848 0.301090 0.038382
v 0.014848 0.349338 0.027140
v 0.014848 0.301090 0.054831
v 0.014848 0.301090 -0.054830
v 0.014848 0.349338 -0.027139
v 0.014848 0.301090 -0.038381
v 0.014848 0.349338 0.027140
v 0.014848 0.370016 0.038772
v 0.014848 0.301090 0.054831
v 0.014848 0.301090 -0.054830
v 0.014848 0.370016 -0.038771
v 0.014848 0.349338 -0.027139
v 0.014848 0.349338 0.027140
v 0.014848 0.361498 0.000001
v 0.014848 0.370016 0.038772
v 0.014848 0.370016 -0.038771
v 0.014848 0.361498 0.000001
v 0.014848 0.349338 -0.027139
v 0.014848 0.361498 0.000001
v 0.014848 0.387387 0.000001
v 0.014848 0.370016 0.038772
v -0.014848 0.252841 0.027140
v -0.014848 0.301090 0.038382
v -0.014848 0.301090 0.054831
v 0.014848 0.370016 -0.038771
v 0.014848 0.387387 0.000001
v 0.014848 0.361498 0.000001
v -0.014848 0.214792 0.000001
v -0.014848 0.240681 0.000001
v -0.014848 0.252841 0.027140
v -0.014848 0.232163 0.038772
v -0.014848 0.214792 0.000001
v -0.014848 0.252841 0.027140
v -0.014848 0.240681 0.000001
v -0.014848 0.214792 0.000001
v -0.014848 0.252841 -0.027139
v -0.014848 0.252841 -0.027139
v -0.014848 0.232163 -0.038771
v -0.014848 0.301090 -0.054830
v -0.014848 0.232163 0.038772
v -0.014848 0.252841 0.027140
v -0.014848 0.301090 0.054831
v -0.014848 0.214792 0.000001
v -0.014848 0.232163 -0.038771
v -0.014848 0.252841 -0.027139
v -0.014848 0.301090 -0.038381
v -0.014848 0.252841 -0.027139
v -0.014848 0.301090 -0.054830
v -0.014848 0.301090 0.038382
v -0.014848 0.349338 0.027140
v -0.014848 0.301090 0.054831
v -0.014848 0.301090 -0.054830
v -0.014848 0.349338 -0.027139
v -0.014848 0.301090 -0.038381
v -0.014848 0.349338 0.027140
v -0.014848 0.370016 0.038772
v -0.014848 0.301090 0.054831
v -0.014848 0.301090 -0.054830
v -0.014848 0.370016 -0.038771
v -0.014848 0.349338 -0.027139
v -0.014848 0.349338 0.027140
v -0.014848 0.361498 0.000001
v -0.014848 0.370016 0.038772
v -0.014848 0.370016 -0.038771
v -0.014848 0.361498 0.000001
v -0.014848 0.349338 -0.027139
v -0.014848 0.361498 0.000001
v -0.014848 0.387387 0.000001
v -0.014848 0.370016 0.038772
v -0.014848 0.370016 -0.038771
v -0.014848 0.387387 0.000001
v -0.014848 0.361498 0.000001
v 0.014848 0.349338 -0.027139
v -0.014848 0.349338 -0.027139
v -0.014848 0.361498 0.000001
v 0.014848 0.361498 0.000001
v 0.014848 0.301090 -0.038381
v -0.014848 0.301090 -0.038381
v -0.014848 0.349338 -0.027139
v 0.014848 0.349338 -0.027139
v 0.014848 0.252841 -0.027139
v -0.014848 0.252841 -0.027139
v -0.014848 0.301090 -0.038381
v 0.014848 0.301090 -0.038381
v 0.014848 0.240681 0.000001
v -0.014848 0.240681 0.000001
v -0.014848 0.252841 -0.027139
v 0.014848 0.252841 -0.027139
v 0.014848 0.252841 0.027140
v -0.014848 0.252841 0.027140
v -0.014848 0.240681 0.000001
v 0.014848 0.240681 0.000001
v 0.014848 0.301090 0.038382
v -0.014848 0.301090 0.038382
v -0.014848 0.252841 0.027140
v 0.014848 0.252841 0.027140
v 0.014848 0.349338 0.027140
v -0.014848 0.349338 0.027140
v -0.014848 0.301090 0.038382
v 0.014848 0.301090 0.038382
v 0.014848 0.361498 0.000001
v -0.014848 0.361498 0.000001
v -0.014848 0.349338 0.027140
v 0.014848 0.349338 0.027140
v 0.014848 0.370016 -0.038771
v -0.014848 0.370016 -0.038771
v -0.014848 0.387387 0.000001
v 0.014848 0.387387 0.000001
v 0.014848 0.301090 -0.054830
v -0.014848 0.301090 -0.054830
v -0.014848 0.370016 -0.038771
v 0.014848 0.370016 -0.038771
v 0.014848 0.232163 -0.038771
v -0.014848 0.232163 -0.038771
v -0.014848 0.301090 -0.054830
v 0.014848 0.301090 -0.054830
v 0.014848 0.214792 0.000001
v -0.014848 0.214792 0.000001
v -0.014848 0.232163 -0.038771
v 0.014848 0.232163 -0.038771
v 0.014848 0.232163 0.038772
v -0.014848 0.232163 0.038772
v -0.014848 0.214792 0.000001
v 0.014848 0.214792 0.000001
v 0.014848 0.301090 0.054831
v -0.014848 0.301090 0.054831
v -0.014848 0.232163 0.038772
v 0.014848 0.232163 0.038772
v 0.014848 0.370016 0.038772
v -0.014848 0.370016 0.038772
v -0.014848 0.301090 0.054831
v 0.014848 0.301090 0.054831
v 0.014848 0.387387 0.000001
v -0.014848 0.387387 0.000001
v -0.014848 0.370016 0.038772
v 0.014848 0.370016 0.038772
v 0.000000 0.497387 0.014849
v 0.000000 0.497387 -0.014847
v -0.038771 0.480016 -0.014847
v -0.038771 0.480016 0.014849
v -0.038771 0.480016 0.014849
v -0.038771 0.480016 -0.014847
v -0.054831 0.411090 -0.014847
v -0.054831 0.411090 0.014849
v -0.054831 0.411090 0.014849
v -0.054831 0.411090 -0.014847
v -0.038771 0.342163 -0.014847
v -0.038771 0.342163 0.014849
v -0.038771 0.342163 0.014849
v -0.038771 0.342163 -0.014847
v 0.000000 0.324792 -0.014847
v 0.000000 0.324792 0.014849
v 0.000000 0.324792 0.014849
v 0.000000 0.324792 -0.014847
v 0.038771 0.342163 -0.014847
v 0.038771 0.342163 0.014849
v 0.038771 0.342163 0.014849
v 0.038771 0.342163 -0.014847
v 0.054831 0.411090 -0.014847
v 0.054831 0.411090 0.014849
v 0.054831 0.411090 0.014849
v 0.054831 0.411090 -0.014847
v 0.038771 0.480016 -0.014847
v 0.038771 0.480016 0.014849
v 0.038771 0.480016 0.014849
v 0.038771 0.480016 -0.014847
v 0.000000 0.497387 -0.014847
v 0.000000 0.497387 0.014849
v 0.000000 0.471498 0.014849
v 0.000000 0.471498 -0.014847
v -0.027140 0.459338 -0.014847
v -0.027140 0.459338 0.014849
v -0.027140 0.459338 0.014849
v -0.027140 0.459338 -0.014847
v -0.038381 0.411090 -0.014847
v -0.038381 0.411090 0.014849
v -0.038381 0.411090 0.014849
v -0.038381 0.411090 -0.014847
v -0.027140 0.362841 -0.014847
v -0.027140 0.362841 0.014849
v -0.027140 0.362841 0.014849
v -0.027140 0.362841 -0.014847
v 0.000000 0.350681 -0.014847
v 0.000000 0.350681 0.014849
v 0.000000 0.350681 0.014849
v 0.000000 0.350681 -0.014847
v 0.027140 0.362841 -0.014847
v 0.027140 0.362841 0.014849
v 0.027140 0.362841 0.014849
v 0.027140 0.362841 -0.014847
v 0.038382 0.411090 -0.014847
v 0.038382 0.411090 0.014849
v 0.038382 0.411090 0.014849
v 0.038382 0.411090 -0.014847
v 0.027140 0.459338 -0.014847
v 0.027140 0.459338 0.014849
v 0.027140 0.459338 0.014849
v 0.027140 0.459338 -0.014847
v 0.000000 0.471498 -0.014847
v 0.000000 0.471498 0.014849
v 0.038771 0.480016 -0.014847
v 0.000000 0.497387 -0.014847
v 0.000000 0.471498 -0.014847
v 0.000000 0.471498 -0.014847
v 0.000000 0.497387 -0.014847
v -0.038771 0.480016 -0.014847
v 0.038771 0.480016 -0.014847
v 0.000000 0.471498 -0.014847
v 0.027140 0.459338 -0.014847
v -0.027140 0.459338 -0.014847
v 0.000000 0.471498 -0.014847
v -0.038771 0.480016 -0.014847
v 0.054831 0.411090 -0.014847
v 0.038771 0.480016 -0.014847
v 0.027140 0.459338 -0.014847
v -0.027140 0.459338 -0.014847
v -0.038771 0.480016 -0.014847
v -0.054831 0.411090 -0.014847
v 0.054831 0.411090 -0.014847
v 0.027140 0.459338 -0.014847
v 0.038382 0.411090 -0.014847
v -0.038381 0.411090 -0.014847
v -0.027140 0.459338 -0.014847
v -0.054831 0.411090 -0.014847
v 0.038382 0.411090 -0.014847
v 0.027140 0.362841 -0.014847
v 0.054831 0.411090 -0.014847
v 0.000000 0.324792 -0.014847
v 0.038771 0.342163 -0.014847
v 0.027140 0.362841 -0.014847
v -0.038771 0.342163 -0.014847
v -0.027140 0.362841 -0.014847
v -0.054831 0.411090 -0.014847
v 0.027140 0.362841 -0.014847
v 0.038771 0.342163 -0.014847
v 0.054831 0.411090 -0.014847
v 0.000000 0.350681 -0.014847
v 0.000000 0.324792 -0.014847
v 0.027140 0.362841 -0.014847
v -0.038771 0.342163 -0.014847
v 0.000000 0.324792 -0.014847
v -0.027140 0.362841 -0.014847
v 0.000000 0.324792 -0.014847
v 0.000000 0.350681 -0.014847
v -0.027140 0.362841 -0.014847
v 0.038771 0.480016 0.014849
v 0.000000 0.497387 0.014849
v 0.000000 0.471498 0.014849
v -0.027140 0.362841 -0.014847
v -0.038381 0.411090 -0.014847
v -0.054831 0.411090 -0.014847
v 0.000000 0.471498 0.014849
v 0.000000 0.497387 0.014849
v -0.038771 0.480016 0.014849
v 0.038771 0.480016 0.014849
v 0.000000 0.471498 0.014849
v 0.027140 0.459338 0.014849
v -0.027140 0.459338 0.014849
v 0.000000 0.471498 0.014849
v -0.038771 0.480016 0.014849
v 0.054831 0.411090 0.014849
v 0.038771 0.480016 0.014849
v 0.027140 0.459338 0.014849
v -0.027140 0.459338 0.014849
v -0.038771 0.480016 0.014849
v -0.054831 0.411090 0.014849
v 0.054831 0.411090 0.014849
v 0.027140 0.459338 0.014849
v 0.038382 0.411090 0.014849
v -0.038381 0.411090 0.014849
v -0.027140 0.459338 0.014849
v -0.054831 0.411090 0.014849
v 0.038382 0.411090 0.014849
v 0.027140 0.362841 0.014849
v 0.054831 0.411090 0.014849
v 0.000000 0.324792 0.014849
v 0.038771 0.342163 0.014849
v 0.027140 0.362841 0.014849
v -0.038771 0.342163 0.014849
v -0.027140 0.362841 0.014849
v -0.054831 0.411090 0.014849
v 0.027140 0.362841 0.014849
v 0.038771 0.342163 0.014849
v 0.054831 0.411090 0.014849
v 0.000000 0.350681 0.014849
v 0.000000 0.324792 0.014849
v 0.027140 0.362841 0.014849
v -0.038771 0.342163 0.014849
v 0.000000 0.324792 0.014849
v -0.027140 0.362841 0.014849
v 0.000000 0.324792 0.014849
v 0.000000 0.350681 0.014849
v -0.027140 0.362841 0.014849
v -0.027140 0.362841 0.014849
v -0.038381 0.411090 0.014849
v -0.054831 0.411090 0.014849
v -0.014848 0.472841 -0.027139
v -0.014848 0.521090 -0.038381
v -0.014848 0.521090 -0.054830
v -0.014848 0.434792 0.000001
v -0.014848 0.460681 0.000001
v -0.014848 0.472841 -0.027139
v -0.014848 0.452163 -0.038771
v -0.014848 0.434792 0.000001
v -0.014848 0.472841 -0.027139
v -0.014848 0.460681 0.000001
v -0.014848 0.434792 0.000001
v -0.014848 0.472841 0.027140
v -0.014848 0.472841 0.027140
v -0.014848 0.452163 0.038772
v -0.014848 0.521090 0.054831
v -0.014848 0.452163 -0.038771
v -0.014848 0.472841 -0.027139
v -0.014848 0.521090 -0.054830
v -0.014848 0.434792 0.000001
v -0.014848 0.452163 0.038772
v -0.014848 0.472841 0.027140
v -0.014848 0.521090 0.038382
v -0.014848 0.472841 0.027140
v -0.014848 0.521090 0.054831
v -0.014848 0.521090 -0.038381
v -0.014848 0.569338 -0.027139
v -0.014848 0.521090 -0.054830
v -0.014848 0.521090 0.054831
v -0.014848 0.569338 0.027140
v -0.014848 0.521090 0.038382
v -0.014848 0.569338 -0.027139
v -0.014848 0.590016 -0.038771
v -0.014848 0.521090 -0.054830
v -0.014848 0.521090 0.054831
v -0.014848 0.590016 0.038772
v -0.014848 0.569338 0.027140
v -0.014848 0.569338 -0.027139
v -0.014848 0.581498 0.000001
v -0.014848 0.590016 -0.038771
v -0.014848 0.590016 0.038772
v -0.014848 0.581498 0.000001
v -0.014848 0.569338 0.027140
v -0.014848 0.581498 0.000001
v -0.014848 0.607387 0.000001
v -0.014848 0.590016 -0.038771
v 0.014848 0.472841 -0.027139
v 0.014848 0.521090 -0.038381
v 0.014848 0.521090 -0.054830
v -0.014848 0.590016 0.038772
v -0.014848 0.607387 0.000001
v -0.014848 0.581498 0.000001
v 0.014848 0.434792 0.000001
v 0.014848 0.460681 0.000001
v 0.014848 0.472841 -0.027139
v 0.014848 0.452163 -0.038771
v 0.014848 0.434792 0.000001
v 0.014848 0.472841 -0.027139
v 0.014848 0.460681 0.000001
v 0.014848 0.434792 0.000001
v 0.014848 0.472841 0.027140
v 0.014848 0.472841 0.027140
v 0.014848 0.452163 0.038772
v 0.014848 0.521090 0.054831
v 0.014848 0.452163 -0.038771
v 0.014848 0.472841 -0.027139
v 0.014848 0.521090 -0.054830
v 0.014848 0.434792 0.000001
v 0.014848 0.452163 0.038772
v 0.014848 0.472841 0.027140
v 0.014848 0.521090 0.038382
v 0.014848 0.472841 0.027140
v 0.014848 0.521090 0.054831
v 0.014848 0.521090 -0.038381
v 0.014848 0.569338 -0.027139
v 0.014848 0.521090 -0.054830
v 0.014848 0.521090 0.054831
v 0.014848 0.569338 0.027140
v 0.014848 0.521090 0.038382
v 0.014848 0.569338 -0.027139
v 0.014848 0.590016 -0.038771
v 0.014848 0.521090 -0.054830
v 0.014848 0.521090 0.054831
v 0.014848 0.590016 0.038772
v 0.014848 0.569338 0.027140
v 0.014848 0.569338 -0.027139
v 0.014848 0.581498 0.000001
v 0.014848 0.590016 -0.038771
v 0.014848 0.590016 0.038772
v 0.014848 0.581498 0.000001
v 0.014848 0.569338 0.027140
v 0.014848 0.581498 0.000001
v 0.014848 0.607387 0.000001
v 0.014848 0.590016 -0.038771
v 0.014848 0.590016 0.038772
v 0.014848 0.607387 0.000001
v 0.014848 0.581498 0.000001
v -0.014848 0.569338 0.027140
v 0.014848 0.569338 0.027140
v 0.014848 0.581498 0.000001
v -0.014848 0.581498 0.000001
v -0.014848 0.521090 0.038382
v 0.014848 0.521090 0.038382
v 0.014848 0.569338 0.027140
v -0.014848 0.569338 0.027140
v -0.014848 0.472841 0.027140
v 0.014848 0.472841 0.027140
v 0.014848 0.521090 0.038382
v -0.014848 0.521090 0.038382
v -0.014848 0.460681 0.000001
v 0.014848 0.460681 0.000001
v 0.014848 0.472841 0.027140
v -0.014848 0.472841 0.027140
v -0.014848 0.472841 -0.027139
v 0.014848 0.472841 -0.027139
v 0.014848 0.460681 0.000001
v -0.014848 0.460681 0.000001
v -0.014848 0.521090 -0.038381
v 0.014848 0.521090 -0.038381
v 0.014848 0.472841 -0.027139
v -0.014848 0.472841 -0.027139
v -0.014848 0.569338 -0.027139
v 0.014848 0.569338 -0.027139
v 0.014848 0.521090 -0.038381
v -0.014848 0.521090 -0.038381
v -0.014848 0.581498 0.000001
v 0.014848 0.581498 0.000001
v 0.014848 0.569338 -0.027139
v -0.014848 0.569338 -0.027139
v -0.014848 0.590016 0.038772
v 0.014848 0.590016 0.038772
v 0.014848 0.607387 0.000001
v -0.014848 0.607387 0.000001
v -0.014848 0.521090 0.054831
v 0.014848 0.521090 0.054831
v 0.014848 0.590016 0.038772
v -0.014848 0.590016 0.038772
v -0.014848 0.452163 0.038772
v 0.014848 0.452163 0.038772
v 0.014848 0.521090 0.054831
v -0.014848 0.521090 0.054831
v -0.014848 0.434792 0.000001
v 0.014848 0.434792 0.000001
v 0.014848 0.452163 0.038772
v -0.014848 0.452163 0.038772
v -0.014848 0.452163 -0.038771
v 0.014848 0.452163 -0.038771
v 0.014848 0.434792 0.000001
v -0.014848 0.434792 0.000001
v -0.014848 0.521090 -0.054830
v 0.014848 0.521090 -0.054830
v 0.014848 0.452163 -0.038771
v -0.014848 0.452163 -0.038771
v -0.014848 0.590016 -0.038771
v 0.014848 0.590016 -0.038771
v 0.014848 0.521090 -0.054830
v -0.014848 0.521090 -0.054830
v -0.014848 0.607387 0.000001
v 0.014848 0.607387 0.000001
v 0.014848 0.590016 -0.038771
v -0.014848 0.590016 -0.038771
v 0.000000 0.718387 -0.014847
v 0.000000 0.718387 0.014849
v 0.038771 0.701016 0.014849
v 0.038771 0.701016 -0.014847
v 0.038771 0.701016 -0.014847
v 0.038771 0.701016 0.014849
v 0.054831 0.632090 0.014849
v 0.054831 0.632090 -0.014847
v 0.054831 0.632090 -0.014847
v 0.054831 0.632090 0.014849
v 0.038771 0.563163 0.014849
v 0.038771 0.563163 -0.014847
v 0.038771 0.563163 -0.014847
v 0.038771 0.563163 0.014849
v 0.000000 0.545792 0.014849
v 0.000000 0.545792 -0.014847
v 0.000000 0.545792 -0.014847
v 0.000000 0.545792 0.014849
v -0.038771 0.563163 0.014849
v -0.038771 0.563163 -0.014847
v -0.038771 0.563163 -0.014847
v -0.038771 0.563163 0.014849
v -0.054831 0.632090 0.014849
v -0.054831 0.632090 -0.014847
v -0.054831 0.632090 -0.014847
v -0.054831 0.632090 0.014849
v -0.038771 0.701016 0.014849
v -0.038771 0.701016 -0.014847
v -0.038771 0.701016 -0.014847
v -0.038771 0.701016 0.014849
v 0.000000 0.718387 0.014849
v 0.000000 0.718387 -0.014847
v 0.000000 0.692498 -0.014847
v 0.000000 0.692498 0.014849
v 0.027140 0.680338 0.014849
v 0.027140 0.680338 -0.014847
v 0.027140 0.680338 -0.014847
v 0.027140 0.680338 0.014849
v 0.038382 0.632090 0.014849
v 0.038382 0.632090 -0.014847
v 0.038382 0.632090 -0.014847
v 0.038382 0.632090 0.014849
v 0.027140 0.583841 0.014849
v 0.027140 0.583841 -0.014847
v 0.027140 0.583841 -0.014847
v 0.027140 0.583841 0.014849
v 0.000000 0.571681 0.014849
v 0.000000 0.571681 -0.014847
v 0.000000 0.571681 -0.014847
v 0.000000 0.571681 0.014849
v -0.027140 0.583841 0.014849
v -0.027140 0.583841 -0.014847
v -0.027140 0.583841 -0.014847
v -0.027140 0.583841 0.014849
v -0.038381 0.632090 0.014849
v -0.038381 0.632090 -0.014847
v -0.038381 0.632090 -0.014847
v -0.038381 0.632090 0.014849
v -0.027140 0.680338 0.014849
v -0.027140 0.680338 -0.014847
v -0.027140 0.680338 -0.014847
v -0.027140 0.680338 0.014849
v 0.000000 0.692498 0.014849
v 0.000000 0.692498 -0.014847
v -0.038771 0.701016 0.014849
v 0.000000 0.718387 0.014849
v 0.000000 0.692498 0.014849
v 0.000000 0.692498 0.014849
v 0.000000 0.718387 0.014849
v 0.038771 0.701016 0.014849
v -0.038771 0.701016 0.014849
v 0.000000 0.692498 0.014849
v -0.027140 0.680338 0.014849
v 0.027140 0.680338 0.014849
v 0.000000 0.692498 0.014849
v 0.038771 0.701016 0.014849
v -0.054831 0.632090 0.014849
v -0.038771 0.701016 0.014849
v -0.027140 0.680338 0.014849
v 0.027140 0.680338 0.014849
v 0.038771 0.701016 0.014849
v 0.054831 0.632090 0.014849
v -0.054831 0.632090 0.014849
v -0.027140 0.680338 0.014849
v -0.038381 0.632090 0.014849
v 0.038382 0.632090 0.014849
v 0.027140 0.680338 0.014849
v 0.054831 0.632090 0.014849
v -0.038381 0.632090 0.014849
v -0.027140 0.583841 0.014849
v -0.054831 0.632090 0.014849
v 0.000000 0.545792 0.014849
v -0.038771 0.563163 0.014849
v -0.027140 0.583841 0.014849
v 0.038771 0.563163 0.014849
v 0.027140 0.583841 0.014849
v 0.054831 0.632090 0.014849
v -0.027140 0.583841 0.014849
v -0.038771 0.563163 0.014849
v -0.054831 0.632090 0.014849
v 0.000000 0.571681 0.014849
v 0.000000 0.545792 0.014849
v -0.027140 0.583841 0.014849
v 0.038771 0.563163 0.014849
v 0.000000 0.545792 0.014849
v 0.027140 0.583841 0.014849
v 0.000000 0.545792 0.014849
v 0.000000 0.571681 0.014849
v 0.027140 0.583841 0.014849
v -0.038771 0.701016 -0.014847
v 0.000000 0.718387 -0.014847
v 0.000000 0.692498 -0.014847
v 0.027140 0.583841 0.014849
v 0.038382 0.632090 0.014849
v 0.054831 0.632090 0.014849
v 0.000000 0.692498 -0.014847
v 0.000000 0.718387 -0.014847
v 0.038771 0.701016 -0.014847
v -0.038771 0.701016 -0.014847
v 0.000000 0.692498 -0.014847
v -0.027140 0.680338 -0.014847
v 0.027140 0.680338 -0.014847
v 0.000000 0.692498 -0.014847
v 0.038771 0.701016 -0.014847
v -0.054831 0.632090 -0.014847
v -0.038771 0.701016 -0.014847
v -0.027140 0.680338 -0.014847
v 0.027140 0.680338 -0.014847
v 0.038771 0.701016 -0.014847
v 0.054831 0.632090 -0.014847
v -0.054831 0.632090 -0.014847
v -0.027140 0.680338 -0.014847
v -0.038381 0.632090 -0.014847
v 0.038382 0.632090 -0.014847
v 0.027140 0.680338 -0.014847
v 0.054831 0.632090 -0.014847
v -0.038381 0.632090 -0.014847
v -0.027140 0.583841 -0.014847
v -0.054831 0.632090 -0.014847
v 0.000000 0.545792 -0.014847
v -0.038771 0.563163 -0.014847
v -0.027140 0.583841 -0.014847
v 0.038771 0.563163 -0.014847
v 0.027140 0.583841 -0.014847
v 0.054831 0.632090 -0.014847
v -0.027140 0.583841 -0.014847
v -0.038771 0.563163 -0.014847
v -0.054831 0.632090 -0.014847
v 0.000000 0.571681 -0.014847
v 0.000000 0.545792 -0.014847
v -0.027140 0.583841 -0.014847
v 0.038771 0.563163 -0.014847
v 0.000000 0.545792 -0.014847
v 0.027140 0.583841 -0.014847
v 0.000000 0.545792 -0.014847
v 0.000000 0.571681 -0.014847
v 0.027140 0.583841 -0.014847
v 0.027140 0.583841 -0.014847
v 0.038382 0.632090 -0.014847
v 0.054831 0.632090 -0.014847
v 0.014848 0.693841 0.027140
v 0.014848 0.742090 0.038382
v 0.014848 0.742090 0.054831
v 0.014848 0.655792 0.000001
v 0.014848 0.681681 0.000001
v 0.014848 0.693841 0.027140
v 0.014848 0.673163 0.038772
v 0.014848 0.655792 0.000001
v 0.014848 0.693841 0.027140
v 0.014848 0.681681 0.000001
v 0.014848 0.655792 0.000001
v 0.014848 0.693841 -0.027139
v 0.014848 0.693841 -0.027139
v 0.014848 0.673163 -0.038771
v 0.014848 0.742090 -0.054830
v 0.014848 0.673163 0.038772
v 0.014848 0.693841 0.027140
v 0.014848 0.742090 0.054831
v 0.014848 0.655792 0.000001
v 0.014848 0.673163 -0.038771
v 0.014848 0.693841 -0.027139
v 0.014848 0.742090 -0.038381
v 0.014848 0.693841 -0.027139
v 0.014848 0.742090 -0.054830
v 0.014848 0.742090 0.038382
v 0.014848 0.790338 0.027140
v 0.014848 0.742090 0.054831
v 0.014848 0.742090 -0.054830
v 0.014848 0.790338 -0.027139
v 0.014848 0.742090 -0.038381
v 0.014848 0.790338 0.027140
v 0.014848 0.811016 0.038772
v 0.014848 0.742090 0.054831
v 0.014848 0.742090 -0.054830
v 0.014848 0.811016 -0.038771
v 0.014848 0.790338 -0.027139
v 0.014848 0.790338 0.027140
v 0.014848 0.802498 0.000001
v 0.014848 0.811016 0.038772
v 0.014848 0.811016 -0.038771
v 0.014848 0.802498 0.000001
v 0.014848 0.790338 -0.027139
v 0.014848 0.802498 0.000001
v 0.014848 0.828387 0.000001
v 0.014848 0.811016 0.038772
v -0.014848 0.693841 0.027140
v -0.014848 0.742090 0.038382
v -0.014848 0.742090 0.054831
v 0.014848 0.811016 -0.038771
v 0.014848 0.828387 0.000001
v 0.014848 0.802498 0.000001
v -0.014848 0.655792 0.000001
v -0.014848 0.681681 0.000001
v -0.014848 0.693841 0.027140
v -0.014848 0.673163 0.038772
v -0.014848 0.655792 0.000001
v -0.014848 0.693841 0.027140
v -0.014848 0.681681 0.000001
v -0.014848 0.655792 0.000001
v -0.014848 0.693841 -0.027139
v -0.014848 0.693841 -0.027139
v -0.014848 0.673163 -0.038771
v -0.014848 0.742090 -0.054830
v -0.014848 0.673163 0.038772
v -0.014848 0.693841 0.027140
v -0.014848 0.742090 0.054831
v -0.014848 0.655792 0.000001
v -0.014848 0.673163 -0.038771
v -0.014848 0.693841 -0.027139
v -0.014848 0.742090 -0.038381
v -0.014848 0.693841 -0.027139
v -0.014848 0.742090 -0.054830
v -0.014848 0.742090 0.038382
v -0.014848 0.790338 0.027140
v -0.014848 0.742090 0.054831
v -0.014848 0.742090 -0.054830
v -0.014848 0.790338 -0.027139
v -0.014848 0.742090 -0.038381
v -0.014848 0.790338 0.027140
v -0.014848 0.811016 0.038772
v -0.014848 0.742090 0.054831
v -0.014848 0.742090 -0.054830
v -0.014848 0.811016 -0.038771
v -0.014848 0.790338 -0.027139
v -0.014848 0.790338 0.027140
v -0.014848 0.802498 0.000001
v -0.014848 0.811016 0.038772
v -0.014848 0.811016 -0.038771
v -0.014848 0.802498 0.000001
v -0.014848 0.790338 -0.027139
v -0.014848 0.802498 0.000001
v -0.014848 0.828387 0.000001
v -0.014848 0.811016 0.038772
v -0.014848 0.811016 -0.038771
v -0.014848 0.828387 0.000001
v -0.014848 0.802498 0.000001
v 0.014848 0.790338 -0.027139
v -0.014848 0.790338 -0.027139
v -0.014848 0.802498 0.000001
v 0.014848 0.802498 0.000001
v 0.014848 0.742090 -0.038381
v -0.014848 0.742090 -0.038381
v -0.014848 0.790338 -0.027139
v 0.014848 0.790338 -0.027139
v 0.014848 0.693841 -0.027139
v -0.014848 0.693841 -0.027139
v -0.014848 0.742090 -0.038381
v 0.014848 0.742090 -0.038381
v 0.014848 0.681681 0.000001
v -0.014848 0.681681 0.000001
v -0.014848 0.693841 -0.027139
v 0.014848 0.693841 -0.027139
v 0.014848 0.693841 0.027140
v -0.014848 0.693841 0.027140
v -0.014848 0.681681 0.000001
v 0.014848 0.681681 0.000001
v 0.014848 0.742090 0.038382
v -0.014848 0.742090 0.038382
v -0.014848 0.693841 0.027140
v 0.014848 0.693841 0.027140
v 0.014848 0.790338 0.027140
v -0.014848 0.790338 0.027140
v -0.014848 0.742090 0.038382
v 0.014848 0.742090 0.038382
v 0.014848 0.802498 0.000001
v -0.014848 0.802498 0.000001
v -0.014848 0.790338 0.027140
v 0.014848 0.790338 0.027140
v 0.014848 0.811016 -0.038771
v -0.014848 0.811016 -0.038771
v -0.014848 0.828387 0.000001
v 0.014848 0.828387 0.000001
v 0.014848 0.742090 -0.054830
v -0.014848 0.742090 -0.054830
v -0.014848 0.811016 -0.038771
v 0.014848 0.811016 -0.038771
v 0.014848 0.673163 -0.038771
v -0.014848 0.673163 -0.038771
v -0.014848 0.742090 -0.054830
v 0.014848 0.742090 -0.054830
v 0.014848 0.655792 0.000001
v -0.014848 0.655792 0.000001
v -0.014848 0.673163 -0.038771
v 0.014848 0.673163 -0.038771
v 0.014848 0.673163 0.038772
v -0.014848 0.673163 0.038772
v -0.014848 0.655792 0.000001
v 0.014848 0.655792 0.000001
v 0.014848 0.742090 0.054831
v -0.014848 0.742090 0.054831
v -0.014848 0.673163 0.038772
v 0.014848 0.673163 0.038772
v 0.014848 0.811016 0.038772
v -0.014848 0.811016 0.038772
v -0.014848 0.742090 0.054831
v 0.014848 0.742090 0.054831
v 0.014848 0.828387 0.000001
v -0.014848 0.828387 0.000001
v -0.014848 0.811016 0.038772
v 0.014848 0.811016 0.038772
v 0.027140 0.142841 -0.014847
v 0.038382 0.191090 -0.014847
v 0.054831 0.191090 -0.014847
v 0.000000 0.104792 -0.014847
v 0.000000 0.130681 -0.014847
v 0.027140 0.142841 -0.014847
v 0.038771 0.122163 -0.014847
v 0.000000 0.104792 -0.014847
v 0.027140 0.142841 -0.014847
v 0.000000 0.130681 -0.014847
v 0.000000 0.104792 -0.014847
v -0.027140 0.142841 -0.014847
v -0.027140 0.142841 -0.014847
v -0.038771 0.122163 -0.014847
v -0.054831 0.191090 -0.014847
v 0.038771 0.122163 -0.014847
v 0.027140 0.142841 -0.014847
v 0.054831 0.191090 -0.014847
v 0.000000 0.104792 -0.014847
v -0.038771 0.122163 -0.014847
v -0.027140 0.142841 -0.014847
v -0.038381 0.191090 -0.014847
v -0.027140 0.142841 -0.014847
v -0.054831 0.191090 -0.014847
v 0.038382 0.191090 -0.014847
v 0.027140 0.239338 -0.014847
v 0.054831 0.191090 -0.014847
v -0.054831 0.191090 -0.014847
v -0.027140 0.239338 -0.014847
v -0.038381 0.191090 -0.014847
v 0.027140 0.239338 -0.014847
v 0.038771 0.260016 -0.014847
v 0.054831 0.191090 -0.014847
v -0.054831 0.191090 -0.014847
v -0.038771 0.260016 -0.014847
v -0.027140 0.239338 -0.014847
v 0.027140 0.239338 -0.014847
v 0.000000 0.251498 -0.014847
v 0.038771 0.260016 -0.014847
v -0.038771 0.260016 -0.014847
v 0.000000 0.251498 -0.014847
v -0.027140 0.239338 -0.014847
v 0.000000 0.251498 -0.014847
v 0.000000 0.277387 -0.014847
v 0.038771 0.260016 -0.014847
v 0.027140 0.142841 0.014849
v 0.038382 0.191090 0.014849
v 0.054831 0.191090 0.014849
v -0.038771 0.260016 -0.014847
v 0.000000 0.277387 -0.014847
v 0.000000 0.251498 -0.014847
v 0.000000 0.104792 0.014849
v 0.000000 0.130681 0.014849
v 0.027140 0.142841 0.014849
v 0.038771 0.122163 0.014849
v 0.000000 0.104792 0.014849
v 0.027140 0.142841 0.014849
v 0.000000 0.130681 0.014849
v 0.000000 0.104792 0.014849
v -0.027140 0.142841 0.014849
v -0.027140 0.142841 0.014849
v -0.038771 0.122163 0.014849
v -0.054831 0.191090 0.014849
v 0.038771 0.122163 0.014849
v 0.027140 0.142841 0.014849
v 0.054831 0.191090 0.014849
v 0.000000 0.104792 0.014849
v -0.038771 0.122163 0.014849
v -0.027140 0.142841 0.014849
v -0.038381 0.191090 0.014849
v -0.027140 0.142841 0.014849
v -0.054831 0.191090 0.014849
v 0.038382 0.191090 0.014849
v 0.027140 0.239338 0.014849
v 0.054831 0.191090 0.014849
v -0.054831 0.191090 0.014849
v -0.027140 0.239338 0.014849
v -0.038381 0.191090 0.014849
v 0.027140 0.239338 0.014849
v 0.038771 0.260016 0.014849
v 0.054831 0.191090 0.014849
v -0.054831 0.191090 0.014849
v -0.038771 0.260016 0.014849
v -0.027140 0.239338 0.014849
v 0.027140 0.239338 0.014849
v 0.000000 0.251498 0.014849
v 0.038771 0.260016 0.014849
v -0.038771 0.260016 0.014849
v 0.000000 0.251498 0.014849
v -0.027140 0.239338 0.014849
v 0.000000 0.251498 0.014849
v 0.000000 0.277387 0.014849
v 0.038771 0.260016 0.014849
v -0.038771 0.260016 0.014849
v 0.000000 0.277387 0.014849
v 0.000000 0.251498 0.014849
v -0.027140 0.239338 -0.014847
v -0.027140 0.239338 0.014849
v 0.000000 0.251498 0.014849
v 0.000000 0.251498 -0.014847
v -0.038381 0.191090 -0.014847
v -0.038381 0.191090 0.014849
v -0.027140 0.239338 0.014849
v -0.027140 0.239338 -0.014847
v -0.027140 0.142841 -0.014847
v -0.027140 0.142841 0.014849
v -0.038381 0.191090 0.014849
v -0.038381 0.191090 -0.014847
v 0.000000 0.130681 -0.014847
v 0.000000 0.130681 0.014849
v -0.027140 0.142841 0.014849
v -0.027140 0.142841 -0.014847
v 0.027140 0.142841 -0.014847
v 0.027140 0.142841 0.014849
v 0.000000 0.130681 0.014849
v 0.000000 0.130681 -0.014847
v 0.038382 0.191090 -0.014847
v 0.038382 0.191090 0.014849
v 0.027140 0.142841 0.014849
v 0.027140 0.142841 -0.014847
v 0.027140 0.239338 -0.014847
v 0.027140 0.239338 0.014849
v 0.038382 0.191090 0.014849
v 0.038382 0.191090 -0.014847
v 0.000000 0.251498 -0.014847
v 0.000000 0.251498 0.014849
v 0.027140 0.239338 0.014849
v 0.027140 0.239338 -0.014847
v -0.038771 0.260016 -0.014847
v -0.038771 0.260016 0.014849
v 0.000000 0.277387 0.014849
v 0.000000 0.277387 -0.014847
v -0.054831 0.191090 -0.014847
v -0.054831 0.191090 0.014849
v -0.038771 0.260016 0.014849
v -0.038771 0.260016 -0.014847
v -0.038771 0.122163 -0.014847
v -0.038771 0.122163 0.014849
v -0.054831 0.191090 0.014849
v -0.054831 0.191090 -0.014847
v 0.000000 0.104792 -0.014847
v 0.000000 0.104792 0.014849
v -0.038771 0.122163 0.014849
v -0.038771 0.122163 -0.014847
v 0.038771 0.122163 -0.014847
v 0.038771 0.122163 0.014849
v 0.000000 0.104792 0.014849
v 0.000000 0.104792 -0.014847
v 0.054831 0.191090 -0.014847
v 0.054831 0.191090 0.014849
v 0.038771 0.122163 0.014849
v 0.038771 0.122163 -0.014847
v 0.038771 0.260016 -0.014847
v 0.038771 0.260016 0.014849
v 0.054831 0.191090 0.014849
v 0.054831 0.191090 -0.014847
v 0.000000 0.277387 -0.014847
v 0.000000 0.277387 0.014849
v 0.038771 0.260016 0.014849
v 0.038771 0.260016 -0.014847
v -0.014848 0.032841 -0.027139
v -0.014848 0.081090 -0.038381
v -0.014848 0.081090 -0.054830
v -0.014848 -0.005208 0.000001
v -0.014848 0.020681 0.000001
v -0.014848 0.032841 -0.027139
v -0.014848 0.012163 -0.038771
v -0.014848 -0.005208 0.000001
v -0.014848 0.032841 -0.027139
v -0.014848 0.020681 0.000001
v -0.014848 -0.005208 0.000001
v -0.014848 0.032841 0.027140
v -0.014848 0.032841 0.027140
v -0.014848 0.012163 0.038772
v -0.014848 0.081090 0.054831
v -0.014848 0.012163 -0.038771
v -0.014848 0.032841 -0.027139
v -0.014848 0.081090 -0.054830
v -0.014848 -0.005208 0.000001
v -0.014848 0.012163 0.038772
v -0.014848 0.032841 0.027140
v -0.014848 0.081090 0.038382
v -0.014848 0.032841 0.027140
v -0.014848 0.081090 0.054831
v -0.014848 0.081090 -0.038381
v -0.014848 0.129338 -0.027139
v -0.014848 0.081090 -0.054830
v -0.014848 0.081090 0.054831
v -0.014848 0.129338 0.027140
v -0.014848 0.081090 0.038382
v -0.014848 0.129338 -0.027139
v -0.014848 0.150016 -0.038771
v -0.014848 0.081090 -0.054830
v -0.014848 0.081090 0.054831
v -0.014848 0.150016 0.038772
v -0.014848 0.129338 0.027140
v -0.014848 0.129338 -0.027139
v -0.014848 0.141498 0.000001
v -0.014848 0.150016 -0.038771
v -0.014848 0.150016 0.038772
v -0.014848 0.141498 0.000001
v -0.014848 0.129338 0.027140
v -0.014848 0.141498 0.000001
v -0.014848 0.167387 0.000001
v -0.014848 0.150016 -0.038771
v 0.014848 0.032841 -0.027139
v 0.014848 0.081090 -0.038381
v 0.014848 0.081090 -0.054830
v -0.014848 0.150016 0.038772
v -0.014848 0.167387 0.000001
v -0.014848 0.141498 0.000001
v 0.014848 -0.005208 0.000001
v 0.014848 0.020681 0.000001
v 0.014848 0.032841 -0.027139
v 0.014848 0.012163 -0.038771
v 0.014848 -0.005208 0.000001
v 0.014848 0.032841 -0.027139
v 0.014848 0.020681 0.000001
v 0.014848 -0.005208 0.000001
v 0.014848 0.032841 0.027140
v 0.014848 0.032841 0.027140
v 0.014848 0.012163 0.038772
v 0.014848 0.081090 0.054831
v 0.014848 0.012163 -0.038771
v 0.014848 0.032841 -0.027139
v 0.014848 0.081090 -0.054830
v 0.014848 -0.005208 0.000001
v 0.014848 0.012163 0.038772
v 0.014848 0.032841 0.027140
v 0.014848 0.081090 0.038382
v 0.014848 0.032841 0.027140
v 0.014848 0.081090 0.054831
v 0.014848 0.081090 -0.038381
v 0.014848 0.129338 -0.027139
v 0.014848 0.081090 -0.054830
v 0.014848 0.081090 0.054831
v 0.014848 0.129338 0.027140
v 0.014848 0.081090 0.038382
v 0.014848 0.129338 -0.027139
v 0.014848 0.150016 -0.038771
v 0.014848 0.081090 -0.054830
v 0.014848 0.081090 0.054831
v 0.014848 0.150016 0.038772
v 0.014848 0.129338 0.027140
v 0.014848 0.129338 -0.027139
v 0.014848 0.141498 0.000001
v 0.014848 0.150016 -0.038771
v 0.014848 0.150016 0.038772
v 0.014848 0.141498 0.000001
v 0.014848 0.129338 0.027140
v 0.014848 0.141498 0.000001
v 0.014848 0.167387 0.000001
v 0.014848 0.150016 -0.038771
v 0.014848 0.150016 0.038772
v 0.014848 0.167387 0.000001
v 0.014848 0.141498 0.000001
v -0.014848 0.129338 0.027140
v 0.014848 0.129338 0.027140
v 0.014848 0.141498 0.000001
v -0.014848 0.141498 0.000001
v -0.014848 0.081090 0.038382
v 0.014848 0.081090 0.038382
v 0.014848 0.129338 0.027140
v -0.014848 0.129338 0.027140
v -0.014848 0.032841 0.027140
v 0.014848 0.032841 0.027140
v 0.014848 0.081090 0.038382
v -0.014848 0.081090 0.038382
v -0.014848 0.020681 0.000001
v 0.014848 0.020681 0.000001
v 0.014848 0.032841 0.027140
v -0.014848 0.032841 0.027140
v -0.014848 0.032841 -0.027139
v 0.014848 0.032841 -0.027139
v 0.014848 0.020681 0.000001
v -0.014848 0.020681 0.000001
v -0.014848 0.081090 -0.038381
v 0.014848 0.081090 -0.038381
v 0.014848 0.032841 -0.027139
v -0.014848 0.032841 -0.027139
v -0.014848 0.129338 -0.027139
v 0.014848 0.129338 -0.027139
v 0.014848 0.081090 -0.038381
v -0.014848 0.081090 -0.038381
v -0.014848 0.141498 0.000001
v 0.014848 0.141498 0.000001
v 0.014848 0.129338 -0.027139
v -0.014848 0.129338 -0.027139
v -0.014848 0.150016 0.038772
v 0.014848 0.150016 0.038772
v 0.014848 0.167387 0.000001
v -0.014848 0.167387 0.000001
v -0.014848 0.081090 0.054831
v 0.014848 0.081090 0.054831
v 0.014848 0.150016 0.038772
v -0.014848 0.150016 0.038772
v -0.014848 0.012163 0.038772
v 0.014848 0.012163 0.038772
v 0.014848 0.081090 0.054831
v -0.014848 0.081090 0.054831
v -0.014848 -0.005208 0.000001
v 0.014848 -0.005208 0.000001
v 0.014848 0.012163 0.038772
v -0.014848 0.012163 0.038772
v -0.014848 0.012163 -0.038771
v 0.014848 0.012163 -0.038771
v 0.014848 -0.005208 0.000001
v -0.014848 -0.005208 0.000001
v -0.014848 0.081090 -0.054830
v 0.014848 0.081090 -0.054830
v 0.014848 0.012163 -0.038771
v -0.014848 0.012163 -0.038771
v -0.014848 0.150016 -0.038771
v 0.014848 0.150016 -0.038771
v 0.014848 0.081090 -0.054830
v -0.014848 0.081090 -0.054830
v -0.014848 0.167387 0.000001
v 0.014848 0.167387 0.000001
v 0.014848 0.150016 -0.038771
v -0.014848 0.150016 -0.038771
v -0.027140 -0.077159 0.014849
v -0.038381 -0.028910 0.014849
v -0.054831 -0.028910 0.014849
v 0.000000 -0.115208 0.014849
v 0.000000 -0.089319 0.014849
v -0.027140 -0.077159 0.014849
v -0.038771 -0.097837 0.014849
v 0.000000 -0.115208 0.014849
v -0.027140 -0.077159 0.014849
v 0.000000 -0.089319 0.014849
v 0.000000 -0.115208 0.014849
v 0.027140 -0.077159 0.014849
v 0.027140 -0.077159 0.014849
v 0.038771 -0.097837 0.014849
v 0.054831 -0.028910 0.014849
v -0.038771 -0.097837 0.014849
v -0.027140 -0.077159 0.014849
v -0.054831 -0.028910 0.014849
v 0.000000 -0.115208 0.014849
v 0.038771 -0.097837 0.014849
v 0.027140 -0.077159 0.014849
v 0.038382 -0.028910 0.014849
v 0.027140 -0.077159 0.014849
v 0.054831 -0.028910 0.014849
v -0.038381 -0.028910 0.014849
v -0.027140 0.019338 0.014849
v -0.054831 -0.028910 0.014849
v 0.054831 -0.028910 0.014849
v 0.027140 0.019338 0.014849
v 0.038382 -0.028910 0.014849
v -0.027140 0.019338 0.014849
v -0.038771 0.040016 0.014849
v -0.054831 -0.028910 0.014849
v 0.054831 -0.028910 0.014849
v 0.038771 0.040016 0.014849
v 0.027140 0.019338 0.014849
v -0.027140 0.019338 0.014849
v 0.000000 0.031498 0.014849
v -0.038771 0.040016 0.014849
v 0.038771 0.040016 0.014849
v 0.000000 0.031498 0.014849
v 0.027140 0.019338 0.014849
v 0.000000 0.031498 0.014849
v 0.000000 0.057387 0.014849
v -0.038771 0.040016 0.014849
v -0.027140 -0.077159 -0.014847
v -0.038381 -0.028910 -0.014847
v -0.054831 -0.028910 -0.014847
v 0.038771 0.040016 0.014849
v 0.000000 0.057387 0.014849
v 0.000000 0.031498 0.014849
v 0.000000 -0.115208 -0.014847
v 0.000000 -0.089319 -0.014847
v -0.027140 -0.077159 -0.014847
v -0.038771 -0.097837 -0.014847
v 0.000000 -0.115208 -0.014847
v -0.027140 -0.077159 -0.014847
v 0.000000 -0.089319 -0.014847
v 0.000000 -0.115208 -0.014847
v 0.027140 -0.077159 -0.014847
v 0.027140 -0.077159 -0.014847
v 0.038771 -0.097837 -0.014847
v 0.054831 -0.028910 -0.014847
v -0.038771 -0.097837 -0.014847
v -0.027140 -0.077159 -0.014847
v -0.054831 -0.028910 -0.014847
v 0.000000 -0.115208 -0.014847
v 0.038771 -0.097837 -0.014847
v 0.027140 -0.077159 -0.014847
v 0.038382 -0.028910 -0.014847
v 0.027140 -0.077159 -0.014847
v 0.054831 -0.028910 -0.014847
v -0.038381 -0.028910 -0.014847
v -0.027140 0.019338 -0.014847
v -0.054831 -0.028910 -0.014847
v 0.054831 -0.028910 -0.014847
v 0.027140 0.019338 -0.014847
v 0.038382 -0.028910 -0.014847
v -0.027140 0.019338 -0.014847
v -0.038771 0.040016 -0.014847
v -0.054831 -0.028910 -0.014847
v 0.054831 -0.028910 -0.014847
v 0.038771 0.040016 -0.014847
v 0.027140 0.019338 -0.014847
v -0.027140 0.019338 -0.014847
v 0.000000 0.031498 -0.014847
v -0.038771 0.040016 -0.014847
v 0.038771 0.040016 -0.014847
v 0.000000 0.031498 -0.014847
v 0.027140 0.019338 -0.014847
v 0.000000 0.031498 -0.014847
v 0.000000 0.057387 -0.014847
v -0.038771 0.040016 -0.014847
v 0.038771 0.040016 -0.014847
v 0.000000 0.057387 -0.014847
v 0.000000 0.031498 -0.014847
v 0.027140 0.019338 0.014849
v 0.027140 0.019338 -0.014847
v 0.000000 0.031498 -0.014847
v 0.000000 0.031498 0.014849
v 0.038382 -0.028910 0.014849
v 0.038382 -0.028910 -0.014847
v 0.027140 0.019338 -0.014847
v 0.027140 0.019338 0.014849
v 0.027140 -0.077159 0.014849
v 0.027140 -0.077159 -0.014847
v 0.038382 -0.028910 -0.014847
v 0.038382 -0.028910 0.014849
v 0.000000 -0.089319 0.014849
v 0.000000 -0.089319 -0.014847
v 0.027140 -0.077159 -0.014847
v 0.027140 -0.077159 0.014849
v -0.027140 -0.077159 0.014849
v -0.027140 -0.077159 -0.014847
v 0.000000 -0.089319 -0.014847
v 0.000000 -0.089319 0.014849
v -0.038381 -0.028910 0.014849
v -0.038381 -0.028910 -0.014847
v -0.027140 -0.077159 -0.014847
v -0.027140 -0.077159 0.014849
v -0.027140 0.019338 0.014849
v -0.027140 0.019338 -0.014847
v -0.038381 -0.028910 -0.014847
v -0.038381 -0.028910 0.014849
v 0.000000 0.031498 0.014849
v 0.000000 0.031498 -0.014847
v -0.027140 0.019338 -0.014847
v -0.027140 0.019338 0.014849
v 0.038771 0.040016 0.014849
v 0.038771 0.040016 -0.014847
v 0.000000 0.057387 -0.014847
v 0.000000 0.057387 0.014849
v 0.054831 -0.028910 0.014849
v 0.054831 -0.028910 -0.014847
v 0.038771 0.040016 -0.014847
v 0.038771 0.040016 0.014849
v 0.038771 -0.097837 0.014849
v 0.038771 -0.097837 -0.014847
v 0.054831 -0.028910 -0.014847
v 0.054831 -0.028910 0.014849
v 0.000000 -0.115208 0.014849
v 0.000000 -0.115208 -0.014847
v 0.038771 -0.097837 -0.014847
v 0.038771 -0.097837 0.014849
v -0.038771 -0.097837 0.014849
v -0.038771 -0.097837 -0.014847
v 0.000000 -0.115208 -0.014847
v 0.000000 -0.115208 0.014849
v -0.054831 -0.028910 0.014849
v -0.054831 -0.028910 -0.014847
v -0.038771 -0.097837 -0.014847
v -0.038771 -0.097837 0.014849
v -0.038771 0.040016 0.014849
v -0.038771 0.040016 -0.014847
v -0.054831 -0.028910 -0.014847
v -0.054831 -0.028910 0.014849
v 0.000000 0.057387 0.014849
v 0.000000 0.057387 -0.014847
v -0.038771 0.040016 -0.014847
v -0.038771 0.040016 0.014849
v 0.014848 -0.187159 0.027140
v 0.014848 -0.138910 0.038382
v 0.014848 -0.138910 0.054831
v 0.014848 -0.225208 0.000001
v 0.014848 -0.199319 0.000001
v 0.014848 -0.187159 0.027140
v 0.014848 -0.207837 0.038772
v 0.014848 -0.225208 0.000001
v 0.014848 -0.187159 0.027140
v 0.014848 -0.199319 0.000001
v 0.014848 -0.225208 0.000001
v 0.014848 -0.187159 -0.027139
v 0.014848 -0.187159 -0.027139
v 0.014848 -0.207837 -0.038771
v 0.014848 -0.138910 -0.054830
v 0.014848 -0.207837 0.038772
v 0.014848 -0.187159 0.027140
v 0.014848 -0.138910 0.054831
v 0.014848 -0.225208 0.000001
v 0.014848 -0.207837 -0.038771
v 0.014848 -0.187159 -0.027139
v 0.014848 -0.138910 -0.038381
v 0.014848 -0.187159 -0.027139
v 0.014848 -0.138910 -0.054830
v 0.014848 -0.138910 0.038382
v 0.014848 -0.090662 0.027140
v 0.014848 -0.138910 0.054831
v 0.014848 -0.138910 -0.054830
v 0.014848 -0.090662 -0.027139
v 0.014848 -0.138910 -0.038381
v 0.014848 -0.090662 0.027140
v 0.014848 -0.069984 0.038772
v 0.014848 -0.138910 0.054831
v 0.014848 -0.138910 -0.054830
v 0.014848 -0.069984 -0.038771
v 0.014848 -0.090662 -0.027139
v 0.014848 -0.090662 0.027140
v 0.014848 -0.078502 0.000001
v 0.014848 -0.069984 0.038772
v 0.014848 -0.069984 -0.038771
v 0.014848 -0.078502 0.000001
v 0.014848 -0.090662 -0.027139
v 0.014848 -0.078502 0.000001
v 0.014848 -0.052613 0.000001
v 0.014848 -0.069984 0.038772
v -0.014848 -0.187159 0.027140
v -0.014848 -0.138910 0.038382
v -0.014848 -0.138910 0.054831
v 0.014848 -0.069984 -0.038771
v 0.014848 -0.052613 0.000001
v 0.014848 -0.078502 0.000001
v -0.014848 -0.225208 0.000001
v -0.014848 -0.199319 0.000001
v -0.014848 -0.187159 0.027140
v -0.014848 -0.207837 0.038772
v -0.014848 -0.225208 0.000001
v -0.014848 -0.187159 0.027140
v -0.014848 -0.199319 0.000001
v -0.014848 -0.225208 0.000001
v -0.014848 -0.187159 -0.027139
v -0.014848 -0.187159 -0.027139
v -0.014848 -0.207837 -0.038771
v -0.014848 -0.138910 -0.054830
v -0.014848 -0.207837 0.038772
v -0.014848 -0.187159 0.027140
v -0.014848 -0.138910 0.054831
v -0.014848 -0.225208 0.000001
v -0.014848 -0.207837 -0.038771
v -0.014848 -0.187159 -0.027139
v -0.014848 -0.138910 -0.038381
v -0.014848 -0.187159 -0.027139
v -0.014848 -0.138910 -0.054830
v -0.014848 -0.138910 0.038382
v -0.014848 -0.090662 0.027140
v -0.014848 -0.138910 0.054831
v -0.014848 -0.138910 -0.054830
v -0.014848 -0.090662 -0.027139
v -0.014848 -0.138910 -0.038381
v -0.014848 -0.090662 0.027140
v -0.014848 -0.069984 0.038772
v -0.014848 -0.138910 0.054831
v -0.014848 -0.138910 -0.054830
v -0.014848 -0.069984 -0.038771
v -0.014848 -0.090662 -0.027139
v -0.014848 -0.090662 0.027140
v -0.014848 -0.078502 0.000001
v -0.014848 -0.069984 0.038772
v -0.014848 -0.069984 -0.038771
v -0.014848 -0.078502 0.000001
v -0.014848 -0.090662 -0.027139
v -0.014848 -0.078502 0.000001
v -0.014848 -0.052613 0.000001
v -0.014848 -0.069984 0.038772
v -0.014848 -0.069984 -0.038771
v -0.014848 -0.052613 0.000001
v -0.014848 -0.078502 0.000001
v 0.014848 -0.090662 -0.027139
v -0.014848 -0.090662 -0.027139
v -0.014848 -0.078502 0.000001
v 0.014848 -0.078502 0.000001
v 0.014848 -0.138910 -0.038381
v -0.014848 -0.138910 -0.038381
v -0.014848 -0.090662 -0.027139
v 0.014848 -0.090662 -0.027139
v 0.014848 -0.187159 -0.027139
v -0.014848 -0.187159 -0.027139
v -0.014848 -0.138910 -0.038381
v 0.014848 -0.138910 -0.038381
v 0.014848 -0.199319 0.000001
v -0.014848 -0.199319 0.000001
v -0.014848 -0.187159 -0.027139
v 0.014848 -0.187159 -0.027139
v 0.014848 -0.187159 0.027140
v -0.014848 -0.187159 0.027140
v -0.014848 -0.199319 0.000001
v 0.014848 -0.199319 0.000001
v 0.014848 -0.138910 0.038382
v -0.014848 -0.138910 0.038382
v -0.014848 -0.187159 0.027140
v 0.014848 -0.187159 0.027140
v 0.014848 -0.090662 0.027140
v -0.014848 -0.090662 0.027140
v -0.014848 -0.138910 0.038382
v 0.014848 -0.138910 0.038382
v 0.014848 -0.078502 0.000001
v -0.014848 -0.078502 0.000001
v -0.014848 -0.090662 0.027140
v 0.014848 -0.090662 0.027140
v 0.014848 -0.069984 -0.038771
v -0.014848 -0.069984 -0.038771
v -0.014848 -0.052613 0.000001
v 0.014848 -0.052613 0.000001
v 0.014848 -0.138910 -0.054830
v -0.014848 -0.138910 -0.054830
v -0.014848 -0.069984 -0.038771
v 0.014848 -0.069984 -0.038771
v 0.014848 -0.207837 -0.038771
v -0.014848 -0.207837 -0.038771
v -0.014848 -0.138910 -0.054830
v 0.014848 -0.138910 -0.054830
v 0.014848 -0.225208 0.000001
v -0.014848 -0.225208 0.000001
v -0.014848 -0.207837 -0.038771
v 0.014848 -0.207837 -0.038771
v 0.014848 -0.207837 0.038772
v -0.014848 -0.207837 0.038772
v -0.014848 -0.225208 0.000001
v 0.014848 -0.225208 0.000001
v 0.014848 -0.138910 0.054831
v -0.014848 -0.138910 0.054831
v -0.014848 -0.207837 0.038772
v 0.014848 -0.207837 0.038772
v 0.014848 -0.069984 0.038772
v -0.014848 -0.069984 0.038772
v -0.014848 -0.138910 0.054831
v 0.014848 -0.138910 0.054831
v 0.014848 -0.052613 0.000001
v -0.014848 -0.052613 0.000001
v -0.014848 -0.069984 0.038772
v 0.014848 -0.069984 0.038772
v 0.027140 -0.297159 -0.014847
v 0.038382 -0.248910 -0.014847
v 0.054831 -0.248910 -0.014847
v 0.000000 -0.335208 -0.014847
v 0.000000 -0.309319 -0.014847
v 0.027140 -0.297159 -0.014847
v 0.038771 -0.317837 -0.014847
v 0.000000 -0.335208 -0.014847
v 0.027140 -0.297159 -0.014847
v 0.000000 -0.309319 -0.014847
v 0.000000 -0.335208 -0.014847
v -0.027140 -0.297159 -0.014847
v -0.027140 -0.297159 -0.014847
v -0.038771 -0.317837 -0.014847
v -0.054831 -0.248910 -0.014847
v 0.038771 -0.317837 -0.014847
v 0.027140 -0.297159 -0.014847
v 0.054831 -0.248910 -0.014847
v 0.000000 -0.335208 -0.014847
v -0.038771 -0.317837 -0.014847
v -0.027140 -0.297159 -0.014847
v -0.038381 -0.248910 -0.014847
v -0.027140 -0.297159 -0.014847
v -0.054831 -0.248910 -0.014847
v 0.038382 -0.248910 -0.014847
v 0.027140 -0.200662 -0.014847
v 0.054831 -0.248910 -0.014847
v -0.054831 -0.248910 -0.014847
v -0.027140 -0.200662 -0.014847
v -0.038381 -0.248910 -0.014847
v 0.027140 -0.200662 -0.014847
v 0.038771 -0.179984 -0.014847
v 0.054831 -0.248910 -0.014847
v -0.054831 -0.248910 -0.014847
v -0.038771 -0.179984 -0.014847
v -0.027140 -0.200662 -0.014847
v 0.027140 -0.200662 -0.014847
v 0.000000 -0.188502 -0.014847
v 0.038771 -0.179984 -0.014847
v -0.038771 -0.179984 -0.014847
v 0.000000 -0.188502 -0.014847
v -0.027140 -0.200662 -0.014847
v 0.000000 -0.188502 -0.014847
v 0.000000 -0.162613 -0.014847
v 0.038771 -0.179984 -0.014847
v 0.027140 -0.297159 0.014849
v 0.038382 -0.248910 0.014849
v 0.054831 -0.248910 0.014849
v -0.038771 -0.179984 -0.014847
v 0.000000 -0.162613 -0.014847
v 0.000000 -0.188502 -0.014847
v 0.000000 -0.335208 0.014849
v 0.000000 -0.309319 0.014849
v 0.027140 -0.297159 0.014849
v 0.038771 -0.317837 0.014849
v 0.000000 -0.335208 0.014849
v 0.027140 -0.297159 0.014849
v 0.000000 -0.309319 0.014849
v 0.000000 -0.335208 0.014849
v -0.027140 -0.297159 0.014849
v -0.027140 -0.297159 0.014849
v -0.038771 -0.317837 0.014849
v -0.054831 -0.248910 0.014849
v 0.038771 -0.317837 0.014849
v 0.027140 -0.297159 0.014849
v 0.054831 -0.248910 0.014849
v 0.000000 -0.335208 0.014849
v -0.038771 -0.317837 0.014849
v -0.027140 -0.297159 0.014849
v -0.038381 -0.248910 0.014849
v -0.027140 -0.297159 0.014849
v -0.054831 -0.248910 0.014849
v 0.038382 -0.248910 0.014849
v 0.027140 -0.200662 0.014849
v 0.054831 -0.248910 0.014849
v -0.054831 -0.248910 0.014849
v -0.027140 -0.200662 0.014849
v -0.038381 -0.248910 0.014849
v 0.027140 -0.200662 0.014849
v 0.038771 -0.179984 0.014849
v 0.054831 -0.248910 0.014849
v -0.054831 -0.248910 0.014849
v -0.038771 -0.179984 0.014849
v -0.027140 -0.200662 0.014849
v 0.027140 -0.200662 0.014849
v 0.000000 -0.188502 0.014849
v 0.038771 -0.179984 0.014849
v -0.038771 -0.179984 0.014849
v 0.000000 -0.188502 0.014849
v -0.027140 -0.200662 0.014849
v 0.000000 -0.188502 0.014849
v 0.000000 -0.162613 0.014849
v 0.038771 -0.179984 0.014849
v -0.038771 -0.179984 0.014849
v 0.000000 -0.162613 0.014849
v 0.000000 -0.188502 0.014849
v -0.027140 -0.200662 -0.014847
v -0.027140 -0.200662 0.014849
v 0.000000 -0.188502 0.014849
v 0.000000 -0.188502 -0.014847
v -0.038381 -0.248910 -0.014847
v -0.038381 -0.248910 0.014849
v -0.027140 -0.200662 0.014849
v -0.027140 -0.200662 -0.014847
v -0.027140 -0.297159 -0.014847
v -0.027140 -0.297159 0.014849
v -0.038381 -0.248910 0.014849
v -0.038381 -0.248910 -0.014847
v 0.000000 -0.309319 -0.014847
v 0.000000 -0.309319 0.014849
v -0.027140 -0.297159 0.014849
v -0.027140 -0.297159 -0.014847
v 0.027140 -0.297159 -0.014847
v 0.027140 -0.297159 0.014849
v 0.000000 -0.309319 0.014849
v 0.000000 -0.309319 -0.014847
v 0.038382 -0.248910 -0.014847
v 0.038382 -0.248910 0.014849
v 0.027140 -0.297159 0.014849
v 0.027140 -0.297159 -0.014847
v 0.027140 -0.200662 -0.014847
v 0.027140 -0.200662 0.014849
v 0.038382 -0.248910 0.014849
v 0.038382 -0.248910 -0.014847
v 0.000000 -0.188502 -0.014847
v 0.000000 -0.188502 0.014849
v 0.027140 -0.200662 0.014849
v 0.027140 -0.200662 -0.014847
v -0.038771 -0.179984 -0.014847
v -0.038771 -0.179984 0.014849
v 0.000000 -0.162613 0.014849
v 0.000000 -0.162613 -0.014847
v -0.054831 -0.248910 -0.014847
v -0.054831 -0.248910 0.014849
v -0.038771 -0.179984 0.014849
v -0.038771 -0.179984 -0.014847
v -0.038771 -0.317837 -0.014847
v -0.038771 -0.317837 0.014849
v -0.054831 -0.248910 0.014849
v -0.054831 -0.248910 -0.014847
v 0.000000 -0.335208 -0.014847
v 0.000000 -0.335208 0.014849
v -0.038771 -0.317837 0.014849
v -0.038771 -0.317837 -0.014847
v 0.038771 -0.317837 -0.014847
v 0.038771 -0.317837 0.014849
v 0.000000 -0.335208 0.014849
v 0.000000 -0.335208 -0.014847
v 0.054831 -0.248910 -0.014847
v 0.054831 -0.248910 0.014849
v 0.038771 -0.317837 0.014849
v 0.038771 -0.317837 -0.014847
v 0.038771 -0.179984 -0.014847
v 0.038771 -0.179984 0.014849
v 0.054831 -0.248910 0.014849
v 0.054831 -0.248910 -0.014847
v 0.000000 -0.162613 -0.014847
v 0.000000 -0.162613 0.014849
v 0.038771 -0.179984 0.014849
v 0.038771 -0.179984 -0.014847
v -0.014848 -0.407159 -0.027139
v -0.014848 -0.358910 -0.038381
v -0.014848 -0.358910 -0.054830
v -0.014848 -0.445208 0.000001
v -0.014848 -0.419319 0.000001
v -0.014848 -0.407159 -0.027139
v -0.014848 -0.427837 -0.038771
v -0.014848 -0.445208 0.000001
v -0.014848 -0.407159 -0.027139
v -0.014848 -0.419319 0.000001
v -0.014848 -0.445208 0.000001
v -0.014848 -0.407159 0.027140
v -0.014848 -0.407159 0.027140
v -0.014848 -0.427837 0.038772
v -0.014848 -0.358910 0.054831
v -0.014848 -0.427837 -0.038771
v -0.014848 -0.407159 -0.027139
v -0.014848 -0.358910 -0.054830
v -0.014848 -0.445208 0.000001
v -0.014848 -0.427837 0.038772
v -0.014848 -0.407159 0.027140
v -0.014848 -0.358910 0.038382
v -0.014848 -0.407159 0.027140
v -0.014848 -0.358910 0.054831
v -0.014848 -0.358910 -0.038381
v -0.014848 -0.310662 -0.027139
v -0.014848 -0.358910 -0.054830
v -0.014848 -0.358910 0.054831
v -0.014848 -0.310662 0.027140
v -0.014848 -0.358910 0.038382
v -0.014848 -0.310662 -0.027139
v -0.014848 -0.289984 -0.038771
v -0.014848 -0.358910 -0.054830
v -0.014848 -0.358910 0.054831
v -0.014848 -0.289984 0.038772
v -0.014848 -0.310662 0.027140
v -0.014848 -0.310662 -0.027139
v -0.014848 -0.298502 0.000001
v -0.014848 -0.289984 -0.038771
v -0.014848 -0.289984 0.038772
v -0.014848 -0.298502 0.000001
v -0.014848 -0.310662 0.027140
v -0.014848 -0.298502 0.000001
v -0.014848 -0.272613 0.000001
v -0.014848 -0.289984 -0.038771
v 0.014848 -0.407159 -0.027139
v 0.014848 -0.358910 -0.038381
v 0.014848 -0.358910 -0.054830
v -0.014848 -0.289984 0.038772
v -0.014848 -0.272613 0.000001
v -0.014848 -0.298502 0.000001
v 0.014848 -0.445208 0.000001
v 0.014848 -0.419319 0.000001
v 0.014848 -0.407159 -0.027139
v 0.014848 -0.427837 -0.038771
v 0.014848 -0.445208 0.000001
v 0.014848 -0.407159 -0.027139
v 0.014848 -0.419319 0.000001
v 0.014848 -0.445208 0.000001
v 0.014848 -0.407159 0.027140
v 0.014848 -0.407159 0.027140
v 0.014848 -0.427837 0.038772
v 0.014848 -0.358910 0.054831
v 0.014848 -0.427837 -0.038771
v 0.014848 -0.407159 -0.027139
v 0.014848 -0.358910 -0.054830
v 0.014848 -0.445208 0.000001
v 0.014848 -0.427837 0.038772
v 0.014848 -0.407159 0.027140
v 0.014848 -0.358910 0.038382
v 0.014848 -0.407159 0.027140
v 0.014848 -0.358910 0.054831
v 0.014848 -0.358910 -0.038381
v 0.014848 -0.310662 -0.027139
v 0.014848 -0.358910 -0.054830
v 0.014848 -0.358910 0.054831
v 0.014848 -0.310662 0.027140
v 0.014848 -0.358910 0.038382
v 0.014848 -0.310662 -0.027139
v 0.014848 -0.289984 -0.038771
v 0.014848 -0.358910 -0.054830
v 0.014848 -0.358910 0.054831
v 0.014848 -0.289984 0.038772
v 0.014848 -0.310662 0.027140
v 0.014848 -0.310662 -0.027139
v 0.014848 -0.298502 0.000001
v 0.014848 -0.289984 -0.038771
v 0.014848 -0.289984 0.038772
v 0.014848 -0.298502 0.000001
v 0.014848 -0.310662 0.027140
v 0.014848 -0.298502 0.000001
v 0.014848 -0.272613 0.000001
v 0.014848 -0.289984 -0.038771
v 0.014848 -0.289984 0.038772
v 0.014848 -0.272613 0.000001
v 0.014848 -0.298502 0.000001
v -0.014848 -0.310662 0.027140
v 0.014848 -0.310662 0.027140
v 0.014848 -0.298502 0.000001
v -0.014848 -0.298502 0.000001
v -0.014848 -0.358910 0.038382
v 0.014848 -0.358910 0.038382
v 0.014848 -0.310662 0.027140
v -0.014848 -0.310662 0.027140
v -0.014848 -0.407159 0.027140
v 0.014848 -0.407159 0.027140
v 0.014848 -0.358910 0.038382
v -0.014848 -0.358910 0.038382
v -0.014848 -0.419319 0.000001
v 0.014848 -0.419319 0.000001
v 0.014848 -0.407159 0.027140
v -0.014848 -0.407159 0.027140
v -0.014848 -0.407159 -0.027139
v 0.014848 -0.407159 -0.027139
v 0.014848 -0.419319 0.000001
v -0.014848 -0.419319 0.000001
v -0.014848 -0.358910 -0.038381
v 0.014848 -0.358910 -0.038381
v 0.014848 -0.407159 -0.027139
v -0.014848 -0.407159 -0.027139
v -0.014848 -0.310662 -0.027139
v 0.014848 -0.310662 -0.027139
v 0.014848 -0.358910 -0.038381
v -0.014848 -0.358910 -0.038381
v -0.014848 -0.298502 0.000001
v 0.014848 -0.298502 0.000001
v 0.014848 -0.310662 -0.027139
v -0.014848 -0.310662 -0.027139
v -0.014848 -0.289984 0.038772
v 0.014848 -0.289984 0.038772
v 0.014848 -0.272613 0.000001
v -0.014848 -0.272613 0.000001
v -0.014848 -0.358910 0.054831
v 0.014848 -0.358910 0.054831
v 0.014848 -0.289984 0.038772
v -0.014848 -0.289984 0.038772
v -0.014848 -0.427837 0.038772
v 0.014848 -0.427837 0.038772
v 0.014848 -0.358910 0.054831
v -0.014848 -0.358910 0.054831
v -0.014848 -0.445208 0.000001
v 0.014848 -0.445208 0.000001
v 0.014848 -0.427837 0.038772
v -0.014848 -0.427837 0.038772
v -0.014848 -0.427837 -0.038771
v 0.014848 -0.427837 -0.038771
v 0.014848 -0.445208 0.000001
v -0.014848 -0.445208 0.000001
v -0.014848 -0.358910 -0.054830
v 0.014848 -0.358910 -0.054830
v 0.014848 -0.427837 -0.038771
v -0.014848 -0.427837 -0.038771
v -0.014848 -0.289984 -0.038771
v 0.014848 -0.289984 -0.038771
v 0.014848 -0.358910 -0.054830
v -0.014848 -0.358910 -0.054830
v -0.014848 -0.272613 0.000001
v 0.014848 -0.272613 0.000001
v 0.014848 -0.289984 -0.038771
v -0.014848 -0.289984 -0.038771
v -0.014848 1.333163 0.038772
v -0.014848 1.315792 0.000001
v -0.014848 1.353841 0.027140
v -0.014848 1.315792 0.000001
v -0.014848 1.341681 0.000001
v -0.014848 1.353841 0.027140
v 0.014848 1.471016 -0.038771
v 0.014848 1.488387 0.000001
v 0.014848 1.462498 0.000001
v -0.014848 1.353841 0.027140
v -0.014848 1.402090 0.038382
v -0.014848 1.402090 0.054831
v 0.014848 1.462498 0.000001
v 0.014848 1.488387 0.000001
v 0.014848 1.471016 0.038772
v 0.014848 1.471016 -0.038771
v 0.014848 1.462498 0.000001
v 0.014848 1.450338 -0.027139
v 0.014848 1.450338 0.027140
v 0.014848 1.462498 0.000001
v 0.014848 1.471016 0.038772
v 0.014848 1.402090 -0.054830
v 0.014848 1.471016 -0.038771
v 0.014848 1.450338 -0.027139
v 0.014848 1.450338 0.027140
v 0.014848 1.471016 0.038772
v 0.014848 1.402090 0.054831
v 0.014848 1.402090 -0.054830
v 0.014848 1.450338 -0.027139
v 0.014848 1.402090 -0.038381
v 0.014848 1.402090 0.038382
v 0.014848 1.450338 0.027140
v 0.014848 1.402090 0.054831
v 0.014848 1.402090 -0.038381
v 0.014848 1.353841 -0.027139
v 0.014848 1.402090 -0.054830
v 0.014848 1.315792 0.000001
v 0.014848 1.333163 -0.038771
v 0.014848 1.353841 -0.027139
v 0.014848 1.333163 0.038772
v 0.014848 1.353841 0.027140
v 0.014848 1.402090 0.054831
v 0.014848 1.353841 -0.027139
v 0.014848 1.333163 -0.038771
v 0.014848 1.402090 -0.054830
v 0.014848 1.341681 0.000001
v 0.014848 1.315792 0.000001
v 0.014848 1.353841 -0.027139
v 0.014848 1.333163 0.038772
v 0.014848 1.315792 0.000001
v 0.014848 1.353841 0.027140
v 0.014848 1.315792 0.000001
v 0.014848 1.341681 0.000001
v 0.014848 1.353841 0.027140
v 0.014848 1.353841 0.027140
v 0.014848 1.402090 0.038382
v 0.014848 1.402090 0.054831
v 0.000000 1.451681 0.014849
v 0.000000 1.425792 0.014849
v -0.027140 1.463841 0.014849
v -0.027140 1.463841 0.014849
v -0.038771 1.443163 0.014849
v -0.054831 1.512090 0.014849
v 0.038771 1.443163 0.014849
v 0.027140 1.463841 0.014849
v 0.054831 1.512090 0.014849
v 0.000000 1.425792 0.014849
v -0.038771 1.443163 0.014849
v -0.027140 1.463841 0.014849
v -0.038381 1.512090 0.014849
v -0.027140 1.463841 0.014849
v -0.054831 1.512090 0.014849
v 0.038382 1.512090 0.014849
v 0.027140 1.560338 0.014849
v 0.054831 1.512090 0.014849
v -0.054831 1.512090 0.014849
v -0.027140 1.560338 0.014849
v -0.038381 1.512090 0.014849
v 0.027140 1.560338 0.014849
v 0.038771 1.581016 0.014849
v 0.054831 1.512090 0.014849
v -0.054831 1.512090 0.014849
v -0.038771 1.581016 0.014849
v -0.027140 1.560338 0.014849
v 0.027140 1.560338 0.014849
v 0.000000 1.572498 0.014849
v 0.038771 1.581016 0.014849
v -0.038771 1.581016 0.014849
v 0.000000 1.572498 0.014849
v -0.027140 1.560338 0.014849
v 0.000000 1.572498 0.014849
v 0.000000 1.598387 0.014849
v 0.038771 1.581016 0.014849
v -0.038771 1.581016 0.014849
v 0.000000 1.598387 0.014849
v 0.000000 1.572498 0.014849
v -0.027140 1.560338 -0.014847
v -0.027140 1.560338 0.014849
v 0.000000 1.572498 0.014849
v 0.000000 1.572498 -0.014847
v -0.038381 1.512090 -0.014847
v -0.038381 1.512090 0.014849
v -0.027140 1.560338 0.014849
v -0.027140 1.560338 -0.014847
v -0.027140 1.463841 -0.014847
v -0.027140 1.463841 0.014849
v -0.038381 1.512090 0.014849
v -0.038381 1.512090 -0.014847
v 0.000000 1.451681 -0.014847
v 0.000000 1.451681 0.014849
v -0.027140 1.463841 0.014849
v -0.027140 1.463841 -0.014847
v 0.027140 1.463841 -0.014847
v 0.027140 1.463841 0.014849
v 0.000000 1.451681 0.014849
v 0.000000 1.451681 -0.014847
v 0.038382 1.512090 -0.014847
v 0.038382 1.512090 0.014849
v 0.027140 1.463841 0.014849
v 0.027140 1.463841 -0.014847
v 0.027140 1.560338 -0.014847
v 0.027140 1.560338 0.014849
v 0.038382 1.512090 0.014849
v 0.038382 1.512090 -0.014847
v 0.000000 1.572498 -0.014847
v 0.000000 1.572498 0.014849
v 0.027140 1.560338 0.014849
v 0.027140 1.560338 -0.014847
v -0.038771 1.581016 -0.014847
v -0.038771 1.581016 0.014849
v 0.000000 1.598387 0.014849
v 0.000000 1.598387 -0.014847
v -0.054831 1.512090 -0.014847
v -0.054831 1.512090 0.014849
v -0.038771 1.581016 0.014849
v -0.038771 1.581016 -0.014847
v -0.038771 1.443163 -0.014847
v -0.038771 1.443163 0.014849
v -0.054831 1.512090 0.014849
v -0.054831 1.512090 -0.014847
v 0.000000 1.425792 -0.014847
v 0.000000 1.425792 0.014849
v -0.038771 1.443163 0.014849
v -0.038771 1.443163 -0.014847
v 0.054831 1.512090 -0.014847
v 0.054831 1.512090 0.014849
v 0.038771 1.443163 0.014849
v 0.038771 1.443163 -0.014847
v 0.038771 1.581016 -0.014847
v 0.038771 1.581016 0.014849
v 0.054831 1.512090 0.014849
v 0.054831 1.512090 -0.014847
v 0.000000 1.598387 -0.014847
v 0.000000 1.598387 0.014849
v 0.038771 1.581016 0.014849
v 0.038771 1.581016 -0.014847
v 0.038771 1.443163 0.014849
v 0.000000 1.425792 0.014849
v 0.027140 1.463841 0.014849
v 0.000000 1.425792 0.014849
v 0.000000 1.451681 0.014849
v 0.027140 1.463841 0.014849
v -0.038771 1.581016 -0.014847
v 0.000000 1.598387 -0.014847
v 0.000000 1.572498 -0.014847
v 0.027140 1.463841 0.014849
v 0.038382 1.512090 0.014849
v 0.054831 1.512090 0.014849
v 0.000000 1.572498 -0.014847
v 0.000000 1.598387 -0.014847
v 0.038771 1.581016 -0.014847
v -0.038771 1.581016 -0.014847
v 0.000000 1.572498 -0.014847
v -0.027140 1.560338 -0.014847
v 0.027140 1.560338 -0.014847
v 0.000000 1.572498 -0.014847
v 0.038771 1.581016 -0.014847
v -0.054831 1.512090 -0.014847
v -0.038771 1.581016 -0.014847
v -0.027140 1.560338 -0.014847
v 0.027140 1.560338 -0.014847
v 0.038771 1.581016 -0.014847
v 0.054831 1.512090 -0.014847
v -0.054831 1.512090 -0.014847
v -0.027140 1.560338 -0.014847
v -0.038381 1.512090 -0.014847
v 0.038382 1.512090 -0.014847
v 0.027140 1.560338 -0.014847
v 0.054831 1.512090 -0.014847
v -0.038381 1.512090 -0.014847
v -0.027140 1.463841 -0.014847
v -0.054831 1.512090 -0.014847
v 0.000000 1.425792 -0.014847
v -0.038771 1.443163 -0.014847
v -0.027140 1.463841 -0.014847
v 0.038771 1.443163 -0.014847
v 0.027140 1.463841 -0.014847
v 0.054831 1.512090 -0.014847
v -0.027140 1.463841 -0.014847
v -0.038771 1.443163 -0.014847
v -0.054831 1.512090 -0.014847
v 0.000000 1.451681 -0.014847
v 0.000000 1.425792 -0.014847
v -0.027140 1.463841 -0.014847
v 0.038771 1.443163 -0.014847
v 0.000000 1.425792 -0.014847
v 0.027140 1.463841 -0.014847
v 0.000000 1.425792 -0.014847
v 0.000000 1.451681 -0.014847
v 0.027140 1.463841 -0.014847
v 0.027140 1.463841 -0.014847
v 0.038382 1.512090 -0.014847
v 0.054831 1.512090 -0.014847

vt 0.999656 0.060093
vt 0.957892 0.000344
vt 0.999656 0.000344
vt 0.957892 0.060093
vt 0.957892 0.000344
vt 0.999656 0.060093
vt 0.999656 0.159626
vt 0.957892 0.060093
vt 0.999656 0.060093
vt 0.957892 0.159626
vt 0.957892 0.060093
vt 0.999656 0.159626
vt 0.999656 0.259158
vt 0.957892 0.159626
vt 0.999656 0.159626
vt 0.957892 0.259158
vt 0.957892 0.159626
vt 0.999656 0.259158
vt 0.999656 0.318907
vt 0.957892 0.259158
vt 0.999656 0.259158
vt 0.957892 0.318907
vt 0.957892 0.259158
vt 0.999656 0.318907
vt 0.999656 0.378656
vt 0.957892 0.318907
vt 0.999656 0.318907
vt 0.957892 0.378656
vt 0.957892 0.318907
vt 0.999656 0.378656
vt 0.999656 0.478189
vt 0.957892 0.378656
vt 0.999656 0.378656
vt 0.957892 0.478189
vt 0.957892 0.378656
vt 0.999656 0.478189
vt 0.999656 0.577721
vt 0.957892 0.478189
vt 0.999656 0.478189
vt 0.957892 0.577721
vt 0.957892 0.478189
vt 0.999656 0.577721
vt 0.999656 0.637470
vt 0.957892 0.577721
vt 0.999656 0.577721
vt 0.957892 0.637470
vt 0.957892 0.577721
vt 0.999656 0.637470
vt 0.096728 0.306014
vt 0.167191 0.376580
vt 0.096728 0.376580
vt 0.167191 0.306014
vt 0.167191 0.376580
vt 0.096728 0.306014
vt 0.096728 0.188462
vt 0.167191 0.306014
vt 0.096728 0.306014
vt 0.167191 0.188462
vt 0.167191 0.306014
vt 0.096728 0.188462
vt 0.096728 0.070910
vt 0.167191 0.188462
vt 0.096728 0.188462
vt 0.167191 0.070910
vt 0.167191 0.188462
vt 0.096728 0.070910
vt 0.096728 0.000344
vt 0.167191 0.070910
vt 0.096728 0.070910
vt 0.167191 0.000344
vt 0.167191 0.070910
vt 0.096728 0.000344
vt 0.096728 0.682250
vt 0.167191 0.752817
vt 0.096728 0.752817
vt 0.167191 0.682250
vt 0.167191 0.752817
vt 0.096728 0.682250
vt 0.096728 0.564698
vt 0.167191 0.682250
vt 0.096728 0.682250
vt 0.167191 0.564698
vt 0.167191 0.682250
vt 0.096728 0.564698
vt 0.096728 0.447147
vt 0.167191 0.564698
vt 0.096728 0.564698
vt 0.167191 0.447147
vt 0.167191 0.564698
vt 0.096728 0.447147
vt 0.096728 0.376580
vt 0.167191 0.447147
vt 0.096728 0.447147
vt 0.167191 0.376580
vt 0.167191 0.447147
vt 0.096728 0.376580
vt 0.096728 0.376580
vt 0.081480 0.439738
vt 0.066059 0.421483
vt 0.044443 0.414725
vt 0.096728 0.376580
vt 0.066059 0.421483
vt 0.096728 0.447147
vt 0.081480 0.439738
vt 0.096728 0.376580
vt 0.044443 0.414725
vt 0.032513 0.403703
vt 0.096728 0.376580
vt 0.096728 0.447147
vt 0.063527 0.475256
vt 0.081480 0.439738
vt 0.018114 0.442812
vt 0.032513 0.403703
vt 0.044443 0.414725
vt 0.071868 0.484360
vt 0.063527 0.475256
vt 0.096728 0.447147
vt 0.018114 0.442812
vt 0.007209 0.438236
vt 0.032513 0.403703
vt 0.063527 0.475256
vt 0.071868 0.484360
vt 0.032722 0.505766
vt 0.032722 0.505766
vt 0.019593 0.488688
vt 0.026995 0.490010
vt 0.018114 0.442812
vt 0.016519 0.481439
vt 0.000344 0.480408
vt 0.063527 0.475256
vt 0.032722 0.505766
vt 0.026995 0.490010
vt 0.032722 0.505766
vt 0.013368 0.496703
vt 0.019593 0.488688
vt 0.000344 0.480408
vt 0.016519 0.481439
vt 0.019593 0.488688
vt 0.000344 0.480408
vt 0.019593 0.488688
vt 0.013368 0.496703
vt 0.391238 0.035804
vt 0.335415 0.036510
vt 0.382976 0.000344
vt 0.018114 0.442812
vt 0.000344 0.480408
vt 0.007209 0.438236
vt 0.441623 0.011764
vt 0.391238 0.035804
vt 0.382976 0.000344
vt 0.357945 0.061120
vt 0.335415 0.036510
vt 0.391238 0.035804
vt 0.441623 0.011764
vt 0.432291 0.043798
vt 0.391238 0.035804
vt 0.357945 0.061120
vt 0.335415 0.136042
vt 0.335415 0.036510
vt 0.485616 0.101046
vt 0.432291 0.043798
vt 0.441623 0.011764
vt 0.357945 0.130793
vt 0.335415 0.136042
vt 0.357945 0.061120
vt 0.485616 0.101046
vt 0.463086 0.106296
vt 0.432291 0.043798
vt 0.335415 0.136042
vt 0.357945 0.130793
vt 0.388740 0.193290
vt 0.388740 0.193290
vt 0.438056 0.236744
vt 0.379408 0.225325
vt 0.485616 0.101046
vt 0.485616 0.200579
vt 0.463086 0.175968
vt 0.335415 0.136042
vt 0.388740 0.193290
vt 0.379408 0.225325
vt 0.388740 0.193290
vt 0.429794 0.201284
vt 0.438056 0.236744
vt 0.463086 0.175968
vt 0.485616 0.200579
vt 0.438056 0.236744
vt 0.463086 0.175968
vt 0.438056 0.236744
vt 0.429794 0.201284
vt 0.485616 0.101046
vt 0.463086 0.175968
vt 0.463086 0.106296
vt 0.788083 0.259158
vt 0.829846 0.318907
vt 0.788083 0.318907
vt 0.829846 0.259158
vt 0.829846 0.318907
vt 0.788083 0.259158
vt 0.788083 0.159626
vt 0.829846 0.259158
vt 0.788083 0.259158
vt 0.829847 0.159626
vt 0.829846 0.259158
vt 0.788083 0.159626
vt 0.788083 0.060093
vt 0.829847 0.159626
vt 0.788083 0.159626
vt 0.829847 0.060093
vt 0.829847 0.159626
vt 0.788083 0.060093
vt 0.788084 0.000344
vt 0.829847 0.060093
vt 0.788083 0.060093
vt 0.829847 0.000344
vt 0.829847 0.060093
vt 0.788084 0.000344
vt 0.788083 0.577721
vt 0.829847 0.637470
vt 0.788083 0.637470
vt 0.829847 0.577721
vt 0.829847 0.637470
vt 0.788083 0.577721
vt 0.788083 0.478188
vt 0.829847 0.577721
vt 0.788083 0.577721
vt 0.829847 0.478188
vt 0.829847 0.577721
vt 0.788083 0.478188
vt 0.788083 0.378656
vt 0.829847 0.478188
vt 0.788083 0.478188
vt 0.829846 0.378656
vt 0.829847 0.478188
vt 0.788083 0.378656
vt 0.788083 0.318907
vt 0.829846 0.378656
vt 0.788083 0.378656
vt 0.829846 0.318907
vt 0.829846 0.378656
vt 0.788083 0.318907
vt 0.721410 0.739339
vt 0.679646 0.697514
vt 0.721410 0.697514
vt 0.679646 0.739339
vt 0.679646 0.697514
vt 0.721410 0.739339
vt 0.721410 0.809011
vt 0.679646 0.739339
vt 0.721410 0.739339
vt 0.679646 0.809011
vt 0.679646 0.739339
vt 0.721410 0.809011
vt 0.721410 0.878684
vt 0.679646 0.809011
vt 0.721410 0.809011
vt 0.679646 0.878684
vt 0.679646 0.809011
vt 0.721410 0.878684
vt 0.721410 0.920508
vt 0.679646 0.878684
vt 0.721410 0.878684
vt 0.679646 0.920508
vt 0.679646 0.878684
vt 0.721410 0.920508
vt 0.721410 0.516345
vt 0.679646 0.474521
vt 0.721410 0.474520
vt 0.679646 0.516345
vt 0.679646 0.474521
vt 0.721410 0.516345
vt 0.721410 0.586017
vt 0.679646 0.516345
vt 0.721410 0.516345
vt 0.679646 0.586018
vt 0.679646 0.516345
vt 0.721410 0.586017
vt 0.721410 0.655690
vt 0.679646 0.586018
vt 0.721410 0.586017
vt 0.679646 0.655690
vt 0.679646 0.586018
vt 0.721410 0.655690
vt 0.721410 0.697514
vt 0.679646 0.655690
vt 0.721410 0.655690
vt 0.679646 0.697514
vt 0.679646 0.655690
vt 0.721410 0.697514
vt 0.731572 0.201284
vt 0.787395 0.200578
vt 0.739834 0.236744
vt 0.681186 0.225324
vt 0.731572 0.201284
vt 0.739834 0.236744
vt 0.764864 0.175968
vt 0.787395 0.200578
vt 0.731572 0.201284
vt 0.681186 0.225324
vt 0.690519 0.193290
vt 0.731572 0.201284
vt 0.764864 0.175968
vt 0.787395 0.101046
vt 0.787395 0.200578
vt 0.637194 0.136042
vt 0.690519 0.193290
vt 0.681186 0.225324
vt 0.764864 0.106296
vt 0.787395 0.101046
vt 0.764864 0.175968
vt 0.637194 0.136042
vt 0.659724 0.130793
vt 0.690519 0.193290
vt 0.787395 0.101046
vt 0.764864 0.106296
vt 0.734070 0.043798
vt 0.734070 0.043798
vt 0.684754 0.000344
vt 0.743402 0.011764
vt 0.637194 0.136042
vt 0.637194 0.036510
vt 0.659724 0.061120
vt 0.787395 0.101046
vt 0.734070 0.043798
vt 0.743402 0.011764
vt 0.734070 0.043798
vt 0.693016 0.035804
vt 0.684754 0.000344
vt 0.659724 0.061120
vt 0.637194 0.036510
vt 0.684754 0.000344
vt 0.659724 0.061120
vt 0.684754 0.000344
vt 0.693016 0.035804
vt 0.542127 0.438372
vt 0.592513 0.462413
vt 0.533865 0.473832
vt 0.637194 0.136042
vt 0.659724 0.061120
vt 0.659724 0.130793
vt 0.486305 0.437667
vt 0.542127 0.438372
vt 0.533865 0.473832
vt 0.583180 0.430379
vt 0.592513 0.462413
vt 0.542127 0.438372
vt 0.486305 0.437667
vt 0.508835 0.413056
vt 0.542127 0.438372
vt 0.583180 0.430379
vt 0.636505 0.373130
vt 0.592513 0.462413
vt 0.486305 0.338134
vt 0.508835 0.413056
vt 0.486305 0.437667
vt 0.613975 0.367881
vt 0.636505 0.373130
vt 0.583180 0.430379
vt 0.486305 0.338134
vt 0.508835 0.343384
vt 0.508835 0.413056
vt 0.636505 0.373130
vt 0.613975 0.367881
vt 0.613975 0.298208
vt 0.613975 0.298208
vt 0.588945 0.237432
vt 0.636505 0.273598
vt 0.486305 0.338134
vt 0.530297 0.248852
vt 0.539630 0.280886
vt 0.636505 0.373130
vt 0.613975 0.298208
vt 0.636505 0.273598
vt 0.613975 0.298208
vt 0.580683 0.272892
vt 0.588945 0.237432
vt 0.539630 0.280886
vt 0.530297 0.248852
vt 0.588945 0.237432
vt 0.539630 0.280886
vt 0.588945 0.237432
vt 0.580683 0.272892
vt 0.486305 0.338134
vt 0.539630 0.280886
vt 0.508835 0.343384
vt 0.872988 0.259158
vt 0.914751 0.318907
vt 0.872988 0.318907
vt 0.914751 0.259158
vt 0.914751 0.318907
vt 0.872988 0.259158
vt 0.872988 0.159626
vt 0.914751 0.259158
vt 0.872988 0.259158
vt 0.914751 0.159626
vt 0.914751 0.259158
vt 0.872988 0.159626
vt 0.872988 0.060093
vt 0.914751 0.159626
vt 0.872988 0.159626
vt 0.914752 0.060093
vt 0.914751 0.159626
vt 0.872988 0.060093
vt 0.872988 0.000344
vt 0.914752 0.060093
vt 0.872988 0.060093
vt 0.914752 0.000344
vt 0.914752 0.060093
vt 0.872988 0.000344
vt 0.872988 0.577721
vt 0.914752 0.637470
vt 0.872988 0.637470
vt 0.914752 0.577721
vt 0.914752 0.637470
vt 0.872988 0.577721
vt 0.872988 0.478188
vt 0.914752 0.577721
vt 0.872988 0.577721
vt 0.914751 0.478188
vt 0.914752 0.577721
vt 0.872988 0.478188
vt 0.872988 0.378656
vt 0.914751 0.478188
vt 0.872988 0.478188
vt 0.914751 0.378656
vt 0.914751 0.478188
vt 0.872988 0.378656
vt 0.872988 0.318907
vt 0.914751 0.378656
vt 0.872988 0.378656
vt 0.914751 0.318907
vt 0.914751 0.378656
vt 0.872988 0.318907
vt 0.334727 0.447146
vt 0.264264 0.376580
vt 0.334727 0.376580
vt 0.264263 0.447146
vt 0.264264 0.376580
vt 0.334727 0.447146
vt 0.334727 0.564698
vt 0.264263 0.447146
vt 0.334727 0.447146
vt 0.264263 0.564698
vt 0.264263 0.447146
vt 0.334727 0.564698
vt 0.334727 0.682250
vt 0.264263 0.564698
vt 0.334727 0.564698
vt 0.264263 0.682250
vt 0.264263 0.564698
vt 0.334727 0.682250
vt 0.334727 0.752816
vt 0.264263 0.682250
vt 0.334727 0.682250
vt 0.264263 0.752816
vt 0.264263 0.682250
vt 0.334727 0.752816
vt 0.334727 0.070910
vt 0.264264 0.000344
vt 0.334727 0.000344
vt 0.264264 0.070910
vt 0.264264 0.000344
vt 0.334727 0.070910
vt 0.334727 0.188462
vt 0.264264 0.070910
vt 0.334727 0.070910
vt 0.264264 0.188462
vt 0.264264 0.070910
vt 0.334727 0.188462
vt 0.334727 0.306014
vt 0.264264 0.188462
vt 0.334727 0.188462
vt 0.264264 0.306014
vt 0.264264 0.188462
vt 0.334727 0.306014
vt 0.334727 0.376580
vt 0.264264 0.306014
vt 0.334727 0.306014
vt 0.264264 0.376580
vt 0.264264 0.306014
vt 0.334727 0.376580
vt 0.580683 0.035804
vt 0.530297 0.011764
vt 0.588945 0.000344
vt 0.636505 0.036510
vt 0.580683 0.035804
vt 0.588945 0.000344
vt 0.539630 0.043798
vt 0.530297 0.011764
vt 0.580683 0.035804
vt 0.636505 0.036510
vt 0.613975 0.061120
vt 0.580683 0.035804
vt 0.539630 0.043798
vt 0.486305 0.101046
vt 0.530297 0.011764
vt 0.636505 0.136042
vt 0.613975 0.061120
vt 0.636505 0.036510
vt 0.508835 0.106295
vt 0.486305 0.101046
vt 0.539630 0.043798
vt 0.636505 0.136042
vt 0.613975 0.130793
vt 0.613975 0.061120
vt 0.486305 0.101046
vt 0.508835 0.106295
vt 0.508835 0.175968
vt 0.508835 0.175968
vt 0.533865 0.236744
vt 0.486305 0.200578
vt 0.636505 0.136042
vt 0.592513 0.225324
vt 0.583180 0.193290
vt 0.486305 0.101046
vt 0.508835 0.175968
vt 0.486305 0.200578
vt 0.508835 0.175968
vt 0.542127 0.201284
vt 0.533865 0.236744
vt 0.583180 0.193290
vt 0.592513 0.225324
vt 0.533865 0.236744
vt 0.583180 0.193290
vt 0.533865 0.236744
vt 0.542127 0.201284
vt 0.264264 0.376580
vt 0.249016 0.313423
vt 0.233595 0.331677
vt 0.636505 0.136042
vt 0.583180 0.193290
vt 0.613975 0.130793
vt 0.211979 0.338436
vt 0.264264 0.376580
vt 0.233595 0.331677
vt 0.264264 0.306014
vt 0.249016 0.313423
vt 0.264264 0.376580
vt 0.211979 0.338436
vt 0.200049 0.349458
vt 0.264264 0.376580
vt 0.264264 0.306014
vt 0.231062 0.277905
vt 0.249016 0.313423
vt 0.185650 0.310349
vt 0.200049 0.349458
vt 0.211979 0.338436
vt 0.239404 0.268801
vt 0.231062 0.277905
vt 0.264264 0.306014
vt 0.185650 0.310349
vt 0.174745 0.314924
vt 0.200049 0.349458
vt 0.231062 0.277905
vt 0.239404 0.268801
vt 0.200257 0.247395
vt 0.200257 0.247395
vt 0.187129 0.264473
vt 0.194530 0.263151
vt 0.185650 0.310349
vt 0.184054 0.271722
vt 0.167880 0.272753
vt 0.231062 0.277905
vt 0.200257 0.247395
vt 0.194530 0.263151
vt 0.200257 0.247395
vt 0.180903 0.256458
vt 0.187129 0.264473
vt 0.167880 0.272753
vt 0.184054 0.271722
vt 0.187129 0.264473
vt 0.167880 0.272753
vt 0.187129 0.264473
vt 0.180903 0.256458
vt 0.185650 0.310349
vt 0.167880 0.272753
vt 0.174745 0.314924
vt 0.830535 0.259157
vt 0.872299 0.318907
vt 0.830535 0.318907
vt 0.872299 0.259158
vt 0.872299 0.318907
vt 0.830535 0.259157
vt 0.830536 0.159625
vt 0.872299 0.259158
vt 0.830535 0.259157
vt 0.872299 0.159626
vt 0.872299 0.259158
vt 0.830536 0.159625
vt 0.830536 0.060093
vt 0.872299 0.159626
vt 0.830536 0.159625
vt 0.872299 0.060093
vt 0.872299 0.159626
vt 0.830536 0.060093
vt 0.830536 0.000344
vt 0.872299 0.060093
vt 0.830536 0.060093
vt 0.872299 0.000344
vt 0.872299 0.060093
vt 0.830536 0.000344
vt 0.830536 0.577721
vt 0.872299 0.637470
vt 0.830536 0.637470
vt 0.872299 0.577721
vt 0.872299 0.637470
vt 0.830536 0.577721
vt 0.830536 0.478188
vt 0.872299 0.577721
vt 0.830536 0.577721
vt 0.872299 0.478188
vt 0.872299 0.577721
vt 0.830536 0.478188
vt 0.830535 0.378656
vt 0.872299 0.478188
vt 0.830536 0.478188
vt 0.872299 0.378656
vt 0.872299 0.478188
vt 0.830535 0.378656
vt 0.830535 0.318907
vt 0.872299 0.378656
vt 0.830535 0.378656
vt 0.872299 0.318907
vt 0.872299 0.378656
vt 0.830535 0.318907
vt 0.787394 0.739339
vt 0.745631 0.697514
vt 0.787394 0.697514
vt 0.745631 0.739339
vt 0.745631 0.697514
vt 0.787394 0.739339
vt 0.787394 0.809011
vt 0.745631 0.739339
vt 0.787394 0.739339
vt 0.745631 0.809011
vt 0.745631 0.739339
vt 0.787394 0.809011
vt 0.787394 0.878684
vt 0.745631 0.809011
vt 0.787394 0.809011
vt 0.745631 0.878684
vt 0.745631 0.809011
vt 0.787394 0.878684
vt 0.787395 0.920509
vt 0.745631 0.878684
vt 0.787394 0.878684
vt 0.745631 0.920509
vt 0.745631 0.878684
vt 0.787395 0.920509
vt 0.787394 0.516345
vt 0.745631 0.474520
vt 0.787395 0.474521
vt 0.745631 0.516345
vt 0.745631 0.474520
vt 0.787394 0.516345
vt 0.787394 0.586018
vt 0.745631 0.516345
vt 0.787394 0.516345
vt 0.745631 0.586017
vt 0.745631 0.516345
vt 0.787394 0.586018
vt 0.787394 0.655690
vt 0.745631 0.586017
vt 0.787394 0.586018
vt 0.745631 0.655690
vt 0.745631 0.586017
vt 0.787394 0.655690
vt 0.787394 0.697514
vt 0.745631 0.655690
vt 0.787394 0.655690
vt 0.745631 0.697514
vt 0.745631 0.655690
vt 0.787394 0.697514
vt 0.391238 0.438372
vt 0.441624 0.462413
vt 0.382976 0.473832
vt 0.335415 0.437667
vt 0.391238 0.438372
vt 0.382976 0.473832
vt 0.432291 0.430379
vt 0.441624 0.462413
vt 0.391238 0.438372
vt 0.335415 0.437667
vt 0.357945 0.413057
vt 0.391238 0.438372
vt 0.432291 0.430379
vt 0.485616 0.373131
vt 0.441624 0.462413
vt 0.335415 0.338135
vt 0.357945 0.413057
vt 0.335415 0.437667
vt 0.463086 0.367881
vt 0.485616 0.373131
vt 0.432291 0.430379
vt 0.335415 0.338135
vt 0.357945 0.343384
vt 0.357945 0.413057
vt 0.485616 0.373131
vt 0.463086 0.367881
vt 0.463086 0.298209
vt 0.463086 0.298209
vt 0.438056 0.237432
vt 0.485616 0.273598
vt 0.335415 0.338135
vt 0.379408 0.248852
vt 0.388740 0.280886
vt 0.485616 0.373131
vt 0.463086 0.298209
vt 0.485616 0.273598
vt 0.463086 0.298209
vt 0.429794 0.272892
vt 0.438056 0.237432
vt 0.388740 0.280886
vt 0.379408 0.248852
vt 0.438056 0.237432
vt 0.388740 0.280886
vt 0.438056 0.237432
vt 0.429794 0.272892
vt 0.391238 0.675461
vt 0.441624 0.699501
vt 0.382976 0.710921
vt 0.335415 0.338135
vt 0.388740 0.280886
vt 0.357945 0.343384
vt 0.335415 0.674755
vt 0.391238 0.675461
vt 0.382976 0.710921
vt 0.432291 0.667467
vt 0.441624 0.699501
vt 0.391238 0.675461
vt 0.335415 0.674755
vt 0.357945 0.650145
vt 0.391238 0.675461
vt 0.432291 0.667467
vt 0.485616 0.610219
vt 0.441624 0.699501
vt 0.335415 0.575223
vt 0.357945 0.650145
vt 0.335415 0.674755
vt 0.463086 0.604969
vt 0.485616 0.610219
vt 0.432291 0.667467
vt 0.335415 0.575223
vt 0.357945 0.580472
vt 0.357945 0.650145
vt 0.485616 0.610219
vt 0.463086 0.604969
vt 0.463086 0.535297
vt 0.463086 0.535297
vt 0.438056 0.474521
vt 0.485616 0.510686
vt 0.335415 0.575223
vt 0.379408 0.485940
vt 0.388740 0.517975
vt 0.485616 0.610219
vt 0.463086 0.535297
vt 0.485616 0.510686
vt 0.463086 0.535297
vt 0.429794 0.509981
vt 0.438056 0.474521
vt 0.388740 0.517975
vt 0.379408 0.485940
vt 0.438056 0.474521
vt 0.388740 0.517975
vt 0.438056 0.474521
vt 0.429794 0.509981
vt 0.335415 0.575223
vt 0.388740 0.517975
vt 0.357945 0.580472
vt 0.915440 0.259157
vt 0.957204 0.318907
vt 0.915440 0.318907
vt 0.957204 0.259158
vt 0.957204 0.318907
vt 0.915440 0.259157
vt 0.915440 0.159625
vt 0.957204 0.259158
vt 0.915440 0.259157
vt 0.957204 0.159626
vt 0.957204 0.259158
vt 0.915440 0.159625
vt 0.915440 0.060093
vt 0.957204 0.159626
vt 0.915440 0.159625
vt 0.957204 0.060093
vt 0.957204 0.159626
vt 0.915440 0.060093
vt 0.915441 0.000344
vt 0.957204 0.060093
vt 0.915440 0.060093
vt 0.957204 0.000344
vt 0.957204 0.060093
vt 0.915441 0.000344
vt 0.915440 0.577720
vt 0.957204 0.637470
vt 0.915440 0.637470
vt 0.957204 0.577720
vt 0.957204 0.637470
vt 0.915440 0.577720
vt 0.915440 0.478188
vt 0.957204 0.577720
vt 0.915440 0.577720
vt 0.957204 0.478188
vt 0.957204 0.577720
vt 0.915440 0.478188
vt 0.915440 0.378656
vt 0.957204 0.478188
vt 0.915440 0.478188
vt 0.957204 0.378656
vt 0.957204 0.478188
vt 0.915440 0.378656
vt 0.915440 0.318907
vt 0.957204 0.378656
vt 0.915440 0.378656
vt 0.957204 0.318907
vt 0.957204 0.378656
vt 0.915440 0.318907
vt 0.637194 0.655690
vt 0.678957 0.697515
vt 0.637194 0.697515
vt 0.678957 0.655690
vt 0.678957 0.697515
vt 0.637194 0.655690
vt 0.637194 0.586018
vt 0.678957 0.655690
vt 0.637194 0.655690
vt 0.678957 0.586018
vt 0.678957 0.655690
vt 0.637194 0.586018
vt 0.637194 0.516345
vt 0.678957 0.586018
vt 0.637194 0.586018
vt 0.678958 0.516345
vt 0.678957 0.586018
vt 0.637194 0.516345
vt 0.637194 0.474520
vt 0.678958 0.516345
vt 0.637194 0.516345
vt 0.678958 0.474521
vt 0.678958 0.516345
vt 0.637194 0.474520
vt 0.637194 0.878684
vt 0.678958 0.920509
vt 0.637194 0.920509
vt 0.678958 0.878684
vt 0.678958 0.920509
vt 0.637194 0.878684
vt 0.637194 0.809012
vt 0.678958 0.878684
vt 0.637194 0.878684
vt 0.678957 0.809012
vt 0.678958 0.878684
vt 0.637194 0.809012
vt 0.637194 0.739339
vt 0.678957 0.809012
vt 0.637194 0.809012
vt 0.678957 0.739339
vt 0.678957 0.809012
vt 0.637194 0.739339
vt 0.637194 0.697515
vt 0.678957 0.739339
vt 0.637194 0.739339
vt 0.678957 0.697515
vt 0.678957 0.739339
vt 0.637194 0.697515
vt 0.542127 0.675460
vt 0.592513 0.699500
vt 0.533865 0.710920
vt 0.486305 0.674754
vt 0.542127 0.675460
vt 0.533865 0.710920
vt 0.583180 0.667467
vt 0.592513 0.699500
vt 0.542127 0.675460
vt 0.486305 0.674754
vt 0.508835 0.650145
vt 0.542127 0.675460
vt 0.583180 0.667467
vt 0.636505 0.610218
vt 0.592513 0.699500
vt 0.486305 0.575223
vt 0.508835 0.650145
vt 0.486305 0.674754
vt 0.613975 0.604969
vt 0.636505 0.610218
vt 0.583180 0.667467
vt 0.486305 0.575223
vt 0.508835 0.580472
vt 0.508835 0.650145
vt 0.636505 0.610218
vt 0.613975 0.604969
vt 0.613975 0.535296
vt 0.613975 0.535296
vt 0.588945 0.474521
vt 0.636505 0.510686
vt 0.486305 0.575223
vt 0.530297 0.485940
vt 0.539630 0.517974
vt 0.636505 0.610218
vt 0.613975 0.535296
vt 0.636505 0.510686
vt 0.613975 0.535296
vt 0.580683 0.509981
vt 0.588945 0.474521
vt 0.539630 0.517974
vt 0.530297 0.485940
vt 0.588945 0.474521
vt 0.539630 0.517974
vt 0.588945 0.474521
vt 0.580683 0.509981
vt 0.693016 0.438372
vt 0.743402 0.462412
vt 0.684754 0.473832
vt 0.486305 0.575223
vt 0.539630 0.517974
vt 0.508835 0.580472
vt 0.637194 0.437666
vt 0.693016 0.438372
vt 0.684754 0.473832
vt 0.734070 0.430378
vt 0.743402 0.462412
vt 0.693016 0.438372
vt 0.637194 0.437666
vt 0.659724 0.413056
vt 0.693016 0.438372
vt 0.734070 0.430378
vt 0.787395 0.373130
vt 0.743402 0.462412
vt 0.637194 0.338134
vt 0.659724 0.413056
vt 0.637194 0.437666
vt 0.764865 0.367881
vt 0.787395 0.373130
vt 0.734070 0.430378
vt 0.637194 0.338134
vt 0.659724 0.343384
vt 0.659724 0.413056
vt 0.787395 0.373130
vt 0.764865 0.367881
vt 0.764864 0.298208
vt 0.764864 0.298208
vt 0.739834 0.237432
vt 0.787395 0.273598
vt 0.637194 0.338134
vt 0.681186 0.248852
vt 0.690519 0.280886
vt 0.787395 0.373130
vt 0.764864 0.298208
vt 0.787395 0.273598
vt 0.764864 0.298208
vt 0.731572 0.272892
vt 0.739834 0.237432
vt 0.690519 0.280886
vt 0.681186 0.248852
vt 0.739834 0.237432
vt 0.690519 0.280886
vt 0.739834 0.237432
vt 0.731572 0.272892
vt 0.637194 0.338134
vt 0.690519 0.280886
vt 0.659724 0.343384
vt 0.613975 0.535296
vt 0.580683 0.509981
vt 0.588945 0.474521
vt 0.636505 0.610218
vt 0.613975 0.535296
vt 0.636505 0.510686
vt 0.486305 0.575223
vt 0.530297 0.485940
vt 0.539630 0.517974
vt 0.613975 0.535296
vt 0.588945 0.474521
vt 0.636505 0.510686
vt 0.636505 0.610218
vt 0.613975 0.604969
vt 0.613975 0.535296
vt 0.486305 0.575223
vt 0.508835 0.580472
vt 0.508835 0.650145
vt 0.613975 0.604969
vt 0.636505 0.610218
vt 0.583180 0.667467
vt 0.486305 0.575223
vt 0.508835 0.650145
vt 0.486305 0.674754
vt 0.583180 0.667467
vt 0.636505 0.610218
vt 0.592513 0.699500
vt 0.486305 0.674754
vt 0.508835 0.650145
vt 0.542127 0.675460
vt 0.583180 0.667467
vt 0.592513 0.699500
vt 0.542127 0.675460
vt 0.486305 0.674754
vt 0.542127 0.675460
vt 0.533865 0.710920
vt 0.542127 0.675460
vt 0.592513 0.699500
vt 0.533865 0.710920
vt 0.637194 0.697515
vt 0.678957 0.739339
vt 0.637194 0.739339
vt 0.678957 0.697515
vt 0.678957 0.739339
vt 0.637194 0.697515
vt 0.637194 0.739339
vt 0.678957 0.809012
vt 0.637194 0.809012
vt 0.678957 0.739339
vt 0.678957 0.809012
vt 0.637194 0.739339
vt 0.637194 0.809012
vt 0.678958 0.878684
vt 0.637194 0.878684
vt 0.678957 0.809012
vt 0.678958 0.878684
vt 0.637194 0.809012
vt 0.637194 0.878684
vt 0.678958 0.920509
vt 0.637194 0.920509
vt 0.678958 0.878684
vt 0.678958 0.920509
vt 0.637194 0.878684
vt 0.637194 0.474520
vt 0.678958 0.516345
vt 0.637194 0.516345
vt 0.678958 0.474521
vt 0.678958 0.516345
vt 0.637194 0.474520
vt 0.637194 0.516345
vt 0.678957 0.586018
vt 0.637194 0.586018
vt 0.678958 0.516345
vt 0.678957 0.586018
vt 0.637194 0.516345
vt 0.637194 0.586018
vt 0.678957 0.655690
vt 0.637194 0.655690
vt 0.678957 0.586018
vt 0.678957 0.655690
vt 0.637194 0.586018
vt 0.637194 0.655690
vt 0.678957 0.697515
vt 0.637194 0.697515
vt 0.678957 0.655690
vt 0.678957 0.697515
vt 0.637194 0.655690
vt 0.915440 0.318907
vt 0.957204 0.378656
vt 0.915440 0.378656
vt 0.957204 0.318907
vt 0.957204 0.378656
vt 0.915440 0.318907
vt 0.915440 0.378656
vt 0.957204 0.478188
vt 0.915440 0.478188
vt 0.957204 0.378656
vt 0.957204 0.478188
vt 0.915440 0.378656
vt 0.915440 0.478188
vt 0.957204 0.577720
vt 0.915440 0.577720
vt 0.957204 0.478188
vt 0.957204 0.577720
vt 0.915440 0.478188
vt 0.915440 0.577720
vt 0.957204 0.637470
vt 0.915440 0.637470
vt 0.957204 0.577720
vt 0.957204 0.637470
vt 0.915440 0.577720
vt 0.915440 0.060093
vt 0.957204 0.159626
vt 0.915440 0.159625
vt 0.957204 0.060093
vt 0.957204 0.159626
vt 0.915440 0.060093
vt 0.915440 0.159625
vt 0.957204 0.259158
vt 0.915440 0.259157
vt 0.957204 0.159626
vt 0.957204 0.259158
vt 0.915440 0.159625
vt 0.915440 0.259157
vt 0.957204 0.318907
vt 0.915440 0.318907
vt 0.957204 0.259158
vt 0.957204 0.318907
vt 0.915440 0.259157
vt 0.485616 0.101046
vt 0.463086 0.175968
vt 0.463086 0.106296
vt 0.463086 0.175968
vt 0.438056 0.236744
vt 0.429794 0.201284
vt 0.463086 0.175968
vt 0.485616 0.200579
vt 0.438056 0.236744
vt 0.388740 0.193290
vt 0.429794 0.201284
vt 0.438056 0.236744
vt 0.335415 0.136042
vt 0.388740 0.193290
vt 0.379408 0.225325
vt 0.485616 0.101046
vt 0.485616 0.200579
vt 0.463086 0.175968
vt 0.388740 0.193290
vt 0.438056 0.236744
vt 0.379408 0.225325
vt 0.335415 0.136042
vt 0.357945 0.130793
vt 0.388740 0.193290
vt 0.485616 0.101046
vt 0.463086 0.106296
vt 0.432291 0.043798
vt 0.357945 0.130793
vt 0.335415 0.136042
vt 0.357945 0.061120
vt 0.485616 0.101046
vt 0.432291 0.043798
vt 0.441623 0.011764
vt 0.357945 0.061120
vt 0.335415 0.136042
vt 0.335415 0.036510
vt 0.441623 0.011764
vt 0.432291 0.043798
vt 0.391238 0.035804
vt 0.357945 0.061120
vt 0.335415 0.036510
vt 0.391238 0.035804
vt 0.441623 0.011764
vt 0.391238 0.035804
vt 0.382976 0.000344
vt 0.018114 0.442812
vt 0.000344 0.480408
vt 0.007209 0.438236
vt 0.391238 0.035804
vt 0.335415 0.036510
vt 0.382976 0.000344
vt 0.000344 0.480408
vt 0.019593 0.488688
vt 0.013368 0.496703
vt 0.000344 0.480408
vt 0.016519 0.481439
vt 0.019593 0.488688
vt 0.032722 0.505766
vt 0.013368 0.496703
vt 0.019593 0.488688
vt 0.063527 0.475256
vt 0.032722 0.505766
vt 0.026995 0.490010
vt 0.018114 0.442812
vt 0.016519 0.481439
vt 0.000344 0.480408
vt 0.032722 0.505766
vt 0.019593 0.488688
vt 0.026995 0.490010
vt 0.063527 0.475256
vt 0.071868 0.484360
vt 0.032722 0.505766
vt 0.018114 0.442812
vt 0.007209 0.438236
vt 0.032513 0.403703
vt 0.071868 0.484360
vt 0.063527 0.475256
vt 0.096728 0.447147
vt 0.018114 0.442812
vt 0.032513 0.403703
vt 0.044443 0.414725
vt 0.096728 0.447147
vt 0.063527 0.475256
vt 0.081480 0.439738
vt 0.044443 0.414725
vt 0.032513 0.403703
vt 0.096728 0.376580
vt 0.096728 0.447147
vt 0.081480 0.439738
vt 0.096728 0.376580
vt 0.044443 0.414725
vt 0.096728 0.376580
vt 0.066059 0.421483
vt 0.096728 0.376580
vt 0.081480 0.439738
vt 0.066059 0.421483
vt 0.096728 0.376580
vt 0.167191 0.447147
vt 0.096728 0.447147
vt 0.167191 0.376580
vt 0.167191 0.447147
vt 0.096728 0.376580
vt 0.096728 0.447147
vt 0.167191 0.564698
vt 0.096728 0.564698
vt 0.167191 0.447147
vt 0.167191 0.564698
vt 0.096728 0.447147
vt 0.096728 0.564698
vt 0.167191 0.682250
vt 0.096728 0.682250
vt 0.167191 0.564698
vt 0.167191 0.682250
vt 0.096728 0.564698
vt 0.096728 0.682250
vt 0.167191 0.752817
vt 0.096728 0.752817
vt 0.167191 0.682250
vt 0.167191 0.752817
vt 0.096728 0.682250
vt 0.096728 0.000344
vt 0.167191 0.070910
vt 0.096728 0.070910
vt 0.167191 0.000344
vt 0.167191 0.070910
vt 0.096728 0.000344
vt 0.096728 0.070910
vt 0.167191 0.188462
vt 0.096728 0.188462
vt 0.167191 0.070910
vt 0.167191 0.188462
vt 0.096728 0.070910
vt 0.096728 0.188462
vt 0.167191 0.306014
vt 0.096728 0.306014
vt 0.167191 0.188462
vt 0.167191 0.306014
vt 0.096728 0.188462
vt 0.096728 0.306014
vt 0.167191 0.376580
vt 0.096728 0.376580
vt 0.167191 0.306014
vt 0.167191 0.376580
vt 0.096728 0.306014
vt 0.999656 0.637470
vt 0.957892 0.577721
vt 0.999656 0.577721
vt 0.957892 0.637470
vt 0.957892 0.577721
vt 0.999656 0.637470
vt 0.999656 0.577721
vt 0.957892 0.478189
vt 0.999656 0.478189
vt 0.957892 0.577721
vt 0.957892 0.478189
vt 0.999656 0.577721
vt 0.999656 0.478189
vt 0.957892 0.378656
vt 0.999656 0.378656
vt 0.957892 0.478189
vt 0.957892 0.378656
vt 0.999656 0.478189
vt 0.999656 0.378656
vt 0.957892 0.318907
vt 0.999656 0.318907
vt 0.957892 0.378656
vt 0.957892 0.318907
vt 0.999656 0.378656
vt 0.999656 0.318907
vt 0.957892 0.259158
vt 0.999656 0.259158
vt 0.957892 0.318907
vt 0.957892 0.259158
vt 0.999656 0.318907
vt 0.999656 0.259158
vt 0.957892 0.159626
vt 0.999656 0.159626
vt 0.957892 0.259158
vt 0.957892 0.159626
vt 0.999656 0.259158
vt 0.999656 0.159626
vt 0.957892 0.060093
vt 0.999656 0.060093
vt 0.957892 0.159626
vt 0.957892 0.060093
vt 0.999656 0.159626
vt 0.999656 0.060093
vt 0.957892 0.000344
vt 0.999656 0.000344
vt 0.957892 0.060093
vt 0.957892 0.000344
vt 0.999656 0.060093
vt 0.999656 0.060093
vt 0.957892 0.000344
vt 0.999656 0.000344
vt 0.957892 0.060093
vt 0.957892 0.000344
vt 0.999656 0.060093
vt 0.999656 0.159626
vt 0.957892 0.060093
vt 0.999656 0.060093
vt 0.957892 0.159626
vt 0.957892 0.060093
vt 0.999656 0.159626
vt 0.999656 0.259158
vt 0.957892 0.159626
vt 0.999656 0.159626
vt 0.957892 0.259158
vt 0.957892 0.159626
vt 0.999656 0.259158
vt 0.999656 0.318907
vt 0.957892 0.259158
vt 0.999656 0.259158
vt 0.957892 0.318907
vt 0.957892 0.259158
vt 0.999656 0.318907
vt 0.999656 0.378656
vt 0.957892 0.318907
vt 0.999656 0.318907
vt 0.957892 0.378656
vt 0.957892 0.318907
vt 0.999656 0.378656
vt 0.999656 0.478189
vt 0.957892 0.378656
vt 0.999656 0.378656
vt 0.957892 0.478189
vt 0.957892 0.378656
vt 0.999656 0.478189
vt 0.999656 0.577721
vt 0.957892 0.478189
vt 0.999656 0.478189
vt 0.957892 0.577721
vt 0.957892 0.478189
vt 0.999656 0.577721
vt 0.999656 0.637470
vt 0.957892 0.577721
vt 0.999656 0.577721
vt 0.957892 0.637470
vt 0.957892 0.577721
vt 0.999656 0.637470
vt 0.096728 0.306014
vt 0.167191 0.376580
vt 0.096728 0.376580
vt 0.167191 0.306014
vt 0.167191 0.376580
vt 0.096728 0.306014
vt 0.096728 0.188462
vt 0.167191 0.306014
vt 0.096728 0.306014
vt 0.167191 0.188462
vt 0.167191 0.306014
vt 0.096728 0.188462
vt 0.096728 0.070910
vt 0.167191 0.188462
vt 0.096728 0.188462
vt 0.167191 0.070910
vt 0.167191 0.188462
vt 0.096728 0.070910
vt 0.096728 0.000344
vt 0.167191 0.070910
vt 0.096728 0.070910
vt 0.167191 0.000344
vt 0.167191 0.070910
vt 0.096728 0.000344
vt 0.096728 0.682250
vt 0.167191 0.752817
vt 0.096728 0.752817
vt 0.167191 0.682250
vt 0.167191 0.752817
vt 0.096728 0.682250
vt 0.096728 0.564698
vt 0.167191 0.682250
vt 0.096728 0.682250
vt 0.167191 0.564698
vt 0.167191 0.682250
vt 0.096728 0.564698
vt 0.096728 0.447147
vt 0.167191 0.564698
vt 0.096728 0.564698
vt 0.167191 0.447147
vt 0.167191 0.564698
vt 0.096728 0.447147
vt 0.096728 0.376580
vt 0.167191 0.447147
vt 0.096728 0.447147
vt 0.167191 0.376580
vt 0.167191 0.447147
vt 0.096728 0.376580
vt 0.096728 0.376580
vt 0.081480 0.439738
vt 0.066059 0.421483
vt 0.044443 0.414725
vt 0.096728 0.376580
vt 0.066059 0.421483
vt 0.096728 0.447147
vt 0.081480 0.439738
vt 0.096728 0.376580
vt 0.044443 0.414725
vt 0.032513 0.403703
vt 0.096728 0.376580
vt 0.096728 0.447147
vt 0.063527 0.475256
vt 0.081480 0.439738
vt 0.018114 0.442812
vt 0.032513 0.403703
vt 0.044443 0.414725
vt 0.071868 0.484360
vt 0.063527 0.475256
vt 0.096728 0.447147
vt 0.018114 0.442812
vt 0.007209 0.438236
vt 0.032513 0.403703
vt 0.063527 0.475256
vt 0.071868 0.484360
vt 0.032722 0.505766
vt 0.032722 0.505766
vt 0.019593 0.488688
vt 0.026995 0.490010
vt 0.018114 0.442812
vt 0.016519 0.481439
vt 0.000344 0.480408
vt 0.063527 0.475256
vt 0.032722 0.505766
vt 0.026995 0.490010
vt 0.032722 0.505766
vt 0.013368 0.496703
vt 0.019593 0.488688
vt 0.000344 0.480408
vt 0.016519 0.481439
vt 0.019593 0.488688
vt 0.000344 0.480408
vt 0.019593 0.488688
vt 0.013368 0.496703
vt 0.391238 0.035804
vt 0.335415 0.036510
vt 0.382976 0.000344
vt 0.018114 0.442812
vt 0.000344 0.480408
vt 0.007209 0.438236
vt 0.441623 0.011764
vt 0.391238 0.035804
vt 0.382976 0.000344
vt 0.357945 0.061120
vt 0.335415 0.036510
vt 0.391238 0.035804
vt 0.441623 0.011764
vt 0.432291 0.043798
vt 0.391238 0.035804
vt 0.357945 0.061120
vt 0.335415 0.136042
vt 0.335415 0.036510
vt 0.485616 0.101046
vt 0.432291 0.043798
vt 0.441623 0.011764
vt 0.357945 0.130793
vt 0.335415 0.136042
vt 0.357945 0.061120
vt 0.485616 0.101046
vt 0.463086 0.106296
vt 0.432291 0.043798
vt 0.335415 0.136042
vt 0.357945 0.130793
vt 0.388740 0.193290
vt 0.388740 0.193290
vt 0.438056 0.236744
vt 0.379408 0.225325
vt 0.485616 0.101046
vt 0.485616 0.200579
vt 0.463086 0.175968
vt 0.335415 0.136042
vt 0.388740 0.193290
vt 0.379408 0.225325
vt 0.388740 0.193290
vt 0.429794 0.201284
vt 0.438056 0.236744
vt 0.463086 0.175968
vt 0.485616 0.200579
vt 0.438056 0.236744
vt 0.463086 0.175968
vt 0.438056 0.236744
vt 0.429794 0.201284
vt 0.485616 0.101046
vt 0.463086 0.175968
vt 0.463086 0.106296
vt 0.485616 0.101046
vt 0.463086 0.175968
vt 0.463086 0.106296
vt 0.463086 0.175968
vt 0.438056 0.236744
vt 0.429794 0.201284
vt 0.463086 0.175968
vt 0.485616 0.200579
vt 0.438056 0.236744
vt 0.388740 0.193290
vt 0.429794 0.201284
vt 0.438056 0.236744
vt 0.335415 0.136042
vt 0.388740 0.193290
vt 0.379408 0.225325
vt 0.485616 0.101046
vt 0.485616 0.200579
vt 0.463086 0.175968
vt 0.388740 0.193290
vt 0.438056 0.236744
vt 0.379408 0.225325
vt 0.335415 0.136042
vt 0.357945 0.130793
vt 0.388740 0.193290
vt 0.485616 0.101046
vt 0.463086 0.106296
vt 0.432291 0.043798
vt 0.357945 0.130793
vt 0.335415 0.136042
vt 0.357945 0.061120
vt 0.485616 0.101046
vt 0.432291 0.043798
vt 0.441623 0.011764
vt 0.357945 0.061120
vt 0.335415 0.136042
vt 0.335415 0.036510
vt 0.441623 0.011764
vt 0.432291 0.043798
vt 0.391238 0.035804
vt 0.357945 0.061120
vt 0.335415 0.036510
vt 0.391238 0.035804
vt 0.441623 0.011764
vt 0.391238 0.035804
vt 0.382976 0.000344
vt 0.018114 0.442812
vt 0.000344 0.480408
vt 0.007209 0.438236
vt 0.391238 0.035804
vt 0.335415 0.036510
vt 0.382976 0.000344
vt 0.000344 0.480408
vt 0.019593 0.488688
vt 0.013368 0.496703
vt 0.000344 0.480408
vt 0.016519 0.481439
vt 0.019593 0.488688
vt 0.032722 0.505766
vt 0.013368 0.496703
vt 0.019593 0.488688
vt 0.063527 0.475256
vt 0.032722 0.505766
vt 0.026995 0.490010
vt 0.018114 0.442812
vt 0.016519 0.481439
vt 0.000344 0.480408
vt 0.032722 0.505766
vt 0.019593 0.488688
vt 0.026995 0.490010
vt 0.063527 0.475256
vt 0.071868 0.484360
vt 0.032722 0.505766
vt 0.018114 0.442812
vt 0.007209 0.438236
vt 0.032513 0.403703
vt 0.071868 0.484360
vt 0.063527 0.475256
vt 0.096728 0.447147
vt 0.018114 0.442812
vt 0.032513 0.403703
vt 0.044443 0.414725
vt 0.096728 0.447147
vt 0.063527 0.475256
vt 0.081480 0.439738
vt 0.044443 0.414725
vt 0.032513 0.403703
vt 0.096728 0.376580
vt 0.096728 0.447147
vt 0.081480 0.439738
vt 0.096728 0.376580
vt 0.044443 0.414725
vt 0.096728 0.376580
vt 0.066059 0.421483
vt 0.096728 0.376580
vt 0.081480 0.439738
vt 0.066059 0.421483
vt 0.096728 0.376580
vt 0.167191 0.447147
vt 0.096728 0.447147
vt 0.167191 0.376580
vt 0.167191 0.447147
vt 0.096728 0.376580
vt 0.096728 0.447147
vt 0.167191 0.564698
vt 0.096728 0.564698
vt 0.167191 0.447147
vt 0.167191 0.564698
vt 0.096728 0.447147
vt 0.096728 0.564698
vt 0.167191 0.682250
vt 0.096728 0.682250
vt 0.167191 0.564698
vt 0.167191 0.682250
vt 0.096728 0.564698
vt 0.096728 0.682250
vt 0.167191 0.752817
vt 0.096728 0.752817
vt 0.167191 0.682250
vt 0.167191 0.752817
vt 0.096728 0.682250
vt 0.096728 0.000344
vt 0.167191 0.070910
vt 0.096728 0.070910
vt 0.167191 0.000344
vt 0.167191 0.070910
vt 0.096728 0.000344
vt 0.096728 0.070910
vt 0.167191 0.188462
vt 0.096728 0.188462
vt 0.167191 0.070910
vt 0.167191 0.188462
vt 0.096728 0.070910
vt 0.096728 0.188462
vt 0.167191 0.306014
vt 0.096728 0.306014
vt 0.167191 0.188462
vt 0.167191 0.306014
vt 0.096728 0.188462
vt 0.096728 0.306014
vt 0.167191 0.376580
vt 0.096728 0.376580
vt 0.167191 0.306014
vt 0.167191 0.376580
vt 0.096728 0.306014
vt 0.999656 0.637470
vt 0.957892 0.577721
vt 0.999656 0.577721
vt 0.957892 0.637470
vt 0.957892 0.577721
vt 0.999656 0.637470
vt 0.999656 0.577721
vt 0.957892 0.478189
vt 0.999656 0.478189
vt 0.957892 0.577721
vt 0.957892 0.478189
vt 0.999656 0.577721
vt 0.999656 0.478189
vt 0.957892 0.378656
vt 0.999656 0.378656
vt 0.957892 0.478189
vt 0.957892 0.378656
vt 0.999656 0.478189
vt 0.999656 0.378656
vt 0.957892 0.318907
vt 0.999656 0.318907
vt 0.957892 0.378656
vt 0.957892 0.318907
vt 0.999656 0.378656
vt 0.999656 0.318907
vt 0.957892 0.259158
vt 0.999656 0.259158
vt 0.957892 0.318907
vt 0.957892 0.259158
vt 0.999656 0.318907
vt 0.999656 0.259158
vt 0.957892 0.159626
vt 0.999656 0.159626
vt 0.957892 0.259158
vt 0.957892 0.159626
vt 0.999656 0.259158
vt 0.999656 0.159626
vt 0.957892 0.060093
vt 0.999656 0.060093
vt 0.957892 0.159626
vt 0.957892 0.060093
vt 0.999656 0.159626
vt 0.999656 0.060093
vt 0.957892 0.000344
vt 0.999656 0.000344
vt 0.957892 0.060093
vt 0.957892 0.000344
vt 0.999656 0.060093
vt 0.999656 0.060093
vt 0.957892 0.000344
vt 0.999656 0.000344
vt 0.957892 0.060093
vt 0.957892 0.000344
vt 0.999656 0.060093
vt 0.999656 0.159626
vt 0.957892 0.060093
vt 0.999656 0.060093
vt 0.957892 0.159626
vt 0.957892 0.060093
vt 0.999656 0.159626
vt 0.999656 0.259158
vt 0.957892 0.159626
vt 0.999656 0.159626
vt 0.957892 0.259158
vt 0.957892 0.159626
vt 0.999656 0.259158
vt 0.999656 0.318907
vt 0.957892 0.259158
vt 0.999656 0.259158
vt 0.957892 0.318907
vt 0.957892 0.259158
vt 0.999656 0.318907
vt 0.999656 0.378656
vt 0.957892 0.318907
vt 0.999656 0.318907
vt 0.957892 0.378656
vt 0.957892 0.318907
vt 0.999656 0.378656
vt 0.999656 0.478189
vt 0.957892 0.378656
vt 0.999656 0.378656
vt 0.957892 0.478189
vt 0.957892 0.378656
vt 0.999656 0.478189
vt 0.999656 0.577721
vt 0.957892 0.478189
vt 0.999656 0.478189
vt 0.957892 0.577721
vt 0.957892 0.478189
vt 0.999656 0.577721
vt 0.999656 0.637470
vt 0.957892 0.577721
vt 0.999656 0.577721
vt 0.957892 0.637470
vt 0.957892 0.577721
vt 0.999656 0.637470
vt 0.096728 0.306014
vt 0.167191 0.376580
vt 0.096728 0.376580
vt 0.167191 0.306014
vt 0.167191 0.376580
vt 0.096728 0.306014
vt 0.096728 0.188462
vt 0.167191 0.306014
vt 0.096728 0.306014
vt 0.167191 0.188462
vt 0.167191 0.306014
vt 0.096728 0.188462
vt 0.096728 0.070910
vt 0.167191 0.188462
vt 0.096728 0.188462
vt 0.167191 0.070910
vt 0.167191 0.188462
vt 0.096728 0.070910
vt 0.096728 0.000344
vt 0.167191 0.070910
vt 0.096728 0.070910
vt 0.167191 0.000344
vt 0.167191 0.070910
vt 0.096728 0.000344
vt 0.096728 0.682250
vt 0.167191 0.752817
vt 0.096728 0.752817
vt 0.167191 0.682250
vt 0.167191 0.752817
vt 0.096728 0.682250
vt 0.096728 0.564698
vt 0.167191 0.682250
vt 0.096728 0.682250
vt 0.167191 0.564698
vt 0.167191 0.682250
vt 0.096728 0.564698
vt 0.096728 0.447147
vt 0.167191 0.564698
vt 0.096728 0.564698
vt 0.167191 0.447147
vt 0.167191 0.564698
vt 0.096728 0.447147
vt 0.096728 0.376580
vt 0.167191 0.447147
vt 0.096728 0.447147
vt 0.167191 0.376580
vt 0.167191 0.447147
vt 0.096728 0.376580
vt 0.096728 0.376580
vt 0.081480 0.439738
vt 0.066059 0.421483
vt 0.044443 0.414725
vt 0.096728 0.376580
vt 0.066059 0.421483
vt 0.096728 0.447147
vt 0.081480 0.439738
vt 0.096728 0.376580
vt 0.044443 0.414725
vt 0.032513 0.403703
vt 0.096728 0.376580
vt 0.096728 0.447147
vt 0.063527 0.475256
vt 0.081480 0.439738
vt 0.018114 0.442812
vt 0.032513 0.403703
vt 0.044443 0.414725
vt 0.071868 0.484360
vt 0.063527 0.475256
vt 0.096728 0.447147
vt 0.018114 0.442812
vt 0.007209 0.438236
vt 0.032513 0.403703
vt 0.063527 0.475256
vt 0.071868 0.484360
vt 0.032722 0.505766
vt 0.032722 0.505766
vt 0.019593 0.488688
vt 0.026995 0.490010
vt 0.018114 0.442812
vt 0.016519 0.481439
vt 0.000344 0.480408
vt 0.063527 0.475256
vt 0.032722 0.505766
vt 0.026995 0.490010
vt 0.032722 0.505766
vt 0.013368 0.496703
vt 0.019593 0.488688
vt 0.000344 0.480408
vt 0.016519 0.481439
vt 0.019593 0.488688
vt 0.000344 0.480408
vt 0.019593 0.488688
vt 0.013368 0.496703
vt 0.391238 0.035804
vt 0.335415 0.036510
vt 0.382976 0.000344
vt 0.018114 0.442812
vt 0.000344 0.480408
vt 0.007209 0.438236
vt 0.441623 0.011764
vt 0.391238 0.035804
vt 0.382976 0.000344
vt 0.357945 0.061120
vt 0.335415 0.036510
vt 0.391238 0.035804
vt 0.441623 0.011764
vt 0.432291 0.043798
vt 0.391238 0.035804
vt 0.357945 0.061120
vt 0.335415 0.136042
vt 0.335415 0.036510
vt 0.485616 0.101046
vt 0.432291 0.043798
vt 0.441623 0.011764
vt 0.357945 0.130793
vt 0.335415 0.136042
vt 0.357945 0.061120
vt 0.485616 0.101046
vt 0.463086 0.106296
vt 0.432291 0.043798
vt 0.335415 0.136042
vt 0.357945 0.130793
vt 0.388740 0.193290
vt 0.388740 0.193290
vt 0.438056 0.236744
vt 0.379408 0.225325
vt 0.485616 0.101046
vt 0.485616 0.200579
vt 0.463086 0.175968
vt 0.335415 0.136042
vt 0.388740 0.193290
vt 0.379408 0.225325
vt 0.388740 0.193290
vt 0.429794 0.201284
vt 0.438056 0.236744
vt 0.463086 0.175968
vt 0.485616 0.200579
vt 0.438056 0.236744
vt 0.463086 0.175968
vt 0.438056 0.236744
vt 0.429794 0.201284
vt 0.485616 0.101046
vt 0.463086 0.175968
vt 0.463086 0.106296
vt 0.485616 0.101046
vt 0.463086 0.175968
vt 0.463086 0.106296
vt 0.463086 0.175968
vt 0.438056 0.236744
vt 0.429794 0.201284
vt 0.463086 0.175968
vt 0.485616 0.200579
vt 0.438056 0.236744
vt 0.388740 0.193290
vt 0.429794 0.201284
vt 0.438056 0.236744
vt 0.335415 0.136042
vt 0.388740 0.193290
vt 0.379408 0.225325
vt 0.485616 0.101046
vt 0.485616 0.200579
vt 0.463086 0.175968
vt 0.388740 0.193290
vt 0.438056 0.236744
vt 0.379408 0.225325
vt 0.335415 0.136042
vt 0.357945 0.130793
vt 0.388740 0.193290
vt 0.485616 0.101046
vt 0.463086 0.106296
vt 0.432291 0.043798
vt 0.357945 0.130793
vt 0.335415 0.136042
vt 0.357945 0.061120
vt 0.485616 0.101046
vt 0.432291 0.043798
vt 0.441623 0.011764
vt 0.357945 0.061120
vt 0.335415 0.136042
vt 0.335415 0.036510
vt 0.441623 0.011764
vt 0.432291 0.043798
vt 0.391238 0.035804
vt 0.357945 0.061120
vt 0.335415 0.036510
vt 0.391238 0.035804
vt 0.441623 0.011764
vt 0.391238 0.035804
vt 0.382976 0.000344
vt 0.018114 0.442812
vt 0.000344 0.480408
vt 0.007209 0.438236
vt 0.391238 0.035804
vt 0.335415 0.036510
vt 0.382976 0.000344
vt 0.000344 0.480408
vt 0.019593 0.488688
vt 0.013368 0.496703
vt 0.000344 0.480408
vt 0.016519 0.481439
vt 0.019593 0.488688
vt 0.032722 0.505766
vt 0.013368 0.496703
vt 0.019593 0.488688
vt 0.063527 0.475256
vt 0.032722 0.505766
vt 0.026995 0.490010
vt 0.018114 0.442812
vt 0.016519 0.481439
vt 0.000344 0.480408
vt 0.032722 0.505766
vt 0.019593 0.488688
vt 0.026995 0.490010
vt 0.063527 0.475256
vt 0.071868 0.484360
vt 0.032722 0.505766
vt 0.018114 0.442812
vt 0.007209 0.438236
vt 0.032513 0.403703
vt 0.071868 0.484360
vt 0.063527 0.475256
vt 0.096728 0.447147
vt 0.018114 0.442812
vt 0.032513 0.403703
vt 0.044443 0.414725
vt 0.096728 0.447147
vt 0.063527 0.475256
vt 0.081480 0.439738
vt 0.044443 0.414725
vt 0.032513 0.403703
vt 0.096728 0.376580
vt 0.096728 0.447147
vt 0.081480 0.439738
vt 0.096728 0.376580
vt 0.044443 0.414725
vt 0.096728 0.376580
vt 0.066059 0.421483
vt 0.096728 0.376580
vt 0.081480 0.439738
vt 0.066059 0.421483
vt 0.096728 0.376580
vt 0.167191 0.447147
vt 0.096728 0.447147
vt 0.167191 0.376580
vt 0.167191 0.447147
vt 0.096728 0.376580
vt 0.096728 0.447147
vt 0.167191 0.564698
vt 0.096728 0.564698
vt 0.167191 0.447147
vt 0.167191 0.564698
vt 0.096728 0.447147
vt 0.096728 0.564698
vt 0.167191 0.682250
vt 0.096728 0.682250
vt 0.167191 0.564698
vt 0.167191 0.682250
vt 0.096728 0.564698
vt 0.096728 0.682250
vt 0.167191 0.752817
vt 0.096728 0.752817
vt 0.167191 0.682250
vt 0.167191 0.752817
vt 0.096728 0.682250
vt 0.096728 0.000344
vt 0.167191 0.070910
vt 0.096728 0.070910
vt 0.167191 0.000344
vt 0.167191 0.070910
vt 0.096728 0.000344
vt 0.096728 0.070910
vt 0.167191 0.188462
vt 0.096728 0.188462
vt 0.167191 0.070910
vt 0.167191 0.188462
vt 0.096728 0.070910
vt 0.096728 0.188462
vt 0.167191 0.306014
vt 0.096728 0.306014
vt 0.167191 0.188462
vt 0.167191 0.306014
vt 0.096728 0.188462
vt 0.096728 0.306014
vt 0.167191 0.376580
vt 0.096728 0.376580
vt 0.167191 0.306014
vt 0.167191 0.376580
vt 0.096728 0.306014
vt 0.999656 0.637470
vt 0.957892 0.577721
vt 0.999656 0.577721
vt 0.957892 0.637470
vt 0.957892 0.577721
vt 0.999656 0.637470
vt 0.999656 0.577721
vt 0.957892 0.478189
vt 0.999656 0.478189
vt 0.957892 0.577721
vt 0.957892 0.478189
vt 0.999656 0.577721
vt 0.999656 0.478189
vt 0.957892 0.378656
vt 0.999656 0.378656
vt 0.957892 0.478189
vt 0.957892 0.378656
vt 0.999656 0.478189
vt 0.999656 0.378656
vt 0.957892 0.318907
vt 0.999656 0.318907
vt 0.957892 0.378656
vt 0.957892 0.318907
vt 0.999656 0.378656
vt 0.999656 0.318907
vt 0.957892 0.259158
vt 0.999656 0.259158
vt 0.957892 0.318907
vt 0.957892 0.259158
vt 0.999656 0.318907
vt 0.999656 0.259158
vt 0.957892 0.159626
vt 0.999656 0.159626
vt 0.957892 0.259158
vt 0.957892 0.159626
vt 0.999656 0.259158
vt 0.999656 0.159626
vt 0.957892 0.060093
vt 0.999656 0.060093
vt 0.957892 0.159626
vt 0.957892 0.060093
vt 0.999656 0.159626
vt 0.999656 0.060093
vt 0.957892 0.000344
vt 0.999656 0.000344
vt 0.957892 0.060093
vt 0.957892 0.000344
vt 0.999656 0.060093
vt 0.485616 0.101046
vt 0.463086 0.175968
vt 0.463086 0.106296
vt 0.463086 0.175968
vt 0.438056 0.236744
vt 0.429794 0.201284
vt 0.463086 0.175968
vt 0.485616 0.200579
vt 0.438056 0.236744
vt 0.388740 0.193290
vt 0.429794 0.201284
vt 0.438056 0.236744
vt 0.335415 0.136042
vt 0.388740 0.193290
vt 0.379408 0.225325
vt 0.485616 0.101046
vt 0.485616 0.200579
vt 0.463086 0.175968
vt 0.388740 0.193290
vt 0.438056 0.236744
vt 0.379408 0.225325
vt 0.335415 0.136042
vt 0.357945 0.130793
vt 0.388740 0.193290
vt 0.485616 0.101046
vt 0.463086 0.106296
vt 0.432291 0.043798
vt 0.357945 0.130793
vt 0.335415 0.136042
vt 0.357945 0.061120
vt 0.485616 0.101046
vt 0.432291 0.043798
vt 0.441623 0.011764
vt 0.357945 0.061120
vt 0.335415 0.136042
vt 0.335415 0.036510
vt 0.441623 0.011764
vt 0.432291 0.043798
vt 0.391238 0.035804
vt 0.357945 0.061120
vt 0.335415 0.036510
vt 0.391238 0.035804
vt 0.441623 0.011764
vt 0.391238 0.035804
vt 0.382976 0.000344
vt 0.018114 0.442812
vt 0.000344 0.480408
vt 0.007209 0.438236
vt 0.391238 0.035804
vt 0.335415 0.036510
vt 0.382976 0.000344
vt 0.000344 0.480408
vt 0.019593 0.488688
vt 0.013368 0.496703
vt 0.000344 0.480408
vt 0.016519 0.481439
vt 0.019593 0.488688
vt 0.032722 0.505766
vt 0.013368 0.496703
vt 0.019593 0.488688
vt 0.063527 0.475256
vt 0.032722 0.505766
vt 0.026995 0.490010
vt 0.018114 0.442812
vt 0.016519 0.481439
vt 0.000344 0.480408
vt 0.032722 0.505766
vt 0.019593 0.488688
vt 0.026995 0.490010
vt 0.063527 0.475256
vt 0.071868 0.484360
vt 0.032722 0.505766
vt 0.018114 0.442812
vt 0.007209 0.438236
vt 0.032513 0.403703
vt 0.071868 0.484360
vt 0.063527 0.475256
vt 0.096728 0.447147
vt 0.018114 0.442812
vt 0.032513 0.403703
vt 0.044443 0.414725
vt 0.096728 0.447147
vt 0.063527 0.475256
vt 0.081480 0.439738
vt 0.044443 0.414725
vt 0.032513 0.403703
vt 0.096728 0.376580
vt 0.096728 0.447147
vt 0.081480 0.439738
vt 0.096728 0.376580
vt 0.044443 0.414725
vt 0.096728 0.376580
vt 0.066059 0.421483
vt 0.096728 0.376580
vt 0.081480 0.439738
vt 0.066059 0.421483
vt 0.096728 0.376580
vt 0.167191 0.447147
vt 0.096728 0.447147
vt 0.167191 0.376580
vt 0.167191 0.447147
vt 0.096728 0.376580
vt 0.096728 0.447147
vt 0.167191 0.564698
vt 0.096728 0.564698
vt 0.167191 0.447147
vt 0.167191 0.564698
vt 0.096728 0.447147
vt 0.096728 0.564698
vt 0.167191 0.682250
vt 0.096728 0.682250
vt 0.167191 0.564698
vt 0.167191 0.682250
vt 0.096728 0.564698
vt 0.096728 0.682250
vt 0.167191 0.752817
vt 0.096728 0.752817
vt 0.167191 0.682250
vt 0.167191 0.752817
vt 0.096728 0.682250
vt 0.096728 0.000344
vt 0.167191 0.070910
vt 0.096728 0.070910
vt 0.167191 0.000344
vt 0.167191 0.070910
vt 0.096728 0.000344
vt 0.096728 0.070910
vt 0.167191 0.188462
vt 0.096728 0.188462
vt 0.167191 0.070910
vt 0.167191 0.188462
vt 0.096728 0.070910
vt 0.096728 0.188462
vt 0.167191 0.306014
vt 0.096728 0.306014
vt 0.167191 0.188462
vt 0.167191 0.306014
vt 0.096728 0.188462
vt 0.096728 0.306014
vt 0.167191 0.376580
vt 0.096728 0.376580
vt 0.167191 0.306014
vt 0.167191 0.376580
vt 0.096728 0.306014
vt 0.999656 0.637470
vt 0.957892 0.577721
vt 0.999656 0.577721
vt 0.957892 0.637470
vt 0.957892 0.577721
vt 0.999656 0.637470
vt 0.999656 0.577721
vt 0.957892 0.478189
vt 0.999656 0.478189
vt 0.957892 0.577721
vt 0.957892 0.478189
vt 0.999656 0.577721
vt 0.999656 0.478189
vt 0.957892 0.378656
vt 0.999656 0.378656
vt 0.957892 0.478189
vt 0.957892 0.378656
vt 0.999656 0.478189
vt 0.999656 0.378656
vt 0.957892 0.318907
vt 0.999656 0.318907
vt 0.957892 0.378656
vt 0.957892 0.318907
vt 0.999656 0.378656
vt 0.999656 0.318907
vt 0.957892 0.259158
vt 0.999656 0.259158
vt 0.957892 0.318907
vt 0.957892 0.259158
vt 0.999656 0.318907
vt 0.999656 0.259158
vt 0.957892 0.159626
vt 0.999656 0.159626
vt 0.957892 0.259158
vt 0.957892 0.159626
vt 0.999656 0.259158
vt 0.999656 0.159626
vt 0.957892 0.060093
vt 0.999656 0.060093
vt 0.957892 0.159626
vt 0.957892 0.060093
vt 0.999656 0.159626
vt 0.999656 0.060093
vt 0.957892 0.000344
vt 0.999656 0.000344
vt 0.957892 0.060093
vt 0.957892 0.000344
vt 0.999656 0.060093
vt 0.485616 0.101046
vt 0.463086 0.175968
vt 0.463086 0.106296
vt 0.463086 0.175968
vt 0.438056 0.236744
vt 0.429794 0.201284
vt 0.463086 0.175968
vt 0.485616 0.200579
vt 0.438056 0.236744
vt 0.388740 0.193290
vt 0.429794 0.201284
vt 0.438056 0.236744
vt 0.335415 0.136042
vt 0.388740 0.193290
vt 0.379408 0.225325
vt 0.485616 0.101046
vt 0.485616 0.200579
vt 0.463086 0.175968
vt 0.388740 0.193290
vt 0.438056 0.236744
vt 0.379408 0.225325
vt 0.335415 0.136042
vt 0.357945 0.130793
vt 0.388740 0.193290
vt 0.485616 0.101046
vt 0.463086 0.106296
vt 0.432291 0.043798
vt 0.357945 0.130793
vt 0.335415 0.136042
vt 0.357945 0.061120
vt 0.485616 0.101046
vt 0.432291 0.043798
vt 0.441623 0.011764
vt 0.357945 0.061120
vt 0.335415 0.136042
vt 0.335415 0.036510
vt 0.441623 0.011764
vt 0.432291 0.043798
vt 0.391238 0.035804
vt 0.357945 0.061120
vt 0.335415 0.036510
vt 0.391238 0.035804
vt 0.441623 0.011764
vt 0.391238 0.035804
vt 0.382976 0.000344
vt 0.018114 0.442812
vt 0.000344 0.480408
vt 0.007209 0.438236
vt 0.391238 0.035804
vt 0.335415 0.036510
vt 0.382976 0.000344
vt 0.000344 0.480408
vt 0.019593 0.488688
vt 0.013368 0.496703
vt 0.000344 0.480408
vt 0.016519 0.481439
vt 0.019593 0.488688
vt 0.032722 0.505766
vt 0.013368 0.496703
vt 0.019593 0.488688
vt 0.063527 0.475256
vt 0.032722 0.505766
vt 0.026995 0.490010
vt 0.018114 0.442812
vt 0.016519 0.481439
vt 0.000344 0.480408
vt 0.032722 0.505766
vt 0.019593 0.488688
vt 0.026995 0.490010
vt 0.063527 0.475256
vt 0.071868 0.484360
vt 0.032722 0.505766
vt 0.018114 0.442812
vt 0.007209 0.438236
vt 0.032513 0.403703
vt 0.071868 0.484360
vt 0.063527 0.475256
vt 0.096728 0.447147
vt 0.018114 0.442812
vt 0.032513 0.403703
vt 0.044443 0.414725
vt 0.096728 0.447147
vt 0.063527 0.475256
vt 0.081480 0.439738
vt 0.044443 0.414725
vt 0.032513 0.403703
vt 0.096728 0.376580
vt 0.096728 0.447147
vt 0.081480 0.439738
vt 0.096728 0.376580
vt 0.044443 0.414725
vt 0.096728 0.376580
vt 0.066059 0.421483
vt 0.096728 0.376580
vt 0.081480 0.439738
vt 0.066059 0.421483
vt 0.096728 0.376580
vt 0.167191 0.447147
vt 0.096728 0.447147
vt 0.167191 0.376580
vt 0.167191 0.447147
vt 0.096728 0.376580
vt 0.096728 0.447147
vt 0.167191 0.564698
vt 0.096728 0.564698
vt 0.167191 0.447147
vt 0.167191 0.564698
vt 0.096728 0.447147
vt 0.096728 0.564698
vt 0.167191 0.682250
vt 0.096728 0.682250
vt 0.167191 0.564698
vt 0.167191 0.682250
vt 0.096728 0.564698
vt 0.096728 0.682250
vt 0.167191 0.752817
vt 0.096728 0.752817
vt 0.167191 0.682250
vt 0.167191 0.752817
vt 0.096728 0.682250
vt 0.096728 0.000344
vt 0.167191 0.070910
vt 0.096728 0.070910
vt 0.167191 0.000344
vt 0.167191 0.070910
vt 0.096728 0.000344
vt 0.096728 0.070910
vt 0.167191 0.188462
vt 0.096728 0.188462
vt 0.167191 0.070910
vt 0.167191 0.188462
vt 0.096728 0.070910
vt 0.096728 0.188462
vt 0.167191 0.306014
vt 0.096728 0.306014
vt 0.167191 0.188462
vt 0.167191 0.306014
vt 0.096728 0.188462
vt 0.096728 0.306014
vt 0.167191 0.376580
vt 0.096728 0.376580
vt 0.167191 0.306014
vt 0.167191 0.376580
vt 0.096728 0.306014
vt 0.999656 0.637470
vt 0.957892 0.577721
vt 0.999656 0.577721
vt 0.957892 0.637470
vt 0.957892 0.577721
vt 0.999656 0.637470
vt 0.999656 0.577721
vt 0.957892 0.478189
vt 0.999656 0.478189
vt 0.957892 0.577721
vt 0.957892 0.478189
vt 0.999656 0.577721
vt 0.999656 0.478189
vt 0.957892 0.378656
vt 0.999656 0.378656
vt 0.957892 0.478189
vt 0.957892 0.378656
vt 0.999656 0.478189
vt 0.999656 0.378656
vt 0.957892 0.318907
vt 0.999656 0.318907
vt 0.957892 0.378656
vt 0.957892 0.318907
vt 0.999656 0.378656
vt 0.999656 0.318907
vt 0.957892 0.259158
vt 0.999656 0.259158
vt 0.957892 0.318907
vt 0.957892 0.259158
vt 0.999656 0.318907
vt 0.999656 0.259158
vt 0.957892 0.159626
vt 0.999656 0.159626
vt 0.957892 0.259158
vt 0.957892 0.159626
vt 0.999656 0.259158
vt 0.999656 0.159626
vt 0.957892 0.060093
vt 0.999656 0.060093
vt 0.957892 0.159626
vt 0.957892 0.060093
vt 0.999656 0.159626
vt 0.999656 0.060093
vt 0.957892 0.000344
vt 0.999656 0.000344
vt 0.957892 0.060093
vt 0.957892 0.000344
vt 0.999656 0.060093
vt 0.485616 0.101046
vt 0.463086 0.175968
vt 0.463086 0.106296
vt 0.463086 0.175968
vt 0.438056 0.236744
vt 0.429794 0.201284
vt 0.463086 0.175968
vt 0.485616 0.200579
vt 0.438056 0.236744
vt 0.388740 0.193290
vt 0.429794 0.201284
vt 0.438056 0.236744
vt 0.335415 0.136042
vt 0.388740 0.193290
vt 0.379408 0.225325
vt 0.485616 0.101046
vt 0.485616 0.200579
vt 0.463086 0.175968
vt 0.388740 0.193290
vt 0.438056 0.236744
vt 0.379408 0.225325
vt 0.335415 0.136042
vt 0.357945 0.130793
vt 0.388740 0.193290
vt 0.485616 0.101046
vt 0.463086 0.106296
vt 0.432291 0.043798
vt 0.357945 0.130793
vt 0.335415 0.136042
vt 0.357945 0.061120
vt 0.485616 0.101046
vt 0.432291 0.043798
vt 0.441623 0.011764
vt 0.357945 0.061120
vt 0.335415 0.136042
vt 0.335415 0.036510
vt 0.441623 0.011764
vt 0.432291 0.043798
vt 0.391238 0.035804
vt 0.357945 0.061120
vt 0.335415 0.036510
vt 0.391238 0.035804
vt 0.441623 0.011764
vt 0.391238 0.035804
vt 0.382976 0.000344
vt 0.018114 0.442812
vt 0.000344 0.480408
vt 0.007209 0.438236
vt 0.391238 0.035804
vt 0.335415 0.036510
vt 0.382976 0.000344
vt 0.000344 0.480408
vt 0.019593 0.488688
vt 0.013368 0.496703
vt 0.000344 0.480408
vt 0.016519 0.481439
vt 0.019593 0.488688
vt 0.032722 0.505766
vt 0.013368 0.496703
vt 0.019593 0.488688
vt 0.063527 0.475256
vt 0.032722 0.505766
vt 0.026995 0.490010
vt 0.018114 0.442812
vt 0.016519 0.481439
vt 0.000344 0.480408
vt 0.032722 0.505766
vt 0.019593 0.488688
vt 0.026995 0.490010
vt 0.063527 0.475256
vt 0.071868 0.484360
vt 0.032722 0.505766
vt 0.018114 0.442812
vt 0.007209 0.438236
vt 0.032513 0.403703
vt 0.071868 0.484360
vt 0.063527 0.475256
vt 0.096728 0.447147
vt 0.018114 0.442812
vt 0.032513 0.403703
vt 0.044443 0.414725
vt 0.096728 0.447147
vt 0.063527 0.475256
vt 0.081480 0.439738
vt 0.044443 0.414725
vt 0.032513 0.403703
vt 0.096728 0.376580
vt 0.096728 0.447147
vt 0.081480 0.439738
vt 0.096728 0.376580
vt 0.044443 0.414725
vt 0.096728 0.376580
vt 0.066059 0.421483
vt 0.096728 0.376580
vt 0.081480 0.439738
vt 0.066059 0.421483
vt 0.096728 0.376580
vt 0.167191 0.447147
vt 0.096728 0.447147
vt 0.167191 0.376580
vt 0.167191 0.447147
vt 0.096728 0.376580
vt 0.096728 0.447147
vt 0.167191 0.564698
vt 0.096728 0.564698
vt 0.167191 0.447147
vt 0.167191 0.564698
vt 0.096728 0.447147
vt 0.096728 0.564698
vt 0.167191 0.682250
vt 0.096728 0.682250
vt 0.167191 0.564698
vt 0.167191 0.682250
vt 0.096728 0.564698
vt 0.096728 0.682250
vt 0.167191 0.752817
vt 0.096728 0.752817
vt 0.167191 0.682250
vt 0.167191 0.752817
vt 0.096728 0.682250
vt 0.096728 0.000344
vt 0.167191 0.070910
vt 0.096728 0.070910
vt 0.167191 0.000344
vt 0.167191 0.070910
vt 0.096728 0.000344
vt 0.096728 0.070910
vt 0.167191 0.188462
vt 0.096728 0.188462
vt 0.167191 0.070910
vt 0.167191 0.188462
vt 0.096728 0.070910
vt 0.096728 0.188462
vt 0.167191 0.306014
vt 0.096728 0.306014
vt 0.167191 0.188462
vt 0.167191 0.306014
vt 0.096728 0.188462
vt 0.096728 0.306014
vt 0.167191 0.376580
vt 0.096728 0.376580
vt 0.167191 0.306014
vt 0.167191 0.376580
vt 0.096728 0.306014
vt 0.999656 0.637470
vt 0.957892 0.577721
vt 0.999656 0.577721
vt 0.957892 0.637470
vt 0.957892 0.577721
vt 0.999656 0.637470
vt 0.999656 0.577721
vt 0.957892 0.478189
vt 0.999656 0.478189
vt 0.957892 0.577721
vt 0.957892 0.478189
vt 0.999656 0.577721
vt 0.999656 0.478189
vt 0.957892 0.378656
vt 0.999656 0.378656
vt 0.957892 0.478189
vt 0.957892 0.378656
vt 0.999656 0.478189
vt 0.999656 0.378656
vt 0.957892 0.318907
vt 0.999656 0.318907
vt 0.957892 0.378656
vt 0.957892 0.318907
vt 0.999656 0.378656
vt 0.999656 0.318907
vt 0.957892 0.259158
vt 0.999656 0.259158
vt 0.957892 0.318907
vt 0.957892 0.259158
vt 0.999656 0.318907
vt 0.999656 0.259158
vt 0.957892 0.159626
vt 0.999656 0.159626
vt 0.957892 0.259158
vt 0.957892 0.159626
vt 0.999656 0.259158
vt 0.999656 0.159626
vt 0.957892 0.060093
vt 0.999656 0.060093
vt 0.957892 0.159626
vt 0.957892 0.060093
vt 0.999656 0.159626
vt 0.999656 0.060093
vt 0.957892 0.000344
vt 0.999656 0.000344
vt 0.957892 0.060093
vt 0.957892 0.000344
vt 0.999656 0.060093
vt 0.485616 0.101046
vt 0.463086 0.175968
vt 0.463086 0.106296
vt 0.463086 0.175968
vt 0.438056 0.236744
vt 0.429794 0.201284
vt 0.463086 0.175968
vt 0.485616 0.200579
vt 0.438056 0.236744
vt 0.388740 0.193290
vt 0.429794 0.201284
vt 0.438056 0.236744
vt 0.335415 0.136042
vt 0.388740 0.193290
vt 0.379408 0.225325
vt 0.485616 0.101046
vt 0.485616 0.200579
vt 0.463086 0.175968
vt 0.388740 0.193290
vt 0.438056 0.236744
vt 0.379408 0.225325
vt 0.335415 0.136042
vt 0.357945 0.130793
vt 0.388740 0.193290
vt 0.485616 0.101046
vt 0.463086 0.106296
vt 0.432291 0.043798
vt 0.357945 0.130793
vt 0.335415 0.136042
vt 0.357945 0.061120
vt 0.485616 0.101046
vt 0.432291 0.043798
vt 0.441623 0.011764
vt 0.357945 0.061120
vt 0.335415 0.136042
vt 0.335415 0.036510
vt 0.441623 0.011764
vt 0.432291 0.043798
vt 0.391238 0.035804
vt 0.357945 0.061120
vt 0.335415 0.036510
vt 0.391238 0.035804
vt 0.441623 0.011764
vt 0.391238 0.035804
vt 0.382976 0.000344
vt 0.018114 0.442812
vt 0.000344 0.480408
vt 0.007209 0.438236
vt 0.391238 0.035804
vt 0.335415 0.036510
vt 0.382976 0.000344
vt 0.000344 0.480408
vt 0.019593 0.488688
vt 0.013368 0.496703
vt 0.000344 0.480408
vt 0.016519 0.481439
vt 0.019593 0.488688
vt 0.032722 0.505766
vt 0.013368 0.496703
vt 0.019593 0.488688
vt 0.063527 0.475256
vt 0.032722 0.505766
vt 0.026995 0.490010
vt 0.018114 0.442812
vt 0.016519 0.481439
vt 0.000344 0.480408
vt 0.032722 0.505766
vt 0.019593 0.488688
vt 0.026995 0.490010
vt 0.063527 0.475256
vt 0.071868 0.484360
vt 0.032722 0.505766
vt 0.018114 0.442812
vt 0.007209 0.438236
vt 0.032513 0.403703
vt 0.071868 0.484360
vt 0.063527 0.475256
vt 0.096728 0.447147
vt 0.018114 0.442812
vt 0.032513 0.403703
vt 0.044443 0.414725
vt 0.096728 0.447147
vt 0.063527 0.475256
vt 0.081480 0.439738
vt 0.044443 0.414725
vt 0.032513 0.403703
vt 0.096728 0.376580
vt 0.096728 0.447147
vt 0.081480 0.439738
vt 0.096728 0.376580
vt 0.044443 0.414725
vt 0.096728 0.376580
vt 0.066059 0.421483
vt 0.096728 0.376580
vt 0.081480 0.439738
vt 0.066059 0.421483
vt 0.096728 0.376580
vt 0.167191 0.447147
vt 0.096728 0.447147
vt 0.167191 0.376580
vt 0.167191 0.447147
vt 0.096728 0.376580
vt 0.096728 0.447147
vt 0.167191 0.564698
vt 0.096728 0.564698
vt 0.167191 0.447147
vt 0.167191 0.564698
vt 0.096728 0.447147
vt 0.096728 0.564698
vt 0.167191 0.682250
vt 0.096728 0.682250
vt 0.167191 0.564698
vt 0.167191 0.682250
vt 0.096728 0.564698
vt 0.096728 0.682250
vt 0.167191 0.752817
vt 0.096728 0.752817
vt 0.167191 0.682250
vt 0.167191 0.752817
vt 0.096728 0.682250
vt 0.096728 0.000344
vt 0.167191 0.070910
vt 0.096728 0.070910
vt 0.167191 0.000344
vt 0.167191 0.070910
vt 0.096728 0.000344
vt 0.096728 0.070910
vt 0.167191 0.188462
vt 0.096728 0.188462
vt 0.167191 0.070910
vt 0.167191 0.188462
vt 0.096728 0.070910
vt 0.096728 0.188462
vt 0.167191 0.306014
vt 0.096728 0.306014
vt 0.167191 0.188462
vt 0.167191 0.306014
vt 0.096728 0.188462
vt 0.096728 0.306014
vt 0.167191 0.376580
vt 0.096728 0.376580
vt 0.167191 0.306014
vt 0.167191 0.376580
vt 0.096728 0.306014
vt 0.999656 0.637470
vt 0.957892 0.577721
vt 0.999656 0.577721
vt 0.957892 0.637470
vt 0.957892 0.577721
vt 0.999656 0.637470
vt 0.999656 0.577721
vt 0.957892 0.478189
vt 0.999656 0.478189
vt 0.957892 0.577721
vt 0.957892 0.478189
vt 0.999656 0.577721
vt 0.999656 0.478189
vt 0.957892 0.378656
vt 0.999656 0.378656
vt 0.957892 0.478189
vt 0.957892 0.378656
vt 0.999656 0.478189
vt 0.999656 0.378656
vt 0.957892 0.318907
vt 0.999656 0.318907
vt 0.957892 0.378656
vt 0.957892 0.318907
vt 0.999656 0.378656
vt 0.999656 0.318907
vt 0.957892 0.259158
vt 0.999656 0.259158
vt 0.957892 0.318907
vt 0.957892 0.259158
vt 0.999656 0.318907
vt 0.999656 0.259158
vt 0.957892 0.159626
vt 0.999656 0.159626
vt 0.957892 0.259158
vt 0.957892 0.159626
vt 0.999656 0.259158
vt 0.999656 0.159626
vt 0.957892 0.060093
vt 0.999656 0.060093
vt 0.957892 0.159626
vt 0.957892 0.060093
vt 0.999656 0.159626
vt 0.999656 0.060093
vt 0.957892 0.000344
vt 0.999656 0.000344
vt 0.957892 0.060093
vt 0.957892 0.000344
vt 0.999656 0.060093
vt 0.485616 0.101046
vt 0.463086 0.175968
vt 0.463086 0.106296
vt 0.463086 0.175968
vt 0.438056 0.236744
vt 0.429794 0.201284
vt 0.463086 0.175968
vt 0.485616 0.200579
vt 0.438056 0.236744
vt 0.388740 0.193290
vt 0.429794 0.201284
vt 0.438056 0.236744
vt 0.335415 0.136042
vt 0.388740 0.193290
vt 0.379408 0.225325
vt 0.485616 0.101046
vt 0.485616 0.200579
vt 0.463086 0.175968
vt 0.388740 0.193290
vt 0.438056 0.236744
vt 0.379408 0.225325
vt 0.335415 0.136042
vt 0.357945 0.130793
vt 0.388740 0.193290
vt 0.485616 0.101046
vt 0.463086 0.106296
vt 0.432291 0.043798
vt 0.357945 0.130793
vt 0.335415 0.136042
vt 0.357945 0.061120
vt 0.485616 0.101046
vt 0.432291 0.043798
vt 0.441623 0.011764
vt 0.357945 0.061120
vt 0.335415 0.136042
vt 0.335415 0.036510
vt 0.441623 0.011764
vt 0.432291 0.043798
vt 0.391238 0.035804
vt 0.357945 0.061120
vt 0.335415 0.036510
vt 0.391238 0.035804
vt 0.441623 0.011764
vt 0.391238 0.035804
vt 0.382976 0.000344
vt 0.018114 0.442812
vt 0.000344 0.480408
vt 0.007209 0.438236
vt 0.391238 0.035804
vt 0.335415 0.036510
vt 0.382976 0.000344
vt 0.000344 0.480408
vt 0.019593 0.488688
vt 0.013368 0.496703
vt 0.000344 0.480408
vt 0.016519 0.481439
vt 0.019593 0.488688
vt 0.032722 0.505766
vt 0.013368 0.496703
vt 0.019593 0.488688
vt 0.063527 0.475256
vt 0.032722 0.505766
vt 0.026995 0.490010
vt 0.018114 0.442812
vt 0.016519 0.481439
vt 0.000344 0.480408
vt 0.032722 0.505766
vt 0.019593 0.488688
vt 0.026995 0.490010
vt 0.063527 0.475256
vt 0.071868 0.484360
vt 0.032722 0.505766
vt 0.018114 0.442812
vt 0.007209 0.438236
vt 0.032513 0.403703
vt 0.071868 0.484360
vt 0.063527 0.475256
vt 0.096728 0.447147
vt 0.018114 0.442812
vt 0.032513 0.403703
vt 0.044443 0.414725
vt 0.096728 0.447147
vt 0.063527 0.475256
vt 0.081480 0.439738
vt 0.044443 0.414725
vt 0.032513 0.403703
vt 0.096728 0.376580
vt 0.096728 0.447147
vt 0.081480 0.439738
vt 0.096728 0.376580
vt 0.044443 0.414725
vt 0.096728 0.376580
vt 0.066059 0.421483
vt 0.096728 0.376580
vt 0.081480 0.439738
vt 0.066059 0.421483
vt 0.096728 0.376580
vt 0.167191 0.447147
vt 0.096728 0.447147
vt 0.167191 0.376580
vt 0.167191 0.447147
vt 0.096728 0.376580
vt 0.096728 0.447147
vt 0.167191 0.564698
vt 0.096728 0.564698
vt 0.167191 0.447147
vt 0.167191 0.564698
vt 0.096728 0.447147
vt 0.096728 0.564698
vt 0.167191 0.682250
vt 0.096728 0.682250
vt 0.167191 0.564698
vt 0.167191 0.682250
vt 0.096728 0.564698
vt 0.096728 0.682250
vt 0.167191 0.752817
vt 0.096728 0.752817
vt 0.167191 0.682250
vt 0.167191 0.752817
vt 0.096728 0.682250
vt 0.096728 0.000344
vt 0.167191 0.070910
vt 0.096728 0.070910
vt 0.167191 0.000344
vt 0.167191 0.070910
vt 0.096728 0.000344
vt 0.096728 0.070910
vt 0.167191 0.188462
vt 0.096728 0.188462
vt 0.167191 0.070910
vt 0.167191 0.188462
vt 0.096728 0.070910
vt 0.096728 0.188462
vt 0.167191 0.306014
vt 0.096728 0.306014
vt 0.167191 0.188462
vt 0.167191 0.306014
vt 0.096728 0.188462
vt 0.096728 0.306014
vt 0.167191 0.376580
vt 0.096728 0.376580
vt 0.167191 0.306014
vt 0.167191 0.376580
vt 0.096728 0.306014
vt 0.999656 0.637470
vt 0.957892 0.577721
vt 0.999656 0.577721
vt 0.957892 0.637470
vt 0.957892 0.577721
vt 0.999656 0.637470
vt 0.999656 0.577721
vt 0.957892 0.478189
vt 0.999656 0.478189
vt 0.957892 0.577721
vt 0.957892 0.478189
vt 0.999656 0.577721
vt 0.999656 0.478189
vt 0.957892 0.378656
vt 0.999656 0.378656
vt 0.957892 0.478189
vt 0.957892 0.378656
vt 0.999656 0.478189
vt 0.999656 0.378656
vt 0.957892 0.318907
vt 0.999656 0.318907
vt 0.957892 0.378656
vt 0.957892 0.318907
vt 0.999656 0.378656
vt 0.999656 0.318907
vt 0.957892 0.259158
vt 0.999656 0.259158
vt 0.957892 0.318907
vt 0.957892 0.259158
vt 0.999656 0.318907
vt 0.999656 0.259158
vt 0.957892 0.159626
vt 0.999656 0.159626
vt 0.957892 0.259158
vt 0.957892 0.159626
vt 0.999656 0.259158
vt 0.999656 0.159626
vt 0.957892 0.060093
vt 0.999656 0.060093
vt 0.957892 0.159626
vt 0.957892 0.060093
vt 0.999656 0.159626
vt 0.999656 0.060093
vt 0.957892 0.000344
vt 0.999656 0.000344
vt 0.957892 0.060093
vt 0.957892 0.000344
vt 0.999656 0.060093
vt 0.485616 0.101046
vt 0.463086 0.175968
vt 0.463086 0.106296
vt 0.463086 0.175968
vt 0.438056 0.236744
vt 0.429794 0.201284
vt 0.463086 0.175968
vt 0.485616 0.200579
vt 0.438056 0.236744
vt 0.388740 0.193290
vt 0.429794 0.201284
vt 0.438056 0.236744
vt 0.335415 0.136042
vt 0.388740 0.193290
vt 0.379408 0.225325
vt 0.485616 0.101046
vt 0.485616 0.200579
vt 0.463086 0.175968
vt 0.388740 0.193290
vt 0.438056 0.236744
vt 0.379408 0.225325
vt 0.335415 0.136042
vt 0.357945 0.130793
vt 0.388740 0.193290
vt 0.485616 0.101046
vt 0.463086 0.106296
vt 0.432291 0.043798
vt 0.357945 0.130793
vt 0.335415 0.136042
vt 0.357945 0.061120
vt 0.485616 0.101046
vt 0.432291 0.043798
vt 0.441623 0.011764
vt 0.357945 0.061120
vt 0.335415 0.136042
vt 0.335415 0.036510
vt 0.441623 0.011764
vt 0.432291 0.043798
vt 0.391238 0.035804
vt 0.357945 0.061120
vt 0.335415 0.036510
vt 0.391238 0.035804
vt 0.441623 0.011764
vt 0.391238 0.035804
vt 0.382976 0.000344
vt 0.018114 0.442812
vt 0.000344 0.480408
vt 0.007209 0.438236
vt 0.391238 0.035804
vt 0.335415 0.036510
vt 0.382976 0.000344
vt 0.000344 0.480408
vt 0.019593 0.488688
vt 0.013368 0.496703
vt 0.000344 0.480408
vt 0.016519 0.481439
vt 0.019593 0.488688
vt 0.032722 0.505766
vt 0.013368 0.496703
vt 0.019593 0.488688
vt 0.063527 0.475256
vt 0.032722 0.505766
vt 0.026995 0.490010
vt 0.018114 0.442812
vt 0.016519 0.481439
vt 0.000344 0.480408
vt 0.032722 0.505766
vt 0.019593 0.488688
vt 0.026995 0.490010
vt 0.063527 0.475256
vt 0.071868 0.484360
vt 0.032722 0.505766
vt 0.018114 0.442812
vt 0.007209 0.438236
vt 0.032513 0.403703
vt 0.071868 0.484360
vt 0.063527 0.475256
vt 0.096728 0.447147
vt 0.018114 0.442812
vt 0.032513 0.403703
vt 0.044443 0.414725
vt 0.096728 0.447147
vt 0.063527 0.475256
vt 0.081480 0.439738
vt 0.044443 0.414725
vt 0.032513 0.403703
vt 0.096728 0.376580
vt 0.096728 0.447147
vt 0.081480 0.439738
vt 0.096728 0.376580
vt 0.044443 0.414725
vt 0.096728 0.376580
vt 0.066059 0.421483
vt 0.096728 0.376580
vt 0.081480 0.439738
vt 0.066059 0.421483
vt 0.096728 0.376580
vt 0.167191 0.447147
vt 0.096728 0.447147
vt 0.167191 0.376580
vt 0.167191 0.447147
vt 0.096728 0.376580
vt 0.096728 0.447147
vt 0.167191 0.564698
vt 0.096728 0.564698
vt 0.167191 0.447147
vt 0.167191 0.564698
vt 0.096728 0.447147
vt 0.096728 0.564698
vt 0.167191 0.682250
vt 0.096728 0.682250
vt 0.167191 0.564698
vt 0.167191 0.682250
vt 0.096728 0.564698
vt 0.096728 0.682250
vt 0.167191 0.752817
vt 0.096728 0.752817
vt 0.167191 0.682250
vt 0.167191 0.752817
vt 0.096728 0.682250
vt 0.096728 0.000344
vt 0.167191 0.070910
vt 0.096728 0.070910
vt 0.167191 0.000344
vt 0.167191 0.070910
vt 0.096728 0.000344
vt 0.096728 0.070910
vt 0.167191 0.188462
vt 0.096728 0.188462
vt 0.167191 0.070910
vt 0.167191 0.188462
vt 0.096728 0.070910
vt 0.096728 0.188462
vt 0.167191 0.306014
vt 0.096728 0.306014
vt 0.167191 0.188462
vt 0.167191 0.306014
vt 0.096728 0.188462
vt 0.096728 0.306014
vt 0.167191 0.376580
vt 0.096728 0.376580
vt 0.167191 0.306014
vt 0.167191 0.376580
vt 0.096728 0.306014
vt 0.999656 0.637470
vt 0.957892 0.577721
vt 0.999656 0.577721
vt 0.957892 0.637470
vt 0.957892 0.577721
vt 0.999656 0.637470
vt 0.999656 0.577721
vt 0.957892 0.478189
vt 0.999656 0.478189
vt 0.957892 0.577721
vt 0.957892 0.478189
vt 0.999656 0.577721
vt 0.999656 0.478189
vt 0.957892 0.378656
vt 0.999656 0.378656
vt 0.957892 0.478189
vt 0.957892 0.378656
vt 0.999656 0.478189
vt 0.999656 0.378656
vt 0.957892 0.318907
vt 0.999656 0.318907
vt 0.957892 0.378656
vt 0.957892 0.318907
vt 0.999656 0.378656
vt 0.999656 0.318907
vt 0.957892 0.259158
vt 0.999656 0.259158
vt 0.957892 0.318907
vt 0.957892 0.259158
vt 0.999656 0.318907
vt 0.999656 0.259158
vt 0.957892 0.159626
vt 0.999656 0.159626
vt 0.957892 0.259158
vt 0.957892 0.159626
vt 0.999656 0.259158
vt 0.999656 0.159626
vt 0.957892 0.060093
vt 0.999656 0.060093
vt 0.957892 0.159626
vt 0.957892 0.060093
vt 0.999656 0.159626
vt 0.999656 0.060093
vt 0.957892 0.000344
vt 0.999656 0.000344
vt 0.957892 0.060093
vt 0.957892 0.000344
vt 0.999656 0.060093
vt 0.539630 0.517974
vt 0.530297 0.485940
vt 0.588945 0.474521
vt 0.539630 0.517974
vt 0.588945 0.474521
vt 0.580683 0.509981
vt 0.693016 0.438372
vt 0.743402 0.462412
vt 0.684754 0.473832
vt 0.486305 0.575223
vt 0.539630 0.517974
vt 0.508835 0.580472
vt 0.637194 0.437666
vt 0.693016 0.438372
vt 0.684754 0.473832
vt 0.734070 0.430378
vt 0.743402 0.462412
vt 0.693016 0.438372
vt 0.637194 0.437666
vt 0.659724 0.413056
vt 0.693016 0.438372
vt 0.734070 0.430378
vt 0.787395 0.373130
vt 0.743402 0.462412
vt 0.637194 0.338134
vt 0.659724 0.413056
vt 0.637194 0.437666
vt 0.764865 0.367881
vt 0.787395 0.373130
vt 0.734070 0.430378
vt 0.637194 0.338134
vt 0.659724 0.343384
vt 0.659724 0.413056
vt 0.787395 0.373130
vt 0.764865 0.367881
vt 0.764864 0.298208
vt 0.764864 0.298208
vt 0.739834 0.237432
vt 0.787395 0.273598
vt 0.637194 0.338134
vt 0.681186 0.248852
vt 0.690519 0.280886
vt 0.787395 0.373130
vt 0.764864 0.298208
vt 0.787395 0.273598
vt 0.764864 0.298208
vt 0.731572 0.272892
vt 0.739834 0.237432
vt 0.690519 0.280886
vt 0.681186 0.248852
vt 0.739834 0.237432
vt 0.690519 0.280886
vt 0.739834 0.237432
vt 0.731572 0.272892
vt 0.637194 0.338134
vt 0.690519 0.280886
vt 0.659724 0.343384
vt 0.613975 0.535296
vt 0.580683 0.509981
vt 0.588945 0.474521
vt 0.636505 0.610218
vt 0.613975 0.535296
vt 0.636505 0.510686
vt 0.486305 0.575223
vt 0.530297 0.485940
vt 0.539630 0.517974
vt 0.613975 0.535296
vt 0.588945 0.474521
vt 0.636505 0.510686
vt 0.636505 0.610218
vt 0.613975 0.604969
vt 0.613975 0.535296
vt 0.486305 0.575223
vt 0.508835 0.580472
vt 0.508835 0.650145
vt 0.613975 0.604969
vt 0.636505 0.610218
vt 0.583180 0.667467
vt 0.486305 0.575223
vt 0.508835 0.650145
vt 0.486305 0.674754
vt 0.583180 0.667467
vt 0.636505 0.610218
vt 0.592513 0.699500
vt 0.486305 0.674754
vt 0.508835 0.650145
vt 0.542127 0.675460
vt 0.583180 0.667467
vt 0.592513 0.699500
vt 0.542127 0.675460
vt 0.486305 0.674754
vt 0.542127 0.675460
vt 0.533865 0.710920
vt 0.542127 0.675460
vt 0.592513 0.699500
vt 0.533865 0.710920
vt 0.637194 0.697515
vt 0.678957 0.739339
vt 0.637194 0.739339
vt 0.678957 0.697515
vt 0.678957 0.739339
vt 0.637194 0.697515
vt 0.637194 0.739339
vt 0.678957 0.809012
vt 0.637194 0.809012
vt 0.678957 0.739339
vt 0.678957 0.809012
vt 0.637194 0.739339
vt 0.637194 0.809012
vt 0.678958 0.878684
vt 0.637194 0.878684
vt 0.678957 0.809012
vt 0.678958 0.878684
vt 0.637194 0.809012
vt 0.637194 0.878684
vt 0.678958 0.920509
vt 0.637194 0.920509
vt 0.678958 0.878684
vt 0.678958 0.920509
vt 0.637194 0.878684
vt 0.637194 0.474520
vt 0.678958 0.516345
vt 0.637194 0.516345
vt 0.678958 0.474521
vt 0.678958 0.516345
vt 0.637194 0.474520
vt 0.637194 0.516345
vt 0.678957 0.586018
vt 0.637194 0.586018
vt 0.678958 0.516345
vt 0.678957 0.586018
vt 0.637194 0.516345
vt 0.637194 0.586018
vt 0.678957 0.655690
vt 0.637194 0.655690
vt 0.678957 0.586018
vt 0.678957 0.655690
vt 0.637194 0.586018
vt 0.637194 0.655690
vt 0.678957 0.697515
vt 0.637194 0.697515
vt 0.678957 0.655690
vt 0.678957 0.697515
vt 0.637194 0.655690
vt 0.915440 0.318907
vt 0.957204 0.378656
vt 0.915440 0.378656
vt 0.957204 0.318907
vt 0.957204 0.378656
vt 0.915440 0.318907
vt 0.915440 0.378656
vt 0.957204 0.478188
vt 0.915440 0.478188
vt 0.957204 0.378656
vt 0.957204 0.478188
vt 0.915440 0.378656
vt 0.915440 0.478188
vt 0.957204 0.577720
vt 0.915440 0.577720
vt 0.957204 0.478188
vt 0.957204 0.577720
vt 0.915440 0.478188
vt 0.915440 0.577720
vt 0.957204 0.637470
vt 0.915440 0.637470
vt 0.957204 0.577720
vt 0.957204 0.637470
vt 0.915440 0.577720
vt 0.915440 0.060093
vt 0.957204 0.159626
vt 0.915440 0.159625
vt 0.957204 0.060093
vt 0.957204 0.159626
vt 0.915440 0.060093
vt 0.915440 0.159625
vt 0.957204 0.259158
vt 0.915440 0.259157
vt 0.957204 0.159626
vt 0.957204 0.259158
vt 0.915440 0.159625
vt 0.915440 0.259157
vt 0.957204 0.318907
vt 0.915440 0.318907
vt 0.957204 0.259158
vt 0.957204 0.318907
vt 0.915440 0.259157
vt 0.539630 0.517974
vt 0.530297 0.485940
vt 0.588945 0.474521
vt 0.539630 0.517974
vt 0.588945 0.474521
vt 0.580683 0.509981
vt 0.693016 0.438372
vt 0.743402 0.462412
vt 0.684754 0.473832
vt 0.486305 0.575223
vt 0.539630 0.517974
vt 0.508835 0.580472
vt 0.637194 0.437666
vt 0.693016 0.438372
vt 0.684754 0.473832
vt 0.734070 0.430378
vt 0.743402 0.462412
vt 0.693016 0.438372
vt 0.637194 0.437666
vt 0.659724 0.413056
vt 0.693016 0.438372
vt 0.734070 0.430378
vt 0.787395 0.373130
vt 0.743402 0.462412
vt 0.637194 0.338134
vt 0.659724 0.413056
vt 0.637194 0.437666
vt 0.764865 0.367881
vt 0.787395 0.373130
vt 0.734070 0.430378
vt 0.637194 0.338134
vt 0.659724 0.343384
vt 0.659724 0.413056
vt 0.787395 0.373130
vt 0.764865 0.367881
vt 0.764864 0.298208
vt 0.764864 0.298208
vt 0.739834 0.237432
vt 0.787395 0.273598
vt 0.637194 0.338134
vt 0.681186 0.248852
vt 0.690519 0.280886
vt 0.787395 0.373130
vt 0.764864 0.298208
vt 0.787395 0.273598
vt 0.764864 0.298208
vt 0.731572 0.272892
vt 0.739834 0.237432
vt 0.690519 0.280886
vt 0.681186 0.248852
vt 0.739834 0.237432
vt 0.690519 0.280886
vt 0.739834 0.237432
vt 0.731572 0.272892
vt 0.637194 0.338134
vt 0.690519 0.280886
vt 0.659724 0.343384

vn -0.408879 0.912589 0.000000
vn -0.408879 0.912589 0.000000
vn -0.408879 0.912589 0.000000
vn -0.408879 0.912588 0.000000
vn -0.408879 0.912588 0.000000
vn -0.408879 0.912588 0.000000
vn -0.973914 0.226917 0.000000
vn -0.973914 0.226917 0.000000
vn -0.973914 0.226917 0.000000
vn -0.973914 0.226917 0.000000
vn -0.973914 0.226917 0.000000
vn -0.973914 0.226917 0.000000
vn -0.973914 -0.226917 0.000000
vn -0.973914 -0.226917 0.000000
vn -0.973914 -0.226917 0.000000
vn -0.973914 -0.226917 0.000000
vn -0.973914 -0.226917 0.000000
vn -0.973914 -0.226917 0.000000
vn -0.408874 -0.912591 0.000000
vn -0.408874 -0.912591 0.000000
vn -0.408874 -0.912591 0.000000
vn -0.408874 -0.912591 0.000000
vn -0.408874 -0.912591 0.000000
vn -0.408874 -0.912591 0.000000
vn 0.408874 -0.912591 0.000000
vn 0.408874 -0.912591 0.000000
vn 0.408874 -0.912591 0.000000
vn 0.408874 -0.912591 0.000000
vn 0.408874 -0.912591 0.000000
vn 0.408874 -0.912591 0.000000
vn 0.973914 -0.226917 0.000000
vn 0.973914 -0.226917 0.000000
vn 0.973914 -0.226917 0.000000
vn 0.973914 -0.226917 0.000000
vn 0.973914 -0.226917 0.000000
vn 0.973914 -0.226917 0.000000
vn 0.973914 0.226917 0.000000
vn 0.973914 0.226917 0.000000
vn 0.973914 0.226917 0.000000
vn 0.973914 0.226918 0.000000
vn 0.973914 0.226918 0.000000
vn 0.973914 0.226918 0.000000
vn 0.408881 0.912587 0.000000
vn 0.408881 0.912587 0.000000
vn 0.408881 0.912587 0.000000
vn 0.408877 0.912590 0.000000
vn 0.408877 0.912590 0.000000
vn 0.408877 0.912590 0.000000
vn -0.408876 0.912590 0.000000
vn -0.408876 0.912590 0.000000
vn -0.408876 0.912590 0.000000
vn -0.408873 0.912591 0.000000
vn -0.408873 0.912591 0.000000
vn -0.408873 0.912591 0.000000
vn -0.973914 0.226917 0.000000
vn -0.973914 0.226917 0.000000
vn -0.973914 0.226917 0.000000
vn -0.973914 0.226917 0.000000
vn -0.973914 0.226917 0.000000
vn -0.973914 0.226917 0.000000
vn -0.973914 -0.226916 0.000000
vn -0.973914 -0.226916 0.000000
vn -0.973914 -0.226916 0.000000
vn -0.973914 -0.226917 0.000000
vn -0.973914 -0.226917 0.000000
vn -0.973914 -0.226917 0.000000
vn -0.408873 -0.912591 0.000000
vn -0.408873 -0.912591 0.000000
vn -0.408873 -0.912591 0.000000
vn -0.408873 -0.912591 0.000000
vn -0.408873 -0.912591 0.000000
vn -0.408873 -0.912591 0.000000
vn 0.408873 -0.912591 0.000000
vn 0.408873 -0.912591 0.000000
vn 0.408873 -0.912591 0.000000
vn 0.408873 -0.912591 0.000000
vn 0.408873 -0.912591 0.000000
vn 0.408873 -0.912591 0.000000
vn 0.973914 -0.226916 0.000000
vn 0.973914 -0.226916 0.000000
vn 0.973914 -0.226916 0.000000
vn 0.973914 -0.226917 0.000000
vn 0.973914 -0.226917 0.000000
vn 0.973914 -0.226917 0.000000
vn 0.973914 0.226917 0.000000
vn 0.973914 0.226917 0.000000
vn 0.973914 0.226917 0.000000
vn 0.973914 0.226917 0.000000
vn 0.973914 0.226917 0.000000
vn 0.973914 0.226917 0.000000
vn 0.408873 0.912591 0.000000
vn 0.408873 0.912591 0.000000
vn 0.408873 0.912591 0.000000
vn 0.408876 0.912590 0.000000
vn 0.408876 0.912590 0.000000
vn 0.408876 0.912590 0.000000
vn -0.000000 0.000000 1.000000
vn -0.000000 0.000000 1.000000
vn -0.000000 0.000000 1.000000
vn 0.000000 0.000000 1.000000
vn 0.000000 0.000000 1.000000
vn 0.000000 0.000000 1.000000
vn 0.000000 -0.000000 1.000000
vn 0.000000 -0.000000 1.000000
vn 0.000000 -0.000000 1.000000
vn -0.000000 -0.000000 1.000000
vn -0.000000 -0.000000 1.000000
vn -0.000000 -0.000000 1.000000
vn -0.000000 -0.000000 1.000000
vn -0.000000 -0.000000 1.000000
vn -0.000000 -0.000000 1.000000
vn 0.000000 -0.000000 1.000000
vn 0.000000 -0.000000 1.000000
vn 0.000000 -0.000000 1.000000
vn -0.000000 0.000000 1.000000
vn -0.000000 0.000000 1.000000
vn -0.000000 0.000000 1.000000
vn -0.000000 0.000000 1.000000
vn -0.000000 0.000000 1.000000
vn -0.000000 0.000000 1.000000
vn -0.000000 0.000000 1.000000
vn -0.000000 0.000000 1.000000
vn -0.000000 0.000000 1.000000
vn 0.000000 0.000000 1.000000
vn 0.000000 0.000000 1.000000
vn 0.000000 0.000000 1.000000
vn -0.000000 0.000000 1.000000
vn -0.000000 0.000000 1.000000
vn -0.000000 0.000000 1.000000
vn 0.000000 0.000000 1.000000
vn 0.000000 0.000000 1.000000
vn 0.000000 0.000000 1.000000
vn -0.000000 0.000000 1.000000
vn -0.000000 0.000000 1.000000
vn -0.000000 0.000000 1.000000
vn -0.000000 0.000000 1.000000
vn -0.000000 0.000000 1.000000
vn -0.000000 0.000000 1.000000
vn 0.000000 0.000000 1.000000
vn 0.000000 0.000000 1.000000
vn 0.000000 0.000000 1.000000
vn -0.000000 0.000000 1.000000
vn -0.000000 0.000000 1.000000
vn -0.000000 0.000000 1.000000
vn -0.000000 0.000000 1.000000
vn -0.000000 0.000000 1.000000
vn -0.000000 0.000000 1.000000
vn 0.000000 0.000000 1.000000
vn 0.000000 0.000000 1.000000
vn 0.000000 0.000000 1.000000
vn -0.000000 0.000000 1.000000
vn -0.000000 0.000000 1.000000
vn -0.000000 0.000000 1.000000
vn -0.000000 -0.000000 1.000000
vn -0.000000 -0.000000 1.000000
vn -0.000000 -0.000000 1.000000
vn -0.000000 0.000000 1.000000
vn -0.000000 0.000000 1.000000
vn -0.000000 0.000000 1.000000
vn 0.000000 0.000000 1.000000
vn 0.000000 0.000000 1.000000
vn 0.000000 0.000000 1.000000
vn -0.000000 0.000000 1.000000
vn -0.000000 0.000000 1.000000
vn -0.000000 0.000000 1.000000
vn -0.000000 0.000000 1.000000
vn -0.000000 0.000000 1.000000
vn -0.000000 0.000000 1.000000
vn -0.000000 0.000000 1.000000
vn -0.000000 0.000000 1.000000
vn -0.000000 0.000000 1.000000
vn 0.000000 -0.000000 1.000000
vn 0.000000 -0.000000 1.000000
vn 0.000000 -0.000000 1.000000
vn -0.000000 -0.000000 1.000000
vn -0.000000 -0.000000 1.000000
vn -0.000000 -0.000000 1.000000
vn 0.000000 -0.000000 1.000000
vn 0.000000 -0.000000 1.000000
vn 0.000000 -0.000000 1.000000
vn -0.000000 0.000000 1.000000
vn -0.000000 0.000000 1.000000
vn -0.000000 0.000000 1.000000
vn -0.000000 -0.000000 1.000000
vn -0.000000 -0.000000 1.000000
vn -0.000000 -0.000000 1.000000
vn 0.000000 -0.000000 1.000000
vn 0.000000 -0.000000 1.000000
vn 0.000000 -0.000000 1.000000
vn -0.000000 0.000000 1.000000
vn -0.000000 0.000000 1.000000
vn -0.000000 0.000000 1.000000
vn 0.000002 0.912588 0.408879
vn 0.000002 0.912588 0.408879
vn 0.000002 0.912588 0.408879
vn -0.000000 0.912589 0.408879
vn -0.000000 0.912589 0.408879
vn -0.000000 0.912589 0.408879
vn -0.000000 0.226917 0.973914
vn -0.000000 0.226917 0.973914
vn -0.000000 0.226917 0.973914
vn -0.000000 0.226918 0.973914
vn -0.000000 0.226918 0.973914
vn -0.000000 0.226918 0.973914
vn 0.000000 -0.226917 0.973914
vn 0.000000 -0.226917 0.973914
vn 0.000000 -0.226917 0.973914
vn -0.000000 -0.226917 0.973914
vn -0.000000 -0.226917 0.973914
vn -0.000000 -0.226917 0.973914
vn -0.000000 -0.912591 0.408875
vn -0.000000 -0.912591 0.408875
vn -0.000000 -0.912591 0.408875
vn -0.000000 -0.912591 0.408875
vn -0.000000 -0.912591 0.408875
vn -0.000000 -0.912591 0.408875
vn 0.000001 -0.912591 -0.408874
vn 0.000001 -0.912591 -0.408874
vn 0.000001 -0.912591 -0.408874
vn -0.000000 -0.912591 -0.408874
vn -0.000000 -0.912591 -0.408874
vn -0.000000 -0.912591 -0.408874
vn -0.000000 -0.226917 -0.973914
vn -0.000000 -0.226917 -0.973914
vn -0.000000 -0.226917 -0.973914
vn -0.000000 -0.226917 -0.973914
vn -0.000000 -0.226917 -0.973914
vn -0.000000 -0.226917 -0.973914
vn 0.000000 0.226918 -0.973914
vn 0.000000 0.226918 -0.973914
vn 0.000000 0.226918 -0.973914
vn -0.000000 0.226917 -0.973914
vn -0.000000 0.226917 -0.973914
vn -0.000000 0.226917 -0.973914
vn -0.000000 0.912589 -0.408879
vn -0.000000 0.912589 -0.408879
vn -0.000000 0.912589 -0.408879
vn -0.000000 0.912589 -0.408879
vn -0.000000 0.912589 -0.408879
vn -0.000000 0.912589 -0.408879
vn 0.000002 0.912592 0.408873
vn 0.000002 0.912592 0.408873
vn 0.000002 0.912592 0.408873
vn -0.000000 0.912592 0.408873
vn -0.000000 0.912592 0.408873
vn -0.000000 0.912592 0.408873
vn -0.000000 0.226917 0.973914
vn -0.000000 0.226917 0.973914
vn -0.000000 0.226917 0.973914
vn -0.000000 0.226917 0.973914
vn -0.000000 0.226917 0.973914
vn -0.000000 0.226917 0.973914
vn -0.000000 -0.226917 0.973914
vn -0.000000 -0.226917 0.973914
vn -0.000000 -0.226917 0.973914
vn -0.000000 -0.226917 0.973914
vn -0.000000 -0.226917 0.973914
vn -0.000000 -0.226917 0.973914
vn -0.000000 -0.912591 0.408874
vn -0.000000 -0.912591 0.408874
vn -0.000000 -0.912591 0.408874
vn -0.000000 -0.912591 0.408874
vn -0.000000 -0.912591 0.408874
vn -0.000000 -0.912591 0.408874
vn -0.000000 -0.912591 -0.408874
vn -0.000000 -0.912591 -0.408874
vn -0.000000 -0.912591 -0.408874
vn -0.000000 -0.912591 -0.408874
vn -0.000000 -0.912591 -0.408874
vn -0.000000 -0.912591 -0.408874
vn -0.000000 -0.226917 -0.973914
vn -0.000000 -0.226917 -0.973914
vn -0.000000 -0.226917 -0.973914
vn -0.000000 -0.226917 -0.973914
vn -0.000000 -0.226917 -0.973914
vn -0.000000 -0.226917 -0.973914
vn -0.000000 0.226917 -0.973914
vn -0.000000 0.226917 -0.973914
vn -0.000000 0.226917 -0.973914
vn -0.000000 0.226917 -0.973914
vn -0.000000 0.226917 -0.973914
vn -0.000000 0.226917 -0.973914
vn -0.000000 0.912592 -0.408872
vn -0.000000 0.912592 -0.408872
vn -0.000000 0.912592 -0.408872
vn -0.000004 0.912592 -0.408872
vn -0.000004 0.912592 -0.408872
vn -0.000004 0.912592 -0.408872
vn 1.000000 0.000000 0.000000
vn 1.000000 0.000000 0.000000
vn 1.000000 0.000000 0.000000
vn 1.000000 0.000000 -0.000000
vn 1.000000 0.000000 -0.000000
vn 1.000000 0.000000 -0.000000
vn 1.000000 -0.000000 -0.000000
vn 1.000000 -0.000000 -0.000000
vn 1.000000 -0.000000 -0.000000
vn 1.000000 -0.000000 0.000000
vn 1.000000 -0.000000 0.000000
vn 1.000000 -0.000000 0.000000
vn 1.000000 -0.000000 0.000000
vn 1.000000 -0.000000 0.000000
vn 1.000000 -0.000000 0.000000
vn 1.000000 -0.000000 -0.000000
vn 1.000000 -0.000000 -0.000000
vn 1.000000 -0.000000 -0.000000
vn 1.000000 0.000000 0.000000
vn 1.000000 0.000000 0.000000
vn 1.000000 0.000000 0.000000
vn 1.000000 0.000000 -0.000000
vn 1.000000 0.000000 -0.000000
vn 1.000000 0.000000 -0.000000
vn 1.000000 0.000000 0.000000
vn 1.000000 0.000000 0.000000
vn 1.000000 0.000000 0.000000
vn 1.000000 0.000000 -0.000000
vn 1.000000 0.000000 -0.000000
vn 1.000000 0.000000 -0.000000
vn 1.000000 0.000000 -0.000000
vn 1.000000 0.000000 -0.000000
vn 1.000000 0.000000 -0.000000
vn 1.000000 0.000000 0.000000
vn 1.000000 0.000000 0.000000
vn 1.000000 0.000000 0.000000
vn 1.000000 0.000000 0.000000
vn 1.000000 0.000000 0.000000
vn 1.000000 0.000000 0.000000
vn 1.000000 0.000000 -0.000000
vn 1.000000 0.000000 -0.000000
vn 1.000000 0.000000 -0.000000
vn 1.000000 0.000000 -0.000000
vn 1.000000 0.000000 -0.000000
vn 1.000000 0.000000 -0.000000
vn 1.000000 0.000000 0.000000
vn 1.000000 0.000000 0.000000
vn 1.000000 0.000000 0.000000
vn 1.000000 0.000000 -0.000000
vn 1.000000 0.000000 -0.000000
vn 1.000000 0.000000 -0.000000
vn 1.000000 0.000000 -0.000000
vn 1.000000 0.000000 -0.000000
vn 1.000000 0.000000 -0.000000
vn 1.000000 0.000000 -0.000000
vn 1.000000 0.000000 -0.000000
vn 1.000000 0.000000 -0.000000
vn 1.000000 0.000000 0.000000
vn 1.000000 0.000000 0.000000
vn 1.000000 0.000000 0.000000
vn 1.000000 0.000000 -0.000000
vn 1.000000 0.000000 -0.000000
vn 1.000000 0.000000 -0.000000
vn 1.000000 0.000000 -0.000000
vn 1.000000 0.000000 -0.000000
vn 1.000000 0.000000 -0.000000
vn 1.000000 0.000000 0.000000
vn 1.000000 0.000000 0.000000
vn 1.000000 0.000000 0.000000
vn 1.000000 0.000000 -0.000000
vn 1.000000 0.000000 -0.000000
vn 1.000000 0.000000 -0.000000
vn 1.000000 0.000000 0.000000
vn 1.000000 0.000000 0.000000
vn 1.000000 0.000000 0.000000
vn 1.000000 -0.000000 -0.000000
vn 1.000000 -0.000000 -0.000000
vn 1.000000 -0.000000 -0.000000
vn 1.000000 -0.000000 0.000000
vn 1.000000 -0.000000 0.000000
vn 1.000000 -0.000000 0.000000
vn 1.000000 -0.000000 -0.000000
vn 1.000000 -0.000000 -0.000000
vn 1.000000 -0.000000 -0.000000
vn 1.000000 0.000000 -0.000000
vn 1.000000 0.000000 -0.000000
vn 1.000000 0.000000 -0.000000
vn 1.000000 -0.000000 0.000000
vn 1.000000 -0.000000 0.000000
vn 1.000000 -0.000000 0.000000
vn 1.000000 -0.000000 -0.000000
vn 1.000000 -0.000000 -0.000000
vn 1.000000 -0.000000 -0.000000
vn 1.000000 0.000000 -0.000000
vn 1.000000 0.000000 -0.000000
vn 1.000000 0.000000 -0.000000
vn 0.408879 0.912589 -0.000000
vn 0.408879 0.912589 -0.000000
vn 0.408879 0.912589 -0.000000
vn 0.408879 0.912589 0.000000
vn 0.408879 0.912589 0.000000
vn 0.408879 0.912589 0.000000
vn 0.973914 0.226917 0.000000
vn 0.973914 0.226917 0.000000
vn 0.973914 0.226917 0.000000
vn 0.973914 0.226917 -0.000000
vn 0.973914 0.226917 -0.000000
vn 0.973914 0.226917 -0.000000
vn 0.973914 -0.226917 -0.000000
vn 0.973914 -0.226917 -0.000000
vn 0.973914 -0.226917 -0.000000
vn 0.973914 -0.226917 0.000000
vn 0.973914 -0.226917 0.000000
vn 0.973914 -0.226917 0.000000
vn 0.408872 -0.912592 0.000000
vn 0.408872 -0.912592 0.000000
vn 0.408872 -0.912592 0.000000
vn 0.408877 -0.912590 -0.000000
vn 0.408877 -0.912590 -0.000000
vn 0.408877 -0.912590 -0.000000
vn -0.408874 -0.912591 0.000000
vn -0.408874 -0.912591 0.000000
vn -0.408874 -0.912591 0.000000
vn -0.408874 -0.912591 0.000000
vn -0.408874 -0.912591 0.000000
vn -0.408874 -0.912591 0.000000
vn -0.973914 -0.226917 0.000000
vn -0.973914 -0.226917 0.000000
vn -0.973914 -0.226917 0.000000
vn -0.973914 -0.226916 -0.000000
vn -0.973914 -0.226916 -0.000000
vn -0.973914 -0.226916 -0.000000
vn -0.973914 0.226917 -0.000000
vn -0.973914 0.226917 -0.000000
vn -0.973914 0.226917 -0.000000
vn -0.973914 0.226916 0.000000
vn -0.973914 0.226916 0.000000
vn -0.973914 0.226916 0.000000
vn -0.408879 0.912589 0.000000
vn -0.408879 0.912589 0.000000
vn -0.408879 0.912589 0.000000
vn -0.408879 0.912589 0.000000
vn -0.408879 0.912589 0.000000
vn -0.408879 0.912589 0.000000
vn 0.408873 0.912591 -0.000000
vn 0.408873 0.912591 -0.000000
vn 0.408873 0.912591 -0.000000
vn 0.408873 0.912591 0.000000
vn 0.408873 0.912591 0.000000
vn 0.408873 0.912591 0.000000
vn 0.973914 0.226916 -0.000000
vn 0.973914 0.226916 -0.000000
vn 0.973914 0.226916 -0.000000
vn 0.973914 0.226916 0.000000
vn 0.973914 0.226916 0.000000
vn 0.973914 0.226916 0.000000
vn 0.973914 -0.226917 0.000000
vn 0.973914 -0.226917 0.000000
vn 0.973914 -0.226917 0.000000
vn 0.973914 -0.226917 -0.000000
vn 0.973914 -0.226917 -0.000000
vn 0.973914 -0.226917 -0.000000
vn 0.408873 -0.912591 0.000000
vn 0.408873 -0.912591 0.000000
vn 0.408873 -0.912591 0.000000
vn 0.408880 -0.912588 -0.000000
vn 0.408880 -0.912588 -0.000000
vn 0.408880 -0.912588 -0.000000
vn -0.408880 -0.912588 0.000000
vn -0.408880 -0.912588 0.000000
vn -0.408880 -0.912588 0.000000
vn -0.408876 -0.912590 0.000000
vn -0.408876 -0.912590 0.000000
vn -0.408876 -0.912590 0.000000
vn -0.973914 -0.226917 0.000000
vn -0.973914 -0.226917 0.000000
vn -0.973914 -0.226917 0.000000
vn -0.973914 -0.226917 0.000000
vn -0.973914 -0.226917 0.000000
vn -0.973914 -0.226917 0.000000
vn -0.973914 0.226915 0.000000
vn -0.973914 0.226915 0.000000
vn -0.973914 0.226915 0.000000
vn -0.973914 0.226917 0.000000
vn -0.973914 0.226917 0.000000
vn -0.973914 0.226917 0.000000
vn -0.408873 0.912591 -0.000000
vn -0.408873 0.912591 -0.000000
vn -0.408873 0.912591 -0.000000
vn -0.408866 0.912594 0.000000
vn -0.408866 0.912594 0.000000
vn -0.408866 0.912594 0.000000
vn -0.000000 0.000000 -1.000000
vn -0.000000 0.000000 -1.000000
vn -0.000000 0.000000 -1.000000
vn -0.000000 0.000000 -1.000000
vn -0.000000 0.000000 -1.000000
vn -0.000000 0.000000 -1.000000
vn -0.000000 -0.000000 -1.000000
vn -0.000000 -0.000000 -1.000000
vn -0.000000 -0.000000 -1.000000
vn -0.000000 -0.000000 -1.000000
vn -0.000000 -0.000000 -1.000000
vn -0.000000 -0.000000 -1.000000
vn 0.000000 -0.000000 -1.000000
vn 0.000000 -0.000000 -1.000000
vn 0.000000 -0.000000 -1.000000
vn -0.000000 -0.000000 -1.000000
vn -0.000000 -0.000000 -1.000000
vn -0.000000 -0.000000 -1.000000
vn -0.000000 0.000000 -1.000000
vn -0.000000 0.000000 -1.000000
vn -0.000000 0.000000 -1.000000
vn -0.000000 0.000000 -1.000000
vn -0.000000 0.000000 -1.000000
vn -0.000000 0.000000 -1.000000
vn -0.000000 0.000000 -1.000000
vn -0.000000 0.000000 -1.000000
vn -0.000000 0.000000 -1.000000
vn -0.000000 0.000000 -1.000000
vn -0.000000 0.000000 -1.000000
vn -0.000000 0.000000 -1.000000
vn -0.000000 0.000000 -1.000000
vn -0.000000 0.000000 -1.000000
vn -0.000000 0.000000 -1.000000
vn -0.000000 0.000000 -1.000000
vn -0.000000 0.000000 -1.000000
vn -0.000000 0.000000 -1.000000
vn -0.000000 0.000000 -1.000000
vn -0.000000 0.000000 -1.000000
vn -0.000000 0.000000 -1.000000
vn -0.000000 0.000000 -1.000000
vn -0.000000 0.000000 -1.000000
vn -0.000000 0.000000 -1.000000
vn -0.000000 0.000000 -1.000000
vn -0.000000 0.000000 -1.000000
vn -0.000000 0.000000 -1.000000
vn -0.000000 0.000000 -1.000000
vn -0.000000 0.000000 -1.000000
vn -0.000000 0.000000 -1.000000
vn -0.000000 0.000000 -1.000000
vn -0.000000 0.000000 -1.000000
vn -0.000000 0.000000 -1.000000
vn -0.000000 -0.000000 -1.000000
vn -0.000000 -0.000000 -1.000000
vn -0.000000 -0.000000 -1.000000
vn -0.000000 0.000000 -1.000000
vn -0.000000 0.000000 -1.000000
vn -0.000000 0.000000 -1.000000
vn -0.000000 0.000000 -1.000000
vn -0.000000 0.000000 -1.000000
vn -0.000000 0.000000 -1.000000
vn -0.000000 0.000000 -1.000000
vn -0.000000 0.000000 -1.000000
vn -0.000000 0.000000 -1.000000
vn -0.000000 0.000000 -1.000000
vn -0.000000 0.000000 -1.000000
vn -0.000000 0.000000 -1.000000
vn -0.000000 0.000000 -1.000000
vn -0.000000 0.000000 -1.000000
vn -0.000000 0.000000 -1.000000
vn -0.000000 -0.000000 -1.000000
vn -0.000000 -0.000000 -1.000000
vn -0.000000 -0.000000 -1.000000
vn -0.000000 0.000000 -1.000000
vn -0.000000 0.000000 -1.000000
vn -0.000000 0.000000 -1.000000
vn -0.000000 -0.000000 -1.000000
vn -0.000000 -0.000000 -1.000000
vn -0.000000 -0.000000 -1.000000
vn 0.000000 -0.000000 -1.000000
vn 0.000000 -0.000000 -1.000000
vn 0.000000 -0.000000 -1.000000
vn -0.000000 -0.000000 -1.000000
vn -0.000000 -0.000000 -1.000000
vn -0.000000 -0.000000 -1.000000
vn 0.000000 0.000000 -1.000000
vn 0.000000 0.000000 -1.000000
vn 0.000000 0.000000 -1.000000
vn 0.000000 -0.000000 -1.000000
vn 0.000000 -0.000000 -1.000000
vn 0.000000 -0.000000 -1.000000
vn -0.000000 -0.000000 -1.000000
vn -0.000000 -0.000000 -1.000000
vn -0.000000 -0.000000 -1.000000
vn -0.000000 0.000000 -1.000000
vn -0.000000 0.000000 -1.000000
vn -0.000000 0.000000 -1.000000
vn 0.000002 0.912588 -0.408879
vn 0.000002 0.912588 -0.408879
vn 0.000002 0.912588 -0.408879
vn -0.000000 0.912588 -0.408879
vn -0.000000 0.912588 -0.408879
vn -0.000000 0.912588 -0.408879
vn -0.000000 0.226918 -0.973914
vn -0.000000 0.226918 -0.973914
vn -0.000000 0.226918 -0.973914
vn -0.000002 0.226917 -0.973914
vn -0.000002 0.226917 -0.973914
vn -0.000002 0.226917 -0.973914
vn -0.000001 -0.226917 -0.973914
vn -0.000001 -0.226917 -0.973914
vn -0.000001 -0.226917 -0.973914
vn -0.000000 -0.226917 -0.973914
vn -0.000000 -0.226917 -0.973914
vn -0.000000 -0.226917 -0.973914
vn -0.000000 -0.912591 -0.408874
vn -0.000000 -0.912591 -0.408874
vn -0.000000 -0.912591 -0.408874
vn -0.000000 -0.912591 -0.408875
vn -0.000000 -0.912591 -0.408875
vn -0.000000 -0.912591 -0.408875
vn -0.000002 -0.912591 0.408874
vn -0.000002 -0.912591 0.408874
vn -0.000002 -0.912591 0.408874
vn -0.000000 -0.912591 0.408874
vn -0.000000 -0.912591 0.408874
vn -0.000000 -0.912591 0.408874
vn -0.000000 -0.226917 0.973914
vn -0.000000 -0.226917 0.973914
vn -0.000000 -0.226917 0.973914
vn -0.000000 -0.226917 0.973914
vn -0.000000 -0.226917 0.973914
vn -0.000000 -0.226917 0.973914
vn -0.000000 0.226917 0.973914
vn -0.000000 0.226917 0.973914
vn -0.000000 0.226917 0.973914
vn -0.000000 0.226917 0.973914
vn -0.000000 0.226917 0.973914
vn -0.000000 0.226917 0.973914
vn -0.000000 0.912589 0.408879
vn -0.000000 0.912589 0.408879
vn -0.000000 0.912589 0.408879
vn -0.000000 0.912589 0.408879
vn -0.000000 0.912589 0.408879
vn -0.000000 0.912589 0.408879
vn -0.000005 0.912592 -0.408873
vn -0.000005 0.912592 -0.408873
vn -0.000005 0.912592 -0.408873
vn -0.000000 0.912592 -0.408873
vn -0.000000 0.912592 -0.408873
vn -0.000000 0.912592 -0.408873
vn 0.000001 0.226917 -0.973914
vn 0.000001 0.226917 -0.973914
vn 0.000001 0.226917 -0.973914
vn -0.000000 0.226917 -0.973914
vn -0.000000 0.226917 -0.973914
vn -0.000000 0.226917 -0.973914
vn -0.000000 -0.226917 -0.973914
vn -0.000000 -0.226917 -0.973914
vn -0.000000 -0.226917 -0.973914
vn -0.000000 -0.226917 -0.973914
vn -0.000000 -0.226917 -0.973914
vn -0.000000 -0.226917 -0.973914
vn -0.000000 -0.912590 -0.408876
vn -0.000000 -0.912590 -0.408876
vn -0.000000 -0.912590 -0.408876
vn -0.000000 -0.912590 -0.408876
vn -0.000000 -0.912590 -0.408876
vn -0.000000 -0.912590 -0.408876
vn -0.000002 -0.912590 0.408876
vn -0.000002 -0.912590 0.408876
vn -0.000002 -0.912590 0.408876
vn -0.000000 -0.912590 0.408876
vn -0.000000 -0.912590 0.408876
vn -0.000000 -0.912590 0.408876
vn 0.000000 -0.226917 0.973914
vn 0.000000 -0.226917 0.973914
vn 0.000000 -0.226917 0.973914
vn -0.000000 -0.226917 0.973914
vn -0.000000 -0.226917 0.973914
vn -0.000000 -0.226917 0.973914
vn -0.000000 0.226917 0.973914
vn -0.000000 0.226917 0.973914
vn -0.000000 0.226917 0.973914
vn 0.000001 0.226917 0.973914
vn 0.000001 0.226917 0.973914
vn 0.000001 0.226917 0.973914
vn -0.000003 0.912592 0.408872
vn -0.000003 0.912592 0.408872
vn -0.000003 0.912592 0.408872
vn 0.000008 0.912592 0.408872
vn 0.000008 0.912592 0.408872
vn 0.000008 0.912592 0.408872
vn -1.000000 0.000000 0.000000
vn -1.000000 0.000000 0.000000
vn -1.000000 0.000000 0.000000
vn -1.000000 0.000000 0.000000
vn -1.000000 0.000000 0.000000
vn -1.000000 0.000000 0.000000
vn -1.000000 -0.000000 0.000000
vn -1.000000 -0.000000 0.000000
vn -1.000000 -0.000000 0.000000
vn -1.000000 -0.000000 0.000000
vn -1.000000 -0.000000 0.000000
vn -1.000000 -0.000000 0.000000
vn -1.000000 -0.000000 0.000000
vn -1.000000 -0.000000 0.000000
vn -1.000000 -0.000000 0.000000
vn -1.000000 -0.000000 0.000001
vn -1.000000 -0.000000 0.000001
vn -1.000000 -0.000000 0.000001
vn -1.000000 0.000000 0.000000
vn -1.000000 0.000000 0.000000
vn -1.000000 0.000000 0.000000
vn -1.000000 0.000000 0.000000
vn -1.000000 0.000000 0.000000
vn -1.000000 0.000000 0.000000
vn -1.000000 0.000000 0.000000
vn -1.000000 0.000000 0.000000
vn -1.000000 0.000000 0.000000
vn -1.000000 0.000000 0.000000
vn -1.000000 0.000000 0.000000
vn -1.000000 0.000000 0.000000
vn -1.000000 0.000000 0.000000
vn -1.000000 0.000000 0.000000
vn -1.000000 0.000000 0.000000
vn -1.000000 0.000000 0.000000
vn -1.000000 0.000000 0.000000
vn -1.000000 0.000000 0.000000
vn -1.000000 0.000000 0.000000
vn -1.000000 0.000000 0.000000
vn -1.000000 0.000000 0.000000
vn -1.000000 0.000000 0.000000
vn -1.000000 0.000000 0.000000
vn -1.000000 0.000000 0.000000
vn -1.000000 0.000000 0.000000
vn -1.000000 0.000000 0.000000
vn -1.000000 0.000000 0.000000
vn -1.000000 0.000000 0.000000
vn -1.000000 0.000000 0.000000
vn -1.000000 0.000000 0.000000
vn -1.000000 0.000000 0.000001
vn -1.000000 0.000000 0.000001
vn -1.000000 0.000000 0.000001
vn -1.000000 0.000000 0.000000
vn -1.000000 0.000000 0.000000
vn -1.000000 0.000000 0.000000
vn -1.000000 0.000000 0.000000
vn -1.000000 0.000000 0.000000
vn -1.000000 0.000000 0.000000
vn -1.000000 0.000000 0.000000
vn -1.000000 0.000000 0.000000
vn -1.000000 0.000000 0.000000
vn -1.000000 0.000000 0.000000
vn -1.000000 0.000000 0.000000
vn -1.000000 0.000000 0.000000
vn -1.000000 0.000000 0.000000
vn -1.000000 0.000000 0.000000
vn -1.000000 0.000000 0.000000
vn -1.000000 0.000000 0.000000
vn -1.000000 0.000000 0.000000
vn -1.000000 0.000000 0.000000
vn -1.000000 0.000000 0.000001
vn -1.000000 0.000000 0.000001
vn -1.000000 0.000000 0.000001
vn -1.000000 0.000000 0.000000
vn -1.000000 0.000000 0.000000
vn -1.000000 0.000000 0.000000
vn -1.000000 -0.000000 0.000000
vn -1.000000 -0.000000 0.000000
vn -1.000000 -0.000000 0.000000
vn -1.000000 -0.000000 0.000000
vn -1.000000 -0.000000 0.000000
vn -1.000000 -0.000000 0.000000
vn -1.000000 -0.000000 0.000000
vn -1.000000 -0.000000 0.000000
vn -1.000000 -0.000000 0.000000
vn -1.000000 0.000000 -0.000000
vn -1.000000 0.000000 -0.000000
vn -1.000000 0.000000 -0.000000
vn -1.000000 -0.000000 0.000000
vn -1.000000 -0.000000 0.000000
vn -1.000000 -0.000000 0.000000
vn -1.000000 -0.000000 0.000000
vn -1.000000 -0.000000 0.000000
vn -1.000000 -0.000000 0.000000
vn -1.000000 0.000000 0.000000
vn -1.000000 0.000000 0.000000
vn -1.000000 0.000000 0.000000
vn -0.408879 0.912589 0.000000
vn -0.408879 0.912589 0.000000
vn -0.408879 0.912589 0.000000
vn -0.408879 0.912588 0.000000
vn -0.408879 0.912588 0.000000
vn -0.408879 0.912588 0.000000
vn -0.973914 0.226917 0.000000
vn -0.973914 0.226917 0.000000
vn -0.973914 0.226917 0.000000
vn -0.973914 0.226917 0.000000
vn -0.973914 0.226917 0.000000
vn -0.973914 0.226917 0.000000
vn -0.973914 -0.226917 0.000000
vn -0.973914 -0.226917 0.000000
vn -0.973914 -0.226917 0.000000
vn -0.973914 -0.226917 0.000000
vn -0.973914 -0.226917 0.000000
vn -0.973914 -0.226917 0.000000
vn -0.408870 -0.912593 -0.000000
vn -0.408870 -0.912593 -0.000000
vn -0.408870 -0.912593 -0.000000
vn -0.408879 -0.912589 0.000000
vn -0.408879 -0.912589 0.000000
vn -0.408879 -0.912589 0.000000
vn 0.408879 -0.912589 -0.000000
vn 0.408879 -0.912589 -0.000000
vn 0.408879 -0.912589 -0.000000
vn 0.408869 -0.912593 -0.000000
vn 0.408869 -0.912593 -0.000000
vn 0.408869 -0.912593 -0.000000
vn 0.973914 -0.226917 0.000000
vn 0.973914 -0.226917 0.000000
vn 0.973914 -0.226917 0.000000
vn 0.973914 -0.226916 0.000000
vn 0.973914 -0.226916 0.000000
vn 0.973914 -0.226916 0.000000
vn 0.973914 0.226917 0.000000
vn 0.973914 0.226917 0.000000
vn 0.973914 0.226917 0.000000
vn 0.973914 0.226917 0.000000
vn 0.973914 0.226917 0.000000
vn 0.973914 0.226917 0.000000
vn 0.408879 0.912589 0.000000
vn 0.408879 0.912589 0.000000
vn 0.408879 0.912589 0.000000
vn 0.408879 0.912589 -0.000000
vn 0.408879 0.912589 -0.000000
vn 0.408879 0.912589 -0.000000
vn -0.408873 0.912591 0.000000
vn -0.408873 0.912591 0.000000
vn -0.408873 0.912591 0.000000
vn -0.408873 0.912591 0.000000
vn -0.408873 0.912591 0.000000
vn -0.408873 0.912591 0.000000
vn -0.973914 0.226918 0.000000
vn -0.973914 0.226918 0.000000
vn -0.973914 0.226918 0.000000
vn -0.973914 0.226916 0.000000
vn -0.973914 0.226916 0.000000
vn -0.973914 0.226916 0.000000
vn -0.973914 -0.226916 0.000000
vn -0.973914 -0.226916 0.000000
vn -0.973914 -0.226916 0.000000
vn -0.973914 -0.226917 0.000000
vn -0.973914 -0.226917 0.000000
vn -0.973914 -0.226917 0.000000
vn -0.408866 -0.912594 0.000000
vn -0.408866 -0.912594 0.000000
vn -0.408866 -0.912594 0.000000
vn -0.408887 -0.912585 0.000000
vn -0.408887 -0.912585 0.000000
vn -0.408887 -0.912585 0.000000
vn 0.408880 -0.912588 -0.000000
vn 0.408880 -0.912588 -0.000000
vn 0.408880 -0.912588 -0.000000
vn 0.408873 -0.912591 -0.000000
vn 0.408873 -0.912591 -0.000000
vn 0.408873 -0.912591 -0.000000
vn 0.973914 -0.226917 0.000000
vn 0.973914 -0.226917 0.000000
vn 0.973914 -0.226917 0.000000
vn 0.973914 -0.226916 -0.000000
vn 0.973914 -0.226916 -0.000000
vn 0.973914 -0.226916 -0.000000
vn 0.973914 0.226916 -0.000000
vn 0.973914 0.226916 -0.000000
vn 0.973914 0.226916 -0.000000
vn 0.973914 0.226916 0.000000
vn 0.973914 0.226916 0.000000
vn 0.973914 0.226916 0.000000
vn 0.408873 0.912592 0.000000
vn 0.408873 0.912592 0.000000
vn 0.408873 0.912592 0.000000
vn 0.408873 0.912591 -0.000000
vn 0.408873 0.912591 -0.000000
vn 0.408873 0.912591 -0.000000
vn 0.000000 0.000000 1.000000
vn 0.000000 0.000000 1.000000
vn 0.000000 0.000000 1.000000
vn 0.000000 0.000000 1.000000
vn 0.000000 0.000000 1.000000
vn 0.000000 0.000000 1.000000
vn 0.000000 -0.000000 1.000000
vn 0.000000 -0.000000 1.000000
vn 0.000000 -0.000000 1.000000
vn 0.000000 -0.000000 1.000000
vn 0.000000 -0.000000 1.000000
vn 0.000000 -0.000000 1.000000
vn -0.000000 0.000000 1.000000
vn -0.000000 0.000000 1.000000
vn -0.000000 0.000000 1.000000
vn 0.000001 -0.000000 1.000000
vn 0.000001 -0.000000 1.000000
vn 0.000001 -0.000000 1.000000
vn -0.000000 0.000000 1.000000
vn -0.000000 0.000000 1.000000
vn -0.000000 0.000000 1.000000
vn 0.000000 0.000000 1.000000
vn 0.000000 0.000000 1.000000
vn 0.000000 0.000000 1.000000
vn -0.000000 0.000000 1.000000
vn -0.000000 0.000000 1.000000
vn -0.000000 0.000000 1.000000
vn 0.000000 0.000000 1.000000
vn 0.000000 0.000000 1.000000
vn 0.000000 0.000000 1.000000
vn 0.000000 0.000000 1.000000
vn 0.000000 0.000000 1.000000
vn 0.000000 0.000000 1.000000
vn -0.000000 0.000000 1.000000
vn -0.000000 0.000000 1.000000
vn -0.000000 0.000000 1.000000
vn 0.000000 0.000000 1.000000
vn 0.000000 0.000000 1.000000
vn 0.000000 0.000000 1.000000
vn 0.000000 0.000000 1.000000
vn 0.000000 0.000000 1.000000
vn 0.000000 0.000000 1.000000
vn 0.000000 0.000000 1.000000
vn 0.000000 0.000000 1.000000
vn 0.000000 0.000000 1.000000
vn 0.000000 0.000000 1.000000
vn 0.000000 0.000000 1.000000
vn 0.000000 0.000000 1.000000
vn 0.000000 0.000000 1.000000
vn 0.000000 0.000000 1.000000
vn 0.000000 0.000000 1.000000
vn 0.000000 -0.000000 1.000000
vn 0.000000 -0.000000 1.000000
vn 0.000000 -0.000000 1.000000
vn 0.000000 0.000000 1.000000
vn 0.000000 0.000000 1.000000
vn 0.000000 0.000000 1.000000
vn 0.000000 0.000000 1.000000
vn 0.000000 0.000000 1.000000
vn 0.000000 0.000000 1.000000
vn 0.000000 0.000000 1.000000
vn 0.000000 0.000000 1.000000
vn 0.000000 0.000000 1.000000
vn 0.000000 0.000000 1.000000
vn 0.000000 0.000000 1.000000
vn 0.000000 0.000000 1.000000
vn 0.000000 0.000000 1.000000
vn 0.000000 0.000000 1.000000
vn 0.000000 0.000000 1.000000
vn 0.000000 0.000000 1.000000
vn 0.000000 0.000000 1.000000
vn 0.000000 0.000000 1.000000
vn 0.000000 0.000000 1.000000
vn 0.000000 0.000000 1.000000
vn 0.000000 0.000000 1.000000
vn 0.000000 -0.000000 1.000000
vn 0.000000 -0.000000 1.000000
vn 0.000000 -0.000000 1.000000
vn 0.000000 -0.000000 1.000000
vn 0.000000 -0.000000 1.000000
vn 0.000000 -0.000000 1.000000
vn 0.000001 -0.000000 1.000000
vn 0.000001 -0.000000 1.000000
vn 0.000001 -0.000000 1.000000
vn -0.000000 0.000000 1.000000
vn -0.000000 0.000000 1.000000
vn -0.000000 0.000000 1.000000
vn 0.000000 -0.000000 1.000000
vn 0.000000 -0.000000 1.000000
vn 0.000000 -0.000000 1.000000
vn 0.000000 -0.000000 1.000000
vn 0.000000 -0.000000 1.000000
vn 0.000000 -0.000000 1.000000
vn 0.000000 0.000000 1.000000
vn 0.000000 0.000000 1.000000
vn 0.000000 0.000000 1.000000
vn 1.000000 0.000000 -0.000000
vn 1.000000 0.000000 -0.000000
vn 1.000000 0.000000 -0.000000
vn 1.000000 0.000000 0.000000
vn 1.000000 0.000000 0.000000
vn 1.000000 0.000000 0.000000
vn 1.000000 0.000000 -0.000000
vn 1.000000 0.000000 -0.000000
vn 1.000000 0.000000 -0.000000
vn 1.000000 0.000000 -0.000000
vn 1.000000 0.000000 -0.000000
vn 1.000000 0.000000 -0.000000
vn 1.000000 0.000000 0.000000
vn 1.000000 0.000000 0.000000
vn 1.000000 0.000000 0.000000
vn 1.000000 0.000000 -0.000000
vn 1.000000 0.000000 -0.000000
vn 1.000000 0.000000 -0.000000
vn 1.000000 -0.000000 0.000000
vn 1.000000 -0.000000 0.000000
vn 1.000000 -0.000000 0.000000
vn 1.000000 -0.000000 -0.000001
vn 1.000000 -0.000000 -0.000001
vn 1.000000 -0.000000 -0.000001
vn 1.000000 0.000000 0.000000
vn 1.000000 0.000000 0.000000
vn 1.000000 0.000000 0.000000
vn 1.000000 -0.000000 -0.000000
vn 1.000000 -0.000000 -0.000000
vn 1.000000 -0.000000 -0.000000
vn 1.000000 -0.000000 -0.000000
vn 1.000000 -0.000000 -0.000000
vn 1.000000 -0.000000 -0.000000
vn 1.000000 0.000000 -0.000000
vn 1.000000 0.000000 -0.000000
vn 1.000000 0.000000 -0.000000
vn 1.000000 0.000000 -0.000000
vn 1.000000 0.000000 -0.000000
vn 1.000000 0.000000 -0.000000
vn -0.000000 0.912592 -0.408872
vn -0.000000 0.912592 -0.408872
vn -0.000000 0.912592 -0.408872
vn -0.000000 0.912592 -0.408872
vn -0.000000 0.912592 -0.408872
vn -0.000000 0.912592 -0.408872
vn -0.000000 0.226917 -0.973914
vn -0.000000 0.226917 -0.973914
vn -0.000000 0.226917 -0.973914
vn -0.000000 0.226917 -0.973914
vn -0.000000 0.226917 -0.973914
vn -0.000000 0.226917 -0.973914
vn -0.000000 -0.226917 -0.973914
vn -0.000000 -0.226917 -0.973914
vn -0.000000 -0.226917 -0.973914
vn -0.000001 -0.226917 -0.973914
vn -0.000001 -0.226917 -0.973914
vn -0.000001 -0.226917 -0.973914
vn 0.000000 -0.912590 -0.408876
vn 0.000000 -0.912590 -0.408876
vn 0.000000 -0.912590 -0.408876
vn -0.000000 -0.912590 -0.408876
vn -0.000000 -0.912590 -0.408876
vn -0.000000 -0.912590 -0.408876
vn -0.000000 -0.912590 0.408876
vn -0.000000 -0.912590 0.408876
vn -0.000000 -0.912590 0.408876
vn -0.000000 -0.912590 0.408876
vn -0.000000 -0.912590 0.408876
vn -0.000000 -0.912590 0.408876
vn -0.000000 -0.226917 0.973914
vn -0.000000 -0.226917 0.973914
vn -0.000000 -0.226917 0.973914
vn -0.000000 -0.226917 0.973914
vn -0.000000 -0.226917 0.973914
vn -0.000000 -0.226917 0.973914
vn -0.000000 0.226917 0.973914
vn -0.000000 0.226917 0.973914
vn -0.000000 0.226917 0.973914
vn -0.000000 0.226917 0.973914
vn -0.000000 0.226917 0.973914
vn -0.000000 0.226917 0.973914
vn -0.000001 0.912591 0.408873
vn -0.000001 0.912591 0.408873
vn -0.000001 0.912591 0.408873
vn -0.000000 0.912592 0.408872
vn -0.000000 0.912592 0.408872
vn -0.000000 0.912592 0.408872
vn -0.000000 0.912589 -0.408879
vn -0.000000 0.912589 -0.408879
vn -0.000000 0.912589 -0.408879
vn -0.000000 0.912589 -0.408879
vn -0.000000 0.912589 -0.408879
vn -0.000000 0.912589 -0.408879
vn -0.000001 0.226917 -0.973914
vn -0.000001 0.226917 -0.973914
vn -0.000001 0.226917 -0.973914
vn -0.000000 0.226917 -0.973914
vn -0.000000 0.226917 -0.973914
vn -0.000000 0.226917 -0.973914
vn 0.000001 -0.226917 -0.973914
vn 0.000001 -0.226917 -0.973914
vn 0.000001 -0.226917 -0.973914
vn -0.000002 -0.226916 -0.973914
vn -0.000002 -0.226916 -0.973914
vn -0.000002 -0.226916 -0.973914
vn -0.000002 -0.912591 -0.408874
vn -0.000002 -0.912591 -0.408874
vn -0.000002 -0.912591 -0.408874
vn 0.000012 -0.912591 -0.408874
vn 0.000012 -0.912591 -0.408874
vn 0.000012 -0.912591 -0.408874
vn 0.000001 -0.226917 0.973914
vn 0.000001 -0.226917 0.973914
vn 0.000001 -0.226917 0.973914
vn -0.000000 -0.226917 0.973914
vn -0.000000 -0.226917 0.973914
vn -0.000000 -0.226917 0.973914
vn -0.000000 0.226917 0.973914
vn -0.000000 0.226917 0.973914
vn -0.000000 0.226917 0.973914
vn 0.000002 0.226918 0.973914
vn 0.000002 0.226918 0.973914
vn 0.000002 0.226918 0.973914
vn -0.000000 0.912588 0.408879
vn -0.000000 0.912588 0.408879
vn -0.000000 0.912588 0.408879
vn -0.000000 0.912588 0.408879
vn -0.000000 0.912588 0.408879
vn -0.000000 0.912588 0.408879
vn 1.000000 0.000000 -0.000000
vn 1.000000 0.000000 -0.000000
vn 1.000000 0.000000 -0.000000
vn 1.000000 -0.000000 -0.000000
vn 1.000000 -0.000000 -0.000000
vn 1.000000 -0.000000 -0.000000
vn 1.000000 -0.000000 -0.000000
vn 1.000000 -0.000000 -0.000000
vn 1.000000 -0.000000 -0.000000
vn 1.000000 -0.000000 0.000000
vn 1.000000 -0.000000 0.000000
vn 1.000000 -0.000000 0.000000
vn 1.000000 -0.000000 -0.000001
vn 1.000000 -0.000000 -0.000001
vn 1.000000 -0.000000 -0.000001
vn 1.000000 -0.000000 -0.000000
vn 1.000000 -0.000000 -0.000000
vn 1.000000 -0.000000 -0.000000
vn 1.000000 -0.000000 -0.000000
vn 1.000000 -0.000000 -0.000000
vn 1.000000 -0.000000 -0.000000
vn 1.000000 0.000000 -0.000000
vn 1.000000 0.000000 -0.000000
vn 1.000000 0.000000 -0.000000
vn 1.000000 0.000000 -0.000000
vn 1.000000 0.000000 -0.000000
vn 1.000000 0.000000 -0.000000
vn 1.000000 0.000000 -0.000000
vn 1.000000 0.000000 -0.000000
vn 1.000000 0.000000 -0.000000
vn 1.000000 0.000000 -0.000000
vn 1.000000 0.000000 -0.000000
vn 1.000000 0.000000 -0.000000
vn 1.000000 0.000000 -0.000000
vn 1.000000 0.000000 -0.000000
vn 1.000000 0.000000 -0.000000
vn 1.000000 -0.000000 -0.000000
vn 1.000000 -0.000000 -0.000000
vn 1.000000 -0.000000 -0.000000
vn 1.000000 0.000000 -0.000000
vn 1.000000 0.000000 -0.000000
vn 1.000000 0.000000 -0.000000
vn 1.000000 0.000000 -0.000000
vn 1.000000 0.000000 -0.000000
vn 1.000000 0.000000 -0.000000
vn 1.000000 -0.000000 0.000000
vn 1.000000 -0.000000 0.000000
vn 1.000000 -0.000000 0.000000
vn 1.000000 0.000000 -0.000000
vn 1.000000 0.000000 -0.000000
vn 1.000000 0.000000 -0.000000
vn 1.000000 0.000000 -0.000000
vn 1.000000 0.000000 -0.000000
vn 1.000000 0.000000 -0.000000
vn 1.000000 0.000000 -0.000000
vn 1.000000 0.000000 -0.000000
vn 1.000000 0.000000 -0.000000
vn 1.000000 0.000000 0.000000
vn 1.000000 0.000000 0.000000
vn 1.000000 0.000000 0.000000
vn 1.000000 -0.000000 -0.000001
vn 1.000000 -0.000000 -0.000001
vn 1.000000 -0.000000 -0.000001
vn 1.000000 0.000000 -0.000000
vn 1.000000 0.000000 -0.000000
vn 1.000000 0.000000 -0.000000
vn 1.000000 -0.000000 -0.000000
vn 1.000000 -0.000000 -0.000000
vn 1.000000 -0.000000 -0.000000
vn 1.000000 0.000000 -0.000000
vn 1.000000 0.000000 -0.000000
vn 1.000000 0.000000 -0.000000
vn 1.000000 0.000000 0.000000
vn 1.000000 0.000000 0.000000
vn 1.000000 0.000000 0.000000
vn 1.000000 -0.000000 -0.000000
vn 1.000000 -0.000000 -0.000000
vn 1.000000 -0.000000 -0.000000
vn 1.000000 -0.000000 -0.000001
vn 1.000000 -0.000000 -0.000001
vn 1.000000 -0.000000 -0.000001
vn 1.000000 0.000000 -0.000000
vn 1.000000 0.000000 -0.000000
vn 1.000000 0.000000 -0.000000
vn 1.000000 -0.000000 -0.000000
vn 1.000000 -0.000000 -0.000000
vn 1.000000 -0.000000 -0.000000
vn 1.000000 0.000000 -0.000000
vn 1.000000 0.000000 -0.000000
vn 1.000000 0.000000 -0.000000
vn 1.000000 0.000000 -0.000000
vn 1.000000 0.000000 -0.000000
vn 1.000000 0.000000 -0.000000
vn 1.000000 0.000000 -0.000000
vn 1.000000 0.000000 -0.000000
vn 1.000000 0.000000 -0.000000
vn 0.000001 0.912591 -0.408874
vn 0.000001 0.912591 -0.408874
vn 0.000001 0.912591 -0.408874
vn -0.000000 0.912591 -0.408874
vn -0.000000 0.912591 -0.408874
vn -0.000000 0.912591 -0.408874
vn -0.000000 0.226917 -0.973914
vn -0.000000 0.226917 -0.973914
vn -0.000000 0.226917 -0.973914
vn -0.000000 0.226916 -0.973914
vn -0.000000 0.226916 -0.973914
vn -0.000000 0.226916 -0.973914
vn 0.000000 -0.226917 -0.973914
vn 0.000000 -0.226917 -0.973914
vn 0.000000 -0.226917 -0.973914
vn -0.000000 -0.226916 -0.973914
vn -0.000000 -0.226916 -0.973914
vn -0.000000 -0.226916 -0.973914
vn -0.000001 -0.912591 -0.408874
vn -0.000001 -0.912591 -0.408874
vn -0.000001 -0.912591 -0.408874
vn 0.000001 -0.912591 -0.408874
vn 0.000001 -0.912591 -0.408874
vn 0.000001 -0.912591 -0.408874
vn 0.000000 -0.912591 0.408874
vn 0.000000 -0.912591 0.408874
vn 0.000000 -0.912591 0.408874
vn 0.000001 -0.912591 0.408874
vn 0.000001 -0.912591 0.408874
vn 0.000001 -0.912591 0.408874
vn -0.000000 -0.226917 0.973914
vn -0.000000 -0.226917 0.973914
vn -0.000000 -0.226917 0.973914
vn -0.000000 -0.226917 0.973914
vn -0.000000 -0.226917 0.973914
vn -0.000000 -0.226917 0.973914
vn 0.000000 0.226917 0.973914
vn 0.000000 0.226917 0.973914
vn 0.000000 0.226917 0.973914
vn -0.000000 0.226917 0.973914
vn -0.000000 0.226917 0.973914
vn -0.000000 0.226917 0.973914
vn 0.000001 0.912591 0.408874
vn 0.000001 0.912591 0.408874
vn 0.000001 0.912591 0.408874
vn -0.000002 0.912591 0.408874
vn -0.000002 0.912591 0.408874
vn -0.000002 0.912591 0.408874
vn -0.000000 0.912589 -0.408879
vn -0.000000 0.912589 -0.408879
vn -0.000000 0.912589 -0.408879
vn -0.000000 0.912589 -0.408879
vn -0.000000 0.912589 -0.408879
vn -0.000000 0.912589 -0.408879
vn 0.000000 0.226917 -0.973914
vn 0.000000 0.226917 -0.973914
vn 0.000000 0.226917 -0.973914
vn -0.000000 0.226917 -0.973914
vn -0.000000 0.226917 -0.973914
vn -0.000000 0.226917 -0.973914
vn -0.000000 -0.226917 -0.973914
vn -0.000000 -0.226917 -0.973914
vn -0.000000 -0.226917 -0.973914
vn 0.000000 -0.226917 -0.973914
vn 0.000000 -0.226917 -0.973914
vn 0.000000 -0.226917 -0.973914
vn -0.000001 -0.912591 -0.408874
vn -0.000001 -0.912591 -0.408874
vn -0.000001 -0.912591 -0.408874
vn -0.000000 -0.912591 -0.408874
vn -0.000000 -0.912591 -0.408874
vn -0.000000 -0.912591 -0.408874
vn -0.000000 -0.912591 0.408874
vn -0.000000 -0.912591 0.408874
vn -0.000000 -0.912591 0.408874
vn 0.000001 -0.912591 0.408874
vn 0.000001 -0.912591 0.408874
vn 0.000001 -0.912591 0.408874
vn -0.000000 -0.226917 0.973914
vn -0.000000 -0.226917 0.973914
vn -0.000000 -0.226917 0.973914
vn -0.000000 -0.226917 0.973914
vn -0.000000 -0.226917 0.973914
vn -0.000000 -0.226917 0.973914
vn -0.000000 0.226917 0.973914
vn -0.000000 0.226917 0.973914
vn -0.000000 0.226917 0.973914
vn -0.000000 0.226917 0.973914
vn -0.000000 0.226917 0.973914
vn -0.000000 0.226917 0.973914
vn -0.000000 0.912588 0.408879
vn -0.000000 0.912588 0.408879
vn -0.000000 0.912588 0.408879
vn -0.000000 0.912588 0.408879
vn -0.000000 0.912588 0.408879
vn -0.000000 0.912588 0.408879
vn -0.408879 0.912588 0.000000
vn -0.408879 0.912588 0.000000
vn -0.408879 0.912588 0.000000
vn -0.408879 0.912589 0.000000
vn -0.408879 0.912589 0.000000
vn -0.408879 0.912589 0.000000
vn -0.973914 0.226917 0.000000
vn -0.973914 0.226917 0.000000
vn -0.973914 0.226917 0.000000
vn -0.973914 0.226917 0.000000
vn -0.973914 0.226917 0.000000
vn -0.973914 0.226917 0.000000
vn -0.973914 -0.226917 0.000000
vn -0.973914 -0.226917 0.000000
vn -0.973914 -0.226917 0.000000
vn -0.973914 -0.226917 0.000000
vn -0.973914 -0.226917 0.000000
vn -0.973914 -0.226917 0.000000
vn -0.408875 -0.912590 0.000000
vn -0.408875 -0.912590 0.000000
vn -0.408875 -0.912590 0.000000
vn -0.408874 -0.912591 0.000000
vn -0.408874 -0.912591 0.000000
vn -0.408874 -0.912591 0.000000
vn 0.408875 -0.912590 -0.000000
vn 0.408875 -0.912590 -0.000000
vn 0.408875 -0.912590 -0.000000
vn 0.408874 -0.912591 0.000000
vn 0.408874 -0.912591 0.000000
vn 0.408874 -0.912591 0.000000
vn 0.973914 -0.226917 0.000000
vn 0.973914 -0.226917 0.000000
vn 0.973914 -0.226917 0.000000
vn 0.973914 -0.226917 0.000000
vn 0.973914 -0.226917 0.000000
vn 0.973914 -0.226917 0.000000
vn 0.973914 0.226917 0.000000
vn 0.973914 0.226917 0.000000
vn 0.973914 0.226917 0.000000
vn 0.973914 0.226917 0.000000
vn 0.973914 0.226917 0.000000
vn 0.973914 0.226917 0.000000
vn 0.408879 0.912589 0.000000
vn 0.408879 0.912589 0.000000
vn 0.408879 0.912589 0.000000
vn 0.408879 0.912589 -0.000000
vn 0.408879 0.912589 -0.000000
vn 0.408879 0.912589 -0.000000
vn -0.408873 0.912591 0.000000
vn -0.408873 0.912591 0.000000
vn -0.408873 0.912591 0.000000
vn -0.408875 0.912591 0.000000
vn -0.408875 0.912591 0.000000
vn -0.408875 0.912591 0.000000
vn -0.973914 0.226917 0.000000
vn -0.973914 0.226917 0.000000
vn -0.973914 0.226917 0.000000
vn -0.973914 0.226917 0.000000
vn -0.973914 0.226917 0.000000
vn -0.973914 0.226917 0.000000
vn -0.973914 -0.226917 0.000000
vn -0.973914 -0.226917 0.000000
vn -0.973914 -0.226917 0.000000
vn -0.973914 -0.226917 0.000000
vn -0.973914 -0.226917 0.000000
vn -0.973914 -0.226917 0.000000
vn -0.408873 -0.912591 0.000000
vn -0.408873 -0.912591 0.000000
vn -0.408873 -0.912591 0.000000
vn -0.408875 -0.912591 0.000000
vn -0.408875 -0.912591 0.000000
vn -0.408875 -0.912591 0.000000
vn 0.408874 -0.912591 -0.000000
vn 0.408874 -0.912591 -0.000000
vn 0.408874 -0.912591 -0.000000
vn 0.408874 -0.912591 -0.000000
vn 0.408874 -0.912591 -0.000000
vn 0.408874 -0.912591 -0.000000
vn 0.973914 -0.226917 0.000000
vn 0.973914 -0.226917 0.000000
vn 0.973914 -0.226917 0.000000
vn 0.973914 -0.226917 0.000000
vn 0.973914 -0.226917 0.000000
vn 0.973914 -0.226917 0.000000
vn 0.973914 0.226916 0.000000
vn 0.973914 0.226916 0.000000
vn 0.973914 0.226916 0.000000
vn 0.973914 0.226917 0.000000
vn 0.973914 0.226917 0.000000
vn 0.973914 0.226917 0.000000
vn 0.408873 0.912591 0.000000
vn 0.408873 0.912591 0.000000
vn 0.408873 0.912591 0.000000
vn 0.408873 0.912591 -0.000000
vn 0.408873 0.912591 -0.000000
vn 0.408873 0.912591 -0.000000
vn 0.000000 0.000000 1.000000
vn 0.000000 0.000000 1.000000
vn 0.000000 0.000000 1.000000
vn 0.000000 0.000000 1.000000
vn 0.000000 0.000000 1.000000
vn 0.000000 0.000000 1.000000
vn 0.000000 0.000000 1.000000
vn 0.000000 0.000000 1.000000
vn 0.000000 0.000000 1.000000
vn 0.000000 -0.000000 1.000000
vn 0.000000 -0.000000 1.000000
vn 0.000000 -0.000000 1.000000
vn 0.000000 0.000000 1.000000
vn 0.000000 0.000000 1.000000
vn 0.000000 0.000000 1.000000
vn 0.000001 -0.000000 1.000000
vn 0.000001 -0.000000 1.000000
vn 0.000001 -0.000000 1.000000
vn 0.000000 0.000000 1.000000
vn 0.000000 0.000000 1.000000
vn 0.000000 0.000000 1.000000
vn -0.000000 0.000000 1.000000
vn -0.000000 0.000000 1.000000
vn -0.000000 0.000000 1.000000
vn 0.000000 0.000000 1.000000
vn 0.000000 0.000000 1.000000
vn 0.000000 0.000000 1.000000
vn 0.000000 -0.000000 1.000000
vn 0.000000 -0.000000 1.000000
vn 0.000000 -0.000000 1.000000
vn 0.000000 0.000000 1.000000
vn 0.000000 0.000000 1.000000
vn 0.000000 0.000000 1.000000
vn 0.000001 -0.000000 1.000000
vn 0.000001 -0.000000 1.000000
vn 0.000001 -0.000000 1.000000
vn -0.000000 0.000000 1.000000
vn -0.000000 0.000000 1.000000
vn -0.000000 0.000000 1.000000
vn 0.000000 0.000000 1.000000
vn 0.000000 0.000000 1.000000
vn 0.000000 0.000000 1.000000
vn 0.000000 -0.000000 1.000000
vn 0.000000 -0.000000 1.000000
vn 0.000000 -0.000000 1.000000
vn 0.000000 0.000000 1.000000
vn 0.000000 0.000000 1.000000
vn 0.000000 0.000000 1.000000
vn -0.000000 0.000000 1.000000
vn -0.000000 0.000000 1.000000
vn -0.000000 0.000000 1.000000
vn 0.000000 -0.000000 1.000000
vn 0.000000 -0.000000 1.000000
vn 0.000000 -0.000000 1.000000
vn 0.000000 0.000000 1.000000
vn 0.000000 0.000000 1.000000
vn 0.000000 0.000000 1.000000
vn 0.000000 -0.000000 1.000000
vn 0.000000 -0.000000 1.000000
vn 0.000000 -0.000000 1.000000
vn 0.000000 0.000000 1.000000
vn 0.000000 0.000000 1.000000
vn 0.000000 0.000000 1.000000
vn 0.000000 0.000000 1.000000
vn 0.000000 0.000000 1.000000
vn 0.000000 0.000000 1.000000
vn 0.000000 0.000000 1.000000
vn 0.000000 0.000000 1.000000
vn 0.000000 0.000000 1.000000
vn 0.000000 0.000000 1.000000
vn 0.000000 0.000000 1.000000
vn 0.000000 0.000000 1.000000
vn 0.000000 0.000000 1.000000
vn 0.000000 0.000000 1.000000
vn 0.000000 0.000000 1.000000
vn 0.000000 -0.000000 1.000000
vn 0.000000 -0.000000 1.000000
vn 0.000000 -0.000000 1.000000
vn 0.000000 -0.000000 1.000000
vn 0.000000 -0.000000 1.000000
vn 0.000000 -0.000000 1.000000
vn 0.000001 -0.000000 1.000000
vn 0.000001 -0.000000 1.000000
vn 0.000001 -0.000000 1.000000
vn -0.000000 -0.000000 1.000000
vn -0.000000 -0.000000 1.000000
vn -0.000000 -0.000000 1.000000
vn 0.000000 -0.000000 1.000000
vn 0.000000 -0.000000 1.000000
vn 0.000000 -0.000000 1.000000
vn 0.000000 0.000000 1.000000
vn 0.000000 0.000000 1.000000
vn 0.000000 0.000000 1.000000
vn 0.000000 0.000000 1.000000
vn 0.000000 0.000000 1.000000
vn 0.000000 0.000000 1.000000
vn -1.000000 0.000000 0.000000
vn -1.000000 0.000000 0.000000
vn -1.000000 0.000000 0.000000
vn -1.000000 -0.000000 0.000000
vn -1.000000 -0.000000 0.000000
vn -1.000000 -0.000000 0.000000
vn -1.000000 -0.000000 0.000000
vn -1.000000 -0.000000 0.000000
vn -1.000000 -0.000000 0.000000
vn -1.000000 0.000000 -0.000000
vn -1.000000 0.000000 -0.000000
vn -1.000000 0.000000 -0.000000
vn -1.000000 -0.000000 0.000001
vn -1.000000 -0.000000 0.000001
vn -1.000000 -0.000000 0.000001
vn -1.000000 -0.000000 0.000000
vn -1.000000 -0.000000 0.000000
vn -1.000000 -0.000000 0.000000
vn -1.000000 -0.000000 0.000000
vn -1.000000 -0.000000 0.000000
vn -1.000000 -0.000000 0.000000
vn -1.000000 0.000000 0.000000
vn -1.000000 0.000000 0.000000
vn -1.000000 0.000000 0.000000
vn -1.000000 0.000000 0.000001
vn -1.000000 0.000000 0.000001
vn -1.000000 0.000000 0.000001
vn -1.000000 0.000000 0.000000
vn -1.000000 0.000000 0.000000
vn -1.000000 0.000000 0.000000
vn -1.000000 0.000000 0.000000
vn -1.000000 0.000000 0.000000
vn -1.000000 0.000000 0.000000
vn -1.000000 0.000000 0.000000
vn -1.000000 0.000000 0.000000
vn -1.000000 0.000000 0.000000
vn -1.000000 -0.000000 0.000000
vn -1.000000 -0.000000 0.000000
vn -1.000000 -0.000000 0.000000
vn -1.000000 0.000000 0.000000
vn -1.000000 0.000000 0.000000
vn -1.000000 0.000000 0.000000
vn -1.000000 0.000000 0.000000
vn -1.000000 0.000000 0.000000
vn -1.000000 0.000000 0.000000
vn -1.000000 0.000000 0.000000
vn -1.000000 0.000000 0.000000
vn -1.000000 0.000000 0.000000
vn -1.000000 0.000000 0.000000
vn -1.000000 0.000000 0.000000
vn -1.000000 0.000000 0.000000
vn -1.000000 0.000000 0.000000
vn -1.000000 0.000000 0.000000
vn -1.000000 0.000000 0.000000
vn -1.000000 0.000000 0.000000
vn -1.000000 0.000000 0.000000
vn -1.000000 0.000000 0.000000
vn -1.000000 0.000000 0.000000
vn -1.000000 0.000000 0.000000
vn -1.000000 0.000000 0.000000
vn -1.000000 -0.000000 0.000001
vn -1.000000 -0.000000 0.000001
vn -1.000000 -0.000000 0.000001
vn -1.000000 0.000000 0.000000
vn -1.000000 0.000000 0.000000
vn -1.000000 0.000000 0.000000
vn -1.000000 -0.000000 0.000000
vn -1.000000 -0.000000 0.000000
vn -1.000000 -0.000000 0.000000
vn -1.000000 0.000000 0.000000
vn -1.000000 0.000000 0.000000
vn -1.000000 0.000000 0.000000
vn -1.000000 0.000000 0.000000
vn -1.000000 0.000000 0.000000
vn -1.000000 0.000000 0.000000
vn -1.000000 0.000000 0.000000
vn -1.000000 0.000000 0.000000
vn -1.000000 0.000000 0.000000
vn -1.000000 -0.000000 0.000001
vn -1.000000 -0.000000 0.000001
vn -1.000000 -0.000000 0.000001
vn -1.000000 -0.000000 0.000000
vn -1.000000 -0.000000 0.000000
vn -1.000000 -0.000000 0.000000
vn -1.000000 -0.000000 0.000000
vn -1.000000 -0.000000 0.000000
vn -1.000000 -0.000000 0.000000
vn -1.000000 0.000000 0.000000
vn -1.000000 0.000000 0.000000
vn -1.000000 0.000000 0.000000
vn -1.000000 0.000000 0.000000
vn -1.000000 0.000000 0.000000
vn -1.000000 0.000000 0.000000
vn -1.000000 0.000000 0.000000
vn -1.000000 0.000000 0.000000
vn -1.000000 0.000000 0.000000
vn 0.000002 0.912591 0.408874
vn 0.000002 0.912591 0.408874
vn 0.000002 0.912591 0.408874
vn -0.000000 0.912591 0.408874
vn -0.000000 0.912591 0.408874
vn -0.000000 0.912591 0.408874
vn -0.000000 0.226917 0.973914
vn -0.000000 0.226917 0.973914
vn -0.000000 0.226917 0.973914
vn -0.000000 0.226917 0.973914
vn -0.000000 0.226917 0.973914
vn -0.000000 0.226917 0.973914
vn 0.000000 -0.226917 0.973914
vn 0.000000 -0.226917 0.973914
vn 0.000000 -0.226917 0.973914
vn -0.000000 -0.226917 0.973914
vn -0.000000 -0.226917 0.973914
vn -0.000000 -0.226917 0.973914
vn -0.000001 -0.912591 0.408874
vn -0.000001 -0.912591 0.408874
vn -0.000001 -0.912591 0.408874
vn -0.000000 -0.912591 0.408874
vn -0.000000 -0.912591 0.408874
vn -0.000000 -0.912591 0.408874
vn 0.000000 -0.912591 -0.408874
vn 0.000000 -0.912591 -0.408874
vn 0.000000 -0.912591 -0.408874
vn -0.000000 -0.912591 -0.408874
vn -0.000000 -0.912591 -0.408874
vn -0.000000 -0.912591 -0.408874
vn -0.000000 -0.226917 -0.973914
vn -0.000000 -0.226917 -0.973914
vn -0.000000 -0.226917 -0.973914
vn -0.000000 -0.226917 -0.973914
vn -0.000000 -0.226917 -0.973914
vn -0.000000 -0.226917 -0.973914
vn -0.000000 0.226917 -0.973914
vn -0.000000 0.226917 -0.973914
vn -0.000000 0.226917 -0.973914
vn -0.000000 0.226917 -0.973914
vn -0.000000 0.226917 -0.973914
vn -0.000000 0.226917 -0.973914
vn -0.000001 0.912591 -0.408874
vn -0.000001 0.912591 -0.408874
vn -0.000001 0.912591 -0.408874
vn -0.000000 0.912591 -0.408874
vn -0.000000 0.912591 -0.408874
vn -0.000000 0.912591 -0.408874
vn -0.000000 0.912589 0.408879
vn -0.000000 0.912589 0.408879
vn -0.000000 0.912589 0.408879
vn 0.000003 0.912589 0.408879
vn 0.000003 0.912589 0.408879
vn 0.000003 0.912589 0.408879
vn 0.000000 0.226917 0.973914
vn 0.000000 0.226917 0.973914
vn 0.000000 0.226917 0.973914
vn -0.000000 0.226917 0.973914
vn -0.000000 0.226917 0.973914
vn -0.000000 0.226917 0.973914
vn -0.000000 -0.226917 0.973914
vn -0.000000 -0.226917 0.973914
vn -0.000000 -0.226917 0.973914
vn -0.000000 -0.226917 0.973914
vn -0.000000 -0.226917 0.973914
vn -0.000000 -0.226917 0.973914
vn 0.000001 -0.912591 0.408874
vn 0.000001 -0.912591 0.408874
vn 0.000001 -0.912591 0.408874
vn -0.000000 -0.912591 0.408874
vn -0.000000 -0.912591 0.408874
vn -0.000000 -0.912591 0.408874
vn -0.000000 -0.912591 -0.408875
vn -0.000000 -0.912591 -0.408875
vn -0.000000 -0.912591 -0.408875
vn -0.000000 -0.912591 -0.408874
vn -0.000000 -0.912591 -0.408874
vn -0.000000 -0.912591 -0.408874
vn -0.000000 -0.226917 -0.973914
vn -0.000000 -0.226917 -0.973914
vn -0.000000 -0.226917 -0.973914
vn -0.000000 -0.226917 -0.973914
vn -0.000000 -0.226917 -0.973914
vn -0.000000 -0.226917 -0.973914
vn -0.000000 0.226917 -0.973914
vn -0.000000 0.226917 -0.973914
vn -0.000000 0.226917 -0.973914
vn -0.000000 0.226917 -0.973914
vn -0.000000 0.226917 -0.973914
vn -0.000000 0.226917 -0.973914
vn -0.000004 0.912588 -0.408879
vn -0.000004 0.912588 -0.408879
vn -0.000004 0.912588 -0.408879
vn -0.000000 0.912589 -0.408879
vn -0.000000 0.912589 -0.408879
vn -0.000000 0.912589 -0.408879
vn 0.408879 0.912589 -0.000000
vn 0.408879 0.912589 -0.000000
vn 0.408879 0.912589 -0.000000
vn 0.408879 0.912589 0.000000
vn 0.408879 0.912589 0.000000
vn 0.408879 0.912589 0.000000
vn 0.973914 0.226917 0.000000
vn 0.973914 0.226917 0.000000
vn 0.973914 0.226917 0.000000
vn 0.973914 0.226917 0.000000
vn 0.973914 0.226917 0.000000
vn 0.973914 0.226917 0.000000
vn 0.973914 -0.226917 0.000000
vn 0.973914 -0.226917 0.000000
vn 0.973914 -0.226917 0.000000
vn 0.973914 -0.226917 0.000000
vn 0.973914 -0.226917 0.000000
vn 0.973914 -0.226917 0.000000
vn 0.408874 -0.912591 0.000000
vn 0.408874 -0.912591 0.000000
vn 0.408874 -0.912591 0.000000
vn 0.408874 -0.912591 0.000000
vn 0.408874 -0.912591 0.000000
vn 0.408874 -0.912591 0.000000
vn -0.408874 -0.912591 0.000000
vn -0.408874 -0.912591 0.000000
vn -0.408874 -0.912591 0.000000
vn -0.408874 -0.912591 0.000000
vn -0.408874 -0.912591 0.000000
vn -0.408874 -0.912591 0.000000
vn -0.973914 -0.226917 0.000000
vn -0.973914 -0.226917 0.000000
vn -0.973914 -0.226917 0.000000
vn -0.973914 -0.226917 -0.000000
vn -0.973914 -0.226917 -0.000000
vn -0.973914 -0.226917 -0.000000
vn -0.973914 0.226917 -0.000000
vn -0.973914 0.226917 -0.000000
vn -0.973914 0.226917 -0.000000
vn -0.973914 0.226917 0.000000
vn -0.973914 0.226917 0.000000
vn -0.973914 0.226917 0.000000
vn -0.408879 0.912589 0.000000
vn -0.408879 0.912589 0.000000
vn -0.408879 0.912589 0.000000
vn -0.408879 0.912589 0.000000
vn -0.408879 0.912589 0.000000
vn -0.408879 0.912589 0.000000
vn 0.408873 0.912591 -0.000000
vn 0.408873 0.912591 -0.000000
vn 0.408873 0.912591 -0.000000
vn 0.408876 0.912590 -0.000000
vn 0.408876 0.912590 -0.000000
vn 0.408876 0.912590 -0.000000
vn 0.973914 0.226917 0.000000
vn 0.973914 0.226917 0.000000
vn 0.973914 0.226917 0.000000
vn 0.973914 0.226916 0.000000
vn 0.973914 0.226916 0.000000
vn 0.973914 0.226916 0.000000
vn 0.973914 -0.226917 0.000000
vn 0.973914 -0.226917 0.000000
vn 0.973914 -0.226917 0.000000
vn 0.973914 -0.226917 -0.000000
vn 0.973914 -0.226917 -0.000000
vn 0.973914 -0.226917 -0.000000
vn 0.408876 -0.912590 -0.000000
vn 0.408876 -0.912590 -0.000000
vn 0.408876 -0.912590 -0.000000
vn 0.408876 -0.912590 -0.000000
vn 0.408876 -0.912590 -0.000000
vn 0.408876 -0.912590 -0.000000
vn -0.408876 -0.912590 0.000000
vn -0.408876 -0.912590 0.000000
vn -0.408876 -0.912590 0.000000
vn -0.408873 -0.912591 0.000000
vn -0.408873 -0.912591 0.000000
vn -0.408873 -0.912591 0.000000
vn -0.973914 -0.226917 0.000000
vn -0.973914 -0.226917 0.000000
vn -0.973914 -0.226917 0.000000
vn -0.973914 -0.226917 0.000000
vn -0.973914 -0.226917 0.000000
vn -0.973914 -0.226917 0.000000
vn -0.973914 0.226917 0.000000
vn -0.973914 0.226917 0.000000
vn -0.973914 0.226917 0.000000
vn -0.973914 0.226916 0.000000
vn -0.973914 0.226916 0.000000
vn -0.973914 0.226916 0.000000
vn -0.408873 0.912591 0.000000
vn -0.408873 0.912591 0.000000
vn -0.408873 0.912591 0.000000
vn -0.408873 0.912591 0.000000
vn -0.408873 0.912591 0.000000
vn -0.408873 0.912591 0.000000
vn -0.000000 0.000000 -1.000000
vn -0.000000 0.000000 -1.000000
vn -0.000000 0.000000 -1.000000
vn -0.000000 0.000000 -1.000000
vn -0.000000 0.000000 -1.000000
vn -0.000000 0.000000 -1.000000
vn -0.000000 -0.000000 -1.000000
vn -0.000000 -0.000000 -1.000000
vn -0.000000 -0.000000 -1.000000
vn -0.000000 -0.000000 -1.000000
vn -0.000000 -0.000000 -1.000000
vn -0.000000 -0.000000 -1.000000
vn 0.000000 -0.000000 -1.000000
vn 0.000000 -0.000000 -1.000000
vn 0.000000 -0.000000 -1.000000
vn -0.000000 -0.000000 -1.000000
vn -0.000000 -0.000000 -1.000000
vn -0.000000 -0.000000 -1.000000
vn -0.000000 0.000000 -1.000000
vn -0.000000 0.000000 -1.000000
vn -0.000000 0.000000 -1.000000
vn -0.000000 0.000000 -1.000000
vn -0.000000 0.000000 -1.000000
vn -0.000000 0.000000 -1.000000
vn -0.000000 0.000000 -1.000000
vn -0.000000 0.000000 -1.000000
vn -0.000000 0.000000 -1.000000
vn -0.000000 0.000000 -1.000000
vn -0.000000 0.000000 -1.000000
vn -0.000000 0.000000 -1.000000
vn -0.000000 0.000000 -1.000000
vn -0.000000 0.000000 -1.000000
vn -0.000000 0.000000 -1.000000
vn -0.000000 0.000000 -1.000000
vn -0.000000 0.000000 -1.000000
vn -0.000000 0.000000 -1.000000
vn 0.000000 -0.000000 -1.000000
vn 0.000000 -0.000000 -1.000000
vn 0.000000 -0.000000 -1.000000
vn -0.000000 0.000000 -1.000000
vn -0.000000 0.000000 -1.000000
vn -0.000000 0.000000 -1.000000
vn -0.000000 0.000000 -1.000000
vn -0.000000 0.000000 -1.000000
vn -0.000000 0.000000 -1.000000
vn -0.000000 0.000000 -1.000000
vn -0.000000 0.000000 -1.000000
vn -0.000000 0.000000 -1.000000
vn -0.000000 -0.000000 -1.000000
vn -0.000000 -0.000000 -1.000000
vn -0.000000 -0.000000 -1.000000
vn -0.000000 -0.000000 -1.000000
vn -0.000000 -0.000000 -1.000000
vn -0.000000 -0.000000 -1.000000
vn -0.000000 0.000000 -1.000000
vn -0.000000 0.000000 -1.000000
vn -0.000000 0.000000 -1.000000
vn -0.000000 0.000000 -1.000000
vn -0.000000 0.000000 -1.000000
vn -0.000000 0.000000 -1.000000
vn -0.000000 0.000000 -1.000000
vn -0.000000 0.000000 -1.000000
vn -0.000000 0.000000 -1.000000
vn -0.000000 0.000000 -1.000000
vn -0.000000 0.000000 -1.000000
vn -0.000000 0.000000 -1.000000
vn -0.000000 0.000000 -1.000000
vn -0.000000 0.000000 -1.000000
vn -0.000000 0.000000 -1.000000
vn -0.000000 0.000000 -1.000000
vn -0.000000 0.000000 -1.000000
vn -0.000000 0.000000 -1.000000
vn -0.000000 0.000000 -1.000000
vn -0.000000 0.000000 -1.000000
vn -0.000000 0.000000 -1.000000
vn -0.000000 -0.000000 -1.000000
vn -0.000000 -0.000000 -1.000000
vn -0.000000 -0.000000 -1.000000
vn -0.000000 -0.000000 -1.000000
vn -0.000000 -0.000000 -1.000000
vn -0.000000 -0.000000 -1.000000
vn -0.000000 0.000000 -1.000000
vn -0.000000 0.000000 -1.000000
vn -0.000000 0.000000 -1.000000
vn 0.000000 0.000000 -1.000000
vn 0.000000 0.000000 -1.000000
vn 0.000000 0.000000 -1.000000
vn -0.000000 -0.000000 -1.000000
vn -0.000000 -0.000000 -1.000000
vn -0.000000 -0.000000 -1.000000
vn -0.000000 0.000000 -1.000000
vn -0.000000 0.000000 -1.000000
vn -0.000000 0.000000 -1.000000
vn -0.000000 0.000000 -1.000000
vn -0.000000 0.000000 -1.000000
vn -0.000000 0.000000 -1.000000
vn 1.000000 0.000000 -0.000000
vn 1.000000 0.000000 -0.000000
vn 1.000000 0.000000 -0.000000
vn 1.000000 -0.000000 -0.000000
vn 1.000000 -0.000000 -0.000000
vn 1.000000 -0.000000 -0.000000
vn 1.000000 -0.000000 0.000000
vn 1.000000 -0.000000 0.000000
vn 1.000000 -0.000000 0.000000
vn 1.000000 0.000000 0.000000
vn 1.000000 0.000000 0.000000
vn 1.000000 0.000000 0.000000
vn 1.000000 -0.000000 -0.000000
vn 1.000000 -0.000000 -0.000000
vn 1.000000 -0.000000 -0.000000
vn 1.000000 -0.000000 0.000000
vn 1.000000 -0.000000 0.000000
vn 1.000000 -0.000000 0.000000
vn 1.000000 -0.000000 -0.000000
vn 1.000000 -0.000000 -0.000000
vn 1.000000 -0.000000 -0.000000
vn 1.000000 0.000000 0.000000
vn 1.000000 0.000000 0.000000
vn 1.000000 0.000000 0.000000
vn 1.000000 0.000000 -0.000000
vn 1.000000 0.000000 -0.000000
vn 1.000000 0.000000 -0.000000
vn 1.000000 0.000000 0.000000
vn 1.000000 0.000000 0.000000
vn 1.000000 0.000000 0.000000
vn 1.000000 0.000000 -0.000000
vn 1.000000 0.000000 -0.000000
vn 1.000000 0.000000 -0.000000
vn 1.000000 0.000000 0.000000
vn 1.000000 0.000000 0.000000
vn 1.000000 0.000000 0.000000
vn 1.000000 0.000000 0.000000
vn 1.000000 0.000000 0.000000
vn 1.000000 0.000000 0.000000
vn 1.000000 0.000000 0.000000
vn 1.000000 0.000000 0.000000
vn 1.000000 0.000000 0.000000
vn 1.000000 0.000000 -0.000000
vn 1.000000 0.000000 -0.000000
vn 1.000000 0.000000 -0.000000
vn 1.000000 0.000000 0.000000
vn 1.000000 0.000000 0.000000
vn 1.000000 0.000000 0.000000
vn 1.000000 0.000000 -0.000000
vn 1.000000 0.000000 -0.000000
vn 1.000000 0.000000 -0.000000
vn 1.000000 0.000000 -0.000000
vn 1.000000 0.000000 -0.000000
vn 1.000000 0.000000 -0.000000
vn 1.000000 0.000000 -0.000000
vn 1.000000 0.000000 -0.000000
vn 1.000000 0.000000 -0.000000
vn 1.000000 0.000000 0.000000
vn 1.000000 0.000000 0.000000
vn 1.000000 0.000000 0.000000
vn 1.000000 0.000000 0.000000
vn 1.000000 0.000000 0.000000
vn 1.000000 0.000000 0.000000
vn 1.000000 0.000000 -0.000000
vn 1.000000 0.000000 -0.000000
vn 1.000000 0.000000 -0.000000
vn 1.000000 0.000000 0.000000
vn 1.000000 0.000000 0.000000
vn 1.000000 0.000000 0.000000
vn 1.000000 0.000000 0.000000
vn 1.000000 0.000000 0.000000
vn 1.000000 0.000000 0.000000
vn 1.000000 0.000000 0.000000
vn 1.000000 0.000000 0.000000
vn 1.000000 0.000000 0.000000
vn 1.000000 0.000000 0.000000
vn 1.000000 0.000000 0.000000
vn 1.000000 0.000000 0.000000
vn 1.000000 -0.000000 -0.000000
vn 1.000000 -0.000000 -0.000000
vn 1.000000 -0.000000 -0.000000
vn 1.000000 -0.000000 0.000000
vn 1.000000 -0.000000 0.000000
vn 1.000000 -0.000000 0.000000
vn 1.000000 -0.000000 -0.000000
vn 1.000000 -0.000000 -0.000000
vn 1.000000 -0.000000 -0.000000
vn 1.000000 -0.000000 -0.000000
vn 1.000000 -0.000000 -0.000000
vn 1.000000 -0.000000 -0.000000
vn 1.000000 0.000000 -0.000000
vn 1.000000 0.000000 -0.000000
vn 1.000000 0.000000 -0.000000
vn 1.000000 0.000000 0.000000
vn 1.000000 0.000000 0.000000
vn 1.000000 0.000000 0.000000
vn 0.000003 0.912591 -0.408874
vn 0.000003 0.912591 -0.408874
vn 0.000003 0.912591 -0.408874
vn -0.000004 0.912591 -0.408874
vn -0.000004 0.912591 -0.408874
vn -0.000004 0.912591 -0.408874
vn -0.000000 0.226917 -0.973914
vn -0.000000 0.226917 -0.973914
vn -0.000000 0.226917 -0.973914
vn -0.000000 0.226917 -0.973914
vn -0.000000 0.226917 -0.973914
vn -0.000000 0.226917 -0.973914
vn -0.000001 -0.226917 -0.973914
vn -0.000001 -0.226917 -0.973914
vn -0.000001 -0.226917 -0.973914
vn -0.000000 -0.226917 -0.973914
vn -0.000000 -0.226917 -0.973914
vn -0.000000 -0.226917 -0.973914
vn -0.000003 -0.912591 -0.408874
vn -0.000003 -0.912591 -0.408874
vn -0.000003 -0.912591 -0.408874
vn -0.000000 -0.912591 -0.408874
vn -0.000000 -0.912591 -0.408874
vn -0.000000 -0.912591 -0.408874
vn -0.000006 -0.912591 0.408874
vn -0.000006 -0.912591 0.408874
vn -0.000006 -0.912591 0.408874
vn 0.000004 -0.912591 0.408874
vn 0.000004 -0.912591 0.408874
vn 0.000004 -0.912591 0.408874
vn -0.000000 -0.226917 0.973914
vn -0.000000 -0.226917 0.973914
vn -0.000000 -0.226917 0.973914
vn 0.000001 -0.226917 0.973914
vn 0.000001 -0.226917 0.973914
vn 0.000001 -0.226917 0.973914
vn -0.000001 0.226917 0.973914
vn -0.000001 0.226917 0.973914
vn -0.000001 0.226917 0.973914
vn -0.000000 0.226917 0.973914
vn -0.000000 0.226917 0.973914
vn -0.000000 0.226917 0.973914
vn 0.000003 0.912591 0.408874
vn 0.000003 0.912591 0.408874
vn 0.000003 0.912591 0.408874
vn -0.000004 0.912591 0.408874
vn -0.000004 0.912591 0.408874
vn -0.000004 0.912591 0.408874
vn -0.000000 0.912589 -0.408879
vn -0.000000 0.912589 -0.408879
vn -0.000000 0.912589 -0.408879
vn -0.000000 0.912589 -0.408879
vn -0.000000 0.912589 -0.408879
vn -0.000000 0.912589 -0.408879
vn 0.000000 0.226917 -0.973914
vn 0.000000 0.226917 -0.973914
vn 0.000000 0.226917 -0.973914
vn -0.000000 0.226917 -0.973914
vn -0.000000 0.226917 -0.973914
vn -0.000000 0.226917 -0.973914
vn -0.000000 -0.226917 -0.973914
vn -0.000000 -0.226917 -0.973914
vn -0.000000 -0.226917 -0.973914
vn -0.000000 -0.226917 -0.973914
vn -0.000000 -0.226917 -0.973914
vn -0.000000 -0.226917 -0.973914
vn 0.000001 -0.912591 -0.408874
vn 0.000001 -0.912591 -0.408874
vn 0.000001 -0.912591 -0.408874
vn -0.000000 -0.912591 -0.408874
vn -0.000000 -0.912591 -0.408874
vn -0.000000 -0.912591 -0.408874
vn -0.000000 -0.912591 0.408874
vn -0.000000 -0.912591 0.408874
vn -0.000000 -0.912591 0.408874
vn -0.000000 -0.912591 0.408875
vn -0.000000 -0.912591 0.408875
vn -0.000000 -0.912591 0.408875
vn 0.000000 -0.226917 0.973914
vn 0.000000 -0.226917 0.973914
vn 0.000000 -0.226917 0.973914
vn -0.000000 -0.226917 0.973914
vn -0.000000 -0.226917 0.973914
vn -0.000000 -0.226917 0.973914
vn -0.000000 0.226917 0.973914
vn -0.000000 0.226917 0.973914
vn -0.000000 0.226917 0.973914
vn -0.000000 0.226917 0.973914
vn -0.000000 0.226917 0.973914
vn -0.000000 0.226917 0.973914
vn 0.000002 0.912589 0.408879
vn 0.000002 0.912589 0.408879
vn 0.000002 0.912589 0.408879
vn -0.000000 0.912589 0.408879
vn -0.000000 0.912589 0.408879
vn -0.000000 0.912589 0.408879
vn -0.000000 0.000000 -1.000000
vn -0.000000 0.000000 -1.000000
vn -0.000000 0.000000 -1.000000
vn -0.000000 -0.000000 -1.000000
vn -0.000000 -0.000000 -1.000000
vn -0.000000 -0.000000 -1.000000
vn -0.000000 -0.000000 -1.000000
vn -0.000000 -0.000000 -1.000000
vn -0.000000 -0.000000 -1.000000
vn -0.000000 -0.000000 -1.000000
vn -0.000000 -0.000000 -1.000000
vn -0.000000 -0.000000 -1.000000
vn -0.000001 -0.000000 -1.000000
vn -0.000001 -0.000000 -1.000000
vn -0.000001 -0.000000 -1.000000
vn -0.000000 -0.000000 -1.000000
vn -0.000000 -0.000000 -1.000000
vn -0.000000 -0.000000 -1.000000
vn -0.000000 -0.000000 -1.000000
vn -0.000000 -0.000000 -1.000000
vn -0.000000 -0.000000 -1.000000
vn -0.000001 0.000000 -1.000000
vn -0.000001 0.000000 -1.000000
vn -0.000001 0.000000 -1.000000
vn -0.000000 0.000000 -1.000000
vn -0.000000 0.000000 -1.000000
vn -0.000000 0.000000 -1.000000
vn -0.000001 0.000000 -1.000000
vn -0.000001 0.000000 -1.000000
vn -0.000001 0.000000 -1.000000
vn -0.000000 -0.000000 -1.000000
vn -0.000000 -0.000000 -1.000000
vn -0.000000 -0.000000 -1.000000
vn -0.000000 -0.000000 -1.000000
vn -0.000000 -0.000000 -1.000000
vn -0.000000 -0.000000 -1.000000
vn -0.000000 -0.000000 -1.000000
vn -0.000000 -0.000000 -1.000000
vn -0.000000 -0.000000 -1.000000
vn -0.000000 0.000000 -1.000000
vn -0.000000 0.000000 -1.000000
vn -0.000000 0.000000 -1.000000
vn -0.000000 0.000000 -1.000000
vn -0.000000 0.000000 -1.000000
vn -0.000000 0.000000 -1.000000
vn -0.000000 0.000000 -1.000000
vn -0.000000 0.000000 -1.000000
vn -0.000000 0.000000 -1.000000
vn -0.000000 -0.000000 -1.000000
vn -0.000000 -0.000000 -1.000000
vn -0.000000 -0.000000 -1.000000
vn -0.000000 -0.000000 -1.000000
vn -0.000000 -0.000000 -1.000000
vn -0.000000 -0.000000 -1.000000
vn -0.000000 0.000000 -1.000000
vn -0.000000 0.000000 -1.000000
vn -0.000000 0.000000 -1.000000
vn 0.000000 0.000000 -1.000000
vn 0.000000 0.000000 -1.000000
vn 0.000000 0.000000 -1.000000
vn -0.000001 -0.000000 -1.000000
vn -0.000001 -0.000000 -1.000000
vn -0.000001 -0.000000 -1.000000
vn -0.000000 0.000000 -1.000000
vn -0.000000 0.000000 -1.000000
vn -0.000000 0.000000 -1.000000
vn -0.000000 -0.000000 -1.000000
vn -0.000000 -0.000000 -1.000000
vn -0.000000 -0.000000 -1.000000
vn -0.000000 0.000000 -1.000000
vn -0.000000 0.000000 -1.000000
vn -0.000000 0.000000 -1.000000
vn -0.000000 0.000000 -1.000000
vn -0.000000 0.000000 -1.000000
vn -0.000000 0.000000 -1.000000
vn -0.000000 -0.000000 -1.000000
vn -0.000000 -0.000000 -1.000000
vn -0.000000 -0.000000 -1.000000
vn -0.000001 -0.000000 -1.000000
vn -0.000001 -0.000000 -1.000000
vn -0.000001 -0.000000 -1.000000
vn -0.000001 0.000000 -1.000000
vn -0.000001 0.000000 -1.000000
vn -0.000001 0.000000 -1.000000
vn -0.000000 -0.000000 -1.000000
vn -0.000000 -0.000000 -1.000000
vn -0.000000 -0.000000 -1.000000
vn -0.000000 0.000000 -1.000000
vn -0.000000 0.000000 -1.000000
vn -0.000000 0.000000 -1.000000
vn -0.000000 0.000000 -1.000000
vn -0.000000 0.000000 -1.000000
vn -0.000000 0.000000 -1.000000
vn -0.000000 0.000000 -1.000000
vn -0.000000 0.000000 -1.000000
vn -0.000000 0.000000 -1.000000
vn -0.408873 0.912591 0.000000
vn -0.408873 0.912591 0.000000
vn -0.408873 0.912591 0.000000
vn -0.408874 0.912591 0.000000
vn -0.408874 0.912591 0.000000
vn -0.408874 0.912591 0.000000
vn -0.973914 0.226916 0.000000
vn -0.973914 0.226916 0.000000
vn -0.973914 0.226916 0.000000
vn -0.973914 0.226916 0.000000
vn -0.973914 0.226916 0.000000
vn -0.973914 0.226916 0.000000
vn -0.973914 -0.226917 0.000000
vn -0.973914 -0.226917 0.000000
vn -0.973914 -0.226917 0.000000
vn -0.973914 -0.226917 0.000000
vn -0.973914 -0.226917 0.000000
vn -0.973914 -0.226917 0.000000
vn -0.408874 -0.912591 0.000000
vn -0.408874 -0.912591 0.000000
vn -0.408874 -0.912591 0.000000
vn -0.408874 -0.912591 0.000000
vn -0.408874 -0.912591 0.000000
vn -0.408874 -0.912591 0.000000
vn 0.408875 -0.912591 -0.000000
vn 0.408875 -0.912591 -0.000000
vn 0.408875 -0.912591 -0.000000
vn 0.408874 -0.912591 -0.000000
vn 0.408874 -0.912591 -0.000000
vn 0.408874 -0.912591 -0.000000
vn 0.973914 -0.226917 0.000000
vn 0.973914 -0.226917 0.000000
vn 0.973914 -0.226917 0.000000
vn 0.973914 -0.226917 -0.000000
vn 0.973914 -0.226917 -0.000000
vn 0.973914 -0.226917 -0.000000
vn 0.973914 0.226917 0.000000
vn 0.973914 0.226917 0.000000
vn 0.973914 0.226917 0.000000
vn 0.973914 0.226917 0.000000
vn 0.973914 0.226917 0.000000
vn 0.973914 0.226917 0.000000
vn 0.408874 0.912591 -0.000000
vn 0.408874 0.912591 -0.000000
vn 0.408874 0.912591 -0.000000
vn 0.408873 0.912591 0.000000
vn 0.408873 0.912591 0.000000
vn 0.408873 0.912591 0.000000
vn -0.408878 0.912589 0.000000
vn -0.408878 0.912589 0.000000
vn -0.408878 0.912589 0.000000
vn -0.408880 0.912588 0.000000
vn -0.408880 0.912588 0.000000
vn -0.408880 0.912588 0.000000
vn -0.973914 0.226917 -0.000000
vn -0.973914 0.226917 -0.000000
vn -0.973914 0.226917 -0.000000
vn -0.973914 0.226917 0.000000
vn -0.973914 0.226917 0.000000
vn -0.973914 0.226917 0.000000
vn -0.973914 -0.226917 0.000000
vn -0.973914 -0.226917 0.000000
vn -0.973914 -0.226917 0.000000
vn -0.973914 -0.226917 -0.000000
vn -0.973914 -0.226917 -0.000000
vn -0.973914 -0.226917 -0.000000
vn -0.408874 -0.912591 0.000000
vn -0.408874 -0.912591 0.000000
vn -0.408874 -0.912591 0.000000
vn -0.408874 -0.912591 0.000000
vn -0.408874 -0.912591 0.000000
vn -0.408874 -0.912591 0.000000
vn 0.408874 -0.912591 0.000000
vn 0.408874 -0.912591 0.000000
vn 0.408874 -0.912591 0.000000
vn 0.408874 -0.912591 -0.000000
vn 0.408874 -0.912591 -0.000000
vn 0.408874 -0.912591 -0.000000
vn 0.973914 -0.226917 0.000000
vn 0.973914 -0.226917 0.000000
vn 0.973914 -0.226917 0.000000
vn 0.973914 -0.226917 0.000000
vn 0.973914 -0.226917 0.000000
vn 0.973914 -0.226917 0.000000
vn 0.973914 0.226917 0.000000
vn 0.973914 0.226917 0.000000
vn 0.973914 0.226917 0.000000
vn 0.973914 0.226917 0.000000
vn 0.973914 0.226917 0.000000
vn 0.973914 0.226917 0.000000
vn 0.408879 0.912588 -0.000000
vn 0.408879 0.912588 -0.000000
vn 0.408879 0.912588 -0.000000
vn 0.408880 0.912588 0.000000
vn 0.408880 0.912588 0.000000
vn 0.408880 0.912588 0.000000
vn -1.000000 0.000000 0.000000
vn -1.000000 0.000000 0.000000
vn -1.000000 0.000000 0.000000
vn -1.000000 -0.000000 0.000000
vn -1.000000 -0.000000 0.000000
vn -1.000000 -0.000000 0.000000
vn -1.000000 -0.000000 0.000000
vn -1.000000 -0.000000 0.000000
vn -1.000000 -0.000000 0.000000
vn -1.000000 -0.000000 0.000000
vn -1.000000 -0.000000 0.000000
vn -1.000000 -0.000000 0.000000
vn -1.000000 -0.000000 0.000001
vn -1.000000 -0.000000 0.000001
vn -1.000000 -0.000000 0.000001
vn -1.000000 -0.000000 -0.000000
vn -1.000000 -0.000000 -0.000000
vn -1.000000 -0.000000 -0.000000
vn -1.000000 -0.000000 0.000000
vn -1.000000 -0.000000 0.000000
vn -1.000000 -0.000000 0.000000
vn -1.000000 0.000000 0.000001
vn -1.000000 0.000000 0.000001
vn -1.000000 0.000000 0.000001
vn -1.000000 0.000000 0.000000
vn -1.000000 0.000000 0.000000
vn -1.000000 0.000000 0.000000
vn -1.000000 0.000000 0.000001
vn -1.000000 0.000000 0.000001
vn -1.000000 0.000000 0.000001
vn -1.000000 -0.000000 0.000001
vn -1.000000 -0.000000 0.000001
vn -1.000000 -0.000000 0.000001
vn -1.000000 0.000000 0.000000
vn -1.000000 0.000000 0.000000
vn -1.000000 0.000000 0.000000
vn -1.000000 -0.000000 0.000000
vn -1.000000 -0.000000 0.000000
vn -1.000000 -0.000000 0.000000
vn -1.000000 0.000000 0.000000
vn -1.000000 0.000000 0.000000
vn -1.000000 0.000000 0.000000
vn -1.000000 0.000000 0.000000
vn -1.000000 0.000000 0.000000
vn -1.000000 0.000000 0.000000
vn -1.000000 -0.000000 0.000000
vn -1.000000 -0.000000 0.000000
vn -1.000000 -0.000000 0.000000
vn -1.000000 0.000000 0.000000
vn -1.000000 0.000000 0.000000
vn -1.000000 0.000000 0.000000
vn -1.000000 0.000000 0.000000
vn -1.000000 0.000000 0.000000
vn -1.000000 0.000000 0.000000
vn -1.000000 0.000000 0.000000
vn -1.000000 0.000000 0.000000
vn -1.000000 0.000000 0.000000
vn -1.000000 0.000000 0.000000
vn -1.000000 0.000000 0.000000
vn -1.000000 0.000000 0.000000
vn -1.000000 -0.000000 0.000001
vn -1.000000 -0.000000 0.000001
vn -1.000000 -0.000000 0.000001
vn -1.000000 0.000000 0.000000
vn -1.000000 0.000000 0.000000
vn -1.000000 0.000000 0.000000
vn -1.000000 -0.000000 0.000000
vn -1.000000 -0.000000 0.000000
vn -1.000000 -0.000000 0.000000
vn -1.000000 0.000000 0.000000
vn -1.000000 0.000000 0.000000
vn -1.000000 0.000000 0.000000
vn -1.000000 0.000000 0.000000
vn -1.000000 0.000000 0.000000
vn -1.000000 0.000000 0.000000
vn -1.000000 -0.000000 0.000000
vn -1.000000 -0.000000 0.000000
vn -1.000000 -0.000000 0.000000
vn -1.000000 -0.000000 0.000001
vn -1.000000 -0.000000 0.000001
vn -1.000000 -0.000000 0.000001
vn -1.000000 0.000000 0.000001
vn -1.000000 0.000000 0.000001
vn -1.000000 0.000000 0.000001
vn -1.000000 -0.000000 0.000000
vn -1.000000 -0.000000 0.000000
vn -1.000000 -0.000000 0.000000
vn -1.000000 0.000000 0.000000
vn -1.000000 0.000000 0.000000
vn -1.000000 0.000000 0.000000
vn -1.000000 0.000000 0.000000
vn -1.000000 0.000000 0.000000
vn -1.000000 0.000000 0.000000
vn -1.000000 0.000000 0.000000
vn -1.000000 0.000000 0.000000
vn -1.000000 0.000000 0.000000
vn -0.000000 0.912591 0.408873
vn -0.000000 0.912591 0.408873
vn -0.000000 0.912591 0.408873
vn 0.000001 0.912591 0.408874
vn 0.000001 0.912591 0.408874
vn 0.000001 0.912591 0.408874
vn -0.000000 0.226917 0.973914
vn -0.000000 0.226917 0.973914
vn -0.000000 0.226917 0.973914
vn -0.000000 0.226917 0.973914
vn -0.000000 0.226917 0.973914
vn -0.000000 0.226917 0.973914
vn 0.000000 -0.226916 0.973914
vn 0.000000 -0.226916 0.973914
vn 0.000000 -0.226916 0.973914
vn -0.000000 -0.226917 0.973914
vn -0.000000 -0.226917 0.973914
vn -0.000000 -0.226917 0.973914
vn 0.000000 -0.912591 0.408874
vn 0.000000 -0.912591 0.408874
vn 0.000000 -0.912591 0.408874
vn 0.000000 -0.912591 0.408874
vn 0.000000 -0.912591 0.408874
vn 0.000000 -0.912591 0.408874
vn -0.000000 -0.912591 -0.408874
vn -0.000000 -0.912591 -0.408874
vn -0.000000 -0.912591 -0.408874
vn -0.000000 -0.912591 -0.408874
vn -0.000000 -0.912591 -0.408874
vn -0.000000 -0.912591 -0.408874
vn -0.000000 -0.226917 -0.973914
vn -0.000000 -0.226917 -0.973914
vn -0.000000 -0.226917 -0.973914
vn -0.000000 -0.226917 -0.973914
vn -0.000000 -0.226917 -0.973914
vn -0.000000 -0.226917 -0.973914
vn -0.000000 0.226917 -0.973914
vn -0.000000 0.226917 -0.973914
vn -0.000000 0.226917 -0.973914
vn -0.000000 0.226917 -0.973914
vn -0.000000 0.226917 -0.973914
vn -0.000000 0.226917 -0.973914
vn -0.000000 0.912591 -0.408874
vn -0.000000 0.912591 -0.408874
vn -0.000000 0.912591 -0.408874
vn -0.000000 0.912591 -0.408874
vn -0.000000 0.912591 -0.408874
vn -0.000000 0.912591 -0.408874
vn -0.000000 0.912589 0.408879
vn -0.000000 0.912589 0.408879
vn -0.000000 0.912589 0.408879
vn -0.000001 0.912589 0.408879
vn -0.000001 0.912589 0.408879
vn -0.000001 0.912589 0.408879
vn -0.000000 0.226917 0.973914
vn -0.000000 0.226917 0.973914
vn -0.000000 0.226917 0.973914
vn -0.000000 0.226917 0.973914
vn -0.000000 0.226917 0.973914
vn -0.000000 0.226917 0.973914
vn -0.000000 -0.226917 0.973914
vn -0.000000 -0.226917 0.973914
vn -0.000000 -0.226917 0.973914
vn -0.000000 -0.226917 0.973914
vn -0.000000 -0.226917 0.973914
vn -0.000000 -0.226917 0.973914
vn 0.000000 -0.912591 0.408874
vn 0.000000 -0.912591 0.408874
vn 0.000000 -0.912591 0.408874
vn -0.000000 -0.912591 0.408874
vn -0.000000 -0.912591 0.408874
vn -0.000000 -0.912591 0.408874
vn -0.000000 -0.912591 -0.408875
vn -0.000000 -0.912591 -0.408875
vn -0.000000 -0.912591 -0.408875
vn -0.000000 -0.912591 -0.408874
vn -0.000000 -0.912591 -0.408874
vn -0.000000 -0.912591 -0.408874
vn -0.000000 -0.226917 -0.973914
vn -0.000000 -0.226917 -0.973914
vn -0.000000 -0.226917 -0.973914
vn -0.000000 -0.226917 -0.973914
vn -0.000000 -0.226917 -0.973914
vn -0.000000 -0.226917 -0.973914
vn -0.000000 0.226917 -0.973914
vn -0.000000 0.226917 -0.973914
vn -0.000000 0.226917 -0.973914
vn -0.000000 0.226917 -0.973914
vn -0.000000 0.226917 -0.973914
vn -0.000000 0.226917 -0.973914
vn 0.000000 0.912588 -0.408879
vn 0.000000 0.912588 -0.408879
vn 0.000000 0.912588 -0.408879
vn -0.000000 0.912589 -0.408879
vn -0.000000 0.912589 -0.408879
vn -0.000000 0.912589 -0.408879
vn 0.000000 0.000000 1.000000
vn 0.000000 0.000000 1.000000
vn 0.000000 0.000000 1.000000
vn 0.000000 -0.000000 1.000000
vn 0.000000 -0.000000 1.000000
vn 0.000000 -0.000000 1.000000
vn 0.000000 0.000000 1.000000
vn 0.000000 0.000000 1.000000
vn 0.000000 0.000000 1.000000
vn 0.000000 -0.000000 1.000000
vn 0.000000 -0.000000 1.000000
vn 0.000000 -0.000000 1.000000
vn 0.000001 0.000000 1.000000
vn 0.000001 0.000000 1.000000
vn 0.000001 0.000000 1.000000
vn 0.000000 -0.000000 1.000000
vn 0.000000 -0.000000 1.000000
vn 0.000000 -0.000000 1.000000
vn 0.000000 -0.000000 1.000000
vn 0.000000 -0.000000 1.000000
vn 0.000000 -0.000000 1.000000
vn 0.000001 0.000000 1.000000
vn 0.000001 0.000000 1.000000
vn 0.000001 0.000000 1.000000
vn 0.000000 0.000000 1.000000
vn 0.000000 0.000000 1.000000
vn 0.000000 0.000000 1.000000
vn 0.000001 0.000000 1.000000
vn 0.000001 0.000000 1.000000
vn 0.000001 0.000000 1.000000
vn 0.000001 -0.000000 1.000000
vn 0.000001 -0.000000 1.000000
vn 0.000001 -0.000000 1.000000
vn 0.000001 0.000000 1.000000
vn 0.000001 0.000000 1.000000
vn 0.000001 0.000000 1.000000
vn 0.000000 -0.000000 1.000000
vn 0.000000 -0.000000 1.000000
vn 0.000000 -0.000000 1.000000
vn 0.000000 0.000000 1.000000
vn 0.000000 0.000000 1.000000
vn 0.000000 0.000000 1.000000
vn 0.000000 0.000000 1.000000
vn 0.000000 0.000000 1.000000
vn 0.000000 0.000000 1.000000
vn -0.000000 -0.000000 1.000000
vn -0.000000 -0.000000 1.000000
vn -0.000000 -0.000000 1.000000
vn 0.000000 0.000000 1.000000
vn 0.000000 0.000000 1.000000
vn 0.000000 0.000000 1.000000
vn 0.000000 0.000000 1.000000
vn 0.000000 0.000000 1.000000
vn 0.000000 0.000000 1.000000
vn 0.000001 0.000000 1.000000
vn 0.000001 0.000000 1.000000
vn 0.000001 0.000000 1.000000
vn 0.000000 -0.000000 1.000000
vn 0.000000 -0.000000 1.000000
vn 0.000000 -0.000000 1.000000
vn 0.000001 -0.000000 1.000000
vn 0.000001 -0.000000 1.000000
vn 0.000001 -0.000000 1.000000
vn 0.000001 0.000000 1.000000
vn 0.000001 0.000000 1.000000
vn 0.000001 0.000000 1.000000
vn 0.000000 -0.000000 1.000000
vn 0.000000 -0.000000 1.000000
vn 0.000000 -0.000000 1.000000
vn -0.000000 0.000000 1.000000
vn -0.000000 0.000000 1.000000
vn -0.000000 0.000000 1.000000
vn -0.000000 0.000000 1.000000
vn -0.000000 0.000000 1.000000
vn -0.000000 0.000000 1.000000
vn -0.000000 -0.000000 1.000000
vn -0.000000 -0.000000 1.000000
vn -0.000000 -0.000000 1.000000
vn 0.000001 -0.000000 1.000000
vn 0.000001 -0.000000 1.000000
vn 0.000001 -0.000000 1.000000
vn 0.000000 0.000000 1.000000
vn 0.000000 0.000000 1.000000
vn 0.000000 0.000000 1.000000
vn 0.000000 -0.000001 1.000000
vn 0.000000 -0.000001 1.000000
vn 0.000000 -0.000001 1.000000
vn 0.000000 0.000000 1.000000
vn 0.000000 0.000000 1.000000
vn 0.000000 0.000000 1.000000
vn 0.000000 0.000000 1.000000
vn 0.000000 0.000000 1.000000
vn 0.000000 0.000000 1.000000
vn 0.000000 0.000000 1.000000
vn 0.000000 0.000000 1.000000
vn 0.000000 0.000000 1.000000
vn 0.408873 0.912591 -0.000000
vn 0.408873 0.912591 -0.000000
vn 0.408873 0.912591 -0.000000
vn 0.408874 0.912591 -0.000000
vn 0.408874 0.912591 -0.000000
vn 0.408874 0.912591 -0.000000
vn 0.973914 0.226917 0.000000
vn 0.973914 0.226917 0.000000
vn 0.973914 0.226917 0.000000
vn 0.973914 0.226917 0.000000
vn 0.973914 0.226917 0.000000
vn 0.973914 0.226917 0.000000
vn 0.973914 -0.226917 0.000000
vn 0.973914 -0.226917 0.000000
vn 0.973914 -0.226917 0.000000
vn 0.973914 -0.226917 0.000000
vn 0.973914 -0.226917 0.000000
vn 0.973914 -0.226917 0.000000
vn 0.408873 -0.912591 -0.000000
vn 0.408873 -0.912591 -0.000000
vn 0.408873 -0.912591 -0.000000
vn 0.408874 -0.912591 -0.000000
vn 0.408874 -0.912591 -0.000000
vn 0.408874 -0.912591 -0.000000
vn -0.408873 -0.912591 0.000000
vn -0.408873 -0.912591 0.000000
vn -0.408873 -0.912591 0.000000
vn -0.408874 -0.912591 0.000000
vn -0.408874 -0.912591 0.000000
vn -0.408874 -0.912591 0.000000
vn -0.973914 -0.226917 0.000000
vn -0.973914 -0.226917 0.000000
vn -0.973914 -0.226917 0.000000
vn -0.973914 -0.226917 0.000000
vn -0.973914 -0.226917 0.000000
vn -0.973914 -0.226917 0.000000
vn -0.973914 0.226917 0.000000
vn -0.973914 0.226917 0.000000
vn -0.973914 0.226917 0.000000
vn -0.973914 0.226917 0.000000
vn -0.973914 0.226917 0.000000
vn -0.973914 0.226917 0.000000
vn -0.408874 0.912591 0.000000
vn -0.408874 0.912591 0.000000
vn -0.408874 0.912591 0.000000
vn -0.408874 0.912591 0.000000
vn -0.408874 0.912591 0.000000
vn -0.408874 0.912591 0.000000
vn 0.408879 0.912589 0.000000
vn 0.408879 0.912589 0.000000
vn 0.408879 0.912589 0.000000
vn 0.408879 0.912588 -0.000000
vn 0.408879 0.912588 -0.000000
vn 0.408879 0.912588 -0.000000
vn 0.973914 0.226917 0.000001
vn 0.973914 0.226917 0.000001
vn 0.973914 0.226917 0.000001
vn 0.973914 0.226917 0.000000
vn 0.973914 0.226917 0.000000
vn 0.973914 0.226917 0.000000
vn 0.973914 -0.226917 0.000000
vn 0.973914 -0.226917 0.000000
vn 0.973914 -0.226917 0.000000
vn 0.973914 -0.226917 0.000001
vn 0.973914 -0.226917 0.000001
vn 0.973914 -0.226917 0.000001
vn 0.408874 -0.912591 -0.000000
vn 0.408874 -0.912591 -0.000000
vn 0.408874 -0.912591 -0.000000
vn 0.408875 -0.912591 0.000000
vn 0.408875 -0.912591 0.000000
vn 0.408875 -0.912591 0.000000
vn -0.408874 -0.912591 0.000000
vn -0.408874 -0.912591 0.000000
vn -0.408874 -0.912591 0.000000
vn -0.408874 -0.912591 0.000000
vn -0.408874 -0.912591 0.000000
vn -0.408874 -0.912591 0.000000
vn -0.973914 -0.226917 0.000000
vn -0.973914 -0.226917 0.000000
vn -0.973914 -0.226917 0.000000
vn -0.973914 -0.226917 0.000000
vn -0.973914 -0.226917 0.000000
vn -0.973914 -0.226917 0.000000
vn -0.973914 0.226917 0.000000
vn -0.973914 0.226917 0.000000
vn -0.973914 0.226917 0.000000
vn -0.973914 0.226917 0.000000
vn -0.973914 0.226917 0.000000
vn -0.973914 0.226917 0.000000
vn -0.408879 0.912588 0.000000
vn -0.408879 0.912588 0.000000
vn -0.408879 0.912588 0.000000
vn -0.408879 0.912588 0.000000
vn -0.408879 0.912588 0.000000
vn -0.408879 0.912588 0.000000
vn 1.000000 -0.000000 -0.000000
vn 1.000000 -0.000000 -0.000000
vn 1.000000 -0.000000 -0.000000
vn 1.000000 -0.000000 -0.000000
vn 1.000000 -0.000000 -0.000000
vn 1.000000 -0.000000 -0.000000
vn 1.000000 0.000000 -0.000000
vn 1.000000 0.000000 -0.000000
vn 1.000000 0.000000 -0.000000
vn 1.000000 -0.000000 -0.000000
vn 1.000000 -0.000000 -0.000000
vn 1.000000 -0.000000 -0.000000
vn 1.000000 0.000000 -0.000001
vn 1.000000 0.000000 -0.000001
vn 1.000000 0.000000 -0.000001
vn 1.000000 -0.000000 -0.000001
vn 1.000000 -0.000000 -0.000001
vn 1.000000 -0.000000 -0.000001
vn 1.000000 -0.000000 -0.000000
vn 1.000000 -0.000000 -0.000000
vn 1.000000 -0.000000 -0.000000
vn 1.000000 -0.000000 -0.000001
vn 1.000000 -0.000000 -0.000001
vn 1.000000 -0.000000 -0.000001
vn 1.000000 0.000000 -0.000000
vn 1.000000 0.000000 -0.000000
vn 1.000000 0.000000 -0.000000
vn 1.000000 0.000000 -0.000001
vn 1.000000 0.000000 -0.000001
vn 1.000000 0.000000 -0.000001
vn 1.000000 -0.000000 -0.000001
vn 1.000000 -0.000000 -0.000001
vn 1.000000 -0.000000 -0.000001
vn 1.000000 -0.000000 -0.000001
vn 1.000000 -0.000000 -0.000001
vn 1.000000 -0.000000 -0.000001
vn 1.000000 -0.000000 -0.000000
vn 1.000000 -0.000000 -0.000000
vn 1.000000 -0.000000 -0.000000
vn 1.000000 0.000000 -0.000000
vn 1.000000 0.000000 -0.000000
vn 1.000000 0.000000 -0.000000
vn 1.000000 0.000000 -0.000001
vn 1.000000 0.000000 -0.000001
vn 1.000000 0.000000 -0.000001
vn 1.000000 -0.000000 0.000000
vn 1.000000 -0.000000 0.000000
vn 1.000000 -0.000000 0.000000
vn 1.000000 0.000000 -0.000000
vn 1.000000 0.000000 -0.000000
vn 1.000000 0.000000 -0.000000
vn 1.000000 0.000000 -0.000000
vn 1.000000 0.000000 -0.000000
vn 1.000000 0.000000 -0.000000
vn 1.000000 0.000000 -0.000001
vn 1.000000 0.000000 -0.000001
vn 1.000000 0.000000 -0.000001
vn 1.000000 0.000000 -0.000000
vn 1.000000 0.000000 -0.000000
vn 1.000000 0.000000 -0.000000
vn 1.000000 -0.000000 -0.000001
vn 1.000000 -0.000000 -0.000001
vn 1.000000 -0.000000 -0.000001
vn 1.000000 0.000000 -0.000001
vn 1.000000 0.000000 -0.000001
vn 1.000000 0.000000 -0.000001
vn 1.000000 -0.000000 -0.000000
vn 1.000000 -0.000000 -0.000000
vn 1.000000 -0.000000 -0.000000
vn 1.000000 0.000000 -0.000000
vn 1.000000 0.000000 -0.000000
vn 1.000000 0.000000 -0.000000
vn 1.000000 0.000000 0.000000
vn 1.000000 0.000000 0.000000
vn 1.000000 0.000000 0.000000
vn 1.000000 -0.000000 -0.000000
vn 1.000000 -0.000000 -0.000000
vn 1.000000 -0.000000 -0.000000
vn 1.000000 -0.000000 -0.000001
vn 1.000000 -0.000000 -0.000001
vn 1.000000 -0.000000 -0.000001
vn 1.000000 0.000000 -0.000001
vn 1.000000 0.000000 -0.000001
vn 1.000000 0.000000 -0.000001
vn 1.000000 -0.000000 -0.000000
vn 1.000000 -0.000000 -0.000000
vn 1.000000 -0.000000 -0.000000
vn 1.000000 0.000000 -0.000000
vn 1.000000 0.000000 -0.000000
vn 1.000000 0.000000 -0.000000
vn 1.000000 0.000000 -0.000001
vn 1.000000 0.000000 -0.000001
vn 1.000000 0.000000 -0.000001
vn 1.000000 0.000000 -0.000000
vn 1.000000 0.000000 -0.000000
vn 1.000000 0.000000 -0.000000
vn -0.000000 0.912591 -0.408873
vn -0.000000 0.912591 -0.408873
vn -0.000000 0.912591 -0.408873
vn -0.000000 0.912591 -0.408874
vn -0.000000 0.912591 -0.408874
vn -0.000000 0.912591 -0.408874
vn 0.000000 0.226917 -0.973914
vn 0.000000 0.226917 -0.973914
vn 0.000000 0.226917 -0.973914
vn -0.000000 0.226917 -0.973914
vn -0.000000 0.226917 -0.973914
vn -0.000000 0.226917 -0.973914
vn -0.000000 -0.226917 -0.973914
vn -0.000000 -0.226917 -0.973914
vn -0.000000 -0.226917 -0.973914
vn 0.000000 -0.226916 -0.973914
vn 0.000000 -0.226916 -0.973914
vn 0.000000 -0.226916 -0.973914
vn -0.000000 -0.912591 -0.408873
vn -0.000000 -0.912591 -0.408873
vn -0.000000 -0.912591 -0.408873
vn -0.000001 -0.912591 -0.408874
vn -0.000001 -0.912591 -0.408874
vn -0.000001 -0.912591 -0.408874
vn -0.000001 -0.912591 0.408874
vn -0.000001 -0.912591 0.408874
vn -0.000001 -0.912591 0.408874
vn -0.000000 -0.912591 0.408874
vn -0.000000 -0.912591 0.408874
vn -0.000000 -0.912591 0.408874
vn 0.000000 -0.226917 0.973914
vn 0.000000 -0.226917 0.973914
vn 0.000000 -0.226917 0.973914
vn 0.000000 -0.226917 0.973914
vn 0.000000 -0.226917 0.973914
vn 0.000000 -0.226917 0.973914
vn 0.000000 0.226917 0.973914
vn 0.000000 0.226917 0.973914
vn 0.000000 0.226917 0.973914
vn -0.000000 0.226917 0.973914
vn -0.000000 0.226917 0.973914
vn -0.000000 0.226917 0.973914
vn 0.000000 0.912591 0.408874
vn 0.000000 0.912591 0.408874
vn 0.000000 0.912591 0.408874
vn 0.000001 0.912591 0.408874
vn 0.000001 0.912591 0.408874
vn 0.000001 0.912591 0.408874
vn -0.000000 0.912589 -0.408879
vn -0.000000 0.912589 -0.408879
vn -0.000000 0.912589 -0.408879
vn -0.000000 0.912589 -0.408879
vn -0.000000 0.912589 -0.408879
vn -0.000000 0.912589 -0.408879
vn 0.000000 0.226917 -0.973914
vn 0.000000 0.226917 -0.973914
vn 0.000000 0.226917 -0.973914
vn -0.000000 0.226917 -0.973914
vn -0.000000 0.226917 -0.973914
vn -0.000000 0.226917 -0.973914
vn -0.000000 -0.226917 -0.973914
vn -0.000000 -0.226917 -0.973914
vn -0.000000 -0.226917 -0.973914
vn 0.000000 -0.226917 -0.973914
vn 0.000000 -0.226917 -0.973914
vn 0.000000 -0.226917 -0.973914
vn 0.000000 -0.912591 -0.408874
vn 0.000000 -0.912591 -0.408874
vn 0.000000 -0.912591 -0.408874
vn -0.000000 -0.912591 -0.408875
vn -0.000000 -0.912591 -0.408875
vn -0.000000 -0.912591 -0.408875
vn -0.000000 -0.912591 0.408874
vn -0.000000 -0.912591 0.408874
vn -0.000000 -0.912591 0.408874
vn 0.000001 -0.912591 0.408874
vn 0.000001 -0.912591 0.408874
vn 0.000001 -0.912591 0.408874
vn 0.000000 -0.226917 0.973914
vn 0.000000 -0.226917 0.973914
vn 0.000000 -0.226917 0.973914
vn -0.000000 -0.226917 0.973914
vn -0.000000 -0.226917 0.973914
vn -0.000000 -0.226917 0.973914
vn -0.000000 0.226917 0.973914
vn -0.000000 0.226917 0.973914
vn -0.000000 0.226917 0.973914
vn 0.000000 0.226917 0.973914
vn 0.000000 0.226917 0.973914
vn 0.000000 0.226917 0.973914
vn 0.000000 0.912589 0.408879
vn 0.000000 0.912589 0.408879
vn 0.000000 0.912589 0.408879
vn -0.000000 0.912589 0.408879
vn -0.000000 0.912589 0.408879
vn -0.000000 0.912589 0.408879
vn -0.000000 -0.000000 -1.000000
vn -0.000000 -0.000000 -1.000000
vn -0.000000 -0.000000 -1.000000
vn -0.000000 -0.000000 -1.000000
vn -0.000000 -0.000000 -1.000000
vn -0.000000 -0.000000 -1.000000
vn -0.000001 0.000000 -1.000000
vn -0.000001 0.000000 -1.000000
vn -0.000001 0.000000 -1.000000
vn -0.000000 -0.000000 -1.000000
vn -0.000000 -0.000000 -1.000000
vn -0.000000 -0.000000 -1.000000
vn -0.000001 0.000000 -1.000000
vn -0.000001 0.000000 -1.000000
vn -0.000001 0.000000 -1.000000
vn -0.000001 0.000000 -1.000000
vn -0.000001 0.000000 -1.000000
vn -0.000001 0.000000 -1.000000
vn -0.000001 -0.000000 -1.000000
vn -0.000001 -0.000000 -1.000000
vn -0.000001 -0.000000 -1.000000
vn -0.000001 -0.000000 -1.000000
vn -0.000001 -0.000000 -1.000000
vn -0.000001 -0.000000 -1.000000
vn -0.000000 0.000000 -1.000000
vn -0.000000 0.000000 -1.000000
vn -0.000000 0.000000 -1.000000
vn -0.000001 0.000000 -1.000000
vn -0.000001 0.000000 -1.000000
vn -0.000001 0.000000 -1.000000
vn -0.000001 -0.000000 -1.000000
vn -0.000001 -0.000000 -1.000000
vn -0.000001 -0.000000 -1.000000
vn -0.000001 -0.000000 -1.000000
vn -0.000001 -0.000000 -1.000000
vn -0.000001 -0.000000 -1.000000
vn -0.000000 -0.000000 -1.000000
vn -0.000000 -0.000000 -1.000000
vn -0.000000 -0.000000 -1.000000
vn -0.000000 0.000000 -1.000000
vn -0.000000 0.000000 -1.000000
vn -0.000000 0.000000 -1.000000
vn -0.000001 -0.000000 -1.000000
vn -0.000001 -0.000000 -1.000000
vn -0.000001 -0.000000 -1.000000
vn -0.000000 -0.000000 -1.000000
vn -0.000000 -0.000000 -1.000000
vn -0.000000 -0.000000 -1.000000
vn -0.000000 0.000000 -1.000000
vn -0.000000 0.000000 -1.000000
vn -0.000000 0.000000 -1.000000
vn -0.000000 -0.000000 -1.000000
vn -0.000000 -0.000000 -1.000000
vn -0.000000 -0.000000 -1.000000
vn -0.000001 0.000000 -1.000000
vn -0.000001 0.000000 -1.000000
vn -0.000001 0.000000 -1.000000
vn -0.000000 0.000000 -1.000000
vn -0.000000 0.000000 -1.000000
vn -0.000000 0.000000 -1.000000
vn -0.000001 -0.000000 -1.000000
vn -0.000001 -0.000000 -1.000000
vn -0.000001 -0.000000 -1.000000
vn -0.000001 0.000000 -1.000000
vn -0.000001 0.000000 -1.000000
vn -0.000001 0.000000 -1.000000
vn -0.000000 -0.000000 -1.000000
vn -0.000000 -0.000000 -1.000000
vn -0.000000 -0.000000 -1.000000
vn -0.000000 0.000000 -1.000000
vn -0.000000 0.000000 -1.000000
vn -0.000000 0.000000 -1.000000
vn -0.000000 0.000000 -1.000000
vn -0.000000 0.000000 -1.000000
vn -0.000000 0.000000 -1.000000
vn -0.000000 0.000000 -1.000000
vn -0.000000 0.000000 -1.000000
vn -0.000000 0.000000 -1.000000
vn -0.000001 -0.000000 -1.000000
vn -0.000001 -0.000000 -1.000000
vn -0.000001 -0.000000 -1.000000
vn -0.000000 0.000000 -1.000000
vn -0.000000 0.000000 -1.000000
vn -0.000000 0.000000 -1.000000
vn -0.000000 -0.000000 -1.000000
vn -0.000000 -0.000000 -1.000000
vn -0.000000 -0.000000 -1.000000
vn -0.000000 0.000000 -1.000000
vn -0.000000 0.000000 -1.000000
vn -0.000000 0.000000 -1.000000
vn -0.000001 0.000000 -1.000000
vn -0.000001 0.000000 -1.000000
vn -0.000001 0.000000 -1.000000
vn -0.000000 0.000000 -1.000000
vn -0.000000 0.000000 -1.000000
vn -0.000000 0.000000 -1.000000
vn -0.408873 0.912592 0.000000
vn -0.408873 0.912592 0.000000
vn -0.408873 0.912592 0.000000
vn -0.408875 0.912590 0.000000
vn -0.408875 0.912590 0.000000
vn -0.408875 0.912590 0.000000
vn -0.973914 0.226917 -0.000000
vn -0.973914 0.226917 -0.000000
vn -0.973914 0.226917 -0.000000
vn -0.973914 0.226916 0.000000
vn -0.973914 0.226916 0.000000
vn -0.973914 0.226916 0.000000
vn -0.973914 -0.226917 0.000000
vn -0.973914 -0.226917 0.000000
vn -0.973914 -0.226917 0.000000
vn -0.973914 -0.226916 -0.000000
vn -0.973914 -0.226916 -0.000000
vn -0.973914 -0.226916 -0.000000
vn -0.408873 -0.912591 0.000000
vn -0.408873 -0.912591 0.000000
vn -0.408873 -0.912591 0.000000
vn -0.408874 -0.912591 0.000000
vn -0.408874 -0.912591 0.000000
vn -0.408874 -0.912591 0.000000
vn 0.408871 -0.912592 -0.000000
vn 0.408871 -0.912592 -0.000000
vn 0.408871 -0.912592 -0.000000
vn 0.408875 -0.912591 -0.000000
vn 0.408875 -0.912591 -0.000000
vn 0.408875 -0.912591 -0.000000
vn 0.973914 -0.226917 -0.000000
vn 0.973914 -0.226917 -0.000000
vn 0.973914 -0.226917 -0.000000
vn 0.973914 -0.226917 -0.000000
vn 0.973914 -0.226917 -0.000000
vn 0.973914 -0.226917 -0.000000
vn 0.973914 0.226917 0.000000
vn 0.973914 0.226917 0.000000
vn 0.973914 0.226917 0.000000
vn 0.973914 0.226917 -0.000000
vn 0.973914 0.226917 -0.000000
vn 0.973914 0.226917 -0.000000
vn 0.408875 0.912591 -0.000000
vn 0.408875 0.912591 -0.000000
vn 0.408875 0.912591 -0.000000
vn 0.408874 0.912591 0.000000
vn 0.408874 0.912591 0.000000
vn 0.408874 0.912591 0.000000
vn -0.408880 0.912588 0.000000
vn -0.408880 0.912588 0.000000
vn -0.408880 0.912588 0.000000
vn -0.408879 0.912589 0.000000
vn -0.408879 0.912589 0.000000
vn -0.408879 0.912589 0.000000
vn -0.973914 0.226917 0.000000
vn -0.973914 0.226917 0.000000
vn -0.973914 0.226917 0.000000
vn -0.973914 0.226917 0.000000
vn -0.973914 0.226917 0.000000
vn -0.973914 0.226917 0.000000
vn -0.973914 -0.226917 0.000000
vn -0.973914 -0.226917 0.000000
vn -0.973914 -0.226917 0.000000
vn -0.973914 -0.226917 0.000000
vn -0.973914 -0.226917 0.000000
vn -0.973914 -0.226917 0.000000
vn -0.408874 -0.912591 0.000000
vn -0.408874 -0.912591 0.000000
vn -0.408874 -0.912591 0.000000
vn -0.408874 -0.912591 0.000000
vn -0.408874 -0.912591 0.000000
vn -0.408874 -0.912591 0.000000
vn 0.408873 -0.912591 0.000000
vn 0.408873 -0.912591 0.000000
vn 0.408873 -0.912591 0.000000
vn 0.408875 -0.912590 -0.000000
vn 0.408875 -0.912590 -0.000000
vn 0.408875 -0.912590 -0.000000
vn 0.973914 -0.226917 -0.000000
vn 0.973914 -0.226917 -0.000000
vn 0.973914 -0.226917 -0.000000
vn 0.973914 -0.226917 0.000000
vn 0.973914 -0.226917 0.000000
vn 0.973914 -0.226917 0.000000
vn 0.973914 0.226918 0.000000
vn 0.973914 0.226918 0.000000
vn 0.973914 0.226918 0.000000
vn 0.973914 0.226917 -0.000000
vn 0.973914 0.226917 -0.000000
vn 0.973914 0.226917 -0.000000
vn 0.408879 0.912589 -0.000000
vn 0.408879 0.912589 -0.000000
vn 0.408879 0.912589 -0.000000
vn 0.408879 0.912589 0.000000
vn 0.408879 0.912589 0.000000
vn 0.408879 0.912589 0.000000
vn -1.000000 -0.000000 0.000000
vn -1.000000 -0.000000 0.000000
vn -1.000000 -0.000000 0.000000
vn -1.000000 -0.000000 0.000000
vn -1.000000 -0.000000 0.000000
vn -1.000000 -0.000000 0.000000
vn -1.000000 0.000000 0.000001
vn -1.000000 0.000000 0.000001
vn -1.000000 0.000000 0.000001
vn -1.000000 -0.000000 0.000000
vn -1.000000 -0.000000 0.000000
vn -1.000000 -0.000000 0.000000
vn -1.000000 0.000000 0.000001
vn -1.000000 0.000000 0.000001
vn -1.000000 0.000000 0.000001
vn -1.000000 0.000000 0.000001
vn -1.000000 0.000000 0.000001
vn -1.000000 0.000000 0.000001
vn -1.000000 -0.000000 0.000001
vn -1.000000 -0.000000 0.000001
vn -1.000000 -0.000000 0.000001
vn -1.000000 -0.000000 0.000001
vn -1.000000 -0.000000 0.000001
vn -1.000000 -0.000000 0.000001
vn -1.000000 0.000000 0.000000
vn -1.000000 0.000000 0.000000
vn -1.000000 0.000000 0.000000
vn -1.000000 0.000000 0.000001
vn -1.000000 0.000000 0.000001
vn -1.000000 0.000000 0.000001
vn -1.000000 -0.000000 0.000001
vn -1.000000 -0.000000 0.000001
vn -1.000000 -0.000000 0.000001
vn -1.000000 -0.000000 0.000001
vn -1.000000 -0.000000 0.000001
vn -1.000000 -0.000000 0.000001
vn -1.000000 -0.000001 0.000000
vn -1.000000 -0.000001 0.000000
vn -1.000000 -0.000001 0.000000
vn -1.000000 0.000000 0.000000
vn -1.000000 0.000000 0.000000
vn -1.000000 0.000000 0.000000
vn -1.000000 0.000000 0.000001
vn -1.000000 0.000000 0.000001
vn -1.000000 0.000000 0.000001
vn -1.000000 -0.000000 0.000000
vn -1.000000 -0.000000 0.000000
vn -1.000000 -0.000000 0.000000
vn -1.000000 0.000000 0.000000
vn -1.000000 0.000000 0.000000
vn -1.000000 0.000000 0.000000
vn -1.000000 0.000000 0.000000
vn -1.000000 0.000000 0.000000
vn -1.000000 0.000000 0.000000
vn -1.000000 0.000000 0.000001
vn -1.000000 0.000000 0.000001
vn -1.000000 0.000000 0.000001
vn -1.000000 0.000000 0.000000
vn -1.000000 0.000000 0.000000
vn -1.000000 0.000000 0.000000
vn -1.000000 -0.000000 0.000001
vn -1.000000 -0.000000 0.000001
vn -1.000000 -0.000000 0.000001
vn -1.000000 0.000000 0.000001
vn -1.000000 0.000000 0.000001
vn -1.000000 0.000000 0.000001
vn -1.000000 -0.000000 0.000000
vn -1.000000 -0.000000 0.000000
vn -1.000000 -0.000000 0.000000
vn -1.000000 0.000000 0.000000
vn -1.000000 0.000000 0.000000
vn -1.000000 0.000000 0.000000
vn -1.000000 0.000000 0.000000
vn -1.000000 0.000000 0.000000
vn -1.000000 0.000000 0.000000
vn -1.000000 -0.000000 0.000000
vn -1.000000 -0.000000 0.000000
vn -1.000000 -0.000000 0.000000
vn -1.000000 -0.000000 0.000001
vn -1.000000 -0.000000 0.000001
vn -1.000000 -0.000000 0.000001
vn -1.000000 0.000000 0.000000
vn -1.000000 0.000000 0.000000
vn -1.000000 0.000000 0.000000
vn -1.000000 -0.000001 0.000000
vn -1.000000 -0.000001 0.000000
vn -1.000000 -0.000001 0.000000
vn -1.000000 0.000000 0.000000
vn -1.000000 0.000000 0.000000
vn -1.000000 0.000000 0.000000
vn -1.000000 0.000000 0.000001
vn -1.000000 0.000000 0.000001
vn -1.000000 0.000000 0.000001
vn -1.000000 0.000000 0.000000
vn -1.000000 0.000000 0.000000
vn -1.000000 0.000000 0.000000
vn -0.000000 0.912591 0.408873
vn -0.000000 0.912591 0.408873
vn -0.000000 0.912591 0.408873
vn 0.000002 0.912591 0.408873
vn 0.000002 0.912591 0.408873
vn 0.000002 0.912591 0.408873
vn -0.000000 0.226917 0.973914
vn -0.000000 0.226917 0.973914
vn -0.000000 0.226917 0.973914
vn -0.000000 0.226917 0.973914
vn -0.000000 0.226917 0.973914
vn -0.000000 0.226917 0.973914
vn 0.000001 -0.226917 0.973914
vn 0.000001 -0.226917 0.973914
vn 0.000001 -0.226917 0.973914
vn -0.000001 -0.226916 0.973914
vn -0.000001 -0.226916 0.973914
vn -0.000001 -0.226916 0.973914
vn 0.000001 -0.912592 0.408872
vn 0.000001 -0.912592 0.408872
vn 0.000001 -0.912592 0.408872
vn -0.000002 -0.912592 0.408872
vn -0.000002 -0.912592 0.408872
vn -0.000002 -0.912592 0.408872
vn -0.000003 -0.912592 -0.408873
vn -0.000003 -0.912592 -0.408873
vn -0.000003 -0.912592 -0.408873
vn -0.000000 -0.912592 -0.408872
vn -0.000000 -0.912592 -0.408872
vn -0.000000 -0.912592 -0.408872
vn -0.000000 -0.226917 -0.973914
vn -0.000000 -0.226917 -0.973914
vn -0.000000 -0.226917 -0.973914
vn -0.000001 -0.226917 -0.973914
vn -0.000001 -0.226917 -0.973914
vn -0.000001 -0.226917 -0.973914
vn 0.000000 0.226917 -0.973914
vn 0.000000 0.226917 -0.973914
vn 0.000000 0.226917 -0.973914
vn -0.000000 0.226917 -0.973914
vn -0.000000 0.226917 -0.973914
vn -0.000000 0.226917 -0.973914
vn 0.000000 0.912591 -0.408874
vn 0.000000 0.912591 -0.408874
vn 0.000000 0.912591 -0.408874
vn -0.000000 0.912591 -0.408873
vn -0.000000 0.912591 -0.408873
vn -0.000000 0.912591 -0.408873
vn 0.000002 0.912589 0.408879
vn 0.000002 0.912589 0.408879
vn 0.000002 0.912589 0.408879
vn -0.000000 0.912589 0.408879
vn -0.000000 0.912589 0.408879
vn -0.000000 0.912589 0.408879
vn -0.000000 0.226917 0.973914
vn -0.000000 0.226917 0.973914
vn -0.000000 0.226917 0.973914
vn 0.000000 0.226917 0.973914
vn 0.000000 0.226917 0.973914
vn 0.000000 0.226917 0.973914
vn -0.000000 -0.226917 0.973914
vn -0.000000 -0.226917 0.973914
vn -0.000000 -0.226917 0.973914
vn -0.000000 -0.226917 0.973914
vn -0.000000 -0.226917 0.973914
vn -0.000000 -0.226917 0.973914
vn -0.000001 -0.912591 0.408874
vn -0.000001 -0.912591 0.408874
vn -0.000001 -0.912591 0.408874
vn -0.000000 -0.912591 0.408875
vn -0.000000 -0.912591 0.408875
vn -0.000000 -0.912591 0.408875
vn 0.000000 -0.912591 -0.408875
vn 0.000000 -0.912591 -0.408875
vn 0.000000 -0.912591 -0.408875
vn -0.000003 -0.912591 -0.408874
vn -0.000003 -0.912591 -0.408874
vn -0.000003 -0.912591 -0.408874
vn -0.000001 -0.226917 -0.973914
vn -0.000001 -0.226917 -0.973914
vn -0.000001 -0.226917 -0.973914
vn -0.000000 -0.226917 -0.973914
vn -0.000000 -0.226917 -0.973914
vn -0.000000 -0.226917 -0.973914
vn -0.000000 0.226917 -0.973914
vn -0.000000 0.226917 -0.973914
vn -0.000000 0.226917 -0.973914
vn -0.000000 0.226917 -0.973914
vn -0.000000 0.226917 -0.973914
vn -0.000000 0.226917 -0.973914
vn 0.000001 0.912589 -0.408879
vn 0.000001 0.912589 -0.408879
vn 0.000001 0.912589 -0.408879
vn -0.000000 0.912589 -0.408879
vn -0.000000 0.912589 -0.408879
vn -0.000000 0.912589 -0.408879
vn 1.000000 0.000000 -0.000000
vn 1.000000 0.000000 -0.000000
vn 1.000000 0.000000 -0.000000
vn 1.000000 0.000000 -0.000000
vn 1.000000 0.000000 -0.000000
vn 1.000000 0.000000 -0.000000
vn 1.000000 0.000000 -0.000000
vn 1.000000 0.000000 -0.000000
vn 1.000000 0.000000 -0.000000
vn 1.000000 0.000000 -0.000000
vn 1.000000 0.000000 -0.000000
vn 1.000000 0.000000 -0.000000
vn 1.000000 0.000000 -0.000000
vn 1.000000 0.000000 -0.000000
vn 1.000000 0.000000 -0.000000
vn 1.000000 0.000000 -0.000000
vn 1.000000 0.000000 -0.000000
vn 1.000000 0.000000 -0.000000
vn 1.000000 0.000000 -0.000000
vn 1.000000 0.000000 -0.000000
vn 1.000000 0.000000 -0.000000
vn 1.000000 0.000000 -0.000000
vn 1.000000 0.000000 -0.000000
vn 1.000000 0.000000 -0.000000
vn 1.000000 0.000000 0.000000
vn 1.000000 0.000000 0.000000
vn 1.000000 0.000000 0.000000
vn 1.000000 0.000000 -0.000000
vn 1.000000 0.000000 -0.000000
vn 1.000000 0.000000 -0.000000
vn 1.000000 -0.000000 -0.000000
vn 1.000000 -0.000000 -0.000000
vn 1.000000 -0.000000 -0.000000
vn 1.000000 0.000000 -0.000000
vn 1.000000 0.000000 -0.000000
vn 1.000000 0.000000 -0.000000
vn 1.000000 -0.000000 -0.000000
vn 1.000000 -0.000000 -0.000000
vn 1.000000 -0.000000 -0.000000
vn 1.000000 -0.000000 0.000000
vn 1.000000 -0.000000 0.000000
vn 1.000000 -0.000000 0.000000
vn 1.000000 -0.000000 -0.000001
vn 1.000000 -0.000000 -0.000001
vn 1.000000 -0.000000 -0.000001
vn 1.000000 -0.000000 0.000000
vn 1.000000 -0.000000 0.000000
vn 1.000000 -0.000000 0.000000
vn 1.000000 -0.000000 -0.000000
vn 1.000000 -0.000000 -0.000000
vn 1.000000 -0.000000 -0.000000
vn 1.000000 -0.000000 -0.000000
vn 1.000000 -0.000000 -0.000000
vn 1.000000 -0.000000 -0.000000
vn 1.000000 0.000000 -0.000000
vn 1.000000 0.000000 -0.000000
vn 1.000000 0.000000 -0.000000
vn -0.000000 0.000000 -1.000000
vn -0.000000 0.000000 -1.000000
vn -0.000000 0.000000 -1.000000
vn -0.000000 0.000000 -1.000000
vn -0.000000 0.000000 -1.000000
vn -0.000000 0.000000 -1.000000
vn -0.000000 0.000000 -1.000000
vn -0.000000 0.000000 -1.000000
vn -0.000000 0.000000 -1.000000
vn -0.000000 0.000000 -1.000000
vn -0.000000 0.000000 -1.000000
vn -0.000000 0.000000 -1.000000
vn 0.000000 0.000000 -1.000000
vn 0.000000 0.000000 -1.000000
vn 0.000000 0.000000 -1.000000
vn -0.000000 0.000000 -1.000000
vn -0.000000 0.000000 -1.000000
vn -0.000000 0.000000 -1.000000
vn 0.000000 -0.000000 -1.000000
vn 0.000000 -0.000000 -1.000000
vn 0.000000 -0.000000 -1.000000
vn -0.000001 -0.000000 -1.000000
vn -0.000001 -0.000000 -1.000000
vn -0.000001 -0.000000 -1.000000
vn 0.000000 0.000000 -1.000000
vn 0.000000 0.000000 -1.000000
vn 0.000000 0.000000 -1.000000
vn -0.000000 -0.000000 -1.000000
vn -0.000000 -0.000000 -1.000000
vn -0.000000 -0.000000 -1.000000
vn -0.000000 -0.000000 -1.000000
vn -0.000000 -0.000000 -1.000000
vn -0.000000 -0.000000 -1.000000
vn -0.000000 0.000000 -1.000000
vn -0.000000 0.000000 -1.000000
vn -0.000000 0.000000 -1.000000
vn -0.000000 0.000000 -1.000000
vn -0.000000 0.000000 -1.000000
vn -0.000000 0.000000 -1.000000
vn -0.408880 0.912588 0.000000
vn -0.408880 0.912588 0.000000
vn -0.408880 0.912588 0.000000
vn -0.408866 0.912594 0.000000
vn -0.408866 0.912594 0.000000
vn -0.408866 0.912594 0.000000
vn -0.973914 0.226916 0.000000
vn -0.973914 0.226916 0.000000
vn -0.973914 0.226916 0.000000
vn -0.973914 0.226919 0.000000
vn -0.973914 0.226919 0.000000
vn -0.973914 0.226919 0.000000
vn -0.973914 -0.226917 0.000000
vn -0.973914 -0.226917 0.000000
vn -0.973914 -0.226917 0.000000
vn -0.973914 -0.226916 0.000000
vn -0.973914 -0.226916 0.000000
vn -0.973914 -0.226916 0.000000
vn -0.408880 -0.912588 0.000000
vn -0.408880 -0.912588 0.000000
vn -0.408880 -0.912588 0.000000
vn -0.408880 -0.912588 0.000000
vn -0.408880 -0.912588 0.000000
vn -0.408880 -0.912588 0.000000
vn 0.408873 -0.912591 0.000000
vn 0.408873 -0.912591 0.000000
vn 0.408873 -0.912591 0.000000
vn 0.408880 -0.912588 -0.000000
vn 0.408880 -0.912588 -0.000000
vn 0.408880 -0.912588 -0.000000
vn 0.973914 -0.226916 -0.000000
vn 0.973914 -0.226916 -0.000000
vn 0.973914 -0.226916 -0.000000
vn 0.973914 -0.226917 0.000000
vn 0.973914 -0.226917 0.000000
vn 0.973914 -0.226917 0.000000
vn 0.973914 0.226918 0.000000
vn 0.973914 0.226918 0.000000
vn 0.973914 0.226918 0.000000
vn 0.973914 0.226916 -0.000000
vn 0.973914 0.226916 -0.000000
vn 0.973914 0.226916 -0.000000
vn 0.408859 0.912598 -0.000000
vn 0.408859 0.912598 -0.000000
vn 0.408859 0.912598 -0.000000
vn 0.408880 0.912588 0.000000
vn 0.408880 0.912588 0.000000
vn 0.408880 0.912588 0.000000
vn -0.408874 0.912591 -0.000000
vn -0.408874 0.912591 -0.000000
vn -0.408874 0.912591 -0.000000
vn -0.408884 0.912586 0.000000
vn -0.408884 0.912586 0.000000
vn -0.408884 0.912586 0.000000
vn -0.973914 0.226917 -0.000000
vn -0.973914 0.226917 -0.000000
vn -0.973914 0.226917 -0.000000
vn -0.973914 0.226917 -0.000000
vn -0.973914 0.226917 -0.000000
vn -0.973914 0.226917 -0.000000
vn -0.973914 -0.226917 0.000000
vn -0.973914 -0.226917 0.000000
vn -0.973914 -0.226917 0.000000
vn -0.973914 -0.226916 0.000000
vn -0.973914 -0.226916 0.000000
vn -0.973914 -0.226916 0.000000
vn -0.408869 -0.912593 0.000000
vn -0.408869 -0.912593 0.000000
vn -0.408869 -0.912593 0.000000
vn -0.408879 -0.912589 0.000000
vn -0.408879 -0.912589 0.000000
vn -0.408879 -0.912589 0.000000
vn 0.973914 -0.226917 -0.000000
vn 0.973914 -0.226917 -0.000000
vn 0.973914 -0.226917 -0.000000
vn 0.973914 -0.226917 0.000000
vn 0.973914 -0.226917 0.000000
vn 0.973914 -0.226917 0.000000
vn 0.973914 0.226917 0.000000
vn 0.973914 0.226917 0.000000
vn 0.973914 0.226917 0.000000
vn 0.973914 0.226918 -0.000000
vn 0.973914 0.226918 -0.000000
vn 0.973914 0.226918 -0.000000
vn 0.408879 0.912589 -0.000000
vn 0.408879 0.912589 -0.000000
vn 0.408879 0.912589 -0.000000
vn 0.408879 0.912588 -0.000000
vn 0.408879 0.912588 -0.000000
vn 0.408879 0.912588 -0.000000
vn -0.000000 0.000000 -1.000000
vn -0.000000 0.000000 -1.000000
vn -0.000000 0.000000 -1.000000
vn -0.000000 -0.000000 -1.000000
vn -0.000000 -0.000000 -1.000000
vn -0.000000 -0.000000 -1.000000
vn -0.000000 0.000000 -1.000000
vn -0.000000 0.000000 -1.000000
vn -0.000000 0.000000 -1.000000
vn -0.000000 0.000000 -1.000000
vn -0.000000 0.000000 -1.000000
vn -0.000000 0.000000 -1.000000
vn -0.000000 0.000000 -1.000000
vn -0.000000 0.000000 -1.000000
vn -0.000000 0.000000 -1.000000
vn -0.000000 0.000000 -1.000000
vn -0.000000 0.000000 -1.000000
vn -0.000000 0.000000 -1.000000
vn -0.000000 0.000000 -1.000000
vn -0.000000 0.000000 -1.000000
vn -0.000000 0.000000 -1.000000
vn -0.000001 0.000000 -1.000000
vn -0.000001 0.000000 -1.000000
vn -0.000001 0.000000 -1.000000
vn -0.000000 0.000000 -1.000000
vn -0.000000 0.000000 -1.000000
vn -0.000000 0.000000 -1.000000
vn -0.000000 0.000000 -1.000000
vn -0.000000 0.000000 -1.000000
vn -0.000000 0.000000 -1.000000
vn -0.000000 0.000000 -1.000000
vn -0.000000 0.000000 -1.000000
vn -0.000000 0.000000 -1.000000
vn -0.000000 0.000000 -1.000000
vn -0.000000 0.000000 -1.000000
vn -0.000000 0.000000 -1.000000
vn -0.000000 -0.000000 -1.000000
vn -0.000000 -0.000000 -1.000000
vn -0.000000 -0.000000 -1.000000
vn -0.000000 -0.000000 -1.000000
vn -0.000000 -0.000000 -1.000000
vn -0.000000 -0.000000 -1.000000
vn -0.000001 -0.000000 -1.000000
vn -0.000001 -0.000000 -1.000000
vn -0.000001 -0.000000 -1.000000
vn -0.000000 0.000000 -1.000000
vn -0.000000 0.000000 -1.000000
vn -0.000000 0.000000 -1.000000
vn -0.000000 -0.000000 -1.000000
vn -0.000000 -0.000000 -1.000000
vn -0.000000 -0.000000 -1.000000
vn -0.000000 -0.000000 -1.000000
vn -0.000000 -0.000000 -1.000000
vn -0.000000 -0.000000 -1.000000
vn -0.000000 0.000000 -1.000000
vn -0.000000 0.000000 -1.000000
vn -0.000000 0.000000 -1.000000

g Material.003
f 3/1/1 1/2/2 2/3/3
f 4/4/4 1/5/5 3/6/6
f 7/7/7 5/8/8 6/9/9
f 8/10/10 5/11/11 7/12/12
f 11/13/13 9/14/14 10/15/15
f 12/16/16 9/17/17 11/18/18
f 15/19/19 13/20/20 14/21/21
f 16/22/22 13/23/23 15/24/24
f 19/25/25 17/26/26 18/27/27
f 20/28/28 17/29/29 19/30/30
f 23/31/31 21/32/32 22/33/33
f 24/34/34 21/35/35 23/36/36
f 27/37/37 25/38/38 26/39/39
f 28/40/40 25/41/41 27/42/42
f 31/43/43 29/44/44 30/45/45
f 32/46/46 29/47/47 31/48/48
f 35/49/49 33/50/50 34/51/51
f 36/52/52 33/53/53 35/54/54
f 39/55/55 37/56/56 38/57/57
f 40/58/58 37/59/59 39/60/60
f 43/61/61 41/62/62 42/63/63
f 44/64/64 41/65/65 43/66/66
f 47/67/67 45/68/68 46/69/69
f 48/70/70 45/71/71 47/72/72
f 51/73/73 49/74/74 50/75/75
f 52/76/76 49/77/77 51/78/78
f 55/79/79 53/80/80 54/81/81
f 56/82/82 53/83/83 55/84/84
f 59/85/85 57/86/86 58/87/87
f 60/88/88 57/89/89 59/90/90
f 63/91/91 61/92/92 62/93/93
f 64/94/94 61/95/95 63/96/96
f 67/97/97 65/98/98 66/99/99
f 70/100/100 68/101/101 69/102/102
f 73/103/103 71/104/104 72/105/105
f 76/106/106 74/107/107 75/108/108
f 79/109/109 77/110/110 78/111/111
f 82/112/112 80/113/113 81/114/114
f 85/115/115 83/116/116 84/117/117
f 88/118/118 86/119/119 87/120/120
f 91/121/121 89/122/122 90/123/123
f 94/124/124 92/125/125 93/126/126
f 97/127/127 95/128/128 96/129/129
f 100/130/130 98/131/131 99/132/132
f 103/133/133 101/134/134 102/135/135
f 106/136/136 104/137/137 105/138/138
f 109/139/139 107/140/140 108/141/141
f 112/142/142 110/143/143 111/144/144
f 115/145/145 113/146/146 114/147/147
f 118/148/148 116/149/149 117/150/150
f 121/151/151 119/152/152 120/153/153
f 124/154/154 122/155/155 123/156/156
f 127/157/157 125/158/158 126/159/159
f 130/160/160 128/161/161 129/162/162
f 133/163/163 131/164/164 132/165/165
f 136/166/166 134/167/167 135/168/168
f 139/169/169 137/170/170 138/171/171
f 142/172/172 140/173/173 141/174/174
f 145/175/175 143/176/176 144/177/177
f 148/178/178 146/179/179 147/180/180
f 151/181/181 149/182/182 150/183/183
f 154/184/184 152/185/185 153/186/186
f 157/187/187 155/188/188 156/189/189
f 160/190/190 158/191/191 159/192/192
f 163/193/193 161/194/194 162/195/195
f 164/196/196 161/197/197 163/198/198
f 167/199/199 165/200/200 166/201/201
f 168/202/202 165/203/203 167/204/204
f 171/205/205 169/206/206 170/207/207
f 172/208/208 169/209/209 171/210/210
f 175/211/211 173/212/212 174/213/213
f 176/214/214 173/215/215 175/216/216
f 179/217/217 177/218/218 178/219/219
f 180/220/220 177/221/221 179/222/222
f 183/223/223 181/224/224 182/225/225
f 184/226/226 181/227/227 183/228/228
f 187/229/229 185/230/230 186/231/231
f 188/232/232 185/233/233 187/234/234
f 191/235/235 189/236/236 190/237/237
f 192/238/238 189/239/239 191/240/240
f 195/241/241 193/242/242 194/243/243
f 196/244/244 193/245/245 195/246/246
f 199/247/247 197/248/248 198/249/249
f 200/250/250 197/251/251 199/252/252
f 203/253/253 201/254/254 202/255/255
f 204/256/256 201/257/257 203/258/258
f 207/259/259 205/260/260 206/261/261
f 208/262/262 205/263/263 207/264/264
f 211/265/265 209/266/266 210/267/267
f 212/268/268 209/269/269 211/270/270
f 215/271/271 213/272/272 214/273/273
f 216/274/274 213/275/275 215/276/276
f 219/277/277 217/278/278 218/279/279
f 220/280/280 217/281/281 219/282/282
f 223/283/283 221/284/284 222/285/285
f 224/286/286 221/287/287 223/288/288
f 227/289/289 225/290/290 226/291/291
f 230/292/292 228/293/293 229/294/294
f 233/295/295 231/296/296 232/297/297
f 236/298/298 234/299/299 235/300/300
f 239/301/301 237/302/302 238/303/303
f 242/304/304 240/305/305 241/306/306
f 245/307/307 243/308/308 244/309/309
f 248/310/310 246/311/311 247/312/312
f 251/313/313 249/314/314 250/315/315
f 254/316/316 252/317/317 253/318/318
f 257/319/319 255/320/320 256/321/321
f 260/322/322 258/323/323 259/324/324
f 263/325/325 261/326/326 262/327/327
f 266/328/328 264/329/329 265/330/330
f 269/331/331 267/332/332 268/333/333
f 272/334/334 270/335/335 271/336/336
f 275/337/337 273/338/338 274/339/339
f 278/340/340 276/341/341 277/342/342
f 281/343/343 279/344/344 280/345/345
f 284/346/346 282/347/347 283/348/348
f 287/349/349 285/350/350 286/351/351
f 290/352/352 288/353/353 289/354/354
f 293/355/355 291/356/356 292/357/357
f 296/358/358 294/359/359 295/360/360
f 299/361/361 297/362/362 298/363/363
f 302/364/364 300/365/365 301/366/366
f 305/367/367 303/368/368 304/369/369
f 308/370/370 306/371/371 307/372/372
f 311/373/373 309/374/374 310/375/375
f 314/376/376 312/377/377 313/378/378
f 317/379/379 315/380/380 316/381/381
f 320/382/382 318/383/383 319/384/384
f 323/385/385 321/386/386 322/387/387
f 324/388/388 321/389/389 323/390/390
f 327/391/391 325/392/392 326/393/393
f 328/394/394 325/395/395 327/396/396
f 331/397/397 329/398/398 330/399/399
f 332/400/400 329/401/401 331/402/402
f 335/403/403 333/404/404 334/405/405
f 336/406/406 333/407/407 335/408/408
f 339/409/409 337/410/410 338/411/411
f 340/412/412 337/413/413 339/414/414
f 343/415/415 341/416/416 342/417/417
f 344/418/418 341/419/419 343/420/420
f 347/421/421 345/422/422 346/423/423
f 348/424/424 345/425/425 347/426/426
f 351/427/427 349/428/428 350/429/429
f 352/430/430 349/431/431 351/432/432
f 355/433/433 353/434/434 354/435/435
f 356/436/436 353/437/437 355/438/438
f 359/439/439 357/440/440 358/441/441
f 360/442/442 357/443/443 359/444/444
f 363/445/445 361/446/446 362/447/447
f 364/448/448 361/449/449 363/450/450
f 367/451/451 365/452/452 366/453/453
f 368/454/454 365/455/455 367/456/456
f 371/457/457 369/458/458 370/459/459
f 372/460/460 369/461/461 371/462/462
f 375/463/463 373/464/464 374/465/465
f 376/466/466 373/467/467 375/468/468
f 379/469/469 377/470/470 378/471/471
f 380/472/472 377/473/473 379/474/474
f 383/475/475 381/476/476 382/477/477
f 384/478/478 381/479/479 383/480/480
f 387/481/481 385/482/482 386/483/483
f 390/484/484 388/485/485 389/486/486
f 393/487/487 391/488/488 392/489/489
f 396/490/490 394/491/491 395/492/492
f 399/493/493 397/494/494 398/495/495
f 402/496/496 400/497/497 401/498/498
f 405/499/499 403/500/500 404/501/501
f 408/502/502 406/503/503 407/504/504
f 411/505/505 409/506/506 410/507/507
f 414/508/508 412/509/509 413/510/510
f 417/511/511 415/512/512 416/513/513
f 420/514/514 418/515/515 419/516/516
f 423/517/517 421/518/518 422/519/519
f 426/520/520 424/521/521 425/522/522
f 429/523/523 427/524/524 428/525/525
f 432/526/526 430/527/527 431/528/528
f 435/529/529 433/530/530 434/531/531
f 438/532/532 436/533/533 437/534/534
f 441/535/535 439/536/536 440/537/537
f 444/538/538 442/539/539 443/540/540
f 447/541/541 445/542/542 446/543/543
f 450/544/544 448/545/545 449/546/546
f 453/547/547 451/548/548 452/549/549
f 456/550/550 454/551/551 455/552/552
f 459/553/553 457/554/554 458/555/555
f 462/556/556 460/557/557 461/558/558
f 465/559/559 463/560/560 464/561/561
f 468/562/562 466/563/563 467/564/564
f 471/565/565 469/566/566 470/567/567
f 474/568/568 472/569/569 473/570/570
f 477/571/571 475/572/572 476/573/573
f 480/574/574 478/575/575 479/576/576
f 483/577/577 481/578/578 482/579/579
f 484/580/580 481/581/581 483/582/582
f 487/583/583 485/584/584 486/585/585
f 488/586/586 485/587/587 487/588/588
f 491/589/589 489/590/590 490/591/591
f 492/592/592 489/593/593 491/594/594
f 495/595/595 493/596/596 494/597/597
f 496/598/598 493/599/599 495/600/600
f 499/601/601 497/602/602 498/603/603
f 500/604/604 497/605/605 499/606/606
f 503/607/607 501/608/608 502/609/609
f 504/610/610 501/611/611 503/612/612
f 507/613/613 505/614/614 506/615/615
f 508/616/616 505/617/617 507/618/618
f 511/619/619 509/620/620 510/621/621
f 512/622/622 509/623/623 511/624/624
f 515/625/625 513/626/626 514/627/627
f 516/628/628 513/629/629 515/630/630
f 519/631/631 517/632/632 518/633/633
f 520/634/634 517/635/635 519/636/636
f 523/637/637 521/638/638 522/639/639
f 524/640/640 521/641/641 523/642/642
f 527/643/643 525/644/644 526/645/645
f 528/646/646 525/647/647 527/648/648
f 531/649/649 529/650/650 530/651/651
f 532/652/652 529/653/653 531/654/654
f 535/655/655 533/656/656 534/657/657
f 536/658/658 533/659/659 535/660/660
f 539/661/661 537/662/662 538/663/663
f 540/664/664 537/665/665 539/666/666
f 543/667/667 541/668/668 542/669/669
f 544/670/670 541/671/671 543/672/672
f 547/673/673 545/674/674 546/675/675
f 550/676/676 548/677/677 549/678/678
f 553/679/679 551/680/680 552/681/681
f 556/682/682 554/683/683 555/684/684
f 559/685/685 557/686/686 558/687/687
f 562/688/688 560/689/689 561/690/690
f 565/691/691 563/692/692 564/693/693
f 568/694/694 566/695/695 567/696/696
f 571/697/697 569/698/698 570/699/699
f 574/700/700 572/701/701 573/702/702
f 577/703/703 575/704/704 576/705/705
f 580/706/706 578/707/707 579/708/708
f 583/709/709 581/710/710 582/711/711
f 586/712/712 584/713/713 585/714/714
f 589/715/715 587/716/716 588/717/717
f 592/718/718 590/719/719 591/720/720
f 595/721/721 593/722/722 594/723/723
f 598/724/724 596/725/725 597/726/726
f 601/727/727 599/728/728 600/729/729
f 604/730/730 602/731/731 603/732/732
f 607/733/733 605/734/734 606/735/735
f 610/736/736 608/737/737 609/738/738
f 613/739/739 611/740/740 612/741/741
f 616/742/742 614/743/743 615/744/744
f 619/745/745 617/746/746 618/747/747
f 622/748/748 620/749/749 621/750/750
f 625/751/751 623/752/752 624/753/753
f 628/754/754 626/755/755 627/756/756
f 631/757/757 629/758/758 630/759/759
f 634/760/760 632/761/761 633/762/762
f 637/763/763 635/764/764 636/765/765
f 640/766/766 638/767/767 639/768/768
f 643/769/769 641/770/770 642/771/771
f 644/772/772 641/773/773 643/774/774
f 647/775/775 645/776/776 646/777/777
f 648/778/778 645/779/779 647/780/780
f 651/781/781 649/782/782 650/783/783
f 652/784/784 649/785/785 651/786/786
f 655/787/787 653/788/788 654/789/789
f 656/790/790 653/791/791 655/792/792
f 659/793/793 657/794/794 658/795/795
f 660/796/796 657/797/797 659/798/798
f 663/799/799 661/800/800 662/801/801
f 664/802/802 661/803/803 663/804/804
f 667/805/805 665/806/806 666/807/807
f 668/808/808 665/809/809 667/810/810
f 671/811/811 669/812/812 670/813/813
f 672/814/814 669/815/815 671/816/816
f 675/817/817 673/818/818 674/819/819
f 676/820/820 673/821/821 675/822/822
f 679/823/823 677/824/824 678/825/825
f 680/826/826 677/827/827 679/828/828
f 683/829/829 681/830/830 682/831/831
f 684/832/832 681/833/833 683/834/834
f 687/835/835 685/836/836 686/837/837
f 688/838/838 685/839/839 687/840/840
f 691/841/841 689/842/842 690/843/843
f 692/844/844 689/845/845 691/846/846
f 695/847/847 693/848/848 694/849/849
f 696/850/850 693/851/851 695/852/852
f 699/853/853 697/854/854 698/855/855
f 700/856/856 697/857/857 699/858/858
f 703/859/859 701/860/860 702/861/861
f 704/862/862 701/863/863 703/864/864
f 707/865/865 705/866/866 706/867/867
f 710/868/868 708/869/869 709/870/870
f 713/871/871 711/872/872 712/873/873
f 716/874/874 714/875/875 715/876/876
f 719/877/877 717/878/878 718/879/879
f 722/880/880 720/881/881 721/882/882
f 725/883/883 723/884/884 724/885/885
f 728/886/886 726/887/887 727/888/888
f 731/889/889 729/890/890 730/891/891
f 734/892/892 732/893/893 733/894/894
f 737/895/895 735/896/896 736/897/897
f 740/898/898 738/899/899 739/900/900
f 743/901/901 741/902/902 742/903/903
f 746/904/904 744/905/905 745/906/906
f 749/907/907 747/908/908 748/909/909
f 752/910/910 750/911/911 751/912/912
f 755/913/913 753/914/914 754/915/915
f 758/916/916 756/917/917 757/918/918
f 761/919/919 759/920/920 760/921/921
f 764/922/922 762/923/923 763/924/924
f 767/925/925 765/926/926 766/927/927
f 770/928/928 768/929/929 769/930/930
f 773/931/931 771/932/932 772/933/933
f 776/934/934 774/935/935 775/936/936
f 779/937/937 777/938/938 778/939/939
f 782/940/940 780/941/941 781/942/942
f 785/943/943 783/944/944 784/945/945
f 788/946/946 786/947/947 787/948/948
f 791/949/949 789/950/950 790/951/951
f 794/952/952 792/953/953 793/954/954
f 797/955/955 795/956/956 796/957/957
f 800/958/958 798/959/959 799/960/960
f 803/961/961 801/962/962 802/963/963
f 806/964/964 804/965/965 805/966/966
f 809/967/967 807/968/968 808/969/969
f 812/970/970 810/971/971 811/972/972
f 815/973/973 813/974/974 814/975/975
f 818/976/976 816/977/977 817/978/978
f 821/979/979 819/980/980 820/981/981
f 824/982/982 822/983/983 823/984/984
f 827/985/985 825/986/986 826/987/987
f 830/988/988 828/989/989 829/990/990
f 833/991/991 831/992/992 832/993/993
f 836/994/994 834/995/995 835/996/996
f 839/997/997 837/998/998 838/999/999
f 842/1000/1000 840/1001/1001 841/1002/1002
f 843/1003/1003 840/1004/1004 842/1005/1005
f 846/1006/1006 844/1007/1007 845/1008/1008
f 847/1009/1009 844/1010/1010 846/1011/1011
f 850/1012/1012 848/1013/1013 849/1014/1014
f 851/1015/1015 848/1016/1016 850/1017/1017
f 854/1018/1018 852/1019/1019 853/1020/1020
f 855/1021/1021 852/1022/1022 854/1023/1023
f 858/1024/1024 856/1025/1025 857/1026/1026
f 859/1027/1027 856/1028/1028 858/1029/1029
f 862/1030/1030 860/1031/1031 861/1032/1032
f 863/1033/1033 860/1034/1034 862/1035/1035
f 866/1036/1036 864/1037/1037 865/1038/1038
f 867/1039/1039 864/1040/1040 866/1041/1041
f 870/1042/1042 868/1043/1043 869/1044/1044
f 871/1045/1045 868/1046/1046 870/1047/1047
f 874/1048/1048 872/1049/1049 873/1050/1050
f 875/1051/1051 872/1052/1052 874/1053/1053
f 878/1054/1054 876/1055/1055 877/1056/1056
f 879/1057/1057 876/1058/1058 878/1059/1059
f 882/1060/1060 880/1061/1061 881/1062/1062
f 883/1063/1063 880/1064/1064 882/1065/1065
f 886/1066/1066 884/1067/1067 885/1068/1068
f 887/1069/1069 884/1070/1070 886/1071/1071
f 890/1072/1072 888/1073/1073 889/1074/1074
f 891/1075/1075 888/1076/1076 890/1077/1077
f 894/1078/1078 892/1079/1079 893/1080/1080
f 895/1081/1081 892/1082/1082 894/1083/1083
f 898/1084/1084 896/1085/1085 897/1086/1086
f 899/1087/1087 896/1088/1088 898/1089/1089
f 902/1090/1090 900/1091/1091 901/1092/1092
f 905/1093/1093 903/1094/1094 904/1095/1095
f 908/1096/1096 906/1097/1097 907/1098/1098
f 911/1099/1099 909/1100/1100 910/1101/1101
f 914/1102/1102 912/1103/1103 913/1104/1104
f 917/1105/1105 915/1106/1106 916/1107/1107
f 920/1108/1108 918/1109/1109 919/1110/1110
f 923/1111/1111 921/1112/1112 922/1113/1113
f 926/1114/1114 924/1115/1115 925/1116/1116
f 929/1117/1117 927/1118/1118 928/1119/1119
f 932/1120/1120 930/1121/1121 931/1122/1122
f 935/1123/1123 933/1124/1124 934/1125/1125
f 938/1126/1126 936/1127/1127 937/1128/1128
f 941/1129/1129 939/1130/1130 940/1131/1131
f 944/1132/1132 942/1133/1133 943/1134/1134
f 947/1135/1135 945/1136/1136 946/1137/1137
f 950/1138/1138 948/1139/1139 949/1140/1140
f 953/1141/1141 951/1142/1142 952/1143/1143
f 956/1144/1144 954/1145/1145 955/1146/1146
f 959/1147/1147 957/1148/1148 958/1149/1149
f 962/1150/1150 960/1151/1151 961/1152/1152
f 965/1153/1153 963/1154/1154 964/1155/1155
f 968/1156/1156 966/1157/1157 967/1158/1158
f 971/1159/1159 969/1160/1160 970/1161/1161
f 974/1162/1162 972/1163/1163 973/1164/1164
f 977/1165/1165 975/1166/1166 976/1167/1167
f 980/1168/1168 978/1169/1169 979/1170/1170
f 983/1171/1171 981/1172/1172 982/1173/1173
f 986/1174/1174 984/1175/1175 985/1176/1176
f 989/1177/1177 987/1178/1178 988/1179/1179
f 992/1180/1180 990/1181/1181 991/1182/1182
f 995/1183/1183 993/1184/1184 994/1185/1185
f 998/1186/1186 996/1187/1187 997/1188/1188
f 999/1189/1189 996/1190/1190 998/1191/1191
f 1002/1192/1192 1000/1193/1193 1001/1194/1194
f 1003/1195/1195 1000/1196/1196 1002/1197/1197
f 1006/1198/1198 1004/1199/1199 1005/1200/1200
f 1007/1201/1201 1004/1202/1202 1006/1203/1203
f 1010/1204/1204 1008/1205/1205 1009/1206/1206
f 1011/1207/1207 1008/1208/1208 1010/1209/1209
f 1014/1210/1210 1012/1211/1211 1013/1212/1212
f 1015/1213/1213 1012/1214/1214 1014/1215/1215
f 1018/1216/1216 1016/1217/1217 1017/1218/1218
f 1019/1219/1219 1016/1220/1220 1018/1221/1221
f 1022/1222/1222 1020/1223/1223 1021/1224/1224
f 1023/1225/1225 1020/1226/1226 1022/1227/1227
f 1026/1228/1228 1024/1229/1229 1025/1230/1230
f 1027/1231/1231 1024/1232/1232 1026/1233/1233
f 1030/1234/1234 1028/1235/1235 1029/1236/1236
f 1031/1237/1237 1028/1238/1238 1030/1239/1239
f 1034/1240/1240 1032/1241/1241 1033/1242/1242
f 1035/1243/1243 1032/1244/1244 1034/1245/1245
f 1038/1246/1246 1036/1247/1247 1037/1248/1248
f 1039/1249/1249 1036/1250/1250 1038/1251/1251
f 1042/1252/1252 1040/1253/1253 1041/1254/1254
f 1043/1255/1255 1040/1256/1256 1042/1257/1257
f 1046/1258/1258 1044/1259/1259 1045/1260/1260
f 1047/1261/1261 1044/1262/1262 1046/1263/1263
f 1050/1264/1264 1048/1265/1265 1049/1266/1266
f 1051/1267/1267 1048/1268/1268 1050/1269/1269
f 1054/1270/1270 1052/1271/1271 1053/1272/1272
f 1055/1273/1273 1052/1274/1274 1054/1275/1275
f 1058/1276/1276 1056/1277/1277 1057/1278/1278
f 1059/1279/1279 1056/1280/1280 1058/1281/1281
f 1062/1282/1282 1060/1283/1283 1061/1284/1284
f 1063/1285/1285 1060/1286/1286 1062/1287/1287
f 1066/1288/1288 1064/1289/1289 1065/1290/1290
f 1067/1291/1291 1064/1292/1292 1066/1293/1293
f 1070/1294/1294 1068/1295/1295 1069/1296/1296
f 1071/1297/1297 1068/1298/1298 1070/1299/1299
f 1074/1300/1300 1072/1301/1301 1073/1302/1302
f 1075/1303/1303 1072/1304/1304 1074/1305/1305
f 1078/1306/1306 1076/1307/1307 1077/1308/1308
f 1079/1309/1309 1076/1310/1310 1078/1311/1311
f 1082/1312/1312 1080/1313/1313 1081/1314/1314
f 1083/1315/1315 1080/1316/1316 1082/1317/1317
f 1086/1318/1318 1084/1319/1319 1085/1320/1320
f 1087/1321/1321 1084/1322/1322 1086/1323/1323
f 1090/1324/1324 1088/1325/1325 1089/1326/1326
f 1091/1327/1327 1088/1328/1328 1090/1329/1329
f 1094/1330/1330 1092/1331/1331 1093/1332/1332
f 1095/1333/1333 1092/1334/1334 1094/1335/1335
f 1098/1336/1336 1096/1337/1337 1097/1338/1338
f 1099/1339/1339 1096/1340/1340 1098/1341/1341
f 1102/1342/1342 1100/1343/1343 1101/1344/1344
f 1103/1345/1345 1100/1346/1346 1102/1347/1347
f 1106/1348/1348 1104/1349/1349 1105/1350/1350
f 1107/1351/1351 1104/1352/1352 1106/1353/1353
f 1110/1354/1354 1108/1355/1355 1109/1356/1356
f 1111/1357/1357 1108/1358/1358 1110/1359/1359
f 1114/1360/1360 1112/1361/1361 1113/1362/1362
f 1115/1363/1363 1112/1364/1364 1114/1365/1365
f 1118/1366/1366 1116/1367/1367 1117/1368/1368
f 1119/1369/1369 1116/1370/1370 1118/1371/1371
f 1122/1372/1372 1120/1373/1373 1121/1374/1374
f 1123/1375/1375 1120/1376/1376 1122/1377/1377
f 1126/1378/1378 1124/1379/1379 1125/1380/1380
f 1129/1381/1381 1127/1382/1382 1128/1383/1383
f 1132/1384/1384 1130/1385/1385 1131/1386/1386
f 1135/1387/1387 1133/1388/1388 1134/1389/1389
f 1138/1390/1390 1136/1391/1391 1137/1392/1392
f 1141/1393/1393 1139/1394/1394 1140/1395/1395
f 1144/1396/1396 1142/1397/1397 1143/1398/1398
f 1147/1399/1399 1145/1400/1400 1146/1401/1401
f 1150/1402/1402 1148/1403/1403 1149/1404/1404
f 1153/1405/1405 1151/1406/1406 1152/1407/1407
f 1156/1408/1408 1154/1409/1409 1155/1410/1410
f 1159/1411/1411 1157/1412/1412 1158/1413/1413
f 1162/1414/1414 1160/1415/1415 1161/1416/1416
f 1165/1417/1417 1163/1418/1418 1164/1419/1419
f 1168/1420/1420 1166/1421/1421 1167/1422/1422
f 1171/1423/1423 1169/1424/1424 1170/1425/1425
f 1174/1426/1426 1172/1427/1427 1173/1428/1428
f 1177/1429/1429 1175/1430/1430 1176/1431/1431
f 1180/1432/1432 1178/1433/1433 1179/1434/1434
f 1183/1435/1435 1181/1436/1436 1182/1437/1437
f 1186/1438/1438 1184/1439/1439 1185/1440/1440
f 1189/1441/1441 1187/1442/1442 1188/1443/1443
f 1192/1444/1444 1190/1445/1445 1191/1446/1446
f 1195/1447/1447 1193/1448/1448 1194/1449/1449
f 1198/1450/1450 1196/1451/1451 1197/1452/1452
f 1201/1453/1453 1199/1454/1454 1200/1455/1455
f 1204/1456/1456 1202/1457/1457 1203/1458/1458
f 1207/1459/1459 1205/1460/1460 1206/1461/1461
f 1210/1462/1462 1208/1463/1463 1209/1464/1464
f 1213/1465/1465 1211/1466/1466 1212/1467/1467
f 1216/1468/1468 1214/1469/1469 1215/1470/1470
f 1219/1471/1471 1217/1472/1472 1218/1473/1473
f 1222/1474/1474 1220/1475/1475 1221/1476/1476
f 1225/1477/1477 1223/1478/1478 1224/1479/1479
f 1228/1480/1480 1226/1481/1481 1227/1482/1482
f 1231/1483/1483 1229/1484/1484 1230/1485/1485
f 1234/1486/1486 1232/1487/1487 1233/1488/1488
f 1237/1489/1489 1235/1490/1490 1236/1491/1491
f 1240/1492/1492 1238/1493/1493 1239/1494/1494
f 1243/1495/1495 1241/1496/1496 1242/1497/1497
f 1246/1498/1498 1244/1499/1499 1245/1500/1500
f 1249/1501/1501 1247/1502/1502 1248/1503/1503
f 1252/1504/1504 1250/1505/1505 1251/1506/1506
f 1255/1507/1507 1253/1508/1508 1254/1509/1509
f 1258/1510/1510 1256/1511/1511 1257/1512/1512
f 1261/1513/1513 1259/1514/1514 1260/1515/1515
f 1264/1516/1516 1262/1517/1517 1263/1518/1518
f 1267/1519/1519 1265/1520/1520 1266/1521/1521
f 1270/1522/1522 1268/1523/1523 1269/1524/1524
f 1273/1525/1525 1271/1526/1526 1272/1527/1527
f 1276/1528/1528 1274/1529/1529 1275/1530/1530
f 1279/1531/1531 1277/1532/1532 1278/1533/1533
f 1282/1534/1534 1280/1535/1535 1281/1536/1536
f 1285/1537/1537 1283/1538/1538 1284/1539/1539
f 1288/1540/1540 1286/1541/1541 1287/1542/1542
f 1291/1543/1543 1289/1544/1544 1290/1545/1545
f 1294/1546/1546 1292/1547/1547 1293/1548/1548
f 1297/1549/1549 1295/1550/1550 1296/1551/1551
f 1300/1552/1552 1298/1553/1553 1299/1554/1554
f 1303/1555/1555 1301/1556/1556 1302/1557/1557
f 1306/1558/1558 1304/1559/1559 1305/1560/1560
f 1309/1561/1561 1307/1562/1562 1308/1563/1563
f 1312/1564/1564 1310/1565/1565 1311/1566/1566
f 1315/1567/1567 1313/1568/1568 1314/1569/1569
f 1318/1570/1570 1316/1571/1571 1317/1572/1572
f 1319/1573/1573 1316/1574/1574 1318/1575/1575
f 1322/1576/1576 1320/1577/1577 1321/1578/1578
f 1323/1579/1579 1320/1580/1580 1322/1581/1581
f 1326/1582/1582 1324/1583/1583 1325/1584/1584
f 1327/1585/1585 1324/1586/1586 1326/1587/1587
f 1330/1588/1588 1328/1589/1589 1329/1590/1590
f 1331/1591/1591 1328/1592/1592 1330/1593/1593
f 1334/1594/1594 1332/1595/1595 1333/1596/1596
f 1335/1597/1597 1332/1598/1598 1334/1599/1599
f 1338/1600/1600 1336/1601/1601 1337/1602/1602
f 1339/1603/1603 1336/1604/1604 1338/1605/1605
f 1342/1606/1606 1340/1607/1607 1341/1608/1608
f 1343/1609/1609 1340/1610/1610 1342/1611/1611
f 1346/1612/1612 1344/1613/1613 1345/1614/1614
f 1347/1615/1615 1344/1616/1616 1346/1617/1617
f 1350/1618/1618 1348/1619/1619 1349/1620/1620
f 1351/1621/1621 1348/1622/1622 1350/1623/1623
f 1354/1624/1624 1352/1625/1625 1353/1626/1626
f 1355/1627/1627 1352/1628/1628 1354/1629/1629
f 1358/1630/1630 1356/1631/1631 1357/1632/1632
f 1359/1633/1633 1356/1634/1634 1358/1635/1635
f 1362/1636/1636 1360/1637/1637 1361/1638/1638
f 1363/1639/1639 1360/1640/1640 1362/1641/1641
f 1366/1642/1642 1364/1643/1643 1365/1644/1644
f 1367/1645/1645 1364/1646/1646 1366/1647/1647
f 1370/1648/1648 1368/1649/1649 1369/1650/1650
f 1371/1651/1651 1368/1652/1652 1370/1653/1653
f 1374/1654/1654 1372/1655/1655 1373/1656/1656
f 1375/1657/1657 1372/1658/1658 1374/1659/1659
f 1378/1660/1660 1376/1661/1661 1377/1662/1662
f 1379/1663/1663 1376/1664/1664 1378/1665/1665
f 1382/1666/1666 1380/1667/1667 1381/1668/1668
f 1383/1669/1669 1380/1670/1670 1382/1671/1671
f 1386/1672/1672 1384/1673/1673 1385/1674/1674
f 1387/1675/1675 1384/1676/1676 1386/1677/1677
f 1390/1678/1678 1388/1679/1679 1389/1680/1680
f 1391/1681/1681 1388/1682/1682 1390/1683/1683
f 1394/1684/1684 1392/1685/1685 1393/1686/1686
f 1395/1687/1687 1392/1688/1688 1394/1689/1689
f 1398/1690/1690 1396/1691/1691 1397/1692/1692
f 1399/1693/1693 1396/1694/1694 1398/1695/1695
f 1402/1696/1696 1400/1697/1697 1401/1698/1698
f 1403/1699/1699 1400/1700/1700 1402/1701/1701
f 1406/1702/1702 1404/1703/1703 1405/1704/1704
f 1407/1705/1705 1404/1706/1706 1406/1707/1707
f 1410/1708/1708 1408/1709/1709 1409/1710/1710
f 1411/1711/1711 1408/1712/1712 1410/1713/1713
f 1414/1714/1714 1412/1715/1715 1413/1716/1716
f 1415/1717/1717 1412/1718/1718 1414/1719/1719
f 1418/1720/1720 1416/1721/1721 1417/1722/1722
f 1419/1723/1723 1416/1724/1724 1418/1725/1725
f 1422/1726/1726 1420/1727/1727 1421/1728/1728
f 1423/1729/1729 1420/1730/1730 1422/1731/1731
f 1426/1732/1732 1424/1733/1733 1425/1734/1734
f 1427/1735/1735 1424/1736/1736 1426/1737/1737
f 1430/1738/1738 1428/1739/1739 1429/1740/1740
f 1431/1741/1741 1428/1742/1742 1430/1743/1743
f 1434/1744/1744 1432/1745/1745 1433/1746/1746
f 1435/1747/1747 1432/1748/1748 1434/1749/1749
f 1438/1750/1750 1436/1751/1751 1437/1752/1752
f 1439/1753/1753 1436/1754/1754 1438/1755/1755
f 1442/1756/1756 1440/1757/1757 1441/1758/1758
f 1443/1759/1759 1440/1760/1760 1442/1761/1761
f 1446/1762/1762 1444/1763/1763 1445/1764/1764
f 1449/1765/1765 1447/1766/1766 1448/1767/1767
f 1452/1768/1768 1450/1769/1769 1451/1770/1770
f 1455/1771/1771 1453/1772/1772 1454/1773/1773
f 1458/1774/1774 1456/1775/1775 1457/1776/1776
f 1461/1777/1777 1459/1778/1778 1460/1779/1779
f 1464/1780/1780 1462/1781/1781 1463/1782/1782
f 1467/1783/1783 1465/1784/1784 1466/1785/1785
f 1470/1786/1786 1468/1787/1787 1469/1788/1788
f 1473/1789/1789 1471/1790/1790 1472/1791/1791
f 1476/1792/1792 1474/1793/1793 1475/1794/1794
f 1479/1795/1795 1477/1796/1796 1478/1797/1797
f 1482/1798/1798 1480/1799/1799 1481/1800/1800
f 1485/1801/1801 1483/1802/1802 1484/1803/1803
f 1488/1804/1804 1486/1805/1805 1487/1806/1806
f 1491/1807/1807 1489/1808/1808 1490/1809/1809
f 1494/1810/1810 1492/1811/1811 1493/1812/1812
f 1497/1813/1813 1495/1814/1814 1496/1815/1815
f 1500/1816/1816 1498/1817/1817 1499/1818/1818
f 1503/1819/1819 1501/1820/1820 1502/1821/1821
f 1506/1822/1822 1504/1823/1823 1505/1824/1824
f 1509/1825/1825 1507/1826/1826 1508/1827/1827
f 1512/1828/1828 1510/1829/1829 1511/1830/1830
f 1515/1831/1831 1513/1832/1832 1514/1833/1833
f 1518/1834/1834 1516/1835/1835 1517/1836/1836
f 1521/1837/1837 1519/1838/1838 1520/1839/1839
f 1524/1840/1840 1522/1841/1841 1523/1842/1842
f 1527/1843/1843 1525/1844/1844 1526/1845/1845
f 1530/1846/1846 1528/1847/1847 1529/1848/1848
f 1533/1849/1849 1531/1850/1850 1532/1851/1851
f 1536/1852/1852 1534/1853/1853 1535/1854/1854
f 1539/1855/1855 1537/1856/1856 1538/1857/1857
f 1542/1858/1858 1540/1859/1859 1541/1860/1860
f 1545/1861/1861 1543/1862/1862 1544/1863/1863
f 1548/1864/1864 1546/1865/1865 1547/1866/1866
f 1551/1867/1867 1549/1868/1868 1550/1869/1869
f 1554/1870/1870 1552/1871/1871 1553/1872/1872
f 1557/1873/1873 1555/1874/1874 1556/1875/1875
f 1560/1876/1876 1558/1877/1877 1559/1878/1878
f 1563/1879/1879 1561/1880/1880 1562/1881/1881
f 1566/1882/1882 1564/1883/1883 1565/1884/1884
f 1569/1885/1885 1567/1886/1886 1568/1887/1887
f 1572/1888/1888 1570/1889/1889 1571/1890/1890
f 1575/1891/1891 1573/1892/1892 1574/1893/1893
f 1578/1894/1894 1576/1895/1895 1577/1896/1896
f 1581/1897/1897 1579/1898/1898 1580/1899/1899
f 1584/1900/1900 1582/1901/1901 1583/1902/1902
f 1587/1903/1903 1585/1904/1904 1586/1905/1905
f 1590/1906/1906 1588/1907/1907 1589/1908/1908
f 1593/1909/1909 1591/1910/1910 1592/1911/1911
f 1596/1912/1912 1594/1913/1913 1595/1914/1914
f 1599/1915/1915 1597/1916/1916 1598/1917/1917
f 1602/1918/1918 1600/1919/1919 1601/1920/1920
f 1605/1921/1921 1603/1922/1922 1604/1923/1923
f 1608/1924/1924 1606/1925/1925 1607/1926/1926
f 1611/1927/1927 1609/1928/1928 1610/1929/1929
f 1614/1930/1930 1612/1931/1931 1613/1932/1932
f 1617/1933/1933 1615/1934/1934 1616/1935/1935
f 1620/1936/1936 1618/1937/1937 1619/1938/1938
f 1623/1939/1939 1621/1940/1940 1622/1941/1941
f 1626/1942/1942 1624/1943/1943 1625/1944/1944
f 1629/1945/1945 1627/1946/1946 1628/1947/1947
f 1632/1948/1948 1630/1949/1949 1631/1950/1950
f 1635/1951/1951 1633/1952/1952 1634/1953/1953
f 1638/1954/1954 1636/1955/1955 1637/1956/1956
f 1639/1957/1957 1636/1958/1958 1638/1959/1959
f 1642/1960/1960 1640/1961/1961 1641/1962/1962
f 1643/1963/1963 1640/1964/1964 1642/1965/1965
f 1646/1966/1966 1644/1967/1967 1645/1968/1968
f 1647/1969/1969 1644/1970/1970 1646/1971/1971
f 1650/1972/1972 1648/1973/1973 1649/1974/1974
f 1651/1975/1975 1648/1976/1976 1650/1977/1977
f 1654/1978/1978 1652/1979/1979 1653/1980/1980
f 1655/1981/1981 1652/1982/1982 1654/1983/1983
f 1658/1984/1984 1656/1985/1985 1657/1986/1986
f 1659/1987/1987 1656/1988/1988 1658/1989/1989
f 1662/1990/1990 1660/1991/1991 1661/1992/1992
f 1663/1993/1993 1660/1994/1994 1662/1995/1995
f 1666/1996/1996 1664/1997/1997 1665/1998/1998
f 1667/1999/1999 1664/2000/2000 1666/2001/2001
f 1670/2002/2002 1668/2003/2003 1669/2004/2004
f 1671/2005/2005 1668/2006/2006 1670/2007/2007
f 1674/2008/2008 1672/2009/2009 1673/2010/2010
f 1675/2011/2011 1672/2012/2012 1674/2013/2013
f 1678/2014/2014 1676/2015/2015 1677/2016/2016
f 1679/2017/2017 1676/2018/2018 1678/2019/2019
f 1682/2020/2020 1680/2021/2021 1681/2022/2022
f 1683/2023/2023 1680/2024/2024 1682/2025/2025
f 1686/2026/2026 1684/2027/2027 1685/2028/2028
f 1687/2029/2029 1684/2030/2030 1686/2031/2031
f 1690/2032/2032 1688/2033/2033 1689/2034/2034
f 1691/2035/2035 1688/2036/2036 1690/2037/2037
f 1694/2038/2038 1692/2039/2039 1693/2040/2040
f 1695/2041/2041 1692/2042/2042 1694/2043/2043
f 1698/2044/2044 1696/2045/2045 1697/2046/2046
f 1699/2047/2047 1696/2048/2048 1698/2049/2049
f 1702/2050/2050 1700/2051/2051 1701/2052/2052
f 1705/2053/2053 1703/2054/2054 1704/2055/2055
f 1708/2056/2056 1706/2057/2057 1707/2058/2058
f 1711/2059/2059 1709/2060/2060 1710/2061/2061
f 1714/2062/2062 1712/2063/2063 1713/2064/2064
f 1717/2065/2065 1715/2066/2066 1716/2067/2067
f 1720/2068/2068 1718/2069/2069 1719/2070/2070
f 1723/2071/2071 1721/2072/2072 1722/2073/2073
f 1726/2074/2074 1724/2075/2075 1725/2076/2076
f 1729/2077/2077 1727/2078/2078 1728/2079/2079
f 1732/2080/2080 1730/2081/2081 1731/2082/2082
f 1735/2083/2083 1733/2084/2084 1734/2085/2085
f 1738/2086/2086 1736/2087/2087 1737/2088/2088
f 1741/2089/2089 1739/2090/2090 1740/2091/2091
f 1744/2092/2092 1742/2093/2093 1743/2094/2094
f 1747/2095/2095 1745/2096/2096 1746/2097/2097
f 1750/2098/2098 1748/2099/2099 1749/2100/2100
f 1753/2101/2101 1751/2102/2102 1752/2103/2103
f 1756/2104/2104 1754/2105/2105 1755/2106/2106
f 1759/2107/2107 1757/2108/2108 1758/2109/2109
f 1762/2110/2110 1760/2111/2111 1761/2112/2112
f 1765/2113/2113 1763/2114/2114 1764/2115/2115
f 1768/2116/2116 1766/2117/2117 1767/2118/2118
f 1771/2119/2119 1769/2120/2120 1770/2121/2121
f 1774/2122/2122 1772/2123/2123 1773/2124/2124
f 1777/2125/2125 1775/2126/2126 1776/2127/2127
f 1780/2128/2128 1778/2129/2129 1779/2130/2130
f 1783/2131/2131 1781/2132/2132 1782/2133/2133
f 1786/2134/2134 1784/2135/2135 1785/2136/2136
f 1789/2137/2137 1787/2138/2138 1788/2139/2139
f 1792/2140/2140 1790/2141/2141 1791/2142/2142
f 1795/2143/2143 1793/2144/2144 1794/2145/2145
f 1798/2146/2146 1796/2147/2147 1797/2148/2148
f 1799/2149/2149 1796/2150/2150 1798/2151/2151
f 1802/2152/2152 1800/2153/2153 1801/2154/2154
f 1803/2155/2155 1800/2156/2156 1802/2157/2157
f 1806/2158/2158 1804/2159/2159 1805/2160/2160
f 1807/2161/2161 1804/2162/2162 1806/2163/2163
f 1810/2164/2164 1808/2165/2165 1809/2166/2166
f 1811/2167/2167 1808/2168/2168 1810/2169/2169
f 1814/2170/2170 1812/2171/2171 1813/2172/2172
f 1815/2173/2173 1812/2174/2174 1814/2175/2175
f 1818/2176/2176 1816/2177/2177 1817/2178/2178
f 1819/2179/2179 1816/2180/2180 1818/2181/2181
f 1822/2182/2182 1820/2183/2183 1821/2184/2184
f 1823/2185/2185 1820/2186/2186 1822/2187/2187
f 1826/2188/2188 1824/2189/2189 1825/2190/2190
f 1827/2191/2191 1824/2192/2192 1826/2193/2193
f 1830/2194/2194 1828/2195/2195 1829/2196/2196
f 1831/2197/2197 1828/2198/2198 1830/2199/2199
f 1834/2200/2200 1832/2201/2201 1833/2202/2202
f 1835/2203/2203 1832/2204/2204 1834/2205/2205
f 1838/2206/2206 1836/2207/2207 1837/2208/2208
f 1839/2209/2209 1836/2210/2210 1838/2211/2211
f 1842/2212/2212 1840/2213/2213 1841/2214/2214
f 1843/2215/2215 1840/2216/2216 1842/2217/2217
f 1846/2218/2218 1844/2219/2219 1845/2220/2220
f 1847/2221/2221 1844/2222/2222 1846/2223/2223
f 1850/2224/2224 1848/2225/2225 1849/2226/2226
f 1851/2227/2227 1848/2228/2228 1850/2229/2229
f 1854/2230/2230 1852/2231/2231 1853/2232/2232
f 1855/2233/2233 1852/2234/2234 1854/2235/2235
f 1858/2236/2236 1856/2237/2237 1857/2238/2238
f 1859/2239/2239 1856/2240/2240 1858/2241/2241
f 1862/2242/2242 1860/2243/2243 1861/2244/2244
f 1865/2245/2245 1863/2246/2246 1864/2247/2247
f 1868/2248/2248 1866/2249/2249 1867/2250/2250
f 1871/2251/2251 1869/2252/2252 1870/2253/2253
f 1874/2254/2254 1872/2255/2255 1873/2256/2256
f 1877/2257/2257 1875/2258/2258 1876/2259/2259
f 1880/2260/2260 1878/2261/2261 1879/2262/2262
f 1883/2263/2263 1881/2264/2264 1882/2265/2265
f 1886/2266/2266 1884/2267/2267 1885/2268/2268
f 1889/2269/2269 1887/2270/2270 1888/2271/2271
f 1892/2272/2272 1890/2273/2273 1891/2274/2274
f 1895/2275/2275 1893/2276/2276 1894/2277/2277
f 1898/2278/2278 1896/2279/2279 1897/2280/2280
f 1901/2281/2281 1899/2282/2282 1900/2283/2283
f 1904/2284/2284 1902/2285/2285 1903/2286/2286
f 1907/2287/2287 1905/2288/2288 1906/2289/2289
f 1910/2290/2290 1908/2291/2291 1909/2292/2292
f 1913/2293/2293 1911/2294/2294 1912/2295/2295
f 1916/2296/2296 1914/2297/2297 1915/2298/2298
f 1919/2299/2299 1917/2300/2300 1918/2301/2301
f 1922/2302/2302 1920/2303/2303 1921/2304/2304
f 1925/2305/2305 1923/2306/2306 1924/2307/2307
f 1928/2308/2308 1926/2309/2309 1927/2310/2310
f 1931/2311/2311 1929/2312/2312 1930/2313/2313
f 1934/2314/2314 1932/2315/2315 1933/2316/2316
f 1937/2317/2317 1935/2318/2318 1936/2319/2319
f 1940/2320/2320 1938/2321/2321 1939/2322/2322
f 1943/2323/2323 1941/2324/2324 1942/2325/2325
f 1946/2326/2326 1944/2327/2327 1945/2328/2328
f 1949/2329/2329 1947/2330/2330 1948/2331/2331
f 1952/2332/2332 1950/2333/2333 1951/2334/2334
f 1955/2335/2335 1953/2336/2336 1954/2337/2337
f 1958/2338/2338 1956/2339/2339 1957/2340/2340
f 1959/2341/2341 1956/2342/2342 1958/2343/2343
f 1962/2344/2344 1960/2345/2345 1961/2346/2346
f 1963/2347/2347 1960/2348/2348 1962/2349/2349
f 1966/2350/2350 1964/2351/2351 1965/2352/2352
f 1967/2353/2353 1964/2354/2354 1966/2355/2355
f 1970/2356/2356 1968/2357/2357 1969/2358/2358
f 1971/2359/2359 1968/2360/2360 1970/2361/2361
f 1974/2362/2362 1972/2363/2363 1973/2364/2364
f 1975/2365/2365 1972/2366/2366 1974/2367/2367
f 1978/2368/2368 1976/2369/2369 1977/2370/2370
f 1979/2371/2371 1976/2372/2372 1978/2373/2373
f 1982/2374/2374 1980/2375/2375 1981/2376/2376
f 1983/2377/2377 1980/2378/2378 1982/2379/2379
f 1986/2380/2380 1984/2381/2381 1985/2382/2382
f 1987/2383/2383 1984/2384/2384 1986/2385/2385
f 1990/2386/2386 1988/2387/2387 1989/2388/2388
f 1991/2389/2389 1988/2390/2390 1990/2391/2391
f 1994/2392/2392 1992/2393/2393 1993/2394/2394
f 1995/2395/2395 1992/2396/2396 1994/2397/2397
f 1998/2398/2398 1996/2399/2399 1997/2400/2400
f 1999/2401/2401 1996/2402/2402 1998/2403/2403
f 2002/2404/2404 2000/2405/2405 2001/2406/2406
f 2003/2407/2407 2000/2408/2408 2002/2409/2409
f 2006/2410/2410 2004/2411/2411 2005/2412/2412
f 2007/2413/2413 2004/2414/2414 2006/2415/2415
f 2010/2416/2416 2008/2417/2417 2009/2418/2418
f 2011/2419/2419 2008/2420/2420 2010/2421/2421
f 2014/2422/2422 2012/2423/2423 2013/2424/2424
f 2015/2425/2425 2012/2426/2426 2014/2427/2427
f 2018/2428/2428 2016/2429/2429 2017/2430/2430
f 2019/2431/2431 2016/2432/2432 2018/2433/2433
f 2022/2434/2434 2020/2435/2435 2021/2436/2436
f 2025/2437/2437 2023/2438/2438 2024/2439/2439
f 2028/2440/2440 2026/2441/2441 2027/2442/2442
f 2031/2443/2443 2029/2444/2444 2030/2445/2445
f 2034/2446/2446 2032/2447/2447 2033/2448/2448
f 2037/2449/2449 2035/2450/2450 2036/2451/2451
f 2040/2452/2452 2038/2453/2453 2039/2454/2454
f 2043/2455/2455 2041/2456/2456 2042/2457/2457
f 2046/2458/2458 2044/2459/2459 2045/2460/2460
f 2049/2461/2461 2047/2462/2462 2048/2463/2463
f 2052/2464/2464 2050/2465/2465 2051/2466/2466
f 2055/2467/2467 2053/2468/2468 2054/2469/2469
f 2058/2470/2470 2056/2471/2471 2057/2472/2472
f 2061/2473/2473 2059/2474/2474 2060/2475/2475
f 2064/2476/2476 2062/2477/2477 2063/2478/2478
f 2067/2479/2479 2065/2480/2480 2066/2481/2481
f 2070/2482/2482 2068/2483/2483 2069/2484/2484
f 2073/2485/2485 2071/2486/2486 2072/2487/2487
f 2076/2488/2488 2074/2489/2489 2075/2490/2490
f 2079/2491/2491 2077/2492/2492 2078/2493/2493
f 2082/2494/2494 2080/2495/2495 2081/2496/2496
f 2085/2497/2497 2083/2498/2498 2084/2499/2499
f 2088/2500/2500 2086/2501/2501 2087/2502/2502
f 2091/2503/2503 2089/2504/2504 2090/2505/2505
f 2094/2506/2506 2092/2507/2507 2093/2508/2508
f 2097/2509/2509 2095/2510/2510 2096/2511/2511
f 2100/2512/2512 2098/2513/2513 2099/2514/2514
f 2103/2515/2515 2101/2516/2516 2102/2517/2517
f 2106/2518/2518 2104/2519/2519 2105/2520/2520
f 2109/2521/2521 2107/2522/2522 2108/2523/2523
f 2112/2524/2524 2110/2525/2525 2111/2526/2526
f 2115/2527/2527 2113/2528/2528 2114/2529/2529
f 2118/2530/2530 2116/2531/2531 2117/2532/2532
f 2119/2533/2533 2116/2534/2534 2118/2535/2535
f 2122/2536/2536 2120/2537/2537 2121/2538/2538
f 2123/2539/2539 2120/2540/2540 2122/2541/2541
f 2126/2542/2542 2124/2543/2543 2125/2544/2544
f 2127/2545/2545 2124/2546/2546 2126/2547/2547
f 2130/2548/2548 2128/2549/2549 2129/2550/2550
f 2131/2551/2551 2128/2552/2552 2130/2553/2553
f 2134/2554/2554 2132/2555/2555 2133/2556/2556
f 2135/2557/2557 2132/2558/2558 2134/2559/2559
f 2138/2560/2560 2136/2561/2561 2137/2562/2562
f 2139/2563/2563 2136/2564/2564 2138/2565/2565
f 2142/2566/2566 2140/2567/2567 2141/2568/2568
f 2143/2569/2569 2140/2570/2570 2142/2571/2571
f 2146/2572/2572 2144/2573/2573 2145/2574/2574
f 2147/2575/2575 2144/2576/2576 2146/2577/2577
f 2150/2578/2578 2148/2579/2579 2149/2580/2580
f 2151/2581/2581 2148/2582/2582 2150/2583/2583
f 2154/2584/2584 2152/2585/2585 2153/2586/2586
f 2155/2587/2587 2152/2588/2588 2154/2589/2589
f 2158/2590/2590 2156/2591/2591 2157/2592/2592
f 2159/2593/2593 2156/2594/2594 2158/2595/2595
f 2162/2596/2596 2160/2597/2597 2161/2598/2598
f 2163/2599/2599 2160/2600/2600 2162/2601/2601
f 2166/2602/2602 2164/2603/2603 2165/2604/2604
f 2167/2605/2605 2164/2606/2606 2166/2607/2607
f 2170/2608/2608 2168/2609/2609 2169/2610/2610
f 2171/2611/2611 2168/2612/2612 2170/2613/2613
f 2174/2614/2614 2172/2615/2615 2173/2616/2616
f 2175/2617/2617 2172/2618/2618 2174/2619/2619
f 2178/2620/2620 2176/2621/2621 2177/2622/2622
f 2179/2623/2623 2176/2624/2624 2178/2625/2625
f 2182/2626/2626 2180/2627/2627 2181/2628/2628
f 2185/2629/2629 2183/2630/2630 2184/2631/2631
f 2188/2632/2632 2186/2633/2633 2187/2634/2634
f 2191/2635/2635 2189/2636/2636 2190/2637/2637
f 2194/2638/2638 2192/2639/2639 2193/2640/2640
f 2197/2641/2641 2195/2642/2642 2196/2643/2643
f 2200/2644/2644 2198/2645/2645 2199/2646/2646
f 2203/2647/2647 2201/2648/2648 2202/2649/2649
f 2206/2650/2650 2204/2651/2651 2205/2652/2652
f 2209/2653/2653 2207/2654/2654 2208/2655/2655
f 2212/2656/2656 2210/2657/2657 2211/2658/2658
f 2215/2659/2659 2213/2660/2660 2214/2661/2661
f 2218/2662/2662 2216/2663/2663 2217/2664/2664
f 2221/2665/2665 2219/2666/2666 2220/2667/2667
f 2224/2668/2668 2222/2669/2669 2223/2670/2670
f 2227/2671/2671 2225/2672/2672 2226/2673/2673
f 2230/2674/2674 2228/2675/2675 2229/2676/2676
f 2233/2677/2677 2231/2678/2678 2232/2679/2679
f 2236/2680/2680 2234/2681/2681 2235/2682/2682
f 2239/2683/2683 2237/2684/2684 2238/2685/2685
f 2242/2686/2686 2240/2687/2687 2241/2688/2688
f 2245/2689/2689 2243/2690/2690 2244/2691/2691
f 2248/2692/2692 2246/2693/2693 2247/2694/2694
f 2251/2695/2695 2249/2696/2696 2250/2697/2697
f 2254/2698/2698 2252/2699/2699 2253/2700/2700
f 2257/2701/2701 2255/2702/2702 2256/2703/2703
f 2260/2704/2704 2258/2705/2705 2259/2706/2706
f 2263/2707/2707 2261/2708/2708 2262/2709/2709
f 2266/2710/2710 2264/2711/2711 2265/2712/2712
f 2269/2713/2713 2267/2714/2714 2268/2715/2715
f 2272/2716/2716 2270/2717/2717 2271/2718/2718
f 2275/2719/2719 2273/2720/2720 2274/2721/2721
f 2278/2722/2722 2276/2723/2723 2277/2724/2724
f 2279/2725/2725 2276/2726/2726 2278/2727/2727
f 2282/2728/2728 2280/2729/2729 2281/2730/2730
f 2283/2731/2731 2280/2732/2732 2282/2733/2733
f 2286/2734/2734 2284/2735/2735 2285/2736/2736
f 2287/2737/2737 2284/2738/2738 2286/2739/2739
f 2290/2740/2740 2288/2741/2741 2289/2742/2742
f 2291/2743/2743 2288/2744/2744 2290/2745/2745
f 2294/2746/2746 2292/2747/2747 2293/2748/2748
f 2295/2749/2749 2292/2750/2750 2294/2751/2751
f 2298/2752/2752 2296/2753/2753 2297/2754/2754
f 2299/2755/2755 2296/2756/2756 2298/2757/2757
f 2302/2758/2758 2300/2759/2759 2301/2760/2760
f 2303/2761/2761 2300/2762/2762 2302/2763/2763
f 2306/2764/2764 2304/2765/2765 2305/2766/2766
f 2307/2767/2767 2304/2768/2768 2306/2769/2769
f 2310/2770/2770 2308/2771/2771 2309/2772/2772
f 2311/2773/2773 2308/2774/2774 2310/2775/2775
f 2314/2776/2776 2312/2777/2777 2313/2778/2778
f 2315/2779/2779 2312/2780/2780 2314/2781/2781
f 2318/2782/2782 2316/2783/2783 2317/2784/2784
f 2319/2785/2785 2316/2786/2786 2318/2787/2787
f 2322/2788/2788 2320/2789/2789 2321/2790/2790
f 2323/2791/2791 2320/2792/2792 2322/2793/2793
f 2326/2794/2794 2324/2795/2795 2325/2796/2796
f 2327/2797/2797 2324/2798/2798 2326/2799/2799
f 2330/2800/2800 2328/2801/2801 2329/2802/2802
f 2331/2803/2803 2328/2804/2804 2330/2805/2805
f 2334/2806/2806 2332/2807/2807 2333/2808/2808
f 2335/2809/2809 2332/2810/2810 2334/2811/2811
f 2338/2812/2812 2336/2813/2813 2337/2814/2814
f 2339/2815/2815 2336/2816/2816 2338/2817/2817
f 2342/2818/2818 2340/2819/2819 2341/2820/2820
f 2345/2821/2821 2343/2822/2822 2344/2823/2823
f 2348/2824/2824 2346/2825/2825 2347/2826/2826
f 2351/2827/2827 2349/2828/2828 2350/2829/2829
f 2354/2830/2830 2352/2831/2831 2353/2832/2832
f 2357/2833/2833 2355/2834/2834 2356/2835/2835
f 2360/2836/2836 2358/2837/2837 2359/2838/2838
f 2363/2839/2839 2361/2840/2840 2362/2841/2841
f 2366/2842/2842 2364/2843/2843 2365/2844/2844
f 2369/2845/2845 2367/2846/2846 2368/2847/2847
f 2372/2848/2848 2370/2849/2849 2371/2850/2850
f 2375/2851/2851 2373/2852/2852 2374/2853/2853
f 2378/2854/2854 2376/2855/2855 2377/2856/2856
f 2381/2857/2857 2379/2858/2858 2380/2859/2859
f 2384/2860/2860 2382/2861/2861 2383/2862/2862
f 2387/2863/2863 2385/2864/2864 2386/2865/2865
f 2390/2866/2866 2388/2867/2867 2389/2868/2868
f 2393/2869/2869 2391/2870/2870 2392/2871/2871
f 2396/2872/2872 2394/2873/2873 2395/2874/2874
f 2399/2875/2875 2397/2876/2876 2398/2877/2877
f 2402/2878/2878 2400/2879/2879 2401/2880/2880
f 2405/2881/2881 2403/2882/2882 2404/2883/2883
f 2408/2884/2884 2406/2885/2885 2407/2886/2886
f 2411/2887/2887 2409/2888/2888 2410/2889/2889
f 2414/2890/2890 2412/2891/2891 2413/2892/2892
f 2417/2893/2893 2415/2894/2894 2416/2895/2895
f 2420/2896/2896 2418/2897/2897 2419/2898/2898
f 2423/2899/2899 2421/2900/2900 2422/2901/2901
f 2426/2902/2902 2424/2903/2903 2425/2904/2904
f 2429/2905/2905 2427/2906/2906 2428/2907/2907
f 2432/2908/2908 2430/2909/2909 2431/2910/2910
f 2435/2911/2911 2433/2912/2912 2434/2913/2913
f 2438/2914/2914 2436/2915/2915 2437/2916/2916
f 2439/2917/2917 2436/2918/2918 2438/2919/2919
f 2442/2920/2920 2440/2921/2921 2441/2922/2922
f 2443/2923/2923 2440/2924/2924 2442/2925/2925
f 2446/2926/2926 2444/2927/2927 2445/2928/2928
f 2447/2929/2929 2444/2930/2930 2446/2931/2931
f 2450/2932/2932 2448/2933/2933 2449/2934/2934
f 2451/2935/2935 2448/2936/2936 2450/2937/2937
f 2454/2938/2938 2452/2939/2939 2453/2940/2940
f 2455/2941/2941 2452/2942/2942 2454/2943/2943
f 2458/2944/2944 2456/2945/2945 2457/2946/2946
f 2459/2947/2947 2456/2948/2948 2458/2949/2949
f 2462/2950/2950 2460/2951/2951 2461/2952/2952
f 2463/2953/2953 2460/2954/2954 2462/2955/2955
f 2466/2956/2956 2464/2957/2957 2465/2958/2958
f 2467/2959/2959 2464/2960/2960 2466/2961/2961
f 2470/2962/2962 2468/2963/2963 2469/2964/2964
f 2471/2965/2965 2468/2966/2966 2470/2967/2967
f 2474/2968/2968 2472/2969/2969 2473/2970/2970
f 2475/2971/2971 2472/2972/2972 2474/2973/2973
f 2478/2974/2974 2476/2975/2975 2477/2976/2976
f 2479/2977/2977 2476/2978/2978 2478/2979/2979
f 2482/2980/2980 2480/2981/2981 2481/2982/2982
f 2483/2983/2983 2480/2984/2984 2482/2985/2985
f 2486/2986/2986 2484/2987/2987 2485/2988/2988
f 2487/2989/2989 2484/2990/2990 2486/2991/2991
f 2490/2992/2992 2488/2993/2993 2489/2994/2994
f 2491/2995/2995 2488/2996/2996 2490/2997/2997
f 2494/2998/2998 2492/2999/2999 2493/3000/3000
f 2495/3001/3001 2492/3002/3002 2494/3003/3003
f 2498/3004/3004 2496/3005/3005 2497/3006/3006
f 2499/3007/3007 2496/3008/3008 2498/3009/3009
f 2502/3010/3010 2500/3011/3011 2501/3012/3012
f 2505/3013/3013 2503/3014/3014 2504/3015/3015
f 2508/3016/3016 2506/3017/3017 2507/3018/3018
f 2511/3019/3019 2509/3020/3020 2510/3021/3021
f 2514/3022/3022 2512/3023/3023 2513/3024/3024
f 2517/3025/3025 2515/3026/3026 2516/3027/3027
f 2520/3028/3028 2518/3029/3029 2519/3030/3030
f 2523/3031/3031 2521/3032/3032 2522/3033/3033
f 2526/3034/3034 2524/3035/3035 2525/3036/3036
f 2529/3037/3037 2527/3038/3038 2528/3039/3039
f 2532/3040/3040 2530/3041/3041 2531/3042/3042
f 2535/3043/3043 2533/3044/3044 2534/3045/3045
f 2538/3046/3046 2536/3047/3047 2537/3048/3048
f 2541/3049/3049 2539/3050/3050 2540/3051/3051
f 2544/3052/3052 2542/3053/3053 2543/3054/3054
f 2547/3055/3055 2545/3056/3056 2546/3057/3057
f 2550/3058/3058 2548/3059/3059 2549/3060/3060
f 2553/3061/3061 2551/3062/3062 2552/3063/3063
f 2556/3064/3064 2554/3065/3065 2555/3066/3066
f 2559/3067/3067 2557/3068/3068 2558/3069/3069
f 2562/3070/3070 2560/3071/3071 2561/3072/3072
f 2565/3073/3073 2563/3074/3074 2564/3075/3075
f 2568/3076/3076 2566/3077/3077 2567/3078/3078
f 2571/3079/3079 2569/3080/3080 2570/3081/3081
f 2574/3082/3082 2572/3083/3083 2573/3084/3084
f 2577/3085/3085 2575/3086/3086 2576/3087/3087
f 2580/3088/3088 2578/3089/3089 2579/3090/3090
f 2583/3091/3091 2581/3092/3092 2582/3093/3093
f 2586/3094/3094 2584/3095/3095 2585/3096/3096
f 2589/3097/3097 2587/3098/3098 2588/3099/3099
f 2592/3100/3100 2590/3101/3101 2591/3102/3102
f 2595/3103/3103 2593/3104/3104 2594/3105/3105
f 2598/3106/3106 2596/3107/3107 2597/3108/3108
f 2599/3109/3109 2596/3110/3110 2598/3111/3111
f 2602/3112/3112 2600/3113/3113 2601/3114/3114
f 2603/3115/3115 2600/3116/3116 2602/3117/3117
f 2606/3118/3118 2604/3119/3119 2605/3120/3120
f 2607/3121/3121 2604/3122/3122 2606/3123/3123
f 2610/3124/3124 2608/3125/3125 2609/3126/3126
f 2611/3127/3127 2608/3128/3128 2610/3129/3129
f 2614/3130/3130 2612/3131/3131 2613/3132/3132
f 2615/3133/3133 2612/3134/3134 2614/3135/3135
f 2618/3136/3136 2616/3137/3137 2617/3138/3138
f 2619/3139/3139 2616/3140/3140 2618/3141/3141
f 2622/3142/3142 2620/3143/3143 2621/3144/3144
f 2623/3145/3145 2620/3146/3146 2622/3147/3147
f 2626/3148/3148 2624/3149/3149 2625/3150/3150
f 2627/3151/3151 2624/3152/3152 2626/3153/3153
f 2630/3154/3154 2628/3155/3155 2629/3156/3156
f 2631/3157/3157 2628/3158/3158 2630/3159/3159
f 2634/3160/3160 2632/3161/3161 2633/3162/3162
f 2635/3163/3163 2632/3164/3164 2634/3165/3165
f 2638/3166/3166 2636/3167/3167 2637/3168/3168
f 2639/3169/3169 2636/3170/3170 2638/3171/3171
f 2642/3172/3172 2640/3173/3173 2641/3174/3174
f 2643/3175/3175 2640/3176/3176 2642/3177/3177
f 2646/3178/3178 2644/3179/3179 2645/3180/3180
f 2647/3181/3181 2644/3182/3182 2646/3183/3183
f 2650/3184/3184 2648/3185/3185 2649/3186/3186
f 2651/3187/3187 2648/3188/3188 2650/3189/3189
f 2654/3190/3190 2652/3191/3191 2653/3192/3192
f 2655/3193/3193 2652/3194/3194 2654/3195/3195
f 2658/3196/3196 2656/3197/3197 2657/3198/3198
f 2659/3199/3199 2656/3200/3200 2658/3201/3201
f 2662/3202/3202 2660/3203/3203 2661/3204/3204
f 2665/3205/3205 2663/3206/3206 2664/3207/3207
f 2668/3208/3208 2666/3209/3209 2667/3210/3210
f 2671/3211/3211 2669/3212/3212 2670/3213/3213
f 2674/3214/3214 2672/3215/3215 2673/3216/3216
f 2677/3217/3217 2675/3218/3218 2676/3219/3219
f 2680/3220/3220 2678/3221/3221 2679/3222/3222
f 2683/3223/3223 2681/3224/3224 2682/3225/3225
f 2686/3226/3226 2684/3227/3227 2685/3228/3228
f 2689/3229/3229 2687/3230/3230 2688/3231/3231
f 2692/3232/3232 2690/3233/3233 2691/3234/3234
f 2695/3235/3235 2693/3236/3236 2694/3237/3237
f 2698/3238/3238 2696/3239/3239 2697/3240/3240
f 2701/3241/3241 2699/3242/3242 2700/3243/3243
f 2704/3244/3244 2702/3245/3245 2703/3246/3246
f 2707/3247/3247 2705/3248/3248 2706/3249/3249
f 2710/3250/3250 2708/3251/3251 2709/3252/3252
f 2713/3253/3253 2711/3254/3254 2712/3255/3255
f 2716/3256/3256 2714/3257/3257 2715/3258/3258
f 2719/3259/3259 2717/3260/3260 2718/3261/3261
f 2722/3262/3262 2720/3263/3263 2721/3264/3264
f 2725/3265/3265 2723/3266/3266 2724/3267/3267
f 2728/3268/3268 2726/3269/3269 2727/3270/3270
f 2731/3271/3271 2729/3272/3272 2730/3273/3273
f 2734/3274/3274 2732/3275/3275 2733/3276/3276
f 2737/3277/3277 2735/3278/3278 2736/3279/3279
f 2740/3280/3280 2738/3281/3281 2739/3282/3282
f 2743/3283/3283 2741/3284/3284 2742/3285/3285
f 2746/3286/3286 2744/3287/3287 2745/3288/3288
f 2749/3289/3289 2747/3290/3290 2748/3291/3291
f 2752/3292/3292 2750/3293/3293 2751/3294/3294
f 2755/3295/3295 2753/3296/3296 2754/3297/3297
f 2758/3298/3298 2756/3299/3299 2757/3300/3300
f 2759/3301/3301 2756/3302/3302 2758/3303/3303
f 2762/3304/3304 2760/3305/3305 2761/3306/3306
f 2763/3307/3307 2760/3308/3308 2762/3309/3309
f 2766/3310/3310 2764/3311/3311 2765/3312/3312
f 2767/3313/3313 2764/3314/3314 2766/3315/3315
f 2770/3316/3316 2768/3317/3317 2769/3318/3318
f 2771/3319/3319 2768/3320/3320 2770/3321/3321
f 2774/3322/3322 2772/3323/3323 2773/3324/3324
f 2775/3325/3325 2772/3326/3326 2774/3327/3327
f 2778/3328/3328 2776/3329/3329 2777/3330/3330
f 2779/3331/3331 2776/3332/3332 2778/3333/3333
f 2782/3334/3334 2780/3335/3335 2781/3336/3336
f 2783/3337/3337 2780/3338/3338 2782/3339/3339
f 2786/3340/3340 2784/3341/3341 2785/3342/3342
f 2787/3343/3343 2784/3344/3344 2786/3345/3345
f 2790/3346/3346 2788/3347/3347 2789/3348/3348
f 2791/3349/3349 2788/3350/3350 2790/3351/3351
f 2794/3352/3352 2792/3353/3353 2793/3354/3354
f 2795/3355/3355 2792/3356/3356 2794/3357/3357
f 2798/3358/3358 2796/3359/3359 2797/3360/3360
f 2799/3361/3361 2796/3362/3362 2798/3363/3363
f 2802/3364/3364 2800/3365/3365 2801/3366/3366
f 2803/3367/3367 2800/3368/3368 2802/3369/3369
f 2806/3370/3370 2804/3371/3371 2805/3372/3372
f 2807/3373/3373 2804/3374/3374 2806/3375/3375
f 2810/3376/3376 2808/3377/3377 2809/3378/3378
f 2811/3379/3379 2808/3380/3380 2810/3381/3381
f 2814/3382/3382 2812/3383/3383 2813/3384/3384
f 2815/3385/3385 2812/3386/3386 2814/3387/3387
f 2818/3388/3388 2816/3389/3389 2817/3390/3390
f 2821/3391/3391 2819/3392/3392 2820/3393/3393
f 2824/3394/3394 2822/3395/3395 2823/3396/3396
f 2827/3397/3397 2825/3398/3398 2826/3399/3399
f 2830/3400/3400 2828/3401/3401 2829/3402/3402
f 2833/3403/3403 2831/3404/3404 2832/3405/3405
f 2836/3406/3406 2834/3407/3407 2835/3408/3408
f 2839/3409/3409 2837/3410/3410 2838/3411/3411
f 2842/3412/3412 2840/3413/3413 2841/3414/3414
f 2845/3415/3415 2843/3416/3416 2844/3417/3417
f 2848/3418/3418 2846/3419/3419 2847/3420/3420
f 2851/3421/3421 2849/3422/3422 2850/3423/3423
f 2854/3424/3424 2852/3425/3425 2853/3426/3426
f 2857/3427/3427 2855/3428/3428 2856/3429/3429
f 2860/3430/3430 2858/3431/3431 2859/3432/3432
f 2863/3433/3433 2861/3434/3434 2862/3435/3435
f 2866/3436/3436 2864/3437/3437 2865/3438/3438
f 2869/3439/3439 2867/3440/3440 2868/3441/3441
f 2872/3442/3442 2870/3443/3443 2871/3444/3444

