# Converted from B3D for Luanti (With Correct Normals)
# Object Name: multidecor_porcelain_saucer_with_tea_cup

v -0.169706 -0.936000 0.169706
v 0.000000 -0.976000 0.200000
v 0.000000 -0.936000 0.240000
v -0.141421 -0.976000 0.141421
v 0.000000 -0.976000 0.200000
v -0.169706 -0.936000 0.169706
v -0.240000 -0.936000 -0.000000
v -0.141421 -0.976000 0.141421
v -0.169706 -0.936000 0.169706
v -0.200000 -0.976000 -0.000000
v -0.141421 -0.976000 0.141421
v -0.240000 -0.936000 -0.000000
v -0.169706 -0.936000 -0.169706
v -0.200000 -0.976000 -0.000000
v -0.240000 -0.936000 -0.000000
v -0.141421 -0.976000 -0.141421
v -0.200000 -0.976000 -0.000000
v -0.169706 -0.936000 -0.169706
v 0.000000 -0.936000 -0.240000
v -0.141421 -0.976000 -0.141421
v -0.169706 -0.936000 -0.169706
v 0.000000 -0.976000 -0.200000
v -0.141421 -0.976000 -0.141421
v 0.000000 -0.936000 -0.240000
v 0.169706 -0.936000 -0.169706
v 0.000000 -0.976000 -0.200000
v 0.000000 -0.936000 -0.240000
v 0.141421 -0.976000 -0.141421
v 0.000000 -0.976000 -0.200000
v 0.169706 -0.936000 -0.169706
v 0.240000 -0.936000 0.000000
v 0.141421 -0.976000 -0.141421
v 0.169706 -0.936000 -0.169706
v 0.200000 -0.976000 0.000000
v 0.141421 -0.976000 -0.141421
v 0.240000 -0.936000 0.000000
v 0.203647 -0.816000 -0.203647
v 0.240000 -0.936000 0.000000
v 0.169706 -0.936000 -0.169706
v 0.288000 -0.816000 0.000000
v 0.240000 -0.936000 0.000000
v 0.203647 -0.816000 -0.203647
v 0.169706 -0.936000 0.169706
v 0.200000 -0.976000 0.000000
v 0.240000 -0.936000 0.000000
v 0.141421 -0.976000 0.141421
v 0.200000 -0.976000 0.000000
v 0.169706 -0.936000 0.169706
v 0.000000 -0.936000 0.240000
v 0.141421 -0.976000 0.141421
v 0.169706 -0.936000 0.169706
v 0.000000 -0.976000 0.200000
v 0.141421 -0.976000 0.141421
v 0.000000 -0.936000 0.240000
v 0.000000 -0.576000 -0.288000
v 0.203647 -0.816000 -0.203647
v 0.000000 -0.816000 -0.288000
v 0.203647 -0.576000 -0.203647
v 0.203647 -0.816000 -0.203647
v 0.000000 -0.576000 -0.288000
v -0.203647 -0.816000 -0.203647
v 0.000000 -0.936000 -0.240000
v -0.169706 -0.936000 -0.169706
v 0.000000 -0.816000 -0.288000
v 0.000000 -0.936000 -0.240000
v -0.203647 -0.816000 -0.203647
v 0.288000 -0.816000 0.000000
v 0.169706 -0.936000 0.169706
v 0.240000 -0.936000 0.000000
v 0.203647 -0.816000 0.203647
v 0.169706 -0.936000 0.169706
v 0.288000 -0.816000 0.000000
v -0.203647 -0.816000 0.203647
v -0.240000 -0.936000 -0.000000
v -0.169706 -0.936000 0.169706
v -0.288000 -0.816000 -0.000000
v -0.240000 -0.936000 -0.000000
v -0.203647 -0.816000 0.203647
v 0.000000 -0.816000 -0.288000
v 0.169706 -0.936000 -0.169706
v 0.000000 -0.936000 -0.240000
v 0.203647 -0.816000 -0.203647
v 0.169706 -0.936000 -0.169706
v 0.000000 -0.816000 -0.288000
v 0.203647 -0.816000 0.203647
v 0.000000 -0.936000 0.240000
v 0.169706 -0.936000 0.169706
v 0.000000 -0.816000 0.288000
v 0.000000 -0.936000 0.240000
v 0.203647 -0.816000 0.203647
v 0.000000 -0.816000 0.288000
v -0.169706 -0.936000 0.169706
v 0.000000 -0.936000 0.240000
v -0.203647 -0.816000 0.203647
v -0.169706 -0.936000 0.169706
v 0.000000 -0.816000 0.288000
v -0.288000 -0.816000 -0.000000
v -0.169706 -0.936000 -0.169706
v -0.240000 -0.936000 -0.000000
v -0.203647 -0.816000 -0.203647
v -0.169706 -0.936000 -0.169706
v -0.288000 -0.816000 -0.000000
v -0.288000 -0.576000 -0.000000
v -0.203647 -0.816000 -0.203647
v -0.288000 -0.816000 -0.000000
v -0.203647 -0.576000 -0.203647
v -0.203647 -0.816000 -0.203647
v -0.288000 -0.576000 -0.000000
v 0.000000 -0.576000 0.288000
v -0.203647 -0.816000 0.203647
v 0.000000 -0.816000 0.288000
v -0.203647 -0.576000 0.203647
v -0.203647 -0.816000 0.203647
v 0.000000 -0.576000 0.288000
v 0.203647 -0.576000 0.203647
v 0.000000 -0.816000 0.288000
v 0.203647 -0.816000 0.203647
v 0.000000 -0.576000 0.288000
v 0.000000 -0.816000 0.288000
v 0.203647 -0.576000 0.203647
v 0.203647 -0.576000 -0.203647
v 0.288000 -0.816000 0.000000
v 0.203647 -0.816000 -0.203647
v 0.288000 -0.576000 0.000000
v 0.288000 -0.816000 0.000000
v 0.203647 -0.576000 -0.203647
v -0.203647 -0.576000 -0.203647
v 0.000000 -0.816000 -0.288000
v -0.203647 -0.816000 -0.203647
v 0.000000 -0.576000 -0.288000
v 0.000000 -0.816000 -0.288000
v -0.203647 -0.576000 -0.203647
v -0.203647 -0.576000 0.203647
v -0.288000 -0.816000 -0.000000
v -0.203647 -0.816000 0.203647
v -0.288000 -0.576000 -0.000000
v -0.288000 -0.816000 -0.000000
v -0.203647 -0.576000 0.203647
v 0.288000 -0.576000 0.000000
v 0.203647 -0.816000 0.203647
v 0.288000 -0.816000 0.000000
v 0.203647 -0.576000 0.203647
v 0.203647 -0.816000 0.203647
v 0.288000 -0.576000 0.000000
v -0.400000 -1.000000 0.000000
v 0.400000 -1.000000 -0.000000
v 0.000000 -1.000000 0.400000
v 0.572000 -0.880000 -0.000000
v 0.282843 -1.000000 0.282843
v 0.400000 -1.000000 -0.000000
v 0.404465 -0.880000 0.404465
v 0.282843 -1.000000 0.282843
v 0.572000 -0.880000 -0.000000
v -0.404465 -0.880000 0.404465
v -0.400000 -1.000000 0.000000
v -0.282843 -1.000000 0.282843
v -0.572000 -0.880000 0.000000
v -0.400000 -1.000000 0.000000
v -0.404465 -0.880000 0.404465
v -0.404465 -0.880000 -0.404465
v -0.000000 -1.000000 -0.400000
v -0.282843 -1.000000 -0.282843
v -0.000000 -0.880000 -0.572000
v -0.000000 -1.000000 -0.400000
v -0.404465 -0.880000 -0.404465
v 0.404465 -0.880000 -0.404465
v 0.400000 -1.000000 -0.000000
v 0.282843 -1.000000 -0.282843
v 0.572000 -0.880000 -0.000000
v 0.400000 -1.000000 -0.000000
v 0.404465 -0.880000 -0.404465
v 0.404465 -0.880000 0.404465
v 0.000000 -1.000000 0.400000
v 0.282843 -1.000000 0.282843
v 0.000000 -0.880000 0.572000
v 0.000000 -1.000000 0.400000
v 0.404465 -0.880000 0.404465
v 0.000000 -0.880000 0.572000
v -0.282843 -1.000000 0.282843
v 0.000000 -1.000000 0.400000
v -0.404465 -0.880000 0.404465
v -0.282843 -1.000000 0.282843
v 0.000000 -0.880000 0.572000
v -0.572000 -0.880000 0.000000
v -0.282843 -1.000000 -0.282843
v -0.400000 -1.000000 0.000000
v -0.404465 -0.880000 -0.404465
v -0.282843 -1.000000 -0.282843
v -0.572000 -0.880000 0.000000
v -0.000000 -0.880000 -0.572000
v 0.282843 -1.000000 -0.282843
v -0.000000 -1.000000 -0.400000
v 0.404465 -0.880000 -0.404465
v 0.282843 -1.000000 -0.282843
v -0.000000 -0.880000 -0.572000
v 0.000000 -0.976000 0.340000
v 0.340000 -0.976000 -0.000000
v -0.340000 -0.976000 0.000000
v 0.486200 -0.880000 -0.000000
v 0.240416 -0.976000 0.240416
v 0.343795 -0.880000 0.343795
v 0.340000 -0.976000 -0.000000
v 0.240416 -0.976000 0.240416
v 0.486200 -0.880000 -0.000000
v -0.343795 -0.880000 0.343795
v -0.340000 -0.976000 0.000000
v -0.486200 -0.880000 0.000000
v -0.240416 -0.976000 0.240416
v -0.340000 -0.976000 0.000000
v -0.343795 -0.880000 0.343795
v -0.343795 -0.880000 -0.343795
v -0.000000 -0.976000 -0.340000
v -0.000000 -0.880000 -0.486200
v -0.240416 -0.976000 -0.240416
v -0.000000 -0.976000 -0.340000
v -0.343795 -0.880000 -0.343795
v 0.343795 -0.880000 -0.343795
v 0.340000 -0.976000 -0.000000
v 0.486200 -0.880000 -0.000000
v 0.240416 -0.976000 -0.240416
v 0.340000 -0.976000 -0.000000
v 0.343795 -0.880000 -0.343795
v 0.343795 -0.880000 0.343795
v 0.000000 -0.976000 0.340000
v 0.000000 -0.880000 0.486200
v 0.240416 -0.976000 0.240416
v 0.000000 -0.976000 0.340000
v 0.343795 -0.880000 0.343795
v 0.000000 -0.880000 0.486200
v -0.240416 -0.976000 0.240416
v -0.343795 -0.880000 0.343795
v 0.000000 -0.976000 0.340000
v -0.240416 -0.976000 0.240416
v 0.000000 -0.880000 0.486200
v -0.486200 -0.880000 0.000000
v -0.240416 -0.976000 -0.240416
v -0.343795 -0.880000 -0.343795
v -0.340000 -0.976000 0.000000
v -0.240416 -0.976000 -0.240416
v -0.486200 -0.880000 0.000000
v -0.000000 -0.880000 -0.486200
v 0.240416 -0.976000 -0.240416
v 0.343795 -0.880000 -0.343795
v -0.000000 -0.976000 -0.340000
v 0.240416 -0.976000 -0.240416
v -0.000000 -0.880000 -0.486200
v -0.343795 -0.880000 -0.343795
v -0.000000 -0.880000 -0.572000
v -0.404465 -0.880000 -0.404465
v -0.000000 -0.880000 -0.486200
v -0.000000 -0.880000 -0.572000
v -0.343795 -0.880000 -0.343795
v 0.486200 -0.880000 -0.000000
v 0.404465 -0.880000 0.404465
v 0.572000 -0.880000 -0.000000
v 0.343795 -0.880000 0.343795
v 0.404465 -0.880000 0.404465
v 0.486200 -0.880000 -0.000000
v 0.343795 -0.880000 0.343795
v 0.000000 -0.880000 0.572000
v 0.404465 -0.880000 0.404465
v 0.000000 -0.880000 0.486200
v 0.000000 -0.880000 0.572000
v 0.343795 -0.880000 0.343795
v 0.000000 -0.880000 0.486200
v -0.404465 -0.880000 0.404465
v 0.000000 -0.880000 0.572000
v -0.343795 -0.880000 0.343795
v -0.404465 -0.880000 0.404465
v 0.000000 -0.880000 0.486200
v -0.343795 -0.880000 0.343795
v -0.572000 -0.880000 0.000000
v -0.404465 -0.880000 0.404465
v -0.486200 -0.880000 0.000000
v -0.572000 -0.880000 0.000000
v -0.343795 -0.880000 0.343795
v -0.486200 -0.880000 0.000000
v -0.404465 -0.880000 -0.404465
v -0.572000 -0.880000 0.000000
v -0.343795 -0.880000 -0.343795
v -0.404465 -0.880000 -0.404465
v -0.486200 -0.880000 0.000000
v -0.135764 -0.864000 0.135765
v 0.000000 -0.896000 0.160000
v -0.113137 -0.896000 0.113137
v 0.000000 -0.864000 0.192000
v 0.000000 -0.896000 0.160000
v -0.135764 -0.864000 0.135765
v -0.192000 -0.864000 -0.000000
v -0.113137 -0.896000 0.113137
v -0.160000 -0.896000 -0.000000
v -0.135764 -0.864000 0.135765
v -0.113137 -0.896000 0.113137
v -0.192000 -0.864000 -0.000000
v -0.135764 -0.864000 -0.135765
v -0.160000 -0.896000 -0.000000
v -0.113137 -0.896000 -0.113137
v -0.192000 -0.864000 -0.000000
v -0.160000 -0.896000 -0.000000
v -0.135764 -0.864000 -0.135765
v 0.000000 -0.864000 -0.192000
v -0.113137 -0.896000 -0.113137
v 0.000000 -0.896000 -0.160000
v -0.135764 -0.864000 -0.135765
v -0.113137 -0.896000 -0.113137
v 0.000000 -0.864000 -0.192000
v 0.135765 -0.864000 -0.135764
v 0.000000 -0.896000 -0.160000
v 0.113137 -0.896000 -0.113137
v 0.000000 -0.864000 -0.192000
v 0.000000 -0.896000 -0.160000
v 0.135765 -0.864000 -0.135764
v 0.192000 -0.864000 0.000000
v 0.113137 -0.896000 -0.113137
v 0.160000 -0.896000 0.000000
v 0.135765 -0.864000 -0.135764
v 0.113137 -0.896000 -0.113137
v 0.192000 -0.864000 0.000000
v 0.162917 -0.768000 -0.162917
v 0.192000 -0.864000 0.000000
v 0.230400 -0.768000 0.000000
v 0.135765 -0.864000 -0.135764
v 0.192000 -0.864000 0.000000
v 0.162917 -0.768000 -0.162917
v 0.135765 -0.864000 0.135764
v 0.160000 -0.896000 0.000000
v 0.113137 -0.896000 0.113137
v 0.192000 -0.864000 0.000000
v 0.160000 -0.896000 0.000000
v 0.135765 -0.864000 0.135764
v 0.000000 -0.864000 0.192000
v 0.113137 -0.896000 0.113137
v 0.000000 -0.896000 0.160000
v 0.135765 -0.864000 0.135764
v 0.113137 -0.896000 0.113137
v 0.000000 -0.864000 0.192000
v 0.113137 -0.896000 -0.113137
v -0.113137 -0.896000 -0.113137
v 0.113137 -0.896000 0.113137
v 0.000000 -0.576000 -0.230400
v 0.162917 -0.672000 -0.162917
v 0.162917 -0.576000 -0.162917
v 0.000000 -0.672000 -0.230400
v 0.162917 -0.672000 -0.162917
v 0.000000 -0.576000 -0.230400
v -0.162917 -0.768000 -0.162917
v 0.000000 -0.864000 -0.192000
v 0.000000 -0.768000 -0.230400
v -0.135764 -0.864000 -0.135765
v 0.000000 -0.864000 -0.192000
v -0.162917 -0.768000 -0.162917
v 0.230400 -0.768000 0.000000
v 0.135765 -0.864000 0.135764
v 0.162917 -0.768000 0.162917
v 0.192000 -0.864000 0.000000
v 0.135765 -0.864000 0.135764
v 0.230400 -0.768000 0.000000
v -0.162917 -0.768000 0.162917
v -0.192000 -0.864000 -0.000000
v -0.230400 -0.768000 -0.000000
v -0.135764 -0.864000 0.135765
v -0.192000 -0.864000 -0.000000
v -0.162917 -0.768000 0.162917
v 0.000000 -0.768000 -0.230400
v 0.135765 -0.864000 -0.135764
v 0.162917 -0.768000 -0.162917
v 0.000000 -0.864000 -0.192000
v 0.135765 -0.864000 -0.135764
v 0.000000 -0.768000 -0.230400
v 0.162917 -0.768000 0.162917
v 0.000000 -0.864000 0.192000
v 0.000000 -0.768000 0.230400
v 0.135765 -0.864000 0.135764
v 0.000000 -0.864000 0.192000
v 0.162917 -0.768000 0.162917
v 0.000000 -0.768000 0.230400
v -0.135764 -0.864000 0.135765
v -0.162917 -0.768000 0.162917
v 0.000000 -0.864000 0.192000
v -0.135764 -0.864000 0.135765
v 0.000000 -0.768000 0.230400
v -0.230400 -0.768000 -0.000000
v -0.135764 -0.864000 -0.135765
v -0.162917 -0.768000 -0.162917
v -0.192000 -0.864000 -0.000000
v -0.135764 -0.864000 -0.135765
v -0.230400 -0.768000 -0.000000
v -0.230400 -0.576000 -0.000000
v -0.162917 -0.672000 -0.162917
v -0.162917 -0.576000 -0.162917
v -0.230400 -0.672000 -0.000000
v -0.162917 -0.672000 -0.162917
v -0.230400 -0.576000 -0.000000
v 0.000000 -0.576000 0.230400
v -0.162917 -0.672000 0.162917
v -0.162917 -0.576000 0.162917
v 0.000000 -0.672000 0.230400
v -0.162917 -0.672000 0.162917
v 0.000000 -0.576000 0.230400
v 0.162917 -0.576000 0.162917
v 0.000000 -0.672000 0.230400
v 0.000000 -0.576000 0.230400
v 0.162917 -0.672000 0.162917
v 0.000000 -0.672000 0.230400
v 0.162917 -0.576000 0.162917
v 0.162917 -0.576000 -0.162917
v 0.230400 -0.672000 0.000000
v 0.230400 -0.576000 0.000000
v 0.162917 -0.672000 -0.162917
v 0.230400 -0.672000 0.000000
v 0.162917 -0.576000 -0.162917
v -0.162917 -0.576000 -0.162917
v 0.000000 -0.672000 -0.230400
v 0.000000 -0.576000 -0.230400
v -0.162917 -0.672000 -0.162917
v 0.000000 -0.672000 -0.230400
v -0.162917 -0.576000 -0.162917
v -0.162917 -0.576000 0.162917
v -0.230400 -0.672000 -0.000000
v -0.230400 -0.576000 -0.000000
v -0.162917 -0.672000 0.162917
v -0.230400 -0.672000 -0.000000
v -0.162917 -0.576000 0.162917
v 0.230400 -0.576000 0.000000
v 0.162917 -0.672000 0.162917
v 0.162917 -0.576000 0.162917
v 0.230400 -0.672000 0.000000
v 0.162917 -0.672000 0.162917
v 0.230400 -0.576000 0.000000
v 0.162917 -0.576000 0.162917
v 0.288000 -0.576000 0.000000
v 0.230400 -0.576000 0.000000
v 0.203647 -0.576000 0.203647
v 0.288000 -0.576000 0.000000
v 0.162917 -0.576000 0.162917
v 0.000000 -0.576000 0.230400
v 0.203647 -0.576000 0.203647
v 0.162917 -0.576000 0.162917
v 0.000000 -0.576000 0.288000
v 0.203647 -0.576000 0.203647
v 0.000000 -0.576000 0.230400
v -0.162917 -0.576000 0.162917
v 0.000000 -0.576000 0.288000
v 0.000000 -0.576000 0.230400
v -0.203647 -0.576000 0.203647
v 0.000000 -0.576000 0.288000
v -0.162917 -0.576000 0.162917
v -0.230400 -0.576000 -0.000000
v -0.203647 -0.576000 0.203647
v -0.162917 -0.576000 0.162917
v -0.288000 -0.576000 -0.000000
v -0.203647 -0.576000 0.203647
v -0.230400 -0.576000 -0.000000
v -0.162917 -0.576000 -0.162917
v -0.288000 -0.576000 -0.000000
v -0.230400 -0.576000 -0.000000
v -0.203647 -0.576000 -0.203647
v -0.288000 -0.576000 -0.000000
v -0.162917 -0.576000 -0.162917
v 0.000000 -0.576000 -0.230400
v -0.203647 -0.576000 -0.203647
v -0.162917 -0.576000 -0.162917
v 0.000000 -0.576000 -0.288000
v -0.203647 -0.576000 -0.203647
v 0.000000 -0.576000 -0.230400
v 0.162917 -0.576000 -0.162917
v 0.000000 -0.576000 -0.288000
v 0.000000 -0.576000 -0.230400
v 0.203647 -0.576000 -0.203647
v 0.000000 -0.576000 -0.288000
v 0.162917 -0.576000 -0.162917
v 0.230400 -0.576000 0.000000
v 0.203647 -0.576000 -0.203647
v 0.162917 -0.576000 -0.162917
v 0.288000 -0.576000 0.000000
v 0.203647 -0.576000 -0.203647
v 0.230400 -0.576000 0.000000
v -0.000000 -0.880000 -0.486200
v 0.404465 -0.880000 -0.404465
v -0.000000 -0.880000 -0.572000
v 0.343795 -0.880000 -0.343795
v 0.404465 -0.880000 -0.404465
v -0.000000 -0.880000 -0.486200
v 0.343795 -0.880000 -0.343795
v 0.572000 -0.880000 -0.000000
v 0.404465 -0.880000 -0.404465
v 0.486200 -0.880000 -0.000000
v 0.572000 -0.880000 -0.000000
v 0.343795 -0.880000 -0.343795
v -0.232307 -0.911122 0.036866
v -0.251575 -0.876400 0.036032
v -0.276017 -0.902828 0.036866
v -0.232307 -0.875759 0.036032
v -0.251575 -0.876400 0.036032
v -0.232307 -0.911122 0.036866
v -0.305716 -0.879895 -0.035037
v -0.251858 -0.876706 -0.035963
v -0.276300 -0.903134 -0.035129
v -0.281274 -0.853468 -0.035871
v -0.251858 -0.876706 -0.035963
v -0.305716 -0.879895 -0.035037
v -0.305272 -0.833999 0.036199
v -0.305433 -0.879589 0.036958
v -0.280991 -0.853161 0.036124
v -0.329305 -0.860798 0.037033
v -0.305433 -0.879589 0.036958
v -0.305272 -0.833999 0.036199
v -0.276017 -0.902828 0.036866
v -0.280991 -0.853161 0.036124
v -0.305433 -0.879589 0.036958
v -0.251575 -0.876400 0.036032
v -0.280991 -0.853161 0.036124
v -0.276017 -0.902828 0.036866
v -0.280991 -0.853161 0.036124
v -0.251858 -0.876706 -0.035963
v -0.281274 -0.853468 -0.035871
v -0.251575 -0.876400 0.036032
v -0.251858 -0.876706 -0.035963
v -0.280991 -0.853161 0.036124
v -0.276017 -0.902828 0.036866
v -0.305716 -0.879895 -0.035037
v -0.276300 -0.903134 -0.035129
v -0.305433 -0.879589 0.036958
v -0.305716 -0.879895 -0.035037
v -0.276017 -0.902828 0.036866
v -0.346592 -0.848664 0.037122
v -0.329590 -0.861103 -0.034962
v -0.329305 -0.860798 0.037033
v -0.346897 -0.848954 -0.034873
v -0.329590 -0.861103 -0.034962
v -0.346592 -0.848664 0.037122
v -0.305557 -0.834303 -0.035796
v -0.280991 -0.853161 0.036124
v -0.281274 -0.853468 -0.035871
v -0.305272 -0.833999 0.036199
v -0.280991 -0.853161 0.036124
v -0.305557 -0.834303 -0.035796
v -0.329305 -0.860798 0.037033
v -0.305716 -0.879895 -0.035037
v -0.305433 -0.879589 0.036958
v -0.329590 -0.861103 -0.034962
v -0.305716 -0.879895 -0.035037
v -0.329305 -0.860798 0.037033
v -0.329590 -0.861103 -0.034962
v -0.281274 -0.853468 -0.035871
v -0.305716 -0.879895 -0.035037
v -0.305557 -0.834303 -0.035796
v -0.281274 -0.853468 -0.035871
v -0.329590 -0.861103 -0.034962
v -0.369715 -0.836460 -0.034678
v -0.327946 -0.818348 -0.035687
v -0.346897 -0.848954 -0.034873
v -0.353254 -0.804446 -0.035471
v -0.327946 -0.818348 -0.035687
v -0.369715 -0.836460 -0.034678
v -0.346897 -0.848954 -0.034873
v -0.305557 -0.834303 -0.035796
v -0.329590 -0.861103 -0.034962
v -0.327946 -0.818348 -0.035687
v -0.305557 -0.834303 -0.035796
v -0.346897 -0.848954 -0.034873
v -0.327641 -0.818059 0.036308
v -0.329305 -0.860798 0.037033
v -0.305272 -0.833999 0.036199
v -0.346592 -0.848664 0.037122
v -0.329305 -0.860798 0.037033
v -0.327641 -0.818059 0.036308
v -0.327946 -0.818348 -0.035687
v -0.305272 -0.833999 0.036199
v -0.305557 -0.834303 -0.035796
v -0.327641 -0.818059 0.036308
v -0.305272 -0.833999 0.036199
v -0.327946 -0.818348 -0.035687
v -0.379761 -0.790798 0.036780
v -0.369402 -0.836175 0.037317
v -0.352941 -0.804161 0.036524
v -0.396136 -0.822855 0.037572
v -0.369402 -0.836175 0.037317
v -0.379761 -0.790798 0.036780
v -0.352941 -0.804161 0.036524
v -0.346592 -0.848664 0.037122
v -0.327641 -0.818059 0.036308
v -0.369402 -0.836175 0.037317
v -0.346592 -0.848664 0.037122
v -0.352941 -0.804161 0.036524
v -0.353254 -0.804446 -0.035471
v -0.327641 -0.818059 0.036308
v -0.327946 -0.818348 -0.035687
v -0.352941 -0.804161 0.036524
v -0.327641 -0.818059 0.036308
v -0.353254 -0.804446 -0.035471
v -0.369402 -0.836175 0.037317
v -0.346897 -0.848954 -0.034873
v -0.346592 -0.848664 0.037122
v -0.369715 -0.836460 -0.034678
v -0.346897 -0.848954 -0.034873
v -0.369402 -0.836175 0.037317
v -0.425560 -0.806807 0.037811
v -0.396446 -0.823142 -0.034423
v -0.396136 -0.822855 0.037572
v -0.425856 -0.807101 -0.034184
v -0.396446 -0.823142 -0.034423
v -0.425560 -0.806807 0.037811
v -0.380071 -0.791084 -0.035215
v -0.352941 -0.804161 0.036524
v -0.353254 -0.804446 -0.035471
v -0.379761 -0.790798 0.036780
v -0.352941 -0.804161 0.036524
v -0.380071 -0.791084 -0.035215
v -0.396136 -0.822855 0.037572
v -0.369715 -0.836460 -0.034678
v -0.369402 -0.836175 0.037317
v -0.396446 -0.823142 -0.034423
v -0.369715 -0.836460 -0.034678
v -0.396136 -0.822855 0.037572
v -0.396446 -0.823142 -0.034423
v -0.353254 -0.804446 -0.035471
v -0.369715 -0.836460 -0.034678
v -0.380071 -0.791084 -0.035215
v -0.353254 -0.804446 -0.035471
v -0.396446 -0.823142 -0.034423
v -0.433488 -0.757927 0.037122
v -0.425560 -0.806807 0.037811
v -0.406969 -0.775981 0.037001
v -0.456494 -0.785614 0.037948
v -0.425560 -0.806807 0.037811
v -0.433488 -0.757927 0.037122
v -0.425856 -0.807101 -0.034184
v -0.380071 -0.791084 -0.035215
v -0.396446 -0.823142 -0.034423
v -0.407265 -0.776276 -0.034994
v -0.380071 -0.791084 -0.035215
v -0.425856 -0.807101 -0.034184
v -0.406969 -0.775981 0.037001
v -0.396136 -0.822855 0.037572
v -0.379761 -0.790798 0.036780
v -0.425560 -0.806807 0.037811
v -0.396136 -0.822855 0.037572
v -0.406969 -0.775981 0.037001
v -0.407265 -0.776276 -0.034994
v -0.379761 -0.790798 0.036780
v -0.380071 -0.791084 -0.035215
v -0.406969 -0.775981 0.037001
v -0.379761 -0.790798 0.036780
v -0.407265 -0.776276 -0.034994
v -0.456583 -0.733592 -0.035004
v -0.433488 -0.757927 0.037122
v -0.433759 -0.758239 -0.034874
v -0.456347 -0.733242 0.036990
v -0.433488 -0.757927 0.037122
v -0.456583 -0.733592 -0.035004
v -0.433759 -0.758239 -0.034874
v -0.406969 -0.775981 0.037001
v -0.407265 -0.776276 -0.034994
v -0.433488 -0.757927 0.037122
v -0.406969 -0.775981 0.037001
v -0.433759 -0.758239 -0.034874
v -0.456494 -0.785614 0.037948
v -0.425856 -0.807101 -0.034184
v -0.425560 -0.806807 0.037811
v -0.456765 -0.785926 -0.034047
v -0.425856 -0.807101 -0.034184
v -0.456494 -0.785614 0.037948
v -0.456765 -0.785926 -0.034047
v -0.407265 -0.776276 -0.034994
v -0.425856 -0.807101 -0.034184
v -0.433759 -0.758239 -0.034874
v -0.407265 -0.776276 -0.034994
v -0.456765 -0.785926 -0.034047
v -0.506099 -0.711682 0.037144
v -0.486157 -0.754116 -0.034218
v -0.485921 -0.753766 0.037777
v -0.506309 -0.712086 -0.034850
v -0.486157 -0.754116 -0.034218
v -0.506099 -0.711682 0.037144
v -0.485921 -0.753766 0.037777
v -0.456765 -0.785926 -0.034047
v -0.456494 -0.785614 0.037948
v -0.486157 -0.754116 -0.034218
v -0.456765 -0.785926 -0.034047
v -0.485921 -0.753766 0.037777
v -0.486157 -0.754116 -0.034218
v -0.433759 -0.758239 -0.034874
v -0.456765 -0.785926 -0.034047
v -0.456583 -0.733592 -0.035004
v -0.433759 -0.758239 -0.034874
v -0.486157 -0.754116 -0.034218
v -0.456347 -0.733242 0.036990
v -0.456494 -0.785614 0.037948
v -0.433488 -0.757927 0.037122
v -0.485921 -0.753766 0.037777
v -0.456494 -0.785614 0.037948
v -0.456347 -0.733242 0.036990
v -0.509639 -0.661835 0.036052
v -0.506309 -0.712086 -0.034850
v -0.506099 -0.711682 0.037144
v -0.509844 -0.662201 -0.035943
v -0.506309 -0.712086 -0.034850
v -0.509639 -0.661835 0.036052
v -0.506309 -0.712086 -0.034850
v -0.456583 -0.733592 -0.035004
v -0.486157 -0.754116 -0.034218
v -0.471577 -0.702619 -0.035468
v -0.456583 -0.733592 -0.035004
v -0.506309 -0.712086 -0.034850
v -0.471368 -0.702215 0.036527
v -0.485921 -0.753766 0.037777
v -0.456347 -0.733242 0.036990
v -0.506099 -0.711682 0.037144
v -0.485921 -0.753766 0.037777
v -0.471368 -0.702215 0.036527
v -0.471577 -0.702619 -0.035468
v -0.456347 -0.733242 0.036990
v -0.456583 -0.733592 -0.035004
v -0.471368 -0.702215 0.036527
v -0.456347 -0.733242 0.036990
v -0.471577 -0.702619 -0.035468
v -0.457737 -0.633011 0.035046
v -0.509639 -0.661835 0.036052
v -0.474005 -0.666954 0.035750
v -0.482664 -0.607037 0.034920
v -0.509639 -0.661835 0.036052
v -0.457737 -0.633011 0.035046
v -0.509844 -0.662201 -0.035943
v -0.471577 -0.702619 -0.035468
v -0.506309 -0.712086 -0.034850
v -0.474211 -0.667321 -0.036245
v -0.471577 -0.702619 -0.035468
v -0.509844 -0.662201 -0.035943
v -0.474005 -0.666954 0.035750
v -0.506099 -0.711682 0.037144
v -0.471368 -0.702215 0.036527
v -0.509639 -0.661835 0.036052
v -0.506099 -0.711682 0.037144
v -0.474005 -0.666954 0.035750
v -0.474211 -0.667321 -0.036245
v -0.471368 -0.702215 0.036527
v -0.471577 -0.702619 -0.035468
v -0.474005 -0.666954 0.035750
v -0.471368 -0.702215 0.036527
v -0.474211 -0.667321 -0.036245
v -0.429828 -0.582071 0.034598
v -0.482780 -0.607235 -0.037078
v -0.482664 -0.607037 0.034920
v -0.429803 -0.582196 -0.037401
v -0.482780 -0.607235 -0.037078
v -0.429828 -0.582071 0.034598
v -0.457854 -0.633210 -0.036952
v -0.474005 -0.666954 0.035750
v -0.474211 -0.667321 -0.036245
v -0.457737 -0.633011 0.035046
v -0.474005 -0.666954 0.035750
v -0.457854 -0.633210 -0.036952
v -0.482664 -0.607037 0.034920
v -0.509844 -0.662201 -0.035943
v -0.509639 -0.661835 0.036052
v -0.482780 -0.607235 -0.037078
v -0.509844 -0.662201 -0.035943
v -0.482664 -0.607037 0.034920
v -0.482780 -0.607235 -0.037078
v -0.474211 -0.667321 -0.036245
v -0.509844 -0.662201 -0.035943
v -0.457854 -0.633210 -0.036952
v -0.474211 -0.667321 -0.036245
v -0.482780 -0.607235 -0.037078
v -0.384387 -0.582537 0.034762
v -0.429803 -0.582196 -0.037401
v -0.429828 -0.582071 0.034598
v -0.384302 -0.582659 -0.037237
v -0.429803 -0.582196 -0.037401
v -0.384387 -0.582537 0.034762
v -0.429803 -0.582196 -0.037401
v -0.457854 -0.633210 -0.036952
v -0.482780 -0.607235 -0.037078
v -0.423719 -0.617678 -0.037147
v -0.457854 -0.633210 -0.036952
v -0.429803 -0.582196 -0.037401
v -0.423744 -0.617553 0.034853
v -0.482664 -0.607037 0.034920
v -0.457737 -0.633011 0.035046
v -0.429828 -0.582071 0.034598
v -0.482664 -0.607037 0.034920
v -0.423744 -0.617553 0.034853
v -0.423719 -0.617678 -0.037147
v -0.457737 -0.633011 0.035046
v -0.457854 -0.633210 -0.036952
v -0.423744 -0.617553 0.034853
v -0.457737 -0.633011 0.035046
v -0.423719 -0.617678 -0.037147
v -0.357848 -0.626287 0.035210
v -0.384387 -0.582537 0.034762
v -0.389668 -0.618147 0.034980
v -0.345162 -0.592596 0.035045
v -0.384387 -0.582537 0.034762
v -0.357848 -0.626287 0.035210
v -0.384302 -0.582659 -0.037237
v -0.423719 -0.617678 -0.037147
v -0.429803 -0.582196 -0.037401
v -0.389583 -0.618270 -0.037019
v -0.423719 -0.617678 -0.037147
v -0.384302 -0.582659 -0.037237
v -0.389668 -0.618147 0.034980
v -0.429828 -0.582071 0.034598
v -0.423744 -0.617553 0.034853
v -0.384387 -0.582537 0.034762
v -0.429828 -0.582071 0.034598
v -0.389668 -0.618147 0.034980
v -0.389583 -0.618270 -0.037019
v -0.423744 -0.617553 0.034853
v -0.423719 -0.617678 -0.037147
v -0.389668 -0.618147 0.034980
v -0.423744 -0.617553 0.034853
v -0.389583 -0.618270 -0.037019
v -0.309742 -0.609992 0.035363
v -0.345060 -0.592722 -0.036954
v -0.345162 -0.592596 0.035045
v -0.309650 -0.610113 -0.036636
v -0.345060 -0.592722 -0.036954
v -0.309742 -0.609992 0.035363
v -0.357745 -0.626413 -0.036790
v -0.389668 -0.618147 0.034980
v -0.389583 -0.618270 -0.037019
v -0.357848 -0.626287 0.035210
v -0.389668 -0.618147 0.034980
v -0.357745 -0.626413 -0.036790
v -0.345162 -0.592596 0.035045
v -0.384302 -0.582659 -0.037237
v -0.384387 -0.582537 0.034762
v -0.345060 -0.592722 -0.036954
v -0.384302 -0.582659 -0.037237
v -0.345162 -0.592596 0.035045
v -0.345060 -0.592722 -0.036954
v -0.389583 -0.618270 -0.037019
v -0.384302 -0.582659 -0.037237
v -0.357745 -0.626413 -0.036790
v -0.389583 -0.618270 -0.037019
v -0.345060 -0.592722 -0.036954
v -0.276752 -0.635351 -0.036333
v -0.328497 -0.640786 -0.036526
v -0.309650 -0.610113 -0.036636
v -0.302161 -0.660854 -0.036283
v -0.328497 -0.640786 -0.036526
v -0.276752 -0.635351 -0.036333
v -0.309650 -0.610113 -0.036636
v -0.357745 -0.626413 -0.036790
v -0.345060 -0.592722 -0.036954
v -0.328497 -0.640786 -0.036526
v -0.357745 -0.626413 -0.036790
v -0.309650 -0.610113 -0.036636
v -0.328588 -0.640665 0.035473
v -0.345162 -0.592596 0.035045
v -0.357848 -0.626287 0.035210
v -0.309742 -0.609992 0.035363
v -0.345162 -0.592596 0.035045
v -0.328588 -0.640665 0.035473
v -0.328497 -0.640786 -0.036526
v -0.357848 -0.626287 0.035210
v -0.357745 -0.626413 -0.036790
v -0.328588 -0.640665 0.035473
v -0.357848 -0.626287 0.035210
v -0.328497 -0.640786 -0.036526
v -0.232446 -0.679457 0.036050
v -0.276752 -0.635351 -0.036333
v -0.276813 -0.635256 0.035667
v -0.232386 -0.679552 -0.035950
v -0.276752 -0.635351 -0.036333
v -0.232446 -0.679457 0.036050
v -0.302221 -0.660759 0.035717
v -0.309742 -0.609992 0.035363
v -0.328588 -0.640665 0.035473
v -0.276813 -0.635256 0.035667
v -0.309742 -0.609992 0.035363
v -0.302221 -0.660759 0.035717
v -0.302161 -0.660854 -0.036283
v -0.328588 -0.640665 0.035473
v -0.328497 -0.640786 -0.036526
v -0.302221 -0.660759 0.035717
v -0.328588 -0.640665 0.035473
v -0.302161 -0.660854 -0.036283
v -0.276813 -0.635256 0.035667
v -0.309650 -0.610113 -0.036636
v -0.309742 -0.609992 0.035363
v -0.276752 -0.635351 -0.036333
v -0.309650 -0.610113 -0.036636
v -0.276813 -0.635256 0.035667
v -0.232446 -0.679457 0.036050
v -0.257794 -0.705055 -0.035900
v -0.232386 -0.679552 -0.035950
v -0.257854 -0.704960 0.036100
v -0.257794 -0.705055 -0.035900
v -0.232446 -0.679457 0.036050
v -0.232386 -0.679552 -0.035950
v -0.302161 -0.660854 -0.036283
v -0.276752 -0.635351 -0.036333
v -0.257794 -0.705055 -0.035900
v -0.302161 -0.660854 -0.036283
v -0.232386 -0.679552 -0.035950
v -0.257854 -0.704960 0.036100
v -0.276813 -0.635256 0.035667
v -0.302221 -0.660759 0.035717
v -0.232446 -0.679457 0.036050
v -0.276813 -0.635256 0.035667
v -0.257854 -0.704960 0.036100
v -0.257794 -0.705055 -0.035900
v -0.302221 -0.660759 0.035717
v -0.302161 -0.660854 -0.036283
v -0.257854 -0.704960 0.036100
v -0.302221 -0.660759 0.035717
v -0.257794 -0.705055 -0.035900
v -0.232385 -0.911532 -0.035129
v -0.232307 -0.875759 0.036032
v -0.232307 -0.911122 0.036866
v -0.232385 -0.876169 -0.035963
v -0.232307 -0.875759 0.036032
v -0.232385 -0.911532 -0.035129
v -0.232385 -0.911532 -0.035129
v -0.276017 -0.902828 0.036866
v -0.276300 -0.903134 -0.035129
v -0.232307 -0.911122 0.036866
v -0.276017 -0.902828 0.036866
v -0.232385 -0.911532 -0.035129
v -0.232307 -0.875759 0.036032
v -0.251858 -0.876706 -0.035963
v -0.251575 -0.876400 0.036032
v -0.232385 -0.876169 -0.035963
v -0.251858 -0.876706 -0.035963
v -0.232307 -0.875759 0.036032
v -0.232385 -0.876169 -0.035963
v -0.276300 -0.903134 -0.035129
v -0.251858 -0.876706 -0.035963
v -0.232385 -0.911532 -0.035129
v -0.276300 -0.903134 -0.035129
v -0.232385 -0.876169 -0.035963
v 0.000000 -1.000000 0.400000
v 0.400000 -1.000000 -0.000000
v 0.282843 -1.000000 0.282843
v -0.400000 -1.000000 0.000000
v 0.000000 -1.000000 0.400000
v -0.282843 -1.000000 0.282843
v -0.000000 -1.000000 -0.400000
v -0.400000 -1.000000 0.000000
v -0.282843 -1.000000 -0.282843
v -0.400000 -1.000000 0.000000
v -0.000000 -1.000000 -0.400000
v 0.282843 -1.000000 -0.282843
v -0.400000 -1.000000 0.000000
v 0.282843 -1.000000 -0.282843
v 0.400000 -1.000000 -0.000000
v 0.240416 -0.976000 0.240416
v 0.340000 -0.976000 -0.000000
v 0.000000 -0.976000 0.340000
v -0.240416 -0.976000 0.240416
v 0.000000 -0.976000 0.340000
v -0.340000 -0.976000 0.000000
v -0.240416 -0.976000 -0.240416
v -0.340000 -0.976000 0.000000
v 0.340000 -0.976000 -0.000000
v -0.000000 -0.976000 -0.340000
v -0.240416 -0.976000 -0.240416
v 0.340000 -0.976000 -0.000000
v 0.240416 -0.976000 -0.240416
v -0.000000 -0.976000 -0.340000
v 0.340000 -0.976000 -0.000000
v 0.000000 -0.896000 0.160000
v 0.113137 -0.896000 0.113137
v -0.113137 -0.896000 0.113137
v -0.160000 -0.896000 -0.000000
v -0.113137 -0.896000 0.113137
v 0.113137 -0.896000 0.113137
v -0.113137 -0.896000 -0.113137
v -0.160000 -0.896000 -0.000000
v 0.113137 -0.896000 0.113137
v 0.000000 -0.896000 -0.160000
v -0.113137 -0.896000 -0.113137
v 0.113137 -0.896000 -0.113137
v 0.160000 -0.896000 0.000000
v 0.113137 -0.896000 -0.113137
v 0.113137 -0.896000 0.113137
v 0.230400 -0.672000 0.000000
v 0.162917 -0.768000 0.162917
v 0.162917 -0.672000 0.162917
v 0.230400 -0.768000 0.000000
v 0.162917 -0.768000 0.162917
v 0.230400 -0.672000 0.000000
v -0.162917 -0.672000 0.162917
v -0.230400 -0.768000 -0.000000
v -0.230400 -0.672000 -0.000000
v -0.162917 -0.768000 0.162917
v -0.230400 -0.768000 -0.000000
v -0.162917 -0.672000 0.162917
v -0.162917 -0.672000 -0.162917
v 0.000000 -0.768000 -0.230400
v 0.000000 -0.672000 -0.230400
v -0.162917 -0.768000 -0.162917
v 0.000000 -0.768000 -0.230400
v -0.162917 -0.672000 -0.162917
v 0.162917 -0.672000 -0.162917
v 0.230400 -0.768000 0.000000
v 0.230400 -0.672000 0.000000
v 0.162917 -0.768000 -0.162917
v 0.230400 -0.768000 0.000000
v 0.162917 -0.672000 -0.162917
v 0.162917 -0.672000 0.162917
v 0.000000 -0.768000 0.230400
v 0.000000 -0.672000 0.230400
v 0.162917 -0.768000 0.162917
v 0.000000 -0.768000 0.230400
v 0.162917 -0.672000 0.162917
v 0.000000 -0.672000 0.230400
v -0.162917 -0.768000 0.162917
v -0.162917 -0.672000 0.162917
v 0.000000 -0.768000 0.230400
v -0.162917 -0.768000 0.162917
v 0.000000 -0.672000 0.230400
v -0.230400 -0.672000 -0.000000
v -0.162917 -0.768000 -0.162917
v -0.162917 -0.672000 -0.162917
v -0.230400 -0.768000 -0.000000
v -0.162917 -0.768000 -0.162917
v -0.230400 -0.672000 -0.000000
v 0.000000 -0.672000 -0.230400
v 0.162917 -0.768000 -0.162917
v 0.162917 -0.672000 -0.162917
v 0.000000 -0.768000 -0.230400
v 0.162917 -0.768000 -0.162917
v 0.000000 -0.672000 -0.230400
v 0.162917 -0.672000 -0.162917
v 0.000000 -0.672000 -0.230400
v -0.162917 -0.672000 0.162917
v 0.230400 -0.672000 0.000000
v 0.162917 -0.672000 -0.162917
v -0.162917 -0.672000 0.162917
v 0.162917 -0.672000 0.162917
v 0.230400 -0.672000 0.000000
v -0.162917 -0.672000 0.162917
v 0.000000 -0.672000 0.230400
v 0.162917 -0.672000 0.162917
v -0.162917 -0.672000 0.162917
v -0.230400 -0.672000 -0.000000
v -0.162917 -0.672000 0.162917
v -0.162917 -0.672000 -0.162917
v 0.000000 -0.672000 -0.230400
v -0.162917 -0.672000 -0.162917
v -0.162917 -0.672000 0.162917

vt 0.708458 0.384190
vt 0.708458 0.302522
vt 0.732671 0.377384
vt 0.708458 0.302522
vt 0.732671 0.309327
vt 0.732671 0.377384
vt 0.708458 0.286188
vt 0.708458 0.204520
vt 0.732671 0.279382
vt 0.708458 0.204520
vt 0.732671 0.211325
vt 0.732671 0.279382
vt 0.708458 0.188186
vt 0.708458 0.106517
vt 0.732671 0.181380
vt 0.708458 0.106517
vt 0.732671 0.113323
vt 0.732671 0.181380
vt 0.708458 0.090184
vt 0.708458 0.008515
vt 0.732671 0.083378
vt 0.708458 0.008515
vt 0.732671 0.015321
vt 0.732671 0.083378
vt 0.708458 0.776198
vt 0.708458 0.694530
vt 0.732671 0.769392
vt 0.708458 0.694530
vt 0.732671 0.701335
vt 0.732671 0.769392
vt 0.708458 0.678196
vt 0.708458 0.596528
vt 0.732671 0.671390
vt 0.708458 0.596528
vt 0.732671 0.603333
vt 0.732671 0.671390
vt 0.708458 0.678196
vt 0.651579 0.686363
vt 0.708458 0.596528
vt 0.651579 0.686363
vt 0.651579 0.588361
vt 0.708458 0.596528
vt 0.708458 0.580194
vt 0.708458 0.498526
vt 0.732671 0.573388
vt 0.708458 0.498526
vt 0.732671 0.505331
vt 0.732671 0.573388
vt 0.708458 0.482192
vt 0.708458 0.400524
vt 0.732671 0.475386
vt 0.708458 0.400524
vt 0.732671 0.407329
vt 0.732671 0.475386
vt 0.651579 0.784365
vt 0.544874 0.784365
vt 0.651579 0.686363
vt 0.544874 0.784365
vt 0.544874 0.686363
vt 0.651579 0.686363
vt 0.708458 0.090184
vt 0.651579 0.098351
vt 0.708458 0.008515
vt 0.651579 0.098351
vt 0.651579 0.000349
vt 0.708458 0.008515
vt 0.708458 0.580194
vt 0.651579 0.588361
vt 0.708458 0.498526
vt 0.651579 0.588361
vt 0.651579 0.490359
vt 0.708458 0.498526
vt 0.708458 0.286188
vt 0.651579 0.294355
vt 0.708458 0.204520
vt 0.651579 0.294355
vt 0.651579 0.196353
vt 0.708458 0.204520
vt 0.708458 0.776198
vt 0.651579 0.784365
vt 0.708458 0.694530
vt 0.651579 0.784365
vt 0.651579 0.686363
vt 0.708458 0.694530
vt 0.708458 0.482192
vt 0.651579 0.490359
vt 0.708458 0.400524
vt 0.651579 0.490359
vt 0.651579 0.392357
vt 0.708458 0.400524
vt 0.708458 0.384190
vt 0.651579 0.392357
vt 0.708458 0.302522
vt 0.651579 0.392357
vt 0.651579 0.294355
vt 0.708458 0.302522
vt 0.708458 0.188186
vt 0.651579 0.196353
vt 0.708458 0.106517
vt 0.651579 0.196353
vt 0.651579 0.098351
vt 0.708458 0.106517
vt 0.651579 0.196353
vt 0.544874 0.196353
vt 0.651579 0.098351
vt 0.544874 0.196353
vt 0.544874 0.098351
vt 0.651579 0.098351
vt 0.651579 0.392357
vt 0.544874 0.392357
vt 0.651579 0.294355
vt 0.544874 0.392357
vt 0.544874 0.294355
vt 0.651579 0.294355
vt 0.651579 0.490359
vt 0.544874 0.490359
vt 0.651579 0.392357
vt 0.544874 0.490359
vt 0.544874 0.392357
vt 0.651579 0.392357
vt 0.651579 0.686363
vt 0.544874 0.686363
vt 0.651579 0.588361
vt 0.544874 0.686363
vt 0.544874 0.588361
vt 0.651579 0.588361
vt 0.651579 0.098351
vt 0.544874 0.098351
vt 0.651579 0.000349
vt 0.544874 0.098351
vt 0.544874 0.000349
vt 0.651579 0.000349
vt 0.651579 0.294355
vt 0.544874 0.294355
vt 0.651579 0.196353
vt 0.544874 0.294355
vt 0.544874 0.196353
vt 0.651579 0.196353
vt 0.651579 0.588361
vt 0.544874 0.588361
vt 0.651579 0.490359
vt 0.544874 0.588361
vt 0.544874 0.490359
vt 0.651579 0.490359
vt 0.308749 0.328957
vt 0.212502 0.096596
vt 0.541110 0.232710
vt 0.703164 0.805399
vt 0.614632 0.776134
vt 0.703164 0.941513
vt 0.614632 0.776134
vt 0.614632 0.970777
vt 0.703164 0.941513
vt 0.703164 1.525441
vt 0.614632 1.554706
vt 0.703164 1.389327
vt 0.614632 1.554706
vt 0.614632 1.360063
vt 0.703164 1.389327
vt 0.703164 0.357584
vt 0.614632 0.386848
vt 0.703164 0.221470
vt 0.614632 0.386848
vt 0.614631 0.192205
vt 0.703164 0.221470
vt 0.703164 0.610756
vt 0.614632 0.581491
vt 0.703164 0.746870
vt 0.614632 0.581491
vt 0.614632 0.776134
vt 0.703164 0.746870
vt 0.703164 1.136155
vt 0.614632 1.165420
vt 0.703164 1.000041
vt 0.614632 1.165420
vt 0.614632 0.970777
vt 0.703164 1.000041
vt 0.703164 1.194684
vt 0.614632 1.165420
vt 0.703164 1.330798
vt 0.614632 1.165420
vt 0.614632 1.360063
vt 0.703164 1.330798
vt 0.703164 0.162941
vt 0.614632 0.192205
vt 0.703164 0.026827
vt 0.614632 0.192205
vt 0.614632 -0.002437
vt 0.703164 0.026827
vt 0.703164 0.552227
vt 0.614631 0.581491
vt 0.703164 0.416113
vt 0.614631 0.581491
vt 0.614632 0.386848
vt 0.703164 0.416113
vt 0.410009 0.608971
vt 0.491819 0.411464
vt 0.294312 0.329654
vt 0.579388 0.956179
vt 0.579388 0.790732
vt 0.505713 0.931304
vt 0.579388 0.790732
vt 0.505713 0.815607
vt 0.505713 0.931304
vt 0.579388 1.374661
vt 0.579388 1.540107
vt 0.505713 1.399536
vt 0.579388 1.540107
vt 0.505713 1.515233
vt 0.505713 1.399536
vt 0.579388 0.206804
vt 0.579388 0.372250
vt 0.505713 0.231678
vt 0.579388 0.372250
vt 0.505713 0.347375
vt 0.505713 0.231678
vt 0.579388 0.761536
vt 0.579388 0.596089
vt 0.505713 0.736661
vt 0.579388 0.596089
vt 0.505713 0.620964
vt 0.505713 0.736661
vt 0.579388 0.985375
vt 0.579388 1.150822
vt 0.505713 1.010250
vt 0.579388 1.150822
vt 0.505713 1.125947
vt 0.505713 1.010250
vt 0.579388 1.345465
vt 0.579388 1.180018
vt 0.505713 1.320590
vt 0.579388 1.180018
vt 0.505713 1.204893
vt 0.505713 1.320590
vt 0.579388 0.012161
vt 0.579388 0.177607
vt 0.505713 0.037036
vt 0.579388 0.177607
vt 0.505713 0.152732
vt 0.505713 0.037036
vt 0.579388 0.401447
vt 0.579388 0.566893
vt 0.505713 0.426321
vt 0.579388 0.566893
vt 0.505713 0.542018
vt 0.505713 0.426321
vt 0.614632 0.386848
vt 0.579388 0.372250
vt 0.614631 0.192205
vt 0.579388 0.372250
vt 0.579388 0.206804
vt 0.614631 0.192205
vt 0.614632 0.776134
vt 0.579388 0.790732
vt 0.614632 0.970777
vt 0.579388 0.790732
vt 0.579388 0.956179
vt 0.614632 0.970777
vt 0.614632 1.165420
vt 0.579388 1.150822
vt 0.614632 0.970777
vt 0.579388 1.150822
vt 0.579388 0.985375
vt 0.614632 0.970777
vt 0.614632 1.165420
vt 0.579388 1.180018
vt 0.614632 1.360063
vt 0.579388 1.180018
vt 0.579388 1.345465
vt 0.614632 1.360063
vt 0.614632 1.554706
vt 0.579388 1.540107
vt 0.614632 1.360063
vt 0.579388 1.540107
vt 0.579388 1.374661
vt 0.614632 1.360063
vt 0.614632 0.192205
vt 0.579388 0.177607
vt 0.614632 -0.002437
vt 0.579388 0.177607
vt 0.579388 0.012161
vt 0.614632 -0.002437
vt 0.005357 0.380379
vt 0.024727 0.385823
vt 0.005357 0.325933
vt 0.024727 0.385823
vt 0.024727 0.320489
vt 0.005357 0.325933
vt 0.005357 0.458780
vt 0.024727 0.464225
vt 0.005357 0.404335
vt 0.024727 0.464225
vt 0.024727 0.398890
vt 0.005357 0.404335
vt 0.005357 0.537182
vt 0.024727 0.542627
vt 0.005357 0.482736
vt 0.024727 0.542627
vt 0.024727 0.477292
vt 0.005357 0.482736
vt 0.005357 0.615584
vt 0.024727 0.621028
vt 0.005357 0.561138
vt 0.024727 0.621028
vt 0.024727 0.555693
vt 0.005357 0.561138
vt 0.005357 0.066772
vt 0.024727 0.072217
vt 0.005357 0.012327
vt 0.024727 0.072217
vt 0.024727 0.006882
vt 0.005357 0.012327
vt 0.005357 0.145174
vt 0.024727 0.150618
vt 0.005357 0.090728
vt 0.024727 0.150618
vt 0.024727 0.085284
vt 0.005357 0.090728
vt 0.070230 0.157152
vt 0.070230 0.078750
vt 0.024727 0.150618
vt 0.070230 0.078750
vt 0.024727 0.085284
vt 0.024727 0.150618
vt 0.005357 0.223575
vt 0.024727 0.229020
vt 0.005357 0.169130
vt 0.024727 0.229020
vt 0.024727 0.163685
vt 0.005357 0.169130
vt 0.005357 0.301977
vt 0.024727 0.307422
vt 0.005357 0.247532
vt 0.024727 0.307422
vt 0.024727 0.242087
vt 0.005357 0.247532
vt 0.847966 0.687691
vt 0.809467 0.594746
vt 0.716523 0.633245
vt 0.155594 0.078750
vt 0.155594 0.000349
vt 0.112912 0.078750
vt 0.155594 0.000349
vt 0.112912 0.000349
vt 0.112912 0.078750
vt 0.070230 0.627562
vt 0.070230 0.549160
vt 0.024727 0.621028
vt 0.070230 0.549160
vt 0.024727 0.555693
vt 0.024727 0.621028
vt 0.070230 0.235554
vt 0.070230 0.157152
vt 0.024727 0.229020
vt 0.070230 0.157152
vt 0.024727 0.163685
vt 0.024727 0.229020
vt 0.070230 0.470758
vt 0.070230 0.392357
vt 0.024727 0.464225
vt 0.070230 0.392357
vt 0.024727 0.398890
vt 0.024727 0.464225
vt 0.070230 0.078750
vt 0.070230 0.000349
vt 0.024727 0.072217
vt 0.070230 0.000349
vt 0.024727 0.006882
vt 0.024727 0.072217
vt 0.070230 0.313955
vt 0.070230 0.235554
vt 0.024727 0.307422
vt 0.070230 0.235554
vt 0.024727 0.242087
vt 0.024727 0.307422
vt 0.070230 0.392357
vt 0.070230 0.313955
vt 0.024727 0.385823
vt 0.070230 0.313955
vt 0.024727 0.320489
vt 0.024727 0.385823
vt 0.070230 0.549160
vt 0.070230 0.470758
vt 0.024727 0.542627
vt 0.070230 0.470758
vt 0.024727 0.477292
vt 0.024727 0.542627
vt 0.155594 0.549160
vt 0.155594 0.470758
vt 0.112912 0.549160
vt 0.155594 0.470758
vt 0.112912 0.470758
vt 0.112912 0.549160
vt 0.155594 0.392357
vt 0.155594 0.313955
vt 0.112912 0.392357
vt 0.155594 0.313955
vt 0.112912 0.313955
vt 0.112912 0.392357
vt 0.155594 0.313955
vt 0.155594 0.235554
vt 0.112912 0.313955
vt 0.155594 0.235554
vt 0.112912 0.235554
vt 0.112912 0.313955
vt 0.155594 0.157152
vt 0.155594 0.078750
vt 0.112912 0.157152
vt 0.155594 0.078750
vt 0.112912 0.078750
vt 0.112912 0.157152
vt 0.155594 0.627562
vt 0.155594 0.549160
vt 0.112912 0.627562
vt 0.155594 0.549160
vt 0.112912 0.549160
vt 0.112912 0.627562
vt 0.155594 0.470758
vt 0.155594 0.392357
vt 0.112912 0.470758
vt 0.155594 0.392357
vt 0.112912 0.392357
vt 0.112912 0.470758
vt 0.155594 0.235554
vt 0.155594 0.157152
vt 0.112912 0.235554
vt 0.155594 0.157152
vt 0.112912 0.157152
vt 0.112912 0.235554
vt 0.521215 0.578561
vt 0.521215 0.500159
vt 0.544874 0.588361
vt 0.521215 0.500159
vt 0.544874 0.490359
vt 0.544874 0.588361
vt 0.521215 0.480559
vt 0.521215 0.402157
vt 0.544874 0.490359
vt 0.521215 0.402157
vt 0.544874 0.392357
vt 0.544874 0.490359
vt 0.521215 0.382557
vt 0.521215 0.304155
vt 0.544874 0.392357
vt 0.521215 0.304155
vt 0.544874 0.294355
vt 0.544874 0.392357
vt 0.521215 0.284555
vt 0.521215 0.206153
vt 0.544874 0.294355
vt 0.521215 0.206153
vt 0.544874 0.196353
vt 0.544874 0.294355
vt 0.521215 0.186553
vt 0.521215 0.108151
vt 0.544874 0.196353
vt 0.521215 0.108151
vt 0.544874 0.098351
vt 0.544874 0.196353
vt 0.521215 0.088550
vt 0.521215 0.010149
vt 0.544874 0.098351
vt 0.521215 0.010149
vt 0.544874 0.000349
vt 0.544874 0.098351
vt 0.521215 0.774565
vt 0.521215 0.696163
vt 0.544874 0.784365
vt 0.521215 0.696163
vt 0.544874 0.686363
vt 0.544874 0.784365
vt 0.521215 0.676563
vt 0.521215 0.598161
vt 0.544874 0.686363
vt 0.521215 0.598161
vt 0.544874 0.588361
vt 0.544874 0.686363
vt 0.614631 0.581491
vt 0.579388 0.566893
vt 0.614632 0.386848
vt 0.579388 0.566893
vt 0.579388 0.401447
vt 0.614632 0.386848
vt 0.614632 0.581491
vt 0.579388 0.596089
vt 0.614632 0.776134
vt 0.579388 0.596089
vt 0.579388 0.761536
vt 0.614632 0.776134
vt 0.512117 0.925499
vt 0.504725 0.943846
vt 0.496355 0.928297
vt 0.504725 0.943846
vt 0.491488 0.935353
vt 0.496355 0.928297
vt 0.512275 0.628117
vt 0.510647 0.644705
vt 0.496513 0.625320
vt 0.510647 0.644705
vt 0.494885 0.641907
vt 0.496513 0.625320
vt 0.494726 0.911709
vt 0.493389 0.898022
vt 0.510489 0.908911
vt 0.493389 0.898022
vt 0.509193 0.895466
vt 0.510489 0.908911
vt 0.510489 0.908911
vt 0.512117 0.925499
vt 0.494726 0.911709
vt 0.512117 0.925499
vt 0.496355 0.928297
vt 0.494726 0.911709
vt 0.492949 0.576118
vt 0.524959 0.576114
vt 0.492918 0.592785
vt 0.524959 0.576114
vt 0.524928 0.592781
vt 0.492918 0.592785
vt 0.891521 0.035952
vt 0.923531 0.035936
vt 0.891563 0.052620
vt 0.923531 0.035936
vt 0.923573 0.052603
vt 0.891563 0.052620
vt 0.923607 0.066110
vt 0.923644 0.075501
vt 0.891597 0.066128
vt 0.923644 0.075501
vt 0.891634 0.075529
vt 0.891597 0.066128
vt 0.492949 0.576118
vt 0.492975 0.562365
vt 0.524959 0.576114
vt 0.492975 0.562365
vt 0.524985 0.562362
vt 0.524959 0.576114
vt 0.923573 0.052603
vt 0.923607 0.066110
vt 0.891563 0.052620
vt 0.923607 0.066110
vt 0.891597 0.066128
vt 0.891563 0.052620
vt 0.510647 0.644705
vt 0.509351 0.658151
vt 0.494885 0.641907
vt 0.509351 0.658151
vt 0.493548 0.655595
vt 0.494885 0.641907
vt 0.508963 0.667544
vt 0.509771 0.679083
vt 0.492957 0.667804
vt 0.509771 0.679083
vt 0.493836 0.680613
vt 0.492957 0.667804
vt 0.509351 0.658151
vt 0.508963 0.667544
vt 0.493548 0.655595
vt 0.508963 0.667544
vt 0.492957 0.667804
vt 0.493548 0.655595
vt 0.493389 0.898022
vt 0.492799 0.885824
vt 0.509193 0.895466
vt 0.492799 0.885824
vt 0.508806 0.886084
vt 0.509193 0.895466
vt 0.492975 0.562365
vt 0.493013 0.550142
vt 0.524985 0.562362
vt 0.493013 0.550142
vt 0.525023 0.550150
vt 0.524985 0.562362
vt 0.493678 0.873020
vt 0.495121 0.859775
vt 0.509613 0.874550
vt 0.495121 0.859775
vt 0.511053 0.861348
vt 0.509613 0.874550
vt 0.492799 0.885824
vt 0.493678 0.873020
vt 0.508806 0.886084
vt 0.493678 0.873020
vt 0.509613 0.874550
vt 0.508806 0.886084
vt 0.493013 0.550142
vt 0.493089 0.537303
vt 0.525023 0.550150
vt 0.493089 0.537303
vt 0.525099 0.537316
vt 0.525023 0.550150
vt 0.923644 0.075501
vt 0.923721 0.087063
vt 0.891634 0.075529
vt 0.923721 0.087063
vt 0.891711 0.087096
vt 0.891634 0.075529
vt 0.923819 0.100342
vt 0.923912 0.115244
vt 0.891809 0.100374
vt 0.923912 0.115244
vt 0.891902 0.115268
vt 0.891809 0.100374
vt 0.493089 0.537303
vt 0.493180 0.523982
vt 0.525099 0.537316
vt 0.493180 0.523982
vt 0.525190 0.523993
vt 0.525099 0.537316
vt 0.923721 0.087063
vt 0.923819 0.100342
vt 0.891711 0.087096
vt 0.923819 0.100342
vt 0.891809 0.100374
vt 0.891711 0.087096
vt 0.509771 0.679083
vt 0.511211 0.692283
vt 0.493836 0.680613
vt 0.511211 0.692283
vt 0.495280 0.693856
vt 0.493836 0.680613
vt 0.496115 0.846036
vt 0.495730 0.831778
vt 0.512117 0.846484
vt 0.495730 0.831778
vt 0.511619 0.829820
vt 0.512117 0.846484
vt 0.511211 0.692283
vt 0.512275 0.707139
vt 0.495280 0.693856
vt 0.512275 0.707139
vt 0.496273 0.707587
vt 0.495280 0.693856
vt 0.495121 0.859775
vt 0.496115 0.846036
vt 0.511053 0.861348
vt 0.496115 0.846036
vt 0.512117 0.846484
vt 0.511053 0.861348
vt 0.493180 0.523982
vt 0.493257 0.510215
vt 0.525190 0.523993
vt 0.493257 0.510215
vt 0.525267 0.510219
vt 0.525190 0.523993
vt 0.493297 0.495965
vt 0.493243 0.481030
vt 0.525306 0.495956
vt 0.493243 0.481030
vt 0.525253 0.480997
vt 0.525306 0.495956
vt 0.493257 0.510215
vt 0.493297 0.495965
vt 0.525267 0.510219
vt 0.493297 0.495965
vt 0.525306 0.495956
vt 0.525267 0.510219
vt 0.923912 0.115244
vt 0.923968 0.131915
vt 0.891902 0.115268
vt 0.923968 0.131915
vt 0.891958 0.131926
vt 0.891902 0.115268
vt 0.512275 0.707139
vt 0.511778 0.723790
vt 0.496273 0.707587
vt 0.511778 0.723790
vt 0.495889 0.721832
vt 0.496273 0.707587
vt 0.923910 0.151194
vt 0.923683 0.171945
vt 0.891901 0.151182
vt 0.923683 0.171945
vt 0.891673 0.171906
vt 0.891901 0.151182
vt 0.923968 0.131915
vt 0.923910 0.151194
vt 0.891958 0.131926
vt 0.923910 0.151194
vt 0.891901 0.151182
vt 0.891958 0.131926
vt 0.511778 0.723790
vt 0.506935 0.742427
vt 0.495889 0.721832
vt 0.506935 0.742427
vt 0.492149 0.736291
vt 0.495889 0.721832
vt 0.495730 0.831778
vt 0.491984 0.817297
vt 0.511619 0.829820
vt 0.491984 0.817297
vt 0.506770 0.811161
vt 0.511619 0.829820
vt 0.923683 0.171945
vt 0.923290 0.194165
vt 0.891673 0.171906
vt 0.923290 0.194165
vt 0.891280 0.194142
vt 0.891673 0.171906
vt 0.506935 0.742427
vt 0.496046 0.760061
vt 0.492149 0.736291
vt 0.496046 0.760061
vt 0.484159 0.749341
vt 0.492149 0.736291
vt 0.491984 0.817297
vt 0.483980 0.804225
vt 0.506770 0.811161
vt 0.483980 0.804225
vt 0.495867 0.793504
vt 0.506770 0.811161
vt 0.493243 0.481030
vt 0.493067 0.465730
vt 0.525253 0.480997
vt 0.493067 0.465730
vt 0.525076 0.465671
vt 0.525253 0.480997
vt 0.471416 0.794769
vt 0.454806 0.792703
vt 0.478061 0.780207
vt 0.454806 0.792703
vt 0.451074 0.777139
vt 0.478061 0.780207
vt 0.496046 0.760061
vt 0.478225 0.773366
vt 0.484159 0.749341
vt 0.478225 0.773366
vt 0.471580 0.758804
vt 0.484159 0.749341
vt 0.483980 0.804225
vt 0.471416 0.794769
vt 0.495867 0.793504
vt 0.471416 0.794769
vt 0.478061 0.780207
vt 0.495867 0.793504
vt 0.493067 0.465730
vt 0.492776 0.449992
vt 0.525076 0.465671
vt 0.492776 0.449992
vt 0.524786 0.449949
vt 0.525076 0.465671
vt 0.922926 0.221322
vt 0.922901 0.247304
vt 0.890915 0.221384
vt 0.922901 0.247304
vt 0.890890 0.247437
vt 0.890915 0.221384
vt 0.492776 0.449992
vt 0.492537 0.433171
vt 0.524786 0.449949
vt 0.492537 0.433171
vt 0.524548 0.433213
vt 0.524786 0.449949
vt 0.923290 0.194165
vt 0.922926 0.221322
vt 0.891280 0.194142
vt 0.922926 0.221322
vt 0.890915 0.221384
vt 0.891280 0.194142
vt 0.478225 0.773366
vt 0.451155 0.776441
vt 0.471580 0.758804
vt 0.451155 0.776441
vt 0.454886 0.760877
vt 0.471580 0.758804
vt 0.922901 0.247304
vt 0.923051 0.267508
vt 0.890890 0.247437
vt 0.923051 0.267508
vt 0.891040 0.267668
vt 0.890890 0.247437
vt 0.451155 0.776441
vt 0.429062 0.762634
vt 0.454886 0.760877
vt 0.429062 0.762634
vt 0.440876 0.751836
vt 0.454886 0.760877
vt 0.454806 0.792703
vt 0.440858 0.801709
vt 0.451074 0.777139
vt 0.440858 0.801709
vt 0.429043 0.790911
vt 0.451074 0.777139
vt 0.492537 0.433171
vt 0.492516 0.416497
vt 0.524548 0.433213
vt 0.492516 0.416497
vt 0.524527 0.416610
vt 0.524548 0.433213
vt 0.432897 0.814602
vt 0.428301 0.828463
vt 0.418305 0.808025
vt 0.428301 0.828463
vt 0.412648 0.825118
vt 0.418305 0.808025
vt 0.429062 0.762634
vt 0.418307 0.745498
vt 0.440876 0.751836
vt 0.418307 0.745498
vt 0.432900 0.738921
vt 0.440876 0.751836
vt 0.440858 0.801709
vt 0.432897 0.814602
vt 0.429043 0.790911
vt 0.432897 0.814602
vt 0.418305 0.808025
vt 0.429043 0.790911
vt 0.492516 0.416497
vt 0.492620 0.401318
vt 0.524527 0.416610
vt 0.492620 0.401318
vt 0.524631 0.401457
vt 0.524527 0.416610
vt 0.923238 0.285511
vt 0.923435 0.303056
vt 0.891227 0.285679
vt 0.923435 0.303056
vt 0.891424 0.303218
vt 0.891227 0.285679
vt 0.492620 0.401318
vt 0.492763 0.386708
vt 0.524631 0.401457
vt 0.492763 0.386708
vt 0.524774 0.386854
vt 0.524631 0.401457
vt 0.923051 0.267508
vt 0.923238 0.285511
vt 0.891040 0.267668
vt 0.923238 0.285511
vt 0.891227 0.285679
vt 0.891040 0.267668
vt 0.418307 0.745498
vt 0.412648 0.728398
vt 0.432900 0.738921
vt 0.412648 0.728398
vt 0.428300 0.725053
vt 0.432900 0.738921
vt 0.410651 0.710972
vt 0.412193 0.692602
vt 0.426654 0.710657
vt 0.412193 0.692602
vt 0.427838 0.695983
vt 0.426654 0.710657
vt 0.412648 0.728398
vt 0.410651 0.710972
vt 0.428300 0.725053
vt 0.410651 0.710972
vt 0.426654 0.710657
vt 0.428300 0.725053
vt 0.428301 0.828463
vt 0.426654 0.842865
vt 0.412648 0.825118
vt 0.426654 0.842865
vt 0.410651 0.842549
vt 0.412648 0.825118
vt 0.492763 0.386708
vt 0.492917 0.372219
vt 0.524774 0.386854
vt 0.492917 0.372219
vt 0.524928 0.372360
vt 0.524774 0.386854
vt 0.923626 0.321508
vt 0.923879 0.349352
vt 0.891615 0.321652
vt 0.923879 0.349352
vt 0.891868 0.349496
vt 0.891615 0.321652
vt 0.426654 0.842865
vt 0.427840 0.857556
vt 0.410651 0.842549
vt 0.427840 0.857556
vt 0.412195 0.860938
vt 0.410651 0.842549
vt 0.492917 0.372219
vt 0.493060 0.357498
vt 0.524928 0.372360
vt 0.493060 0.357498
vt 0.525071 0.357621
vt 0.524928 0.372360
vt 0.923435 0.303056
vt 0.923626 0.321508
vt 0.891424 0.303218
vt 0.923626 0.321508
vt 0.891615 0.321652
vt 0.891424 0.303218
vt 0.891868 0.349496
vt 0.923879 0.349352
vt 0.891957 0.365501
vt 0.923879 0.349352
vt 0.923968 0.365357
vt 0.891957 0.365501
vt 0.412193 0.692602
vt 0.418076 0.665385
vt 0.427838 0.695983
vt 0.418076 0.665385
vt 0.433720 0.668767
vt 0.427838 0.695983
vt 0.427840 0.857556
vt 0.433723 0.884772
vt 0.412195 0.860938
vt 0.433723 0.884772
vt 0.418079 0.888154
vt 0.412195 0.860938
vt 0.493060 0.357498
vt 0.493295 0.329654
vt 0.525071 0.357621
vt 0.493295 0.329654
vt 0.525306 0.329778
vt 0.525071 0.357621
vt 0.923581 0.016155
vt 0.891571 0.016074
vt 0.923340 0.000430
vt 0.891571 0.016074
vt 0.891330 0.000349
vt 0.923340 0.000430
vt 0.891521 0.035952
vt 0.891571 0.016074
vt 0.923531 0.035936
vt 0.891571 0.016074
vt 0.923581 0.016155
vt 0.923531 0.035936
vt 0.524928 0.592781
vt 0.524964 0.601353
vt 0.492918 0.592785
vt 0.524964 0.601353
vt 0.492954 0.601447
vt 0.492918 0.592785
vt 0.496513 0.625320
vt 0.491636 0.618162
vt 0.512275 0.628117
vt 0.491636 0.618162
vt 0.504872 0.609668
vt 0.512275 0.628117
vt 0.444863 0.328957
vt 0.308749 0.328957
vt 0.541110 0.232710
vt 0.212502 0.232710
vt 0.212502 0.096596
vt 0.308749 0.328957
vt 0.308749 0.000349
vt 0.444863 0.000349
vt 0.212502 0.096596
vt 0.541110 0.096596
vt 0.212502 0.096596
vt 0.444863 0.000349
vt 0.541110 0.232710
vt 0.212502 0.096596
vt 0.541110 0.096596
vt 0.491819 0.411464
vt 0.410009 0.329654
vt 0.294312 0.329654
vt 0.410009 0.608971
vt 0.491819 0.527161
vt 0.491819 0.411464
vt 0.294312 0.329654
vt 0.294312 0.608971
vt 0.410009 0.608971
vt 0.294312 0.329654
vt 0.212502 0.527161
vt 0.294312 0.608971
vt 0.294312 0.329654
vt 0.212502 0.411464
vt 0.212502 0.527161
vt 0.755022 0.726190
vt 0.809467 0.726190
vt 0.847966 0.687691
vt 0.847966 0.687691
vt 0.716523 0.687691
vt 0.755022 0.726190
vt 0.847966 0.687691
vt 0.716523 0.633245
vt 0.716523 0.687691
vt 0.809467 0.594746
vt 0.755022 0.594746
vt 0.716523 0.633245
vt 0.847966 0.687691
vt 0.847966 0.633245
vt 0.809467 0.594746
vt 0.112912 0.235554
vt 0.112912 0.157152
vt 0.070230 0.235554
vt 0.112912 0.157152
vt 0.070230 0.157152
vt 0.070230 0.235554
vt 0.112912 0.470758
vt 0.112912 0.392357
vt 0.070230 0.470758
vt 0.112912 0.392357
vt 0.070230 0.392357
vt 0.070230 0.470758
vt 0.112912 0.627562
vt 0.112912 0.549160
vt 0.070230 0.627562
vt 0.112912 0.549160
vt 0.070230 0.549160
vt 0.070230 0.627562
vt 0.112912 0.157152
vt 0.112912 0.078750
vt 0.070230 0.157152
vt 0.112912 0.078750
vt 0.070230 0.078750
vt 0.070230 0.157152
vt 0.112912 0.313955
vt 0.112912 0.235554
vt 0.070230 0.313955
vt 0.112912 0.235554
vt 0.070230 0.235554
vt 0.070230 0.313955
vt 0.112912 0.392357
vt 0.112912 0.313955
vt 0.070230 0.392357
vt 0.112912 0.313955
vt 0.070230 0.313955
vt 0.070230 0.392357
vt 0.112912 0.549160
vt 0.112912 0.470758
vt 0.070230 0.549160
vt 0.112912 0.470758
vt 0.070230 0.470758
vt 0.070230 0.549160
vt 0.112912 0.078750
vt 0.112912 0.000349
vt 0.070230 0.078750
vt 0.112912 0.000349
vt 0.070230 0.000349
vt 0.070230 0.078750
vt 0.000100 0.707065
vt 0.999900 0.292935
vt 0.707065 0.000100
vt 0.000100 0.707065
vt 0.999900 0.707065
vt 0.999900 0.292935
vt 0.000100 0.707065
vt 0.707065 0.999900
vt 0.999900 0.707065
vt 0.000100 0.707065
vt 0.292935 0.999900
vt 0.707065 0.999900
vt 0.292935 0.000100
vt 0.000100 0.292935
vt 0.000100 0.707065
vt 0.000100 0.707065
vt 0.707065 0.000100
vt 0.292935 0.000100

vn -0.281086 -0.678598 0.678598
vn -0.281086 -0.678598 0.678598
vn -0.281086 -0.678598 0.678598
vn -0.281084 -0.678599 0.678598
vn -0.281084 -0.678599 0.678598
vn -0.281084 -0.678599 0.678598
vn -0.678598 -0.678599 0.281085
vn -0.678598 -0.678599 0.281085
vn -0.678598 -0.678599 0.281085
vn -0.678597 -0.678599 0.281085
vn -0.678597 -0.678599 0.281085
vn -0.678597 -0.678599 0.281085
vn -0.678598 -0.678598 -0.281085
vn -0.678598 -0.678598 -0.281085
vn -0.678598 -0.678598 -0.281085
vn -0.678597 -0.678599 -0.281085
vn -0.678597 -0.678599 -0.281085
vn -0.678597 -0.678599 -0.281085
vn -0.281086 -0.678598 -0.678598
vn -0.281086 -0.678598 -0.678598
vn -0.281086 -0.678598 -0.678598
vn -0.281084 -0.678598 -0.678599
vn -0.281084 -0.678598 -0.678599
vn -0.281084 -0.678598 -0.678599
vn 0.281085 -0.678598 -0.678598
vn 0.281085 -0.678598 -0.678598
vn 0.281085 -0.678598 -0.678598
vn 0.281085 -0.678598 -0.678598
vn 0.281085 -0.678598 -0.678598
vn 0.281085 -0.678598 -0.678598
vn 0.678598 -0.678598 -0.281085
vn 0.678598 -0.678598 -0.281085
vn 0.678598 -0.678598 -0.281085
vn 0.678597 -0.678599 -0.281085
vn 0.678597 -0.678599 -0.281085
vn 0.678597 -0.678599 -0.281085
vn 0.866598 -0.346639 -0.358956
vn 0.866598 -0.346639 -0.358956
vn 0.866598 -0.346639 -0.358956
vn 0.866598 -0.346639 -0.358956
vn 0.866598 -0.346639 -0.358956
vn 0.866598 -0.346639 -0.358956
vn 0.678598 -0.678598 0.281085
vn 0.678598 -0.678598 0.281085
vn 0.678598 -0.678598 0.281085
vn 0.678598 -0.678599 0.281085
vn 0.678598 -0.678599 0.281085
vn 0.678598 -0.678599 0.281085
vn 0.281086 -0.678598 0.678598
vn 0.281086 -0.678598 0.678598
vn 0.281086 -0.678598 0.678598
vn 0.281084 -0.678598 0.678599
vn 0.281084 -0.678598 0.678599
vn 0.281084 -0.678598 0.678599
vn 0.382683 0.000000 -0.923880
vn 0.382683 0.000000 -0.923880
vn 0.382683 0.000000 -0.923880
vn 0.382684 0.000000 -0.923879
vn 0.382684 0.000000 -0.923879
vn 0.382684 0.000000 -0.923879
vn -0.358956 -0.346639 -0.866598
vn -0.358956 -0.346639 -0.866598
vn -0.358956 -0.346639 -0.866598
vn -0.358956 -0.346639 -0.866598
vn -0.358956 -0.346639 -0.866598
vn -0.358956 -0.346639 -0.866598
vn 0.866598 -0.346639 0.358957
vn 0.866598 -0.346639 0.358957
vn 0.866598 -0.346639 0.358957
vn 0.866598 -0.346639 0.358956
vn 0.866598 -0.346639 0.358956
vn 0.866598 -0.346639 0.358956
vn -0.866598 -0.346639 0.358956
vn -0.866598 -0.346639 0.358956
vn -0.866598 -0.346639 0.358956
vn -0.866598 -0.346639 0.358956
vn -0.866598 -0.346639 0.358956
vn -0.866598 -0.346639 0.358956
vn 0.358956 -0.346639 -0.866598
vn 0.358956 -0.346639 -0.866598
vn 0.358956 -0.346639 -0.866598
vn 0.358956 -0.346639 -0.866598
vn 0.358956 -0.346639 -0.866598
vn 0.358956 -0.346639 -0.866598
vn 0.358957 -0.346639 0.866598
vn 0.358957 -0.346639 0.866598
vn 0.358957 -0.346639 0.866598
vn 0.358956 -0.346639 0.866598
vn 0.358956 -0.346639 0.866598
vn 0.358956 -0.346639 0.866598
vn -0.358956 -0.346639 0.866598
vn -0.358956 -0.346639 0.866598
vn -0.358956 -0.346639 0.866598
vn -0.358956 -0.346639 0.866598
vn -0.358956 -0.346639 0.866598
vn -0.358956 -0.346639 0.866598
vn -0.866598 -0.346639 -0.358957
vn -0.866598 -0.346639 -0.358957
vn -0.866598 -0.346639 -0.358957
vn -0.866598 -0.346639 -0.358957
vn -0.866598 -0.346639 -0.358957
vn -0.866598 -0.346639 -0.358957
vn -0.923879 0.000000 -0.382683
vn -0.923879 0.000000 -0.382683
vn -0.923879 0.000000 -0.382683
vn -0.923879 0.000000 -0.382683
vn -0.923879 0.000000 -0.382683
vn -0.923879 0.000000 -0.382683
vn -0.382683 0.000000 0.923880
vn -0.382683 0.000000 0.923880
vn -0.382683 0.000000 0.923880
vn -0.382683 0.000000 0.923880
vn -0.382683 0.000000 0.923880
vn -0.382683 0.000000 0.923880
vn 0.382683 0.000000 0.923880
vn 0.382683 0.000000 0.923880
vn 0.382683 0.000000 0.923880
vn 0.382684 0.000000 0.923879
vn 0.382684 0.000000 0.923879
vn 0.382684 0.000000 0.923879
vn 0.923880 0.000000 -0.382683
vn 0.923880 0.000000 -0.382683
vn 0.923880 0.000000 -0.382683
vn 0.923880 0.000000 -0.382683
vn 0.923880 0.000000 -0.382683
vn 0.923880 0.000000 -0.382683
vn -0.382683 0.000000 -0.923880
vn -0.382683 0.000000 -0.923880
vn -0.382683 0.000000 -0.923880
vn -0.382683 0.000000 -0.923879
vn -0.382683 0.000000 -0.923879
vn -0.382683 0.000000 -0.923879
vn -0.923879 0.000000 0.382684
vn -0.923879 0.000000 0.382684
vn -0.923879 0.000000 0.382684
vn -0.923880 0.000000 0.382683
vn -0.923880 0.000000 0.382683
vn -0.923880 0.000000 0.382683
vn 0.923880 0.000000 0.382683
vn 0.923880 0.000000 0.382683
vn 0.923880 0.000000 0.382683
vn 0.923880 0.000000 0.382683
vn 0.923880 0.000000 0.382683
vn 0.923880 0.000000 0.382683
vn -0.000000 -1.000000 0.000000
vn -0.000000 -1.000000 0.000000
vn -0.000000 -1.000000 0.000000
vn 0.556758 -0.798020 0.230617
vn 0.556758 -0.798020 0.230617
vn 0.556758 -0.798020 0.230617
vn 0.556758 -0.798020 0.230617
vn 0.556758 -0.798020 0.230617
vn 0.556758 -0.798020 0.230617
vn -0.556758 -0.798020 0.230617
vn -0.556758 -0.798020 0.230617
vn -0.556758 -0.798020 0.230617
vn -0.556758 -0.798020 0.230617
vn -0.556758 -0.798020 0.230617
vn -0.556758 -0.798020 0.230617
vn -0.230617 -0.798020 -0.556758
vn -0.230617 -0.798020 -0.556758
vn -0.230617 -0.798020 -0.556758
vn -0.230617 -0.798020 -0.556759
vn -0.230617 -0.798020 -0.556759
vn -0.230617 -0.798020 -0.556759
vn 0.556758 -0.798020 -0.230617
vn 0.556758 -0.798020 -0.230617
vn 0.556758 -0.798020 -0.230617
vn 0.556758 -0.798020 -0.230617
vn 0.556758 -0.798020 -0.230617
vn 0.556758 -0.798020 -0.230617
vn 0.230617 -0.798020 0.556758
vn 0.230617 -0.798020 0.556758
vn 0.230617 -0.798020 0.556758
vn 0.230617 -0.798020 0.556758
vn 0.230617 -0.798020 0.556758
vn 0.230617 -0.798020 0.556758
vn -0.230617 -0.798020 0.556758
vn -0.230617 -0.798020 0.556758
vn -0.230617 -0.798020 0.556758
vn -0.230617 -0.798020 0.556758
vn -0.230617 -0.798020 0.556758
vn -0.230617 -0.798020 0.556758
vn -0.556758 -0.798020 -0.230617
vn -0.556758 -0.798020 -0.230617
vn -0.556758 -0.798020 -0.230617
vn -0.556758 -0.798020 -0.230617
vn -0.556758 -0.798020 -0.230617
vn -0.556758 -0.798020 -0.230617
vn 0.230617 -0.798020 -0.556758
vn 0.230617 -0.798020 -0.556758
vn 0.230617 -0.798020 -0.556758
vn 0.230617 -0.798020 -0.556758
vn 0.230617 -0.798020 -0.556758
vn 0.230617 -0.798020 -0.556758
vn -0.000000 1.000000 0.000000
vn -0.000000 1.000000 0.000000
vn -0.000000 1.000000 0.000000
vn -0.535223 0.815099 -0.221696
vn -0.535223 0.815099 -0.221696
vn -0.535223 0.815099 -0.221696
vn -0.535223 0.815099 -0.221697
vn -0.535223 0.815099 -0.221697
vn -0.535223 0.815099 -0.221697
vn 0.535223 0.815099 -0.221697
vn 0.535223 0.815099 -0.221697
vn 0.535223 0.815099 -0.221697
vn 0.535223 0.815099 -0.221697
vn 0.535223 0.815099 -0.221697
vn 0.535223 0.815099 -0.221697
vn 0.221697 0.815099 0.535223
vn 0.221697 0.815099 0.535223
vn 0.221697 0.815099 0.535223
vn 0.221697 0.815100 0.535223
vn 0.221697 0.815100 0.535223
vn 0.221697 0.815100 0.535223
vn -0.535223 0.815099 0.221696
vn -0.535223 0.815099 0.221696
vn -0.535223 0.815099 0.221696
vn -0.535223 0.815100 0.221697
vn -0.535223 0.815100 0.221697
vn -0.535223 0.815100 0.221697
vn -0.221696 0.815099 -0.535223
vn -0.221696 0.815099 -0.535223
vn -0.221696 0.815099 -0.535223
vn -0.221696 0.815099 -0.535223
vn -0.221696 0.815099 -0.535223
vn -0.221696 0.815099 -0.535223
vn 0.221697 0.815099 -0.535223
vn 0.221697 0.815099 -0.535223
vn 0.221697 0.815099 -0.535223
vn 0.221697 0.815100 -0.535223
vn 0.221697 0.815100 -0.535223
vn 0.221697 0.815100 -0.535223
vn 0.535223 0.815100 0.221697
vn 0.535223 0.815100 0.221697
vn 0.535223 0.815100 0.221697
vn 0.535223 0.815099 0.221697
vn 0.535223 0.815099 0.221697
vn 0.535223 0.815099 0.221697
vn -0.221697 0.815099 0.535223
vn -0.221697 0.815099 0.535223
vn -0.221697 0.815099 0.535223
vn -0.221696 0.815100 0.535223
vn -0.221696 0.815100 0.535223
vn -0.221696 0.815100 0.535223
vn -0.000001 1.000000 0.000000
vn -0.000001 1.000000 0.000000
vn -0.000001 1.000000 0.000000
vn -0.000000 1.000000 0.000000
vn -0.000000 1.000000 0.000000
vn -0.000000 1.000000 0.000000
vn -0.000000 1.000000 0.000000
vn -0.000000 1.000000 0.000000
vn -0.000000 1.000000 0.000000
vn 0.000000 1.000000 0.000000
vn 0.000000 1.000000 0.000000
vn 0.000000 1.000000 0.000000
vn -0.000000 1.000000 0.000000
vn -0.000000 1.000000 0.000000
vn -0.000000 1.000000 0.000000
vn -0.000000 1.000000 0.000000
vn -0.000000 1.000000 0.000000
vn -0.000000 1.000000 0.000000
vn -0.000000 1.000000 0.000000
vn -0.000000 1.000000 0.000000
vn -0.000000 1.000000 0.000000
vn -0.000000 1.000000 0.000000
vn -0.000000 1.000000 0.000000
vn -0.000000 1.000000 0.000000
vn 0.000002 1.000000 0.000000
vn 0.000002 1.000000 0.000000
vn 0.000002 1.000000 0.000000
vn -0.000000 1.000000 0.000000
vn -0.000000 1.000000 0.000000
vn -0.000000 1.000000 0.000000
vn -0.000000 1.000000 0.000000
vn -0.000000 1.000000 0.000000
vn -0.000000 1.000000 0.000000
vn 0.000002 1.000000 0.000000
vn 0.000002 1.000000 0.000000
vn 0.000002 1.000000 0.000000
vn 0.281084 0.678599 -0.678598
vn 0.281084 0.678599 -0.678598
vn 0.281084 0.678599 -0.678598
vn 0.281085 0.678598 -0.678598
vn 0.281085 0.678598 -0.678598
vn 0.281085 0.678598 -0.678598
vn 0.678597 0.678600 -0.281085
vn 0.678597 0.678600 -0.281085
vn 0.678597 0.678600 -0.281085
vn 0.678598 0.678599 -0.281084
vn 0.678598 0.678599 -0.281084
vn 0.678598 0.678599 -0.281084
vn 0.678595 0.678601 0.281086
vn 0.678595 0.678601 0.281086
vn 0.678595 0.678601 0.281086
vn 0.678600 0.678597 0.281084
vn 0.678600 0.678597 0.281084
vn 0.678600 0.678597 0.281084
vn 0.281084 0.678598 0.678599
vn 0.281084 0.678598 0.678599
vn 0.281084 0.678598 0.678599
vn 0.281084 0.678599 0.678598
vn 0.281084 0.678599 0.678598
vn 0.281084 0.678599 0.678598
vn -0.281085 0.678599 0.678598
vn -0.281085 0.678599 0.678598
vn -0.281085 0.678599 0.678598
vn -0.281086 0.678598 0.678598
vn -0.281086 0.678598 0.678598
vn -0.281086 0.678598 0.678598
vn -0.678598 0.678599 0.281084
vn -0.678598 0.678599 0.281084
vn -0.678598 0.678599 0.281084
vn -0.678599 0.678598 0.281085
vn -0.678599 0.678598 0.281085
vn -0.678599 0.678598 0.281085
vn -0.866598 0.346638 0.358955
vn -0.866598 0.346638 0.358955
vn -0.866598 0.346638 0.358955
vn -0.866597 0.346640 0.358957
vn -0.866597 0.346640 0.358957
vn -0.866597 0.346640 0.358957
vn -0.678599 0.678598 -0.281085
vn -0.678599 0.678598 -0.281085
vn -0.678599 0.678598 -0.281085
vn -0.678599 0.678598 -0.281084
vn -0.678599 0.678598 -0.281084
vn -0.678599 0.678598 -0.281084
vn -0.281084 0.678599 -0.678599
vn -0.281084 0.678599 -0.678599
vn -0.281084 0.678599 -0.678599
vn -0.281086 0.678599 -0.678598
vn -0.281086 0.678599 -0.678598
vn -0.281086 0.678599 -0.678598
vn -0.000000 1.000000 0.000000
vn -0.000000 1.000000 0.000000
vn -0.000000 1.000000 0.000000
vn -0.382683 0.000000 0.923880
vn -0.382683 0.000000 0.923880
vn -0.382683 0.000000 0.923880
vn -0.382684 0.000000 0.923879
vn -0.382684 0.000000 0.923879
vn -0.382684 0.000000 0.923879
vn 0.358957 0.346639 0.866598
vn 0.358957 0.346639 0.866598
vn 0.358957 0.346639 0.866598
vn 0.358956 0.346639 0.866598
vn 0.358956 0.346639 0.866598
vn 0.358956 0.346639 0.866598
vn -0.866598 0.346639 -0.358956
vn -0.866598 0.346639 -0.358956
vn -0.866598 0.346639 -0.358956
vn -0.866598 0.346639 -0.358957
vn -0.866598 0.346639 -0.358957
vn -0.866598 0.346639 -0.358957
vn 0.866598 0.346639 -0.358956
vn 0.866598 0.346639 -0.358956
vn 0.866598 0.346639 -0.358956
vn 0.866598 0.346639 -0.358956
vn 0.866598 0.346639 -0.358956
vn 0.866598 0.346639 -0.358956
vn -0.358956 0.346639 0.866598
vn -0.358956 0.346639 0.866598
vn -0.358956 0.346639 0.866598
vn -0.358957 0.346639 0.866598
vn -0.358957 0.346639 0.866598
vn -0.358957 0.346639 0.866598
vn -0.358957 0.346639 -0.866598
vn -0.358957 0.346639 -0.866598
vn -0.358957 0.346639 -0.866598
vn -0.358956 0.346639 -0.866598
vn -0.358956 0.346639 -0.866598
vn -0.358956 0.346639 -0.866598
vn 0.358956 0.346639 -0.866598
vn 0.358956 0.346639 -0.866598
vn 0.358956 0.346639 -0.866598
vn 0.358956 0.346639 -0.866598
vn 0.358956 0.346639 -0.866598
vn 0.358956 0.346639 -0.866598
vn 0.866598 0.346639 0.358956
vn 0.866598 0.346639 0.358956
vn 0.866598 0.346639 0.358956
vn 0.866598 0.346639 0.358957
vn 0.866598 0.346639 0.358957
vn 0.866598 0.346639 0.358957
vn 0.923879 0.000000 0.382684
vn 0.923879 0.000000 0.382684
vn 0.923879 0.000000 0.382684
vn 0.923880 0.000000 0.382683
vn 0.923880 0.000000 0.382683
vn 0.923880 0.000000 0.382683
vn 0.382683 0.000000 -0.923880
vn 0.382683 0.000000 -0.923880
vn 0.382683 0.000000 -0.923880
vn 0.382683 0.000000 -0.923880
vn 0.382683 0.000000 -0.923880
vn 0.382683 0.000000 -0.923880
vn -0.382683 0.000000 -0.923880
vn -0.382683 0.000000 -0.923880
vn -0.382683 0.000000 -0.923880
vn -0.382684 0.000000 -0.923880
vn -0.382684 0.000000 -0.923880
vn -0.382684 0.000000 -0.923880
vn -0.923880 0.000000 0.382683
vn -0.923880 0.000000 0.382683
vn -0.923880 0.000000 0.382683
vn -0.923880 0.000000 0.382683
vn -0.923880 0.000000 0.382683
vn -0.923880 0.000000 0.382683
vn 0.382683 0.000000 0.923880
vn 0.382683 0.000000 0.923880
vn 0.382683 0.000000 0.923880
vn 0.382683 0.000000 0.923880
vn 0.382683 0.000000 0.923880
vn 0.382683 0.000000 0.923880
vn 0.923880 0.000000 -0.382683
vn 0.923880 0.000000 -0.382683
vn 0.923880 0.000000 -0.382683
vn 0.923879 0.000000 -0.382683
vn 0.923879 0.000000 -0.382683
vn 0.923879 0.000000 -0.382683
vn -0.923880 0.000000 -0.382683
vn -0.923880 0.000000 -0.382683
vn -0.923880 0.000000 -0.382683
vn -0.923880 0.000000 -0.382683
vn -0.923880 0.000000 -0.382683
vn -0.923880 0.000000 -0.382683
vn -0.000000 1.000000 0.000000
vn -0.000000 1.000000 0.000000
vn -0.000000 1.000000 0.000000
vn -0.000000 1.000000 0.000000
vn -0.000000 1.000000 0.000000
vn -0.000000 1.000000 0.000000
vn -0.000000 1.000000 0.000000
vn -0.000000 1.000000 0.000000
vn -0.000000 1.000000 0.000000
vn -0.000000 1.000000 0.000000
vn -0.000000 1.000000 0.000000
vn -0.000000 1.000000 0.000000
vn -0.000000 1.000000 0.000000
vn -0.000000 1.000000 0.000000
vn -0.000000 1.000000 0.000000
vn 0.000001 1.000000 0.000000
vn 0.000001 1.000000 0.000000
vn 0.000001 1.000000 0.000000
vn -0.000000 1.000000 0.000000
vn -0.000000 1.000000 0.000000
vn -0.000000 1.000000 0.000000
vn -0.000000 1.000000 0.000000
vn -0.000000 1.000000 0.000000
vn -0.000000 1.000000 0.000000
vn -0.000000 1.000000 0.000000
vn -0.000000 1.000000 0.000000
vn -0.000000 1.000000 0.000000
vn -0.000000 1.000000 0.000000
vn -0.000000 1.000000 0.000000
vn -0.000000 1.000000 0.000000
vn -0.000000 1.000000 0.000000
vn -0.000000 1.000000 0.000000
vn -0.000000 1.000000 0.000000
vn -0.000000 1.000000 0.000000
vn -0.000000 1.000000 0.000000
vn -0.000000 1.000000 0.000000
vn -0.000000 1.000000 0.000000
vn -0.000000 1.000000 0.000000
vn -0.000000 1.000000 0.000000
vn -0.000000 1.000000 0.000000
vn -0.000000 1.000000 0.000000
vn -0.000000 1.000000 0.000000
vn -0.000000 1.000000 0.000000
vn -0.000000 1.000000 0.000000
vn -0.000000 1.000000 0.000000
vn -0.000000 1.000000 0.000000
vn -0.000000 1.000000 0.000000
vn -0.000000 1.000000 0.000000
vn -0.000000 1.000000 0.000000
vn -0.000000 1.000000 0.000000
vn -0.000000 1.000000 0.000000
vn -0.000000 1.000000 0.000000
vn -0.000000 1.000000 0.000000
vn -0.000000 1.000000 0.000000
vn -0.000002 1.000000 0.000000
vn -0.000002 1.000000 0.000000
vn -0.000002 1.000000 0.000000
vn 0.000000 1.000000 0.000000
vn 0.000000 1.000000 0.000000
vn 0.000000 1.000000 0.000000
vn 0.005093 0.026840 0.999627
vn 0.005093 0.026840 0.999627
vn 0.005093 0.026840 0.999627
vn -0.000784 0.023580 0.999722
vn -0.000784 0.023580 0.999722
vn -0.000784 0.023580 0.999722
vn -0.016196 -0.016574 -0.999731
vn -0.016196 -0.016574 -0.999731
vn -0.016196 -0.016574 -0.999731
vn -0.016196 -0.016575 -0.999731
vn -0.016196 -0.016575 -0.999731
vn -0.016196 -0.016575 -0.999731
vn 0.016199 0.016572 0.999731
vn 0.016199 0.016572 0.999731
vn 0.016199 0.016572 0.999731
vn 0.016212 0.016572 0.999731
vn 0.016212 0.016572 0.999731
vn 0.016212 0.016572 0.999731
vn 0.016196 0.016575 0.999731
vn 0.016196 0.016575 0.999731
vn 0.016196 0.016575 0.999731
vn 0.016196 0.016575 0.999731
vn 0.016196 0.016575 0.999731
vn 0.016196 0.016575 0.999731
vn 0.619885 0.784671 -0.005775
vn 0.619885 0.784671 -0.005775
vn 0.619885 0.784671 -0.005775
vn 0.619879 0.784676 -0.005775
vn 0.619879 0.784676 -0.005775
vn 0.619879 0.784676 -0.005775
vn -0.619880 -0.784675 0.005775
vn -0.619880 -0.784675 0.005775
vn -0.619880 -0.784675 0.005775
vn -0.619877 -0.784678 0.005776
vn -0.619877 -0.784678 0.005776
vn -0.619877 -0.784678 0.005776
vn -0.574500 -0.818484 0.005737
vn -0.574500 -0.818484 0.005737
vn -0.574500 -0.818484 0.005737
vn -0.574525 -0.818467 0.005725
vn -0.574525 -0.818467 0.005725
vn -0.574525 -0.818467 0.005725
vn 0.619501 0.784975 -0.005775
vn 0.619501 0.784975 -0.005775
vn 0.619501 0.784975 -0.005775
vn 0.619498 0.784977 -0.005773
vn 0.619498 0.784977 -0.005773
vn 0.619498 0.784977 -0.005773
vn -0.618491 -0.785771 0.005775
vn -0.618491 -0.785771 0.005775
vn -0.618491 -0.785771 0.005775
vn -0.618498 -0.785765 0.005773
vn -0.618498 -0.785765 0.005773
vn -0.618498 -0.785765 0.005773
vn -0.016207 -0.016564 -0.999731
vn -0.016207 -0.016564 -0.999731
vn -0.016207 -0.016564 -0.999731
vn -0.016204 -0.016579 -0.999731
vn -0.016204 -0.016579 -0.999731
vn -0.016204 -0.016579 -0.999731
vn -0.017265 -0.015882 -0.999725
vn -0.017265 -0.015882 -0.999725
vn -0.017265 -0.015882 -0.999725
vn -0.017259 -0.015894 -0.999725
vn -0.017259 -0.015894 -0.999725
vn -0.017259 -0.015894 -0.999725
vn -0.016540 -0.016278 -0.999731
vn -0.016540 -0.016278 -0.999731
vn -0.016540 -0.016278 -0.999731
vn -0.016515 -0.016347 -0.999730
vn -0.016515 -0.016347 -0.999730
vn -0.016515 -0.016347 -0.999730
vn 0.016495 0.016318 0.999731
vn 0.016495 0.016318 0.999731
vn 0.016495 0.016318 0.999731
vn 0.016565 0.016315 0.999730
vn 0.016565 0.016315 0.999730
vn 0.016565 0.016315 0.999730
vn 0.580314 0.814372 -0.005742
vn 0.580314 0.814372 -0.005742
vn 0.580314 0.814372 -0.005742
vn 0.580301 0.814382 -0.005734
vn 0.580301 0.814382 -0.005734
vn 0.580301 0.814382 -0.005734
vn 0.017403 0.015821 0.999723
vn 0.017403 0.015821 0.999723
vn 0.017403 0.015821 0.999723
vn 0.017402 0.015820 0.999723
vn 0.017402 0.015820 0.999723
vn 0.017402 0.015820 0.999723
vn 0.017256 0.015887 0.999725
vn 0.017256 0.015887 0.999725
vn 0.017256 0.015887 0.999725
vn 0.017270 0.015890 0.999725
vn 0.017270 0.015890 0.999725
vn 0.017270 0.015890 0.999725
vn 0.481418 0.876474 -0.005565
vn 0.481418 0.876474 -0.005565
vn 0.481418 0.876474 -0.005565
vn 0.481412 0.876476 -0.005562
vn 0.481412 0.876476 -0.005562
vn 0.481412 0.876476 -0.005562
vn -0.480219 -0.877131 0.005563
vn -0.480219 -0.877131 0.005563
vn -0.480219 -0.877131 0.005563
vn -0.480220 -0.877130 0.005560
vn -0.480220 -0.877130 0.005560
vn -0.480220 -0.877130 0.005560
vn -0.478776 -0.877919 0.005555
vn -0.478776 -0.877919 0.005555
vn -0.478776 -0.877919 0.005555
vn -0.478775 -0.877920 0.005557
vn -0.478775 -0.877920 0.005557
vn -0.478775 -0.877920 0.005557
vn 0.445925 0.895054 -0.005481
vn 0.445925 0.895054 -0.005481
vn 0.445925 0.895054 -0.005481
vn 0.445927 0.895053 -0.005482
vn 0.445927 0.895053 -0.005482
vn 0.445927 0.895053 -0.005482
vn -0.445898 -0.895067 0.005482
vn -0.445898 -0.895067 0.005482
vn -0.445898 -0.895067 0.005482
vn -0.445888 -0.895072 0.005482
vn -0.445888 -0.895072 0.005482
vn -0.445888 -0.895072 0.005482
vn -0.017403 -0.015821 -0.999723
vn -0.017403 -0.015821 -0.999723
vn -0.017403 -0.015821 -0.999723
vn -0.017403 -0.015820 -0.999723
vn -0.017403 -0.015820 -0.999723
vn -0.017403 -0.015820 -0.999723
vn 0.015893 0.016676 0.999735
vn 0.015893 0.016676 0.999735
vn 0.015893 0.016676 0.999735
vn 0.015849 0.016669 0.999735
vn 0.015849 0.016669 0.999735
vn 0.015849 0.016669 0.999735
vn -0.016889 -0.016082 -0.999728
vn -0.016889 -0.016082 -0.999728
vn -0.016889 -0.016082 -0.999728
vn -0.016893 -0.016073 -0.999728
vn -0.016893 -0.016073 -0.999728
vn -0.016893 -0.016073 -0.999728
vn 0.016896 0.016079 0.999728
vn 0.016896 0.016079 0.999728
vn 0.016896 0.016079 0.999728
vn 0.016886 0.016076 0.999728
vn 0.016886 0.016076 0.999728
vn 0.016886 0.016076 0.999728
vn 0.478186 0.878241 -0.005554
vn 0.478186 0.878241 -0.005554
vn 0.478186 0.878241 -0.005554
vn 0.478191 0.878238 -0.005555
vn 0.478191 0.878238 -0.005555
vn 0.478191 0.878238 -0.005555
vn 0.733727 0.679420 -0.005706
vn 0.733727 0.679420 -0.005706
vn 0.733727 0.679420 -0.005706
vn 0.733733 0.679414 -0.005709
vn 0.733733 0.679414 -0.005709
vn 0.733733 0.679414 -0.005709
vn 0.562720 0.826628 -0.005691
vn 0.562720 0.826628 -0.005691
vn 0.562720 0.826628 -0.005691
vn 0.562748 0.826609 -0.005700
vn 0.562748 0.826609 -0.005700
vn 0.562748 0.826609 -0.005700
vn -0.565163 -0.824960 0.005696
vn -0.565163 -0.824960 0.005696
vn -0.565163 -0.824960 0.005696
vn -0.565155 -0.824965 0.005701
vn -0.565155 -0.824965 0.005701
vn -0.565155 -0.824965 0.005701
vn -0.015866 -0.016692 -0.999735
vn -0.015866 -0.016692 -0.999735
vn -0.015866 -0.016692 -0.999735
vn -0.015874 -0.016648 -0.999735
vn -0.015874 -0.016648 -0.999735
vn -0.015874 -0.016648 -0.999735
vn -0.901725 -0.432281 0.005058
vn -0.901725 -0.432281 0.005058
vn -0.901725 -0.432281 0.005058
vn -0.901727 -0.432276 0.005053
vn -0.901727 -0.432276 0.005053
vn -0.901727 -0.432276 0.005053
vn -0.734480 -0.678607 0.005704
vn -0.734480 -0.678607 0.005704
vn -0.734480 -0.678607 0.005704
vn -0.734475 -0.678612 0.005708
vn -0.734475 -0.678612 0.005708
vn -0.734475 -0.678612 0.005708
vn -0.013954 -0.018244 -0.999736
vn -0.013954 -0.018244 -0.999736
vn -0.013954 -0.018244 -0.999736
vn -0.013952 -0.018227 -0.999736
vn -0.013952 -0.018227 -0.999736
vn -0.013952 -0.018227 -0.999736
vn 0.013963 0.018236 0.999736
vn 0.013963 0.018236 0.999736
vn 0.013963 0.018236 0.999736
vn 0.013945 0.018236 0.999736
vn 0.013945 0.018236 0.999736
vn 0.013945 0.018236 0.999736
vn -0.997488 -0.070760 0.003304
vn -0.997488 -0.070760 0.003304
vn -0.997488 -0.070760 0.003304
vn -0.997497 -0.070629 0.003208
vn -0.997497 -0.070629 0.003208
vn -0.997497 -0.070629 0.003208
vn -0.012124 -0.020861 -0.999709
vn -0.012124 -0.020861 -0.999709
vn -0.012124 -0.020861 -0.999709
vn -0.012100 -0.020806 -0.999710
vn -0.012100 -0.020806 -0.999710
vn -0.012100 -0.020806 -0.999710
vn 0.012146 0.020828 0.999709
vn 0.012146 0.020828 0.999709
vn 0.012146 0.020828 0.999709
vn 0.012090 0.020844 0.999710
vn 0.012090 0.020844 0.999710
vn 0.012090 0.020844 0.999710
vn 0.900090 0.435675 -0.005066
vn 0.900090 0.435675 -0.005066
vn 0.900090 0.435675 -0.005066
vn 0.900092 0.435670 -0.005070
vn 0.900092 0.435670 -0.005070
vn 0.900092 0.435670 -0.005070
vn 0.010735 0.015581 0.999821
vn 0.010735 0.015581 0.999821
vn 0.010735 0.015581 0.999821
vn 0.010890 0.015301 0.999824
vn 0.010890 0.015301 0.999824
vn 0.010890 0.015301 0.999824
vn -0.011580 -0.022711 -0.999675
vn -0.011580 -0.022711 -0.999675
vn -0.011580 -0.022711 -0.999675
vn -0.011786 -0.022906 -0.999668
vn -0.011786 -0.022906 -0.999668
vn -0.011786 -0.022906 -0.999668
vn 0.011532 0.022889 0.999672
vn 0.011532 0.022889 0.999672
vn 0.011532 0.022889 0.999672
vn 0.011760 0.022725 0.999673
vn 0.011760 0.022725 0.999673
vn 0.011760 0.022725 0.999673
vn 0.997229 0.074322 -0.003322
vn 0.997229 0.074322 -0.003322
vn 0.997229 0.074322 -0.003322
vn 0.997214 0.074519 -0.003228
vn 0.997214 0.074519 -0.003228
vn 0.997214 0.074519 -0.003228
vn -0.427231 0.904140 -0.001807
vn -0.427231 0.904140 -0.001807
vn -0.427231 0.904140 -0.001807
vn -0.427331 0.904094 -0.001717
vn -0.427331 0.904094 -0.001717
vn -0.427331 0.904094 -0.001717
vn 0.901688 -0.432388 -0.000372
vn 0.901688 -0.432388 -0.000372
vn 0.901688 -0.432388 -0.000372
vn 0.901781 -0.432193 -0.000263
vn 0.901781 -0.432193 -0.000263
vn 0.901781 -0.432193 -0.000263
vn -0.897186 0.441654 0.000313
vn -0.897186 0.441654 0.000313
vn -0.897186 0.441654 0.000313
vn -0.897143 0.441741 0.000229
vn -0.897143 0.441741 0.000229
vn -0.897143 0.441741 0.000229
vn -0.010707 -0.015389 -0.999824
vn -0.010707 -0.015389 -0.999824
vn -0.010707 -0.015389 -0.999824
vn -0.011030 -0.015434 -0.999820
vn -0.011030 -0.015434 -0.999820
vn -0.011030 -0.015434 -0.999820
vn 0.010256 0.999946 -0.001730
vn 0.010256 0.999946 -0.001730
vn 0.010256 0.999946 -0.001730
vn 0.010199 0.999947 -0.001693
vn 0.010199 0.999947 -0.001693
vn 0.010199 0.999947 -0.001693
vn -0.002615 -0.007359 -0.999969
vn -0.002615 -0.007359 -0.999969
vn -0.002615 -0.007359 -0.999969
vn -0.002250 -0.007559 -0.999969
vn -0.002250 -0.007559 -0.999969
vn -0.002250 -0.007559 -0.999969
vn 0.002421 0.007174 0.999971
vn 0.002421 0.007174 0.999971
vn 0.002421 0.007174 0.999971
vn 0.002498 0.007602 0.999968
vn 0.002498 0.007602 0.999968
vn 0.002498 0.007602 0.999968
vn 0.414171 -0.910197 0.001845
vn 0.414171 -0.910197 0.001845
vn 0.414171 -0.910197 0.001845
vn 0.413958 -0.910295 0.001723
vn 0.413958 -0.910295 0.001723
vn 0.413958 -0.910295 0.001723
vn -0.005437 0.006925 0.999961
vn -0.005437 0.006925 0.999961
vn -0.005437 0.006925 0.999961
vn -0.005426 0.006931 0.999961
vn -0.005426 0.006931 0.999961
vn -0.005426 0.006931 0.999961
vn 0.003542 -0.006566 -0.999972
vn 0.003542 -0.006566 -0.999972
vn 0.003542 -0.006566 -0.999972
vn 0.003621 -0.006655 -0.999971
vn 0.003621 -0.006655 -0.999971
vn 0.003621 -0.006655 -0.999971
vn -0.003624 0.006552 0.999972
vn -0.003624 0.006552 0.999972
vn -0.003624 0.006552 0.999972
vn -0.003542 0.006643 0.999972
vn -0.003542 0.006643 0.999972
vn -0.003542 0.006643 0.999972
vn -0.017346 -0.999848 0.001726
vn -0.017346 -0.999848 0.001726
vn -0.017346 -0.999848 0.001726
vn -0.017439 -0.999847 0.001684
vn -0.017439 -0.999847 0.001684
vn -0.017439 -0.999847 0.001684
vn 0.440845 0.897583 -0.000950
vn 0.440845 0.897583 -0.000950
vn 0.440845 0.897583 -0.000950
vn 0.440839 0.897586 -0.000946
vn 0.440839 0.897586 -0.000946
vn 0.440839 0.897586 -0.000946
vn -0.247817 -0.968806 0.001358
vn -0.247817 -0.968806 0.001358
vn -0.247817 -0.968806 0.001358
vn -0.247825 -0.968804 0.001350
vn -0.247825 -0.968804 0.001350
vn -0.247825 -0.968804 0.001350
vn 0.248416 0.968653 -0.001358
vn 0.248416 0.968653 -0.001358
vn 0.248416 0.968653 -0.001358
vn 0.248404 0.968656 -0.001348
vn 0.248404 0.968656 -0.001348
vn 0.248404 0.968656 -0.001348
vn 0.005428 -0.006923 -0.999961
vn 0.005428 -0.006923 -0.999961
vn 0.005428 -0.006923 -0.999961
vn 0.005434 -0.006935 -0.999961
vn 0.005434 -0.006935 -0.999961
vn 0.005434 -0.006935 -0.999961
vn 0.004399 -0.006288 -0.999971
vn 0.004399 -0.006288 -0.999971
vn 0.004399 -0.006288 -0.999971
vn 0.004406 -0.006355 -0.999970
vn 0.004406 -0.006355 -0.999970
vn 0.004406 -0.006355 -0.999970
vn 0.005553 -0.006979 -0.999960
vn 0.005553 -0.006979 -0.999960
vn 0.005553 -0.006979 -0.999960
vn 0.005560 -0.007001 -0.999960
vn 0.005560 -0.007001 -0.999960
vn 0.005560 -0.007001 -0.999960
vn -0.005568 0.006985 0.999960
vn -0.005568 0.006985 0.999960
vn -0.005568 0.006985 0.999960
vn -0.005546 0.006992 0.999960
vn -0.005546 0.006992 0.999960
vn -0.005546 0.006992 0.999960
vn -0.441029 -0.897493 0.000951
vn -0.441029 -0.897493 0.000951
vn -0.441029 -0.897493 0.000951
vn -0.441036 -0.897489 0.000945
vn -0.441036 -0.897489 0.000945
vn -0.441036 -0.897489 0.000945
vn 0.705784 0.708427 -0.000348
vn 0.705784 0.708427 -0.000348
vn 0.705784 0.708427 -0.000348
vn 0.705784 0.708427 -0.000348
vn 0.705784 0.708427 -0.000348
vn 0.705784 0.708427 -0.000348
vn -0.004439 0.006312 0.999970
vn -0.004439 0.006312 0.999970
vn -0.004439 0.006312 0.999970
vn -0.004373 0.006322 0.999970
vn -0.004373 0.006322 0.999970
vn -0.004373 0.006322 0.999970
vn -0.606111 -0.795380 0.000563
vn -0.606111 -0.795380 0.000563
vn -0.606111 -0.795380 0.000563
vn -0.606139 -0.795358 0.000547
vn -0.606139 -0.795358 0.000547
vn -0.606139 -0.795358 0.000547
vn 0.608704 0.793397 -0.000557
vn 0.608704 0.793397 -0.000557
vn 0.608704 0.793397 -0.000557
vn 0.608684 0.793412 -0.000542
vn 0.608684 0.793412 -0.000542
vn 0.608684 0.793412 -0.000542
vn 0.708429 -0.705781 0.001529
vn 0.708429 -0.705781 0.001529
vn 0.708429 -0.705781 0.001529
vn 0.708427 -0.705782 0.001530
vn 0.708427 -0.705782 0.001530
vn 0.708427 -0.705782 0.001530
vn 0.003351 -0.005304 -0.999980
vn 0.003351 -0.005304 -0.999980
vn 0.003351 -0.005304 -0.999980
vn 0.003351 -0.005304 -0.999980
vn 0.003351 -0.005304 -0.999980
vn 0.003351 -0.005304 -0.999980
vn -0.003351 0.005304 0.999980
vn -0.003351 0.005304 0.999980
vn -0.003351 0.005304 0.999980
vn -0.003351 0.005304 0.999980
vn -0.003351 0.005304 0.999980
vn -0.003351 0.005304 0.999980
vn -0.705784 -0.708426 0.000348
vn -0.705784 -0.708426 0.000348
vn -0.705784 -0.708426 0.000348
vn -0.705783 -0.708428 0.000348
vn -0.705783 -0.708428 0.000348
vn -0.705783 -0.708428 0.000348
vn 0.999999 -0.000026 -0.001083
vn 0.999999 -0.000026 -0.001083
vn 0.999999 -0.000026 -0.001083
vn 0.999999 -0.000024 -0.001083
vn 0.999999 -0.000024 -0.001083
vn 0.999999 -0.000024 -0.001083
vn -0.187821 -0.982191 0.004916
vn -0.187821 -0.982191 0.004916
vn -0.187821 -0.982191 0.004916
vn -0.186428 -0.982451 0.005793
vn -0.186428 -0.982451 0.005793
vn -0.186428 -0.982451 0.005793
vn -0.033270 0.999438 -0.004120
vn -0.033270 0.999438 -0.004120
vn -0.033270 0.999438 -0.004120
vn -0.027602 0.999603 -0.005659
vn -0.027602 0.999603 -0.005659
vn -0.027602 0.999603 -0.005659
vn 0.000894 -0.032372 -0.999476
vn 0.000894 -0.032372 -0.999476
vn 0.000894 -0.032372 -0.999476
vn -0.004509 -0.023580 -0.999712
vn -0.004509 -0.023580 -0.999712
vn -0.004509 -0.023580 -0.999712
vn -0.000000 -1.000000 0.000000
vn -0.000000 -1.000000 0.000000
vn -0.000000 -1.000000 0.000000
vn -0.000000 -1.000000 0.000000
vn -0.000000 -1.000000 0.000000
vn -0.000000 -1.000000 0.000000
vn -0.000000 -1.000000 0.000000
vn -0.000000 -1.000000 0.000000
vn -0.000000 -1.000000 0.000000
vn -0.000000 -1.000000 0.000000
vn -0.000000 -1.000000 0.000000
vn -0.000000 -1.000000 0.000000
vn -0.000000 -1.000000 0.000000
vn -0.000000 -1.000000 0.000000
vn -0.000000 -1.000000 0.000000
vn 0.000001 1.000000 0.000000
vn 0.000001 1.000000 0.000000
vn 0.000001 1.000000 0.000000
vn -0.000000 1.000000 0.000000
vn -0.000000 1.000000 0.000000
vn -0.000000 1.000000 0.000000
vn -0.000000 1.000000 0.000000
vn -0.000000 1.000000 0.000000
vn -0.000000 1.000000 0.000000
vn 0.000000 1.000000 0.000000
vn 0.000000 1.000000 0.000000
vn 0.000000 1.000000 0.000000
vn -0.000001 1.000000 0.000000
vn -0.000001 1.000000 0.000000
vn -0.000001 1.000000 0.000000
vn 0.000001 1.000000 0.000000
vn 0.000001 1.000000 0.000000
vn 0.000001 1.000000 0.000000
vn 0.000001 1.000000 0.000000
vn 0.000001 1.000000 0.000000
vn 0.000001 1.000000 0.000000
vn 0.000000 1.000000 0.000000
vn 0.000000 1.000000 0.000000
vn 0.000000 1.000000 0.000000
vn 0.000001 1.000000 0.000000
vn 0.000001 1.000000 0.000000
vn 0.000001 1.000000 0.000000
vn -0.000000 1.000000 0.000000
vn -0.000000 1.000000 0.000000
vn -0.000000 1.000000 0.000000
vn -0.923880 0.000000 -0.382683
vn -0.923880 0.000000 -0.382683
vn -0.923880 0.000000 -0.382683
vn -0.923880 0.000000 -0.382683
vn -0.923880 0.000000 -0.382683
vn -0.923880 0.000000 -0.382683
vn 0.923879 0.000000 -0.382684
vn 0.923879 0.000000 -0.382684
vn 0.923879 0.000000 -0.382684
vn 0.923880 0.000000 -0.382683
vn 0.923880 0.000000 -0.382683
vn 0.923880 0.000000 -0.382683
vn 0.382683 0.000000 0.923880
vn 0.382683 0.000000 0.923880
vn 0.382683 0.000000 0.923880
vn 0.382683 0.000000 0.923880
vn 0.382683 0.000000 0.923880
vn 0.382683 0.000000 0.923880
vn -0.923880 0.000000 0.382683
vn -0.923880 0.000000 0.382683
vn -0.923880 0.000000 0.382683
vn -0.923880 0.000000 0.382683
vn -0.923880 0.000000 0.382683
vn -0.923880 0.000000 0.382683
vn -0.382683 0.000000 -0.923880
vn -0.382683 0.000000 -0.923880
vn -0.382683 0.000000 -0.923880
vn -0.382684 0.000000 -0.923879
vn -0.382684 0.000000 -0.923879
vn -0.382684 0.000000 -0.923879
vn 0.382684 0.000000 -0.923880
vn 0.382684 0.000000 -0.923880
vn 0.382684 0.000000 -0.923880
vn 0.382684 0.000000 -0.923880
vn 0.382684 0.000000 -0.923880
vn 0.382684 0.000000 -0.923880
vn 0.923879 0.000000 0.382684
vn 0.923879 0.000000 0.382684
vn 0.923879 0.000000 0.382684
vn 0.923880 0.000000 0.382683
vn 0.923880 0.000000 0.382683
vn 0.923880 0.000000 0.382683
vn -0.382683 0.000000 0.923880
vn -0.382683 0.000000 0.923880
vn -0.382683 0.000000 0.923880
vn -0.382684 0.000000 0.923879
vn -0.382684 0.000000 0.923879
vn -0.382684 0.000000 0.923879
vn 0.000000 1.000000 0.000000
vn 0.000000 1.000000 0.000000
vn 0.000000 1.000000 0.000000
vn 0.000000 1.000000 0.000000
vn 0.000000 1.000000 0.000000
vn 0.000000 1.000000 0.000000
vn -0.000000 1.000000 0.000000
vn -0.000000 1.000000 0.000000
vn -0.000000 1.000000 0.000000
vn 0.000000 1.000000 0.000000
vn 0.000000 1.000000 0.000000
vn 0.000000 1.000000 0.000000
vn 0.000001 1.000000 0.000000
vn 0.000001 1.000000 0.000000
vn 0.000001 1.000000 0.000000
vn -0.000001 1.000000 0.000000
vn -0.000001 1.000000 0.000000
vn -0.000001 1.000000 0.000000

g Material.001
f 3/1/1 1/2/2 2/3/3
f 6/4/4 4/5/5 5/6/6
f 9/7/7 7/8/8 8/9/9
f 12/10/10 10/11/11 11/12/12
f 15/13/13 13/14/14 14/15/15
f 18/16/16 16/17/17 17/18/18
f 21/19/19 19/20/20 20/21/21
f 24/22/22 22/23/23 23/24/24
f 27/25/25 25/26/26 26/27/27
f 30/28/28 28/29/29 29/30/30
f 33/31/31 31/32/32 32/33/33
f 36/34/34 34/35/35 35/36/36
f 39/37/37 37/38/38 38/39/39
f 42/40/40 40/41/41 41/42/42
f 45/43/43 43/44/44 44/45/45
f 48/46/46 46/47/47 47/48/48
f 51/49/49 49/50/50 50/51/51
f 54/52/52 52/53/53 53/54/54
f 57/55/55 55/56/56 56/57/57
f 60/58/58 58/59/59 59/60/60
f 63/61/61 61/62/62 62/63/63
f 66/64/64 64/65/65 65/66/66
f 69/67/67 67/68/68 68/69/69
f 72/70/70 70/71/71 71/72/72
f 75/73/73 73/74/74 74/75/75
f 78/76/76 76/77/77 77/78/78
f 81/79/79 79/80/80 80/81/81
f 84/82/82 82/83/83 83/84/84
f 87/85/85 85/86/86 86/87/87
f 90/88/88 88/89/89 89/90/90
f 93/91/91 91/92/92 92/93/93
f 96/94/94 94/95/95 95/96/96
f 99/97/97 97/98/98 98/99/99
f 102/100/100 100/101/101 101/102/102
f 105/103/103 103/104/104 104/105/105
f 108/106/106 106/107/107 107/108/108
f 111/109/109 109/110/110 110/111/111
f 114/112/112 112/113/113 113/114/114
f 117/115/115 115/116/116 116/117/117
f 120/118/118 118/119/119 119/120/120
f 123/121/121 121/122/122 122/123/123
f 126/124/124 124/125/125 125/126/126
f 129/127/127 127/128/128 128/129/129
f 132/130/130 130/131/131 131/132/132
f 135/133/133 133/134/134 134/135/135
f 138/136/136 136/137/137 137/138/138
f 141/139/139 139/140/140 140/141/141
f 144/142/142 142/143/143 143/144/144
f 147/145/145 145/146/146 146/147/147
f 150/148/148 148/149/149 149/150/150
f 153/151/151 151/152/152 152/153/153
f 156/154/154 154/155/155 155/156/156
f 159/157/157 157/158/158 158/159/159
f 162/160/160 160/161/161 161/162/162
f 165/163/163 163/164/164 164/165/165
f 168/166/166 166/167/167 167/168/168
f 171/169/169 169/170/170 170/171/171
f 174/172/172 172/173/173 173/174/174
f 177/175/175 175/176/176 176/177/177
f 180/178/178 178/179/179 179/180/180
f 183/181/181 181/182/182 182/183/183
f 186/184/184 184/185/185 185/186/186
f 189/187/187 187/188/188 188/189/189
f 192/190/190 190/191/191 191/192/192
f 195/193/193 193/194/194 194/195/195
f 198/196/196 196/197/197 197/198/198
f 201/199/199 199/200/200 200/201/201
f 204/202/202 202/203/203 203/204/204
f 207/205/205 205/206/206 206/207/207
f 210/208/208 208/209/209 209/210/210
f 213/211/211 211/212/212 212/213/213
f 216/214/214 214/215/215 215/216/216
f 219/217/217 217/218/218 218/219/219
f 222/220/220 220/221/221 221/222/222
f 225/223/223 223/224/224 224/225/225
f 228/226/226 226/227/227 227/228/228
f 231/229/229 229/230/230 230/231/231
f 234/232/232 232/233/233 233/234/234
f 237/235/235 235/236/236 236/237/237
f 240/238/238 238/239/239 239/240/240
f 243/241/241 241/242/242 242/243/243
f 246/244/244 244/245/245 245/246/246
f 249/247/247 247/248/248 248/249/249
f 252/250/250 250/251/251 251/252/252
f 255/253/253 253/254/254 254/255/255
f 258/256/256 256/257/257 257/258/258
f 261/259/259 259/260/260 260/261/261
f 264/262/262 262/263/263 263/264/264
f 267/265/265 265/266/266 266/267/267
f 270/268/268 268/269/269 269/270/270
f 273/271/271 271/272/272 272/273/273
f 276/274/274 274/275/275 275/276/276
f 279/277/277 277/278/278 278/279/279
f 282/280/280 280/281/281 281/282/282
f 285/283/283 283/284/284 284/285/285
f 288/286/286 286/287/287 287/288/288
f 291/289/289 289/290/290 290/291/291
f 294/292/292 292/293/293 293/294/294
f 297/295/295 295/296/296 296/297/297
f 300/298/298 298/299/299 299/300/300
f 303/301/301 301/302/302 302/303/303
f 306/304/304 304/305/305 305/306/306
f 309/307/307 307/308/308 308/309/309
f 312/310/310 310/311/311 311/312/312
f 315/313/313 313/314/314 314/315/315
f 318/316/316 316/317/317 317/318/318
f 321/319/319 319/320/320 320/321/321
f 324/322/322 322/323/323 323/324/324
f 327/325/325 325/326/326 326/327/327
f 330/328/328 328/329/329 329/330/330
f 333/331/331 331/332/332 332/333/333
f 336/334/334 334/335/335 335/336/336
f 339/337/337 337/338/338 338/339/339
f 342/340/340 340/341/341 341/342/342
f 345/343/343 343/344/344 344/345/345
f 348/346/346 346/347/347 347/348/348
f 351/349/349 349/350/350 350/351/351
f 354/352/352 352/353/353 353/354/354
f 357/355/355 355/356/356 356/357/357
f 360/358/358 358/359/359 359/360/360
f 363/361/361 361/362/362 362/363/363
f 366/364/364 364/365/365 365/366/366
f 369/367/367 367/368/368 368/369/369
f 372/370/370 370/371/371 371/372/372
f 375/373/373 373/374/374 374/375/375
f 378/376/376 376/377/377 377/378/378
f 381/379/379 379/380/380 380/381/381
f 384/382/382 382/383/383 383/384/384
f 387/385/385 385/386/386 386/387/387
f 390/388/388 388/389/389 389/390/390
f 393/391/391 391/392/392 392/393/393
f 396/394/394 394/395/395 395/396/396
f 399/397/397 397/398/398 398/399/399
f 402/400/400 400/401/401 401/402/402
f 405/403/403 403/404/404 404/405/405
f 408/406/406 406/407/407 407/408/408
f 411/409/409 409/410/410 410/411/411
f 414/412/412 412/413/413 413/414/414
f 417/415/415 415/416/416 416/417/417
f 420/418/418 418/419/419 419/420/420
f 423/421/421 421/422/422 422/423/423
f 426/424/424 424/425/425 425/426/426
f 429/427/427 427/428/428 428/429/429
f 432/430/430 430/431/431 431/432/432
f 435/433/433 433/434/434 434/435/435
f 438/436/436 436/437/437 437/438/438
f 441/439/439 439/440/440 440/441/441
f 444/442/442 442/443/443 443/444/444
f 447/445/445 445/446/446 446/447/447
f 450/448/448 448/449/449 449/450/450
f 453/451/451 451/452/452 452/453/453
f 456/454/454 454/455/455 455/456/456
f 459/457/457 457/458/458 458/459/459
f 462/460/460 460/461/461 461/462/462
f 465/463/463 463/464/464 464/465/465
f 468/466/466 466/467/467 467/468/468
f 471/469/469 469/470/470 470/471/471
f 474/472/472 472/473/473 473/474/474
f 477/475/475 475/476/476 476/477/477
f 480/478/478 478/479/479 479/480/480
f 483/481/481 481/482/482 482/483/483
f 486/484/484 484/485/485 485/486/486
f 489/487/487 487/488/488 488/489/489
f 492/490/490 490/491/491 491/492/492
f 495/493/493 493/494/494 494/495/495
f 498/496/496 496/497/497 497/498/498
f 501/499/499 499/500/500 500/501/501
f 504/502/502 502/503/503 503/504/504
f 507/505/505 505/506/506 506/507/507
f 510/508/508 508/509/509 509/510/510
f 513/511/511 511/512/512 512/513/513
f 516/514/514 514/515/515 515/516/516
f 519/517/517 517/518/518 518/519/519
f 522/520/520 520/521/521 521/522/522
f 525/523/523 523/524/524 524/525/525
f 528/526/526 526/527/527 527/528/528
f 531/529/529 529/530/530 530/531/531
f 534/532/532 532/533/533 533/534/534
f 537/535/535 535/536/536 536/537/537
f 540/538/538 538/539/539 539/540/540
f 543/541/541 541/542/542 542/543/543
f 546/544/544 544/545/545 545/546/546
f 549/547/547 547/548/548 548/549/549
f 552/550/550 550/551/551 551/552/552
f 555/553/553 553/554/554 554/555/555
f 558/556/556 556/557/557 557/558/558
f 561/559/559 559/560/560 560/561/561
f 564/562/562 562/563/563 563/564/564
f 567/565/565 565/566/566 566/567/567
f 570/568/568 568/569/569 569/570/570
f 573/571/571 571/572/572 572/573/573
f 576/574/574 574/575/575 575/576/576
f 579/577/577 577/578/578 578/579/579
f 582/580/580 580/581/581 581/582/582
f 585/583/583 583/584/584 584/585/585
f 588/586/586 586/587/587 587/588/588
f 591/589/589 589/590/590 590/591/591
f 594/592/592 592/593/593 593/594/594
f 597/595/595 595/596/596 596/597/597
f 600/598/598 598/599/599 599/600/600
f 603/601/601 601/602/602 602/603/603
f 606/604/604 604/605/605 605/606/606
f 609/607/607 607/608/608 608/609/609
f 612/610/610 610/611/611 611/612/612
f 615/613/613 613/614/614 614/615/615
f 618/616/616 616/617/617 617/618/618
f 621/619/619 619/620/620 620/621/621
f 624/622/622 622/623/623 623/624/624
f 627/625/625 625/626/626 626/627/627
f 630/628/628 628/629/629 629/630/630
f 633/631/631 631/632/632 632/633/633
f 636/634/634 634/635/635 635/636/636
f 639/637/637 637/638/638 638/639/639
f 642/640/640 640/641/641 641/642/642
f 645/643/643 643/644/644 644/645/645
f 648/646/646 646/647/647 647/648/648
f 651/649/649 649/650/650 650/651/651
f 654/652/652 652/653/653 653/654/654
f 657/655/655 655/656/656 656/657/657
f 660/658/658 658/659/659 659/660/660
f 663/661/661 661/662/662 662/663/663
f 666/664/664 664/665/665 665/666/666
f 669/667/667 667/668/668 668/669/669
f 672/670/670 670/671/671 671/672/672
f 675/673/673 673/674/674 674/675/675
f 678/676/676 676/677/677 677/678/678
f 681/679/679 679/680/680 680/681/681
f 684/682/682 682/683/683 683/684/684
f 687/685/685 685/686/686 686/687/687
f 690/688/688 688/689/689 689/690/690
f 693/691/691 691/692/692 692/693/693
f 696/694/694 694/695/695 695/696/696
f 699/697/697 697/698/698 698/699/699
f 702/700/700 700/701/701 701/702/702
f 705/703/703 703/704/704 704/705/705
f 708/706/706 706/707/707 707/708/708
f 711/709/709 709/710/710 710/711/711
f 714/712/712 712/713/713 713/714/714
f 717/715/715 715/716/716 716/717/717
f 720/718/718 718/719/719 719/720/720
f 723/721/721 721/722/722 722/723/723
f 726/724/724 724/725/725 725/726/726
f 729/727/727 727/728/728 728/729/729
f 732/730/730 730/731/731 731/732/732
f 735/733/733 733/734/734 734/735/735
f 738/736/736 736/737/737 737/738/738
f 741/739/739 739/740/740 740/741/741
f 744/742/742 742/743/743 743/744/744
f 747/745/745 745/746/746 746/747/747
f 750/748/748 748/749/749 749/750/750
f 753/751/751 751/752/752 752/753/753
f 756/754/754 754/755/755 755/756/756
f 759/757/757 757/758/758 758/759/759
f 762/760/760 760/761/761 761/762/762
f 765/763/763 763/764/764 764/765/765
f 768/766/766 766/767/767 767/768/768
f 771/769/769 769/770/770 770/771/771
f 774/772/772 772/773/773 773/774/774
f 777/775/775 775/776/776 776/777/777
f 780/778/778 778/779/779 779/780/780
f 783/781/781 781/782/782 782/783/783
f 786/784/784 784/785/785 785/786/786
f 789/787/787 787/788/788 788/789/789
f 792/790/790 790/791/791 791/792/792
f 795/793/793 793/794/794 794/795/795
f 798/796/796 796/797/797 797/798/798
f 801/799/799 799/800/800 800/801/801
f 804/802/802 802/803/803 803/804/804
f 807/805/805 805/806/806 806/807/807
f 810/808/808 808/809/809 809/810/810
f 813/811/811 811/812/812 812/813/813
f 816/814/814 814/815/815 815/816/816
f 819/817/817 817/818/818 818/819/819
f 822/820/820 820/821/821 821/822/822
f 825/823/823 823/824/824 824/825/825
f 828/826/826 826/827/827 827/828/828
f 831/829/829 829/830/830 830/831/831
f 834/832/832 832/833/833 833/834/834
f 837/835/835 835/836/836 836/837/837
f 840/838/838 838/839/839 839/840/840
f 843/841/841 841/842/842 842/843/843
f 846/844/844 844/845/845 845/846/846
f 849/847/847 847/848/848 848/849/849
f 852/850/850 850/851/851 851/852/852
f 855/853/853 853/854/854 854/855/855
f 858/856/856 856/857/857 857/858/858
f 861/859/859 859/860/860 860/861/861
f 864/862/862 862/863/863 863/864/864
f 867/865/865 865/866/866 866/867/867
f 870/868/868 868/869/869 869/870/870
f 873/871/871 871/872/872 872/873/873
f 876/874/874 874/875/875 875/876/876
f 879/877/877 877/878/878 878/879/879
f 882/880/880 880/881/881 881/882/882
f 885/883/883 883/884/884 884/885/885
f 888/886/886 886/887/887 887/888/888
f 891/889/889 889/890/890 890/891/891
f 894/892/892 892/893/893 893/894/894
f 897/895/895 895/896/896 896/897/897
f 900/898/898 898/899/899 899/900/900
f 903/901/901 901/902/902 902/903/903
f 906/904/904 904/905/905 905/906/906
f 909/907/907 907/908/908 908/909/909
f 912/910/910 910/911/911 911/912/912
f 915/913/913 913/914/914 914/915/915
f 918/916/916 916/917/917 917/918/918
f 921/919/919 919/920/920 920/921/921
f 924/922/922 922/923/923 923/924/924
f 927/925/925 925/926/926 926/927/927
f 930/928/928 928/929/929 929/930/930
f 933/931/931 931/932/932 932/933/933
f 936/934/934 934/935/935 935/936/936
f 939/937/937 937/938/938 938/939/939
f 942/940/940 940/941/941 941/942/942
f 945/943/943 943/944/944 944/945/945
f 948/946/946 946/947/947 947/948/948
f 951/949/949 949/950/950 950/951/951
f 954/952/952 952/953/953 953/954/954
f 957/955/955 955/956/956 956/957/957
f 960/958/958 958/959/959 959/960/960
f 963/961/961 961/962/962 962/963/963
f 966/964/964 964/965/965 965/966/966
f 969/967/967 967/968/968 968/969/969
f 972/970/970 970/971/971 971/972/972
f 975/973/973 973/974/974 974/975/975
f 978/976/976 976/977/977 977/978/978
f 981/979/979 979/980/980 980/981/981
f 984/982/982 982/983/983 983/984/984
f 987/985/985 985/986/986 986/987/987
f 990/988/988 988/989/989 989/990/990
f 993/991/991 991/992/992 992/993/993
f 996/994/994 994/995/995 995/996/996
f 999/997/997 997/998/998 998/999/999
f 1002/1000/1000 1000/1001/1001 1001/1002/1002
f 1005/1003/1003 1003/1004/1004 1004/1005/1005
f 1008/1006/1006 1006/1007/1007 1007/1008/1008
f 1011/1009/1009 1009/1010/1010 1010/1011/1011
f 1014/1012/1012 1012/1013/1013 1013/1014/1014
f 1017/1015/1015 1015/1016/1016 1016/1017/1017
f 1020/1018/1018 1018/1019/1019 1019/1020/1020
f 1023/1021/1021 1021/1022/1022 1022/1023/1023
f 1026/1024/1024 1024/1025/1025 1025/1026/1026

g Material.002
f 1029/1027/1027 1027/1028/1028 1028/1029/1029
f 1032/1030/1030 1030/1031/1031 1031/1032/1032
f 1035/1033/1033 1033/1034/1034 1034/1035/1035
f 1038/1036/1036 1036/1037/1037 1037/1038/1038
f 1041/1039/1039 1039/1040/1040 1040/1041/1041
f 1044/1042/1042 1042/1043/1043 1043/1044/1044

