# Converted from B3D for Luanti (With Correct Normals)
# Object Name: multidecor_pine_glass_door_open

v 1.000000 3.000000 1.650000
v 0.050000 3.000000 1.850000
v 1.000000 3.000000 1.850000
v 0.050000 3.000000 1.650000
v 0.050000 3.000000 1.850000
v 1.000000 3.000000 1.650000
v 1.000000 0.500000 1.650000
v 0.640000 1.180000 1.650000
v 1.000000 1.180000 1.650000
v 0.640000 0.500000 1.650000
v 0.640000 1.180000 1.650000
v 1.000000 0.500000 1.650000
v 1.000000 3.000000 1.650000
v 0.050000 2.650000 1.650000
v 0.050000 3.000000 1.650000
v 0.640000 2.650000 1.650000
v 0.050000 2.650000 1.650000
v 1.000000 3.000000 1.650000
v -0.050000 0.500000 1.650000
v -1.000000 -1.000000 1.650000
v -0.650000 0.500000 1.650000
v 1.000000 0.500000 1.850000
v 1.000000 -1.000000 1.650000
v 1.000000 0.500000 1.650000
v 1.000000 -1.000000 1.850000
v 1.000000 -1.000000 1.650000
v 1.000000 0.500000 1.850000
v -1.000000 -1.000000 1.650000
v 1.000000 -1.000000 1.850000
v -1.000000 -1.000000 1.850000
v 1.000000 -1.000000 1.650000
v 1.000000 -1.000000 1.850000
v -1.000000 -1.000000 1.650000
v -1.000000 0.500000 1.650000
v -1.000000 -1.000000 1.850000
v -1.000000 0.500000 1.850000
v -1.000000 -1.000000 1.650000
v -1.000000 -1.000000 1.850000
v -1.000000 0.500000 1.650000
v -1.000000 0.500000 1.850000
v -0.650000 1.180000 1.850000
v -1.000000 1.180000 1.850000
v -0.650000 0.500000 1.850000
v -0.650000 1.180000 1.850000
v -1.000000 0.500000 1.850000
v -0.650000 2.650000 1.850000
v -0.050000 3.000000 1.850000
v -1.000000 3.000000 1.850000
v -0.050000 2.650000 1.850000
v -0.050000 3.000000 1.850000
v -0.650000 2.650000 1.850000
v -0.650000 2.650000 1.650000
v -0.050000 2.650000 1.650000
v -0.050000 2.650000 1.716667
v -0.650000 2.650000 1.716667
v -0.650000 2.650000 1.650000
v -0.050000 2.650000 1.716667
v -0.650000 0.500000 1.650000
v -0.650000 1.180000 1.650000
v -0.650000 1.180000 1.716667
v -0.650000 0.500000 1.716667
v -0.650000 0.500000 1.650000
v -0.650000 1.180000 1.716667
v 0.640000 0.500000 1.850000
v 0.640000 0.500000 1.783333
v 0.050000 0.500000 1.783333
v 0.050000 0.500000 1.850000
v 0.640000 0.500000 1.850000
v 0.050000 0.500000 1.783333
v 0.640000 2.650000 1.650000
v 0.640000 1.990000 1.650000
v 0.640000 1.990000 1.716667
v 0.640000 2.650000 1.716667
v 0.640000 2.650000 1.650000
v 0.640000 1.990000 1.716667
v -1.000000 3.000000 1.650000
v -0.650000 1.990000 1.650000
v -1.000000 1.990000 1.650000
v -0.650000 2.650000 1.650000
v -0.650000 1.990000 1.650000
v -1.000000 3.000000 1.650000
v -1.000000 3.000000 1.850000
v -1.000000 1.990000 1.650000
v -1.000000 1.990000 1.850000
v -1.000000 3.000000 1.650000
v -1.000000 1.990000 1.650000
v -1.000000 3.000000 1.850000
v 0.050000 0.500000 1.850000
v 1.000000 -1.000000 1.850000
v 0.640000 0.500000 1.850000
v 1.000000 3.000000 1.850000
v 0.640000 1.990000 1.850000
v 1.000000 1.990000 1.850000
v 0.640000 2.650000 1.850000
v 0.640000 1.990000 1.850000
v 1.000000 3.000000 1.850000
v 1.000000 3.000000 1.650000
v 1.000000 1.990000 1.850000
v 1.000000 1.990000 1.650000
v 1.000000 3.000000 1.850000
v 1.000000 1.990000 1.850000
v 1.000000 3.000000 1.650000
v 0.050000 2.650000 1.650000
v 0.640000 2.650000 1.650000
v 0.640000 2.650000 1.716667
v 0.050000 2.650000 1.716667
v 0.050000 2.650000 1.650000
v 0.640000 2.650000 1.716667
v -0.050000 2.650000 1.650000
v 0.050000 2.650000 1.650000
v 0.050000 2.650000 1.716667
v -0.050000 2.650000 1.716667
v -0.050000 2.650000 1.650000
v 0.050000 2.650000 1.716667
v 0.050000 2.650000 1.850000
v 1.000000 3.000000 1.850000
v 0.050000 3.000000 1.850000
v 0.640000 2.650000 1.850000
v 1.000000 3.000000 1.850000
v 0.050000 2.650000 1.850000
v -0.050000 2.650000 1.850000
v 0.050000 3.000000 1.850000
v -0.050000 3.000000 1.850000
v 0.050000 2.650000 1.850000
v 0.050000 3.000000 1.850000
v -0.050000 2.650000 1.850000
v -0.050000 3.000000 1.650000
v -0.650000 2.650000 1.650000
v -1.000000 3.000000 1.650000
v -0.050000 2.650000 1.650000
v -0.650000 2.650000 1.650000
v -0.050000 3.000000 1.650000
v 0.050000 3.000000 1.650000
v -0.050000 2.650000 1.650000
v -0.050000 3.000000 1.650000
v 0.050000 2.650000 1.650000
v -0.050000 2.650000 1.650000
v 0.050000 3.000000 1.650000
v -0.050000 3.000000 1.650000
v -1.000000 3.000000 1.850000
v -0.050000 3.000000 1.850000
v -1.000000 3.000000 1.650000
v -1.000000 3.000000 1.850000
v -0.050000 3.000000 1.650000
v 0.050000 3.000000 1.650000
v -0.050000 3.000000 1.850000
v 0.050000 3.000000 1.850000
v -0.050000 3.000000 1.650000
v -0.050000 3.000000 1.850000
v 0.050000 3.000000 1.650000
v 1.000000 1.180000 1.650000
v 1.000000 0.500000 1.850000
v 1.000000 0.500000 1.650000
v 1.000000 1.180000 1.850000
v 1.000000 0.500000 1.850000
v 1.000000 1.180000 1.650000
v 1.000000 1.280000 1.650000
v 1.000000 1.180000 1.850000
v 1.000000 1.180000 1.650000
v 1.000000 1.280000 1.850000
v 1.000000 1.180000 1.850000
v 1.000000 1.280000 1.650000
v 1.000000 1.890000 1.650000
v 1.000000 1.280000 1.850000
v 1.000000 1.280000 1.650000
v 1.000000 1.890000 1.850000
v 1.000000 1.280000 1.850000
v 1.000000 1.890000 1.650000
v 1.000000 1.990000 1.650000
v 1.000000 1.890000 1.850000
v 1.000000 1.890000 1.650000
v 1.000000 1.990000 1.850000
v 1.000000 1.890000 1.850000
v 1.000000 1.990000 1.650000
v 1.000000 1.180000 1.850000
v 0.640000 0.500000 1.850000
v 1.000000 0.500000 1.850000
v 0.640000 1.180000 1.850000
v 0.640000 0.500000 1.850000
v 1.000000 1.180000 1.850000
v 1.000000 1.280000 1.850000
v 0.640000 1.180000 1.850000
v 1.000000 1.180000 1.850000
v 0.640000 1.280000 1.850000
v 0.640000 1.180000 1.850000
v 1.000000 1.280000 1.850000
v 1.000000 1.890000 1.850000
v 0.640000 1.280000 1.850000
v 1.000000 1.280000 1.850000
v 0.640000 1.890000 1.850000
v 0.640000 1.280000 1.850000
v 1.000000 1.890000 1.850000
v 1.000000 1.990000 1.850000
v 0.640000 1.890000 1.850000
v 1.000000 1.890000 1.850000
v 0.640000 1.990000 1.850000
v 0.640000 1.890000 1.850000
v 1.000000 1.990000 1.850000
v 0.640000 1.180000 1.650000
v 0.640000 0.500000 1.650000
v 0.640000 0.500000 1.716667
v 0.640000 1.180000 1.716667
v 0.640000 1.180000 1.650000
v 0.640000 0.500000 1.716667
v 0.640000 1.280000 1.650000
v 0.640000 1.180000 1.650000
v 0.640000 1.180000 1.716667
v 0.640000 1.280000 1.716667
v 0.640000 1.280000 1.650000
v 0.640000 1.180000 1.716667
v 0.640000 1.890000 1.650000
v 0.640000 1.280000 1.650000
v 0.640000 1.280000 1.716667
v 0.640000 1.890000 1.716667
v 0.640000 1.890000 1.650000
v 0.640000 1.280000 1.716667
v 0.640000 1.990000 1.650000
v 0.640000 1.890000 1.650000
v 0.640000 1.890000 1.716667
v 0.640000 1.990000 1.716667
v 0.640000 1.990000 1.650000
v 0.640000 1.890000 1.716667
v 1.000000 1.990000 1.650000
v 0.640000 2.650000 1.650000
v 1.000000 3.000000 1.650000
v 0.640000 1.990000 1.650000
v 0.640000 2.650000 1.650000
v 1.000000 1.990000 1.650000
v 1.000000 1.890000 1.650000
v 0.640000 1.990000 1.650000
v 1.000000 1.990000 1.650000
v 0.640000 1.890000 1.650000
v 0.640000 1.990000 1.650000
v 1.000000 1.890000 1.650000
v 1.000000 1.280000 1.650000
v 0.640000 1.890000 1.650000
v 1.000000 1.890000 1.650000
v 0.640000 1.280000 1.650000
v 0.640000 1.890000 1.650000
v 1.000000 1.280000 1.650000
v 1.000000 1.180000 1.650000
v 0.640000 1.280000 1.650000
v 1.000000 1.280000 1.650000
v 0.640000 1.180000 1.650000
v 0.640000 1.280000 1.650000
v 1.000000 1.180000 1.650000
v -1.000000 1.180000 1.850000
v -1.000000 0.500000 1.650000
v -1.000000 0.500000 1.850000
v -1.000000 1.180000 1.650000
v -1.000000 0.500000 1.650000
v -1.000000 1.180000 1.850000
v -1.000000 1.280000 1.850000
v -1.000000 1.180000 1.650000
v -1.000000 1.180000 1.850000
v -1.000000 1.280000 1.650000
v -1.000000 1.180000 1.650000
v -1.000000 1.280000 1.850000
v -1.000000 1.890000 1.850000
v -1.000000 1.280000 1.650000
v -1.000000 1.280000 1.850000
v -1.000000 1.890000 1.650000
v -1.000000 1.280000 1.650000
v -1.000000 1.890000 1.850000
v -1.000000 1.990000 1.850000
v -1.000000 1.890000 1.650000
v -1.000000 1.890000 1.850000
v -1.000000 1.990000 1.650000
v -1.000000 1.890000 1.650000
v -1.000000 1.990000 1.850000
v -1.000000 1.180000 1.650000
v -0.650000 0.500000 1.650000
v -1.000000 0.500000 1.650000
v -0.650000 1.180000 1.650000
v -0.650000 0.500000 1.650000
v -1.000000 1.180000 1.650000
v -1.000000 1.280000 1.650000
v -0.650000 1.180000 1.650000
v -1.000000 1.180000 1.650000
v -0.650000 1.280000 1.650000
v -0.650000 1.180000 1.650000
v -1.000000 1.280000 1.650000
v -1.000000 1.890000 1.650000
v -0.650000 1.280000 1.650000
v -1.000000 1.280000 1.650000
v -0.650000 1.890000 1.650000
v -0.650000 1.280000 1.650000
v -1.000000 1.890000 1.650000
v -1.000000 1.990000 1.650000
v -0.650000 1.890000 1.650000
v -1.000000 1.890000 1.650000
v -0.650000 1.990000 1.650000
v -0.650000 1.890000 1.650000
v -1.000000 1.990000 1.650000
v -0.650000 1.990000 1.650000
v -0.650000 2.650000 1.650000
v -0.650000 2.650000 1.716667
v -0.650000 1.990000 1.716667
v -0.650000 1.990000 1.650000
v -0.650000 2.650000 1.716667
v -0.650000 1.890000 1.650000
v -0.650000 1.990000 1.650000
v -0.650000 1.990000 1.716667
v -0.650000 1.890000 1.716667
v -0.650000 1.890000 1.650000
v -0.650000 1.990000 1.716667
v -0.650000 1.280000 1.650000
v -0.650000 1.890000 1.650000
v -0.650000 1.890000 1.716667
v -0.650000 1.280000 1.716667
v -0.650000 1.280000 1.650000
v -0.650000 1.890000 1.716667
v -0.650000 1.180000 1.650000
v -0.650000 1.280000 1.650000
v -0.650000 1.280000 1.716667
v -0.650000 1.180000 1.716667
v -0.650000 1.180000 1.650000
v -0.650000 1.280000 1.716667
v -1.000000 1.990000 1.850000
v -0.650000 2.650000 1.850000
v -1.000000 3.000000 1.850000
v -0.650000 1.990000 1.850000
v -0.650000 2.650000 1.850000
v -1.000000 1.990000 1.850000
v -1.000000 1.890000 1.850000
v -0.650000 1.990000 1.850000
v -1.000000 1.990000 1.850000
v -0.650000 1.890000 1.850000
v -0.650000 1.990000 1.850000
v -1.000000 1.890000 1.850000
v -1.000000 1.280000 1.850000
v -0.650000 1.890000 1.850000
v -1.000000 1.890000 1.850000
v -0.650000 1.280000 1.850000
v -0.650000 1.890000 1.850000
v -1.000000 1.280000 1.850000
v -1.000000 1.180000 1.850000
v -0.650000 1.280000 1.850000
v -1.000000 1.280000 1.850000
v -0.650000 1.180000 1.850000
v -0.650000 1.280000 1.850000
v -1.000000 1.180000 1.850000
v -0.050000 0.500000 1.850000
v -0.050000 0.500000 1.783333
v -0.650000 0.500000 1.783333
v -0.650000 0.500000 1.850000
v -0.050000 0.500000 1.850000
v -0.650000 0.500000 1.783333
v 0.050000 0.500000 1.850000
v 0.050000 0.500000 1.783333
v -0.050000 0.500000 1.783333
v -0.050000 0.500000 1.850000
v 0.050000 0.500000 1.850000
v -0.050000 0.500000 1.783333
v 0.050000 0.500000 1.716667
v 0.050000 0.500000 1.650000
v -0.050000 0.500000 1.650000
v -0.050000 0.500000 1.716667
v 0.050000 0.500000 1.716667
v -0.050000 0.500000 1.650000
v -0.050000 1.180000 1.716667
v -0.050000 0.500000 1.716667
v -0.050000 0.500000 1.750000
v -0.050000 1.180000 1.750000
v -0.050000 1.180000 1.716667
v -0.050000 0.500000 1.750000
v -0.050000 0.500000 1.716667
v -0.050000 0.500000 1.650000
v -0.650000 0.500000 1.650000
v -0.650000 0.500000 1.716667
v -0.050000 0.500000 1.716667
v -0.650000 0.500000 1.650000
v -0.050000 0.500000 1.783333
v -0.050000 0.500000 1.750000
v -0.650000 0.500000 1.750000
v -0.650000 0.500000 1.783333
v -0.050000 0.500000 1.783333
v -0.650000 0.500000 1.750000
v -0.650000 1.180000 1.783333
v -0.650000 1.280000 1.783333
v -0.650000 1.280000 1.850000
v -0.650000 1.180000 1.850000
v -0.650000 1.180000 1.783333
v -0.650000 1.280000 1.850000
v -0.050000 1.180000 1.783333
v -0.650000 1.180000 1.783333
v -0.650000 1.180000 1.750000
v -0.050000 1.180000 1.750000
v -0.050000 1.180000 1.783333
v -0.650000 1.180000 1.750000
v -0.650000 1.280000 1.783333
v -0.650000 1.890000 1.783333
v -0.650000 1.890000 1.850000
v -0.650000 1.280000 1.850000
v -0.650000 1.280000 1.783333
v -0.650000 1.890000 1.850000
v -0.650000 1.280000 1.716667
v -0.650000 1.890000 1.716667
v -0.650000 1.890000 1.750000
v -0.650000 1.280000 1.750000
v -0.650000 1.280000 1.716667
v -0.650000 1.890000 1.750000
v -0.650000 1.890000 1.783333
v -0.650000 1.990000 1.783333
v -0.650000 1.990000 1.850000
v -0.650000 1.890000 1.850000
v -0.650000 1.890000 1.783333
v -0.650000 1.990000 1.850000
v -0.050000 1.990000 1.783333
v -0.650000 1.890000 1.783333
v -0.650000 1.990000 1.783333
v -0.050000 1.890000 1.783333
v -0.650000 1.890000 1.783333
v -0.050000 1.990000 1.783333
v -0.650000 1.990000 1.783333
v -0.650000 2.650000 1.783333
v -0.650000 2.650000 1.850000
v -0.650000 1.990000 1.850000
v -0.650000 1.990000 1.783333
v -0.650000 2.650000 1.850000
v -0.650000 1.990000 1.716667
v -0.650000 2.650000 1.716667
v -0.650000 2.650000 1.750000
v -0.650000 1.990000 1.750000
v -0.650000 1.990000 1.716667
v -0.650000 2.650000 1.750000
v 0.640000 1.990000 1.783333
v 0.640000 1.890000 1.783333
v 0.640000 1.890000 1.850000
v 0.640000 1.990000 1.850000
v 0.640000 1.990000 1.783333
v 0.640000 1.890000 1.850000
v 0.050000 1.990000 1.716667
v 0.640000 1.990000 1.716667
v 0.640000 1.890000 1.716667
v 0.050000 1.890000 1.716667
v 0.050000 1.990000 1.716667
v 0.640000 1.890000 1.716667
v 0.640000 1.890000 1.783333
v 0.640000 1.280000 1.783333
v 0.640000 1.280000 1.850000
v 0.640000 1.890000 1.850000
v 0.640000 1.890000 1.783333
v 0.640000 1.280000 1.850000
v 0.640000 1.890000 1.716667
v 0.640000 1.280000 1.716667
v 0.640000 1.280000 1.750000
v 0.640000 1.890000 1.750000
v 0.640000 1.890000 1.716667
v 0.640000 1.280000 1.750000
v 0.640000 1.280000 1.783333
v 0.640000 1.180000 1.783333
v 0.640000 1.180000 1.850000
v 0.640000 1.280000 1.850000
v 0.640000 1.280000 1.783333
v 0.640000 1.180000 1.850000
v 0.050000 1.280000 1.716667
v 0.640000 1.280000 1.716667
v 0.640000 1.180000 1.716667
v 0.050000 1.180000 1.716667
v 0.050000 1.280000 1.716667
v 0.640000 1.180000 1.716667
v 0.640000 1.180000 1.783333
v 0.640000 0.500000 1.783333
v 0.640000 0.500000 1.850000
v 0.640000 1.180000 1.850000
v 0.640000 1.180000 1.783333
v 0.640000 0.500000 1.850000
v 0.640000 1.180000 1.716667
v 0.640000 0.500000 1.716667
v 0.640000 0.500000 1.750000
v 0.640000 1.180000 1.750000
v 0.640000 1.180000 1.716667
v 0.640000 0.500000 1.750000
v -0.050000 2.650000 1.783333
v 0.050000 2.650000 1.783333
v 0.050000 2.650000 1.850000
v -0.050000 2.650000 1.850000
v -0.050000 2.650000 1.783333
v 0.050000 2.650000 1.850000
v 0.050000 1.990000 1.783333
v -0.050000 2.650000 1.783333
v 0.050000 2.650000 1.783333
v -0.050000 1.990000 1.783333
v -0.050000 2.650000 1.783333
v 0.050000 1.990000 1.783333
v 0.050000 2.650000 1.783333
v 0.640000 2.650000 1.783333
v 0.640000 2.650000 1.850000
v 0.050000 2.650000 1.850000
v 0.050000 2.650000 1.783333
v 0.640000 2.650000 1.850000
v 0.050000 2.650000 1.716667
v 0.640000 2.650000 1.716667
v 0.640000 2.650000 1.750000
v 0.050000 2.650000 1.750000
v 0.050000 2.650000 1.716667
v 0.640000 2.650000 1.750000
v 0.640000 2.650000 1.783333
v 0.640000 1.990000 1.783333
v 0.640000 1.990000 1.850000
v 0.640000 2.650000 1.850000
v 0.640000 2.650000 1.783333
v 0.640000 1.990000 1.850000
v 0.640000 2.650000 1.716667
v 0.640000 1.990000 1.716667
v 0.640000 1.990000 1.750000
v 0.640000 2.650000 1.750000
v 0.640000 2.650000 1.716667
v 0.640000 1.990000 1.750000
v 0.640000 0.500000 1.716667
v 0.640000 0.500000 1.650000
v 0.050000 0.500000 1.650000
v 0.050000 0.500000 1.716667
v 0.640000 0.500000 1.716667
v 0.050000 0.500000 1.650000
v 0.640000 0.500000 1.783333
v 0.640000 0.500000 1.750000
v 0.050000 0.500000 1.750000
v 0.050000 0.500000 1.783333
v 0.640000 0.500000 1.783333
v 0.050000 0.500000 1.750000
v -0.650000 0.500000 1.783333
v -0.650000 1.180000 1.783333
v -0.650000 1.180000 1.850000
v -0.650000 0.500000 1.850000
v -0.650000 0.500000 1.783333
v -0.650000 1.180000 1.850000
v -0.650000 0.500000 1.716667
v -0.650000 1.180000 1.716667
v -0.650000 1.180000 1.750000
v -0.650000 0.500000 1.750000
v -0.650000 0.500000 1.716667
v -0.650000 1.180000 1.750000
v -0.650000 2.650000 1.783333
v -0.050000 2.650000 1.783333
v -0.050000 2.650000 1.850000
v -0.650000 2.650000 1.850000
v -0.650000 2.650000 1.783333
v -0.050000 2.650000 1.850000
v -0.650000 2.650000 1.716667
v -0.050000 2.650000 1.716667
v -0.050000 2.650000 1.750000
v -0.650000 2.650000 1.750000
v -0.650000 2.650000 1.716667
v -0.050000 2.650000 1.750000
v 0.050000 1.890000 1.783333
v -0.050000 1.280000 1.783333
v -0.050000 1.890000 1.783333
v 0.050000 1.280000 1.783333
v -0.050000 1.280000 1.783333
v 0.050000 1.890000 1.783333
v 0.050000 1.990000 1.783333
v 0.640000 1.990000 1.783333
v 0.640000 1.990000 1.750000
v 0.050000 1.990000 1.750000
v 0.050000 1.990000 1.783333
v 0.640000 1.990000 1.750000
v 0.050000 1.890000 1.716667
v 0.640000 1.890000 1.716667
v 0.640000 1.890000 1.750000
v 0.050000 1.890000 1.750000
v 0.050000 1.890000 1.716667
v 0.640000 1.890000 1.750000
v 0.050000 1.890000 1.783333
v 0.640000 1.990000 1.783333
v 0.640000 1.890000 1.783333
v 0.050000 1.990000 1.783333
v 0.640000 1.990000 1.783333
v 0.050000 1.890000 1.783333
v -0.050000 1.990000 1.716667
v 0.050000 1.990000 1.716667
v 0.050000 1.890000 1.716667
v -0.050000 1.890000 1.716667
v -0.050000 1.990000 1.716667
v 0.050000 1.890000 1.716667
v -0.050000 1.890000 1.783333
v -0.650000 1.890000 1.783333
v -0.650000 1.890000 1.750000
v -0.050000 1.890000 1.750000
v -0.050000 1.890000 1.783333
v -0.650000 1.890000 1.750000
v -0.050000 1.990000 1.716667
v -0.650000 1.990000 1.716667
v -0.650000 1.990000 1.750000
v -0.050000 1.990000 1.750000
v -0.050000 1.990000 1.716667
v -0.650000 1.990000 1.750000
v -0.050000 1.890000 1.716667
v -0.650000 1.890000 1.716667
v -0.650000 1.990000 1.716667
v -0.050000 1.990000 1.716667
v -0.050000 1.890000 1.716667
v -0.650000 1.990000 1.716667
v -0.050000 1.990000 1.783333
v 0.050000 1.890000 1.783333
v -0.050000 1.890000 1.783333
v 0.050000 1.990000 1.783333
v 0.050000 1.890000 1.783333
v -0.050000 1.990000 1.783333
v -0.050000 1.990000 1.783333
v -0.050000 2.650000 1.783333
v -0.050000 2.650000 1.750000
v -0.050000 1.990000 1.750000
v -0.050000 1.990000 1.783333
v -0.050000 2.650000 1.750000
v 0.050000 1.990000 1.716667
v 0.050000 2.650000 1.716667
v 0.050000 2.650000 1.750000
v 0.050000 1.990000 1.750000
v 0.050000 1.990000 1.716667
v 0.050000 2.650000 1.750000
v -0.050000 1.990000 1.716667
v -0.050000 2.650000 1.716667
v 0.050000 2.650000 1.716667
v 0.050000 1.990000 1.716667
v -0.050000 1.990000 1.716667
v 0.050000 2.650000 1.716667
v -0.050000 1.280000 1.716667
v -0.050000 1.280000 1.750000
v -0.050000 1.890000 1.750000
v -0.050000 1.890000 1.716667
v -0.050000 1.280000 1.716667
v -0.050000 1.890000 1.750000
v 0.050000 1.280000 1.783333
v 0.640000 1.280000 1.783333
v 0.640000 1.280000 1.750000
v 0.050000 1.280000 1.750000
v 0.050000 1.280000 1.783333
v 0.640000 1.280000 1.750000
v 0.050000 1.180000 1.783333
v 0.640000 1.280000 1.783333
v 0.640000 1.180000 1.783333
v 0.050000 1.280000 1.783333
v 0.640000 1.280000 1.783333
v 0.050000 1.180000 1.783333
v 0.050000 1.180000 1.716667
v 0.640000 1.180000 1.716667
v 0.640000 1.180000 1.750000
v 0.050000 1.180000 1.750000
v 0.050000 1.180000 1.716667
v 0.640000 1.180000 1.750000
v -0.050000 1.280000 1.783333
v 0.050000 1.180000 1.783333
v -0.050000 1.180000 1.783333
v 0.050000 1.280000 1.783333
v 0.050000 1.180000 1.783333
v -0.050000 1.280000 1.783333
v -0.050000 1.280000 1.716667
v -0.650000 1.280000 1.716667
v -0.650000 1.280000 1.750000
v -0.050000 1.280000 1.750000
v -0.050000 1.280000 1.716667
v -0.650000 1.280000 1.750000
v -0.050000 1.280000 1.783333
v -0.650000 1.180000 1.783333
v -0.650000 1.280000 1.783333
v -0.050000 1.180000 1.783333
v -0.650000 1.180000 1.783333
v -0.050000 1.280000 1.783333
v -0.050000 1.180000 1.716667
v -0.650000 1.180000 1.716667
v -0.650000 1.280000 1.716667
v -0.050000 1.280000 1.716667
v -0.050000 1.180000 1.716667
v -0.650000 1.280000 1.716667
v -0.050000 1.280000 1.716667
v 0.050000 1.280000 1.716667
v 0.050000 1.180000 1.716667
v -0.050000 1.180000 1.716667
v -0.050000 1.280000 1.716667
v 0.050000 1.180000 1.716667
v 0.050000 1.180000 1.716667
v 0.050000 0.500000 1.716667
v -0.050000 0.500000 1.716667
v -0.050000 1.180000 1.716667
v 0.050000 1.180000 1.716667
v -0.050000 0.500000 1.716667
v -0.050000 1.180000 1.783333
v 0.050000 0.500000 1.783333
v -0.050000 0.500000 1.783333
v 0.050000 1.180000 1.783333
v 0.050000 0.500000 1.783333
v -0.050000 1.180000 1.783333
v 0.050000 1.180000 1.783333
v 0.050000 0.500000 1.783333
v 0.050000 0.500000 1.750000
v 0.050000 1.180000 1.750000
v 0.050000 1.180000 1.783333
v 0.050000 0.500000 1.750000
v 0.050000 1.890000 1.716667
v 0.050000 1.280000 1.716667
v -0.050000 1.280000 1.716667
v -0.050000 1.890000 1.716667
v 0.050000 1.890000 1.716667
v -0.050000 1.280000 1.716667
v 0.050000 1.280000 1.716667
v 0.050000 1.890000 1.716667
v 0.050000 1.890000 1.750000
v 0.050000 1.280000 1.750000
v 0.050000 1.280000 1.716667
v 0.050000 1.890000 1.750000
v 0.050000 1.990000 1.750000
v 0.050000 2.650000 1.750000
v 0.050000 2.650000 1.783333
v 0.050000 1.990000 1.783333
v 0.050000 1.990000 1.750000
v 0.050000 2.650000 1.783333
v 0.050000 1.990000 1.750000
v 0.640000 1.990000 1.750000
v 0.640000 1.990000 1.716667
v 0.050000 1.990000 1.716667
v 0.050000 1.990000 1.750000
v 0.640000 1.990000 1.716667
v 0.640000 2.650000 1.750000
v 0.640000 1.990000 1.750000
v 0.640000 1.990000 1.783333
v 0.640000 2.650000 1.783333
v 0.640000 2.650000 1.750000
v 0.640000 1.990000 1.783333
v 0.050000 2.650000 1.750000
v 0.640000 2.650000 1.750000
v 0.640000 2.650000 1.783333
v 0.050000 2.650000 1.783333
v 0.050000 2.650000 1.750000
v 0.640000 2.650000 1.783333
v -0.050000 1.990000 1.750000
v -0.050000 2.650000 1.750000
v -0.050000 2.650000 1.716667
v -0.050000 1.990000 1.716667
v -0.050000 1.990000 1.750000
v -0.050000 2.650000 1.716667
v -0.050000 1.990000 1.750000
v -0.650000 1.990000 1.750000
v -0.650000 1.990000 1.783333
v -0.050000 1.990000 1.783333
v -0.050000 1.990000 1.750000
v -0.650000 1.990000 1.783333
v -0.650000 2.650000 1.750000
v -0.050000 2.650000 1.750000
v -0.050000 2.650000 1.783333
v -0.650000 2.650000 1.783333
v -0.650000 2.650000 1.750000
v -0.050000 2.650000 1.783333
v -0.650000 1.990000 1.750000
v -0.650000 2.650000 1.750000
v -0.650000 2.650000 1.783333
v -0.650000 1.990000 1.783333
v -0.650000 1.990000 1.750000
v -0.650000 2.650000 1.783333
v 0.050000 1.280000 1.750000
v 0.050000 1.890000 1.750000
v 0.050000 1.890000 1.783333
v 0.050000 1.280000 1.783333
v 0.050000 1.280000 1.750000
v 0.050000 1.890000 1.783333
v 0.050000 1.280000 1.750000
v 0.640000 1.280000 1.750000
v 0.640000 1.280000 1.716667
v 0.050000 1.280000 1.716667
v 0.050000 1.280000 1.750000
v 0.640000 1.280000 1.716667
v 0.050000 1.890000 1.750000
v 0.640000 1.890000 1.750000
v 0.640000 1.890000 1.783333
v 0.050000 1.890000 1.783333
v 0.050000 1.890000 1.750000
v 0.640000 1.890000 1.783333
v 0.640000 1.890000 1.750000
v 0.640000 1.280000 1.750000
v 0.640000 1.280000 1.783333
v 0.640000 1.890000 1.783333
v 0.640000 1.890000 1.750000
v 0.640000 1.280000 1.783333
v -0.050000 1.280000 1.750000
v -0.650000 1.280000 1.750000
v -0.650000 1.280000 1.783333
v -0.050000 1.280000 1.783333
v -0.050000 1.280000 1.750000
v -0.650000 1.280000 1.783333
v -0.050000 1.280000 1.750000
v -0.050000 1.280000 1.783333
v -0.050000 1.890000 1.783333
v -0.050000 1.890000 1.750000
v -0.050000 1.280000 1.750000
v -0.050000 1.890000 1.783333
v -0.050000 1.890000 1.750000
v -0.650000 1.890000 1.750000
v -0.650000 1.890000 1.716667
v -0.050000 1.890000 1.716667
v -0.050000 1.890000 1.750000
v -0.650000 1.890000 1.716667
v -0.650000 1.280000 1.750000
v -0.650000 1.890000 1.750000
v -0.650000 1.890000 1.783333
v -0.650000 1.280000 1.783333
v -0.650000 1.280000 1.750000
v -0.650000 1.890000 1.783333
v 0.050000 1.180000 1.750000
v 0.050000 0.500000 1.750000
v 0.050000 0.500000 1.716667
v 0.050000 1.180000 1.716667
v 0.050000 1.180000 1.750000
v 0.050000 0.500000 1.716667
v 0.050000 1.180000 1.750000
v 0.640000 1.180000 1.750000
v 0.640000 1.180000 1.783333
v 0.050000 1.180000 1.783333
v 0.050000 1.180000 1.750000
v 0.640000 1.180000 1.783333
v 0.640000 0.500000 1.750000
v 0.640000 0.500000 1.716667
v 0.050000 0.500000 1.716667
v 0.050000 0.500000 1.750000
v 0.640000 0.500000 1.750000
v 0.050000 0.500000 1.716667
v 0.640000 1.180000 1.750000
v 0.640000 0.500000 1.750000
v 0.640000 0.500000 1.783333
v 0.640000 1.180000 1.783333
v 0.640000 1.180000 1.750000
v 0.640000 0.500000 1.783333
v -0.650000 0.500000 1.750000
v -0.650000 1.180000 1.750000
v -0.650000 1.180000 1.783333
v -0.650000 0.500000 1.783333
v -0.650000 0.500000 1.750000
v -0.650000 1.180000 1.783333
v -0.050000 1.180000 1.750000
v -0.650000 1.180000 1.750000
v -0.650000 1.180000 1.716667
v -0.050000 1.180000 1.716667
v -0.050000 1.180000 1.750000
v -0.650000 1.180000 1.716667
v -0.050000 0.500000 1.750000
v -0.050000 0.500000 1.716667
v -0.650000 0.500000 1.716667
v -0.650000 0.500000 1.750000
v -0.050000 0.500000 1.750000
v -0.650000 0.500000 1.716667
v -0.050000 1.180000 1.750000
v -0.050000 0.500000 1.750000
v -0.050000 0.500000 1.783333
v -0.050000 1.180000 1.783333
v -0.050000 1.180000 1.750000
v -0.050000 0.500000 1.783333
v 1.000000 -1.000000 1.650000
v 0.050000 0.500000 1.650000
v 0.640000 0.500000 1.650000
v 1.000000 -1.000000 1.650000
v 0.640000 0.500000 1.650000
v 1.000000 0.500000 1.650000
v -1.000000 -1.000000 1.650000
v 0.050000 0.500000 1.650000
v 1.000000 -1.000000 1.650000
v -0.650000 0.500000 1.650000
v -1.000000 -1.000000 1.650000
v -1.000000 0.500000 1.650000
v -1.000000 -1.000000 1.650000
v -0.050000 0.500000 1.650000
v 0.050000 0.500000 1.650000
v -1.000000 -1.000000 1.850000
v -0.050000 0.500000 1.850000
v -0.650000 0.500000 1.850000
v -1.000000 -1.000000 1.850000
v -0.650000 0.500000 1.850000
v -1.000000 0.500000 1.850000
v 1.000000 -1.000000 1.850000
v -0.050000 0.500000 1.850000
v -1.000000 -1.000000 1.850000
v 0.640000 0.500000 1.850000
v 1.000000 -1.000000 1.850000
v 1.000000 0.500000 1.850000
v 1.000000 -1.000000 1.850000
v 0.050000 0.500000 1.850000
v -0.050000 0.500000 1.850000
v -0.945000 0.745423 1.570000
v -0.705000 0.745423 1.570000
v -0.825000 0.625423 1.570000
v -0.825000 0.865424 1.570000
v -0.909853 0.830276 1.650000
v -0.825000 0.865424 1.650000
v -0.909853 0.830276 1.570000
v -0.909853 0.830276 1.650000
v -0.825000 0.865424 1.570000
v -0.945000 0.745423 1.570000
v -0.909853 0.660571 1.650000
v -0.945000 0.745423 1.650000
v -0.909853 0.660571 1.570000
v -0.909853 0.660571 1.650000
v -0.945000 0.745423 1.570000
v -0.825000 0.625423 1.570000
v -0.740147 0.660571 1.650000
v -0.825000 0.625423 1.650000
v -0.740147 0.660571 1.570000
v -0.740147 0.660571 1.650000
v -0.825000 0.625423 1.570000
v -0.705000 0.745423 1.570000
v -0.740147 0.830276 1.650000
v -0.705000 0.745423 1.650000
v -0.740147 0.830276 1.570000
v -0.740147 0.830276 1.650000
v -0.705000 0.745423 1.570000
v -0.909853 0.830276 1.570000
v -0.945000 0.745423 1.650000
v -0.909853 0.830276 1.650000
v -0.945000 0.745423 1.570000
v -0.945000 0.745423 1.650000
v -0.909853 0.830276 1.570000
v -0.909853 0.660571 1.570000
v -0.825000 0.625423 1.650000
v -0.909853 0.660571 1.650000
v -0.825000 0.625423 1.570000
v -0.825000 0.625423 1.650000
v -0.909853 0.660571 1.570000
v -0.740147 0.660571 1.570000
v -0.705000 0.745423 1.650000
v -0.740147 0.660571 1.650000
v -0.705000 0.745423 1.570000
v -0.705000 0.745423 1.650000
v -0.740147 0.660571 1.570000
v -0.740147 0.830276 1.570000
v -0.825000 0.865424 1.650000
v -0.740147 0.830276 1.650000
v -0.825000 0.865424 1.570000
v -0.825000 0.865424 1.650000
v -0.740147 0.830276 1.570000
v -0.485603 0.804820 1.570000
v -0.485603 0.686026 1.502908
v -0.485603 0.804820 1.502908
v -0.485603 0.686026 1.570000
v -0.485603 0.686026 1.502908
v -0.485603 0.804820 1.570000
v -0.485603 0.686026 1.570000
v -0.884397 0.804820 1.570000
v -0.884397 0.686027 1.570000
v -0.485603 0.804820 1.570000
v -0.884397 0.804820 1.570000
v -0.485603 0.686026 1.570000
v -0.485603 0.686026 1.502908
v -0.884397 0.686027 1.570000
v -0.884397 0.686027 1.502908
v -0.485603 0.686026 1.570000
v -0.884397 0.686027 1.570000
v -0.485603 0.686026 1.502908
v -0.884397 0.686027 1.502908
v -0.884397 0.804820 1.570000
v -0.884397 0.804820 1.502908
v -0.884397 0.686027 1.570000
v -0.884397 0.804820 1.570000
v -0.884397 0.686027 1.502908
v -0.884397 0.686027 1.502908
v -0.485603 0.804820 1.502908
v -0.485603 0.686026 1.502908
v -0.884397 0.804820 1.502908
v -0.485603 0.804820 1.502908
v -0.884397 0.686027 1.502908
v -0.884397 0.804820 1.570000
v -0.485603 0.804820 1.502908
v -0.884397 0.804820 1.502908
v -0.485603 0.804820 1.570000
v -0.485603 0.804820 1.502908
v -0.884397 0.804820 1.570000
v -0.825000 0.865424 1.570000
v -0.945000 0.745423 1.570000
v -0.909853 0.830276 1.570000
v -0.945000 0.745423 1.570000
v -0.825000 0.865424 1.570000
v -0.740147 0.830276 1.570000
v -0.945000 0.745423 1.570000
v -0.740147 0.830276 1.570000
v -0.705000 0.745423 1.570000
v -0.825000 0.625423 1.570000
v -0.705000 0.745423 1.570000
v -0.740147 0.660571 1.570000
v -0.945000 0.745423 1.570000
v -0.825000 0.625423 1.570000
v -0.909853 0.660571 1.570000
v -0.825000 0.625423 1.930000
v -0.705000 0.745423 1.930000
v -0.945000 0.745423 1.930000
v -0.825000 0.865424 1.930000
v -0.909853 0.830276 1.850000
v -0.909853 0.830276 1.930000
v -0.825000 0.865424 1.850000
v -0.909853 0.830276 1.850000
v -0.825000 0.865424 1.930000
v -0.945000 0.745423 1.930000
v -0.909853 0.660571 1.850000
v -0.909853 0.660571 1.930000
v -0.945000 0.745423 1.850000
v -0.909853 0.660571 1.850000
v -0.945000 0.745423 1.930000
v -0.825000 0.625423 1.930000
v -0.740147 0.660571 1.850000
v -0.740147 0.660571 1.930000
v -0.825000 0.625423 1.850000
v -0.740147 0.660571 1.850000
v -0.825000 0.625423 1.930000
v -0.705000 0.745423 1.930000
v -0.740147 0.830276 1.850000
v -0.740147 0.830276 1.930000
v -0.705000 0.745423 1.850000
v -0.740147 0.830276 1.850000
v -0.705000 0.745423 1.930000
v -0.909853 0.830276 1.930000
v -0.945000 0.745423 1.850000
v -0.945000 0.745423 1.930000
v -0.909853 0.830276 1.850000
v -0.945000 0.745423 1.850000
v -0.909853 0.830276 1.930000
v -0.909853 0.660571 1.930000
v -0.825000 0.625423 1.850000
v -0.825000 0.625423 1.930000
v -0.909853 0.660571 1.850000
v -0.825000 0.625423 1.850000
v -0.909853 0.660571 1.930000
v -0.740147 0.660571 1.930000
v -0.705000 0.745423 1.850000
v -0.705000 0.745423 1.930000
v -0.740147 0.660571 1.850000
v -0.705000 0.745423 1.850000
v -0.740147 0.660571 1.930000
v -0.740147 0.830276 1.930000
v -0.825000 0.865424 1.850000
v -0.825000 0.865424 1.930000
v -0.740147 0.830276 1.850000
v -0.825000 0.865424 1.850000
v -0.740147 0.830276 1.930000
v -0.485603 0.686026 1.997092
v -0.485603 0.804820 1.930000
v -0.485603 0.804820 1.997092
v -0.485603 0.686026 1.930000
v -0.485603 0.804820 1.930000
v -0.485603 0.686026 1.997092
v -0.884397 0.686027 1.997092
v -0.485603 0.686026 1.930000
v -0.485603 0.686026 1.997092
v -0.884397 0.686027 1.997092
v -0.884397 0.804820 1.930000
v -0.884397 0.686027 1.930000
v -0.884397 0.804820 1.997092
v -0.884397 0.804820 1.930000
v -0.884397 0.686027 1.997092
v -0.884397 0.686027 1.930000
v -0.600000 0.804820 1.930000
v -0.600000 0.686026 1.930000
v -0.884397 0.804820 1.930000
v -0.600000 0.804820 1.930000
v -0.884397 0.686027 1.930000
v -0.600000 0.804820 1.930000
v -0.485603 0.686026 1.930000
v -0.600000 0.686026 1.930000
v -0.485603 0.804820 1.930000
v -0.485603 0.686026 1.930000
v -0.600000 0.804820 1.930000
v -0.884397 0.686027 1.997092
v -0.485603 0.804820 1.997092
v -0.884397 0.804820 1.997092
v -0.485603 0.686026 1.997092
v -0.485603 0.804820 1.997092
v -0.884397 0.686027 1.997092
v -0.909853 0.830276 1.930000
v -0.945000 0.745423 1.930000
v -0.825000 0.865424 1.930000
v -0.740147 0.830276 1.930000
v -0.825000 0.865424 1.930000
v -0.945000 0.745423 1.930000
v -0.705000 0.745423 1.930000
v -0.740147 0.830276 1.930000
v -0.945000 0.745423 1.930000
v -0.740147 0.660571 1.930000
v -0.705000 0.745423 1.930000
v -0.825000 0.625423 1.930000
v -0.909853 0.660571 1.930000
v -0.825000 0.625423 1.930000
v -0.945000 0.745423 1.930000
v -0.884397 0.804820 1.930000
v -0.485603 0.804820 1.930000
v -0.600000 0.804820 1.930000
v 0.640000 1.180000 1.750000
v 0.050000 0.500000 1.750000
v 0.640000 0.500000 1.750000
v -0.050000 0.500000 1.750000
v -0.650000 1.180000 1.750000
v -0.050000 1.180000 1.750000
v -0.050000 1.280000 1.750000
v -0.650000 1.280000 1.750000
v -0.050000 1.890000 1.750000
v 0.050000 1.280000 1.750000
v 0.050000 1.890000 1.750000
v 0.640000 1.280000 1.750000
v 0.050000 1.990000 1.750000
v 0.050000 2.650000 1.750000
v 0.640000 1.990000 1.750000
v -0.650000 2.650000 1.750000
v -0.050000 1.990000 1.750000
v -0.650000 1.990000 1.750000
v 0.640000 1.180000 1.750000
v 0.050000 1.180000 1.750000
v 0.050000 0.500000 1.750000
v -0.650000 1.180000 1.750000
v -0.050000 0.500000 1.750000
v -0.650000 0.500000 1.750000
v -0.050000 1.890000 1.750000
v -0.650000 1.280000 1.750000
v -0.650000 1.890000 1.750000
v 0.640000 1.280000 1.750000
v 0.050000 1.890000 1.750000
v 0.640000 1.890000 1.750000
v 0.640000 1.990000 1.750000
v 0.050000 2.650000 1.750000
v 0.640000 2.650000 1.750000
v -0.050000 1.990000 1.750000
v -0.650000 2.650000 1.750000
v -0.050000 2.650000 1.750000

vt 0.515625 1.000000
vt 0.546875 1.000000
vt 0.515625 0.765625
vt 0.546875 1.000000
vt 0.546875 0.765625
vt 0.515625 0.765625
vt 0.250000 0.546875
vt 0.250000 0.375000
vt 0.343750 0.546875
vt 0.250000 0.375000
vt 0.343750 0.375000
vt 0.343750 0.546875
vt 0.484375 1.000000
vt 0.250000 1.000000
vt 0.484375 0.906250
vt 0.250000 1.000000
vt 0.343750 0.906250
vt 0.484375 0.906250
vt 0.656250 0.375000
vt 0.515625 0.375000
vt 0.750000 0.000000
vt 0.750000 0.375000
vt 0.718750 0.375000
vt 0.750000 0.000000
vt 0.718750 0.375000
vt 0.718750 0.000000
vt 0.750000 0.000000
vt 0.687500 1.000000
vt 0.718750 1.000000
vt 0.687500 0.500000
vt 0.718750 1.000000
vt 0.718750 0.500000
vt 0.687500 0.500000
vt 0.718750 0.375000
vt 0.750000 0.375000
vt 0.718750 0.000000
vt 0.750000 0.375000
vt 0.750000 0.000000
vt 0.718750 0.000000
vt 0.750000 0.546875
vt 0.750000 0.375000
vt 0.656250 0.546875
vt 0.750000 0.375000
vt 0.656250 0.375000
vt 0.656250 0.546875
vt 0.750000 1.000000
vt 0.656250 0.906250
vt 0.515625 1.000000
vt 0.656250 0.906250
vt 0.515625 0.906250
vt 0.515625 1.000000
vt 0.328125 0.828125
vt 0.359375 0.671875
vt 0.359375 0.828125
vt 0.328125 0.828125
vt 0.328125 0.671875
vt 0.359375 0.671875
vt 0.265625 0.625000
vt 0.296875 0.468750
vt 0.296875 0.625000
vt 0.265625 0.625000
vt 0.265625 0.468750
vt 0.296875 0.468750
vt 0.671875 0.843750
vt 0.703125 1.000000
vt 0.671875 1.000000
vt 0.671875 0.843750
vt 0.703125 0.843750
vt 0.703125 1.000000
vt 0.296875 0.625000
vt 0.312500 0.468750
vt 0.312500 0.625000
vt 0.296875 0.625000
vt 0.296875 0.468750
vt 0.312500 0.468750
vt 0.750000 0.750000
vt 0.750000 1.000000
vt 0.656250 0.750000
vt 0.750000 1.000000
vt 0.656250 0.906250
vt 0.656250 0.750000
vt 0.718750 0.750000
vt 0.718750 1.000000
vt 0.750000 0.750000
vt 0.718750 1.000000
vt 0.750000 1.000000
vt 0.750000 0.750000
vt 0.343750 0.375000
vt 0.500000 0.375000
vt 0.250000 0.000000
vt 0.250000 0.750000
vt 0.250000 1.000000
vt 0.343750 0.750000
vt 0.250000 1.000000
vt 0.343750 0.906250
vt 0.343750 0.750000
vt 0.750000 0.750000
vt 0.750000 1.000000
vt 0.718750 0.750000
vt 0.750000 1.000000
vt 0.718750 1.000000
vt 0.718750 0.750000
vt 0.328125 1.000000
vt 0.359375 0.859375
vt 0.359375 1.000000
vt 0.328125 1.000000
vt 0.328125 0.859375
vt 0.359375 0.859375
vt 0.328125 0.859375
vt 0.359375 0.828125
vt 0.359375 0.859375
vt 0.328125 0.859375
vt 0.328125 0.828125
vt 0.359375 0.828125
vt 0.500000 1.000000
vt 0.500000 0.906250
vt 0.250000 1.000000
vt 0.500000 0.906250
vt 0.343750 0.906250
vt 0.250000 1.000000
vt 0.515625 1.000000
vt 0.515625 0.906250
vt 0.500000 1.000000
vt 0.515625 0.906250
vt 0.500000 0.906250
vt 0.500000 1.000000
vt 0.750000 1.000000
vt 0.515625 1.000000
vt 0.656250 0.906250
vt 0.515625 1.000000
vt 0.515625 0.906250
vt 0.656250 0.906250
vt 0.515625 1.000000
vt 0.484375 1.000000
vt 0.515625 0.906250
vt 0.484375 1.000000
vt 0.484375 0.906250
vt 0.515625 0.906250
vt 0.515625 0.734375
vt 0.546875 0.734375
vt 0.515625 0.500000
vt 0.546875 0.734375
vt 0.546875 0.500000
vt 0.515625 0.500000
vt 0.515625 0.765625
vt 0.546875 0.765625
vt 0.515625 0.734375
vt 0.546875 0.765625
vt 0.546875 0.734375
vt 0.515625 0.734375
vt 0.250000 0.375000
vt 0.250000 0.546875
vt 0.281250 0.375000
vt 0.750000 0.546875
vt 0.718750 0.546875
vt 0.718750 0.375000
vt 0.750000 0.546875
vt 0.750000 0.562500
vt 0.718750 0.546875
vt 0.750000 0.562500
vt 0.718750 0.562500
vt 0.718750 0.546875
vt 0.750000 0.562500
vt 0.750000 0.718750
vt 0.718750 0.562500
vt 0.750000 0.718750
vt 0.718750 0.718750
vt 0.718750 0.562500
vt 0.750000 0.718750
vt 0.750000 0.750000
vt 0.718750 0.718750
vt 0.750000 0.750000
vt 0.718750 0.750000
vt 0.718750 0.718750
vt 0.250000 0.375000
vt 0.250000 0.546875
vt 0.343750 0.375000
vt 0.250000 0.546875
vt 0.343750 0.546875
vt 0.343750 0.375000
vt 0.250000 0.546875
vt 0.250000 0.562500
vt 0.343750 0.546875
vt 0.250000 0.562500
vt 0.343750 0.562500
vt 0.343750 0.546875
vt 0.250000 0.562500
vt 0.250000 0.718750
vt 0.343750 0.562500
vt 0.250000 0.718750
vt 0.343750 0.718750
vt 0.343750 0.562500
vt 0.250000 0.718750
vt 0.250000 0.750000
vt 0.343750 0.718750
vt 0.250000 0.750000
vt 0.343750 0.750000
vt 0.343750 0.718750
vt 0.296875 1.000000
vt 0.312500 0.828125
vt 0.312500 1.000000
vt 0.296875 1.000000
vt 0.296875 0.828125
vt 0.312500 0.828125
vt 0.296875 0.828125
vt 0.312500 0.796875
vt 0.312500 0.828125
vt 0.296875 0.828125
vt 0.296875 0.796875
vt 0.312500 0.796875
vt 0.296875 0.796875
vt 0.312500 0.656250
vt 0.312500 0.796875
vt 0.296875 0.796875
vt 0.296875 0.656250
vt 0.312500 0.656250
vt 0.296875 0.656250
vt 0.312500 0.625000
vt 0.312500 0.656250
vt 0.296875 0.656250
vt 0.296875 0.625000
vt 0.312500 0.625000
vt 0.250000 1.000000
vt 0.250000 0.750000
vt 0.343750 0.906250
vt 0.250000 0.750000
vt 0.343750 0.750000
vt 0.343750 0.906250
vt 0.250000 0.750000
vt 0.250000 0.718750
vt 0.343750 0.750000
vt 0.250000 0.718750
vt 0.343750 0.718750
vt 0.343750 0.750000
vt 0.250000 0.718750
vt 0.250000 0.562500
vt 0.343750 0.718750
vt 0.250000 0.562500
vt 0.343750 0.562500
vt 0.343750 0.718750
vt 0.250000 0.562500
vt 0.250000 0.546875
vt 0.343750 0.562500
vt 0.250000 0.546875
vt 0.343750 0.546875
vt 0.343750 0.562500
vt 0.718750 0.375000
vt 0.718750 0.546875
vt 0.750000 0.375000
vt 0.718750 0.546875
vt 0.750000 0.546875
vt 0.750000 0.375000
vt 0.718750 0.546875
vt 0.718750 0.562500
vt 0.750000 0.546875
vt 0.718750 0.562500
vt 0.750000 0.562500
vt 0.750000 0.546875
vt 0.718750 0.562500
vt 0.718750 0.718750
vt 0.750000 0.562500
vt 0.718750 0.718750
vt 0.750000 0.718750
vt 0.750000 0.562500
vt 0.718750 0.718750
vt 0.718750 0.750000
vt 0.750000 0.718750
vt 0.718750 0.750000
vt 0.750000 0.750000
vt 0.750000 0.718750
vt 0.750000 0.375000
vt 0.750000 0.546875
vt 0.656250 0.375000
vt 0.750000 0.546875
vt 0.656250 0.546875
vt 0.656250 0.375000
vt 0.750000 0.546875
vt 0.750000 0.562500
vt 0.656250 0.546875
vt 0.750000 0.562500
vt 0.656250 0.562500
vt 0.656250 0.546875
vt 0.750000 0.562500
vt 0.750000 0.718750
vt 0.656250 0.562500
vt 0.750000 0.718750
vt 0.656250 0.718750
vt 0.656250 0.562500
vt 0.750000 0.718750
vt 0.750000 0.750000
vt 0.656250 0.718750
vt 0.750000 0.750000
vt 0.656250 0.750000
vt 0.656250 0.718750
vt 0.265625 1.000000
vt 0.296875 0.828125
vt 0.296875 1.000000
vt 0.265625 1.000000
vt 0.265625 0.828125
vt 0.296875 0.828125
vt 0.265625 0.828125
vt 0.296875 0.812500
vt 0.296875 0.828125
vt 0.265625 0.828125
vt 0.265625 0.812500
vt 0.296875 0.812500
vt 0.265625 0.812500
vt 0.296875 0.656250
vt 0.296875 0.812500
vt 0.265625 0.812500
vt 0.265625 0.656250
vt 0.296875 0.656250
vt 0.265625 0.656250
vt 0.296875 0.625000
vt 0.296875 0.656250
vt 0.265625 0.656250
vt 0.265625 0.625000
vt 0.296875 0.625000
vt 0.750000 1.000000
vt 0.750000 0.750000
vt 0.656250 0.906250
vt 0.750000 0.750000
vt 0.656250 0.750000
vt 0.656250 0.906250
vt 0.750000 0.750000
vt 0.750000 0.718750
vt 0.656250 0.750000
vt 0.750000 0.718750
vt 0.656250 0.718750
vt 0.656250 0.750000
vt 0.750000 0.718750
vt 0.750000 0.562500
vt 0.656250 0.718750
vt 0.750000 0.562500
vt 0.656250 0.562500
vt 0.656250 0.718750
vt 0.750000 0.562500
vt 0.750000 0.546875
vt 0.656250 0.562500
vt 0.750000 0.546875
vt 0.656250 0.546875
vt 0.656250 0.562500
vt 0.671875 0.671875
vt 0.703125 0.828125
vt 0.671875 0.828125
vt 0.671875 0.671875
vt 0.703125 0.671875
vt 0.703125 0.828125
vt 0.671875 0.828125
vt 0.703125 0.843750
vt 0.671875 0.843750
vt 0.671875 0.828125
vt 0.703125 0.828125
vt 0.703125 0.843750
vt 0.328125 0.500000
vt 0.343750 0.531250
vt 0.328125 0.531250
vt 0.328125 0.500000
vt 0.343750 0.500000
vt 0.343750 0.531250
vt 0.484375 0.640625
vt 0.500000 0.468750
vt 0.500000 0.640625
vt 0.484375 0.640625
vt 0.484375 0.468750
vt 0.500000 0.468750
vt 0.328125 0.359375
vt 0.343750 0.500000
vt 0.328125 0.500000
vt 0.328125 0.359375
vt 0.343750 0.359375
vt 0.343750 0.500000
vt 0.671875 0.671875
vt 0.671875 0.828125
vt 0.671875 0.828125
vt 0.671875 0.671875
vt 0.671875 0.671875
vt 0.671875 0.828125
vt 0.734375 0.656250
vt 0.750000 0.625000
vt 0.750000 0.656250
vt 0.734375 0.656250
vt 0.734375 0.625000
vt 0.750000 0.625000
vt 0.406250 0.828125
vt 0.421875 0.671875
vt 0.421875 0.828125
vt 0.406250 0.828125
vt 0.406250 0.671875
vt 0.421875 0.671875
vt 0.734375 0.796875
vt 0.750000 0.656250
vt 0.750000 0.796875
vt 0.734375 0.796875
vt 0.734375 0.656250
vt 0.750000 0.656250
vt 0.265625 0.812500
vt 0.265625 0.656250
vt 0.265625 0.812500
vt 0.265625 0.812500
vt 0.265625 0.656250
vt 0.265625 0.656250
vt 0.734375 0.828125
vt 0.750000 0.796875
vt 0.750000 0.828125
vt 0.734375 0.828125
vt 0.734375 0.796875
vt 0.750000 0.796875
vt 0.531250 0.671875
vt 0.531250 0.828125
vt 0.546875 0.671875
vt 0.531250 0.828125
vt 0.546875 0.828125
vt 0.546875 0.671875
vt 0.734375 1.000000
vt 0.750000 0.828125
vt 0.750000 1.000000
vt 0.734375 1.000000
vt 0.734375 0.828125
vt 0.750000 0.828125
vt 0.265625 1.000000
vt 0.265625 0.828125
vt 0.265625 1.000000
vt 0.265625 1.000000
vt 0.265625 0.828125
vt 0.265625 0.828125
vt 0.734375 0.796875
vt 0.703125 0.828125
vt 0.703125 0.796875
vt 0.734375 0.796875
vt 0.734375 0.828125
vt 0.703125 0.828125
vt 0.453125 0.687500
vt 0.468750 0.546875
vt 0.468750 0.687500
vt 0.453125 0.687500
vt 0.453125 0.546875
vt 0.468750 0.546875
vt 0.734375 0.656250
vt 0.703125 0.796875
vt 0.703125 0.656250
vt 0.734375 0.656250
vt 0.734375 0.796875
vt 0.703125 0.796875
vt 0.296875 0.796875
vt 0.296875 0.656250
vt 0.296875 0.796875
vt 0.296875 0.796875
vt 0.296875 0.656250
vt 0.296875 0.656250
vt 0.734375 0.625000
vt 0.703125 0.656250
vt 0.703125 0.625000
vt 0.734375 0.625000
vt 0.734375 0.656250
vt 0.703125 0.656250
vt 0.484375 1.000000
vt 0.515625 0.843750
vt 0.515625 1.000000
vt 0.484375 1.000000
vt 0.484375 0.843750
vt 0.515625 0.843750
vt 0.734375 0.453125
vt 0.703125 0.625000
vt 0.703125 0.453125
vt 0.734375 0.453125
vt 0.734375 0.625000
vt 0.703125 0.625000
vt 0.296875 1.000000
vt 0.296875 0.828125
vt 0.296875 1.000000
vt 0.296875 1.000000
vt 0.296875 0.828125
vt 0.296875 0.828125
vt 0.640625 0.859375
vt 0.656250 0.828125
vt 0.656250 0.859375
vt 0.640625 0.859375
vt 0.640625 0.828125
vt 0.656250 0.828125
vt 0.484375 1.000000
vt 0.484375 0.843750
vt 0.453125 1.000000
vt 0.484375 0.843750
vt 0.453125 0.843750
vt 0.453125 1.000000
vt 0.640625 1.000000
vt 0.656250 0.859375
vt 0.656250 1.000000
vt 0.640625 1.000000
vt 0.640625 0.859375
vt 0.656250 0.859375
vt 0.328125 1.000000
vt 0.328125 0.859375
vt 0.328125 1.000000
vt 0.328125 1.000000
vt 0.328125 0.859375
vt 0.328125 0.859375
vt 0.734375 0.828125
vt 0.703125 1.000000
vt 0.703125 0.828125
vt 0.734375 0.828125
vt 0.734375 1.000000
vt 0.703125 1.000000
vt 0.296875 0.625000
vt 0.296875 0.468750
vt 0.296875 0.625000
vt 0.296875 0.625000
vt 0.296875 0.468750
vt 0.296875 0.468750
vt 0.328125 0.531250
vt 0.343750 0.671875
vt 0.328125 0.671875
vt 0.328125 0.531250
vt 0.343750 0.531250
vt 0.343750 0.671875
vt 0.671875 0.843750
vt 0.671875 1.000000
vt 0.671875 1.000000
vt 0.671875 0.843750
vt 0.671875 0.843750
vt 0.671875 1.000000
vt 0.734375 0.625000
vt 0.750000 0.453125
vt 0.750000 0.625000
vt 0.734375 0.625000
vt 0.734375 0.453125
vt 0.750000 0.453125
vt 0.265625 0.625000
vt 0.265625 0.468750
vt 0.265625 0.625000
vt 0.265625 0.625000
vt 0.265625 0.468750
vt 0.265625 0.468750
vt 0.640625 0.828125
vt 0.656250 0.671875
vt 0.656250 0.828125
vt 0.640625 0.828125
vt 0.640625 0.671875
vt 0.656250 0.671875
vt 0.328125 0.828125
vt 0.328125 0.671875
vt 0.328125 0.828125
vt 0.328125 0.828125
vt 0.328125 0.671875
vt 0.328125 0.671875
vt 0.343750 1.000000
vt 0.375000 1.000000
vt 0.343750 0.843750
vt 0.375000 1.000000
vt 0.375000 0.843750
vt 0.343750 0.843750
vt 0.515625 1.000000
vt 0.531250 0.843750
vt 0.531250 1.000000
vt 0.515625 1.000000
vt 0.515625 0.843750
vt 0.531250 0.843750
vt 0.437500 0.687500
vt 0.453125 0.546875
vt 0.453125 0.687500
vt 0.437500 0.687500
vt 0.437500 0.546875
vt 0.453125 0.546875
vt 0.546875 1.000000
vt 0.546875 0.843750
vt 0.531250 1.000000
vt 0.546875 0.843750
vt 0.531250 0.843750
vt 0.531250 1.000000
vt 0.453125 0.546875
vt 0.468750 0.515625
vt 0.468750 0.546875
vt 0.453125 0.546875
vt 0.453125 0.515625
vt 0.468750 0.515625
vt 0.562500 0.671875
vt 0.546875 0.828125
vt 0.546875 0.671875
vt 0.562500 0.671875
vt 0.562500 0.828125
vt 0.546875 0.828125
vt 0.484375 0.375000
vt 0.468750 0.515625
vt 0.468750 0.375000
vt 0.484375 0.375000
vt 0.484375 0.515625
vt 0.468750 0.515625
vt 0.468750 0.375000
vt 0.453125 0.515625
vt 0.453125 0.375000
vt 0.468750 0.375000
vt 0.468750 0.515625
vt 0.453125 0.515625
vt 0.546875 0.828125
vt 0.531250 0.828125
vt 0.546875 0.843750
vt 0.531250 0.828125
vt 0.531250 0.843750
vt 0.546875 0.843750
vt 0.453125 1.000000
vt 0.453125 0.843750
vt 0.453125 1.000000
vt 0.453125 1.000000
vt 0.453125 0.843750
vt 0.453125 0.843750
vt 0.578125 1.000000
vt 0.406250 1.000000
vt 0.578125 1.000000
vt 0.578125 1.000000
vt 0.406250 1.000000
vt 0.406250 1.000000
vt 0.578125 1.000000
vt 0.406250 0.968750
vt 0.578125 0.968750
vt 0.578125 1.000000
vt 0.406250 1.000000
vt 0.406250 0.968750
vt 0.625000 1.000000
vt 0.609375 0.843750
vt 0.625000 0.843750
vt 0.625000 1.000000
vt 0.609375 1.000000
vt 0.609375 0.843750
vt 0.453125 0.500000
vt 0.437500 0.640625
vt 0.437500 0.500000
vt 0.453125 0.500000
vt 0.453125 0.640625
vt 0.437500 0.640625
vt 0.421875 0.500000
vt 0.421875 0.640625
vt 0.437500 0.500000
vt 0.421875 0.640625
vt 0.437500 0.640625
vt 0.437500 0.500000
vt 0.484375 1.000000
vt 0.484375 0.843750
vt 0.484375 1.000000
vt 0.484375 1.000000
vt 0.484375 0.843750
vt 0.484375 0.843750
vt 0.421875 0.671875
vt 0.437500 0.671875
vt 0.421875 0.640625
vt 0.437500 0.671875
vt 0.437500 0.640625
vt 0.421875 0.640625
vt 0.531250 0.671875
vt 0.515625 0.828125
vt 0.515625 0.671875
vt 0.531250 0.671875
vt 0.531250 0.828125
vt 0.515625 0.828125
vt 0.437500 0.828125
vt 0.437500 0.671875
vt 0.421875 0.828125
vt 0.437500 0.671875
vt 0.421875 0.671875
vt 0.421875 0.828125
vt 0.515625 0.671875
vt 0.484375 0.828125
vt 0.484375 0.671875
vt 0.515625 0.671875
vt 0.515625 0.828125
vt 0.484375 0.828125
vt 0.484375 0.843750
vt 0.515625 0.828125
vt 0.515625 0.843750
vt 0.484375 0.843750
vt 0.484375 0.828125
vt 0.515625 0.828125
vt 0.500000 0.640625
vt 0.515625 0.468750
vt 0.515625 0.640625
vt 0.500000 0.640625
vt 0.500000 0.468750
vt 0.515625 0.468750
vt 0.421875 0.828125
vt 0.421875 1.000000
vt 0.437500 0.828125
vt 0.421875 1.000000
vt 0.437500 1.000000
vt 0.437500 0.828125
vt 0.453125 0.828125
vt 0.437500 1.000000
vt 0.437500 0.828125
vt 0.453125 0.828125
vt 0.453125 1.000000
vt 0.437500 1.000000
vt 0.609375 0.843750
vt 0.593750 1.000000
vt 0.593750 0.843750
vt 0.609375 0.843750
vt 0.609375 1.000000
vt 0.593750 1.000000
vt 0.578125 1.000000
vt 0.593750 0.843750
vt 0.593750 1.000000
vt 0.578125 1.000000
vt 0.578125 0.843750
vt 0.593750 0.843750
vt 0.484375 1.000000
vt 0.484375 0.843750
vt 0.484375 1.000000
vt 0.484375 1.000000
vt 0.484375 0.843750
vt 0.484375 0.843750
vt 0.468750 0.687500
vt 0.484375 0.546875
vt 0.484375 0.687500
vt 0.468750 0.687500
vt 0.468750 0.546875
vt 0.484375 0.546875
vt 0.703125 0.828125
vt 0.703125 1.000000
vt 0.703125 0.828125
vt 0.703125 0.828125
vt 0.703125 1.000000
vt 0.703125 1.000000
vt 0.656250 1.000000
vt 0.671875 0.859375
vt 0.671875 1.000000
vt 0.656250 1.000000
vt 0.656250 0.859375
vt 0.671875 0.859375
vt 0.578125 0.968750
vt 0.406250 0.953125
vt 0.578125 0.953125
vt 0.578125 0.968750
vt 0.406250 0.968750
vt 0.406250 0.953125
vt 0.531250 0.671875
vt 0.515625 0.828125
vt 0.515625 0.671875
vt 0.531250 0.671875
vt 0.531250 0.828125
vt 0.515625 0.828125
vt 0.656250 0.828125
vt 0.671875 0.671875
vt 0.671875 0.828125
vt 0.656250 0.828125
vt 0.656250 0.671875
vt 0.671875 0.671875
vt 0.750000 1.000000
vt 0.750000 0.828125
vt 0.750000 1.000000
vt 0.750000 1.000000
vt 0.750000 0.828125
vt 0.750000 0.828125
vt 0.375000 1.000000
vt 0.375000 0.843750
vt 0.375000 1.000000
vt 0.375000 1.000000
vt 0.375000 0.843750
vt 0.375000 0.843750
vt 0.515625 1.000000
vt 0.531250 0.843750
vt 0.531250 1.000000
vt 0.515625 1.000000
vt 0.515625 0.843750
vt 0.531250 0.843750
vt 0.546875 1.000000
vt 0.562500 0.843750
vt 0.562500 1.000000
vt 0.546875 1.000000
vt 0.546875 0.843750
vt 0.562500 0.843750
vt 0.703125 0.656250
vt 0.703125 0.796875
vt 0.703125 0.656250
vt 0.703125 0.656250
vt 0.703125 0.796875
vt 0.703125 0.796875
vt 0.437500 0.828125
vt 0.453125 0.671875
vt 0.453125 0.828125
vt 0.437500 0.828125
vt 0.437500 0.671875
vt 0.453125 0.671875
vt 0.343750 1.000000
vt 0.343750 0.843750
vt 0.343750 0.843750
vt 0.343750 1.000000
vt 0.343750 1.000000
vt 0.343750 0.843750
vt 0.453125 0.375000
vt 0.437500 0.515625
vt 0.437500 0.375000
vt 0.453125 0.375000
vt 0.453125 0.515625
vt 0.437500 0.515625
vt 0.750000 0.796875
vt 0.750000 0.656250
vt 0.750000 0.796875
vt 0.750000 0.796875
vt 0.750000 0.656250
vt 0.750000 0.656250
vt 0.515625 0.640625
vt 0.531250 0.468750
vt 0.531250 0.640625
vt 0.515625 0.640625
vt 0.515625 0.468750
vt 0.531250 0.468750
vt 0.421875 0.500000
vt 0.406250 0.640625
vt 0.406250 0.500000
vt 0.421875 0.500000
vt 0.421875 0.640625
vt 0.406250 0.640625
vt 0.343750 0.531250
vt 0.359375 0.671875
vt 0.343750 0.671875
vt 0.343750 0.531250
vt 0.359375 0.531250
vt 0.359375 0.671875
vt 0.703125 0.453125
vt 0.703125 0.625000
vt 0.703125 0.453125
vt 0.703125 0.453125
vt 0.703125 0.625000
vt 0.703125 0.625000
vt 0.750000 0.625000
vt 0.750000 0.453125
vt 0.750000 0.625000
vt 0.750000 0.625000
vt 0.750000 0.453125
vt 0.750000 0.453125
vt 0.484375 0.671875
vt 0.484375 0.828125
vt 0.484375 0.671875
vt 0.484375 0.671875
vt 0.484375 0.828125
vt 0.484375 0.828125
vt 0.343750 0.359375
vt 0.359375 0.500000
vt 0.343750 0.500000
vt 0.343750 0.359375
vt 0.359375 0.359375
vt 0.359375 0.500000
vt 0.421875 0.828125
vt 0.406250 1.000000
vt 0.406250 0.828125
vt 0.421875 0.828125
vt 0.421875 1.000000
vt 0.406250 1.000000
vt 0.343750 0.375000
vt 0.250000 0.000000
vt 0.484375 0.375000
vt 0.250000 0.375000
vt 0.250000 0.000000
vt 0.343750 0.375000
vt 0.250000 0.000000
vt 0.750000 0.000000
vt 0.484375 0.375000
vt 0.750000 0.375000
vt 0.656250 0.375000
vt 0.750000 0.000000
vt 0.484375 0.375000
vt 0.750000 0.000000
vt 0.515625 0.375000
vt 0.656250 0.375000
vt 0.750000 0.000000
vt 0.515625 0.375000
vt 0.750000 0.375000
vt 0.750000 0.000000
vt 0.656250 0.375000
vt 0.750000 0.000000
vt 0.250000 0.000000
vt 0.515625 0.375000
vt 0.250000 0.375000
vt 0.343750 0.375000
vt 0.250000 0.000000
vt 0.515625 0.375000
vt 0.250000 0.000000
vt 0.500000 0.375000
vt 0.666074 0.710884
vt 0.594008 0.536901
vt 0.840058 0.638818
vt 1.001677 0.286389
vt 1.001677 0.375163
vt 0.899760 0.286389
vt 1.001677 0.375163
vt 0.899760 0.375163
vt 0.899760 0.286389
vt 0.797842 0.286389
vt 0.797842 0.375163
vt 0.695925 0.286389
vt 0.797842 0.375163
vt 0.695925 0.375163
vt 0.695925 0.286389
vt 0.410243 0.131391
vt 0.410243 0.042617
vt 0.512160 0.131391
vt 0.410243 0.042617
vt 0.512160 0.042617
vt 0.512160 0.131391
vt 0.614078 0.131391
vt 0.614078 0.042617
vt 0.715995 0.131391
vt 0.614078 0.042617
vt 0.715995 0.042617
vt 0.715995 0.131391
vt 0.899760 0.286389
vt 0.899760 0.375163
vt 0.797842 0.286389
vt 0.899760 0.375163
vt 0.797842 0.375163
vt 0.797842 0.286389
vt 0.695925 0.286389
vt 0.695925 0.375163
vt 0.594008 0.286389
vt 0.695925 0.375163
vt 0.594008 0.375163
vt 0.594008 0.286389
vt 0.512160 0.131391
vt 0.512160 0.042617
vt 0.614078 0.131391
vt 0.512160 0.042617
vt 0.614078 0.042617
vt 0.614078 0.131391
vt 0.715995 0.131391
vt 0.715995 0.042617
vt 0.817912 0.131391
vt 0.715995 0.042617
vt 0.817912 0.042617
vt 0.817912 0.131391
vt 0.076576 0.469936
vt 0.002125 0.469936
vt 0.076576 0.338113
vt 0.002125 0.469936
vt 0.002125 0.338113
vt 0.076576 0.338113
vt 0.519109 0.263663
vt 0.076576 0.263663
vt 0.519109 0.131839
vt 0.076576 0.263663
vt 0.076576 0.131840
vt 0.519109 0.131839
vt 0.519109 0.338113
vt 0.076576 0.338113
vt 0.519109 0.263663
vt 0.076576 0.338113
vt 0.076576 0.263663
vt 0.519109 0.263663
vt 0.519109 0.469936
vt 0.519109 0.338113
vt 0.593559 0.469936
vt 0.519109 0.338113
vt 0.593560 0.338113
vt 0.593559 0.469936
vt 0.076576 0.338113
vt 0.519109 0.338113
vt 0.076576 0.469936
vt 0.519109 0.338113
vt 0.519109 0.469936
vt 0.076576 0.469936
vt 0.519109 0.469936
vt 0.519109 0.544387
vt 0.076576 0.469936
vt 0.519109 0.544387
vt 0.076576 0.544387
vt 0.076576 0.469936
vt 0.666074 0.464834
vt 0.767992 0.464834
vt 0.594008 0.536901
vt 0.840058 0.536901
vt 0.594008 0.536901
vt 0.767992 0.464834
vt 0.840058 0.638818
vt 0.594008 0.536901
vt 0.840058 0.536901
vt 0.767992 0.710884
vt 0.666074 0.710884
vt 0.840058 0.638818
vt 0.594008 0.638818
vt 0.594008 0.536901
vt 0.666074 0.710884
vt 0.594008 0.783399
vt 0.666074 0.957383
vt 0.840058 0.885317
vt 0.695925 0.375612
vt 0.594008 0.375612
vt 0.695925 0.464386
vt 0.594008 0.375612
vt 0.594008 0.464386
vt 0.695925 0.464386
vt 0.899760 0.375612
vt 0.797843 0.375612
vt 0.899760 0.464386
vt 0.797843 0.375612
vt 0.797843 0.464386
vt 0.899760 0.464386
vt 0.307877 0.131391
vt 0.409795 0.131391
vt 0.307877 0.042617
vt 0.409795 0.131391
vt 0.409795 0.042617
vt 0.307877 0.042617
vt 0.104043 0.131391
vt 0.205960 0.131391
vt 0.104042 0.042617
vt 0.205960 0.131391
vt 0.205960 0.042617
vt 0.104042 0.042617
vt 0.797843 0.375612
vt 0.695925 0.375612
vt 0.797843 0.464386
vt 0.695925 0.375612
vt 0.695925 0.464386
vt 0.797843 0.464386
vt 1.001677 0.375612
vt 0.899760 0.375612
vt 1.001677 0.464386
vt 0.899760 0.375612
vt 0.899760 0.464386
vt 1.001677 0.464386
vt 0.205960 0.131391
vt 0.307877 0.131391
vt 0.205960 0.042617
vt 0.307877 0.131391
vt 0.307877 0.042617
vt 0.205960 0.042617
vt 0.002125 0.131391
vt 0.104043 0.131391
vt 0.002125 0.042617
vt 0.104043 0.131391
vt 0.104042 0.042617
vt 0.002125 0.042617
vt 0.076576 0.882932
vt 0.076576 0.751109
vt 0.002125 0.882932
vt 0.076576 0.751109
vt 0.002125 0.751109
vt 0.002125 0.882932
vt 0.076576 0.751109
vt 0.519109 0.751109
vt 0.076576 0.676658
vt 0.593560 0.751109
vt 0.519109 0.751109
vt 0.593560 0.882932
vt 0.519109 0.751109
vt 0.519109 0.882932
vt 0.593560 0.882932
vt 0.203520 0.676659
vt 0.519109 0.676658
vt 0.203520 0.544835
vt 0.519109 0.676658
vt 0.519109 0.544835
vt 0.203520 0.544835
vt 0.203520 0.676659
vt 0.203520 0.544835
vt 0.076576 0.676658
vt 0.203520 0.544835
vt 0.076576 0.544835
vt 0.076576 0.676658
vt 0.519109 0.882932
vt 0.519109 0.751109
vt 0.076576 0.882932
vt 0.519109 0.751109
vt 0.076576 0.751109
vt 0.076576 0.882932
vt 0.767992 0.711333
vt 0.666074 0.711333
vt 0.594008 0.783399
vt 0.594008 0.783399
vt 0.840058 0.783399
vt 0.767992 0.711333
vt 0.594008 0.783399
vt 0.840058 0.885317
vt 0.840058 0.783399
vt 0.666074 0.957383
vt 0.767992 0.957383
vt 0.840058 0.885317
vt 0.594008 0.783399
vt 0.594008 0.885316
vt 0.666074 0.957383
vt 0.203520 0.957383
vt 0.519109 0.957383
vt 0.076576 0.957383
vt 0.326381 0.368163
vt 0.326381 0.005689
vt 0.640880 0.368163
vt 0.006517 0.362258
vt 0.006517 0.000200
vt 0.325980 0.362258
vt 0.596987 0.369318
vt 0.923375 0.369318
vt 0.923375 0.690356
vt 0.999800 0.694953
vt 0.684112 0.694953
vt 0.684112 0.368563
vt 0.320490 0.714091
vt 0.006332 0.714091
vt 0.006332 0.362659
vt 0.331961 0.368563
vt 0.683711 0.368564
vt 0.331961 0.688336
vt 0.640880 0.368163
vt 0.326381 0.005689
vt 0.640880 0.005689
vt 0.325980 0.000200
vt 0.325980 0.362258
vt 0.006517 0.000200
vt 0.596987 0.690356
vt 0.596987 0.369318
vt 0.923375 0.690356
vt 0.999800 0.368563
vt 0.999800 0.694953
vt 0.684112 0.368563
vt 0.320490 0.362659
vt 0.320490 0.714091
vt 0.006332 0.362659
vt 0.683711 0.688336
vt 0.331961 0.688336
vt 0.683711 0.368564

vn -0.000000 1.000000 0.000000
vn -0.000000 1.000000 0.000000
vn -0.000000 1.000000 0.000000
vn -0.000000 1.000000 0.000000
vn -0.000000 1.000000 0.000000
vn -0.000000 1.000000 0.000000
vn -0.000000 0.000000 -1.000000
vn -0.000000 0.000000 -1.000000
vn -0.000000 0.000000 -1.000000
vn -0.000000 0.000000 -1.000000
vn -0.000000 0.000000 -1.000000
vn -0.000000 0.000000 -1.000000
vn -0.000000 0.000000 -1.000000
vn -0.000000 0.000000 -1.000000
vn -0.000000 0.000000 -1.000000
vn -0.000000 0.000001 -1.000000
vn -0.000000 0.000001 -1.000000
vn -0.000000 0.000001 -1.000000
vn -0.000000 -0.000000 -1.000000
vn -0.000000 -0.000000 -1.000000
vn -0.000000 -0.000000 -1.000000
vn 1.000000 0.000000 0.000000
vn 1.000000 0.000000 0.000000
vn 1.000000 0.000000 0.000000
vn 1.000000 0.000000 0.000000
vn 1.000000 0.000000 0.000000
vn 1.000000 0.000000 0.000000
vn -0.000000 -1.000000 0.000000
vn -0.000000 -1.000000 0.000000
vn -0.000000 -1.000000 0.000000
vn -0.000000 -1.000000 0.000000
vn -0.000000 -1.000000 0.000000
vn -0.000000 -1.000000 0.000000
vn -1.000000 0.000000 0.000000
vn -1.000000 0.000000 0.000000
vn -1.000000 0.000000 0.000000
vn -1.000000 0.000000 0.000000
vn -1.000000 0.000000 0.000000
vn -1.000000 0.000000 0.000000
vn -0.000000 0.000000 1.000000
vn -0.000000 0.000000 1.000000
vn -0.000000 0.000000 1.000000
vn -0.000000 0.000000 1.000000
vn -0.000000 0.000000 1.000000
vn -0.000000 0.000000 1.000000
vn -0.000000 0.000000 1.000000
vn -0.000000 0.000000 1.000000
vn -0.000000 0.000000 1.000000
vn -0.000000 0.000000 1.000000
vn -0.000000 0.000000 1.000000
vn -0.000000 0.000000 1.000000
vn -0.000000 -1.000000 0.000000
vn -0.000000 -1.000000 0.000000
vn -0.000000 -1.000000 0.000000
vn -0.000000 -1.000000 0.000000
vn -0.000000 -1.000000 0.000000
vn -0.000000 -1.000000 0.000000
vn 1.000000 0.000000 0.000000
vn 1.000000 0.000000 0.000000
vn 1.000000 0.000000 0.000000
vn 1.000000 0.000000 0.000000
vn 1.000000 0.000000 0.000000
vn 1.000000 0.000000 0.000000
vn -0.000000 1.000000 0.000000
vn -0.000000 1.000000 0.000000
vn -0.000000 1.000000 0.000000
vn -0.000000 1.000000 0.000000
vn -0.000000 1.000000 0.000000
vn -0.000000 1.000000 0.000000
vn -1.000000 0.000000 0.000000
vn -1.000000 0.000000 0.000000
vn -1.000000 0.000000 0.000000
vn -1.000000 0.000000 0.000000
vn -1.000000 0.000000 0.000000
vn -1.000000 0.000000 0.000000
vn -0.000000 0.000000 -1.000000
vn -0.000000 0.000000 -1.000000
vn -0.000000 0.000000 -1.000000
vn -0.000000 0.000000 -1.000000
vn -0.000000 0.000000 -1.000000
vn -0.000000 0.000000 -1.000000
vn -1.000000 0.000000 0.000000
vn -1.000000 0.000000 0.000000
vn -1.000000 0.000000 0.000000
vn -1.000000 0.000000 0.000000
vn -1.000000 0.000000 0.000000
vn -1.000000 0.000000 0.000000
vn -0.000000 0.000000 1.000000
vn -0.000000 0.000000 1.000000
vn -0.000000 0.000000 1.000000
vn -0.000000 0.000000 1.000000
vn -0.000000 0.000000 1.000000
vn -0.000000 0.000000 1.000000
vn -0.000000 0.000000 1.000000
vn -0.000000 0.000000 1.000000
vn -0.000000 0.000000 1.000000
vn 1.000000 0.000000 0.000000
vn 1.000000 0.000000 0.000000
vn 1.000000 0.000000 0.000000
vn 1.000000 0.000000 0.000000
vn 1.000000 0.000000 0.000000
vn 1.000000 0.000000 0.000000
vn -0.000000 -1.000000 0.000000
vn -0.000000 -1.000000 0.000000
vn -0.000000 -1.000000 0.000000
vn -0.000000 -1.000000 0.000000
vn -0.000000 -1.000000 0.000000
vn -0.000000 -1.000000 0.000000
vn -0.000000 -1.000000 0.000000
vn -0.000000 -1.000000 0.000000
vn -0.000000 -1.000000 0.000000
vn -0.000000 -1.000000 0.000000
vn -0.000000 -1.000000 0.000000
vn -0.000000 -1.000000 0.000000
vn -0.000000 0.000000 1.000000
vn -0.000000 0.000000 1.000000
vn -0.000000 0.000000 1.000000
vn -0.000000 0.000000 1.000000
vn -0.000000 0.000000 1.000000
vn -0.000000 0.000000 1.000000
vn -0.000000 0.000000 1.000000
vn -0.000000 0.000000 1.000000
vn -0.000000 0.000000 1.000000
vn -0.000000 0.000000 1.000000
vn -0.000000 0.000000 1.000000
vn -0.000000 0.000000 1.000000
vn -0.000000 0.000000 -1.000000
vn -0.000000 0.000000 -1.000000
vn -0.000000 0.000000 -1.000000
vn -0.000000 0.000000 -1.000000
vn -0.000000 0.000000 -1.000000
vn -0.000000 0.000000 -1.000000
vn -0.000000 0.000000 -1.000000
vn -0.000000 0.000000 -1.000000
vn -0.000000 0.000000 -1.000000
vn -0.000000 0.000000 -1.000000
vn -0.000000 0.000000 -1.000000
vn -0.000000 0.000000 -1.000000
vn -0.000000 1.000000 0.000000
vn -0.000000 1.000000 0.000000
vn -0.000000 1.000000 0.000000
vn -0.000000 1.000000 0.000000
vn -0.000000 1.000000 0.000000
vn -0.000000 1.000000 0.000000
vn -0.000000 1.000000 0.000000
vn -0.000000 1.000000 0.000000
vn -0.000000 1.000000 0.000000
vn -0.000000 1.000000 0.000000
vn -0.000000 1.000000 0.000000
vn -0.000000 1.000000 0.000000
vn 1.000000 0.000000 0.000000
vn 1.000000 0.000000 0.000000
vn 1.000000 0.000000 0.000000
vn 1.000000 0.000000 0.000000
vn 1.000000 0.000000 0.000000
vn 1.000000 0.000000 0.000000
vn 1.000000 0.000000 0.000000
vn 1.000000 0.000000 0.000000
vn 1.000000 0.000000 0.000000
vn 1.000000 0.000000 0.000000
vn 1.000000 0.000000 0.000000
vn 1.000000 0.000000 0.000000
vn 1.000000 0.000000 0.000000
vn 1.000000 0.000000 0.000000
vn 1.000000 0.000000 0.000000
vn 1.000000 0.000000 0.000000
vn 1.000000 0.000000 0.000000
vn 1.000000 0.000000 0.000000
vn 1.000000 0.000000 0.000000
vn 1.000000 0.000000 0.000000
vn 1.000000 0.000000 0.000000
vn 1.000000 0.000000 0.000000
vn 1.000000 0.000000 0.000000
vn 1.000000 0.000000 0.000000
vn -0.000000 0.000000 1.000000
vn -0.000000 0.000000 1.000000
vn -0.000000 0.000000 1.000000
vn -0.000000 0.000000 1.000000
vn -0.000000 0.000000 1.000000
vn -0.000000 0.000000 1.000000
vn -0.000000 0.000000 1.000000
vn -0.000000 0.000000 1.000000
vn -0.000000 0.000000 1.000000
vn -0.000000 0.000000 1.000000
vn -0.000000 0.000000 1.000000
vn -0.000000 0.000000 1.000000
vn -0.000000 0.000000 1.000000
vn -0.000000 0.000000 1.000000
vn -0.000000 0.000000 1.000000
vn -0.000000 0.000000 1.000000
vn -0.000000 0.000000 1.000000
vn -0.000000 0.000000 1.000000
vn -0.000000 0.000000 1.000000
vn -0.000000 0.000000 1.000000
vn -0.000000 0.000000 1.000000
vn -0.000000 0.000000 1.000000
vn -0.000000 0.000000 1.000000
vn -0.000000 0.000000 1.000000
vn -1.000000 0.000000 0.000000
vn -1.000000 0.000000 0.000000
vn -1.000000 0.000000 0.000000
vn -1.000000 0.000000 0.000000
vn -1.000000 0.000000 0.000000
vn -1.000000 0.000000 0.000000
vn -1.000000 0.000000 0.000000
vn -1.000000 0.000000 0.000000
vn -1.000000 0.000000 0.000000
vn -1.000000 0.000000 0.000000
vn -1.000000 0.000000 0.000000
vn -1.000000 0.000000 0.000000
vn -1.000000 0.000000 0.000000
vn -1.000000 0.000000 0.000000
vn -1.000000 0.000000 0.000000
vn -1.000000 0.000000 0.000000
vn -1.000000 0.000000 0.000000
vn -1.000000 0.000000 0.000000
vn -1.000000 0.000000 0.000000
vn -1.000000 0.000000 0.000000
vn -1.000000 0.000000 0.000000
vn -1.000000 0.000000 0.000000
vn -1.000000 0.000000 0.000000
vn -1.000000 0.000000 0.000000
vn -0.000000 0.000000 -1.000000
vn -0.000000 0.000000 -1.000000
vn -0.000000 0.000000 -1.000000
vn -0.000000 0.000000 -1.000000
vn -0.000000 0.000000 -1.000000
vn -0.000000 0.000000 -1.000000
vn -0.000000 0.000000 -1.000000
vn -0.000000 0.000000 -1.000000
vn -0.000000 0.000000 -1.000000
vn -0.000000 0.000000 -1.000000
vn -0.000000 0.000000 -1.000000
vn -0.000000 0.000000 -1.000000
vn -0.000000 0.000000 -1.000000
vn -0.000000 0.000000 -1.000000
vn -0.000000 0.000000 -1.000000
vn -0.000000 0.000000 -1.000000
vn -0.000000 0.000000 -1.000000
vn -0.000000 0.000000 -1.000000
vn -0.000000 0.000000 -1.000000
vn -0.000000 0.000000 -1.000000
vn -0.000000 0.000000 -1.000000
vn -0.000000 0.000000 -1.000000
vn -0.000000 0.000000 -1.000000
vn -0.000000 0.000000 -1.000000
vn -1.000000 0.000000 0.000000
vn -1.000000 0.000000 0.000000
vn -1.000000 0.000000 0.000000
vn -1.000000 0.000000 0.000000
vn -1.000000 0.000000 0.000000
vn -1.000000 0.000000 0.000000
vn -1.000000 0.000000 0.000000
vn -1.000000 0.000000 0.000000
vn -1.000000 0.000000 0.000000
vn -1.000000 0.000000 0.000000
vn -1.000000 0.000000 0.000000
vn -1.000000 0.000000 0.000000
vn -1.000000 0.000000 0.000000
vn -1.000000 0.000000 0.000000
vn -1.000000 0.000000 0.000000
vn -1.000000 0.000000 0.000000
vn -1.000000 0.000000 0.000000
vn -1.000000 0.000000 0.000000
vn -1.000000 0.000000 0.000000
vn -1.000000 0.000000 0.000000
vn -1.000000 0.000000 0.000000
vn -1.000000 0.000000 0.000000
vn -1.000000 0.000000 0.000000
vn -1.000000 0.000000 0.000000
vn -0.000000 0.000000 -1.000000
vn -0.000000 0.000000 -1.000000
vn -0.000000 0.000000 -1.000000
vn -0.000000 0.000000 -1.000000
vn -0.000000 0.000000 -1.000000
vn -0.000000 0.000000 -1.000000
vn -0.000000 0.000000 -1.000000
vn -0.000000 0.000000 -1.000000
vn -0.000000 0.000000 -1.000000
vn -0.000000 0.000000 -1.000000
vn -0.000000 0.000000 -1.000000
vn -0.000000 0.000000 -1.000000
vn -0.000000 0.000000 -1.000000
vn -0.000000 0.000000 -1.000000
vn -0.000000 0.000000 -1.000000
vn -0.000000 0.000000 -1.000000
vn -0.000000 0.000000 -1.000000
vn -0.000000 0.000000 -1.000000
vn -0.000000 0.000000 -1.000000
vn -0.000000 0.000000 -1.000000
vn -0.000000 0.000000 -1.000000
vn -0.000000 0.000000 -1.000000
vn -0.000000 0.000000 -1.000000
vn -0.000000 0.000000 -1.000000
vn 1.000000 0.000000 0.000000
vn 1.000000 0.000000 0.000000
vn 1.000000 0.000000 0.000000
vn 1.000000 0.000000 0.000000
vn 1.000000 0.000000 0.000000
vn 1.000000 0.000000 0.000000
vn 1.000000 0.000000 0.000000
vn 1.000000 0.000000 0.000000
vn 1.000000 0.000000 0.000000
vn 1.000000 0.000000 0.000000
vn 1.000000 0.000000 0.000000
vn 1.000000 0.000000 0.000000
vn 1.000000 0.000000 0.000000
vn 1.000000 0.000000 0.000000
vn 1.000000 0.000000 0.000000
vn 1.000000 0.000000 0.000000
vn 1.000000 0.000000 0.000000
vn 1.000000 0.000000 0.000000
vn 1.000000 0.000000 0.000000
vn 1.000000 0.000000 0.000000
vn 1.000000 0.000000 0.000000
vn 1.000000 0.000000 0.000000
vn 1.000000 0.000000 0.000000
vn 1.000000 0.000000 0.000000
vn -0.000000 0.000000 1.000000
vn -0.000000 0.000000 1.000000
vn -0.000000 0.000000 1.000000
vn -0.000000 0.000000 1.000000
vn -0.000000 0.000000 1.000000
vn -0.000000 0.000000 1.000000
vn -0.000000 0.000000 1.000000
vn -0.000000 0.000000 1.000000
vn -0.000000 0.000000 1.000000
vn -0.000000 0.000000 1.000000
vn -0.000000 0.000000 1.000000
vn -0.000000 0.000000 1.000000
vn -0.000000 0.000000 1.000000
vn -0.000000 0.000000 1.000000
vn -0.000000 0.000000 1.000000
vn -0.000000 0.000000 1.000000
vn -0.000000 0.000000 1.000000
vn -0.000000 0.000000 1.000000
vn -0.000000 0.000000 1.000000
vn -0.000000 0.000000 1.000000
vn -0.000000 0.000000 1.000000
vn -0.000000 0.000000 1.000000
vn -0.000000 0.000000 1.000000
vn -0.000000 0.000000 1.000000
vn -0.000000 1.000000 0.000000
vn -0.000000 1.000000 0.000000
vn -0.000000 1.000000 0.000000
vn -0.000000 1.000000 0.000000
vn -0.000000 1.000000 0.000000
vn -0.000000 1.000000 0.000000
vn -0.000000 1.000000 0.000000
vn -0.000000 1.000000 0.000000
vn -0.000000 1.000000 0.000000
vn -0.000000 1.000000 0.000000
vn -0.000000 1.000000 0.000000
vn -0.000000 1.000000 0.000000
vn -0.000000 1.000000 0.000000
vn -0.000000 1.000000 0.000000
vn -0.000000 1.000000 0.000000
vn -0.000000 1.000000 0.000000
vn -0.000000 1.000000 0.000000
vn -0.000000 1.000000 0.000000
vn -1.000000 0.000000 0.000000
vn -1.000000 0.000000 0.000000
vn -1.000000 0.000000 0.000000
vn -1.000000 0.000000 0.000000
vn -1.000000 0.000000 0.000000
vn -1.000000 0.000000 0.000000
vn -0.000000 1.000000 0.000000
vn -0.000000 1.000000 0.000000
vn -0.000000 1.000000 0.000000
vn -0.000000 1.000000 0.000000
vn -0.000000 1.000000 0.000000
vn -0.000000 1.000000 0.000000
vn -0.000000 1.000000 0.000000
vn -0.000000 1.000000 0.000000
vn -0.000000 1.000000 0.000000
vn -0.000000 1.000000 0.000000
vn -0.000000 1.000000 0.000000
vn -0.000000 1.000000 0.000000
vn 1.000000 0.000000 0.000000
vn 1.000000 0.000000 0.000000
vn 1.000000 0.000000 0.000000
vn 1.000000 0.000000 0.000000
vn 1.000000 0.000000 0.000000
vn 1.000000 0.000000 0.000000
vn -0.000000 -1.000000 0.000000
vn -0.000000 -1.000000 0.000000
vn -0.000000 -1.000000 0.000000
vn -0.000000 -1.000000 0.000000
vn -0.000000 -1.000000 0.000000
vn -0.000000 -1.000000 0.000000
vn 1.000000 0.000000 0.000000
vn 1.000000 0.000000 0.000000
vn 1.000000 0.000000 0.000000
vn 1.000000 0.000000 0.000000
vn 1.000000 0.000000 0.000000
vn 1.000000 0.000000 0.000000
vn 1.000000 0.000000 0.000000
vn 1.000000 0.000000 0.000000
vn 1.000000 0.000000 0.000000
vn 1.000000 0.000000 0.000000
vn 1.000000 0.000000 0.000000
vn 1.000000 0.000000 0.000000
vn 1.000000 0.000000 0.000000
vn 1.000000 0.000000 0.000000
vn 1.000000 0.000000 0.000000
vn 1.000000 0.000000 0.000000
vn 1.000000 0.000000 0.000000
vn 1.000000 0.000000 0.000000
vn -0.000000 0.000000 -1.000000
vn -0.000000 0.000000 -1.000000
vn -0.000000 0.000000 -1.000000
vn -0.000000 0.000000 -1.000000
vn -0.000000 0.000000 -1.000000
vn -0.000000 0.000000 -1.000000
vn 1.000000 0.000000 0.000000
vn 1.000000 0.000000 0.000000
vn 1.000000 0.000000 0.000000
vn 1.000000 0.000000 0.000000
vn 1.000000 0.000000 0.000000
vn 1.000000 0.000000 0.000000
vn 1.000000 0.000000 0.000000
vn 1.000000 0.000000 0.000000
vn 1.000000 0.000000 0.000000
vn 1.000000 0.000000 0.000000
vn 1.000000 0.000000 0.000000
vn 1.000000 0.000000 0.000000
vn -1.000000 0.000000 0.000000
vn -1.000000 0.000000 0.000000
vn -1.000000 0.000000 0.000000
vn -1.000000 0.000000 0.000000
vn -1.000000 0.000000 0.000000
vn -1.000000 0.000000 0.000000
vn -0.000000 0.000000 -1.000000
vn -0.000000 0.000000 -1.000000
vn -0.000000 0.000000 -1.000000
vn -0.000000 0.000000 -1.000000
vn -0.000000 0.000000 -1.000000
vn -0.000000 0.000000 -1.000000
vn -1.000000 0.000000 0.000000
vn -1.000000 0.000000 0.000000
vn -1.000000 0.000000 0.000000
vn -1.000000 0.000000 0.000000
vn -1.000000 0.000000 0.000000
vn -1.000000 0.000000 0.000000
vn -1.000000 0.000000 0.000000
vn -1.000000 0.000000 0.000000
vn -1.000000 0.000000 0.000000
vn -1.000000 0.000000 0.000000
vn -1.000000 0.000000 0.000000
vn -1.000000 0.000000 0.000000
vn -1.000000 0.000000 0.000000
vn -1.000000 0.000000 0.000000
vn -1.000000 0.000000 0.000000
vn -1.000000 0.000000 0.000000
vn -1.000000 0.000000 0.000000
vn -1.000000 0.000000 0.000000
vn -0.000000 0.000000 -1.000000
vn -0.000000 0.000000 -1.000000
vn -0.000000 0.000000 -1.000000
vn -0.000000 0.000000 -1.000000
vn -0.000000 0.000000 -1.000000
vn -0.000000 0.000000 -1.000000
vn -1.000000 0.000000 0.000000
vn -1.000000 0.000000 0.000000
vn -1.000000 0.000000 0.000000
vn -1.000000 0.000000 0.000000
vn -1.000000 0.000000 0.000000
vn -1.000000 0.000000 0.000000
vn -1.000000 0.000000 0.000000
vn -1.000000 0.000000 0.000000
vn -1.000000 0.000000 0.000000
vn -1.000000 0.000000 0.000000
vn -1.000000 0.000000 0.000000
vn -1.000000 0.000000 0.000000
vn -0.000000 -1.000000 0.000000
vn -0.000000 -1.000000 0.000000
vn -0.000000 -1.000000 0.000000
vn -0.000000 -1.000000 0.000000
vn -0.000000 -1.000000 0.000000
vn -0.000000 -1.000000 0.000000
vn -0.000000 0.000000 -1.000000
vn -0.000000 0.000000 -1.000000
vn -0.000000 0.000000 -1.000000
vn -0.000000 -0.000000 -1.000000
vn -0.000000 -0.000000 -1.000000
vn -0.000000 -0.000000 -1.000000
vn -0.000000 -1.000000 0.000000
vn -0.000000 -1.000000 0.000000
vn -0.000000 -1.000000 0.000000
vn -0.000000 -1.000000 0.000000
vn -0.000000 -1.000000 0.000000
vn -0.000000 -1.000000 0.000000
vn -0.000000 -1.000000 0.000000
vn -0.000000 -1.000000 0.000000
vn -0.000000 -1.000000 0.000000
vn -0.000000 -1.000000 0.000000
vn -0.000000 -1.000000 0.000000
vn -0.000000 -1.000000 0.000000
vn -1.000000 0.000000 0.000000
vn -1.000000 0.000000 0.000000
vn -1.000000 0.000000 0.000000
vn -1.000000 0.000000 0.000000
vn -1.000000 0.000000 0.000000
vn -1.000000 0.000000 0.000000
vn -1.000000 0.000000 0.000000
vn -1.000000 0.000000 0.000000
vn -1.000000 0.000000 0.000000
vn -1.000000 0.000000 0.000000
vn -1.000000 0.000000 0.000000
vn -1.000000 0.000000 0.000000
vn -0.000000 1.000000 0.000000
vn -0.000000 1.000000 0.000000
vn -0.000000 1.000000 0.000000
vn -0.000000 1.000000 0.000000
vn -0.000000 1.000000 0.000000
vn -0.000000 1.000000 0.000000
vn -0.000000 1.000000 0.000000
vn -0.000000 1.000000 0.000000
vn -0.000000 1.000000 0.000000
vn -0.000000 1.000000 0.000000
vn -0.000000 1.000000 0.000000
vn -0.000000 1.000000 0.000000
vn 1.000000 0.000000 0.000000
vn 1.000000 0.000000 0.000000
vn 1.000000 0.000000 0.000000
vn 1.000000 0.000000 0.000000
vn 1.000000 0.000000 0.000000
vn 1.000000 0.000000 0.000000
vn 1.000000 0.000000 0.000000
vn 1.000000 0.000000 0.000000
vn 1.000000 0.000000 0.000000
vn 1.000000 0.000000 0.000000
vn 1.000000 0.000000 0.000000
vn 1.000000 0.000000 0.000000
vn -0.000000 -1.000000 0.000000
vn -0.000000 -1.000000 0.000000
vn -0.000000 -1.000000 0.000000
vn -0.000000 -1.000000 0.000000
vn -0.000000 -1.000000 0.000000
vn -0.000000 -1.000000 0.000000
vn -0.000000 -1.000000 0.000000
vn -0.000000 -1.000000 0.000000
vn -0.000000 -1.000000 0.000000
vn -0.000000 -1.000000 0.000000
vn -0.000000 -1.000000 0.000000
vn -0.000000 -1.000000 0.000000
vn -0.000000 0.000000 -1.000000
vn -0.000000 0.000000 -1.000000
vn -0.000000 0.000000 -1.000000
vn -0.000000 0.000000 -1.000000
vn -0.000000 0.000000 -1.000000
vn -0.000000 0.000000 -1.000000
vn -0.000000 1.000000 0.000000
vn -0.000000 1.000000 0.000000
vn -0.000000 1.000000 0.000000
vn -0.000000 1.000000 0.000000
vn -0.000000 1.000000 0.000000
vn -0.000000 1.000000 0.000000
vn -0.000000 -1.000000 0.000000
vn -0.000000 -1.000000 0.000000
vn -0.000000 -1.000000 0.000000
vn -0.000000 -1.000000 0.000000
vn -0.000000 -1.000000 0.000000
vn -0.000000 -1.000000 0.000000
vn -0.000000 0.000000 -1.000000
vn -0.000000 0.000000 -1.000000
vn -0.000000 0.000000 -1.000000
vn -0.000000 0.000000 -1.000000
vn -0.000000 0.000000 -1.000000
vn -0.000000 0.000000 -1.000000
vn -0.000000 0.000000 -1.000000
vn -0.000000 0.000000 -1.000000
vn -0.000000 0.000000 -1.000000
vn -0.000000 -0.000001 -1.000000
vn -0.000000 -0.000001 -1.000000
vn -0.000000 -0.000001 -1.000000
vn -0.000000 -1.000000 0.000000
vn -0.000000 -1.000000 0.000000
vn -0.000000 -1.000000 0.000000
vn -0.000000 -1.000000 0.000000
vn -0.000000 -1.000000 0.000000
vn -0.000000 -1.000000 0.000000
vn -0.000000 1.000000 0.000000
vn -0.000000 1.000000 0.000000
vn -0.000000 1.000000 0.000000
vn -0.000001 1.000000 0.000000
vn -0.000001 1.000000 0.000000
vn -0.000001 1.000000 0.000000
vn -0.000000 0.000000 -1.000000
vn -0.000000 0.000000 -1.000000
vn -0.000000 0.000000 -1.000000
vn -0.000000 -0.000001 -1.000000
vn -0.000000 -0.000001 -1.000000
vn -0.000000 -0.000001 -1.000000
vn -0.000000 0.000000 -1.000000
vn -0.000000 0.000000 -1.000000
vn -0.000000 0.000000 -1.000000
vn -0.000000 0.000000 -1.000000
vn -0.000000 0.000000 -1.000000
vn -0.000000 0.000000 -1.000000
vn -1.000000 0.000000 0.000000
vn -1.000000 0.000000 0.000000
vn -1.000000 0.000000 0.000000
vn -1.000000 0.000000 -0.000000
vn -1.000000 0.000000 -0.000000
vn -1.000000 0.000000 -0.000000
vn 1.000000 0.000000 0.000000
vn 1.000000 0.000000 0.000000
vn 1.000000 0.000000 0.000000
vn 1.000000 0.000000 0.000000
vn 1.000000 0.000000 0.000000
vn 1.000000 0.000000 0.000000
vn -0.000000 0.000000 -1.000000
vn -0.000000 0.000000 -1.000000
vn -0.000000 0.000000 -1.000000
vn -0.000000 0.000000 -1.000000
vn -0.000000 0.000000 -1.000000
vn -0.000000 0.000000 -1.000000
vn -1.000000 0.000000 0.000000
vn -1.000000 0.000000 0.000000
vn -1.000000 0.000000 0.000000
vn -1.000000 0.000000 0.000000
vn -1.000000 0.000000 0.000000
vn -1.000000 0.000000 0.000000
vn -0.000000 1.000000 0.000000
vn -0.000000 1.000000 0.000000
vn -0.000000 1.000000 0.000000
vn -0.000000 1.000000 0.000000
vn -0.000000 1.000000 0.000000
vn -0.000000 1.000000 0.000000
vn -0.000000 0.000000 -1.000000
vn -0.000000 0.000000 -1.000000
vn -0.000000 0.000000 -1.000000
vn -0.000000 0.000000 -1.000000
vn -0.000000 0.000000 -1.000000
vn -0.000000 0.000000 -1.000000
vn -0.000000 -1.000000 0.000000
vn -0.000000 -1.000000 0.000000
vn -0.000000 -1.000000 0.000000
vn -0.000000 -1.000000 0.000000
vn -0.000000 -1.000000 0.000000
vn -0.000000 -1.000000 0.000000
vn -0.000000 0.000000 -1.000000
vn -0.000000 0.000000 -1.000000
vn -0.000000 0.000000 -1.000000
vn -0.000000 0.000001 -1.000000
vn -0.000000 0.000001 -1.000000
vn -0.000000 0.000001 -1.000000
vn -0.000000 1.000000 0.000000
vn -0.000000 1.000000 0.000000
vn -0.000000 1.000000 0.000000
vn -0.000000 1.000000 0.000000
vn -0.000000 1.000000 0.000000
vn -0.000000 1.000000 0.000000
vn -0.000000 0.000000 -1.000000
vn -0.000000 0.000000 -1.000000
vn -0.000000 0.000000 -1.000000
vn -0.000000 0.000000 -1.000000
vn -0.000000 0.000000 -1.000000
vn -0.000000 0.000000 -1.000000
vn -0.000000 0.000000 -1.000000
vn -0.000000 0.000000 -1.000000
vn -0.000000 0.000000 -1.000000
vn -0.000000 0.000001 -1.000000
vn -0.000000 0.000001 -1.000000
vn -0.000000 0.000001 -1.000000
vn -0.000000 0.000000 -1.000000
vn -0.000000 0.000000 -1.000000
vn -0.000000 0.000000 -1.000000
vn -0.000000 0.000001 -1.000000
vn -0.000000 0.000001 -1.000000
vn -0.000000 0.000001 -1.000000
vn -0.000000 -0.000000 -1.000000
vn -0.000000 -0.000000 -1.000000
vn -0.000000 -0.000000 -1.000000
vn -0.000000 0.000000 -1.000000
vn -0.000000 0.000000 -1.000000
vn -0.000000 0.000000 -1.000000
vn -0.000000 0.000000 -1.000000
vn -0.000000 0.000000 -1.000000
vn -0.000000 0.000000 -1.000000
vn -0.000000 0.000000 -1.000000
vn -0.000000 0.000000 -1.000000
vn -0.000000 0.000000 -1.000000
vn 1.000000 0.000000 0.000000
vn 1.000000 0.000000 0.000000
vn 1.000000 0.000000 0.000000
vn 1.000000 -0.000000 0.000000
vn 1.000000 -0.000000 0.000000
vn 1.000000 -0.000000 0.000000
vn -0.000000 0.000000 -1.000000
vn -0.000000 0.000000 -1.000000
vn -0.000000 0.000000 -1.000000
vn -0.000000 0.000000 -1.000000
vn -0.000000 0.000000 -1.000000
vn -0.000000 0.000000 -1.000000
vn 1.000000 0.000000 0.000000
vn 1.000000 0.000000 0.000000
vn 1.000000 0.000000 0.000000
vn 1.000000 0.000000 0.000000
vn 1.000000 0.000000 0.000000
vn 1.000000 0.000000 0.000000
vn 1.000000 0.000000 0.000000
vn 1.000000 0.000000 0.000000
vn 1.000000 0.000000 0.000000
vn 1.000000 0.000000 -0.000000
vn 1.000000 0.000000 -0.000000
vn 1.000000 0.000000 -0.000000
vn -0.000000 1.000000 0.000000
vn -0.000000 1.000000 0.000000
vn -0.000000 1.000000 0.000000
vn -0.000000 1.000000 0.000000
vn -0.000000 1.000000 0.000000
vn -0.000000 1.000000 0.000000
vn -1.000000 0.000000 0.000000
vn -1.000000 0.000000 0.000000
vn -1.000000 0.000000 0.000000
vn -1.000000 0.000000 0.000000
vn -1.000000 0.000000 0.000000
vn -1.000000 0.000000 0.000000
vn -0.000000 -1.000000 0.000000
vn -0.000000 -1.000000 0.000000
vn -0.000000 -1.000000 0.000000
vn -0.000000 -1.000000 0.000000
vn -0.000000 -1.000000 0.000000
vn -0.000000 -1.000000 0.000000
vn -1.000000 0.000000 0.000000
vn -1.000000 0.000000 0.000000
vn -1.000000 0.000000 0.000000
vn -1.000000 0.000000 0.000000
vn -1.000000 0.000000 0.000000
vn -1.000000 0.000000 0.000000
vn -0.000000 1.000000 0.000000
vn -0.000000 1.000000 0.000000
vn -0.000000 1.000000 0.000000
vn -0.000000 1.000000 0.000007
vn -0.000000 1.000000 0.000007
vn -0.000000 1.000000 0.000007
vn -0.000000 -1.000000 0.000000
vn -0.000000 -1.000000 0.000000
vn -0.000000 -1.000000 0.000000
vn -0.000000 -1.000000 0.000000
vn -0.000000 -1.000000 0.000000
vn -0.000000 -1.000000 0.000000
vn 1.000000 0.000000 0.000000
vn 1.000000 0.000000 0.000000
vn 1.000000 0.000000 0.000000
vn 1.000000 0.000000 0.000000
vn 1.000000 0.000000 0.000000
vn 1.000000 0.000000 0.000000
vn 1.000000 0.000000 0.000000
vn 1.000000 0.000000 0.000000
vn 1.000000 0.000000 0.000000
vn 1.000000 0.000000 0.000000
vn 1.000000 0.000000 0.000000
vn 1.000000 0.000000 0.000000
vn -0.000000 1.000000 0.000000
vn -0.000000 1.000000 0.000000
vn -0.000000 1.000000 0.000000
vn -0.000000 1.000000 0.000000
vn -0.000000 1.000000 0.000000
vn -0.000000 1.000000 0.000000
vn -0.000000 -1.000000 0.000000
vn -0.000000 -1.000000 0.000000
vn -0.000000 -1.000000 0.000000
vn -0.000000 -1.000000 0.000000
vn -0.000000 -1.000000 0.000000
vn -0.000000 -1.000000 0.000000
vn -1.000000 0.000000 0.000000
vn -1.000000 0.000000 0.000000
vn -1.000000 0.000000 0.000000
vn -1.000000 0.000000 0.000000
vn -1.000000 0.000000 0.000000
vn -1.000000 0.000000 0.000000
vn -0.000000 1.000000 0.000000
vn -0.000000 1.000000 0.000000
vn -0.000000 1.000000 0.000000
vn -0.000000 1.000000 0.000000
vn -0.000000 1.000000 0.000000
vn -0.000000 1.000000 0.000000
vn -1.000000 0.000000 0.000000
vn -1.000000 0.000000 0.000000
vn -1.000000 0.000000 0.000000
vn -1.000000 0.000000 0.000000
vn -1.000000 0.000000 0.000000
vn -1.000000 0.000000 0.000000
vn -0.000000 -1.000000 0.000000
vn -0.000000 -1.000000 0.000000
vn -0.000000 -1.000000 0.000000
vn -0.000000 -1.000000 0.000000
vn -0.000000 -1.000000 0.000000
vn -0.000000 -1.000000 0.000000
vn 1.000000 0.000000 0.000000
vn 1.000000 0.000000 0.000000
vn 1.000000 0.000000 0.000000
vn 1.000000 0.000000 0.000000
vn 1.000000 0.000000 0.000000
vn 1.000000 0.000000 0.000000
vn 1.000000 -0.000000 0.000000
vn 1.000000 -0.000000 0.000000
vn 1.000000 -0.000000 0.000000
vn 1.000000 -0.000000 0.000000
vn 1.000000 -0.000000 0.000000
vn 1.000000 -0.000000 0.000000
vn -0.000000 -1.000000 0.000000
vn -0.000000 -1.000000 0.000000
vn -0.000000 -1.000000 0.000000
vn -0.000000 -1.000000 -0.000004
vn -0.000000 -1.000000 -0.000004
vn -0.000000 -1.000000 -0.000004
vn -0.000000 1.000000 0.000000
vn -0.000000 1.000000 0.000000
vn -0.000000 1.000000 0.000000
vn -0.000000 1.000000 0.000000
vn -0.000000 1.000000 0.000000
vn -0.000000 1.000000 0.000000
vn -1.000000 0.000000 0.000000
vn -1.000000 0.000000 0.000000
vn -1.000000 0.000000 0.000000
vn -1.000000 0.000000 0.000000
vn -1.000000 0.000000 0.000000
vn -1.000000 0.000000 0.000000
vn 1.000000 0.000000 0.000000
vn 1.000000 0.000000 0.000000
vn 1.000000 0.000000 0.000000
vn 1.000000 0.000000 0.000000
vn 1.000000 0.000000 0.000000
vn 1.000000 0.000000 0.000000
vn -0.000000 -1.000000 0.000000
vn -0.000000 -1.000000 0.000000
vn -0.000000 -1.000000 0.000000
vn -0.000000 -1.000000 0.000000
vn -0.000000 -1.000000 0.000000
vn -0.000000 -1.000000 0.000000
vn -0.000000 1.000000 0.000000
vn -0.000000 1.000000 0.000000
vn -0.000000 1.000000 0.000000
vn -0.000000 1.000000 0.000000
vn -0.000000 1.000000 0.000000
vn -0.000000 1.000000 0.000000
vn -1.000000 0.000000 0.000000
vn -1.000000 0.000000 0.000000
vn -1.000000 0.000000 0.000000
vn -1.000000 0.000000 0.000000
vn -1.000000 0.000000 0.000000
vn -1.000000 0.000000 0.000000
vn -0.000000 -0.000000 -1.000000
vn -0.000000 -0.000000 -1.000000
vn -0.000000 -0.000000 -1.000000
vn -0.000000 0.000000 -1.000000
vn -0.000000 0.000000 -1.000000
vn -0.000000 0.000000 -1.000000
vn -0.000000 -0.000000 -1.000000
vn -0.000000 -0.000000 -1.000000
vn -0.000000 -0.000000 -1.000000
vn -0.000000 0.000000 -1.000000
vn -0.000000 0.000000 -1.000000
vn -0.000000 0.000000 -1.000000
vn -0.000000 0.000002 -1.000000
vn -0.000000 0.000002 -1.000000
vn -0.000000 0.000002 -1.000000
vn -0.000000 0.000000 1.000000
vn -0.000000 0.000000 1.000000
vn -0.000000 0.000000 1.000000
vn -0.000000 0.000000 1.000000
vn -0.000000 0.000000 1.000000
vn -0.000000 0.000000 1.000000
vn -0.000000 0.000000 1.000000
vn -0.000000 0.000000 1.000000
vn -0.000000 0.000000 1.000000
vn -0.000000 0.000000 1.000000
vn -0.000000 0.000000 1.000000
vn -0.000000 0.000000 1.000000
vn -0.000000 -0.000002 1.000000
vn -0.000000 -0.000002 1.000000
vn -0.000000 -0.000002 1.000000
vn -0.000000 0.000000 -1.000000
vn -0.000000 0.000000 -1.000000
vn -0.000000 0.000000 -1.000000
vn -0.382683 0.923880 0.000000
vn -0.382683 0.923880 0.000000
vn -0.382683 0.923880 0.000000
vn -0.382685 0.923879 0.000000
vn -0.382685 0.923879 0.000000
vn -0.382685 0.923879 0.000000
vn -0.923880 -0.382683 0.000000
vn -0.923880 -0.382683 0.000000
vn -0.923880 -0.382683 0.000000
vn -0.923879 -0.382684 0.000000
vn -0.923879 -0.382684 0.000000
vn -0.923879 -0.382684 0.000000
vn 0.382683 -0.923880 0.000000
vn 0.382683 -0.923880 0.000000
vn 0.382683 -0.923880 0.000000
vn 0.382683 -0.923880 0.000000
vn 0.382683 -0.923880 0.000000
vn 0.382683 -0.923880 0.000000
vn 0.923879 0.382684 0.000000
vn 0.923879 0.382684 0.000000
vn 0.923879 0.382684 0.000000
vn 0.923879 0.382684 0.000000
vn 0.923879 0.382684 0.000000
vn 0.923879 0.382684 0.000000
vn -0.923880 0.382683 0.000000
vn -0.923880 0.382683 0.000000
vn -0.923880 0.382683 0.000000
vn -0.923880 0.382683 0.000000
vn -0.923880 0.382683 0.000000
vn -0.923880 0.382683 0.000000
vn -0.382683 -0.923880 0.000000
vn -0.382683 -0.923880 0.000000
vn -0.382683 -0.923880 0.000000
vn -0.382683 -0.923880 0.000000
vn -0.382683 -0.923880 0.000000
vn -0.382683 -0.923880 0.000000
vn 0.923879 -0.382684 0.000000
vn 0.923879 -0.382684 0.000000
vn 0.923879 -0.382684 0.000000
vn 0.923879 -0.382684 0.000000
vn 0.923879 -0.382684 0.000000
vn 0.923879 -0.382684 0.000000
vn 0.382685 0.923879 0.000000
vn 0.382685 0.923879 0.000000
vn 0.382685 0.923879 0.000000
vn 0.382683 0.923880 0.000000
vn 0.382683 0.923880 0.000000
vn 0.382683 0.923880 0.000000
vn 1.000000 0.000000 0.000000
vn 1.000000 0.000000 0.000000
vn 1.000000 0.000000 0.000000
vn 1.000000 0.000000 0.000000
vn 1.000000 0.000000 0.000000
vn 1.000000 0.000000 0.000000
vn -0.000000 0.000000 1.000000
vn -0.000000 0.000000 1.000000
vn -0.000000 0.000000 1.000000
vn -0.000000 0.000000 1.000000
vn -0.000000 0.000000 1.000000
vn -0.000000 0.000000 1.000000
vn -0.000000 -1.000000 0.000000
vn -0.000000 -1.000000 0.000000
vn -0.000000 -1.000000 0.000000
vn -0.000000 -1.000000 0.000000
vn -0.000000 -1.000000 0.000000
vn -0.000000 -1.000000 0.000000
vn -1.000000 0.000000 0.000000
vn -1.000000 0.000000 0.000000
vn -1.000000 0.000000 0.000000
vn -1.000000 0.000000 0.000000
vn -1.000000 0.000000 0.000000
vn -1.000000 0.000000 0.000000
vn -0.000000 0.000000 -1.000000
vn -0.000000 0.000000 -1.000000
vn -0.000000 0.000000 -1.000000
vn -0.000000 0.000000 -1.000000
vn -0.000000 0.000000 -1.000000
vn -0.000000 0.000000 -1.000000
vn -0.000000 1.000000 0.000000
vn -0.000000 1.000000 0.000000
vn -0.000000 1.000000 0.000000
vn -0.000000 1.000000 0.000000
vn -0.000000 1.000000 0.000000
vn -0.000000 1.000000 0.000000
vn -0.000000 0.000000 -1.000000
vn -0.000000 0.000000 -1.000000
vn -0.000000 0.000000 -1.000000
vn -0.000000 0.000000 -1.000000
vn -0.000000 0.000000 -1.000000
vn -0.000000 0.000000 -1.000000
vn -0.000000 0.000000 -1.000000
vn -0.000000 0.000000 -1.000000
vn -0.000000 0.000000 -1.000000
vn -0.000000 0.000000 -1.000000
vn -0.000000 0.000000 -1.000000
vn -0.000000 0.000000 -1.000000
vn -0.000000 0.000000 -1.000000
vn -0.000000 0.000000 -1.000000
vn -0.000000 0.000000 -1.000000
vn -0.000000 0.000000 1.000000
vn -0.000000 0.000000 1.000000
vn -0.000000 0.000000 1.000000
vn -0.382685 0.923879 0.000000
vn -0.382685 0.923879 0.000000
vn -0.382685 0.923879 0.000000
vn -0.382684 0.923879 0.000000
vn -0.382684 0.923879 0.000000
vn -0.382684 0.923879 0.000000
vn -0.923880 -0.382683 0.000000
vn -0.923880 -0.382683 0.000000
vn -0.923880 -0.382683 0.000000
vn -0.923879 -0.382684 0.000000
vn -0.923879 -0.382684 0.000000
vn -0.923879 -0.382684 0.000000
vn 0.382684 -0.923879 0.000000
vn 0.382684 -0.923879 0.000000
vn 0.382684 -0.923879 0.000000
vn 0.382682 -0.923880 0.000000
vn 0.382682 -0.923880 0.000000
vn 0.382682 -0.923880 0.000000
vn 0.923879 0.382684 0.000000
vn 0.923879 0.382684 0.000000
vn 0.923879 0.382684 0.000000
vn 0.923879 0.382684 0.000000
vn 0.923879 0.382684 0.000000
vn 0.923879 0.382684 0.000000
vn -0.923880 0.382683 0.000000
vn -0.923880 0.382683 0.000000
vn -0.923880 0.382683 0.000000
vn -0.923879 0.382684 0.000000
vn -0.923879 0.382684 0.000000
vn -0.923879 0.382684 0.000000
vn -0.382684 -0.923879 0.000000
vn -0.382684 -0.923879 0.000000
vn -0.382684 -0.923879 0.000000
vn -0.382683 -0.923880 0.000000
vn -0.382683 -0.923880 0.000000
vn -0.382683 -0.923880 0.000000
vn 0.923879 -0.382684 0.000000
vn 0.923879 -0.382684 0.000000
vn 0.923879 -0.382684 0.000000
vn 0.923879 -0.382684 0.000000
vn 0.923879 -0.382684 0.000000
vn 0.923879 -0.382684 0.000000
vn 0.382685 0.923879 0.000000
vn 0.382685 0.923879 0.000000
vn 0.382685 0.923879 0.000000
vn 0.382684 0.923879 0.000000
vn 0.382684 0.923879 0.000000
vn 0.382684 0.923879 0.000000
vn 1.000000 0.000000 0.000000
vn 1.000000 0.000000 0.000000
vn 1.000000 0.000000 0.000000
vn 1.000000 0.000000 0.000000
vn 1.000000 0.000000 0.000000
vn 1.000000 0.000000 0.000000
vn -0.000000 -1.000000 0.000000
vn -0.000000 -1.000000 0.000000
vn -0.000000 -1.000000 0.000000
vn -1.000000 0.000000 0.000000
vn -1.000000 0.000000 0.000000
vn -1.000000 0.000000 0.000000
vn -1.000000 0.000000 0.000000
vn -1.000000 0.000000 0.000000
vn -1.000000 0.000000 0.000000
vn -0.000000 0.000000 -1.000000
vn -0.000000 0.000000 -1.000000
vn -0.000000 0.000000 -1.000000
vn -0.000000 0.000000 -1.000000
vn -0.000000 0.000000 -1.000000
vn -0.000000 0.000000 -1.000000
vn -0.000000 0.000000 -1.000000
vn -0.000000 0.000000 -1.000000
vn -0.000000 0.000000 -1.000000
vn -0.000000 0.000000 -1.000000
vn -0.000000 0.000000 -1.000000
vn -0.000000 0.000000 -1.000000
vn -0.000000 0.000000 1.000000
vn -0.000000 0.000000 1.000000
vn -0.000000 0.000000 1.000000
vn -0.000000 0.000000 1.000000
vn -0.000000 0.000000 1.000000
vn -0.000000 0.000000 1.000000
vn -0.000000 0.000002 1.000000
vn -0.000000 0.000002 1.000000
vn -0.000000 0.000002 1.000000
vn -0.000000 0.000002 1.000000
vn -0.000000 0.000002 1.000000
vn -0.000000 0.000002 1.000000
vn -0.000000 -0.000001 1.000000
vn -0.000000 -0.000001 1.000000
vn -0.000000 -0.000001 1.000000
vn -0.000000 -0.000002 1.000000
vn -0.000000 -0.000002 1.000000
vn -0.000000 -0.000002 1.000000
vn -0.000000 -0.000005 1.000000
vn -0.000000 -0.000005 1.000000
vn -0.000000 -0.000005 1.000000
vn -0.000000 1.000000 0.000000
vn -0.000000 1.000000 0.000000
vn -0.000000 1.000000 0.000000
vn -0.000000 0.000000 1.000000
vn -0.000000 0.000000 1.000000
vn -0.000000 0.000000 1.000000
vn -0.000000 0.000000 -1.000000
vn -0.000000 0.000000 -1.000000
vn -0.000000 0.000000 -1.000000
vn -0.000000 0.000000 -1.000000
vn -0.000000 0.000000 -1.000000
vn -0.000000 0.000000 -1.000000
vn -0.000000 0.000000 -1.000000
vn -0.000000 0.000000 -1.000000
vn -0.000000 0.000000 -1.000000
vn -0.000000 0.000000 -1.000000
vn -0.000000 0.000000 -1.000000
vn -0.000000 0.000000 -1.000000
vn -0.000000 0.000000 -1.000000
vn -0.000000 0.000000 -1.000000
vn -0.000000 0.000000 -1.000000
vn -0.000000 0.000000 1.000000
vn -0.000000 0.000000 1.000000
vn -0.000000 0.000000 1.000000
vn -0.000000 0.000000 -1.000000
vn -0.000000 0.000000 -1.000000
vn -0.000000 0.000000 -1.000000
vn -0.000000 0.000000 -1.000000
vn -0.000000 0.000000 -1.000000
vn -0.000000 0.000000 -1.000000
vn -0.000000 0.000000 -1.000000
vn -0.000000 0.000000 -1.000000
vn -0.000000 0.000000 -1.000000
vn -0.000000 0.000000 -1.000000
vn -0.000000 0.000000 -1.000000
vn -0.000000 0.000000 -1.000000
vn -0.000000 0.000000 -1.000000
vn -0.000000 0.000000 -1.000000
vn -0.000000 0.000000 -1.000000

g Material.001
f 3/1/1 1/2/2 2/3/3
f 6/4/4 4/5/5 5/6/6
f 9/7/7 7/8/8 8/9/9
f 12/10/10 10/11/11 11/12/12
f 15/13/13 13/14/14 14/15/15
f 18/16/16 16/17/17 17/18/18
f 21/19/19 19/20/20 20/21/21
f 24/22/22 22/23/23 23/24/24
f 27/25/25 25/26/26 26/27/27
f 30/28/28 28/29/29 29/30/30
f 33/31/31 31/32/32 32/33/33
f 36/34/34 34/35/35 35/36/36
f 39/37/37 37/38/38 38/39/39
f 42/40/40 40/41/41 41/42/42
f 45/43/43 43/44/44 44/45/45
f 48/46/46 46/47/47 47/48/48
f 51/49/49 49/50/50 50/51/51
f 54/52/52 52/53/53 53/54/54
f 57/55/55 55/56/56 56/57/57
f 60/58/58 58/59/59 59/60/60
f 63/61/61 61/62/62 62/63/63
f 66/64/64 64/65/65 65/66/66
f 69/67/67 67/68/68 68/69/69
f 72/70/70 70/71/71 71/72/72
f 75/73/73 73/74/74 74/75/75
f 78/76/76 76/77/77 77/78/78
f 81/79/79 79/80/80 80/81/81
f 84/82/82 82/83/83 83/84/84
f 87/85/85 85/86/86 86/87/87
f 90/88/88 88/89/89 89/90/90
f 93/91/91 91/92/92 92/93/93
f 96/94/94 94/95/95 95/96/96
f 99/97/97 97/98/98 98/99/99
f 102/100/100 100/101/101 101/102/102
f 105/103/103 103/104/104 104/105/105
f 108/106/106 106/107/107 107/108/108
f 111/109/109 109/110/110 110/111/111
f 114/112/112 112/113/113 113/114/114
f 117/115/115 115/116/116 116/117/117
f 120/118/118 118/119/119 119/120/120
f 123/121/121 121/122/122 122/123/123
f 126/124/124 124/125/125 125/126/126
f 129/127/127 127/128/128 128/129/129
f 132/130/130 130/131/131 131/132/132
f 135/133/133 133/134/134 134/135/135
f 138/136/136 136/137/137 137/138/138
f 141/139/139 139/140/140 140/141/141
f 144/142/142 142/143/143 143/144/144
f 147/145/145 145/146/146 146/147/147
f 150/148/148 148/149/149 149/150/150
f 153/151/151 151/152/152 152/153/153
f 156/154/154 154/155/155 155/156/156
f 159/157/157 157/158/158 158/159/159
f 162/160/160 160/161/161 161/162/162
f 165/163/163 163/164/164 164/165/165
f 168/166/166 166/167/167 167/168/168
f 171/169/169 169/170/170 170/171/171
f 174/172/172 172/173/173 173/174/174
f 177/175/175 175/176/176 176/177/177
f 180/178/178 178/179/179 179/180/180
f 183/181/181 181/182/182 182/183/183
f 186/184/184 184/185/185 185/186/186
f 189/187/187 187/188/188 188/189/189
f 192/190/190 190/191/191 191/192/192
f 195/193/193 193/194/194 194/195/195
f 198/196/196 196/197/197 197/198/198
f 201/199/199 199/200/200 200/201/201
f 204/202/202 202/203/203 203/204/204
f 207/205/205 205/206/206 206/207/207
f 210/208/208 208/209/209 209/210/210
f 213/211/211 211/212/212 212/213/213
f 216/214/214 214/215/215 215/216/216
f 219/217/217 217/218/218 218/219/219
f 222/220/220 220/221/221 221/222/222
f 225/223/223 223/224/224 224/225/225
f 228/226/226 226/227/227 227/228/228
f 231/229/229 229/230/230 230/231/231
f 234/232/232 232/233/233 233/234/234
f 237/235/235 235/236/236 236/237/237
f 240/238/238 238/239/239 239/240/240
f 243/241/241 241/242/242 242/243/243
f 246/244/244 244/245/245 245/246/246
f 249/247/247 247/248/248 248/249/249
f 252/250/250 250/251/251 251/252/252
f 255/253/253 253/254/254 254/255/255
f 258/256/256 256/257/257 257/258/258
f 261/259/259 259/260/260 260/261/261
f 264/262/262 262/263/263 263/264/264
f 267/265/265 265/266/266 266/267/267
f 270/268/268 268/269/269 269/270/270
f 273/271/271 271/272/272 272/273/273
f 276/274/274 274/275/275 275/276/276
f 279/277/277 277/278/278 278/279/279
f 282/280/280 280/281/281 281/282/282
f 285/283/283 283/284/284 284/285/285
f 288/286/286 286/287/287 287/288/288
f 291/289/289 289/290/290 290/291/291
f 294/292/292 292/293/293 293/294/294
f 297/295/295 295/296/296 296/297/297
f 300/298/298 298/299/299 299/300/300
f 303/301/301 301/302/302 302/303/303
f 306/304/304 304/305/305 305/306/306
f 309/307/307 307/308/308 308/309/309
f 312/310/310 310/311/311 311/312/312
f 315/313/313 313/314/314 314/315/315
f 318/316/316 316/317/317 317/318/318
f 321/319/319 319/320/320 320/321/321
f 324/322/322 322/323/323 323/324/324
f 327/325/325 325/326/326 326/327/327
f 330/328/328 328/329/329 329/330/330
f 333/331/331 331/332/332 332/333/333
f 336/334/334 334/335/335 335/336/336
f 339/337/337 337/338/338 338/339/339
f 342/340/340 340/341/341 341/342/342
f 345/343/343 343/344/344 344/345/345
f 348/346/346 346/347/347 347/348/348
f 351/349/349 349/350/350 350/351/351
f 354/352/352 352/353/353 353/354/354
f 357/355/355 355/356/356 356/357/357
f 360/358/358 358/359/359 359/360/360
f 363/361/361 361/362/362 362/363/363
f 366/364/364 364/365/365 365/366/366
f 369/367/367 367/368/368 368/369/369
f 372/370/370 370/371/371 371/372/372
f 375/373/373 373/374/374 374/375/375
f 378/376/376 376/377/377 377/378/378
f 381/379/379 379/380/380 380/381/381
f 384/382/382 382/383/383 383/384/384
f 387/385/385 385/386/386 386/387/387
f 390/388/388 388/389/389 389/390/390
f 393/391/391 391/392/392 392/393/393
f 396/394/394 394/395/395 395/396/396
f 399/397/397 397/398/398 398/399/399
f 402/400/400 400/401/401 401/402/402
f 405/403/403 403/404/404 404/405/405
f 408/406/406 406/407/407 407/408/408
f 411/409/409 409/410/410 410/411/411
f 414/412/412 412/413/413 413/414/414
f 417/415/415 415/416/416 416/417/417
f 420/418/418 418/419/419 419/420/420
f 423/421/421 421/422/422 422/423/423
f 426/424/424 424/425/425 425/426/426
f 429/427/427 427/428/428 428/429/429
f 432/430/430 430/431/431 431/432/432
f 435/433/433 433/434/434 434/435/435
f 438/436/436 436/437/437 437/438/438
f 441/439/439 439/440/440 440/441/441
f 444/442/442 442/443/443 443/444/444
f 447/445/445 445/446/446 446/447/447
f 450/448/448 448/449/449 449/450/450
f 453/451/451 451/452/452 452/453/453
f 456/454/454 454/455/455 455/456/456
f 459/457/457 457/458/458 458/459/459
f 462/460/460 460/461/461 461/462/462
f 465/463/463 463/464/464 464/465/465
f 468/466/466 466/467/467 467/468/468
f 471/469/469 469/470/470 470/471/471
f 474/472/472 472/473/473 473/474/474
f 477/475/475 475/476/476 476/477/477
f 480/478/478 478/479/479 479/480/480
f 483/481/481 481/482/482 482/483/483
f 486/484/484 484/485/485 485/486/486
f 489/487/487 487/488/488 488/489/489
f 492/490/490 490/491/491 491/492/492
f 495/493/493 493/494/494 494/495/495
f 498/496/496 496/497/497 497/498/498
f 501/499/499 499/500/500 500/501/501
f 504/502/502 502/503/503 503/504/504
f 507/505/505 505/506/506 506/507/507
f 510/508/508 508/509/509 509/510/510
f 513/511/511 511/512/512 512/513/513
f 516/514/514 514/515/515 515/516/516
f 519/517/517 517/518/518 518/519/519
f 522/520/520 520/521/521 521/522/522
f 525/523/523 523/524/524 524/525/525
f 528/526/526 526/527/527 527/528/528
f 531/529/529 529/530/530 530/531/531
f 534/532/532 532/533/533 533/534/534
f 537/535/535 535/536/536 536/537/537
f 540/538/538 538/539/539 539/540/540
f 543/541/541 541/542/542 542/543/543
f 546/544/544 544/545/545 545/546/546
f 549/547/547 547/548/548 548/549/549
f 552/550/550 550/551/551 551/552/552
f 555/553/553 553/554/554 554/555/555
f 558/556/556 556/557/557 557/558/558
f 561/559/559 559/560/560 560/561/561
f 564/562/562 562/563/563 563/564/564
f 567/565/565 565/566/566 566/567/567
f 570/568/568 568/569/569 569/570/570
f 573/571/571 571/572/572 572/573/573
f 576/574/574 574/575/575 575/576/576
f 579/577/577 577/578/578 578/579/579
f 582/580/580 580/581/581 581/582/582
f 585/583/583 583/584/584 584/585/585
f 588/586/586 586/587/587 587/588/588
f 591/589/589 589/590/590 590/591/591
f 594/592/592 592/593/593 593/594/594
f 597/595/595 595/596/596 596/597/597
f 600/598/598 598/599/599 599/600/600
f 603/601/601 601/602/602 602/603/603
f 606/604/604 604/605/605 605/606/606
f 609/607/607 607/608/608 608/609/609
f 612/610/610 610/611/611 611/612/612
f 615/613/613 613/614/614 614/615/615
f 618/616/616 616/617/617 617/618/618
f 621/619/619 619/620/620 620/621/621
f 624/622/622 622/623/623 623/624/624
f 627/625/625 625/626/626 626/627/627
f 630/628/628 628/629/629 629/630/630
f 633/631/631 631/632/632 632/633/633
f 636/634/634 634/635/635 635/636/636
f 639/637/637 637/638/638 638/639/639
f 642/640/640 640/641/641 641/642/642
f 645/643/643 643/644/644 644/645/645
f 648/646/646 646/647/647 647/648/648
f 651/649/649 649/650/650 650/651/651
f 654/652/652 652/653/653 653/654/654
f 657/655/655 655/656/656 656/657/657
f 660/658/658 658/659/659 659/660/660
f 663/661/661 661/662/662 662/663/663
f 666/664/664 664/665/665 665/666/666
f 669/667/667 667/668/668 668/669/669
f 672/670/670 670/671/671 671/672/672
f 675/673/673 673/674/674 674/675/675
f 678/676/676 676/677/677 677/678/678
f 681/679/679 679/680/680 680/681/681
f 684/682/682 682/683/683 683/684/684
f 687/685/685 685/686/686 686/687/687
f 690/688/688 688/689/689 689/690/690
f 693/691/691 691/692/692 692/693/693
f 696/694/694 694/695/695 695/696/696
f 699/697/697 697/698/698 698/699/699
f 702/700/700 700/701/701 701/702/702
f 705/703/703 703/704/704 704/705/705
f 708/706/706 706/707/707 707/708/708
f 711/709/709 709/710/710 710/711/711
f 714/712/712 712/713/713 713/714/714
f 717/715/715 715/716/716 716/717/717
f 720/718/718 718/719/719 719/720/720
f 723/721/721 721/722/722 722/723/723
f 726/724/724 724/725/725 725/726/726
f 729/727/727 727/728/728 728/729/729
f 732/730/730 730/731/731 731/732/732
f 735/733/733 733/734/734 734/735/735
f 738/736/736 736/737/737 737/738/738
f 741/739/739 739/740/740 740/741/741
f 744/742/742 742/743/743 743/744/744
f 747/745/745 745/746/746 746/747/747
f 750/748/748 748/749/749 749/750/750
f 753/751/751 751/752/752 752/753/753
f 756/754/754 754/755/755 755/756/756
f 759/757/757 757/758/758 758/759/759
f 762/760/760 760/761/761 761/762/762
f 765/763/763 763/764/764 764/765/765
f 768/766/766 766/767/767 767/768/768
f 771/769/769 769/770/770 770/771/771
f 774/772/772 772/773/773 773/774/774
f 777/775/775 775/776/776 776/777/777
f 780/778/778 778/779/779 779/780/780
f 783/781/781 781/782/782 782/783/783
f 786/784/784 784/785/785 785/786/786
f 789/787/787 787/788/788 788/789/789
f 792/790/790 790/791/791 791/792/792
f 795/793/793 793/794/794 794/795/795
f 798/796/796 796/797/797 797/798/798
f 801/799/799 799/800/800 800/801/801
f 804/802/802 802/803/803 803/804/804
f 807/805/805 805/806/806 806/807/807
f 810/808/808 808/809/809 809/810/810
f 813/811/811 811/812/812 812/813/813
f 816/814/814 814/815/815 815/816/816
f 819/817/817 817/818/818 818/819/819
f 822/820/820 820/821/821 821/822/822
f 825/823/823 823/824/824 824/825/825
f 828/826/826 826/827/827 827/828/828
f 831/829/829 829/830/830 830/831/831
f 834/832/832 832/833/833 833/834/834
f 837/835/835 835/836/836 836/837/837
f 840/838/838 838/839/839 839/840/840
f 843/841/841 841/842/842 842/843/843
f 846/844/844 844/845/845 845/846/846
f 849/847/847 847/848/848 848/849/849
f 852/850/850 850/851/851 851/852/852
f 855/853/853 853/854/854 854/855/855
f 858/856/856 856/857/857 857/858/858
f 861/859/859 859/860/860 860/861/861
f 864/862/862 862/863/863 863/864/864
f 867/865/865 865/866/866 866/867/867
f 870/868/868 868/869/869 869/870/870
f 873/871/871 871/872/872 872/873/873
f 876/874/874 874/875/875 875/876/876

g Material.002
f 879/877/877 877/878/878 878/879/879
f 882/880/880 880/881/881 881/882/882
f 885/883/883 883/884/884 884/885/885
f 888/886/886 886/887/887 887/888/888
f 891/889/889 889/890/890 890/891/891
f 894/892/892 892/893/893 893/894/894
f 897/895/895 895/896/896 896/897/897
f 900/898/898 898/899/899 899/900/900
f 903/901/901 901/902/902 902/903/903
f 906/904/904 904/905/905 905/906/906
f 909/907/907 907/908/908 908/909/909
f 912/910/910 910/911/911 911/912/912
f 915/913/913 913/914/914 914/915/915
f 918/916/916 916/917/917 917/918/918
f 921/919/919 919/920/920 920/921/921
f 924/922/922 922/923/923 923/924/924
f 927/925/925 925/926/926 926/927/927
f 930/928/928 928/929/929 929/930/930
f 933/931/931 931/932/932 932/933/933
f 936/934/934 934/935/935 935/936/936
f 939/937/937 937/938/938 938/939/939
f 942/940/940 940/941/941 941/942/942
f 945/943/943 943/944/944 944/945/945
f 948/946/946 946/947/947 947/948/948
f 951/949/949 949/950/950 950/951/951
f 954/952/952 952/953/953 953/954/954
f 957/955/955 955/956/956 956/957/957
f 960/958/958 958/959/959 959/960/960
f 963/961/961 961/962/962 962/963/963
f 966/964/964 964/965/965 965/966/966
f 969/967/967 967/968/968 968/969/969
f 972/970/970 970/971/971 971/972/972
f 975/973/973 973/974/974 974/975/975
f 978/976/976 976/977/977 977/978/978
f 981/979/979 979/980/980 980/981/981
f 984/982/982 982/983/983 983/984/984
f 987/985/985 985/986/986 986/987/987
f 990/988/988 988/989/989 989/990/990
f 993/991/991 991/992/992 992/993/993
f 996/994/994 994/995/995 995/996/996
f 999/997/997 997/998/998 998/999/999
f 1002/1000/1000 1000/1001/1001 1001/1002/1002
f 1005/1003/1003 1003/1004/1004 1004/1005/1005
f 1008/1006/1006 1006/1007/1007 1007/1008/1008
f 1011/1009/1009 1009/1010/1010 1010/1011/1011
f 1014/1012/1012 1012/1013/1013 1013/1014/1014
f 1017/1015/1015 1015/1016/1016 1016/1017/1017
f 1020/1018/1018 1018/1019/1019 1019/1020/1020
f 1023/1021/1021 1021/1022/1022 1022/1023/1023
f 1026/1024/1024 1024/1025/1025 1025/1026/1026
f 1029/1027/1027 1027/1028/1028 1028/1029/1029
f 1032/1030/1030 1030/1031/1031 1031/1032/1032
f 1035/1033/1033 1033/1034/1034 1034/1035/1035
f 1038/1036/1036 1036/1037/1037 1037/1038/1038
f 1041/1039/1039 1039/1040/1040 1040/1041/1041
f 1044/1042/1042 1042/1043/1043 1043/1044/1044
f 1047/1045/1045 1045/1046/1046 1046/1047/1047
f 1050/1048/1048 1048/1049/1049 1049/1050/1050
f 1053/1051/1051 1051/1052/1052 1052/1053/1053
f 1056/1054/1054 1054/1055/1055 1055/1056/1056
f 1059/1057/1057 1057/1058/1058 1058/1059/1059
f 1062/1060/1060 1060/1061/1061 1061/1062/1062
f 1065/1063/1063 1063/1064/1064 1064/1065/1065
f 1068/1066/1066 1066/1067/1067 1067/1068/1068
f 1071/1069/1069 1069/1070/1070 1070/1071/1071
f 1074/1072/1072 1072/1073/1073 1073/1074/1074
f 1077/1075/1075 1075/1076/1076 1076/1077/1077
f 1080/1078/1078 1078/1079/1079 1079/1080/1080

g Material.003
f 1083/1081/1081 1081/1082/1082 1082/1083/1083
f 1086/1084/1084 1084/1085/1085 1085/1086/1086
f 1089/1087/1087 1087/1088/1088 1088/1089/1089
f 1092/1090/1090 1090/1091/1091 1091/1092/1092
f 1095/1093/1093 1093/1094/1094 1094/1095/1095
f 1098/1096/1096 1096/1097/1097 1097/1098/1098
f 1101/1099/1099 1099/1100/1100 1100/1101/1101
f 1104/1102/1102 1102/1103/1103 1103/1104/1104
f 1107/1105/1105 1105/1106/1106 1106/1107/1107
f 1110/1108/1108 1108/1109/1109 1109/1110/1110
f 1113/1111/1111 1111/1112/1112 1112/1113/1113
f 1116/1114/1114 1114/1115/1115 1115/1116/1116

