# Converted from B3D for Luanti (With Correct Normals)
# Object Name: multidecor_modern_sofa_4

v 1.150000 -0.880170 1.044444
v 1.150000 -0.780170 1.044444
v -0.849999 -0.780170 1.044444
v -0.849999 -0.880170 1.044444
v -0.849999 -0.880170 1.044444
v -0.849999 -0.780170 1.044444
v -0.850000 -0.780170 -0.555555
v -0.850000 -0.880170 -0.555555
v -0.850000 -0.880170 -0.555555
v 1.150000 -0.880170 -0.555556
v 1.150000 -0.880170 1.044444
v -0.849999 -0.880170 1.044444
v -0.850000 -0.880170 -0.555555
v -0.850000 -0.780170 -0.555555
v 1.150000 -0.780170 -0.555556
v 1.150000 -0.880170 -0.555556
v 1.150000 -0.480170 -0.555556
v -0.850000 -0.480170 -0.555555
v -0.849999 -0.480170 0.944445
v 1.150000 -0.480170 0.944444
v 1.150000 -0.780170 -0.555556
v -0.850000 -0.780170 -0.555555
v -0.850000 -0.480170 -0.555555
v 1.150000 -0.480170 -0.555556
v -0.849999 -0.780170 0.944445
v 1.150000 -0.780170 0.944444
v 1.150000 -0.480170 0.944444
v -0.849999 -0.480170 0.944445
v -0.849999 -0.780170 0.944445
v -0.849999 0.719830 0.944445
v 1.150000 0.719830 0.944444
v 1.150000 -0.780170 0.944444
v 1.150000 -0.780170 1.044444
v 1.150000 0.719830 1.044444
v -0.849999 0.719830 1.044444
v -0.849999 -0.780170 1.044444
v 1.150000 0.719830 0.944444
v -0.849999 0.719830 0.944445
v -0.849999 0.719830 1.044444
v 1.150000 0.719830 1.044444
v -0.316666 -0.480170 0.444445
v -0.316666 -0.463503 0.881944
v -0.761110 -0.457948 0.861111
v -0.783333 -0.463503 0.444445
v -0.606422 -0.000000 0.716092
v -0.761110 -0.102392 0.861111
v -0.316666 -0.096837 0.881944
v -0.849999 -0.213503 0.444445
v -0.783332 -0.213503 0.881945
v -0.761110 -0.102392 0.861111
v -0.783333 -0.096837 0.444445
v 0.616667 -0.213503 0.944444
v 1.083334 -0.213503 0.881944
v 1.061111 -0.102392 0.861111
v 0.616667 -0.096837 0.881944
v -0.316666 -0.213503 -0.555555
v -0.783333 -0.213503 -0.493055
v -0.761111 -0.102392 -0.472222
v -0.316666 -0.096837 -0.493055
v 1.150000 -0.213503 -0.055556
v 1.083333 -0.213503 -0.493056
v 1.061111 -0.102392 -0.472222
v 1.083333 -0.096837 -0.055556
v 1.083334 -0.213503 0.881944
v 1.150000 -0.213503 0.444444
v 1.083334 -0.096837 0.444444
v 1.061111 -0.102392 0.861111
v 1.150000 -0.213503 0.444444
v 1.150000 -0.213503 -0.055556
v 1.083333 -0.096837 -0.055556
v 1.083334 -0.096837 0.444444
v 1.061111 -0.457948 0.861111
v 1.083334 -0.463503 0.444444
v 1.150000 -0.346837 0.444444
v 1.083334 -0.346837 0.881944
v 1.083334 -0.346837 0.881944
v 1.150000 -0.346837 0.444444
v 1.150000 -0.213503 0.444444
v 1.083334 -0.213503 0.881944
v 1.083334 -0.463503 0.444444
v 1.083333 -0.463503 -0.055556
v 1.150000 -0.346837 -0.055556
v 1.150000 -0.346837 0.444444
v 1.150000 -0.346837 0.444444
v 1.150000 -0.346837 -0.055556
v 1.150000 -0.213503 -0.055556
v 1.150000 -0.213503 0.444444
v 1.083333 -0.463503 -0.055556
v 1.061111 -0.457948 -0.472222
v 1.083333 -0.346837 -0.493056
v 1.150000 -0.346837 -0.055556
v 1.150000 -0.346837 -0.055556
v 1.083333 -0.346837 -0.493056
v 1.083333 -0.213503 -0.493056
v 1.150000 -0.213503 -0.055556
v 1.083333 -0.213503 -0.493056
v 0.616667 -0.213503 -0.555555
v 0.616667 -0.096837 -0.493055
v 1.061111 -0.102392 -0.472222
v 0.616667 -0.213503 -0.555555
v -0.316666 -0.213503 -0.555555
v -0.316666 -0.096837 -0.493055
v 0.616667 -0.096837 -0.493055
v 1.061111 -0.457948 -0.472222
v 0.616667 -0.463503 -0.493055
v 0.616667 -0.346837 -0.555555
v 1.083333 -0.346837 -0.493056
v 1.083333 -0.346837 -0.493056
v 0.616667 -0.346837 -0.555555
v 0.616667 -0.213503 -0.555555
v 1.083333 -0.213503 -0.493056
v 0.616667 -0.463503 -0.493055
v -0.316666 -0.463503 -0.493055
v -0.316666 -0.346837 -0.555555
v 0.616667 -0.346837 -0.555555
v 0.616667 -0.346837 -0.555555
v -0.316666 -0.346837 -0.555555
v -0.316666 -0.213503 -0.555555
v 0.616667 -0.213503 -0.555555
v -0.316666 -0.463503 -0.493055
v -0.761111 -0.457948 -0.472222
v -0.783333 -0.346837 -0.493055
v -0.316666 -0.346837 -0.555555
v -0.316666 -0.346837 -0.555555
v -0.783333 -0.346837 -0.493055
v -0.783333 -0.213503 -0.493055
v -0.316666 -0.213503 -0.555555
v -0.783332 -0.213503 0.881945
v -0.316666 -0.213503 0.944444
v -0.316666 -0.096837 0.881944
v -0.761110 -0.102392 0.861111
v -0.316666 -0.213503 0.944444
v 0.616667 -0.213503 0.944444
v 0.616667 -0.096837 0.881944
v -0.316666 -0.096837 0.881944
v -0.761110 -0.457948 0.861111
v -0.316666 -0.463503 0.881944
v -0.316666 -0.346837 0.944444
v -0.783332 -0.346837 0.881945
v -0.783332 -0.346837 0.881945
v -0.316666 -0.346837 0.944444
v -0.316666 -0.213503 0.944444
v -0.783332 -0.213503 0.881945
v -0.316666 -0.463503 0.881944
v 0.616667 -0.463503 0.881944
v 0.616667 -0.346837 0.944444
v -0.316666 -0.346837 0.944444
v -0.316666 -0.346837 0.944444
v 0.616667 -0.346837 0.944444
v 0.616667 -0.213503 0.944444
v -0.316666 -0.213503 0.944444
v 0.616667 -0.463503 0.881944
v 1.061111 -0.457948 0.861111
v 1.083334 -0.346837 0.881944
v 0.616667 -0.346837 0.944444
v 0.616667 -0.346837 0.944444
v 1.083334 -0.346837 0.881944
v 1.083334 -0.213503 0.881944
v 0.616667 -0.213503 0.944444
v -0.783333 -0.213503 -0.493055
v -0.849999 -0.213503 -0.055555
v -0.783333 -0.096837 -0.055555
v -0.761111 -0.102392 -0.472222
v -0.849999 -0.213503 -0.055555
v -0.849999 -0.213503 0.444445
v -0.783333 -0.096837 0.444445
v -0.783333 -0.096837 -0.055555
v -0.761111 -0.457948 -0.472222
v -0.783333 -0.463503 -0.055555
v -0.849999 -0.346837 -0.055555
v -0.783333 -0.346837 -0.493055
v -0.783333 -0.346837 -0.493055
v -0.849999 -0.346837 -0.055555
v -0.849999 -0.213503 -0.055555
v -0.783333 -0.213503 -0.493055
v -0.783333 -0.463503 -0.055555
v -0.783333 -0.463503 0.444445
v -0.849999 -0.346837 0.444445
v -0.849999 -0.346837 -0.055555
v -0.849999 -0.346837 -0.055555
v -0.849999 -0.346837 0.444445
v -0.849999 -0.213503 0.444445
v -0.849999 -0.213503 -0.055555
v -0.783333 -0.463503 0.444445
v -0.761110 -0.457948 0.861111
v -0.783332 -0.346837 0.881945
v -0.849999 -0.346837 0.444445
v -0.849999 -0.346837 0.444445
v -0.783332 -0.346837 0.881945
v -0.783332 -0.213503 0.881945
v -0.849999 -0.213503 0.444445
v 0.906424 -0.000000 0.716091
v 1.061111 -0.102392 0.861111
v 1.083334 -0.096837 0.444444
v 0.906424 -0.000000 0.716091
v -0.606422 -0.000000 0.716092
v -0.316666 -0.096837 0.881944
v 0.616667 -0.096837 0.881944
v 1.061111 -0.102392 -0.472222
v 0.906424 -0.000000 -0.327202
v 1.083333 -0.096837 -0.055556
v 1.083333 -0.096837 -0.055556
v 0.906424 -0.000000 -0.327202
v 0.906424 -0.000000 0.716091
v 1.083334 -0.096837 0.444444
v 0.616667 -0.096837 -0.493055
v -0.316666 -0.096837 -0.493055
v -0.606423 -0.000000 -0.327202
v 0.906424 -0.000000 -0.327202
v 0.906424 -0.000000 -0.327202
v -0.606423 -0.000000 -0.327202
v -0.606422 -0.000000 0.716092
v 0.906424 -0.000000 0.716091
v -0.761111 -0.102392 -0.472222
v -0.606423 -0.000000 -0.327202
v -0.316666 -0.096837 -0.493055
v -0.606423 -0.000000 -0.327202
v -0.783333 -0.096837 -0.055555
v -0.783333 -0.096837 0.444445
v -0.606422 -0.000000 0.716092
v -0.316666 -0.463503 -0.493055
v -0.316666 -0.480170 -0.055555
v -0.783333 -0.463503 -0.055555
v -0.761111 -0.457948 -0.472222
v -0.316666 -0.480170 -0.055555
v -0.316666 -0.480170 0.444445
v -0.783333 -0.463503 0.444445
v -0.783333 -0.463503 -0.055555
v 1.061111 -0.457948 -0.472222
v 1.083333 -0.463503 -0.055556
v 0.616667 -0.480170 -0.055555
v 0.616667 -0.463503 -0.493055
v 0.616667 -0.463503 -0.493055
v 0.616667 -0.480170 -0.055555
v -0.316666 -0.480170 -0.055555
v -0.316666 -0.463503 -0.493055
v 1.083333 -0.463503 -0.055556
v 1.083334 -0.463503 0.444444
v 0.616667 -0.480170 0.444444
v 0.616667 -0.480170 -0.055555
v 0.616667 -0.480170 -0.055555
v 0.616667 -0.480170 0.444444
v -0.316666 -0.480170 0.444445
v -0.316666 -0.480170 -0.055555
v 1.083334 -0.463503 0.444444
v 1.061111 -0.457948 0.861111
v 0.616667 -0.463503 0.881944
v 0.616667 -0.480170 0.444444
v 0.616667 -0.480170 0.444444
v 0.616667 -0.463503 0.881944
v -0.316666 -0.463503 0.881944
v -0.316666 -0.480170 0.444445
v -0.606422 -0.000000 0.716092
v -0.783333 -0.096837 0.444445
v -0.761110 -0.102392 0.861111
v 0.906424 -0.000000 0.716091
v 0.616667 -0.096837 0.881944
v 1.061111 -0.102392 0.861111
v 1.061111 -0.102392 -0.472222
v 0.616667 -0.096837 -0.493055
v 0.906424 -0.000000 -0.327202
v -0.761111 -0.102392 -0.472222
v -0.783333 -0.096837 -0.055555
v -0.606423 -0.000000 -0.327202
v -0.316666 0.721647 0.961111
v -0.316666 1.071647 0.944444
v -0.761110 1.054980 0.938889
v -0.783332 0.721647 0.944445
v -0.606423 0.938964 0.480941
v -0.761110 1.054980 0.583333
v -0.316666 1.071647 0.577778
v -0.849999 0.721647 0.694445
v -0.783332 1.071647 0.694445
v -0.761110 1.054980 0.583333
v -0.783332 0.721647 0.577778
v 0.933334 1.121647 0.694444
v 1.050000 1.071647 0.694444
v 1.050000 1.071647 0.583333
v 0.933334 1.071647 0.577778
v -0.316666 -0.078353 0.694444
v -0.783332 -0.028353 0.694445
v -0.761110 -0.011686 0.583333
v -0.316666 -0.028353 0.577778
v 1.050000 0.321647 0.694444
v 1.050000 -0.011686 0.694444
v 1.050000 -0.011686 0.583333
v 1.050000 0.321647 0.577777
v 1.050000 1.071647 0.694444
v 1.050000 0.721647 0.694444
v 1.050000 0.721647 0.577777
v 1.050000 1.071647 0.583333
v 1.050000 0.721647 0.694444
v 1.050000 0.321647 0.694444
v 1.050000 0.321647 0.577777
v 1.050000 0.721647 0.577777
v 1.050000 1.071647 0.943511
v 1.050000 0.721647 0.944444
v 1.050000 0.721647 0.827777
v 1.050000 1.071647 0.827777
v 1.050000 1.071647 0.827777
v 1.050000 0.721647 0.827777
v 1.050000 0.721647 0.694444
v 1.050000 1.071647 0.694444
v 1.050000 0.721647 0.944444
v 1.050000 0.321647 0.944444
v 1.050000 0.321647 0.827778
v 1.050000 0.721647 0.827777
v 1.050000 0.721647 0.827777
v 1.050000 0.321647 0.827778
v 1.050000 0.321647 0.694444
v 1.050000 0.721647 0.694444
v 1.050000 0.321647 0.944444
v 1.050000 -0.011686 0.938889
v 1.050000 -0.011686 0.827778
v 1.050000 0.321647 0.827778
v 1.050000 0.321647 0.827778
v 1.050000 -0.011686 0.827778
v 1.050000 -0.011686 0.694444
v 1.050000 0.321647 0.694444
v 1.050000 -0.011686 0.694444
v 0.933334 -0.078353 0.694444
v 0.933334 -0.028353 0.577778
v 1.050000 -0.011686 0.583333
v 0.933334 -0.078353 0.694444
v -0.316666 -0.078353 0.694444
v -0.316666 -0.028353 0.577778
v 0.933334 -0.028353 0.577778
v 1.050000 -0.011686 0.938889
v 0.933334 -0.028353 0.944444
v 0.933334 -0.078353 0.827778
v 1.050000 -0.011686 0.827778
v 1.050000 -0.011686 0.827778
v 0.933334 -0.078353 0.827778
v 0.933334 -0.078353 0.694444
v 1.050000 -0.011686 0.694444
v 0.933334 -0.028353 0.944444
v -0.316666 -0.028353 0.944444
v -0.316666 -0.078353 0.827778
v 0.933334 -0.078353 0.827778
v 0.933334 -0.078353 0.827778
v -0.316666 -0.078353 0.827778
v -0.316666 -0.078353 0.694444
v 0.933334 -0.078353 0.694444
v -0.316666 -0.028353 0.944444
v -0.761110 -0.011686 0.938889
v -0.783332 -0.028353 0.827778
v -0.316666 -0.078353 0.827778
v -0.316666 -0.078353 0.827778
v -0.783332 -0.028353 0.827778
v -0.783332 -0.028353 0.694445
v -0.316666 -0.078353 0.694444
v -0.783332 1.071647 0.694445
v -0.316666 1.121647 0.694444
v -0.316666 1.071647 0.577778
v -0.761110 1.054980 0.583333
v -0.316666 1.121647 0.694444
v 0.933334 1.121647 0.694444
v 0.933334 1.071647 0.577778
v -0.316666 1.071647 0.577778
v -0.761110 1.054980 0.938889
v -0.316666 1.071647 0.944444
v -0.316666 1.121647 0.827778
v -0.783332 1.071647 0.827778
v -0.783332 1.071647 0.827778
v -0.316666 1.121647 0.827778
v -0.316666 1.121647 0.694444
v -0.783332 1.071647 0.694445
v -0.316666 1.071647 0.944444
v 0.933334 1.071647 0.944444
v 0.933334 1.121647 0.827778
v -0.316666 1.121647 0.827778
v -0.316666 1.121647 0.827778
v 0.933334 1.121647 0.827778
v 0.933334 1.121647 0.694444
v -0.316666 1.121647 0.694444
v 0.933334 1.071647 0.944444
v 1.050000 1.071647 0.943511
v 1.050000 1.071647 0.827777
v 0.933334 1.121647 0.827778
v 0.933334 1.121647 0.827778
v 1.050000 1.071647 0.827777
v 1.050000 1.071647 0.694444
v 0.933334 1.121647 0.694444
v -0.783332 -0.028353 0.694445
v -0.849999 0.321647 0.694445
v -0.783332 0.321647 0.577778
v -0.761110 -0.011686 0.583333
v -0.849999 0.321647 0.694445
v -0.849999 0.721647 0.694445
v -0.783332 0.721647 0.577778
v -0.783332 0.321647 0.577778
v -0.761110 -0.011686 0.938889
v -0.783332 0.321647 0.944445
v -0.849999 0.321647 0.827778
v -0.783332 -0.028353 0.827778
v -0.783332 -0.028353 0.827778
v -0.849999 0.321647 0.827778
v -0.849999 0.321647 0.694445
v -0.783332 -0.028353 0.694445
v -0.783332 0.321647 0.944445
v -0.783332 0.721647 0.944445
v -0.849999 0.721647 0.827778
v -0.849999 0.321647 0.827778
v -0.849999 0.321647 0.827778
v -0.849999 0.721647 0.827778
v -0.849999 0.721647 0.694445
v -0.849999 0.321647 0.694445
v -0.783332 0.721647 0.944445
v -0.761110 1.054980 0.938889
v -0.783332 1.071647 0.827778
v -0.849999 0.721647 0.827778
v -0.849999 0.721647 0.827778
v -0.783332 1.071647 0.827778
v -0.783332 1.071647 0.694445
v -0.849999 0.721647 0.694445
v 0.906424 0.938964 0.480941
v 1.050000 1.071647 0.583333
v 1.050000 0.721647 0.577777
v 0.906424 0.938964 0.480941
v -0.606423 0.938964 0.480941
v -0.316666 1.071647 0.577778
v 0.933334 1.071647 0.577778
v 1.050000 -0.011686 0.583333
v 0.906424 0.104329 0.480941
v 1.050000 0.321647 0.577777
v 1.050000 0.321647 0.577777
v 0.906424 0.104329 0.480941
v 0.906424 0.938964 0.480941
v 1.050000 0.721647 0.577777
v 0.933334 -0.028353 0.577778
v -0.316666 -0.028353 0.577778
v -0.606423 0.104329 0.480941
v 0.906424 0.104329 0.480941
v 0.906424 0.104329 0.480941
v -0.606423 0.104329 0.480941
v -0.606423 0.938964 0.480941
v 0.906424 0.938964 0.480941
v -0.761110 -0.011686 0.583333
v -0.606423 0.104329 0.480941
v -0.316666 -0.028353 0.577778
v -0.606423 0.104329 0.480941
v -0.783332 0.321647 0.577778
v -0.783332 0.721647 0.577778
v -0.606423 0.938964 0.480941
v -0.316666 -0.028353 0.944444
v -0.316666 0.321647 0.961111
v -0.783332 0.321647 0.944445
v -0.761110 -0.011686 0.938889
v -0.316666 0.321647 0.961111
v -0.316666 0.721647 0.961111
v -0.783332 0.721647 0.944445
v -0.783332 0.321647 0.944445
v 1.050000 -0.011686 0.938889
v 1.050000 0.321647 0.944444
v 0.933334 0.321647 0.961111
v 0.933334 -0.028353 0.944444
v 0.933334 -0.028353 0.944444
v 0.933334 0.321647 0.961111
v -0.316666 0.321647 0.961111
v -0.316666 -0.028353 0.944444
v 1.050000 0.321647 0.944444
v 1.050000 0.721647 0.944444
v 0.933334 0.721647 0.961111
v 0.933334 0.321647 0.961111
v 0.933334 0.321647 0.961111
v 0.933334 0.721647 0.961111
v -0.316666 0.721647 0.961111
v -0.316666 0.321647 0.961111
v 1.050000 0.721647 0.944444
v 1.050000 1.071647 0.943511
v 0.933334 1.071647 0.944444
v 0.933334 0.721647 0.961111
v 0.933334 0.721647 0.961111
v 0.933334 1.071647 0.944444
v -0.316666 1.071647 0.944444
v -0.316666 0.721647 0.961111
v -0.606423 0.938964 0.480941
v -0.783332 0.721647 0.577778
v -0.761110 1.054980 0.583333
v 0.906424 0.938964 0.480941
v 0.933334 1.071647 0.577778
v 1.050000 1.071647 0.583333
v 1.050000 -0.011686 0.583333
v 0.933334 -0.028353 0.577778
v 0.906424 0.104329 0.480941
v -0.761110 -0.011686 0.583333
v -0.783332 0.321647 0.577778
v -0.606423 0.104329 0.480941
v 1.150000 -0.880170 -0.955556
v 1.150000 -0.780170 -0.955556
v 1.150001 -0.780170 1.044444
v 1.150001 -0.880170 1.044444
v 1.150001 -0.880170 1.044444
v 1.150001 -0.780170 1.044444
v -0.449999 -0.780170 1.044444
v -0.449999 -0.880170 1.044444
v -0.449999 -0.880170 1.044444
v -0.450000 -0.880170 -0.955555
v 1.150000 -0.880170 -0.955556
v 1.150001 -0.880170 1.044444
v -0.449999 -0.880170 1.044444
v -0.449999 -0.780170 1.044444
v -0.450000 -0.780170 -0.955555
v -0.450000 -0.880170 -0.955555
v -0.450000 -0.480170 -0.955555
v -0.449999 -0.480170 1.044444
v 1.050001 -0.480170 1.044444
v 1.050000 -0.480170 -0.955556
v -0.450000 -0.780170 -0.955555
v -0.449999 -0.780170 1.044444
v -0.449999 -0.480170 1.044444
v -0.450000 -0.480170 -0.955555
v 1.050001 -0.780170 1.044444
v 1.050000 -0.780170 -0.955556
v 1.050000 -0.480170 -0.955556
v 1.050001 -0.480170 1.044444
v 1.050001 -0.780170 1.044444
v 1.050001 0.719830 1.044444
v 1.050000 0.719830 -0.955556
v 1.050000 -0.780170 -0.955556
v 1.150000 -0.780170 -0.955556
v 1.150000 0.719830 -0.955556
v 1.150001 0.719830 1.044444
v 1.150001 -0.780170 1.044444
v 1.050000 0.719830 -0.955556
v 1.050001 0.719830 1.044444
v 1.150001 0.719830 1.044444
v 1.150000 0.719830 -0.955556
v 1.035436 -1.080170 0.929879
v 0.985436 -0.880170 0.879879
v 1.150000 -0.880170 0.879879
v 1.150000 -1.080170 0.929879
v 1.150000 -1.080170 0.929879
v 1.150000 -0.880170 0.879879
v 1.150001 -0.880170 1.044444
v 1.150001 -1.080170 1.044444
v 1.150001 -1.080170 1.044444
v 1.150001 -0.880170 1.044444
v 0.985436 -0.880170 1.044444
v 1.035436 -1.080170 1.044444
v 1.035436 -1.080170 1.044444
v 0.985436 -0.880170 1.044444
v 0.985436 -0.880170 0.879879
v 1.035436 -1.080170 0.929879
v 1.150000 -1.080170 0.929879
v 1.150001 -1.080170 1.044444
v 1.035436 -1.080170 1.044444
v 1.035436 -1.080170 0.929879
v 0.550000 -0.480170 0.511110
v 0.987500 -0.463503 0.511110
v 0.966667 -0.457948 0.955555
v 0.550001 -0.463503 0.977777
v 0.821648 0.000000 0.800867
v 0.966667 -0.102392 0.955555
v 0.987500 -0.096837 0.511110
v 0.550001 -0.213503 1.044444
v 0.987501 -0.213503 0.977777
v 0.966667 -0.102392 0.955555
v 0.550001 -0.096837 0.977777
v 1.050000 -0.213503 -0.422223
v 0.987500 -0.213503 -0.888889
v 0.966667 -0.102392 -0.866667
v 0.987500 -0.096837 -0.422223
v -0.449999 -0.213503 0.511111
v -0.387499 -0.213503 0.977777
v -0.366666 -0.102392 0.955555
v -0.387499 -0.096837 0.511111
v 0.050000 -0.213503 -0.955555
v -0.387500 -0.213503 -0.888889
v -0.366666 -0.102392 -0.866667
v 0.050000 -0.096837 -0.888889
v 0.987500 -0.213503 -0.888889
v 0.550000 -0.213503 -0.955556
v 0.550000 -0.096837 -0.888889
v 0.966667 -0.102392 -0.866667
v 0.550000 -0.213503 -0.955556
v 0.050000 -0.213503 -0.955555
v 0.050000 -0.096837 -0.888889
v 0.550000 -0.096837 -0.888889
v 0.966667 -0.457948 -0.866667
v 0.550000 -0.463503 -0.888889
v 0.550000 -0.346837 -0.955556
v 0.987500 -0.346837 -0.888889
v 0.987500 -0.346837 -0.888889
v 0.550000 -0.346837 -0.955556
v 0.550000 -0.213503 -0.955556
v 0.987500 -0.213503 -0.888889
v 0.550000 -0.463503 -0.888889
v 0.050000 -0.463503 -0.888889
v 0.050000 -0.346837 -0.955555
v 0.550000 -0.346837 -0.955556
v 0.550000 -0.346837 -0.955556
v 0.050000 -0.346837 -0.955555
v 0.050000 -0.213503 -0.955555
v 0.550000 -0.213503 -0.955556
v 0.050000 -0.463503 -0.888889
v -0.366666 -0.457948 -0.866667
v -0.387500 -0.346837 -0.888889
v 0.050000 -0.346837 -0.955555
v 0.050000 -0.346837 -0.955555
v -0.387500 -0.346837 -0.888889
v -0.387500 -0.213503 -0.888889
v 0.050000 -0.213503 -0.955555
v -0.387500 -0.213503 -0.888889
v -0.450000 -0.213503 -0.422222
v -0.387499 -0.096837 -0.422222
v -0.366666 -0.102392 -0.866667
v -0.450000 -0.213503 -0.422222
v -0.449999 -0.213503 0.511111
v -0.387499 -0.096837 0.511111
v -0.387499 -0.096837 -0.422222
v -0.366666 -0.457948 -0.866667
v -0.387499 -0.463503 -0.422222
v -0.450000 -0.346837 -0.422222
v -0.387500 -0.346837 -0.888889
v -0.387500 -0.346837 -0.888889
v -0.450000 -0.346837 -0.422222
v -0.450000 -0.213503 -0.422222
v -0.387500 -0.213503 -0.888889
v -0.387499 -0.463503 -0.422222
v -0.387499 -0.463503 0.511111
v -0.449999 -0.346837 0.511111
v -0.450000 -0.346837 -0.422222
v -0.450000 -0.346837 -0.422222
v -0.449999 -0.346837 0.511111
v -0.449999 -0.213503 0.511111
v -0.450000 -0.213503 -0.422222
v -0.387499 -0.463503 0.511111
v -0.366666 -0.457948 0.955555
v -0.387499 -0.346837 0.977777
v -0.449999 -0.346837 0.511111
v -0.449999 -0.346837 0.511111
v -0.387499 -0.346837 0.977777
v -0.387499 -0.213503 0.977777
v -0.449999 -0.213503 0.511111
v 0.987501 -0.213503 0.977777
v 1.050000 -0.213503 0.511110
v 0.987500 -0.096837 0.511110
v 0.966667 -0.102392 0.955555
v 1.050000 -0.213503 0.511110
v 1.050000 -0.213503 -0.422223
v 0.987500 -0.096837 -0.422223
v 0.987500 -0.096837 0.511110
v 0.966667 -0.457948 0.955555
v 0.987500 -0.463503 0.511110
v 1.050000 -0.346837 0.511110
v 0.987501 -0.346837 0.977777
v 0.987501 -0.346837 0.977777
v 1.050000 -0.346837 0.511110
v 1.050000 -0.213503 0.511110
v 0.987501 -0.213503 0.977777
v 0.987500 -0.463503 0.511110
v 0.987500 -0.463503 -0.422223
v 1.050000 -0.346837 -0.422223
v 1.050000 -0.346837 0.511110
v 1.050000 -0.346837 0.511110
v 1.050000 -0.346837 -0.422223
v 1.050000 -0.213503 -0.422223
v 1.050000 -0.213503 0.511110
v 0.987500 -0.463503 -0.422223
v 0.966667 -0.457948 -0.866667
v 0.987500 -0.346837 -0.888889
v 1.050000 -0.346837 -0.422223
v 1.050000 -0.346837 -0.422223
v 0.987500 -0.346837 -0.888889
v 0.987500 -0.213503 -0.888889
v 1.050000 -0.213503 -0.422223
v -0.387499 -0.213503 0.977777
v 0.050001 -0.213503 1.044444
v 0.050001 -0.096837 0.977777
v -0.366666 -0.102392 0.955555
v 0.050001 -0.213503 1.044444
v 0.550001 -0.213503 1.044444
v 0.550001 -0.096837 0.977777
v 0.050001 -0.096837 0.977777
v -0.366666 -0.457948 0.955555
v 0.050001 -0.463503 0.977777
v 0.050001 -0.346837 1.044444
v -0.387499 -0.346837 0.977777
v -0.387499 -0.346837 0.977777
v 0.050001 -0.346837 1.044444
v 0.050001 -0.213503 1.044444
v -0.387499 -0.213503 0.977777
v 0.050001 -0.463503 0.977777
v 0.550001 -0.463503 0.977777
v 0.550001 -0.346837 1.044444
v 0.050001 -0.346837 1.044444
v 0.050001 -0.346837 1.044444
v 0.550001 -0.346837 1.044444
v 0.550001 -0.213503 1.044444
v 0.050001 -0.213503 1.044444
v 0.550001 -0.463503 0.977777
v 0.966667 -0.457948 0.955555
v 0.987501 -0.346837 0.977777
v 0.550001 -0.346837 1.044444
v 0.550001 -0.346837 1.044444
v 0.987501 -0.346837 0.977777
v 0.987501 -0.213503 0.977777
v 0.550001 -0.213503 1.044444
v 0.821647 0.000000 -0.711979
v 0.966667 -0.102392 -0.866667
v 0.550000 -0.096837 -0.888889
v 0.821647 0.000000 -0.711979
v 0.821648 0.000000 0.800867
v 0.987500 -0.096837 0.511110
v 0.987500 -0.096837 -0.422223
v -0.366666 -0.102392 -0.866667
v -0.221647 0.000000 -0.711979
v 0.050000 -0.096837 -0.888889
v 0.050000 -0.096837 -0.888889
v -0.221647 0.000000 -0.711979
v 0.821647 0.000000 -0.711979
v 0.550000 -0.096837 -0.888889
v -0.387499 -0.096837 -0.422222
v -0.387499 -0.096837 0.511111
v -0.221646 0.000000 0.800867
v -0.221647 0.000000 -0.711979
v -0.221647 0.000000 -0.711979
v -0.221646 0.000000 0.800867
v 0.821648 0.000000 0.800867
v 0.821647 0.000000 -0.711979
v -0.366666 -0.102392 0.955555
v -0.221646 0.000000 0.800867
v -0.387499 -0.096837 0.511111
v -0.221646 0.000000 0.800867
v 0.050001 -0.096837 0.977777
v 0.550001 -0.096837 0.977777
v 0.821648 0.000000 0.800867
v -0.387499 -0.463503 0.511111
v 0.050001 -0.480170 0.511110
v 0.050001 -0.463503 0.977777
v -0.366666 -0.457948 0.955555
v 0.050001 -0.480170 0.511110
v 0.550000 -0.480170 0.511110
v 0.550001 -0.463503 0.977777
v 0.050001 -0.463503 0.977777
v -0.366666 -0.457948 -0.866667
v 0.050000 -0.463503 -0.888889
v 0.050000 -0.480170 -0.422222
v -0.387499 -0.463503 -0.422222
v -0.387499 -0.463503 -0.422222
v 0.050000 -0.480170 -0.422222
v 0.050001 -0.480170 0.511110
v -0.387499 -0.463503 0.511111
v 0.050000 -0.463503 -0.888889
v 0.550000 -0.463503 -0.888889
v 0.550000 -0.480170 -0.422222
v 0.050000 -0.480170 -0.422222
v 0.050000 -0.480170 -0.422222
v 0.550000 -0.480170 -0.422222
v 0.550000 -0.480170 0.511110
v 0.050001 -0.480170 0.511110
v 0.550000 -0.463503 -0.888889
v 0.966667 -0.457948 -0.866667
v 0.987500 -0.463503 -0.422223
v 0.550000 -0.480170 -0.422222
v 0.550000 -0.480170 -0.422222
v 0.987500 -0.463503 -0.422223
v 0.987500 -0.463503 0.511110
v 0.550000 -0.480170 0.511110
v 0.821648 0.000000 0.800867
v 0.550001 -0.096837 0.977777
v 0.966667 -0.102392 0.955555
v 0.821647 0.000000 -0.711979
v 0.987500 -0.096837 -0.422223
v 0.966667 -0.102392 -0.866667
v -0.366666 -0.102392 -0.866667
v -0.387499 -0.096837 -0.422222
v -0.221647 0.000000 -0.711979
v -0.366666 -0.102392 0.955555
v 0.050001 -0.096837 0.977777
v -0.221646 0.000000 0.800867
v 1.066667 0.721647 0.827778
v 1.050000 1.071647 0.827778
v 1.050000 1.071647 0.943511
v 1.050000 0.721647 0.943511
v 0.586497 0.938964 0.800867
v 0.688889 1.071647 0.943511
v 0.683334 1.071647 0.827778
v 0.800001 0.721647 0.943511
v 0.800000 1.071647 0.943511
v 0.688889 1.071647 0.943511
v 0.683334 0.721647 0.943511
v 0.800000 1.121647 -0.422223
v 0.800000 1.071647 -0.888889
v 0.688889 1.054980 -0.866667
v 0.683333 1.071647 -0.422222
v 0.800000 -0.078353 0.827778
v 0.800000 -0.028353 0.943511
v 0.688889 -0.011686 0.943511
v 0.683334 -0.028353 0.827778
v 0.800000 0.321647 -0.955556
v 0.800000 -0.028353 -0.888889
v 0.688889 -0.011686 -0.866667
v 0.683333 0.321647 -0.888889
v 0.800000 1.071647 -0.888889
v 0.800000 0.721647 -0.955556
v 0.683333 0.721647 -0.888889
v 0.688889 1.054980 -0.866667
v 0.800000 0.721647 -0.955556
v 0.800000 0.321647 -0.955556
v 0.683333 0.321647 -0.888889
v 0.683333 0.721647 -0.888889
v 1.044444 1.054980 -0.866667
v 1.050000 0.721647 -0.888889
v 0.933333 0.721647 -0.955556
v 0.933333 1.071647 -0.888889
v 0.933333 1.071647 -0.888889
v 0.933333 0.721647 -0.955556
v 0.800000 0.721647 -0.955556
v 0.800000 1.071647 -0.888889
v 1.050000 0.721647 -0.888889
v 1.050000 0.321647 -0.888889
v 0.933333 0.321647 -0.955556
v 0.933333 0.721647 -0.955556
v 0.933333 0.721647 -0.955556
v 0.933333 0.321647 -0.955556
v 0.800000 0.321647 -0.955556
v 0.800000 0.721647 -0.955556
v 1.050000 0.321647 -0.888889
v 1.044444 -0.011686 -0.866667
v 0.933333 -0.028353 -0.888889
v 0.933333 0.321647 -0.955556
v 0.933333 0.321647 -0.955556
v 0.933333 -0.028353 -0.888889
v 0.800000 -0.028353 -0.888889
v 0.800000 0.321647 -0.955556
v 0.800000 -0.028353 -0.888889
v 0.800000 -0.078353 -0.422223
v 0.683333 -0.028353 -0.422222
v 0.688889 -0.011686 -0.866667
v 0.800000 -0.078353 -0.422223
v 0.800000 -0.078353 0.827778
v 0.683334 -0.028353 0.827778
v 0.683333 -0.028353 -0.422222
v 1.044444 -0.011686 -0.866667
v 1.050000 -0.028353 -0.422223
v 0.933333 -0.078353 -0.422223
v 0.933333 -0.028353 -0.888889
v 0.933333 -0.028353 -0.888889
v 0.933333 -0.078353 -0.422223
v 0.800000 -0.078353 -0.422223
v 0.800000 -0.028353 -0.888889
v 1.050000 -0.028353 -0.422223
v 1.050000 -0.028353 0.827778
v 0.933334 -0.078353 0.827778
v 0.933333 -0.078353 -0.422223
v 0.933333 -0.078353 -0.422223
v 0.933334 -0.078353 0.827778
v 0.800000 -0.078353 0.827778
v 0.800000 -0.078353 -0.422223
v 1.050000 -0.028353 0.827778
v 1.044445 -0.011686 0.943511
v 0.933334 -0.028353 0.943511
v 0.933334 -0.078353 0.827778
v 0.933334 -0.078353 0.827778
v 0.933334 -0.028353 0.943511
v 0.800000 -0.028353 0.943511
v 0.800000 -0.078353 0.827778
v 0.800000 1.071647 0.943511
v 0.800000 1.121647 0.827778
v 0.683334 1.071647 0.827778
v 0.688889 1.071647 0.943511
v 0.800000 1.121647 0.827778
v 0.800000 1.121647 -0.422223
v 0.683333 1.071647 -0.422222
v 0.683334 1.071647 0.827778
v 1.050000 1.071647 0.943511
v 1.050000 1.071647 0.827778
v 0.933334 1.121647 0.827778
v 0.933334 1.071647 0.943511
v 0.933334 1.071647 0.943511
v 0.933334 1.121647 0.827778
v 0.800000 1.121647 0.827778
v 0.800000 1.071647 0.943511
v 1.050000 1.071647 0.827778
v 1.050000 1.071647 -0.422223
v 0.933333 1.121647 -0.422222
v 0.933334 1.121647 0.827778
v 0.933334 1.121647 0.827778
v 0.933333 1.121647 -0.422222
v 0.800000 1.121647 -0.422223
v 0.800000 1.121647 0.827778
v 1.050000 1.071647 -0.422223
v 1.044444 1.054980 -0.866667
v 0.933333 1.071647 -0.888889
v 0.933333 1.121647 -0.422222
v 0.933333 1.121647 -0.422222
v 0.933333 1.071647 -0.888889
v 0.800000 1.071647 -0.888889
v 0.800000 1.121647 -0.422223
v 0.800000 -0.028353 0.943511
v 0.800001 0.321647 0.943511
v 0.683334 0.321647 0.943511
v 0.688889 -0.011686 0.943511
v 0.800001 0.321647 0.943511
v 0.800001 0.721647 0.943511
v 0.683334 0.721647 0.943511
v 0.683334 0.321647 0.943511
v 1.044445 -0.011686 0.943511
v 1.050000 0.321647 0.943511
v 0.933334 0.321647 0.943511
v 0.933334 -0.028353 0.943511
v 0.933334 -0.028353 0.943511
v 0.933334 0.321647 0.943511
v 0.800001 0.321647 0.943511
v 0.800000 -0.028353 0.943511
v 1.050000 0.321647 0.943511
v 1.050000 0.721647 0.943511
v 0.933334 0.721647 0.943511
v 0.933334 0.321647 0.943511
v 0.933334 0.321647 0.943511
v 0.933334 0.721647 0.943511
v 0.800001 0.721647 0.943511
v 0.800001 0.321647 0.943511
v 1.050000 0.721647 0.943511
v 1.050000 1.071647 0.943511
v 0.933334 1.071647 0.943511
v 0.933334 0.721647 0.943511
v 0.933334 0.721647 0.943511
v 0.933334 1.071647 0.943511
v 0.800000 1.071647 0.943511
v 0.800001 0.721647 0.943511
v 0.586497 0.938964 -0.711979
v 0.688889 1.054980 -0.866667
v 0.683333 0.721647 -0.888889
v 0.586497 0.938964 -0.711979
v 0.586497 0.938964 0.800867
v 0.683334 1.071647 0.827778
v 0.683333 1.071647 -0.422222
v 0.688889 -0.011686 -0.866667
v 0.586497 0.104329 -0.711979
v 0.683333 0.321647 -0.888889
v 0.683333 0.321647 -0.888889
v 0.586497 0.104329 -0.711979
v 0.586497 0.938964 -0.711979
v 0.683333 0.721647 -0.888889
v 0.683333 -0.028353 -0.422222
v 0.683334 -0.028353 0.827778
v 0.586497 0.104329 0.800867
v 0.586497 0.104329 -0.711979
v 0.586497 0.104329 -0.711979
v 0.586497 0.104329 0.800867
v 0.586497 0.938964 0.800867
v 0.586497 0.938964 -0.711979
v 0.688889 -0.011686 0.943511
v 0.586497 0.104329 0.800867
v 0.683334 -0.028353 0.827778
v 0.586497 0.104329 0.800867
v 0.683334 0.321647 0.943511
v 0.683334 0.721647 0.943511
v 0.586497 0.938964 0.800867
v 1.050000 -0.028353 0.827778
v 1.066667 0.321647 0.827778
v 1.050000 0.321647 0.943511
v 1.044445 -0.011686 0.943511
v 1.066667 0.321647 0.827778
v 1.066667 0.721647 0.827778
v 1.050000 0.721647 0.943511
v 1.050000 0.321647 0.943511
v 1.044444 -0.011686 -0.866667
v 1.050000 0.321647 -0.888889
v 1.066667 0.321647 -0.422223
v 1.050000 -0.028353 -0.422223
v 1.050000 -0.028353 -0.422223
v 1.066667 0.321647 -0.422223
v 1.066667 0.321647 0.827778
v 1.050000 -0.028353 0.827778
v 1.050000 0.321647 -0.888889
v 1.050000 0.721647 -0.888889
v 1.066667 0.721647 -0.422223
v 1.066667 0.321647 -0.422223
v 1.066667 0.321647 -0.422223
v 1.066667 0.721647 -0.422223
v 1.066667 0.721647 0.827778
v 1.066667 0.321647 0.827778
v 1.050000 0.721647 -0.888889
v 1.044444 1.054980 -0.866667
v 1.050000 1.071647 -0.422223
v 1.066667 0.721647 -0.422223
v 1.066667 0.721647 -0.422223
v 1.050000 1.071647 -0.422223
v 1.050000 1.071647 0.827778
v 1.066667 0.721647 0.827778
v 0.586497 0.938964 0.800867
v 0.683334 0.721647 0.943511
v 0.688889 1.071647 0.943511
v 0.586497 0.938964 -0.711979
v 0.683333 1.071647 -0.422222
v 0.688889 1.054980 -0.866667
v 0.688889 -0.011686 -0.866667
v 0.683333 -0.028353 -0.422222
v 0.586497 0.104329 -0.711979
v 0.688889 -0.011686 0.943511
v 0.683334 0.321647 0.943511
v 0.586497 0.104329 0.800867

vt 0.036945 0.667371
vt 0.757990 0.631319
vt 0.757990 0.667371
vt 0.036945 0.631319
vt 0.757990 0.631319
vt 0.036945 0.667371
vt 0.000893 0.054484
vt 0.036945 0.631319
vt 0.000893 0.631319
vt 0.036945 0.054484
vt 0.036945 0.631319
vt 0.000893 0.054484
vt 0.757990 0.631319
vt 0.036945 0.054484
vt 0.757989 0.054483
vt 0.036945 0.631319
vt 0.036945 0.054484
vt 0.757990 0.631319
vt 0.757989 0.018431
vt 0.036945 0.054484
vt 0.036945 0.018431
vt 0.757989 0.054483
vt 0.036945 0.054484
vt 0.757989 0.018431
vt 0.036945 0.667371
vt 0.757990 0.631319
vt 0.757990 0.667371
vt 0.036945 0.631319
vt 0.757990 0.631319
vt 0.036945 0.667371
vt 0.000893 0.054484
vt 0.036945 0.631319
vt 0.000893 0.631319
vt 0.036945 0.054484
vt 0.036945 0.631319
vt 0.000893 0.054484
vt 0.757990 0.631319
vt 0.036945 0.054484
vt 0.757989 0.054483
vt 0.036945 0.631319
vt 0.036945 0.054484
vt 0.757990 0.631319
vt 0.757989 0.018431
vt 0.036945 0.054484
vt 0.036945 0.018431
vt 0.757989 0.054483
vt 0.036945 0.054484
vt 0.757989 0.018431
vt 0.257568 0.559680
vt 0.350543 0.584637
vt 0.273859 0.624845
vt 0.339202 0.539271
vt 0.350543 0.584637
vt 0.257568 0.559680
vt 0.257568 0.492509
vt 0.339202 0.539271
vt 0.257568 0.559680
vt 0.339202 0.492509
vt 0.339202 0.539271
vt 0.257568 0.492509
vt 0.257568 0.425338
vt 0.339202 0.492509
vt 0.257568 0.492509
vt 0.339202 0.445747
vt 0.339202 0.492509
vt 0.257568 0.425338
vt 0.273859 0.360173
vt 0.339202 0.445747
vt 0.257568 0.425338
vt 0.350543 0.400381
vt 0.339202 0.445747
vt 0.273859 0.360173
vt 0.339202 0.445747
vt 0.385964 0.492509
vt 0.339202 0.492509
vt 0.385964 0.445747
vt 0.385964 0.492509
vt 0.339202 0.445747
vt 0.290013 0.241747
vt -0.031765 0.000413
vt 0.290013 0.000413
vt -0.031765 0.241747
vt -0.031765 0.000413
vt 0.290013 0.241747
vt 0.999587 -0.031765
vt 0.951320 0.290013
vt 0.951320 -0.031765
vt 0.999587 0.290013
vt 0.951320 0.290013
vt 0.999587 -0.031765
vt -0.031765 0.241747
vt 0.290013 0.290013
vt -0.031765 0.290013
vt 0.290013 0.241747
vt 0.290013 0.290013
vt -0.031765 0.241747
vt 0.226484 0.241747
vt 0.548262 0.000413
vt 0.548262 0.241747
vt 0.226484 0.000413
vt 0.548262 0.000413
vt 0.226484 0.241747
vt 0.226484 0.758244
vt 0.548262 0.516911
vt 0.548262 0.758244
vt 0.226484 0.516911
vt 0.548262 0.516911
vt 0.226484 0.758244
vt 0.548262 0.257836
vt 0.226484 0.241747
vt 0.548262 0.241747
vt 0.226484 0.257836
vt 0.226484 0.241747
vt 0.548262 0.257836
vt 0.218344 0.813718
vt 0.151256 0.742168
vt 0.221704 0.742201
vt 0.151291 0.817300
vt 0.151256 0.742168
vt 0.218344 0.813718
vt 0.746531 0.563821
vt 0.715632 0.517202
vt 0.744155 0.492270
vt 0.860009 0.760279
vt 0.841340 0.828267
vt 0.841608 0.757128
vt 0.862958 0.827496
vt 0.841340 0.828267
vt 0.860009 0.760279
vt 0.827538 0.265629
vt 0.846290 0.193089
vt 0.845933 0.268964
vt 0.824958 0.193773
vt 0.846290 0.193089
vt 0.827538 0.265629
vt 0.819034 -0.028403
vt 0.800255 0.044170
vt 0.800672 -0.031777
vt 0.821671 0.043384
vt 0.800255 0.044170
vt 0.819034 -0.028403
vt 0.890285 0.969114
vt 0.908980 0.901095
vt 0.908763 0.972176
vt 0.887433 0.901782
vt 0.908980 0.901095
vt 0.890285 0.969114
vt 0.887515 0.827584
vt 0.909081 0.757134
vt 0.909204 0.828303
vt 0.890535 0.760150
vt 0.909081 0.757134
vt 0.887515 0.827584
vt 0.891441 0.904469
vt 0.913149 0.825216
vt 0.912949 0.904175
vt 0.891560 0.824898
vt 0.913149 0.825216
vt 0.891441 0.904469
vt 0.906590 0.828233
vt 0.925285 0.760215
vt 0.928137 0.827546
vt 0.906808 0.757153
vt 0.925285 0.760215
vt 0.906590 0.828233
vt 0.897201 0.829906
vt 0.918799 0.758678
vt 0.918522 0.829867
vt 0.897041 0.758631
vt 0.918799 0.758678
vt 0.897201 0.829906
vt 0.902421 0.904113
vt 0.924129 0.824860
vt 0.924010 0.904431
vt 0.902621 0.825154
vt 0.924129 0.824860
vt 0.902421 0.904113
vt 0.897056 0.904314
vt 0.918514 0.825015
vt 0.918353 0.904269
vt 0.897217 0.825059
vt 0.918514 0.825015
vt 0.897056 0.904314
vt 0.906489 0.972194
vt 0.928055 0.901745
vt 0.925035 0.969178
vt 0.906366 0.901025
vt 0.928055 0.901745
vt 0.906489 0.972194
vt 0.896772 0.970651
vt 0.918369 0.899422
vt 0.918529 0.970698
vt 0.897049 0.899462
vt 0.918369 0.899422
vt 0.896772 0.970651
vt 0.821543 0.193801
vt 0.800357 0.269046
vt 0.800122 0.193084
vt 0.818807 0.265746
vt 0.800357 0.269046
vt 0.821543 0.193801
vt 0.822924 0.043867
vt 0.801565 0.193059
vt 0.801712 0.044066
vt 0.822843 0.193372
vt 0.801565 0.193059
vt 0.822924 0.043867
vt 0.781653 0.193089
vt 0.762902 0.265629
vt 0.760322 0.193773
vt 0.781297 0.268964
vt 0.762902 0.265629
vt 0.781653 0.193089
vt 0.801641 0.192898
vt 0.780021 0.268667
vt 0.780140 0.192901
vt 0.801668 0.268692
vt 0.780021 0.268667
vt 0.801641 0.192898
vt 0.780379 0.044102
vt 0.759033 0.193390
vt 0.759114 0.043885
vt 0.780232 0.193095
vt 0.759033 0.193390
vt 0.780379 0.044102
vt 0.801755 0.044403
vt 0.780195 0.192806
vt 0.780422 0.044439
vt 0.801528 0.192770
vt 0.780195 0.192806
vt 0.801755 0.044403
vt 0.781579 -0.031861
vt 0.760375 0.043352
vt 0.763155 -0.028518
vt 0.781860 0.044180
vt 0.760375 0.043352
vt 0.781579 -0.031861
vt 0.801910 -0.031463
vt 0.780266 0.044302
vt 0.780301 -0.031480
vt 0.801854 0.044316
vt 0.780266 0.044302
vt 0.801910 -0.031463
vt 0.825012 0.043352
vt 0.846216 -0.031861
vt 0.846497 0.044180
vt 0.827791 -0.028518
vt 0.846216 -0.031861
vt 0.825012 0.043352
vt 0.823669 0.193390
vt 0.845016 0.044102
vt 0.844869 0.193095
vt 0.823750 0.043885
vt 0.845016 0.044102
vt 0.823669 0.193390
vt 0.864891 0.044170
vt 0.883670 -0.028403
vt 0.886308 0.043384
vt 0.865308 -0.031777
vt 0.883670 -0.028403
vt 0.864891 0.044170
vt 0.844902 0.044302
vt 0.866547 -0.031463
vt 0.866490 0.044316
vt 0.844938 -0.031480
vt 0.866547 -0.031463
vt 0.844902 0.044302
vt 0.866202 0.193059
vt 0.887560 0.043867
vt 0.887480 0.193372
vt 0.866349 0.044066
vt 0.887560 0.043867
vt 0.866202 0.193059
vt 0.844832 0.192806
vt 0.866392 0.044403
vt 0.866164 0.192770
vt 0.845059 0.044439
vt 0.866392 0.044403
vt 0.844832 0.192806
vt 0.864994 0.269046
vt 0.886179 0.193801
vt 0.883443 0.265746
vt 0.864758 0.193084
vt 0.886179 0.193801
vt 0.864994 0.269046
vt 0.844657 0.268667
vt 0.866277 0.192898
vt 0.866305 0.268692
vt 0.844777 0.192901
vt 0.866277 0.192898
vt 0.844657 0.268667
vt 0.862866 0.901799
vt 0.841284 0.972221
vt 0.841124 0.900988
vt 0.859773 0.969108
vt 0.841284 0.972221
vt 0.862866 0.901799
vt 0.858931 0.825030
vt 0.837207 0.904163
vt 0.837394 0.825104
vt 0.858767 0.904261
vt 0.837207 0.904163
vt 0.858931 0.825030
vt 0.843788 0.901061
vt 0.825119 0.969049
vt 0.822170 0.901833
vt 0.843520 0.972201
vt 0.825119 0.969049
vt 0.843788 0.901061
vt 0.853166 0.899426
vt 0.831570 0.970655
vt 0.831810 0.899458
vt 0.853290 0.970694
vt 0.831570 0.970655
vt 0.853166 0.899426
vt 0.847921 0.825166
vt 0.826198 0.904298
vt 0.826361 0.825068
vt 0.847735 0.904225
vt 0.826198 0.904298
vt 0.847921 0.825166
vt 0.853293 0.825015
vt 0.831835 0.904314
vt 0.831996 0.825059
vt 0.853132 0.904269
vt 0.831835 0.904314
vt 0.853293 0.825015
vt 0.843844 0.757107
vt 0.822262 0.827529
vt 0.825355 0.760220
vt 0.844005 0.828340
vt 0.822262 0.827529
vt 0.843844 0.757107
vt 0.853559 0.758674
vt 0.831962 0.829903
vt 0.831839 0.758634
vt 0.853319 0.829870
vt 0.831962 0.829903
vt 0.853559 0.758674
vt 0.671322 0.788218
vt 0.715026 0.755771
vt 0.738408 0.785578
vt 0.746563 0.563800
vt 0.715664 0.760581
vt 0.715664 0.517181
vt 0.746563 0.713963
vt 0.715664 0.760581
vt 0.746563 0.563800
vt 0.592152 0.788219
vt 0.525066 0.785578
vt 0.548447 0.755771
vt 0.715664 0.756629
vt 0.591515 0.789077
vt 0.547810 0.756629
vt 0.671959 0.789077
vt 0.591515 0.789077
vt 0.715664 0.756629
vt 0.547810 0.517181
vt 0.516910 0.713963
vt 0.516910 0.563800
vt 0.547810 0.760581
vt 0.516910 0.713963
vt 0.547810 0.517181
vt 0.715664 0.517181
vt 0.547810 0.760581
vt 0.547810 0.517181
vt 0.715664 0.760581
vt 0.547810 0.760581
vt 0.715664 0.517181
vt 0.516942 0.563821
vt 0.519319 0.492270
vt 0.547841 0.517202
vt 0.671959 0.488685
vt 0.547810 0.521133
vt 0.591515 0.488685
vt 0.715664 0.521133
vt 0.547810 0.521133
vt 0.671959 0.488685
vt 0.070858 0.817315
vt 0.000424 0.742211
vt 0.070883 0.742171
vt 0.003793 0.813740
vt 0.000424 0.742211
vt 0.070858 0.817315
vt 0.151302 0.817284
vt 0.070846 0.742163
vt 0.151294 0.742157
vt 0.070848 0.817291
vt 0.070846 0.742163
vt 0.151302 0.817284
vt 0.070865 0.592053
vt 0.003779 0.520505
vt 0.070834 0.516925
vt 0.000423 0.592026
vt 0.003779 0.520505
vt 0.070865 0.592053
vt 0.070857 0.742185
vt 0.000411 0.592028
vt 0.070844 0.592041
vt 0.000416 0.742197
vt 0.000411 0.592028
vt 0.070857 0.742185
vt 0.151274 0.592062
vt 0.070820 0.516941
vt 0.151279 0.516932
vt 0.070835 0.592066
vt 0.070820 0.516941
vt 0.151274 0.592062
vt 0.151282 0.742172
vt 0.070842 0.592051
vt 0.151264 0.592053
vt 0.070860 0.742171
vt 0.070842 0.592051
vt 0.151282 0.742172
vt 0.221697 0.592015
vt 0.151265 0.516910
vt 0.218333 0.520483
vt 0.151243 0.592050
vt 0.151265 0.516910
vt 0.221697 0.592015
vt 0.221714 0.742192
vt 0.151266 0.592043
vt 0.221708 0.592023
vt 0.151279 0.742186
vt 0.151266 0.592043
vt 0.221714 0.742192
vt 0.738408 0.492185
vt 0.715027 0.521992
vt 0.671321 0.489544
vt 0.744155 0.785492
vt 0.715632 0.760560
vt 0.746531 0.713942
vt 0.547841 0.760560
vt 0.519319 0.785492
vt 0.516942 0.713942
vt 0.548447 0.521992
vt 0.525066 0.492184
vt 0.592152 0.489544
vt 0.750101 0.488322
vt 0.803786 0.559878
vt 0.747403 0.559840
vt 0.803749 0.484745
vt 0.803786 0.559878
vt 0.750101 0.488322
vt 0.930089 0.305569
vt 0.903661 0.258950
vt 0.928518 0.234024
vt 0.373508 0.765719
vt 0.354686 0.820481
vt 0.355108 0.763219
vt 0.376307 0.819550
vt 0.354686 0.820481
vt 0.373508 0.765719
vt 0.946546 -0.026441
vt 0.929099 -0.006541
vt 0.931076 -0.025754
vt 0.947984 -0.007650
vt 0.929099 -0.006541
vt 0.946546 -0.026441
vt 0.806709 0.725044
vt 0.788245 0.797232
vt 0.788516 0.721595
vt 0.808746 0.796727
vt 0.788245 0.797232
vt 0.806709 0.725044
vt 0.308134 0.765764
vt 0.293570 0.819127
vt 0.290165 0.765911
vt 0.311168 0.819611
vt 0.293570 0.819127
vt 0.308134 0.765764
vt 0.311066 0.876327
vt 0.289714 0.932863
vt 0.293311 0.876766
vt 0.307634 0.933002
vt 0.289714 0.932863
vt 0.311066 0.876327
vt 0.307105 0.816247
vt 0.290688 0.879443
vt 0.290912 0.816463
vt 0.306949 0.879693
vt 0.290688 0.879443
vt 0.307105 0.816247
vt 0.288014 0.876862
vt 0.273753 0.932893
vt 0.270416 0.876378
vt 0.291416 0.932827
vt 0.273753 0.932893
vt 0.288014 0.876862
vt 0.301329 0.875490
vt 0.279769 0.930830
vt 0.280056 0.875537
vt 0.301449 0.930872
vt 0.279769 0.930830
vt 0.301329 0.875490
vt 0.290896 0.816546
vt 0.274479 0.879742
vt 0.274635 0.816297
vt 0.290672 0.879526
vt 0.274479 0.879742
vt 0.290896 0.816546
vt 0.301503 0.816430
vt 0.280081 0.879559
vt 0.280293 0.816491
vt 0.301291 0.879499
vt 0.280081 0.879559
vt 0.301503 0.816430
vt 0.291858 0.765885
vt 0.270518 0.819663
vt 0.273784 0.765661
vt 0.288273 0.819223
vt 0.270518 0.819663
vt 0.291858 0.765885
vt 0.301869 0.767807
vt 0.280255 0.820499
vt 0.280074 0.767739
vt 0.301528 0.820452
vt 0.280255 0.820499
vt 0.301869 0.767807
vt 0.807378 0.997895
vt 0.789168 1.017075
vt 0.787224 0.996974
vt 0.806594 1.017037
vt 0.789168 1.017075
vt 0.807378 0.997895
vt 0.809568 0.797038
vt 0.789084 0.997340
vt 0.789197 0.797165
vt 0.809488 0.997469
vt 0.789084 0.997340
vt 0.809568 0.797038
vt 0.769539 0.996939
vt 0.750182 1.016961
vt 0.749426 0.997835
vt 0.767577 1.017023
vt 0.750182 1.016961
vt 0.769539 0.996939
vt 0.789164 0.996207
vt 0.767595 1.016964
vt 0.767616 0.996197
vt 0.789169 1.016979
vt 0.767595 1.016964
vt 0.789164 0.996207
vt 0.767822 0.797190
vt 0.747337 0.997482
vt 0.747417 0.797052
vt 0.767709 0.997365
vt 0.747337 0.997482
vt 0.767822 0.797190
vt 0.789225 0.797380
vt 0.767657 0.996955
vt 0.767850 0.797405
vt 0.789032 0.996930
vt 0.767657 0.996955
vt 0.789225 0.797380
vt 0.768609 0.721538
vt 0.748247 0.796708
vt 0.750375 0.724967
vt 0.768790 0.797238
vt 0.748247 0.796708
vt 0.768609 0.721538
vt 0.789329 0.721795
vt 0.767748 0.797314
vt 0.767772 0.721784
vt 0.789291 0.797323
vt 0.767748 0.797314
vt 0.789329 0.721795
vt 0.949637 0.193710
vt 0.929274 0.268879
vt 0.929094 0.193179
vt 0.947508 0.265450
vt 0.929274 0.268879
vt 0.949637 0.193710
vt 0.950546 -0.007065
vt 0.930062 0.193227
vt 0.930174 -0.006947
vt 0.950467 0.193365
vt 0.930062 0.193227
vt 0.950546 -0.007065
vt 0.909639 0.193186
vt 0.891175 0.265373
vt 0.889138 0.193690
vt 0.909368 0.268822
vt 0.891175 0.265373
vt 0.909639 0.193186
vt 0.930136 0.193103
vt 0.908555 0.268622
vt 0.908593 0.193095
vt 0.930111 0.268634
vt 0.908555 0.268622
vt 0.930136 0.193103
vt 0.908799 -0.006923
vt 0.888316 0.193379
vt 0.888396 -0.007051
vt 0.908687 0.193252
vt 0.888316 0.193379
vt 0.908799 -0.006923
vt 0.930227 -0.006537
vt 0.908659 0.193037
vt 0.908852 -0.006513
vt 0.930034 0.193013
vt 0.908659 0.193037
vt 0.930227 -0.006537
vt 0.908105 -0.025773
vt 0.891525 -0.007702
vt 0.892509 -0.026518
vt 0.909952 -0.006566
vt 0.891525 -0.007702
vt 0.908105 -0.025773
vt 0.930287 -0.024917
vt 0.908719 -0.005570
vt 0.908715 -0.024932
vt 0.930267 -0.005560
vt 0.908719 -0.005570
vt 0.930287 -0.024917
vt 0.376195 0.876394
vt 0.354654 0.932805
vt 0.354404 0.875393
vt 0.373190 0.930366
vt 0.354654 0.932805
vt 0.376195 0.876394
vt 0.372222 0.816454
vt 0.350472 0.879409
vt 0.350704 0.816487
vt 0.372005 0.879486
vt 0.350472 0.879409
vt 0.372222 0.816454
vt 0.357072 0.875508
vt 0.338250 0.930270
vt 0.335450 0.876439
vt 0.356650 0.932771
vt 0.338250 0.930270
vt 0.357072 0.875508
vt 0.366442 0.873488
vt 0.344821 0.930822
vt 0.345122 0.873524
vt 0.366570 0.930880
vt 0.344821 0.930822
vt 0.366442 0.873488
vt 0.361286 0.816580
vt 0.339536 0.879535
vt 0.339753 0.816503
vt 0.361053 0.879503
vt 0.339536 0.879535
vt 0.361286 0.816580
vt 0.366589 0.816430
vt 0.345168 0.879559
vt 0.345380 0.816491
vt 0.366378 0.879499
vt 0.345168 0.879559
vt 0.366589 0.816430
vt 0.357103 0.763184
vt 0.335563 0.819595
vt 0.338568 0.765624
vt 0.357354 0.820597
vt 0.335563 0.819595
vt 0.357103 0.763184
vt 0.366937 0.765167
vt 0.345315 0.822502
vt 0.345187 0.765109
vt 0.366635 0.822465
vt 0.345315 0.822502
vt 0.366937 0.765167
vt 0.867973 0.525317
vt 0.902896 0.497522
vt 0.924255 0.525711
vt 0.930121 0.305551
vt 0.903693 0.502333
vt 0.903693 0.258932
vt 0.930121 0.506662
vt 0.903693 0.502333
vt 0.930121 0.305551
vt 0.805129 0.525317
vt 0.751526 0.525717
vt 0.770206 0.497522
vt 0.903693 0.498381
vt 0.804373 0.526131
vt 0.769409 0.498381
vt 0.868729 0.526131
vt 0.804373 0.526131
vt 0.903693 0.498381
vt 0.769409 0.258932
vt 0.742981 0.506662
vt 0.742981 0.305551
vt 0.769409 0.502333
vt 0.742981 0.506662
vt 0.769409 0.258932
vt 0.903693 0.258932
vt 0.769409 0.502333
vt 0.769409 0.258932
vt 0.903693 0.502333
vt 0.769409 0.502333
vt 0.903693 0.258932
vt 0.743013 0.305569
vt 0.744584 0.234024
vt 0.769441 0.258950
vt 0.868729 0.230436
vt 0.769409 0.262884
vt 0.804373 0.230436
vt 0.903693 0.262884
vt 0.769409 0.262884
vt 0.868729 0.230436
vt 0.868082 0.484730
vt 0.924451 0.559831
vt 0.868056 0.559876
vt 0.921741 0.488301
vt 0.924451 0.559831
vt 0.868082 0.484730
vt 0.803732 0.484762
vt 0.868102 0.559884
vt 0.803740 0.559889
vt 0.868098 0.484755
vt 0.868102 0.559884
vt 0.803732 0.484762
vt 0.868039 0.760892
vt 0.921759 0.779754
vt 0.868113 0.779755
vt 0.924422 0.760951
vt 0.921759 0.779754
vt 0.868039 0.760892
vt 0.868091 0.559863
vt 0.924476 0.760955
vt 0.868106 0.760945
vt 0.924465 0.559850
vt 0.924476 0.760955
vt 0.868091 0.559863
vt 0.803759 0.760848
vt 0.868128 0.779741
vt 0.803758 0.779748
vt 0.868124 0.760842
vt 0.868128 0.779741
vt 0.803759 0.760848
vt 0.803752 0.559876
vt 0.868113 0.760916
vt 0.803778 0.760913
vt 0.868087 0.559879
vt 0.868113 0.760916
vt 0.803752 0.559876
vt 0.747427 0.760996
vt 0.803773 0.779769
vt 0.747429 0.779778
vt 0.803829 0.760921
vt 0.803773 0.779769
vt 0.747427 0.760996
vt 0.747386 0.559852
vt 0.803771 0.760942
vt 0.747396 0.760957
vt 0.803756 0.559860
vt 0.803771 0.760942
vt 0.747386 0.559852
vt 0.921623 0.233935
vt 0.902896 0.263743
vt 0.867932 0.231295
vt 0.930585 0.525397
vt 0.903661 0.502315
vt 0.930060 0.506623
vt 0.769441 0.502315
vt 0.744583 0.525454
vt 0.743038 0.506583
vt 0.770206 0.263743
vt 0.751479 0.233935
vt 0.805170 0.231295
vt 0.290013 0.241747
vt -0.031765 0.000413
vt 0.290013 0.000413
vt -0.031765 0.241747
vt -0.031765 0.000413
vt 0.290013 0.241747
vt 0.999587 -0.031765
vt 0.951320 0.290013
vt 0.951320 -0.031765
vt 0.999587 0.290013
vt 0.951320 0.290013
vt 0.999587 -0.031765
vt -0.031765 0.241747
vt 0.290013 0.290013
vt -0.031765 0.290013
vt 0.290013 0.241747
vt 0.290013 0.290013
vt -0.031765 0.241747
vt 0.226484 0.241747
vt 0.548262 0.000413
vt 0.548262 0.241747
vt 0.226484 0.000413
vt 0.548262 0.000413
vt 0.226484 0.241747
vt 0.226484 0.758244
vt 0.548262 0.516911
vt 0.548262 0.758244
vt 0.226484 0.516911
vt 0.548262 0.516911
vt 0.226484 0.758244
vt 0.548262 0.257836
vt 0.226484 0.241747
vt 0.548262 0.241747
vt 0.226484 0.257836
vt 0.226484 0.241747
vt 0.548262 0.257836
vt 0.218344 0.813718
vt 0.151256 0.742168
vt 0.221704 0.742201
vt 0.151291 0.817300
vt 0.151256 0.742168
vt 0.218344 0.813718
vt 0.746531 0.563821
vt 0.715632 0.517202
vt 0.744155 0.492270
vt 0.860009 0.760279
vt 0.841340 0.828267
vt 0.841608 0.757128
vt 0.862958 0.827496
vt 0.841340 0.828267
vt 0.860009 0.760279
vt 0.827538 0.265629
vt 0.846290 0.193089
vt 0.845933 0.268964
vt 0.824958 0.193773
vt 0.846290 0.193089
vt 0.827538 0.265629
vt 0.819034 -0.028403
vt 0.800255 0.044170
vt 0.800672 -0.031777
vt 0.821671 0.043384
vt 0.800255 0.044170
vt 0.819034 -0.028403
vt 0.890285 0.969114
vt 0.908980 0.901095
vt 0.908763 0.972176
vt 0.887433 0.901782
vt 0.908980 0.901095
vt 0.890285 0.969114
vt 0.887515 0.827584
vt 0.909081 0.757134
vt 0.909204 0.828303
vt 0.890535 0.760150
vt 0.909081 0.757134
vt 0.887515 0.827584
vt 0.891441 0.904469
vt 0.913149 0.825216
vt 0.912949 0.904175
vt 0.891560 0.824898
vt 0.913149 0.825216
vt 0.891441 0.904469
vt 0.906590 0.828233
vt 0.925285 0.760215
vt 0.928137 0.827546
vt 0.906808 0.757153
vt 0.925285 0.760215
vt 0.906590 0.828233
vt 0.897201 0.829906
vt 0.918799 0.758678
vt 0.918522 0.829867
vt 0.897041 0.758631
vt 0.918799 0.758678
vt 0.897201 0.829906
vt 0.902421 0.904113
vt 0.924129 0.824860
vt 0.924010 0.904431
vt 0.902621 0.825154
vt 0.924129 0.824860
vt 0.902421 0.904113
vt 0.897056 0.904314
vt 0.918514 0.825015
vt 0.918353 0.904269
vt 0.897217 0.825059
vt 0.918514 0.825015
vt 0.897056 0.904314
vt 0.906489 0.972194
vt 0.928055 0.901745
vt 0.925035 0.969178
vt 0.906366 0.901025
vt 0.928055 0.901745
vt 0.906489 0.972194
vt 0.896772 0.970651
vt 0.918369 0.899422
vt 0.918529 0.970698
vt 0.897049 0.899462
vt 0.918369 0.899422
vt 0.896772 0.970651
vt 0.821543 0.193801
vt 0.800357 0.269046
vt 0.800122 0.193084
vt 0.818807 0.265746
vt 0.800357 0.269046
vt 0.821543 0.193801
vt 0.822924 0.043867
vt 0.801565 0.193059
vt 0.801712 0.044066
vt 0.822843 0.193372
vt 0.801565 0.193059
vt 0.822924 0.043867
vt 0.781653 0.193089
vt 0.762902 0.265629
vt 0.760322 0.193773
vt 0.781297 0.268964
vt 0.762902 0.265629
vt 0.781653 0.193089
vt 0.801641 0.192898
vt 0.780021 0.268667
vt 0.780140 0.192901
vt 0.801668 0.268692
vt 0.780021 0.268667
vt 0.801641 0.192898
vt 0.780379 0.044102
vt 0.759033 0.193390
vt 0.759114 0.043885
vt 0.780232 0.193095
vt 0.759033 0.193390
vt 0.780379 0.044102
vt 0.801755 0.044403
vt 0.780195 0.192806
vt 0.780422 0.044439
vt 0.801528 0.192770
vt 0.780195 0.192806
vt 0.801755 0.044403
vt 0.781579 -0.031861
vt 0.760375 0.043352
vt 0.763155 -0.028518
vt 0.781860 0.044180
vt 0.760375 0.043352
vt 0.781579 -0.031861
vt 0.801910 -0.031463
vt 0.780266 0.044302
vt 0.780301 -0.031480
vt 0.801854 0.044316
vt 0.780266 0.044302
vt 0.801910 -0.031463
vt 0.825012 0.043352
vt 0.846216 -0.031861
vt 0.846497 0.044180
vt 0.827791 -0.028518
vt 0.846216 -0.031861
vt 0.825012 0.043352
vt 0.823669 0.193390
vt 0.845016 0.044102
vt 0.844869 0.193095
vt 0.823750 0.043885
vt 0.845016 0.044102
vt 0.823669 0.193390
vt 0.864891 0.044170
vt 0.883670 -0.028403
vt 0.886308 0.043384
vt 0.865308 -0.031777
vt 0.883670 -0.028403
vt 0.864891 0.044170
vt 0.844902 0.044302
vt 0.866547 -0.031463
vt 0.866490 0.044316
vt 0.844938 -0.031480
vt 0.866547 -0.031463
vt 0.844902 0.044302
vt 0.866202 0.193059
vt 0.887560 0.043867
vt 0.887480 0.193372
vt 0.866349 0.044066
vt 0.887560 0.043867
vt 0.866202 0.193059
vt 0.844832 0.192806
vt 0.866392 0.044403
vt 0.866164 0.192770
vt 0.845059 0.044439
vt 0.866392 0.044403
vt 0.844832 0.192806
vt 0.864994 0.269046
vt 0.886179 0.193801
vt 0.883443 0.265746
vt 0.864758 0.193084
vt 0.886179 0.193801
vt 0.864994 0.269046
vt 0.844657 0.268667
vt 0.866277 0.192898
vt 0.866305 0.268692
vt 0.844777 0.192901
vt 0.866277 0.192898
vt 0.844657 0.268667
vt 0.862866 0.901799
vt 0.841284 0.972221
vt 0.841124 0.900988
vt 0.859773 0.969108
vt 0.841284 0.972221
vt 0.862866 0.901799
vt 0.858931 0.825030
vt 0.837207 0.904163
vt 0.837394 0.825104
vt 0.858767 0.904261
vt 0.837207 0.904163
vt 0.858931 0.825030
vt 0.843788 0.901061
vt 0.825119 0.969049
vt 0.822170 0.901833
vt 0.843520 0.972201
vt 0.825119 0.969049
vt 0.843788 0.901061
vt 0.853166 0.899426
vt 0.831570 0.970655
vt 0.831810 0.899458
vt 0.853290 0.970694
vt 0.831570 0.970655
vt 0.853166 0.899426
vt 0.847921 0.825166
vt 0.826198 0.904298
vt 0.826361 0.825068
vt 0.847735 0.904225
vt 0.826198 0.904298
vt 0.847921 0.825166
vt 0.853293 0.825015
vt 0.831835 0.904314
vt 0.831996 0.825059
vt 0.853132 0.904269
vt 0.831835 0.904314
vt 0.853293 0.825015
vt 0.843844 0.757107
vt 0.822262 0.827529
vt 0.825355 0.760220
vt 0.844005 0.828340
vt 0.822262 0.827529
vt 0.843844 0.757107
vt 0.853559 0.758674
vt 0.831962 0.829903
vt 0.831839 0.758634
vt 0.853319 0.829870
vt 0.831962 0.829903
vt 0.853559 0.758674
vt 0.671322 0.788218
vt 0.715026 0.755771
vt 0.738408 0.785578
vt 0.746563 0.563800
vt 0.715664 0.760581
vt 0.715664 0.517181
vt 0.746563 0.713963
vt 0.715664 0.760581
vt 0.746563 0.563800
vt 0.592152 0.788219
vt 0.525066 0.785578
vt 0.548447 0.755771
vt 0.715664 0.756629
vt 0.591515 0.789077
vt 0.547810 0.756629
vt 0.671959 0.789077
vt 0.591515 0.789077
vt 0.715664 0.756629
vt 0.547810 0.517181
vt 0.516910 0.713963
vt 0.516910 0.563800
vt 0.547810 0.760581
vt 0.516910 0.713963
vt 0.547810 0.517181
vt 0.715664 0.517181
vt 0.547810 0.760581
vt 0.547810 0.517181
vt 0.715664 0.760581
vt 0.547810 0.760581
vt 0.715664 0.517181
vt 0.516942 0.563821
vt 0.519319 0.492270
vt 0.547841 0.517202
vt 0.671959 0.488685
vt 0.547810 0.521133
vt 0.591515 0.488685
vt 0.715664 0.521133
vt 0.547810 0.521133
vt 0.671959 0.488685
vt 0.070858 0.817315
vt 0.000424 0.742211
vt 0.070883 0.742171
vt 0.003793 0.813740
vt 0.000424 0.742211
vt 0.070858 0.817315
vt 0.151302 0.817284
vt 0.070846 0.742163
vt 0.151294 0.742157
vt 0.070848 0.817291
vt 0.070846 0.742163
vt 0.151302 0.817284
vt 0.070865 0.592053
vt 0.003779 0.520505
vt 0.070834 0.516925
vt 0.000423 0.592026
vt 0.003779 0.520505
vt 0.070865 0.592053
vt 0.070857 0.742185
vt 0.000411 0.592028
vt 0.070844 0.592041
vt 0.000416 0.742197
vt 0.000411 0.592028
vt 0.070857 0.742185
vt 0.151274 0.592062
vt 0.070820 0.516941
vt 0.151279 0.516932
vt 0.070835 0.592066
vt 0.070820 0.516941
vt 0.151274 0.592062
vt 0.151282 0.742172
vt 0.070842 0.592051
vt 0.151264 0.592053
vt 0.070860 0.742171
vt 0.070842 0.592051
vt 0.151282 0.742172
vt 0.221697 0.592015
vt 0.151265 0.516910
vt 0.218333 0.520483
vt 0.151243 0.592050
vt 0.151265 0.516910
vt 0.221697 0.592015
vt 0.221714 0.742192
vt 0.151266 0.592043
vt 0.221708 0.592023
vt 0.151279 0.742186
vt 0.151266 0.592043
vt 0.221714 0.742192
vt 0.738408 0.492185
vt 0.715027 0.521992
vt 0.671321 0.489544
vt 0.744155 0.785492
vt 0.715632 0.760560
vt 0.746531 0.713942
vt 0.547841 0.760560
vt 0.519319 0.785492
vt 0.516942 0.713942
vt 0.548447 0.521992
vt 0.525066 0.492184
vt 0.592152 0.489544
vt 0.747418 0.490260
vt 0.803803 0.508949
vt 0.747414 0.508884
vt 0.803745 0.490257
vt 0.803803 0.508949
vt 0.747418 0.490260
vt 0.930073 0.254634
vt 0.903661 0.258950
vt 0.930603 0.236008
vt 0.372047 0.763496
vt 0.357802 0.819432
vt 0.354948 0.763257
vt 0.376307 0.819550
vt 0.357802 0.819432
vt 0.372047 0.763496
vt 0.947672 -0.028333
vt 0.929225 0.043835
vt 0.929458 -0.031756
vt 0.949672 0.043396
vt 0.929225 0.043835
vt 0.947672 -0.028333
vt 0.806760 0.726982
vt 0.786895 0.746556
vt 0.788662 0.727106
vt 0.807375 0.745888
vt 0.786895 0.746556
vt 0.806760 0.726982
vt 0.308489 0.765641
vt 0.289636 0.820438
vt 0.289994 0.763250
vt 0.311168 0.819611
vt 0.289636 0.820438
vt 0.308489 0.765641
vt 0.311066 0.876327
vt 0.289546 0.932771
vt 0.289347 0.875441
vt 0.308156 0.930452
vt 0.289546 0.932771
vt 0.311066 0.876327
vt 0.307105 0.816247
vt 0.285378 0.879362
vt 0.285625 0.816534
vt 0.306949 0.879693
vt 0.285378 0.879362
vt 0.307105 0.816247
vt 0.291947 0.875551
vt 0.273095 0.930348
vt 0.270416 0.876378
vt 0.291590 0.932740
vt 0.273095 0.930348
vt 0.291947 0.875551
vt 0.301322 0.873480
vt 0.279698 0.930814
vt 0.280069 0.873532
vt 0.301519 0.930888
vt 0.279698 0.930814
vt 0.301322 0.873480
vt 0.296206 0.816628
vt 0.274479 0.879742
vt 0.274635 0.816297
vt 0.295959 0.879455
vt 0.274479 0.879742
vt 0.296206 0.816628
vt 0.301503 0.816430
vt 0.280081 0.879559
vt 0.280293 0.816491
vt 0.301291 0.879499
vt 0.280081 0.879559
vt 0.301503 0.816430
vt 0.292038 0.763218
vt 0.270518 0.819663
vt 0.273428 0.765537
vt 0.292237 0.820548
vt 0.270518 0.819663
vt 0.292038 0.763218
vt 0.301886 0.765175
vt 0.280262 0.822509
vt 0.280065 0.765101
vt 0.301515 0.822458
vt 0.280262 0.822509
vt 0.301886 0.765175
vt 0.808663 0.947038
vt 0.788312 1.022229
vt 0.788160 0.946579
vt 0.806562 1.018828
vt 0.788312 1.022229
vt 0.808663 0.947038
vt 0.809597 0.746330
vt 0.789104 0.946562
vt 0.789217 0.746387
vt 0.809517 0.946760
vt 0.789104 0.946562
vt 0.809597 0.746330
vt 0.768659 0.946582
vt 0.750211 1.018750
vt 0.748212 0.947021
vt 0.768426 1.022174
vt 0.750211 1.018750
vt 0.768659 0.946582
vt 0.789154 0.946463
vt 0.767589 1.021985
vt 0.767668 0.946465
vt 0.789170 1.022001
vt 0.767589 1.021985
vt 0.789154 0.946463
vt 0.767842 0.746411
vt 0.747366 0.946774
vt 0.747446 0.746343
vt 0.767729 0.946586
vt 0.747366 0.946774
vt 0.767842 0.746411
vt 0.789274 0.746827
vt 0.767706 0.946402
vt 0.767899 0.746852
vt 0.789080 0.946378
vt 0.767706 0.946402
vt 0.789274 0.746827
vt 0.768456 0.727054
vt 0.749682 0.745828
vt 0.750322 0.726906
vt 0.770203 0.746522
vt 0.749682 0.745828
vt 0.768456 0.727054
vt 0.789326 0.727278
vt 0.767764 0.747042
vt 0.767771 0.727266
vt 0.789316 0.747052
vt 0.767764 0.747042
vt 0.789326 0.727278
vt 0.948123 0.244713
vt 0.932617 0.262441
vt 0.930282 0.243407
vt 0.946793 0.263330
vt 0.932617 0.262441
vt 0.948123 0.244713
vt 0.950518 0.043643
vt 0.930042 0.244006
vt 0.930155 0.043831
vt 0.950438 0.244074
vt 0.930042 0.244006
vt 0.950518 0.043643
vt 0.908780 0.243277
vt 0.892134 0.263319
vt 0.891332 0.244682
vt 0.906652 0.262248
vt 0.892134 0.263319
vt 0.908780 0.243277
vt 0.930120 0.241884
vt 0.908559 0.260805
vt 0.908569 0.241873
vt 0.930114 0.260816
vt 0.908559 0.260805
vt 0.930120 0.241884
vt 0.908780 0.043855
vt 0.888287 0.244088
vt 0.888367 0.043657
vt 0.908667 0.244030
vt 0.888287 0.244088
vt 0.908780 0.043855
vt 0.930178 0.044015
vt 0.908610 0.243590
vt 0.908803 0.044040
vt 0.929985 0.243566
vt 0.908610 0.243590
vt 0.930178 0.044015
vt 0.909571 -0.031812
vt 0.889220 0.043379
vt 0.891322 -0.028411
vt 0.909724 0.043838
vt 0.889220 0.043379
vt 0.909571 -0.031812
vt 0.930294 -0.031567
vt 0.908730 0.043955
vt 0.908713 -0.031584
vt 0.930216 0.043952
vt 0.908730 0.043955
vt 0.930294 -0.031567
vt 0.376195 0.876394
vt 0.354654 0.932805
vt 0.358382 0.876739
vt 0.372836 0.930244
vt 0.354654 0.932805
vt 0.376195 0.876394
vt 0.372222 0.816454
vt 0.353513 0.878674
vt 0.356001 0.816479
vt 0.372005 0.879486
vt 0.353513 0.878674
vt 0.372222 0.816454
vt 0.353121 0.876838
vt 0.338602 0.930150
vt 0.335450 0.876439
vt 0.356650 0.932771
vt 0.338602 0.930150
vt 0.353121 0.876838
vt 0.366447 0.875497
vt 0.344821 0.930822
vt 0.345112 0.875530
vt 0.366570 0.930880
vt 0.344821 0.930822
vt 0.366447 0.875497
vt 0.355985 0.816561
vt 0.339536 0.879535
vt 0.339753 0.816503
vt 0.358019 0.878761
vt 0.339536 0.879535
vt 0.355985 0.816561
vt 0.366589 0.816430
vt 0.345174 0.877855
vt 0.345380 0.816491
vt 0.366384 0.877794
vt 0.345174 0.877855
vt 0.366589 0.816430
vt 0.357388 0.763219
vt 0.335563 0.819595
vt 0.340057 0.763400
vt 0.354216 0.819535
vt 0.335563 0.819595
vt 0.357388 0.763219
vt 0.366853 0.765149
vt 0.345311 0.820492
vt 0.345271 0.765128
vt 0.366646 0.820459
vt 0.345311 0.820492
vt 0.366853 0.765149
vt 0.867932 0.529970
vt 0.902896 0.497522
vt 0.921623 0.527330
vt 0.930120 0.254603
vt 0.903693 0.502333
vt 0.903693 0.258932
vt 0.930121 0.455714
vt 0.903693 0.502333
vt 0.930120 0.254603
vt 0.805170 0.529970
vt 0.751479 0.527329
vt 0.770206 0.497522
vt 0.903693 0.498381
vt 0.804373 0.530829
vt 0.769409 0.498381
vt 0.868729 0.530829
vt 0.804373 0.530829
vt 0.903693 0.498381
vt 0.769409 0.258932
vt 0.742981 0.455714
vt 0.742981 0.254603
vt 0.769409 0.502333
vt 0.742981 0.455714
vt 0.769409 0.258932
vt 0.903693 0.258932
vt 0.769409 0.502333
vt 0.769409 0.258932
vt 0.903693 0.502333
vt 0.769409 0.502333
vt 0.903693 0.258932
vt 0.743038 0.254682
vt 0.744583 0.235961
vt 0.769441 0.258950
vt 0.868729 0.235272
vt 0.769409 0.262884
vt 0.804373 0.235272
vt 0.903693 0.262884
vt 0.769409 0.262884
vt 0.868729 0.235272
vt 0.868087 0.490242
vt 0.924410 0.508893
vt 0.868015 0.508960
vt 0.921743 0.490238
vt 0.924410 0.508893
vt 0.868087 0.490242
vt 0.803733 0.490271
vt 0.868100 0.509015
vt 0.803735 0.509021
vt 0.868099 0.490265
vt 0.868100 0.509015
vt 0.803733 0.490271
vt 0.868075 0.709987
vt 0.921759 0.781541
vt 0.868109 0.785116
vt 0.924453 0.710019
vt 0.921759 0.781541
vt 0.868075 0.709987
vt 0.868088 0.508917
vt 0.924472 0.710014
vt 0.868104 0.709999
vt 0.924461 0.508909
vt 0.924472 0.710014
vt 0.868088 0.508917
vt 0.803761 0.709977
vt 0.868129 0.785100
vt 0.803757 0.785108
vt 0.868114 0.709975
vt 0.868129 0.785100
vt 0.803761 0.709977
vt 0.803746 0.508947
vt 0.868106 0.709986
vt 0.803771 0.709984
vt 0.868080 0.508949
vt 0.868106 0.709986
vt 0.803746 0.508947
vt 0.747411 0.710028
vt 0.803777 0.785131
vt 0.750116 0.781564
vt 0.803799 0.709989
vt 0.803777 0.785131
vt 0.747411 0.710028
vt 0.747382 0.508911
vt 0.803769 0.709996
vt 0.747392 0.710016
vt 0.803753 0.508914
vt 0.803769 0.709996
vt 0.747382 0.508911
vt 0.924257 0.235691
vt 0.902896 0.263743
vt 0.867974 0.236085
vt 0.928518 0.527241
vt 0.903661 0.502315
vt 0.930089 0.455696
vt 0.769441 0.502315
vt 0.744584 0.527241
vt 0.743013 0.455696
vt 0.770206 0.263743
vt 0.751525 0.235685
vt 0.805128 0.236085

vn 0.000000 0.000000 1.000000
vn 0.000000 0.000000 1.000000
vn 0.000000 0.000000 1.000000
vn 0.000000 0.000000 1.000000
vn 0.000000 0.000000 1.000000
vn 0.000000 0.000000 1.000000
vn -1.000000 0.000000 0.000000
vn -1.000000 0.000000 0.000000
vn -1.000000 0.000000 0.000000
vn -1.000000 0.000000 0.000000
vn -1.000000 0.000000 0.000000
vn -1.000000 0.000000 0.000000
vn -0.000000 -1.000000 0.000000
vn -0.000000 -1.000000 0.000000
vn -0.000000 -1.000000 0.000000
vn 0.000000 -1.000000 0.000000
vn 0.000000 -1.000000 0.000000
vn 0.000000 -1.000000 0.000000
vn -0.000000 0.000000 -1.000000
vn -0.000000 0.000000 -1.000000
vn -0.000000 0.000000 -1.000000
vn -0.000000 0.000000 -1.000000
vn -0.000000 0.000000 -1.000000
vn -0.000000 0.000000 -1.000000
vn 1.000000 0.000000 -0.000000
vn 1.000000 0.000000 -0.000000
vn 1.000000 0.000000 -0.000000
vn 1.000000 0.000000 -0.000000
vn 1.000000 0.000000 -0.000000
vn 1.000000 0.000000 -0.000000
vn 0.000000 0.000000 1.000000
vn 0.000000 0.000000 1.000000
vn 0.000000 0.000000 1.000000
vn 0.000000 0.000000 1.000000
vn 0.000000 0.000000 1.000000
vn 0.000000 0.000000 1.000000
vn -0.000000 -1.000000 0.000000
vn -0.000000 -1.000000 0.000000
vn -0.000000 -1.000000 0.000000
vn 0.000000 -1.000000 0.000000
vn 0.000000 -1.000000 0.000000
vn 0.000000 -1.000000 0.000000
vn -1.000000 0.000000 0.000000
vn -1.000000 0.000000 0.000000
vn -1.000000 0.000000 0.000000
vn -1.000000 0.000000 0.000000
vn -1.000000 0.000000 0.000000
vn -1.000000 0.000000 0.000000
vn -0.000000 -0.242536 -0.970142
vn -0.000000 -0.242536 -0.970142
vn -0.000000 -0.242536 -0.970142
vn -0.000000 -0.242537 -0.970142
vn -0.000000 -0.242537 -0.970142
vn -0.000000 -0.242537 -0.970142
vn 1.000000 -0.000000 -0.000001
vn 1.000000 -0.000000 -0.000001
vn 1.000000 -0.000000 -0.000001
vn 1.000000 0.000000 0.000000
vn 1.000000 0.000000 0.000000
vn 1.000000 0.000000 0.000000
vn -0.000000 0.000000 1.000000
vn -0.000000 0.000000 1.000000
vn -0.000000 0.000000 1.000000
vn -0.000000 0.000000 1.000000
vn -0.000000 0.000000 1.000000
vn -0.000000 0.000000 1.000000
vn -0.970143 -0.242535 0.000000
vn -0.970143 -0.242535 0.000000
vn -0.970143 -0.242535 0.000000
vn -0.970143 -0.242534 0.000003
vn -0.970143 -0.242534 0.000003
vn -0.970143 -0.242534 0.000003
vn -0.000000 -1.000000 0.000000
vn -0.000000 -1.000000 0.000000
vn -0.000000 -1.000000 0.000000
vn 0.000001 -1.000000 0.000000
vn 0.000001 -1.000000 0.000000
vn 0.000001 -1.000000 0.000000
vn 0.000000 1.000000 0.000000
vn 0.000000 1.000000 0.000000
vn 0.000000 1.000000 0.000000
vn -0.000000 1.000000 0.000000
vn -0.000000 1.000000 0.000000
vn -0.000000 1.000000 0.000000
vn -0.000000 0.000000 -1.000000
vn -0.000000 0.000000 -1.000000
vn -0.000000 0.000000 -1.000000
vn -0.000000 0.000000 -1.000000
vn -0.000000 0.000000 -1.000000
vn -0.000000 0.000000 -1.000000
vn 0.000000 0.000000 1.000000
vn 0.000000 0.000000 1.000000
vn 0.000000 0.000000 1.000000
vn 0.000000 0.000000 1.000000
vn 0.000000 0.000000 1.000000
vn 0.000000 0.000000 1.000000
vn -0.000000 0.000000 -1.000000
vn -0.000000 0.000000 -1.000000
vn -0.000000 0.000000 -1.000000
vn -0.000000 0.000000 -1.000000
vn -0.000000 0.000000 -1.000000
vn -0.000000 0.000000 -1.000000
vn 0.000000 0.000000 1.000000
vn 0.000000 0.000000 1.000000
vn 0.000000 0.000000 1.000000
vn 0.000000 0.000000 1.000000
vn 0.000000 0.000000 1.000000
vn 0.000000 0.000000 1.000000
vn 0.000000 1.000000 0.000000
vn 0.000000 1.000000 0.000000
vn 0.000000 1.000000 0.000000
vn -0.000000 1.000000 0.000000
vn -0.000000 1.000000 0.000000
vn -0.000000 1.000000 0.000000
vn -0.014274 -0.999173 0.038064
vn -0.014274 -0.999173 0.038064
vn -0.014274 -0.999173 0.038064
vn -0.035687 -0.999247 0.015227
vn -0.035687 -0.999247 0.015227
vn -0.035687 -0.999247 0.015227
vn -0.036223 0.834162 0.550328
vn -0.036223 0.834162 0.550328
vn -0.036223 0.834162 0.550328
vn -0.964277 0.220407 0.146938
vn -0.964277 0.220407 0.146938
vn -0.964277 0.220407 0.146938
vn -0.867029 0.495447 0.052848
vn -0.867029 0.495447 0.052848
vn -0.867029 0.495447 0.052848
vn 0.129847 0.207756 0.969524
vn 0.129847 0.207756 0.969524
vn 0.129847 0.207756 0.969524
vn 0.047170 0.471696 0.880499
vn 0.047170 0.471696 0.880499
vn 0.047170 0.471696 0.880499
vn -0.129847 0.207755 -0.969524
vn -0.129847 0.207755 -0.969524
vn -0.129847 0.207755 -0.969524
vn -0.047170 0.471696 -0.880499
vn -0.047170 0.471696 -0.880499
vn -0.047170 0.471696 -0.880499
vn 0.964277 0.220407 -0.146937
vn 0.964277 0.220407 -0.146937
vn 0.964277 0.220407 -0.146937
vn 0.867030 0.495445 -0.052848
vn 0.867030 0.495445 -0.052848
vn 0.867030 0.495445 -0.052848
vn 0.860743 0.491851 0.131160
vn 0.860743 0.491851 0.131160
vn 0.860743 0.491851 0.131160
vn 0.977076 0.205701 0.054853
vn 0.977076 0.205701 0.054853
vn 0.977076 0.205701 0.054853
vn 0.868244 0.496138 0.000000
vn 0.868244 0.496138 0.000000
vn 0.868244 0.496138 0.000000
vn 0.868244 0.496137 -0.000000
vn 0.868244 0.496137 -0.000000
vn 0.868244 0.496137 -0.000000
vn 0.867031 -0.495444 0.052848
vn 0.867031 -0.495444 0.052848
vn 0.867031 -0.495444 0.052848
vn 0.964277 -0.220407 0.146937
vn 0.964277 -0.220407 0.146937
vn 0.964277 -0.220407 0.146937
vn 0.988588 0.000000 0.150641
vn 0.988588 0.000000 0.150641
vn 0.988588 0.000000 0.150641
vn 0.988588 0.000000 0.150641
vn 0.988588 0.000000 0.150641
vn 0.988588 0.000000 0.150641
vn 0.868244 -0.496138 0.000000
vn 0.868244 -0.496138 0.000000
vn 0.868244 -0.496138 0.000000
vn 0.868244 -0.496137 -0.000000
vn 0.868244 -0.496137 -0.000000
vn 0.868244 -0.496137 -0.000000
vn 1.000000 0.000000 -0.000000
vn 1.000000 0.000000 -0.000000
vn 1.000000 0.000000 -0.000000
vn 1.000000 0.000000 0.000000
vn 1.000000 0.000000 0.000000
vn 1.000000 0.000000 0.000000
vn 0.977076 -0.205701 -0.054854
vn 0.977076 -0.205701 -0.054854
vn 0.977076 -0.205701 -0.054854
vn 0.860743 -0.491852 -0.131160
vn 0.860743 -0.491852 -0.131160
vn 0.860743 -0.491852 -0.131160
vn 0.988588 0.000000 -0.150642
vn 0.988588 0.000000 -0.150642
vn 0.988588 0.000000 -0.150642
vn 0.988588 0.000000 -0.150642
vn 0.988588 0.000000 -0.150642
vn 0.988588 0.000000 -0.150642
vn 0.117241 0.468965 -0.875401
vn 0.117241 0.468965 -0.875401
vn 0.117241 0.468965 -0.875401
vn 0.048351 0.193406 -0.979927
vn 0.048351 0.193406 -0.979927
vn 0.048351 0.193406 -0.979927
vn -0.000000 0.472221 -0.881480
vn -0.000000 0.472221 -0.881480
vn -0.000000 0.472221 -0.881480
vn 0.000000 0.472221 -0.881480
vn 0.000000 0.472221 -0.881480
vn 0.000000 0.472221 -0.881480
vn 0.047169 -0.471696 -0.880499
vn 0.047169 -0.471696 -0.880499
vn 0.047169 -0.471696 -0.880499
vn 0.129846 -0.207755 -0.969525
vn 0.129846 -0.207755 -0.969525
vn 0.129846 -0.207755 -0.969525
vn 0.132743 0.000000 -0.991150
vn 0.132743 0.000000 -0.991150
vn 0.132743 0.000000 -0.991150
vn 0.132743 0.000000 -0.991150
vn 0.132743 0.000000 -0.991150
vn 0.132743 0.000000 -0.991150
vn 0.000000 -0.472221 -0.881480
vn 0.000000 -0.472221 -0.881480
vn 0.000000 -0.472221 -0.881480
vn -0.000000 -0.472221 -0.881480
vn -0.000000 -0.472221 -0.881480
vn -0.000000 -0.472221 -0.881480
vn -0.000000 0.000000 -1.000000
vn -0.000000 0.000000 -1.000000
vn -0.000000 0.000000 -1.000000
vn -0.000000 0.000000 -1.000000
vn -0.000000 0.000000 -1.000000
vn -0.000000 0.000000 -1.000000
vn -0.048352 -0.193406 -0.979927
vn -0.048352 -0.193406 -0.979927
vn -0.048352 -0.193406 -0.979927
vn -0.117241 -0.468965 -0.875401
vn -0.117241 -0.468965 -0.875401
vn -0.117241 -0.468965 -0.875401
vn -0.132744 0.000000 -0.991150
vn -0.132744 0.000000 -0.991150
vn -0.132744 0.000000 -0.991150
vn -0.132744 0.000000 -0.991150
vn -0.132744 0.000000 -0.991150
vn -0.132744 0.000000 -0.991150
vn -0.117241 0.468964 0.875401
vn -0.117241 0.468964 0.875401
vn -0.117241 0.468964 0.875401
vn -0.048351 0.193407 0.979927
vn -0.048351 0.193407 0.979927
vn -0.048351 0.193407 0.979927
vn 0.000000 0.472221 0.881480
vn 0.000000 0.472221 0.881480
vn 0.000000 0.472221 0.881480
vn 0.000000 0.472221 0.881480
vn 0.000000 0.472221 0.881480
vn 0.000000 0.472221 0.881480
vn -0.047169 -0.471696 0.880499
vn -0.047169 -0.471696 0.880499
vn -0.047169 -0.471696 0.880499
vn -0.129847 -0.207755 0.969525
vn -0.129847 -0.207755 0.969525
vn -0.129847 -0.207755 0.969525
vn -0.132743 0.000000 0.991150
vn -0.132743 0.000000 0.991150
vn -0.132743 0.000000 0.991150
vn -0.132743 0.000000 0.991150
vn -0.132743 0.000000 0.991150
vn -0.132743 0.000000 0.991150
vn 0.000000 -0.472221 0.881480
vn 0.000000 -0.472221 0.881480
vn 0.000000 -0.472221 0.881480
vn 0.000000 -0.472221 0.881480
vn 0.000000 -0.472221 0.881480
vn 0.000000 -0.472221 0.881480
vn 0.000000 0.000000 1.000000
vn 0.000000 0.000000 1.000000
vn 0.000000 0.000000 1.000000
vn 0.000000 0.000000 1.000000
vn 0.000000 0.000000 1.000000
vn 0.000000 0.000000 1.000000
vn 0.048352 -0.193407 0.979926
vn 0.048352 -0.193407 0.979926
vn 0.048352 -0.193407 0.979926
vn 0.117242 -0.468965 0.875401
vn 0.117242 -0.468965 0.875401
vn 0.117242 -0.468965 0.875401
vn 0.132744 0.000000 0.991150
vn 0.132744 0.000000 0.991150
vn 0.132744 0.000000 0.991150
vn 0.132744 0.000000 0.991150
vn 0.132744 0.000000 0.991150
vn 0.132744 0.000000 0.991150
vn -0.860742 0.491854 -0.131161
vn -0.860742 0.491854 -0.131161
vn -0.860742 0.491854 -0.131161
vn -0.977077 0.205700 -0.054853
vn -0.977077 0.205700 -0.054853
vn -0.977077 0.205700 -0.054853
vn -0.868243 0.496140 0.000000
vn -0.868243 0.496140 0.000000
vn -0.868243 0.496140 0.000000
vn -0.868243 0.496140 0.000000
vn -0.868243 0.496140 0.000000
vn -0.868243 0.496140 0.000000
vn -0.867029 -0.495447 -0.052847
vn -0.867029 -0.495447 -0.052847
vn -0.867029 -0.495447 -0.052847
vn -0.964277 -0.220406 -0.146937
vn -0.964277 -0.220406 -0.146937
vn -0.964277 -0.220406 -0.146937
vn -0.988588 0.000000 -0.150642
vn -0.988588 0.000000 -0.150642
vn -0.988588 0.000000 -0.150642
vn -0.988588 0.000000 -0.150642
vn -0.988588 0.000000 -0.150642
vn -0.988588 0.000000 -0.150642
vn -0.868243 -0.496140 0.000000
vn -0.868243 -0.496140 0.000000
vn -0.868243 -0.496140 0.000000
vn -0.868243 -0.496140 0.000000
vn -0.868243 -0.496140 0.000000
vn -0.868243 -0.496140 0.000000
vn -1.000000 0.000000 0.000000
vn -1.000000 0.000000 0.000000
vn -1.000000 0.000000 0.000000
vn -1.000000 0.000000 0.000000
vn -1.000000 0.000000 0.000000
vn -1.000000 0.000000 0.000000
vn -0.977076 -0.205701 0.054854
vn -0.977076 -0.205701 0.054854
vn -0.977076 -0.205701 0.054854
vn -0.860742 -0.491854 0.131161
vn -0.860742 -0.491854 0.131161
vn -0.860742 -0.491854 0.131161
vn -0.988588 0.000000 0.150643
vn -0.988588 0.000000 0.150643
vn -0.988588 0.000000 0.150643
vn -0.988588 0.000000 0.150643
vn -0.988588 0.000000 0.150643
vn -0.988588 0.000000 0.150643
vn 0.525612 0.849813 0.039364
vn 0.525612 0.849813 0.039364
vn 0.525612 0.849813 0.039364
vn 0.000000 0.863577 0.504217
vn 0.000000 0.863577 0.504217
vn 0.000000 0.863577 0.504217
vn 0.000000 0.863577 0.504217
vn 0.000000 0.863577 0.504217
vn 0.000000 0.863577 0.504217
vn 0.525612 0.849813 -0.039364
vn 0.525612 0.849813 -0.039364
vn 0.525612 0.849813 -0.039364
vn 0.480152 0.877185 -0.000000
vn 0.480152 0.877185 -0.000000
vn 0.480152 0.877185 -0.000000
vn 0.480152 0.877185 -0.000000
vn 0.480152 0.877185 -0.000000
vn 0.480152 0.877185 -0.000000
vn 0.000000 0.863577 -0.504217
vn 0.000000 0.863577 -0.504217
vn 0.000000 0.863577 -0.504217
vn -0.000000 0.863577 -0.504217
vn -0.000000 0.863577 -0.504217
vn -0.000000 0.863577 -0.504217
vn 0.000000 1.000000 0.000000
vn 0.000000 1.000000 0.000000
vn 0.000000 1.000000 0.000000
vn -0.000000 1.000000 0.000000
vn -0.000000 1.000000 0.000000
vn -0.000000 1.000000 0.000000
vn -0.036224 0.834163 -0.550328
vn -0.036224 0.834163 -0.550328
vn -0.036224 0.834163 -0.550328
vn -0.480152 0.877185 0.000000
vn -0.480152 0.877185 0.000000
vn -0.480152 0.877185 0.000000
vn -0.480152 0.877185 0.000000
vn -0.480152 0.877185 0.000000
vn -0.480152 0.877185 0.000000
vn -0.035666 -0.998639 -0.038043
vn -0.035666 -0.998639 -0.038043
vn -0.035666 -0.998639 -0.038043
vn -0.013155 -0.999815 -0.014033
vn -0.013155 -0.999815 -0.014033
vn -0.013155 -0.999815 -0.014033
vn -0.035692 -0.999363 0.000000
vn -0.035692 -0.999363 0.000000
vn -0.035692 -0.999363 0.000000
vn -0.035692 -0.999363 0.000000
vn -0.035692 -0.999363 0.000000
vn -0.035692 -0.999363 0.000000
vn 0.035687 -0.999247 -0.015227
vn 0.035687 -0.999247 -0.015227
vn 0.035687 -0.999247 -0.015227
vn 0.014274 -0.999173 -0.038064
vn 0.014274 -0.999173 -0.038064
vn 0.014274 -0.999173 -0.038064
vn -0.000000 -0.999275 -0.038068
vn -0.000000 -0.999275 -0.038068
vn -0.000000 -0.999275 -0.038068
vn -0.000000 -0.999275 -0.038068
vn -0.000000 -0.999275 -0.038068
vn -0.000000 -0.999275 -0.038068
vn 0.035691 -0.999363 -0.000000
vn 0.035691 -0.999363 -0.000000
vn 0.035691 -0.999363 -0.000000
vn 0.035691 -0.999363 -0.000000
vn 0.035691 -0.999363 -0.000000
vn 0.035691 -0.999363 -0.000000
vn -0.000000 -1.000000 0.000000
vn -0.000000 -1.000000 0.000000
vn -0.000000 -1.000000 0.000000
vn -0.000000 -1.000000 0.000000
vn -0.000000 -1.000000 0.000000
vn -0.000000 -1.000000 0.000000
vn 0.013155 -0.999815 0.014033
vn 0.013155 -0.999815 0.014033
vn 0.013155 -0.999815 0.014033
vn 0.035666 -0.998639 0.038043
vn 0.035666 -0.998639 0.038043
vn 0.035666 -0.998639 0.038043
vn -0.000000 -0.999275 0.038068
vn -0.000000 -0.999275 0.038068
vn -0.000000 -0.999275 0.038068
vn -0.000000 -0.999275 0.038068
vn -0.000000 -0.999275 0.038068
vn -0.000000 -0.999275 0.038068
vn -0.525612 0.849813 0.039364
vn -0.525612 0.849813 0.039364
vn -0.525612 0.849813 0.039364
vn 0.036224 0.834162 0.550328
vn 0.036224 0.834162 0.550328
vn 0.036224 0.834162 0.550328
vn 0.036223 0.834163 -0.550328
vn 0.036223 0.834163 -0.550328
vn 0.036223 0.834163 -0.550328
vn -0.525612 0.849813 -0.039363
vn -0.525612 0.849813 -0.039363
vn -0.525612 0.849813 -0.039363
vn -0.014268 0.047560 0.998766
vn -0.014268 0.047560 0.998766
vn -0.014268 0.047560 0.998766
vn -0.035685 0.019032 0.999182
vn -0.035685 0.019032 0.999182
vn -0.035685 0.019032 0.999182
vn -0.033484 0.635875 -0.771065
vn -0.033484 0.635875 -0.771065
vn -0.033484 0.635875 -0.771065
vn -0.958474 0.182567 -0.219080
vn -0.958474 0.182567 -0.219080
vn -0.958474 0.182567 -0.219080
vn -0.866350 0.066007 -0.495057
vn -0.866350 0.066007 -0.495057
vn -0.866350 0.066007 -0.495057
vn 0.393919 0.919145 -0.000002
vn 0.393919 0.919145 -0.000002
vn 0.393919 0.919145 -0.000002
vn 0.018753 0.918983 -0.393850
vn 0.018753 0.918983 -0.393850
vn 0.018753 0.918983 -0.393850
vn -0.105019 -0.980172 -0.168030
vn -0.105019 -0.980172 -0.168030
vn -0.105019 -0.980172 -0.168030
vn -0.039362 -0.918433 -0.393614
vn -0.039362 -0.918433 -0.393614
vn -0.039362 -0.918433 -0.393614
vn 1.000000 -0.000000 0.000000
vn 1.000000 -0.000000 0.000000
vn 1.000000 -0.000000 0.000000
vn 1.000000 -0.000000 -0.000003
vn 1.000000 -0.000000 -0.000003
vn 1.000000 -0.000000 -0.000003
vn 1.000000 0.000000 0.000000
vn 1.000000 0.000000 0.000000
vn 1.000000 0.000000 0.000000
vn 1.000000 -0.000000 0.000000
vn 1.000000 -0.000000 0.000000
vn 1.000000 -0.000000 0.000000
vn 1.000000 0.000000 -0.000003
vn 1.000000 0.000000 -0.000003
vn 1.000000 0.000000 -0.000003
vn 1.000000 -0.000000 -0.000001
vn 1.000000 -0.000000 -0.000001
vn 1.000000 -0.000000 -0.000001
vn 1.000000 0.000000 0.000000
vn 1.000000 0.000000 0.000000
vn 1.000000 0.000000 0.000000
vn 1.000000 0.000000 0.000000
vn 1.000000 0.000000 0.000000
vn 1.000000 0.000000 0.000000
vn 1.000000 0.000000 0.000000
vn 1.000000 0.000000 0.000000
vn 1.000000 0.000000 0.000000
vn 1.000000 0.000000 -0.000001
vn 1.000000 0.000000 -0.000001
vn 1.000000 0.000000 -0.000001
vn 1.000000 0.000000 0.000000
vn 1.000000 0.000000 0.000000
vn 1.000000 0.000000 0.000000
vn 1.000000 0.000000 0.000000
vn 1.000000 0.000000 0.000000
vn 1.000000 0.000000 0.000000
vn 1.000000 0.000000 0.000000
vn 1.000000 0.000000 0.000000
vn 1.000000 0.000000 0.000000
vn 1.000000 0.000000 0.000000
vn 1.000000 0.000000 0.000000
vn 1.000000 0.000000 0.000000
vn 1.000000 0.000000 0.000000
vn 1.000000 0.000000 0.000000
vn 1.000000 0.000000 0.000000
vn 1.000000 0.000000 0.000000
vn 1.000000 0.000000 0.000000
vn 1.000000 0.000000 0.000000
vn 1.000000 0.000000 -0.000001
vn 1.000000 0.000000 -0.000001
vn 1.000000 0.000000 -0.000001
vn 1.000000 -0.000000 0.000000
vn 1.000000 -0.000000 0.000000
vn 1.000000 -0.000000 0.000000
vn 0.464991 -0.813733 -0.348743
vn 0.464991 -0.813733 -0.348743
vn 0.464991 -0.813733 -0.348743
vn 0.141422 -0.989949 -0.000000
vn 0.141422 -0.989949 -0.000000
vn 0.141422 -0.989949 -0.000000
vn -0.000000 -0.919145 -0.393919
vn -0.000000 -0.919145 -0.393919
vn -0.000000 -0.919145 -0.393919
vn -0.000000 -0.919145 -0.393919
vn -0.000000 -0.919145 -0.393919
vn -0.000000 -0.919145 -0.393919
vn 0.148404 -0.908967 0.389557
vn 0.148404 -0.908967 0.389557
vn 0.148404 -0.908967 0.389557
vn 0.496140 -0.868243 0.000000
vn 0.496140 -0.868243 0.000000
vn 0.496140 -0.868243 0.000000
vn 0.496140 -0.868243 0.000000
vn 0.496140 -0.868243 0.000000
vn 0.496140 -0.868243 0.000000
vn 0.496139 -0.868243 -0.000001
vn 0.496139 -0.868243 -0.000001
vn 0.496139 -0.868243 -0.000001
vn 0.000000 -0.919145 0.393920
vn 0.000000 -0.919145 0.393920
vn 0.000000 -0.919145 0.393920
vn 0.000000 -0.919145 0.393919
vn 0.000000 -0.919145 0.393919
vn 0.000000 -0.919145 0.393919
vn -0.000000 -1.000000 0.000000
vn -0.000000 -1.000000 0.000000
vn -0.000000 -1.000000 0.000000
vn -0.000000 -1.000000 0.000000
vn -0.000000 -1.000000 0.000000
vn -0.000000 -1.000000 0.000000
vn -0.038961 -0.987013 0.155845
vn -0.038961 -0.987013 0.155845
vn -0.038961 -0.987013 0.155845
vn -0.098006 -0.914720 0.392023
vn -0.098006 -0.914720 0.392023
vn -0.098006 -0.914720 0.392023
vn -0.106533 -0.994309 0.000000
vn -0.106533 -0.994309 0.000000
vn -0.106533 -0.994309 0.000000
vn -0.106533 -0.994309 0.000000
vn -0.106533 -0.994309 0.000000
vn -0.106533 -0.994309 0.000000
vn -0.098006 0.914720 -0.392023
vn -0.098006 0.914720 -0.392023
vn -0.098006 0.914720 -0.392023
vn -0.038961 0.987013 -0.155843
vn -0.038961 0.987013 -0.155843
vn -0.038961 0.987013 -0.155843
vn 0.000000 0.919145 -0.393920
vn 0.000000 0.919145 -0.393920
vn 0.000000 0.919145 -0.393920
vn -0.000000 0.919145 -0.393920
vn -0.000000 0.919145 -0.393920
vn -0.000000 0.919145 -0.393920
vn -0.039361 0.918433 0.393614
vn -0.039361 0.918433 0.393614
vn -0.039361 0.918433 0.393614
vn -0.105019 0.980172 0.168030
vn -0.105019 0.980172 0.168030
vn -0.105019 0.980172 0.168030
vn -0.106534 0.994309 0.000000
vn -0.106534 0.994309 0.000000
vn -0.106534 0.994309 0.000000
vn -0.106533 0.994309 0.000000
vn -0.106533 0.994309 0.000000
vn -0.106533 0.994309 0.000000
vn 0.000000 0.919145 0.393920
vn 0.000000 0.919145 0.393920
vn 0.000000 0.919145 0.393920
vn -0.000000 0.919145 0.393920
vn -0.000000 0.919145 0.393920
vn -0.000000 0.919145 0.393920
vn 0.000000 1.000000 0.000000
vn 0.000000 1.000000 0.000000
vn 0.000000 1.000000 0.000000
vn -0.000000 1.000000 0.000000
vn -0.000000 1.000000 0.000000
vn -0.000000 1.000000 0.000000
vn 0.000001 1.000000 0.000002
vn 0.000001 1.000000 0.000002
vn 0.000001 1.000000 0.000002
vn 0.366507 0.855186 0.366509
vn 0.366507 0.855186 0.366509
vn 0.366507 0.855186 0.366509
vn 0.393920 0.919145 0.000000
vn 0.393920 0.919145 0.000000
vn 0.393920 0.919145 0.000000
vn 0.393918 0.919146 -0.000000
vn 0.393918 0.919146 -0.000000
vn 0.393918 0.919146 -0.000000
vn -0.856607 -0.163164 -0.489491
vn -0.856607 -0.163164 -0.489491
vn -0.856607 -0.163164 -0.489491
vn -0.976251 -0.068509 -0.205526
vn -0.976251 -0.068509 -0.205526
vn -0.976251 -0.068509 -0.205526
vn -0.868243 0.000000 -0.496140
vn -0.868243 0.000000 -0.496140
vn -0.868243 0.000000 -0.496140
vn -0.868242 0.000000 -0.496141
vn -0.868242 0.000000 -0.496141
vn -0.868242 0.000000 -0.496141
vn -0.866349 -0.066008 0.495057
vn -0.866349 -0.066008 0.495057
vn -0.866349 -0.066008 0.495057
vn -0.958475 -0.182566 0.219080
vn -0.958475 -0.182566 0.219080
vn -0.958475 -0.182566 0.219080
vn -0.982338 -0.187112 0.000001
vn -0.982338 -0.187112 0.000001
vn -0.982338 -0.187112 0.000001
vn -0.982339 -0.187113 0.000000
vn -0.982339 -0.187113 0.000000
vn -0.982339 -0.187113 0.000000
vn -0.868243 0.000000 0.496140
vn -0.868243 0.000000 0.496140
vn -0.868243 0.000000 0.496140
vn -0.868243 0.000000 0.496140
vn -0.868243 0.000000 0.496140
vn -0.868243 0.000000 0.496140
vn -1.000000 0.000000 0.000001
vn -1.000000 0.000000 0.000001
vn -1.000000 0.000000 0.000001
vn -1.000000 0.000000 0.000001
vn -1.000000 0.000000 0.000001
vn -1.000000 0.000000 0.000001
vn -0.976250 0.068509 0.205528
vn -0.976250 0.068509 0.205528
vn -0.976250 0.068509 0.205528
vn -0.856607 0.163164 0.489491
vn -0.856607 0.163164 0.489491
vn -0.856607 0.163164 0.489491
vn -0.982338 0.187112 0.000000
vn -0.982338 0.187112 0.000000
vn -0.982338 0.187112 0.000000
vn -0.982338 0.187113 0.000001
vn -0.982338 0.187113 0.000001
vn -0.982338 0.187113 0.000001
vn 0.572579 0.013012 -0.819746
vn 0.572579 0.013012 -0.819746
vn 0.572579 0.013012 -0.819746
vn -0.000000 0.589526 -0.807749
vn -0.000000 0.589526 -0.807749
vn -0.000000 0.589526 -0.807749
vn -0.000000 0.589526 -0.807749
vn -0.000000 0.589526 -0.807749
vn -0.000000 0.589526 -0.807749
vn 0.573236 -0.013655 -0.819276
vn 0.573236 -0.013655 -0.819276
vn 0.573236 -0.013655 -0.819276
vn 0.559165 -0.000000 -0.829057
vn 0.559165 -0.000000 -0.829057
vn 0.559165 -0.000000 -0.829057
vn 0.559164 0.000000 -0.829057
vn 0.559164 0.000000 -0.829057
vn 0.559164 0.000000 -0.829057
vn -0.000000 -0.589525 -0.807750
vn -0.000000 -0.589525 -0.807750
vn -0.000000 -0.589525 -0.807750
vn -0.000000 -0.589526 -0.807749
vn -0.000000 -0.589526 -0.807749
vn -0.000000 -0.589526 -0.807749
vn -0.000000 -0.000000 -1.000000
vn -0.000000 -0.000000 -1.000000
vn -0.000000 -0.000000 -1.000000
vn -0.000000 0.000000 -1.000000
vn -0.000000 0.000000 -1.000000
vn -0.000000 0.000000 -1.000000
vn -0.033484 -0.635875 -0.771065
vn -0.033484 -0.635875 -0.771065
vn -0.033484 -0.635875 -0.771065
vn -0.480153 0.000000 -0.877185
vn -0.480153 0.000000 -0.877185
vn -0.480153 0.000000 -0.877185
vn -0.480153 -0.000000 -0.877185
vn -0.480153 -0.000000 -0.877185
vn -0.480153 -0.000000 -0.877185
vn -0.035651 -0.047535 0.998233
vn -0.035651 -0.047535 0.998233
vn -0.035651 -0.047535 0.998233
vn -0.013154 -0.017539 0.999760
vn -0.013154 -0.017539 0.999760
vn -0.013154 -0.017539 0.999760
vn -0.035691 0.000000 0.999363
vn -0.035691 0.000000 0.999363
vn -0.035691 0.000000 0.999363
vn -0.035691 0.000000 0.999363
vn -0.035691 0.000000 0.999363
vn -0.035691 0.000000 0.999363
vn 0.141403 -0.016497 0.989815
vn 0.141403 -0.016497 0.989815
vn 0.141403 -0.016497 0.989815
vn 0.054282 -0.047495 0.997396
vn 0.054282 -0.047495 0.997396
vn 0.054282 -0.047495 0.997396
vn 0.000000 -0.047566 0.998868
vn 0.000000 -0.047566 0.998868
vn 0.000000 -0.047566 0.998868
vn 0.000000 -0.047565 0.998868
vn 0.000000 -0.047565 0.998868
vn 0.000000 -0.047565 0.998868
vn 0.141422 0.000000 0.989949
vn 0.141422 0.000000 0.989949
vn 0.141422 0.000000 0.989949
vn 0.141422 0.000000 0.989949
vn 0.141422 0.000000 0.989949
vn 0.141422 0.000000 0.989949
vn 0.000000 0.000000 1.000000
vn 0.000000 0.000000 1.000000
vn 0.000000 0.000000 1.000000
vn 0.000000 0.000000 1.000000
vn 0.000000 0.000000 1.000000
vn 0.000000 0.000000 1.000000
vn 0.007996 0.002665 0.999964
vn 0.007996 0.002665 0.999964
vn 0.007996 0.002665 0.999964
vn 0.141266 0.047088 0.988851
vn 0.141266 0.047088 0.988851
vn 0.141266 0.047088 0.988851
vn 0.000000 0.047566 0.998868
vn 0.000000 0.047566 0.998868
vn 0.000000 0.047566 0.998868
vn 0.000000 0.047565 0.998868
vn 0.000000 0.047565 0.998868
vn 0.000000 0.047565 0.998868
vn -0.525384 0.049183 -0.849443
vn -0.525384 0.049183 -0.849443
vn -0.525384 0.049183 -0.849443
vn 0.038611 0.583965 -0.810860
vn 0.038611 0.583965 -0.810860
vn 0.038611 0.583965 -0.810860
vn 0.120053 -0.569260 -0.813345
vn 0.120053 -0.569260 -0.813345
vn 0.120053 -0.569260 -0.813345
vn -0.525384 -0.049183 -0.849443
vn -0.525384 -0.049183 -0.849443
vn -0.525384 -0.049183 -0.849443
vn -0.000000 1.000000 0.000000
vn -0.000000 1.000000 0.000000
vn -0.000000 1.000000 0.000000
vn -0.000000 1.000000 0.000000
vn -0.000000 1.000000 0.000000
vn -0.000000 1.000000 0.000000
vn -1.000000 0.000000 0.000000
vn -1.000000 0.000000 0.000000
vn -1.000000 0.000000 0.000000
vn -1.000000 0.000000 0.000000
vn -1.000000 0.000000 0.000000
vn -1.000000 0.000000 0.000000
vn 1.000000 0.000000 -0.000000
vn 1.000000 0.000000 -0.000000
vn 1.000000 0.000000 -0.000000
vn 1.000000 0.000000 -0.000000
vn 1.000000 0.000000 -0.000000
vn 1.000000 0.000000 -0.000000
vn -1.000000 0.000000 0.000000
vn -1.000000 0.000000 0.000000
vn -1.000000 0.000000 0.000000
vn -1.000000 0.000000 0.000000
vn -1.000000 0.000000 0.000000
vn -1.000000 0.000000 0.000000
vn 1.000000 0.000000 -0.000000
vn 1.000000 0.000000 -0.000000
vn 1.000000 0.000000 -0.000000
vn 1.000000 0.000000 -0.000000
vn 1.000000 0.000000 -0.000000
vn 1.000000 0.000000 -0.000000
vn -0.000000 1.000000 0.000000
vn -0.000000 1.000000 0.000000
vn -0.000000 1.000000 0.000000
vn -0.000000 1.000000 0.000000
vn -0.000000 1.000000 0.000000
vn -0.000000 1.000000 0.000000
vn 0.038064 -0.999173 0.014274
vn 0.038064 -0.999173 0.014274
vn 0.038064 -0.999173 0.014274
vn 0.015227 -0.999247 0.035687
vn 0.015227 -0.999247 0.035687
vn 0.015227 -0.999247 0.035687
vn 0.550328 0.834162 0.036223
vn 0.550328 0.834162 0.036223
vn 0.550328 0.834162 0.036223
vn 0.146938 0.220407 0.964277
vn 0.146938 0.220407 0.964277
vn 0.146938 0.220407 0.964277
vn 0.052848 0.495445 0.867030
vn 0.052848 0.495445 0.867030
vn 0.052848 0.495445 0.867030
vn 0.969525 0.207755 -0.129847
vn 0.969525 0.207755 -0.129847
vn 0.969525 0.207755 -0.129847
vn 0.880499 0.471695 -0.047170
vn 0.880499 0.471695 -0.047170
vn 0.880499 0.471695 -0.047170
vn -0.969524 0.207756 0.129848
vn -0.969524 0.207756 0.129848
vn -0.969524 0.207756 0.129848
vn -0.880499 0.471696 0.047170
vn -0.880499 0.471696 0.047170
vn -0.880499 0.471696 0.047170
vn -0.146938 0.220406 -0.964277
vn -0.146938 0.220406 -0.964277
vn -0.146938 0.220406 -0.964277
vn -0.052848 0.495445 -0.867030
vn -0.052848 0.495445 -0.867030
vn -0.052848 0.495445 -0.867030
vn 0.131160 0.491853 -0.860743
vn 0.131160 0.491853 -0.860743
vn 0.131160 0.491853 -0.860743
vn 0.054853 0.205700 -0.977077
vn 0.054853 0.205700 -0.977077
vn 0.054853 0.205700 -0.977077
vn -0.000000 0.496139 -0.868243
vn -0.000000 0.496139 -0.868243
vn -0.000000 0.496139 -0.868243
vn -0.000000 0.496137 -0.868245
vn -0.000000 0.496137 -0.868245
vn -0.000000 0.496137 -0.868245
vn 0.052847 -0.495446 -0.867030
vn 0.052847 -0.495446 -0.867030
vn 0.052847 -0.495446 -0.867030
vn 0.146937 -0.220406 -0.964277
vn 0.146937 -0.220406 -0.964277
vn 0.146937 -0.220406 -0.964277
vn 0.150641 0.000000 -0.988589
vn 0.150641 0.000000 -0.988589
vn 0.150641 0.000000 -0.988589
vn 0.150641 0.000000 -0.988588
vn 0.150641 0.000000 -0.988588
vn 0.150641 0.000000 -0.988588
vn -0.000000 -0.496137 -0.868245
vn -0.000000 -0.496137 -0.868245
vn -0.000000 -0.496137 -0.868245
vn -0.000000 -0.496139 -0.868243
vn -0.000000 -0.496139 -0.868243
vn -0.000000 -0.496139 -0.868243
vn -0.000000 0.000000 -1.000000
vn -0.000000 0.000000 -1.000000
vn -0.000000 0.000000 -1.000000
vn -0.000000 0.000000 -1.000000
vn -0.000000 0.000000 -1.000000
vn -0.000000 0.000000 -1.000000
vn -0.054854 -0.205701 -0.977076
vn -0.054854 -0.205701 -0.977076
vn -0.054854 -0.205701 -0.977076
vn -0.131161 -0.491852 -0.860743
vn -0.131161 -0.491852 -0.860743
vn -0.131161 -0.491852 -0.860743
vn -0.150642 0.000000 -0.988588
vn -0.150642 0.000000 -0.988588
vn -0.150642 0.000000 -0.988588
vn -0.150642 0.000000 -0.988588
vn -0.150642 0.000000 -0.988588
vn -0.150642 0.000000 -0.988588
vn -0.875400 0.468966 -0.117241
vn -0.875400 0.468966 -0.117241
vn -0.875400 0.468966 -0.117241
vn -0.979927 0.193406 -0.048351
vn -0.979927 0.193406 -0.048351
vn -0.979927 0.193406 -0.048351
vn -0.881480 0.472221 0.000000
vn -0.881480 0.472221 0.000000
vn -0.881480 0.472221 0.000000
vn -0.881480 0.472222 0.000000
vn -0.881480 0.472222 0.000000
vn -0.881480 0.472222 0.000000
vn -0.880499 -0.471696 -0.047169
vn -0.880499 -0.471696 -0.047169
vn -0.880499 -0.471696 -0.047169
vn -0.969525 -0.207754 -0.129847
vn -0.969525 -0.207754 -0.129847
vn -0.969525 -0.207754 -0.129847
vn -0.991150 0.000000 -0.132743
vn -0.991150 0.000000 -0.132743
vn -0.991150 0.000000 -0.132743
vn -0.991150 0.000000 -0.132743
vn -0.991150 0.000000 -0.132743
vn -0.991150 0.000000 -0.132743
vn -0.881480 -0.472221 0.000000
vn -0.881480 -0.472221 0.000000
vn -0.881480 -0.472221 0.000000
vn -0.881480 -0.472222 0.000000
vn -0.881480 -0.472222 0.000000
vn -0.881480 -0.472222 0.000000
vn -1.000000 0.000000 0.000000
vn -1.000000 0.000000 0.000000
vn -1.000000 0.000000 0.000000
vn -1.000000 0.000000 0.000000
vn -1.000000 0.000000 0.000000
vn -1.000000 0.000000 0.000000
vn -0.979926 -0.193407 0.048352
vn -0.979926 -0.193407 0.048352
vn -0.979926 -0.193407 0.048352
vn -0.875401 -0.468965 0.117242
vn -0.875401 -0.468965 0.117242
vn -0.875401 -0.468965 0.117242
vn -0.991150 0.000000 0.132744
vn -0.991150 0.000000 0.132744
vn -0.991150 0.000000 0.132744
vn -0.991150 0.000000 0.132744
vn -0.991150 0.000000 0.132744
vn -0.991150 0.000000 0.132744
vn 0.875401 0.468964 0.117240
vn 0.875401 0.468964 0.117240
vn 0.875401 0.468964 0.117240
vn 0.979927 0.193406 0.048351
vn 0.979927 0.193406 0.048351
vn 0.979927 0.193406 0.048351
vn 0.881480 0.472221 -0.000000
vn 0.881480 0.472221 -0.000000
vn 0.881480 0.472221 -0.000000
vn 0.881480 0.472221 0.000000
vn 0.881480 0.472221 0.000000
vn 0.881480 0.472221 0.000000
vn 0.880499 -0.471695 0.047169
vn 0.880499 -0.471695 0.047169
vn 0.880499 -0.471695 0.047169
vn 0.969525 -0.207755 0.129846
vn 0.969525 -0.207755 0.129846
vn 0.969525 -0.207755 0.129846
vn 0.991151 0.000000 0.132742
vn 0.991151 0.000000 0.132742
vn 0.991151 0.000000 0.132742
vn 0.991150 0.000000 0.132743
vn 0.991150 0.000000 0.132743
vn 0.991150 0.000000 0.132743
vn 0.881480 -0.472221 -0.000000
vn 0.881480 -0.472221 -0.000000
vn 0.881480 -0.472221 -0.000000
vn 0.881480 -0.472221 0.000000
vn 0.881480 -0.472221 0.000000
vn 0.881480 -0.472221 0.000000
vn 1.000000 0.000000 -0.000000
vn 1.000000 0.000000 -0.000000
vn 1.000000 0.000000 -0.000000
vn 1.000000 0.000000 0.000000
vn 1.000000 0.000000 0.000000
vn 1.000000 0.000000 0.000000
vn 0.979927 -0.193406 -0.048352
vn 0.979927 -0.193406 -0.048352
vn 0.979927 -0.193406 -0.048352
vn 0.875401 -0.468964 -0.117241
vn 0.875401 -0.468964 -0.117241
vn 0.875401 -0.468964 -0.117241
vn 0.991150 0.000000 -0.132744
vn 0.991150 0.000000 -0.132744
vn 0.991150 0.000000 -0.132744
vn 0.991150 0.000000 -0.132744
vn 0.991150 0.000000 -0.132744
vn 0.991150 0.000000 -0.132744
vn -0.131161 0.491851 0.860743
vn -0.131161 0.491851 0.860743
vn -0.131161 0.491851 0.860743
vn -0.054853 0.205701 0.977076
vn -0.054853 0.205701 0.977076
vn -0.054853 0.205701 0.977076
vn 0.000000 0.496140 0.868243
vn 0.000000 0.496140 0.868243
vn 0.000000 0.496140 0.868243
vn 0.000000 0.496139 0.868243
vn 0.000000 0.496139 0.868243
vn 0.000000 0.496139 0.868243
vn -0.052848 -0.495444 0.867031
vn -0.052848 -0.495444 0.867031
vn -0.052848 -0.495444 0.867031
vn -0.146937 -0.220406 0.964277
vn -0.146937 -0.220406 0.964277
vn -0.146937 -0.220406 0.964277
vn -0.150642 0.000000 0.988588
vn -0.150642 0.000000 0.988588
vn -0.150642 0.000000 0.988588
vn -0.150642 0.000000 0.988588
vn -0.150642 0.000000 0.988588
vn -0.150642 0.000000 0.988588
vn 0.000000 -0.496140 0.868242
vn 0.000000 -0.496140 0.868242
vn 0.000000 -0.496140 0.868242
vn 0.000000 -0.496139 0.868243
vn 0.000000 -0.496139 0.868243
vn 0.000000 -0.496139 0.868243
vn 0.000000 0.000000 1.000000
vn 0.000000 0.000000 1.000000
vn 0.000000 0.000000 1.000000
vn 0.000000 0.000000 1.000000
vn 0.000000 0.000000 1.000000
vn 0.000000 0.000000 1.000000
vn 0.054854 -0.205698 0.977077
vn 0.054854 -0.205698 0.977077
vn 0.054854 -0.205698 0.977077
vn 0.131161 -0.491854 0.860742
vn 0.131161 -0.491854 0.860742
vn 0.131161 -0.491854 0.860742
vn 0.150643 0.000000 0.988588
vn 0.150643 0.000000 0.988588
vn 0.150643 0.000000 0.988588
vn 0.150643 0.000000 0.988588
vn 0.150643 0.000000 0.988588
vn 0.150643 0.000000 0.988588
vn 0.039363 0.849813 -0.525613
vn 0.039363 0.849813 -0.525613
vn 0.039363 0.849813 -0.525613
vn 0.504217 0.863577 -0.000000
vn 0.504217 0.863577 -0.000000
vn 0.504217 0.863577 -0.000000
vn 0.504217 0.863577 -0.000000
vn 0.504217 0.863577 -0.000000
vn 0.504217 0.863577 -0.000000
vn -0.039364 0.849813 -0.525612
vn -0.039364 0.849813 -0.525612
vn -0.039364 0.849813 -0.525612
vn -0.000000 0.877185 -0.480152
vn -0.000000 0.877185 -0.480152
vn -0.000000 0.877185 -0.480152
vn -0.000000 0.877185 -0.480152
vn -0.000000 0.877185 -0.480152
vn -0.000000 0.877185 -0.480152
vn -0.504217 0.863577 0.000000
vn -0.504217 0.863577 0.000000
vn -0.504217 0.863577 0.000000
vn -0.504217 0.863577 0.000000
vn -0.504217 0.863577 0.000000
vn -0.504217 0.863577 0.000000
vn -0.000000 1.000000 0.000000
vn -0.000000 1.000000 0.000000
vn -0.000000 1.000000 0.000000
vn -0.000000 1.000000 0.000000
vn -0.000000 1.000000 0.000000
vn -0.000000 1.000000 0.000000
vn -0.550328 0.834162 0.036224
vn -0.550328 0.834162 0.036224
vn -0.550328 0.834162 0.036224
vn 0.000000 0.877185 0.480152
vn 0.000000 0.877185 0.480152
vn 0.000000 0.877185 0.480152
vn 0.000000 0.877185 0.480152
vn 0.000000 0.877185 0.480152
vn 0.000000 0.877185 0.480152
vn -0.038043 -0.998639 0.035666
vn -0.038043 -0.998639 0.035666
vn -0.038043 -0.998639 0.035666
vn -0.014033 -0.999815 0.013156
vn -0.014033 -0.999815 0.013156
vn -0.014033 -0.999815 0.013156
vn 0.000000 -0.999363 0.035691
vn 0.000000 -0.999363 0.035691
vn 0.000000 -0.999363 0.035691
vn -0.000000 -0.999363 0.035691
vn -0.000000 -0.999363 0.035691
vn -0.000000 -0.999363 0.035691
vn -0.015227 -0.999247 -0.035687
vn -0.015227 -0.999247 -0.035687
vn -0.015227 -0.999247 -0.035687
vn -0.038064 -0.999173 -0.014274
vn -0.038064 -0.999173 -0.014274
vn -0.038064 -0.999173 -0.014274
vn -0.038068 -0.999275 0.000000
vn -0.038068 -0.999275 0.000000
vn -0.038068 -0.999275 0.000000
vn -0.038068 -0.999275 0.000000
vn -0.038068 -0.999275 0.000000
vn -0.038068 -0.999275 0.000000
vn -0.000000 -0.999363 -0.035691
vn -0.000000 -0.999363 -0.035691
vn -0.000000 -0.999363 -0.035691
vn -0.000000 -0.999363 -0.035691
vn -0.000000 -0.999363 -0.035691
vn -0.000000 -0.999363 -0.035691
vn 0.000000 -1.000000 0.000000
vn 0.000000 -1.000000 0.000000
vn 0.000000 -1.000000 0.000000
vn -0.000000 -1.000000 0.000000
vn -0.000000 -1.000000 0.000000
vn -0.000000 -1.000000 0.000000
vn 0.014033 -0.999815 -0.013156
vn 0.014033 -0.999815 -0.013156
vn 0.014033 -0.999815 -0.013156
vn 0.038043 -0.998639 -0.035666
vn 0.038043 -0.998639 -0.035666
vn 0.038043 -0.998639 -0.035666
vn 0.038068 -0.999275 -0.000000
vn 0.038068 -0.999275 -0.000000
vn 0.038068 -0.999275 -0.000000
vn 0.038068 -0.999275 -0.000000
vn 0.038068 -0.999275 -0.000000
vn 0.038068 -0.999275 -0.000000
vn 0.039364 0.849813 0.525612
vn 0.039364 0.849813 0.525612
vn 0.039364 0.849813 0.525612
vn 0.550328 0.834163 -0.036224
vn 0.550328 0.834163 -0.036224
vn 0.550328 0.834163 -0.036224
vn -0.550328 0.834162 -0.036223
vn -0.550328 0.834162 -0.036223
vn -0.550328 0.834162 -0.036223
vn -0.039364 0.849813 0.525612
vn -0.039364 0.849813 0.525612
vn -0.039364 0.849813 0.525612
vn 0.998868 0.047565 0.000000
vn 0.998868 0.047565 0.000000
vn 0.998868 0.047565 0.000000
vn 0.989789 0.000000 0.142540
vn 0.989789 0.000000 0.142540
vn 0.989789 0.000000 0.142540
vn -0.810881 0.583915 0.038923
vn -0.810881 0.583915 0.038923
vn -0.810881 0.583915 0.038923
vn -0.000000 -0.000000 1.000000
vn -0.000000 -0.000000 1.000000
vn -0.000000 -0.000000 1.000000
vn 0.000001 0.000000 1.000000
vn 0.000001 0.000000 1.000000
vn 0.000001 0.000000 1.000000
vn -0.168027 0.980172 -0.105019
vn -0.168027 0.980172 -0.105019
vn -0.168027 0.980172 -0.105019
vn -0.393615 0.918432 -0.039361
vn -0.393615 0.918432 -0.039361
vn -0.393615 0.918432 -0.039361
vn -0.136412 -0.909412 0.392890
vn -0.136412 -0.909412 0.392890
vn -0.136412 -0.909412 0.392890
vn -0.389488 -0.908805 0.149573
vn -0.389488 -0.908805 0.149573
vn -0.389488 -0.908805 0.149573
vn -0.219080 -0.182566 -0.958475
vn -0.219080 -0.182566 -0.958475
vn -0.219080 -0.182566 -0.958475
vn -0.495056 -0.066008 -0.866350
vn -0.495056 -0.066008 -0.866350
vn -0.495056 -0.066008 -0.866350
vn -0.489489 0.163163 -0.856608
vn -0.489489 0.163163 -0.856608
vn -0.489489 0.163163 -0.856608
vn -0.205525 0.068509 -0.976251
vn -0.205525 0.068509 -0.976251
vn -0.205525 0.068509 -0.976251
vn -0.496139 0.000000 -0.868243
vn -0.496139 0.000000 -0.868243
vn -0.496139 0.000000 -0.868243
vn -0.496138 0.000000 -0.868244
vn -0.496138 0.000000 -0.868244
vn -0.496138 0.000000 -0.868244
vn 0.495056 0.066008 -0.866350
vn 0.495056 0.066008 -0.866350
vn 0.495056 0.066008 -0.866350
vn 0.219079 0.182567 -0.958475
vn 0.219079 0.182567 -0.958475
vn 0.219079 0.182567 -0.958475
vn -0.000001 0.187112 -0.982339
vn -0.000001 0.187112 -0.982339
vn -0.000001 0.187112 -0.982339
vn -0.000001 0.187112 -0.982339
vn -0.000001 0.187112 -0.982339
vn -0.000001 0.187112 -0.982339
vn 0.496137 0.000000 -0.868244
vn 0.496137 0.000000 -0.868244
vn 0.496137 0.000000 -0.868244
vn 0.496138 0.000000 -0.868244
vn 0.496138 0.000000 -0.868244
vn 0.496138 0.000000 -0.868244
vn -0.000001 0.000000 -1.000000
vn -0.000001 0.000000 -1.000000
vn -0.000001 0.000000 -1.000000
vn -0.000001 0.000000 -1.000000
vn -0.000001 0.000000 -1.000000
vn -0.000001 0.000000 -1.000000
vn 0.205526 -0.068509 -0.976251
vn 0.205526 -0.068509 -0.976251
vn 0.205526 -0.068509 -0.976251
vn 0.489489 -0.163164 -0.856608
vn 0.489489 -0.163164 -0.856608
vn 0.489489 -0.163164 -0.856608
vn -0.000001 -0.187112 -0.982339
vn -0.000001 -0.187112 -0.982339
vn -0.000001 -0.187112 -0.982339
vn -0.000001 -0.187112 -0.982339
vn -0.000001 -0.187112 -0.982339
vn -0.000001 -0.187112 -0.982339
vn -0.392023 -0.914720 -0.098006
vn -0.392023 -0.914720 -0.098006
vn -0.392023 -0.914720 -0.098006
vn -0.155845 -0.987013 -0.038961
vn -0.155845 -0.987013 -0.038961
vn -0.155845 -0.987013 -0.038961
vn -0.393919 -0.919145 0.000000
vn -0.393919 -0.919145 0.000000
vn -0.393919 -0.919145 0.000000
vn -0.393919 -0.919145 0.000000
vn -0.393919 -0.919145 0.000000
vn -0.393919 -0.919145 0.000000
vn 0.393614 -0.918433 -0.039362
vn 0.393614 -0.918433 -0.039362
vn 0.393614 -0.918433 -0.039362
vn 0.168030 -0.980172 -0.105018
vn 0.168030 -0.980172 -0.105018
vn 0.168030 -0.980172 -0.105018
vn -0.000000 -0.994309 -0.106533
vn -0.000000 -0.994309 -0.106533
vn -0.000000 -0.994309 -0.106533
vn -0.000000 -0.994309 -0.106533
vn -0.000000 -0.994309 -0.106533
vn -0.000000 -0.994309 -0.106533
vn 0.393919 -0.919145 -0.000000
vn 0.393919 -0.919145 -0.000000
vn 0.393919 -0.919145 -0.000000
vn 0.393919 -0.919145 0.000000
vn 0.393919 -0.919145 0.000000
vn 0.393919 -0.919145 0.000000
vn -0.000000 -1.000000 0.000000
vn -0.000000 -1.000000 0.000000
vn -0.000000 -1.000000 0.000000
vn -0.000000 -1.000000 0.000000
vn -0.000000 -1.000000 0.000000
vn -0.000000 -1.000000 0.000000
vn 0.146710 -0.978061 0.147892
vn 0.146710 -0.978061 0.147892
vn 0.146710 -0.978061 0.147892
vn 0.366111 -0.854258 0.369061
vn 0.366111 -0.854258 0.369061
vn 0.366111 -0.854258 0.369061
vn 0.000000 -0.917993 0.396597
vn 0.000000 -0.917993 0.396597
vn 0.000000 -0.917993 0.396597
vn 0.000000 -0.917993 0.396597
vn 0.000000 -0.917993 0.396597
vn 0.000000 -0.917993 0.396597
vn -0.366110 0.854259 0.369060
vn -0.366110 0.854259 0.369060
vn -0.366110 0.854259 0.369060
vn -0.000000 1.000000 -0.000002
vn -0.000000 1.000000 -0.000002
vn -0.000000 1.000000 -0.000002
vn -0.393923 0.919143 0.000000
vn -0.393923 0.919143 0.000000
vn -0.393923 0.919143 0.000000
vn -0.393918 0.919146 0.000000
vn -0.393918 0.919146 0.000000
vn -0.393918 0.919146 0.000000
vn 0.393920 0.919145 -0.000002
vn 0.393920 0.919145 -0.000002
vn 0.393920 0.919145 -0.000002
vn -0.000000 0.917993 0.396596
vn -0.000000 0.917993 0.396596
vn -0.000000 0.917993 0.396596
vn 0.000002 0.917993 0.396596
vn 0.000002 0.917993 0.396596
vn 0.000002 0.917993 0.396596
vn -0.000002 0.917993 0.396596
vn -0.000002 0.917993 0.396596
vn -0.000002 0.917993 0.396596
vn 0.393918 0.919146 -0.000000
vn 0.393918 0.919146 -0.000000
vn 0.393918 0.919146 -0.000000
vn 0.393922 0.919144 -0.000000
vn 0.393922 0.919144 -0.000000
vn 0.393922 0.919144 -0.000000
vn -0.000000 1.000000 0.000000
vn -0.000000 1.000000 0.000000
vn -0.000000 1.000000 0.000000
vn -0.000000 1.000000 0.000000
vn -0.000000 1.000000 0.000000
vn -0.000000 1.000000 0.000000
vn 0.155844 0.987013 -0.038961
vn 0.155844 0.987013 -0.038961
vn 0.155844 0.987013 -0.038961
vn 0.392023 0.914720 -0.098006
vn 0.392023 0.914720 -0.098006
vn 0.392023 0.914720 -0.098006
vn -0.000000 0.994309 -0.106533
vn -0.000000 0.994309 -0.106533
vn -0.000000 0.994309 -0.106533
vn -0.000000 0.994309 -0.106533
vn -0.000000 0.994309 -0.106533
vn -0.000000 0.994309 -0.106533
vn 0.000001 -0.000000 1.000000
vn 0.000001 -0.000000 1.000000
vn 0.000001 -0.000000 1.000000
vn -0.000001 0.000000 1.000000
vn -0.000001 0.000000 1.000000
vn -0.000001 0.000000 1.000000
vn 0.000001 0.000000 1.000000
vn 0.000001 0.000000 1.000000
vn 0.000001 0.000000 1.000000
vn 0.000001 0.000000 1.000000
vn 0.000001 0.000000 1.000000
vn 0.000001 0.000000 1.000000
vn 0.000001 0.000000 1.000000
vn 0.000001 0.000000 1.000000
vn 0.000001 0.000000 1.000000
vn 0.000001 0.000000 1.000000
vn 0.000001 0.000000 1.000000
vn 0.000001 0.000000 1.000000
vn 0.000001 0.000000 1.000000
vn 0.000001 0.000000 1.000000
vn 0.000001 0.000000 1.000000
vn 0.000001 -0.000001 1.000000
vn 0.000001 -0.000001 1.000000
vn 0.000001 -0.000001 1.000000
vn 0.000001 0.000000 1.000000
vn 0.000001 0.000000 1.000000
vn 0.000001 0.000000 1.000000
vn 0.000001 0.000000 1.000000
vn 0.000001 0.000000 1.000000
vn 0.000001 0.000000 1.000000
vn 0.000001 0.000000 1.000000
vn 0.000001 0.000000 1.000000
vn 0.000001 0.000000 1.000000
vn 0.000001 0.000000 1.000000
vn 0.000001 0.000000 1.000000
vn 0.000001 0.000000 1.000000
vn -0.000000 -0.000000 1.000000
vn -0.000000 -0.000000 1.000000
vn -0.000000 -0.000000 1.000000
vn 0.000001 0.000000 1.000000
vn 0.000001 0.000000 1.000000
vn 0.000001 0.000000 1.000000
vn 0.000001 0.000000 1.000000
vn 0.000001 0.000000 1.000000
vn 0.000001 0.000000 1.000000
vn 0.000001 0.000001 1.000000
vn 0.000001 0.000001 1.000000
vn 0.000001 0.000001 1.000000
vn -0.849443 0.049183 -0.525383
vn -0.849443 0.049183 -0.525383
vn -0.849443 0.049183 -0.525383
vn -0.807750 0.589526 0.000000
vn -0.807750 0.589526 0.000000
vn -0.807750 0.589526 0.000000
vn -0.807750 0.589526 0.000000
vn -0.807750 0.589526 0.000000
vn -0.807750 0.589526 0.000000
vn -0.849443 -0.049183 -0.525383
vn -0.849443 -0.049183 -0.525383
vn -0.849443 -0.049183 -0.525383
vn -0.877185 0.000000 -0.480152
vn -0.877185 0.000000 -0.480152
vn -0.877185 0.000000 -0.480152
vn -0.877185 0.000000 -0.480152
vn -0.877185 0.000000 -0.480152
vn -0.877185 0.000000 -0.480152
vn -0.807750 -0.589526 0.000000
vn -0.807750 -0.589526 0.000000
vn -0.807750 -0.589526 0.000000
vn -0.807749 -0.589526 0.000000
vn -0.807749 -0.589526 0.000000
vn -0.807749 -0.589526 0.000000
vn -1.000000 0.000000 0.000000
vn -1.000000 0.000000 0.000000
vn -1.000000 0.000000 0.000000
vn -1.000000 -0.000000 0.000000
vn -1.000000 -0.000000 0.000000
vn -1.000000 -0.000000 0.000000
vn -0.813341 -0.569067 0.120995
vn -0.813341 -0.569067 0.120995
vn -0.813341 -0.569067 0.120995
vn -0.827362 0.000000 0.561669
vn -0.827362 0.000000 0.561669
vn -0.827362 0.000000 0.561669
vn -0.827362 0.000000 0.561669
vn -0.827362 0.000000 0.561669
vn -0.827362 0.000000 0.561669
vn 0.988692 -0.047081 0.142380
vn 0.988692 -0.047081 0.142380
vn 0.988692 -0.047081 0.142380
vn 0.998594 -0.016643 0.050330
vn 0.998594 -0.016643 0.050330
vn 0.998594 -0.016643 0.050330
vn 0.989789 0.000000 0.142538
vn 0.989789 0.000000 0.142538
vn 0.989789 0.000000 0.142538
vn 0.989789 0.000000 0.142538
vn 0.989789 0.000000 0.142538
vn 0.989789 0.000000 0.142538
vn 0.999182 -0.019032 -0.035686
vn 0.999182 -0.019032 -0.035686
vn 0.999182 -0.019032 -0.035686
vn 0.998766 -0.047560 -0.014268
vn 0.998766 -0.047560 -0.014268
vn 0.998766 -0.047560 -0.014268
vn 0.998868 -0.047565 -0.000000
vn 0.998868 -0.047565 -0.000000
vn 0.998868 -0.047565 -0.000000
vn 0.998868 -0.047565 -0.000000
vn 0.998868 -0.047565 -0.000000
vn 0.998868 -0.047565 -0.000000
vn 0.999363 0.000000 -0.035692
vn 0.999363 0.000000 -0.035692
vn 0.999363 0.000000 -0.035692
vn 0.999363 0.000000 -0.035692
vn 0.999363 0.000000 -0.035692
vn 0.999363 0.000000 -0.035692
vn 1.000000 0.000000 -0.000000
vn 1.000000 0.000000 -0.000000
vn 1.000000 0.000000 -0.000000
vn 1.000000 0.000000 -0.000000
vn 1.000000 0.000000 -0.000000
vn 1.000000 0.000000 -0.000000
vn 0.999760 0.017540 -0.013155
vn 0.999760 0.017540 -0.013155
vn 0.999760 0.017540 -0.013155
vn 0.998233 0.047535 -0.035651
vn 0.998233 0.047535 -0.035651
vn 0.998233 0.047535 -0.035651
vn 0.998868 0.047565 -0.000000
vn 0.998868 0.047565 -0.000000
vn 0.998868 0.047565 -0.000000
vn 0.998868 0.047565 -0.000000
vn 0.998868 0.047565 -0.000000
vn 0.998868 0.047565 -0.000000
vn -0.817990 0.012984 0.575087
vn -0.817990 0.012984 0.575087
vn -0.817990 0.012984 0.575087
vn -0.771065 0.635875 -0.033483
vn -0.771065 0.635875 -0.033483
vn -0.771065 0.635875 -0.033483
vn -0.771065 -0.635876 -0.033484
vn -0.771065 -0.635876 -0.033484
vn -0.771065 -0.635876 -0.033484
vn -0.817517 -0.013626 0.575743
vn -0.817517 -0.013626 0.575743
vn -0.817517 -0.013626 0.575743

g Material.001
f 3/1/1 1/2/2 2/3/3
f 4/4/4 1/5/5 3/6/6
f 7/7/7 5/8/8 6/9/9
f 8/10/10 5/11/11 7/12/12
f 11/13/13 9/14/14 10/15/15
f 12/16/16 9/17/17 11/18/18
f 15/19/19 13/20/20 14/21/21
f 16/22/22 13/23/23 15/24/24
f 491/25/25 489/26/26 490/27/27
f 492/28/28 489/29/29 491/30/30
f 495/31/31 493/32/32 494/33/33
f 496/34/34 493/35/35 495/36/36
f 499/37/37 497/38/38 498/39/39
f 500/40/40 497/41/41 499/42/42
f 503/43/43 501/44/44 502/45/45
f 504/46/46 501/47/47 503/48/48
f 531/49/49 529/50/50 530/51/51
f 532/52/52 529/53/53 531/54/54
f 535/55/55 533/56/56 534/57/57
f 536/58/58 533/59/59 535/60/60
f 539/61/61 537/62/62 538/63/63
f 540/64/64 537/65/65 539/66/66
f 543/67/67 541/68/68 542/69/69
f 544/70/70 541/71/71 543/72/72
f 547/73/73 545/74/74 546/75/75
f 548/76/76 545/77/77 547/78/78

g Material
f 19/79/79 17/80/80 18/81/81
f 20/82/82 17/83/83 19/84/84
f 23/85/85 21/86/86 22/87/87
f 24/88/88 21/89/89 23/90/90
f 27/91/91 25/92/92 26/93/93
f 28/94/94 25/95/95 27/96/96
f 31/97/97 29/98/98 30/99/99
f 32/100/100 29/101/101 31/102/102
f 35/103/103 33/104/104 34/105/105
f 36/106/106 33/107/107 35/108/108
f 39/109/109 37/110/110 38/111/111
f 40/112/112 37/113/113 39/114/114
f 43/115/115 41/116/116 42/117/117
f 44/118/118 41/119/119 43/120/120
f 47/121/121 45/122/122 46/123/123
f 50/124/124 48/125/125 49/126/126
f 51/127/127 48/128/128 50/129/129
f 54/130/130 52/131/131 53/132/132
f 55/133/133 52/134/134 54/135/135
f 58/136/136 56/137/137 57/138/138
f 59/139/139 56/140/140 58/141/141
f 62/142/142 60/143/143 61/144/144
f 63/145/145 60/146/146 62/147/147
f 66/148/148 64/149/149 65/150/150
f 67/151/151 64/152/152 66/153/153
f 70/154/154 68/155/155 69/156/156
f 71/157/157 68/158/158 70/159/159
f 74/160/160 72/161/161 73/162/162
f 75/163/163 72/164/164 74/165/165
f 78/166/166 76/167/167 77/168/168
f 79/169/169 76/170/170 78/171/171
f 82/172/172 80/173/173 81/174/174
f 83/175/175 80/176/176 82/177/177
f 86/178/178 84/179/179 85/180/180
f 87/181/181 84/182/182 86/183/183
f 90/184/184 88/185/185 89/186/186
f 91/187/187 88/188/188 90/189/189
f 94/190/190 92/191/191 93/192/192
f 95/193/193 92/194/194 94/195/195
f 98/196/196 96/197/197 97/198/198
f 99/199/199 96/200/200 98/201/201
f 102/202/202 100/203/203 101/204/204
f 103/205/205 100/206/206 102/207/207
f 106/208/208 104/209/209 105/210/210
f 107/211/211 104/212/212 106/213/213
f 110/214/214 108/215/215 109/216/216
f 111/217/217 108/218/218 110/219/219
f 114/220/220 112/221/221 113/222/222
f 115/223/223 112/224/224 114/225/225
f 118/226/226 116/227/227 117/228/228
f 119/229/229 116/230/230 118/231/231
f 122/232/232 120/233/233 121/234/234
f 123/235/235 120/236/236 122/237/237
f 126/238/238 124/239/239 125/240/240
f 127/241/241 124/242/242 126/243/243
f 130/244/244 128/245/245 129/246/246
f 131/247/247 128/248/248 130/249/249
f 134/250/250 132/251/251 133/252/252
f 135/253/253 132/254/254 134/255/255
f 138/256/256 136/257/257 137/258/258
f 139/259/259 136/260/260 138/261/261
f 142/262/262 140/263/263 141/264/264
f 143/265/265 140/266/266 142/267/267
f 146/268/268 144/269/269 145/270/270
f 147/271/271 144/272/272 146/273/273
f 150/274/274 148/275/275 149/276/276
f 151/277/277 148/278/278 150/279/279
f 154/280/280 152/281/281 153/282/282
f 155/283/283 152/284/284 154/285/285
f 158/286/286 156/287/287 157/288/288
f 159/289/289 156/290/290 158/291/291
f 162/292/292 160/293/293 161/294/294
f 163/295/295 160/296/296 162/297/297
f 166/298/298 164/299/299 165/300/300
f 167/301/301 164/302/302 166/303/303
f 170/304/304 168/305/305 169/306/306
f 171/307/307 168/308/308 170/309/309
f 174/310/310 172/311/311 173/312/312
f 175/313/313 172/314/314 174/315/315
f 178/316/316 176/317/317 177/318/318
f 179/319/319 176/320/320 178/321/321
f 182/322/322 180/323/323 181/324/324
f 183/325/325 180/326/326 182/327/327
f 186/328/328 184/329/329 185/330/330
f 187/331/331 184/332/332 186/333/333
f 190/334/334 188/335/335 189/336/336
f 191/337/337 188/338/338 190/339/339
f 194/340/340 192/341/341 193/342/342
f 197/343/343 195/344/344 196/345/345
f 198/346/346 195/347/347 197/348/348
f 201/349/349 199/350/350 200/351/351
f 204/352/352 202/353/353 203/354/354
f 205/355/355 202/356/356 204/357/357
f 208/358/358 206/359/359 207/360/360
f 209/361/361 206/362/362 208/363/363
f 212/364/364 210/365/365 211/366/366
f 213/367/367 210/368/368 212/369/369
f 216/370/370 214/371/371 215/372/372
f 219/373/373 217/374/374 218/375/375
f 220/376/376 217/377/377 219/378/378
f 223/379/379 221/380/380 222/381/381
f 224/382/382 221/383/383 223/384/384
f 227/385/385 225/386/386 226/387/387
f 228/388/388 225/389/389 227/390/390
f 231/391/391 229/392/392 230/393/393
f 232/394/394 229/395/395 231/396/396
f 235/397/397 233/398/398 234/399/399
f 236/400/400 233/401/401 235/402/402
f 239/403/403 237/404/404 238/405/405
f 240/406/406 237/407/407 239/408/408
f 243/409/409 241/410/410 242/411/411
f 244/412/412 241/413/413 243/414/414
f 247/415/415 245/416/416 246/417/417
f 248/418/418 245/419/419 247/420/420
f 251/421/421 249/422/422 250/423/423
f 252/424/424 249/425/425 251/426/426
f 255/427/427 253/428/428 254/429/429
f 258/430/430 256/431/431 257/432/432
f 261/433/433 259/434/434 260/435/435
f 264/436/436 262/437/437 263/438/438
f 267/439/439 265/440/440 266/441/441
f 268/442/442 265/443/443 267/444/444
f 271/445/445 269/446/446 270/447/447
f 274/448/448 272/449/449 273/450/450
f 275/451/451 272/452/452 274/453/453
f 278/454/454 276/455/455 277/456/456
f 279/457/457 276/458/458 278/459/459
f 282/460/460 280/461/461 281/462/462
f 283/463/463 280/464/464 282/465/465
f 286/466/466 284/467/467 285/468/468
f 287/469/469 284/470/470 286/471/471
f 290/472/472 288/473/473 289/474/474
f 291/475/475 288/476/476 290/477/477
f 294/478/478 292/479/479 293/480/480
f 295/481/481 292/482/482 294/483/483
f 298/484/484 296/485/485 297/486/486
f 299/487/487 296/488/488 298/489/489
f 302/490/490 300/491/491 301/492/492
f 303/493/493 300/494/494 302/495/495
f 306/496/496 304/497/497 305/498/498
f 307/499/499 304/500/500 306/501/501
f 310/502/502 308/503/503 309/504/504
f 311/505/505 308/506/506 310/507/507
f 314/508/508 312/509/509 313/510/510
f 315/511/511 312/512/512 314/513/513
f 318/514/514 316/515/515 317/516/516
f 319/517/517 316/518/518 318/519/519
f 322/520/520 320/521/521 321/522/522
f 323/523/523 320/524/524 322/525/525
f 326/526/526 324/527/527 325/528/528
f 327/529/529 324/530/530 326/531/531
f 330/532/532 328/533/533 329/534/534
f 331/535/535 328/536/536 330/537/537
f 334/538/538 332/539/539 333/540/540
f 335/541/541 332/542/542 334/543/543
f 338/544/544 336/545/545 337/546/546
f 339/547/547 336/548/548 338/549/549
f 342/550/550 340/551/551 341/552/552
f 343/553/553 340/554/554 342/555/555
f 346/556/556 344/557/557 345/558/558
f 347/559/559 344/560/560 346/561/561
f 350/562/562 348/563/563 349/564/564
f 351/565/565 348/566/566 350/567/567
f 354/568/568 352/569/569 353/570/570
f 355/571/571 352/572/572 354/573/573
f 358/574/574 356/575/575 357/576/576
f 359/577/577 356/578/578 358/579/579
f 362/580/580 360/581/581 361/582/582
f 363/583/583 360/584/584 362/585/585
f 366/586/586 364/587/587 365/588/588
f 367/589/589 364/590/590 366/591/591
f 370/592/592 368/593/593 369/594/594
f 371/595/595 368/596/596 370/597/597
f 374/598/598 372/599/599 373/600/600
f 375/601/601 372/602/602 374/603/603
f 378/604/604 376/605/605 377/606/606
f 379/607/607 376/608/608 378/609/609
f 382/610/610 380/611/611 381/612/612
f 383/613/613 380/614/614 382/615/615
f 386/616/616 384/617/617 385/618/618
f 387/619/619 384/620/620 386/621/621
f 390/622/622 388/623/623 389/624/624
f 391/625/625 388/626/626 390/627/627
f 394/628/628 392/629/629 393/630/630
f 395/631/631 392/632/632 394/633/633
f 398/634/634 396/635/635 397/636/636
f 399/637/637 396/638/638 398/639/639
f 402/640/640 400/641/641 401/642/642
f 403/643/643 400/644/644 402/645/645
f 406/646/646 404/647/647 405/648/648
f 407/649/649 404/650/650 406/651/651
f 410/652/652 408/653/653 409/654/654
f 411/655/655 408/656/656 410/657/657
f 414/658/658 412/659/659 413/660/660
f 415/661/661 412/662/662 414/663/663
f 418/664/664 416/665/665 417/666/666
f 421/667/667 419/668/668 420/669/669
f 422/670/670 419/671/671 421/672/672
f 425/673/673 423/674/674 424/675/675
f 428/676/676 426/677/677 427/678/678
f 429/679/679 426/680/680 428/681/681
f 432/682/682 430/683/683 431/684/684
f 433/685/685 430/686/686 432/687/687
f 436/688/688 434/689/689 435/690/690
f 437/691/691 434/692/692 436/693/693
f 440/694/694 438/695/695 439/696/696
f 443/697/697 441/698/698 442/699/699
f 444/700/700 441/701/701 443/702/702
f 447/703/703 445/704/704 446/705/705
f 448/706/706 445/707/707 447/708/708
f 451/709/709 449/710/710 450/711/711
f 452/712/712 449/713/713 451/714/714
f 455/715/715 453/716/716 454/717/717
f 456/718/718 453/719/719 455/720/720
f 459/721/721 457/722/722 458/723/723
f 460/724/724 457/725/725 459/726/726
f 463/727/727 461/728/728 462/729/729
f 464/730/730 461/731/731 463/732/732
f 467/733/733 465/734/734 466/735/735
f 468/736/736 465/737/737 467/738/738
f 471/739/739 469/740/740 470/741/741
f 472/742/742 469/743/743 471/744/744
f 475/745/745 473/746/746 474/747/747
f 476/748/748 473/749/749 475/750/750
f 479/751/751 477/752/752 478/753/753
f 482/754/754 480/755/755 481/756/756
f 485/757/757 483/758/758 484/759/759
f 488/760/760 486/761/761 487/762/762
f 507/763/763 505/764/764 506/765/765
f 508/766/766 505/767/767 507/768/768
f 511/769/769 509/770/770 510/771/771
f 512/772/772 509/773/773 511/774/774
f 515/775/775 513/776/776 514/777/777
f 516/778/778 513/779/779 515/780/780
f 519/781/781 517/782/782 518/783/783
f 520/784/784 517/785/785 519/786/786
f 523/787/787 521/788/788 522/789/789
f 524/790/790 521/791/791 523/792/792
f 527/793/793 525/794/794 526/795/795
f 528/796/796 525/797/797 527/798/798
f 551/799/799 549/800/800 550/801/801
f 552/802/802 549/803/803 551/804/804
f 555/805/805 553/806/806 554/807/807
f 558/808/808 556/809/809 557/810/810
f 559/811/811 556/812/812 558/813/813
f 562/814/814 560/815/815 561/816/816
f 563/817/817 560/818/818 562/819/819
f 566/820/820 564/821/821 565/822/822
f 567/823/823 564/824/824 566/825/825
f 570/826/826 568/827/827 569/828/828
f 571/829/829 568/830/830 570/831/831
f 574/832/832 572/833/833 573/834/834
f 575/835/835 572/836/836 574/837/837
f 578/838/838 576/839/839 577/840/840
f 579/841/841 576/842/842 578/843/843
f 582/844/844 580/845/845 581/846/846
f 583/847/847 580/848/848 582/849/849
f 586/850/850 584/851/851 585/852/852
f 587/853/853 584/854/854 586/855/855
f 590/856/856 588/857/857 589/858/858
f 591/859/859 588/860/860 590/861/861
f 594/862/862 592/863/863 593/864/864
f 595/865/865 592/866/866 594/867/867
f 598/868/868 596/869/869 597/870/870
f 599/871/871 596/872/872 598/873/873
f 602/874/874 600/875/875 601/876/876
f 603/877/877 600/878/878 602/879/879
f 606/880/880 604/881/881 605/882/882
f 607/883/883 604/884/884 606/885/885
f 610/886/886 608/887/887 609/888/888
f 611/889/889 608/890/890 610/891/891
f 614/892/892 612/893/893 613/894/894
f 615/895/895 612/896/896 614/897/897
f 618/898/898 616/899/899 617/900/900
f 619/901/901 616/902/902 618/903/903
f 622/904/904 620/905/905 621/906/906
f 623/907/907 620/908/908 622/909/909
f 626/910/910 624/911/911 625/912/912
f 627/913/913 624/914/914 626/915/915
f 630/916/916 628/917/917 629/918/918
f 631/919/919 628/920/920 630/921/921
f 634/922/922 632/923/923 633/924/924
f 635/925/925 632/926/926 634/927/927
f 638/928/928 636/929/929 637/930/930
f 639/931/931 636/932/932 638/933/933
f 642/934/934 640/935/935 641/936/936
f 643/937/937 640/938/938 642/939/939
f 646/940/940 644/941/941 645/942/942
f 647/943/943 644/944/944 646/945/945
f 650/946/946 648/947/947 649/948/948
f 651/949/949 648/950/950 650/951/951
f 654/952/952 652/953/953 653/954/954
f 655/955/955 652/956/956 654/957/957
f 658/958/958 656/959/959 657/960/960
f 659/961/961 656/962/962 658/963/963
f 662/964/964 660/965/965 661/966/966
f 663/967/967 660/968/968 662/969/969
f 666/970/970 664/971/971 665/972/972
f 667/973/973 664/974/974 666/975/975
f 670/976/976 668/977/977 669/978/978
f 671/979/979 668/980/980 670/981/981
f 674/982/982 672/983/983 673/984/984
f 675/985/985 672/986/986 674/987/987
f 678/988/988 676/989/989 677/990/990
f 679/991/991 676/992/992 678/993/993
f 682/994/994 680/995/995 681/996/996
f 683/997/997 680/998/998 682/999/999
f 686/1000/1000 684/1001/1001 685/1002/1002
f 687/1003/1003 684/1004/1004 686/1005/1005
f 690/1006/1006 688/1007/1007 689/1008/1008
f 691/1009/1009 688/1010/1010 690/1011/1011
f 694/1012/1012 692/1013/1013 693/1014/1014
f 695/1015/1015 692/1016/1016 694/1017/1017
f 698/1018/1018 696/1019/1019 697/1020/1020
f 699/1021/1021 696/1022/1022 698/1023/1023
f 702/1024/1024 700/1025/1025 701/1026/1026
f 705/1027/1027 703/1028/1028 704/1029/1029
f 706/1030/1030 703/1031/1031 705/1032/1032
f 709/1033/1033 707/1034/1034 708/1035/1035
f 712/1036/1036 710/1037/1037 711/1038/1038
f 713/1039/1039 710/1040/1040 712/1041/1041
f 716/1042/1042 714/1043/1043 715/1044/1044
f 717/1045/1045 714/1046/1046 716/1047/1047
f 720/1048/1048 718/1049/1049 719/1050/1050
f 721/1051/1051 718/1052/1052 720/1053/1053
f 724/1054/1054 722/1055/1055 723/1056/1056
f 727/1057/1057 725/1058/1058 726/1059/1059
f 728/1060/1060 725/1061/1061 727/1062/1062
f 731/1063/1063 729/1064/1064 730/1065/1065
f 732/1066/1066 729/1067/1067 731/1068/1068
f 735/1069/1069 733/1070/1070 734/1071/1071
f 736/1072/1072 733/1073/1073 735/1074/1074
f 739/1075/1075 737/1076/1076 738/1077/1077
f 740/1078/1078 737/1079/1079 739/1080/1080
f 743/1081/1081 741/1082/1082 742/1083/1083
f 744/1084/1084 741/1085/1085 743/1086/1086
f 747/1087/1087 745/1088/1088 746/1089/1089
f 748/1090/1090 745/1091/1091 747/1092/1092
f 751/1093/1093 749/1094/1094 750/1095/1095
f 752/1096/1096 749/1097/1097 751/1098/1098
f 755/1099/1099 753/1100/1100 754/1101/1101
f 756/1102/1102 753/1103/1103 755/1104/1104
f 759/1105/1105 757/1106/1106 758/1107/1107
f 760/1108/1108 757/1109/1109 759/1110/1110
f 763/1111/1111 761/1112/1112 762/1113/1113
f 766/1114/1114 764/1115/1115 765/1116/1116
f 769/1117/1117 767/1118/1118 768/1119/1119
f 772/1120/1120 770/1121/1121 771/1122/1122
f 775/1123/1123 773/1124/1124 774/1125/1125
f 776/1126/1126 773/1127/1127 775/1128/1128
f 779/1129/1129 777/1130/1130 778/1131/1131
f 782/1132/1132 780/1133/1133 781/1134/1134
f 783/1135/1135 780/1136/1136 782/1137/1137
f 786/1138/1138 784/1139/1139 785/1140/1140
f 787/1141/1141 784/1142/1142 786/1143/1143
f 790/1144/1144 788/1145/1145 789/1146/1146
f 791/1147/1147 788/1148/1148 790/1149/1149
f 794/1150/1150 792/1151/1151 793/1152/1152
f 795/1153/1153 792/1154/1154 794/1155/1155
f 798/1156/1156 796/1157/1157 797/1158/1158
f 799/1159/1159 796/1160/1160 798/1161/1161
f 802/1162/1162 800/1163/1163 801/1164/1164
f 803/1165/1165 800/1166/1166 802/1167/1167
f 806/1168/1168 804/1169/1169 805/1170/1170
f 807/1171/1171 804/1172/1172 806/1173/1173
f 810/1174/1174 808/1175/1175 809/1176/1176
f 811/1177/1177 808/1178/1178 810/1179/1179
f 814/1180/1180 812/1181/1181 813/1182/1182
f 815/1183/1183 812/1184/1184 814/1185/1185
f 818/1186/1186 816/1187/1187 817/1188/1188
f 819/1189/1189 816/1190/1190 818/1191/1191
f 822/1192/1192 820/1193/1193 821/1194/1194
f 823/1195/1195 820/1196/1196 822/1197/1197
f 826/1198/1198 824/1199/1199 825/1200/1200
f 827/1201/1201 824/1202/1202 826/1203/1203
f 830/1204/1204 828/1205/1205 829/1206/1206
f 831/1207/1207 828/1208/1208 830/1209/1209
f 834/1210/1210 832/1211/1211 833/1212/1212
f 835/1213/1213 832/1214/1214 834/1215/1215
f 838/1216/1216 836/1217/1217 837/1218/1218
f 839/1219/1219 836/1220/1220 838/1221/1221
f 842/1222/1222 840/1223/1223 841/1224/1224
f 843/1225/1225 840/1226/1226 842/1227/1227
f 846/1228/1228 844/1229/1229 845/1230/1230
f 847/1231/1231 844/1232/1232 846/1233/1233
f 850/1234/1234 848/1235/1235 849/1236/1236
f 851/1237/1237 848/1238/1238 850/1239/1239
f 854/1240/1240 852/1241/1241 853/1242/1242
f 855/1243/1243 852/1244/1244 854/1245/1245
f 858/1246/1246 856/1247/1247 857/1248/1248
f 859/1249/1249 856/1250/1250 858/1251/1251
f 862/1252/1252 860/1253/1253 861/1254/1254
f 863/1255/1255 860/1256/1256 862/1257/1257
f 866/1258/1258 864/1259/1259 865/1260/1260
f 867/1261/1261 864/1262/1262 866/1263/1263
f 870/1264/1264 868/1265/1265 869/1266/1266
f 871/1267/1267 868/1268/1268 870/1269/1269
f 874/1270/1270 872/1271/1271 873/1272/1272
f 875/1273/1273 872/1274/1274 874/1275/1275
f 878/1276/1276 876/1277/1277 877/1278/1278
f 879/1279/1279 876/1280/1280 878/1281/1281
f 882/1282/1282 880/1283/1283 881/1284/1284
f 883/1285/1285 880/1286/1286 882/1287/1287
f 886/1288/1288 884/1289/1289 885/1290/1290
f 887/1291/1291 884/1292/1292 886/1293/1293
f 890/1294/1294 888/1295/1295 889/1296/1296
f 891/1297/1297 888/1298/1298 890/1299/1299
f 894/1300/1300 892/1301/1301 893/1302/1302
f 895/1303/1303 892/1304/1304 894/1305/1305
f 898/1306/1306 896/1307/1307 897/1308/1308
f 899/1309/1309 896/1310/1310 898/1311/1311
f 902/1312/1312 900/1313/1313 901/1314/1314
f 903/1315/1315 900/1316/1316 902/1317/1317
f 906/1318/1318 904/1319/1319 905/1320/1320
f 907/1321/1321 904/1322/1322 906/1323/1323
f 910/1324/1324 908/1325/1325 909/1326/1326
f 911/1327/1327 908/1328/1328 910/1329/1329
f 914/1330/1330 912/1331/1331 913/1332/1332
f 915/1333/1333 912/1334/1334 914/1335/1335
f 918/1336/1336 916/1337/1337 917/1338/1338
f 919/1339/1339 916/1340/1340 918/1341/1341
f 922/1342/1342 920/1343/1343 921/1344/1344
f 923/1345/1345 920/1346/1346 922/1347/1347
f 926/1348/1348 924/1349/1349 925/1350/1350
f 929/1351/1351 927/1352/1352 928/1353/1353
f 930/1354/1354 927/1355/1355 929/1356/1356
f 933/1357/1357 931/1358/1358 932/1359/1359
f 936/1360/1360 934/1361/1361 935/1362/1362
f 937/1363/1363 934/1364/1364 936/1365/1365
f 940/1366/1366 938/1367/1367 939/1368/1368
f 941/1369/1369 938/1370/1370 940/1371/1371
f 944/1372/1372 942/1373/1373 943/1374/1374
f 945/1375/1375 942/1376/1376 944/1377/1377
f 948/1378/1378 946/1379/1379 947/1380/1380
f 951/1381/1381 949/1382/1382 950/1383/1383
f 952/1384/1384 949/1385/1385 951/1386/1386
f 955/1387/1387 953/1388/1388 954/1389/1389
f 956/1390/1390 953/1391/1391 955/1392/1392
f 959/1393/1393 957/1394/1394 958/1395/1395
f 960/1396/1396 957/1397/1397 959/1398/1398
f 963/1399/1399 961/1400/1400 962/1401/1401
f 964/1402/1402 961/1403/1403 963/1404/1404
f 967/1405/1405 965/1406/1406 966/1407/1407
f 968/1408/1408 965/1409/1409 967/1410/1410
f 971/1411/1411 969/1412/1412 970/1413/1413
f 972/1414/1414 969/1415/1415 971/1416/1416
f 975/1417/1417 973/1418/1418 974/1419/1419
f 976/1420/1420 973/1421/1421 975/1422/1422
f 979/1423/1423 977/1424/1424 978/1425/1425
f 980/1426/1426 977/1427/1427 979/1428/1428
f 983/1429/1429 981/1430/1430 982/1431/1431
f 984/1432/1432 981/1433/1433 983/1434/1434
f 987/1435/1435 985/1436/1436 986/1437/1437
f 990/1438/1438 988/1439/1439 989/1440/1440
f 993/1441/1441 991/1442/1442 992/1443/1443
f 996/1444/1444 994/1445/1445 995/1446/1446

