# Converted from B3D for Luanti (With Correct Normals)
# Object Name: multidecor_fridge

v -1.000000 3.000000 -0.800000
v -1.000000 3.000000 0.900000
v 1.000000 3.000000 0.900000
v 1.000000 3.000000 -0.800000
v 1.000000 2.133333 -0.800000
v 1.000000 3.000000 -0.800000
v 1.000000 3.000000 0.900000
v 1.000000 2.133333 0.900000
v 1.000000 2.133333 0.900000
v 1.000000 3.000000 0.900000
v -1.000000 3.000000 0.900000
v -1.000000 2.133333 0.900000
v -1.000000 -1.000000 0.900000
v -1.000000 -1.000000 -0.800000
v 1.000000 -1.000000 -0.800000
v 1.000000 -1.000000 0.900000
v -1.000000 2.133333 0.900000
v -1.000000 3.000000 0.900000
v -1.000000 3.000000 -0.800000
v -1.000000 2.133333 -0.800000
v -1.000000 -1.000000 0.900000
v -1.000000 0.300000 0.900000
v -1.000000 0.300000 -0.800000
v -1.000000 -1.000000 -0.800000
v -1.000000 0.300000 0.900000
v -1.000000 0.400000 0.900000
v -1.000000 0.400000 -0.800000
v -1.000000 0.300000 -0.800000
v 1.000000 -1.000000 0.900000
v 1.000000 0.300000 0.900000
v -1.000000 0.300000 0.900000
v -1.000000 -1.000000 0.900000
v 1.000000 0.300000 0.900000
v 1.000000 0.400000 0.900000
v -1.000000 0.400000 0.900000
v -1.000000 0.300000 0.900000
v 1.000000 -1.000000 -0.800000
v 1.000000 0.300000 -0.800000
v 1.000000 0.300000 0.900000
v 1.000000 -1.000000 0.900000
v 1.000000 0.300000 -0.800000
v 1.000000 0.400000 -0.800000
v 1.000000 0.400000 0.900000
v 1.000000 0.300000 0.900000
v 0.800000 2.133333 -0.800000
v 0.800000 2.800000 -0.800000
v 0.800000 2.800000 0.800000
v 0.800000 2.133333 0.800000
v 0.800000 2.800000 0.800000
v 0.800000 2.800000 -0.800000
v -0.800000 2.800000 -0.800000
v -0.800000 2.800000 0.800000
v -0.800000 1.166667 0.800000
v -0.800000 1.166667 -0.800000
v -0.800000 0.400000 -0.800000
v -0.800000 0.400000 0.800000
v 0.800000 0.400000 0.800000
v -0.800000 0.400000 0.800000
v -0.800000 0.400000 -0.800000
v 0.800000 0.400000 -0.800000
v 0.800000 1.166667 0.800000
v -0.800000 1.166667 0.800000
v -0.800000 0.400000 0.800000
v 0.800000 0.400000 0.800000
v 1.000000 2.133333 -0.800000
v 0.800000 2.133333 -0.800000
v 0.800000 2.800000 -0.800000
v 1.000000 3.000000 -0.800000
v -1.000000 3.000000 -0.800000
v 1.000000 3.000000 -0.800000
v 0.800000 2.800000 -0.800000
v -0.800000 2.800000 -0.800000
v -1.000000 2.133333 -0.800000
v -1.000000 3.000000 -0.800000
v -0.800000 2.800000 -0.800000
v -0.800000 2.133333 -0.800000
v 0.800000 -0.800000 -0.800000
v 0.800000 0.300000 -0.800000
v 0.800000 0.300000 0.800000
v 0.800000 -0.800000 0.800000
v 0.800000 -0.800000 -0.800000
v 0.800000 -0.800000 0.800000
v -0.800000 -0.800000 0.800000
v -0.800000 -0.800000 -0.800000
v -0.800000 -0.800000 -0.800000
v -0.800000 -0.800000 0.800000
v -0.800000 0.300000 0.800000
v -0.800000 0.300000 -0.800000
v 0.800000 0.300000 -0.800000
v -0.800000 0.300000 -0.800000
v -0.800000 0.300000 0.800000
v 0.800000 0.300000 0.800000
v 1.000000 -1.000000 -0.800000
v 0.800000 -0.800000 -0.800000
v 0.800000 0.300000 -0.800000
v 1.000000 0.300000 -0.800000
v 1.000000 -1.000000 -0.800000
v -1.000000 -1.000000 -0.800000
v -0.800000 -0.800000 -0.800000
v 0.800000 -0.800000 -0.800000
v -1.000000 -1.000000 -0.800000
v -1.000000 0.300000 -0.800000
v -0.800000 0.300000 -0.800000
v -0.800000 -0.800000 -0.800000
v 1.000000 0.300000 -0.800000
v 0.800000 0.300000 -0.800000
v 0.800000 0.400000 -0.800000
v 1.000000 0.400000 -0.800000
v -0.800000 0.400000 -0.800000
v -0.800000 0.300000 -0.800000
v 0.800000 0.300000 -0.800000
v 0.800000 0.400000 -0.800000
v -1.000000 0.300000 -0.800000
v -1.000000 0.400000 -0.800000
v -0.800000 0.400000 -0.800000
v -0.800000 0.300000 -0.800000
v -1.000000 1.166666 -0.800000
v -1.000000 1.266667 -0.800000
v -0.800000 1.266667 -0.800000
v -0.800000 1.166667 -0.800000
v -1.000000 2.033333 -0.800000
v -1.000000 2.133333 -0.800000
v -0.800000 2.133333 -0.800000
v -0.800000 2.033333 -0.800000
v 1.000000 1.166666 -0.800000
v 0.800000 1.166666 -0.800000
v 0.800000 1.266667 -0.800000
v 1.000000 1.266667 -0.800000
v 1.000000 2.033333 -0.800000
v 0.800000 2.033333 -0.800000
v 0.800000 2.133333 -0.800000
v 1.000000 2.133333 -0.800000
v 0.800000 2.800000 0.800000
v -0.800000 2.800000 0.800000
v -0.800000 2.133333 0.800000
v 0.800000 2.133333 0.800000
v 0.800000 2.033333 0.800000
v -0.800000 2.033333 0.800000
v -0.800000 1.266667 0.800000
v 0.800000 1.266667 0.800000
v -0.800000 2.800000 0.800000
v -0.800000 2.800000 -0.800000
v -0.800000 2.133333 -0.800000
v -0.800000 2.133333 0.800000
v -0.800000 2.033333 0.800000
v -0.800000 2.033333 -0.800000
v -0.800000 1.266667 -0.800000
v -0.800000 1.266667 0.800000
v 0.800000 1.166666 -0.800000
v 0.800000 1.266667 -0.800000
v 0.800000 1.266667 0.800000
v 0.800000 1.166667 0.800000
v 0.800000 2.033333 -0.800000
v 0.800000 2.133333 -0.800000
v 0.800000 2.133333 0.800000
v 0.800000 2.033333 0.800000
v -1.000000 1.166666 0.900000
v -1.000000 1.266667 0.900000
v -1.000000 1.266667 -0.800000
v -1.000000 1.166666 -0.800000
v -1.000000 2.033333 0.900000
v -1.000000 2.133333 0.900000
v -1.000000 2.133333 -0.800000
v -1.000000 2.033333 -0.800000
v 1.000000 1.166666 0.900000
v 1.000000 1.266667 0.900000
v -1.000000 1.266667 0.900000
v -1.000000 1.166666 0.900000
v 1.000000 2.033333 0.900000
v 1.000000 2.133333 0.900000
v -1.000000 2.133333 0.900000
v -1.000000 2.033333 0.900000
v 1.000000 1.166666 -0.800000
v 1.000000 1.266667 -0.800000
v 1.000000 1.266667 0.900000
v 1.000000 1.166666 0.900000
v 1.000000 2.033333 -0.800000
v 1.000000 2.133333 -0.800000
v 1.000000 2.133333 0.900000
v 1.000000 2.033333 0.900000
v 1.000000 1.266667 -0.800000
v 1.000000 2.033333 -0.800000
v 1.000000 2.033333 0.900000
v 1.000000 1.266667 0.900000
v 1.000000 1.266667 0.900000
v 1.000000 2.033333 0.900000
v -1.000000 2.033333 0.900000
v -1.000000 1.266667 0.900000
v -1.000000 1.266667 0.900000
v -1.000000 2.033333 0.900000
v -1.000000 2.033333 -0.800000
v -1.000000 1.266667 -0.800000
v 0.800000 1.266667 -0.800000
v 0.800000 2.033333 -0.800000
v 0.800000 2.033333 0.800000
v 0.800000 1.266667 0.800000
v -0.800000 2.133333 0.800000
v -0.800000 2.133333 -0.800000
v -0.800000 2.033333 -0.800000
v -0.800000 2.033333 0.800000
v 0.800000 2.133333 0.800000
v -0.800000 2.133333 0.800000
v -0.800000 2.033333 0.800000
v 0.800000 2.033333 0.800000
v 1.000000 1.266667 -0.800000
v 0.800000 1.266667 -0.800000
v 0.800000 2.033333 -0.800000
v 1.000000 2.033333 -0.800000
v -1.000000 1.266667 -0.800000
v -1.000000 2.033333 -0.800000
v -0.800000 2.033333 -0.800000
v -0.800000 1.266667 -0.800000
v 1.000000 0.400000 -0.800000
v 1.000000 1.166666 -0.800000
v 1.000000 1.166666 0.900000
v 1.000000 0.400000 0.900000
v 1.000000 0.400000 0.900000
v 1.000000 1.166666 0.900000
v -1.000000 1.166666 0.900000
v -1.000000 0.400000 0.900000
v -1.000000 0.400000 0.900000
v -1.000000 1.166666 0.900000
v -1.000000 1.166666 -0.800000
v -1.000000 0.400000 -0.800000
v 0.800000 0.400000 -0.800000
v 0.800000 1.166666 -0.800000
v 0.800000 1.166667 0.800000
v 0.800000 0.400000 0.800000
v 1.000000 0.400000 -0.800000
v 0.800000 0.400000 -0.800000
v 0.800000 1.166666 -0.800000
v 1.000000 1.166666 -0.800000
v -1.000000 0.400000 -0.800000
v -1.000000 1.166666 -0.800000
v -0.800000 1.166667 -0.800000
v -0.800000 0.400000 -0.800000
v 0.800000 1.266667 0.800000
v -0.800000 1.266667 0.800000
v -0.800000 1.166667 0.800000
v 0.800000 1.166667 0.800000
v -0.800000 1.266667 0.800000
v -0.800000 1.266667 -0.800000
v -0.800000 1.166667 -0.800000
v -0.800000 1.166667 0.800000
v -0.800000 1.166667 -0.800000
v 0.800000 1.166666 -0.800000
v 0.800000 1.166667 0.800000
v -0.800000 1.166667 0.800000
v 0.800000 1.266667 0.800000
v -0.800000 1.266667 0.800000
v -0.800000 1.266667 -0.800000
v 0.800000 1.266667 -0.800000
v -0.800000 1.266667 -0.800000
v 0.800000 1.266667 -0.800000
v 0.800000 1.166666 -0.800000
v -0.800000 1.166667 -0.800000
v 0.800000 2.133333 0.800000
v -0.800000 2.133333 0.800000
v -0.800000 2.133333 -0.800000
v 0.800000 2.133333 -0.800000
v -0.800000 2.033333 -0.800000
v 0.800000 2.033333 -0.800000
v 0.800000 2.033333 0.800000
v -0.800000 2.033333 0.800000
v -0.800000 2.133333 -0.800000
v 0.800000 2.133333 -0.800000
v 0.800000 2.033333 -0.800000
v -0.800000 2.033333 -0.800000
v -0.700000 2.750000 0.900000
v -0.700000 2.750000 1.000000
v -0.000000 2.750000 1.000000
v -0.000000 2.750000 0.900000
v -0.700000 2.650000 1.000000
v -0.700000 2.650000 0.900000
v -0.000000 2.650000 0.900000
v -0.000000 2.650000 1.000000
v -0.000000 2.650000 1.000000
v -0.000000 2.750000 1.000000
v -0.700000 2.750000 1.000000
v -0.700000 2.650000 1.000000
v -0.922642 2.601236 1.000000
v -0.922642 2.601236 0.900000
v -0.940986 2.509014 0.900000
v -0.940986 2.509014 1.000000
v -0.830254 2.562967 1.000000
v -0.922642 2.601236 1.000000
v -0.940986 2.509014 1.000000
v -0.840986 2.509014 1.000000
v -0.830254 2.562967 0.900000
v -0.830254 2.562967 1.000000
v -0.840986 2.509014 1.000000
v -0.840986 2.509014 0.900000
v -0.700000 2.650000 0.900000
v -0.700000 2.650000 1.000000
v -0.753953 2.639268 1.000000
v -0.753953 2.639268 0.900000
v -0.753953 2.639268 0.900000
v -0.753953 2.639268 1.000000
v -0.799692 2.608706 1.000000
v -0.799692 2.608706 0.900000
v -0.799692 2.608706 0.900000
v -0.799692 2.608706 1.000000
v -0.830254 2.562967 1.000000
v -0.830254 2.562967 0.900000
v -0.700000 2.650000 1.000000
v -0.700000 2.750000 1.000000
v -0.792221 2.731656 1.000000
v -0.753953 2.639268 1.000000
v -0.753953 2.639268 1.000000
v -0.792221 2.731656 1.000000
v -0.870403 2.679417 1.000000
v -0.799692 2.608706 1.000000
v -0.799692 2.608706 1.000000
v -0.870403 2.679417 1.000000
v -0.922642 2.601236 1.000000
v -0.830254 2.562967 1.000000
v -0.700000 2.750000 1.000000
v -0.700000 2.750000 0.900000
v -0.792221 2.731656 0.900000
v -0.792221 2.731656 1.000000
v -0.792221 2.731656 1.000000
v -0.792221 2.731656 0.900000
v -0.870403 2.679417 0.900000
v -0.870403 2.679417 1.000000
v -0.870403 2.679417 1.000000
v -0.870403 2.679417 0.900000
v -0.922642 2.601236 0.900000
v -0.922642 2.601236 1.000000
v -0.840986 2.509014 1.000000
v -0.940986 2.509014 1.000000
v -0.940986 2.459014 1.000000
v -0.840986 2.459014 1.000000
v -0.840986 2.509014 0.900000
v -0.840986 2.509014 1.000000
v -0.840986 2.459014 1.000000
v -0.840986 2.459014 0.900000
v -0.940986 2.509014 1.000000
v -0.940986 2.509014 0.900000
v -0.940986 2.459014 0.900000
v -0.940986 2.459014 1.000000
v -0.700000 2.168029 0.900000
v -0.700000 2.168029 1.000000
v -0.000000 2.168029 1.000000
v -0.000000 2.168029 0.900000
v -0.700000 2.268028 1.000000
v -0.700000 2.268028 0.900000
v -0.000000 2.268028 0.900000
v -0.000000 2.268028 1.000000
v -0.000000 2.268028 1.000000
v -0.000000 2.168029 1.000000
v -0.700000 2.168029 1.000000
v -0.700000 2.268028 1.000000
v -0.922642 2.316793 1.000000
v -0.922642 2.316793 0.900000
v -0.940986 2.409014 0.900000
v -0.940986 2.409014 1.000000
v -0.830254 2.355062 1.000000
v -0.922642 2.316793 1.000000
v -0.940986 2.409014 1.000000
v -0.840986 2.409014 1.000000
v -0.830254 2.355062 0.900000
v -0.830254 2.355062 1.000000
v -0.840986 2.409014 1.000000
v -0.840986 2.409014 0.900000
v -0.700000 2.268028 0.900000
v -0.700000 2.268028 1.000000
v -0.753953 2.278760 1.000000
v -0.753953 2.278760 0.900000
v -0.753953 2.278760 0.900000
v -0.753953 2.278760 1.000000
v -0.799692 2.309322 1.000000
v -0.799692 2.309322 0.900000
v -0.799692 2.309322 0.900000
v -0.799692 2.309322 1.000000
v -0.830254 2.355062 1.000000
v -0.830254 2.355062 0.900000
v -0.700000 2.268028 1.000000
v -0.700000 2.168029 1.000000
v -0.792221 2.186373 1.000000
v -0.753953 2.278760 1.000000
v -0.753953 2.278760 1.000000
v -0.792221 2.186373 1.000000
v -0.870403 2.238612 1.000000
v -0.799692 2.309322 1.000000
v -0.799692 2.309322 1.000000
v -0.870403 2.238612 1.000000
v -0.922642 2.316793 1.000000
v -0.830254 2.355062 1.000000
v -0.700000 2.168029 1.000000
v -0.700000 2.168029 0.900000
v -0.792221 2.186373 0.900000
v -0.792221 2.186373 1.000000
v -0.792221 2.186373 1.000000
v -0.792221 2.186373 0.900000
v -0.870403 2.238612 0.900000
v -0.870403 2.238612 1.000000
v -0.870403 2.238612 1.000000
v -0.870403 2.238612 0.900000
v -0.922642 2.316793 0.900000
v -0.922642 2.316793 1.000000
v -0.840986 2.409014 1.000000
v -0.940986 2.409014 1.000000
v -0.940986 2.459014 1.000000
v -0.840986 2.459014 1.000000
v -0.840986 2.409014 0.900000
v -0.840986 2.409014 1.000000
v -0.840986 2.459014 1.000000
v -0.840986 2.459014 0.900000
v -0.940986 2.409014 1.000000
v -0.940986 2.409014 0.900000
v -0.940986 2.459014 0.900000
v -0.940986 2.459014 1.000000
v 0.700000 2.750000 0.900000
v 0.700000 2.750000 1.000000
v -0.000000 2.750000 1.000000
v -0.000000 2.750000 0.900000
v 0.700000 2.650000 1.000000
v 0.700000 2.650000 0.900000
v -0.000000 2.650000 0.900000
v -0.000000 2.650000 1.000000
v -0.000000 2.650000 1.000000
v -0.000000 2.750000 1.000000
v 0.700000 2.750000 1.000000
v 0.700000 2.650000 1.000000
v 0.922642 2.601236 1.000000
v 0.922642 2.601236 0.900000
v 0.940986 2.509014 0.900000
v 0.940986 2.509014 1.000000
v 0.830254 2.562967 1.000000
v 0.922642 2.601236 1.000000
v 0.940986 2.509014 1.000000
v 0.840986 2.509014 1.000000
v 0.830254 2.562967 0.900000
v 0.830254 2.562967 1.000000
v 0.840986 2.509014 1.000000
v 0.840986 2.509014 0.900000
v 0.700000 2.650000 0.900000
v 0.700000 2.650000 1.000000
v 0.753953 2.639268 1.000000
v 0.753953 2.639268 0.900000
v 0.753953 2.639268 0.900000
v 0.753953 2.639268 1.000000
v 0.799692 2.608706 1.000000
v 0.799692 2.608706 0.900000
v 0.799692 2.608706 0.900000
v 0.799692 2.608706 1.000000
v 0.830254 2.562967 1.000000
v 0.830254 2.562967 0.900000
v 0.700000 2.650000 1.000000
v 0.700000 2.750000 1.000000
v 0.792221 2.731656 1.000000
v 0.753953 2.639268 1.000000
v 0.753953 2.639268 1.000000
v 0.792221 2.731656 1.000000
v 0.870403 2.679417 1.000000
v 0.799692 2.608706 1.000000
v 0.799692 2.608706 1.000000
v 0.870403 2.679417 1.000000
v 0.922642 2.601236 1.000000
v 0.830254 2.562967 1.000000
v 0.700000 2.750000 1.000000
v 0.700000 2.750000 0.900000
v 0.792221 2.731656 0.900000
v 0.792221 2.731656 1.000000
v 0.792221 2.731656 1.000000
v 0.792221 2.731656 0.900000
v 0.870403 2.679417 0.900000
v 0.870403 2.679417 1.000000
v 0.870403 2.679417 1.000000
v 0.870403 2.679417 0.900000
v 0.922642 2.601236 0.900000
v 0.922642 2.601236 1.000000
v 0.500000 2.268028 0.900000
v 0.500000 2.268028 1.000000
v -0.000000 2.268028 1.000000
v -0.000000 2.268028 0.900000
v 0.500000 2.168029 1.000000
v 0.500000 2.168029 0.900000
v -0.000000 2.168029 0.900000
v -0.000000 2.168029 1.000000
v -0.000000 2.168029 1.000000
v -0.000000 2.268028 1.000000
v 0.500000 2.268028 1.000000
v 0.500000 2.168029 1.000000
v 0.722642 2.119264 1.000000
v 0.722642 2.119264 0.900000
v 0.740986 2.027043 0.900000
v 0.740986 2.027043 1.000000
v 0.630254 2.080996 1.000000
v 0.722642 2.119264 1.000000
v 0.740986 2.027043 1.000000
v 0.640986 2.027043 1.000000
v 0.630254 2.080996 0.900000
v 0.630254 2.080996 1.000000
v 0.640986 2.027043 1.000000
v 0.640986 2.027043 0.900000
v 0.500000 2.168029 0.900000
v 0.500000 2.168029 1.000000
v 0.553953 2.157297 1.000000
v 0.553953 2.157297 0.900000
v 0.553953 2.157297 0.900000
v 0.553953 2.157297 1.000000
v 0.599692 2.126735 1.000000
v 0.599692 2.126735 0.900000
v 0.599692 2.126735 0.900000
v 0.599692 2.126735 1.000000
v 0.630254 2.080996 1.000000
v 0.630254 2.080996 0.900000
v 0.500000 2.168029 1.000000
v 0.500000 2.268028 1.000000
v 0.592221 2.249685 1.000000
v 0.553953 2.157297 1.000000
v 0.553953 2.157297 1.000000
v 0.592221 2.249685 1.000000
v 0.670403 2.197445 1.000000
v 0.599692 2.126735 1.000000
v 0.599692 2.126735 1.000000
v 0.670403 2.197445 1.000000
v 0.722642 2.119264 1.000000
v 0.630254 2.080996 1.000000
v 0.500000 2.268028 1.000000
v 0.500000 2.268028 0.900000
v 0.592221 2.249685 0.900000
v 0.592221 2.249685 1.000000
v 0.592221 2.249685 1.000000
v 0.592221 2.249685 0.900000
v 0.670403 2.197445 0.900000
v 0.670403 2.197445 1.000000
v 0.670403 2.197445 1.000000
v 0.670403 2.197445 0.900000
v 0.722642 2.119264 0.900000
v 0.722642 2.119264 1.000000
v 0.740986 2.027043 1.000000
v 0.740986 2.027043 0.900000
v 0.740986 1.977043 0.900000
v 0.740986 1.977043 1.000000
v 0.640986 2.027043 0.900000
v 0.640986 2.027043 1.000000
v 0.640986 1.977043 1.000000
v 0.640986 1.977043 0.900000
v 0.640986 2.027043 1.000000
v 0.740986 2.027043 1.000000
v 0.740986 1.977043 1.000000
v 0.640986 1.977043 1.000000
v -0.700000 1.786057 0.900000
v -0.700000 1.786057 1.000000
v -0.000000 1.786057 1.000000
v -0.000000 1.786057 0.900000
v -0.700000 1.686057 1.000000
v -0.700000 1.686057 0.900000
v -0.000000 1.686057 0.900000
v -0.000000 1.686057 1.000000
v -0.000000 1.686057 1.000000
v -0.000000 1.786057 1.000000
v -0.700000 1.786057 1.000000
v -0.700000 1.686057 1.000000
v -0.922642 1.637292 1.000000
v -0.922642 1.637292 0.900000
v -0.940986 1.545071 0.900000
v -0.940986 1.545071 1.000000
v -0.830254 1.599024 1.000000
v -0.922642 1.637292 1.000000
v -0.940986 1.545071 1.000000
v -0.840986 1.545071 1.000000
v -0.830254 1.599024 0.900000
v -0.830254 1.599024 1.000000
v -0.840986 1.545071 1.000000
v -0.840986 1.545071 0.900000
v -0.700000 1.686057 0.900000
v -0.700000 1.686057 1.000000
v -0.753953 1.675325 1.000000
v -0.753953 1.675325 0.900000
v -0.753953 1.675325 0.900000
v -0.753953 1.675325 1.000000
v -0.799692 1.644763 1.000000
v -0.799692 1.644763 0.900000
v -0.799692 1.644763 0.900000
v -0.799692 1.644763 1.000000
v -0.830254 1.599024 1.000000
v -0.830254 1.599024 0.900000
v -0.700000 1.686057 1.000000
v -0.700000 1.786057 1.000000
v -0.792221 1.767713 1.000000
v -0.753953 1.675325 1.000000
v -0.753953 1.675325 1.000000
v -0.792221 1.767713 1.000000
v -0.870403 1.715474 1.000000
v -0.799692 1.644763 1.000000
v -0.799692 1.644763 1.000000
v -0.870403 1.715474 1.000000
v -0.922642 1.637292 1.000000
v -0.830254 1.599024 1.000000
v -0.700000 1.786057 1.000000
v -0.700000 1.786057 0.900000
v -0.792221 1.767713 0.900000
v -0.792221 1.767713 1.000000
v -0.792221 1.767713 1.000000
v -0.792221 1.767713 0.900000
v -0.870403 1.715474 0.900000
v -0.870403 1.715474 1.000000
v -0.870403 1.715474 1.000000
v -0.870403 1.715474 0.900000
v -0.922642 1.637292 0.900000
v -0.922642 1.637292 1.000000
v -0.840986 1.545071 1.000000
v -0.940986 1.545071 1.000000
v -0.940986 1.495071 1.000000
v -0.840986 1.495071 1.000000
v -0.840986 1.545071 0.900000
v -0.840986 1.545071 1.000000
v -0.840986 1.495071 1.000000
v -0.840986 1.495071 0.900000
v -0.940986 1.545071 1.000000
v -0.940986 1.545071 0.900000
v -0.940986 1.495071 0.900000
v -0.940986 1.495071 1.000000
v 0.500000 1.686057 0.900000
v 0.500000 1.686057 1.000000
v -0.000000 1.686057 1.000000
v -0.000000 1.686057 0.900000
v 0.500000 1.786057 1.000000
v 0.500000 1.786057 0.900000
v -0.000000 1.786057 0.900000
v -0.000000 1.786057 1.000000
v -0.000000 1.786057 1.000000
v -0.000000 1.686057 1.000000
v 0.500000 1.686057 1.000000
v 0.500000 1.786057 1.000000
v 0.722642 1.834821 1.000000
v 0.722642 1.834821 0.900000
v 0.740986 1.927043 0.900000
v 0.740986 1.927043 1.000000
v 0.630254 1.873090 1.000000
v 0.722642 1.834821 1.000000
v 0.740986 1.927043 1.000000
v 0.640986 1.927043 1.000000
v 0.630254 1.873090 0.900000
v 0.630254 1.873090 1.000000
v 0.640986 1.927043 1.000000
v 0.640986 1.927043 0.900000
v 0.500000 1.786057 0.900000
v 0.500000 1.786057 1.000000
v 0.553953 1.796789 1.000000
v 0.553953 1.796789 0.900000
v 0.553953 1.796789 0.900000
v 0.553953 1.796789 1.000000
v 0.599692 1.827351 1.000000
v 0.599692 1.827351 0.900000
v 0.599692 1.827351 0.900000
v 0.599692 1.827351 1.000000
v 0.630254 1.873090 1.000000
v 0.630254 1.873090 0.900000
v 0.500000 1.786057 1.000000
v 0.500000 1.686057 1.000000
v 0.592221 1.704401 1.000000
v 0.553953 1.796789 1.000000
v 0.553953 1.796789 1.000000
v 0.592221 1.704401 1.000000
v 0.670403 1.756640 1.000000
v 0.599692 1.827351 1.000000
v 0.599692 1.827351 1.000000
v 0.670403 1.756640 1.000000
v 0.722642 1.834821 1.000000
v 0.630254 1.873090 1.000000
v 0.500000 1.686057 1.000000
v 0.500000 1.686057 0.900000
v 0.592221 1.704401 0.900000
v 0.592221 1.704401 1.000000
v 0.592221 1.704401 1.000000
v 0.592221 1.704401 0.900000
v 0.670403 1.756640 0.900000
v 0.670403 1.756640 1.000000
v 0.670403 1.756640 1.000000
v 0.670403 1.756640 0.900000
v 0.722642 1.834821 0.900000
v 0.722642 1.834821 1.000000
v 0.740986 1.927043 1.000000
v 0.740986 1.927043 0.900000
v 0.740986 1.977043 0.900000
v 0.740986 1.977043 1.000000
v 0.640986 1.927043 0.900000
v 0.640986 1.927043 1.000000
v 0.640986 1.977043 1.000000
v 0.640986 1.977043 0.900000
v 0.640986 1.927043 1.000000
v 0.740986 1.927043 1.000000
v 0.740986 1.977043 1.000000
v 0.640986 1.977043 1.000000
v -0.700000 1.204085 0.900000
v -0.700000 1.204085 1.000000
v -0.000000 1.204085 1.000000
v -0.000000 1.204085 0.900000
v -0.700000 1.304085 1.000000
v -0.700000 1.304085 0.900000
v -0.000000 1.304085 0.900000
v -0.000000 1.304085 1.000000
v -0.000000 1.304085 1.000000
v -0.000000 1.204085 1.000000
v -0.700000 1.204085 1.000000
v -0.700000 1.304085 1.000000
v -0.922642 1.352850 1.000000
v -0.922642 1.352850 0.900000
v -0.940986 1.445071 0.900000
v -0.940986 1.445071 1.000000
v -0.830254 1.391118 1.000000
v -0.922642 1.352850 1.000000
v -0.940986 1.445071 1.000000
v -0.840986 1.445071 1.000000
v -0.830254 1.391118 0.900000
v -0.830254 1.391118 1.000000
v -0.840986 1.445071 1.000000
v -0.840986 1.445071 0.900000
v -0.700000 1.304085 0.900000
v -0.700000 1.304085 1.000000
v -0.753953 1.314817 1.000000
v -0.753953 1.314817 0.900000
v -0.753953 1.314817 0.900000
v -0.753953 1.314817 1.000000
v -0.799692 1.345379 1.000000
v -0.799692 1.345379 0.900000
v -0.799692 1.345379 0.900000
v -0.799692 1.345379 1.000000
v -0.830254 1.391118 1.000000
v -0.830254 1.391118 0.900000
v -0.700000 1.304085 1.000000
v -0.700000 1.204085 1.000000
v -0.792221 1.222429 1.000000
v -0.753953 1.314817 1.000000
v -0.753953 1.314817 1.000000
v -0.792221 1.222429 1.000000
v -0.870403 1.274668 1.000000
v -0.799692 1.345379 1.000000
v -0.799692 1.345379 1.000000
v -0.870403 1.274668 1.000000
v -0.922642 1.352850 1.000000
v -0.830254 1.391118 1.000000
v -0.700000 1.204085 1.000000
v -0.700000 1.204085 0.900000
v -0.792221 1.222429 0.900000
v -0.792221 1.222429 1.000000
v -0.792221 1.222429 1.000000
v -0.792221 1.222429 0.900000
v -0.870403 1.274668 0.900000
v -0.870403 1.274668 1.000000
v -0.870403 1.274668 1.000000
v -0.870403 1.274668 0.900000
v -0.922642 1.352850 0.900000
v -0.922642 1.352850 1.000000
v -0.840986 1.445071 1.000000
v -0.940986 1.445071 1.000000
v -0.940986 1.495071 1.000000
v -0.840986 1.495071 1.000000
v -0.840986 1.445071 0.900000
v -0.840986 1.445071 1.000000
v -0.840986 1.495071 1.000000
v -0.840986 1.495071 0.900000
v -0.940986 1.445071 1.000000
v -0.940986 1.445071 0.900000
v -0.940986 1.495071 0.900000
v -0.940986 1.495071 1.000000
v 0.500000 1.304085 0.900000
v 0.500000 1.304085 1.000000
v -0.000000 1.304085 1.000000
v -0.000000 1.304085 0.900000
v 0.500000 1.204085 1.000000
v 0.500000 1.204085 0.900000
v -0.000000 1.204085 0.900000
v -0.000000 1.204085 1.000000
v -0.000000 1.204085 1.000000
v -0.000000 1.304085 1.000000
v 0.500000 1.304085 1.000000
v 0.500000 1.204085 1.000000
v 0.722642 1.155320 1.000000
v 0.722642 1.155320 0.900000
v 0.740986 1.063099 0.900000
v 0.740986 1.063099 1.000000
v 0.630254 1.117052 1.000000
v 0.722642 1.155320 1.000000
v 0.740986 1.063099 1.000000
v 0.640986 1.063099 1.000000
v 0.630254 1.117052 0.900000
v 0.630254 1.117052 1.000000
v 0.640986 1.063099 1.000000
v 0.640986 1.063099 0.900000
v 0.500000 1.204085 0.900000
v 0.500000 1.204085 1.000000
v 0.553953 1.193353 1.000000
v 0.553953 1.193353 0.900000
v 0.553953 1.193353 0.900000
v 0.553953 1.193353 1.000000
v 0.599692 1.162791 1.000000
v 0.599692 1.162791 0.900000
v 0.599692 1.162791 0.900000
v 0.599692 1.162791 1.000000
v 0.630254 1.117052 1.000000
v 0.630254 1.117052 0.900000
v 0.500000 1.204085 1.000000
v 0.500000 1.304085 1.000000
v 0.592221 1.285741 1.000000
v 0.553953 1.193353 1.000000
v 0.553953 1.193353 1.000000
v 0.592221 1.285741 1.000000
v 0.670403 1.233502 1.000000
v 0.599692 1.162791 1.000000
v 0.599692 1.162791 1.000000
v 0.670403 1.233502 1.000000
v 0.722642 1.155320 1.000000
v 0.630254 1.117052 1.000000
v 0.500000 1.304085 1.000000
v 0.500000 1.304085 0.900000
v 0.592221 1.285741 0.900000
v 0.592221 1.285741 1.000000
v 0.592221 1.285741 1.000000
v 0.592221 1.285741 0.900000
v 0.670403 1.233502 0.900000
v 0.670403 1.233502 1.000000
v 0.670403 1.233502 1.000000
v 0.670403 1.233502 0.900000
v 0.722642 1.155320 0.900000
v 0.722642 1.155320 1.000000
v 0.740986 1.063099 1.000000
v 0.740986 1.063099 0.900000
v 0.740986 1.013099 0.900000
v 0.740986 1.013099 1.000000
v 0.640986 1.063099 0.900000
v 0.640986 1.063099 1.000000
v 0.640986 1.013099 1.000000
v 0.640986 1.013099 0.900000
v 0.640986 1.063099 1.000000
v 0.740986 1.063099 1.000000
v 0.740986 1.013099 1.000000
v 0.640986 1.013099 1.000000
v -0.700000 0.822113 0.900000
v -0.700000 0.822113 1.000000
v -0.000000 0.822113 1.000000
v -0.000000 0.822113 0.900000
v -0.700000 0.722113 1.000000
v -0.700000 0.722113 0.900000
v -0.000000 0.722113 0.900000
v -0.000000 0.722113 1.000000
v -0.000000 0.722113 1.000000
v -0.000000 0.822113 1.000000
v -0.700000 0.822113 1.000000
v -0.700000 0.722113 1.000000
v -0.922642 0.673349 1.000000
v -0.922642 0.673349 0.900000
v -0.940986 0.581127 0.900000
v -0.940986 0.581127 1.000000
v -0.830254 0.635080 1.000000
v -0.922642 0.673349 1.000000
v -0.940986 0.581127 1.000000
v -0.840986 0.581127 1.000000
v -0.830254 0.635080 0.900000
v -0.830254 0.635080 1.000000
v -0.840986 0.581127 1.000000
v -0.840986 0.581127 0.900000
v -0.700000 0.722113 0.900000
v -0.700000 0.722113 1.000000
v -0.753953 0.711381 1.000000
v -0.753953 0.711381 0.900000
v -0.753953 0.711381 0.900000
v -0.753953 0.711381 1.000000
v -0.799692 0.680820 1.000000
v -0.799692 0.680820 0.900000
v -0.799692 0.680820 0.900000
v -0.799692 0.680820 1.000000
v -0.830254 0.635080 1.000000
v -0.830254 0.635080 0.900000
v -0.700000 0.722113 1.000000
v -0.700000 0.822113 1.000000
v -0.792221 0.803769 1.000000
v -0.753953 0.711381 1.000000
v -0.753953 0.711381 1.000000
v -0.792221 0.803769 1.000000
v -0.870403 0.751530 1.000000
v -0.799692 0.680820 1.000000
v -0.799692 0.680820 1.000000
v -0.870403 0.751530 1.000000
v -0.922642 0.673349 1.000000
v -0.830254 0.635080 1.000000
v -0.700000 0.822113 1.000000
v -0.700000 0.822113 0.900000
v -0.792221 0.803769 0.900000
v -0.792221 0.803769 1.000000
v -0.792221 0.803769 1.000000
v -0.792221 0.803769 0.900000
v -0.870403 0.751530 0.900000
v -0.870403 0.751530 1.000000
v -0.870403 0.751530 1.000000
v -0.870403 0.751530 0.900000
v -0.922642 0.673349 0.900000
v -0.922642 0.673349 1.000000
v -0.840986 0.581127 1.000000
v -0.940986 0.581127 1.000000
v -0.940986 0.531127 1.000000
v -0.840986 0.531127 1.000000
v -0.840986 0.581127 0.900000
v -0.840986 0.581127 1.000000
v -0.840986 0.531127 1.000000
v -0.840986 0.531127 0.900000
v -0.940986 0.581127 1.000000
v -0.940986 0.581127 0.900000
v -0.940986 0.531127 0.900000
v -0.940986 0.531127 1.000000
v 0.500000 0.722113 0.900000
v 0.500000 0.722113 1.000000
v -0.000000 0.722113 1.000000
v -0.000000 0.722113 0.900000
v 0.500000 0.822113 1.000000
v 0.500000 0.822113 0.900000
v -0.000000 0.822113 0.900000
v -0.000000 0.822113 1.000000
v -0.000000 0.822113 1.000000
v -0.000000 0.722113 1.000000
v 0.500000 0.722113 1.000000
v 0.500000 0.822113 1.000000
v 0.722642 0.870878 1.000000
v 0.722642 0.870878 0.900000
v 0.740986 0.963099 0.900000
v 0.740986 0.963099 1.000000
v 0.630254 0.909146 1.000000
v 0.722642 0.870878 1.000000
v 0.740986 0.963099 1.000000
v 0.640986 0.963099 1.000000
v 0.630254 0.909146 0.900000
v 0.630254 0.909146 1.000000
v 0.640986 0.963099 1.000000
v 0.640986 0.963099 0.900000
v 0.500000 0.822113 0.900000
v 0.500000 0.822113 1.000000
v 0.553953 0.832845 1.000000
v 0.553953 0.832845 0.900000
v 0.553953 0.832845 0.900000
v 0.553953 0.832845 1.000000
v 0.599692 0.863407 1.000000
v 0.599692 0.863407 0.900000
v 0.599692 0.863407 0.900000
v 0.599692 0.863407 1.000000
v 0.630254 0.909146 1.000000
v 0.630254 0.909146 0.900000
v 0.500000 0.822113 1.000000
v 0.500000 0.722113 1.000000
v 0.592221 0.740457 1.000000
v 0.553953 0.832845 1.000000
v 0.553953 0.832845 1.000000
v 0.592221 0.740457 1.000000
v 0.670403 0.792696 1.000000
v 0.599692 0.863407 1.000000
v 0.599692 0.863407 1.000000
v 0.670403 0.792696 1.000000
v 0.722642 0.870878 1.000000
v 0.630254 0.909146 1.000000
v 0.500000 0.722113 1.000000
v 0.500000 0.722113 0.900000
v 0.592221 0.740457 0.900000
v 0.592221 0.740457 1.000000
v 0.592221 0.740457 1.000000
v 0.592221 0.740457 0.900000
v 0.670403 0.792696 0.900000
v 0.670403 0.792696 1.000000
v 0.670403 0.792696 1.000000
v 0.670403 0.792696 0.900000
v 0.722642 0.870878 0.900000
v 0.722642 0.870878 1.000000
v 0.740986 0.963099 1.000000
v 0.740986 0.963099 0.900000
v 0.740986 1.013099 0.900000
v 0.740986 1.013099 1.000000
v 0.640986 0.963099 0.900000
v 0.640986 0.963099 1.000000
v 0.640986 1.013099 1.000000
v 0.640986 1.013099 0.900000
v 0.640986 0.963099 1.000000
v 0.740986 0.963099 1.000000
v 0.740986 1.013099 1.000000
v 0.640986 1.013099 1.000000
v -0.700000 0.240142 0.900000
v -0.700000 0.240142 1.000000
v -0.000000 0.240142 1.000000
v -0.000000 0.240142 0.900000
v -0.700000 0.340142 1.000000
v -0.700000 0.340142 0.900000
v -0.000000 0.340142 0.900000
v -0.000000 0.340142 1.000000
v -0.000000 0.340142 1.000000
v -0.000000 0.240142 1.000000
v -0.700000 0.240142 1.000000
v -0.700000 0.340142 1.000000
v -0.922642 0.388906 1.000000
v -0.922642 0.388906 0.900000
v -0.940986 0.481128 0.900000
v -0.940986 0.481128 1.000000
v -0.830254 0.427175 1.000000
v -0.922642 0.388906 1.000000
v -0.940986 0.481128 1.000000
v -0.840986 0.481128 1.000000
v -0.830254 0.427175 0.900000
v -0.830254 0.427175 1.000000
v -0.840986 0.481128 1.000000
v -0.840986 0.481128 0.900000
v -0.700000 0.340142 0.900000
v -0.700000 0.340142 1.000000
v -0.753953 0.350873 1.000000
v -0.753953 0.350873 0.900000
v -0.753953 0.350873 0.900000
v -0.753953 0.350873 1.000000
v -0.799692 0.381435 1.000000
v -0.799692 0.381435 0.900000
v -0.799692 0.381435 0.900000
v -0.799692 0.381435 1.000000
v -0.830254 0.427175 1.000000
v -0.830254 0.427175 0.900000
v -0.700000 0.340142 1.000000
v -0.700000 0.240142 1.000000
v -0.792221 0.258486 1.000000
v -0.753953 0.350873 1.000000
v -0.753953 0.350873 1.000000
v -0.792221 0.258486 1.000000
v -0.870403 0.310725 1.000000
v -0.799692 0.381435 1.000000
v -0.799692 0.381435 1.000000
v -0.870403 0.310725 1.000000
v -0.922642 0.388906 1.000000
v -0.830254 0.427175 1.000000
v -0.700000 0.240142 1.000000
v -0.700000 0.240142 0.900000
v -0.792221 0.258486 0.900000
v -0.792221 0.258486 1.000000
v -0.792221 0.258486 1.000000
v -0.792221 0.258486 0.900000
v -0.870403 0.310725 0.900000
v -0.870403 0.310725 1.000000
v -0.870403 0.310725 1.000000
v -0.870403 0.310725 0.900000
v -0.922642 0.388906 0.900000
v -0.922642 0.388906 1.000000
v -0.840986 0.481128 1.000000
v -0.940986 0.481128 1.000000
v -0.940986 0.531127 1.000000
v -0.840986 0.531127 1.000000
v -0.840986 0.481128 0.900000
v -0.840986 0.481128 1.000000
v -0.840986 0.531127 1.000000
v -0.840986 0.531127 0.900000
v -0.940986 0.481128 1.000000
v -0.940986 0.481128 0.900000
v -0.940986 0.531127 0.900000
v -0.940986 0.531127 1.000000
v 0.500000 0.340142 0.900000
v 0.500000 0.340142 1.000000
v -0.000000 0.340142 1.000000
v -0.000000 0.340142 0.900000
v 0.500000 0.240142 1.000000
v 0.500000 0.240142 0.900000
v -0.000000 0.240142 0.900000
v -0.000000 0.240142 1.000000
v -0.000000 0.240142 1.000000
v -0.000000 0.340142 1.000000
v 0.500000 0.340142 1.000000
v 0.500000 0.240142 1.000000
v 0.722642 0.191377 1.000000
v 0.722642 0.191377 0.900000
v 0.740986 0.099156 0.900000
v 0.740986 0.099156 1.000000
v 0.630254 0.153109 1.000000
v 0.722642 0.191377 1.000000
v 0.740986 0.099156 1.000000
v 0.640986 0.099156 1.000000
v 0.630254 0.153109 0.900000
v 0.630254 0.153109 1.000000
v 0.640986 0.099156 1.000000
v 0.640986 0.099156 0.900000
v 0.500000 0.240142 0.900000
v 0.500000 0.240142 1.000000
v 0.553953 0.229410 1.000000
v 0.553953 0.229410 0.900000
v 0.553953 0.229410 0.900000
v 0.553953 0.229410 1.000000
v 0.599692 0.198848 1.000000
v 0.599692 0.198848 0.900000
v 0.599692 0.198848 0.900000
v 0.599692 0.198848 1.000000
v 0.630254 0.153109 1.000000
v 0.630254 0.153109 0.900000
v 0.500000 0.240142 1.000000
v 0.500000 0.340142 1.000000
v 0.592221 0.321798 1.000000
v 0.553953 0.229410 1.000000
v 0.553953 0.229410 1.000000
v 0.592221 0.321798 1.000000
v 0.670403 0.269558 1.000000
v 0.599692 0.198848 1.000000
v 0.599692 0.198848 1.000000
v 0.670403 0.269558 1.000000
v 0.722642 0.191377 1.000000
v 0.630254 0.153109 1.000000
v 0.500000 0.340142 1.000000
v 0.500000 0.340142 0.900000
v 0.592221 0.321798 0.900000
v 0.592221 0.321798 1.000000
v 0.592221 0.321798 1.000000
v 0.592221 0.321798 0.900000
v 0.670403 0.269558 0.900000
v 0.670403 0.269558 1.000000
v 0.670403 0.269558 1.000000
v 0.670403 0.269558 0.900000
v 0.722642 0.191377 0.900000
v 0.722642 0.191377 1.000000
v 0.740986 0.099156 1.000000
v 0.740986 0.099156 0.900000
v 0.740986 -0.301528 0.900000
v 0.740986 -0.301528 1.000000
v 0.640986 0.099156 0.900000
v 0.640986 0.099156 1.000000
v 0.640986 -0.301528 1.000000
v 0.640986 -0.301528 0.900000
v 0.640986 0.099156 1.000000
v 0.740986 0.099156 1.000000
v 0.740986 -0.301528 1.000000
v 0.640986 -0.301528 1.000000
v 0.840986 2.509014 1.000000
v 0.940986 2.509014 1.000000
v 0.940986 -0.301528 1.000000
v 0.840986 -0.301528 1.000000
v 0.840986 2.509014 0.900000
v 0.840986 2.509014 1.000000
v 0.840986 -0.301528 1.000000
v 0.840986 -0.301528 0.900000
v 0.940986 2.509014 1.000000
v 0.940986 2.509014 0.900000
v 0.940986 -0.301528 0.900000
v 0.940986 -0.301528 1.000000
v 0.740986 -0.401528 1.000000
v 0.840986 -0.401528 1.000000
v 0.840986 -0.401528 0.900000
v 0.740986 -0.401528 0.900000
v 0.640986 -0.301528 0.900000
v 0.640986 -0.301528 1.000000
v 0.640986 -0.401528 1.000000
v 0.640986 -0.401528 0.900000
v 0.640986 -0.301528 1.000000
v 0.740986 -0.301528 1.000000
v 0.740986 -0.401528 1.000000
v 0.640986 -0.401528 1.000000
v 0.840986 -0.301528 1.000000
v 0.940986 -0.301528 1.000000
v 0.940986 -0.401528 1.000000
v 0.840986 -0.401528 1.000000
v 0.740986 -0.301528 1.000000
v 0.740986 -0.301528 0.900000
v 0.840986 -0.301528 0.900000
v 0.840986 -0.301528 1.000000
v 0.940986 -0.301528 1.000000
v 0.940986 -0.301528 0.900000
v 0.940986 -0.401528 0.900000
v 0.940986 -0.401528 1.000000
v 0.940986 -0.401528 1.000000
v 0.940986 -0.401528 0.900000
v 0.840986 -0.401528 0.900000
v 0.840986 -0.401528 1.000000
v 0.740986 -0.401528 1.000000
v 0.740986 -0.401528 0.900000
v 0.640986 -0.401528 0.900000
v 0.640986 -0.401528 1.000000
v 0.740986 -0.301528 1.000000
v 0.840986 -0.301528 1.000000
v 0.840986 -0.401528 1.000000
v 0.740986 -0.401528 1.000000
v 0.800000 0.300000 0.800000
v -0.800000 0.300000 0.800000
v -0.800000 -0.800000 0.800000
v 0.800000 -0.800000 0.800000

vt 0.629471 0.740040
vt 0.315041 0.370122
vt 0.629471 0.370122
vt 0.315041 0.740040
vt 0.315041 0.370122
vt 0.629471 0.740040
vt 0.315041 0.740040
vt 0.629471 0.579742
vt 0.629471 0.740040
vt 0.315041 0.579742
vt 0.629471 0.579742
vt 0.315041 0.740040
vt 0.999797 0.000204
vt 0.629878 0.160501
vt 0.629878 0.000203
vt 0.999797 0.160502
vt 0.629878 0.160501
vt 0.999797 0.000204
vt 0.629472 0.000204
vt 0.315041 0.160501
vt 0.315041 0.000203
vt 0.629472 0.160502
vt 0.315041 0.160501
vt 0.629472 0.000204
vt 0.629471 0.499593
vt 0.315041 0.740040
vt 0.315041 0.499593
vt 0.629472 0.740040
vt 0.315041 0.740040
vt 0.629471 0.499593
vt 0.629471 0.481097
vt 0.315041 0.499593
vt 0.315041 0.481097
vt 0.629471 0.499593
vt 0.315041 0.499593
vt 0.629471 0.481097
vt 0.000203 0.980894
vt 0.370122 0.740447
vt 0.370122 0.980894
vt 0.000203 0.740447
vt 0.370122 0.740447
vt 0.000203 0.980894
vt 0.999797 0.481097
vt 0.629878 0.499593
vt 0.629878 0.481097
vt 0.999797 0.499593
vt 0.629878 0.499593
vt 0.999797 0.481097
vt 0.315041 0.240650
vt 0.629471 0.000203
vt 0.629471 0.240650
vt 0.315041 0.000204
vt 0.629471 0.000203
vt 0.315041 0.240650
vt 0.315041 0.259146
vt 0.629471 0.240650
vt 0.629471 0.259146
vt 0.315041 0.240650
vt 0.629471 0.240650
vt 0.315041 0.259146
vt 0.629471 0.320799
vt 0.315041 0.339295
vt 0.315041 0.320799
vt 0.629471 0.339295
vt 0.315041 0.339295
vt 0.629471 0.320799
vt 0.629472 0.160502
vt 0.315041 0.178997
vt 0.315041 0.160501
vt 0.629471 0.178997
vt 0.315041 0.178997
vt 0.629472 0.160502
vt 0.999797 0.320799
vt 0.629878 0.339295
vt 0.629878 0.320799
vt 0.999796 0.339295
vt 0.629878 0.339295
vt 0.999797 0.320799
vt 0.999797 0.160502
vt 0.629878 0.178997
vt 0.629878 0.160501
vt 0.999796 0.178997
vt 0.629878 0.178997
vt 0.999797 0.160502
vt 0.315041 0.419444
vt 0.629471 0.400948
vt 0.629471 0.419444
vt 0.315041 0.400948
vt 0.629471 0.400948
vt 0.315041 0.419444
vt 0.315041 0.579742
vt 0.629471 0.561246
vt 0.629471 0.579742
vt 0.315041 0.561246
vt 0.629471 0.561246
vt 0.315041 0.579742
vt 0.315041 0.561246
vt 0.629471 0.419444
vt 0.629471 0.561246
vt 0.315041 0.419444
vt 0.629471 0.419444
vt 0.315041 0.561246
vt 0.999796 0.178997
vt 0.629878 0.320799
vt 0.629878 0.178997
vt 0.999797 0.320799
vt 0.629878 0.320799
vt 0.999796 0.178997
vt 0.629471 0.178997
vt 0.315041 0.320799
vt 0.315041 0.178997
vt 0.629471 0.320799
vt 0.315041 0.320799
vt 0.629471 0.178997
vt 0.315041 0.400948
vt 0.629471 0.259146
vt 0.629471 0.400948
vt 0.315041 0.259146
vt 0.629471 0.259146
vt 0.315041 0.400948
vt 0.999796 0.339295
vt 0.629878 0.481097
vt 0.629878 0.339295
vt 0.999797 0.481097
vt 0.629878 0.481097
vt 0.999796 0.339295
vt 0.629471 0.339295
vt 0.315041 0.481097
vt 0.315041 0.339295
vt 0.629471 0.481097
vt 0.315041 0.481097
vt 0.629471 0.339295
vt 0.788419 0.000292
vt 0.561411 0.193248
vt 0.561411 0.000292
vt 0.788419 0.193248
vt 0.561411 0.193248
vt 0.788419 0.000292
vt 0.485158 0.075961
vt 0.560828 0.257567
vt 0.485158 0.257567
vt 0.560828 0.075961
vt 0.560828 0.257567
vt 0.485158 0.075961
vt 0.303552 0.257567
vt 0.485158 0.075961
vt 0.485158 0.257567
vt 0.303552 0.075961
vt 0.485158 0.075961
vt 0.303552 0.257567
vt 0.853905 0.440341
vt 0.766885 0.621947
vt 0.766885 0.440341
vt 0.853905 0.621947
vt 0.766885 0.621947
vt 0.853905 0.440341
vt 0.227883 0.708383
vt 0.409489 0.526777
vt 0.227883 0.526777
vt 0.409489 0.708383
vt 0.409489 0.526777
vt 0.227883 0.708383
vt 0.227883 0.526777
vt 0.409489 0.439757
vt 0.227883 0.439757
vt 0.409489 0.526777
vt 0.409489 0.439757
vt 0.227883 0.526777
vt 0.204599 0.028418
vt 0.227299 0.098662
vt 0.204599 0.098662
vt 0.227299 0.005718
vt 0.227299 0.098662
vt 0.204599 0.028418
vt 0.204599 0.028418
vt 0.005718 0.005717
vt 0.227299 0.005718
vt 0.028418 0.028418
vt 0.005718 0.005717
vt 0.204599 0.028418
vt 0.028418 0.028418
vt 0.005717 0.098662
vt 0.005718 0.005717
vt 0.028418 0.098662
vt 0.005717 0.098662
vt 0.028418 0.028418
vt 0.716533 0.258151
vt 0.841387 0.439757
vt 0.716533 0.439757
vt 0.841387 0.258151
vt 0.841387 0.439757
vt 0.716533 0.258151
vt 0.591679 0.804136
vt 0.410073 0.622530
vt 0.591679 0.622530
vt 0.410073 0.804136
vt 0.410073 0.622530
vt 0.591679 0.804136
vt 0.534927 0.258151
vt 0.410073 0.439757
vt 0.410073 0.258151
vt 0.534927 0.439757
vt 0.410073 0.439757
vt 0.534927 0.258151
vt 0.534927 0.258151
vt 0.716533 0.439757
vt 0.534927 0.439757
vt 0.716533 0.258151
vt 0.716533 0.439757
vt 0.534927 0.258151
vt 0.204599 0.306753
vt 0.227299 0.446557
vt 0.204599 0.423856
vt 0.227299 0.306753
vt 0.227299 0.446557
vt 0.204599 0.306753
vt 0.028418 0.423856
vt 0.227299 0.446557
vt 0.005718 0.446557
vt 0.204599 0.423856
vt 0.227299 0.446557
vt 0.028418 0.423856
vt 0.028418 0.306753
vt 0.005718 0.446557
vt 0.005717 0.306753
vt 0.028418 0.423856
vt 0.005718 0.446557
vt 0.028418 0.306753
vt 0.204599 0.295402
vt 0.227299 0.306753
vt 0.204599 0.306753
vt 0.227299 0.295402
vt 0.227299 0.306753
vt 0.204599 0.295402
vt 0.204599 0.306753
vt 0.028418 0.295402
vt 0.028418 0.306753
vt 0.204599 0.295402
vt 0.028418 0.295402
vt 0.204599 0.306753
vt 0.028418 0.295402
vt 0.005717 0.306753
vt 0.005717 0.295402
vt 0.028418 0.306753
vt 0.005717 0.306753
vt 0.028418 0.295402
vt 0.028418 0.197032
vt 0.005717 0.208382
vt 0.005717 0.197032
vt 0.028418 0.208382
vt 0.005717 0.208382
vt 0.028418 0.197032
vt 0.028418 0.098662
vt 0.005717 0.110012
vt 0.005717 0.098662
vt 0.028418 0.110012
vt 0.005717 0.110012
vt 0.028418 0.098662
vt 0.204599 0.197032
vt 0.227299 0.208382
vt 0.204599 0.208382
vt 0.227299 0.197032
vt 0.227299 0.208382
vt 0.204599 0.197032
vt 0.204599 0.098662
vt 0.227299 0.110012
vt 0.204599 0.110012
vt 0.227299 0.098662
vt 0.227299 0.110012
vt 0.204599 0.098662
vt 0.303552 0.000292
vt 0.485158 0.075961
vt 0.303552 0.075961
vt 0.485158 0.000292
vt 0.485158 0.075961
vt 0.303552 0.000292
vt 0.497092 0.440341
vt 0.410073 0.621947
vt 0.410073 0.440341
vt 0.497092 0.621947
vt 0.410073 0.621947
vt 0.497092 0.440341
vt 0.227883 0.257567
vt 0.303552 0.075961
vt 0.303552 0.257567
vt 0.227883 0.075961
vt 0.303552 0.075961
vt 0.227883 0.257567
vt 0.766302 0.440341
vt 0.679282 0.621947
vt 0.679282 0.440341
vt 0.766302 0.621947
vt 0.679282 0.621947
vt 0.766302 0.440341
vt 0.409489 0.708966
vt 0.227883 0.720317
vt 0.227883 0.708966
vt 0.409489 0.720317
vt 0.227883 0.720317
vt 0.409489 0.708966
vt 0.193832 0.636498
vt 0.182481 0.454891
vt 0.193832 0.454891
vt 0.182482 0.636498
vt 0.182481 0.454891
vt 0.193832 0.636498
vt 0.000292 0.724101
vt 0.181898 0.637081
vt 0.181898 0.724101
vt 0.000292 0.637081
vt 0.181898 0.637081
vt 0.000292 0.724101
vt 0.182482 0.999708
vt 0.193832 0.818104
vt 0.193832 0.999708
vt 0.182482 0.818104
vt 0.193832 0.818104
vt 0.182482 0.999708
vt 0.182482 0.818104
vt 0.193832 0.636498
vt 0.193832 0.818104
vt 0.182482 0.636498
vt 0.193832 0.636498
vt 0.182482 0.818104
vt 0.204599 0.110012
vt 0.227299 0.197032
vt 0.204599 0.197032
vt 0.227299 0.110012
vt 0.227299 0.197032
vt 0.204599 0.110012
vt 0.028418 0.110012
vt 0.005717 0.197032
vt 0.005717 0.110012
vt 0.028418 0.197032
vt 0.005717 0.197032
vt 0.028418 0.110012
vt 0.861472 0.804136
vt 0.774452 0.622530
vt 0.861472 0.622530
vt 0.774452 0.804136
vt 0.774452 0.622530
vt 0.861472 0.804136
vt 0.204599 0.208382
vt 0.227299 0.295402
vt 0.204599 0.295402
vt 0.227299 0.208382
vt 0.227299 0.295402
vt 0.204599 0.208382
vt 0.028418 0.208382
vt 0.005717 0.295402
vt 0.005717 0.208382
vt 0.028418 0.295402
vt 0.005717 0.295402
vt 0.028418 0.208382
vt 0.205766 0.454891
vt 0.194416 0.636497
vt 0.194416 0.454891
vt 0.205766 0.636497
vt 0.194416 0.636497
vt 0.205766 0.454891
vt 0.409489 0.439757
vt 0.227883 0.258151
vt 0.409489 0.258151
vt 0.227883 0.439757
vt 0.227883 0.258151
vt 0.409489 0.439757
vt 0.678698 0.440341
vt 0.497092 0.621947
vt 0.497092 0.440341
vt 0.678698 0.621947
vt 0.497092 0.621947
vt 0.678698 0.440341
vt 0.217700 0.454891
vt 0.206350 0.636497
vt 0.206350 0.454891
vt 0.217700 0.636497
vt 0.206350 0.636497
vt 0.217700 0.454891
vt 0.000292 0.636497
vt 0.181898 0.454891
vt 0.181898 0.636497
vt 0.000292 0.454891
vt 0.181898 0.454891
vt 0.000292 0.636497
vt 0.773869 0.622530
vt 0.592262 0.804136
vt 0.592262 0.622530
vt 0.773869 0.804136
vt 0.592262 0.804136
vt 0.773869 0.622530
vt 0.800353 0.000292
vt 0.789002 0.181897
vt 0.789003 0.000292
vt 0.800353 0.181897
vt 0.789002 0.181897
vt 0.800353 0.000292
vt 0.410073 0.258151
vt 0.716533 0.258151
vt 0.534927 0.258151
vt 0.591679 0.622530
vt 0.716533 0.258151
vt 0.410073 0.258151
vt 0.236185 0.676863
vt 0.271730 0.108147
vt 0.271730 0.676863
vt 0.236185 0.108147
vt 0.271730 0.108147
vt 0.236185 0.676863
vt 0.344833 0.356961
vt 0.309288 0.108147
vt 0.344833 0.108147
vt 0.309288 0.356961
vt 0.309288 0.108147
vt 0.344833 0.356961
vt 0.235178 0.435174
vt 0.199633 0.683988
vt 0.235178 0.683988
vt 0.199633 0.435174
vt 0.199633 0.683988
vt 0.235178 0.435174
vt 0.308281 0.108147
vt 0.272736 0.356961
vt 0.308281 0.356961
vt 0.272736 0.108147
vt 0.272736 0.356961
vt 0.308281 0.108147
vt 0.665375 0.669380
vt 0.700919 0.635958
vt 0.665375 0.635958
vt 0.700919 0.669380
vt 0.700919 0.635958
vt 0.665375 0.669380
vt 0.345839 0.229350
vt 0.385199 0.248528
vt 0.352360 0.262130
vt 0.381384 0.229350
vt 0.385199 0.248528
vt 0.345839 0.229350
vt 0.774022 0.613905
vt 0.738478 0.594352
vt 0.774022 0.594352
vt 0.738478 0.613905
vt 0.738478 0.594352
vt 0.774022 0.613905
vt 0.774022 0.555245
vt 0.738477 0.535692
vt 0.774022 0.535692
vt 0.738477 0.555245
vt 0.738477 0.535692
vt 0.774022 0.555245
vt 0.774022 0.574798
vt 0.738477 0.555245
vt 0.774022 0.555245
vt 0.738477 0.574798
vt 0.738477 0.555245
vt 0.774022 0.574798
vt 0.774022 0.594352
vt 0.738477 0.574798
vt 0.774022 0.574798
vt 0.738478 0.594352
vt 0.738477 0.574798
vt 0.774022 0.594352
vt 0.398718 0.308488
vt 0.431498 0.279463
vt 0.431498 0.315008
vt 0.412320 0.275649
vt 0.431498 0.279463
vt 0.398718 0.308488
vt 0.370928 0.289919
vt 0.412320 0.275649
vt 0.398718 0.308488
vt 0.396062 0.264786
vt 0.412320 0.275649
vt 0.370928 0.289919
vt 0.352360 0.262130
vt 0.396062 0.264786
vt 0.370928 0.289919
vt 0.385199 0.248528
vt 0.396062 0.264786
vt 0.352360 0.262130
vt 0.665375 0.569114
vt 0.700920 0.535692
vt 0.665375 0.535692
vt 0.700919 0.569114
vt 0.700920 0.535692
vt 0.665375 0.569114
vt 0.665375 0.602536
vt 0.700919 0.569114
vt 0.665375 0.569114
vt 0.700919 0.602536
vt 0.700919 0.569114
vt 0.665375 0.602536
vt 0.665375 0.635958
vt 0.700919 0.602536
vt 0.665375 0.602536
vt 0.700919 0.635958
vt 0.700919 0.602536
vt 0.665375 0.635958
vt 0.345839 0.211578
vt 0.381384 0.229350
vt 0.345839 0.229350
vt 0.381384 0.211578
vt 0.381384 0.229350
vt 0.345839 0.211578
vt 0.774022 0.631677
vt 0.738478 0.613905
vt 0.774022 0.613905
vt 0.738478 0.631677
vt 0.738478 0.613905
vt 0.774022 0.631677
vt 0.665375 0.687153
vt 0.700919 0.669380
vt 0.665375 0.669380
vt 0.700919 0.687153
vt 0.700919 0.669380
vt 0.665375 0.687153
vt 0.555720 0.285872
vt 0.591265 0.534685
vt 0.555720 0.534685
vt 0.591265 0.285872
vt 0.591265 0.534685
vt 0.555720 0.285872
vt 0.345839 0.701607
vt 0.381384 0.950420
vt 0.345839 0.950420
vt 0.381384 0.701607
vt 0.381384 0.950420
vt 0.345839 0.701607
vt 0.627817 0.534685
vt 0.592272 0.285871
vt 0.627816 0.285871
vt 0.592272 0.534685
vt 0.592272 0.285871
vt 0.627817 0.534685
vt 0.665375 0.704925
vt 0.700919 0.738347
vt 0.665375 0.738347
vt 0.700919 0.704925
vt 0.700919 0.738347
vt 0.665375 0.704925
vt 0.345839 0.193805
vt 0.385199 0.174628
vt 0.352360 0.161025
vt 0.381384 0.193805
vt 0.385199 0.174628
vt 0.345839 0.193805
vt 0.774022 0.649450
vt 0.738477 0.669003
vt 0.774022 0.669003
vt 0.738478 0.649450
vt 0.738477 0.669003
vt 0.774022 0.649450
vt 0.774022 0.708109
vt 0.738478 0.727663
vt 0.774022 0.727662
vt 0.738477 0.708109
vt 0.738478 0.727663
vt 0.774022 0.708109
vt 0.774022 0.688556
vt 0.738477 0.708109
vt 0.774022 0.708109
vt 0.738477 0.688556
vt 0.738477 0.708109
vt 0.774022 0.688556
vt 0.774022 0.669003
vt 0.738477 0.688556
vt 0.774022 0.688556
vt 0.738477 0.669003
vt 0.738477 0.688556
vt 0.774022 0.669003
vt 0.398718 0.114668
vt 0.431498 0.143692
vt 0.431498 0.108147
vt 0.412320 0.147507
vt 0.431498 0.143692
vt 0.398718 0.114668
vt 0.370928 0.133236
vt 0.412320 0.147507
vt 0.398718 0.114668
vt 0.396062 0.158370
vt 0.412320 0.147507
vt 0.370928 0.133236
vt 0.352360 0.161025
vt 0.396062 0.158370
vt 0.370928 0.133236
vt 0.385199 0.174628
vt 0.396062 0.158370
vt 0.352360 0.161025
vt 0.665375 0.805191
vt 0.700920 0.838614
vt 0.665375 0.838614
vt 0.700920 0.805192
vt 0.700920 0.838614
vt 0.665375 0.805191
vt 0.665375 0.771769
vt 0.700920 0.805192
vt 0.665375 0.805191
vt 0.700919 0.771769
vt 0.700920 0.805192
vt 0.665375 0.771769
vt 0.665375 0.738347
vt 0.700919 0.771769
vt 0.665375 0.771769
vt 0.700919 0.738347
vt 0.700919 0.771769
vt 0.665375 0.738347
vt 0.345839 0.211578
vt 0.381384 0.193805
vt 0.345839 0.193805
vt 0.381384 0.211578
vt 0.381384 0.193805
vt 0.345839 0.211578
vt 0.774022 0.631677
vt 0.738478 0.649450
vt 0.774022 0.649450
vt 0.738478 0.631677
vt 0.738478 0.649450
vt 0.774022 0.631677
vt 0.665375 0.687153
vt 0.700919 0.704925
vt 0.665375 0.704925
vt 0.700919 0.687153
vt 0.700919 0.704925
vt 0.665375 0.687153
vt 0.344833 0.356961
vt 0.309288 0.605775
vt 0.344833 0.605775
vt 0.309288 0.356961
vt 0.309288 0.605775
vt 0.344833 0.356961
vt 0.235178 0.435174
vt 0.199633 0.186360
vt 0.235178 0.186360
vt 0.199633 0.435174
vt 0.199633 0.186360
vt 0.235178 0.435174
vt 0.308281 0.605775
vt 0.272736 0.356961
vt 0.308281 0.356961
vt 0.272736 0.605775
vt 0.272736 0.356961
vt 0.308281 0.605775
vt 0.811580 0.535692
vt 0.847125 0.569114
vt 0.811580 0.569114
vt 0.847125 0.535692
vt 0.847125 0.569114
vt 0.811580 0.535692
vt 0.508713 0.714422
vt 0.522983 0.755814
vt 0.490144 0.742212
vt 0.533847 0.739556
vt 0.522983 0.755814
vt 0.508713 0.714422
vt 0.199633 0.108147
vt 0.235178 0.127700
vt 0.199633 0.127700
vt 0.235178 0.108147
vt 0.235178 0.127700
vt 0.199633 0.108147
vt 0.199633 0.166807
vt 0.235178 0.186360
vt 0.199633 0.186360
vt 0.235178 0.166807
vt 0.235178 0.186360
vt 0.199633 0.166807
vt 0.199633 0.147254
vt 0.235178 0.166807
vt 0.199633 0.166807
vt 0.235178 0.147254
vt 0.235178 0.166807
vt 0.199633 0.147254
vt 0.199633 0.127700
vt 0.235178 0.147254
vt 0.199633 0.147254
vt 0.235178 0.127700
vt 0.235178 0.147254
vt 0.199633 0.127700
vt 0.490144 0.807772
vt 0.533847 0.810427
vt 0.508713 0.835561
vt 0.522983 0.794169
vt 0.533847 0.810427
vt 0.490144 0.807772
vt 0.483624 0.774992
vt 0.522983 0.794169
vt 0.490144 0.807772
vt 0.519169 0.774992
vt 0.522983 0.794169
vt 0.483624 0.774992
vt 0.490144 0.742212
vt 0.519169 0.774992
vt 0.483624 0.774992
vt 0.522983 0.755814
vt 0.519169 0.774992
vt 0.490144 0.742212
vt 0.811580 0.635958
vt 0.847125 0.669380
vt 0.811580 0.669380
vt 0.847125 0.635958
vt 0.847125 0.669380
vt 0.811580 0.635958
vt 0.811580 0.602536
vt 0.847125 0.635958
vt 0.811580 0.635958
vt 0.847125 0.602536
vt 0.847125 0.635958
vt 0.811580 0.602536
vt 0.811580 0.569114
vt 0.847125 0.602536
vt 0.811580 0.602536
vt 0.847125 0.569114
vt 0.847125 0.602536
vt 0.811580 0.569114
vt 0.381384 0.701607
vt 0.345839 0.523882
vt 0.381384 0.523882
vt 0.345839 0.701607
vt 0.345839 0.523882
vt 0.381384 0.701607
vt 0.591265 0.285872
vt 0.555720 0.108147
vt 0.591265 0.108147
vt 0.555720 0.285872
vt 0.555720 0.108147
vt 0.591265 0.285872
vt 0.592272 0.108147
vt 0.627816 0.285871
vt 0.592272 0.285871
vt 0.627816 0.108147
vt 0.627816 0.285871
vt 0.592272 0.108147
vt 0.628823 0.704925
vt 0.664368 0.738347
vt 0.628823 0.738347
vt 0.664368 0.704925
vt 0.664368 0.738347
vt 0.628823 0.704925
vt 0.432504 0.229350
vt 0.471864 0.248528
vt 0.439024 0.262130
vt 0.468049 0.229350
vt 0.471864 0.248528
vt 0.432504 0.229350
vt 0.114261 0.778972
vt 0.133814 0.743427
vt 0.133814 0.778972
vt 0.114261 0.743427
vt 0.133814 0.743427
vt 0.114261 0.778972
vt 0.172921 0.778971
vt 0.192474 0.743427
vt 0.192474 0.778971
vt 0.172921 0.743427
vt 0.192474 0.743427
vt 0.172921 0.778971
vt 0.153367 0.778972
vt 0.172921 0.743427
vt 0.172921 0.778971
vt 0.153367 0.743427
vt 0.172921 0.743427
vt 0.153367 0.778972
vt 0.133814 0.778972
vt 0.153367 0.743427
vt 0.153367 0.778972
vt 0.133814 0.743427
vt 0.153367 0.743427
vt 0.133814 0.778972
vt 0.485382 0.308488
vt 0.518162 0.279463
vt 0.518162 0.315008
vt 0.498985 0.275649
vt 0.518162 0.279463
vt 0.485382 0.308488
vt 0.457593 0.289919
vt 0.498985 0.275649
vt 0.485382 0.308488
vt 0.482727 0.264786
vt 0.498985 0.275649
vt 0.457593 0.289919
vt 0.439024 0.262130
vt 0.482727 0.264786
vt 0.457593 0.289919
vt 0.471864 0.248528
vt 0.482727 0.264786
vt 0.439024 0.262130
vt 0.628823 0.805191
vt 0.664368 0.838614
vt 0.628823 0.838614
vt 0.664368 0.805191
vt 0.664368 0.838614
vt 0.628823 0.805191
vt 0.628823 0.771769
vt 0.664368 0.805191
vt 0.628823 0.805191
vt 0.664368 0.771769
vt 0.664368 0.805191
vt 0.628823 0.771769
vt 0.628823 0.738347
vt 0.664368 0.771769
vt 0.628823 0.771769
vt 0.664368 0.738347
vt 0.664368 0.771769
vt 0.628823 0.738347
vt 0.628823 0.687153
vt 0.664368 0.704925
vt 0.628823 0.704925
vt 0.664368 0.687153
vt 0.664368 0.704925
vt 0.628823 0.687153
vt 0.096489 0.778972
vt 0.114261 0.743427
vt 0.114261 0.778972
vt 0.096489 0.743427
vt 0.114261 0.743427
vt 0.096489 0.778972
vt 0.432504 0.211578
vt 0.468049 0.229350
vt 0.432504 0.229350
vt 0.468049 0.211578
vt 0.468049 0.229350
vt 0.432504 0.211578
vt 0.738477 0.285872
vt 0.774022 0.534685
vt 0.738477 0.534685
vt 0.774022 0.285872
vt 0.774022 0.534685
vt 0.738477 0.285872
vt 0.811580 0.285872
vt 0.847125 0.534685
vt 0.811580 0.534685
vt 0.847125 0.285872
vt 0.847125 0.534685
vt 0.811580 0.285872
vt 0.554714 0.534685
vt 0.519169 0.285871
vt 0.554714 0.285871
vt 0.519169 0.534685
vt 0.519169 0.285871
vt 0.554714 0.534685
vt 0.592272 0.704925
vt 0.627816 0.738347
vt 0.592272 0.738347
vt 0.627816 0.704925
vt 0.627816 0.738347
vt 0.592272 0.704925
vt 0.087215 0.628612
vt 0.119680 0.599236
vt 0.120063 0.634779
vt 0.100463 0.595628
vt 0.119680 0.599236
vt 0.087215 0.628612
vt 0.775029 0.649450
vt 0.810574 0.669003
vt 0.775029 0.669003
vt 0.810574 0.649450
vt 0.810574 0.669003
vt 0.775029 0.649450
vt 0.775029 0.708109
vt 0.810574 0.727663
vt 0.775029 0.727663
vt 0.810574 0.708109
vt 0.810574 0.727663
vt 0.775029 0.708109
vt 0.775029 0.688556
vt 0.810574 0.708109
vt 0.775029 0.708109
vt 0.810574 0.688556
vt 0.810574 0.708109
vt 0.775029 0.688556
vt 0.775029 0.669003
vt 0.810574 0.688556
vt 0.775029 0.688556
vt 0.810574 0.669003
vt 0.810574 0.688556
vt 0.775029 0.669003
vt 0.180359 0.609039
vt 0.165643 0.567803
vt 0.198627 0.581051
vt 0.154955 0.584177
vt 0.165643 0.567803
vt 0.180359 0.609039
vt 0.152771 0.627906
vt 0.154955 0.584177
vt 0.180359 0.609039
vt 0.138816 0.595215
vt 0.154955 0.584177
vt 0.152771 0.627906
vt 0.120063 0.634779
vt 0.138816 0.595215
vt 0.152771 0.627906
vt 0.119680 0.599236
vt 0.138816 0.595215
vt 0.120063 0.634779
vt 0.592272 0.805191
vt 0.627817 0.838614
vt 0.592272 0.838614
vt 0.627817 0.805192
vt 0.627817 0.838614
vt 0.592272 0.805191
vt 0.592272 0.771769
vt 0.627817 0.805192
vt 0.592272 0.805191
vt 0.627817 0.771769
vt 0.627817 0.805192
vt 0.592272 0.771769
vt 0.592272 0.738347
vt 0.627817 0.771769
vt 0.592272 0.771769
vt 0.627816 0.738347
vt 0.627817 0.771769
vt 0.592272 0.738347
vt 0.070723 0.621988
vt 0.100463 0.595628
vt 0.087215 0.628612
vt 0.083971 0.589005
vt 0.100463 0.595628
vt 0.070723 0.621988
vt 0.775029 0.631677
vt 0.810574 0.649450
vt 0.775029 0.649450
vt 0.810574 0.631677
vt 0.810574 0.649450
vt 0.775029 0.631677
vt 0.592272 0.687153
vt 0.627816 0.704925
vt 0.592272 0.704925
vt 0.627816 0.687153
vt 0.627816 0.704925
vt 0.592272 0.687153
vt 0.847125 0.285872
vt 0.811580 0.108147
vt 0.847125 0.108147
vt 0.811580 0.285872
vt 0.811580 0.108147
vt 0.847125 0.285872
vt 0.774022 0.285872
vt 0.738477 0.108147
vt 0.774022 0.108147
vt 0.738477 0.285872
vt 0.738477 0.108147
vt 0.774022 0.285872
vt 0.519169 0.108147
vt 0.554714 0.285871
vt 0.519169 0.285871
vt 0.554714 0.108147
vt 0.554714 0.285871
vt 0.519169 0.108147
vt 0.628823 0.669380
vt 0.664368 0.635958
vt 0.628823 0.635958
vt 0.664368 0.669380
vt 0.664368 0.635958
vt 0.628823 0.669380
vt 0.432504 0.193805
vt 0.471864 0.174628
vt 0.439025 0.161025
vt 0.468049 0.193805
vt 0.471864 0.174628
vt 0.432504 0.193805
vt 0.078716 0.778972
vt 0.059163 0.743427
vt 0.059163 0.778972
vt 0.078716 0.743427
vt 0.059163 0.743427
vt 0.078716 0.778972
vt 0.020057 0.778972
vt 0.000503 0.743427
vt 0.000503 0.778972
vt 0.020057 0.743427
vt 0.000503 0.743427
vt 0.020057 0.778972
vt 0.039610 0.778972
vt 0.020057 0.743427
vt 0.020057 0.778972
vt 0.039610 0.743427
vt 0.020057 0.743427
vt 0.039610 0.778972
vt 0.059163 0.778972
vt 0.039610 0.743427
vt 0.039610 0.778972
vt 0.059163 0.743427
vt 0.039610 0.743427
vt 0.059163 0.778972
vt 0.485382 0.114668
vt 0.518162 0.143692
vt 0.518162 0.108147
vt 0.498985 0.147507
vt 0.518162 0.143692
vt 0.485382 0.114668
vt 0.457593 0.133236
vt 0.498985 0.147507
vt 0.485382 0.114668
vt 0.482727 0.158370
vt 0.498985 0.147507
vt 0.457593 0.133236
vt 0.439025 0.161025
vt 0.482727 0.158370
vt 0.457593 0.133236
vt 0.471864 0.174628
vt 0.482727 0.158370
vt 0.439025 0.161025
vt 0.628823 0.569114
vt 0.664368 0.535692
vt 0.628823 0.535692
vt 0.664368 0.569114
vt 0.664368 0.535692
vt 0.628823 0.569114
vt 0.628823 0.602536
vt 0.664368 0.569114
vt 0.628823 0.569114
vt 0.664368 0.602536
vt 0.664368 0.569114
vt 0.628823 0.602536
vt 0.628823 0.635958
vt 0.664368 0.602536
vt 0.628823 0.602536
vt 0.664368 0.635958
vt 0.664368 0.602536
vt 0.628823 0.635958
vt 0.628823 0.687153
vt 0.664368 0.669380
vt 0.628823 0.669380
vt 0.664368 0.687153
vt 0.664368 0.669380
vt 0.628823 0.687153
vt 0.096489 0.778972
vt 0.078716 0.743427
vt 0.078716 0.778972
vt 0.096489 0.743427
vt 0.078716 0.743427
vt 0.096489 0.778972
vt 0.432504 0.211578
vt 0.468049 0.193805
vt 0.432504 0.193805
vt 0.468049 0.211578
vt 0.468049 0.193805
vt 0.432504 0.211578
vt 0.665375 0.285872
vt 0.700919 0.534685
vt 0.665375 0.534685
vt 0.700919 0.285872
vt 0.700919 0.534685
vt 0.665375 0.285872
vt 0.884683 0.285872
vt 0.920228 0.534685
vt 0.884683 0.534685
vt 0.920228 0.285872
vt 0.920228 0.534685
vt 0.884683 0.285872
vt 0.006670 0.503953
vt 0.132388 0.286314
vt 0.099404 0.273066
vt 0.039654 0.517201
vt 0.132388 0.286314
vt 0.006670 0.503953
vt 0.592272 0.669380
vt 0.627817 0.635958
vt 0.592272 0.635958
vt 0.627817 0.669380
vt 0.627817 0.635958
vt 0.592272 0.669380
vt 0.054231 0.615365
vt 0.051105 0.571693
vt 0.026243 0.597097
vt 0.067479 0.582381
vt 0.051105 0.571693
vt 0.054231 0.615365
vt 0.775029 0.613905
vt 0.810574 0.594352
vt 0.775029 0.594352
vt 0.810574 0.613905
vt 0.810574 0.594352
vt 0.775029 0.613905
vt 0.775029 0.555245
vt 0.810574 0.535692
vt 0.775029 0.535692
vt 0.810574 0.555245
vt 0.810574 0.535692
vt 0.775029 0.555245
vt 0.775029 0.574798
vt 0.810574 0.555245
vt 0.775029 0.555245
vt 0.810574 0.574798
vt 0.810574 0.555245
vt 0.775029 0.574798
vt 0.775029 0.594352
vt 0.810574 0.574798
vt 0.775029 0.574798
vt 0.810574 0.594352
vt 0.810574 0.574798
vt 0.775029 0.594352
vt 0.000503 0.536801
vt 0.039654 0.517201
vt 0.006670 0.503953
vt 0.036046 0.536418
vt 0.039654 0.517201
vt 0.000503 0.536801
vt 0.007376 0.569509
vt 0.036046 0.536418
vt 0.000503 0.536801
vt 0.040067 0.555553
vt 0.036046 0.536418
vt 0.007376 0.569509
vt 0.026243 0.597097
vt 0.040067 0.555553
vt 0.007376 0.569509
vt 0.051105 0.571693
vt 0.040067 0.555553
vt 0.026243 0.597097
vt 0.592272 0.569114
vt 0.627817 0.535692
vt 0.592272 0.535692
vt 0.627817 0.569114
vt 0.627817 0.535692
vt 0.592272 0.569114
vt 0.592272 0.602536
vt 0.627817 0.569114
vt 0.592272 0.569114
vt 0.627817 0.602536
vt 0.627817 0.569114
vt 0.592272 0.602536
vt 0.592272 0.635958
vt 0.627817 0.602536
vt 0.592272 0.602536
vt 0.627817 0.635958
vt 0.627817 0.602536
vt 0.592272 0.635958
vt 0.070723 0.621988
vt 0.067479 0.582381
vt 0.054231 0.615365
vt 0.083971 0.589005
vt 0.067479 0.582381
vt 0.070723 0.621988
vt 0.775029 0.631677
vt 0.810574 0.613905
vt 0.775029 0.613905
vt 0.810574 0.631677
vt 0.810574 0.613905
vt 0.775029 0.631677
vt 0.592272 0.687153
vt 0.627817 0.669380
vt 0.592272 0.669380
vt 0.627816 0.687153
vt 0.627817 0.669380
vt 0.592272 0.687153
vt 0.920228 0.285872
vt 0.884683 0.108147
vt 0.920228 0.108147
vt 0.884683 0.285872
vt 0.884683 0.108147
vt 0.920228 0.285872
vt 0.700919 0.285872
vt 0.665375 0.108147
vt 0.700919 0.108147
vt 0.665375 0.285872
vt 0.665375 0.108147
vt 0.700919 0.285872
vt 0.198627 0.121395
vt 0.099404 0.273066
vt 0.132388 0.286314
vt 0.165643 0.108147
vt 0.099404 0.273066
vt 0.198627 0.121395
vt 0.555720 0.669380
vt 0.591265 0.635958
vt 0.555720 0.635958
vt 0.591265 0.669380
vt 0.591265 0.635958
vt 0.555720 0.669380
vt 0.518162 0.437218
vt 0.478803 0.456395
vt 0.511642 0.469997
vt 0.482617 0.437218
vt 0.478803 0.456395
vt 0.518162 0.437218
vt 0.272736 0.720539
vt 0.308281 0.740092
vt 0.272736 0.740092
vt 0.308281 0.720539
vt 0.308281 0.740092
vt 0.272736 0.720539
vt 0.272736 0.779199
vt 0.308281 0.798752
vt 0.272736 0.798752
vt 0.308281 0.779199
vt 0.308281 0.798752
vt 0.272736 0.779199
vt 0.272736 0.759645
vt 0.308281 0.779199
vt 0.272736 0.779199
vt 0.308281 0.759645
vt 0.308281 0.779199
vt 0.272736 0.759645
vt 0.272736 0.740092
vt 0.308281 0.759645
vt 0.272736 0.759645
vt 0.308281 0.740092
vt 0.308281 0.759645
vt 0.272736 0.740092
vt 0.465284 0.516355
vt 0.432504 0.487331
vt 0.432504 0.522876
vt 0.451682 0.483516
vt 0.432504 0.487331
vt 0.465284 0.516355
vt 0.493074 0.497787
vt 0.451682 0.483516
vt 0.465284 0.516355
vt 0.467940 0.472653
vt 0.451682 0.483516
vt 0.493074 0.497787
vt 0.511642 0.469997
vt 0.467940 0.472653
vt 0.493074 0.497787
vt 0.478803 0.456395
vt 0.467940 0.472653
vt 0.511642 0.469997
vt 0.555720 0.569114
vt 0.591265 0.535692
vt 0.555720 0.535692
vt 0.591265 0.569114
vt 0.591265 0.535692
vt 0.555720 0.569114
vt 0.555720 0.602536
vt 0.591265 0.569114
vt 0.555720 0.569114
vt 0.591265 0.602536
vt 0.591265 0.569114
vt 0.555720 0.602536
vt 0.555720 0.635958
vt 0.591265 0.602536
vt 0.555720 0.602536
vt 0.591265 0.635958
vt 0.591265 0.602536
vt 0.555720 0.635958
vt 0.555720 0.687153
vt 0.591265 0.669380
vt 0.555720 0.669380
vt 0.591265 0.687153
vt 0.591265 0.669380
vt 0.555720 0.687153
vt 0.272736 0.702767
vt 0.308281 0.720539
vt 0.272736 0.720539
vt 0.308281 0.702767
vt 0.308281 0.720539
vt 0.272736 0.702767
vt 0.518162 0.419445
vt 0.482617 0.437218
vt 0.518162 0.437218
vt 0.482617 0.419445
vt 0.482617 0.437218
vt 0.518162 0.419445
vt 0.701926 0.285872
vt 0.737471 0.534685
vt 0.701926 0.534685
vt 0.737471 0.285872
vt 0.737471 0.534685
vt 0.701926 0.285872
vt 0.848132 0.285872
vt 0.883676 0.534685
vt 0.848132 0.534685
vt 0.883677 0.285872
vt 0.883676 0.534685
vt 0.848132 0.285872
vt 0.468049 0.950420
vt 0.432504 0.701606
vt 0.468049 0.701606
vt 0.432504 0.950420
vt 0.432504 0.701606
vt 0.468049 0.950420
vt 0.701926 0.669380
vt 0.737471 0.635958
vt 0.701926 0.635958
vt 0.737471 0.669380
vt 0.737471 0.635958
vt 0.701926 0.669380
vt 0.345839 0.401673
vt 0.385199 0.382495
vt 0.352360 0.368893
vt 0.381384 0.401673
vt 0.385199 0.382495
vt 0.345839 0.401673
vt 0.309288 0.684994
vt 0.344833 0.665441
vt 0.309288 0.665441
vt 0.344833 0.684994
vt 0.344833 0.665441
vt 0.309288 0.684994
vt 0.309288 0.626335
vt 0.344833 0.606781
vt 0.309288 0.606781
vt 0.344833 0.626335
vt 0.344833 0.606781
vt 0.309288 0.626335
vt 0.309288 0.645888
vt 0.344833 0.626335
vt 0.309288 0.626335
vt 0.344833 0.645888
vt 0.344833 0.626335
vt 0.309288 0.645888
vt 0.309288 0.665441
vt 0.344833 0.645888
vt 0.309288 0.645888
vt 0.344833 0.665441
vt 0.344833 0.645888
vt 0.309288 0.665441
vt 0.398718 0.322535
vt 0.431498 0.351560
vt 0.431498 0.316015
vt 0.412320 0.355374
vt 0.431498 0.351560
vt 0.398718 0.322535
vt 0.370928 0.341103
vt 0.412320 0.355374
vt 0.398718 0.322535
vt 0.396062 0.366237
vt 0.412320 0.355374
vt 0.370928 0.341103
vt 0.352360 0.368893
vt 0.396062 0.366237
vt 0.370928 0.341103
vt 0.385199 0.382495
vt 0.396062 0.366237
vt 0.352360 0.368893
vt 0.701926 0.569114
vt 0.737471 0.535692
vt 0.701926 0.535692
vt 0.737471 0.569114
vt 0.737471 0.535692
vt 0.701926 0.569114
vt 0.701926 0.602536
vt 0.737471 0.569114
vt 0.701926 0.569114
vt 0.737471 0.602536
vt 0.737471 0.569114
vt 0.701926 0.602536
vt 0.701926 0.635958
vt 0.737471 0.602536
vt 0.701926 0.602536
vt 0.737471 0.635958
vt 0.737471 0.602536
vt 0.701926 0.635958
vt 0.345839 0.419445
vt 0.381384 0.401673
vt 0.345839 0.401673
vt 0.381384 0.419445
vt 0.381384 0.401673
vt 0.345839 0.419445
vt 0.309288 0.702767
vt 0.344833 0.684994
vt 0.309288 0.684994
vt 0.344833 0.702767
vt 0.344833 0.684994
vt 0.309288 0.702767
vt 0.701926 0.687153
vt 0.737471 0.669380
vt 0.701926 0.669380
vt 0.737471 0.687153
vt 0.737471 0.669380
vt 0.701926 0.687153
vt 0.883677 0.285872
vt 0.848132 0.108147
vt 0.883677 0.108147
vt 0.848132 0.285872
vt 0.848132 0.108147
vt 0.883677 0.285872
vt 0.737471 0.285872
vt 0.701926 0.108147
vt 0.737471 0.108147
vt 0.701926 0.285872
vt 0.701926 0.108147
vt 0.737471 0.285872
vt 0.432504 0.523882
vt 0.468049 0.701606
vt 0.432504 0.701606
vt 0.468049 0.523882
vt 0.468049 0.701606
vt 0.432504 0.523882
vt 0.555720 0.704925
vt 0.591265 0.738347
vt 0.555720 0.738347
vt 0.591265 0.704925
vt 0.591265 0.738347
vt 0.555720 0.704925
vt 0.518162 0.401673
vt 0.478803 0.382495
vt 0.511642 0.368893
vt 0.482617 0.401673
vt 0.478803 0.382495
vt 0.518162 0.401673
vt 0.272736 0.684994
vt 0.308281 0.665441
vt 0.272736 0.665441
vt 0.308281 0.684994
vt 0.308281 0.665441
vt 0.272736 0.684994
vt 0.272736 0.626335
vt 0.308281 0.606781
vt 0.272736 0.606781
vt 0.308281 0.626335
vt 0.308281 0.606781
vt 0.272736 0.626335
vt 0.272736 0.645888
vt 0.308281 0.626335
vt 0.272736 0.626335
vt 0.308281 0.645888
vt 0.308281 0.626335
vt 0.272736 0.645888
vt 0.272736 0.665441
vt 0.308281 0.645888
vt 0.272736 0.645888
vt 0.308281 0.665441
vt 0.308281 0.645888
vt 0.272736 0.665441
vt 0.465284 0.322535
vt 0.432504 0.351560
vt 0.432504 0.316015
vt 0.451682 0.355374
vt 0.432504 0.351560
vt 0.465284 0.322535
vt 0.493074 0.341103
vt 0.451682 0.355374
vt 0.465284 0.322535
vt 0.467940 0.366237
vt 0.451682 0.355374
vt 0.493074 0.341103
vt 0.511642 0.368893
vt 0.467940 0.366237
vt 0.493074 0.341103
vt 0.478803 0.382495
vt 0.467940 0.366237
vt 0.511642 0.368893
vt 0.555720 0.805191
vt 0.591265 0.838614
vt 0.555720 0.838614
vt 0.591265 0.805191
vt 0.591265 0.838614
vt 0.555720 0.805191
vt 0.555720 0.771769
vt 0.591265 0.805191
vt 0.555720 0.805191
vt 0.591265 0.771769
vt 0.591265 0.805191
vt 0.555720 0.771769
vt 0.555720 0.738347
vt 0.591265 0.771769
vt 0.555720 0.771769
vt 0.591265 0.738347
vt 0.591265 0.771769
vt 0.555720 0.738347
vt 0.555720 0.687153
vt 0.591265 0.704925
vt 0.555720 0.704925
vt 0.591265 0.687153
vt 0.591265 0.704925
vt 0.555720 0.687153
vt 0.272736 0.702767
vt 0.308281 0.684994
vt 0.272736 0.684994
vt 0.308281 0.702767
vt 0.308281 0.684994
vt 0.272736 0.702767
vt 0.518162 0.419445
vt 0.482617 0.401673
vt 0.518162 0.401673
vt 0.482617 0.419445
vt 0.482617 0.401673
vt 0.518162 0.419445
vt 0.628823 0.285872
vt 0.664368 0.534685
vt 0.628823 0.534685
vt 0.664368 0.285872
vt 0.664368 0.534685
vt 0.628823 0.285872
vt 0.775029 0.285872
vt 0.810574 0.534685
vt 0.775029 0.534685
vt 0.810574 0.285872
vt 0.810574 0.534685
vt 0.775029 0.285872
vt 0.417936 0.950420
vt 0.382391 0.701606
vt 0.417936 0.701606
vt 0.382391 0.950420
vt 0.382391 0.701606
vt 0.417936 0.950420
vt 0.701926 0.704925
vt 0.737471 0.738347
vt 0.701926 0.738347
vt 0.737471 0.704925
vt 0.737471 0.738347
vt 0.701926 0.704925
vt 0.345839 0.437218
vt 0.385199 0.456395
vt 0.352360 0.469997
vt 0.381384 0.437218
vt 0.385199 0.456395
vt 0.345839 0.437218
vt 0.309288 0.720539
vt 0.344833 0.740092
vt 0.309288 0.740092
vt 0.344833 0.720539
vt 0.344833 0.740092
vt 0.309288 0.720539
vt 0.309288 0.779199
vt 0.344833 0.798752
vt 0.309288 0.798752
vt 0.344833 0.779199
vt 0.344833 0.798752
vt 0.309288 0.779199
vt 0.309288 0.759645
vt 0.344833 0.779199
vt 0.309288 0.779199
vt 0.344833 0.759645
vt 0.344833 0.779199
vt 0.309288 0.759645
vt 0.309288 0.740092
vt 0.344833 0.759645
vt 0.309288 0.759645
vt 0.344833 0.740092
vt 0.344833 0.759645
vt 0.309288 0.740092
vt 0.398718 0.516355
vt 0.431498 0.487331
vt 0.431498 0.522876
vt 0.412320 0.483516
vt 0.431498 0.487331
vt 0.398718 0.516355
vt 0.370928 0.497787
vt 0.412320 0.483516
vt 0.398718 0.516355
vt 0.396062 0.472653
vt 0.412320 0.483516
vt 0.370928 0.497787
vt 0.352360 0.469997
vt 0.396062 0.472653
vt 0.370928 0.497787
vt 0.385199 0.456395
vt 0.396062 0.472653
vt 0.352360 0.469997
vt 0.701926 0.805192
vt 0.737471 0.838614
vt 0.701926 0.838614
vt 0.737471 0.805192
vt 0.737471 0.838614
vt 0.701926 0.805192
vt 0.701926 0.771769
vt 0.737471 0.805192
vt 0.701926 0.805192
vt 0.737471 0.771769
vt 0.737471 0.805192
vt 0.701926 0.771769
vt 0.701926 0.738347
vt 0.737471 0.771769
vt 0.701926 0.771769
vt 0.737471 0.738347
vt 0.737471 0.771769
vt 0.701926 0.738347
vt 0.345839 0.419445
vt 0.381384 0.437218
vt 0.345839 0.437218
vt 0.381384 0.419445
vt 0.381384 0.437218
vt 0.345839 0.419445
vt 0.309288 0.702767
vt 0.344833 0.720539
vt 0.309288 0.720539
vt 0.344833 0.702767
vt 0.344833 0.720539
vt 0.309288 0.702767
vt 0.701926 0.687153
vt 0.737471 0.704925
vt 0.701926 0.704925
vt 0.737471 0.687153
vt 0.737471 0.704925
vt 0.701926 0.687153
vt 0.810574 0.285872
vt 0.775029 0.108147
vt 0.810574 0.108147
vt 0.775029 0.285872
vt 0.775029 0.108147
vt 0.810574 0.285872
vt 0.664368 0.285872
vt 0.628823 0.108147
vt 0.664368 0.108147
vt 0.628823 0.285872
vt 0.628823 0.108147
vt 0.664368 0.285872
vt 0.382391 0.523882
vt 0.417936 0.701606
vt 0.382391 0.701606
vt 0.417936 0.523882
vt 0.417936 0.701606
vt 0.382391 0.523882
vt 0.811580 0.670387
vt 0.847125 0.703809
vt 0.811580 0.703809
vt 0.847125 0.670387
vt 0.847125 0.703809
vt 0.811580 0.670387
vt 0.224722 0.684994
vt 0.238993 0.726386
vt 0.206154 0.712784
vt 0.249856 0.710128
vt 0.238993 0.726386
vt 0.224722 0.684994
vt 0.186357 0.779978
vt 0.166804 0.815523
vt 0.166804 0.779978
vt 0.186357 0.815523
vt 0.166804 0.815523
vt 0.186357 0.779978
vt 0.127698 0.779978
vt 0.108144 0.815523
vt 0.108144 0.779978
vt 0.127698 0.815523
vt 0.108144 0.815523
vt 0.127698 0.779978
vt 0.147251 0.779978
vt 0.127698 0.815523
vt 0.127698 0.779978
vt 0.147251 0.815523
vt 0.127698 0.815523
vt 0.147251 0.779978
vt 0.166804 0.779978
vt 0.147251 0.815523
vt 0.147251 0.779978
vt 0.166804 0.815523
vt 0.147251 0.815523
vt 0.166804 0.779978
vt 0.206154 0.778343
vt 0.249856 0.780999
vt 0.224722 0.806133
vt 0.238993 0.764741
vt 0.249856 0.780999
vt 0.206154 0.778343
vt 0.199633 0.745564
vt 0.238993 0.764741
vt 0.206154 0.778343
vt 0.235178 0.745563
vt 0.238993 0.764741
vt 0.199633 0.745564
vt 0.206154 0.712784
vt 0.235178 0.745563
vt 0.199633 0.745564
vt 0.238993 0.726386
vt 0.235178 0.745563
vt 0.206154 0.712784
vt 0.811580 0.770653
vt 0.847125 0.804075
vt 0.811580 0.804075
vt 0.847125 0.770653
vt 0.847125 0.804075
vt 0.811580 0.770653
vt 0.811580 0.737231
vt 0.847125 0.770653
vt 0.811580 0.770653
vt 0.847125 0.737231
vt 0.847125 0.770653
vt 0.811580 0.737231
vt 0.811580 0.703809
vt 0.847125 0.737231
vt 0.811580 0.737231
vt 0.847125 0.703809
vt 0.847125 0.737231
vt 0.811580 0.703809
vt 0.000503 0.742420
vt 0.142926 0.706875
vt 0.142926 0.742420
vt 0.000503 0.706875
vt 0.142926 0.706875
vt 0.000503 0.742420
vt 0.000503 0.671330
vt 0.142926 0.635786
vt 0.142926 0.671330
vt 0.000503 0.635786
vt 0.142926 0.635786
vt 0.000503 0.671330
vt 0.000503 0.706875
vt 0.142926 0.671330
vt 0.142926 0.706875
vt 0.000503 0.671330
vt 0.142926 0.671330
vt 0.000503 0.706875
vt 0.000503 0.071594
vt 0.999497 0.036049
vt 0.999497 0.071594
vt 0.000503 0.036050
vt 0.999497 0.036049
vt 0.000503 0.071594
vt 0.000503 0.036050
vt 0.999497 0.000505
vt 0.999497 0.036049
vt 0.000503 0.000503
vt 0.999497 0.000505
vt 0.000503 0.036050
vt 0.000503 0.107141
vt 0.999497 0.071594
vt 0.999497 0.107138
vt 0.000503 0.071594
vt 0.999497 0.071594
vt 0.000503 0.107141
vt 0.071593 0.815523
vt 0.036048 0.779978
vt 0.071593 0.779978
vt 0.036048 0.815523
vt 0.036048 0.779978
vt 0.071593 0.815523
vt 0.554714 0.677871
vt 0.519169 0.713416
vt 0.519169 0.677871
vt 0.554714 0.713416
vt 0.519169 0.713416
vt 0.554714 0.677871
vt 0.554714 0.642326
vt 0.519169 0.677871
vt 0.519169 0.642326
vt 0.554714 0.677871
vt 0.519169 0.677871
vt 0.554714 0.642326
vt 0.554714 0.571237
vt 0.519169 0.606781
vt 0.519169 0.571237
vt 0.554714 0.606781
vt 0.519169 0.606781
vt 0.554714 0.571237
vt 0.483624 0.606781
vt 0.519169 0.642326
vt 0.483624 0.642326
vt 0.519169 0.606781
vt 0.519169 0.642326
vt 0.483624 0.606781
vt 0.554714 0.535692
vt 0.519169 0.571237
vt 0.519169 0.535692
vt 0.554714 0.571237
vt 0.519169 0.571237
vt 0.554714 0.535692
vt 0.071593 0.815523
vt 0.107138 0.779978
vt 0.107138 0.815523
vt 0.071593 0.779978
vt 0.107138 0.779978
vt 0.071593 0.815523
vt 0.000503 0.815523
vt 0.036048 0.779978
vt 0.036048 0.815523
vt 0.000503 0.779978
vt 0.036048 0.779978
vt 0.000503 0.815523
vt 0.554714 0.606781
vt 0.519169 0.642326
vt 0.519169 0.606781
vt 0.554714 0.642326
vt 0.519169 0.642326
vt 0.554714 0.606781

vn -0.000000 1.000000 0.000000
vn -0.000000 1.000000 0.000000
vn -0.000000 1.000000 0.000000
vn -0.000000 1.000000 0.000000
vn -0.000000 1.000000 0.000000
vn -0.000000 1.000000 0.000000
vn 1.000000 0.000000 0.000000
vn 1.000000 0.000000 0.000000
vn 1.000000 0.000000 0.000000
vn 1.000000 0.000000 0.000000
vn 1.000000 0.000000 0.000000
vn 1.000000 0.000000 0.000000
vn -0.000000 0.000000 1.000000
vn -0.000000 0.000000 1.000000
vn -0.000000 0.000000 1.000000
vn -0.000000 0.000000 1.000000
vn -0.000000 0.000000 1.000000
vn -0.000000 0.000000 1.000000
vn -1.000000 0.000000 0.000000
vn -1.000000 0.000000 0.000000
vn -1.000000 0.000000 0.000000
vn -1.000000 0.000000 -0.000000
vn -1.000000 0.000000 -0.000000
vn -1.000000 0.000000 -0.000000
vn -1.000000 0.000000 0.000000
vn -1.000000 0.000000 0.000000
vn -1.000000 0.000000 0.000000
vn -1.000000 0.000000 -0.000000
vn -1.000000 0.000000 -0.000000
vn -1.000000 0.000000 -0.000000
vn -1.000000 0.000000 0.000000
vn -1.000000 0.000000 0.000000
vn -1.000000 0.000000 0.000000
vn -1.000000 0.000000 -0.000000
vn -1.000000 0.000000 -0.000000
vn -1.000000 0.000000 -0.000000
vn -0.000000 0.000000 1.000000
vn -0.000000 0.000000 1.000000
vn -0.000000 0.000000 1.000000
vn -0.000000 0.000000 1.000000
vn -0.000000 0.000000 1.000000
vn -0.000000 0.000000 1.000000
vn -0.000000 0.000000 1.000000
vn -0.000000 0.000000 1.000000
vn -0.000000 0.000000 1.000000
vn -0.000000 0.000000 1.000000
vn -0.000000 0.000000 1.000000
vn -0.000000 0.000000 1.000000
vn 1.000000 0.000000 0.000000
vn 1.000000 0.000000 0.000000
vn 1.000000 0.000000 0.000000
vn 1.000000 0.000000 0.000000
vn 1.000000 0.000000 0.000000
vn 1.000000 0.000000 0.000000
vn 1.000000 0.000000 0.000000
vn 1.000000 0.000000 0.000000
vn 1.000000 0.000000 0.000000
vn 1.000000 0.000000 0.000000
vn 1.000000 0.000000 0.000000
vn 1.000000 0.000000 0.000000
vn -1.000000 0.000000 0.000000
vn -1.000000 0.000000 0.000000
vn -1.000000 0.000000 0.000000
vn -1.000000 0.000000 -0.000000
vn -1.000000 0.000000 -0.000000
vn -1.000000 0.000000 -0.000000
vn -1.000000 0.000000 0.000000
vn -1.000000 0.000000 0.000000
vn -1.000000 0.000000 0.000000
vn -1.000000 0.000000 -0.000000
vn -1.000000 0.000000 -0.000000
vn -1.000000 0.000000 -0.000000
vn -0.000000 0.000000 1.000000
vn -0.000000 0.000000 1.000000
vn -0.000000 0.000000 1.000000
vn -0.000000 0.000000 1.000000
vn -0.000000 0.000000 1.000000
vn -0.000000 0.000000 1.000000
vn -0.000000 0.000000 1.000000
vn -0.000000 0.000000 1.000000
vn -0.000000 0.000000 1.000000
vn -0.000000 0.000000 1.000000
vn -0.000000 0.000000 1.000000
vn -0.000000 0.000000 1.000000
vn 1.000000 0.000000 0.000000
vn 1.000000 0.000000 0.000000
vn 1.000000 0.000000 0.000000
vn 1.000000 0.000000 0.000000
vn 1.000000 0.000000 0.000000
vn 1.000000 0.000000 0.000000
vn 1.000000 0.000000 0.000000
vn 1.000000 0.000000 0.000000
vn 1.000000 0.000000 0.000000
vn 1.000000 0.000000 0.000000
vn 1.000000 0.000000 0.000000
vn 1.000000 0.000000 0.000000
vn 1.000000 0.000000 0.000000
vn 1.000000 0.000000 0.000000
vn 1.000000 0.000000 0.000000
vn 1.000000 0.000000 0.000000
vn 1.000000 0.000000 0.000000
vn 1.000000 0.000000 0.000000
vn -0.000000 0.000000 1.000000
vn -0.000000 0.000000 1.000000
vn -0.000000 0.000000 1.000000
vn -0.000000 0.000000 1.000000
vn -0.000000 0.000000 1.000000
vn -0.000000 0.000000 1.000000
vn -1.000000 0.000000 0.000000
vn -1.000000 0.000000 0.000000
vn -1.000000 0.000000 0.000000
vn -1.000000 0.000000 -0.000000
vn -1.000000 0.000000 -0.000000
vn -1.000000 0.000000 -0.000000
vn 1.000000 0.000000 0.000000
vn 1.000000 0.000000 0.000000
vn 1.000000 0.000000 0.000000
vn 1.000000 0.000000 0.000000
vn 1.000000 0.000000 0.000000
vn 1.000000 0.000000 0.000000
vn -0.000000 0.000000 1.000000
vn -0.000000 0.000000 1.000000
vn -0.000000 0.000000 1.000000
vn -0.000000 0.000000 1.000000
vn -0.000000 0.000000 1.000000
vn -0.000000 0.000000 1.000000
vn -1.000000 0.000000 0.000000
vn -1.000000 0.000000 0.000000
vn -1.000000 0.000000 0.000000
vn -1.000000 0.000000 -0.000000
vn -1.000000 0.000000 -0.000000
vn -1.000000 0.000000 -0.000000
vn -0.000000 -1.000000 0.000000
vn -0.000000 -1.000000 0.000000
vn -0.000000 -1.000000 0.000000
vn -0.000000 -1.000000 0.000000
vn -0.000000 -1.000000 0.000000
vn -0.000000 -1.000000 0.000000
vn 1.000000 0.000000 0.000000
vn 1.000000 0.000000 0.000000
vn 1.000000 0.000000 0.000000
vn 1.000000 0.000000 0.000000
vn 1.000000 0.000000 0.000000
vn 1.000000 0.000000 0.000000
vn 0.000000 1.000000 0.000000
vn 0.000000 1.000000 0.000000
vn 0.000000 1.000000 0.000000
vn -0.000000 1.000000 0.000000
vn -0.000000 1.000000 0.000000
vn -0.000000 1.000000 0.000000
vn -1.000000 0.000000 -0.000000
vn -1.000000 0.000000 -0.000000
vn -1.000000 0.000000 -0.000000
vn -1.000000 0.000000 -0.000000
vn -1.000000 0.000000 -0.000000
vn -1.000000 0.000000 -0.000000
vn 0.000000 -1.000000 0.000000
vn 0.000000 -1.000000 0.000000
vn 0.000000 -1.000000 0.000000
vn -0.000000 -1.000000 0.000000
vn -0.000000 -1.000000 0.000000
vn -0.000000 -1.000000 0.000000
vn -0.000000 0.000000 1.000000
vn -0.000000 0.000000 1.000000
vn -0.000000 0.000000 1.000000
vn -0.000000 0.000000 1.000000
vn -0.000000 0.000000 1.000000
vn -0.000000 0.000000 1.000000
vn -0.000000 0.000000 -1.000000
vn -0.000000 0.000000 -1.000000
vn -0.000000 0.000000 -1.000000
vn -0.000000 0.000000 -1.000000
vn -0.000000 0.000000 -1.000000
vn -0.000000 0.000000 -1.000000
vn 0.000000 -0.000001 -1.000000
vn 0.000000 -0.000001 -1.000000
vn 0.000000 -0.000001 -1.000000
vn 0.000000 0.000000 -1.000000
vn 0.000000 0.000000 -1.000000
vn 0.000000 0.000000 -1.000000
vn -0.000000 0.000000 -1.000000
vn -0.000000 0.000000 -1.000000
vn -0.000000 0.000000 -1.000000
vn -0.000000 0.000000 -1.000000
vn -0.000000 0.000000 -1.000000
vn -0.000000 0.000000 -1.000000
vn 1.000000 0.000000 0.000000
vn 1.000000 0.000000 0.000000
vn 1.000000 0.000000 0.000000
vn 1.000000 0.000000 0.000000
vn 1.000000 0.000000 0.000000
vn 1.000000 0.000000 0.000000
vn 0.000000 -1.000000 0.000000
vn 0.000000 -1.000000 0.000000
vn 0.000000 -1.000000 0.000000
vn -0.000000 -1.000000 0.000000
vn -0.000000 -1.000000 0.000000
vn -0.000000 -1.000000 0.000000
vn -1.000000 0.000000 -0.000000
vn -1.000000 0.000000 -0.000000
vn -1.000000 0.000000 -0.000000
vn -1.000000 0.000000 -0.000000
vn -1.000000 0.000000 -0.000000
vn -1.000000 0.000000 -0.000000
vn -0.000000 1.000000 0.000000
vn -0.000000 1.000000 0.000000
vn -0.000000 1.000000 0.000000
vn 0.000000 1.000000 0.000000
vn 0.000000 1.000000 0.000000
vn 0.000000 1.000000 0.000000
vn -0.000000 0.000000 -1.000000
vn -0.000000 0.000000 -1.000000
vn -0.000000 0.000000 -1.000000
vn -0.000000 0.000000 -1.000000
vn -0.000000 0.000000 -1.000000
vn -0.000000 0.000000 -1.000000
vn 0.000000 0.000000 -1.000000
vn 0.000000 0.000000 -1.000000
vn 0.000000 0.000000 -1.000000
vn 0.000000 0.000000 -1.000000
vn 0.000000 0.000000 -1.000000
vn 0.000000 0.000000 -1.000000
vn -0.000000 0.000000 -1.000000
vn -0.000000 0.000000 -1.000000
vn -0.000000 0.000000 -1.000000
vn -0.000000 0.000000 -1.000000
vn -0.000000 0.000000 -1.000000
vn -0.000000 0.000000 -1.000000
vn -0.000000 0.000000 -1.000000
vn -0.000000 0.000000 -1.000000
vn -0.000000 0.000000 -1.000000
vn -0.000000 0.000000 -1.000000
vn -0.000000 0.000000 -1.000000
vn -0.000000 0.000000 -1.000000
vn -0.000000 0.000001 1.000000
vn -0.000000 0.000001 1.000000
vn -0.000000 0.000001 1.000000
vn -0.000000 -0.000001 1.000000
vn -0.000000 -0.000001 1.000000
vn -0.000000 -0.000001 1.000000
vn -0.000000 0.000000 -1.000000
vn -0.000000 0.000000 -1.000000
vn -0.000000 0.000000 -1.000000
vn -0.000000 0.000000 -1.000000
vn -0.000000 0.000000 -1.000000
vn -0.000000 0.000000 -1.000000
vn -0.000000 0.000000 -1.000000
vn -0.000000 0.000000 -1.000000
vn -0.000000 0.000000 -1.000000
vn -0.000000 0.000000 -1.000000
vn -0.000000 0.000000 -1.000000
vn -0.000000 0.000000 -1.000000
vn -0.000000 0.000000 -1.000000
vn -0.000000 0.000000 -1.000000
vn -0.000000 0.000000 -1.000000
vn -0.000000 0.000000 -1.000000
vn -0.000000 0.000000 -1.000000
vn -0.000000 0.000000 -1.000000
vn -0.000000 0.000000 -1.000000
vn -0.000000 0.000000 -1.000000
vn -0.000000 0.000000 -1.000000
vn -0.000000 0.000000 -1.000000
vn -0.000000 0.000000 -1.000000
vn -0.000000 0.000000 -1.000000
vn -0.000000 0.000000 -1.000000
vn -0.000000 0.000000 -1.000000
vn -0.000000 0.000000 -1.000000
vn -0.000000 0.000000 -1.000000
vn -0.000000 0.000000 -1.000000
vn -0.000000 0.000000 -1.000000
vn -0.000000 0.000000 1.000000
vn -0.000000 0.000000 1.000000
vn -0.000000 0.000000 1.000000
vn -0.000000 0.000000 1.000000
vn -0.000000 0.000000 1.000000
vn -0.000000 0.000000 1.000000
vn -0.000000 0.000000 1.000000
vn -0.000000 0.000000 1.000000
vn -0.000000 0.000000 1.000000
vn -0.000000 0.000000 1.000000
vn -0.000000 0.000000 1.000000
vn -0.000000 0.000000 1.000000
vn -1.000000 0.000000 -0.000000
vn -1.000000 0.000000 -0.000000
vn -1.000000 0.000000 -0.000000
vn -1.000000 0.000000 0.000000
vn -1.000000 0.000000 0.000000
vn -1.000000 0.000000 0.000000
vn -1.000000 0.000000 -0.000000
vn -1.000000 0.000000 -0.000000
vn -1.000000 0.000000 -0.000000
vn -1.000000 0.000000 -0.000000
vn -1.000000 0.000000 -0.000000
vn -1.000000 0.000000 -0.000000
vn 1.000000 0.000000 0.000000
vn 1.000000 0.000000 0.000000
vn 1.000000 0.000000 0.000000
vn 1.000000 0.000001 0.000000
vn 1.000000 0.000001 0.000000
vn 1.000000 0.000001 0.000000
vn 1.000000 0.000000 0.000000
vn 1.000000 0.000000 0.000000
vn 1.000000 0.000000 0.000000
vn 1.000000 -0.000000 0.000000
vn 1.000000 -0.000000 0.000000
vn 1.000000 -0.000000 0.000000
vn 1.000000 0.000000 0.000000
vn 1.000000 0.000000 0.000000
vn 1.000000 0.000000 0.000000
vn 1.000000 -0.000000 0.000000
vn 1.000000 -0.000000 0.000000
vn 1.000000 -0.000000 0.000000
vn -1.000000 0.000000 -0.000000
vn -1.000000 0.000000 -0.000000
vn -1.000000 0.000000 -0.000000
vn -1.000000 0.000000 -0.000000
vn -1.000000 0.000000 -0.000000
vn -1.000000 0.000000 -0.000000
vn -0.000000 0.000000 1.000000
vn -0.000000 0.000000 1.000000
vn -0.000000 0.000000 1.000000
vn -0.000000 -0.000001 1.000000
vn -0.000000 -0.000001 1.000000
vn -0.000000 -0.000001 1.000000
vn -0.000000 0.000000 -1.000000
vn -0.000000 0.000000 -1.000000
vn -0.000000 0.000000 -1.000000
vn -0.000000 0.000000 -1.000000
vn -0.000000 0.000000 -1.000000
vn -0.000000 0.000000 -1.000000
vn -0.000000 0.000000 -1.000000
vn -0.000000 0.000000 -1.000000
vn -0.000000 0.000000 -1.000000
vn -0.000000 0.000000 -1.000000
vn -0.000000 0.000000 -1.000000
vn -0.000000 0.000000 -1.000000
vn 1.000000 0.000000 0.000000
vn 1.000000 0.000000 0.000000
vn 1.000000 0.000000 0.000000
vn 1.000000 0.000000 0.000000
vn 1.000000 0.000000 0.000000
vn 1.000000 0.000000 0.000000
vn -0.000000 0.000000 -1.000000
vn -0.000000 0.000000 -1.000000
vn -0.000000 0.000000 -1.000000
vn -0.000000 0.000000 -1.000000
vn -0.000000 0.000000 -1.000000
vn -0.000000 0.000000 -1.000000
vn -0.000000 0.000000 -1.000000
vn -0.000000 0.000000 -1.000000
vn -0.000000 0.000000 -1.000000
vn -0.000000 0.000000 -1.000000
vn -0.000000 0.000000 -1.000000
vn -0.000000 0.000000 -1.000000
vn -1.000000 0.000000 -0.000000
vn -1.000000 0.000000 -0.000000
vn -1.000000 0.000000 -0.000000
vn -1.000000 0.000000 -0.000000
vn -1.000000 0.000000 -0.000000
vn -1.000000 0.000000 -0.000000
vn 0.000000 -1.000000 0.000000
vn 0.000000 -1.000000 0.000000
vn 0.000000 -1.000000 0.000000
vn -0.000000 -1.000000 -0.000000
vn -0.000000 -1.000000 -0.000000
vn -0.000000 -1.000000 -0.000000
vn -0.000000 -1.000000 -0.000000
vn -0.000000 -1.000000 -0.000000
vn -0.000000 -1.000000 -0.000000
vn -0.000000 -1.000000 -0.000000
vn -0.000000 -1.000000 -0.000000
vn -0.000000 -1.000000 -0.000000
vn 0.000000 0.000000 -1.000000
vn 0.000000 0.000000 -1.000000
vn 0.000000 0.000000 -1.000000
vn 0.000000 0.000000 -1.000000
vn 0.000000 0.000000 -1.000000
vn 0.000000 0.000000 -1.000000
vn 0.000000 -1.000000 0.000000
vn 0.000000 -1.000000 0.000000
vn 0.000000 -1.000000 0.000000
vn -0.000000 -1.000000 0.000000
vn -0.000000 -1.000000 0.000000
vn -0.000000 -1.000000 0.000000
vn 0.000000 -1.000000 0.000000
vn 0.000000 -1.000000 0.000000
vn 0.000000 -1.000000 0.000000
vn -0.000000 -1.000000 0.000000
vn -0.000000 -1.000000 0.000000
vn -0.000000 -1.000000 0.000000
vn 0.000000 0.000000 -1.000000
vn 0.000000 0.000000 -1.000000
vn 0.000000 0.000000 -1.000000
vn 0.000000 0.000000 -1.000000
vn 0.000000 0.000000 -1.000000
vn 0.000000 0.000000 -1.000000
vn -0.000000 0.000000 1.000000
vn -0.000000 0.000000 1.000000
vn -0.000000 0.000000 1.000000
vn -0.000000 0.000000 1.000000
vn -0.000000 0.000000 1.000000
vn -0.000000 0.000000 1.000000
vn -0.000000 0.000000 1.000000
vn -0.000000 0.000000 1.000000
vn -0.000000 0.000000 1.000000
vn -0.000000 -0.000001 1.000000
vn -0.000000 -0.000001 1.000000
vn -0.000000 -0.000001 1.000000
vn 0.000001 1.000000 0.000000
vn 0.000001 1.000000 0.000000
vn 0.000001 1.000000 0.000000
vn -0.000001 1.000000 0.000000
vn -0.000001 1.000000 0.000000
vn -0.000001 1.000000 0.000000
vn -0.000001 -1.000000 0.000000
vn -0.000001 -1.000000 0.000000
vn -0.000001 -1.000000 0.000000
vn 0.000001 -1.000000 0.000000
vn 0.000001 -1.000000 0.000000
vn 0.000001 -1.000000 0.000000
vn -0.000000 0.000000 1.000000
vn -0.000000 0.000000 1.000000
vn -0.000000 0.000000 1.000000
vn -0.000000 0.000000 1.000000
vn -0.000000 0.000000 1.000000
vn -0.000000 0.000000 1.000000
vn -0.980785 0.195092 0.000000
vn -0.980785 0.195092 0.000000
vn -0.980785 0.195092 0.000000
vn -0.980785 0.195090 0.000000
vn -0.980785 0.195090 0.000000
vn -0.980785 0.195090 0.000000
vn -0.000000 0.000000 1.000000
vn -0.000000 0.000000 1.000000
vn -0.000000 0.000000 1.000000
vn -0.000000 0.000000 1.000000
vn -0.000000 0.000000 1.000000
vn -0.000000 0.000000 1.000000
vn 0.980785 -0.195090 0.000000
vn 0.980785 -0.195090 0.000000
vn 0.980785 -0.195090 0.000000
vn 0.980785 -0.195090 0.000000
vn 0.980785 -0.195090 0.000000
vn 0.980785 -0.195090 0.000000
vn 0.195099 -0.980784 0.000000
vn 0.195099 -0.980784 0.000000
vn 0.195099 -0.980784 0.000000
vn 0.195088 -0.980786 0.000001
vn 0.195088 -0.980786 0.000001
vn 0.195088 -0.980786 0.000001
vn 0.555568 -0.831471 0.000000
vn 0.555568 -0.831471 0.000000
vn 0.555568 -0.831471 0.000000
vn 0.555574 -0.831467 0.000000
vn 0.555574 -0.831467 0.000000
vn 0.555574 -0.831467 0.000000
vn 0.831467 -0.555574 0.000000
vn 0.831467 -0.555574 0.000000
vn 0.831467 -0.555574 0.000000
vn 0.831470 -0.555569 0.000000
vn 0.831470 -0.555569 0.000000
vn 0.831470 -0.555569 0.000000
vn -0.000000 -0.000000 1.000000
vn -0.000000 -0.000000 1.000000
vn -0.000000 -0.000000 1.000000
vn -0.000000 0.000000 1.000000
vn -0.000000 0.000000 1.000000
vn -0.000000 0.000000 1.000000
vn -0.000000 0.000001 1.000000
vn -0.000000 0.000001 1.000000
vn -0.000000 0.000001 1.000000
vn -0.000000 -0.000003 1.000000
vn -0.000000 -0.000003 1.000000
vn -0.000000 -0.000003 1.000000
vn -0.000000 0.000002 1.000000
vn -0.000000 0.000002 1.000000
vn -0.000000 0.000002 1.000000
vn -0.000000 0.000000 1.000000
vn -0.000000 0.000000 1.000000
vn -0.000000 0.000000 1.000000
vn -0.195090 0.980785 0.000000
vn -0.195090 0.980785 0.000000
vn -0.195090 0.980785 0.000000
vn -0.195090 0.980785 0.000000
vn -0.195090 0.980785 0.000000
vn -0.195090 0.980785 0.000000
vn -0.555571 0.831469 0.000002
vn -0.555571 0.831469 0.000002
vn -0.555571 0.831469 0.000002
vn -0.555571 0.831469 0.000000
vn -0.555571 0.831469 0.000000
vn -0.555571 0.831469 0.000000
vn -0.831468 0.555573 0.000000
vn -0.831468 0.555573 0.000000
vn -0.831468 0.555573 0.000000
vn -0.831472 0.555566 0.000000
vn -0.831472 0.555566 0.000000
vn -0.831472 0.555566 0.000000
vn -0.000000 0.000000 1.000000
vn -0.000000 0.000000 1.000000
vn -0.000000 0.000000 1.000000
vn -0.000000 0.000000 1.000000
vn -0.000000 0.000000 1.000000
vn -0.000000 0.000000 1.000000
vn 1.000000 0.000000 0.000000
vn 1.000000 0.000000 0.000000
vn 1.000000 0.000000 0.000000
vn 1.000000 0.000000 0.000000
vn 1.000000 0.000000 0.000000
vn 1.000000 0.000000 0.000000
vn -1.000000 0.000000 0.000000
vn -1.000000 0.000000 0.000000
vn -1.000000 0.000000 0.000000
vn -1.000000 0.000000 0.000000
vn -1.000000 0.000000 0.000000
vn -1.000000 0.000000 0.000000
vn -0.000000 1.000000 0.000000
vn -0.000000 1.000000 0.000000
vn -0.000000 1.000000 0.000000
vn -0.000000 1.000000 0.000000
vn -0.000000 1.000000 0.000000
vn -0.000000 1.000000 0.000000
vn -0.000000 -1.000000 0.000000
vn -0.000000 -1.000000 0.000000
vn -0.000000 -1.000000 0.000000
vn -0.000000 -1.000000 0.000000
vn -0.000000 -1.000000 0.000000
vn -0.000000 -1.000000 0.000000
vn 0.000000 0.000000 -1.000000
vn 0.000000 0.000000 -1.000000
vn 0.000000 0.000000 -1.000000
vn 0.000000 0.000000 -1.000000
vn 0.000000 0.000000 -1.000000
vn 0.000000 0.000000 -1.000000
vn 0.980785 0.195091 0.000000
vn 0.980785 0.195091 0.000000
vn 0.980785 0.195091 0.000000
vn 0.980785 0.195091 0.000000
vn 0.980785 0.195091 0.000000
vn 0.980785 0.195091 0.000000
vn -0.000000 0.000000 -1.000000
vn -0.000000 0.000000 -1.000000
vn -0.000000 0.000000 -1.000000
vn -0.000000 0.000000 -1.000000
vn -0.000000 0.000000 -1.000000
vn -0.000000 0.000000 -1.000000
vn -0.980786 -0.195089 0.000000
vn -0.980786 -0.195089 0.000000
vn -0.980786 -0.195089 0.000000
vn -0.980785 -0.195091 0.000000
vn -0.980785 -0.195091 0.000000
vn -0.980785 -0.195091 0.000000
vn -0.195094 -0.980785 0.000000
vn -0.195094 -0.980785 0.000000
vn -0.195094 -0.980785 0.000000
vn -0.195088 -0.980786 -0.000001
vn -0.195088 -0.980786 -0.000001
vn -0.195088 -0.980786 -0.000001
vn -0.555572 -0.831469 0.000000
vn -0.555572 -0.831469 0.000000
vn -0.555572 -0.831469 0.000000
vn -0.555570 -0.831470 0.000000
vn -0.555570 -0.831470 0.000000
vn -0.555570 -0.831470 0.000000
vn -0.831469 -0.555571 0.000000
vn -0.831469 -0.555571 0.000000
vn -0.831469 -0.555571 0.000000
vn -0.831469 -0.555571 0.000000
vn -0.831469 -0.555571 0.000000
vn -0.831469 -0.555571 0.000000
vn -0.000000 -0.000000 -1.000000
vn -0.000000 -0.000000 -1.000000
vn -0.000000 -0.000000 -1.000000
vn -0.000000 0.000000 -1.000000
vn -0.000000 0.000000 -1.000000
vn -0.000000 0.000000 -1.000000
vn -0.000000 0.000001 -1.000000
vn -0.000000 0.000001 -1.000000
vn -0.000000 0.000001 -1.000000
vn -0.000000 -0.000003 -1.000000
vn -0.000000 -0.000003 -1.000000
vn -0.000000 -0.000003 -1.000000
vn -0.000000 0.000002 -1.000000
vn -0.000000 0.000002 -1.000000
vn -0.000000 0.000002 -1.000000
vn -0.000000 0.000000 -1.000000
vn -0.000000 0.000000 -1.000000
vn -0.000000 0.000000 -1.000000
vn 0.195090 0.980785 0.000000
vn 0.195090 0.980785 0.000000
vn 0.195090 0.980785 0.000000
vn 0.195090 0.980785 -0.000000
vn 0.195090 0.980785 -0.000000
vn 0.195090 0.980785 -0.000000
vn 0.555569 0.831471 -0.000002
vn 0.555569 0.831471 -0.000002
vn 0.555569 0.831471 -0.000002
vn 0.555571 0.831469 0.000000
vn 0.555571 0.831469 0.000000
vn 0.555571 0.831469 0.000000
vn 0.831469 0.555571 0.000000
vn 0.831469 0.555571 0.000000
vn 0.831469 0.555571 0.000000
vn 0.831471 0.555568 0.000000
vn 0.831471 0.555568 0.000000
vn 0.831471 0.555568 0.000000
vn -0.000000 0.000000 -1.000000
vn -0.000000 0.000000 -1.000000
vn -0.000000 0.000000 -1.000000
vn -0.000000 0.000000 -1.000000
vn -0.000000 0.000000 -1.000000
vn -0.000000 0.000000 -1.000000
vn -1.000000 0.000000 0.000000
vn -1.000000 0.000000 0.000000
vn -1.000000 0.000000 0.000000
vn -1.000000 0.000000 0.000000
vn -1.000000 0.000000 0.000000
vn -1.000000 0.000000 0.000000
vn 1.000000 0.000000 0.000000
vn 1.000000 0.000000 0.000000
vn 1.000000 0.000000 0.000000
vn 1.000000 0.000000 0.000000
vn 1.000000 0.000000 0.000000
vn 1.000000 0.000000 0.000000
vn -0.000000 -1.000000 0.000000
vn -0.000000 -1.000000 0.000000
vn -0.000000 -1.000000 0.000000
vn -0.000000 -1.000000 0.000000
vn -0.000000 -1.000000 0.000000
vn -0.000000 -1.000000 0.000000
vn 0.000001 1.000000 0.000000
vn 0.000001 1.000000 0.000000
vn 0.000001 1.000000 0.000000
vn -0.000000 1.000000 0.000000
vn -0.000000 1.000000 0.000000
vn -0.000000 1.000000 0.000000
vn -0.000000 0.000000 -1.000000
vn -0.000000 0.000000 -1.000000
vn -0.000000 0.000000 -1.000000
vn -0.000000 0.000000 -1.000000
vn -0.000000 0.000000 -1.000000
vn -0.000000 0.000000 -1.000000
vn -0.980785 -0.195092 0.000000
vn -0.980785 -0.195092 0.000000
vn -0.980785 -0.195092 0.000000
vn -0.980785 -0.195090 0.000000
vn -0.980785 -0.195090 0.000000
vn -0.980785 -0.195090 0.000000
vn -0.000000 0.000000 -1.000000
vn -0.000000 0.000000 -1.000000
vn -0.000000 0.000000 -1.000000
vn -0.000000 0.000000 -1.000000
vn -0.000000 0.000000 -1.000000
vn -0.000000 0.000000 -1.000000
vn 0.980785 0.195090 0.000000
vn 0.980785 0.195090 0.000000
vn 0.980785 0.195090 0.000000
vn 0.980785 0.195090 0.000000
vn 0.980785 0.195090 0.000000
vn 0.980785 0.195090 0.000000
vn 0.195088 0.980786 0.000000
vn 0.195088 0.980786 0.000000
vn 0.195088 0.980786 0.000000
vn 0.195089 0.980786 -0.000001
vn 0.195089 0.980786 -0.000001
vn 0.195089 0.980786 -0.000001
vn 0.555568 0.831471 0.000000
vn 0.555568 0.831471 0.000000
vn 0.555568 0.831471 0.000000
vn 0.555574 0.831467 0.000000
vn 0.555574 0.831467 0.000000
vn 0.555574 0.831467 0.000000
vn 0.831468 0.555573 0.000000
vn 0.831468 0.555573 0.000000
vn 0.831468 0.555573 0.000000
vn 0.831470 0.555569 0.000000
vn 0.831470 0.555569 0.000000
vn 0.831470 0.555569 0.000000
vn -0.000000 0.000000 -1.000000
vn -0.000000 0.000000 -1.000000
vn -0.000000 0.000000 -1.000000
vn -0.000000 0.000000 -1.000000
vn -0.000000 0.000000 -1.000000
vn -0.000000 0.000000 -1.000000
vn -0.000000 0.000000 -1.000000
vn -0.000000 0.000000 -1.000000
vn -0.000000 0.000000 -1.000000
vn -0.000000 0.000000 -1.000000
vn -0.000000 0.000000 -1.000000
vn -0.000000 0.000000 -1.000000
vn -0.000000 0.000000 -1.000000
vn -0.000000 0.000000 -1.000000
vn -0.000000 0.000000 -1.000000
vn -0.000000 0.000000 -1.000000
vn -0.000000 0.000000 -1.000000
vn -0.000000 0.000000 -1.000000
vn -0.195090 -0.980785 0.000000
vn -0.195090 -0.980785 0.000000
vn -0.195090 -0.980785 0.000000
vn -0.195090 -0.980785 -0.000000
vn -0.195090 -0.980785 -0.000000
vn -0.195090 -0.980785 -0.000000
vn -0.555567 -0.831472 -0.000002
vn -0.555567 -0.831472 -0.000002
vn -0.555567 -0.831472 -0.000002
vn -0.555571 -0.831469 0.000000
vn -0.555571 -0.831469 0.000000
vn -0.555571 -0.831469 0.000000
vn -0.831470 -0.555569 0.000000
vn -0.831470 -0.555569 0.000000
vn -0.831470 -0.555569 0.000000
vn -0.831470 -0.555569 0.000000
vn -0.831470 -0.555569 0.000000
vn -0.831470 -0.555569 0.000000
vn -0.000000 -1.000000 0.000000
vn -0.000000 -1.000000 0.000000
vn -0.000000 -1.000000 0.000000
vn -0.000000 -1.000000 0.000000
vn -0.000000 -1.000000 0.000000
vn -0.000000 -1.000000 0.000000
vn -0.000000 1.000000 0.000000
vn -0.000000 1.000000 0.000000
vn -0.000000 1.000000 0.000000
vn -0.000000 1.000000 0.000000
vn -0.000000 1.000000 0.000000
vn -0.000000 1.000000 0.000000
vn -0.000000 0.000000 -1.000000
vn -0.000000 0.000000 -1.000000
vn -0.000000 0.000000 -1.000000
vn -0.000000 0.000000 -1.000000
vn -0.000000 0.000000 -1.000000
vn -0.000000 0.000000 -1.000000
vn -0.980785 -0.195091 0.000000
vn -0.980785 -0.195091 0.000000
vn -0.980785 -0.195091 0.000000
vn -0.980785 -0.195091 0.000000
vn -0.980785 -0.195091 0.000000
vn -0.980785 -0.195091 0.000000
vn -0.000000 0.000000 -1.000000
vn -0.000000 0.000000 -1.000000
vn -0.000000 0.000000 -1.000000
vn -0.000000 0.000000 -1.000000
vn -0.000000 0.000000 -1.000000
vn -0.000000 0.000000 -1.000000
vn 0.980786 0.195089 0.000000
vn 0.980786 0.195089 0.000000
vn 0.980786 0.195089 0.000000
vn 0.980785 0.195091 0.000000
vn 0.980785 0.195091 0.000000
vn 0.980785 0.195091 0.000000
vn 0.195094 0.980785 0.000000
vn 0.195094 0.980785 0.000000
vn 0.195094 0.980785 0.000000
vn 0.195089 0.980786 -0.000000
vn 0.195089 0.980786 -0.000000
vn 0.195089 0.980786 -0.000000
vn 0.555571 0.831469 -0.000001
vn 0.555571 0.831469 -0.000001
vn 0.555571 0.831469 -0.000001
vn 0.555567 0.831472 0.000000
vn 0.555567 0.831472 0.000000
vn 0.555567 0.831472 0.000000
vn 0.831470 0.555569 0.000000
vn 0.831470 0.555569 0.000000
vn 0.831470 0.555569 0.000000
vn 0.831469 0.555571 0.000000
vn 0.831469 0.555571 0.000000
vn 0.831469 0.555571 0.000000
vn -0.000000 0.000000 -1.000000
vn -0.000000 0.000000 -1.000000
vn -0.000000 0.000000 -1.000000
vn -0.000000 0.000000 -1.000000
vn -0.000000 0.000000 -1.000000
vn -0.000000 0.000000 -1.000000
vn -0.000000 0.000000 -1.000000
vn -0.000000 0.000000 -1.000000
vn -0.000000 0.000000 -1.000000
vn -0.000000 0.000000 -1.000000
vn -0.000000 0.000000 -1.000000
vn -0.000000 0.000000 -1.000000
vn -0.000000 0.000000 -1.000000
vn -0.000000 0.000000 -1.000000
vn -0.000000 0.000000 -1.000000
vn -0.000000 0.000000 -1.000000
vn -0.000000 0.000000 -1.000000
vn -0.000000 0.000000 -1.000000
vn -0.195090 -0.980785 0.000000
vn -0.195090 -0.980785 0.000000
vn -0.195090 -0.980785 0.000000
vn -0.195090 -0.980785 -0.000000
vn -0.195090 -0.980785 -0.000000
vn -0.195090 -0.980785 -0.000000
vn -0.555569 -0.831470 -0.000001
vn -0.555569 -0.831470 -0.000001
vn -0.555569 -0.831470 -0.000001
vn -0.555570 -0.831470 0.000000
vn -0.555570 -0.831470 0.000000
vn -0.555570 -0.831470 0.000000
vn -0.831469 -0.555571 0.000000
vn -0.831469 -0.555571 0.000000
vn -0.831469 -0.555571 0.000000
vn -0.831470 -0.555569 0.000000
vn -0.831470 -0.555569 0.000000
vn -0.831470 -0.555569 0.000000
vn -1.000000 0.000000 0.000000
vn -1.000000 0.000000 0.000000
vn -1.000000 0.000000 0.000000
vn -1.000000 0.000000 0.000000
vn -1.000000 0.000000 0.000000
vn -1.000000 0.000000 0.000000
vn 1.000000 0.000000 0.000000
vn 1.000000 0.000000 0.000000
vn 1.000000 0.000000 0.000000
vn 1.000000 0.000000 0.000000
vn 1.000000 0.000000 0.000000
vn 1.000000 0.000000 0.000000
vn -0.000000 0.000000 -1.000000
vn -0.000000 0.000000 -1.000000
vn -0.000000 0.000000 -1.000000
vn -0.000000 0.000000 -1.000000
vn -0.000000 0.000000 -1.000000
vn -0.000000 0.000000 -1.000000
vn -0.000000 1.000000 0.000000
vn -0.000000 1.000000 0.000000
vn -0.000000 1.000000 0.000000
vn -0.000000 1.000000 0.000000
vn -0.000000 1.000000 0.000000
vn -0.000000 1.000000 0.000000
vn -0.000000 -1.000000 0.000000
vn -0.000000 -1.000000 0.000000
vn -0.000000 -1.000000 0.000000
vn -0.000000 -1.000000 0.000000
vn -0.000000 -1.000000 0.000000
vn -0.000000 -1.000000 0.000000
vn -0.000000 0.000000 1.000000
vn -0.000000 0.000000 1.000000
vn -0.000000 0.000000 1.000000
vn -0.000000 0.000000 1.000000
vn -0.000000 0.000000 1.000000
vn -0.000000 0.000000 1.000000
vn -0.980785 0.195091 0.000000
vn -0.980785 0.195091 0.000000
vn -0.980785 0.195091 0.000000
vn -0.980785 0.195091 0.000000
vn -0.980785 0.195091 0.000000
vn -0.980785 0.195091 0.000000
vn -0.000000 0.000000 1.000000
vn -0.000000 0.000000 1.000000
vn -0.000000 0.000000 1.000000
vn -0.000000 0.000000 1.000000
vn -0.000000 0.000000 1.000000
vn -0.000000 0.000000 1.000000
vn 0.980785 -0.195091 0.000000
vn 0.980785 -0.195091 0.000000
vn 0.980785 -0.195091 0.000000
vn 0.980785 -0.195091 0.000000
vn 0.980785 -0.195091 0.000000
vn 0.980785 -0.195091 0.000000
vn 0.195094 -0.980785 0.000000
vn 0.195094 -0.980785 0.000000
vn 0.195094 -0.980785 0.000000
vn 0.195088 -0.980786 0.000000
vn 0.195088 -0.980786 0.000000
vn 0.195088 -0.980786 0.000000
vn 0.555571 -0.831469 0.000001
vn 0.555571 -0.831469 0.000001
vn 0.555571 -0.831469 0.000001
vn 0.555569 -0.831470 0.000000
vn 0.555569 -0.831470 0.000000
vn 0.555569 -0.831470 0.000000
vn 0.831469 -0.555571 0.000000
vn 0.831469 -0.555571 0.000000
vn 0.831469 -0.555571 0.000000
vn 0.831470 -0.555570 0.000000
vn 0.831470 -0.555570 0.000000
vn 0.831470 -0.555570 0.000000
vn -0.000000 -0.000000 1.000000
vn -0.000000 -0.000000 1.000000
vn -0.000000 -0.000000 1.000000
vn -0.000000 0.000000 1.000000
vn -0.000000 0.000000 1.000000
vn -0.000000 0.000000 1.000000
vn -0.000000 0.000001 1.000000
vn -0.000000 0.000001 1.000000
vn -0.000000 0.000001 1.000000
vn -0.000000 -0.000003 1.000000
vn -0.000000 -0.000003 1.000000
vn -0.000000 -0.000003 1.000000
vn -0.000000 0.000002 1.000000
vn -0.000000 0.000002 1.000000
vn -0.000000 0.000002 1.000000
vn -0.000000 0.000000 1.000000
vn -0.000000 0.000000 1.000000
vn -0.000000 0.000000 1.000000
vn -0.195090 0.980785 0.000000
vn -0.195090 0.980785 0.000000
vn -0.195090 0.980785 0.000000
vn -0.195090 0.980785 0.000000
vn -0.195090 0.980785 0.000000
vn -0.195090 0.980785 0.000000
vn -0.555571 0.831469 0.000002
vn -0.555571 0.831469 0.000002
vn -0.555571 0.831469 0.000002
vn -0.555568 0.831471 0.000000
vn -0.555568 0.831471 0.000000
vn -0.555568 0.831471 0.000000
vn -0.831470 0.555570 0.000000
vn -0.831470 0.555570 0.000000
vn -0.831470 0.555570 0.000000
vn -0.831470 0.555569 0.000000
vn -0.831470 0.555569 0.000000
vn -0.831470 0.555569 0.000000
vn -0.000000 0.000000 1.000000
vn -0.000000 0.000000 1.000000
vn -0.000000 0.000000 1.000000
vn -0.000000 0.000000 1.000000
vn -0.000000 0.000000 1.000000
vn -0.000000 0.000000 1.000000
vn 1.000000 0.000000 0.000000
vn 1.000000 0.000000 0.000000
vn 1.000000 0.000000 0.000000
vn 1.000000 0.000000 0.000000
vn 1.000000 0.000000 0.000000
vn 1.000000 0.000000 0.000000
vn -1.000000 0.000000 0.000000
vn -1.000000 0.000000 0.000000
vn -1.000000 0.000000 0.000000
vn -1.000000 0.000000 0.000000
vn -1.000000 0.000000 0.000000
vn -1.000000 0.000000 0.000000
vn -0.000000 -1.000000 0.000000
vn -0.000000 -1.000000 0.000000
vn -0.000000 -1.000000 0.000000
vn -0.000000 -1.000000 0.000000
vn -0.000000 -1.000000 0.000000
vn -0.000000 -1.000000 0.000000
vn -0.000000 1.000000 0.000000
vn -0.000000 1.000000 0.000000
vn -0.000000 1.000000 0.000000
vn -0.000000 1.000000 0.000000
vn -0.000000 1.000000 0.000000
vn -0.000000 1.000000 0.000000
vn -0.000000 0.000000 1.000000
vn -0.000000 0.000000 1.000000
vn -0.000000 0.000000 1.000000
vn -0.000000 0.000000 1.000000
vn -0.000000 0.000000 1.000000
vn -0.000000 0.000000 1.000000
vn 0.980785 -0.195091 0.000000
vn 0.980785 -0.195091 0.000000
vn 0.980785 -0.195091 0.000000
vn 0.980785 -0.195091 0.000000
vn 0.980785 -0.195091 0.000000
vn 0.980785 -0.195091 0.000000
vn -0.000000 0.000000 1.000000
vn -0.000000 0.000000 1.000000
vn -0.000000 0.000000 1.000000
vn -0.000000 0.000000 1.000000
vn -0.000000 0.000000 1.000000
vn -0.000000 0.000000 1.000000
vn -0.980785 0.195090 0.000000
vn -0.980785 0.195090 0.000000
vn -0.980785 0.195090 0.000000
vn -0.980785 0.195090 0.000000
vn -0.980785 0.195090 0.000000
vn -0.980785 0.195090 0.000000
vn -0.195088 0.980786 0.000000
vn -0.195088 0.980786 0.000000
vn -0.195088 0.980786 0.000000
vn -0.195094 0.980785 0.000000
vn -0.195094 0.980785 0.000000
vn -0.195094 0.980785 0.000000
vn -0.555567 0.831472 0.000001
vn -0.555567 0.831472 0.000001
vn -0.555567 0.831472 0.000001
vn -0.555571 0.831469 0.000000
vn -0.555571 0.831469 0.000000
vn -0.555571 0.831469 0.000000
vn -0.831470 0.555569 0.000000
vn -0.831470 0.555569 0.000000
vn -0.831470 0.555569 0.000000
vn -0.831469 0.555571 0.000000
vn -0.831469 0.555571 0.000000
vn -0.831469 0.555571 0.000000
vn -0.000000 0.000000 1.000000
vn -0.000000 0.000000 1.000000
vn -0.000000 0.000000 1.000000
vn -0.000000 0.000000 1.000000
vn -0.000000 0.000000 1.000000
vn -0.000000 0.000000 1.000000
vn -0.000000 0.000000 1.000000
vn -0.000000 0.000000 1.000000
vn -0.000000 0.000000 1.000000
vn -0.000000 0.000000 1.000000
vn -0.000000 0.000000 1.000000
vn -0.000000 0.000000 1.000000
vn -0.000000 0.000000 1.000000
vn -0.000000 0.000000 1.000000
vn -0.000000 0.000000 1.000000
vn -0.000000 0.000000 1.000000
vn -0.000000 0.000000 1.000000
vn -0.000000 0.000000 1.000000
vn 0.195090 -0.980785 0.000000
vn 0.195090 -0.980785 0.000000
vn 0.195090 -0.980785 0.000000
vn 0.195090 -0.980785 0.000000
vn 0.195090 -0.980785 0.000000
vn 0.195090 -0.980785 0.000000
vn 0.555569 -0.831470 0.000001
vn 0.555569 -0.831470 0.000001
vn 0.555569 -0.831470 0.000001
vn 0.555570 -0.831470 0.000000
vn 0.555570 -0.831470 0.000000
vn 0.555570 -0.831470 0.000000
vn 0.831469 -0.555571 0.000000
vn 0.831469 -0.555571 0.000000
vn 0.831469 -0.555571 0.000000
vn 0.831470 -0.555569 0.000000
vn 0.831470 -0.555569 0.000000
vn 0.831470 -0.555569 0.000000
vn 1.000000 0.000000 0.000000
vn 1.000000 0.000000 0.000000
vn 1.000000 0.000000 0.000000
vn 1.000000 0.000000 0.000000
vn 1.000000 0.000000 0.000000
vn 1.000000 0.000000 0.000000
vn -1.000000 0.000000 0.000000
vn -1.000000 0.000000 0.000000
vn -1.000000 0.000000 0.000000
vn -1.000000 0.000000 0.000000
vn -1.000000 0.000000 0.000000
vn -1.000000 0.000000 0.000000
vn -0.000000 0.000000 1.000000
vn -0.000000 0.000000 1.000000
vn -0.000000 0.000000 1.000000
vn -0.000000 0.000000 1.000000
vn -0.000000 0.000000 1.000000
vn -0.000000 0.000000 1.000000
vn 0.000000 1.000000 0.000000
vn 0.000000 1.000000 0.000000
vn 0.000000 1.000000 0.000000
vn -0.000000 1.000000 0.000000
vn -0.000000 1.000000 0.000000
vn -0.000000 1.000000 0.000000
vn -0.000000 -1.000000 0.000000
vn -0.000000 -1.000000 0.000000
vn -0.000000 -1.000000 0.000000
vn -0.000000 -1.000000 0.000000
vn -0.000000 -1.000000 0.000000
vn -0.000000 -1.000000 0.000000
vn 0.000000 0.000000 -1.000000
vn 0.000000 0.000000 -1.000000
vn 0.000000 0.000000 -1.000000
vn 0.000000 0.000000 -1.000000
vn 0.000000 0.000000 -1.000000
vn 0.000000 0.000000 -1.000000
vn 0.980785 0.195091 0.000000
vn 0.980785 0.195091 0.000000
vn 0.980785 0.195091 0.000000
vn 0.980785 0.195091 0.000000
vn 0.980785 0.195091 0.000000
vn 0.980785 0.195091 0.000000
vn -0.000000 0.000000 -1.000000
vn -0.000000 0.000000 -1.000000
vn -0.000000 0.000000 -1.000000
vn -0.000000 0.000000 -1.000000
vn -0.000000 0.000000 -1.000000
vn -0.000000 0.000000 -1.000000
vn -0.980785 -0.195091 0.000000
vn -0.980785 -0.195091 0.000000
vn -0.980785 -0.195091 0.000000
vn -0.980785 -0.195090 0.000000
vn -0.980785 -0.195090 0.000000
vn -0.980785 -0.195090 0.000000
vn -0.195094 -0.980785 -0.000000
vn -0.195094 -0.980785 -0.000000
vn -0.195094 -0.980785 -0.000000
vn -0.195088 -0.980786 -0.000000
vn -0.195088 -0.980786 -0.000000
vn -0.195088 -0.980786 -0.000000
vn -0.555571 -0.831469 -0.000001
vn -0.555571 -0.831469 -0.000001
vn -0.555571 -0.831469 -0.000001
vn -0.555569 -0.831470 0.000000
vn -0.555569 -0.831470 0.000000
vn -0.555569 -0.831470 0.000000
vn -0.831469 -0.555571 0.000000
vn -0.831469 -0.555571 0.000000
vn -0.831469 -0.555571 0.000000
vn -0.831470 -0.555570 0.000000
vn -0.831470 -0.555570 0.000000
vn -0.831470 -0.555570 0.000000
vn -0.000000 -0.000000 -1.000000
vn -0.000000 -0.000000 -1.000000
vn -0.000000 -0.000000 -1.000000
vn -0.000000 0.000000 -1.000000
vn -0.000000 0.000000 -1.000000
vn -0.000000 0.000000 -1.000000
vn -0.000000 0.000001 -1.000000
vn -0.000000 0.000001 -1.000000
vn -0.000000 0.000001 -1.000000
vn -0.000000 -0.000003 -1.000000
vn -0.000000 -0.000003 -1.000000
vn -0.000000 -0.000003 -1.000000
vn -0.000000 0.000002 -1.000000
vn -0.000000 0.000002 -1.000000
vn -0.000000 0.000002 -1.000000
vn -0.000000 0.000000 -1.000000
vn -0.000000 0.000000 -1.000000
vn -0.000000 0.000000 -1.000000
vn 0.195090 0.980785 -0.000000
vn 0.195090 0.980785 -0.000000
vn 0.195090 0.980785 -0.000000
vn 0.195090 0.980785 -0.000000
vn 0.195090 0.980785 -0.000000
vn 0.195090 0.980785 -0.000000
vn 0.555570 0.831470 -0.000002
vn 0.555570 0.831470 -0.000002
vn 0.555570 0.831470 -0.000002
vn 0.555570 0.831470 0.000000
vn 0.555570 0.831470 0.000000
vn 0.555570 0.831470 0.000000
vn 0.831469 0.555571 0.000000
vn 0.831469 0.555571 0.000000
vn 0.831469 0.555571 0.000000
vn 0.831470 0.555569 0.000000
vn 0.831470 0.555569 0.000000
vn 0.831470 0.555569 0.000000
vn -0.000000 0.000000 -1.000000
vn -0.000000 0.000000 -1.000000
vn -0.000000 0.000000 -1.000000
vn -0.000000 0.000000 -1.000000
vn -0.000000 0.000000 -1.000000
vn -0.000000 0.000000 -1.000000
vn -1.000000 0.000000 0.000000
vn -1.000000 0.000000 0.000000
vn -1.000000 0.000000 0.000000
vn -1.000000 0.000000 0.000000
vn -1.000000 0.000000 0.000000
vn -1.000000 0.000000 0.000000
vn 1.000000 0.000000 0.000000
vn 1.000000 0.000000 0.000000
vn 1.000000 0.000000 0.000000
vn 1.000000 0.000000 0.000000
vn 1.000000 0.000000 0.000000
vn 1.000000 0.000000 0.000000
vn -0.000000 -1.000000 0.000000
vn -0.000000 -1.000000 0.000000
vn -0.000000 -1.000000 0.000000
vn -0.000000 -1.000000 0.000000
vn -0.000000 -1.000000 0.000000
vn -0.000000 -1.000000 0.000000
vn -0.000000 1.000000 0.000000
vn -0.000000 1.000000 0.000000
vn -0.000000 1.000000 0.000000
vn -0.000000 1.000000 0.000000
vn -0.000000 1.000000 0.000000
vn -0.000000 1.000000 0.000000
vn -0.000000 0.000000 -1.000000
vn -0.000000 0.000000 -1.000000
vn -0.000000 0.000000 -1.000000
vn -0.000000 0.000000 -1.000000
vn -0.000000 0.000000 -1.000000
vn -0.000000 0.000000 -1.000000
vn -0.980785 -0.195090 0.000000
vn -0.980785 -0.195090 0.000000
vn -0.980785 -0.195090 0.000000
vn -0.980785 -0.195090 0.000000
vn -0.980785 -0.195090 0.000000
vn -0.980785 -0.195090 0.000000
vn -0.000000 0.000000 -1.000000
vn -0.000000 0.000000 -1.000000
vn -0.000000 0.000000 -1.000000
vn -0.000000 0.000000 -1.000000
vn -0.000000 0.000000 -1.000000
vn -0.000000 0.000000 -1.000000
vn 0.980785 0.195091 0.000000
vn 0.980785 0.195091 0.000000
vn 0.980785 0.195091 0.000000
vn 0.980785 0.195091 0.000000
vn 0.980785 0.195091 0.000000
vn 0.980785 0.195091 0.000000
vn 0.195092 0.980785 -0.000000
vn 0.195092 0.980785 -0.000000
vn 0.195092 0.980785 -0.000000
vn 0.195091 0.980785 0.000000
vn 0.195091 0.980785 0.000000
vn 0.195091 0.980785 0.000000
vn 0.555571 0.831469 0.000000
vn 0.555571 0.831469 0.000000
vn 0.555571 0.831469 0.000000
vn 0.555569 0.831471 0.000000
vn 0.555569 0.831471 0.000000
vn 0.555569 0.831471 0.000000
vn 0.831470 0.555570 0.000000
vn 0.831470 0.555570 0.000000
vn 0.831470 0.555570 0.000000
vn 0.831470 0.555570 0.000000
vn 0.831470 0.555570 0.000000
vn 0.831470 0.555570 0.000000
vn -0.000000 0.000000 -1.000000
vn -0.000000 0.000000 -1.000000
vn -0.000000 0.000000 -1.000000
vn -0.000000 0.000000 -1.000000
vn -0.000000 0.000000 -1.000000
vn -0.000000 0.000000 -1.000000
vn -0.000000 0.000000 -1.000000
vn -0.000000 0.000000 -1.000000
vn -0.000000 0.000000 -1.000000
vn -0.000000 0.000000 -1.000000
vn -0.000000 0.000000 -1.000000
vn -0.000000 0.000000 -1.000000
vn -0.000000 0.000000 -1.000000
vn -0.000000 0.000000 -1.000000
vn -0.000000 0.000000 -1.000000
vn -0.000000 0.000000 -1.000000
vn -0.000000 0.000000 -1.000000
vn -0.000000 0.000000 -1.000000
vn -0.195090 -0.980785 -0.000000
vn -0.195090 -0.980785 -0.000000
vn -0.195090 -0.980785 -0.000000
vn -0.195090 -0.980785 -0.000000
vn -0.195090 -0.980785 -0.000000
vn -0.195090 -0.980785 -0.000000
vn -0.555568 -0.831471 -0.000001
vn -0.555568 -0.831471 -0.000001
vn -0.555568 -0.831471 -0.000001
vn -0.555570 -0.831470 0.000000
vn -0.555570 -0.831470 0.000000
vn -0.555570 -0.831470 0.000000
vn -0.831469 -0.555570 0.000000
vn -0.831469 -0.555570 0.000000
vn -0.831469 -0.555570 0.000000
vn -0.831470 -0.555570 0.000000
vn -0.831470 -0.555570 0.000000
vn -0.831470 -0.555570 0.000000
vn -1.000000 0.000000 0.000000
vn -1.000000 0.000000 0.000000
vn -1.000000 0.000000 0.000000
vn -1.000000 0.000000 0.000000
vn -1.000000 0.000000 0.000000
vn -1.000000 0.000000 0.000000
vn 1.000000 0.000000 0.000000
vn 1.000000 0.000000 0.000000
vn 1.000000 0.000000 0.000000
vn 1.000000 0.000000 0.000000
vn 1.000000 0.000000 0.000000
vn 1.000000 0.000000 0.000000
vn -0.000000 0.000000 -1.000000
vn -0.000000 0.000000 -1.000000
vn -0.000000 0.000000 -1.000000
vn -0.000000 0.000000 -1.000000
vn -0.000000 0.000000 -1.000000
vn -0.000000 0.000000 -1.000000
vn -0.000000 1.000000 0.000000
vn -0.000000 1.000000 0.000000
vn -0.000000 1.000000 0.000000
vn -0.000000 1.000000 0.000000
vn -0.000000 1.000000 0.000000
vn -0.000000 1.000000 0.000000
vn -0.000000 -1.000000 0.000000
vn -0.000000 -1.000000 0.000000
vn -0.000000 -1.000000 0.000000
vn -0.000000 -1.000000 0.000000
vn -0.000000 -1.000000 0.000000
vn -0.000000 -1.000000 0.000000
vn -0.000000 0.000000 1.000000
vn -0.000000 0.000000 1.000000
vn -0.000000 0.000000 1.000000
vn -0.000000 0.000000 1.000000
vn -0.000000 0.000000 1.000000
vn -0.000000 0.000000 1.000000
vn -0.980785 0.195091 0.000000
vn -0.980785 0.195091 0.000000
vn -0.980785 0.195091 0.000000
vn -0.980785 0.195091 0.000000
vn -0.980785 0.195091 0.000000
vn -0.980785 0.195091 0.000000
vn -0.000000 0.000000 1.000000
vn -0.000000 0.000000 1.000000
vn -0.000000 0.000000 1.000000
vn -0.000000 0.000000 1.000000
vn -0.000000 0.000000 1.000000
vn -0.000000 0.000000 1.000000
vn 0.980785 -0.195091 0.000000
vn 0.980785 -0.195091 0.000000
vn 0.980785 -0.195091 0.000000
vn 0.980785 -0.195091 0.000000
vn 0.980785 -0.195091 0.000000
vn 0.980785 -0.195091 0.000000
vn 0.195091 -0.980785 0.000000
vn 0.195091 -0.980785 0.000000
vn 0.195091 -0.980785 0.000000
vn 0.195091 -0.980785 0.000000
vn 0.195091 -0.980785 0.000000
vn 0.195091 -0.980785 0.000000
vn 0.555569 -0.831470 0.000001
vn 0.555569 -0.831470 0.000001
vn 0.555569 -0.831470 0.000001
vn 0.555569 -0.831470 0.000000
vn 0.555569 -0.831470 0.000000
vn 0.555569 -0.831470 0.000000
vn 0.831469 -0.555571 0.000000
vn 0.831469 -0.555571 0.000000
vn 0.831469 -0.555571 0.000000
vn 0.831470 -0.555569 0.000000
vn 0.831470 -0.555569 0.000000
vn 0.831470 -0.555569 0.000000
vn -0.000000 -0.000000 1.000000
vn -0.000000 -0.000000 1.000000
vn -0.000000 -0.000000 1.000000
vn -0.000000 0.000000 1.000000
vn -0.000000 0.000000 1.000000
vn -0.000000 0.000000 1.000000
vn -0.000000 0.000001 1.000000
vn -0.000000 0.000001 1.000000
vn -0.000000 0.000001 1.000000
vn -0.000000 -0.000003 1.000000
vn -0.000000 -0.000003 1.000000
vn -0.000000 -0.000003 1.000000
vn -0.000000 0.000002 1.000000
vn -0.000000 0.000002 1.000000
vn -0.000000 0.000002 1.000000
vn -0.000000 0.000000 1.000000
vn -0.000000 0.000000 1.000000
vn -0.000000 0.000000 1.000000
vn -0.195090 0.980785 0.000000
vn -0.195090 0.980785 0.000000
vn -0.195090 0.980785 0.000000
vn -0.195090 0.980785 0.000000
vn -0.195090 0.980785 0.000000
vn -0.195090 0.980785 0.000000
vn -0.555570 0.831470 0.000002
vn -0.555570 0.831470 0.000002
vn -0.555570 0.831470 0.000002
vn -0.555569 0.831470 0.000000
vn -0.555569 0.831470 0.000000
vn -0.555569 0.831470 0.000000
vn -0.831470 0.555570 0.000000
vn -0.831470 0.555570 0.000000
vn -0.831470 0.555570 0.000000
vn -0.831470 0.555570 0.000000
vn -0.831470 0.555570 0.000000
vn -0.831470 0.555570 0.000000
vn -0.000000 0.000000 1.000000
vn -0.000000 0.000000 1.000000
vn -0.000000 0.000000 1.000000
vn -0.000000 0.000000 1.000000
vn -0.000000 0.000000 1.000000
vn -0.000000 0.000000 1.000000
vn 1.000000 0.000000 0.000000
vn 1.000000 0.000000 0.000000
vn 1.000000 0.000000 0.000000
vn 1.000000 0.000000 0.000000
vn 1.000000 0.000000 0.000000
vn 1.000000 0.000000 0.000000
vn -1.000000 0.000000 0.000000
vn -1.000000 0.000000 0.000000
vn -1.000000 0.000000 0.000000
vn -1.000000 0.000000 0.000000
vn -1.000000 0.000000 0.000000
vn -1.000000 0.000000 0.000000
vn -0.000000 -1.000000 0.000000
vn -0.000000 -1.000000 0.000000
vn -0.000000 -1.000000 0.000000
vn -0.000000 -1.000000 0.000000
vn -0.000000 -1.000000 0.000000
vn -0.000000 -1.000000 0.000000
vn -0.000000 1.000000 0.000000
vn -0.000000 1.000000 0.000000
vn -0.000000 1.000000 0.000000
vn -0.000000 1.000000 0.000000
vn -0.000000 1.000000 0.000000
vn -0.000000 1.000000 0.000000
vn -0.000000 0.000000 1.000000
vn -0.000000 0.000000 1.000000
vn -0.000000 0.000000 1.000000
vn -0.000000 0.000000 1.000000
vn -0.000000 0.000000 1.000000
vn -0.000000 0.000000 1.000000
vn 0.980785 -0.195090 0.000000
vn 0.980785 -0.195090 0.000000
vn 0.980785 -0.195090 0.000000
vn 0.980785 -0.195090 0.000000
vn 0.980785 -0.195090 0.000000
vn 0.980785 -0.195090 0.000000
vn -0.000000 0.000000 1.000000
vn -0.000000 0.000000 1.000000
vn -0.000000 0.000000 1.000000
vn -0.000000 0.000000 1.000000
vn -0.000000 0.000000 1.000000
vn -0.000000 0.000000 1.000000
vn -0.980785 0.195091 0.000000
vn -0.980785 0.195091 0.000000
vn -0.980785 0.195091 0.000000
vn -0.980785 0.195091 0.000000
vn -0.980785 0.195091 0.000000
vn -0.980785 0.195091 0.000000
vn -0.195092 0.980785 0.000000
vn -0.195092 0.980785 0.000000
vn -0.195092 0.980785 0.000000
vn -0.195091 0.980785 0.000000
vn -0.195091 0.980785 0.000000
vn -0.195091 0.980785 0.000000
vn -0.555571 0.831469 0.000000
vn -0.555571 0.831469 0.000000
vn -0.555571 0.831469 0.000000
vn -0.555569 0.831471 0.000000
vn -0.555569 0.831471 0.000000
vn -0.555569 0.831471 0.000000
vn -0.831470 0.555570 0.000000
vn -0.831470 0.555570 0.000000
vn -0.831470 0.555570 0.000000
vn -0.831470 0.555570 0.000000
vn -0.831470 0.555570 0.000000
vn -0.831470 0.555570 0.000000
vn -0.000000 0.000000 1.000000
vn -0.000000 0.000000 1.000000
vn -0.000000 0.000000 1.000000
vn -0.000000 0.000000 1.000000
vn -0.000000 0.000000 1.000000
vn -0.000000 0.000000 1.000000
vn -0.000000 0.000000 1.000000
vn -0.000000 0.000000 1.000000
vn -0.000000 0.000000 1.000000
vn -0.000000 0.000000 1.000000
vn -0.000000 0.000000 1.000000
vn -0.000000 0.000000 1.000000
vn -0.000000 0.000000 1.000000
vn -0.000000 0.000000 1.000000
vn -0.000000 0.000000 1.000000
vn -0.000000 0.000000 1.000000
vn -0.000000 0.000000 1.000000
vn -0.000000 0.000000 1.000000
vn 0.195090 -0.980785 0.000000
vn 0.195090 -0.980785 0.000000
vn 0.195090 -0.980785 0.000000
vn 0.195090 -0.980785 0.000000
vn 0.195090 -0.980785 0.000000
vn 0.195090 -0.980785 0.000000
vn 0.555569 -0.831470 0.000001
vn 0.555569 -0.831470 0.000001
vn 0.555569 -0.831470 0.000001
vn 0.555570 -0.831470 0.000000
vn 0.555570 -0.831470 0.000000
vn 0.555570 -0.831470 0.000000
vn 0.831469 -0.555570 0.000000
vn 0.831469 -0.555570 0.000000
vn 0.831469 -0.555570 0.000000
vn 0.831470 -0.555570 0.000000
vn 0.831470 -0.555570 0.000000
vn 0.831470 -0.555570 0.000000
vn 1.000000 0.000000 0.000000
vn 1.000000 0.000000 0.000000
vn 1.000000 0.000000 0.000000
vn 1.000000 0.000000 0.000000
vn 1.000000 0.000000 0.000000
vn 1.000000 0.000000 0.000000
vn -1.000000 0.000000 0.000000
vn -1.000000 0.000000 0.000000
vn -1.000000 0.000000 0.000000
vn -1.000000 0.000000 0.000000
vn -1.000000 0.000000 0.000000
vn -1.000000 0.000000 0.000000
vn -0.000000 0.000000 1.000000
vn -0.000000 0.000000 1.000000
vn -0.000000 0.000000 1.000000
vn -0.000000 0.000000 1.000000
vn -0.000000 0.000000 1.000000
vn -0.000000 0.000000 1.000000
vn 0.000000 1.000000 0.000000
vn 0.000000 1.000000 0.000000
vn 0.000000 1.000000 0.000000
vn -0.000000 1.000000 0.000000
vn -0.000000 1.000000 0.000000
vn -0.000000 1.000000 0.000000
vn -0.000000 -1.000000 0.000000
vn -0.000000 -1.000000 0.000000
vn -0.000000 -1.000000 0.000000
vn -0.000000 -1.000000 0.000000
vn -0.000000 -1.000000 0.000000
vn -0.000000 -1.000000 0.000000
vn 0.000000 0.000000 -1.000000
vn 0.000000 0.000000 -1.000000
vn 0.000000 0.000000 -1.000000
vn 0.000000 0.000000 -1.000000
vn 0.000000 0.000000 -1.000000
vn 0.000000 0.000000 -1.000000
vn 0.980785 0.195091 0.000000
vn 0.980785 0.195091 0.000000
vn 0.980785 0.195091 0.000000
vn 0.980785 0.195091 0.000000
vn 0.980785 0.195091 0.000000
vn 0.980785 0.195091 0.000000
vn -0.000000 0.000000 -1.000000
vn -0.000000 0.000000 -1.000000
vn -0.000000 0.000000 -1.000000
vn -0.000000 0.000000 -1.000000
vn -0.000000 0.000000 -1.000000
vn -0.000000 0.000000 -1.000000
vn -0.980785 -0.195091 0.000000
vn -0.980785 -0.195091 0.000000
vn -0.980785 -0.195091 0.000000
vn -0.980785 -0.195091 0.000000
vn -0.980785 -0.195091 0.000000
vn -0.980785 -0.195091 0.000000
vn -0.195091 -0.980785 -0.000000
vn -0.195091 -0.980785 -0.000000
vn -0.195091 -0.980785 -0.000000
vn -0.195090 -0.980785 -0.000000
vn -0.195090 -0.980785 -0.000000
vn -0.195090 -0.980785 -0.000000
vn -0.555571 -0.831469 -0.000001
vn -0.555571 -0.831469 -0.000001
vn -0.555571 -0.831469 -0.000001
vn -0.555569 -0.831471 0.000000
vn -0.555569 -0.831471 0.000000
vn -0.555569 -0.831471 0.000000
vn -0.831470 -0.555570 0.000000
vn -0.831470 -0.555570 0.000000
vn -0.831470 -0.555570 0.000000
vn -0.831470 -0.555570 0.000000
vn -0.831470 -0.555570 0.000000
vn -0.831470 -0.555570 0.000000
vn -0.000000 -0.000000 -1.000000
vn -0.000000 -0.000000 -1.000000
vn -0.000000 -0.000000 -1.000000
vn -0.000000 0.000000 -1.000000
vn -0.000000 0.000000 -1.000000
vn -0.000000 0.000000 -1.000000
vn -0.000000 0.000001 -1.000000
vn -0.000000 0.000001 -1.000000
vn -0.000000 0.000001 -1.000000
vn -0.000000 -0.000003 -1.000000
vn -0.000000 -0.000003 -1.000000
vn -0.000000 -0.000003 -1.000000
vn -0.000000 0.000002 -1.000000
vn -0.000000 0.000002 -1.000000
vn -0.000000 0.000002 -1.000000
vn -0.000000 0.000000 -1.000000
vn -0.000000 0.000000 -1.000000
vn -0.000000 0.000000 -1.000000
vn 0.195090 0.980785 -0.000000
vn 0.195090 0.980785 -0.000000
vn 0.195090 0.980785 -0.000000
vn 0.195090 0.980785 -0.000000
vn 0.195090 0.980785 -0.000000
vn 0.195090 0.980785 -0.000000
vn 0.555570 0.831469 -0.000002
vn 0.555570 0.831469 -0.000002
vn 0.555570 0.831469 -0.000002
vn 0.555569 0.831470 0.000000
vn 0.555569 0.831470 0.000000
vn 0.555569 0.831470 0.000000
vn 0.831470 0.555570 0.000000
vn 0.831470 0.555570 0.000000
vn 0.831470 0.555570 0.000000
vn 0.831470 0.555570 0.000000
vn 0.831470 0.555570 0.000000
vn 0.831470 0.555570 0.000000
vn -0.000000 0.000000 -1.000000
vn -0.000000 0.000000 -1.000000
vn -0.000000 0.000000 -1.000000
vn -0.000000 0.000000 -1.000000
vn -0.000000 0.000000 -1.000000
vn -0.000000 0.000000 -1.000000
vn -1.000000 0.000000 0.000000
vn -1.000000 0.000000 0.000000
vn -1.000000 0.000000 0.000000
vn -1.000000 0.000000 0.000000
vn -1.000000 0.000000 0.000000
vn -1.000000 0.000000 0.000000
vn 1.000000 0.000000 0.000000
vn 1.000000 0.000000 0.000000
vn 1.000000 0.000000 0.000000
vn 1.000000 0.000000 0.000000
vn 1.000000 0.000000 0.000000
vn 1.000000 0.000000 0.000000
vn -0.000000 -1.000000 0.000000
vn -0.000000 -1.000000 0.000000
vn -0.000000 -1.000000 0.000000
vn -0.000000 -1.000000 0.000000
vn -0.000000 -1.000000 0.000000
vn -0.000000 -1.000000 0.000000
vn -0.000000 1.000000 0.000000
vn -0.000000 1.000000 0.000000
vn -0.000000 1.000000 0.000000
vn -0.000000 1.000000 0.000000
vn -0.000000 1.000000 0.000000
vn -0.000000 1.000000 0.000000
vn -0.000000 0.000000 -1.000000
vn -0.000000 0.000000 -1.000000
vn -0.000000 0.000000 -1.000000
vn -0.000000 0.000000 -1.000000
vn -0.000000 0.000000 -1.000000
vn -0.000000 0.000000 -1.000000
vn -0.980785 -0.195090 0.000000
vn -0.980785 -0.195090 0.000000
vn -0.980785 -0.195090 0.000000
vn -0.980785 -0.195090 0.000000
vn -0.980785 -0.195090 0.000000
vn -0.980785 -0.195090 0.000000
vn -0.000000 0.000000 -1.000000
vn -0.000000 0.000000 -1.000000
vn -0.000000 0.000000 -1.000000
vn -0.000000 0.000000 -1.000000
vn -0.000000 0.000000 -1.000000
vn -0.000000 0.000000 -1.000000
vn 0.980785 0.195091 0.000000
vn 0.980785 0.195091 0.000000
vn 0.980785 0.195091 0.000000
vn 0.980785 0.195091 0.000000
vn 0.980785 0.195091 0.000000
vn 0.980785 0.195091 0.000000
vn 0.195092 0.980785 -0.000000
vn 0.195092 0.980785 -0.000000
vn 0.195092 0.980785 -0.000000
vn 0.195090 0.980785 0.000000
vn 0.195090 0.980785 0.000000
vn 0.195090 0.980785 0.000000
vn 0.555570 0.831470 0.000000
vn 0.555570 0.831470 0.000000
vn 0.555570 0.831470 0.000000
vn 0.555570 0.831470 0.000000
vn 0.555570 0.831470 0.000000
vn 0.555570 0.831470 0.000000
vn 0.831470 0.555570 0.000000
vn 0.831470 0.555570 0.000000
vn 0.831470 0.555570 0.000000
vn 0.831470 0.555570 0.000000
vn 0.831470 0.555570 0.000000
vn 0.831470 0.555570 0.000000
vn -0.000000 0.000000 -1.000000
vn -0.000000 0.000000 -1.000000
vn -0.000000 0.000000 -1.000000
vn -0.000000 0.000000 -1.000000
vn -0.000000 0.000000 -1.000000
vn -0.000000 0.000000 -1.000000
vn -0.000000 0.000000 -1.000000
vn -0.000000 0.000000 -1.000000
vn -0.000000 0.000000 -1.000000
vn -0.000000 0.000000 -1.000000
vn -0.000000 0.000000 -1.000000
vn -0.000000 0.000000 -1.000000
vn -0.000000 0.000000 -1.000000
vn -0.000000 0.000000 -1.000000
vn -0.000000 0.000000 -1.000000
vn -0.000000 0.000000 -1.000000
vn -0.000000 0.000000 -1.000000
vn -0.000000 0.000000 -1.000000
vn -0.195090 -0.980785 -0.000000
vn -0.195090 -0.980785 -0.000000
vn -0.195090 -0.980785 -0.000000
vn -0.195090 -0.980785 -0.000000
vn -0.195090 -0.980785 -0.000000
vn -0.195090 -0.980785 -0.000000
vn -0.555570 -0.831470 -0.000001
vn -0.555570 -0.831470 -0.000001
vn -0.555570 -0.831470 -0.000001
vn -0.555570 -0.831470 0.000000
vn -0.555570 -0.831470 0.000000
vn -0.555570 -0.831470 0.000000
vn -0.831470 -0.555570 0.000000
vn -0.831470 -0.555570 0.000000
vn -0.831470 -0.555570 0.000000
vn -0.831470 -0.555570 0.000000
vn -0.831470 -0.555570 0.000000
vn -0.831470 -0.555570 0.000000
vn -1.000000 0.000000 0.000000
vn -1.000000 0.000000 0.000000
vn -1.000000 0.000000 0.000000
vn -1.000000 0.000000 0.000000
vn -1.000000 0.000000 0.000000
vn -1.000000 0.000000 0.000000
vn 1.000000 0.000000 0.000000
vn 1.000000 0.000000 0.000000
vn 1.000000 0.000000 0.000000
vn 1.000000 0.000000 0.000000
vn 1.000000 0.000000 0.000000
vn 1.000000 0.000000 0.000000
vn -0.000000 0.000000 -1.000000
vn -0.000000 0.000000 -1.000000
vn -0.000000 0.000000 -1.000000
vn -0.000000 0.000000 -1.000000
vn -0.000000 0.000000 -1.000000
vn -0.000000 0.000000 -1.000000
vn -0.000000 0.000000 -1.000000
vn -0.000000 0.000000 -1.000000
vn -0.000000 0.000000 -1.000000
vn -0.000000 0.000000 -1.000000
vn -0.000000 0.000000 -1.000000
vn -0.000000 0.000000 -1.000000
vn 1.000000 0.000000 0.000000
vn 1.000000 0.000000 0.000000
vn 1.000000 0.000000 0.000000
vn 1.000000 0.000000 0.000000
vn 1.000000 0.000000 0.000000
vn 1.000000 0.000000 0.000000
vn -1.000000 0.000000 0.000000
vn -1.000000 0.000000 0.000000
vn -1.000000 0.000000 0.000000
vn -1.000000 0.000000 0.000000
vn -1.000000 0.000000 0.000000
vn -1.000000 0.000000 0.000000
vn -0.000000 1.000000 0.000000
vn -0.000000 1.000000 0.000000
vn -0.000000 1.000000 0.000000
vn -0.000000 1.000000 0.000000
vn -0.000000 1.000000 0.000000
vn -0.000000 1.000000 0.000000
vn 1.000000 0.000000 0.000000
vn 1.000000 0.000000 0.000000
vn 1.000000 0.000000 0.000000
vn 1.000000 0.000000 0.000000
vn 1.000000 0.000000 0.000000
vn 1.000000 0.000000 0.000000
vn -0.000000 0.000000 -1.000000
vn -0.000000 0.000000 -1.000000
vn -0.000000 0.000000 -1.000000
vn -0.000000 0.000000 -1.000000
vn -0.000000 0.000000 -1.000000
vn -0.000000 0.000000 -1.000000
vn -0.000000 0.000000 -1.000000
vn -0.000000 0.000000 -1.000000
vn -0.000000 0.000000 -1.000000
vn -0.000000 0.000000 -1.000000
vn -0.000000 0.000000 -1.000000
vn -0.000000 0.000000 -1.000000
vn -0.000000 -1.000000 0.000000
vn -0.000000 -1.000000 0.000000
vn -0.000000 -1.000000 0.000000
vn -0.000000 -1.000000 0.000000
vn -0.000000 -1.000000 0.000000
vn -0.000000 -1.000000 0.000000
vn -1.000000 0.000000 0.000000
vn -1.000000 0.000000 0.000000
vn -1.000000 0.000000 0.000000
vn -1.000000 0.000000 0.000000
vn -1.000000 0.000000 0.000000
vn -1.000000 0.000000 0.000000
vn -0.000000 1.000000 0.000000
vn -0.000000 1.000000 0.000000
vn -0.000000 1.000000 0.000000
vn -0.000000 1.000000 0.000000
vn -0.000000 1.000000 0.000000
vn -0.000000 1.000000 0.000000
vn -0.000001 1.000000 0.000000
vn -0.000001 1.000000 0.000000
vn -0.000001 1.000000 0.000000
vn -0.000000 1.000000 0.000000
vn -0.000000 1.000000 0.000000
vn -0.000000 1.000000 0.000000
vn -0.000000 0.000000 -1.000000
vn -0.000000 0.000000 -1.000000
vn -0.000000 0.000000 -1.000000
vn -0.000000 0.000000 -1.000000
vn -0.000000 0.000000 -1.000000
vn -0.000000 0.000000 -1.000000

g Material
f 3/1/1 1/2/2 2/3/3
f 4/4/4 1/5/5 3/6/6
f 7/7/7 5/8/8 6/9/9
f 8/10/10 5/11/11 7/12/12
f 11/13/13 9/14/14 10/15/15
f 12/16/16 9/17/17 11/18/18
f 19/19/19 17/20/20 18/21/21
f 20/22/22 17/23/23 19/24/24
f 23/25/25 21/26/26 22/27/27
f 24/28/28 21/29/29 23/30/30
f 27/31/31 25/32/32 26/33/33
f 28/34/34 25/35/35 27/36/36
f 31/37/37 29/38/38 30/39/39
f 32/40/40 29/41/41 31/42/42
f 35/43/43 33/44/44 34/45/45
f 36/46/46 33/47/47 35/48/48
f 39/49/49 37/50/50 38/51/51
f 40/52/52 37/53/53 39/54/54
f 43/55/55 41/56/56 42/57/57
f 44/58/58 41/59/59 43/60/60
f 159/61/61 157/62/62 158/63/63
f 160/64/64 157/65/65 159/66/66
f 163/67/67 161/68/68 162/69/69
f 164/70/70 161/71/71 163/72/72
f 167/73/73 165/74/74 166/75/75
f 168/76/76 165/77/77 167/78/78
f 171/79/79 169/80/80 170/81/81
f 172/82/82 169/83/83 171/84/84
f 175/85/85 173/86/86 174/87/87
f 176/88/88 173/89/89 175/90/90
f 179/91/91 177/92/92 178/93/93
f 180/94/94 177/95/95 179/96/96
f 183/97/97 181/98/98 182/99/99
f 184/100/100 181/101/101 183/102/102
f 187/103/103 185/104/104 186/105/105
f 188/106/106 185/107/107 187/108/108
f 191/109/109 189/110/110 190/111/111
f 192/112/112 189/113/113 191/114/114
f 215/115/115 213/116/116 214/117/117
f 216/118/118 213/119/119 215/120/120
f 219/121/121 217/122/122 218/123/123
f 220/124/124 217/125/125 219/126/126
f 223/127/127 221/128/128 222/129/129
f 224/130/130 221/131/131 223/132/132

g Material.001
f 15/133/133 13/134/134 14/135/135
f 16/136/136 13/137/137 15/138/138
f 47/139/139 45/140/140 46/141/141
f 48/142/142 45/143/143 47/144/144
f 51/145/145 49/146/146 50/147/147
f 52/148/148 49/149/149 51/150/150
f 55/151/151 53/152/152 54/153/153
f 56/154/154 53/155/155 55/156/156
f 59/157/157 57/158/158 58/159/159
f 60/160/160 57/161/161 59/162/162
f 63/163/163 61/164/164 62/165/165
f 64/166/166 61/167/167 63/168/168
f 67/169/169 65/170/170 66/171/171
f 68/172/172 65/173/173 67/174/174
f 71/175/175 69/176/176 70/177/177
f 72/178/178 69/179/179 71/180/180
f 75/181/181 73/182/182 74/183/183
f 76/184/184 73/185/185 75/186/186
f 79/187/187 77/188/188 78/189/189
f 80/190/190 77/191/191 79/192/192
f 83/193/193 81/194/194 82/195/195
f 84/196/196 81/197/197 83/198/198
f 87/199/199 85/200/200 86/201/201
f 88/202/202 85/203/203 87/204/204
f 91/205/205 89/206/206 90/207/207
f 92/208/208 89/209/209 91/210/210
f 95/211/211 93/212/212 94/213/213
f 96/214/214 93/215/215 95/216/216
f 99/217/217 97/218/218 98/219/219
f 100/220/220 97/221/221 99/222/222
f 103/223/223 101/224/224 102/225/225
f 104/226/226 101/227/227 103/228/228
f 107/229/229 105/230/230 106/231/231
f 108/232/232 105/233/233 107/234/234
f 111/235/235 109/236/236 110/237/237
f 112/238/238 109/239/239 111/240/240
f 115/241/241 113/242/242 114/243/243
f 116/244/244 113/245/245 115/246/246
f 119/247/247 117/248/248 118/249/249
f 120/250/250 117/251/251 119/252/252
f 123/253/253 121/254/254 122/255/255
f 124/256/256 121/257/257 123/258/258
f 127/259/259 125/260/260 126/261/261
f 128/262/262 125/263/263 127/264/264
f 131/265/265 129/266/266 130/267/267
f 132/268/268 129/269/269 131/270/270
f 135/271/271 133/272/272 134/273/273
f 136/274/274 133/275/275 135/276/276
f 139/277/277 137/278/278 138/279/279
f 140/280/280 137/281/281 139/282/282
f 143/283/283 141/284/284 142/285/285
f 144/286/286 141/287/287 143/288/288
f 147/289/289 145/290/290 146/291/291
f 148/292/292 145/293/293 147/294/294
f 151/295/295 149/296/296 150/297/297
f 152/298/298 149/299/299 151/300/300
f 155/301/301 153/302/302 154/303/303
f 156/304/304 153/305/305 155/306/306
f 195/307/307 193/308/308 194/309/309
f 196/310/310 193/311/311 195/312/312
f 199/313/313 197/314/314 198/315/315
f 200/316/316 197/317/317 199/318/318
f 203/319/319 201/320/320 202/321/321
f 204/322/322 201/323/323 203/324/324
f 207/325/325 205/326/326 206/327/327
f 208/328/328 205/329/329 207/330/330
f 211/331/331 209/332/332 210/333/333
f 212/334/334 209/335/335 211/336/336
f 227/337/337 225/338/338 226/339/339
f 228/340/340 225/341/341 227/342/342
f 231/343/343 229/344/344 230/345/345
f 232/346/346 229/347/347 231/348/348
f 235/349/349 233/350/350 234/351/351
f 236/352/352 233/353/353 235/354/354
f 243/355/355 241/356/356 242/357/357
f 244/358/358 241/359/359 243/360/360
f 247/361/361 245/362/362 246/363/363
f 248/364/364 245/365/365 247/366/366
f 251/367/367 249/368/368 250/369/369
f 252/370/370 249/371/371 251/372/372
f 255/373/373 253/374/374 254/375/375
f 256/376/376 253/377/377 255/378/378
f 259/379/379 257/380/380 258/381/381
f 260/382/382 257/383/383 259/384/384
f 263/385/385 261/386/386 262/387/387
f 264/388/388 261/389/389 263/390/390
f 267/391/391 265/392/392 266/393/393
f 268/394/394 265/395/395 267/396/396
f 1171/397/397 1169/398/398 1170/399/399
f 1172/400/400 1169/401/401 1171/402/402

g Material.002
f 239/403/403 237/404/404 238/405/405
f 240/406/406 237/407/407 239/408/408
f 271/409/409 269/410/410 270/411/411
f 272/412/412 269/413/413 271/414/414
f 275/415/415 273/416/416 274/417/417
f 276/418/418 273/419/419 275/420/420
f 279/421/421 277/422/422 278/423/423
f 280/424/424 277/425/425 279/426/426
f 283/427/427 281/428/428 282/429/429
f 284/430/430 281/431/431 283/432/432
f 287/433/433 285/434/434 286/435/435
f 288/436/436 285/437/437 287/438/438
f 291/439/439 289/440/440 290/441/441
f 292/442/442 289/443/443 291/444/444
f 295/445/445 293/446/446 294/447/447
f 296/448/448 293/449/449 295/450/450
f 299/451/451 297/452/452 298/453/453
f 300/454/454 297/455/455 299/456/456
f 303/457/457 301/458/458 302/459/459
f 304/460/460 301/461/461 303/462/462
f 307/463/463 305/464/464 306/465/465
f 308/466/466 305/467/467 307/468/468
f 311/469/469 309/470/470 310/471/471
f 312/472/472 309/473/473 311/474/474
f 315/475/475 313/476/476 314/477/477
f 316/478/478 313/479/479 315/480/480
f 319/481/481 317/482/482 318/483/483
f 320/484/484 317/485/485 319/486/486
f 323/487/487 321/488/488 322/489/489
f 324/490/490 321/491/491 323/492/492
f 327/493/493 325/494/494 326/495/495
f 328/496/496 325/497/497 327/498/498
f 331/499/499 329/500/500 330/501/501
f 332/502/502 329/503/503 331/504/504
f 335/505/505 333/506/506 334/507/507
f 336/508/508 333/509/509 335/510/510
f 339/511/511 337/512/512 338/513/513
f 340/514/514 337/515/515 339/516/516
f 343/517/517 341/518/518 342/519/519
f 344/520/520 341/521/521 343/522/522
f 347/523/523 345/524/524 346/525/525
f 348/526/526 345/527/527 347/528/528
f 351/529/529 349/530/530 350/531/531
f 352/532/532 349/533/533 351/534/534
f 355/535/535 353/536/536 354/537/537
f 356/538/538 353/539/539 355/540/540
f 359/541/541 357/542/542 358/543/543
f 360/544/544 357/545/545 359/546/546
f 363/547/547 361/548/548 362/549/549
f 364/550/550 361/551/551 363/552/552
f 367/553/553 365/554/554 366/555/555
f 368/556/556 365/557/557 367/558/558
f 371/559/559 369/560/560 370/561/561
f 372/562/562 369/563/563 371/564/564
f 375/565/565 373/566/566 374/567/567
f 376/568/568 373/569/569 375/570/570
f 379/571/571 377/572/572 378/573/573
f 380/574/574 377/575/575 379/576/576
f 383/577/577 381/578/578 382/579/579
f 384/580/580 381/581/581 383/582/582
f 387/583/583 385/584/584 386/585/585
f 388/586/586 385/587/587 387/588/588
f 391/589/589 389/590/590 390/591/591
f 392/592/592 389/593/593 391/594/594
f 395/595/595 393/596/596 394/597/597
f 396/598/598 393/599/599 395/600/600
f 399/601/601 397/602/602 398/603/603
f 400/604/604 397/605/605 399/606/606
f 403/607/607 401/608/608 402/609/609
f 404/610/610 401/611/611 403/612/612
f 407/613/613 405/614/614 406/615/615
f 408/616/616 405/617/617 407/618/618
f 411/619/619 409/620/620 410/621/621
f 412/622/622 409/623/623 411/624/624
f 415/625/625 413/626/626 414/627/627
f 416/628/628 413/629/629 415/630/630
f 419/631/631 417/632/632 418/633/633
f 420/634/634 417/635/635 419/636/636
f 423/637/637 421/638/638 422/639/639
f 424/640/640 421/641/641 423/642/642
f 427/643/643 425/644/644 426/645/645
f 428/646/646 425/647/647 427/648/648
f 431/649/649 429/650/650 430/651/651
f 432/652/652 429/653/653 431/654/654
f 435/655/655 433/656/656 434/657/657
f 436/658/658 433/659/659 435/660/660
f 439/661/661 437/662/662 438/663/663
f 440/664/664 437/665/665 439/666/666
f 443/667/667 441/668/668 442/669/669
f 444/670/670 441/671/671 443/672/672
f 447/673/673 445/674/674 446/675/675
f 448/676/676 445/677/677 447/678/678
f 451/679/679 449/680/680 450/681/681
f 452/682/682 449/683/683 451/684/684
f 455/685/685 453/686/686 454/687/687
f 456/688/688 453/689/689 455/690/690
f 459/691/691 457/692/692 458/693/693
f 460/694/694 457/695/695 459/696/696
f 463/697/697 461/698/698 462/699/699
f 464/700/700 461/701/701 463/702/702
f 467/703/703 465/704/704 466/705/705
f 468/706/706 465/707/707 467/708/708
f 471/709/709 469/710/710 470/711/711
f 472/712/712 469/713/713 471/714/714
f 475/715/715 473/716/716 474/717/717
f 476/718/718 473/719/719 475/720/720
f 479/721/721 477/722/722 478/723/723
f 480/724/724 477/725/725 479/726/726
f 483/727/727 481/728/728 482/729/729
f 484/730/730 481/731/731 483/732/732
f 487/733/733 485/734/734 486/735/735
f 488/736/736 485/737/737 487/738/738
f 491/739/739 489/740/740 490/741/741
f 492/742/742 489/743/743 491/744/744
f 495/745/745 493/746/746 494/747/747
f 496/748/748 493/749/749 495/750/750
f 499/751/751 497/752/752 498/753/753
f 500/754/754 497/755/755 499/756/756
f 503/757/757 501/758/758 502/759/759
f 504/760/760 501/761/761 503/762/762
f 507/763/763 505/764/764 506/765/765
f 508/766/766 505/767/767 507/768/768
f 511/769/769 509/770/770 510/771/771
f 512/772/772 509/773/773 511/774/774
f 515/775/775 513/776/776 514/777/777
f 516/778/778 513/779/779 515/780/780
f 519/781/781 517/782/782 518/783/783
f 520/784/784 517/785/785 519/786/786
f 523/787/787 521/788/788 522/789/789
f 524/790/790 521/791/791 523/792/792
f 527/793/793 525/794/794 526/795/795
f 528/796/796 525/797/797 527/798/798
f 531/799/799 529/800/800 530/801/801
f 532/802/802 529/803/803 531/804/804
f 535/805/805 533/806/806 534/807/807
f 536/808/808 533/809/809 535/810/810
f 539/811/811 537/812/812 538/813/813
f 540/814/814 537/815/815 539/816/816
f 543/817/817 541/818/818 542/819/819
f 544/820/820 541/821/821 543/822/822
f 547/823/823 545/824/824 546/825/825
f 548/826/826 545/827/827 547/828/828
f 551/829/829 549/830/830 550/831/831
f 552/832/832 549/833/833 551/834/834
f 555/835/835 553/836/836 554/837/837
f 556/838/838 553/839/839 555/840/840
f 559/841/841 557/842/842 558/843/843
f 560/844/844 557/845/845 559/846/846
f 563/847/847 561/848/848 562/849/849
f 564/850/850 561/851/851 563/852/852
f 567/853/853 565/854/854 566/855/855
f 568/856/856 565/857/857 567/858/858
f 571/859/859 569/860/860 570/861/861
f 572/862/862 569/863/863 571/864/864
f 575/865/865 573/866/866 574/867/867
f 576/868/868 573/869/869 575/870/870
f 579/871/871 577/872/872 578/873/873
f 580/874/874 577/875/875 579/876/876
f 583/877/877 581/878/878 582/879/879
f 584/880/880 581/881/881 583/882/882
f 587/883/883 585/884/884 586/885/885
f 588/886/886 585/887/887 587/888/888
f 591/889/889 589/890/890 590/891/891
f 592/892/892 589/893/893 591/894/894
f 595/895/895 593/896/896 594/897/897
f 596/898/898 593/899/899 595/900/900
f 599/901/901 597/902/902 598/903/903
f 600/904/904 597/905/905 599/906/906
f 603/907/907 601/908/908 602/909/909
f 604/910/910 601/911/911 603/912/912
f 607/913/913 605/914/914 606/915/915
f 608/916/916 605/917/917 607/918/918
f 611/919/919 609/920/920 610/921/921
f 612/922/922 609/923/923 611/924/924
f 615/925/925 613/926/926 614/927/927
f 616/928/928 613/929/929 615/930/930
f 619/931/931 617/932/932 618/933/933
f 620/934/934 617/935/935 619/936/936
f 623/937/937 621/938/938 622/939/939
f 624/940/940 621/941/941 623/942/942
f 627/943/943 625/944/944 626/945/945
f 628/946/946 625/947/947 627/948/948
f 631/949/949 629/950/950 630/951/951
f 632/952/952 629/953/953 631/954/954
f 635/955/955 633/956/956 634/957/957
f 636/958/958 633/959/959 635/960/960
f 639/961/961 637/962/962 638/963/963
f 640/964/964 637/965/965 639/966/966
f 643/967/967 641/968/968 642/969/969
f 644/970/970 641/971/971 643/972/972
f 647/973/973 645/974/974 646/975/975
f 648/976/976 645/977/977 647/978/978
f 651/979/979 649/980/980 650/981/981
f 652/982/982 649/983/983 651/984/984
f 655/985/985 653/986/986 654/987/987
f 656/988/988 653/989/989 655/990/990
f 659/991/991 657/992/992 658/993/993
f 660/994/994 657/995/995 659/996/996
f 663/997/997 661/998/998 662/999/999
f 664/1000/1000 661/1001/1001 663/1002/1002
f 667/1003/1003 665/1004/1004 666/1005/1005
f 668/1006/1006 665/1007/1007 667/1008/1008
f 671/1009/1009 669/1010/1010 670/1011/1011
f 672/1012/1012 669/1013/1013 671/1014/1014
f 675/1015/1015 673/1016/1016 674/1017/1017
f 676/1018/1018 673/1019/1019 675/1020/1020
f 679/1021/1021 677/1022/1022 678/1023/1023
f 680/1024/1024 677/1025/1025 679/1026/1026
f 683/1027/1027 681/1028/1028 682/1029/1029
f 684/1030/1030 681/1031/1031 683/1032/1032
f 687/1033/1033 685/1034/1034 686/1035/1035
f 688/1036/1036 685/1037/1037 687/1038/1038
f 691/1039/1039 689/1040/1040 690/1041/1041
f 692/1042/1042 689/1043/1043 691/1044/1044
f 695/1045/1045 693/1046/1046 694/1047/1047
f 696/1048/1048 693/1049/1049 695/1050/1050
f 699/1051/1051 697/1052/1052 698/1053/1053
f 700/1054/1054 697/1055/1055 699/1056/1056
f 703/1057/1057 701/1058/1058 702/1059/1059
f 704/1060/1060 701/1061/1061 703/1062/1062
f 707/1063/1063 705/1064/1064 706/1065/1065
f 708/1066/1066 705/1067/1067 707/1068/1068
f 711/1069/1069 709/1070/1070 710/1071/1071
f 712/1072/1072 709/1073/1073 711/1074/1074
f 715/1075/1075 713/1076/1076 714/1077/1077
f 716/1078/1078 713/1079/1079 715/1080/1080
f 719/1081/1081 717/1082/1082 718/1083/1083
f 720/1084/1084 717/1085/1085 719/1086/1086
f 723/1087/1087 721/1088/1088 722/1089/1089
f 724/1090/1090 721/1091/1091 723/1092/1092
f 727/1093/1093 725/1094/1094 726/1095/1095
f 728/1096/1096 725/1097/1097 727/1098/1098
f 731/1099/1099 729/1100/1100 730/1101/1101
f 732/1102/1102 729/1103/1103 731/1104/1104
f 735/1105/1105 733/1106/1106 734/1107/1107
f 736/1108/1108 733/1109/1109 735/1110/1110
f 739/1111/1111 737/1112/1112 738/1113/1113
f 740/1114/1114 737/1115/1115 739/1116/1116
f 743/1117/1117 741/1118/1118 742/1119/1119
f 744/1120/1120 741/1121/1121 743/1122/1122
f 747/1123/1123 745/1124/1124 746/1125/1125
f 748/1126/1126 745/1127/1127 747/1128/1128
f 751/1129/1129 749/1130/1130 750/1131/1131
f 752/1132/1132 749/1133/1133 751/1134/1134
f 755/1135/1135 753/1136/1136 754/1137/1137
f 756/1138/1138 753/1139/1139 755/1140/1140
f 759/1141/1141 757/1142/1142 758/1143/1143
f 760/1144/1144 757/1145/1145 759/1146/1146
f 763/1147/1147 761/1148/1148 762/1149/1149
f 764/1150/1150 761/1151/1151 763/1152/1152
f 767/1153/1153 765/1154/1154 766/1155/1155
f 768/1156/1156 765/1157/1157 767/1158/1158
f 771/1159/1159 769/1160/1160 770/1161/1161
f 772/1162/1162 769/1163/1163 771/1164/1164
f 775/1165/1165 773/1166/1166 774/1167/1167
f 776/1168/1168 773/1169/1169 775/1170/1170
f 779/1171/1171 777/1172/1172 778/1173/1173
f 780/1174/1174 777/1175/1175 779/1176/1176
f 783/1177/1177 781/1178/1178 782/1179/1179
f 784/1180/1180 781/1181/1181 783/1182/1182
f 787/1183/1183 785/1184/1184 786/1185/1185
f 788/1186/1186 785/1187/1187 787/1188/1188
f 791/1189/1189 789/1190/1190 790/1191/1191
f 792/1192/1192 789/1193/1193 791/1194/1194
f 795/1195/1195 793/1196/1196 794/1197/1197
f 796/1198/1198 793/1199/1199 795/1200/1200
f 799/1201/1201 797/1202/1202 798/1203/1203
f 800/1204/1204 797/1205/1205 799/1206/1206
f 803/1207/1207 801/1208/1208 802/1209/1209
f 804/1210/1210 801/1211/1211 803/1212/1212
f 807/1213/1213 805/1214/1214 806/1215/1215
f 808/1216/1216 805/1217/1217 807/1218/1218
f 811/1219/1219 809/1220/1220 810/1221/1221
f 812/1222/1222 809/1223/1223 811/1224/1224
f 815/1225/1225 813/1226/1226 814/1227/1227
f 816/1228/1228 813/1229/1229 815/1230/1230
f 819/1231/1231 817/1232/1232 818/1233/1233
f 820/1234/1234 817/1235/1235 819/1236/1236
f 823/1237/1237 821/1238/1238 822/1239/1239
f 824/1240/1240 821/1241/1241 823/1242/1242
f 827/1243/1243 825/1244/1244 826/1245/1245
f 828/1246/1246 825/1247/1247 827/1248/1248
f 831/1249/1249 829/1250/1250 830/1251/1251
f 832/1252/1252 829/1253/1253 831/1254/1254
f 835/1255/1255 833/1256/1256 834/1257/1257
f 836/1258/1258 833/1259/1259 835/1260/1260
f 839/1261/1261 837/1262/1262 838/1263/1263
f 840/1264/1264 837/1265/1265 839/1266/1266
f 843/1267/1267 841/1268/1268 842/1269/1269
f 844/1270/1270 841/1271/1271 843/1272/1272
f 847/1273/1273 845/1274/1274 846/1275/1275
f 848/1276/1276 845/1277/1277 847/1278/1278
f 851/1279/1279 849/1280/1280 850/1281/1281
f 852/1282/1282 849/1283/1283 851/1284/1284
f 855/1285/1285 853/1286/1286 854/1287/1287
f 856/1288/1288 853/1289/1289 855/1290/1290
f 859/1291/1291 857/1292/1292 858/1293/1293
f 860/1294/1294 857/1295/1295 859/1296/1296
f 863/1297/1297 861/1298/1298 862/1299/1299
f 864/1300/1300 861/1301/1301 863/1302/1302
f 867/1303/1303 865/1304/1304 866/1305/1305
f 868/1306/1306 865/1307/1307 867/1308/1308
f 871/1309/1309 869/1310/1310 870/1311/1311
f 872/1312/1312 869/1313/1313 871/1314/1314
f 875/1315/1315 873/1316/1316 874/1317/1317
f 876/1318/1318 873/1319/1319 875/1320/1320
f 879/1321/1321 877/1322/1322 878/1323/1323
f 880/1324/1324 877/1325/1325 879/1326/1326
f 883/1327/1327 881/1328/1328 882/1329/1329
f 884/1330/1330 881/1331/1331 883/1332/1332
f 887/1333/1333 885/1334/1334 886/1335/1335
f 888/1336/1336 885/1337/1337 887/1338/1338
f 891/1339/1339 889/1340/1340 890/1341/1341
f 892/1342/1342 889/1343/1343 891/1344/1344
f 895/1345/1345 893/1346/1346 894/1347/1347
f 896/1348/1348 893/1349/1349 895/1350/1350
f 899/1351/1351 897/1352/1352 898/1353/1353
f 900/1354/1354 897/1355/1355 899/1356/1356
f 903/1357/1357 901/1358/1358 902/1359/1359
f 904/1360/1360 901/1361/1361 903/1362/1362
f 907/1363/1363 905/1364/1364 906/1365/1365
f 908/1366/1366 905/1367/1367 907/1368/1368
f 911/1369/1369 909/1370/1370 910/1371/1371
f 912/1372/1372 909/1373/1373 911/1374/1374
f 915/1375/1375 913/1376/1376 914/1377/1377
f 916/1378/1378 913/1379/1379 915/1380/1380
f 919/1381/1381 917/1382/1382 918/1383/1383
f 920/1384/1384 917/1385/1385 919/1386/1386
f 923/1387/1387 921/1388/1388 922/1389/1389
f 924/1390/1390 921/1391/1391 923/1392/1392
f 927/1393/1393 925/1394/1394 926/1395/1395
f 928/1396/1396 925/1397/1397 927/1398/1398
f 931/1399/1399 929/1400/1400 930/1401/1401
f 932/1402/1402 929/1403/1403 931/1404/1404
f 935/1405/1405 933/1406/1406 934/1407/1407
f 936/1408/1408 933/1409/1409 935/1410/1410
f 939/1411/1411 937/1412/1412 938/1413/1413
f 940/1414/1414 937/1415/1415 939/1416/1416
f 943/1417/1417 941/1418/1418 942/1419/1419
f 944/1420/1420 941/1421/1421 943/1422/1422
f 947/1423/1423 945/1424/1424 946/1425/1425
f 948/1426/1426 945/1427/1427 947/1428/1428
f 951/1429/1429 949/1430/1430 950/1431/1431
f 952/1432/1432 949/1433/1433 951/1434/1434
f 955/1435/1435 953/1436/1436 954/1437/1437
f 956/1438/1438 953/1439/1439 955/1440/1440
f 959/1441/1441 957/1442/1442 958/1443/1443
f 960/1444/1444 957/1445/1445 959/1446/1446
f 963/1447/1447 961/1448/1448 962/1449/1449
f 964/1450/1450 961/1451/1451 963/1452/1452
f 967/1453/1453 965/1454/1454 966/1455/1455
f 968/1456/1456 965/1457/1457 967/1458/1458
f 971/1459/1459 969/1460/1460 970/1461/1461
f 972/1462/1462 969/1463/1463 971/1464/1464
f 975/1465/1465 973/1466/1466 974/1467/1467
f 976/1468/1468 973/1469/1469 975/1470/1470
f 979/1471/1471 977/1472/1472 978/1473/1473
f 980/1474/1474 977/1475/1475 979/1476/1476
f 983/1477/1477 981/1478/1478 982/1479/1479
f 984/1480/1480 981/1481/1481 983/1482/1482
f 987/1483/1483 985/1484/1484 986/1485/1485
f 988/1486/1486 985/1487/1487 987/1488/1488
f 991/1489/1489 989/1490/1490 990/1491/1491
f 992/1492/1492 989/1493/1493 991/1494/1494
f 995/1495/1495 993/1496/1496 994/1497/1497
f 996/1498/1498 993/1499/1499 995/1500/1500
f 999/1501/1501 997/1502/1502 998/1503/1503
f 1000/1504/1504 997/1505/1505 999/1506/1506
f 1003/1507/1507 1001/1508/1508 1002/1509/1509
f 1004/1510/1510 1001/1511/1511 1003/1512/1512
f 1007/1513/1513 1005/1514/1514 1006/1515/1515
f 1008/1516/1516 1005/1517/1517 1007/1518/1518
f 1011/1519/1519 1009/1520/1520 1010/1521/1521
f 1012/1522/1522 1009/1523/1523 1011/1524/1524
f 1015/1525/1525 1013/1526/1526 1014/1527/1527
f 1016/1528/1528 1013/1529/1529 1015/1530/1530
f 1019/1531/1531 1017/1532/1532 1018/1533/1533
f 1020/1534/1534 1017/1535/1535 1019/1536/1536
f 1023/1537/1537 1021/1538/1538 1022/1539/1539
f 1024/1540/1540 1021/1541/1541 1023/1542/1542
f 1027/1543/1543 1025/1544/1544 1026/1545/1545
f 1028/1546/1546 1025/1547/1547 1027/1548/1548
f 1031/1549/1549 1029/1550/1550 1030/1551/1551
f 1032/1552/1552 1029/1553/1553 1031/1554/1554
f 1035/1555/1555 1033/1556/1556 1034/1557/1557
f 1036/1558/1558 1033/1559/1559 1035/1560/1560
f 1039/1561/1561 1037/1562/1562 1038/1563/1563
f 1040/1564/1564 1037/1565/1565 1039/1566/1566
f 1043/1567/1567 1041/1568/1568 1042/1569/1569
f 1044/1570/1570 1041/1571/1571 1043/1572/1572
f 1047/1573/1573 1045/1574/1574 1046/1575/1575
f 1048/1576/1576 1045/1577/1577 1047/1578/1578
f 1051/1579/1579 1049/1580/1580 1050/1581/1581
f 1052/1582/1582 1049/1583/1583 1051/1584/1584
f 1055/1585/1585 1053/1586/1586 1054/1587/1587
f 1056/1588/1588 1053/1589/1589 1055/1590/1590
f 1059/1591/1591 1057/1592/1592 1058/1593/1593
f 1060/1594/1594 1057/1595/1595 1059/1596/1596
f 1063/1597/1597 1061/1598/1598 1062/1599/1599
f 1064/1600/1600 1061/1601/1601 1063/1602/1602
f 1067/1603/1603 1065/1604/1604 1066/1605/1605
f 1068/1606/1606 1065/1607/1607 1067/1608/1608
f 1071/1609/1609 1069/1610/1610 1070/1611/1611
f 1072/1612/1612 1069/1613/1613 1071/1614/1614
f 1075/1615/1615 1073/1616/1616 1074/1617/1617
f 1076/1618/1618 1073/1619/1619 1075/1620/1620
f 1079/1621/1621 1077/1622/1622 1078/1623/1623
f 1080/1624/1624 1077/1625/1625 1079/1626/1626
f 1083/1627/1627 1081/1628/1628 1082/1629/1629
f 1084/1630/1630 1081/1631/1631 1083/1632/1632
f 1087/1633/1633 1085/1634/1634 1086/1635/1635
f 1088/1636/1636 1085/1637/1637 1087/1638/1638
f 1091/1639/1639 1089/1640/1640 1090/1641/1641
f 1092/1642/1642 1089/1643/1643 1091/1644/1644
f 1095/1645/1645 1093/1646/1646 1094/1647/1647
f 1096/1648/1648 1093/1649/1649 1095/1650/1650
f 1099/1651/1651 1097/1652/1652 1098/1653/1653
f 1100/1654/1654 1097/1655/1655 1099/1656/1656
f 1103/1657/1657 1101/1658/1658 1102/1659/1659
f 1104/1660/1660 1101/1661/1661 1103/1662/1662
f 1107/1663/1663 1105/1664/1664 1106/1665/1665
f 1108/1666/1666 1105/1667/1667 1107/1668/1668
f 1111/1669/1669 1109/1670/1670 1110/1671/1671
f 1112/1672/1672 1109/1673/1673 1111/1674/1674
f 1115/1675/1675 1113/1676/1676 1114/1677/1677
f 1116/1678/1678 1113/1679/1679 1115/1680/1680
f 1119/1681/1681 1117/1682/1682 1118/1683/1683
f 1120/1684/1684 1117/1685/1685 1119/1686/1686
f 1123/1687/1687 1121/1688/1688 1122/1689/1689
f 1124/1690/1690 1121/1691/1691 1123/1692/1692
f 1127/1693/1693 1125/1694/1694 1126/1695/1695
f 1128/1696/1696 1125/1697/1697 1127/1698/1698
f 1131/1699/1699 1129/1700/1700 1130/1701/1701
f 1132/1702/1702 1129/1703/1703 1131/1704/1704
f 1135/1705/1705 1133/1706/1706 1134/1707/1707
f 1136/1708/1708 1133/1709/1709 1135/1710/1710
f 1139/1711/1711 1137/1712/1712 1138/1713/1713
f 1140/1714/1714 1137/1715/1715 1139/1716/1716
f 1143/1717/1717 1141/1718/1718 1142/1719/1719
f 1144/1720/1720 1141/1721/1721 1143/1722/1722
f 1147/1723/1723 1145/1724/1724 1146/1725/1725
f 1148/1726/1726 1145/1727/1727 1147/1728/1728
f 1151/1729/1729 1149/1730/1730 1150/1731/1731
f 1152/1732/1732 1149/1733/1733 1151/1734/1734
f 1155/1735/1735 1153/1736/1736 1154/1737/1737
f 1156/1738/1738 1153/1739/1739 1155/1740/1740
f 1159/1741/1741 1157/1742/1742 1158/1743/1743
f 1160/1744/1744 1157/1745/1745 1159/1746/1746
f 1163/1747/1747 1161/1748/1748 1162/1749/1749
f 1164/1750/1750 1161/1751/1751 1163/1752/1752
f 1167/1753/1753 1165/1754/1754 1166/1755/1755
f 1168/1756/1756 1165/1757/1757 1167/1758/1758

