# Converted from B3D for Luanti (With Correct Normals)
# Object Name: multidecor_silvered_desk_lamp

v -0.265165 -1.168807 0.265165
v 0.000000 -1.250000 0.375000
v 0.000000 -1.168807 0.375000
v -0.265165 -1.250000 0.265165
v 0.000000 -1.250000 0.375000
v -0.265165 -1.168807 0.265165
v -0.375000 -1.168807 -0.000000
v -0.265165 -1.250000 0.265165
v -0.265165 -1.168807 0.265165
v -0.375000 -1.250000 -0.000000
v -0.265165 -1.250000 0.265165
v -0.375000 -1.168807 -0.000000
v -0.265165 -1.168807 -0.265165
v -0.375000 -1.250000 -0.000000
v -0.375000 -1.168807 -0.000000
v -0.265165 -1.250000 -0.265165
v -0.375000 -1.250000 -0.000000
v -0.265165 -1.168807 -0.265165
v 0.000000 -1.168807 -0.375000
v -0.265165 -1.250000 -0.265165
v -0.265165 -1.168807 -0.265165
v 0.000000 -1.250000 -0.375000
v -0.265165 -1.250000 -0.265165
v 0.000000 -1.168807 -0.375000
v 0.265165 -1.168807 -0.265165
v 0.000000 -1.250000 -0.375000
v 0.000000 -1.168807 -0.375000
v 0.265165 -1.250000 -0.265165
v 0.000000 -1.250000 -0.375000
v 0.265165 -1.168807 -0.265165
v 0.375000 -1.168807 0.000000
v 0.265165 -1.250000 -0.265165
v 0.265165 -1.168807 -0.265165
v 0.375000 -1.250000 0.000000
v 0.265165 -1.250000 -0.265165
v 0.375000 -1.168807 0.000000
v -0.375000 -1.168807 -0.000000
v 0.375000 -1.168807 0.000000
v 0.000000 -1.168807 -0.375000
v 0.265165 -1.168807 0.265165
v 0.375000 -1.250000 0.000000
v 0.375000 -1.168807 0.000000
v 0.265165 -1.250000 0.265165
v 0.375000 -1.250000 0.000000
v 0.265165 -1.168807 0.265165
v 0.000000 -1.168807 0.375000
v 0.265165 -1.250000 0.265165
v 0.265165 -1.168807 0.265165
v 0.000000 -1.250000 0.375000
v 0.265165 -1.250000 0.265165
v 0.000000 -1.168807 0.375000
v 0.265165 -1.250000 0.265165
v -0.265165 -1.250000 -0.265165
v 0.265165 -1.250000 -0.265165
v -0.061982 -1.046017 0.061982
v 0.000000 -1.168807 0.175761
v 0.000000 -1.046017 0.087656
v -0.124282 -1.168807 0.124282
v 0.000000 -1.168807 0.175761
v -0.061982 -1.046017 0.061982
v -0.087656 -1.046017 -0.000000
v -0.124282 -1.168807 0.124282
v -0.061982 -1.046017 0.061982
v -0.175761 -1.168807 -0.000000
v -0.124282 -1.168807 0.124282
v -0.087656 -1.046017 -0.000000
v -0.061982 -1.046017 -0.061982
v -0.175761 -1.168807 -0.000000
v -0.087656 -1.046017 -0.000000
v -0.124282 -1.168807 -0.124282
v -0.175761 -1.168807 -0.000000
v -0.061982 -1.046017 -0.061982
v 0.000000 -1.046017 -0.087656
v -0.124282 -1.168807 -0.124282
v -0.061982 -1.046017 -0.061982
v 0.000000 -1.168807 -0.175761
v -0.124282 -1.168807 -0.124282
v 0.000000 -1.046017 -0.087656
v 0.061982 -1.046017 -0.061982
v 0.000000 -1.168807 -0.175761
v 0.000000 -1.046017 -0.087656
v 0.124282 -1.168807 -0.124282
v 0.000000 -1.168807 -0.175761
v 0.061982 -1.046017 -0.061982
v 0.087656 -1.046017 0.000000
v 0.124282 -1.168807 -0.124282
v 0.061982 -1.046017 -0.061982
v 0.175761 -1.168807 0.000000
v 0.124282 -1.168807 -0.124282
v 0.087656 -1.046017 0.000000
v -0.039863 -0.957696 0.039863
v -0.087656 -1.046017 -0.000000
v -0.061982 -1.046017 0.061982
v -0.056374 -0.957696 -0.000000
v -0.087656 -1.046017 -0.000000
v -0.039863 -0.957696 0.039863
v 0.061982 -1.046017 0.061982
v 0.175761 -1.168807 0.000000
v 0.087656 -1.046017 0.000000
v 0.124282 -1.168807 0.124282
v 0.175761 -1.168807 0.000000
v 0.061982 -1.046017 0.061982
v 0.000000 -1.046017 0.087656
v 0.124282 -1.168807 0.124282
v 0.061982 -1.046017 0.061982
v 0.000000 -1.168807 0.175761
v 0.124282 -1.168807 0.124282
v 0.000000 -1.046017 0.087656
v 0.039863 -0.535607 -0.039863
v 0.056374 -0.957696 -0.000000
v 0.039863 -0.957696 -0.039863
v 0.056374 -0.535607 -0.000000
v 0.056374 -0.957696 -0.000000
v 0.039863 -0.535607 -0.039863
v 0.000000 -0.957696 -0.056374
v 0.061982 -1.046017 -0.061982
v 0.000000 -1.046017 -0.087656
v 0.039863 -0.957696 -0.039863
v 0.061982 -1.046017 -0.061982
v 0.000000 -0.957696 -0.056374
v 0.039863 -0.957696 0.039863
v 0.000000 -1.046017 0.087656
v 0.061982 -1.046017 0.061982
v 0.000000 -0.957696 0.056374
v 0.000000 -1.046017 0.087656
v 0.039863 -0.957696 0.039863
v 0.000000 -0.957696 0.056374
v -0.061982 -1.046017 0.061982
v 0.000000 -1.046017 0.087656
v -0.039863 -0.957696 0.039863
v -0.061982 -1.046017 0.061982
v 0.000000 -0.957696 0.056374
v -0.056374 -0.957696 -0.000000
v -0.061982 -1.046017 -0.061982
v -0.087656 -1.046017 -0.000000
v -0.039863 -0.957696 -0.039863
v -0.061982 -1.046017 -0.061982
v -0.056374 -0.957696 -0.000000
v 0.039863 -0.957696 -0.039863
v 0.087656 -1.046017 0.000000
v 0.061982 -1.046017 -0.061982
v 0.056374 -0.957696 -0.000000
v 0.087656 -1.046017 0.000000
v 0.039863 -0.957696 -0.039863
v -0.039863 -0.957696 -0.039863
v 0.000000 -1.046017 -0.087656
v -0.061982 -1.046017 -0.061982
v 0.000000 -0.957696 -0.056374
v 0.000000 -1.046017 -0.087656
v -0.039863 -0.957696 -0.039863
v 0.056374 -0.957696 -0.000000
v 0.061982 -1.046017 0.061982
v 0.087656 -1.046017 0.000000
v 0.039863 -0.957696 0.039863
v 0.061982 -1.046017 0.061982
v 0.056374 -0.957696 -0.000000
v 0.000000 -0.535607 0.082808
v -0.039863 -0.535607 0.039863
v 0.000000 -0.535607 0.056374
v -0.058554 -0.535607 0.058554
v -0.039863 -0.535607 0.039863
v 0.000000 -0.535607 0.082808
v -0.039863 -0.535607 -0.039863
v 0.000000 -0.957696 -0.056374
v -0.039863 -0.957696 -0.039863
v 0.000000 -0.535607 -0.056374
v 0.000000 -0.957696 -0.056374
v -0.039863 -0.535607 -0.039863
v -0.039863 -0.535607 0.039863
v -0.056374 -0.957696 -0.000000
v -0.039863 -0.957696 0.039863
v -0.056374 -0.535607 -0.000000
v -0.056374 -0.957696 -0.000000
v -0.039863 -0.535607 0.039863
v 0.056374 -0.535607 -0.000000
v 0.039863 -0.957696 0.039863
v 0.056374 -0.957696 -0.000000
v 0.039863 -0.535607 0.039863
v 0.039863 -0.957696 0.039863
v 0.056374 -0.535607 -0.000000
v 0.000000 -0.535607 -0.056374
v 0.039863 -0.957696 -0.039863
v 0.000000 -0.957696 -0.056374
v 0.039863 -0.535607 -0.039863
v 0.039863 -0.957696 -0.039863
v 0.000000 -0.535607 -0.056374
v -0.056374 -0.535607 -0.000000
v -0.039863 -0.957696 -0.039863
v -0.056374 -0.957696 -0.000000
v -0.039863 -0.535607 -0.039863
v -0.039863 -0.957696 -0.039863
v -0.056374 -0.535607 -0.000000
v 0.000000 -0.535607 0.056374
v -0.039863 -0.957696 0.039863
v 0.000000 -0.957696 0.056374
v -0.039863 -0.535607 0.039863
v -0.039863 -0.957696 0.039863
v 0.000000 -0.535607 0.056374
v 0.039863 -0.535607 0.039863
v 0.000000 -0.957696 0.056374
v 0.039863 -0.957696 0.039863
v 0.000000 -0.535607 0.056374
v 0.000000 -0.957696 0.056374
v 0.039863 -0.535607 0.039863
v 0.058554 -0.535607 0.058554
v 0.000000 -0.535607 0.056374
v 0.039863 -0.535607 0.039863
v 0.000000 -0.535607 0.082808
v 0.000000 -0.535607 0.056374
v 0.058554 -0.535607 0.058554
v 0.058554 -0.535607 -0.058554
v 0.056374 -0.535607 -0.000000
v 0.039863 -0.535607 -0.039863
v 0.082808 -0.535607 0.000000
v 0.056374 -0.535607 -0.000000
v 0.058554 -0.535607 -0.058554
v -0.058554 -0.535607 -0.058554
v 0.000000 -0.535607 -0.056374
v -0.039863 -0.535607 -0.039863
v 0.000000 -0.535607 -0.082808
v 0.000000 -0.535607 -0.056374
v -0.058554 -0.535607 -0.058554
v -0.058554 -0.535607 0.058554
v -0.056374 -0.535607 -0.000000
v -0.039863 -0.535607 0.039863
v -0.082808 -0.535607 -0.000000
v -0.056374 -0.535607 -0.000000
v -0.058554 -0.535607 0.058554
v 0.082808 -0.535607 0.000000
v 0.039863 -0.535607 0.039863
v 0.056374 -0.535607 -0.000000
v 0.058554 -0.535607 0.058554
v 0.039863 -0.535607 0.039863
v 0.082808 -0.535607 0.000000
v 0.000000 -0.535607 -0.082808
v 0.039863 -0.535607 -0.039863
v 0.000000 -0.535607 -0.056374
v 0.058554 -0.535607 -0.058554
v 0.039863 -0.535607 -0.039863
v 0.000000 -0.535607 -0.082808
v -0.082808 -0.535607 -0.000000
v -0.039863 -0.535607 -0.039863
v -0.056374 -0.535607 -0.000000
v -0.058554 -0.535607 -0.058554
v -0.039863 -0.535607 -0.039863
v -0.082808 -0.535607 -0.000000
v 0.082808 -0.419327 0.000000
v 0.058554 -0.535607 0.058554
v 0.082808 -0.535607 0.000000
v 0.058554 -0.419327 0.058554
v 0.058554 -0.535607 0.058554
v 0.082808 -0.419327 0.000000
v 0.000000 -0.419327 -0.082808
v 0.058554 -0.535607 -0.058554
v 0.000000 -0.535607 -0.082808
v 0.058554 -0.419327 -0.058554
v 0.058554 -0.535607 -0.058554
v 0.000000 -0.419327 -0.082808
v -0.082808 -0.419327 -0.000000
v -0.058554 -0.535607 -0.058554
v -0.082808 -0.535607 -0.000000
v -0.058554 -0.419327 -0.058554
v -0.058554 -0.535607 -0.058554
v -0.082808 -0.419327 -0.000000
v 0.000000 -0.419327 0.082808
v -0.058554 -0.535607 0.058554
v 0.000000 -0.535607 0.082808
v -0.058554 -0.419327 0.058554
v -0.058554 -0.535607 0.058554
v 0.000000 -0.419327 0.082808
v 0.058554 -0.419327 0.058554
v 0.000000 -0.535607 0.082808
v 0.058554 -0.535607 0.058554
v 0.000000 -0.419327 0.082808
v 0.000000 -0.535607 0.082808
v 0.058554 -0.419327 0.058554
v 0.058554 -0.419327 -0.058554
v 0.082808 -0.535607 0.000000
v 0.058554 -0.535607 -0.058554
v 0.082808 -0.419327 0.000000
v 0.082808 -0.535607 0.000000
v 0.058554 -0.419327 -0.058554
v -0.058554 -0.419327 -0.058554
v 0.000000 -0.535607 -0.082808
v -0.058554 -0.535607 -0.058554
v 0.000000 -0.419327 -0.082808
v 0.000000 -0.535607 -0.082808
v -0.058554 -0.419327 -0.058554
v -0.058554 -0.419327 0.058554
v -0.082808 -0.535607 -0.000000
v -0.058554 -0.535607 0.058554
v -0.082808 -0.419327 -0.000000
v -0.082808 -0.535607 -0.000000
v -0.058554 -0.419327 0.058554
v -0.039863 -0.419327 0.039863
v -0.082808 -0.419327 -0.000000
v -0.058554 -0.419327 0.058554
v -0.056374 -0.419327 -0.000000
v -0.082808 -0.419327 -0.000000
v -0.039863 -0.419327 0.039863
v 0.056374 -0.419327 0.000000
v 0.058554 -0.419327 0.058554
v 0.082808 -0.419327 0.000000
v 0.039863 -0.419327 0.039863
v 0.058554 -0.419327 0.058554
v 0.056374 -0.419327 0.000000
v 0.000000 -0.419327 -0.056374
v 0.058554 -0.419327 -0.058554
v 0.000000 -0.419327 -0.082808
v 0.039863 -0.419327 -0.039863
v 0.058554 -0.419327 -0.058554
v 0.000000 -0.419327 -0.056374
v -0.056374 -0.419327 -0.000000
v -0.058554 -0.419327 -0.058554
v -0.082808 -0.419327 -0.000000
v -0.039863 -0.419327 -0.039863
v -0.058554 -0.419327 -0.058554
v -0.056374 -0.419327 -0.000000
v 0.000000 -0.419327 0.056374
v -0.058554 -0.419327 0.058554
v 0.000000 -0.419327 0.082808
v -0.039863 -0.419327 0.039863
v -0.058554 -0.419327 0.058554
v 0.000000 -0.419327 0.056374
v 0.039863 -0.419327 0.039863
v 0.000000 -0.419327 0.082808
v 0.058554 -0.419327 0.058554
v 0.000000 -0.419327 0.056374
v 0.000000 -0.419327 0.082808
v 0.039863 -0.419327 0.039863
v 0.039863 -0.419327 -0.039863
v 0.082808 -0.419327 0.000000
v 0.058554 -0.419327 -0.058554
v 0.056374 -0.419327 0.000000
v 0.082808 -0.419327 0.000000
v 0.039863 -0.419327 -0.039863
v -0.039863 -0.419327 -0.039863
v 0.000000 -0.419327 -0.082808
v -0.058554 -0.419327 -0.058554
v 0.000000 -0.419327 -0.056374
v 0.000000 -0.419327 -0.082808
v -0.039863 -0.419327 -0.039863
v 0.039863 -0.266110 0.039863
v 0.000000 -0.419327 0.056374
v 0.039863 -0.419327 0.039863
v 0.000000 -0.266110 0.056374
v 0.000000 -0.419327 0.056374
v 0.039863 -0.266110 0.039863
v 0.039863 -0.266110 -0.039863
v 0.056374 -0.419327 0.000000
v 0.039863 -0.419327 -0.039863
v 0.056374 -0.266110 0.000000
v 0.056374 -0.419327 0.000000
v 0.039863 -0.266110 -0.039863
v -0.039863 -0.266110 -0.039863
v 0.000000 -0.419327 -0.056374
v -0.039863 -0.419327 -0.039863
v 0.000000 -0.266110 -0.056374
v 0.000000 -0.419327 -0.056374
v -0.039863 -0.266110 -0.039863
v -0.039863 -0.266110 0.039863
v -0.056374 -0.419327 -0.000000
v -0.039863 -0.419327 0.039863
v -0.056374 -0.266110 -0.000000
v -0.056374 -0.419327 -0.000000
v -0.039863 -0.266110 0.039863
v 0.056374 -0.266110 0.000000
v 0.039863 -0.419327 0.039863
v 0.056374 -0.419327 0.000000
v 0.039863 -0.266110 0.039863
v 0.039863 -0.419327 0.039863
v 0.056374 -0.266110 0.000000
v 0.000000 -0.266110 -0.056374
v 0.039863 -0.419327 -0.039863
v 0.000000 -0.419327 -0.056374
v 0.039863 -0.266110 -0.039863
v 0.039863 -0.419327 -0.039863
v 0.000000 -0.266110 -0.056374
v -0.056374 -0.266110 -0.000000
v -0.039863 -0.419327 -0.039863
v -0.056374 -0.419327 -0.000000
v -0.039863 -0.266110 -0.039863
v -0.039863 -0.419327 -0.039863
v -0.056374 -0.266110 -0.000000
v 0.000000 -0.266110 0.056374
v -0.039863 -0.419327 0.039863
v 0.000000 -0.419327 0.056374
v -0.039863 -0.266110 0.039863
v -0.039863 -0.419327 0.039863
v 0.000000 -0.266110 0.056374
v -0.074341 -0.184252 -0.000000
v -0.039863 -0.266110 -0.039863
v -0.056374 -0.266110 -0.000000
v -0.052567 -0.184252 -0.052567
v -0.039863 -0.266110 -0.039863
v -0.074341 -0.184252 -0.000000
v 0.000000 -0.184252 0.074341
v -0.039863 -0.266110 0.039863
v 0.000000 -0.266110 0.056374
v -0.052567 -0.184252 0.052567
v -0.039863 -0.266110 0.039863
v 0.000000 -0.184252 0.074341
v 0.052567 -0.184252 0.052567
v 0.000000 -0.266110 0.056374
v 0.039863 -0.266110 0.039863
v 0.000000 -0.184252 0.074341
v 0.000000 -0.266110 0.056374
v 0.052567 -0.184252 0.052567
v 0.052567 -0.184252 -0.052567
v 0.056374 -0.266110 0.000000
v 0.039863 -0.266110 -0.039863
v 0.074341 -0.184252 0.000000
v 0.056374 -0.266110 0.000000
v 0.052567 -0.184252 -0.052567
v -0.052567 -0.184252 -0.052567
v 0.000000 -0.266110 -0.056374
v -0.039863 -0.266110 -0.039863
v 0.000000 -0.184252 -0.074341
v 0.000000 -0.266110 -0.056374
v -0.052567 -0.184252 -0.052567
v -0.052567 -0.184252 0.052567
v -0.056374 -0.266110 -0.000000
v -0.039863 -0.266110 0.039863
v -0.074341 -0.184252 -0.000000
v -0.056374 -0.266110 -0.000000
v -0.052567 -0.184252 0.052567
v 0.074341 -0.184252 0.000000
v 0.039863 -0.266110 0.039863
v 0.056374 -0.266110 0.000000
v 0.052567 -0.184252 0.052567
v 0.039863 -0.266110 0.039863
v 0.074341 -0.184252 0.000000
v 0.000000 -0.184252 -0.074341
v 0.039863 -0.266110 -0.039863
v 0.000000 -0.266110 -0.056374
v 0.052567 -0.184252 -0.052567
v 0.039863 -0.266110 -0.039863
v 0.000000 -0.184252 -0.074341
v 0.130508 -0.121651 0.000000
v 0.052567 -0.184252 0.052567
v 0.074341 -0.184252 0.000000
v 0.092283 -0.121651 0.092283
v 0.052567 -0.184252 0.052567
v 0.130508 -0.121651 0.000000
v 0.000000 -0.121651 -0.130508
v 0.052567 -0.184252 -0.052567
v 0.000000 -0.184252 -0.074341
v 0.092283 -0.121651 -0.092283
v 0.052567 -0.184252 -0.052567
v 0.000000 -0.121651 -0.130508
v -0.130508 -0.121651 0.000000
v -0.052567 -0.184252 -0.052567
v -0.074341 -0.184252 -0.000000
v -0.092283 -0.121651 -0.092283
v -0.052567 -0.184252 -0.052567
v -0.130508 -0.121651 0.000000
v 0.000000 -0.121651 0.130508
v -0.052567 -0.184252 0.052567
v 0.000000 -0.184252 0.074341
v -0.092283 -0.121651 0.092283
v -0.052567 -0.184252 0.052567
v 0.000000 -0.121651 0.130508
v 0.092283 -0.121651 0.092283
v 0.000000 -0.184252 0.074341
v 0.052567 -0.184252 0.052567
v 0.000000 -0.121651 0.130508
v 0.000000 -0.184252 0.074341
v 0.092283 -0.121651 0.092283
v 0.092283 -0.121651 -0.092283
v 0.074341 -0.184252 0.000000
v 0.052567 -0.184252 -0.052567
v 0.130508 -0.121651 0.000000
v 0.074341 -0.184252 0.000000
v 0.092283 -0.121651 -0.092283
v -0.092283 -0.121651 -0.092283
v 0.000000 -0.184252 -0.074341
v -0.052567 -0.184252 -0.052567
v 0.000000 -0.121651 -0.130508
v 0.000000 -0.184252 -0.074341
v -0.092283 -0.121651 -0.092283
v -0.092283 -0.121651 0.092283
v -0.074341 -0.184252 -0.000000
v -0.052567 -0.184252 0.052567
v -0.130508 -0.121651 0.000000
v -0.074341 -0.184252 -0.000000
v -0.092283 -0.121651 0.092283
v -0.130508 -0.121651 0.000000
v 0.130508 -0.121651 0.000000
v 0.000000 -0.121651 -0.130508
v -0.024048 -0.121651 0.041653
v 0.000000 -0.129418 0.000000
v 0.000000 -0.121651 0.048097
v -0.058058 -0.066424 0.100559
v 0.000000 -0.099530 0.088871
v 0.000000 -0.066424 0.116116
v -0.044436 -0.099530 0.076965
v 0.000000 -0.099530 0.088871
v -0.058058 -0.066424 0.100559
v -0.058058 0.011679 0.100559
v 0.000000 -0.027373 0.125683
v 0.000000 0.011679 0.116116
v -0.062841 -0.027373 0.108844
v 0.000000 -0.027373 0.125683
v -0.058058 0.011679 0.100559
v -0.024048 0.066906 0.041653
v 0.000000 0.044785 0.088871
v 0.000000 0.066906 0.048097
v -0.044436 0.044785 0.076965
v 0.000000 0.044785 0.088871
v -0.024048 0.066906 0.041653
v -0.044436 -0.099530 0.076965
v 0.000000 -0.121651 0.048097
v 0.000000 -0.099530 0.088871
v -0.024048 -0.121651 0.041653
v 0.000000 -0.121651 0.048097
v -0.044436 -0.099530 0.076965
v -0.062841 -0.027373 0.108844
v 0.000000 -0.066424 0.116116
v 0.000000 -0.027373 0.125683
v -0.058058 -0.066424 0.100559
v 0.000000 -0.066424 0.116116
v -0.062841 -0.027373 0.108844
v -0.044436 0.044785 0.076965
v 0.000000 0.011679 0.116116
v 0.000000 0.044785 0.088871
v -0.058058 0.011679 0.100559
v 0.000000 0.011679 0.116116
v -0.044436 0.044785 0.076965
v -0.024048 0.066906 0.041653
v 0.000000 0.066906 0.048097
v 0.000000 0.074674 0.000000
v -0.076965 -0.099530 0.044436
v -0.024048 -0.121651 0.041653
v -0.044436 -0.099530 0.076965
v -0.041653 -0.121651 0.024048
v -0.024048 -0.121651 0.041653
v -0.076965 -0.099530 0.044436
v -0.108844 -0.027373 0.062841
v -0.058058 -0.066424 0.100559
v -0.062841 -0.027373 0.108844
v -0.100559 -0.066424 0.058058
v -0.058058 -0.066424 0.100559
v -0.108844 -0.027373 0.062841
v -0.076965 0.044785 0.044436
v -0.058058 0.011679 0.100559
v -0.044436 0.044785 0.076965
v -0.100559 0.011679 0.058058
v -0.058058 0.011679 0.100559
v -0.076965 0.044785 0.044436
v -0.041653 0.066906 0.024048
v -0.024048 0.066906 0.041653
v 0.000000 0.074674 0.000000
v -0.041653 -0.121651 0.024048
v 0.000000 -0.129418 0.000000
v -0.024048 -0.121651 0.041653
v -0.100559 -0.066424 0.058058
v -0.044436 -0.099530 0.076965
v -0.058058 -0.066424 0.100559
v -0.076965 -0.099530 0.044436
v -0.044436 -0.099530 0.076965
v -0.100559 -0.066424 0.058058
v -0.100559 0.011679 0.058058
v -0.062841 -0.027373 0.108844
v -0.058058 0.011679 0.100559
v -0.108844 -0.027373 0.062841
v -0.062841 -0.027373 0.108844
v -0.100559 0.011679 0.058058
v -0.041653 0.066906 0.024048
v -0.044436 0.044785 0.076965
v -0.024048 0.066906 0.041653
v -0.076965 0.044785 0.044436
v -0.044436 0.044785 0.076965
v -0.041653 0.066906 0.024048
v -0.125683 -0.027373 0.000000
v -0.100559 -0.066424 0.058058
v -0.108844 -0.027373 0.062841
v -0.116116 -0.066424 0.000000
v -0.100559 -0.066424 0.058058
v -0.125683 -0.027373 0.000000
v -0.088871 0.044785 0.000000
v -0.100559 0.011679 0.058058
v -0.076965 0.044785 0.044436
v -0.116116 0.011679 0.000000
v -0.100559 0.011679 0.058058
v -0.088871 0.044785 0.000000
v -0.048097 0.066906 0.000000
v -0.041653 0.066906 0.024048
v 0.000000 0.074674 0.000000
v -0.048097 -0.121651 0.000000
v 0.000000 -0.129418 0.000000
v -0.041653 -0.121651 0.024048
v -0.116116 -0.066424 0.000000
v -0.076965 -0.099530 0.044436
v -0.100559 -0.066424 0.058058
v -0.088871 -0.099530 0.000000
v -0.076965 -0.099530 0.044436
v -0.116116 -0.066424 0.000000
v -0.116116 0.011679 0.000000
v -0.108844 -0.027373 0.062841
v -0.100559 0.011679 0.058058
v -0.125683 -0.027373 0.000000
v -0.108844 -0.027373 0.062841
v -0.116116 0.011679 0.000000
v -0.048097 0.066906 0.000000
v -0.076965 0.044785 0.044436
v -0.041653 0.066906 0.024048
v -0.088871 0.044785 0.000000
v -0.076965 0.044785 0.044436
v -0.048097 0.066906 0.000000
v -0.088871 -0.099530 0.000000
v -0.041653 -0.121651 0.024048
v -0.076965 -0.099530 0.044436
v -0.048097 -0.121651 0.000000
v -0.041653 -0.121651 0.024048
v -0.088871 -0.099530 0.000000
v -0.041653 -0.121651 -0.024048
v 0.000000 -0.129418 0.000000
v -0.048097 -0.121651 0.000000
v -0.100559 -0.066424 -0.058058
v -0.088871 -0.099530 0.000000
v -0.116116 -0.066424 0.000000
v -0.076965 -0.099530 -0.044435
v -0.088871 -0.099530 0.000000
v -0.100559 -0.066424 -0.058058
v -0.100559 0.011679 -0.058058
v -0.125683 -0.027373 0.000000
v -0.116116 0.011679 0.000000
v -0.108844 -0.027373 -0.062841
v -0.125683 -0.027373 0.000000
v -0.100559 0.011679 -0.058058
v -0.041653 0.066906 -0.024048
v -0.088871 0.044785 0.000000
v -0.048097 0.066906 0.000000
v -0.076965 0.044785 -0.044435
v -0.088871 0.044785 0.000000
v -0.041653 0.066906 -0.024048
v -0.076965 -0.099530 -0.044435
v -0.048097 -0.121651 0.000000
v -0.088871 -0.099530 0.000000
v -0.041653 -0.121651 -0.024048
v -0.048097 -0.121651 0.000000
v -0.076965 -0.099530 -0.044435
v -0.108844 -0.027373 -0.062841
v -0.116116 -0.066424 0.000000
v -0.125683 -0.027373 0.000000
v -0.100559 -0.066424 -0.058058
v -0.116116 -0.066424 0.000000
v -0.108844 -0.027373 -0.062841
v -0.076965 0.044785 -0.044435
v -0.116116 0.011679 0.000000
v -0.088871 0.044785 0.000000
v -0.100559 0.011679 -0.058058
v -0.116116 0.011679 0.000000
v -0.076965 0.044785 -0.044435
v -0.041653 0.066906 -0.024048
v -0.048097 0.066906 0.000000
v 0.000000 0.074674 0.000000
v -0.058058 0.011679 -0.100559
v -0.108844 -0.027373 -0.062841
v -0.100559 0.011679 -0.058058
v -0.062841 -0.027373 -0.108844
v -0.108844 -0.027373 -0.062841
v -0.058058 0.011679 -0.100559
v -0.024048 0.066906 -0.041653
v -0.076965 0.044785 -0.044435
v -0.041653 0.066906 -0.024048
v -0.044436 0.044785 -0.076965
v -0.076965 0.044785 -0.044435
v -0.024048 0.066906 -0.041653
v -0.044436 -0.099530 -0.076965
v -0.041653 -0.121651 -0.024048
v -0.076965 -0.099530 -0.044435
v -0.024048 -0.121651 -0.041653
v -0.041653 -0.121651 -0.024048
v -0.044436 -0.099530 -0.076965
v -0.062841 -0.027373 -0.108844
v -0.100559 -0.066424 -0.058058
v -0.108844 -0.027373 -0.062841
v -0.058058 -0.066424 -0.100559
v -0.100559 -0.066424 -0.058058
v -0.062841 -0.027373 -0.108844
v -0.044436 0.044785 -0.076965
v -0.100559 0.011679 -0.058058
v -0.076965 0.044785 -0.044435
v -0.058058 0.011679 -0.100559
v -0.100559 0.011679 -0.058058
v -0.044436 0.044785 -0.076965
v -0.024048 0.066906 -0.041653
v -0.041653 0.066906 -0.024048
v 0.000000 0.074674 0.000000
v -0.024048 -0.121651 -0.041653
v 0.000000 -0.129418 0.000000
v -0.041653 -0.121651 -0.024048
v -0.058058 -0.066424 -0.100559
v -0.076965 -0.099530 -0.044435
v -0.100559 -0.066424 -0.058058
v -0.044436 -0.099530 -0.076965
v -0.076965 -0.099530 -0.044435
v -0.058058 -0.066424 -0.100559
v 0.000000 -0.099530 -0.088871
v -0.024048 -0.121651 -0.041653
v -0.044436 -0.099530 -0.076965
v 0.000000 -0.121651 -0.048097
v -0.024048 -0.121651 -0.041653
v 0.000000 -0.099530 -0.088871
v 0.000000 -0.027373 -0.125683
v -0.058058 -0.066424 -0.100559
v -0.062841 -0.027373 -0.108844
v 0.000000 -0.066424 -0.116116
v -0.058058 -0.066424 -0.100559
v 0.000000 -0.027373 -0.125683
v 0.000000 0.044785 -0.088871
v -0.058058 0.011679 -0.100559
v -0.044436 0.044785 -0.076965
v 0.000000 0.011679 -0.116116
v -0.058058 0.011679 -0.100559
v 0.000000 0.044785 -0.088871
v 0.000000 0.066906 -0.048097
v -0.024048 0.066906 -0.041653
v 0.000000 0.074674 0.000000
v 0.000000 -0.121651 -0.048097
v 0.000000 -0.129418 0.000000
v -0.024048 -0.121651 -0.041653
v 0.000000 -0.066424 -0.116116
v -0.044436 -0.099530 -0.076965
v -0.058058 -0.066424 -0.100559
v 0.000000 -0.099530 -0.088871
v -0.044436 -0.099530 -0.076965
v 0.000000 -0.066424 -0.116116
v 0.000000 0.011679 -0.116116
v -0.062841 -0.027373 -0.108844
v -0.058058 0.011679 -0.100559
v 0.000000 -0.027373 -0.125683
v -0.062841 -0.027373 -0.108844
v 0.000000 0.011679 -0.116116
v 0.000000 0.066906 -0.048097
v -0.044436 0.044785 -0.076965
v -0.024048 0.066906 -0.041653
v 0.000000 0.044785 -0.088871
v -0.044436 0.044785 -0.076965
v 0.000000 0.066906 -0.048097
v 0.044436 0.044785 -0.076965
v 0.000000 0.011679 -0.116116
v 0.000000 0.044785 -0.088871
v 0.058058 0.011679 -0.100559
v 0.000000 0.011679 -0.116116
v 0.044436 0.044785 -0.076965
v 0.024048 0.066906 -0.041653
v 0.000000 0.066906 -0.048097
v 0.000000 0.074674 0.000000
v 0.024048 -0.121651 -0.041653
v 0.000000 -0.129418 0.000000
v 0.000000 -0.121651 -0.048097
v 0.058058 -0.066424 -0.100559
v 0.000000 -0.099530 -0.088871
v 0.000000 -0.066424 -0.116116
v 0.044436 -0.099530 -0.076965
v 0.000000 -0.099530 -0.088871
v 0.058058 -0.066424 -0.100559
v 0.058058 0.011679 -0.100559
v 0.000000 -0.027373 -0.125683
v 0.000000 0.011679 -0.116116
v 0.062841 -0.027373 -0.108844
v 0.000000 -0.027373 -0.125683
v 0.058058 0.011679 -0.100559
v 0.024048 0.066906 -0.041653
v 0.000000 0.044785 -0.088871
v 0.000000 0.066906 -0.048097
v 0.044436 0.044785 -0.076965
v 0.000000 0.044785 -0.088871
v 0.024048 0.066906 -0.041653
v 0.044436 -0.099530 -0.076965
v 0.000000 -0.121651 -0.048097
v 0.000000 -0.099530 -0.088871
v 0.024048 -0.121651 -0.041653
v 0.000000 -0.121651 -0.048097
v 0.044436 -0.099530 -0.076965
v 0.062841 -0.027373 -0.108844
v 0.000000 -0.066424 -0.116116
v 0.000000 -0.027373 -0.125683
v 0.058058 -0.066424 -0.100559
v 0.000000 -0.066424 -0.116116
v 0.062841 -0.027373 -0.108844
v 0.041653 -0.121651 -0.024048
v 0.000000 -0.129418 0.000000
v 0.024048 -0.121651 -0.041653
v 0.100559 -0.066424 -0.058058
v 0.044436 -0.099530 -0.076965
v 0.058058 -0.066424 -0.100559
v 0.076965 -0.099530 -0.044435
v 0.044436 -0.099530 -0.076965
v 0.100559 -0.066424 -0.058058
v 0.100559 0.011679 -0.058058
v 0.062841 -0.027373 -0.108844
v 0.058058 0.011679 -0.100559
v 0.108844 -0.027373 -0.062841
v 0.062841 -0.027373 -0.108844
v 0.100559 0.011679 -0.058058
v 0.041653 0.066906 -0.024048
v 0.044436 0.044785 -0.076965
v 0.024048 0.066906 -0.041653
v 0.076965 0.044785 -0.044435
v 0.044436 0.044785 -0.076965
v 0.041653 0.066906 -0.024048
v 0.076965 -0.099530 -0.044435
v 0.024048 -0.121651 -0.041653
v 0.044436 -0.099530 -0.076965
v 0.041653 -0.121651 -0.024048
v 0.024048 -0.121651 -0.041653
v 0.076965 -0.099530 -0.044435
v 0.108844 -0.027373 -0.062841
v 0.058058 -0.066424 -0.100559
v 0.062841 -0.027373 -0.108844
v 0.100559 -0.066424 -0.058058
v 0.058058 -0.066424 -0.100559
v 0.108844 -0.027373 -0.062841
v 0.076965 0.044785 -0.044435
v 0.058058 0.011679 -0.100559
v 0.044436 0.044785 -0.076965
v 0.100559 0.011679 -0.058058
v 0.058058 0.011679 -0.100559
v 0.076965 0.044785 -0.044435
v 0.041653 0.066906 -0.024048
v 0.024048 0.066906 -0.041653
v 0.000000 0.074674 0.000000
v 0.048097 0.066906 0.000000
v 0.076965 0.044785 -0.044435
v 0.041653 0.066906 -0.024048
v 0.088871 0.044785 0.000000
v 0.076965 0.044785 -0.044435
v 0.048097 0.066906 0.000000
v 0.088871 -0.099530 0.000000
v 0.041653 -0.121651 -0.024048
v 0.076965 -0.099530 -0.044435
v 0.048097 -0.121651 0.000000
v 0.041653 -0.121651 -0.024048
v 0.088871 -0.099530 0.000000
v 0.125683 -0.027373 0.000000
v 0.100559 -0.066424 -0.058058
v 0.108844 -0.027373 -0.062841
v 0.116116 -0.066424 0.000000
v 0.100559 -0.066424 -0.058058
v 0.125683 -0.027373 0.000000
v 0.088871 0.044785 0.000000
v 0.100559 0.011679 -0.058058
v 0.076965 0.044785 -0.044435
v 0.116116 0.011679 0.000000
v 0.100559 0.011679 -0.058058
v 0.088871 0.044785 0.000000
v 0.048097 0.066906 0.000000
v 0.041653 0.066906 -0.024048
v 0.000000 0.074674 0.000000
v 0.048097 -0.121651 0.000000
v 0.000000 -0.129418 0.000000
v 0.041653 -0.121651 -0.024048
v 0.116116 -0.066424 0.000000
v 0.076965 -0.099530 -0.044435
v 0.100559 -0.066424 -0.058058
v 0.088871 -0.099530 0.000000
v 0.076965 -0.099530 -0.044435
v 0.116116 -0.066424 0.000000
v 0.116116 0.011679 0.000000
v 0.108844 -0.027373 -0.062841
v 0.100559 0.011679 -0.058058
v 0.125683 -0.027373 0.000000
v 0.108844 -0.027373 -0.062841
v 0.116116 0.011679 0.000000
v 0.076965 -0.099530 0.044436
v 0.048097 -0.121651 0.000000
v 0.088871 -0.099530 0.000000
v 0.041653 -0.121651 0.024048
v 0.048097 -0.121651 0.000000
v 0.076965 -0.099530 0.044436
v 0.108844 -0.027373 0.062841
v 0.116116 -0.066424 0.000000
v 0.125683 -0.027373 0.000000
v 0.100559 -0.066424 0.058058
v 0.116116 -0.066424 0.000000
v 0.108844 -0.027373 0.062841
v 0.076965 0.044785 0.044436
v 0.116116 0.011679 0.000000
v 0.088871 0.044785 0.000000
v 0.100559 0.011679 0.058058
v 0.116116 0.011679 0.000000
v 0.076965 0.044785 0.044436
v 0.041653 0.066906 0.024048
v 0.048097 0.066906 0.000000
v 0.000000 0.074674 0.000000
v 0.041653 -0.121651 0.024048
v 0.000000 -0.129418 0.000000
v 0.048097 -0.121651 0.000000
v 0.100559 -0.066424 0.058058
v 0.088871 -0.099530 0.000000
v 0.116116 -0.066424 0.000000
v 0.076965 -0.099530 0.044436
v 0.088871 -0.099530 0.000000
v 0.100559 -0.066424 0.058058
v 0.100559 0.011679 0.058058
v 0.125683 -0.027373 0.000000
v 0.116116 0.011679 0.000000
v 0.108844 -0.027373 0.062841
v 0.125683 -0.027373 0.000000
v 0.100559 0.011679 0.058058
v 0.041653 0.066906 0.024048
v 0.088871 0.044785 0.000000
v 0.048097 0.066906 0.000000
v 0.076965 0.044785 0.044436
v 0.088871 0.044785 0.000000
v 0.041653 0.066906 0.024048
v 0.024048 0.066906 0.041653
v 0.041653 0.066906 0.024048
v 0.000000 0.074674 0.000000
v 0.024048 -0.121651 0.041653
v 0.000000 -0.129418 0.000000
v 0.041653 -0.121651 0.024048
v 0.058058 -0.066424 0.100559
v 0.076965 -0.099530 0.044436
v 0.100559 -0.066424 0.058058
v 0.044436 -0.099530 0.076965
v 0.076965 -0.099530 0.044436
v 0.058058 -0.066424 0.100559
v 0.058058 0.011679 0.100559
v 0.108844 -0.027373 0.062841
v 0.100559 0.011679 0.058058
v 0.062841 -0.027373 0.108844
v 0.108844 -0.027373 0.062841
v 0.058058 0.011679 0.100559
v 0.024048 0.066906 0.041653
v 0.076965 0.044785 0.044436
v 0.041653 0.066906 0.024048
v 0.044436 0.044785 0.076965
v 0.076965 0.044785 0.044436
v 0.024048 0.066906 0.041653
v 0.044436 -0.099530 0.076965
v 0.041653 -0.121651 0.024048
v 0.076965 -0.099530 0.044436
v 0.024048 -0.121651 0.041653
v 0.041653 -0.121651 0.024048
v 0.044436 -0.099530 0.076965
v 0.062841 -0.027373 0.108844
v 0.100559 -0.066424 0.058058
v 0.108844 -0.027373 0.062841
v 0.058058 -0.066424 0.100559
v 0.100559 -0.066424 0.058058
v 0.062841 -0.027373 0.108844
v 0.044436 0.044785 0.076965
v 0.100559 0.011679 0.058058
v 0.076965 0.044785 0.044436
v 0.058058 0.011679 0.100559
v 0.100559 0.011679 0.058058
v 0.044436 0.044785 0.076965
v 0.000000 -0.066424 0.116116
v 0.044436 -0.099530 0.076965
v 0.058058 -0.066424 0.100559
v 0.000000 -0.099530 0.088871
v 0.044436 -0.099530 0.076965
v 0.000000 -0.066424 0.116116
v 0.000000 0.011679 0.116116
v 0.062841 -0.027373 0.108844
v 0.058058 0.011679 0.100559
v 0.000000 -0.027373 0.125683
v 0.062841 -0.027373 0.108844
v 0.000000 0.011679 0.116116
v 0.000000 0.066906 0.048097
v 0.044436 0.044785 0.076965
v 0.024048 0.066906 0.041653
v 0.000000 0.044785 0.088871
v 0.044436 0.044785 0.076965
v 0.000000 0.066906 0.048097
v 0.000000 -0.099530 0.088871
v 0.024048 -0.121651 0.041653
v 0.044436 -0.099530 0.076965
v 0.000000 -0.121651 0.048097
v 0.024048 -0.121651 0.041653
v 0.000000 -0.099530 0.088871
v 0.000000 -0.027373 0.125683
v 0.058058 -0.066424 0.100559
v 0.062841 -0.027373 0.108844
v 0.000000 -0.066424 0.116116
v 0.058058 -0.066424 0.100559
v 0.000000 -0.027373 0.125683
v 0.000000 0.044785 0.088871
v 0.058058 0.011679 0.100559
v 0.044436 0.044785 0.076965
v 0.000000 0.011679 0.116116
v 0.058058 0.011679 0.100559
v 0.000000 0.044785 0.088871
v 0.000000 0.066906 0.048097
v 0.024048 0.066906 0.041653
v 0.000000 0.074674 0.000000
v 0.000000 -0.121651 0.048097
v 0.000000 -0.129418 0.000000
v 0.024048 -0.121651 0.041653
v -0.063857 0.238950 0.063857
v 0.000000 0.066906 0.090308
v 0.000000 0.238950 0.090308
v -0.063857 0.066906 0.063857
v 0.000000 0.066906 0.090308
v -0.063857 0.238950 0.063857
v -0.090308 0.238950 0.000000
v -0.063857 0.066906 0.063857
v -0.063857 0.238950 0.063857
v -0.090308 0.066906 0.000000
v -0.063857 0.066906 0.063857
v -0.090308 0.238950 0.000000
v -0.063857 0.238950 -0.063857
v -0.090308 0.066906 0.000000
v -0.090308 0.238950 0.000000
v -0.063857 0.066906 -0.063857
v -0.090308 0.066906 0.000000
v -0.063857 0.238950 -0.063857
v 0.000000 0.238950 -0.090308
v -0.063857 0.066906 -0.063857
v -0.063857 0.238950 -0.063857
v 0.000000 0.066906 -0.090308
v -0.063857 0.066906 -0.063857
v 0.000000 0.238950 -0.090308
v 0.063857 0.238950 -0.063857
v 0.000000 0.066906 -0.090308
v 0.000000 0.238950 -0.090308
v 0.063857 0.066906 -0.063857
v 0.000000 0.066906 -0.090308
v 0.063857 0.238950 -0.063857
v 0.090308 0.238950 0.000000
v 0.063857 0.066906 -0.063857
v 0.063857 0.238950 -0.063857
v 0.090308 0.066906 0.000000
v 0.063857 0.066906 -0.063857
v 0.090308 0.238950 0.000000
v -0.183976 0.337353 0.000000
v -0.063857 0.238950 -0.063857
v -0.090308 0.238950 0.000000
v -0.130091 0.337353 -0.130091
v -0.063857 0.238950 -0.063857
v -0.183976 0.337353 0.000000
v 0.063857 0.238950 0.063857
v 0.090308 0.066906 0.000000
v 0.090308 0.238950 0.000000
v 0.063857 0.066906 0.063857
v 0.090308 0.066906 0.000000
v 0.063857 0.238950 0.063857
v 0.000000 0.238950 0.090308
v 0.063857 0.066906 0.063857
v 0.063857 0.238950 0.063857
v 0.000000 0.066906 0.090308
v 0.063857 0.066906 0.063857
v 0.000000 0.238950 0.090308
v -0.063857 0.066906 -0.063857
v 0.063857 0.066906 0.063857
v -0.063857 0.066906 0.063857
v 0.183976 0.337353 0.000000
v -0.130091 0.337353 -0.130091
v -0.183976 0.337353 0.000000
v -0.130091 0.337353 0.130091
v -0.090308 0.238950 0.000000
v -0.063857 0.238950 0.063857
v -0.183976 0.337353 0.000000
v -0.090308 0.238950 0.000000
v -0.130091 0.337353 0.130091
v -0.130091 0.337353 -0.130091
v 0.000000 0.238950 -0.090308
v -0.063857 0.238950 -0.063857
v 0.000000 0.337353 -0.183976
v 0.000000 0.238950 -0.090308
v -0.130091 0.337353 -0.130091
v 0.130091 0.337353 0.130091
v 0.000000 0.238950 0.090308
v 0.063857 0.238950 0.063857
v 0.000000 0.337353 0.183976
v 0.000000 0.238950 0.090308
v 0.130091 0.337353 0.130091
v 0.000000 0.337353 0.183976
v -0.063857 0.238950 0.063857
v 0.000000 0.238950 0.090308
v -0.130091 0.337353 0.130091
v -0.063857 0.238950 0.063857
v 0.000000 0.337353 0.183976
v 0.183976 0.337353 0.000000
v 0.063857 0.238950 0.063857
v 0.090308 0.238950 0.000000
v 0.130091 0.337353 0.130091
v 0.063857 0.238950 0.063857
v 0.183976 0.337353 0.000000
v 0.130091 0.337353 -0.130091
v 0.090308 0.238950 0.000000
v 0.063857 0.238950 -0.063857
v 0.183976 0.337353 0.000000
v 0.090308 0.238950 0.000000
v 0.130091 0.337353 -0.130091
v 0.000000 0.337353 -0.183976
v 0.063857 0.238950 -0.063857
v 0.000000 0.238950 -0.090308
v 0.130091 0.337353 -0.130091
v 0.063857 0.238950 -0.063857
v 0.000000 0.337353 -0.183976
v 0.000000 0.337353 -0.044296
v -0.030433 0.354191 -0.052712
v 0.000000 0.354191 -0.060866
v -0.022148 0.337353 -0.038362
v -0.030433 0.354191 -0.052712
v 0.000000 0.337353 -0.044296
v -0.038362 0.337353 0.022148
v -0.030433 0.354191 0.052712
v -0.052712 0.354191 0.030433
v -0.022148 0.337353 0.038362
v -0.030433 0.354191 0.052712
v -0.038362 0.337353 0.022148
v -0.022148 0.337353 -0.038362
v -0.052712 0.354191 -0.030433
v -0.030433 0.354191 -0.052712
v -0.038362 0.337353 -0.022148
v -0.052712 0.354191 -0.030433
v -0.022148 0.337353 -0.038362
v 0.022148 0.337353 0.038362
v 0.052712 0.354191 0.030433
v 0.030433 0.354191 0.052712
v 0.038362 0.337353 0.022148
v 0.052712 0.354191 0.030433
v 0.022148 0.337353 0.038362
v 0.038362 0.337353 -0.022148
v 0.030433 0.354191 -0.052712
v 0.052712 0.354191 -0.030433
v 0.022148 0.337353 -0.038362
v 0.030433 0.354191 -0.052712
v 0.038362 0.337353 -0.022148
v -0.022148 0.337353 0.038362
v 0.000000 0.354191 0.060866
v -0.030433 0.354191 0.052712
v 0.000000 0.337353 0.044297
v 0.000000 0.354191 0.060866
v -0.022148 0.337353 0.038362
v 0.044296 0.337353 0.000000
v 0.052712 0.354191 -0.030433
v 0.060866 0.354191 0.000000
v 0.038362 0.337353 -0.022148
v 0.052712 0.354191 -0.030433
v 0.044296 0.337353 0.000000
v -0.038362 0.337353 -0.022148
v -0.060866 0.354191 0.000000
v -0.052712 0.354191 -0.030433
v -0.044296 0.337353 0.000000
v -0.060866 0.354191 0.000000
v -0.038362 0.337353 -0.022148
v 0.000000 0.337353 0.044297
v 0.030433 0.354191 0.052712
v 0.000000 0.354191 0.060866
v 0.022148 0.337353 0.038362
v 0.030433 0.354191 0.052712
v 0.000000 0.337353 0.044297
v 0.022148 0.337353 -0.038362
v 0.000000 0.354191 -0.060866
v 0.030433 0.354191 -0.052712
v 0.000000 0.337353 -0.044296
v 0.000000 0.354191 -0.060866
v 0.022148 0.337353 -0.038362
v 0.038362 0.337353 0.022148
v 0.060866 0.354191 0.000000
v 0.052712 0.354191 0.030433
v 0.044296 0.337353 0.000000
v 0.060866 0.354191 0.000000
v 0.038362 0.337353 0.022148
v -0.044296 0.337353 0.000000
v -0.052712 0.354191 0.030433
v -0.060866 0.354191 0.000000
v -0.038362 0.337353 0.022148
v -0.052712 0.354191 0.030433
v -0.044296 0.337353 0.000000
v 0.074648 0.337353 -0.074647
v 0.105568 0.408050 0.000000
v 0.074648 0.408050 -0.074647
v 0.105568 0.337353 0.000000
v 0.105568 0.408050 0.000000
v 0.074648 0.337353 -0.074647
v -0.074647 0.337353 0.074648
v -0.105567 0.408050 0.000000
v -0.074647 0.408050 0.074648
v -0.105567 0.337353 0.000000
v -0.105567 0.408050 0.000000
v -0.074647 0.337353 0.074648
v -0.093973 0.408050 0.093973
v 0.000000 0.337353 0.132898
v 0.000000 0.408050 0.132898
v -0.093973 0.337353 0.093973
v 0.000000 0.337353 0.132898
v -0.093973 0.408050 0.093973
v -0.074647 0.408050 -0.074647
v 0.000000 0.408050 -0.132898
v -0.093973 0.408050 -0.093973
v 0.000000 0.408050 -0.105567
v 0.000000 0.408050 -0.132898
v -0.074647 0.408050 -0.074647
v -0.132898 0.408050 0.000000
v -0.093973 0.337353 0.093973
v -0.093973 0.408050 0.093973
v -0.132898 0.337353 0.000000
v -0.093973 0.337353 0.093973
v -0.132898 0.408050 0.000000
v -0.105567 0.337353 0.000000
v -0.074647 0.408050 -0.074647
v -0.105567 0.408050 0.000000
v -0.074647 0.337353 -0.074647
v -0.074647 0.408050 -0.074647
v -0.105567 0.337353 0.000000
v 0.105568 0.408050 0.000000
v 0.093973 0.408050 0.093973
v 0.132898 0.408050 0.000000
v 0.074648 0.408050 0.074648
v 0.093973 0.408050 0.093973
v 0.105568 0.408050 0.000000
v -0.093973 0.408050 -0.093973
v -0.132898 0.337353 0.000000
v -0.132898 0.408050 0.000000
v -0.093973 0.337353 -0.093973
v -0.132898 0.337353 0.000000
v -0.093973 0.408050 -0.093973
v -0.074647 0.337353 -0.074647
v 0.000000 0.408050 -0.105567
v -0.074647 0.408050 -0.074647
v 0.000000 0.337353 -0.105567
v 0.000000 0.408050 -0.105567
v -0.074647 0.337353 -0.074647
v -0.105567 0.408050 0.000000
v -0.093973 0.408050 -0.093973
v -0.132898 0.408050 0.000000
v -0.074647 0.408050 -0.074647
v -0.093973 0.408050 -0.093973
v -0.105567 0.408050 0.000000
v 0.000000 0.408050 -0.132898
v -0.093973 0.337353 -0.093973
v -0.093973 0.408050 -0.093973
v 0.000000 0.337353 -0.132898
v -0.093973 0.337353 -0.093973
v 0.000000 0.408050 -0.132898
v 0.000000 0.337353 0.105568
v -0.074647 0.408050 0.074648
v 0.000000 0.408050 0.105568
v -0.074647 0.337353 0.074648
v -0.074647 0.408050 0.074648
v 0.000000 0.337353 0.105568
v 0.000000 0.408050 0.105568
v -0.093973 0.408050 0.093973
v 0.000000 0.408050 0.132898
v -0.074647 0.408050 0.074648
v -0.093973 0.408050 0.093973
v 0.000000 0.408050 0.105568
v 0.093973 0.408050 -0.093973
v 0.000000 0.337353 -0.132898
v 0.000000 0.408050 -0.132898
v 0.093973 0.337353 -0.093973
v 0.000000 0.337353 -0.132898
v 0.093973 0.408050 -0.093973
v 0.000000 0.337353 -0.105567
v 0.074648 0.408050 -0.074647
v 0.000000 0.408050 -0.105567
v 0.074648 0.337353 -0.074647
v 0.074648 0.408050 -0.074647
v 0.000000 0.337353 -0.105567
v 0.074648 0.408050 -0.074647
v 0.132898 0.408050 0.000000
v 0.093973 0.408050 -0.093973
v 0.105568 0.408050 0.000000
v 0.132898 0.408050 0.000000
v 0.074648 0.408050 -0.074647
v 0.132898 0.408050 0.000000
v 0.093973 0.337353 -0.093973
v 0.093973 0.408050 -0.093973
v 0.132898 0.337353 0.000000
v 0.093973 0.337353 -0.093973
v 0.132898 0.408050 0.000000
v 0.000000 0.408050 -0.105567
v 0.093973 0.408050 -0.093973
v 0.000000 0.408050 -0.132898
v 0.074648 0.408050 -0.074647
v 0.093973 0.408050 -0.093973
v 0.000000 0.408050 -0.105567
v -0.074647 0.408050 0.074648
v -0.132898 0.408050 0.000000
v -0.093973 0.408050 0.093973
v -0.105567 0.408050 0.000000
v -0.132898 0.408050 0.000000
v -0.074647 0.408050 0.074648
v 0.093973 0.408050 0.093973
v 0.132898 0.337353 0.000000
v 0.132898 0.408050 0.000000
v 0.093973 0.337353 0.093973
v 0.132898 0.337353 0.000000
v 0.093973 0.408050 0.093973
v 0.074648 0.337353 0.074648
v 0.000000 0.408050 0.105568
v 0.074648 0.408050 0.074648
v 0.000000 0.337353 0.105568
v 0.000000 0.408050 0.105568
v 0.074648 0.337353 0.074648
v 0.105568 0.337353 0.000000
v 0.074648 0.408050 0.074648
v 0.105568 0.408050 0.000000
v 0.074648 0.337353 0.074648
v 0.074648 0.408050 0.074648
v 0.105568 0.337353 0.000000
v 0.000000 0.408050 0.132898
v 0.093973 0.337353 0.093973
v 0.093973 0.408050 0.093973
v 0.000000 0.337353 0.132898
v 0.093973 0.337353 0.093973
v 0.000000 0.408050 0.132898
v 0.074648 0.408050 0.074648
v 0.000000 0.408050 0.132898
v 0.093973 0.408050 0.093973
v 0.000000 0.408050 0.105568
v 0.000000 0.408050 0.132898
v 0.074648 0.408050 0.074648
v 0.000000 -1.168807 0.375000
v -0.375000 -1.168807 -0.000000
v -0.265165 -1.168807 0.265165
v 0.375000 -1.168807 0.000000
v 0.000000 -1.168807 0.375000
v 0.265165 -1.168807 0.265165
v 0.000000 -1.168807 -0.375000
v 0.375000 -1.168807 0.000000
v 0.265165 -1.168807 -0.265165
v -0.375000 -1.168807 -0.000000
v 0.000000 -1.168807 -0.375000
v -0.265165 -1.168807 -0.265165
v 0.375000 -1.168807 0.000000
v -0.375000 -1.168807 -0.000000
v 0.000000 -1.168807 0.375000
v -0.265165 -1.250000 0.265165
v 0.265165 -1.250000 0.265165
v 0.000000 -1.250000 0.375000
v -0.265165 -1.250000 -0.265165
v -0.265165 -1.250000 0.265165
v -0.375000 -1.250000 -0.000000
v 0.265165 -1.250000 -0.265165
v -0.265165 -1.250000 -0.265165
v 0.000000 -1.250000 -0.375000
v 0.265165 -1.250000 0.265165
v 0.265165 -1.250000 -0.265165
v 0.375000 -1.250000 0.000000
v -0.265165 -1.250000 -0.265165
v 0.265165 -1.250000 0.265165
v -0.265165 -1.250000 0.265165
v 0.000000 -0.121651 0.130508
v -0.130508 -0.121651 0.000000
v -0.092283 -0.121651 0.092283
v -0.130508 -0.121651 0.000000
v 0.000000 -0.121651 0.130508
v 0.092283 -0.121651 0.092283
v -0.130508 -0.121651 0.000000
v 0.092283 -0.121651 0.092283
v 0.130508 -0.121651 0.000000
v 0.000000 -0.121651 -0.130508
v 0.130508 -0.121651 0.000000
v 0.092283 -0.121651 -0.092283
v -0.130508 -0.121651 0.000000
v 0.000000 -0.121651 -0.130508
v -0.092283 -0.121651 -0.092283
v -0.063857 0.066906 0.063857
v 0.063857 0.066906 0.063857
v 0.000000 0.066906 0.090308
v -0.063857 0.066906 -0.063857
v -0.063857 0.066906 0.063857
v -0.090308 0.066906 0.000000
v 0.063857 0.066906 -0.063857
v -0.063857 0.066906 -0.063857
v 0.000000 0.066906 -0.090308
v -0.063857 0.066906 -0.063857
v 0.063857 0.066906 -0.063857
v 0.090308 0.066906 0.000000
v -0.063857 0.066906 -0.063857
v 0.090308 0.066906 0.000000
v 0.063857 0.066906 0.063857
v 0.183976 0.337353 0.000000
v -0.183976 0.337353 0.000000
v -0.130091 0.337353 0.130091
v 0.183976 0.337353 0.000000
v -0.130091 0.337353 0.130091
v 0.000000 0.337353 0.183976
v 0.183976 0.337353 0.000000
v 0.000000 0.337353 0.183976
v 0.130091 0.337353 0.130091
v 0.000000 0.337353 -0.183976
v 0.183976 0.337353 0.000000
v 0.130091 0.337353 -0.130091
v 0.183976 0.337353 0.000000
v 0.000000 0.337353 -0.183976
v -0.130091 0.337353 -0.130091
v -0.039763 0.660264 0.068871
v 0.000000 0.633518 0.086078
v 0.000000 0.660264 0.079526
v -0.043039 0.633518 0.074546
v 0.000000 0.633518 0.086078
v -0.039763 0.660264 0.068871
v -0.016470 0.698088 0.028528
v 0.000000 0.682938 0.060866
v 0.000000 0.698088 0.032941
v -0.030433 0.682938 0.052712
v 0.000000 0.682938 0.060866
v -0.016470 0.698088 0.028528
v -0.030433 0.682938 0.052712
v 0.000000 0.660264 0.079526
v 0.000000 0.682938 0.060866
v -0.039763 0.660264 0.068871
v 0.000000 0.660264 0.079526
v -0.030433 0.682938 0.052712
v -0.016470 0.698088 0.028528
v 0.000000 0.698088 0.032941
v 0.000000 0.703408 0.000000
v -0.052712 0.682938 0.030433
v -0.039763 0.660264 0.068871
v -0.030433 0.682938 0.052712
v -0.068871 0.660264 0.039763
v -0.039763 0.660264 0.068871
v -0.052712 0.682938 0.030433
v -0.028527 0.698088 0.016470
v -0.016470 0.698088 0.028528
v 0.000000 0.703408 0.000000
v -0.068871 0.660264 0.039763
v -0.043039 0.633518 0.074546
v -0.039763 0.660264 0.068871
v -0.074546 0.633518 0.043039
v -0.043039 0.633518 0.074546
v -0.068871 0.660264 0.039763
v -0.028527 0.698088 0.016470
v -0.030433 0.682938 0.052712
v -0.016470 0.698088 0.028528
v -0.052712 0.682938 0.030433
v -0.030433 0.682938 0.052712
v -0.028527 0.698088 0.016470
v -0.060866 0.682938 0.000000
v -0.068871 0.660264 0.039763
v -0.052712 0.682938 0.030433
v -0.079526 0.660264 0.000000
v -0.068871 0.660264 0.039763
v -0.060866 0.682938 0.000000
v -0.032941 0.698088 0.000000
v -0.028527 0.698088 0.016470
v 0.000000 0.703408 0.000000
v -0.079526 0.660264 0.000000
v -0.074546 0.633518 0.043039
v -0.068871 0.660264 0.039763
v -0.086078 0.633518 0.000000
v -0.074546 0.633518 0.043039
v -0.079526 0.660264 0.000000
v -0.032941 0.698088 0.000000
v -0.052712 0.682938 0.030433
v -0.028527 0.698088 0.016470
v -0.060866 0.682938 0.000000
v -0.052712 0.682938 0.030433
v -0.032941 0.698088 0.000000
v -0.068871 0.660264 -0.039763
v -0.086078 0.633518 0.000000
v -0.079526 0.660264 0.000000
v -0.074546 0.633518 -0.043039
v -0.086078 0.633518 0.000000
v -0.068871 0.660264 -0.039763
v -0.028527 0.698088 -0.016470
v -0.060866 0.682938 0.000000
v -0.032941 0.698088 0.000000
v -0.052712 0.682938 -0.030433
v -0.060866 0.682938 0.000000
v -0.028527 0.698088 -0.016470
v -0.052712 0.682938 -0.030433
v -0.079526 0.660264 0.000000
v -0.060866 0.682938 0.000000
v -0.068871 0.660264 -0.039763
v -0.079526 0.660264 0.000000
v -0.052712 0.682938 -0.030433
v -0.028527 0.698088 -0.016470
v -0.032941 0.698088 0.000000
v 0.000000 0.703408 0.000000
v -0.039763 0.660264 -0.068871
v -0.074546 0.633518 -0.043039
v -0.068871 0.660264 -0.039763
v -0.043039 0.633518 -0.074546
v -0.074546 0.633518 -0.043039
v -0.039763 0.660264 -0.068871
v -0.016470 0.698088 -0.028527
v -0.052712 0.682938 -0.030433
v -0.028527 0.698088 -0.016470
v -0.030433 0.682938 -0.052712
v -0.052712 0.682938 -0.030433
v -0.016470 0.698088 -0.028527
v -0.030433 0.682938 -0.052712
v -0.068871 0.660264 -0.039763
v -0.052712 0.682938 -0.030433
v -0.039763 0.660264 -0.068871
v -0.068871 0.660264 -0.039763
v -0.030433 0.682938 -0.052712
v -0.016470 0.698088 -0.028527
v -0.028527 0.698088 -0.016470
v 0.000000 0.703408 0.000000
v 0.000000 0.682938 -0.060866
v -0.039763 0.660264 -0.068871
v -0.030433 0.682938 -0.052712
v 0.000000 0.660264 -0.079526
v -0.039763 0.660264 -0.068871
v 0.000000 0.682938 -0.060866
v 0.000000 0.698088 -0.032941
v -0.016470 0.698088 -0.028527
v 0.000000 0.703408 0.000000
v 0.000000 0.660264 -0.079526
v -0.043039 0.633518 -0.074546
v -0.039763 0.660264 -0.068871
v 0.000000 0.633518 -0.086078
v -0.043039 0.633518 -0.074546
v 0.000000 0.660264 -0.079526
v 0.000000 0.698088 -0.032941
v -0.030433 0.682938 -0.052712
v -0.016470 0.698088 -0.028527
v 0.000000 0.682938 -0.060866
v -0.030433 0.682938 -0.052712
v 0.000000 0.698088 -0.032941
v 0.030433 0.682938 -0.052712
v 0.000000 0.660264 -0.079526
v 0.000000 0.682938 -0.060866
v 0.039763 0.660264 -0.068871
v 0.000000 0.660264 -0.079526
v 0.030433 0.682938 -0.052712
v 0.016470 0.698088 -0.028527
v 0.000000 0.698088 -0.032941
v 0.000000 0.703408 0.000000
v 0.039763 0.660264 -0.068871
v 0.000000 0.633518 -0.086078
v 0.000000 0.660264 -0.079526
v 0.043039 0.633518 -0.074546
v 0.000000 0.633518 -0.086078
v 0.039763 0.660264 -0.068871
v 0.016470 0.698088 -0.028527
v 0.000000 0.682938 -0.060866
v 0.000000 0.698088 -0.032941
v 0.030433 0.682938 -0.052712
v 0.000000 0.682938 -0.060866
v 0.016470 0.698088 -0.028527
v 0.068871 0.660264 -0.039763
v 0.043039 0.633518 -0.074546
v 0.039763 0.660264 -0.068871
v 0.074546 0.633518 -0.043039
v 0.043039 0.633518 -0.074546
v 0.068871 0.660264 -0.039763
v 0.028527 0.698088 -0.016470
v 0.030433 0.682938 -0.052712
v 0.016470 0.698088 -0.028527
v 0.052712 0.682938 -0.030433
v 0.030433 0.682938 -0.052712
v 0.028527 0.698088 -0.016470
v 0.052712 0.682938 -0.030433
v 0.039763 0.660264 -0.068871
v 0.030433 0.682938 -0.052712
v 0.068871 0.660264 -0.039763
v 0.039763 0.660264 -0.068871
v 0.052712 0.682938 -0.030433
v 0.028527 0.698088 -0.016470
v 0.016470 0.698088 -0.028527
v 0.000000 0.703408 0.000000
v 0.032941 0.698088 0.000000
v 0.052712 0.682938 -0.030433
v 0.028527 0.698088 -0.016470
v 0.060866 0.682938 0.000000
v 0.052712 0.682938 -0.030433
v 0.032941 0.698088 0.000000
v 0.060866 0.682938 0.000000
v 0.068871 0.660264 -0.039763
v 0.052712 0.682938 -0.030433
v 0.079526 0.660264 0.000000
v 0.068871 0.660264 -0.039763
v 0.060866 0.682938 0.000000
v 0.032941 0.698088 0.000000
v 0.028527 0.698088 -0.016470
v 0.000000 0.703408 0.000000
v 0.079526 0.660264 0.000000
v 0.074546 0.633518 -0.043039
v 0.068871 0.660264 -0.039763
v 0.086078 0.633518 0.000000
v 0.074546 0.633518 -0.043039
v 0.079526 0.660264 0.000000
v 0.043039 0.447078 0.074546
v 0.074546 0.633518 0.043039
v 0.043039 0.633518 0.074546
v 0.074546 0.447078 0.043039
v 0.074546 0.633518 0.043039
v 0.043039 0.447078 0.074546
v -0.043039 0.447078 0.074546
v 0.000000 0.633518 0.086078
v -0.043039 0.633518 0.074546
v 0.000000 0.447078 0.086078
v 0.000000 0.633518 0.086078
v -0.043039 0.447078 0.074546
v 0.052712 0.682938 0.030433
v 0.079526 0.660264 0.000000
v 0.060866 0.682938 0.000000
v 0.068871 0.660264 0.039763
v 0.079526 0.660264 0.000000
v 0.052712 0.682938 0.030433
v 0.028527 0.698088 0.016470
v 0.032941 0.698088 0.000000
v 0.000000 0.703408 0.000000
v 0.000000 0.447078 0.086078
v 0.043039 0.633518 0.074546
v 0.000000 0.633518 0.086078
v 0.043039 0.447078 0.074546
v 0.043039 0.633518 0.074546
v 0.000000 0.447078 0.086078
v 0.086078 0.447078 0.000000
v 0.074546 0.633518 -0.043039
v 0.086078 0.633518 0.000000
v 0.074546 0.447078 -0.043039
v 0.074546 0.633518 -0.043039
v 0.086078 0.447078 0.000000
v 0.068871 0.660264 0.039763
v 0.086078 0.633518 0.000000
v 0.079526 0.660264 0.000000
v 0.074546 0.633518 0.043039
v 0.086078 0.633518 0.000000
v 0.068871 0.660264 0.039763
v 0.028527 0.698088 0.016470
v 0.060866 0.682938 0.000000
v 0.032941 0.698088 0.000000
v 0.052712 0.682938 0.030433
v 0.060866 0.682938 0.000000
v 0.028527 0.698088 0.016470
v 0.016470 0.698088 0.028528
v 0.028527 0.698088 0.016470
v 0.000000 0.703408 0.000000
v 0.043039 0.447078 -0.074546
v 0.000000 0.633518 -0.086078
v 0.043039 0.633518 -0.074546
v 0.000000 0.447078 -0.086078
v 0.000000 0.633518 -0.086078
v 0.043039 0.447078 -0.074546
v -0.086078 0.447078 0.000000
v -0.074546 0.633518 0.043039
v -0.086078 0.633518 0.000000
v -0.074546 0.447078 0.043039
v -0.074546 0.633518 0.043039
v -0.086078 0.447078 0.000000
v 0.039763 0.660264 0.068871
v 0.074546 0.633518 0.043039
v 0.068871 0.660264 0.039763
v 0.043039 0.633518 0.074546
v 0.074546 0.633518 0.043039
v 0.039763 0.660264 0.068871
v 0.016470 0.698088 0.028528
v 0.052712 0.682938 0.030433
v 0.028527 0.698088 0.016470
v 0.030433 0.682938 0.052712
v 0.052712 0.682938 0.030433
v 0.016470 0.698088 0.028528
v 0.074546 0.447078 -0.043039
v 0.043039 0.633518 -0.074546
v 0.074546 0.633518 -0.043039
v 0.043039 0.447078 -0.074546
v 0.043039 0.633518 -0.074546
v 0.074546 0.447078 -0.043039
v -0.074546 0.447078 -0.043039
v -0.086078 0.633518 0.000000
v -0.074546 0.633518 -0.043039
v -0.086078 0.447078 0.000000
v -0.086078 0.633518 0.000000
v -0.074546 0.447078 -0.043039
v 0.030433 0.682938 0.052712
v 0.068871 0.660264 0.039763
v 0.052712 0.682938 0.030433
v 0.039763 0.660264 0.068871
v 0.068871 0.660264 0.039763
v 0.030433 0.682938 0.052712
v -0.043039 0.447078 -0.074546
v -0.074546 0.633518 -0.043039
v -0.043039 0.633518 -0.074546
v -0.074546 0.447078 -0.043039
v -0.074546 0.633518 -0.043039
v -0.043039 0.447078 -0.074546
v 0.000000 0.660264 0.079526
v 0.043039 0.633518 0.074546
v 0.039763 0.660264 0.068871
v 0.000000 0.633518 0.086078
v 0.043039 0.633518 0.074546
v 0.000000 0.660264 0.079526
v 0.000000 0.698088 0.032941
v 0.030433 0.682938 0.052712
v 0.016470 0.698088 0.028528
v 0.000000 0.682938 0.060866
v 0.030433 0.682938 0.052712
v 0.000000 0.698088 0.032941
v 0.074546 0.447078 0.043039
v 0.086078 0.633518 0.000000
v 0.074546 0.633518 0.043039
v 0.086078 0.447078 0.000000
v 0.086078 0.633518 0.000000
v 0.074546 0.447078 0.043039
v 0.000000 0.447078 -0.086078
v -0.043039 0.633518 -0.074546
v 0.000000 0.633518 -0.086078
v -0.043039 0.447078 -0.074546
v -0.043039 0.633518 -0.074546
v 0.000000 0.447078 -0.086078
v 0.000000 0.682938 0.060866
v 0.039763 0.660264 0.068871
v 0.030433 0.682938 0.052712
v 0.000000 0.660264 0.079526
v 0.039763 0.660264 0.068871
v 0.000000 0.682938 0.060866
v 0.000000 0.698088 0.032941
v 0.016470 0.698088 0.028528
v 0.000000 0.703408 0.000000
v -0.074546 0.447078 0.043039
v -0.043039 0.633518 0.074546
v -0.074546 0.633518 0.043039
v -0.043039 0.447078 0.074546
v -0.043039 0.633518 0.074546
v -0.074546 0.447078 0.043039
v -0.039763 0.420332 0.068871
v 0.000000 0.397658 0.060866
v 0.000000 0.420332 0.079526
v -0.030433 0.397658 0.052712
v 0.000000 0.397658 0.060866
v -0.039763 0.420332 0.068871
v -0.043039 0.447078 0.074546
v 0.000000 0.420332 0.079526
v 0.000000 0.447078 0.086078
v -0.039763 0.420332 0.068871
v 0.000000 0.420332 0.079526
v -0.043039 0.447078 0.074546
v -0.074546 0.447078 0.043039
v -0.039763 0.420332 0.068871
v -0.043039 0.447078 0.074546
v -0.068871 0.420332 0.039763
v -0.039763 0.420332 0.068871
v -0.074546 0.447078 0.043039
v -0.068871 0.420332 0.039763
v -0.030433 0.397658 0.052712
v -0.039763 0.420332 0.068871
v -0.052712 0.397658 0.030433
v -0.030433 0.397658 0.052712
v -0.068871 0.420332 0.039763
v -0.086078 0.447078 0.000000
v -0.068871 0.420332 0.039763
v -0.074546 0.447078 0.043039
v -0.079526 0.420332 0.000000
v -0.068871 0.420332 0.039763
v -0.086078 0.447078 0.000000
v -0.079526 0.420332 0.000000
v -0.052712 0.397658 0.030433
v -0.068871 0.420332 0.039763
v -0.060866 0.397658 0.000000
v -0.052712 0.397658 0.030433
v -0.079526 0.420332 0.000000
v -0.068871 0.420332 -0.039763
v -0.060866 0.397658 0.000000
v -0.079526 0.420332 0.000000
v -0.052712 0.397658 -0.030433
v -0.060866 0.397658 0.000000
v -0.068871 0.420332 -0.039763
v -0.074546 0.447078 -0.043039
v -0.079526 0.420332 0.000000
v -0.086078 0.447078 0.000000
v -0.068871 0.420332 -0.039763
v -0.079526 0.420332 0.000000
v -0.074546 0.447078 -0.043039
v -0.043039 0.447078 -0.074546
v -0.068871 0.420332 -0.039763
v -0.074546 0.447078 -0.043039
v -0.039763 0.420332 -0.068871
v -0.068871 0.420332 -0.039763
v -0.043039 0.447078 -0.074546
v -0.039763 0.420332 -0.068871
v -0.052712 0.397658 -0.030433
v -0.068871 0.420332 -0.039763
v -0.030433 0.397658 -0.052712
v -0.052712 0.397658 -0.030433
v -0.039763 0.420332 -0.068871
v 0.000000 0.447078 -0.086078
v -0.039763 0.420332 -0.068871
v -0.043039 0.447078 -0.074546
v 0.000000 0.420332 -0.079526
v -0.039763 0.420332 -0.068871
v 0.000000 0.447078 -0.086078
v 0.000000 0.420332 -0.079526
v -0.030433 0.397658 -0.052712
v -0.039763 0.420332 -0.068871
v 0.000000 0.397658 -0.060866
v -0.030433 0.397658 -0.052712
v 0.000000 0.420332 -0.079526
v -0.030433 0.354191 -0.052712
v -0.052712 0.397658 -0.030433
v -0.030433 0.397658 -0.052712
v -0.052712 0.354191 -0.030433
v -0.052712 0.397658 -0.030433
v -0.030433 0.354191 -0.052712
v 0.039763 0.420332 -0.068871
v 0.000000 0.397658 -0.060866
v 0.000000 0.420332 -0.079526
v 0.030433 0.397658 -0.052712
v 0.000000 0.397658 -0.060866
v 0.039763 0.420332 -0.068871
v -0.030433 0.354191 0.052712
v 0.000000 0.397658 0.060866
v -0.030433 0.397658 0.052712
v 0.000000 0.354191 0.060866
v 0.000000 0.397658 0.060866
v -0.030433 0.354191 0.052712
v 0.043039 0.447078 -0.074546
v 0.000000 0.420332 -0.079526
v 0.000000 0.447078 -0.086078
v 0.039763 0.420332 -0.068871
v 0.000000 0.420332 -0.079526
v 0.043039 0.447078 -0.074546
v -0.052712 0.354191 -0.030433
v -0.060866 0.397658 0.000000
v -0.052712 0.397658 -0.030433
v -0.060866 0.354191 0.000000
v -0.060866 0.397658 0.000000
v -0.052712 0.354191 -0.030433
v 0.068871 0.420332 -0.039763
v 0.030433 0.397658 -0.052712
v 0.039763 0.420332 -0.068871
v 0.052712 0.397658 -0.030433
v 0.030433 0.397658 -0.052712
v 0.068871 0.420332 -0.039763
v -0.052712 0.354191 0.030433
v -0.030433 0.397658 0.052712
v -0.052712 0.397658 0.030433
v -0.030433 0.354191 0.052712
v -0.030433 0.397658 0.052712
v -0.052712 0.354191 0.030433
v 0.074546 0.447078 -0.043039
v 0.039763 0.420332 -0.068871
v 0.043039 0.447078 -0.074546
v 0.068871 0.420332 -0.039763
v 0.039763 0.420332 -0.068871
v 0.074546 0.447078 -0.043039
v 0.030433 0.354191 -0.052712
v 0.000000 0.397658 -0.060866
v 0.030433 0.397658 -0.052712
v 0.000000 0.354191 -0.060866
v 0.000000 0.397658 -0.060866
v 0.030433 0.354191 -0.052712
v 0.086078 0.447078 0.000000
v 0.068871 0.420332 -0.039763
v 0.074546 0.447078 -0.043039
v 0.079526 0.420332 0.000000
v 0.068871 0.420332 -0.039763
v 0.086078 0.447078 0.000000
v 0.030433 0.354191 0.052712
v 0.052712 0.397658 0.030433
v 0.030433 0.397658 0.052712
v 0.052712 0.354191 0.030433
v 0.052712 0.397658 0.030433
v 0.030433 0.354191 0.052712
v 0.079526 0.420332 0.000000
v 0.052712 0.397658 -0.030433
v 0.068871 0.420332 -0.039763
v 0.060866 0.397658 0.000000
v 0.052712 0.397658 -0.030433
v 0.079526 0.420332 0.000000
v 0.000000 0.354191 0.060866
v 0.030433 0.397658 0.052712
v 0.000000 0.397658 0.060866
v 0.030433 0.354191 0.052712
v 0.030433 0.397658 0.052712
v 0.000000 0.354191 0.060866
v 0.074546 0.447078 0.043039
v 0.079526 0.420332 0.000000
v 0.086078 0.447078 0.000000
v 0.068871 0.420332 0.039763
v 0.079526 0.420332 0.000000
v 0.074546 0.447078 0.043039
v 0.052712 0.354191 0.030433
v 0.060866 0.397658 0.000000
v 0.052712 0.397658 0.030433
v 0.060866 0.354191 0.000000
v 0.060866 0.397658 0.000000
v 0.052712 0.354191 0.030433
v 0.068871 0.420332 0.039763
v 0.060866 0.397658 0.000000
v 0.079526 0.420332 0.000000
v 0.052712 0.397658 0.030433
v 0.060866 0.397658 0.000000
v 0.068871 0.420332 0.039763
v 0.000000 0.354191 -0.060866
v -0.030433 0.397658 -0.052712
v 0.000000 0.397658 -0.060866
v -0.030433 0.354191 -0.052712
v -0.030433 0.397658 -0.052712
v 0.000000 0.354191 -0.060866
v 0.039763 0.420332 0.068871
v 0.052712 0.397658 0.030433
v 0.068871 0.420332 0.039763
v 0.030433 0.397658 0.052712
v 0.052712 0.397658 0.030433
v 0.039763 0.420332 0.068871
v 0.052712 0.354191 -0.030433
v 0.030433 0.397658 -0.052712
v 0.052712 0.397658 -0.030433
v 0.030433 0.354191 -0.052712
v 0.030433 0.397658 -0.052712
v 0.052712 0.354191 -0.030433
v 0.043039 0.447078 0.074546
v 0.068871 0.420332 0.039763
v 0.074546 0.447078 0.043039
v 0.039763 0.420332 0.068871
v 0.068871 0.420332 0.039763
v 0.043039 0.447078 0.074546
v 0.000000 0.420332 0.079526
v 0.030433 0.397658 0.052712
v 0.039763 0.420332 0.068871
v 0.000000 0.397658 0.060866
v 0.030433 0.397658 0.052712
v 0.000000 0.420332 0.079526
v -0.060866 0.354191 0.000000
v -0.052712 0.397658 0.030433
v -0.060866 0.397658 0.000000
v -0.052712 0.354191 0.030433
v -0.052712 0.397658 0.030433
v -0.060866 0.354191 0.000000
v 0.000000 0.447078 0.086078
v 0.039763 0.420332 0.068871
v 0.043039 0.447078 0.074546
v 0.000000 0.420332 0.079526
v 0.039763 0.420332 0.068871
v 0.000000 0.447078 0.086078
v 0.060866 0.354191 0.000000
v 0.052712 0.397658 -0.030433
v 0.060866 0.397658 0.000000
v 0.052712 0.354191 -0.030433
v 0.052712 0.397658 -0.030433
v 0.060866 0.354191 0.000000
v -0.078904 0.202440 0.078904
v 0.000000 0.136280 0.111588
v 0.000000 0.202440 0.111588
v -0.078904 0.136280 0.078904
v 0.000000 0.136280 0.111588
v -0.078904 0.202440 0.078904
v 0.021825 0.202440 0.095604
v -0.021825 0.202440 0.548444
v 0.021825 0.202440 0.548444
v -0.021825 0.202440 0.095604
v -0.021825 0.202440 0.548444
v 0.021825 0.202440 0.095604
v -0.111587 0.202440 0.000000
v -0.078904 0.136280 0.078904
v -0.078904 0.202440 0.078904
v -0.111587 0.136280 0.000000
v -0.078904 0.136280 0.078904
v -0.111587 0.202440 0.000000
v -0.021825 0.166999 0.095604
v 0.021825 0.166999 0.548444
v -0.021825 0.166999 0.548444
v 0.021825 0.166999 0.095604
v 0.021825 0.166999 0.548444
v -0.021825 0.166999 0.095604
v -0.078904 0.202440 -0.078904
v -0.111587 0.136280 0.000000
v -0.111587 0.202440 0.000000
v -0.078904 0.136280 -0.078904
v -0.111587 0.136280 0.000000
v -0.078904 0.202440 -0.078904
v 0.000000 0.202440 -0.111587
v -0.078904 0.136280 -0.078904
v -0.078904 0.202440 -0.078904
v 0.000000 0.136280 -0.111587
v -0.078904 0.136280 -0.078904
v 0.000000 0.202440 -0.111587
v -0.021825 0.202440 0.095604
v -0.021825 0.166999 0.548444
v -0.021825 0.202440 0.548444
v -0.021825 0.166999 0.095604
v -0.021825 0.166999 0.548444
v -0.021825 0.202440 0.095604
v 0.078904 0.202440 -0.078904
v 0.000000 0.136280 -0.111587
v 0.000000 0.202440 -0.111587
v 0.078904 0.136280 -0.078904
v 0.000000 0.136280 -0.111587
v 0.078904 0.202440 -0.078904
v 0.111588 0.202440 0.000000
v 0.078904 0.136280 -0.078904
v 0.078904 0.202440 -0.078904
v 0.111588 0.136280 0.000000
v 0.078904 0.136280 -0.078904
v 0.111588 0.202440 0.000000
v 0.111588 0.202440 0.000000
v -0.078904 0.202440 -0.078904
v -0.111587 0.202440 0.000000
v 0.021825 0.202440 0.548444
v 0.021825 0.166999 0.095604
v 0.021825 0.202440 0.095604
v 0.021825 0.166999 0.548444
v 0.021825 0.166999 0.095604
v 0.021825 0.202440 0.548444
v 0.078904 0.202440 0.078904
v 0.111588 0.136280 0.000000
v 0.111588 0.202440 0.000000
v 0.078904 0.136280 0.078904
v 0.111588 0.136280 0.000000
v 0.078904 0.202440 0.078904
v 0.000000 0.202440 0.111588
v 0.078904 0.136280 0.078904
v 0.078904 0.202440 0.078904
v 0.000000 0.136280 0.111588
v 0.078904 0.136280 0.078904
v 0.000000 0.202440 0.111588
v 0.078904 0.136280 -0.078904
v -0.078904 0.136280 0.078904
v -0.078904 0.136280 -0.078904
v 0.095604 0.202440 -0.021825
v 0.548444 0.202440 0.021825
v 0.548444 0.202440 -0.021825
v 0.095604 0.202440 0.021825
v 0.548444 0.202440 0.021825
v 0.095604 0.202440 -0.021825
v 0.095604 0.166999 0.021825
v 0.548444 0.166999 -0.021825
v 0.548444 0.166999 0.021825
v 0.095604 0.166999 -0.021825
v 0.548444 0.166999 -0.021825
v 0.095604 0.166999 0.021825
v 0.095604 0.202440 0.021825
v 0.548444 0.166999 0.021825
v 0.548444 0.202440 0.021825
v 0.095604 0.166999 0.021825
v 0.548444 0.166999 0.021825
v 0.095604 0.202440 0.021825
v 0.548444 0.202440 -0.021825
v 0.095604 0.166999 -0.021825
v 0.095604 0.202440 -0.021825
v 0.548444 0.166999 -0.021825
v 0.095604 0.166999 -0.021825
v 0.548444 0.202440 -0.021825
v -0.021825 0.202440 -0.095603
v 0.021825 0.202440 -0.548444
v -0.021825 0.202440 -0.548444
v 0.021825 0.202440 -0.095603
v 0.021825 0.202440 -0.548444
v -0.021825 0.202440 -0.095603
v 0.021825 0.166999 -0.095603
v -0.021825 0.166999 -0.548444
v 0.021825 0.166999 -0.548444
v -0.021825 0.166999 -0.095603
v -0.021825 0.166999 -0.548444
v 0.021825 0.166999 -0.095603
v 0.021825 0.202440 -0.095603
v 0.021825 0.166999 -0.548444
v 0.021825 0.202440 -0.548444
v 0.021825 0.166999 -0.095603
v 0.021825 0.166999 -0.548444
v 0.021825 0.202440 -0.095603
v -0.021825 0.202440 -0.548444
v -0.021825 0.166999 -0.095603
v -0.021825 0.202440 -0.095603
v -0.021825 0.166999 -0.548444
v -0.021825 0.166999 -0.095603
v -0.021825 0.202440 -0.548444
v -0.095603 0.202440 0.021825
v -0.548444 0.202440 -0.021825
v -0.548444 0.202440 0.021825
v -0.095603 0.202440 -0.021825
v -0.548444 0.202440 -0.021825
v -0.095603 0.202440 0.021825
v -0.095603 0.166999 -0.021825
v -0.548444 0.166999 0.021825
v -0.548444 0.166999 -0.021825
v -0.095603 0.166999 0.021825
v -0.548444 0.166999 0.021825
v -0.095603 0.166999 -0.021825
v -0.095603 0.202440 -0.021825
v -0.548444 0.166999 -0.021825
v -0.548444 0.202440 -0.021825
v -0.095603 0.166999 -0.021825
v -0.548444 0.166999 -0.021825
v -0.095603 0.202440 -0.021825
v -0.548444 0.202440 0.021825
v -0.095603 0.166999 0.021825
v -0.095603 0.202440 0.021825
v -0.548444 0.166999 0.021825
v -0.095603 0.166999 0.021825
v -0.548444 0.202440 0.021825
v 0.000000 0.166999 -0.590649
v 0.388423 0.166999 -0.388423
v 0.000000 0.166999 -0.549313
v 0.417652 0.166999 -0.417652
v 0.388423 0.166999 -0.388423
v 0.000000 0.166999 -0.590649
v 0.417652 0.202440 0.417652
v 0.549313 0.202440 0.000000
v 0.388423 0.202440 0.388423
v 0.590649 0.202440 0.000000
v 0.549313 0.202440 0.000000
v 0.417652 0.202440 0.417652
v -0.388423 0.202440 0.388423
v 0.000000 0.166999 0.549313
v -0.388423 0.166999 0.388423
v 0.000000 0.202440 0.549313
v 0.000000 0.166999 0.549313
v -0.388423 0.202440 0.388423
v 0.000000 0.202440 0.590649
v 0.388423 0.202440 0.388423
v 0.000000 0.202440 0.549313
v 0.417652 0.202440 0.417652
v 0.388423 0.202440 0.388423
v 0.000000 0.202440 0.590649
v 0.000000 0.202440 0.590649
v 0.417652 0.166999 0.417652
v 0.417652 0.202440 0.417652
v 0.000000 0.166999 0.590649
v 0.417652 0.166999 0.417652
v 0.000000 0.202440 0.590649
v -0.549313 0.202440 0.000000
v -0.388423 0.166999 0.388423
v -0.549313 0.166999 0.000000
v -0.388423 0.202440 0.388423
v -0.388423 0.166999 0.388423
v -0.549313 0.202440 0.000000
v 0.590649 0.202440 0.000000
v 0.388423 0.202440 -0.388423
v 0.549313 0.202440 0.000000
v 0.417652 0.202440 -0.417652
v 0.388423 0.202440 -0.388423
v 0.590649 0.202440 0.000000
v 0.417652 0.202440 0.417652
v 0.590649 0.166999 0.000000
v 0.590649 0.202440 0.000000
v 0.417652 0.166999 0.417652
v 0.590649 0.166999 0.000000
v 0.417652 0.202440 0.417652
v -0.388423 0.202440 -0.388423
v -0.549313 0.166999 0.000000
v -0.388423 0.166999 -0.388423
v -0.549313 0.202440 0.000000
v -0.549313 0.166999 0.000000
v -0.388423 0.202440 -0.388423
v -0.417652 0.202440 -0.417652
v -0.549313 0.202440 0.000000
v -0.388423 0.202440 -0.388423
v -0.590649 0.202440 0.000000
v -0.549313 0.202440 0.000000
v -0.417652 0.202440 -0.417652
v 0.590649 0.202440 0.000000
v 0.417652 0.166999 -0.417652
v 0.417652 0.202440 -0.417652
v 0.590649 0.166999 0.000000
v 0.417652 0.166999 -0.417652
v 0.590649 0.202440 0.000000
v 0.000000 0.202440 -0.549313
v -0.388423 0.166999 -0.388423
v 0.000000 0.166999 -0.549313
v -0.388423 0.202440 -0.388423
v -0.388423 0.166999 -0.388423
v 0.000000 0.202440 -0.549313
v 0.417652 0.166999 0.417652
v 0.000000 0.166999 0.549313
v 0.388423 0.166999 0.388423
v 0.000000 0.166999 0.590649
v 0.000000 0.166999 0.549313
v 0.417652 0.166999 0.417652
v 0.417652 0.202440 -0.417652
v 0.000000 0.166999 -0.590649
v 0.000000 0.202440 -0.590649
v 0.417652 0.166999 -0.417652
v 0.000000 0.166999 -0.590649
v 0.417652 0.202440 -0.417652
v 0.388423 0.202440 -0.388423
v 0.000000 0.166999 -0.549313
v 0.388423 0.166999 -0.388423
v 0.000000 0.202440 -0.549313
v 0.000000 0.166999 -0.549313
v 0.388423 0.202440 -0.388423
v 0.417652 0.166999 -0.417652
v 0.549313 0.166999 0.000000
v 0.388423 0.166999 -0.388423
v 0.590649 0.166999 0.000000
v 0.549313 0.166999 0.000000
v 0.417652 0.166999 -0.417652
v 0.000000 0.202440 -0.590649
v -0.417652 0.166999 -0.417652
v -0.417652 0.202440 -0.417652
v 0.000000 0.166999 -0.590649
v -0.417652 0.166999 -0.417652
v 0.000000 0.202440 -0.590649
v 0.549313 0.202440 0.000000
v 0.388423 0.166999 -0.388423
v 0.549313 0.166999 0.000000
v 0.388423 0.202440 -0.388423
v 0.388423 0.166999 -0.388423
v 0.549313 0.202440 0.000000
v -0.590649 0.202440 0.000000
v -0.417652 0.166999 0.417652
v -0.417652 0.202440 0.417652
v -0.590649 0.166999 0.000000
v -0.417652 0.166999 0.417652
v -0.590649 0.202440 0.000000
v -0.417652 0.202440 -0.417652
v -0.590649 0.166999 0.000000
v -0.590649 0.202440 0.000000
v -0.417652 0.166999 -0.417652
v -0.590649 0.166999 0.000000
v -0.417652 0.202440 -0.417652
v 0.388423 0.202440 0.388423
v 0.549313 0.166999 0.000000
v 0.388423 0.166999 0.388423
v 0.549313 0.202440 0.000000
v 0.549313 0.166999 0.000000
v 0.388423 0.202440 0.388423
v -0.417652 0.166999 0.417652
v -0.549313 0.166999 0.000000
v -0.388423 0.166999 0.388423
v -0.590649 0.166999 0.000000
v -0.549313 0.166999 0.000000
v -0.417652 0.166999 0.417652
v -0.590649 0.166999 0.000000
v -0.388423 0.166999 -0.388423
v -0.549313 0.166999 0.000000
v -0.417652 0.166999 -0.417652
v -0.388423 0.166999 -0.388423
v -0.590649 0.166999 0.000000
v 0.000000 0.202440 0.549313
v 0.388423 0.166999 0.388423
v 0.000000 0.166999 0.549313
v 0.388423 0.202440 0.388423
v 0.388423 0.166999 0.388423
v 0.000000 0.202440 0.549313
v -0.417652 0.202440 0.417652
v 0.000000 0.166999 0.590649
v 0.000000 0.202440 0.590649
v -0.417652 0.166999 0.417652
v 0.000000 0.166999 0.590649
v -0.417652 0.202440 0.417652
v 0.000000 0.166999 0.590649
v -0.388423 0.166999 0.388423
v 0.000000 0.166999 0.549313
v -0.417652 0.166999 0.417652
v -0.388423 0.166999 0.388423
v 0.000000 0.166999 0.590649
v -0.590649 0.202440 0.000000
v -0.388423 0.202440 0.388423
v -0.549313 0.202440 0.000000
v -0.417652 0.202440 0.417652
v -0.388423 0.202440 0.388423
v -0.590649 0.202440 0.000000
v 0.417652 0.202440 -0.417652
v 0.000000 0.202440 -0.549313
v 0.388423 0.202440 -0.388423
v 0.000000 0.202440 -0.590649
v 0.000000 0.202440 -0.549313
v 0.417652 0.202440 -0.417652
v -0.417652 0.166999 -0.417652
v 0.000000 0.166999 -0.549313
v -0.388423 0.166999 -0.388423
v 0.000000 0.166999 -0.590649
v 0.000000 0.166999 -0.549313
v -0.417652 0.166999 -0.417652
v 0.590649 0.166999 0.000000
v 0.388423 0.166999 0.388423
v 0.549313 0.166999 0.000000
v 0.417652 0.166999 0.417652
v 0.388423 0.166999 0.388423
v 0.590649 0.166999 0.000000
v -0.417652 0.202440 0.417652
v 0.000000 0.202440 0.549313
v -0.388423 0.202440 0.388423
v 0.000000 0.202440 0.590649
v 0.000000 0.202440 0.549313
v -0.417652 0.202440 0.417652
v 0.000000 0.202440 -0.590649
v -0.388423 0.202440 -0.388423
v 0.000000 0.202440 -0.549313
v -0.417652 0.202440 -0.417652
v -0.388423 0.202440 -0.388423
v 0.000000 0.202440 -0.590649
v -0.240067 1.000000 0.240067
v 0.000000 0.202440 0.549313
v 0.000000 1.000000 0.339506
v -0.388423 0.202440 0.388423
v 0.000000 0.202440 0.549313
v -0.240067 1.000000 0.240067
v -0.339506 1.000000 0.000000
v -0.388423 0.202440 0.388423
v -0.240067 1.000000 0.240067
v -0.549313 0.202440 0.000000
v -0.388423 0.202440 0.388423
v -0.339506 1.000000 0.000000
v -0.240067 1.000000 -0.240067
v -0.549313 0.202440 0.000000
v -0.339506 1.000000 0.000000
v -0.388423 0.202440 -0.388423
v -0.549313 0.202440 0.000000
v -0.240067 1.000000 -0.240067
v 0.000000 1.000000 -0.339506
v -0.388423 0.202440 -0.388423
v -0.240067 1.000000 -0.240067
v 0.000000 0.202440 -0.549313
v -0.388423 0.202440 -0.388423
v 0.000000 1.000000 -0.339506
v 0.240067 1.000000 -0.240067
v 0.000000 0.202440 -0.549313
v 0.000000 1.000000 -0.339506
v 0.388423 0.202440 -0.388423
v 0.000000 0.202440 -0.549313
v 0.240067 1.000000 -0.240067
v 0.339506 1.000000 0.000000
v 0.388423 0.202440 -0.388423
v 0.240067 1.000000 -0.240067
v 0.549313 0.202440 0.000000
v 0.388423 0.202440 -0.388423
v 0.339506 1.000000 0.000000
v 0.240067 1.000000 0.240067
v 0.549313 0.202440 0.000000
v 0.339506 1.000000 0.000000
v 0.388423 0.202440 0.388423
v 0.549313 0.202440 0.000000
v 0.240067 1.000000 0.240067
v 0.000000 1.000000 0.339506
v 0.388423 0.202440 0.388423
v 0.240067 1.000000 0.240067
v 0.000000 0.202440 0.549313
v 0.388423 0.202440 0.388423
v 0.000000 1.000000 0.339506
v 0.111588 0.202440 0.000000
v -0.111587 0.202440 0.000000
v -0.078904 0.202440 0.078904
v 0.111588 0.202440 0.000000
v -0.078904 0.202440 0.078904
v 0.000000 0.202440 0.111588
v 0.111588 0.202440 0.000000
v 0.000000 0.202440 0.111588
v 0.078904 0.202440 0.078904
v 0.000000 0.202440 -0.111587
v 0.111588 0.202440 0.000000
v 0.078904 0.202440 -0.078904
v 0.111588 0.202440 0.000000
v 0.000000 0.202440 -0.111587
v -0.078904 0.202440 -0.078904
v -0.078904 0.136280 0.078904
v 0.078904 0.136280 0.078904
v 0.000000 0.136280 0.111588
v -0.078904 0.136280 -0.078904
v -0.078904 0.136280 0.078904
v -0.111587 0.136280 0.000000
v 0.078904 0.136280 -0.078904
v -0.078904 0.136280 -0.078904
v 0.000000 0.136280 -0.111587
v 0.078904 0.136280 0.078904
v 0.078904 0.136280 -0.078904
v 0.111588 0.136280 0.000000
v 0.078904 0.136280 -0.078904
v 0.078904 0.136280 0.078904
v -0.078904 0.136280 0.078904

vt 0.483579 0.999626
vt 0.483578 0.874719
vt 0.518914 0.999626
vt 0.483578 0.874719
vt 0.518913 0.874719
vt 0.518914 0.999626
vt 0.483578 0.874719
vt 0.483578 0.749813
vt 0.518913 0.874719
vt 0.483578 0.749812
vt 0.518913 0.749813
vt 0.518913 0.874719
vt 0.483578 0.749813
vt 0.483578 0.624906
vt 0.518913 0.749813
vt 0.483578 0.624906
vt 0.518913 0.624906
vt 0.518913 0.749813
vt 0.483578 0.624906
vt 0.483578 0.499999
vt 0.518913 0.624906
vt 0.483578 0.499999
vt 0.518913 0.499999
vt 0.518913 0.624906
vt 0.483578 0.499999
vt 0.483578 0.375092
vt 0.518913 0.499999
vt 0.483578 0.375092
vt 0.518913 0.375093
vt 0.518913 0.499999
vt 0.483578 0.375092
vt 0.483578 0.250186
vt 0.518913 0.375093
vt 0.483578 0.250186
vt 0.518913 0.250186
vt 0.518913 0.375093
vt 0.301925 0.390995
vt 0.213603 0.604223
vt 0.088696 0.302672
vt 0.483578 0.250186
vt 0.483579 0.125280
vt 0.518913 0.250186
vt 0.483579 0.125280
vt 0.518913 0.125280
vt 0.518913 0.250186
vt 0.483579 0.125280
vt 0.483579 0.000374
vt 0.518913 0.125280
vt 0.483579 0.000374
vt 0.518914 0.000374
vt 0.518913 0.125280
vt 0.213603 0.301925
vt 0.000374 0.213603
vt 0.301925 0.088696
vt 0.586749 0.763323
vt 0.586749 0.734126
vt 0.650593 0.777996
vt 0.586749 0.734126
vt 0.650593 0.719453
vt 0.650593 0.777996
vt 0.674273 0.436600
vt 0.674273 0.407403
vt 0.738117 0.451273
vt 0.674273 0.407403
vt 0.738117 0.392730
vt 0.738117 0.451273
vt 0.216151 0.754534
vt 0.216151 0.725337
vt 0.279995 0.769207
vt 0.216151 0.725337
vt 0.279995 0.710664
vt 0.279995 0.769207
vt 0.369761 0.682911
vt 0.369761 0.653714
vt 0.433604 0.697584
vt 0.369761 0.653714
vt 0.433604 0.639041
vt 0.433604 0.697584
vt 0.711222 0.704032
vt 0.711222 0.674835
vt 0.775066 0.718705
vt 0.711222 0.674835
vt 0.775066 0.660162
vt 0.775066 0.718705
vt 0.369761 0.742202
vt 0.369761 0.713005
vt 0.433604 0.756875
vt 0.369761 0.713005
vt 0.433604 0.698332
vt 0.433604 0.756875
vt 0.676039 0.436600
vt 0.635662 0.431390
vt 0.676039 0.407403
vt 0.635662 0.431390
vt 0.635662 0.412612
vt 0.676039 0.407403
vt 0.711222 0.763323
vt 0.711222 0.734126
vt 0.775066 0.777996
vt 0.711222 0.734126
vt 0.775066 0.719453
vt 0.775066 0.777996
vt 0.586749 0.704032
vt 0.586749 0.674835
vt 0.650593 0.718705
vt 0.586749 0.674835
vt 0.650593 0.660162
vt 0.650593 0.718705
vt 0.775365 0.056706
vt 0.591674 0.056706
vt 0.775365 0.037929
vt 0.591674 0.056706
vt 0.591674 0.037929
vt 0.775365 0.037929
vt 0.712988 0.704032
vt 0.672611 0.698822
vt 0.712989 0.674835
vt 0.672611 0.698822
vt 0.672611 0.680045
vt 0.712988 0.674835
vt 0.588516 0.704032
vt 0.548138 0.698822
vt 0.588516 0.674835
vt 0.548138 0.698822
vt 0.548138 0.680045
vt 0.588516 0.674835
vt 0.588516 0.763323
vt 0.548138 0.758113
vt 0.588516 0.734126
vt 0.548138 0.758113
vt 0.548138 0.739336
vt 0.588516 0.734126
vt 0.217918 0.754534
vt 0.177540 0.749325
vt 0.217918 0.725337
vt 0.177540 0.749325
vt 0.177540 0.730547
vt 0.217918 0.725337
vt 0.371527 0.742202
vt 0.331150 0.736992
vt 0.371527 0.713005
vt 0.331150 0.736992
vt 0.331150 0.718214
vt 0.371527 0.713005
vt 0.371527 0.682911
vt 0.331150 0.677701
vt 0.371527 0.653714
vt 0.331150 0.677701
vt 0.331150 0.658924
vt 0.371527 0.653714
vt 0.712988 0.763323
vt 0.672611 0.758113
vt 0.712988 0.734126
vt 0.672611 0.758113
vt 0.672611 0.739336
vt 0.712988 0.734126
vt 0.302672 0.271247
vt 0.318113 0.259900
vt 0.311778 0.298649
vt 0.318113 0.259900
vt 0.326689 0.296523
vt 0.311778 0.298649
vt 0.775365 0.094261
vt 0.591674 0.094261
vt 0.775365 0.075483
vt 0.591674 0.094261
vt 0.591674 0.075484
vt 0.775365 0.075484
vt 0.775365 0.131815
vt 0.591674 0.131816
vt 0.775365 0.113038
vt 0.591674 0.131816
vt 0.591674 0.113038
vt 0.775365 0.113038
vt 0.775365 0.037929
vt 0.591674 0.037929
vt 0.775365 0.019152
vt 0.591674 0.037929
vt 0.591674 0.019151
vt 0.775365 0.019152
vt 0.775365 0.075484
vt 0.591674 0.075484
vt 0.775365 0.056706
vt 0.591674 0.075484
vt 0.591674 0.056706
vt 0.775365 0.056706
vt 0.775365 0.113038
vt 0.591674 0.113038
vt 0.775365 0.094261
vt 0.591674 0.113038
vt 0.591674 0.094261
vt 0.775365 0.094261
vt 0.775365 0.150593
vt 0.591675 0.150593
vt 0.775365 0.131815
vt 0.591675 0.150593
vt 0.591674 0.131816
vt 0.775365 0.131815
vt 0.775365 0.019152
vt 0.591674 0.019151
vt 0.775365 0.000374
vt 0.591674 0.019151
vt 0.591674 0.000374
vt 0.775365 0.000374
vt 0.312658 0.442264
vt 0.323791 0.446100
vt 0.302672 0.462718
vt 0.323791 0.446100
vt 0.311908 0.473166
vt 0.302672 0.462718
vt 0.316864 0.396520
vt 0.329151 0.397508
vt 0.315944 0.419718
vt 0.329151 0.397508
vt 0.327901 0.421523
vt 0.315944 0.419718
vt 0.316223 0.349026
vt 0.329096 0.349392
vt 0.316817 0.372960
vt 0.329096 0.349392
vt 0.329348 0.373591
vt 0.316817 0.372960
vt 0.311778 0.298649
vt 0.326689 0.296523
vt 0.314913 0.324454
vt 0.326689 0.296523
vt 0.328464 0.324280
vt 0.314913 0.324454
vt 0.315944 0.419718
vt 0.327901 0.421523
vt 0.312658 0.442264
vt 0.327901 0.421523
vt 0.323791 0.446100
vt 0.312658 0.442264
vt 0.316817 0.372960
vt 0.329348 0.373591
vt 0.316864 0.396520
vt 0.329348 0.373591
vt 0.329151 0.397508
vt 0.316864 0.396520
vt 0.314913 0.324454
vt 0.328464 0.324280
vt 0.316223 0.349026
vt 0.328464 0.324280
vt 0.329096 0.349392
vt 0.316223 0.349026
vt 0.267513 0.423319
vt 0.309948 0.422057
vt 0.263403 0.447896
vt 0.302041 0.417786
vt 0.303816 0.445542
vt 0.256603 0.444223
vt 0.271654 0.376979
vt 0.312196 0.374598
vt 0.271457 0.400896
vt 0.311593 0.374220
vt 0.311845 0.398418
vt 0.270939 0.400571
vt 0.268076 0.326076
vt 0.310511 0.324814
vt 0.268708 0.351188
vt 0.313040 0.326287
vt 0.311790 0.350303
vt 0.270884 0.352456
vt 0.227287 0.246979
vt 0.291111 0.256059
vt 0.235863 0.283602
vt 0.318597 0.268900
vt 0.306715 0.295965
vt 0.259501 0.294645
vt 0.256603 0.444223
vt 0.303816 0.445542
vt 0.244721 0.471288
vt 0.276330 0.432701
vt 0.284906 0.469324
vt 0.221083 0.460244
vt 0.270939 0.400571
vt 0.311845 0.398418
vt 0.269689 0.424586
vt 0.309316 0.396945
vt 0.309948 0.422057
vt 0.267513 0.423319
vt 0.270884 0.352455
vt 0.311790 0.350303
vt 0.271136 0.376654
vt 0.312393 0.350681
vt 0.312196 0.374598
vt 0.271654 0.376979
vt 0.259501 0.294645
vt 0.306715 0.295965
vt 0.261276 0.322402
vt 0.314621 0.300237
vt 0.310511 0.324814
vt 0.268076 0.326076
vt 0.384838 0.298149
vt 0.395970 0.301985
vt 0.380728 0.322726
vt 0.395970 0.301985
vt 0.392685 0.324531
vt 0.380728 0.322726
vt 0.380165 0.419969
vt 0.393716 0.419795
vt 0.381940 0.447726
vt 0.393716 0.419795
vt 0.396851 0.445600
vt 0.381940 0.447726
vt 0.379281 0.370658
vt 0.391812 0.371289
vt 0.379532 0.394857
vt 0.391812 0.371289
vt 0.392406 0.395223
vt 0.379532 0.394857
vt 0.380728 0.322726
vt 0.392685 0.324531
vt 0.379478 0.346741
vt 0.392685 0.324531
vt 0.391765 0.347729
vt 0.379478 0.346741
vt 0.396720 0.271083
vt 0.405956 0.281531
vt 0.384838 0.298149
vt 0.405956 0.281531
vt 0.395970 0.301985
vt 0.384838 0.298149
vt 0.381940 0.447726
vt 0.396851 0.445600
vt 0.390516 0.484349
vt 0.396851 0.445600
vt 0.405956 0.473002
vt 0.390516 0.484349
vt 0.379532 0.394857
vt 0.392406 0.395223
vt 0.380165 0.419969
vt 0.392406 0.395223
vt 0.393716 0.419795
vt 0.380165 0.419969
vt 0.379478 0.346741
vt 0.391765 0.347729
vt 0.379281 0.370658
vt 0.391765 0.347729
vt 0.391812 0.371289
vt 0.379281 0.370658
vt 0.833381 0.524995
vt 0.766702 0.524995
vt 0.833381 0.506218
vt 0.766702 0.524995
vt 0.766702 0.506218
vt 0.833381 0.506218
vt 0.833381 0.562550
vt 0.766702 0.562550
vt 0.833381 0.543772
vt 0.766702 0.562550
vt 0.766702 0.543772
vt 0.833381 0.543772
vt 0.833381 0.600105
vt 0.766702 0.600104
vt 0.833381 0.581327
vt 0.766702 0.600104
vt 0.766702 0.581327
vt 0.833381 0.581327
vt 0.833381 0.637659
vt 0.766702 0.637659
vt 0.833381 0.618882
vt 0.766701 0.637659
vt 0.766702 0.618882
vt 0.833381 0.618882
vt 0.833381 0.543772
vt 0.766702 0.543772
vt 0.833381 0.524995
vt 0.766702 0.543772
vt 0.766702 0.524995
vt 0.833381 0.524995
vt 0.833381 0.581327
vt 0.766702 0.581327
vt 0.833381 0.562550
vt 0.766702 0.581327
vt 0.766702 0.562550
vt 0.833381 0.562550
vt 0.833381 0.618882
vt 0.766702 0.618882
vt 0.833381 0.600104
vt 0.766702 0.618882
vt 0.766702 0.600104
vt 0.833381 0.600104
vt 0.833381 0.656437
vt 0.766702 0.656437
vt 0.833381 0.637659
vt 0.766702 0.656437
vt 0.766702 0.637659
vt 0.833381 0.637659
vt 0.789959 0.483144
vt 0.753635 0.486136
vt 0.789959 0.464367
vt 0.753635 0.486136
vt 0.753635 0.461374
vt 0.789960 0.464367
vt 0.882922 0.344267
vt 0.846597 0.347259
vt 0.882922 0.325490
vt 0.846597 0.347259
vt 0.846597 0.322497
vt 0.882922 0.325490
vt 0.594982 0.464367
vt 0.631307 0.461374
vt 0.594982 0.483144
vt 0.631307 0.461374
vt 0.631307 0.486136
vt 0.594982 0.483144
vt 0.882922 0.255832
vt 0.846597 0.258824
vt 0.882922 0.237055
vt 0.846598 0.258824
vt 0.846597 0.234062
vt 0.882922 0.237055
vt 0.602285 0.281272
vt 0.638610 0.278280
vt 0.602285 0.300049
vt 0.638610 0.278280
vt 0.638610 0.303042
vt 0.602285 0.300049
vt 0.204810 0.769969
vt 0.241135 0.766976
vt 0.204810 0.788746
vt 0.241135 0.766976
vt 0.241135 0.791738
vt 0.204810 0.788746
vt 0.290470 0.769969
vt 0.326795 0.766976
vt 0.290470 0.788746
vt 0.326795 0.766976
vt 0.326795 0.791738
vt 0.290470 0.788746
vt 0.183149 0.784784
vt 0.146824 0.787776
vt 0.183149 0.766006
vt 0.146824 0.787776
vt 0.146824 0.763014
vt 0.183149 0.766006
vt 0.343674 0.766977
vt 0.378884 0.757622
vt 0.343674 0.791738
vt 0.378884 0.757622
vt 0.378884 0.801092
vt 0.343674 0.791738
vt 0.129945 0.787776
vt 0.094735 0.797130
vt 0.129945 0.763014
vt 0.094734 0.797130
vt 0.094734 0.753660
vt 0.129945 0.763015
vt 0.736756 0.486136
vt 0.701545 0.495490
vt 0.736756 0.461375
vt 0.701545 0.495490
vt 0.701545 0.452020
vt 0.736756 0.461375
vt 0.829719 0.347259
vt 0.794508 0.356613
vt 0.829719 0.322497
vt 0.794508 0.356613
vt 0.794508 0.313143
vt 0.829719 0.322497
vt 0.648185 0.461374
vt 0.683396 0.452020
vt 0.648186 0.486136
vt 0.683397 0.452020
vt 0.683397 0.495490
vt 0.648186 0.486136
vt 0.829719 0.258824
vt 0.794508 0.268179
vt 0.829719 0.234063
vt 0.794508 0.268178
vt 0.794508 0.224708
vt 0.829719 0.234062
vt 0.655489 0.278280
vt 0.690699 0.268926
vt 0.655488 0.303042
vt 0.690699 0.268926
vt 0.690699 0.312396
vt 0.655488 0.303042
vt 0.258013 0.766976
vt 0.293224 0.757622
vt 0.258014 0.791738
vt 0.293224 0.757622
vt 0.293224 0.801092
vt 0.258013 0.791738
vt 0.254009 0.635709
vt 0.223271 0.709917
vt 0.179801 0.604971
vt 0.304497 0.603201
vt 0.317665 0.604409
vt 0.312710 0.630458
vt 0.250738 0.635017
vt 0.274594 0.653783
vt 0.242163 0.658483
vt 0.294307 0.621581
vt 0.283184 0.635661
vt 0.261324 0.627181
vt 0.199405 0.563684
vt 0.208650 0.594355
vt 0.176410 0.573400
vt 0.259113 0.562089
vt 0.244270 0.569606
vt 0.225312 0.542132
vt 0.307786 0.469464
vt 0.301907 0.482960
vt 0.280684 0.456004
vt 0.329123 0.485487
vt 0.306327 0.484332
vt 0.307443 0.458488
vt 0.286798 0.627809
vt 0.308658 0.636289
vt 0.287103 0.654214
vt 0.314688 0.621049
vt 0.306186 0.640475
vt 0.293018 0.639267
vt 0.213982 0.612801
vt 0.232941 0.640274
vt 0.197506 0.630506
vt 0.270430 0.601155
vt 0.257654 0.611401
vt 0.233798 0.592636
vt 0.227630 0.504558
vt 0.226514 0.530401
vt 0.200189 0.503803
vt 0.275565 0.516212
vt 0.257230 0.520647
vt 0.247986 0.489976
vt 0.412162 0.501040
vt 0.386864 0.491408
vt 0.392742 0.477911
vt 0.286438 0.611197
vt 0.301007 0.622531
vt 0.278479 0.630813
vt 0.310872 0.619849
vt 0.298227 0.633722
vt 0.288153 0.628183
vt 0.262033 0.592480
vt 0.275064 0.612305
vt 0.249525 0.603004
vt 0.293342 0.600841
vt 0.282351 0.608283
vt 0.267220 0.591906
vt 0.284486 0.549917
vt 0.288620 0.568790
vt 0.265924 0.553490
vt 0.305542 0.551897
vt 0.291506 0.558002
vt 0.282413 0.537029
vt 0.408223 0.517714
vt 0.382788 0.520048
vt 0.382948 0.507985
vt 0.304750 0.600660
vt 0.314824 0.606198
vt 0.299884 0.626735
vt 0.269978 0.606292
vt 0.285109 0.622669
vt 0.259535 0.620800
vt 0.301470 0.616096
vt 0.290009 0.625745
vt 0.275439 0.614411
vt 0.265536 0.573278
vt 0.274629 0.594252
vt 0.250494 0.580449
vt 0.292607 0.578038
vt 0.280947 0.584563
vt 0.267916 0.564738
vt 0.327950 0.525498
vt 0.327790 0.537561
vt 0.305174 0.523671
vt 0.340155 0.528021
vt 0.321465 0.533164
vt 0.317331 0.514291
vt 0.287434 0.593303
vt 0.298397 0.610456
vt 0.276630 0.600986
vt 0.305217 0.610238
vt 0.294515 0.616584
vt 0.283233 0.600774
vt 0.316791 0.576724
vt 0.323964 0.591866
vt 0.302467 0.582194
vt 0.324918 0.579372
vt 0.312977 0.587078
vt 0.303396 0.570020
vt 0.410538 0.532250
vt 0.388799 0.544718
vt 0.385090 0.534499
vt 0.305389 0.598568
vt 0.312294 0.606761
vt 0.290514 0.619157
vt 0.284587 0.599047
vt 0.295870 0.614857
vt 0.273598 0.609172
vt 0.304522 0.619765
vt 0.292224 0.626940
vt 0.282008 0.613943
vt 0.297826 0.586577
vt 0.307407 0.603636
vt 0.286005 0.592837
vt 0.310750 0.596248
vt 0.300207 0.602831
vt 0.289244 0.585679
vt 0.349288 0.559405
vt 0.352997 0.569623
vt 0.330444 0.564020
vt 0.353892 0.559180
vt 0.338499 0.568894
vt 0.331325 0.553753
vt 0.289936 0.602979
vt 0.300152 0.615976
vt 0.277694 0.617175
vt 0.306356 0.621196
vt 0.290684 0.630488
vt 0.283779 0.622296
vt 0.306396 0.596530
vt 0.310105 0.606749
vt 0.284656 0.608997
vt 0.291754 0.600811
vt 0.301335 0.617869
vt 0.279814 0.608516
vt 0.300464 0.629290
vt 0.286140 0.634760
vt 0.278967 0.619618
vt 0.315918 0.603890
vt 0.327201 0.619700
vt 0.305216 0.610237
vt 0.320164 0.619926
vt 0.309360 0.627609
vt 0.298397 0.610456
vt 0.370462 0.584349
vt 0.377367 0.592542
vt 0.354790 0.593641
vt 0.370265 0.586566
vt 0.358023 0.600763
vt 0.347807 0.587766
vt 0.291881 0.599208
vt 0.299055 0.614349
vt 0.276487 0.608922
vt 0.298273 0.623473
vt 0.279429 0.628089
vt 0.275720 0.617870
vt 0.300209 0.602832
vt 0.311172 0.619985
vt 0.289666 0.609415
vt 0.307932 0.627142
vt 0.296111 0.633403
vt 0.286530 0.616345
vt 0.338885 0.600107
vt 0.349100 0.613105
vt 0.326587 0.607283
vt 0.339635 0.607734
vt 0.328646 0.617859
vt 0.317364 0.602049
vt 0.417463 0.544261
vt 0.402588 0.564850
vt 0.395683 0.556658
vt 0.326261 0.627705
vt 0.341392 0.644081
vt 0.315269 0.635147
vt 0.322531 0.655911
vt 0.310023 0.666435
vt 0.296992 0.646610
vt 0.394229 0.605878
vt 0.404303 0.611416
vt 0.381584 0.619750
vt 0.393012 0.614486
vt 0.385053 0.634102
vt 0.370483 0.622768
vt 0.290294 0.596055
vt 0.294428 0.614928
vt 0.271604 0.601198
vt 0.283625 0.623263
vt 0.260850 0.621436
vt 0.261009 0.609373
vt 0.302874 0.618868
vt 0.315906 0.638693
vt 0.291215 0.625392
vt 0.298484 0.654403
vt 0.283442 0.661574
vt 0.274349 0.640601
vt 0.358104 0.626385
vt 0.372674 0.637718
vt 0.346643 0.636034
vt 0.354776 0.644909
vt 0.344333 0.659417
vt 0.329202 0.643040
vt 0.428539 0.553219
vt 0.423673 0.579294
vt 0.413600 0.573755
vt 0.308132 0.594367
vt 0.307973 0.606430
vt 0.282698 0.596701
vt 0.290182 0.606595
vt 0.299274 0.627568
vt 0.276145 0.612700
vt 0.283806 0.643010
vt 0.265243 0.646583
vt 0.261110 0.627710
vt 0.284650 0.588309
vt 0.283534 0.614152
vt 0.261854 0.587154
vt 0.259758 0.611945
vt 0.232657 0.598486
vt 0.238535 0.584989
vt 0.292259 0.643560
vt 0.311218 0.671033
vt 0.277416 0.651077
vt 0.262317 0.702301
vt 0.239322 0.712016
vt 0.230078 0.681345
vt 0.381391 0.661634
vt 0.403251 0.670114
vt 0.370268 0.675714
vt 0.381686 0.705341
vt 0.373111 0.728806
vt 0.349255 0.710041
vt 0.443702 0.557620
vt 0.451915 0.584877
vt 0.438746 0.583669
vt 0.311328 0.592227
vt 0.305450 0.605724
vt 0.286030 0.582595
vt 0.275651 0.612201
vt 0.284895 0.642871
vt 0.257317 0.616636
vt 0.240058 0.655842
vt 0.212617 0.655087
vt 0.213733 0.629243
vt 0.331196 0.664863
vt 0.355052 0.683628
vt 0.318420 0.675109
vt 0.316365 0.723998
vt 0.299889 0.741703
vt 0.280931 0.714229
vt 0.425349 0.625762
vt 0.438518 0.626970
vt 0.416847 0.645189
vt 0.431614 0.644415
vt 0.431919 0.670820
vt 0.410059 0.662341
vt 0.444618 0.525680
vt 0.443502 0.551524
vt 0.417177 0.524925
vt 0.492554 0.537334
vt 0.474220 0.541769
vt 0.464975 0.511098
vt 0.629151 0.522161
vt 0.603852 0.512529
vt 0.609731 0.499032
vt 0.521486 0.624322
vt 0.534654 0.625530
vt 0.529699 0.651579
vt 0.467727 0.656139
vt 0.491583 0.674905
vt 0.459152 0.679605
vt 0.511296 0.642702
vt 0.500173 0.656782
vt 0.478313 0.648303
vt 0.416394 0.584806
vt 0.425639 0.615477
vt 0.393399 0.594522
vt 0.476102 0.583210
vt 0.461259 0.590727
vt 0.442300 0.563254
vt 0.524774 0.490585
vt 0.518895 0.504082
vt 0.497673 0.477125
vt 0.546111 0.506608
vt 0.523315 0.505454
vt 0.524431 0.479610
vt 0.503787 0.648931
vt 0.525647 0.657410
vt 0.504092 0.675336
vt 0.531677 0.642170
vt 0.523175 0.661597
vt 0.510006 0.660389
vt 0.430972 0.633923
vt 0.449930 0.661395
vt 0.414496 0.651627
vt 0.487418 0.622276
vt 0.474642 0.632522
vt 0.450786 0.613757
vt 0.521739 0.621781
vt 0.531812 0.627320
vt 0.516873 0.647856
vt 0.486967 0.627414
vt 0.502098 0.643790
vt 0.476524 0.641921
vt 0.518459 0.637218
vt 0.506997 0.646866
vt 0.492428 0.635533
vt 0.482525 0.594400
vt 0.491617 0.615373
vt 0.467484 0.601571
vt 0.509596 0.599160
vt 0.497936 0.605685
vt 0.484905 0.585860
vt 0.544938 0.546620
vt 0.544779 0.558683
vt 0.522163 0.544793
vt 0.557144 0.549142
vt 0.538453 0.554285
vt 0.534320 0.535412
vt 0.503427 0.632319
vt 0.517996 0.643652
vt 0.495468 0.651935
vt 0.527860 0.640970
vt 0.515215 0.654843
vt 0.505142 0.649304
vt 0.479021 0.613602
vt 0.492053 0.633426
vt 0.466513 0.624125
vt 0.510332 0.621963
vt 0.499340 0.629404
vt 0.484209 0.613028
vt 0.501475 0.571038
vt 0.505609 0.589911
vt 0.482913 0.574611
vt 0.522531 0.573018
vt 0.508495 0.579123
vt 0.499402 0.558150
vt 0.625212 0.538836
vt 0.599777 0.541169
vt 0.599936 0.529106
vt 0.566277 0.580526
vt 0.569985 0.590745
vt 0.547433 0.585142
vt 0.570881 0.580301
vt 0.555487 0.590016
vt 0.548313 0.574874
vt 0.506925 0.624100
vt 0.517141 0.637097
vt 0.494682 0.638297
vt 0.523345 0.642317
vt 0.507673 0.651609
vt 0.500768 0.643417
vt 0.504422 0.614425
vt 0.515386 0.631577
vt 0.493619 0.622107
vt 0.522206 0.631359
vt 0.511504 0.637705
vt 0.500222 0.621896
vt 0.533779 0.597845
vt 0.540953 0.612987
vt 0.519456 0.603316
vt 0.541905 0.600493
vt 0.529965 0.608198
vt 0.520384 0.591141
vt 0.627527 0.553371
vt 0.605788 0.565839
vt 0.602079 0.555620
vt 0.522377 0.619690
vt 0.529283 0.627882
vt 0.507503 0.640279
vt 0.501577 0.620169
vt 0.512859 0.635979
vt 0.490587 0.630294
vt 0.521511 0.640887
vt 0.509213 0.648062
vt 0.498997 0.635065
vt 0.514815 0.607699
vt 0.524397 0.624757
vt 0.502994 0.613959
vt 0.527739 0.617370
vt 0.517197 0.623953
vt 0.506233 0.606801
vt 0.508870 0.620329
vt 0.516044 0.635470
vt 0.493476 0.630043
vt 0.515262 0.644594
vt 0.496418 0.649210
vt 0.492709 0.638992
vt 0.517197 0.623953
vt 0.528161 0.641106
vt 0.506655 0.630537
vt 0.524921 0.648263
vt 0.513100 0.654524
vt 0.503519 0.637466
vt 0.555872 0.621228
vt 0.566089 0.634225
vt 0.543575 0.628403
vt 0.556624 0.628856
vt 0.545635 0.638981
vt 0.534353 0.623171
vt 0.634452 0.565382
vt 0.619577 0.585971
vt 0.612671 0.577779
vt 0.523385 0.617651
vt 0.527094 0.627870
vt 0.501645 0.630119
vt 0.508743 0.621933
vt 0.518324 0.638990
vt 0.496802 0.629638
vt 0.517452 0.650412
vt 0.503129 0.655882
vt 0.495955 0.640740
vt 0.532907 0.625011
vt 0.544190 0.640822
vt 0.522205 0.631358
vt 0.537153 0.641047
vt 0.526350 0.648730
vt 0.515386 0.631577
vt 0.587451 0.605471
vt 0.594356 0.613663
vt 0.571778 0.614762
vt 0.587254 0.607687
vt 0.575012 0.621884
vt 0.564796 0.608887
vt 0.645528 0.574340
vt 0.640662 0.600415
vt 0.630588 0.594876
vt 0.525121 0.615488
vt 0.524962 0.627551
vt 0.499686 0.617822
vt 0.507170 0.627717
vt 0.516263 0.648690
vt 0.493134 0.633822
vt 0.500795 0.664131
vt 0.482232 0.667705
vt 0.478099 0.648832
vt 0.543250 0.648826
vt 0.558382 0.665203
vt 0.532258 0.656267
vt 0.539520 0.677033
vt 0.527012 0.687557
vt 0.513981 0.667732
vt 0.611218 0.626998
vt 0.621291 0.632536
vt 0.598573 0.640871
vt 0.610000 0.635607
vt 0.602041 0.655223
vt 0.587472 0.643889
vt 0.507283 0.617177
vt 0.511417 0.636050
vt 0.488593 0.622320
vt 0.500614 0.644384
vt 0.477839 0.642557
vt 0.477998 0.630494
vt 0.519864 0.639989
vt 0.532895 0.659813
vt 0.508204 0.646513
vt 0.515473 0.675525
vt 0.500431 0.682695
vt 0.491338 0.661722
vt 0.575093 0.647506
vt 0.589663 0.658840
vt 0.563632 0.657155
vt 0.571764 0.666030
vt 0.561322 0.680538
vt 0.546191 0.664161
vt 0.492640 0.633322
vt 0.501885 0.663993
vt 0.474305 0.637757
vt 0.457046 0.676963
vt 0.429605 0.676208
vt 0.430721 0.650365
vt 0.548186 0.685985
vt 0.572042 0.704750
vt 0.535410 0.696231
vt 0.533355 0.745119
vt 0.516879 0.762823
vt 0.497920 0.735350
vt 0.642338 0.646884
vt 0.655506 0.648092
vt 0.633836 0.666310
vt 0.648603 0.665536
vt 0.648909 0.691941
vt 0.627048 0.683461
vt 0.501638 0.609430
vt 0.500523 0.635273
vt 0.478843 0.608275
vt 0.476747 0.633066
vt 0.449646 0.619607
vt 0.455525 0.606110
vt 0.509248 0.664681
vt 0.528207 0.692154
vt 0.494405 0.672198
vt 0.479306 0.723423
vt 0.456311 0.733138
vt 0.447066 0.702468
vt 0.598380 0.682755
vt 0.620240 0.691235
vt 0.587256 0.696835
vt 0.598674 0.726463
vt 0.590099 0.749929
vt 0.566243 0.731163
vt 0.660690 0.578741
vt 0.668904 0.605998
vt 0.655735 0.604790
vt 0.528317 0.613348
vt 0.522438 0.626845
vt 0.503019 0.603717
vt 0.757276 0.391982
vt 0.757276 0.361902
vt 0.832149 0.391982
vt 0.757276 0.361902
vt 0.832149 0.361902
vt 0.832149 0.391982
vt 0.757276 0.361902
vt 0.757276 0.331822
vt 0.832149 0.361902
vt 0.757276 0.331822
vt 0.832149 0.331822
vt 0.832149 0.361902
vt 0.757276 0.331822
vt 0.757276 0.301742
vt 0.832149 0.331822
vt 0.757276 0.301742
vt 0.832149 0.301742
vt 0.832149 0.331822
vt 0.757276 0.301742
vt 0.757276 0.271662
vt 0.832149 0.301742
vt 0.757276 0.271662
vt 0.832149 0.271662
vt 0.832149 0.301742
vt 0.757276 0.271662
vt 0.757276 0.241581
vt 0.832149 0.271662
vt 0.757276 0.241581
vt 0.832149 0.241581
vt 0.832149 0.271662
vt 0.757276 0.241581
vt 0.757276 0.211501
vt 0.832149 0.241581
vt 0.757276 0.211501
vt 0.832149 0.211501
vt 0.832149 0.241581
vt 0.488691 0.102354
vt 0.455765 0.151121
vt 0.469116 0.079515
vt 0.455765 0.151122
vt 0.415885 0.104594
vt 0.469116 0.079515
vt 0.757276 0.211501
vt 0.757276 0.181421
vt 0.832149 0.211501
vt 0.757276 0.181421
vt 0.832149 0.181421
vt 0.832149 0.211501
vt 0.757276 0.181421
vt 0.757276 0.151341
vt 0.832149 0.181421
vt 0.757276 0.151341
vt 0.832149 0.151341
vt 0.832149 0.181421
vt 0.721417 0.151341
vt 0.772767 0.172611
vt 0.700147 0.202691
vt 0.043705 0.752913
vt 0.104984 0.604971
vt 0.104984 0.752913
vt 0.470185 0.080288
vt 0.463057 0.138697
vt 0.442361 0.068859
vt 0.463056 0.138697
vt 0.406373 0.115413
vt 0.442361 0.068859
vt 0.495130 0.130423
vt 0.443619 0.158867
vt 0.488091 0.101178
vt 0.443619 0.158867
vt 0.429279 0.099289
vt 0.488091 0.101178
vt 0.413688 0.187982
vt 0.402826 0.130151
vt 0.443666 0.190466
vt 0.402826 0.130151
vt 0.463896 0.135210
vt 0.443666 0.190466
vt 0.443666 0.069061
vt 0.463896 0.124316
vt 0.413688 0.071544
vt 0.463896 0.124316
vt 0.402826 0.129375
vt 0.413688 0.071544
vt 0.442361 0.190668
vt 0.406373 0.144113
vt 0.470185 0.179238
vt 0.406373 0.144113
vt 0.463057 0.120829
vt 0.470185 0.179238
vt 0.469115 0.180011
vt 0.415885 0.154932
vt 0.488691 0.157173
vt 0.415885 0.154932
vt 0.455765 0.108405
vt 0.488691 0.157173
vt 0.488091 0.158348
vt 0.429279 0.160237
vt 0.495130 0.129103
vt 0.429279 0.160237
vt 0.443619 0.100659
vt 0.495130 0.129103
vt 0.290089 0.360365
vt 0.280032 0.358499
vt 0.290089 0.346653
vt 0.280032 0.358499
vt 0.280032 0.348520
vt 0.290089 0.346655
vt 0.290089 0.418202
vt 0.280032 0.416336
vt 0.290090 0.404491
vt 0.280032 0.416335
vt 0.280033 0.406357
vt 0.290089 0.404490
vt 0.546866 0.274359
vt 0.556923 0.276226
vt 0.546866 0.288071
vt 0.556923 0.276226
vt 0.556922 0.286204
vt 0.546866 0.288070
vt 0.290089 0.389283
vt 0.280032 0.387417
vt 0.290089 0.375571
vt 0.280032 0.387418
vt 0.280032 0.377439
vt 0.290089 0.375573
vt 0.290088 0.403744
vt 0.280032 0.401877
vt 0.290089 0.390032
vt 0.280032 0.401878
vt 0.280032 0.391899
vt 0.290089 0.390032
vt 0.290089 0.288070
vt 0.280033 0.286204
vt 0.290089 0.274358
vt 0.280032 0.286204
vt 0.280032 0.276226
vt 0.290089 0.274359
vt 0.290089 0.331448
vt 0.280032 0.329581
vt 0.290088 0.317736
vt 0.280032 0.329582
vt 0.280032 0.319603
vt 0.290089 0.317737
vt 0.534719 0.303277
vt 0.544776 0.305143
vt 0.534720 0.316989
vt 0.544775 0.305144
vt 0.544775 0.315122
vt 0.534718 0.316989
vt 0.290089 0.374825
vt 0.280032 0.372959
vt 0.290089 0.361114
vt 0.280032 0.372958
vt 0.280032 0.362979
vt 0.290089 0.361113
vt 0.290089 0.302529
vt 0.280032 0.300662
vt 0.290089 0.288817
vt 0.280032 0.300663
vt 0.280032 0.290684
vt 0.290089 0.288818
vt 0.290089 0.273612
vt 0.280032 0.271746
vt 0.290089 0.259901
vt 0.280032 0.271746
vt 0.280032 0.261767
vt 0.290089 0.259901
vt 0.290089 0.345906
vt 0.280033 0.344040
vt 0.290089 0.332195
vt 0.280032 0.344040
vt 0.280033 0.334062
vt 0.290089 0.332195
vt 0.390417 0.279588
vt 0.359650 0.279587
vt 0.390417 0.244425
vt 0.359650 0.279588
vt 0.359650 0.244425
vt 0.390417 0.244425
vt 0.390417 0.456653
vt 0.359650 0.456652
vt 0.390418 0.421489
vt 0.359650 0.456652
vt 0.359650 0.421489
vt 0.390417 0.421489
vt 0.735681 0.505470
vt 0.735681 0.461204
vt 0.766448 0.505470
vt 0.735681 0.461204
vt 0.766448 0.461204
vt 0.766448 0.505470
vt 0.568543 0.372672
vt 0.557555 0.368120
vt 0.568543 0.328405
vt 0.557555 0.368120
vt 0.557555 0.332957
vt 0.568543 0.328405
vt 0.735681 0.461204
vt 0.735681 0.416938
vt 0.766448 0.461204
vt 0.735681 0.416938
vt 0.766448 0.416938
vt 0.766448 0.461204
vt 0.390417 0.412386
vt 0.359650 0.412386
vt 0.390418 0.377223
vt 0.359650 0.412386
vt 0.359650 0.377223
vt 0.390417 0.377223
vt 0.568543 0.239873
vt 0.557555 0.235322
vt 0.568543 0.195607
vt 0.557555 0.235322
vt 0.557555 0.200159
vt 0.568543 0.195607
vt 0.735681 0.416938
vt 0.735681 0.372672
vt 0.766448 0.416938
vt 0.735681 0.372671
vt 0.766448 0.372672
vt 0.766448 0.416938
vt 0.390417 0.368120
vt 0.359650 0.368120
vt 0.390417 0.332957
vt 0.359650 0.368120
vt 0.359650 0.332957
vt 0.390417 0.332957
vt 0.568543 0.416938
vt 0.557555 0.412386
vt 0.568543 0.372672
vt 0.557555 0.412386
vt 0.557555 0.377223
vt 0.568543 0.372672
vt 0.735681 0.372672
vt 0.735681 0.328405
vt 0.766448 0.372672
vt 0.735681 0.328406
vt 0.766448 0.328405
vt 0.766448 0.372672
vt 0.390417 0.500919
vt 0.359650 0.500919
vt 0.390417 0.465756
vt 0.359650 0.500919
vt 0.359650 0.465756
vt 0.390417 0.465756
vt 0.568543 0.505470
vt 0.557555 0.500919
vt 0.568543 0.461204
vt 0.557555 0.500919
vt 0.557555 0.465756
vt 0.568543 0.461204
vt 0.735681 0.328405
vt 0.735681 0.284139
vt 0.766448 0.328405
vt 0.735681 0.284140
vt 0.766448 0.284140
vt 0.766448 0.328406
vt 0.390417 0.323854
vt 0.359650 0.323853
vt 0.390417 0.288691
vt 0.359650 0.323854
vt 0.359650 0.288691
vt 0.390417 0.288691
vt 0.568543 0.284139
vt 0.557555 0.279588
vt 0.568543 0.239873
vt 0.557555 0.279588
vt 0.557555 0.244425
vt 0.568543 0.239873
vt 0.735681 0.284140
vt 0.735681 0.239873
vt 0.766448 0.284140
vt 0.735680 0.239873
vt 0.766448 0.239873
vt 0.766447 0.284139
vt 0.568543 0.328405
vt 0.557555 0.323854
vt 0.568543 0.284139
vt 0.557555 0.323854
vt 0.557555 0.288691
vt 0.568543 0.284139
vt 0.568543 0.461204
vt 0.557555 0.456652
vt 0.568543 0.416938
vt 0.557555 0.456652
vt 0.557555 0.421489
vt 0.568543 0.416938
vt 0.735680 0.239873
vt 0.735681 0.195607
vt 0.766448 0.239873
vt 0.735681 0.195607
vt 0.766448 0.195607
vt 0.766448 0.239873
vt 0.390417 0.191056
vt 0.359650 0.191056
vt 0.390417 0.155893
vt 0.359650 0.191056
vt 0.359650 0.155893
vt 0.390417 0.155893
vt 0.390418 0.235322
vt 0.359650 0.235322
vt 0.390417 0.200159
vt 0.359651 0.235322
vt 0.359650 0.200159
vt 0.390417 0.200159
vt 0.735680 0.195607
vt 0.735681 0.151341
vt 0.766448 0.195607
vt 0.735681 0.151341
vt 0.766448 0.151341
vt 0.766448 0.195607
vt 0.568543 0.195607
vt 0.557555 0.191055
vt 0.568543 0.151341
vt 0.557555 0.191055
vt 0.557555 0.155893
vt 0.568543 0.151341
vt 0.088696 0.604223
vt 0.000374 0.515901
vt 0.213603 0.604223
vt 0.000374 0.390995
vt 0.088696 0.302672
vt 0.000374 0.515901
vt 0.213603 0.302672
vt 0.301925 0.390995
vt 0.088696 0.302672
vt 0.301925 0.515901
vt 0.213603 0.604223
vt 0.301925 0.390995
vt 0.000374 0.515901
vt 0.088696 0.302672
vt 0.213603 0.604223
vt 0.000374 0.088696
vt 0.088696 0.000374
vt 0.000374 0.213603
vt 0.213603 0.000374
vt 0.301925 0.088696
vt 0.088696 0.000374
vt 0.301925 0.213603
vt 0.213603 0.301925
vt 0.301925 0.088696
vt 0.088696 0.301925
vt 0.000374 0.213603
vt 0.213603 0.301925
vt 0.088696 0.000374
vt 0.301925 0.088696
vt 0.000374 0.213603
vt 0.179801 0.709917
vt 0.149063 0.679179
vt 0.223271 0.709917
vt 0.149063 0.635709
vt 0.223271 0.709917
vt 0.149063 0.679179
vt 0.179801 0.604971
vt 0.223271 0.709917
vt 0.149063 0.635709
vt 0.223271 0.604971
vt 0.254009 0.635709
vt 0.179801 0.604971
vt 0.254009 0.679179
vt 0.223271 0.709917
vt 0.254009 0.635709
vt 0.700147 0.172611
vt 0.721417 0.151341
vt 0.700147 0.202691
vt 0.751497 0.151341
vt 0.772767 0.172611
vt 0.721417 0.151341
vt 0.772767 0.202691
vt 0.751497 0.223961
vt 0.772767 0.172611
vt 0.721417 0.223961
vt 0.772767 0.172611
vt 0.751497 0.223961
vt 0.700147 0.202691
vt 0.772767 0.172611
vt 0.721417 0.223961
vt 0.000374 0.709581
vt 0.104984 0.604971
vt 0.043705 0.752913
vt 0.000374 0.648302
vt 0.104984 0.604971
vt 0.000374 0.709581
vt 0.043705 0.604971
vt 0.104984 0.604971
vt 0.000374 0.648302
vt 0.148315 0.648302
vt 0.148315 0.709581
vt 0.104984 0.604971
vt 0.104984 0.752913
vt 0.104984 0.604971
vt 0.148315 0.709581
vt 0.811270 0.342216
vt 0.811270 0.332569
vt 0.817703 0.342613
vt 0.811270 0.332570
vt 0.817705 0.332172
vt 0.817704 0.342614
vt 0.754123 0.339391
vt 0.754123 0.335396
vt 0.761342 0.341085
vt 0.754124 0.335395
vt 0.761342 0.333702
vt 0.761342 0.341085
vt 0.789808 0.341085
vt 0.789807 0.333702
vt 0.796561 0.342216
vt 0.789807 0.333701
vt 0.796563 0.332570
vt 0.796562 0.342217
vt 0.707740 0.337393
vt 0.715295 0.335395
vt 0.715294 0.339391
vt 0.789807 0.330643
vt 0.789808 0.323260
vt 0.796562 0.331775
vt 0.789807 0.323260
vt 0.796560 0.322128
vt 0.796561 0.331775
vt 0.707740 0.326951
vt 0.715294 0.324953
vt 0.715294 0.328949
vt 0.811270 0.331774
vt 0.811271 0.322127
vt 0.817704 0.332172
vt 0.811271 0.322128
vt 0.817706 0.321731
vt 0.817707 0.332173
vt 0.754123 0.328950
vt 0.754123 0.324954
vt 0.761342 0.330644
vt 0.754124 0.324954
vt 0.761342 0.323260
vt 0.761342 0.330643
vt 0.789805 0.320202
vt 0.789806 0.312819
vt 0.796560 0.321333
vt 0.789807 0.312818
vt 0.796562 0.311686
vt 0.796562 0.321333
vt 0.707740 0.316510
vt 0.715294 0.314512
vt 0.715294 0.318507
vt 0.811271 0.321332
vt 0.811271 0.311686
vt 0.817707 0.321730
vt 0.811269 0.311686
vt 0.817704 0.311288
vt 0.817705 0.321730
vt 0.754124 0.318508
vt 0.754124 0.314512
vt 0.761342 0.320201
vt 0.754124 0.314512
vt 0.761342 0.312818
vt 0.761342 0.320201
vt 0.811270 0.310891
vt 0.811271 0.301244
vt 0.817705 0.311288
vt 0.811270 0.301244
vt 0.817704 0.300847
vt 0.817705 0.311288
vt 0.754124 0.308067
vt 0.754123 0.304071
vt 0.761342 0.309760
vt 0.754124 0.304070
vt 0.761343 0.302376
vt 0.761342 0.309759
vt 0.789807 0.309759
vt 0.789807 0.302376
vt 0.796561 0.310891
vt 0.789808 0.302377
vt 0.796562 0.301244
vt 0.796563 0.310892
vt 0.707740 0.306068
vt 0.715295 0.304070
vt 0.715295 0.308066
vt 0.811269 0.300449
vt 0.811268 0.290802
vt 0.817704 0.300846
vt 0.811269 0.290802
vt 0.817704 0.290405
vt 0.817705 0.300846
vt 0.754124 0.297624
vt 0.754124 0.293628
vt 0.761342 0.299318
vt 0.754124 0.293628
vt 0.761342 0.291934
vt 0.761342 0.299318
vt 0.789807 0.299319
vt 0.789807 0.291935
vt 0.796563 0.300450
vt 0.789807 0.291935
vt 0.796563 0.290803
vt 0.796562 0.300450
vt 0.707740 0.295626
vt 0.715295 0.293628
vt 0.715294 0.297624
vt 0.789807 0.288876
vt 0.789808 0.281492
vt 0.796562 0.290007
vt 0.789807 0.281493
vt 0.796562 0.280361
vt 0.796562 0.290008
vt 0.707740 0.285184
vt 0.715294 0.283186
vt 0.715294 0.287182
vt 0.811269 0.290007
vt 0.811269 0.280361
vt 0.817704 0.290405
vt 0.811269 0.280360
vt 0.817704 0.279963
vt 0.817705 0.290405
vt 0.754123 0.287183
vt 0.754124 0.283187
vt 0.761341 0.288877
vt 0.754124 0.283187
vt 0.761342 0.281493
vt 0.761343 0.288877
vt 0.789807 0.278435
vt 0.789806 0.271052
vt 0.796560 0.279567
vt 0.789807 0.271051
vt 0.796563 0.269920
vt 0.796562 0.279566
vt 0.707740 0.274743
vt 0.715295 0.272745
vt 0.715294 0.276740
vt 0.811269 0.279566
vt 0.811269 0.269919
vt 0.817705 0.279963
vt 0.811270 0.269919
vt 0.817704 0.269521
vt 0.817704 0.279963
vt 0.754125 0.276741
vt 0.754125 0.272745
vt 0.761343 0.278434
vt 0.754124 0.272745
vt 0.761342 0.271051
vt 0.761343 0.278434
vt 0.811271 0.269124
vt 0.811270 0.259477
vt 0.817705 0.269522
vt 0.811268 0.259477
vt 0.817703 0.259080
vt 0.817702 0.269521
vt 0.754124 0.266299
vt 0.754123 0.262303
vt 0.761342 0.267993
vt 0.754124 0.262303
vt 0.761342 0.260610
vt 0.761342 0.267993
vt 0.789807 0.267994
vt 0.789807 0.260610
vt 0.796563 0.269126
vt 0.789808 0.260610
vt 0.796562 0.259478
vt 0.796563 0.269125
vt 0.707740 0.264301
vt 0.715294 0.262303
vt 0.715294 0.266299
vt 0.754124 0.255858
vt 0.754124 0.251862
vt 0.761342 0.257552
vt 0.754124 0.251861
vt 0.761342 0.250167
vt 0.761342 0.257551
vt 0.789809 0.257551
vt 0.789807 0.250168
vt 0.796562 0.258683
vt 0.789807 0.250168
vt 0.796563 0.249037
vt 0.796563 0.258684
vt 0.707740 0.253859
vt 0.715294 0.251861
vt 0.715294 0.255857
vt 0.811268 0.258682
vt 0.811268 0.249036
vt 0.817703 0.259080
vt 0.811269 0.249036
vt 0.817704 0.248638
vt 0.817704 0.259079
vt 0.819541 0.227755
vt 0.863232 0.227754
vt 0.819541 0.238196
vt 0.863232 0.227754
vt 0.863232 0.238196
vt 0.819541 0.238196
vt 0.819541 0.332172
vt 0.863232 0.332172
vt 0.819541 0.342614
vt 0.863232 0.332172
vt 0.863232 0.342614
vt 0.819541 0.342614
vt 0.789808 0.247110
vt 0.789808 0.239727
vt 0.796562 0.248241
vt 0.789808 0.239726
vt 0.796562 0.238595
vt 0.796563 0.248241
vt 0.707740 0.243418
vt 0.715295 0.241420
vt 0.715294 0.245416
vt 0.819541 0.217313
vt 0.863232 0.217313
vt 0.819541 0.227755
vt 0.863232 0.217313
vt 0.863232 0.227754
vt 0.819541 0.227755
vt 0.819541 0.248638
vt 0.863232 0.248638
vt 0.819540 0.259080
vt 0.863232 0.248638
vt 0.863232 0.259080
vt 0.819541 0.259080
vt 0.811270 0.248240
vt 0.811271 0.238594
vt 0.817705 0.248638
vt 0.811268 0.238594
vt 0.817703 0.238196
vt 0.817702 0.248638
vt 0.754125 0.245416
vt 0.754125 0.241420
vt 0.761343 0.247109
vt 0.754124 0.241419
vt 0.761343 0.239726
vt 0.761342 0.247109
vt 0.707739 0.232976
vt 0.715294 0.230978
vt 0.715294 0.234974
vt 0.819541 0.269522
vt 0.863232 0.269522
vt 0.819541 0.279963
vt 0.863232 0.269522
vt 0.863232 0.279963
vt 0.819541 0.279963
vt 0.819541 0.311289
vt 0.863232 0.311289
vt 0.819541 0.321730
vt 0.863232 0.311289
vt 0.863232 0.321730
vt 0.819541 0.321730
vt 0.811268 0.237799
vt 0.811268 0.228152
vt 0.817703 0.238196
vt 0.811270 0.228152
vt 0.817703 0.227755
vt 0.817704 0.238196
vt 0.754124 0.234974
vt 0.754125 0.230978
vt 0.761343 0.236668
vt 0.754124 0.230978
vt 0.761342 0.229284
vt 0.761342 0.236668
vt 0.819541 0.259080
vt 0.863232 0.259080
vt 0.819541 0.269522
vt 0.863232 0.259080
vt 0.863232 0.269522
vt 0.819541 0.269522
vt 0.819541 0.300847
vt 0.863232 0.300847
vt 0.819541 0.311289
vt 0.863232 0.300847
vt 0.863232 0.311289
vt 0.819541 0.311289
vt 0.789807 0.236667
vt 0.789808 0.229284
vt 0.796562 0.237799
vt 0.789808 0.229284
vt 0.796564 0.228152
vt 0.796563 0.237799
vt 0.819541 0.290405
vt 0.863232 0.290405
vt 0.819541 0.300847
vt 0.863232 0.290405
vt 0.863232 0.300847
vt 0.819541 0.300847
vt 0.811270 0.227357
vt 0.811270 0.217710
vt 0.817704 0.227755
vt 0.811270 0.217710
vt 0.817704 0.217313
vt 0.817705 0.227755
vt 0.754124 0.224532
vt 0.754125 0.220536
vt 0.761343 0.226226
vt 0.754124 0.220536
vt 0.761342 0.218842
vt 0.761342 0.226226
vt 0.819541 0.238196
vt 0.863232 0.238196
vt 0.819541 0.248638
vt 0.863232 0.238196
vt 0.863232 0.248638
vt 0.819541 0.248638
vt 0.819541 0.279963
vt 0.863232 0.279963
vt 0.819541 0.290405
vt 0.863232 0.279963
vt 0.863232 0.290405
vt 0.819541 0.290405
vt 0.789807 0.226225
vt 0.789807 0.218842
vt 0.796561 0.227356
vt 0.789807 0.218842
vt 0.796562 0.217710
vt 0.796562 0.227357
vt 0.707739 0.222534
vt 0.715294 0.220536
vt 0.715294 0.224532
vt 0.819541 0.321730
vt 0.863232 0.321730
vt 0.819541 0.332172
vt 0.863232 0.321730
vt 0.863232 0.332172
vt 0.819541 0.332172
vt 0.855154 0.342217
vt 0.855154 0.332570
vt 0.861908 0.341085
vt 0.855151 0.332570
vt 0.861907 0.333701
vt 0.861907 0.341085
vt 0.861577 0.342613
vt 0.861577 0.332172
vt 0.868012 0.342216
vt 0.861576 0.332172
vt 0.868011 0.332569
vt 0.868011 0.342216
vt 0.861576 0.332173
vt 0.861576 0.321731
vt 0.868011 0.331775
vt 0.861578 0.321731
vt 0.868013 0.322129
vt 0.868012 0.331775
vt 0.855154 0.331775
vt 0.855153 0.322128
vt 0.861908 0.330643
vt 0.855154 0.322128
vt 0.861909 0.323259
vt 0.861908 0.330643
vt 0.861578 0.321731
vt 0.861579 0.311289
vt 0.868014 0.321333
vt 0.861576 0.311289
vt 0.868011 0.311686
vt 0.868011 0.321334
vt 0.855153 0.321333
vt 0.855154 0.311686
vt 0.861907 0.320201
vt 0.855153 0.311686
vt 0.861907 0.312818
vt 0.861907 0.320201
vt 0.855153 0.310891
vt 0.855153 0.301244
vt 0.861907 0.309759
vt 0.855154 0.301244
vt 0.861908 0.302376
vt 0.861909 0.309759
vt 0.861577 0.311290
vt 0.861576 0.300848
vt 0.868011 0.310892
vt 0.861576 0.300847
vt 0.868011 0.301245
vt 0.868011 0.310892
vt 0.861576 0.300848
vt 0.861577 0.290406
vt 0.868011 0.300450
vt 0.861576 0.290405
vt 0.868011 0.290802
vt 0.868011 0.300449
vt 0.855153 0.300449
vt 0.855153 0.290802
vt 0.861907 0.299318
vt 0.855152 0.290803
vt 0.861907 0.291935
vt 0.861907 0.299318
vt 0.861576 0.290405
vt 0.861577 0.279963
vt 0.868011 0.290008
vt 0.861576 0.279963
vt 0.868011 0.280361
vt 0.868011 0.290008
vt 0.855152 0.290008
vt 0.855153 0.280361
vt 0.861907 0.288876
vt 0.855152 0.280360
vt 0.861907 0.281492
vt 0.861908 0.288876
vt 0.722573 0.192387
vt 0.732759 0.192387
vt 0.722573 0.199771
vt 0.732760 0.192387
vt 0.732760 0.199771
vt 0.722573 0.199771
vt 0.855153 0.279566
vt 0.855154 0.269920
vt 0.861909 0.278435
vt 0.855154 0.269919
vt 0.861909 0.271051
vt 0.861908 0.278434
vt 0.722573 0.221921
vt 0.732759 0.221921
vt 0.722572 0.229304
vt 0.732759 0.221921
vt 0.732759 0.229304
vt 0.722573 0.229304
vt 0.861576 0.279963
vt 0.861577 0.269522
vt 0.868011 0.279566
vt 0.861576 0.269521
vt 0.868011 0.269919
vt 0.868011 0.279566
vt 0.722573 0.199771
vt 0.732760 0.199771
vt 0.722573 0.207154
vt 0.732759 0.199770
vt 0.732759 0.207154
vt 0.722572 0.207154
vt 0.855153 0.269124
vt 0.855152 0.259477
vt 0.861908 0.267992
vt 0.855153 0.259477
vt 0.861907 0.260609
vt 0.861908 0.267992
vt 0.722573 0.214538
vt 0.732759 0.214538
vt 0.722572 0.221921
vt 0.732759 0.214538
vt 0.732759 0.221921
vt 0.722573 0.221921
vt 0.861577 0.269522
vt 0.861575 0.259080
vt 0.868011 0.269124
vt 0.861577 0.259080
vt 0.868011 0.259478
vt 0.868011 0.269125
vt 0.722573 0.177621
vt 0.732759 0.177621
vt 0.722573 0.185004
vt 0.732759 0.177621
vt 0.732759 0.185004
vt 0.722573 0.185004
vt 0.861576 0.259080
vt 0.861576 0.248638
vt 0.868011 0.258683
vt 0.861577 0.248638
vt 0.868012 0.249036
vt 0.868012 0.258683
vt 0.722574 0.148087
vt 0.732760 0.148087
vt 0.722573 0.155470
vt 0.732760 0.148087
vt 0.732760 0.155470
vt 0.722573 0.155470
vt 0.855152 0.258682
vt 0.855152 0.249035
vt 0.861907 0.257550
vt 0.855153 0.249035
vt 0.861907 0.250167
vt 0.861907 0.257550
vt 0.722573 0.140704
vt 0.732759 0.140704
vt 0.722573 0.148087
vt 0.732760 0.140704
vt 0.732760 0.148087
vt 0.722573 0.148087
vt 0.861578 0.248638
vt 0.861577 0.238196
vt 0.868013 0.248241
vt 0.861577 0.238197
vt 0.868012 0.238594
vt 0.868011 0.248241
vt 0.722574 0.155470
vt 0.732760 0.155470
vt 0.722574 0.162854
vt 0.732759 0.155470
vt 0.732759 0.162854
vt 0.722573 0.162854
vt 0.855153 0.248240
vt 0.855152 0.238594
vt 0.861908 0.247109
vt 0.855152 0.238593
vt 0.861908 0.239725
vt 0.861908 0.247108
vt 0.722573 0.185004
vt 0.732759 0.185004
vt 0.722573 0.192387
vt 0.732759 0.185004
vt 0.732759 0.192387
vt 0.722573 0.192387
vt 0.855153 0.237800
vt 0.855153 0.228153
vt 0.861907 0.236668
vt 0.855154 0.228153
vt 0.861908 0.229285
vt 0.861909 0.236668
vt 0.722574 0.170237
vt 0.732760 0.170237
vt 0.722574 0.177621
vt 0.732759 0.170237
vt 0.732759 0.177621
vt 0.722573 0.177621
vt 0.861578 0.238197
vt 0.861578 0.227755
vt 0.868012 0.237799
vt 0.861575 0.227755
vt 0.868011 0.228153
vt 0.868011 0.237800
vt 0.855153 0.227357
vt 0.855153 0.217710
vt 0.861906 0.226225
vt 0.855154 0.217710
vt 0.861908 0.218842
vt 0.861908 0.226226
vt 0.722573 0.207154
vt 0.732759 0.207154
vt 0.722573 0.214537
vt 0.732759 0.207154
vt 0.732759 0.214538
vt 0.722573 0.214538
vt 0.861579 0.227755
vt 0.861577 0.217313
vt 0.868013 0.227358
vt 0.861576 0.217313
vt 0.868011 0.217711
vt 0.868011 0.227358
vt 0.722573 0.162854
vt 0.732759 0.162854
vt 0.722573 0.170237
vt 0.732760 0.162854
vt 0.732760 0.170237
vt 0.722574 0.170237
vt 0.573282 0.253746
vt 0.573282 0.273760
vt 0.557778 0.253746
vt 0.573282 0.273760
vt 0.557778 0.273760
vt 0.557778 0.253746
vt 0.311154 0.038334
vt 0.120138 0.038334
vt 0.311154 0.019922
vt 0.120138 0.038334
vt 0.120138 0.019921
vt 0.311154 0.019922
vt 0.573282 0.273760
vt 0.573282 0.293774
vt 0.557778 0.273760
vt 0.573282 0.293775
vt 0.557778 0.293774
vt 0.557778 0.273760
vt 0.311154 0.075159
vt 0.120138 0.075159
vt 0.311154 0.056747
vt 0.120138 0.075159
vt 0.120138 0.056747
vt 0.311154 0.056747
vt 0.573282 0.293775
vt 0.573282 0.313789
vt 0.557778 0.293774
vt 0.573282 0.313789
vt 0.557778 0.313789
vt 0.557778 0.293774
vt 0.573282 0.313789
vt 0.573282 0.333803
vt 0.557778 0.313789
vt 0.573282 0.333803
vt 0.557778 0.333803
vt 0.557778 0.313789
vt 0.311154 -0.121990
vt 0.120138 -0.121990
vt 0.311154 -0.136940
vt 0.120138 -0.121990
vt 0.120138 -0.136940
vt 0.311154 -0.136940
vt 0.573282 0.333803
vt 0.573282 0.353817
vt 0.557778 0.333803
vt 0.573282 0.353817
vt 0.557778 0.353817
vt 0.557778 0.333803
vt 0.573282 0.353817
vt 0.573282 0.373831
vt 0.557778 0.353817
vt 0.573282 0.373831
vt 0.557778 0.373832
vt 0.557778 0.353817
vt 0.718824 0.406639
vt 0.670505 0.386625
vt 0.718824 0.386625
vt 0.120138 0.180245
vt 0.311154 0.180245
vt 0.120138 0.195195
vt 0.311154 0.180247
vt 0.311155 0.195197
vt 0.120138 0.195197
vt 0.573282 0.373831
vt 0.573282 0.393846
vt 0.557778 0.373831
vt 0.573282 0.393846
vt 0.557778 0.393846
vt 0.557778 0.373831
vt 0.573282 0.393846
vt 0.573282 0.413860
vt 0.557778 0.393846
vt 0.573282 0.413860
vt 0.557778 0.413860
vt 0.557778 0.393846
vt 0.719618 0.386625
vt 0.753784 0.372472
vt 0.733770 0.420791
vt 0.120138 0.038334
vt 0.311154 0.038334
vt 0.120138 0.056747
vt 0.311154 0.038334
vt 0.311154 0.056747
vt 0.120138 0.056747
vt 0.120138 0.001509
vt 0.311154 0.001509
vt 0.120138 0.019921
vt 0.311154 0.001509
vt 0.311154 0.019921
vt 0.120138 0.019921
vt 0.120138 0.198657
vt 0.311154 0.198658
vt 0.120138 0.213607
vt 0.311154 0.198658
vt 0.311155 0.213607
vt 0.120138 0.213607
vt 0.311154 -0.103577
vt 0.120138 -0.103577
vt 0.311154 -0.118527
vt 0.120138 -0.103577
vt 0.120138 -0.118527
vt 0.311154 -0.118527
vt 0.311155 0.038334
vt 0.120138 0.038334
vt 0.311155 0.019922
vt 0.120138 0.038334
vt 0.120138 0.019922
vt 0.311155 0.019922
vt 0.311155 0.075159
vt 0.120138 0.075159
vt 0.311155 0.056747
vt 0.120138 0.075159
vt 0.120138 0.056747
vt 0.311155 0.056747
vt 0.311155 -0.121990
vt 0.120138 -0.121990
vt 0.311155 -0.136940
vt 0.120138 -0.121989
vt 0.120138 -0.136938
vt 0.311155 -0.136939
vt 0.120138 0.180246
vt 0.311155 0.180246
vt 0.120138 0.195196
vt 0.311155 0.180245
vt 0.311155 0.195195
vt 0.120138 0.195195
vt 0.120138 0.038334
vt 0.311154 0.038334
vt 0.120138 0.056747
vt 0.311154 0.038334
vt 0.311154 0.056747
vt 0.120138 0.056747
vt 0.120138 0.001509
vt 0.311154 0.001509
vt 0.120138 0.019922
vt 0.311154 0.001509
vt 0.311154 0.019922
vt 0.120138 0.019922
vt 0.120138 0.198657
vt 0.311154 0.198657
vt 0.120138 0.213607
vt 0.311154 0.198658
vt 0.311154 0.213608
vt 0.120138 0.213608
vt 0.311154 -0.103577
vt 0.120138 -0.103576
vt 0.311154 -0.118526
vt 0.120138 -0.103577
vt 0.120138 -0.118527
vt 0.311154 -0.118527
vt 0.552165 0.063913
vt 0.560839 0.084855
vt 0.321620 0.063913
vt 0.560839 0.084855
vt 0.312945 0.084855
vt 0.321620 0.063913
vt 0.321619 0.129734
vt 0.312944 0.108792
vt 0.552166 0.129734
vt 0.312944 0.108792
vt 0.560840 0.108792
vt 0.552166 0.129734
vt 0.321618 0.333654
vt 0.321618 0.314219
vt 0.552166 0.333654
vt 0.321618 0.314221
vt 0.552166 0.314221
vt 0.552166 0.333656
vt 0.321618 0.129733
vt 0.312943 0.108791
vt 0.552164 0.129733
vt 0.312943 0.108791
vt 0.560838 0.108791
vt 0.552164 0.129733
vt 0.560838 -0.075694
vt 0.312943 -0.075694
vt 0.560838 -0.095128
vt 0.312943 -0.075694
vt 0.312943 -0.095128
vt 0.560838 -0.095128
vt 0.321619 0.333650
vt 0.321619 0.314216
vt 0.552165 0.333650
vt 0.321618 0.314216
vt 0.552165 0.314215
vt 0.552165 0.333650
vt 0.321619 0.129732
vt 0.312945 0.108790
vt 0.552167 0.129732
vt 0.312945 0.108790
vt 0.560841 0.108790
vt 0.552167 0.129732
vt 0.560840 -0.075693
vt 0.312944 -0.075693
vt 0.560841 -0.095127
vt 0.312944 -0.075692
vt 0.312944 -0.095127
vt 0.560840 -0.095127
vt 0.321619 0.333652
vt 0.321619 0.314217
vt 0.552165 0.333652
vt 0.321619 0.314216
vt 0.552164 0.314216
vt 0.552165 0.333651
vt 0.321619 0.129734
vt 0.312944 0.108791
vt 0.552165 0.129734
vt 0.312944 0.108791
vt 0.560839 0.108791
vt 0.552165 0.129734
vt 0.560840 -0.075694
vt 0.312944 -0.075694
vt 0.560841 -0.095129
vt 0.312945 -0.075694
vt 0.312944 -0.095129
vt 0.560841 -0.095129
vt 0.321618 0.333650
vt 0.321618 0.314216
vt 0.552164 0.333651
vt 0.321618 0.314216
vt 0.552163 0.314216
vt 0.552164 0.333650
vt 0.552164 0.063912
vt 0.560838 0.084854
vt 0.321618 0.063912
vt 0.560838 0.084854
vt 0.312943 0.084854
vt 0.321618 0.063912
vt 0.560839 -0.075694
vt 0.312945 -0.075693
vt 0.560839 -0.095128
vt 0.312944 -0.075693
vt 0.312944 -0.095128
vt 0.560838 -0.095128
vt 0.321620 0.333650
vt 0.321620 0.314216
vt 0.552165 0.333650
vt 0.321620 0.314215
vt 0.552165 0.314215
vt 0.552164 0.333650
vt 0.552167 0.063911
vt 0.560841 0.084854
vt 0.321619 0.063912
vt 0.560841 0.084854
vt 0.312945 0.084854
vt 0.321619 0.063912
vt 0.560838 -0.075694
vt 0.312943 -0.075694
vt 0.560838 -0.095128
vt 0.312943 -0.075692
vt 0.312943 -0.095127
vt 0.560838 -0.095126
vt 0.321619 0.333652
vt 0.321619 0.314217
vt 0.552167 0.333652
vt 0.321619 0.314217
vt 0.552167 0.314217
vt 0.552166 0.333652
vt 0.560838 -0.075694
vt 0.312942 -0.075694
vt 0.560838 -0.095129
vt 0.312943 -0.075694
vt 0.312943 -0.095129
vt 0.560839 -0.095129
vt 0.560839 -0.075693
vt 0.312944 -0.075693
vt 0.560839 -0.095127
vt 0.312944 -0.075693
vt 0.312944 -0.095127
vt 0.560839 -0.095127
vt 0.321619 0.333652
vt 0.321619 0.314217
vt 0.552166 0.333652
vt 0.321619 0.314220
vt 0.552166 0.314219
vt 0.552166 0.333654
vt 0.552164 0.063911
vt 0.560839 0.084853
vt 0.321618 0.063912
vt 0.560839 0.084853
vt 0.312943 0.084853
vt 0.321618 0.063912
vt 0.552165 0.063913
vt 0.560839 0.084855
vt 0.321619 0.063913
vt 0.560839 0.084855
vt 0.312944 0.084855
vt 0.321619 0.063913
vt 0.321617 0.333650
vt 0.321618 0.314215
vt 0.552163 0.333650
vt 0.321616 0.314215
vt 0.552162 0.314216
vt 0.552162 0.333650
vt 0.560840 -0.075696
vt 0.312943 -0.075695
vt 0.560840 -0.095130
vt 0.312942 -0.075694
vt 0.312942 -0.095128
vt 0.560839 -0.095129
vt 0.552166 0.063912
vt 0.560840 0.084854
vt 0.321618 0.063912
vt 0.560840 0.084854
vt 0.312943 0.084854
vt 0.321618 0.063912
vt 0.321618 0.129732
vt 0.312943 0.108790
vt 0.552165 0.129731
vt 0.312943 0.108790
vt 0.560839 0.108790
vt 0.552165 0.129731
vt 0.321620 0.129733
vt 0.312945 0.108791
vt 0.552165 0.129733
vt 0.312945 0.108791
vt 0.560839 0.108791
vt 0.552165 0.129733
vt 0.552163 0.063912
vt 0.560838 0.084854
vt 0.321618 0.063912
vt 0.560838 0.084854
vt 0.312943 0.084854
vt 0.321618 0.063912
vt 0.552166 0.063913
vt 0.560840 0.084855
vt 0.321619 0.063914
vt 0.560840 0.084855
vt 0.312944 0.084856
vt 0.321619 0.063914
vt 0.321618 0.129733
vt 0.312943 0.108791
vt 0.552166 0.129733
vt 0.312943 0.108791
vt 0.560840 0.108790
vt 0.552166 0.129733
vt 0.321618 0.129732
vt 0.312943 0.108790
vt 0.552163 0.129732
vt 0.312943 0.108790
vt 0.560838 0.108790
vt 0.552163 0.129732
vt 0.147764 0.883681
vt 0.086870 0.883681
vt 0.166579 0.691520
vt 0.086870 0.883681
vt 0.068055 0.691520
vt 0.166579 0.691520
vt 0.147764 0.883681
vt 0.086870 0.883681
vt 0.166579 0.691520
vt 0.086870 0.883681
vt 0.068055 0.691520
vt 0.166579 0.691520
vt 0.147764 0.883681
vt 0.086871 0.883681
vt 0.166579 0.691520
vt 0.086871 0.883681
vt 0.068055 0.691520
vt 0.166579 0.691520
vt 0.147764 0.883681
vt 0.086870 0.883681
vt 0.166579 0.691520
vt 0.086870 0.883681
vt 0.068055 0.691520
vt 0.166579 0.691520
vt 0.148558 0.883681
vt 0.087665 0.883681
vt 0.167374 0.691520
vt 0.087665 0.883681
vt 0.068849 0.691520
vt 0.167374 0.691520
vt 0.087665 0.883681
vt 0.148558 0.883681
vt 0.068850 0.691520
vt 0.148558 0.883681
vt 0.167374 0.691520
vt 0.068850 0.691520
vt 0.147764 0.883681
vt 0.086870 0.883681
vt 0.166579 0.691520
vt 0.086870 0.883681
vt 0.068055 0.691520
vt 0.166579 0.691520
vt 0.147764 0.883681
vt 0.086870 0.883681
vt 0.166579 0.691520
vt 0.086870 0.883681
vt 0.068055 0.691520
vt 0.166579 0.691520
vt 0.704671 0.420791
vt 0.670505 0.386625
vt 0.718824 0.406639
vt 0.684657 0.420791
vt 0.670505 0.386625
vt 0.704671 0.420791
vt 0.670505 0.406639
vt 0.670505 0.386625
vt 0.684657 0.420791
vt 0.684657 0.372472
vt 0.704671 0.372472
vt 0.670505 0.386625
vt 0.718824 0.386625
vt 0.670505 0.386625
vt 0.704671 0.372472
vt 0.753784 0.420791
vt 0.733770 0.420791
vt 0.767936 0.406639
vt 0.719618 0.406639
vt 0.719618 0.386625
vt 0.733770 0.420791
vt 0.733770 0.372472
vt 0.753784 0.372472
vt 0.719618 0.386625
vt 0.767936 0.386625
vt 0.767936 0.406639
vt 0.753784 0.372472
vt 0.733770 0.420791
vt 0.753784 0.372472
vt 0.767936 0.406639

vn -0.382683 0.000000 0.923879
vn -0.382683 0.000000 0.923879
vn -0.382683 0.000000 0.923879
vn -0.382684 0.000000 0.923880
vn -0.382684 0.000000 0.923880
vn -0.382684 0.000000 0.923880
vn -0.923879 0.000000 0.382683
vn -0.923879 0.000000 0.382683
vn -0.923879 0.000000 0.382683
vn -0.923880 0.000000 0.382683
vn -0.923880 0.000000 0.382683
vn -0.923880 0.000000 0.382683
vn -0.923879 0.000000 -0.382685
vn -0.923879 0.000000 -0.382685
vn -0.923879 0.000000 -0.382685
vn -0.923880 0.000000 -0.382683
vn -0.923880 0.000000 -0.382683
vn -0.923880 0.000000 -0.382683
vn -0.382683 0.000000 -0.923880
vn -0.382683 0.000000 -0.923880
vn -0.382683 0.000000 -0.923880
vn -0.382683 0.000000 -0.923879
vn -0.382683 0.000000 -0.923879
vn -0.382683 0.000000 -0.923879
vn 0.382683 0.000000 -0.923879
vn 0.382683 0.000000 -0.923879
vn 0.382683 0.000000 -0.923879
vn 0.382685 0.000000 -0.923879
vn 0.382685 0.000000 -0.923879
vn 0.382685 0.000000 -0.923879
vn 0.923879 0.000000 -0.382685
vn 0.923879 0.000000 -0.382685
vn 0.923879 0.000000 -0.382685
vn 0.923880 0.000000 -0.382683
vn 0.923880 0.000000 -0.382683
vn 0.923880 0.000000 -0.382683
vn 0.000000 1.000000 0.000000
vn 0.000000 1.000000 0.000000
vn 0.000000 1.000000 0.000000
vn 0.923879 0.000000 0.382684
vn 0.923879 0.000000 0.382684
vn 0.923879 0.000000 0.382684
vn 0.923880 0.000000 0.382683
vn 0.923880 0.000000 0.382683
vn 0.923880 0.000000 0.382683
vn 0.382683 0.000000 0.923880
vn 0.382683 0.000000 0.923880
vn 0.382683 0.000000 0.923880
vn 0.382685 0.000000 0.923879
vn 0.382685 0.000000 0.923879
vn 0.382685 0.000000 0.923879
vn 0.000000 -1.000000 0.000000
vn 0.000000 -1.000000 0.000000
vn 0.000000 -1.000000 0.000000
vn -0.318964 0.552527 0.770049
vn -0.318964 0.552527 0.770049
vn -0.318964 0.552527 0.770049
vn -0.318966 0.552527 0.770049
vn -0.318966 0.552527 0.770049
vn -0.318966 0.552527 0.770049
vn -0.770049 0.552527 0.318965
vn -0.770049 0.552527 0.318965
vn -0.770049 0.552527 0.318965
vn -0.770049 0.552526 0.318965
vn -0.770049 0.552526 0.318965
vn -0.770049 0.552526 0.318965
vn -0.770048 0.552527 -0.318965
vn -0.770048 0.552527 -0.318965
vn -0.770048 0.552527 -0.318965
vn -0.770049 0.552526 -0.318965
vn -0.770049 0.552526 -0.318965
vn -0.770049 0.552526 -0.318965
vn -0.318966 0.552527 -0.770049
vn -0.318966 0.552527 -0.770049
vn -0.318966 0.552527 -0.770049
vn -0.318965 0.552527 -0.770049
vn -0.318965 0.552527 -0.770049
vn -0.318965 0.552527 -0.770049
vn 0.318964 0.552527 -0.770049
vn 0.318964 0.552527 -0.770049
vn 0.318964 0.552527 -0.770049
vn 0.318966 0.552527 -0.770049
vn 0.318966 0.552527 -0.770049
vn 0.318966 0.552527 -0.770049
vn 0.770050 0.552525 -0.318964
vn 0.770050 0.552525 -0.318964
vn 0.770050 0.552525 -0.318964
vn 0.770049 0.552527 -0.318965
vn 0.770049 0.552527 -0.318965
vn 0.770049 0.552527 -0.318965
vn -0.878064 0.311001 0.363706
vn -0.878064 0.311001 0.363706
vn -0.878064 0.311001 0.363706
vn -0.878064 0.311002 0.363706
vn -0.878064 0.311002 0.363706
vn -0.878064 0.311002 0.363706
vn 0.770049 0.552527 0.318965
vn 0.770049 0.552527 0.318965
vn 0.770049 0.552527 0.318965
vn 0.770049 0.552527 0.318965
vn 0.770049 0.552527 0.318965
vn 0.770049 0.552527 0.318965
vn 0.318966 0.552527 0.770049
vn 0.318966 0.552527 0.770049
vn 0.318966 0.552527 0.770049
vn 0.318965 0.552527 0.770049
vn 0.318965 0.552527 0.770049
vn 0.318965 0.552527 0.770049
vn 0.923880 0.000000 -0.382683
vn 0.923880 0.000000 -0.382683
vn 0.923880 0.000000 -0.382683
vn 0.923880 0.000000 -0.382683
vn 0.923880 0.000000 -0.382683
vn 0.923880 0.000000 -0.382683
vn 0.363706 0.311001 -0.878064
vn 0.363706 0.311001 -0.878064
vn 0.363706 0.311001 -0.878064
vn 0.363705 0.311002 -0.878064
vn 0.363705 0.311002 -0.878064
vn 0.363705 0.311002 -0.878064
vn 0.363706 0.311001 0.878064
vn 0.363706 0.311001 0.878064
vn 0.363706 0.311001 0.878064
vn 0.363705 0.311002 0.878064
vn 0.363705 0.311002 0.878064
vn 0.363705 0.311002 0.878064
vn -0.363706 0.311002 0.878064
vn -0.363706 0.311002 0.878064
vn -0.363706 0.311002 0.878064
vn -0.363705 0.311002 0.878064
vn -0.363705 0.311002 0.878064
vn -0.363705 0.311002 0.878064
vn -0.878064 0.311001 -0.363706
vn -0.878064 0.311001 -0.363706
vn -0.878064 0.311001 -0.363706
vn -0.878064 0.311002 -0.363706
vn -0.878064 0.311002 -0.363706
vn -0.878064 0.311002 -0.363706
vn 0.878064 0.311002 -0.363706
vn 0.878064 0.311002 -0.363706
vn 0.878064 0.311002 -0.363706
vn 0.878064 0.311002 -0.363706
vn 0.878064 0.311002 -0.363706
vn 0.878064 0.311002 -0.363706
vn -0.363706 0.311001 -0.878064
vn -0.363706 0.311001 -0.878064
vn -0.363706 0.311001 -0.878064
vn -0.363705 0.311002 -0.878064
vn -0.363705 0.311002 -0.878064
vn -0.363705 0.311002 -0.878064
vn 0.878064 0.311001 0.363706
vn 0.878064 0.311001 0.363706
vn 0.878064 0.311001 0.363706
vn 0.878064 0.311002 0.363706
vn 0.878064 0.311002 0.363706
vn 0.878064 0.311002 0.363706
vn -0.000000 -1.000000 0.000000
vn -0.000000 -1.000000 0.000000
vn -0.000000 -1.000000 0.000000
vn -0.000001 -1.000000 0.000000
vn -0.000001 -1.000000 0.000000
vn -0.000001 -1.000000 0.000000
vn -0.382684 0.000000 -0.923880
vn -0.382684 0.000000 -0.923880
vn -0.382684 0.000000 -0.923880
vn -0.382683 0.000000 -0.923880
vn -0.382683 0.000000 -0.923880
vn -0.382683 0.000000 -0.923880
vn -0.923880 0.000000 0.382683
vn -0.923880 0.000000 0.382683
vn -0.923880 0.000000 0.382683
vn -0.923880 0.000000 0.382683
vn -0.923880 0.000000 0.382683
vn -0.923880 0.000000 0.382683
vn 0.923880 0.000000 0.382683
vn 0.923880 0.000000 0.382683
vn 0.923880 0.000000 0.382683
vn 0.923880 0.000000 0.382683
vn 0.923880 0.000000 0.382683
vn 0.923880 0.000000 0.382683
vn 0.382684 0.000000 -0.923880
vn 0.382684 0.000000 -0.923880
vn 0.382684 0.000000 -0.923880
vn 0.382684 0.000000 -0.923880
vn 0.382684 0.000000 -0.923880
vn 0.382684 0.000000 -0.923880
vn -0.923880 0.000000 -0.382683
vn -0.923880 0.000000 -0.382683
vn -0.923880 0.000000 -0.382683
vn -0.923880 0.000000 -0.382683
vn -0.923880 0.000000 -0.382683
vn -0.923880 0.000000 -0.382683
vn -0.382684 0.000000 0.923880
vn -0.382684 0.000000 0.923880
vn -0.382684 0.000000 0.923880
vn -0.382684 0.000000 0.923880
vn -0.382684 0.000000 0.923880
vn -0.382684 0.000000 0.923880
vn 0.382684 0.000000 0.923880
vn 0.382684 0.000000 0.923880
vn 0.382684 0.000000 0.923880
vn 0.382684 0.000000 0.923880
vn 0.382684 0.000000 0.923880
vn 0.382684 0.000000 0.923880
vn 0.000000 -1.000000 0.000000
vn 0.000000 -1.000000 0.000000
vn 0.000000 -1.000000 0.000000
vn -0.000000 -1.000000 0.000000
vn -0.000000 -1.000000 0.000000
vn -0.000000 -1.000000 0.000000
vn -0.000000 -1.000000 0.000000
vn -0.000000 -1.000000 0.000000
vn -0.000000 -1.000000 0.000000
vn 0.000001 -1.000000 0.000000
vn 0.000001 -1.000000 0.000000
vn 0.000001 -1.000000 0.000000
vn -0.000001 -1.000000 0.000000
vn -0.000001 -1.000000 0.000000
vn -0.000001 -1.000000 0.000000
vn -0.000001 -1.000000 0.000000
vn -0.000001 -1.000000 0.000000
vn -0.000001 -1.000000 0.000000
vn -0.000000 -1.000000 0.000000
vn -0.000000 -1.000000 0.000000
vn -0.000000 -1.000000 0.000000
vn -0.000000 -1.000000 0.000000
vn -0.000000 -1.000000 0.000000
vn -0.000000 -1.000000 0.000000
vn -0.000000 -1.000000 0.000000
vn -0.000000 -1.000000 0.000000
vn -0.000000 -1.000000 0.000000
vn -0.000001 -1.000000 0.000000
vn -0.000001 -1.000000 0.000000
vn -0.000001 -1.000000 0.000000
vn 0.000004 -1.000000 0.000000
vn 0.000004 -1.000000 0.000000
vn 0.000004 -1.000000 0.000000
vn -0.000000 -1.000000 0.000000
vn -0.000000 -1.000000 0.000000
vn -0.000000 -1.000000 0.000000
vn -0.000000 -1.000000 0.000000
vn -0.000000 -1.000000 0.000000
vn -0.000000 -1.000000 0.000000
vn -0.000001 -1.000000 0.000000
vn -0.000001 -1.000000 0.000000
vn -0.000001 -1.000000 0.000000
vn 0.923880 0.000000 0.382683
vn 0.923880 0.000000 0.382683
vn 0.923880 0.000000 0.382683
vn 0.923880 0.000000 0.382683
vn 0.923880 0.000000 0.382683
vn 0.923880 0.000000 0.382683
vn 0.382683 0.000000 -0.923880
vn 0.382683 0.000000 -0.923880
vn 0.382683 0.000000 -0.923880
vn 0.382683 0.000000 -0.923880
vn 0.382683 0.000000 -0.923880
vn 0.382683 0.000000 -0.923880
vn -0.923880 0.000000 -0.382683
vn -0.923880 0.000000 -0.382683
vn -0.923880 0.000000 -0.382683
vn -0.923880 0.000000 -0.382683
vn -0.923880 0.000000 -0.382683
vn -0.923880 0.000000 -0.382683
vn -0.382684 0.000000 0.923879
vn -0.382684 0.000000 0.923879
vn -0.382684 0.000000 0.923879
vn -0.382683 0.000000 0.923880
vn -0.382683 0.000000 0.923880
vn -0.382683 0.000000 0.923880
vn 0.382684 0.000000 0.923879
vn 0.382684 0.000000 0.923879
vn 0.382684 0.000000 0.923879
vn 0.382683 0.000000 0.923879
vn 0.382683 0.000000 0.923879
vn 0.382683 0.000000 0.923879
vn 0.923880 0.000000 -0.382683
vn 0.923880 0.000000 -0.382683
vn 0.923880 0.000000 -0.382683
vn 0.923880 0.000000 -0.382683
vn 0.923880 0.000000 -0.382683
vn 0.923880 0.000000 -0.382683
vn -0.382683 0.000000 -0.923880
vn -0.382683 0.000000 -0.923880
vn -0.382683 0.000000 -0.923880
vn -0.382683 0.000000 -0.923880
vn -0.382683 0.000000 -0.923880
vn -0.382683 0.000000 -0.923880
vn -0.923880 0.000000 0.382683
vn -0.923880 0.000000 0.382683
vn -0.923880 0.000000 0.382683
vn -0.923880 0.000000 0.382683
vn -0.923880 0.000000 0.382683
vn -0.923880 0.000000 0.382683
vn 0.000002 1.000000 0.000000
vn 0.000002 1.000000 0.000000
vn 0.000002 1.000000 0.000000
vn 0.000000 1.000000 0.000000
vn 0.000000 1.000000 0.000000
vn 0.000000 1.000000 0.000000
vn -0.000000 1.000000 0.000000
vn -0.000000 1.000000 0.000000
vn -0.000000 1.000000 0.000000
vn 0.000002 1.000000 0.000000
vn 0.000002 1.000000 0.000000
vn 0.000002 1.000000 0.000000
vn 0.000001 1.000000 0.000000
vn 0.000001 1.000000 0.000000
vn 0.000001 1.000000 0.000000
vn -0.000000 1.000000 0.000000
vn -0.000000 1.000000 0.000000
vn -0.000000 1.000000 0.000000
vn -0.000000 1.000000 0.000000
vn -0.000000 1.000000 0.000000
vn -0.000000 1.000000 0.000000
vn -0.000000 1.000000 0.000000
vn -0.000000 1.000000 0.000000
vn -0.000000 1.000000 0.000000
vn -0.000001 1.000000 0.000000
vn -0.000001 1.000000 0.000000
vn -0.000001 1.000000 0.000000
vn -0.000000 1.000000 0.000000
vn -0.000000 1.000000 0.000000
vn -0.000000 1.000000 0.000000
vn -0.000000 1.000000 0.000000
vn -0.000000 1.000000 0.000000
vn -0.000000 1.000000 0.000000
vn 0.000002 1.000000 0.000000
vn 0.000002 1.000000 0.000000
vn 0.000002 1.000000 0.000000
vn -0.000000 1.000000 0.000000
vn -0.000000 1.000000 0.000000
vn -0.000000 1.000000 0.000000
vn -0.000001 1.000000 0.000000
vn -0.000001 1.000000 0.000000
vn -0.000001 1.000000 0.000000
vn -0.000000 1.000000 0.000000
vn -0.000000 1.000000 0.000000
vn -0.000000 1.000000 0.000000
vn -0.000000 1.000000 0.000000
vn -0.000000 1.000000 0.000000
vn -0.000000 1.000000 0.000000
vn 0.382684 0.000000 0.923880
vn 0.382684 0.000000 0.923880
vn 0.382684 0.000000 0.923880
vn 0.382684 0.000000 0.923879
vn 0.382684 0.000000 0.923879
vn 0.382684 0.000000 0.923879
vn 0.923880 0.000000 -0.382683
vn 0.923880 0.000000 -0.382683
vn 0.923880 0.000000 -0.382683
vn 0.923880 0.000000 -0.382683
vn 0.923880 0.000000 -0.382683
vn 0.923880 0.000000 -0.382683
vn -0.382683 0.000000 -0.923880
vn -0.382683 0.000000 -0.923880
vn -0.382683 0.000000 -0.923880
vn -0.382683 0.000000 -0.923880
vn -0.382683 0.000000 -0.923880
vn -0.382683 0.000000 -0.923880
vn -0.923880 0.000000 0.382683
vn -0.923880 0.000000 0.382683
vn -0.923880 0.000000 0.382683
vn -0.923880 0.000000 0.382683
vn -0.923880 0.000000 0.382683
vn -0.923880 0.000000 0.382683
vn 0.923880 0.000000 0.382683
vn 0.923880 0.000000 0.382683
vn 0.923880 0.000000 0.382683
vn 0.923880 0.000000 0.382683
vn 0.923880 0.000000 0.382683
vn 0.923880 0.000000 0.382683
vn 0.382683 0.000000 -0.923880
vn 0.382683 0.000000 -0.923880
vn 0.382683 0.000000 -0.923880
vn 0.382683 0.000000 -0.923880
vn 0.382683 0.000000 -0.923880
vn 0.382683 0.000000 -0.923880
vn -0.923880 0.000000 -0.382683
vn -0.923880 0.000000 -0.382683
vn -0.923880 0.000000 -0.382683
vn -0.923880 0.000000 -0.382683
vn -0.923880 0.000000 -0.382683
vn -0.923880 0.000000 -0.382683
vn -0.382684 0.000000 0.923880
vn -0.382684 0.000000 0.923880
vn -0.382684 0.000000 0.923880
vn -0.382684 0.000000 0.923879
vn -0.382684 0.000000 0.923879
vn -0.382684 0.000000 0.923879
vn -0.905452 -0.198732 -0.375050
vn -0.905452 -0.198732 -0.375050
vn -0.905452 -0.198732 -0.375050
vn -0.905452 -0.198732 -0.375050
vn -0.905452 -0.198732 -0.375050
vn -0.905452 -0.198732 -0.375050
vn -0.375051 -0.198732 0.905452
vn -0.375051 -0.198732 0.905452
vn -0.375051 -0.198732 0.905452
vn -0.375051 -0.198732 0.905452
vn -0.375051 -0.198732 0.905452
vn -0.375051 -0.198732 0.905452
vn 0.375050 -0.198732 0.905452
vn 0.375050 -0.198732 0.905452
vn 0.375050 -0.198732 0.905452
vn 0.375051 -0.198732 0.905452
vn 0.375051 -0.198732 0.905452
vn 0.375051 -0.198732 0.905452
vn 0.905452 -0.198732 -0.375050
vn 0.905452 -0.198732 -0.375050
vn 0.905452 -0.198732 -0.375050
vn 0.905452 -0.198732 -0.375050
vn 0.905452 -0.198732 -0.375050
vn 0.905452 -0.198732 -0.375050
vn -0.375050 -0.198732 -0.905452
vn -0.375050 -0.198732 -0.905452
vn -0.375050 -0.198732 -0.905452
vn -0.375050 -0.198732 -0.905452
vn -0.375050 -0.198732 -0.905452
vn -0.375050 -0.198732 -0.905452
vn -0.905452 -0.198731 0.375050
vn -0.905452 -0.198731 0.375050
vn -0.905452 -0.198731 0.375050
vn -0.905452 -0.198732 0.375050
vn -0.905452 -0.198732 0.375050
vn -0.905452 -0.198732 0.375050
vn 0.905452 -0.198731 0.375050
vn 0.905452 -0.198731 0.375050
vn 0.905452 -0.198731 0.375050
vn 0.905452 -0.198732 0.375050
vn 0.905452 -0.198732 0.375050
vn 0.905452 -0.198732 0.375050
vn 0.375050 -0.198732 -0.905452
vn 0.375050 -0.198732 -0.905452
vn 0.375050 -0.198732 -0.905452
vn 0.375051 -0.198732 -0.905452
vn 0.375051 -0.198732 -0.905452
vn 0.375051 -0.198732 -0.905452
vn 0.711284 -0.638179 0.294623
vn 0.711284 -0.638179 0.294623
vn 0.711284 -0.638179 0.294623
vn 0.711284 -0.638179 0.294623
vn 0.711284 -0.638179 0.294623
vn 0.711284 -0.638179 0.294623
vn 0.294623 -0.638179 -0.711284
vn 0.294623 -0.638179 -0.711284
vn 0.294623 -0.638179 -0.711284
vn 0.294623 -0.638179 -0.711284
vn 0.294623 -0.638179 -0.711284
vn 0.294623 -0.638179 -0.711284
vn -0.711284 -0.638179 -0.294623
vn -0.711284 -0.638179 -0.294623
vn -0.711284 -0.638179 -0.294623
vn -0.711284 -0.638179 -0.294623
vn -0.711284 -0.638179 -0.294623
vn -0.711284 -0.638179 -0.294623
vn -0.294623 -0.638179 0.711283
vn -0.294623 -0.638179 0.711283
vn -0.294623 -0.638179 0.711283
vn -0.294624 -0.638179 0.711284
vn -0.294624 -0.638179 0.711284
vn -0.294624 -0.638179 0.711284
vn 0.294624 -0.638179 0.711284
vn 0.294624 -0.638179 0.711284
vn 0.294624 -0.638179 0.711284
vn 0.294624 -0.638179 0.711283
vn 0.294624 -0.638179 0.711283
vn 0.294624 -0.638179 0.711283
vn 0.711284 -0.638179 -0.294623
vn 0.711284 -0.638179 -0.294623
vn 0.711284 -0.638179 -0.294623
vn 0.711284 -0.638179 -0.294623
vn 0.711284 -0.638179 -0.294623
vn 0.711284 -0.638179 -0.294623
vn -0.294623 -0.638179 -0.711284
vn -0.294623 -0.638179 -0.711284
vn -0.294623 -0.638179 -0.711284
vn -0.294623 -0.638179 -0.711284
vn -0.294623 -0.638179 -0.711284
vn -0.294623 -0.638179 -0.711284
vn -0.711284 -0.638179 0.294623
vn -0.711284 -0.638179 0.294623
vn -0.711284 -0.638179 0.294623
vn -0.711284 -0.638179 0.294623
vn -0.711284 -0.638179 0.294623
vn -0.711284 -0.638179 0.294623
vn 0.000000 1.000000 0.000000
vn 0.000000 1.000000 0.000000
vn 0.000000 1.000000 0.000000
vn -0.042683 -0.986308 0.159293
vn -0.042683 -0.986308 0.159293
vn -0.042683 -0.986308 0.159293
vn -0.202606 -0.622261 0.756136
vn -0.202606 -0.622261 0.756136
vn -0.202606 -0.622261 0.756136
vn -0.202606 -0.622261 0.756136
vn -0.202606 -0.622261 0.756136
vn -0.202606 -0.622261 0.756136
vn -0.251863 0.230277 0.939967
vn -0.251863 0.230277 0.939967
vn -0.251863 0.230277 0.939967
vn -0.251863 0.230278 0.939966
vn -0.251863 0.230278 0.939966
vn -0.251863 0.230278 0.939966
vn -0.126744 0.871890 0.473016
vn -0.126744 0.871890 0.473016
vn -0.126744 0.871890 0.473016
vn -0.126745 0.871890 0.473016
vn -0.126745 0.871890 0.473016
vn -0.126745 0.871890 0.473016
vn -0.126744 -0.871890 0.473016
vn -0.126744 -0.871890 0.473016
vn -0.126744 -0.871890 0.473016
vn -0.126744 -0.871890 0.473016
vn -0.126744 -0.871890 0.473016
vn -0.126744 -0.871890 0.473016
vn -0.251863 -0.230279 0.939966
vn -0.251863 -0.230279 0.939966
vn -0.251863 -0.230279 0.939966
vn -0.251863 -0.230280 0.939966
vn -0.251863 -0.230280 0.939966
vn -0.251863 -0.230280 0.939966
vn -0.202606 0.622261 0.756136
vn -0.202606 0.622261 0.756136
vn -0.202606 0.622261 0.756136
vn -0.202606 0.622261 0.756136
vn -0.202606 0.622261 0.756136
vn -0.202606 0.622261 0.756136
vn -0.042682 0.986308 0.159292
vn -0.042682 0.986308 0.159292
vn -0.042682 0.986308 0.159292
vn -0.346271 -0.871890 0.346272
vn -0.346271 -0.871890 0.346272
vn -0.346271 -0.871890 0.346272
vn -0.346272 -0.871890 0.346271
vn -0.346272 -0.871890 0.346271
vn -0.346272 -0.871890 0.346271
vn -0.688103 -0.230280 0.688102
vn -0.688103 -0.230280 0.688102
vn -0.688103 -0.230280 0.688102
vn -0.688103 -0.230279 0.688103
vn -0.688103 -0.230279 0.688103
vn -0.688103 -0.230279 0.688103
vn -0.553530 0.622261 0.553530
vn -0.553530 0.622261 0.553530
vn -0.553530 0.622261 0.553530
vn -0.553530 0.622261 0.553530
vn -0.553530 0.622261 0.553530
vn -0.553530 0.622261 0.553530
vn -0.116610 0.986308 0.116610
vn -0.116610 0.986308 0.116610
vn -0.116610 0.986308 0.116610
vn -0.116610 -0.986308 0.116610
vn -0.116610 -0.986308 0.116610
vn -0.116610 -0.986308 0.116610
vn -0.553530 -0.622261 0.553530
vn -0.553530 -0.622261 0.553530
vn -0.553530 -0.622261 0.553530
vn -0.553530 -0.622261 0.553530
vn -0.553530 -0.622261 0.553530
vn -0.553530 -0.622261 0.553530
vn -0.688103 0.230278 0.688103
vn -0.688103 0.230278 0.688103
vn -0.688103 0.230278 0.688103
vn -0.688104 0.230277 0.688103
vn -0.688104 0.230277 0.688103
vn -0.688104 0.230277 0.688103
vn -0.346271 0.871890 0.346271
vn -0.346271 0.871890 0.346271
vn -0.346271 0.871890 0.346271
vn -0.346272 0.871890 0.346271
vn -0.346272 0.871890 0.346271
vn -0.346272 0.871890 0.346271
vn -0.939966 -0.230279 0.251863
vn -0.939966 -0.230279 0.251863
vn -0.939966 -0.230279 0.251863
vn -0.939966 -0.230280 0.251863
vn -0.939966 -0.230280 0.251863
vn -0.939966 -0.230280 0.251863
vn -0.756136 0.622261 0.202606
vn -0.756136 0.622261 0.202606
vn -0.756136 0.622261 0.202606
vn -0.756136 0.622261 0.202606
vn -0.756136 0.622261 0.202606
vn -0.756136 0.622261 0.202606
vn -0.159292 0.986308 0.042682
vn -0.159292 0.986308 0.042682
vn -0.159292 0.986308 0.042682
vn -0.159292 -0.986308 0.042682
vn -0.159292 -0.986308 0.042682
vn -0.159292 -0.986308 0.042682
vn -0.756136 -0.622261 0.202606
vn -0.756136 -0.622261 0.202606
vn -0.756136 -0.622261 0.202606
vn -0.756136 -0.622261 0.202606
vn -0.756136 -0.622261 0.202606
vn -0.756136 -0.622261 0.202606
vn -0.939967 0.230277 0.251863
vn -0.939967 0.230277 0.251863
vn -0.939967 0.230277 0.251863
vn -0.939966 0.230278 0.251863
vn -0.939966 0.230278 0.251863
vn -0.939966 0.230278 0.251863
vn -0.473016 0.871890 0.126744
vn -0.473016 0.871890 0.126744
vn -0.473016 0.871890 0.126744
vn -0.473016 0.871890 0.126744
vn -0.473016 0.871890 0.126744
vn -0.473016 0.871890 0.126744
vn -0.473016 -0.871890 0.126744
vn -0.473016 -0.871890 0.126744
vn -0.473016 -0.871890 0.126744
vn -0.473016 -0.871890 0.126744
vn -0.473016 -0.871890 0.126744
vn -0.473016 -0.871890 0.126744
vn -0.159292 -0.986308 -0.042682
vn -0.159292 -0.986308 -0.042682
vn -0.159292 -0.986308 -0.042682
vn -0.756136 -0.622261 -0.202606
vn -0.756136 -0.622261 -0.202606
vn -0.756136 -0.622261 -0.202606
vn -0.756136 -0.622261 -0.202606
vn -0.756136 -0.622261 -0.202606
vn -0.756136 -0.622261 -0.202606
vn -0.939966 0.230278 -0.251863
vn -0.939966 0.230278 -0.251863
vn -0.939966 0.230278 -0.251863
vn -0.939967 0.230277 -0.251863
vn -0.939967 0.230277 -0.251863
vn -0.939967 0.230277 -0.251863
vn -0.473015 0.871890 -0.126744
vn -0.473015 0.871890 -0.126744
vn -0.473015 0.871890 -0.126744
vn -0.473016 0.871890 -0.126744
vn -0.473016 0.871890 -0.126744
vn -0.473016 0.871890 -0.126744
vn -0.473016 -0.871890 -0.126744
vn -0.473016 -0.871890 -0.126744
vn -0.473016 -0.871890 -0.126744
vn -0.473016 -0.871890 -0.126744
vn -0.473016 -0.871890 -0.126744
vn -0.473016 -0.871890 -0.126744
vn -0.939966 -0.230280 -0.251863
vn -0.939966 -0.230280 -0.251863
vn -0.939966 -0.230280 -0.251863
vn -0.939966 -0.230279 -0.251862
vn -0.939966 -0.230279 -0.251862
vn -0.939966 -0.230279 -0.251862
vn -0.756136 0.622261 -0.202606
vn -0.756136 0.622261 -0.202606
vn -0.756136 0.622261 -0.202606
vn -0.756136 0.622261 -0.202606
vn -0.756136 0.622261 -0.202606
vn -0.756136 0.622261 -0.202606
vn -0.159293 0.986308 -0.042682
vn -0.159293 0.986308 -0.042682
vn -0.159293 0.986308 -0.042682
vn -0.688103 0.230277 -0.688103
vn -0.688103 0.230277 -0.688103
vn -0.688103 0.230277 -0.688103
vn -0.688103 0.230278 -0.688103
vn -0.688103 0.230278 -0.688103
vn -0.688103 0.230278 -0.688103
vn -0.346272 0.871890 -0.346271
vn -0.346272 0.871890 -0.346271
vn -0.346272 0.871890 -0.346271
vn -0.346272 0.871890 -0.346271
vn -0.346272 0.871890 -0.346271
vn -0.346272 0.871890 -0.346271
vn -0.346271 -0.871890 -0.346272
vn -0.346271 -0.871890 -0.346272
vn -0.346271 -0.871890 -0.346272
vn -0.346272 -0.871890 -0.346271
vn -0.346272 -0.871890 -0.346271
vn -0.346272 -0.871890 -0.346271
vn -0.688103 -0.230279 -0.688103
vn -0.688103 -0.230279 -0.688103
vn -0.688103 -0.230279 -0.688103
vn -0.688103 -0.230280 -0.688103
vn -0.688103 -0.230280 -0.688103
vn -0.688103 -0.230280 -0.688103
vn -0.553530 0.622261 -0.553530
vn -0.553530 0.622261 -0.553530
vn -0.553530 0.622261 -0.553530
vn -0.553530 0.622261 -0.553530
vn -0.553530 0.622261 -0.553530
vn -0.553530 0.622261 -0.553530
vn -0.116610 0.986308 -0.116610
vn -0.116610 0.986308 -0.116610
vn -0.116610 0.986308 -0.116610
vn -0.116610 -0.986308 -0.116610
vn -0.116610 -0.986308 -0.116610
vn -0.116610 -0.986308 -0.116610
vn -0.553530 -0.622261 -0.553530
vn -0.553530 -0.622261 -0.553530
vn -0.553530 -0.622261 -0.553530
vn -0.553530 -0.622261 -0.553530
vn -0.553530 -0.622261 -0.553530
vn -0.553530 -0.622261 -0.553530
vn -0.126744 -0.871890 -0.473016
vn -0.126744 -0.871890 -0.473016
vn -0.126744 -0.871890 -0.473016
vn -0.126744 -0.871890 -0.473016
vn -0.126744 -0.871890 -0.473016
vn -0.126744 -0.871890 -0.473016
vn -0.251863 -0.230280 -0.939966
vn -0.251863 -0.230280 -0.939966
vn -0.251863 -0.230280 -0.939966
vn -0.251863 -0.230279 -0.939966
vn -0.251863 -0.230279 -0.939966
vn -0.251863 -0.230279 -0.939966
vn -0.202606 0.622261 -0.756136
vn -0.202606 0.622261 -0.756136
vn -0.202606 0.622261 -0.756136
vn -0.202606 0.622261 -0.756136
vn -0.202606 0.622261 -0.756136
vn -0.202606 0.622261 -0.756136
vn -0.042682 0.986308 -0.159293
vn -0.042682 0.986308 -0.159293
vn -0.042682 0.986308 -0.159293
vn -0.042683 -0.986308 -0.159293
vn -0.042683 -0.986308 -0.159293
vn -0.042683 -0.986308 -0.159293
vn -0.202606 -0.622261 -0.756136
vn -0.202606 -0.622261 -0.756136
vn -0.202606 -0.622261 -0.756136
vn -0.202606 -0.622261 -0.756136
vn -0.202606 -0.622261 -0.756136
vn -0.202606 -0.622261 -0.756136
vn -0.251863 0.230278 -0.939966
vn -0.251863 0.230278 -0.939966
vn -0.251863 0.230278 -0.939966
vn -0.251863 0.230277 -0.939967
vn -0.251863 0.230277 -0.939967
vn -0.251863 0.230277 -0.939967
vn -0.126744 0.871890 -0.473016
vn -0.126744 0.871890 -0.473016
vn -0.126744 0.871890 -0.473016
vn -0.126744 0.871890 -0.473016
vn -0.126744 0.871890 -0.473016
vn -0.126744 0.871890 -0.473016
vn 0.202606 0.622261 -0.756136
vn 0.202606 0.622261 -0.756136
vn 0.202606 0.622261 -0.756136
vn 0.202606 0.622261 -0.756136
vn 0.202606 0.622261 -0.756136
vn 0.202606 0.622261 -0.756136
vn 0.042682 0.986308 -0.159293
vn 0.042682 0.986308 -0.159293
vn 0.042682 0.986308 -0.159293
vn 0.042683 -0.986308 -0.159293
vn 0.042683 -0.986308 -0.159293
vn 0.042683 -0.986308 -0.159293
vn 0.202606 -0.622261 -0.756136
vn 0.202606 -0.622261 -0.756136
vn 0.202606 -0.622261 -0.756136
vn 0.202606 -0.622261 -0.756136
vn 0.202606 -0.622261 -0.756136
vn 0.202606 -0.622261 -0.756136
vn 0.251863 0.230277 -0.939967
vn 0.251863 0.230277 -0.939967
vn 0.251863 0.230277 -0.939967
vn 0.251863 0.230278 -0.939966
vn 0.251863 0.230278 -0.939966
vn 0.251863 0.230278 -0.939966
vn 0.126744 0.871890 -0.473016
vn 0.126744 0.871890 -0.473016
vn 0.126744 0.871890 -0.473016
vn 0.126744 0.871890 -0.473015
vn 0.126744 0.871890 -0.473015
vn 0.126744 0.871890 -0.473015
vn 0.126744 -0.871890 -0.473015
vn 0.126744 -0.871890 -0.473015
vn 0.126744 -0.871890 -0.473015
vn 0.126744 -0.871890 -0.473015
vn 0.126744 -0.871890 -0.473015
vn 0.126744 -0.871890 -0.473015
vn 0.251863 -0.230279 -0.939966
vn 0.251863 -0.230279 -0.939966
vn 0.251863 -0.230279 -0.939966
vn 0.251863 -0.230280 -0.939966
vn 0.251863 -0.230280 -0.939966
vn 0.251863 -0.230280 -0.939966
vn 0.116610 -0.986308 -0.116610
vn 0.116610 -0.986308 -0.116610
vn 0.116610 -0.986308 -0.116610
vn 0.553530 -0.622261 -0.553530
vn 0.553530 -0.622261 -0.553530
vn 0.553530 -0.622261 -0.553530
vn 0.553530 -0.622261 -0.553530
vn 0.553530 -0.622261 -0.553530
vn 0.553530 -0.622261 -0.553530
vn 0.688103 0.230278 -0.688103
vn 0.688103 0.230278 -0.688103
vn 0.688103 0.230278 -0.688103
vn 0.688103 0.230278 -0.688103
vn 0.688103 0.230278 -0.688103
vn 0.688103 0.230278 -0.688103
vn 0.346271 0.871890 -0.346271
vn 0.346271 0.871890 -0.346271
vn 0.346271 0.871890 -0.346271
vn 0.346271 0.871890 -0.346272
vn 0.346271 0.871890 -0.346272
vn 0.346271 0.871890 -0.346272
vn 0.346271 -0.871890 -0.346271
vn 0.346271 -0.871890 -0.346271
vn 0.346271 -0.871890 -0.346271
vn 0.346271 -0.871890 -0.346272
vn 0.346271 -0.871890 -0.346272
vn 0.346271 -0.871890 -0.346272
vn 0.688103 -0.230280 -0.688103
vn 0.688103 -0.230280 -0.688103
vn 0.688103 -0.230280 -0.688103
vn 0.688103 -0.230280 -0.688103
vn 0.688103 -0.230280 -0.688103
vn 0.688103 -0.230280 -0.688103
vn 0.553530 0.622261 -0.553530
vn 0.553530 0.622261 -0.553530
vn 0.553530 0.622261 -0.553530
vn 0.553530 0.622261 -0.553530
vn 0.553530 0.622261 -0.553530
vn 0.553530 0.622261 -0.553530
vn 0.116610 0.986308 -0.116610
vn 0.116610 0.986308 -0.116610
vn 0.116610 0.986308 -0.116610
vn 0.473015 0.871890 -0.126744
vn 0.473015 0.871890 -0.126744
vn 0.473015 0.871890 -0.126744
vn 0.473015 0.871890 -0.126744
vn 0.473015 0.871890 -0.126744
vn 0.473015 0.871890 -0.126744
vn 0.473015 -0.871890 -0.126744
vn 0.473015 -0.871890 -0.126744
vn 0.473015 -0.871890 -0.126744
vn 0.473016 -0.871890 -0.126743
vn 0.473016 -0.871890 -0.126743
vn 0.473016 -0.871890 -0.126743
vn 0.939966 -0.230280 -0.251863
vn 0.939966 -0.230280 -0.251863
vn 0.939966 -0.230280 -0.251863
vn 0.939966 -0.230281 -0.251863
vn 0.939966 -0.230281 -0.251863
vn 0.939966 -0.230281 -0.251863
vn 0.756136 0.622261 -0.202606
vn 0.756136 0.622261 -0.202606
vn 0.756136 0.622261 -0.202606
vn 0.756137 0.622261 -0.202606
vn 0.756137 0.622261 -0.202606
vn 0.756137 0.622261 -0.202606
vn 0.159293 0.986308 -0.042682
vn 0.159293 0.986308 -0.042682
vn 0.159293 0.986308 -0.042682
vn 0.159292 -0.986308 -0.042682
vn 0.159292 -0.986308 -0.042682
vn 0.159292 -0.986308 -0.042682
vn 0.756136 -0.622261 -0.202606
vn 0.756136 -0.622261 -0.202606
vn 0.756136 -0.622261 -0.202606
vn 0.756137 -0.622260 -0.202606
vn 0.756137 -0.622260 -0.202606
vn 0.756137 -0.622260 -0.202606
vn 0.939967 0.230278 -0.251862
vn 0.939967 0.230278 -0.251862
vn 0.939967 0.230278 -0.251862
vn 0.939966 0.230279 -0.251863
vn 0.939966 0.230279 -0.251863
vn 0.939966 0.230279 -0.251863
vn 0.473015 -0.871890 0.126744
vn 0.473015 -0.871890 0.126744
vn 0.473015 -0.871890 0.126744
vn 0.473016 -0.871890 0.126744
vn 0.473016 -0.871890 0.126744
vn 0.473016 -0.871890 0.126744
vn 0.939966 -0.230281 0.251864
vn 0.939966 -0.230281 0.251864
vn 0.939966 -0.230281 0.251864
vn 0.939966 -0.230280 0.251863
vn 0.939966 -0.230280 0.251863
vn 0.939966 -0.230280 0.251863
vn 0.756136 0.622261 0.202606
vn 0.756136 0.622261 0.202606
vn 0.756136 0.622261 0.202606
vn 0.756136 0.622261 0.202606
vn 0.756136 0.622261 0.202606
vn 0.756136 0.622261 0.202606
vn 0.159293 0.986308 0.042682
vn 0.159293 0.986308 0.042682
vn 0.159293 0.986308 0.042682
vn 0.159292 -0.986308 0.042682
vn 0.159292 -0.986308 0.042682
vn 0.159292 -0.986308 0.042682
vn 0.756137 -0.622261 0.202606
vn 0.756137 -0.622261 0.202606
vn 0.756137 -0.622261 0.202606
vn 0.756136 -0.622261 0.202607
vn 0.756136 -0.622261 0.202607
vn 0.756136 -0.622261 0.202607
vn 0.939966 0.230279 0.251863
vn 0.939966 0.230279 0.251863
vn 0.939966 0.230279 0.251863
vn 0.939966 0.230278 0.251864
vn 0.939966 0.230278 0.251864
vn 0.939966 0.230278 0.251864
vn 0.473015 0.871890 0.126744
vn 0.473015 0.871890 0.126744
vn 0.473015 0.871890 0.126744
vn 0.473016 0.871890 0.126745
vn 0.473016 0.871890 0.126745
vn 0.473016 0.871890 0.126745
vn 0.116611 0.986308 0.116610
vn 0.116611 0.986308 0.116610
vn 0.116611 0.986308 0.116610
vn 0.116610 -0.986308 0.116610
vn 0.116610 -0.986308 0.116610
vn 0.116610 -0.986308 0.116610
vn 0.553530 -0.622261 0.553530
vn 0.553530 -0.622261 0.553530
vn 0.553530 -0.622261 0.553530
vn 0.553530 -0.622261 0.553530
vn 0.553530 -0.622261 0.553530
vn 0.553530 -0.622261 0.553530
vn 0.688103 0.230278 0.688103
vn 0.688103 0.230278 0.688103
vn 0.688103 0.230278 0.688103
vn 0.688103 0.230277 0.688103
vn 0.688103 0.230277 0.688103
vn 0.688103 0.230277 0.688103
vn 0.346271 0.871890 0.346271
vn 0.346271 0.871890 0.346271
vn 0.346271 0.871890 0.346271
vn 0.346271 0.871890 0.346271
vn 0.346271 0.871890 0.346271
vn 0.346271 0.871890 0.346271
vn 0.346272 -0.871890 0.346271
vn 0.346272 -0.871890 0.346271
vn 0.346272 -0.871890 0.346271
vn 0.346271 -0.871890 0.346271
vn 0.346271 -0.871890 0.346271
vn 0.346271 -0.871890 0.346271
vn 0.688103 -0.230280 0.688103
vn 0.688103 -0.230280 0.688103
vn 0.688103 -0.230280 0.688103
vn 0.688103 -0.230279 0.688103
vn 0.688103 -0.230279 0.688103
vn 0.688103 -0.230279 0.688103
vn 0.553530 0.622261 0.553530
vn 0.553530 0.622261 0.553530
vn 0.553530 0.622261 0.553530
vn 0.553530 0.622261 0.553530
vn 0.553530 0.622261 0.553530
vn 0.553530 0.622261 0.553530
vn 0.202606 -0.622261 0.756136
vn 0.202606 -0.622261 0.756136
vn 0.202606 -0.622261 0.756136
vn 0.202606 -0.622261 0.756136
vn 0.202606 -0.622261 0.756136
vn 0.202606 -0.622261 0.756136
vn 0.251863 0.230278 0.939967
vn 0.251863 0.230278 0.939967
vn 0.251863 0.230278 0.939967
vn 0.251863 0.230278 0.939967
vn 0.251863 0.230278 0.939967
vn 0.251863 0.230278 0.939967
vn 0.126744 0.871890 0.473015
vn 0.126744 0.871890 0.473015
vn 0.126744 0.871890 0.473015
vn 0.126744 0.871890 0.473016
vn 0.126744 0.871890 0.473016
vn 0.126744 0.871890 0.473016
vn 0.126744 -0.871890 0.473015
vn 0.126744 -0.871890 0.473015
vn 0.126744 -0.871890 0.473015
vn 0.126744 -0.871890 0.473016
vn 0.126744 -0.871890 0.473016
vn 0.126744 -0.871890 0.473016
vn 0.251863 -0.230280 0.939966
vn 0.251863 -0.230280 0.939966
vn 0.251863 -0.230280 0.939966
vn 0.251863 -0.230279 0.939966
vn 0.251863 -0.230279 0.939966
vn 0.251863 -0.230279 0.939966
vn 0.202606 0.622261 0.756136
vn 0.202606 0.622261 0.756136
vn 0.202606 0.622261 0.756136
vn 0.202606 0.622261 0.756136
vn 0.202606 0.622261 0.756136
vn 0.202606 0.622261 0.756136
vn 0.042682 0.986308 0.159293
vn 0.042682 0.986308 0.159293
vn 0.042682 0.986308 0.159293
vn 0.042683 -0.986308 0.159293
vn 0.042683 -0.986308 0.159293
vn 0.042683 -0.986308 0.159293
vn -0.382684 0.000000 0.923879
vn -0.382684 0.000000 0.923879
vn -0.382684 0.000000 0.923879
vn -0.382684 0.000000 0.923879
vn -0.382684 0.000000 0.923879
vn -0.382684 0.000000 0.923879
vn -0.923879 0.000000 0.382684
vn -0.923879 0.000000 0.382684
vn -0.923879 0.000000 0.382684
vn -0.923879 0.000000 0.382684
vn -0.923879 0.000000 0.382684
vn -0.923879 0.000000 0.382684
vn -0.923879 0.000000 -0.382684
vn -0.923879 0.000000 -0.382684
vn -0.923879 0.000000 -0.382684
vn -0.923879 0.000000 -0.382684
vn -0.923879 0.000000 -0.382684
vn -0.923879 0.000000 -0.382684
vn -0.382683 0.000000 -0.923880
vn -0.382683 0.000000 -0.923880
vn -0.382683 0.000000 -0.923880
vn -0.382683 0.000000 -0.923880
vn -0.382683 0.000000 -0.923880
vn -0.382683 0.000000 -0.923880
vn 0.382683 0.000000 -0.923880
vn 0.382683 0.000000 -0.923880
vn 0.382683 0.000000 -0.923880
vn 0.382683 0.000000 -0.923880
vn 0.382683 0.000000 -0.923880
vn 0.382683 0.000000 -0.923880
vn 0.923880 0.000000 -0.382683
vn 0.923880 0.000000 -0.382683
vn 0.923880 0.000000 -0.382683
vn 0.923880 0.000000 -0.382683
vn 0.923880 0.000000 -0.382683
vn 0.923880 0.000000 -0.382683
vn -0.693768 -0.660382 -0.287369
vn -0.693768 -0.660382 -0.287369
vn -0.693768 -0.660382 -0.287369
vn -0.693768 -0.660383 -0.287369
vn -0.693768 -0.660383 -0.287369
vn -0.693768 -0.660383 -0.287369
vn 0.923880 0.000000 0.382683
vn 0.923880 0.000000 0.382683
vn 0.923880 0.000000 0.382683
vn 0.923880 0.000000 0.382683
vn 0.923880 0.000000 0.382683
vn 0.923880 0.000000 0.382683
vn 0.382684 0.000000 0.923879
vn 0.382684 0.000000 0.923879
vn 0.382684 0.000000 0.923879
vn 0.382684 0.000000 0.923879
vn 0.382684 0.000000 0.923879
vn 0.382684 0.000000 0.923879
vn -0.000000 -1.000000 0.000000
vn -0.000000 -1.000000 0.000000
vn -0.000000 -1.000000 0.000000
vn -0.000000 1.000000 0.000000
vn -0.000000 1.000000 0.000000
vn -0.000000 1.000000 0.000000
vn -0.693769 -0.660382 0.287369
vn -0.693769 -0.660382 0.287369
vn -0.693769 -0.660382 0.287369
vn -0.693768 -0.660382 0.287369
vn -0.693768 -0.660382 0.287369
vn -0.693768 -0.660382 0.287369
vn -0.287368 -0.660382 -0.693769
vn -0.287368 -0.660382 -0.693769
vn -0.287368 -0.660382 -0.693769
vn -0.287368 -0.660382 -0.693768
vn -0.287368 -0.660382 -0.693768
vn -0.287368 -0.660382 -0.693768
vn 0.287369 -0.660383 0.693768
vn 0.287369 -0.660383 0.693768
vn 0.287369 -0.660383 0.693768
vn 0.287369 -0.660383 0.693768
vn 0.287369 -0.660383 0.693768
vn 0.287369 -0.660383 0.693768
vn -0.287369 -0.660382 0.693768
vn -0.287369 -0.660382 0.693768
vn -0.287369 -0.660382 0.693768
vn -0.287369 -0.660383 0.693768
vn -0.287369 -0.660383 0.693768
vn -0.287369 -0.660383 0.693768
vn 0.693768 -0.660383 0.287368
vn 0.693768 -0.660383 0.287368
vn 0.693768 -0.660383 0.287368
vn 0.693768 -0.660382 0.287368
vn 0.693768 -0.660382 0.287368
vn 0.693768 -0.660382 0.287368
vn 0.693768 -0.660383 -0.287368
vn 0.693768 -0.660383 -0.287368
vn 0.693768 -0.660383 -0.287368
vn 0.693768 -0.660383 -0.287368
vn 0.693768 -0.660383 -0.287368
vn 0.693768 -0.660383 -0.287368
vn 0.287368 -0.660383 -0.693768
vn 0.287368 -0.660383 -0.693768
vn 0.287368 -0.660383 -0.693768
vn 0.287368 -0.660382 -0.693768
vn 0.287368 -0.660382 -0.693768
vn 0.287368 -0.660382 -0.693768
vn -0.187591 -0.688962 -0.700101
vn -0.187591 -0.688962 -0.700101
vn -0.187591 -0.688962 -0.700101
vn -0.187591 -0.688961 -0.700101
vn -0.187591 -0.688961 -0.700101
vn -0.187591 -0.688961 -0.700101
vn -0.512508 -0.688962 0.512510
vn -0.512508 -0.688962 0.512510
vn -0.512508 -0.688962 0.512510
vn -0.512510 -0.688961 0.512510
vn -0.512510 -0.688961 0.512510
vn -0.512510 -0.688961 0.512510
vn -0.512510 -0.688961 -0.512509
vn -0.512510 -0.688961 -0.512509
vn -0.512510 -0.688961 -0.512509
vn -0.512510 -0.688961 -0.512509
vn -0.512510 -0.688961 -0.512509
vn -0.512510 -0.688961 -0.512509
vn 0.512510 -0.688961 0.512510
vn 0.512510 -0.688961 0.512510
vn 0.512510 -0.688961 0.512510
vn 0.512509 -0.688962 0.512510
vn 0.512509 -0.688962 0.512510
vn 0.512509 -0.688962 0.512510
vn 0.512510 -0.688961 -0.512510
vn 0.512510 -0.688961 -0.512510
vn 0.512510 -0.688961 -0.512510
vn 0.512511 -0.688961 -0.512509
vn 0.512511 -0.688961 -0.512509
vn 0.512511 -0.688961 -0.512509
vn -0.187592 -0.688961 0.700101
vn -0.187592 -0.688961 0.700101
vn -0.187592 -0.688961 0.700101
vn -0.187593 -0.688961 0.700101
vn -0.187593 -0.688961 0.700101
vn -0.187593 -0.688961 0.700101
vn 0.700101 -0.688962 -0.187591
vn 0.700101 -0.688962 -0.187591
vn 0.700101 -0.688962 -0.187591
vn 0.700101 -0.688962 -0.187591
vn 0.700101 -0.688962 -0.187591
vn 0.700101 -0.688962 -0.187591
vn -0.700100 -0.688962 -0.187592
vn -0.700100 -0.688962 -0.187592
vn -0.700100 -0.688962 -0.187592
vn -0.700100 -0.688962 -0.187592
vn -0.700100 -0.688962 -0.187592
vn -0.700100 -0.688962 -0.187592
vn 0.187592 -0.688961 0.700101
vn 0.187592 -0.688961 0.700101
vn 0.187592 -0.688961 0.700101
vn 0.187591 -0.688962 0.700101
vn 0.187591 -0.688962 0.700101
vn 0.187591 -0.688962 0.700101
vn 0.187591 -0.688962 -0.700101
vn 0.187591 -0.688962 -0.700101
vn 0.187591 -0.688962 -0.700101
vn 0.187591 -0.688962 -0.700101
vn 0.187591 -0.688962 -0.700101
vn 0.187591 -0.688962 -0.700101
vn 0.700100 -0.688962 0.187592
vn 0.700100 -0.688962 0.187592
vn 0.700100 -0.688962 0.187592
vn 0.700101 -0.688962 0.187591
vn 0.700101 -0.688962 0.187591
vn 0.700101 -0.688962 0.187591
vn -0.700101 -0.688962 0.187591
vn -0.700101 -0.688962 0.187591
vn -0.700101 -0.688962 0.187591
vn -0.700102 -0.688961 0.187591
vn -0.700102 -0.688961 0.187591
vn -0.700102 -0.688961 0.187591
vn -0.923880 0.000000 0.382683
vn -0.923880 0.000000 0.382683
vn -0.923880 0.000000 0.382683
vn -0.923879 0.000000 0.382684
vn -0.923879 0.000000 0.382684
vn -0.923879 0.000000 0.382684
vn 0.923879 0.000000 -0.382684
vn 0.923879 0.000000 -0.382684
vn 0.923879 0.000000 -0.382684
vn 0.923879 0.000000 -0.382684
vn 0.923879 0.000000 -0.382684
vn 0.923879 0.000000 -0.382684
vn -0.382683 0.000000 0.923880
vn -0.382683 0.000000 0.923880
vn -0.382683 0.000000 0.923880
vn -0.382684 0.000000 0.923880
vn -0.382684 0.000000 0.923880
vn -0.382684 0.000000 0.923880
vn -0.000000 1.000000 0.000000
vn -0.000000 1.000000 0.000000
vn -0.000000 1.000000 0.000000
vn -0.000001 1.000000 0.000000
vn -0.000001 1.000000 0.000000
vn -0.000001 1.000000 0.000000
vn -0.923879 0.000000 0.382684
vn -0.923879 0.000000 0.382684
vn -0.923879 0.000000 0.382684
vn -0.923879 0.000000 0.382684
vn -0.923879 0.000000 0.382684
vn -0.923879 0.000000 0.382684
vn 0.923879 0.000000 0.382684
vn 0.923879 0.000000 0.382684
vn 0.923879 0.000000 0.382684
vn 0.923879 0.000000 0.382684
vn 0.923879 0.000000 0.382684
vn 0.923879 0.000000 0.382684
vn -0.000000 1.000000 0.000000
vn -0.000000 1.000000 0.000000
vn -0.000000 1.000000 0.000000
vn 0.000002 1.000000 0.000000
vn 0.000002 1.000000 0.000000
vn 0.000002 1.000000 0.000000
vn -0.923879 0.000000 -0.382684
vn -0.923879 0.000000 -0.382684
vn -0.923879 0.000000 -0.382684
vn -0.923879 0.000000 -0.382684
vn -0.923879 0.000000 -0.382684
vn -0.923879 0.000000 -0.382684
vn 0.382683 0.000000 0.923880
vn 0.382683 0.000000 0.923880
vn 0.382683 0.000000 0.923880
vn 0.382683 0.000000 0.923880
vn 0.382683 0.000000 0.923880
vn 0.382683 0.000000 0.923880
vn -0.000000 1.000000 0.000000
vn -0.000000 1.000000 0.000000
vn -0.000000 1.000000 0.000000
vn -0.000001 1.000000 0.000000
vn -0.000001 1.000000 0.000000
vn -0.000001 1.000000 0.000000
vn -0.382683 0.000000 -0.923880
vn -0.382683 0.000000 -0.923880
vn -0.382683 0.000000 -0.923880
vn -0.382683 0.000000 -0.923880
vn -0.382683 0.000000 -0.923880
vn -0.382683 0.000000 -0.923880
vn 0.382684 0.000000 -0.923879
vn 0.382684 0.000000 -0.923879
vn 0.382684 0.000000 -0.923879
vn 0.382684 0.000000 -0.923879
vn 0.382684 0.000000 -0.923879
vn 0.382684 0.000000 -0.923879
vn -0.000001 1.000000 0.000000
vn -0.000001 1.000000 0.000000
vn -0.000001 1.000000 0.000000
vn -0.000000 1.000000 0.000000
vn -0.000000 1.000000 0.000000
vn -0.000000 1.000000 0.000000
vn 0.382683 0.000000 -0.923880
vn 0.382683 0.000000 -0.923880
vn 0.382683 0.000000 -0.923880
vn 0.382684 0.000000 -0.923879
vn 0.382684 0.000000 -0.923879
vn 0.382684 0.000000 -0.923879
vn -0.382684 0.000000 0.923879
vn -0.382684 0.000000 0.923879
vn -0.382684 0.000000 0.923879
vn -0.382683 0.000000 0.923880
vn -0.382683 0.000000 0.923880
vn -0.382683 0.000000 0.923880
vn -0.000000 1.000000 0.000000
vn -0.000000 1.000000 0.000000
vn -0.000000 1.000000 0.000000
vn 0.000000 1.000000 0.000000
vn 0.000000 1.000000 0.000000
vn 0.000000 1.000000 0.000000
vn 0.923880 0.000000 -0.382684
vn 0.923880 0.000000 -0.382684
vn 0.923880 0.000000 -0.382684
vn 0.923879 0.000000 -0.382684
vn 0.923879 0.000000 -0.382684
vn 0.923879 0.000000 -0.382684
vn 0.000000 1.000000 0.000000
vn 0.000000 1.000000 0.000000
vn 0.000000 1.000000 0.000000
vn -0.000000 1.000000 0.000000
vn -0.000000 1.000000 0.000000
vn -0.000000 1.000000 0.000000
vn -0.000001 1.000000 0.000000
vn -0.000001 1.000000 0.000000
vn -0.000001 1.000000 0.000000
vn -0.000000 1.000000 0.000000
vn -0.000000 1.000000 0.000000
vn -0.000000 1.000000 0.000000
vn 0.923879 0.000000 0.382684
vn 0.923879 0.000000 0.382684
vn 0.923879 0.000000 0.382684
vn 0.923880 0.000000 0.382684
vn 0.923880 0.000000 0.382684
vn 0.923880 0.000000 0.382684
vn -0.382684 0.000000 -0.923879
vn -0.382684 0.000000 -0.923879
vn -0.382684 0.000000 -0.923879
vn -0.382684 0.000000 -0.923879
vn -0.382684 0.000000 -0.923879
vn -0.382684 0.000000 -0.923879
vn -0.923879 0.000000 -0.382683
vn -0.923879 0.000000 -0.382683
vn -0.923879 0.000000 -0.382683
vn -0.923880 0.000000 -0.382684
vn -0.923880 0.000000 -0.382684
vn -0.923880 0.000000 -0.382684
vn 0.382684 0.000000 0.923879
vn 0.382684 0.000000 0.923879
vn 0.382684 0.000000 0.923879
vn 0.382684 0.000000 0.923879
vn 0.382684 0.000000 0.923879
vn 0.382684 0.000000 0.923879
vn -0.000000 1.000000 0.000000
vn -0.000000 1.000000 0.000000
vn -0.000000 1.000000 0.000000
vn -0.000000 1.000000 0.000000
vn -0.000000 1.000000 0.000000
vn -0.000000 1.000000 0.000000
vn 0.000001 1.000000 0.000000
vn 0.000001 1.000000 0.000000
vn 0.000001 1.000000 0.000000
vn -0.000000 1.000000 0.000000
vn -0.000000 1.000000 0.000000
vn -0.000000 1.000000 0.000000
vn -0.000000 1.000000 0.000000
vn -0.000000 1.000000 0.000000
vn -0.000000 1.000000 0.000000
vn -0.000000 1.000000 0.000000
vn -0.000000 1.000000 0.000000
vn -0.000000 1.000000 0.000000
vn -0.000000 1.000000 0.000000
vn -0.000000 1.000000 0.000000
vn -0.000000 1.000000 0.000000
vn -0.000000 -1.000000 0.000000
vn -0.000000 -1.000000 0.000000
vn -0.000000 -1.000000 0.000000
vn -0.000000 -1.000000 0.000000
vn -0.000000 -1.000000 0.000000
vn -0.000000 -1.000000 0.000000
vn -0.000000 -1.000000 0.000000
vn -0.000000 -1.000000 0.000000
vn -0.000000 -1.000000 0.000000
vn -0.000000 -1.000000 0.000000
vn -0.000000 -1.000000 0.000000
vn -0.000000 -1.000000 0.000000
vn -0.000000 -1.000000 0.000000
vn -0.000000 -1.000000 0.000000
vn -0.000000 -1.000000 0.000000
vn -0.000000 1.000000 0.000000
vn -0.000000 1.000000 0.000000
vn -0.000000 1.000000 0.000000
vn -0.000000 1.000000 0.000000
vn -0.000000 1.000000 0.000000
vn -0.000000 1.000000 0.000000
vn -0.000000 1.000000 0.000000
vn -0.000000 1.000000 0.000000
vn -0.000000 1.000000 0.000000
vn -0.000000 1.000000 0.000000
vn -0.000000 1.000000 0.000000
vn -0.000000 1.000000 0.000000
vn -0.000000 1.000000 0.000000
vn -0.000000 1.000000 0.000000
vn -0.000000 1.000000 0.000000
vn -0.000000 -1.000000 0.000000
vn -0.000000 -1.000000 0.000000
vn -0.000000 -1.000000 0.000000
vn -0.000000 -1.000000 0.000000
vn -0.000000 -1.000000 0.000000
vn -0.000000 -1.000000 0.000000
vn -0.000000 -1.000000 0.000000
vn -0.000000 -1.000000 0.000000
vn -0.000000 -1.000000 0.000000
vn -0.000000 -1.000000 0.000000
vn -0.000000 -1.000000 0.000000
vn -0.000000 -1.000000 0.000000
vn -0.000000 -1.000000 0.000000
vn -0.000000 -1.000000 0.000000
vn -0.000000 -1.000000 0.000000
vn 0.000000 1.000000 0.000000
vn 0.000000 1.000000 0.000000
vn 0.000000 1.000000 0.000000
vn -0.000000 1.000000 0.000000
vn -0.000000 1.000000 0.000000
vn -0.000000 1.000000 0.000000
vn 0.000001 1.000000 0.000000
vn 0.000001 1.000000 0.000000
vn 0.000001 1.000000 0.000000
vn -0.000000 1.000000 0.000000
vn -0.000000 1.000000 0.000000
vn -0.000000 1.000000 0.000000
vn -0.000000 1.000000 0.000000
vn -0.000000 1.000000 0.000000
vn -0.000000 1.000000 0.000000
vn -0.251862 0.230278 0.939967
vn -0.251862 0.230278 0.939967
vn -0.251862 0.230278 0.939967
vn -0.251863 0.230278 0.939967
vn -0.251863 0.230278 0.939967
vn -0.251863 0.230278 0.939967
vn -0.126745 0.871890 0.473016
vn -0.126745 0.871890 0.473016
vn -0.126745 0.871890 0.473016
vn -0.126742 0.871890 0.473016
vn -0.126742 0.871890 0.473016
vn -0.126742 0.871890 0.473016
vn -0.202606 0.622262 0.756135
vn -0.202606 0.622262 0.756135
vn -0.202606 0.622262 0.756135
vn -0.202606 0.622263 0.756135
vn -0.202606 0.622263 0.756135
vn -0.202606 0.622263 0.756135
vn -0.042682 0.986309 0.159290
vn -0.042682 0.986309 0.159290
vn -0.042682 0.986309 0.159290
vn -0.553528 0.622263 0.553530
vn -0.553528 0.622263 0.553530
vn -0.553528 0.622263 0.553530
vn -0.553531 0.622262 0.553529
vn -0.553531 0.622262 0.553529
vn -0.553531 0.622262 0.553529
vn -0.116610 0.986309 0.116608
vn -0.116610 0.986309 0.116608
vn -0.116610 0.986309 0.116608
vn -0.688104 0.230278 0.688102
vn -0.688104 0.230278 0.688102
vn -0.688104 0.230278 0.688102
vn -0.688103 0.230279 0.688103
vn -0.688103 0.230279 0.688103
vn -0.688103 0.230279 0.688103
vn -0.346275 0.871889 0.346271
vn -0.346275 0.871889 0.346271
vn -0.346275 0.871889 0.346271
vn -0.346271 0.871890 0.346272
vn -0.346271 0.871890 0.346272
vn -0.346271 0.871890 0.346272
vn -0.756135 0.622263 0.202606
vn -0.756135 0.622263 0.202606
vn -0.756135 0.622263 0.202606
vn -0.756137 0.622261 0.202606
vn -0.756137 0.622261 0.202606
vn -0.756137 0.622261 0.202606
vn -0.159286 0.986309 0.042682
vn -0.159286 0.986309 0.042682
vn -0.159286 0.986309 0.042682
vn -0.939966 0.230278 0.251863
vn -0.939966 0.230278 0.251863
vn -0.939966 0.230278 0.251863
vn -0.939966 0.230279 0.251864
vn -0.939966 0.230279 0.251864
vn -0.939966 0.230279 0.251864
vn -0.473014 0.871891 0.126744
vn -0.473014 0.871891 0.126744
vn -0.473014 0.871891 0.126744
vn -0.473015 0.871890 0.126744
vn -0.473015 0.871890 0.126744
vn -0.473015 0.871890 0.126744
vn -0.939967 0.230278 -0.251863
vn -0.939967 0.230278 -0.251863
vn -0.939967 0.230278 -0.251863
vn -0.939966 0.230278 -0.251863
vn -0.939966 0.230278 -0.251863
vn -0.939966 0.230278 -0.251863
vn -0.473017 0.871889 -0.126744
vn -0.473017 0.871889 -0.126744
vn -0.473017 0.871889 -0.126744
vn -0.473018 0.871889 -0.126744
vn -0.473018 0.871889 -0.126744
vn -0.473018 0.871889 -0.126744
vn -0.756135 0.622263 -0.202606
vn -0.756135 0.622263 -0.202606
vn -0.756135 0.622263 -0.202606
vn -0.756134 0.622263 -0.202606
vn -0.756134 0.622263 -0.202606
vn -0.756134 0.622263 -0.202606
vn -0.159292 0.986308 -0.042682
vn -0.159292 0.986308 -0.042682
vn -0.159292 0.986308 -0.042682
vn -0.688102 0.230278 -0.688104
vn -0.688102 0.230278 -0.688104
vn -0.688102 0.230278 -0.688104
vn -0.688103 0.230278 -0.688103
vn -0.688103 0.230278 -0.688103
vn -0.688103 0.230278 -0.688103
vn -0.346270 0.871891 -0.346272
vn -0.346270 0.871891 -0.346272
vn -0.346270 0.871891 -0.346272
vn -0.346272 0.871890 -0.346271
vn -0.346272 0.871890 -0.346271
vn -0.346272 0.871890 -0.346271
vn -0.553530 0.622262 -0.553529
vn -0.553530 0.622262 -0.553529
vn -0.553530 0.622262 -0.553529
vn -0.553531 0.622262 -0.553529
vn -0.553531 0.622262 -0.553529
vn -0.553531 0.622262 -0.553529
vn -0.116613 0.986308 -0.116608
vn -0.116613 0.986308 -0.116608
vn -0.116613 0.986308 -0.116608
vn -0.202607 0.622262 -0.756135
vn -0.202607 0.622262 -0.756135
vn -0.202607 0.622262 -0.756135
vn -0.202605 0.622263 -0.756135
vn -0.202605 0.622263 -0.756135
vn -0.202605 0.622263 -0.756135
vn -0.042682 0.986309 -0.159290
vn -0.042682 0.986309 -0.159290
vn -0.042682 0.986309 -0.159290
vn -0.251863 0.230278 -0.939966
vn -0.251863 0.230278 -0.939966
vn -0.251863 0.230278 -0.939966
vn -0.251863 0.230278 -0.939967
vn -0.251863 0.230278 -0.939967
vn -0.251863 0.230278 -0.939967
vn -0.126742 0.871890 -0.473016
vn -0.126742 0.871890 -0.473016
vn -0.126742 0.871890 -0.473016
vn -0.126746 0.871890 -0.473016
vn -0.126746 0.871890 -0.473016
vn -0.126746 0.871890 -0.473016
vn 0.202605 0.622263 -0.756135
vn 0.202605 0.622263 -0.756135
vn 0.202605 0.622263 -0.756135
vn 0.202605 0.622262 -0.756136
vn 0.202605 0.622262 -0.756136
vn 0.202605 0.622262 -0.756136
vn 0.042682 0.986309 -0.159290
vn 0.042682 0.986309 -0.159290
vn 0.042682 0.986309 -0.159290
vn 0.251864 0.230277 -0.939966
vn 0.251864 0.230277 -0.939966
vn 0.251864 0.230277 -0.939966
vn 0.251862 0.230278 -0.939967
vn 0.251862 0.230278 -0.939967
vn 0.251862 0.230278 -0.939967
vn 0.126745 0.871890 -0.473015
vn 0.126745 0.871890 -0.473015
vn 0.126745 0.871890 -0.473015
vn 0.126746 0.871890 -0.473015
vn 0.126746 0.871890 -0.473015
vn 0.126746 0.871890 -0.473015
vn 0.688102 0.230278 -0.688104
vn 0.688102 0.230278 -0.688104
vn 0.688102 0.230278 -0.688104
vn 0.688103 0.230278 -0.688104
vn 0.688103 0.230278 -0.688104
vn 0.688103 0.230278 -0.688104
vn 0.346275 0.871889 -0.346271
vn 0.346275 0.871889 -0.346271
vn 0.346275 0.871889 -0.346271
vn 0.346271 0.871890 -0.346272
vn 0.346271 0.871890 -0.346272
vn 0.346271 0.871890 -0.346272
vn 0.553529 0.622263 -0.553530
vn 0.553529 0.622263 -0.553530
vn 0.553529 0.622263 -0.553530
vn 0.553530 0.622262 -0.553529
vn 0.553530 0.622262 -0.553529
vn 0.553530 0.622262 -0.553529
vn 0.116613 0.986308 -0.116609
vn 0.116613 0.986308 -0.116609
vn 0.116613 0.986308 -0.116609
vn 0.473014 0.871891 -0.126744
vn 0.473014 0.871891 -0.126744
vn 0.473014 0.871891 -0.126744
vn 0.473015 0.871890 -0.126744
vn 0.473015 0.871890 -0.126744
vn 0.473015 0.871890 -0.126744
vn 0.756136 0.622262 -0.202605
vn 0.756136 0.622262 -0.202605
vn 0.756136 0.622262 -0.202605
vn 0.756134 0.622264 -0.202606
vn 0.756134 0.622264 -0.202606
vn 0.756134 0.622264 -0.202606
vn 0.159293 0.986308 -0.042682
vn 0.159293 0.986308 -0.042682
vn 0.159293 0.986308 -0.042682
vn 0.939966 0.230278 -0.251863
vn 0.939966 0.230278 -0.251863
vn 0.939966 0.230278 -0.251863
vn 0.939967 0.230277 -0.251862
vn 0.939967 0.230277 -0.251862
vn 0.939967 0.230277 -0.251862
vn 0.707107 0.000000 0.707107
vn 0.707107 0.000000 0.707107
vn 0.707107 0.000000 0.707107
vn 0.707107 0.000000 0.707107
vn 0.707107 0.000000 0.707107
vn 0.707107 0.000000 0.707107
vn -0.258818 0.000000 0.965926
vn -0.258818 0.000000 0.965926
vn -0.258818 0.000000 0.965926
vn -0.258818 0.000000 0.965926
vn -0.258818 0.000000 0.965926
vn -0.258818 0.000000 0.965926
vn 0.756134 0.622263 0.202606
vn 0.756134 0.622263 0.202606
vn 0.756134 0.622263 0.202606
vn 0.756136 0.622261 0.202605
vn 0.756136 0.622261 0.202605
vn 0.756136 0.622261 0.202605
vn 0.159289 0.986309 0.042682
vn 0.159289 0.986309 0.042682
vn 0.159289 0.986309 0.042682
vn 0.258819 0.000000 0.965926
vn 0.258819 0.000000 0.965926
vn 0.258819 0.000000 0.965926
vn 0.258819 0.000000 0.965926
vn 0.258819 0.000000 0.965926
vn 0.258819 0.000000 0.965926
vn 0.965926 0.000000 -0.258819
vn 0.965926 0.000000 -0.258819
vn 0.965926 0.000000 -0.258819
vn 0.965926 0.000000 -0.258818
vn 0.965926 0.000000 -0.258818
vn 0.965926 0.000000 -0.258818
vn 0.939966 0.230278 0.251864
vn 0.939966 0.230278 0.251864
vn 0.939966 0.230278 0.251864
vn 0.939967 0.230277 0.251863
vn 0.939967 0.230277 0.251863
vn 0.939967 0.230277 0.251863
vn 0.473014 0.871891 0.126744
vn 0.473014 0.871891 0.126744
vn 0.473014 0.871891 0.126744
vn 0.473015 0.871890 0.126744
vn 0.473015 0.871890 0.126744
vn 0.473015 0.871890 0.126744
vn 0.116610 0.986309 0.116609
vn 0.116610 0.986309 0.116609
vn 0.116610 0.986309 0.116609
vn 0.258819 0.000000 -0.965926
vn 0.258819 0.000000 -0.965926
vn 0.258819 0.000000 -0.965926
vn 0.258819 0.000000 -0.965926
vn 0.258819 0.000000 -0.965926
vn 0.258819 0.000000 -0.965926
vn -0.965926 0.000000 0.258819
vn -0.965926 0.000000 0.258819
vn -0.965926 0.000000 0.258819
vn -0.965926 0.000000 0.258819
vn -0.965926 0.000000 0.258819
vn -0.965926 0.000000 0.258819
vn 0.688104 0.230277 0.688103
vn 0.688104 0.230277 0.688103
vn 0.688104 0.230277 0.688103
vn 0.688101 0.230278 0.688105
vn 0.688101 0.230278 0.688105
vn 0.688101 0.230278 0.688105
vn 0.346270 0.871890 0.346272
vn 0.346270 0.871890 0.346272
vn 0.346270 0.871890 0.346272
vn 0.346272 0.871890 0.346271
vn 0.346272 0.871890 0.346271
vn 0.346272 0.871890 0.346271
vn 0.707107 0.000000 -0.707107
vn 0.707107 0.000000 -0.707107
vn 0.707107 0.000000 -0.707107
vn 0.707107 0.000000 -0.707107
vn 0.707107 0.000000 -0.707107
vn 0.707107 0.000000 -0.707107
vn -0.965926 0.000000 -0.258819
vn -0.965926 0.000000 -0.258819
vn -0.965926 0.000000 -0.258819
vn -0.965926 0.000000 -0.258820
vn -0.965926 0.000000 -0.258820
vn -0.965926 0.000000 -0.258820
vn 0.553530 0.622262 0.553529
vn 0.553530 0.622262 0.553529
vn 0.553530 0.622262 0.553529
vn 0.553528 0.622263 0.553530
vn 0.553528 0.622263 0.553530
vn 0.553528 0.622263 0.553530
vn -0.707107 0.000000 -0.707107
vn -0.707107 0.000000 -0.707107
vn -0.707107 0.000000 -0.707107
vn -0.707107 0.000000 -0.707107
vn -0.707107 0.000000 -0.707107
vn -0.707107 0.000000 -0.707107
vn 0.251863 0.230277 0.939967
vn 0.251863 0.230277 0.939967
vn 0.251863 0.230277 0.939967
vn 0.251863 0.230277 0.939967
vn 0.251863 0.230277 0.939967
vn 0.251863 0.230277 0.939967
vn 0.126745 0.871890 0.473015
vn 0.126745 0.871890 0.473015
vn 0.126745 0.871890 0.473015
vn 0.126742 0.871890 0.473016
vn 0.126742 0.871890 0.473016
vn 0.126742 0.871890 0.473016
vn 0.965926 0.000000 0.258819
vn 0.965926 0.000000 0.258819
vn 0.965926 0.000000 0.258819
vn 0.965926 0.000000 0.258819
vn 0.965926 0.000000 0.258819
vn 0.965926 0.000000 0.258819
vn -0.258819 0.000000 -0.965926
vn -0.258819 0.000000 -0.965926
vn -0.258819 0.000000 -0.965926
vn -0.258819 0.000000 -0.965926
vn -0.258819 0.000000 -0.965926
vn -0.258819 0.000000 -0.965926
vn 0.202607 0.622262 0.756135
vn 0.202607 0.622262 0.756135
vn 0.202607 0.622262 0.756135
vn 0.202606 0.622263 0.756135
vn 0.202606 0.622263 0.756135
vn 0.202606 0.622263 0.756135
vn 0.042681 0.986309 0.159290
vn 0.042681 0.986309 0.159290
vn 0.042681 0.986309 0.159290
vn -0.707107 0.000000 0.707107
vn -0.707107 0.000000 0.707107
vn -0.707107 0.000000 0.707107
vn -0.707107 0.000000 0.707107
vn -0.707107 0.000000 0.707107
vn -0.707107 0.000000 0.707107
vn -0.202606 -0.622263 0.756135
vn -0.202606 -0.622263 0.756135
vn -0.202606 -0.622263 0.756135
vn -0.202606 -0.622263 0.756135
vn -0.202606 -0.622263 0.756135
vn -0.202606 -0.622263 0.756135
vn -0.251863 -0.230277 0.939967
vn -0.251863 -0.230277 0.939967
vn -0.251863 -0.230277 0.939967
vn -0.251863 -0.230278 0.939966
vn -0.251863 -0.230278 0.939966
vn -0.251863 -0.230278 0.939966
vn -0.688104 -0.230278 0.688103
vn -0.688104 -0.230278 0.688103
vn -0.688104 -0.230278 0.688103
vn -0.688103 -0.230278 0.688103
vn -0.688103 -0.230278 0.688103
vn -0.688103 -0.230278 0.688103
vn -0.553530 -0.622263 0.553529
vn -0.553530 -0.622263 0.553529
vn -0.553530 -0.622263 0.553529
vn -0.553529 -0.622262 0.553530
vn -0.553529 -0.622262 0.553530
vn -0.553529 -0.622262 0.553530
vn -0.939967 -0.230278 0.251863
vn -0.939967 -0.230278 0.251863
vn -0.939967 -0.230278 0.251863
vn -0.939967 -0.230278 0.251863
vn -0.939967 -0.230278 0.251863
vn -0.939967 -0.230278 0.251863
vn -0.756135 -0.622263 0.202606
vn -0.756135 -0.622263 0.202606
vn -0.756135 -0.622263 0.202606
vn -0.756135 -0.622262 0.202606
vn -0.756135 -0.622262 0.202606
vn -0.756135 -0.622262 0.202606
vn -0.756137 -0.622261 -0.202606
vn -0.756137 -0.622261 -0.202606
vn -0.756137 -0.622261 -0.202606
vn -0.756136 -0.622262 -0.202606
vn -0.756136 -0.622262 -0.202606
vn -0.756136 -0.622262 -0.202606
vn -0.939966 -0.230279 -0.251864
vn -0.939966 -0.230279 -0.251864
vn -0.939966 -0.230279 -0.251864
vn -0.939966 -0.230278 -0.251863
vn -0.939966 -0.230278 -0.251863
vn -0.939966 -0.230278 -0.251863
vn -0.688103 -0.230278 -0.688103
vn -0.688103 -0.230278 -0.688103
vn -0.688103 -0.230278 -0.688103
vn -0.688103 -0.230278 -0.688103
vn -0.688103 -0.230278 -0.688103
vn -0.688103 -0.230278 -0.688103
vn -0.553529 -0.622263 -0.553530
vn -0.553529 -0.622263 -0.553530
vn -0.553529 -0.622263 -0.553530
vn -0.553530 -0.622262 -0.553529
vn -0.553530 -0.622262 -0.553529
vn -0.553530 -0.622262 -0.553529
vn -0.251862 -0.230278 -0.939967
vn -0.251862 -0.230278 -0.939967
vn -0.251862 -0.230278 -0.939967
vn -0.251863 -0.230277 -0.939967
vn -0.251863 -0.230277 -0.939967
vn -0.251863 -0.230277 -0.939967
vn -0.202608 -0.622262 -0.756135
vn -0.202608 -0.622262 -0.756135
vn -0.202608 -0.622262 -0.756135
vn -0.202605 -0.622263 -0.756135
vn -0.202605 -0.622263 -0.756135
vn -0.202605 -0.622263 -0.756135
vn -0.707107 0.000000 -0.707106
vn -0.707107 0.000000 -0.707106
vn -0.707107 0.000000 -0.707106
vn -0.707107 0.000000 -0.707107
vn -0.707107 0.000000 -0.707107
vn -0.707107 0.000000 -0.707107
vn 0.202606 -0.622262 -0.756135
vn 0.202606 -0.622262 -0.756135
vn 0.202606 -0.622262 -0.756135
vn 0.202606 -0.622262 -0.756135
vn 0.202606 -0.622262 -0.756135
vn 0.202606 -0.622262 -0.756135
vn -0.258819 0.000000 0.965926
vn -0.258819 0.000000 0.965926
vn -0.258819 0.000000 0.965926
vn -0.258819 0.000000 0.965926
vn -0.258819 0.000000 0.965926
vn -0.258819 0.000000 0.965926
vn 0.251863 -0.230278 -0.939967
vn 0.251863 -0.230278 -0.939967
vn 0.251863 -0.230278 -0.939967
vn 0.251863 -0.230278 -0.939967
vn 0.251863 -0.230278 -0.939967
vn 0.251863 -0.230278 -0.939967
vn -0.965926 0.000000 -0.258819
vn -0.965926 0.000000 -0.258819
vn -0.965926 0.000000 -0.258819
vn -0.965926 0.000000 -0.258819
vn -0.965926 0.000000 -0.258819
vn -0.965926 0.000000 -0.258819
vn 0.553529 -0.622263 -0.553529
vn 0.553529 -0.622263 -0.553529
vn 0.553529 -0.622263 -0.553529
vn 0.553530 -0.622262 -0.553529
vn 0.553530 -0.622262 -0.553529
vn 0.553530 -0.622262 -0.553529
vn -0.707107 0.000000 0.707107
vn -0.707107 0.000000 0.707107
vn -0.707107 0.000000 0.707107
vn -0.707107 0.000000 0.707106
vn -0.707107 0.000000 0.707106
vn -0.707107 0.000000 0.707106
vn 0.688103 -0.230278 -0.688103
vn 0.688103 -0.230278 -0.688103
vn 0.688103 -0.230278 -0.688103
vn 0.688103 -0.230278 -0.688103
vn 0.688103 -0.230278 -0.688103
vn 0.688103 -0.230278 -0.688103
vn 0.258819 0.000000 -0.965926
vn 0.258819 0.000000 -0.965926
vn 0.258819 0.000000 -0.965926
vn 0.258819 0.000000 -0.965926
vn 0.258819 0.000000 -0.965926
vn 0.258819 0.000000 -0.965926
vn 0.939967 -0.230278 -0.251863
vn 0.939967 -0.230278 -0.251863
vn 0.939967 -0.230278 -0.251863
vn 0.939966 -0.230278 -0.251864
vn 0.939966 -0.230278 -0.251864
vn 0.939966 -0.230278 -0.251864
vn 0.707107 0.000000 0.707106
vn 0.707107 0.000000 0.707106
vn 0.707107 0.000000 0.707106
vn 0.707106 0.000000 0.707107
vn 0.707106 0.000000 0.707107
vn 0.707106 0.000000 0.707107
vn 0.756136 -0.622262 -0.202606
vn 0.756136 -0.622262 -0.202606
vn 0.756136 -0.622262 -0.202606
vn 0.756134 -0.622263 -0.202606
vn 0.756134 -0.622263 -0.202606
vn 0.756134 -0.622263 -0.202606
vn 0.258819 0.000000 0.965926
vn 0.258819 0.000000 0.965926
vn 0.258819 0.000000 0.965926
vn 0.258819 0.000000 0.965926
vn 0.258819 0.000000 0.965926
vn 0.258819 0.000000 0.965926
vn 0.939967 -0.230277 0.251863
vn 0.939967 -0.230277 0.251863
vn 0.939967 -0.230277 0.251863
vn 0.939967 -0.230277 0.251863
vn 0.939967 -0.230277 0.251863
vn 0.939967 -0.230277 0.251863
vn 0.965926 0.000000 0.258819
vn 0.965926 0.000000 0.258819
vn 0.965926 0.000000 0.258819
vn 0.965926 0.000000 0.258819
vn 0.965926 0.000000 0.258819
vn 0.965926 0.000000 0.258819
vn 0.756134 -0.622264 0.202606
vn 0.756134 -0.622264 0.202606
vn 0.756134 -0.622264 0.202606
vn 0.756135 -0.622262 0.202606
vn 0.756135 -0.622262 0.202606
vn 0.756135 -0.622262 0.202606
vn -0.258819 0.000000 -0.965926
vn -0.258819 0.000000 -0.965926
vn -0.258819 0.000000 -0.965926
vn -0.258819 0.000000 -0.965926
vn -0.258819 0.000000 -0.965926
vn -0.258819 0.000000 -0.965926
vn 0.553528 -0.622263 0.553530
vn 0.553528 -0.622263 0.553530
vn 0.553528 -0.622263 0.553530
vn 0.553528 -0.622263 0.553530
vn 0.553528 -0.622263 0.553530
vn 0.553528 -0.622263 0.553530
vn 0.707107 0.000000 -0.707106
vn 0.707107 0.000000 -0.707106
vn 0.707107 0.000000 -0.707106
vn 0.707107 0.000000 -0.707107
vn 0.707107 0.000000 -0.707107
vn 0.707107 0.000000 -0.707107
vn 0.688103 -0.230278 0.688104
vn 0.688103 -0.230278 0.688104
vn 0.688103 -0.230278 0.688104
vn 0.688103 -0.230277 0.688104
vn 0.688103 -0.230277 0.688104
vn 0.688103 -0.230277 0.688104
vn 0.202606 -0.622262 0.756135
vn 0.202606 -0.622262 0.756135
vn 0.202606 -0.622262 0.756135
vn 0.202606 -0.622263 0.756135
vn 0.202606 -0.622263 0.756135
vn 0.202606 -0.622263 0.756135
vn -0.965926 0.000000 0.258819
vn -0.965926 0.000000 0.258819
vn -0.965926 0.000000 0.258819
vn -0.965926 0.000000 0.258819
vn -0.965926 0.000000 0.258819
vn -0.965926 0.000000 0.258819
vn 0.251863 -0.230277 0.939967
vn 0.251863 -0.230277 0.939967
vn 0.251863 -0.230277 0.939967
vn 0.251863 -0.230278 0.939967
vn 0.251863 -0.230278 0.939967
vn 0.251863 -0.230278 0.939967
vn 0.965926 0.000000 -0.258819
vn 0.965926 0.000000 -0.258819
vn 0.965926 0.000000 -0.258819
vn 0.965926 0.000000 -0.258819
vn 0.965926 0.000000 -0.258819
vn 0.965926 0.000000 -0.258819
vn -0.382684 0.000000 0.923880
vn -0.382684 0.000000 0.923880
vn -0.382684 0.000000 0.923880
vn -0.382684 0.000000 0.923879
vn -0.382684 0.000000 0.923879
vn -0.382684 0.000000 0.923879
vn -0.000000 1.000000 0.000000
vn -0.000000 1.000000 0.000000
vn -0.000000 1.000000 0.000000
vn -0.000000 1.000000 0.000000
vn -0.000000 1.000000 0.000000
vn -0.000000 1.000000 0.000000
vn -0.923879 0.000000 0.382684
vn -0.923879 0.000000 0.382684
vn -0.923879 0.000000 0.382684
vn -0.923879 0.000000 0.382684
vn -0.923879 0.000000 0.382684
vn -0.923879 0.000000 0.382684
vn -0.000000 -1.000000 0.000000
vn -0.000000 -1.000000 0.000000
vn -0.000000 -1.000000 0.000000
vn -0.000000 -1.000000 0.000000
vn -0.000000 -1.000000 0.000000
vn -0.000000 -1.000000 0.000000
vn -0.923879 0.000000 -0.382684
vn -0.923879 0.000000 -0.382684
vn -0.923879 0.000000 -0.382684
vn -0.923879 0.000000 -0.382684
vn -0.923879 0.000000 -0.382684
vn -0.923879 0.000000 -0.382684
vn -0.382683 0.000000 -0.923879
vn -0.382683 0.000000 -0.923879
vn -0.382683 0.000000 -0.923879
vn -0.382684 0.000000 -0.923879
vn -0.382684 0.000000 -0.923879
vn -0.382684 0.000000 -0.923879
vn -1.000000 0.000000 0.000000
vn -1.000000 0.000000 0.000000
vn -1.000000 0.000000 0.000000
vn -1.000000 0.000000 0.000000
vn -1.000000 0.000000 0.000000
vn -1.000000 0.000000 0.000000
vn 0.382684 0.000000 -0.923879
vn 0.382684 0.000000 -0.923879
vn 0.382684 0.000000 -0.923879
vn 0.382684 0.000000 -0.923879
vn 0.382684 0.000000 -0.923879
vn 0.382684 0.000000 -0.923879
vn 0.923880 0.000000 -0.382683
vn 0.923880 0.000000 -0.382683
vn 0.923880 0.000000 -0.382683
vn 0.923880 0.000000 -0.382683
vn 0.923880 0.000000 -0.382683
vn 0.923880 0.000000 -0.382683
vn -0.000000 1.000000 0.000000
vn -0.000000 1.000000 0.000000
vn -0.000000 1.000000 0.000000
vn 1.000000 0.000000 0.000000
vn 1.000000 0.000000 0.000000
vn 1.000000 0.000000 0.000000
vn 1.000000 0.000000 0.000000
vn 1.000000 0.000000 0.000000
vn 1.000000 0.000000 0.000000
vn 0.923880 0.000000 0.382683
vn 0.923880 0.000000 0.382683
vn 0.923880 0.000000 0.382683
vn 0.923880 0.000000 0.382683
vn 0.923880 0.000000 0.382683
vn 0.923880 0.000000 0.382683
vn 0.382683 0.000000 0.923880
vn 0.382683 0.000000 0.923880
vn 0.382683 0.000000 0.923880
vn 0.382683 0.000000 0.923880
vn 0.382683 0.000000 0.923880
vn 0.382683 0.000000 0.923880
vn -0.000000 -1.000000 0.000000
vn -0.000000 -1.000000 0.000000
vn -0.000000 -1.000000 0.000000
vn -0.000000 1.000000 0.000000
vn -0.000000 1.000000 0.000000
vn -0.000000 1.000000 0.000000
vn -0.000000 1.000000 0.000000
vn -0.000000 1.000000 0.000000
vn -0.000000 1.000000 0.000000
vn -0.000000 -1.000000 0.000000
vn -0.000000 -1.000000 0.000000
vn -0.000000 -1.000000 0.000000
vn 0.000000 -1.000000 0.000000
vn 0.000000 -1.000000 0.000000
vn 0.000000 -1.000000 0.000000
vn 0.000000 0.000000 1.000000
vn 0.000000 0.000000 1.000000
vn 0.000000 0.000000 1.000000
vn 0.000000 0.000000 1.000000
vn 0.000000 0.000000 1.000000
vn 0.000000 0.000000 1.000000
vn -0.000000 0.000000 -1.000000
vn -0.000000 0.000000 -1.000000
vn -0.000000 0.000000 -1.000000
vn -0.000000 0.000000 -1.000000
vn -0.000000 0.000000 -1.000000
vn -0.000000 0.000000 -1.000000
vn -0.000000 1.000000 0.000000
vn -0.000000 1.000000 0.000000
vn -0.000000 1.000000 0.000000
vn -0.000000 1.000000 0.000000
vn -0.000000 1.000000 0.000000
vn -0.000000 1.000000 0.000000
vn -0.000000 -1.000000 0.000000
vn -0.000000 -1.000000 0.000000
vn -0.000000 -1.000000 0.000000
vn -0.000000 -1.000000 0.000000
vn -0.000000 -1.000000 0.000000
vn -0.000000 -1.000000 0.000000
vn 1.000000 0.000000 -0.000000
vn 1.000000 0.000000 -0.000000
vn 1.000000 0.000000 -0.000000
vn 1.000000 0.000000 -0.000000
vn 1.000000 0.000000 -0.000000
vn 1.000000 0.000000 -0.000000
vn -1.000000 0.000000 0.000000
vn -1.000000 0.000000 0.000000
vn -1.000000 0.000000 0.000000
vn -1.000000 0.000000 0.000000
vn -1.000000 0.000000 0.000000
vn -1.000000 0.000000 0.000000
vn -0.000000 1.000000 0.000000
vn -0.000000 1.000000 0.000000
vn -0.000000 1.000000 0.000000
vn 0.000000 1.000000 0.000000
vn 0.000000 1.000000 0.000000
vn 0.000000 1.000000 0.000000
vn -0.000000 -1.000000 0.000000
vn -0.000000 -1.000000 0.000000
vn -0.000000 -1.000000 0.000000
vn -0.000000 -1.000000 0.000000
vn -0.000000 -1.000000 0.000000
vn -0.000000 -1.000000 0.000000
vn -0.000000 0.000000 -1.000000
vn -0.000000 0.000000 -1.000000
vn -0.000000 0.000000 -1.000000
vn -0.000000 0.000000 -1.000000
vn -0.000000 0.000000 -1.000000
vn -0.000000 0.000000 -1.000000
vn 0.000000 0.000000 1.000000
vn 0.000000 0.000000 1.000000
vn 0.000000 0.000000 1.000000
vn 0.000000 0.000000 1.000000
vn 0.000000 0.000000 1.000000
vn 0.000000 0.000000 1.000000
vn -0.000000 -1.000000 0.000000
vn -0.000000 -1.000000 0.000000
vn -0.000000 -1.000000 0.000000
vn -0.000000 -1.000000 0.000000
vn -0.000000 -1.000000 0.000000
vn -0.000000 -1.000000 0.000000
vn -0.000000 1.000000 0.000000
vn -0.000000 1.000000 0.000000
vn -0.000000 1.000000 0.000000
vn -0.000000 1.000000 0.000000
vn -0.000000 1.000000 0.000000
vn -0.000000 1.000000 0.000000
vn 0.382683 0.000000 -0.923880
vn 0.382683 0.000000 -0.923880
vn 0.382683 0.000000 -0.923880
vn 0.382683 0.000000 -0.923880
vn 0.382683 0.000000 -0.923880
vn 0.382683 0.000000 -0.923880
vn 0.000000 1.000000 0.000000
vn 0.000000 1.000000 0.000000
vn 0.000000 1.000000 0.000000
vn -0.000000 1.000000 0.000000
vn -0.000000 1.000000 0.000000
vn -0.000000 1.000000 0.000000
vn 0.382684 0.000000 0.923880
vn 0.382684 0.000000 0.923880
vn 0.382684 0.000000 0.923880
vn 0.382683 0.000000 0.923880
vn 0.382683 0.000000 0.923880
vn 0.382683 0.000000 0.923880
vn 0.923880 0.000000 -0.382683
vn 0.923880 0.000000 -0.382683
vn 0.923880 0.000000 -0.382683
vn 0.923879 0.000000 -0.382684
vn 0.923879 0.000000 -0.382684
vn 0.923879 0.000000 -0.382684
vn -0.000000 1.000000 0.000000
vn -0.000000 1.000000 0.000000
vn -0.000000 1.000000 0.000000
vn 0.000000 1.000000 0.000000
vn 0.000000 1.000000 0.000000
vn 0.000000 1.000000 0.000000
vn 0.923880 0.000000 0.382683
vn 0.923880 0.000000 0.382683
vn 0.923880 0.000000 0.382683
vn 0.923879 0.000000 0.382683
vn 0.923879 0.000000 0.382683
vn 0.923879 0.000000 0.382683
vn 0.923879 0.000000 0.382684
vn 0.923879 0.000000 0.382684
vn 0.923879 0.000000 0.382684
vn 0.923880 0.000000 0.382683
vn 0.923880 0.000000 0.382683
vn 0.923880 0.000000 0.382683
vn -0.000000 1.000000 0.000000
vn -0.000000 1.000000 0.000000
vn -0.000000 1.000000 0.000000
vn 0.000000 1.000000 0.000000
vn 0.000000 1.000000 0.000000
vn 0.000000 1.000000 0.000000
vn 0.923880 0.000000 -0.382683
vn 0.923880 0.000000 -0.382683
vn 0.923880 0.000000 -0.382683
vn 0.923880 0.000000 -0.382683
vn 0.923880 0.000000 -0.382683
vn 0.923880 0.000000 -0.382683
vn 0.382683 0.000000 0.923880
vn 0.382683 0.000000 0.923880
vn 0.382683 0.000000 0.923880
vn 0.382683 0.000000 0.923880
vn 0.382683 0.000000 0.923880
vn 0.382683 0.000000 0.923880
vn -0.000000 -1.000000 0.000000
vn -0.000000 -1.000000 0.000000
vn -0.000000 -1.000000 0.000000
vn 0.000000 -1.000000 0.000000
vn 0.000000 -1.000000 0.000000
vn 0.000000 -1.000000 0.000000
vn 0.382684 0.000000 -0.923879
vn 0.382684 0.000000 -0.923879
vn 0.382684 0.000000 -0.923879
vn 0.382683 0.000000 -0.923880
vn 0.382683 0.000000 -0.923880
vn 0.382683 0.000000 -0.923880
vn -0.382683 0.000000 0.923880
vn -0.382683 0.000000 0.923880
vn -0.382683 0.000000 0.923880
vn -0.382684 0.000000 0.923879
vn -0.382684 0.000000 0.923879
vn -0.382684 0.000000 0.923879
vn -0.000000 -1.000000 0.000000
vn -0.000000 -1.000000 0.000000
vn -0.000000 -1.000000 0.000000
vn -0.000000 -1.000000 0.000000
vn -0.000000 -1.000000 0.000000
vn -0.000000 -1.000000 0.000000
vn -0.382684 0.000000 -0.923879
vn -0.382684 0.000000 -0.923879
vn -0.382684 0.000000 -0.923879
vn -0.382683 0.000000 -0.923880
vn -0.382683 0.000000 -0.923880
vn -0.382683 0.000000 -0.923880
vn -0.923880 0.000000 0.382683
vn -0.923880 0.000000 0.382683
vn -0.923880 0.000000 0.382683
vn -0.923880 0.000000 0.382683
vn -0.923880 0.000000 0.382683
vn -0.923880 0.000000 0.382683
vn -0.923879 0.000000 0.382684
vn -0.923879 0.000000 0.382684
vn -0.923879 0.000000 0.382684
vn -0.923880 0.000000 0.382683
vn -0.923880 0.000000 0.382683
vn -0.923880 0.000000 0.382683
vn -0.923880 0.000000 -0.382683
vn -0.923880 0.000000 -0.382683
vn -0.923880 0.000000 -0.382683
vn -0.923879 0.000000 -0.382684
vn -0.923879 0.000000 -0.382684
vn -0.923879 0.000000 -0.382684
vn -0.923880 0.000000 -0.382683
vn -0.923880 0.000000 -0.382683
vn -0.923880 0.000000 -0.382683
vn -0.923880 0.000000 -0.382683
vn -0.923880 0.000000 -0.382683
vn -0.923880 0.000000 -0.382683
vn -0.000000 -1.000000 0.000000
vn -0.000000 -1.000000 0.000000
vn -0.000000 -1.000000 0.000000
vn 0.000000 -1.000000 0.000000
vn 0.000000 -1.000000 0.000000
vn 0.000000 -1.000000 0.000000
vn -0.000000 -1.000000 0.000000
vn -0.000000 -1.000000 0.000000
vn -0.000000 -1.000000 0.000000
vn -0.000000 -1.000000 0.000000
vn -0.000000 -1.000000 0.000000
vn -0.000000 -1.000000 0.000000
vn -0.382683 0.000000 -0.923880
vn -0.382683 0.000000 -0.923880
vn -0.382683 0.000000 -0.923880
vn -0.382684 0.000000 -0.923879
vn -0.382684 0.000000 -0.923879
vn -0.382684 0.000000 -0.923879
vn -0.382684 0.000000 0.923879
vn -0.382684 0.000000 0.923879
vn -0.382684 0.000000 0.923879
vn -0.382683 0.000000 0.923880
vn -0.382683 0.000000 0.923880
vn -0.382683 0.000000 0.923880
vn -0.000000 -1.000000 0.000000
vn -0.000000 -1.000000 0.000000
vn -0.000000 -1.000000 0.000000
vn 0.000000 -1.000000 0.000000
vn 0.000000 -1.000000 0.000000
vn 0.000000 -1.000000 0.000000
vn -0.000000 1.000000 0.000000
vn -0.000000 1.000000 0.000000
vn -0.000000 1.000000 0.000000
vn -0.000000 1.000000 0.000000
vn -0.000000 1.000000 0.000000
vn -0.000000 1.000000 0.000000
vn 0.000000 1.000000 0.000000
vn 0.000000 1.000000 0.000000
vn 0.000000 1.000000 0.000000
vn 0.000000 1.000000 0.000000
vn 0.000000 1.000000 0.000000
vn 0.000000 1.000000 0.000000
vn -0.000000 -1.000000 0.000000
vn -0.000000 -1.000000 0.000000
vn -0.000000 -1.000000 0.000000
vn 0.000000 -1.000000 0.000000
vn 0.000000 -1.000000 0.000000
vn 0.000000 -1.000000 0.000000
vn -0.000000 -1.000000 0.000000
vn -0.000000 -1.000000 0.000000
vn -0.000000 -1.000000 0.000000
vn 0.000000 -1.000000 0.000000
vn 0.000000 -1.000000 0.000000
vn 0.000000 -1.000000 0.000000
vn -0.000000 1.000000 0.000000
vn -0.000000 1.000000 0.000000
vn -0.000000 1.000000 0.000000
vn 0.000000 1.000000 0.000000
vn 0.000000 1.000000 0.000000
vn 0.000000 1.000000 0.000000
vn -0.000000 1.000000 0.000000
vn -0.000000 1.000000 0.000000
vn -0.000000 1.000000 0.000000
vn 0.000000 1.000000 0.000000
vn 0.000000 1.000000 0.000000
vn 0.000000 1.000000 0.000000
vn -0.371859 0.236162 0.897746
vn -0.371859 0.236162 0.897746
vn -0.371859 0.236162 0.897746
vn -0.371859 0.236162 0.897746
vn -0.371859 0.236162 0.897746
vn -0.371859 0.236162 0.897746
vn -0.897746 0.236162 0.371858
vn -0.897746 0.236162 0.371858
vn -0.897746 0.236162 0.371858
vn -0.897746 0.236162 0.371859
vn -0.897746 0.236162 0.371859
vn -0.897746 0.236162 0.371859
vn -0.897746 0.236162 -0.371858
vn -0.897746 0.236162 -0.371858
vn -0.897746 0.236162 -0.371858
vn -0.897746 0.236162 -0.371859
vn -0.897746 0.236162 -0.371859
vn -0.897746 0.236162 -0.371859
vn -0.371858 0.236162 -0.897746
vn -0.371858 0.236162 -0.897746
vn -0.371858 0.236162 -0.897746
vn -0.371859 0.236162 -0.897746
vn -0.371859 0.236162 -0.897746
vn -0.371859 0.236162 -0.897746
vn 0.371859 0.236162 -0.897746
vn 0.371859 0.236162 -0.897746
vn 0.371859 0.236162 -0.897746
vn 0.371859 0.236162 -0.897746
vn 0.371859 0.236162 -0.897746
vn 0.371859 0.236162 -0.897746
vn 0.897746 0.236162 -0.371859
vn 0.897746 0.236162 -0.371859
vn 0.897746 0.236162 -0.371859
vn 0.897746 0.236162 -0.371858
vn 0.897746 0.236162 -0.371858
vn 0.897746 0.236162 -0.371858
vn 0.897747 0.236162 0.371859
vn 0.897747 0.236162 0.371859
vn 0.897747 0.236162 0.371859
vn 0.897746 0.236162 0.371859
vn 0.897746 0.236162 0.371859
vn 0.897746 0.236162 0.371859
vn 0.371859 0.236162 0.897746
vn 0.371859 0.236162 0.897746
vn 0.371859 0.236162 0.897746
vn 0.371859 0.236162 0.897746
vn 0.371859 0.236162 0.897746
vn 0.371859 0.236162 0.897746
vn 0.000000 1.000000 0.000000
vn 0.000000 1.000000 0.000000
vn 0.000000 1.000000 0.000000
vn -0.000000 1.000000 0.000000
vn -0.000000 1.000000 0.000000
vn -0.000000 1.000000 0.000000
vn -0.000000 1.000000 0.000000
vn -0.000000 1.000000 0.000000
vn -0.000000 1.000000 0.000000
vn -0.000000 1.000000 0.000000
vn -0.000000 1.000000 0.000000
vn -0.000000 1.000000 0.000000
vn 0.000000 1.000000 0.000000
vn 0.000000 1.000000 0.000000
vn 0.000000 1.000000 0.000000
vn -0.000000 -1.000000 0.000000
vn -0.000000 -1.000000 0.000000
vn -0.000000 -1.000000 0.000000
vn -0.000000 -1.000000 0.000000
vn -0.000000 -1.000000 0.000000
vn -0.000000 -1.000000 0.000000
vn 0.000000 -1.000000 0.000000
vn 0.000000 -1.000000 0.000000
vn 0.000000 -1.000000 0.000000
vn -0.000000 -1.000000 0.000000
vn -0.000000 -1.000000 0.000000
vn -0.000000 -1.000000 0.000000
vn -0.000000 -1.000000 0.000000
vn -0.000000 -1.000000 0.000000
vn -0.000000 -1.000000 0.000000

g Material.002
f 3/1/1 1/2/2 2/3/3
f 6/4/4 4/5/5 5/6/6
f 9/7/7 7/8/8 8/9/9
f 12/10/10 10/11/11 11/12/12
f 15/13/13 13/14/14 14/15/15
f 18/16/16 16/17/17 17/18/18
f 21/19/19 19/20/20 20/21/21
f 24/22/22 22/23/23 23/24/24
f 27/25/25 25/26/26 26/27/27
f 30/28/28 28/29/29 29/30/30
f 33/31/31 31/32/32 32/33/33
f 36/34/34 34/35/35 35/36/36
f 39/37/37 37/38/38 38/39/39
f 42/40/40 40/41/41 41/42/42
f 45/43/43 43/44/44 44/45/45
f 48/46/46 46/47/47 47/48/48
f 51/49/49 49/50/50 50/51/51
f 54/52/52 52/53/53 53/54/54
f 57/55/55 55/56/56 56/57/57
f 60/58/58 58/59/59 59/60/60
f 63/61/61 61/62/62 62/63/63
f 66/64/64 64/65/65 65/66/66
f 69/67/67 67/68/68 68/69/69
f 72/70/70 70/71/71 71/72/72
f 75/73/73 73/74/74 74/75/75
f 78/76/76 76/77/77 77/78/78
f 81/79/79 79/80/80 80/81/81
f 84/82/82 82/83/83 83/84/84
f 87/85/85 85/86/86 86/87/87
f 90/88/88 88/89/89 89/90/90
f 93/91/91 91/92/92 92/93/93
f 96/94/94 94/95/95 95/96/96
f 99/97/97 97/98/98 98/99/99
f 102/100/100 100/101/101 101/102/102
f 105/103/103 103/104/104 104/105/105
f 108/106/106 106/107/107 107/108/108
f 111/109/109 109/110/110 110/111/111
f 114/112/112 112/113/113 113/114/114
f 117/115/115 115/116/116 116/117/117
f 120/118/118 118/119/119 119/120/120
f 123/121/121 121/122/122 122/123/123
f 126/124/124 124/125/125 125/126/126
f 129/127/127 127/128/128 128/129/129
f 132/130/130 130/131/131 131/132/132
f 135/133/133 133/134/134 134/135/135
f 138/136/136 136/137/137 137/138/138
f 141/139/139 139/140/140 140/141/141
f 144/142/142 142/143/143 143/144/144
f 147/145/145 145/146/146 146/147/147
f 150/148/148 148/149/149 149/150/150
f 153/151/151 151/152/152 152/153/153
f 156/154/154 154/155/155 155/156/156
f 159/157/157 157/158/158 158/159/159
f 162/160/160 160/161/161 161/162/162
f 165/163/163 163/164/164 164/165/165
f 168/166/166 166/167/167 167/168/168
f 171/169/169 169/170/170 170/171/171
f 174/172/172 172/173/173 173/174/174
f 177/175/175 175/176/176 176/177/177
f 180/178/178 178/179/179 179/180/180
f 183/181/181 181/182/182 182/183/183
f 186/184/184 184/185/185 185/186/186
f 189/187/187 187/188/188 188/189/189
f 192/190/190 190/191/191 191/192/192
f 195/193/193 193/194/194 194/195/195
f 198/196/196 196/197/197 197/198/198
f 201/199/199 199/200/200 200/201/201
f 204/202/202 202/203/203 203/204/204
f 207/205/205 205/206/206 206/207/207
f 210/208/208 208/209/209 209/210/210
f 213/211/211 211/212/212 212/213/213
f 216/214/214 214/215/215 215/216/216
f 219/217/217 217/218/218 218/219/219
f 222/220/220 220/221/221 221/222/222
f 225/223/223 223/224/224 224/225/225
f 228/226/226 226/227/227 227/228/228
f 231/229/229 229/230/230 230/231/231
f 234/232/232 232/233/233 233/234/234
f 237/235/235 235/236/236 236/237/237
f 240/238/238 238/239/239 239/240/240
f 243/241/241 241/242/242 242/243/243
f 246/244/244 244/245/245 245/246/246
f 249/247/247 247/248/248 248/249/249
f 252/250/250 250/251/251 251/252/252
f 255/253/253 253/254/254 254/255/255
f 258/256/256 256/257/257 257/258/258
f 261/259/259 259/260/260 260/261/261
f 264/262/262 262/263/263 263/264/264
f 267/265/265 265/266/266 266/267/267
f 270/268/268 268/269/269 269/270/270
f 273/271/271 271/272/272 272/273/273
f 276/274/274 274/275/275 275/276/276
f 279/277/277 277/278/278 278/279/279
f 282/280/280 280/281/281 281/282/282
f 285/283/283 283/284/284 284/285/285
f 288/286/286 286/287/287 287/288/288
f 291/289/289 289/290/290 290/291/291
f 294/292/292 292/293/293 293/294/294
f 297/295/295 295/296/296 296/297/297
f 300/298/298 298/299/299 299/300/300
f 303/301/301 301/302/302 302/303/303
f 306/304/304 304/305/305 305/306/306
f 309/307/307 307/308/308 308/309/309
f 312/310/310 310/311/311 311/312/312
f 315/313/313 313/314/314 314/315/315
f 318/316/316 316/317/317 317/318/318
f 321/319/319 319/320/320 320/321/321
f 324/322/322 322/323/323 323/324/324
f 327/325/325 325/326/326 326/327/327
f 330/328/328 328/329/329 329/330/330
f 333/331/331 331/332/332 332/333/333
f 336/334/334 334/335/335 335/336/336
f 339/337/337 337/338/338 338/339/339
f 342/340/340 340/341/341 341/342/342
f 345/343/343 343/344/344 344/345/345
f 348/346/346 346/347/347 347/348/348
f 351/349/349 349/350/350 350/351/351
f 354/352/352 352/353/353 353/354/354
f 357/355/355 355/356/356 356/357/357
f 360/358/358 358/359/359 359/360/360
f 363/361/361 361/362/362 362/363/363
f 366/364/364 364/365/365 365/366/366
f 369/367/367 367/368/368 368/369/369
f 372/370/370 370/371/371 371/372/372
f 375/373/373 373/374/374 374/375/375
f 378/376/376 376/377/377 377/378/378
f 381/379/379 379/380/380 380/381/381
f 384/382/382 382/383/383 383/384/384
f 387/385/385 385/386/386 386/387/387
f 390/388/388 388/389/389 389/390/390
f 393/391/391 391/392/392 392/393/393
f 396/394/394 394/395/395 395/396/396
f 399/397/397 397/398/398 398/399/399
f 402/400/400 400/401/401 401/402/402
f 405/403/403 403/404/404 404/405/405
f 408/406/406 406/407/407 407/408/408
f 411/409/409 409/410/410 410/411/411
f 414/412/412 412/413/413 413/414/414
f 417/415/415 415/416/416 416/417/417
f 420/418/418 418/419/419 419/420/420
f 423/421/421 421/422/422 422/423/423
f 426/424/424 424/425/425 425/426/426
f 429/427/427 427/428/428 428/429/429
f 432/430/430 430/431/431 431/432/432
f 435/433/433 433/434/434 434/435/435
f 438/436/436 436/437/437 437/438/438
f 441/439/439 439/440/440 440/441/441
f 444/442/442 442/443/443 443/444/444
f 447/445/445 445/446/446 446/447/447
f 450/448/448 448/449/449 449/450/450
f 453/451/451 451/452/452 452/453/453
f 456/454/454 454/455/455 455/456/456
f 459/457/457 457/458/458 458/459/459
f 462/460/460 460/461/461 461/462/462
f 465/463/463 463/464/464 464/465/465
f 468/466/466 466/467/467 467/468/468
f 471/469/469 469/470/470 470/471/471
f 474/472/472 472/473/473 473/474/474
f 477/475/475 475/476/476 476/477/477
f 480/478/478 478/479/479 479/480/480
f 483/481/481 481/482/482 482/483/483
f 486/484/484 484/485/485 485/486/486
f 489/487/487 487/488/488 488/489/489
f 492/490/490 490/491/491 491/492/492
f 495/493/493 493/494/494 494/495/495
f 498/496/496 496/497/497 497/498/498
f 501/499/499 499/500/500 500/501/501
f 504/502/502 502/503/503 503/504/504
f 507/505/505 505/506/506 506/507/507
f 510/508/508 508/509/509 509/510/510
f 513/511/511 511/512/512 512/513/513
f 516/514/514 514/515/515 515/516/516
f 519/517/517 517/518/518 518/519/519
f 522/520/520 520/521/521 521/522/522
f 525/523/523 523/524/524 524/525/525
f 528/526/526 526/527/527 527/528/528
f 531/529/529 529/530/530 530/531/531
f 534/532/532 532/533/533 533/534/534
f 537/535/535 535/536/536 536/537/537
f 540/538/538 538/539/539 539/540/540
f 543/541/541 541/542/542 542/543/543
f 546/544/544 544/545/545 545/546/546
f 549/547/547 547/548/548 548/549/549
f 552/550/550 550/551/551 551/552/552
f 555/553/553 553/554/554 554/555/555
f 558/556/556 556/557/557 557/558/558
f 561/559/559 559/560/560 560/561/561
f 564/562/562 562/563/563 563/564/564
f 567/565/565 565/566/566 566/567/567
f 570/568/568 568/569/569 569/570/570
f 573/571/571 571/572/572 572/573/573
f 576/574/574 574/575/575 575/576/576
f 579/577/577 577/578/578 578/579/579
f 582/580/580 580/581/581 581/582/582
f 585/583/583 583/584/584 584/585/585
f 588/586/586 586/587/587 587/588/588
f 591/589/589 589/590/590 590/591/591
f 594/592/592 592/593/593 593/594/594
f 597/595/595 595/596/596 596/597/597
f 600/598/598 598/599/599 599/600/600
f 603/601/601 601/602/602 602/603/603
f 606/604/604 604/605/605 605/606/606
f 609/607/607 607/608/608 608/609/609
f 612/610/610 610/611/611 611/612/612
f 615/613/613 613/614/614 614/615/615
f 618/616/616 616/617/617 617/618/618
f 621/619/619 619/620/620 620/621/621
f 624/622/622 622/623/623 623/624/624
f 627/625/625 625/626/626 626/627/627
f 630/628/628 628/629/629 629/630/630
f 633/631/631 631/632/632 632/633/633
f 636/634/634 634/635/635 635/636/636
f 639/637/637 637/638/638 638/639/639
f 642/640/640 640/641/641 641/642/642
f 645/643/643 643/644/644 644/645/645
f 648/646/646 646/647/647 647/648/648
f 651/649/649 649/650/650 650/651/651
f 654/652/652 652/653/653 653/654/654
f 657/655/655 655/656/656 656/657/657
f 660/658/658 658/659/659 659/660/660
f 663/661/661 661/662/662 662/663/663
f 666/664/664 664/665/665 665/666/666
f 669/667/667 667/668/668 668/669/669
f 672/670/670 670/671/671 671/672/672
f 675/673/673 673/674/674 674/675/675
f 678/676/676 676/677/677 677/678/678
f 681/679/679 679/680/680 680/681/681
f 684/682/682 682/683/683 683/684/684
f 687/685/685 685/686/686 686/687/687
f 690/688/688 688/689/689 689/690/690
f 693/691/691 691/692/692 692/693/693
f 696/694/694 694/695/695 695/696/696
f 699/697/697 697/698/698 698/699/699
f 702/700/700 700/701/701 701/702/702
f 705/703/703 703/704/704 704/705/705
f 708/706/706 706/707/707 707/708/708
f 711/709/709 709/710/710 710/711/711
f 714/712/712 712/713/713 713/714/714
f 717/715/715 715/716/716 716/717/717
f 720/718/718 718/719/719 719/720/720
f 723/721/721 721/722/722 722/723/723
f 726/724/724 724/725/725 725/726/726
f 729/727/727 727/728/728 728/729/729
f 732/730/730 730/731/731 731/732/732
f 735/733/733 733/734/734 734/735/735
f 738/736/736 736/737/737 737/738/738
f 741/739/739 739/740/740 740/741/741
f 744/742/742 742/743/743 743/744/744
f 747/745/745 745/746/746 746/747/747
f 750/748/748 748/749/749 749/750/750
f 753/751/751 751/752/752 752/753/753
f 756/754/754 754/755/755 755/756/756
f 759/757/757 757/758/758 758/759/759
f 762/760/760 760/761/761 761/762/762
f 765/763/763 763/764/764 764/765/765
f 768/766/766 766/767/767 767/768/768
f 771/769/769 769/770/770 770/771/771
f 774/772/772 772/773/773 773/774/774
f 777/775/775 775/776/776 776/777/777
f 780/778/778 778/779/779 779/780/780
f 783/781/781 781/782/782 782/783/783
f 786/784/784 784/785/785 785/786/786
f 789/787/787 787/788/788 788/789/789
f 792/790/790 790/791/791 791/792/792
f 795/793/793 793/794/794 794/795/795
f 798/796/796 796/797/797 797/798/798
f 801/799/799 799/800/800 800/801/801
f 804/802/802 802/803/803 803/804/804
f 807/805/805 805/806/806 806/807/807
f 810/808/808 808/809/809 809/810/810
f 813/811/811 811/812/812 812/813/813
f 816/814/814 814/815/815 815/816/816
f 819/817/817 817/818/818 818/819/819
f 822/820/820 820/821/821 821/822/822
f 825/823/823 823/824/824 824/825/825
f 828/826/826 826/827/827 827/828/828
f 831/829/829 829/830/830 830/831/831
f 834/832/832 832/833/833 833/834/834
f 837/835/835 835/836/836 836/837/837
f 840/838/838 838/839/839 839/840/840
f 843/841/841 841/842/842 842/843/843
f 846/844/844 844/845/845 845/846/846
f 849/847/847 847/848/848 848/849/849
f 852/850/850 850/851/851 851/852/852
f 855/853/853 853/854/854 854/855/855
f 858/856/856 856/857/857 857/858/858
f 861/859/859 859/860/860 860/861/861
f 864/862/862 862/863/863 863/864/864
f 867/865/865 865/866/866 866/867/867
f 870/868/868 868/869/869 869/870/870
f 873/871/871 871/872/872 872/873/873
f 876/874/874 874/875/875 875/876/876
f 879/877/877 877/878/878 878/879/879
f 882/880/880 880/881/881 881/882/882
f 885/883/883 883/884/884 884/885/885
f 888/886/886 886/887/887 887/888/888
f 891/889/889 889/890/890 890/891/891
f 894/892/892 892/893/893 893/894/894
f 897/895/895 895/896/896 896/897/897
f 900/898/898 898/899/899 899/900/900
f 903/901/901 901/902/902 902/903/903
f 906/904/904 904/905/905 905/906/906
f 909/907/907 907/908/908 908/909/909
f 912/910/910 910/911/911 911/912/912
f 915/913/913 913/914/914 914/915/915
f 918/916/916 916/917/917 917/918/918
f 921/919/919 919/920/920 920/921/921
f 924/922/922 922/923/923 923/924/924
f 927/925/925 925/926/926 926/927/927
f 930/928/928 928/929/929 929/930/930
f 933/931/931 931/932/932 932/933/933
f 936/934/934 934/935/935 935/936/936
f 939/937/937 937/938/938 938/939/939
f 942/940/940 940/941/941 941/942/942
f 945/943/943 943/944/944 944/945/945
f 948/946/946 946/947/947 947/948/948
f 951/949/949 949/950/950 950/951/951
f 954/952/952 952/953/953 953/954/954
f 957/955/955 955/956/956 956/957/957
f 960/958/958 958/959/959 959/960/960
f 963/961/961 961/962/962 962/963/963
f 966/964/964 964/965/965 965/966/966
f 969/967/967 967/968/968 968/969/969
f 972/970/970 970/971/971 971/972/972
f 975/973/973 973/974/974 974/975/975
f 978/976/976 976/977/977 977/978/978
f 981/979/979 979/980/980 980/981/981
f 984/982/982 982/983/983 983/984/984
f 987/985/985 985/986/986 986/987/987
f 990/988/988 988/989/989 989/990/990
f 993/991/991 991/992/992 992/993/993
f 996/994/994 994/995/995 995/996/996
f 999/997/997 997/998/998 998/999/999
f 1002/1000/1000 1000/1001/1001 1001/1002/1002
f 1005/1003/1003 1003/1004/1004 1004/1005/1005
f 1008/1006/1006 1006/1007/1007 1007/1008/1008
f 1011/1009/1009 1009/1010/1010 1010/1011/1011
f 1014/1012/1012 1012/1013/1013 1013/1014/1014
f 1017/1015/1015 1015/1016/1016 1016/1017/1017
f 1020/1018/1018 1018/1019/1019 1019/1020/1020
f 1023/1021/1021 1021/1022/1022 1022/1023/1023
f 1026/1024/1024 1024/1025/1025 1025/1026/1026
f 1029/1027/1027 1027/1028/1028 1028/1029/1029
f 1032/1030/1030 1030/1031/1031 1031/1032/1032
f 1035/1033/1033 1033/1034/1034 1034/1035/1035
f 1038/1036/1036 1036/1037/1037 1037/1038/1038
f 1041/1039/1039 1039/1040/1040 1040/1041/1041
f 1044/1042/1042 1042/1043/1043 1043/1044/1044
f 1047/1045/1045 1045/1046/1046 1046/1047/1047
f 1050/1048/1048 1048/1049/1049 1049/1050/1050
f 1053/1051/1051 1051/1052/1052 1052/1053/1053
f 1056/1054/1054 1054/1055/1055 1055/1056/1056
f 1059/1057/1057 1057/1058/1058 1058/1059/1059
f 1062/1060/1060 1060/1061/1061 1061/1062/1062
f 1065/1063/1063 1063/1064/1064 1064/1065/1065
f 1068/1066/1066 1066/1067/1067 1067/1068/1068
f 1071/1069/1069 1069/1070/1070 1070/1071/1071
f 1074/1072/1072 1072/1073/1073 1073/1074/1074
f 1077/1075/1075 1075/1076/1076 1076/1077/1077
f 1080/1078/1078 1078/1079/1079 1079/1080/1080
f 1083/1081/1081 1081/1082/1082 1082/1083/1083
f 1086/1084/1084 1084/1085/1085 1085/1086/1086
f 1089/1087/1087 1087/1088/1088 1088/1089/1089
f 1092/1090/1090 1090/1091/1091 1091/1092/1092
f 1095/1093/1093 1093/1094/1094 1094/1095/1095
f 1098/1096/1096 1096/1097/1097 1097/1098/1098
f 1101/1099/1099 1099/1100/1100 1100/1101/1101
f 1104/1102/1102 1102/1103/1103 1103/1104/1104
f 1107/1105/1105 1105/1106/1106 1106/1107/1107
f 1110/1108/1108 1108/1109/1109 1109/1110/1110
f 1113/1111/1111 1111/1112/1112 1112/1113/1113
f 1116/1114/1114 1114/1115/1115 1115/1116/1116
f 1119/1117/1117 1117/1118/1118 1118/1119/1119
f 1122/1120/1120 1120/1121/1121 1121/1122/1122
f 1125/1123/1123 1123/1124/1124 1124/1125/1125
f 1128/1126/1126 1126/1127/1127 1127/1128/1128
f 1131/1129/1129 1129/1130/1130 1130/1131/1131
f 1134/1132/1132 1132/1133/1133 1133/1134/1134
f 1137/1135/1135 1135/1136/1136 1136/1137/1137
f 1140/1138/1138 1138/1139/1139 1139/1140/1140
f 1143/1141/1141 1141/1142/1142 1142/1143/1143
f 1146/1144/1144 1144/1145/1145 1145/1146/1146
f 1149/1147/1147 1147/1148/1148 1148/1149/1149
f 1152/1150/1150 1150/1151/1151 1151/1152/1152
f 1155/1153/1153 1153/1154/1154 1154/1155/1155
f 1158/1156/1156 1156/1157/1157 1157/1158/1158
f 1161/1159/1159 1159/1160/1160 1160/1161/1161
f 1164/1162/1162 1162/1163/1163 1163/1164/1164
f 1167/1165/1165 1165/1166/1166 1166/1167/1167
f 1170/1168/1168 1168/1169/1169 1169/1170/1170
f 1173/1171/1171 1171/1172/1172 1172/1173/1173
f 1176/1174/1174 1174/1175/1175 1175/1176/1176
f 1179/1177/1177 1177/1178/1178 1178/1179/1179
f 1182/1180/1180 1180/1181/1181 1181/1182/1182
f 1185/1183/1183 1183/1184/1184 1184/1185/1185
f 1188/1186/1186 1186/1187/1187 1187/1188/1188
f 1191/1189/1189 1189/1190/1190 1190/1191/1191
f 1194/1192/1192 1192/1193/1193 1193/1194/1194
f 1197/1195/1195 1195/1196/1196 1196/1197/1197
f 1200/1198/1198 1198/1199/1199 1199/1200/1200
f 1203/1201/1201 1201/1202/1202 1202/1203/1203
f 1206/1204/1204 1204/1205/1205 1205/1206/1206
f 1209/1207/1207 1207/1208/1208 1208/1209/1209
f 1212/1210/1210 1210/1211/1211 1211/1212/1212
f 1215/1213/1213 1213/1214/1214 1214/1215/1215
f 1218/1216/1216 1216/1217/1217 1217/1218/1218
f 1221/1219/1219 1219/1220/1220 1220/1221/1221
f 1224/1222/1222 1222/1223/1223 1223/1224/1224
f 1227/1225/1225 1225/1226/1226 1226/1227/1227
f 1230/1228/1228 1228/1229/1229 1229/1230/1230
f 1233/1231/1231 1231/1232/1232 1232/1233/1233
f 1236/1234/1234 1234/1235/1235 1235/1236/1236
f 1239/1237/1237 1237/1238/1238 1238/1239/1239
f 1242/1240/1240 1240/1241/1241 1241/1242/1242
f 1245/1243/1243 1243/1244/1244 1244/1245/1245
f 1248/1246/1246 1246/1247/1247 1247/1248/1248
f 1251/1249/1249 1249/1250/1250 1250/1251/1251
f 1254/1252/1252 1252/1253/1253 1253/1254/1254
f 1257/1255/1255 1255/1256/1256 1256/1257/1257
f 1260/1258/1258 1258/1259/1259 1259/1260/1260
f 1263/1261/1261 1261/1262/1262 1262/1263/1263
f 1266/1264/1264 1264/1265/1265 1265/1266/1266
f 1269/1267/1267 1267/1268/1268 1268/1269/1269
f 1272/1270/1270 1270/1271/1271 1271/1272/1272
f 1275/1273/1273 1273/1274/1274 1274/1275/1275
f 1278/1276/1276 1276/1277/1277 1277/1278/1278
f 1281/1279/1279 1279/1280/1280 1280/1281/1281
f 1284/1282/1282 1282/1283/1283 1283/1284/1284
f 1287/1285/1285 1285/1286/1286 1286/1287/1287
f 1290/1288/1288 1288/1289/1289 1289/1290/1290
f 1293/1291/1291 1291/1292/1292 1292/1293/1293
f 1296/1294/1294 1294/1295/1295 1295/1296/1296
f 1299/1297/1297 1297/1298/1298 1298/1299/1299
f 1302/1300/1300 1300/1301/1301 1301/1302/1302
f 1305/1303/1303 1303/1304/1304 1304/1305/1305
f 1308/1306/1306 1306/1307/1307 1307/1308/1308
f 1311/1309/1309 1309/1310/1310 1310/1311/1311
f 1314/1312/1312 1312/1313/1313 1313/1314/1314
f 1317/1315/1315 1315/1316/1316 1316/1317/1317
f 1320/1318/1318 1318/1319/1319 1319/1320/1320
f 1323/1321/1321 1321/1322/1322 1322/1323/1323
f 1326/1324/1324 1324/1325/1325 1325/1326/1326
f 1329/1327/1327 1327/1328/1328 1328/1329/1329
f 1332/1330/1330 1330/1331/1331 1331/1332/1332
f 1335/1333/1333 1333/1334/1334 1334/1335/1335
f 1338/1336/1336 1336/1337/1337 1337/1338/1338
f 1341/1339/1339 1339/1340/1340 1340/1341/1341
f 1344/1342/1342 1342/1343/1343 1343/1344/1344
f 1347/1345/1345 1345/1346/1346 1346/1347/1347
f 1350/1348/1348 1348/1349/1349 1349/1350/1350
f 1353/1351/1351 1351/1352/1352 1352/1353/1353
f 1356/1354/1354 1354/1355/1355 1355/1356/1356
f 1359/1357/1357 1357/1358/1358 1358/1359/1359
f 1362/1360/1360 1360/1361/1361 1361/1362/1362
f 1365/1363/1363 1363/1364/1364 1364/1365/1365
f 1368/1366/1366 1366/1367/1367 1367/1368/1368
f 1371/1369/1369 1369/1370/1370 1370/1371/1371
f 1374/1372/1372 1372/1373/1373 1373/1374/1374
f 1377/1375/1375 1375/1376/1376 1376/1377/1377
f 1380/1378/1378 1378/1379/1379 1379/1380/1380
f 1383/1381/1381 1381/1382/1382 1382/1383/1383
f 1386/1384/1384 1384/1385/1385 1385/1386/1386

g Material.001
f 1389/1387/1387 1387/1388/1388 1388/1389/1389
f 1392/1390/1390 1390/1391/1391 1391/1392/1392
f 1395/1393/1393 1393/1394/1394 1394/1395/1395
f 1398/1396/1396 1396/1397/1397 1397/1398/1398
f 1401/1399/1399 1399/1400/1400 1400/1401/1401
f 1404/1402/1402 1402/1403/1403 1403/1404/1404
f 1407/1405/1405 1405/1406/1406 1406/1407/1407
f 1410/1408/1408 1408/1409/1409 1409/1410/1410
f 1413/1411/1411 1411/1412/1412 1412/1413/1413
f 1416/1414/1414 1414/1415/1415 1415/1416/1416
f 1419/1417/1417 1417/1418/1418 1418/1419/1419
f 1422/1420/1420 1420/1421/1421 1421/1422/1422
f 1425/1423/1423 1423/1424/1424 1424/1425/1425
f 1428/1426/1426 1426/1427/1427 1427/1428/1428
f 1431/1429/1429 1429/1430/1430 1430/1431/1431
f 1434/1432/1432 1432/1433/1433 1433/1434/1434
f 1437/1435/1435 1435/1436/1436 1436/1437/1437
f 1440/1438/1438 1438/1439/1439 1439/1440/1440
f 1443/1441/1441 1441/1442/1442 1442/1443/1443
f 1446/1444/1444 1444/1445/1445 1445/1446/1446
f 1449/1447/1447 1447/1448/1448 1448/1449/1449
f 1452/1450/1450 1450/1451/1451 1451/1452/1452
f 1455/1453/1453 1453/1454/1454 1454/1455/1455
f 1458/1456/1456 1456/1457/1457 1457/1458/1458
f 1461/1459/1459 1459/1460/1460 1460/1461/1461
f 1464/1462/1462 1462/1463/1463 1463/1464/1464
f 1467/1465/1465 1465/1466/1466 1466/1467/1467
f 1470/1468/1468 1468/1469/1469 1469/1470/1470
f 1473/1471/1471 1471/1472/1472 1472/1473/1473
f 1476/1474/1474 1474/1475/1475 1475/1476/1476
f 1479/1477/1477 1477/1478/1478 1478/1479/1479
f 1482/1480/1480 1480/1481/1481 1481/1482/1482
f 1485/1483/1483 1483/1484/1484 1484/1485/1485
f 1488/1486/1486 1486/1487/1487 1487/1488/1488
f 1491/1489/1489 1489/1490/1490 1490/1491/1491
f 1494/1492/1492 1492/1493/1493 1493/1494/1494
f 1497/1495/1495 1495/1496/1496 1496/1497/1497
f 1500/1498/1498 1498/1499/1499 1499/1500/1500
f 1503/1501/1501 1501/1502/1502 1502/1503/1503
f 1506/1504/1504 1504/1505/1505 1505/1506/1506
f 1509/1507/1507 1507/1508/1508 1508/1509/1509
f 1512/1510/1510 1510/1511/1511 1511/1512/1512
f 1515/1513/1513 1513/1514/1514 1514/1515/1515
f 1518/1516/1516 1516/1517/1517 1517/1518/1518
f 1521/1519/1519 1519/1520/1520 1520/1521/1521
f 1524/1522/1522 1522/1523/1523 1523/1524/1524
f 1527/1525/1525 1525/1526/1526 1526/1527/1527
f 1530/1528/1528 1528/1529/1529 1529/1530/1530
f 1533/1531/1531 1531/1532/1532 1532/1533/1533
f 1536/1534/1534 1534/1535/1535 1535/1536/1536
f 1539/1537/1537 1537/1538/1538 1538/1539/1539
f 1542/1540/1540 1540/1541/1541 1541/1542/1542
f 1545/1543/1543 1543/1544/1544 1544/1545/1545
f 1548/1546/1546 1546/1547/1547 1547/1548/1548
f 1551/1549/1549 1549/1550/1550 1550/1551/1551
f 1554/1552/1552 1552/1553/1553 1553/1554/1554
f 1557/1555/1555 1555/1556/1556 1556/1557/1557
f 1560/1558/1558 1558/1559/1559 1559/1560/1560
f 1563/1561/1561 1561/1562/1562 1562/1563/1563
f 1566/1564/1564 1564/1565/1565 1565/1566/1566
f 1569/1567/1567 1567/1568/1568 1568/1569/1569
f 1572/1570/1570 1570/1571/1571 1571/1572/1572
f 1575/1573/1573 1573/1574/1574 1574/1575/1575
f 1578/1576/1576 1576/1577/1577 1577/1578/1578
f 1581/1579/1579 1579/1580/1580 1580/1581/1581
f 1584/1582/1582 1582/1583/1583 1583/1584/1584
f 1587/1585/1585 1585/1586/1586 1586/1587/1587
f 1590/1588/1588 1588/1589/1589 1589/1590/1590
f 1593/1591/1591 1591/1592/1592 1592/1593/1593
f 1596/1594/1594 1594/1595/1595 1595/1596/1596
f 1599/1597/1597 1597/1598/1598 1598/1599/1599
f 1602/1600/1600 1600/1601/1601 1601/1602/1602
f 1605/1603/1603 1603/1604/1604 1604/1605/1605
f 1608/1606/1606 1606/1607/1607 1607/1608/1608
f 1611/1609/1609 1609/1610/1610 1610/1611/1611
f 1614/1612/1612 1612/1613/1613 1613/1614/1614
f 1617/1615/1615 1615/1616/1616 1616/1617/1617
f 1620/1618/1618 1618/1619/1619 1619/1620/1620
f 1623/1621/1621 1621/1622/1622 1622/1623/1623
f 1626/1624/1624 1624/1625/1625 1625/1626/1626
f 1629/1627/1627 1627/1628/1628 1628/1629/1629
f 1632/1630/1630 1630/1631/1631 1631/1632/1632
f 1635/1633/1633 1633/1634/1634 1634/1635/1635
f 1638/1636/1636 1636/1637/1637 1637/1638/1638
f 1641/1639/1639 1639/1640/1640 1640/1641/1641
f 1644/1642/1642 1642/1643/1643 1643/1644/1644
f 1647/1645/1645 1645/1646/1646 1646/1647/1647
f 1650/1648/1648 1648/1649/1649 1649/1650/1650
f 1653/1651/1651 1651/1652/1652 1652/1653/1653
f 1656/1654/1654 1654/1655/1655 1655/1656/1656
f 1659/1657/1657 1657/1658/1658 1658/1659/1659
f 1662/1660/1660 1660/1661/1661 1661/1662/1662
f 1665/1663/1663 1663/1664/1664 1664/1665/1665
f 1668/1666/1666 1666/1667/1667 1667/1668/1668
f 1671/1669/1669 1669/1670/1670 1670/1671/1671
f 1674/1672/1672 1672/1673/1673 1673/1674/1674
f 1677/1675/1675 1675/1676/1676 1676/1677/1677
f 1680/1678/1678 1678/1679/1679 1679/1680/1680
f 1683/1681/1681 1681/1682/1682 1682/1683/1683
f 1686/1684/1684 1684/1685/1685 1685/1686/1686
f 1689/1687/1687 1687/1688/1688 1688/1689/1689
f 1692/1690/1690 1690/1691/1691 1691/1692/1692
f 1695/1693/1693 1693/1694/1694 1694/1695/1695
f 1698/1696/1696 1696/1697/1697 1697/1698/1698
f 1701/1699/1699 1699/1700/1700 1700/1701/1701
f 1704/1702/1702 1702/1703/1703 1703/1704/1704
f 1707/1705/1705 1705/1706/1706 1706/1707/1707
f 1710/1708/1708 1708/1709/1709 1709/1710/1710
f 1713/1711/1711 1711/1712/1712 1712/1713/1713
f 1716/1714/1714 1714/1715/1715 1715/1716/1716
f 1719/1717/1717 1717/1718/1718 1718/1719/1719
f 1722/1720/1720 1720/1721/1721 1721/1722/1722
f 1725/1723/1723 1723/1724/1724 1724/1725/1725
f 1728/1726/1726 1726/1727/1727 1727/1728/1728
f 1731/1729/1729 1729/1730/1730 1730/1731/1731
f 1734/1732/1732 1732/1733/1733 1733/1734/1734
f 1737/1735/1735 1735/1736/1736 1736/1737/1737
f 1740/1738/1738 1738/1739/1739 1739/1740/1740
f 1743/1741/1741 1741/1742/1742 1742/1743/1743
f 1746/1744/1744 1744/1745/1745 1745/1746/1746
f 1749/1747/1747 1747/1748/1748 1748/1749/1749
f 1752/1750/1750 1750/1751/1751 1751/1752/1752
f 1755/1753/1753 1753/1754/1754 1754/1755/1755
f 1758/1756/1756 1756/1757/1757 1757/1758/1758
f 1761/1759/1759 1759/1760/1760 1760/1761/1761
f 1764/1762/1762 1762/1763/1763 1763/1764/1764
f 1767/1765/1765 1765/1766/1766 1766/1767/1767
f 1770/1768/1768 1768/1769/1769 1769/1770/1770
f 1773/1771/1771 1771/1772/1772 1772/1773/1773
f 1776/1774/1774 1774/1775/1775 1775/1776/1776
f 1779/1777/1777 1777/1778/1778 1778/1779/1779
f 1782/1780/1780 1780/1781/1781 1781/1782/1782
f 1785/1783/1783 1783/1784/1784 1784/1785/1785
f 1788/1786/1786 1786/1787/1787 1787/1788/1788
f 1791/1789/1789 1789/1790/1790 1790/1791/1791
f 1794/1792/1792 1792/1793/1793 1793/1794/1794
f 1797/1795/1795 1795/1796/1796 1796/1797/1797
f 1800/1798/1798 1798/1799/1799 1799/1800/1800
f 1803/1801/1801 1801/1802/1802 1802/1803/1803
f 1806/1804/1804 1804/1805/1805 1805/1806/1806
f 1809/1807/1807 1807/1808/1808 1808/1809/1809
f 1812/1810/1810 1810/1811/1811 1811/1812/1812
f 1815/1813/1813 1813/1814/1814 1814/1815/1815
f 1818/1816/1816 1816/1817/1817 1817/1818/1818
f 1821/1819/1819 1819/1820/1820 1820/1821/1821
f 1824/1822/1822 1822/1823/1823 1823/1824/1824
f 1827/1825/1825 1825/1826/1826 1826/1827/1827
f 1830/1828/1828 1828/1829/1829 1829/1830/1830
f 1833/1831/1831 1831/1832/1832 1832/1833/1833
f 1836/1834/1834 1834/1835/1835 1835/1836/1836
f 1839/1837/1837 1837/1838/1838 1838/1839/1839
f 1842/1840/1840 1840/1841/1841 1841/1842/1842
f 1845/1843/1843 1843/1844/1844 1844/1845/1845
f 1848/1846/1846 1846/1847/1847 1847/1848/1848
f 1851/1849/1849 1849/1850/1850 1850/1851/1851
f 1854/1852/1852 1852/1853/1853 1853/1854/1854
f 1857/1855/1855 1855/1856/1856 1856/1857/1857
f 1860/1858/1858 1858/1859/1859 1859/1860/1860
f 1863/1861/1861 1861/1862/1862 1862/1863/1863
f 1866/1864/1864 1864/1865/1865 1865/1866/1866
f 1869/1867/1867 1867/1868/1868 1868/1869/1869
f 1872/1870/1870 1870/1871/1871 1871/1872/1872
f 1875/1873/1873 1873/1874/1874 1874/1875/1875
f 1878/1876/1876 1876/1877/1877 1877/1878/1878
f 1881/1879/1879 1879/1880/1880 1880/1881/1881
f 1884/1882/1882 1882/1883/1883 1883/1884/1884
f 1887/1885/1885 1885/1886/1886 1886/1887/1887
f 1890/1888/1888 1888/1889/1889 1889/1890/1890
f 1893/1891/1891 1891/1892/1892 1892/1893/1893
f 1896/1894/1894 1894/1895/1895 1895/1896/1896
f 1899/1897/1897 1897/1898/1898 1898/1899/1899
f 1902/1900/1900 1900/1901/1901 1901/1902/1902
f 1905/1903/1903 1903/1904/1904 1904/1905/1905
f 1908/1906/1906 1906/1907/1907 1907/1908/1908
f 1911/1909/1909 1909/1910/1910 1910/1911/1911
f 1914/1912/1912 1912/1913/1913 1913/1914/1914
f 1917/1915/1915 1915/1916/1916 1916/1917/1917
f 1920/1918/1918 1918/1919/1919 1919/1920/1920
f 1923/1921/1921 1921/1922/1922 1922/1923/1923
f 1926/1924/1924 1924/1925/1925 1925/1926/1926
f 1929/1927/1927 1927/1928/1928 1928/1929/1929
f 1932/1930/1930 1930/1931/1931 1931/1932/1932
f 1935/1933/1933 1933/1934/1934 1934/1935/1935
f 1938/1936/1936 1936/1937/1937 1937/1938/1938
f 1941/1939/1939 1939/1940/1940 1940/1941/1941
f 1944/1942/1942 1942/1943/1943 1943/1944/1944
f 1947/1945/1945 1945/1946/1946 1946/1947/1947
f 1950/1948/1948 1948/1949/1949 1949/1950/1950
f 1953/1951/1951 1951/1952/1952 1952/1953/1953
f 1956/1954/1954 1954/1955/1955 1955/1956/1956
f 1959/1957/1957 1957/1958/1958 1958/1959/1959
f 1962/1960/1960 1960/1961/1961 1961/1962/1962
f 1965/1963/1963 1963/1964/1964 1964/1965/1965
f 1968/1966/1966 1966/1967/1967 1967/1968/1968
f 1971/1969/1969 1969/1970/1970 1970/1971/1971
f 1974/1972/1972 1972/1973/1973 1973/1974/1974
f 1977/1975/1975 1975/1976/1976 1976/1977/1977
f 1980/1978/1978 1978/1979/1979 1979/1980/1980
f 1983/1981/1981 1981/1982/1982 1982/1983/1983
f 1986/1984/1984 1984/1985/1985 1985/1986/1986
f 1989/1987/1987 1987/1988/1988 1988/1989/1989
f 1992/1990/1990 1990/1991/1991 1991/1992/1992
f 1995/1993/1993 1993/1994/1994 1994/1995/1995
f 1998/1996/1996 1996/1997/1997 1997/1998/1998
f 2001/1999/1999 1999/2000/2000 2000/2001/2001
f 2004/2002/2002 2002/2003/2003 2003/2004/2004
f 2007/2005/2005 2005/2006/2006 2006/2007/2007
f 2010/2008/2008 2008/2009/2009 2009/2010/2010
f 2013/2011/2011 2011/2012/2012 2012/2013/2013
f 2016/2014/2014 2014/2015/2015 2015/2016/2016
f 2019/2017/2017 2017/2018/2018 2018/2019/2019
f 2022/2020/2020 2020/2021/2021 2021/2022/2022
f 2025/2023/2023 2023/2024/2024 2024/2025/2025
f 2028/2026/2026 2026/2027/2027 2027/2028/2028
f 2031/2029/2029 2029/2030/2030 2030/2031/2031
f 2034/2032/2032 2032/2033/2033 2033/2034/2034
f 2037/2035/2035 2035/2036/2036 2036/2037/2037
f 2040/2038/2038 2038/2039/2039 2039/2040/2040
f 2043/2041/2041 2041/2042/2042 2042/2043/2043
f 2046/2044/2044 2044/2045/2045 2045/2046/2046
f 2049/2047/2047 2047/2048/2048 2048/2049/2049
f 2052/2050/2050 2050/2051/2051 2051/2052/2052
f 2055/2053/2053 2053/2054/2054 2054/2055/2055
f 2058/2056/2056 2056/2057/2057 2057/2058/2058
f 2061/2059/2059 2059/2060/2060 2060/2061/2061
f 2064/2062/2062 2062/2063/2063 2063/2064/2064
f 2067/2065/2065 2065/2066/2066 2066/2067/2067
f 2070/2068/2068 2068/2069/2069 2069/2070/2070
f 2073/2071/2071 2071/2072/2072 2072/2073/2073
f 2076/2074/2074 2074/2075/2075 2075/2076/2076
f 2079/2077/2077 2077/2078/2078 2078/2079/2079
f 2082/2080/2080 2080/2081/2081 2081/2082/2082
f 2085/2083/2083 2083/2084/2084 2084/2085/2085
f 2088/2086/2086 2086/2087/2087 2087/2088/2088
f 2091/2089/2089 2089/2090/2090 2090/2091/2091
f 2094/2092/2092 2092/2093/2093 2093/2094/2094
f 2097/2095/2095 2095/2096/2096 2096/2097/2097
f 2100/2098/2098 2098/2099/2099 2099/2100/2100
f 2103/2101/2101 2101/2102/2102 2102/2103/2103
f 2106/2104/2104 2104/2105/2105 2105/2106/2106
f 2109/2107/2107 2107/2108/2108 2108/2109/2109
f 2112/2110/2110 2110/2111/2111 2111/2112/2112
f 2115/2113/2113 2113/2114/2114 2114/2115/2115
f 2118/2116/2116 2116/2117/2117 2117/2118/2118
f 2121/2119/2119 2119/2120/2120 2120/2121/2121
f 2124/2122/2122 2122/2123/2123 2123/2124/2124
f 2127/2125/2125 2125/2126/2126 2126/2127/2127
f 2130/2128/2128 2128/2129/2129 2129/2130/2130
f 2133/2131/2131 2131/2132/2132 2132/2133/2133
f 2136/2134/2134 2134/2135/2135 2135/2136/2136
f 2139/2137/2137 2137/2138/2138 2138/2139/2139
f 2142/2140/2140 2140/2141/2141 2141/2142/2142
f 2145/2143/2143 2143/2144/2144 2144/2145/2145
f 2148/2146/2146 2146/2147/2147 2147/2148/2148
f 2151/2149/2149 2149/2150/2150 2150/2151/2151
f 2154/2152/2152 2152/2153/2153 2153/2154/2154
f 2157/2155/2155 2155/2156/2156 2156/2157/2157
f 2160/2158/2158 2158/2159/2159 2159/2160/2160
f 2163/2161/2161 2161/2162/2162 2162/2163/2163
f 2166/2164/2164 2164/2165/2165 2165/2166/2166
f 2169/2167/2167 2167/2168/2168 2168/2169/2169
f 2172/2170/2170 2170/2171/2171 2171/2172/2172
f 2175/2173/2173 2173/2174/2174 2174/2175/2175
f 2178/2176/2176 2176/2177/2177 2177/2178/2178
f 2181/2179/2179 2179/2180/2180 2180/2181/2181
f 2184/2182/2182 2182/2183/2183 2183/2184/2184
f 2187/2185/2185 2185/2186/2186 2186/2187/2187
f 2190/2188/2188 2188/2189/2189 2189/2190/2190
f 2193/2191/2191 2191/2192/2192 2192/2193/2193
f 2196/2194/2194 2194/2195/2195 2195/2196/2196
f 2199/2197/2197 2197/2198/2198 2198/2199/2199
f 2202/2200/2200 2200/2201/2201 2201/2202/2202
f 2205/2203/2203 2203/2204/2204 2204/2205/2205
f 2208/2206/2206 2206/2207/2207 2207/2208/2208
f 2211/2209/2209 2209/2210/2210 2210/2211/2211
f 2214/2212/2212 2212/2213/2213 2213/2214/2214
f 2217/2215/2215 2215/2216/2216 2216/2217/2217
f 2220/2218/2218 2218/2219/2219 2219/2220/2220
f 2223/2221/2221 2221/2222/2222 2222/2223/2223
f 2226/2224/2224 2224/2225/2225 2225/2226/2226
f 2229/2227/2227 2227/2228/2228 2228/2229/2229
f 2232/2230/2230 2230/2231/2231 2231/2232/2232
f 2235/2233/2233 2233/2234/2234 2234/2235/2235
f 2238/2236/2236 2236/2237/2237 2237/2238/2238
f 2241/2239/2239 2239/2240/2240 2240/2241/2241
f 2244/2242/2242 2242/2243/2243 2243/2244/2244
f 2247/2245/2245 2245/2246/2246 2246/2247/2247
f 2250/2248/2248 2248/2249/2249 2249/2250/2250
f 2253/2251/2251 2251/2252/2252 2252/2253/2253
f 2256/2254/2254 2254/2255/2255 2255/2256/2256
f 2259/2257/2257 2257/2258/2258 2258/2259/2259
f 2262/2260/2260 2260/2261/2261 2261/2262/2262
f 2265/2263/2263 2263/2264/2264 2264/2265/2265
f 2268/2266/2266 2266/2267/2267 2267/2268/2268
f 2271/2269/2269 2269/2270/2270 2270/2271/2271
f 2274/2272/2272 2272/2273/2273 2273/2274/2274
f 2277/2275/2275 2275/2276/2276 2276/2277/2277
f 2280/2278/2278 2278/2279/2279 2279/2280/2280
f 2283/2281/2281 2281/2282/2282 2282/2283/2283
f 2286/2284/2284 2284/2285/2285 2285/2286/2286
f 2289/2287/2287 2287/2288/2288 2288/2289/2289
f 2292/2290/2290 2290/2291/2291 2291/2292/2292
f 2295/2293/2293 2293/2294/2294 2294/2295/2295
f 2298/2296/2296 2296/2297/2297 2297/2298/2298
f 2301/2299/2299 2299/2300/2300 2300/2301/2301
f 2304/2302/2302 2302/2303/2303 2303/2304/2304
f 2307/2305/2305 2305/2306/2306 2306/2307/2307
f 2310/2308/2308 2308/2309/2309 2309/2310/2310
f 2313/2311/2311 2311/2312/2312 2312/2313/2313
f 2316/2314/2314 2314/2315/2315 2315/2316/2316
f 2319/2317/2317 2317/2318/2318 2318/2319/2319
f 2322/2320/2320 2320/2321/2321 2321/2322/2322
f 2325/2323/2323 2323/2324/2324 2324/2325/2325
f 2328/2326/2326 2326/2327/2327 2327/2328/2328
f 2331/2329/2329 2329/2330/2330 2330/2331/2331
f 2334/2332/2332 2332/2333/2333 2333/2334/2334
f 2337/2335/2335 2335/2336/2336 2336/2337/2337
f 2340/2338/2338 2338/2339/2339 2339/2340/2340
f 2343/2341/2341 2341/2342/2342 2342/2343/2343
f 2346/2344/2344 2344/2345/2345 2345/2346/2346

