# Converted from B3D for Luanti (With Correct Normals)
# Object Name: multidecor_kitchen_sink_cabinet

v 1.000000 -0.800000 -0.850000
v 1.000000 0.900000 -0.850000
v 1.000000 0.900000 1.000000
v 1.000000 -0.800000 1.000000
v 1.000000 -0.800000 1.000000
v 1.000000 0.900000 1.000000
v -1.000000 0.900000 1.000000
v -1.000000 -0.800000 1.000000
v -1.000000 -0.800000 1.000000
v -1.000000 -0.800000 -0.850000
v 1.000000 -0.800000 -0.850000
v 1.000000 -0.800000 1.000000
v 0.850000 -0.650000 -0.850000
v 0.850000 -0.650000 0.850000
v 0.850000 0.900000 0.850000
v 0.850000 0.900000 -0.850000
v -1.000000 -0.800000 1.000000
v -1.000000 0.900000 1.000000
v -1.000000 0.900000 -0.850000
v -1.000000 -0.800000 -0.850000
v -1.000000 0.900000 1.000000
v -1.000000 1.000000 1.000000
v -1.000000 1.000000 -1.000000
v -1.000000 0.900000 -1.000000
v -1.000000 0.900000 -1.000000
v -1.000000 1.000000 -1.000000
v 1.000000 1.000000 -1.000000
v 1.000000 0.900000 -1.000000
v 1.000000 0.900000 1.000000
v 1.000000 1.000000 1.000000
v -1.000000 1.000000 1.000000
v -1.000000 0.900000 1.000000
v 1.000000 0.900000 -1.000000
v 1.000000 1.000000 -1.000000
v 1.000000 1.000000 1.000000
v 1.000000 0.900000 1.000000
v -0.849975 1.000000 -0.367438
v -1.000000 1.000000 -1.000000
v -1.000000 1.000000 1.000000
v 0.750000 -0.800000 -0.550000
v 0.650000 -0.800000 -0.550000
v 0.650000 -1.000000 -0.550000
v 0.750000 -1.000000 -0.550000
v 0.550000 -0.800000 -0.750000
v 0.650000 -0.800000 -0.850000
v 0.650000 -1.000000 -0.850000
v 0.550000 -1.000000 -0.750000
v 0.750000 -0.800000 -0.850000
v 0.850000 -0.800000 -0.750000
v 0.850000 -1.000000 -0.750000
v 0.750000 -1.000000 -0.850000
v 0.850000 -0.800000 -0.650000
v 0.750000 -0.800000 -0.550000
v 0.750000 -1.000000 -0.550000
v 0.850000 -1.000000 -0.650000
v 0.650000 -0.800000 -0.550000
v 0.550000 -0.800000 -0.650000
v 0.550000 -1.000000 -0.650000
v 0.650000 -1.000000 -0.550000
v 0.550000 -0.800000 -0.650000
v 0.550000 -0.800000 -0.750000
v 0.550000 -1.000000 -0.750000
v 0.550000 -1.000000 -0.650000
v 0.650000 -0.800000 -0.850000
v 0.750000 -0.800000 -0.850000
v 0.750000 -1.000000 -0.850000
v 0.650000 -1.000000 -0.850000
v 0.850000 -0.800000 -0.750000
v 0.850000 -0.800000 -0.650000
v 0.850000 -1.000000 -0.650000
v 0.850000 -1.000000 -0.750000
v 0.750000 -1.000000 -0.850000
v 0.850000 -1.000000 -0.750000
v 0.550000 -1.000000 -0.650000
v 0.850000 -1.000000 -0.750000
v 0.850000 -1.000000 -0.650000
v 0.550000 -1.000000 -0.650000
v 0.850000 -1.000000 -0.650000
v 0.750000 -1.000000 -0.550000
v 0.550000 -1.000000 -0.650000
v 0.750000 -1.000000 -0.550000
v 0.650000 -1.000000 -0.550000
v 0.550000 -1.000000 -0.650000
v 0.550000 -1.000000 -0.650000
v 0.550000 -1.000000 -0.750000
v 0.650000 -1.000000 -0.850000
v 0.650000 -1.000000 -0.850000
v 0.750000 -1.000000 -0.850000
v 0.550000 -1.000000 -0.650000
v -0.550000 -0.800000 -0.750000
v -0.550000 -0.800000 -0.650000
v -0.550000 -1.000000 -0.650000
v -0.550000 -1.000000 -0.750000
v -0.750000 -0.800000 -0.550000
v -0.850000 -0.800000 -0.650000
v -0.850000 -1.000000 -0.650000
v -0.750000 -1.000000 -0.550000
v -0.850000 -0.800000 -0.750000
v -0.750000 -0.800000 -0.850000
v -0.750000 -1.000000 -0.850000
v -0.850000 -1.000000 -0.750000
v -0.650000 -0.800000 -0.850000
v -0.550000 -0.800000 -0.750000
v -0.550000 -1.000000 -0.750000
v -0.650000 -1.000000 -0.850000
v -0.550000 -0.800000 -0.650000
v -0.650000 -0.800000 -0.550000
v -0.650000 -1.000000 -0.550000
v -0.550000 -1.000000 -0.650000
v -0.650000 -0.800000 -0.550000
v -0.750000 -0.800000 -0.550000
v -0.750000 -1.000000 -0.550000
v -0.650000 -1.000000 -0.550000
v -0.850000 -0.800000 -0.650000
v -0.850000 -0.800000 -0.750000
v -0.850000 -1.000000 -0.750000
v -0.850000 -1.000000 -0.650000
v -0.750000 -0.800000 -0.850000
v -0.650000 -0.800000 -0.850000
v -0.650000 -1.000000 -0.850000
v -0.750000 -1.000000 -0.850000
v -0.850000 -1.000000 -0.750000
v -0.750000 -1.000000 -0.850000
v -0.650000 -1.000000 -0.550000
v -0.750000 -1.000000 -0.850000
v -0.650000 -1.000000 -0.850000
v -0.650000 -1.000000 -0.550000
v -0.650000 -1.000000 -0.850000
v -0.550000 -1.000000 -0.750000
v -0.650000 -1.000000 -0.550000
v -0.550000 -1.000000 -0.750000
v -0.550000 -1.000000 -0.650000
v -0.650000 -1.000000 -0.550000
v -0.650000 -1.000000 -0.550000
v -0.750000 -1.000000 -0.550000
v -0.850000 -1.000000 -0.650000
v -0.850000 -1.000000 -0.650000
v -0.850000 -1.000000 -0.750000
v -0.650000 -1.000000 -0.550000
v -0.750000 -0.800000 0.550000
v -0.650000 -0.800000 0.550000
v -0.650000 -1.000000 0.550000
v -0.750000 -1.000000 0.550000
v -0.550000 -0.800000 0.750000
v -0.650000 -0.800000 0.850000
v -0.650000 -1.000000 0.850000
v -0.550000 -1.000000 0.750000
v -0.750000 -0.800000 0.850000
v -0.850000 -0.800000 0.750000
v -0.850000 -1.000000 0.750000
v -0.750000 -1.000000 0.850000
v -0.850000 -0.800000 0.650000
v -0.750000 -0.800000 0.550000
v -0.750000 -1.000000 0.550000
v -0.850000 -1.000000 0.650000
v -0.650000 -0.800000 0.550000
v -0.550000 -0.800000 0.650000
v -0.550000 -1.000000 0.650000
v -0.650000 -1.000000 0.550000
v -0.550000 -0.800000 0.650000
v -0.550000 -0.800000 0.750000
v -0.550000 -1.000000 0.750000
v -0.550000 -1.000000 0.650000
v -0.650000 -0.800000 0.850000
v -0.750000 -0.800000 0.850000
v -0.750000 -1.000000 0.850000
v -0.650000 -1.000000 0.850000
v -0.850000 -0.800000 0.750000
v -0.850000 -0.800000 0.650000
v -0.850000 -1.000000 0.650000
v -0.850000 -1.000000 0.750000
v -0.750000 -1.000000 0.850000
v -0.850000 -1.000000 0.750000
v -0.550000 -1.000000 0.650000
v -0.850000 -1.000000 0.750000
v -0.850000 -1.000000 0.650000
v -0.550000 -1.000000 0.650000
v -0.850000 -1.000000 0.650000
v -0.750000 -1.000000 0.550000
v -0.550000 -1.000000 0.650000
v -0.750000 -1.000000 0.550000
v -0.650000 -1.000000 0.550000
v -0.550000 -1.000000 0.650000
v -0.550000 -1.000000 0.650000
v -0.550000 -1.000000 0.750000
v -0.650000 -1.000000 0.850000
v -0.650000 -1.000000 0.850000
v -0.750000 -1.000000 0.850000
v -0.550000 -1.000000 0.650000
v 0.550000 -0.800000 0.750000
v 0.550000 -0.800000 0.650000
v 0.550000 -1.000000 0.650000
v 0.550000 -1.000000 0.750000
v 0.750000 -0.800000 0.550000
v 0.850000 -0.800000 0.650000
v 0.850000 -1.000000 0.650000
v 0.750000 -1.000000 0.550000
v 0.850000 -0.800000 0.750000
v 0.750000 -0.800000 0.850000
v 0.750000 -1.000000 0.850000
v 0.850000 -1.000000 0.750000
v 0.650000 -0.800000 0.850000
v 0.550000 -0.800000 0.750000
v 0.550000 -1.000000 0.750000
v 0.650000 -1.000000 0.850000
v 0.550000 -0.800000 0.650000
v 0.650000 -0.800000 0.550000
v 0.650000 -1.000000 0.550000
v 0.550000 -1.000000 0.650000
v 0.650000 -0.800000 0.550000
v 0.750000 -0.800000 0.550000
v 0.750000 -1.000000 0.550000
v 0.650000 -1.000000 0.550000
v 0.850000 -0.800000 0.650000
v 0.850000 -0.800000 0.750000
v 0.850000 -1.000000 0.750000
v 0.850000 -1.000000 0.650000
v 0.750000 -0.800000 0.850000
v 0.650000 -0.800000 0.850000
v 0.650000 -1.000000 0.850000
v 0.750000 -1.000000 0.850000
v 0.850000 -1.000000 0.750000
v 0.750000 -1.000000 0.850000
v 0.650000 -1.000000 0.550000
v 0.750000 -1.000000 0.850000
v 0.650000 -1.000000 0.850000
v 0.650000 -1.000000 0.550000
v 0.650000 -1.000000 0.850000
v 0.550000 -1.000000 0.750000
v 0.650000 -1.000000 0.550000
v 0.550000 -1.000000 0.750000
v 0.550000 -1.000000 0.650000
v 0.650000 -1.000000 0.550000
v 0.650000 -1.000000 0.550000
v 0.750000 -1.000000 0.550000
v 0.850000 -1.000000 0.650000
v 0.850000 -1.000000 0.650000
v 0.850000 -1.000000 0.750000
v 0.650000 -1.000000 0.550000
v -1.000000 0.900000 1.000000
v -0.850026 0.900000 0.367315
v -0.367438 0.900000 0.849975
v 0.850000 -0.650000 0.850000
v 0.850000 -0.650000 -0.850000
v -0.850000 -0.650000 -0.850000
v -0.850000 -0.650000 0.850000
v -1.000000 -0.800000 -0.850000
v -0.850000 -0.650000 -0.850000
v 0.850000 -0.650000 -0.850000
v 1.000000 -0.800000 -0.850000
v -0.850000 -0.650000 0.850000
v -0.850000 -0.650000 -0.850000
v -0.850000 0.900000 -0.850000
v -0.850000 0.900000 0.850000
v 0.850000 -0.650000 0.850000
v -0.850000 -0.650000 0.850000
v -0.850000 0.900000 0.850000
v 0.850000 0.900000 0.850000
v 1.000000 0.900000 -0.850000
v 1.000000 -0.800000 -0.850000
v 0.850000 -0.650000 -0.850000
v 0.850000 0.900000 -0.850000
v -0.850000 0.900000 -0.850000
v -0.850000 -0.650000 -0.850000
v -1.000000 -0.800000 -0.850000
v -1.000000 0.900000 -0.850000
v 0.850026 0.900000 -0.367314
v 0.367438 0.900000 -0.849975
v 1.000000 0.900000 -1.000000
v 0.850026 1.000000 -0.367314
v 1.000000 1.000000 1.000000
v 1.000000 1.000000 -1.000000
v 0.849974 1.000000 0.367438
v 0.850026 1.000000 -0.367314
v 0.850026 1.050000 -0.367314
v 0.849974 1.050000 0.367438
v 0.367315 1.000000 0.925025
v 0.849974 1.000000 0.367438
v 0.849974 1.050000 0.367438
v 0.367315 1.050000 0.925025
v 0.367438 1.000000 -0.849975
v -0.367315 1.000000 -0.850026
v -0.367315 1.050000 -0.850026
v 0.367438 1.050000 -0.849975
v -0.680020 0.500000 0.293852
v -0.679980 0.500000 -0.293950
v -0.679980 1.050000 -0.293950
v -0.680020 1.050000 0.293852
v -0.679980 0.500000 -0.293950
v -0.679980 1.050000 -0.293950
v -0.293852 1.050000 -0.680020
v -0.293852 0.500000 -0.680020
v 0.850026 1.000000 -0.367314
v 0.367438 1.000000 -0.849975
v 0.367438 1.050000 -0.849975
v 0.850026 1.050000 -0.367314
v -0.367438 1.000000 0.924974
v 0.367315 1.000000 0.925025
v 0.367315 1.050000 0.925025
v -0.367438 1.050000 0.924974
v -0.293852 0.500000 -0.680020
v -0.293852 1.050000 -0.680020
v 0.293950 1.050000 -0.679980
v 0.293950 0.500000 -0.679980
v -0.367315 1.050000 -0.850026
v -0.849975 1.050000 -0.367438
v -0.679980 1.050000 -0.293950
v -0.293852 1.050000 -0.680020
v -0.850026 1.050000 0.367315
v -0.367438 1.050000 0.924974
v -0.293950 1.050000 0.679980
v -0.680020 1.050000 0.293852
v 0.849974 1.050000 0.367438
v 0.850026 1.050000 -0.367314
v 0.680021 1.050000 -0.293852
v 0.679980 1.050000 0.293950
v 0.850026 1.050000 -0.367314
v 0.367438 1.050000 -0.849975
v 0.293950 1.050000 -0.679980
v 0.680021 1.050000 -0.293852
v 0.367315 1.050000 0.925025
v 0.849974 1.050000 0.367438
v 0.679980 1.050000 0.293950
v 0.293852 1.050000 0.680020
v -0.849975 1.050000 -0.367438
v -0.850026 1.050000 0.367315
v -0.680020 1.050000 0.293852
v -0.679980 1.050000 -0.293950
v -0.367438 1.050000 0.924974
v 0.367315 1.050000 0.925025
v 0.293852 1.050000 0.680020
v -0.293950 1.050000 0.679980
v 0.367438 1.050000 -0.849975
v -0.367315 1.050000 -0.850026
v -0.293852 1.050000 -0.680020
v 0.293950 1.050000 -0.679980
v 0.293950 0.500000 -0.679980
v 0.293950 1.050000 -0.679980
v 0.680021 1.050000 -0.293852
v 0.680021 0.500000 -0.293852
v 0.680021 0.500000 -0.293852
v 0.679980 0.500000 0.293950
v 0.679980 1.050000 0.293950
v 0.680021 1.050000 -0.293852
v -0.850026 1.000000 0.367315
v -0.367438 1.000000 0.924974
v -0.367438 1.050000 0.924974
v -0.850026 1.050000 0.367315
v -0.293950 0.500000 0.679980
v -0.680020 0.500000 0.293852
v -0.680020 1.050000 0.293852
v -0.293950 1.050000 0.679980
v -0.367315 1.000000 -0.850026
v -0.849975 1.000000 -0.367438
v -0.849975 1.050000 -0.367438
v -0.367315 1.050000 -0.850026
v 0.293852 0.500000 0.680020
v -0.293950 0.500000 0.679980
v -0.293950 1.050000 0.679980
v 0.293852 1.050000 0.680020
v -0.849975 1.000000 -0.367438
v -0.850026 1.000000 0.367315
v -0.850026 1.050000 0.367315
v -0.849975 1.050000 -0.367438
v 0.679980 0.500000 0.293950
v 0.293852 0.500000 0.680020
v 0.293852 1.050000 0.680020
v 0.679980 1.050000 0.293950
v 0.350000 0.500000 0.200000
v 0.247487 0.500000 0.447487
v 0.679980 0.500000 0.293950
v 0.247487 0.500000 0.447487
v 0.350000 0.500000 0.200000
v 0.280000 0.500000 0.200000
v 0.197990 0.500000 0.397990
v -0.247487 0.500000 0.447487
v -0.000000 0.500000 0.550000
v -0.000000 0.500000 0.480000
v -0.197990 0.500000 0.397990
v 0.350000 0.500000 0.200000
v 0.247487 0.500000 -0.047487
v 0.197990 0.500000 0.002010
v 0.280000 0.500000 0.200000
v -0.247487 0.500000 -0.047487
v -0.350000 0.500000 0.200000
v -0.280000 0.500000 0.200000
v -0.197990 0.500000 0.002010
v -0.350000 0.500000 0.200000
v -0.247487 0.500000 -0.047487
v -0.679980 0.500000 -0.293950
v 0.247487 0.500000 -0.047487
v 0.000000 0.500000 -0.150000
v 0.000000 0.500000 -0.080000
v 0.197990 0.500000 0.002010
v -0.000000 0.500000 0.550000
v 0.247487 0.500000 0.447487
v 0.197990 0.500000 0.397990
v -0.000000 0.500000 0.480000
v -0.350000 0.500000 0.200000
v -0.247487 0.500000 0.447487
v -0.197990 0.500000 0.397990
v -0.280000 0.500000 0.200000
v 0.000000 0.500000 -0.150000
v -0.247487 0.500000 -0.047487
v -0.197990 0.500000 0.002010
v 0.000000 0.500000 -0.080000
v 0.000000 0.500000 -0.080000
v -0.197990 0.500000 0.002010
v -0.197990 0.450000 0.002010
v 0.000000 0.450000 -0.080000
v 0.197990 0.500000 0.002010
v 0.000000 0.500000 -0.080000
v 0.000000 0.450000 -0.080000
v 0.197990 0.450000 0.002010
v 0.197990 0.500000 0.397990
v 0.280000 0.500000 0.200000
v 0.280000 0.450000 0.200000
v 0.197990 0.450000 0.397990
v -0.197990 0.500000 0.397990
v -0.000000 0.500000 0.480000
v -0.000000 0.450000 0.480000
v -0.197990 0.450000 0.397990
v 0.280000 0.500000 0.200000
v 0.197990 0.500000 0.002010
v 0.197990 0.450000 0.002010
v 0.280000 0.450000 0.200000
v -0.197990 0.500000 0.002010
v -0.280000 0.500000 0.200000
v -0.280000 0.450000 0.200000
v -0.197990 0.450000 0.002010
v -0.000000 0.500000 0.480000
v 0.197990 0.500000 0.397990
v 0.197990 0.450000 0.397990
v -0.000000 0.450000 0.480000
v -0.280000 0.500000 0.200000
v -0.197990 0.500000 0.397990
v -0.197990 0.450000 0.397990
v -0.280000 0.450000 0.200000
v -0.197990 0.450000 0.002010
v -0.197990 0.192091 0.042859
v -0.280000 0.253274 0.231158
v -0.280000 0.450000 0.200000
v -0.197990 0.314456 0.419458
v -0.197990 0.192180 0.481761
v -0.000000 0.240384 0.548108
v -0.000000 0.339798 0.497454
v 0.197990 0.450000 0.002010
v 0.197990 0.192091 0.042859
v 0.000000 0.166749 -0.035137
v 0.000000 0.450000 -0.080000
v -0.000000 0.450000 0.480000
v -0.000000 0.339798 0.497454
v 0.197990 0.314456 0.419458
v 0.197990 0.450000 0.397990
v -0.280000 0.450000 0.200000
v -0.280000 0.253274 0.231158
v -0.197990 0.314456 0.419458
v -0.197990 0.450000 0.397990
v 0.000000 0.450000 -0.080000
v 0.000000 0.166749 -0.035137
v -0.197990 0.192091 0.042859
v -0.197990 0.450000 0.002010
v 0.197990 0.450000 0.397990
v 0.197990 0.314456 0.419458
v 0.280000 0.253274 0.231159
v 0.280000 0.450000 0.200000
v -0.197990 0.450000 0.397990
v -0.197990 0.314456 0.419458
v -0.000000 0.339798 0.497454
v -0.000000 0.450000 0.480000
v 0.280000 0.450000 0.200000
v 0.280000 0.253274 0.231159
v 0.197990 0.192091 0.042859
v 0.197990 0.450000 0.002010
v 0.000000 -0.088776 0.095059
v -0.000000 -0.291561 0.297844
v -0.197990 -0.225213 0.346049
v -0.197990 -0.040571 0.161406
v 0.280000 0.253274 0.231159
v 0.280000 0.075804 0.321584
v 0.197990 -0.040571 0.161406
v 0.197990 0.192091 0.042859
v -0.197990 0.192091 0.042859
v -0.197990 -0.040571 0.161406
v -0.280000 0.075804 0.321584
v -0.280000 0.253274 0.231158
v 0.197990 0.192091 0.042859
v 0.197990 -0.040571 0.161406
v 0.000000 -0.088776 0.095059
v 0.000000 0.166749 -0.035137
v -0.000000 0.339798 0.497454
v -0.000000 0.240384 0.548108
v 0.197990 0.192180 0.481761
v 0.197990 0.314456 0.419458
v -0.280000 0.253274 0.231158
v -0.280000 0.075804 0.321584
v -0.197990 0.192180 0.481761
v -0.197990 0.314456 0.419458
v 0.000000 0.166749 -0.035137
v 0.000000 -0.088776 0.095059
v -0.197990 -0.040571 0.161406
v -0.197990 0.192091 0.042859
v 0.197990 0.314456 0.419458
v 0.197990 0.192180 0.481761
v 0.280000 0.075804 0.321584
v 0.280000 0.253274 0.231159
v -0.000000 0.161488 0.627004
v -0.000000 0.110834 0.726418
v 0.197990 0.032838 0.701076
v 0.197990 0.095141 0.578800
v 0.197990 0.192180 0.481761
v 0.197990 0.095141 0.578800
v 0.280000 -0.065036 0.462424
v 0.280000 0.075804 0.321584
v -0.197990 0.192180 0.481761
v -0.197990 0.095141 0.578800
v -0.000000 0.161488 0.627004
v -0.000000 0.240384 0.548108
v 0.280000 0.075804 0.321584
v 0.280000 -0.065036 0.462424
v 0.197990 -0.225213 0.346049
v 0.197990 -0.040571 0.161406
v -0.197990 -0.040571 0.161406
v -0.197990 -0.225213 0.346049
v -0.280000 -0.065036 0.462424
v -0.280000 0.075804 0.321584
v 0.197990 -0.040571 0.161406
v 0.197990 -0.225213 0.346049
v -0.000000 -0.291561 0.297844
v 0.000000 -0.088776 0.095059
v -0.000000 0.240384 0.548108
v -0.000000 0.161488 0.627004
v 0.197990 0.095141 0.578800
v 0.197990 0.192180 0.481761
v -0.280000 0.075804 0.321584
v -0.280000 -0.065036 0.462424
v -0.197990 0.095141 0.578800
v -0.197990 0.192180 0.481761
v -0.280000 -0.155461 0.639894
v -0.280000 -0.186620 0.836620
v -0.197990 0.011370 0.836620
v -0.197990 0.032838 0.701076
v -0.280000 -0.065036 0.462424
v -0.280000 -0.155461 0.639894
v -0.197990 0.032838 0.701076
v -0.197990 0.095141 0.578800
v -0.000000 -0.291561 0.297844
v -0.000000 -0.421757 0.553369
v -0.197990 -0.343761 0.578711
v -0.197990 -0.225213 0.346049
v 0.197990 0.095141 0.578800
v 0.197990 0.032838 0.701076
v 0.280000 -0.155461 0.639894
v 0.280000 -0.065036 0.462424
v -0.197990 0.095141 0.578800
v -0.197990 0.032838 0.701076
v -0.000000 0.110834 0.726418
v -0.000000 0.161488 0.627004
v 0.280000 -0.065036 0.462424
v 0.280000 -0.155461 0.639894
v 0.197990 -0.343761 0.578711
v 0.197990 -0.225213 0.346049
v -0.197990 -0.225213 0.346049
v -0.197990 -0.343761 0.578711
v -0.280000 -0.155461 0.639894
v -0.280000 -0.065036 0.462424
v 0.197990 -0.225213 0.346049
v 0.197990 -0.343761 0.578711
v -0.000000 -0.421757 0.553369
v -0.000000 -0.291561 0.297844
v -0.197990 0.011370 0.836620
v -0.257387 0.070767 0.836620
v -0.000000 0.177380 0.836620
v -0.000000 0.093380 0.836620
v -0.000000 -0.421757 0.553369
v -0.000000 -0.466620 0.836620
v -0.197990 -0.384610 0.836620
v -0.197990 -0.343761 0.578711
v 0.197990 0.032838 0.701076
v 0.197990 0.011370 0.836620
v 0.280000 -0.186620 0.836620
v 0.280000 -0.155461 0.639894
v -0.197990 0.032838 0.701076
v -0.197990 0.011370 0.836620
v -0.000000 0.093380 0.836620
v -0.000000 0.110834 0.726418
v 0.280000 -0.155461 0.639894
v 0.280000 -0.186620 0.836620
v 0.197990 -0.384610 0.836620
v 0.197990 -0.343761 0.578711
v -0.197990 -0.343761 0.578711
v -0.197990 -0.384610 0.836620
v -0.280000 -0.186620 0.836620
v -0.280000 -0.155461 0.639894
v 0.197990 -0.343761 0.578711
v 0.197990 -0.384610 0.836620
v -0.000000 -0.466620 0.836620
v -0.000000 -0.421757 0.553369
v -0.000000 0.110834 0.726418
v -0.000000 0.093380 0.836620
v 0.197990 0.011370 0.836620
v 0.197990 0.032838 0.701076
v 0.257387 0.070767 0.836620
v 0.257387 0.070767 0.850000
v 0.364000 -0.186620 0.850000
v 0.364000 -0.186620 0.836620
v 0.280000 -0.186620 0.836620
v 0.364000 -0.186620 0.836620
v 0.257387 -0.444007 0.836620
v 0.197990 -0.384610 0.836620
v -0.197990 -0.384610 0.836620
v -0.257387 -0.444007 0.836620
v -0.364000 -0.186620 0.836620
v -0.280000 -0.186620 0.836620
v 0.197990 -0.384610 0.836620
v 0.257387 -0.444007 0.836620
v -0.000000 -0.550620 0.836620
v -0.000000 -0.466620 0.836620
v -0.000000 0.093380 0.836620
v -0.000000 0.177380 0.836620
v 0.257387 0.070767 0.836620
v 0.197990 0.011370 0.836620
v -0.280000 -0.186620 0.836620
v -0.364000 -0.186620 0.836620
v -0.257387 0.070767 0.836620
v -0.197990 0.011370 0.836620
v -0.000000 -0.466620 0.836620
v -0.000000 -0.550620 0.836620
v -0.257387 -0.444007 0.836620
v -0.197990 -0.384610 0.836620
v 0.197990 0.011370 0.836620
v 0.257387 0.070767 0.836620
v 0.364000 -0.186620 0.836620
v 0.280000 -0.186620 0.836620
v 0.257387 -0.444007 0.850000
v -0.000000 -0.550620 0.850000
v -0.257387 -0.444007 0.850000
v -0.364000 -0.186620 0.850000
v -0.257387 0.070767 0.850000
v -0.000000 0.177380 0.850000
v 0.257387 0.070767 0.850000
v 0.364000 -0.186620 0.850000
v -0.257387 0.070767 0.836620
v -0.257387 0.070767 0.850000
v -0.000000 0.177380 0.850000
v -0.000000 0.177380 0.836620
v 0.364000 -0.186620 0.836620
v 0.364000 -0.186620 0.850000
v 0.257387 -0.444007 0.850000
v 0.257387 -0.444007 0.836620
v -0.257387 -0.444007 0.836620
v -0.257387 -0.444007 0.850000
v -0.364000 -0.186620 0.850000
v -0.364000 -0.186620 0.836620
v 0.257387 -0.444007 0.836620
v 0.257387 -0.444007 0.850000
v -0.000000 -0.550620 0.850000
v -0.000000 -0.550620 0.836620
v -0.000000 0.177380 0.836620
v 0.257387 0.070767 0.836620
v 0.257387 0.070767 0.850000
v -0.000000 0.177380 0.850000
v -0.364000 -0.186620 0.836620
v -0.364000 -0.186620 0.850000
v -0.257387 0.070767 0.850000
v -0.257387 0.070767 0.836620
v -0.000000 -0.550620 0.836620
v -0.000000 -0.550620 0.850000
v -0.257387 -0.444007 0.850000
v -0.257387 -0.444007 0.836620
v 0.000000 0.450000 -0.080000
v -0.280000 0.450000 0.200000
v -0.000000 0.450000 0.480000
v -0.063660 -0.650000 -0.350000
v -0.211398 0.186439 -0.350000
v -0.061613 0.186439 -0.711613
v 0.042853 -0.650000 -0.607147
v 0.042853 -0.650000 -0.607147
v -0.061613 0.186439 -0.711613
v 0.300000 0.186439 -0.861398
v 0.300000 -0.650000 -0.713661
v 0.300000 -0.650000 -0.713661
v 0.300000 0.186439 -0.861398
v 0.661613 0.186439 -0.711613
v 0.557147 -0.650000 -0.607147
v 0.557147 -0.650000 -0.607147
v 0.661613 0.186439 -0.711613
v 0.811398 0.186439 -0.350000
v 0.663661 -0.650000 -0.350000
v 0.663661 -0.650000 -0.350000
v 0.811398 0.186439 -0.350000
v 0.661613 0.186439 0.011613
v 0.557147 -0.650000 -0.092853
v 0.557147 -0.650000 -0.092853
v 0.661613 0.186439 0.011613
v 0.300000 0.186439 0.161398
v 0.300000 -0.650000 0.013660
v 0.300000 -0.650000 0.013660
v 0.300000 0.186439 0.161398
v -0.061613 0.186439 0.011613
v 0.042853 -0.650000 -0.092853
v 0.042853 -0.650000 -0.092853
v -0.061613 0.186439 0.011613
v -0.211398 0.186439 -0.350000
v -0.063660 -0.650000 -0.350000
v 0.009072 -0.600000 -0.350000
v -0.109118 0.186439 -0.350000
v 0.010710 0.186439 -0.639290
v 0.094283 -0.600000 -0.555717
v 0.094283 -0.600000 -0.555717
v 0.010710 0.186439 -0.639290
v 0.300000 0.186439 -0.759118
v 0.300000 -0.600000 -0.640928
v 0.300000 -0.600000 -0.640928
v 0.300000 0.186439 -0.759118
v 0.589290 0.186439 -0.639290
v 0.505718 -0.600000 -0.555717
v 0.505718 -0.600000 -0.555717
v 0.589290 0.186439 -0.639290
v 0.709118 0.186439 -0.350000
v 0.590928 -0.600000 -0.350000
v 0.590928 -0.600000 -0.350000
v 0.709118 0.186439 -0.350000
v 0.589290 0.186439 -0.060710
v 0.505717 -0.600000 -0.144283
v 0.505717 -0.600000 -0.144283
v 0.589290 0.186439 -0.060710
v 0.300000 0.186439 0.059118
v 0.300000 -0.600000 -0.059072
v 0.300000 -0.600000 -0.059072
v 0.300000 0.186439 0.059118
v 0.010710 0.186439 -0.060710
v 0.094283 -0.600000 -0.144283
v 0.094283 -0.600000 -0.144283
v 0.010710 0.186439 -0.060710
v -0.109118 0.186439 -0.350000
v 0.009072 -0.600000 -0.350000
v 0.661613 0.186439 -0.711613
v 0.589290 0.186439 -0.639290
v 0.709118 0.186439 -0.350000
v 0.811398 0.186439 -0.350000
v 0.811398 0.186439 -0.350000
v 0.709118 0.186439 -0.350000
v 0.589290 0.186439 -0.060710
v 0.661613 0.186439 0.011613
v 0.661613 0.186439 0.011613
v 0.589290 0.186439 -0.060710
v 0.300000 0.186439 0.059118
v 0.300000 0.186439 0.161398
v 0.300000 0.186439 0.161398
v 0.300000 0.186439 0.059118
v 0.010710 0.186439 -0.060710
v -0.061613 0.186439 0.011613
v -0.061613 0.186439 0.011613
v 0.010710 0.186439 -0.060710
v -0.109118 0.186439 -0.350000
v -0.211398 0.186439 -0.350000
v -0.211398 0.186439 -0.350000
v -0.109118 0.186439 -0.350000
v 0.010710 0.186439 -0.639290
v -0.061613 0.186439 -0.711613
v -0.061613 0.186439 -0.711613
v 0.010710 0.186439 -0.639290
v 0.300000 0.186439 -0.759118
v 0.300000 0.186439 -0.861398
v 0.300000 0.186439 -0.861398
v 0.300000 0.186439 -0.759118
v 0.589290 0.186439 -0.639290
v 0.661613 0.186439 -0.711613
v 0.300000 -0.600000 -0.059072
v 0.094283 -0.600000 -0.144283
v 0.505718 -0.600000 -0.555717
v 0.082284 1.866445 0.720161
v -0.000055 1.866445 0.686055
v -0.000055 1.866445 0.668006
v 0.095046 1.866445 0.707399
v -0.116500 1.050000 0.802500
v -0.116500 1.866445 0.802500
v -0.082394 1.866445 0.720161
v -0.082394 1.050000 0.720161
v -0.082394 1.866445 0.720161
v -0.116500 1.866445 0.802500
v -0.134549 1.866445 0.802500
v -0.095157 1.866445 0.707399
v -0.082394 1.050000 0.720161
v -0.082394 1.866445 0.720161
v -0.000055 1.866445 0.686055
v -0.000055 1.050000 0.686055
v -0.000055 1.866445 0.918945
v 0.082284 1.866445 0.884839
v 0.095046 1.866445 0.897601
v -0.000055 1.866445 0.936994
v -0.000055 1.050000 0.686055
v -0.000055 1.866445 0.686055
v 0.082284 1.866445 0.720161
v 0.082284 1.050000 0.720161
v -0.000055 1.866445 0.686055
v -0.082394 1.866445 0.720161
v -0.095157 1.866445 0.707399
v -0.000055 1.866445 0.668006
v 0.082284 1.050000 0.720161
v 0.082284 1.866445 0.720161
v 0.116389 1.866445 0.802500
v 0.116389 1.050000 0.802500
v 0.082284 1.866445 0.884839
v 0.116389 1.866445 0.802500
v 0.134438 1.866445 0.802500
v 0.095046 1.866445 0.897601
v 0.116389 1.050000 0.802500
v 0.116389 1.866445 0.802500
v 0.082284 1.866445 0.884839
v 0.082284 1.050000 0.884839
v -0.116500 1.866445 0.802500
v -0.082394 1.866445 0.884839
v -0.095157 1.866445 0.897601
v -0.134549 1.866445 0.802500
v 0.082284 1.050000 0.884839
v 0.082284 1.866445 0.884839
v -0.000055 1.866445 0.918945
v -0.000055 1.050000 0.918945
v 0.116389 1.866445 0.802500
v 0.082284 1.866445 0.720161
v 0.095046 1.866445 0.707399
v 0.134438 1.866445 0.802500
v -0.000055 1.866445 0.936994
v 0.095046 1.866445 0.897601
v 0.095046 2.016445 0.897602
v -0.000055 2.016445 0.936994
v -0.000055 1.050000 0.918945
v -0.000055 1.866445 0.918945
v -0.082394 1.866445 0.884839
v -0.082394 1.050000 0.884839
v -0.082394 1.866445 0.884839
v -0.000055 1.866445 0.918945
v -0.000055 1.866445 0.936994
v -0.095157 1.866445 0.897601
v -0.082394 1.050000 0.884839
v -0.082394 1.866445 0.884839
v -0.116500 1.866445 0.802500
v -0.116500 1.050000 0.802500
v -0.000055 2.016445 0.668006
v -0.134549 2.016445 0.802500
v -0.000055 2.016445 0.936994
v -0.000055 1.866445 0.668006
v -0.095157 1.866445 0.707399
v -0.095157 2.016445 0.707399
v -0.000055 2.016445 0.668006
v -0.095157 1.866445 0.897601
v -0.000055 1.866445 0.936994
v -0.000055 2.016445 0.936994
v -0.095157 2.016445 0.897602
v 0.095046 1.866445 0.897601
v 0.134438 1.866445 0.802500
v 0.134438 2.016445 0.802500
v 0.095046 2.016445 0.897602
v -0.095157 1.866445 0.707399
v -0.134549 1.866445 0.802500
v -0.134549 2.016445 0.802500
v -0.095157 2.016445 0.707399
v 0.134438 1.866445 0.802500
v 0.095046 1.866445 0.707399
v 0.095046 2.016445 0.707399
v 0.134438 2.016445 0.802500
v 0.095046 1.866445 0.707399
v -0.000055 1.866445 0.668006
v -0.000055 2.016445 0.668006
v 0.095046 2.016445 0.707399
v -0.134549 1.866445 0.802500
v -0.095157 1.866445 0.897601
v -0.095157 2.016445 0.897602
v -0.134549 2.016445 0.802500
v -0.031653 1.973043 0.336408
v -0.031653 1.909847 0.336408
v 0.031543 1.909847 0.336408
v 0.031543 1.973043 0.336408
v 0.031543 1.973043 0.336408
v 0.031543 1.909847 0.336408
v 0.031543 1.909847 0.699604
v 0.031543 1.973043 0.699604
v -0.031653 1.973043 0.699604
v -0.031653 1.909847 0.699604
v -0.031653 1.909847 0.336408
v -0.031653 1.973043 0.336408
v 0.031543 1.973043 0.336408
v 0.031543 1.973043 0.699604
v -0.031653 1.973043 0.699604
v -0.031653 1.973043 0.336408
v 0.031543 1.909847 0.699604
v 0.031543 1.909847 0.336408
v -0.031653 1.909847 0.336408
v -0.031653 1.909847 0.699604
v -0.070055 1.606846 0.184679
v -0.070055 1.491846 0.184679
v -0.049553 1.491846 0.135181
v -0.049553 1.606846 0.135181
v -0.071432 1.608222 0.757432
v -0.071432 1.608222 0.064679
v -0.050526 1.557751 0.064679
v -0.050526 1.557751 0.757432
v -0.050526 1.557751 0.757432
v -0.050526 1.557751 0.064679
v -0.000055 1.536846 0.064679
v -0.000055 1.536846 0.757432
v 0.049442 1.606846 0.234176
v 0.049442 1.491846 0.234176
v -0.000055 1.491846 0.254679
v -0.000055 1.606846 0.254679
v -0.000055 1.536846 0.757432
v -0.000055 1.536846 0.064679
v 0.050415 1.557751 0.064679
v 0.050415 1.557751 0.757432
v -0.049553 1.606846 0.234176
v -0.049553 1.491846 0.234176
v -0.070055 1.491846 0.184679
v -0.070055 1.606846 0.184679
v 0.050415 1.557751 0.757432
v 0.050415 1.557751 0.064679
v 0.071321 1.608222 0.064679
v 0.071321 1.608222 0.757432
v 0.071321 1.608222 0.757432
v 0.071321 1.608222 0.064679
v 0.050415 1.658693 0.064679
v 0.050415 1.658693 0.757432
v 0.069945 1.606846 0.184679
v 0.069945 1.491846 0.184679
v 0.049442 1.491846 0.234176
v 0.049442 1.606846 0.234176
v 0.050415 1.658693 0.757432
v 0.050415 1.658693 0.064679
v -0.000055 1.679599 0.064679
v -0.000055 1.679599 0.757432
v -0.000055 1.536846 0.064679
v -0.071432 1.608222 0.064679
v -0.000055 1.679599 0.064679
v -0.000055 1.679599 0.757432
v -0.000055 1.679599 0.064679
v -0.050526 1.658693 0.064679
v -0.050526 1.658693 0.757432
v -0.000055 1.606846 0.254679
v -0.000055 1.491846 0.254679
v -0.049553 1.491846 0.234176
v -0.049553 1.606846 0.234176
v -0.050526 1.658693 0.757432
v -0.050526 1.658693 0.064679
v -0.071432 1.608222 0.064679
v -0.071432 1.608222 0.757432
v -0.049553 1.606846 0.135181
v -0.049553 1.491846 0.135181
v -0.000055 1.491846 0.114679
v -0.000055 1.606846 0.114679
v -0.000055 1.606846 0.114679
v -0.000055 1.491846 0.114679
v 0.049442 1.491846 0.135181
v 0.049442 1.606846 0.135181
v 0.049442 1.606846 0.135181
v 0.049442 1.491846 0.135181
v 0.069945 1.491846 0.184679
v 0.069945 1.606846 0.184679
v -0.049553 1.491846 0.234176
v -0.000055 1.491846 0.254679
v 0.049442 1.491846 0.234176
v 0.069945 1.491846 0.184679
v 0.049442 1.491846 0.135181
v -0.000055 1.491846 0.114679
v -0.049553 1.491846 0.135181
v -0.070055 1.491846 0.184679
v -1.000000 1.000000 1.000000
v 1.000000 1.000000 1.000000
v 0.367315 1.000000 0.925025
v -1.000000 1.000000 1.000000
v 0.367315 1.000000 0.925025
v -0.367438 1.000000 0.924974
v -0.849975 1.000000 -0.367438
v -0.367315 1.000000 -0.850026
v -1.000000 1.000000 -1.000000
v -1.000000 1.000000 1.000000
v -0.367438 1.000000 0.924974
v -0.850026 1.000000 0.367315
v -0.850026 1.000000 0.367315
v -0.849975 1.000000 -0.367438
v -1.000000 1.000000 1.000000
v 1.000000 1.000000 -1.000000
v -1.000000 1.000000 -1.000000
v -0.367315 1.000000 -0.850026
v 1.000000 1.000000 -1.000000
v -0.367315 1.000000 -0.850026
v 0.367438 1.000000 -0.849975
v 0.849974 1.000000 0.367438
v 0.367315 1.000000 0.925025
v 1.000000 1.000000 1.000000
v 1.000000 1.000000 -1.000000
v 0.367438 1.000000 -0.849975
v 0.850026 1.000000 -0.367314
v 0.850026 1.000000 -0.367314
v 0.849974 1.000000 0.367438
v 1.000000 1.000000 1.000000
v 0.680021 0.500000 -0.293852
v 0.293950 0.500000 -0.679980
v 0.247487 0.500000 -0.047487
v 0.293950 0.500000 -0.679980
v -0.293852 0.500000 -0.680020
v 0.000000 0.500000 -0.150000
v 0.247487 0.500000 -0.047487
v 0.293950 0.500000 -0.679980
v 0.000000 0.500000 -0.150000
v 0.293852 0.500000 0.680020
v 0.679980 0.500000 0.293950
v 0.247487 0.500000 0.447487
v 0.679980 0.500000 0.293950
v 0.680021 0.500000 -0.293852
v 0.350000 0.500000 0.200000
v 0.247487 0.500000 0.447487
v -0.000000 0.500000 0.550000
v 0.293852 0.500000 0.680020
v 0.680021 0.500000 -0.293852
v 0.247487 0.500000 -0.047487
v 0.350000 0.500000 0.200000
v -0.293950 0.500000 0.679980
v 0.293852 0.500000 0.680020
v -0.000000 0.500000 0.550000
v -0.293950 0.500000 0.679980
v -0.000000 0.500000 0.550000
v -0.247487 0.500000 0.447487
v -0.679980 0.500000 -0.293950
v -0.680020 0.500000 0.293852
v -0.350000 0.500000 0.200000
v -0.680020 0.500000 0.293852
v -0.293950 0.500000 0.679980
v -0.247487 0.500000 0.447487
v 0.000000 0.500000 -0.150000
v -0.293852 0.500000 -0.680020
v -0.247487 0.500000 -0.047487
v -0.293852 0.500000 -0.680020
v -0.679980 0.500000 -0.293950
v -0.247487 0.500000 -0.047487
v -0.680020 0.500000 0.293852
v -0.247487 0.500000 0.447487
v -0.350000 0.500000 0.200000
v -0.000055 1.536846 0.064679
v -0.050526 1.557751 0.064679
v -0.071432 1.608222 0.064679
v -0.071432 1.608222 0.064679
v -0.050526 1.658693 0.064679
v -0.000055 1.679599 0.064679
v -0.000055 1.679599 0.064679
v 0.050415 1.658693 0.064679
v -0.000055 1.536846 0.064679
v 0.050415 1.658693 0.064679
v 0.071321 1.608222 0.064679
v -0.000055 1.536846 0.064679
v 0.071321 1.608222 0.064679
v 0.050415 1.557751 0.064679
v -0.000055 1.536846 0.064679
v -0.000055 2.016445 0.668006
v -0.095157 2.016445 0.707399
v -0.134549 2.016445 0.802500
v -0.134549 2.016445 0.802500
v -0.095157 2.016445 0.897602
v -0.000055 2.016445 0.936994
v -0.000055 2.016445 0.936994
v 0.095046 2.016445 0.897602
v 0.134438 2.016445 0.802500
v 0.134438 2.016445 0.802500
v 0.095046 2.016445 0.707399
v -0.000055 2.016445 0.936994
v 0.095046 2.016445 0.707399
v -0.000055 2.016445 0.668006
v -0.000055 2.016445 0.936994
v 0.094283 -0.600000 -0.144283
v 0.009072 -0.600000 -0.350000
v 0.094283 -0.600000 -0.555717
v 0.094283 -0.600000 -0.555717
v 0.300000 -0.600000 -0.640928
v 0.094283 -0.600000 -0.144283
v 0.300000 -0.600000 -0.640928
v 0.505718 -0.600000 -0.555717
v 0.094283 -0.600000 -0.144283
v 0.505718 -0.600000 -0.555717
v 0.590928 -0.600000 -0.350000
v 0.505717 -0.600000 -0.144283
v 0.505717 -0.600000 -0.144283
v 0.300000 -0.600000 -0.059072
v 0.505718 -0.600000 -0.555717
v 0.280000 0.450000 0.200000
v 0.197990 0.450000 0.002010
v 0.000000 0.450000 -0.080000
v 0.000000 0.450000 -0.080000
v -0.197990 0.450000 0.002010
v -0.280000 0.450000 0.200000
v -0.280000 0.450000 0.200000
v -0.197990 0.450000 0.397990
v -0.000000 0.450000 0.480000
v -0.000000 0.450000 0.480000
v 0.197990 0.450000 0.397990
v 0.280000 0.450000 0.200000
v 0.280000 0.450000 0.200000
v 0.000000 0.450000 -0.080000
v -0.000000 0.450000 0.480000
v 0.367438 0.900000 -0.849975
v -0.367315 0.900000 -0.850025
v 1.000000 0.900000 -1.000000
v -0.367315 0.900000 -0.850025
v -1.000000 0.900000 -1.000000
v 1.000000 0.900000 -1.000000
v 1.000000 0.900000 1.000000
v 0.367315 0.900000 0.850026
v 0.849975 0.900000 0.367438
v 1.000000 0.900000 1.000000
v 0.849975 0.900000 0.367438
v 0.850026 0.900000 -0.367314
v 1.000000 0.900000 -1.000000
v 1.000000 0.900000 1.000000
v 0.850026 0.900000 -0.367314
v 0.367315 0.900000 0.850026
v 1.000000 0.900000 1.000000
v -1.000000 0.900000 1.000000
v -1.000000 0.900000 -1.000000
v -0.367315 0.900000 -0.850025
v -0.849975 0.900000 -0.367438
v -1.000000 0.900000 -1.000000
v -0.849975 0.900000 -0.367438
v -1.000000 0.900000 1.000000
v -0.849975 0.900000 -0.367438
v -0.850026 0.900000 0.367315
v -1.000000 0.900000 1.000000
v -0.367438 0.900000 0.849975
v 0.367315 0.900000 0.850026
v -1.000000 0.900000 1.000000

vt 0.666948 0.360599
vt 0.972733 0.693366
vt 0.666948 0.693366
vt 0.972733 0.360599
vt 0.972733 0.693366
vt 0.666948 0.360599
vt 0.306068 0.693363
vt 0.000283 0.333615
vt 0.306068 0.333615
vt 0.000283 0.693363
vt 0.000283 0.333615
vt 0.306068 0.693363
vt 0.360030 0.000283
vt 0.000283 0.333049
vt 0.000283 0.000283
vt 0.360030 0.333049
vt 0.000283 0.333049
vt 0.360030 0.000283
vt 0.945752 0.999717
vt 0.666948 0.693932
vt 0.666948 0.999717
vt 0.945752 0.693932
vt 0.666948 0.693932
vt 0.945752 0.999717
vt 0.666382 0.693366
vt 0.360596 0.360600
vt 0.666382 0.360599
vt 0.360596 0.693366
vt 0.360596 0.360600
vt 0.666382 0.693366
vt 0.972735 0.306068
vt 0.666950 0.000283
vt 0.666950 0.306068
vt 0.972735 0.000283
vt 0.666950 0.000283
vt 0.972735 0.306068
vt 0.639403 0.027264
vt 0.666384 0.360033
vt 0.639402 0.333052
vt 0.666384 0.000283
vt 0.666384 0.360033
vt 0.639403 0.027264
vt 0.279087 0.999714
vt 0.000283 0.693929
vt 0.000283 0.999714
vt 0.279087 0.693929
vt 0.000283 0.693929
vt 0.279087 0.999714
vt 0.360596 0.972736
vt 0.666382 0.693932
vt 0.360596 0.693932
vt 0.666382 0.972736
vt 0.666382 0.693932
vt 0.360596 0.972736
vt 0.639403 0.027264
vt 0.360602 0.000283
vt 0.666384 0.000283
vt 0.360602 0.027264
vt 0.360602 0.000283
vt 0.639403 0.027264
vt 0.666384 0.360033
vt 0.360596 0.333052
vt 0.639402 0.333052
vt 0.360596 0.360034
vt 0.360596 0.333052
vt 0.666384 0.360033
vt 0.022289 0.944382
vt 0.000070 0.500000
vt 0.022289 0.500000
vt 0.000070 0.944382
vt 0.000070 0.500000
vt 0.022289 0.944382
vt 0.466671 0.977711
vt 0.022289 0.999930
vt 0.022289 0.977711
vt 0.466671 0.999930
vt 0.022289 0.999930
vt 0.466671 0.977711
vt 0.022289 0.500000
vt 0.466671 0.477781
vt 0.466671 0.500000
vt 0.022289 0.477781
vt 0.466671 0.477781
vt 0.022289 0.500000
vt 0.466671 0.500000
vt 0.488890 0.944382
vt 0.466671 0.944382
vt 0.488890 0.500000
vt 0.488890 0.944382
vt 0.466671 0.500000
vt 0.022289 0.500000
vt 0.055618 0.803833
vt 0.022289 0.944382
vt 0.162838 0.444440
vt 0.022289 0.477781
vt 0.055606 0.337204
vt 0.466670 0.032843
vt 0.433343 0.173976
vt 0.326121 0.077848
vt 0.466671 0.944382
vt 0.433343 0.803805
vt 0.466671 0.500000
vt 0.326094 0.516673
vt 0.022289 0.500000
vt 0.466671 0.500000
vt 0.162839 0.516678
vt 0.022289 0.500000
vt 0.326094 0.516673
vt 0.022288 0.944938
vt 0.055618 0.803833
vt 0.162866 0.899944
vt 0.055606 0.640577
vt 0.022289 0.500000
vt 0.162839 0.516678
vt 0.022289 0.500000
vt 0.055606 0.640577
vt 0.055618 0.803833
vt 0.162866 0.899944
vt 0.466671 0.938824
vt 0.022289 0.938824
vt 0.326122 0.899933
vt 0.466671 0.938826
vt 0.162866 0.899944
vt 0.466671 0.500000
vt 0.433331 0.640550
vt 0.326094 0.516264
vt 0.433343 0.803805
vt 0.466670 0.944938
vt 0.326122 0.899933
vt 0.466671 0.500000
vt 0.433343 0.803805
vt 0.433331 0.640550
vt 0.466671 0.038955
vt 0.326121 0.077848
vt 0.162866 0.077837
vt 0.466671 0.038957
vt 0.162866 0.077837
vt 0.022289 0.038957
vt 0.433331 0.337231
vt 0.466671 0.477781
vt 0.326094 0.444453
vt 0.433343 0.173976
vt 0.466671 0.477781
vt 0.433331 0.337231
vt 0.433343 0.173976
vt 0.466671 0.033399
vt 0.466671 0.477781
vt 0.022289 0.477781
vt 0.326094 0.444450
vt 0.466671 0.477781
vt 0.055618 0.173948
vt 0.022288 0.032843
vt 0.162866 0.077837
vt 0.022289 0.477781
vt 0.022289 0.033399
vt 0.055618 0.173948
vt 0.022289 0.477781
vt 0.055618 0.173948
vt 0.055606 0.337204
vt 0.022289 0.477781
vt 0.162838 0.444440
vt 0.326094 0.444450
vt 0.514682 0.327862
vt 0.343534 0.413436
vt 0.343534 0.327862
vt 0.514682 0.413436
vt 0.343534 0.413436
vt 0.514682 0.327862
vt 0.514682 0.000247
vt 0.343534 0.121267
vt 0.343534 0.000247
vt 0.514682 0.121268
vt 0.343534 0.121267
vt 0.514682 0.000247
vt 0.514682 0.620031
vt 0.343534 0.741051
vt 0.343534 0.620031
vt 0.514682 0.741051
vt 0.343534 0.741051
vt 0.514682 0.620031
vt 0.514682 0.413436
vt 0.343534 0.534457
vt 0.343534 0.413436
vt 0.514682 0.534457
vt 0.343534 0.534457
vt 0.514682 0.413436
vt 0.514682 0.206842
vt 0.343534 0.327862
vt 0.343534 0.206842
vt 0.514682 0.327862
vt 0.343534 0.327862
vt 0.514682 0.206842
vt 0.514682 0.121268
vt 0.343534 0.206842
vt 0.343534 0.121267
vt 0.514682 0.206842
vt 0.343534 0.206842
vt 0.514682 0.121268
vt 0.514682 0.741051
vt 0.343534 0.826626
vt 0.343534 0.741051
vt 0.514682 0.826625
vt 0.343534 0.826626
vt 0.514682 0.741051
vt 0.514682 0.534457
vt 0.343534 0.620031
vt 0.343534 0.534457
vt 0.514682 0.620031
vt 0.343534 0.620031
vt 0.514682 0.534457
vt 0.939243 0.000247
vt 0.939243 0.242288
vt 0.818222 0.242288
vt 0.939243 0.000247
vt 0.818222 0.242288
vt 0.757712 0.181778
vt 0.939243 0.000247
vt 0.757712 0.181778
vt 0.757712 0.060757
vt 0.939243 0.000247
vt 0.757712 0.060757
vt 0.818222 0.000247
vt 0.999753 0.181778
vt 0.939243 0.000247
vt 0.999753 0.060757
vt 0.939243 0.000247
vt 0.999753 0.181778
vt 0.939243 0.242288
vt 0.206842 0.998269
vt 0.121268 0.827120
vt 0.206842 0.827120
vt 0.121268 0.998269
vt 0.121268 0.827120
vt 0.206842 0.998269
vt 0.534457 0.998269
vt 0.413436 0.827120
vt 0.534457 0.827120
vt 0.413436 0.998269
vt 0.413436 0.827120
vt 0.534457 0.998269
vt 0.741051 0.998269
vt 0.620031 0.827120
vt 0.741051 0.827120
vt 0.620031 0.998269
vt 0.620031 0.827120
vt 0.741051 0.998269
vt 0.121268 0.998269
vt 0.000247 0.827120
vt 0.121268 0.827120
vt 0.000247 0.998269
vt 0.000247 0.827120
vt 0.121268 0.998269
vt 0.327862 0.998269
vt 0.206842 0.827120
vt 0.327862 0.827120
vt 0.206842 0.998269
vt 0.206842 0.827120
vt 0.327862 0.998269
vt 0.413436 0.998269
vt 0.327862 0.827120
vt 0.413436 0.827120
vt 0.327862 0.998269
vt 0.327862 0.827120
vt 0.413436 0.998269
vt 0.620031 0.998269
vt 0.534457 0.827120
vt 0.620031 0.827120
vt 0.534457 0.998269
vt 0.534457 0.827120
vt 0.620031 0.998269
vt 0.826626 0.998269
vt 0.741051 0.827120
vt 0.826626 0.827120
vt 0.741051 0.998269
vt 0.741051 0.827120
vt 0.826626 0.998269
vt 0.757218 0.666848
vt 0.515177 0.666848
vt 0.515177 0.545828
vt 0.757218 0.666848
vt 0.515177 0.545828
vt 0.575687 0.485318
vt 0.757218 0.666848
vt 0.575687 0.485318
vt 0.696707 0.485318
vt 0.757218 0.666848
vt 0.696707 0.485318
vt 0.757218 0.545828
vt 0.575687 0.727358
vt 0.757218 0.666848
vt 0.696708 0.727358
vt 0.757218 0.666848
vt 0.575687 0.727358
vt 0.515177 0.666848
vt 0.171891 0.826626
vt 0.343039 0.741051
vt 0.343039 0.826626
vt 0.171890 0.741051
vt 0.343039 0.741051
vt 0.171891 0.826626
vt 0.171891 0.327862
vt 0.343039 0.206842
vt 0.343039 0.327862
vt 0.171891 0.206842
vt 0.343039 0.206842
vt 0.171891 0.327862
vt 0.171890 0.534457
vt 0.343039 0.413437
vt 0.343039 0.534457
vt 0.171891 0.413436
vt 0.343039 0.413437
vt 0.171890 0.534457
vt 0.171890 0.741051
vt 0.343039 0.620031
vt 0.343039 0.741051
vt 0.171891 0.620031
vt 0.343039 0.620031
vt 0.171890 0.741051
vt 0.171891 0.121268
vt 0.343039 0.000247
vt 0.343039 0.121268
vt 0.171891 0.000247
vt 0.343039 0.000247
vt 0.171891 0.121268
vt 0.171891 0.206842
vt 0.343039 0.121268
vt 0.343039 0.206842
vt 0.171891 0.121268
vt 0.343039 0.121268
vt 0.171891 0.206842
vt 0.171891 0.413436
vt 0.343039 0.327862
vt 0.343039 0.413437
vt 0.171891 0.327862
vt 0.343039 0.327862
vt 0.171891 0.413436
vt 0.171891 0.620031
vt 0.343039 0.534457
vt 0.343039 0.620031
vt 0.171890 0.534457
vt 0.343039 0.534457
vt 0.171891 0.620031
vt 0.515177 0.303293
vt 0.757218 0.303293
vt 0.757218 0.424313
vt 0.515177 0.303293
vt 0.757218 0.424313
vt 0.696707 0.484823
vt 0.515177 0.303293
vt 0.696707 0.484823
vt 0.575687 0.484823
vt 0.515177 0.303293
vt 0.575687 0.484823
vt 0.515177 0.424313
vt 0.696707 0.242783
vt 0.515177 0.303293
vt 0.575687 0.242782
vt 0.515177 0.303293
vt 0.696707 0.242783
vt 0.757218 0.303293
vt 0.171396 0.121267
vt 0.000247 0.206842
vt 0.000247 0.121268
vt 0.171396 0.206842
vt 0.000247 0.206842
vt 0.171396 0.121267
vt 0.171396 0.620031
vt 0.000247 0.741051
vt 0.000247 0.620031
vt 0.171396 0.741051
vt 0.000247 0.741051
vt 0.171396 0.620031
vt 0.171396 0.413436
vt 0.000247 0.534457
vt 0.000247 0.413436
vt 0.171396 0.534457
vt 0.000247 0.534457
vt 0.171396 0.413436
vt 0.171396 0.206842
vt 0.000247 0.327862
vt 0.000247 0.206842
vt 0.171396 0.327862
vt 0.000247 0.327862
vt 0.171396 0.206842
vt 0.171396 0.000247
vt 0.000247 0.121268
vt 0.000247 0.000247
vt 0.171396 0.121267
vt 0.000247 0.121268
vt 0.171396 0.000247
vt 0.171396 0.741051
vt 0.000247 0.826626
vt 0.000247 0.741051
vt 0.171396 0.826626
vt 0.000247 0.826626
vt 0.171396 0.741051
vt 0.171396 0.534457
vt 0.000247 0.620031
vt 0.000247 0.534457
vt 0.171396 0.620031
vt 0.000247 0.620031
vt 0.171396 0.534457
vt 0.171396 0.327862
vt 0.000247 0.413436
vt 0.000247 0.327862
vt 0.171396 0.413436
vt 0.000247 0.413436
vt 0.171396 0.327862
vt 0.515177 0.060758
vt 0.757218 0.060757
vt 0.757218 0.181778
vt 0.515177 0.060758
vt 0.757218 0.181778
vt 0.696707 0.242288
vt 0.515177 0.060758
vt 0.696707 0.242288
vt 0.575687 0.242288
vt 0.515177 0.060758
vt 0.575687 0.242288
vt 0.515177 0.181778
vt 0.696707 0.000247
vt 0.515177 0.060758
vt 0.575687 0.000247
vt 0.515177 0.060758
vt 0.696707 0.000247
vt 0.757218 0.060757
vt 0.319898 0.434408
vt 0.502178 0.446812
vt 0.319898 0.446813
vt 0.502178 0.434408
vt 0.502178 0.446812
vt 0.319898 0.434408
vt 0.502178 0.434408
vt 0.640127 0.314000
vt 0.510949 0.443179
vt 0.631356 0.305229
vt 0.640127 0.314000
vt 0.502178 0.434408
vt 0.200166 0.132398
vt 0.187762 0.314678
vt 0.187762 0.132398
vt 0.200166 0.314678
vt 0.187762 0.314678
vt 0.200166 0.132398
vt 0.146086 0.583782
vt 0.000262 0.447336
vt 0.146086 0.447336
vt 0.000262 0.583782
vt 0.000262 0.447336
vt 0.146086 0.583782
vt 0.281546 0.583782
vt 0.146086 0.447336
vt 0.146086 0.583782
vt 0.281546 0.447336
vt 0.146086 0.447336
vt 0.281546 0.583782
vt 0.200166 0.314678
vt 0.311127 0.443180
vt 0.191395 0.323449
vt 0.319898 0.434408
vt 0.311127 0.443180
vt 0.200166 0.314678
vt 0.621908 0.314678
vt 0.634313 0.132398
vt 0.634313 0.314678
vt 0.621908 0.132398
vt 0.634313 0.132398
vt 0.621908 0.314678
vt 0.427370 0.583782
vt 0.281546 0.447336
vt 0.281546 0.583782
vt 0.427370 0.447336
vt 0.281546 0.447336
vt 0.427370 0.583782
vt 0.338125 0.054840
vt 0.200166 0.132398
vt 0.319896 0.012666
vt 0.242340 0.150626
vt 0.200166 0.132398
vt 0.338125 0.054840
vt 0.579734 0.150625
vt 0.502177 0.012666
vt 0.640515 0.132398
vt 0.483949 0.054840
vt 0.502177 0.012666
vt 0.579734 0.150625
vt 0.338126 0.392234
vt 0.502178 0.434408
vt 0.319898 0.434408
vt 0.483950 0.392234
vt 0.502178 0.434408
vt 0.338126 0.392234
vt 0.242340 0.296450
vt 0.319898 0.434408
vt 0.200166 0.314678
vt 0.338126 0.392234
vt 0.319898 0.434408
vt 0.242340 0.296450
vt 0.483950 0.392234
vt 0.640515 0.314678
vt 0.502178 0.434408
vt 0.579734 0.296449
vt 0.640515 0.314678
vt 0.483950 0.392234
vt 0.483949 0.054840
vt 0.319896 0.012666
vt 0.502177 0.012666
vt 0.338125 0.054840
vt 0.319896 0.012666
vt 0.483949 0.054840
vt 0.579734 0.296449
vt 0.640514 0.132398
vt 0.640515 0.314678
vt 0.579734 0.150625
vt 0.640514 0.132398
vt 0.579734 0.296449
vt 0.242340 0.150626
vt 0.200166 0.314678
vt 0.200166 0.132398
vt 0.242340 0.296450
vt 0.200166 0.314678
vt 0.242340 0.150626
vt 0.562831 0.583782
vt 0.427370 0.447336
vt 0.427370 0.583782
vt 0.562831 0.447336
vt 0.427370 0.447336
vt 0.562831 0.583782
vt 0.785253 0.146086
vt 0.921700 0.000262
vt 0.921700 0.146086
vt 0.785253 0.000262
vt 0.921700 0.000262
vt 0.785253 0.146086
vt 0.631357 0.141845
vt 0.510948 0.003895
vt 0.640128 0.133074
vt 0.502177 0.012666
vt 0.510948 0.003895
vt 0.631357 0.141845
vt 0.785254 0.562831
vt 0.921700 0.427370
vt 0.921700 0.562831
vt 0.785254 0.427370
vt 0.921700 0.427370
vt 0.785254 0.562831
vt 0.319896 0.012666
vt 0.191395 0.123627
vt 0.311125 0.003895
vt 0.200166 0.132398
vt 0.191395 0.123627
vt 0.319896 0.012666
vt 0.785254 0.427370
vt 0.921700 0.281546
vt 0.921700 0.427370
vt 0.785254 0.281546
vt 0.921700 0.281546
vt 0.785254 0.427370
vt 0.502177 0.012666
vt 0.319896 0.000262
vt 0.502177 0.000262
vt 0.319896 0.012666
vt 0.319896 0.000262
vt 0.502177 0.012666
vt 0.785254 0.281546
vt 0.921700 0.146086
vt 0.921700 0.281546
vt 0.785253 0.146086
vt 0.921700 0.146086
vt 0.785254 0.281546
vt 0.784730 0.096046
vt 0.702866 0.119348
vt 0.677438 0.057949
vt 0.938121 0.818569
vt 0.883108 0.856631
vt 0.916985 0.811999
vt 0.894461 0.875592
vt 0.883108 0.856631
vt 0.938121 0.818569
vt 0.823929 0.881475
vt 0.798171 0.819462
vt 0.831750 0.860570
vt 0.777565 0.827203
vt 0.798171 0.819462
vt 0.823929 0.881475
vt 0.938121 0.745162
vt 0.916985 0.811999
vt 0.917423 0.753806
vt 0.938121 0.818569
vt 0.916985 0.811999
vt 0.938121 0.745162
vt 0.777577 0.754574
vt 0.828554 0.715041
vt 0.798538 0.760371
vt 0.816822 0.695991
vt 0.828554 0.715041
vt 0.777577 0.754574
vt 0.447336 0.241871
vt 0.529207 0.119336
vt 0.554635 0.180735
vt 0.888302 0.692529
vt 0.917423 0.753806
vt 0.880378 0.713411
vt 0.938121 0.745162
vt 0.917423 0.753806
vt 0.888302 0.692529
vt 0.894461 0.875592
vt 0.831750 0.860570
vt 0.883108 0.856631
vt 0.823929 0.881475
vt 0.831750 0.860570
vt 0.894461 0.875592
vt 0.777565 0.827203
vt 0.798538 0.760371
vt 0.798171 0.819462
vt 0.777577 0.754574
vt 0.798538 0.760371
vt 0.777565 0.827203
vt 0.816822 0.695991
vt 0.880378 0.713411
vt 0.828554 0.715041
vt 0.888302 0.692529
vt 0.880378 0.713411
vt 0.816822 0.695991
vt 0.816014 0.679314
vt 0.888302 0.692529
vt 0.816822 0.695991
vt 0.887494 0.675852
vt 0.888302 0.692529
vt 0.816014 0.679314
vt 0.900582 0.680906
vt 0.938121 0.745162
vt 0.888302 0.692529
vt 0.950401 0.733539
vt 0.938121 0.745162
vt 0.900582 0.680906
vt 0.951425 0.828755
vt 0.894461 0.875592
vt 0.938121 0.818569
vt 0.907765 0.885779
vt 0.894461 0.875592
vt 0.951425 0.828755
vt 0.811266 0.892293
vt 0.777565 0.827203
vt 0.823929 0.881475
vt 0.764902 0.838020
vt 0.777565 0.827203
vt 0.811266 0.892293
vt 0.955248 0.745162
vt 0.938121 0.818569
vt 0.938121 0.745162
vt 0.955248 0.818569
vt 0.938121 0.818569
vt 0.955248 0.745162
vt 0.763909 0.745417
vt 0.816822 0.695991
vt 0.777577 0.754574
vt 0.803154 0.686835
vt 0.816822 0.695991
vt 0.763909 0.745417
vt 0.895833 0.892048
vt 0.823929 0.881475
vt 0.894461 0.875592
vt 0.825302 0.897932
vt 0.823929 0.881475
vt 0.895833 0.892048
vt 0.760620 0.827200
vt 0.777577 0.754574
vt 0.777565 0.827203
vt 0.760632 0.754571
vt 0.777577 0.754574
vt 0.760620 0.827200
vt 0.435672 0.884170
vt 0.488279 0.941267
vt 0.488279 0.876486
vt 0.435672 0.933583
vt 0.488279 0.941267
vt 0.435672 0.884170
vt 0.329996 0.823367
vt 0.383066 0.854230
vt 0.383066 0.820184
vt 0.329996 0.851047
vt 0.383066 0.854230
vt 0.329996 0.823367
vt 0.118643 0.873303
vt 0.171713 0.941267
vt 0.171713 0.876486
vt 0.118643 0.944449
vt 0.171713 0.941267
vt 0.118643 0.873303
vt 0.276926 0.891854
vt 0.329996 0.922716
vt 0.329996 0.895036
vt 0.276926 0.925899
vt 0.329996 0.922716
vt 0.276926 0.891854
vt 0.383066 0.891854
vt 0.435672 0.933583
vt 0.435672 0.884170
vt 0.383066 0.925899
vt 0.435672 0.933583
vt 0.383066 0.891854
vt 0.488279 0.876486
vt 0.541349 0.944449
vt 0.541349 0.873303
vt 0.488279 0.941267
vt 0.541349 0.944449
vt 0.488279 0.876486
vt 0.224320 0.884170
vt 0.276926 0.925899
vt 0.276926 0.891854
vt 0.224319 0.933583
vt 0.276926 0.925899
vt 0.224320 0.884170
vt 0.329996 0.895036
vt 0.383066 0.925899
vt 0.383066 0.891854
vt 0.329996 0.922716
vt 0.383066 0.925899
vt 0.329996 0.895036
vt 0.171713 0.876486
vt 0.224319 0.933583
vt 0.224320 0.884170
vt 0.171713 0.941267
vt 0.224319 0.933583
vt 0.171713 0.876486
vt 0.494898 0.794717
vt 0.547968 0.862681
vt 0.547968 0.791535
vt 0.494898 0.859498
vt 0.547968 0.862681
vt 0.494898 0.794717
vt 0.171713 0.804817
vt 0.224319 0.861913
vt 0.224319 0.812501
vt 0.171713 0.869597
vt 0.224319 0.861913
vt 0.171713 0.804817
vt 0.435672 0.812500
vt 0.488279 0.869597
vt 0.488279 0.804817
vt 0.435672 0.861913
vt 0.488279 0.869597
vt 0.435672 0.812500
vt 0.118643 0.801634
vt 0.171713 0.869597
vt 0.171713 0.804817
vt 0.118643 0.872780
vt 0.171713 0.869597
vt 0.118643 0.801634
vt 0.276926 0.820184
vt 0.329996 0.851047
vt 0.329996 0.823367
vt 0.276926 0.854230
vt 0.329996 0.851047
vt 0.276926 0.820184
vt 0.383066 0.820184
vt 0.435672 0.861913
vt 0.435672 0.812500
vt 0.383066 0.854230
vt 0.435672 0.861913
vt 0.383066 0.820184
vt 0.488279 0.804817
vt 0.541349 0.872780
vt 0.541349 0.801634
vt 0.488279 0.869597
vt 0.541349 0.872780
vt 0.488279 0.804817
vt 0.224319 0.812501
vt 0.276926 0.854230
vt 0.276926 0.820184
vt 0.224319 0.861913
vt 0.276926 0.854230
vt 0.224319 0.812501
vt 0.276926 0.748515
vt 0.329996 0.779378
vt 0.329996 0.751697
vt 0.276926 0.782560
vt 0.329996 0.779378
vt 0.276926 0.748515
vt 0.230938 0.802401
vt 0.283545 0.844130
vt 0.283545 0.810085
vt 0.230938 0.851814
vt 0.283545 0.844130
vt 0.230938 0.802401
vt 0.336615 0.813268
vt 0.389684 0.844130
vt 0.389684 0.810085
vt 0.336615 0.840948
vt 0.389684 0.844130
vt 0.336615 0.813268
vt 0.178331 0.794717
vt 0.230938 0.851814
vt 0.230938 0.802401
vt 0.178331 0.859498
vt 0.230938 0.851814
vt 0.178331 0.794717
vt 0.442291 0.802401
vt 0.494898 0.859498
vt 0.494898 0.794717
vt 0.442291 0.851814
vt 0.494898 0.859498
vt 0.442291 0.802401
vt 0.125262 0.791535
vt 0.178331 0.859498
vt 0.178331 0.794717
vt 0.125262 0.862681
vt 0.178331 0.859498
vt 0.125262 0.791535
vt 0.283545 0.810085
vt 0.336615 0.840948
vt 0.336615 0.813268
vt 0.283545 0.844130
vt 0.336615 0.840948
vt 0.283545 0.810085
vt 0.389684 0.810085
vt 0.442291 0.851814
vt 0.442291 0.802401
vt 0.389684 0.844130
vt 0.442291 0.851814
vt 0.389684 0.810085
vt 0.385866 0.819592
vt 0.438473 0.861321
vt 0.438473 0.811908
vt 0.385866 0.853638
vt 0.438473 0.861321
vt 0.385866 0.819592
vt 0.383066 0.748515
vt 0.435673 0.790244
vt 0.435672 0.740831
vt 0.383066 0.782560
vt 0.435673 0.790244
vt 0.383066 0.748515
vt 0.488279 0.733147
vt 0.541349 0.801111
vt 0.541349 0.729965
vt 0.488279 0.797928
vt 0.541349 0.801111
vt 0.488279 0.733147
vt 0.224319 0.740831
vt 0.276926 0.782560
vt 0.276926 0.748515
vt 0.224319 0.790244
vt 0.276926 0.782560
vt 0.224319 0.740831
vt 0.329996 0.751697
vt 0.383066 0.782560
vt 0.383066 0.748515
vt 0.329996 0.779378
vt 0.383066 0.782560
vt 0.329996 0.751697
vt 0.171713 0.733147
vt 0.224319 0.790244
vt 0.224319 0.740831
vt 0.171713 0.797928
vt 0.224319 0.790244
vt 0.171713 0.733147
vt 0.435672 0.740831
vt 0.488279 0.797928
vt 0.488279 0.733147
vt 0.435673 0.790244
vt 0.488279 0.797928
vt 0.435672 0.740831
vt 0.118643 0.729964
vt 0.171713 0.797928
vt 0.171713 0.733147
vt 0.118643 0.801111
vt 0.171713 0.797928
vt 0.118643 0.729964
vt 0.027046 0.660565
vt 0.000262 0.734272
vt 0.027251 0.723065
vt 0.000262 0.649642
vt 0.000262 0.734272
vt 0.027046 0.660565
vt 0.491079 0.804224
vt 0.544149 0.872188
vt 0.544149 0.801042
vt 0.491079 0.869005
vt 0.544149 0.872188
vt 0.491079 0.804224
vt 0.227120 0.811908
vt 0.279726 0.853638
vt 0.279726 0.819592
vt 0.227120 0.861321
vt 0.279726 0.853638
vt 0.227120 0.811908
vt 0.332796 0.822775
vt 0.385866 0.853638
vt 0.385866 0.819592
vt 0.332796 0.850455
vt 0.385866 0.853638
vt 0.332796 0.822775
vt 0.174513 0.804225
vt 0.227120 0.861321
vt 0.227120 0.811908
vt 0.174513 0.869005
vt 0.227120 0.861321
vt 0.174513 0.804225
vt 0.438473 0.811908
vt 0.491079 0.869005
vt 0.491079 0.804224
vt 0.438473 0.861321
vt 0.491079 0.869005
vt 0.438473 0.811908
vt 0.121443 0.801042
vt 0.174513 0.869005
vt 0.174513 0.804225
vt 0.121443 0.872188
vt 0.174513 0.869005
vt 0.121443 0.801042
vt 0.279726 0.819592
vt 0.332796 0.850455
vt 0.332796 0.822775
vt 0.279726 0.853638
vt 0.332796 0.850455
vt 0.279726 0.819592
vt 0.127863 0.614574
vt 0.067275 0.612990
vt 0.068883 0.616233
vt 0.129053 0.611219
vt 0.067275 0.612990
vt 0.127863 0.614574
vt 0.175192 0.652252
vt 0.139937 0.584306
vt 0.129053 0.611219
vt 0.202181 0.641044
vt 0.139937 0.584306
vt 0.175192 0.652252
vt 0.073389 0.764098
vt 0.146984 0.788984
vt 0.135168 0.762327
vt 0.062505 0.791011
vt 0.146984 0.788984
vt 0.073389 0.764098
vt 0.175397 0.714752
vt 0.202181 0.641044
vt 0.175192 0.652252
vt 0.202181 0.725675
vt 0.202181 0.641044
vt 0.175397 0.714752
vt 0.067275 0.612990
vt 0.000262 0.649642
vt 0.027046 0.660565
vt 0.055459 0.586333
vt 0.000262 0.649642
vt 0.067275 0.612990
vt 0.027251 0.723065
vt 0.062505 0.791011
vt 0.073389 0.764098
vt 0.000262 0.734272
vt 0.062505 0.791011
vt 0.027251 0.723065
vt 0.135168 0.762327
vt 0.202181 0.725675
vt 0.175397 0.714752
vt 0.146984 0.788984
vt 0.202181 0.725675
vt 0.135168 0.762327
vt 0.129053 0.611219
vt 0.055459 0.586333
vt 0.067275 0.612990
vt 0.139937 0.584306
vt 0.055459 0.586333
vt 0.129053 0.611219
vt 0.133560 0.759084
vt 0.171898 0.653762
vt 0.172031 0.713558
vt 0.030412 0.661759
vt 0.027251 0.723065
vt 0.030545 0.721555
vt 0.027046 0.660565
vt 0.027251 0.723065
vt 0.030412 0.661759
vt 0.171898 0.653762
vt 0.129053 0.611219
vt 0.127863 0.614574
vt 0.175192 0.652252
vt 0.129053 0.611219
vt 0.171898 0.653762
vt 0.074580 0.760743
vt 0.135168 0.762327
vt 0.133560 0.759084
vt 0.073389 0.764098
vt 0.135168 0.762327
vt 0.074580 0.760743
vt 0.172031 0.713558
vt 0.175192 0.652252
vt 0.171898 0.653762
vt 0.175397 0.714752
vt 0.175192 0.652252
vt 0.172031 0.713558
vt 0.068883 0.616233
vt 0.027046 0.660565
vt 0.067275 0.612990
vt 0.030412 0.661759
vt 0.027046 0.660565
vt 0.068883 0.616233
vt 0.030545 0.721555
vt 0.073389 0.764098
vt 0.074580 0.760743
vt 0.027251 0.723065
vt 0.073389 0.764098
vt 0.030545 0.721555
vt 0.133560 0.759084
vt 0.175397 0.714752
vt 0.172031 0.713558
vt 0.135168 0.762327
vt 0.175397 0.714752
vt 0.133560 0.759084
vt 0.767362 0.653531
vt 0.780591 0.577346
vt 0.780591 0.648052
vt 0.767362 0.571866
vt 0.780591 0.577346
vt 0.767362 0.653531
vt 0.647936 0.495152
vt 0.000212 0.424447
vt 0.647936 0.424446
vt 0.000212 0.495152
vt 0.000212 0.424447
vt 0.647936 0.495152
vt 0.767362 0.163542
vt 0.780591 0.087356
vt 0.780591 0.158062
vt 0.767362 0.081877
vt 0.780591 0.087356
vt 0.767362 0.163542
vt 0.647936 0.565857
vt 0.000212 0.495152
vt 0.647936 0.495152
vt 0.000212 0.565858
vt 0.000212 0.495152
vt 0.647936 0.565857
vt 0.767362 0.408536
vt 0.780591 0.332351
vt 0.780591 0.403057
vt 0.767362 0.326871
vt 0.780591 0.332351
vt 0.767362 0.408536
vt 0.647936 0.070919
vt 0.000212 0.000212
vt 0.647936 0.000213
vt 0.000212 0.070918
vt 0.000212 0.000212
vt 0.647936 0.070919
vt 0.767362 0.081877
vt 0.780591 0.005692
vt 0.780591 0.076397
vt 0.767362 0.000212
vt 0.780591 0.005692
vt 0.767362 0.081877
vt 0.647936 0.141624
vt 0.000212 0.070918
vt 0.647936 0.070919
vt 0.000212 0.141623
vt 0.000212 0.070918
vt 0.647936 0.141624
vt 0.767362 0.490201
vt 0.780591 0.414016
vt 0.780591 0.484722
vt 0.767362 0.408536
vt 0.780591 0.414016
vt 0.767362 0.490201
vt 0.647936 0.212330
vt 0.000212 0.141623
vt 0.647936 0.141624
vt 0.000212 0.212329
vt 0.000212 0.141623
vt 0.647936 0.212330
vt 0.767362 0.245207
vt 0.780591 0.169021
vt 0.780591 0.239727
vt 0.767362 0.163542
vt 0.780591 0.169021
vt 0.767362 0.245207
vt 0.647936 0.283035
vt 0.000212 0.212329
vt 0.647936 0.212330
vt 0.000212 0.283035
vt 0.000212 0.212329
vt 0.647936 0.283035
vt 0.767362 0.571866
vt 0.780591 0.495681
vt 0.780591 0.566387
vt 0.767362 0.490201
vt 0.780591 0.495681
vt 0.767362 0.571866
vt 0.648360 0.408536
vt 0.767362 0.326871
vt 0.767362 0.408536
vt 0.648360 0.326872
vt 0.767362 0.326871
vt 0.648360 0.408536
vt 0.647936 0.353741
vt 0.000212 0.283035
vt 0.647936 0.283035
vt 0.000212 0.353741
vt 0.000212 0.283035
vt 0.647936 0.353741
vt 0.767362 0.326871
vt 0.780591 0.250686
vt 0.780591 0.321392
vt 0.767362 0.245207
vt 0.780591 0.250686
vt 0.767362 0.326871
vt 0.647936 0.424446
vt 0.000212 0.353741
vt 0.647936 0.353741
vt 0.000212 0.424447
vt 0.000212 0.353741
vt 0.647936 0.424446
vt 0.838761 0.417416
vt 0.920426 0.220259
vt 0.978172 0.359670
vt 0.648360 0.081877
vt 0.767362 0.000212
vt 0.767362 0.081877
vt 0.648360 0.000212
vt 0.767362 0.000212
vt 0.648360 0.081877
vt 0.648360 0.326872
vt 0.767362 0.245207
vt 0.767362 0.326871
vt 0.648360 0.245207
vt 0.767362 0.245207
vt 0.648360 0.326872
vt 0.648360 0.490202
vt 0.767362 0.408536
vt 0.767362 0.490201
vt 0.648360 0.408536
vt 0.767362 0.408536
vt 0.648360 0.490202
vt 0.648360 0.163542
vt 0.767362 0.081877
vt 0.767362 0.163542
vt 0.648360 0.081877
vt 0.767362 0.081877
vt 0.648360 0.163542
vt 0.648360 0.571866
vt 0.767362 0.490201
vt 0.767362 0.571866
vt 0.648360 0.490202
vt 0.767362 0.490201
vt 0.648360 0.571866
vt 0.648360 0.653531
vt 0.767362 0.571866
vt 0.767362 0.653531
vt 0.648360 0.571866
vt 0.767362 0.571866
vt 0.648360 0.653531
vt 0.648360 0.245207
vt 0.767362 0.163542
vt 0.767362 0.245207
vt 0.648360 0.163542
vt 0.767362 0.163542
vt 0.648360 0.245207
vt 0.648360 0.754228
vt 0.698496 0.704091
vt 0.698496 0.754228
vt 0.648360 0.704091
vt 0.698496 0.704091
vt 0.648360 0.754228
vt 0.986637 0.804364
vt 0.698496 0.854500
vt 0.698496 0.804364
vt 0.986637 0.854500
vt 0.698496 0.854500
vt 0.986637 0.804364
vt 0.698496 0.754228
vt 0.986637 0.704091
vt 0.986637 0.754228
vt 0.698496 0.704091
vt 0.986637 0.704091
vt 0.698496 0.754228
vt 0.986637 0.704091
vt 0.698496 0.653955
vt 0.986637 0.653955
vt 0.698496 0.704091
vt 0.698496 0.653955
vt 0.986637 0.704091
vt 0.698496 0.754228
vt 0.986637 0.804364
vt 0.698496 0.804364
vt 0.986637 0.754228
vt 0.986637 0.804364
vt 0.698496 0.754228
vt 0.892724 0.099607
vt 0.999788 0.064753
vt 0.898774 0.104511
vt 0.936263 0.000387
vt 0.999788 0.064753
vt 0.892724 0.099607
vt 0.549807 0.696302
vt 0.000212 0.652962
vt 0.549807 0.652962
vt 0.000212 0.696302
vt 0.000212 0.652962
vt 0.549807 0.696302
vt 0.549807 0.739642
vt 0.000212 0.696302
vt 0.549807 0.696302
vt 0.000212 0.739642
vt 0.000212 0.696302
vt 0.549807 0.739642
vt 0.895675 0.118978
vt 0.844309 0.219261
vt 0.888122 0.120154
vt 0.935405 0.219836
vt 0.844309 0.219261
vt 0.895675 0.118978
vt 0.549807 0.782982
vt 0.000212 0.739642
vt 0.549807 0.739642
vt 0.000212 0.782982
vt 0.000212 0.739642
vt 0.549807 0.782982
vt 0.898774 0.104511
vt 0.999788 0.155437
vt 0.900151 0.112514
vt 0.999788 0.064753
vt 0.999788 0.155437
vt 0.898774 0.104511
vt 0.549807 0.826322
vt 0.000212 0.782982
vt 0.549807 0.782982
vt 0.000212 0.826321
vt 0.000212 0.782982
vt 0.549807 0.826322
vt 0.549807 0.869662
vt 0.000212 0.826321
vt 0.549807 0.826322
vt 0.000212 0.869661
vt 0.000212 0.826321
vt 0.549807 0.869662
vt 0.888122 0.120154
vt 0.781242 0.155131
vt 0.882147 0.115047
vt 0.844309 0.219261
vt 0.781242 0.155131
vt 0.888122 0.120154
vt 0.549807 0.913002
vt 0.000212 0.869661
vt 0.549807 0.869662
vt 0.000212 0.913001
vt 0.000212 0.869661
vt 0.549807 0.913002
vt 0.781015 0.491825
vt 0.885647 0.448485
vt 0.855001 0.522471
vt 0.549807 0.609622
vt 0.000212 0.566282
vt 0.549807 0.566282
vt 0.000212 0.609622
vt 0.000212 0.566282
vt 0.549807 0.609622
vt 0.900151 0.112514
vt 0.935405 0.219836
vt 0.895675 0.118978
vt 0.999788 0.155437
vt 0.935405 0.219836
vt 0.900151 0.112514
vt 0.549807 0.652962
vt 0.000212 0.609622
vt 0.549807 0.609622
vt 0.000212 0.652962
vt 0.000212 0.609622
vt 0.549807 0.652962
vt 0.885127 0.100995
vt 0.936263 0.000387
vt 0.892724 0.099607
vt 0.845148 0.000212
vt 0.936263 0.000387
vt 0.885127 0.100995
vt 0.880426 0.107256
vt 0.845148 0.000212
vt 0.885127 0.100995
vt 0.781015 0.064315
vt 0.845148 0.000212
vt 0.880426 0.107256
vt 0.882147 0.115047
vt 0.781015 0.064315
vt 0.880426 0.107256
vt 0.781242 0.155131
vt 0.781015 0.064315
vt 0.882147 0.115047
vt 0.012084 0.287488
vt 0.024113 0.279847
vt 0.019636 0.286311
vt 0.677430 0.180744
vt 0.784730 0.241870
vt 0.688946 0.337656
vt 0.616030 0.206171
vt 0.688946 0.337656
vt 0.543121 0.337656
vt 0.616030 0.206171
vt 0.677430 0.180744
vt 0.688946 0.337656
vt 0.677438 0.057949
vt 0.688945 0.000262
vt 0.784730 0.096046
vt 0.702866 0.119348
vt 0.784730 0.096046
vt 0.784730 0.241870
vt 0.688945 0.000262
vt 0.677438 0.057949
vt 0.616043 0.032513
vt 0.702866 0.119348
vt 0.784730 0.241870
vt 0.677430 0.180744
vt 0.616043 0.032513
vt 0.543121 0.000262
vt 0.688945 0.000262
vt 0.554643 0.057940
vt 0.543121 0.000262
vt 0.616043 0.032513
vt 0.529207 0.119336
vt 0.447336 0.241871
vt 0.447336 0.096047
vt 0.554643 0.057940
vt 0.447336 0.096047
vt 0.543121 0.000262
vt 0.554635 0.180735
vt 0.616030 0.206171
vt 0.543121 0.337656
vt 0.554635 0.180735
vt 0.543121 0.337656
vt 0.447336 0.241871
vt 0.529207 0.119336
vt 0.447336 0.096047
vt 0.554643 0.057940
vt 0.855001 0.522471
vt 0.885647 0.448485
vt 0.885647 0.491825
vt 0.781015 0.491825
vt 0.855001 0.522471
vt 0.811661 0.522471
vt 0.885647 0.448485
vt 0.781015 0.491825
vt 0.781015 0.448485
vt 0.885647 0.448485
vt 0.781015 0.448485
vt 0.811661 0.417839
vt 0.885647 0.448485
vt 0.811661 0.417839
vt 0.855001 0.417839
vt 0.978172 0.359670
vt 0.920426 0.220259
vt 0.978172 0.278005
vt 0.838761 0.417416
vt 0.978172 0.359670
vt 0.920426 0.417416
vt 0.781015 0.278005
vt 0.838761 0.417416
vt 0.781015 0.359670
vt 0.838761 0.417416
vt 0.781015 0.278005
vt 0.838761 0.220259
vt 0.838761 0.417416
vt 0.838761 0.220259
vt 0.920426 0.220259
vt 0.707065 0.000100
vt 0.292935 0.999900
vt 0.999900 0.707065
vt 0.292935 0.999900
vt 0.000100 0.292935
vt 0.000100 0.707065
vt 0.999900 0.707065
vt 0.292935 0.999900
vt 0.707065 0.999900
vt 0.707065 0.000100
vt 0.999900 0.707065
vt 0.999900 0.292935
vt 0.000100 0.292935
vt 0.707065 0.000100
vt 0.292935 0.000100
vt 0.707065 0.000100
vt 0.000100 0.292935
vt 0.292935 0.999900
vt 0.269114 0.999489
vt 0.664186 -0.000375
vt 0.730886 0.999489
vt 0.335814 -0.000375
vt 0.664186 -0.000375
vt 0.269114 0.999489
vt 0.269114 0.999488
vt 0.664186 -0.000376
vt 0.730886 0.999488
vt 0.335814 -0.000376
vt 0.664186 -0.000376
vt 0.269114 0.999488
vt 0.269114 0.999489
vt 0.664186 -0.000375
vt 0.730886 0.999489
vt 0.335814 -0.000375
vt 0.664186 -0.000375
vt 0.269114 0.999489
vt 0.269114 0.999488
vt 0.664186 -0.000376
vt 0.730887 0.999488
vt 0.335814 -0.000376
vt 0.664186 -0.000376
vt 0.269114 0.999488
vt 0.269114 0.999489
vt 0.664186 -0.000375
vt 0.730886 0.999489
vt 0.335814 -0.000375
vt 0.664186 -0.000375
vt 0.269114 0.999489
vt 0.269114 0.999488
vt 0.664186 -0.000376
vt 0.730886 0.999488
vt 0.335814 -0.000376
vt 0.664186 -0.000376
vt 0.269114 0.999488
vt 0.269114 0.999489
vt 0.664186 -0.000375
vt 0.730886 0.999489
vt 0.335814 -0.000375
vt 0.664186 -0.000375
vt 0.269114 0.999489
vt 0.269114 0.999488
vt 0.664186 -0.000376
vt 0.730886 0.999488
vt 0.335814 -0.000376
vt 0.664186 -0.000376
vt 0.269114 0.999488
vt 0.302838 0.999498
vt 0.640204 -0.000376
vt 0.697162 0.999498
vt 0.359796 -0.000376
vt 0.640204 -0.000376
vt 0.302838 0.999498
vt 0.302834 0.999497
vt 0.640200 -0.000377
vt 0.697158 0.999497
vt 0.359792 -0.000377
vt 0.640200 -0.000377
vt 0.302834 0.999497
vt 0.302838 0.999498
vt 0.640204 -0.000376
vt 0.697162 0.999498
vt 0.359796 -0.000376
vt 0.640204 -0.000376
vt 0.302838 0.999498
vt 0.302838 0.999498
vt 0.640204 -0.000376
vt 0.697162 0.999498
vt 0.359797 -0.000376
vt 0.640204 -0.000376
vt 0.302838 0.999498
vt 0.302834 0.999497
vt 0.640200 -0.000377
vt 0.697158 0.999497
vt 0.359792 -0.000377
vt 0.640200 -0.000377
vt 0.302834 0.999497
vt 0.302838 0.999498
vt 0.640204 -0.000376
vt 0.697162 0.999498
vt 0.359796 -0.000376
vt 0.640204 -0.000376
vt 0.302838 0.999498
vt 0.302838 0.999498
vt 0.640204 -0.000376
vt 0.697162 0.999498
vt 0.359796 -0.000376
vt 0.640204 -0.000376
vt 0.302838 0.999498
vt 0.302838 0.999498
vt 0.640204 -0.000376
vt 0.697162 0.999498
vt 0.359796 -0.000376
vt 0.640204 -0.000376
vt 0.302838 0.999498
vt 0.263852 0.994394
vt 0.404342 0.956708
vt 0.388732 0.994394
vt 0.248242 0.956708
vt 0.404342 0.956708
vt 0.263852 0.994394
vt 0.826352 0.925308
vt 0.966842 0.887622
vt 0.951232 0.925308
vt 0.810742 0.887622
vt 0.966842 0.887622
vt 0.826352 0.925308
vt 0.038597 0.959636
vt 0.179087 0.921950
vt 0.163477 0.959636
vt 0.022987 0.921950
vt 0.179087 0.921950
vt 0.038597 0.959636
vt 0.430682 0.928601
vt 0.571172 0.890915
vt 0.555562 0.928601
vt 0.415072 0.890915
vt 0.571172 0.890915
vt 0.430682 0.928601
vt 0.587634 0.928601
vt 0.728124 0.890915
vt 0.712514 0.928601
vt 0.572024 0.890915
vt 0.728124 0.890915
vt 0.587634 0.928601
vt 0.826352 0.963845
vt 0.966842 0.926159
vt 0.951232 0.963845
vt 0.810742 0.926159
vt 0.966842 0.926159
vt 0.826352 0.963845
vt 0.263852 0.955856
vt 0.404342 0.918170
vt 0.388732 0.955856
vt 0.248242 0.918170
vt 0.404342 0.918170
vt 0.263852 0.955856
vt 0.038597 0.921099
vt 0.179087 0.883413
vt 0.163477 0.921099
vt 0.022987 0.883413
vt 0.179087 0.883413
vt 0.038597 0.921099
vt 0.125075 0.282201
vt 0.874925 0.282201
vt 0.874925 0.592799
vt 0.344701 0.812425
vt 0.874925 0.592799
vt 0.655299 0.812425
vt 0.874925 0.592799
vt 0.344701 0.812425
vt 0.125075 0.592799
vt 0.874925 0.592799
vt 0.125075 0.592799
vt 0.125075 0.282201
vt 0.655299 0.062575
vt 0.125075 0.282201
vt 0.344701 0.062575
vt 0.125075 0.282201
vt 0.655299 0.062575
vt 0.874925 0.282201

vn 1.000000 0.000000 0.000000
vn 1.000000 0.000000 0.000000
vn 1.000000 0.000000 0.000000
vn 1.000000 0.000000 0.000000
vn 1.000000 0.000000 0.000000
vn 1.000000 0.000000 0.000000
vn -0.000000 0.000000 1.000000
vn -0.000000 0.000000 1.000000
vn -0.000000 0.000000 1.000000
vn -0.000000 0.000000 1.000000
vn -0.000000 0.000000 1.000000
vn -0.000000 0.000000 1.000000
vn -0.000000 -1.000000 0.000000
vn -0.000000 -1.000000 0.000000
vn -0.000000 -1.000000 0.000000
vn -0.000000 -1.000000 0.000000
vn -0.000000 -1.000000 0.000000
vn -0.000000 -1.000000 0.000000
vn -1.000000 0.000000 -0.000000
vn -1.000000 0.000000 -0.000000
vn -1.000000 0.000000 -0.000000
vn -1.000000 0.000000 -0.000000
vn -1.000000 0.000000 -0.000000
vn -1.000000 0.000000 -0.000000
vn -1.000000 0.000000 0.000000
vn -1.000000 0.000000 0.000000
vn -1.000000 0.000000 0.000000
vn -1.000000 0.000000 -0.000000
vn -1.000000 0.000000 -0.000000
vn -1.000000 0.000000 -0.000000
vn 0.000000 1.000000 0.000000
vn 0.000000 1.000000 0.000000
vn 0.000000 1.000000 0.000000
vn -0.000000 1.000000 0.000000
vn -0.000000 1.000000 0.000000
vn -0.000000 1.000000 0.000000
vn 0.000000 0.000000 -1.000000
vn 0.000000 0.000000 -1.000000
vn 0.000000 0.000000 -1.000000
vn 0.000000 0.000001 -1.000000
vn 0.000000 0.000001 -1.000000
vn 0.000000 0.000001 -1.000000
vn 1.000000 0.000000 0.000000
vn 1.000000 0.000000 0.000000
vn 1.000000 0.000000 0.000000
vn 1.000000 0.000000 0.000000
vn 1.000000 0.000000 0.000000
vn 1.000000 0.000000 0.000000
vn 0.000000 0.000000 -1.000000
vn 0.000000 0.000000 -1.000000
vn 0.000000 0.000000 -1.000000
vn 0.000000 0.000000 -1.000000
vn 0.000000 0.000000 -1.000000
vn 0.000000 0.000000 -1.000000
vn -0.000000 0.000000 -1.000000
vn -0.000000 0.000000 -1.000000
vn -0.000000 0.000000 -1.000000
vn -0.000000 0.000000 -1.000000
vn -0.000000 0.000000 -1.000000
vn -0.000000 0.000000 -1.000000
vn -0.000000 0.000000 -1.000000
vn -0.000000 0.000000 -1.000000
vn -0.000000 0.000000 -1.000000
vn -0.000000 0.000000 -1.000000
vn -0.000000 0.000000 -1.000000
vn -0.000000 0.000000 -1.000000
vn -1.000000 0.000000 0.000000
vn -1.000000 0.000000 0.000000
vn -1.000000 0.000000 0.000000
vn -1.000000 0.000000 -0.000000
vn -1.000000 0.000000 -0.000000
vn -1.000000 0.000000 -0.000000
vn -0.000000 0.000000 -1.000000
vn -0.000000 0.000000 -1.000000
vn -0.000000 0.000000 -1.000000
vn -0.000000 0.000000 -1.000000
vn -0.000000 0.000000 -1.000000
vn -0.000000 0.000000 -1.000000
vn -0.000000 0.000000 1.000000
vn -0.000000 0.000000 1.000000
vn -0.000000 0.000000 1.000000
vn -0.000000 0.000000 1.000000
vn -0.000000 0.000000 1.000000
vn -0.000000 0.000000 1.000000
vn 1.000000 0.000000 0.000000
vn 1.000000 0.000000 0.000000
vn 1.000000 0.000000 0.000000
vn 1.000000 0.000000 0.000000
vn 1.000000 0.000000 0.000000
vn 1.000000 0.000000 0.000000
vn -0.000000 1.000000 0.000000
vn -0.000000 1.000000 0.000000
vn -0.000000 1.000000 0.000000
vn -0.000000 -1.000000 0.000000
vn -0.000000 -1.000000 0.000000
vn -0.000000 -1.000000 0.000000
vn 0.000000 -1.000000 0.000000
vn 0.000000 -1.000000 0.000000
vn 0.000000 -1.000000 0.000000
vn -0.000000 1.000000 0.000000
vn -0.000000 1.000000 0.000000
vn -0.000000 1.000000 0.000000
vn -0.000000 1.000000 0.000000
vn -0.000000 1.000000 0.000000
vn -0.000000 1.000000 0.000000
vn -0.000000 1.000000 0.000000
vn -0.000000 1.000000 0.000000
vn -0.000000 1.000000 0.000000
vn 0.000000 1.000000 0.000000
vn 0.000000 1.000000 0.000000
vn 0.000000 1.000000 0.000000
vn -0.000000 1.000000 0.000000
vn -0.000000 1.000000 0.000000
vn -0.000000 1.000000 0.000000
vn -0.000001 1.000000 0.000000
vn -0.000001 1.000000 0.000000
vn -0.000001 1.000000 0.000000
vn -0.000000 1.000000 0.000000
vn -0.000000 1.000000 0.000000
vn -0.000000 1.000000 0.000000
vn -0.000000 1.000000 0.000000
vn -0.000000 1.000000 0.000000
vn -0.000000 1.000000 0.000000
vn -0.000000 1.000000 0.000000
vn -0.000000 1.000000 0.000000
vn -0.000000 1.000000 0.000000
vn -0.000000 1.000000 0.000000
vn -0.000000 1.000000 0.000000
vn -0.000000 1.000000 0.000000
vn -0.000001 1.000000 0.000000
vn -0.000001 1.000000 0.000000
vn -0.000001 1.000000 0.000000
vn -0.000000 -1.000000 0.000000
vn -0.000000 -1.000000 0.000000
vn -0.000000 -1.000000 0.000000
vn -0.000000 -1.000000 0.000000
vn -0.000000 -1.000000 0.000000
vn -0.000000 -1.000000 0.000000
vn -0.000000 -1.000000 0.000000
vn -0.000000 -1.000000 0.000000
vn -0.000000 -1.000000 0.000000
vn -0.000000 -1.000000 0.000000
vn -0.000000 -1.000000 0.000000
vn -0.000000 -1.000000 0.000000
vn -0.000000 -1.000000 0.000000
vn -0.000000 -1.000000 0.000000
vn -0.000000 -1.000000 0.000000
vn -0.000000 -1.000000 0.000000
vn -0.000000 -1.000000 0.000000
vn -0.000000 -1.000000 0.000000
vn -0.000000 -1.000000 0.000000
vn -0.000000 -1.000000 0.000000
vn -0.000000 -1.000000 0.000000
vn -0.000000 -1.000000 0.000000
vn -0.000000 -1.000000 0.000000
vn -0.000000 -1.000000 0.000000
vn 0.000001 -1.000000 0.000000
vn 0.000001 -1.000000 0.000000
vn 0.000001 -1.000000 0.000000
vn 0.000000 -1.000000 0.000000
vn 0.000000 -1.000000 0.000000
vn 0.000000 -1.000000 0.000000
vn -0.000000 0.000000 1.000000
vn -0.000000 0.000000 1.000000
vn -0.000000 0.000000 1.000000
vn -0.000000 0.000000 1.000000
vn -0.000000 0.000000 1.000000
vn -0.000000 0.000000 1.000000
vn -0.707107 0.000000 -0.707106
vn -0.707107 0.000000 -0.707106
vn -0.707107 0.000000 -0.707106
vn -0.707107 0.000000 -0.707107
vn -0.707107 0.000000 -0.707107
vn -0.707107 0.000000 -0.707107
vn 0.707106 0.000000 -0.707108
vn 0.707106 0.000000 -0.707108
vn 0.707106 0.000000 -0.707108
vn 0.707106 0.000000 -0.707108
vn 0.707106 0.000000 -0.707108
vn 0.707106 0.000000 -0.707108
vn 0.707107 0.000000 0.707106
vn 0.707107 0.000000 0.707106
vn 0.707107 0.000000 0.707106
vn 0.707107 0.000000 0.707106
vn 0.707107 0.000000 0.707106
vn 0.707107 0.000000 0.707106
vn -0.707107 0.000000 0.707107
vn -0.707107 0.000000 0.707107
vn -0.707107 0.000000 0.707107
vn -0.707107 0.000000 0.707106
vn -0.707107 0.000000 0.707106
vn -0.707107 0.000000 0.707106
vn -1.000000 0.000000 -0.000000
vn -1.000000 0.000000 -0.000000
vn -1.000000 0.000000 -0.000000
vn -1.000000 0.000000 0.000000
vn -1.000000 0.000000 0.000000
vn -1.000000 0.000000 0.000000
vn 0.000002 0.000000 -1.000000
vn 0.000002 0.000000 -1.000000
vn 0.000002 0.000000 -1.000000
vn 0.000002 0.000000 -1.000000
vn 0.000002 0.000000 -1.000000
vn 0.000002 0.000000 -1.000000
vn 1.000000 0.000000 0.000001
vn 1.000000 0.000000 0.000001
vn 1.000000 0.000000 0.000001
vn 1.000000 0.000000 0.000003
vn 1.000000 0.000000 0.000003
vn 1.000000 0.000000 0.000003
vn -0.000000 -1.000000 -0.000001
vn -0.000000 -1.000000 -0.000001
vn -0.000000 -1.000000 -0.000001
vn 0.000000 -1.000000 0.000001
vn 0.000000 -1.000000 0.000001
vn 0.000000 -1.000000 0.000001
vn 0.000000 -1.000000 -0.000001
vn 0.000000 -1.000000 -0.000001
vn 0.000000 -1.000000 -0.000001
vn -0.000001 -1.000000 0.000002
vn -0.000001 -1.000000 0.000002
vn -0.000001 -1.000000 0.000002
vn -0.000003 -1.000000 -0.000001
vn -0.000003 -1.000000 -0.000001
vn -0.000003 -1.000000 -0.000001
vn 0.000001 -1.000000 0.000001
vn 0.000001 -1.000000 0.000001
vn 0.000001 -1.000000 0.000001
vn 1.000000 0.000000 0.000000
vn 1.000000 0.000000 0.000000
vn 1.000000 0.000000 0.000000
vn 1.000000 0.000000 -0.000001
vn 1.000000 0.000000 -0.000001
vn 1.000000 0.000000 -0.000001
vn -0.707107 0.000000 0.707107
vn -0.707107 0.000000 0.707107
vn -0.707107 0.000000 0.707107
vn -0.707106 0.000000 0.707107
vn -0.707106 0.000000 0.707107
vn -0.707106 0.000000 0.707107
vn -0.707108 0.000000 -0.707106
vn -0.707108 0.000000 -0.707106
vn -0.707108 0.000000 -0.707106
vn -0.707107 0.000000 -0.707106
vn -0.707107 0.000000 -0.707106
vn -0.707107 0.000000 -0.707106
vn 0.707106 0.000000 -0.707107
vn 0.707106 0.000000 -0.707107
vn 0.707106 0.000000 -0.707107
vn 0.707107 0.000000 -0.707107
vn 0.707107 0.000000 -0.707107
vn 0.707107 0.000000 -0.707107
vn 0.707107 0.000000 0.707107
vn 0.707107 0.000000 0.707107
vn 0.707107 0.000000 0.707107
vn 0.707106 0.000000 0.707108
vn 0.707106 0.000000 0.707108
vn 0.707106 0.000000 0.707108
vn 0.000001 0.000000 1.000000
vn 0.000001 0.000000 1.000000
vn 0.000001 0.000000 1.000000
vn 0.000001 0.000000 1.000000
vn 0.000001 0.000000 1.000000
vn 0.000001 0.000000 1.000000
vn -1.000000 0.000000 -0.000001
vn -1.000000 0.000000 -0.000001
vn -1.000000 0.000000 -0.000001
vn -1.000000 0.000000 -0.000001
vn -1.000000 0.000000 -0.000001
vn -1.000000 0.000000 -0.000001
vn 0.000001 0.000000 -1.000000
vn 0.000001 0.000000 -1.000000
vn 0.000001 0.000000 -1.000000
vn 0.000001 0.000000 -1.000000
vn 0.000001 0.000000 -1.000000
vn 0.000001 0.000000 -1.000000
vn -0.000001 -1.000000 0.000000
vn -0.000001 -1.000000 0.000000
vn -0.000001 -1.000000 0.000000
vn 0.000002 -1.000000 -0.000000
vn 0.000002 -1.000000 -0.000000
vn 0.000002 -1.000000 -0.000000
vn -0.000001 -1.000000 -0.000000
vn -0.000001 -1.000000 -0.000000
vn -0.000001 -1.000000 -0.000000
vn 0.000003 -1.000000 0.000001
vn 0.000003 -1.000000 0.000001
vn 0.000003 -1.000000 0.000001
vn -0.000001 -1.000000 0.000002
vn -0.000001 -1.000000 0.000002
vn -0.000001 -1.000000 0.000002
vn 0.000001 -1.000000 -0.000001
vn 0.000001 -1.000000 -0.000001
vn 0.000001 -1.000000 -0.000001
vn -0.000002 0.000000 -1.000000
vn -0.000002 0.000000 -1.000000
vn -0.000002 0.000000 -1.000000
vn -0.000002 0.000000 -1.000000
vn -0.000002 0.000000 -1.000000
vn -0.000002 0.000000 -1.000000
vn 0.707107 0.000000 0.707107
vn 0.707107 0.000000 0.707107
vn 0.707107 0.000000 0.707107
vn 0.707107 0.000000 0.707107
vn 0.707107 0.000000 0.707107
vn 0.707107 0.000000 0.707107
vn -0.707107 0.000000 0.707107
vn -0.707107 0.000000 0.707107
vn -0.707107 0.000000 0.707107
vn -0.707105 0.000000 0.707108
vn -0.707105 0.000000 0.707108
vn -0.707105 0.000000 0.707108
vn -0.707107 0.000000 -0.707106
vn -0.707107 0.000000 -0.707106
vn -0.707107 0.000000 -0.707106
vn -0.707107 0.000000 -0.707106
vn -0.707107 0.000000 -0.707106
vn -0.707107 0.000000 -0.707106
vn 0.707107 0.000000 -0.707107
vn 0.707107 0.000000 -0.707107
vn 0.707107 0.000000 -0.707107
vn 0.707108 0.000000 -0.707106
vn 0.707108 0.000000 -0.707106
vn 0.707108 0.000000 -0.707106
vn 1.000000 0.000000 -0.000001
vn 1.000000 0.000000 -0.000001
vn 1.000000 0.000000 -0.000001
vn 1.000000 0.000000 -0.000001
vn 1.000000 0.000000 -0.000001
vn 1.000000 0.000000 -0.000001
vn -0.000001 0.000000 1.000000
vn -0.000001 0.000000 1.000000
vn -0.000001 0.000000 1.000000
vn -0.000001 0.000000 1.000000
vn -0.000001 0.000000 1.000000
vn -0.000001 0.000000 1.000000
vn -1.000000 0.000000 -0.000001
vn -1.000000 0.000000 -0.000001
vn -1.000000 0.000000 -0.000001
vn -1.000000 0.000000 0.000000
vn -1.000000 0.000000 0.000000
vn -1.000000 0.000000 0.000000
vn 0.000000 -1.000000 0.000001
vn 0.000000 -1.000000 0.000001
vn 0.000000 -1.000000 0.000001
vn -0.000000 -1.000000 -0.000001
vn -0.000000 -1.000000 -0.000001
vn -0.000000 -1.000000 -0.000001
vn -0.000000 -1.000000 0.000001
vn -0.000000 -1.000000 0.000001
vn -0.000000 -1.000000 0.000001
vn 0.000001 -1.000000 -0.000002
vn 0.000001 -1.000000 -0.000002
vn 0.000001 -1.000000 -0.000002
vn 0.000003 -1.000000 0.000001
vn 0.000003 -1.000000 0.000001
vn 0.000003 -1.000000 0.000001
vn -0.000001 -1.000000 -0.000001
vn -0.000001 -1.000000 -0.000001
vn -0.000001 -1.000000 -0.000001
vn -1.000000 0.000000 0.000002
vn -1.000000 0.000000 0.000002
vn -1.000000 0.000000 0.000002
vn -1.000000 0.000000 0.000001
vn -1.000000 0.000000 0.000001
vn -1.000000 0.000000 0.000001
vn 0.707107 0.000000 -0.707107
vn 0.707107 0.000000 -0.707107
vn 0.707107 0.000000 -0.707107
vn 0.707106 0.000000 -0.707107
vn 0.707106 0.000000 -0.707107
vn 0.707106 0.000000 -0.707107
vn 0.707108 0.000000 0.707106
vn 0.707108 0.000000 0.707106
vn 0.707108 0.000000 0.707106
vn 0.707107 0.000000 0.707106
vn 0.707107 0.000000 0.707106
vn 0.707107 0.000000 0.707106
vn -0.707106 0.000000 0.707107
vn -0.707106 0.000000 0.707107
vn -0.707106 0.000000 0.707107
vn -0.707107 0.000000 0.707107
vn -0.707107 0.000000 0.707107
vn -0.707107 0.000000 0.707107
vn -0.707107 0.000000 -0.707107
vn -0.707107 0.000000 -0.707107
vn -0.707107 0.000000 -0.707107
vn -0.707106 0.000000 -0.707108
vn -0.707106 0.000000 -0.707108
vn -0.707106 0.000000 -0.707108
vn -0.000002 0.000000 -1.000000
vn -0.000002 0.000000 -1.000000
vn -0.000002 0.000000 -1.000000
vn -0.000002 0.000000 -1.000000
vn -0.000002 0.000000 -1.000000
vn -0.000002 0.000000 -1.000000
vn 1.000000 0.000000 0.000001
vn 1.000000 0.000000 0.000001
vn 1.000000 0.000000 0.000001
vn 1.000000 0.000000 0.000000
vn 1.000000 0.000000 0.000000
vn 1.000000 0.000000 0.000000
vn -0.000000 0.000000 1.000000
vn -0.000000 0.000000 1.000000
vn -0.000000 0.000000 1.000000
vn -0.000000 0.000000 1.000000
vn -0.000000 0.000000 1.000000
vn -0.000000 0.000000 1.000000
vn 0.000001 -1.000000 -0.000000
vn 0.000001 -1.000000 -0.000000
vn 0.000001 -1.000000 -0.000000
vn -0.000002 -1.000000 0.000000
vn -0.000002 -1.000000 0.000000
vn -0.000002 -1.000000 0.000000
vn 0.000001 -1.000000 0.000000
vn 0.000001 -1.000000 0.000000
vn 0.000001 -1.000000 0.000000
vn -0.000003 -1.000000 -0.000001
vn -0.000003 -1.000000 -0.000001
vn -0.000003 -1.000000 -0.000001
vn 0.000001 -1.000000 -0.000002
vn 0.000001 -1.000000 -0.000002
vn 0.000001 -1.000000 -0.000002
vn -0.000001 -1.000000 0.000001
vn -0.000001 -1.000000 0.000001
vn -0.000001 -1.000000 0.000001
vn 1.000000 0.000000 0.000070
vn 1.000000 0.000000 0.000070
vn 1.000000 0.000000 0.000070
vn 1.000000 0.000000 0.000070
vn 1.000000 0.000000 0.000070
vn 1.000000 0.000000 0.000070
vn 0.756080 0.000000 0.654479
vn 0.756080 0.000000 0.654479
vn 0.756080 0.000000 0.654479
vn 0.756080 0.000000 0.654479
vn 0.756080 0.000000 0.654479
vn 0.756080 0.000000 0.654479
vn 0.000069 0.000000 -1.000000
vn 0.000069 0.000000 -1.000000
vn 0.000069 0.000000 -1.000000
vn 0.000069 0.000000 -1.000000
vn 0.000069 0.000000 -1.000000
vn 0.000069 0.000000 -1.000000
vn 1.000000 0.000000 0.000070
vn 1.000000 0.000000 0.000070
vn 1.000000 0.000000 0.000070
vn 1.000000 0.000000 0.000069
vn 1.000000 0.000000 0.000069
vn 1.000000 0.000000 0.000069
vn -0.707054 0.000000 -0.707160
vn -0.707054 0.000000 -0.707160
vn -0.707054 0.000000 -0.707160
vn -0.707054 0.000000 -0.707159
vn -0.707054 0.000000 -0.707159
vn -0.707054 0.000000 -0.707159
vn 0.707159 0.000000 -0.707054
vn 0.707159 0.000000 -0.707054
vn 0.707159 0.000000 -0.707054
vn 0.707160 0.000000 -0.707053
vn 0.707160 0.000000 -0.707053
vn 0.707160 0.000000 -0.707053
vn -0.000070 0.000000 1.000000
vn -0.000070 0.000000 1.000000
vn -0.000070 0.000000 1.000000
vn -0.000070 0.000000 1.000000
vn -0.000070 0.000000 1.000000
vn -0.000070 0.000000 1.000000
vn 0.000069 0.000000 -1.000000
vn 0.000069 0.000000 -1.000000
vn 0.000069 0.000000 -1.000000
vn 0.000069 0.000000 -1.000000
vn 0.000069 0.000000 -1.000000
vn 0.000069 0.000000 -1.000000
vn 0.000001 1.000000 0.000000
vn 0.000001 1.000000 0.000000
vn 0.000001 1.000000 0.000000
vn -0.000001 1.000000 0.000000
vn -0.000001 1.000000 0.000000
vn -0.000001 1.000000 0.000000
vn 0.000001 1.000000 0.000000
vn 0.000001 1.000000 0.000000
vn 0.000001 1.000000 0.000000
vn -0.000000 1.000000 0.000000
vn -0.000000 1.000000 0.000000
vn -0.000000 1.000000 0.000000
vn -0.000000 1.000000 0.000000
vn -0.000000 1.000000 0.000000
vn -0.000000 1.000000 0.000000
vn -0.000000 1.000000 0.000000
vn -0.000000 1.000000 0.000000
vn -0.000000 1.000000 0.000000
vn -0.000000 1.000000 0.000000
vn -0.000000 1.000000 0.000000
vn -0.000000 1.000000 0.000000
vn -0.000000 1.000000 0.000000
vn -0.000000 1.000000 0.000000
vn -0.000000 1.000000 0.000000
vn 0.000001 1.000000 0.000000
vn 0.000001 1.000000 0.000000
vn 0.000001 1.000000 0.000000
vn -0.000000 1.000000 0.000000
vn -0.000000 1.000000 0.000000
vn -0.000000 1.000000 0.000000
vn -0.000000 1.000000 0.000000
vn -0.000000 1.000000 0.000000
vn -0.000000 1.000000 0.000000
vn -0.000000 1.000000 0.000000
vn -0.000000 1.000000 0.000000
vn -0.000000 1.000000 0.000000
vn -0.000000 1.000000 0.000000
vn -0.000000 1.000000 0.000000
vn -0.000000 1.000000 0.000000
vn -0.000000 1.000000 0.000000
vn -0.000000 1.000000 0.000000
vn -0.000000 1.000000 0.000000
vn 0.000000 1.000000 0.000000
vn 0.000000 1.000000 0.000000
vn 0.000000 1.000000 0.000000
vn -0.000000 1.000000 0.000000
vn -0.000000 1.000000 0.000000
vn -0.000000 1.000000 0.000000
vn 0.707160 0.000000 -0.707054
vn 0.707160 0.000000 -0.707054
vn 0.707160 0.000000 -0.707054
vn 0.707160 0.000000 -0.707054
vn 0.707160 0.000000 -0.707054
vn 0.707160 0.000000 -0.707054
vn -1.000000 0.000000 -0.000070
vn -1.000000 0.000000 -0.000070
vn -1.000000 0.000000 -0.000070
vn -1.000000 0.000000 -0.000070
vn -1.000000 0.000000 -0.000070
vn -1.000000 0.000000 -0.000070
vn -0.756170 0.000000 0.654375
vn -0.756170 0.000000 0.654375
vn -0.756170 0.000000 0.654375
vn -0.756171 0.000000 0.654374
vn -0.756171 0.000000 0.654374
vn -0.756171 0.000000 0.654374
vn 0.707159 0.000000 -0.707054
vn 0.707159 0.000000 -0.707054
vn 0.707159 0.000000 -0.707054
vn 0.707159 0.000000 -0.707054
vn 0.707159 0.000000 -0.707054
vn 0.707159 0.000000 -0.707054
vn -0.707054 0.000000 -0.707159
vn -0.707054 0.000000 -0.707159
vn -0.707054 0.000000 -0.707159
vn -0.707053 0.000000 -0.707160
vn -0.707053 0.000000 -0.707160
vn -0.707053 0.000000 -0.707160
vn 0.000070 0.000000 -1.000000
vn 0.000070 0.000000 -1.000000
vn 0.000070 0.000000 -1.000000
vn 0.000070 0.000000 -1.000000
vn 0.000070 0.000000 -1.000000
vn 0.000070 0.000000 -1.000000
vn -1.000000 0.000000 -0.000070
vn -1.000000 0.000000 -0.000070
vn -1.000000 0.000000 -0.000070
vn -1.000000 0.000000 -0.000069
vn -1.000000 0.000000 -0.000069
vn -1.000000 0.000000 -0.000069
vn -0.707054 0.000000 -0.707160
vn -0.707054 0.000000 -0.707160
vn -0.707054 0.000000 -0.707160
vn -0.707054 0.000000 -0.707160
vn -0.707054 0.000000 -0.707160
vn -0.707054 0.000000 -0.707160
vn -0.000000 1.000000 -0.000000
vn -0.000000 1.000000 -0.000000
vn -0.000000 1.000000 -0.000000
vn -0.000000 1.000000 0.000000
vn -0.000000 1.000000 0.000000
vn -0.000000 1.000000 0.000000
vn -0.000000 1.000000 0.000000
vn -0.000000 1.000000 0.000000
vn -0.000000 1.000000 0.000000
vn -0.000000 1.000000 0.000000
vn -0.000000 1.000000 0.000000
vn -0.000000 1.000000 0.000000
vn -0.000000 1.000000 0.000000
vn -0.000000 1.000000 0.000000
vn -0.000000 1.000000 0.000000
vn -0.000001 1.000000 0.000000
vn -0.000001 1.000000 0.000000
vn -0.000001 1.000000 0.000000
vn -0.000000 1.000000 0.000000
vn -0.000000 1.000000 0.000000
vn -0.000000 1.000000 0.000000
vn -0.000000 1.000000 0.000000
vn -0.000000 1.000000 0.000000
vn -0.000000 1.000000 0.000000
vn -0.000000 1.000000 0.000000
vn -0.000000 1.000000 0.000000
vn -0.000000 1.000000 0.000000
vn -0.000000 1.000000 0.000000
vn -0.000000 1.000000 0.000000
vn -0.000000 1.000000 0.000000
vn -0.000000 1.000000 0.000000
vn -0.000000 1.000000 0.000000
vn -0.000000 1.000000 0.000000
vn 0.000000 1.000000 0.000000
vn 0.000000 1.000000 0.000000
vn 0.000000 1.000000 0.000000
vn 0.000000 1.000000 0.000000
vn 0.000000 1.000000 0.000000
vn 0.000000 1.000000 0.000000
vn -0.000000 1.000000 0.000000
vn -0.000000 1.000000 0.000000
vn -0.000000 1.000000 0.000000
vn -0.000000 1.000000 0.000000
vn -0.000000 1.000000 0.000000
vn -0.000000 1.000000 0.000000
vn -0.000000 1.000000 0.000000
vn -0.000000 1.000000 0.000000
vn -0.000000 1.000000 0.000000
vn -0.000000 1.000000 0.000000
vn -0.000000 1.000000 0.000000
vn -0.000000 1.000000 0.000000
vn -0.000001 1.000000 0.000000
vn -0.000001 1.000000 0.000000
vn -0.000001 1.000000 0.000000
vn 0.382683 0.000000 0.923880
vn 0.382683 0.000000 0.923880
vn 0.382683 0.000000 0.923880
vn 0.382683 0.000000 0.923880
vn 0.382683 0.000000 0.923880
vn 0.382683 0.000000 0.923880
vn -0.382683 0.000000 0.923880
vn -0.382683 0.000000 0.923880
vn -0.382683 0.000000 0.923880
vn -0.382683 0.000000 0.923880
vn -0.382683 0.000000 0.923880
vn -0.382683 0.000000 0.923880
vn -0.923879 0.000000 -0.382684
vn -0.923879 0.000000 -0.382684
vn -0.923879 0.000000 -0.382684
vn -0.923879 0.000000 -0.382684
vn -0.923879 0.000000 -0.382684
vn -0.923879 0.000000 -0.382684
vn 0.382683 0.000000 -0.923880
vn 0.382683 0.000000 -0.923880
vn 0.382683 0.000000 -0.923880
vn 0.382683 0.000000 -0.923880
vn 0.382683 0.000000 -0.923880
vn 0.382683 0.000000 -0.923880
vn -0.923879 0.000000 0.382684
vn -0.923879 0.000000 0.382684
vn -0.923879 0.000000 0.382684
vn -0.923879 0.000000 0.382684
vn -0.923879 0.000000 0.382684
vn -0.923879 0.000000 0.382684
vn 0.923879 0.000000 0.382684
vn 0.923879 0.000000 0.382684
vn 0.923879 0.000000 0.382684
vn 0.923880 0.000000 0.382683
vn 0.923880 0.000000 0.382683
vn 0.923880 0.000000 0.382683
vn -0.382683 0.000000 -0.923880
vn -0.382683 0.000000 -0.923880
vn -0.382683 0.000000 -0.923880
vn -0.382683 0.000000 -0.923880
vn -0.382683 0.000000 -0.923880
vn -0.382683 0.000000 -0.923880
vn 0.923879 0.000000 -0.382684
vn 0.923879 0.000000 -0.382684
vn 0.923879 0.000000 -0.382684
vn 0.923879 0.000000 -0.382684
vn 0.923879 0.000000 -0.382684
vn 0.923879 0.000000 -0.382684
vn -0.922187 -0.060500 -0.381983
vn -0.922187 -0.060500 -0.381983
vn -0.922187 -0.060500 -0.381983
vn -0.922187 -0.060500 -0.381983
vn -0.922187 -0.060500 -0.381983
vn -0.922187 -0.060500 -0.381983
vn -0.378651 0.420187 0.824662
vn -0.378651 0.420187 0.824662
vn -0.378651 0.420187 0.824662
vn -0.378651 0.420185 0.824662
vn -0.378651 0.420185 0.824662
vn -0.378651 0.420185 0.824662
vn 0.378651 -0.144786 -0.914145
vn 0.378651 -0.144786 -0.914145
vn 0.378651 -0.144786 -0.914145
vn 0.378651 -0.144786 -0.914145
vn 0.378651 -0.144786 -0.914145
vn 0.378651 -0.144786 -0.914145
vn 0.378651 0.144786 0.914145
vn 0.378651 0.144786 0.914145
vn 0.378651 0.144786 0.914145
vn 0.378651 0.144786 0.914145
vn 0.378651 0.144786 0.914145
vn 0.378651 0.144786 0.914145
vn -0.922187 0.060500 0.381983
vn -0.922187 0.060500 0.381983
vn -0.922187 0.060500 0.381983
vn -0.922187 0.060500 0.381982
vn -0.922187 0.060500 0.381982
vn -0.922187 0.060500 0.381982
vn -0.378651 -0.144786 -0.914145
vn -0.378651 -0.144786 -0.914145
vn -0.378651 -0.144786 -0.914145
vn -0.378651 -0.144786 -0.914145
vn -0.378651 -0.144786 -0.914145
vn -0.378651 -0.144786 -0.914145
vn 0.922187 0.060500 0.381983
vn 0.922187 0.060500 0.381983
vn 0.922187 0.060500 0.381983
vn 0.922187 0.060500 0.381983
vn 0.922187 0.060500 0.381983
vn 0.922187 0.060500 0.381983
vn -0.378651 0.144786 0.914145
vn -0.378651 0.144786 0.914145
vn -0.378651 0.144786 0.914145
vn -0.378651 0.144786 0.914145
vn -0.378651 0.144786 0.914145
vn -0.378651 0.144786 0.914145
vn 0.922187 -0.060500 -0.381982
vn 0.922187 -0.060500 -0.381982
vn 0.922187 -0.060500 -0.381982
vn 0.922187 -0.060500 -0.381983
vn 0.922187 -0.060500 -0.381983
vn 0.922187 -0.060500 -0.381983
vn -0.378651 -0.654455 -0.654455
vn -0.378651 -0.654455 -0.654455
vn -0.378651 -0.654455 -0.654455
vn -0.378651 -0.654455 -0.654455
vn -0.378651 -0.654455 -0.654455
vn -0.378651 -0.654455 -0.654455
vn 0.922187 -0.175578 -0.344591
vn 0.922187 -0.175578 -0.344591
vn 0.922187 -0.175578 -0.344591
vn 0.922187 -0.175578 -0.344591
vn 0.922187 -0.175578 -0.344591
vn 0.922187 -0.175578 -0.344591
vn -0.922187 -0.175578 -0.344591
vn -0.922187 -0.175578 -0.344591
vn -0.922187 -0.175578 -0.344591
vn -0.922187 -0.175578 -0.344591
vn -0.922187 -0.175578 -0.344591
vn -0.922187 -0.175578 -0.344591
vn 0.378651 -0.420186 -0.824661
vn 0.378651 -0.420186 -0.824661
vn 0.378651 -0.420186 -0.824661
vn 0.378651 -0.420186 -0.824662
vn 0.378651 -0.420186 -0.824662
vn 0.378651 -0.420186 -0.824662
vn 0.378651 0.420186 0.824662
vn 0.378651 0.420186 0.824662
vn 0.378651 0.420186 0.824662
vn 0.378651 0.420186 0.824662
vn 0.378651 0.420186 0.824662
vn 0.378651 0.420186 0.824662
vn -0.922187 0.175578 0.344591
vn -0.922187 0.175578 0.344591
vn -0.922187 0.175578 0.344591
vn -0.922187 0.175578 0.344591
vn -0.922187 0.175578 0.344591
vn -0.922187 0.175578 0.344591
vn -0.378651 -0.420186 -0.824662
vn -0.378651 -0.420186 -0.824662
vn -0.378651 -0.420186 -0.824662
vn -0.378651 -0.420186 -0.824662
vn -0.378651 -0.420186 -0.824662
vn -0.378651 -0.420186 -0.824662
vn 0.922187 0.175578 0.344592
vn 0.922187 0.175578 0.344592
vn 0.922187 0.175578 0.344592
vn 0.922187 0.175578 0.344592
vn 0.922187 0.175578 0.344592
vn 0.922187 0.175578 0.344592
vn 0.378651 0.824662 0.420186
vn 0.378651 0.824662 0.420186
vn 0.378651 0.824662 0.420186
vn 0.378651 0.824662 0.420186
vn 0.378651 0.824662 0.420186
vn 0.378651 0.824662 0.420186
vn 0.922187 0.273469 0.273470
vn 0.922187 0.273469 0.273470
vn 0.922187 0.273469 0.273470
vn 0.922187 0.273469 0.273470
vn 0.922187 0.273469 0.273470
vn 0.922187 0.273469 0.273470
vn -0.378651 0.654455 0.654456
vn -0.378651 0.654455 0.654456
vn -0.378651 0.654455 0.654456
vn -0.378651 0.654456 0.654455
vn -0.378651 0.654456 0.654455
vn -0.378651 0.654456 0.654455
vn 0.922187 -0.273469 -0.273469
vn 0.922187 -0.273469 -0.273469
vn 0.922187 -0.273469 -0.273469
vn 0.922187 -0.273469 -0.273469
vn 0.922187 -0.273469 -0.273469
vn 0.922187 -0.273469 -0.273469
vn -0.922187 -0.273469 -0.273469
vn -0.922187 -0.273469 -0.273469
vn -0.922187 -0.273469 -0.273469
vn -0.922187 -0.273469 -0.273469
vn -0.922187 -0.273469 -0.273469
vn -0.922187 -0.273469 -0.273469
vn 0.378651 -0.654455 -0.654455
vn 0.378651 -0.654455 -0.654455
vn 0.378651 -0.654455 -0.654455
vn 0.378651 -0.654455 -0.654455
vn 0.378651 -0.654455 -0.654455
vn 0.378651 -0.654455 -0.654455
vn 0.378651 0.654455 0.654455
vn 0.378651 0.654455 0.654455
vn 0.378651 0.654455 0.654455
vn 0.378651 0.654455 0.654455
vn 0.378651 0.654455 0.654455
vn 0.378651 0.654455 0.654455
vn -0.922187 0.273469 0.273469
vn -0.922187 0.273469 0.273469
vn -0.922187 0.273469 0.273469
vn -0.922187 0.273469 0.273469
vn -0.922187 0.273469 0.273469
vn -0.922187 0.273469 0.273469
vn -0.922187 0.381983 0.060500
vn -0.922187 0.381983 0.060500
vn -0.922187 0.381983 0.060500
vn -0.922187 0.381983 0.060500
vn -0.922187 0.381983 0.060500
vn -0.922187 0.381983 0.060500
vn -0.922187 0.344592 0.175578
vn -0.922187 0.344592 0.175578
vn -0.922187 0.344592 0.175578
vn -0.922187 0.344592 0.175578
vn -0.922187 0.344592 0.175578
vn -0.922187 0.344592 0.175578
vn -0.378651 -0.824662 -0.420186
vn -0.378651 -0.824662 -0.420186
vn -0.378651 -0.824662 -0.420186
vn -0.378651 -0.824662 -0.420186
vn -0.378651 -0.824662 -0.420186
vn -0.378651 -0.824662 -0.420186
vn 0.922187 0.344591 0.175578
vn 0.922187 0.344591 0.175578
vn 0.922187 0.344591 0.175578
vn 0.922187 0.344592 0.175578
vn 0.922187 0.344592 0.175578
vn 0.922187 0.344592 0.175578
vn -0.378651 0.824662 0.420186
vn -0.378651 0.824662 0.420186
vn -0.378651 0.824662 0.420186
vn -0.378651 0.824662 0.420186
vn -0.378651 0.824662 0.420186
vn -0.378651 0.824662 0.420186
vn 0.922187 -0.344591 -0.175578
vn 0.922187 -0.344591 -0.175578
vn 0.922187 -0.344591 -0.175578
vn 0.922187 -0.344591 -0.175578
vn 0.922187 -0.344591 -0.175578
vn 0.922187 -0.344591 -0.175578
vn -0.922187 -0.344591 -0.175578
vn -0.922187 -0.344591 -0.175578
vn -0.922187 -0.344591 -0.175578
vn -0.922187 -0.344592 -0.175578
vn -0.922187 -0.344592 -0.175578
vn -0.922187 -0.344592 -0.175578
vn 0.378651 -0.824662 -0.420186
vn 0.378651 -0.824662 -0.420186
vn 0.378651 -0.824662 -0.420186
vn 0.378651 -0.824662 -0.420186
vn 0.378651 -0.824662 -0.420186
vn 0.378651 -0.824662 -0.420186
vn -0.000000 0.000000 -1.000000
vn -0.000000 0.000000 -1.000000
vn -0.000000 0.000000 -1.000000
vn -0.000000 0.000000 -1.000000
vn -0.000000 0.000000 -1.000000
vn -0.000000 0.000000 -1.000000
vn -0.378651 -0.914145 -0.144786
vn -0.378651 -0.914145 -0.144786
vn -0.378651 -0.914145 -0.144786
vn -0.378651 -0.914145 -0.144786
vn -0.378651 -0.914145 -0.144786
vn -0.378651 -0.914145 -0.144786
vn 0.922187 0.381983 0.060500
vn 0.922187 0.381983 0.060500
vn 0.922187 0.381983 0.060500
vn 0.922187 0.381983 0.060500
vn 0.922187 0.381983 0.060500
vn 0.922187 0.381983 0.060500
vn -0.378650 0.914145 0.144786
vn -0.378650 0.914145 0.144786
vn -0.378650 0.914145 0.144786
vn -0.378652 0.914144 0.144787
vn -0.378652 0.914144 0.144787
vn -0.378652 0.914144 0.144787
vn 0.922187 -0.381983 -0.060500
vn 0.922187 -0.381983 -0.060500
vn 0.922187 -0.381983 -0.060500
vn 0.922187 -0.381983 -0.060500
vn 0.922187 -0.381983 -0.060500
vn 0.922187 -0.381983 -0.060500
vn -0.922187 -0.381983 -0.060500
vn -0.922187 -0.381983 -0.060500
vn -0.922187 -0.381983 -0.060500
vn -0.922187 -0.381983 -0.060500
vn -0.922187 -0.381983 -0.060500
vn -0.922187 -0.381983 -0.060500
vn 0.378651 -0.914145 -0.144786
vn 0.378651 -0.914145 -0.144786
vn 0.378651 -0.914145 -0.144786
vn 0.378651 -0.914145 -0.144786
vn 0.378651 -0.914145 -0.144786
vn 0.378651 -0.914145 -0.144786
vn 0.378650 0.914145 0.144786
vn 0.378650 0.914145 0.144786
vn 0.378650 0.914145 0.144786
vn 0.378651 0.914145 0.144787
vn 0.378651 0.914145 0.144787
vn 0.378651 0.914145 0.144787
vn 0.923880 0.382683 0.000000
vn 0.923880 0.382683 0.000000
vn 0.923880 0.382683 0.000000
vn 0.923880 0.382683 0.000000
vn 0.923880 0.382683 0.000000
vn 0.923880 0.382683 0.000000
vn -0.000000 -0.000001 -1.000000
vn -0.000000 -0.000001 -1.000000
vn -0.000000 -0.000001 -1.000000
vn -0.000000 -0.000000 -1.000000
vn -0.000000 -0.000000 -1.000000
vn -0.000000 -0.000000 -1.000000
vn 0.000000 0.000000 -1.000000
vn 0.000000 0.000000 -1.000000
vn 0.000000 0.000000 -1.000000
vn -0.000000 -0.000002 -1.000000
vn -0.000000 -0.000002 -1.000000
vn -0.000000 -0.000002 -1.000000
vn -0.000000 0.000000 -1.000000
vn -0.000000 0.000000 -1.000000
vn -0.000000 0.000000 -1.000000
vn -0.000000 0.000000 -1.000000
vn -0.000000 0.000000 -1.000000
vn -0.000000 0.000000 -1.000000
vn -0.000000 -0.000000 -1.000000
vn -0.000000 -0.000000 -1.000000
vn -0.000000 -0.000000 -1.000000
vn -0.000000 -0.000002 -1.000000
vn -0.000000 -0.000002 -1.000000
vn -0.000000 -0.000002 -1.000000
vn -0.000000 0.000000 -1.000000
vn -0.000000 0.000000 -1.000000
vn -0.000000 0.000000 -1.000000
vn -0.000000 0.000000 -1.000000
vn -0.000000 0.000000 -1.000000
vn -0.000000 0.000000 -1.000000
vn -0.000000 0.000000 -1.000000
vn -0.000000 0.000000 -1.000000
vn -0.000000 0.000000 -1.000000
vn -0.000000 0.000000 -1.000000
vn -0.000000 0.000000 -1.000000
vn -0.000000 0.000000 -1.000000
vn -0.000000 -0.000000 -1.000000
vn -0.000000 -0.000000 -1.000000
vn -0.000000 -0.000000 -1.000000
vn -0.000000 0.000002 -1.000000
vn -0.000000 0.000002 -1.000000
vn -0.000000 0.000002 -1.000000
vn -0.000000 0.000000 -1.000000
vn -0.000000 0.000000 -1.000000
vn -0.000000 0.000000 -1.000000
vn -0.382684 0.923879 0.000000
vn -0.382684 0.923879 0.000000
vn -0.382684 0.923879 0.000000
vn -0.382682 0.923880 0.000000
vn -0.382682 0.923880 0.000000
vn -0.382682 0.923880 0.000000
vn 0.923880 -0.382683 0.000000
vn 0.923880 -0.382683 0.000000
vn 0.923880 -0.382683 0.000000
vn 0.923880 -0.382683 0.000000
vn 0.923880 -0.382683 0.000000
vn 0.923880 -0.382683 0.000000
vn -0.923880 -0.382683 0.000000
vn -0.923880 -0.382683 0.000000
vn -0.923880 -0.382683 0.000000
vn -0.923880 -0.382683 0.000000
vn -0.923880 -0.382683 0.000000
vn -0.923880 -0.382683 0.000000
vn 0.382685 -0.923879 0.000000
vn 0.382685 -0.923879 0.000000
vn 0.382685 -0.923879 0.000000
vn 0.382685 -0.923879 0.000000
vn 0.382685 -0.923879 0.000000
vn 0.382685 -0.923879 0.000000
vn -0.382681 -0.923880 0.000000
vn -0.382681 -0.923880 0.000000
vn -0.382681 -0.923880 0.000000
vn -0.382684 -0.923879 0.000000
vn -0.382684 -0.923879 0.000000
vn -0.382684 -0.923879 0.000000
vn -0.923880 0.382683 0.000000
vn -0.923880 0.382683 0.000000
vn -0.923880 0.382683 0.000000
vn -0.923880 0.382683 0.000000
vn -0.923880 0.382683 0.000000
vn -0.923880 0.382683 0.000000
vn -0.382685 -0.923879 0.000000
vn -0.382685 -0.923879 0.000000
vn -0.382685 -0.923879 0.000000
vn -0.382685 -0.923879 0.000000
vn -0.382685 -0.923879 0.000000
vn -0.382685 -0.923879 0.000000
vn -0.000000 -1.000000 0.000000
vn -0.000000 -1.000000 0.000000
vn -0.000000 -1.000000 0.000000
vn -0.000009 -1.000000 0.000000
vn -0.000009 -1.000000 0.000000
vn -0.000009 -1.000000 0.000000
vn -0.923880 0.000000 -0.382683
vn -0.923880 0.000000 -0.382683
vn -0.923880 0.000000 -0.382683
vn -0.923880 0.000000 -0.382683
vn -0.923880 0.000000 -0.382683
vn -0.923880 0.000000 -0.382683
vn -0.000000 -1.000000 0.000000
vn -0.000000 -1.000000 0.000000
vn -0.000000 -1.000000 0.000000
vn 0.000017 -1.000000 0.000000
vn 0.000017 -1.000000 0.000000
vn 0.000017 -1.000000 0.000000
vn -0.382683 0.000000 -0.923880
vn -0.382683 0.000000 -0.923880
vn -0.382683 0.000000 -0.923880
vn -0.382683 0.000000 -0.923880
vn -0.382683 0.000000 -0.923880
vn -0.382683 0.000000 -0.923880
vn -0.000000 -1.000000 0.000000
vn -0.000000 -1.000000 0.000000
vn -0.000000 -1.000000 0.000000
vn -0.000000 -1.000000 0.000000
vn -0.000000 -1.000000 0.000000
vn -0.000000 -1.000000 0.000000
vn 0.382683 0.000000 -0.923880
vn 0.382683 0.000000 -0.923880
vn 0.382683 0.000000 -0.923880
vn 0.382683 0.000000 -0.923880
vn 0.382683 0.000000 -0.923880
vn 0.382683 0.000000 -0.923880
vn -0.000000 -1.000000 0.000000
vn -0.000000 -1.000000 0.000000
vn -0.000000 -1.000000 0.000000
vn -0.000000 -1.000000 0.000000
vn -0.000000 -1.000000 0.000000
vn -0.000000 -1.000000 0.000000
vn 0.923880 0.000000 -0.382683
vn 0.923880 0.000000 -0.382683
vn 0.923880 0.000000 -0.382683
vn 0.923880 0.000000 -0.382683
vn 0.923880 0.000000 -0.382683
vn 0.923880 0.000000 -0.382683
vn -0.000000 -1.000000 0.000000
vn -0.000000 -1.000000 0.000000
vn -0.000000 -1.000000 0.000000
vn -0.000017 -1.000000 0.000000
vn -0.000017 -1.000000 0.000000
vn -0.000017 -1.000000 0.000000
vn 0.923879 0.000000 0.382684
vn 0.923879 0.000000 0.382684
vn 0.923879 0.000000 0.382684
vn 0.923879 0.000000 0.382684
vn 0.923879 0.000000 0.382684
vn 0.923879 0.000000 0.382684
vn 0.000020 -1.000000 0.000000
vn 0.000020 -1.000000 0.000000
vn 0.000020 -1.000000 0.000000
vn -0.000000 -1.000000 0.000000
vn -0.000000 -1.000000 0.000000
vn -0.000000 -1.000000 0.000000
vn 0.382683 0.000000 0.923880
vn 0.382683 0.000000 0.923880
vn 0.382683 0.000000 0.923880
vn 0.382683 0.000000 0.923880
vn 0.382683 0.000000 0.923880
vn 0.382683 0.000000 0.923880
vn -0.000020 -1.000000 0.000000
vn -0.000020 -1.000000 0.000000
vn -0.000020 -1.000000 0.000000
vn -0.000000 -1.000000 0.000000
vn -0.000000 -1.000000 0.000000
vn -0.000000 -1.000000 0.000000
vn 0.382683 0.000000 0.923879
vn 0.382683 0.000000 0.923879
vn 0.382683 0.000000 0.923879
vn 0.382683 -0.000001 0.923879
vn 0.382683 -0.000001 0.923879
vn 0.382683 -0.000001 0.923879
vn -0.382684 0.000000 0.923880
vn -0.382684 0.000000 0.923880
vn -0.382684 0.000000 0.923880
vn -0.382683 0.000000 0.923879
vn -0.382683 0.000000 0.923879
vn -0.382683 0.000000 0.923879
vn -0.000000 -1.000000 0.000000
vn -0.000000 -1.000000 0.000000
vn -0.000000 -1.000000 0.000000
vn 0.000009 -1.000000 0.000000
vn 0.000009 -1.000000 0.000000
vn 0.000009 -1.000000 0.000000
vn -0.923879 0.000000 0.382684
vn -0.923879 0.000000 0.382684
vn -0.923879 0.000000 0.382684
vn -0.923879 0.000000 0.382684
vn -0.923879 0.000000 0.382684
vn -0.923879 0.000000 0.382684
vn -0.000000 1.000000 0.000000
vn -0.000000 1.000000 0.000000
vn -0.000000 1.000000 0.000000
vn -0.382683 0.000000 -0.923880
vn -0.382683 0.000000 -0.923880
vn -0.382683 0.000000 -0.923880
vn -0.382684 0.000000 -0.923879
vn -0.382684 0.000000 -0.923879
vn -0.382684 0.000000 -0.923879
vn -0.382683 -0.000001 0.923880
vn -0.382683 -0.000001 0.923880
vn -0.382683 -0.000001 0.923880
vn -0.382684 0.000000 0.923879
vn -0.382684 0.000000 0.923879
vn -0.382684 0.000000 0.923879
vn 0.923880 0.000000 0.382683
vn 0.923880 0.000000 0.382683
vn 0.923880 0.000000 0.382683
vn 0.923879 0.000000 0.382684
vn 0.923879 0.000000 0.382684
vn 0.923879 0.000000 0.382684
vn -0.923880 0.000000 -0.382683
vn -0.923880 0.000000 -0.382683
vn -0.923880 0.000000 -0.382683
vn -0.923880 0.000000 -0.382683
vn -0.923880 0.000000 -0.382683
vn -0.923880 0.000000 -0.382683
vn 0.923880 0.000000 -0.382683
vn 0.923880 0.000000 -0.382683
vn 0.923880 0.000000 -0.382683
vn 0.923880 0.000000 -0.382683
vn 0.923880 0.000000 -0.382683
vn 0.923880 0.000000 -0.382683
vn 0.382683 0.000000 -0.923880
vn 0.382683 0.000000 -0.923880
vn 0.382683 0.000000 -0.923880
vn 0.382683 0.000000 -0.923880
vn 0.382683 0.000000 -0.923880
vn 0.382683 0.000000 -0.923880
vn -0.923879 -0.000000 0.382684
vn -0.923879 -0.000000 0.382684
vn -0.923879 -0.000000 0.382684
vn -0.923880 0.000000 0.382683
vn -0.923880 0.000000 0.382683
vn -0.923880 0.000000 0.382683
vn -0.000000 0.000000 1.000000
vn -0.000000 0.000000 1.000000
vn -0.000000 0.000000 1.000000
vn -0.000000 0.000000 1.000000
vn -0.000000 0.000000 1.000000
vn -0.000000 0.000000 1.000000
vn -1.000000 0.000000 -0.000000
vn -1.000000 0.000000 -0.000000
vn -1.000000 0.000000 -0.000000
vn -1.000000 0.000000 -0.000000
vn -1.000000 0.000000 -0.000000
vn -1.000000 0.000000 -0.000000
vn 1.000000 0.000000 0.000000
vn 1.000000 0.000000 0.000000
vn 1.000000 0.000000 0.000000
vn 1.000000 0.000000 0.000000
vn 1.000000 0.000000 0.000000
vn 1.000000 0.000000 0.000000
vn -0.000000 -1.000000 0.000000
vn -0.000000 -1.000000 0.000000
vn -0.000000 -1.000000 0.000000
vn -0.000000 -1.000000 0.000000
vn -0.000000 -1.000000 0.000000
vn -0.000000 -1.000000 0.000000
vn -0.000000 1.000000 0.000000
vn -0.000000 1.000000 0.000000
vn -0.000000 1.000000 0.000000
vn -0.000000 1.000000 0.000000
vn -0.000000 1.000000 0.000000
vn -0.000000 1.000000 0.000000
vn 0.923880 0.000000 0.382683
vn 0.923880 0.000000 0.382683
vn 0.923880 0.000000 0.382683
vn 0.923879 0.000000 0.382684
vn 0.923879 0.000000 0.382684
vn 0.923879 0.000000 0.382684
vn -0.923880 -0.382682 -0.000000
vn -0.923880 -0.382682 -0.000000
vn -0.923880 -0.382682 -0.000000
vn -0.923879 -0.382685 -0.000000
vn -0.923879 -0.382685 -0.000000
vn -0.923879 -0.382685 -0.000000
vn -0.382689 -0.923877 -0.000000
vn -0.382689 -0.923877 -0.000000
vn -0.382689 -0.923877 -0.000000
vn -0.382678 -0.923882 -0.000000
vn -0.382678 -0.923882 -0.000000
vn -0.382678 -0.923882 -0.000000
vn -0.382684 0.000000 -0.923879
vn -0.382684 0.000000 -0.923879
vn -0.382684 0.000000 -0.923879
vn -0.382685 0.000000 -0.923879
vn -0.382685 0.000000 -0.923879
vn -0.382685 0.000000 -0.923879
vn 0.382678 -0.923882 0.000000
vn 0.382678 -0.923882 0.000000
vn 0.382678 -0.923882 0.000000
vn 0.382689 -0.923877 0.000000
vn 0.382689 -0.923877 0.000000
vn 0.382689 -0.923877 0.000000
vn 0.923880 0.000000 -0.382683
vn 0.923880 0.000000 -0.382683
vn 0.923880 0.000000 -0.382683
vn 0.923879 0.000000 -0.382685
vn 0.923879 0.000000 -0.382685
vn 0.923879 0.000000 -0.382685
vn 0.923879 -0.382685 0.000000
vn 0.923879 -0.382685 0.000000
vn 0.923879 -0.382685 0.000000
vn 0.923880 -0.382683 0.000000
vn 0.923880 -0.382683 0.000000
vn 0.923880 -0.382683 0.000000
vn 0.923880 0.382684 0.000000
vn 0.923880 0.382684 0.000000
vn 0.923880 0.382684 0.000000
vn 0.923879 0.382684 0.000000
vn 0.923879 0.382684 0.000000
vn 0.923879 0.382684 0.000000
vn -0.923880 0.000000 -0.382682
vn -0.923880 0.000000 -0.382682
vn -0.923880 0.000000 -0.382682
vn -0.923880 0.000000 -0.382684
vn -0.923880 0.000000 -0.382684
vn -0.923880 0.000000 -0.382684
vn 0.382684 0.923879 0.000000
vn 0.382684 0.923879 0.000000
vn 0.382684 0.923879 0.000000
vn 0.382684 0.923879 0.000000
vn 0.382684 0.923879 0.000000
vn 0.382684 0.923879 0.000000
vn -0.000000 0.000000 -1.000000
vn -0.000000 0.000000 -1.000000
vn -0.000000 0.000000 -1.000000
vn -0.382684 0.923879 -0.000000
vn -0.382684 0.923879 -0.000000
vn -0.382684 0.923879 -0.000000
vn -0.382684 0.923879 -0.000000
vn -0.382684 0.923879 -0.000000
vn -0.382684 0.923879 -0.000000
vn 0.382684 0.000000 -0.923879
vn 0.382684 0.000000 -0.923879
vn 0.382684 0.000000 -0.923879
vn 0.382685 0.000000 -0.923879
vn 0.382685 0.000000 -0.923879
vn 0.382685 0.000000 -0.923879
vn -0.923880 0.382682 -0.000000
vn -0.923880 0.382682 -0.000000
vn -0.923880 0.382682 -0.000000
vn -0.923880 0.382682 -0.000000
vn -0.923880 0.382682 -0.000000
vn -0.923880 0.382682 -0.000000
vn 0.382683 0.000000 0.923880
vn 0.382683 0.000000 0.923880
vn 0.382683 0.000000 0.923880
vn 0.382684 0.000000 0.923879
vn 0.382684 0.000000 0.923879
vn 0.382684 0.000000 0.923879
vn -0.382683 0.000000 0.923880
vn -0.382683 0.000000 0.923880
vn -0.382683 0.000000 0.923880
vn -0.382684 0.000000 0.923879
vn -0.382684 0.000000 0.923879
vn -0.382684 0.000000 0.923879
vn -0.923880 0.000000 0.382682
vn -0.923880 0.000000 0.382682
vn -0.923880 0.000000 0.382682
vn -0.923880 0.000000 0.382683
vn -0.923880 0.000000 0.382683
vn -0.923880 0.000000 0.382683
vn -0.000000 1.000000 0.000000
vn -0.000000 1.000000 0.000000
vn -0.000000 1.000000 0.000000
vn -0.000000 1.000000 0.000000
vn -0.000000 1.000000 0.000000
vn -0.000000 1.000000 0.000000
vn 0.000000 1.000000 0.000000
vn 0.000000 1.000000 0.000000
vn 0.000000 1.000000 0.000000
vn -0.000000 1.000000 0.000000
vn -0.000000 1.000000 0.000000
vn -0.000000 1.000000 0.000000
vn -0.000000 1.000000 -0.000000
vn -0.000000 1.000000 -0.000000
vn -0.000000 1.000000 -0.000000
vn -0.000000 1.000000 -0.000000
vn -0.000000 1.000000 -0.000000
vn -0.000000 1.000000 -0.000000
vn -0.000000 1.000000 -0.000000
vn -0.000000 1.000000 -0.000000
vn -0.000000 1.000000 -0.000000
vn -0.000000 1.000000 0.000000
vn -0.000000 1.000000 0.000000
vn -0.000000 1.000000 0.000000
vn -0.000000 1.000000 -0.000000
vn -0.000000 1.000000 -0.000000
vn -0.000000 1.000000 -0.000000
vn -0.000000 1.000000 -0.000000
vn -0.000000 1.000000 -0.000000
vn -0.000000 1.000000 -0.000000
vn -0.000000 1.000000 0.000000
vn -0.000000 1.000000 0.000000
vn -0.000000 1.000000 0.000000
vn -0.000000 1.000000 -0.000000
vn -0.000000 1.000000 -0.000000
vn -0.000000 1.000000 -0.000000
vn 0.000000 1.000000 0.000000
vn 0.000000 1.000000 0.000000
vn 0.000000 1.000000 0.000000
vn -0.000000 1.000000 0.000000
vn -0.000000 1.000000 0.000000
vn -0.000000 1.000000 0.000000
vn -0.000000 1.000000 -0.000000
vn -0.000000 1.000000 -0.000000
vn -0.000000 1.000000 -0.000000
vn -0.000000 0.000000 -1.000000
vn -0.000000 0.000000 -1.000000
vn -0.000000 0.000000 -1.000000
vn -0.000000 -0.000000 -1.000000
vn -0.000000 -0.000000 -1.000000
vn -0.000000 -0.000000 -1.000000
vn -0.000000 0.000000 -1.000000
vn -0.000000 0.000000 -1.000000
vn -0.000000 0.000000 -1.000000
vn -0.000000 0.000000 -1.000000
vn -0.000000 0.000000 -1.000000
vn -0.000000 0.000000 -1.000000
vn -0.000000 -0.000000 -1.000000
vn -0.000000 -0.000000 -1.000000
vn -0.000000 -0.000000 -1.000000
vn -0.000002 1.000000 0.000000
vn -0.000002 1.000000 0.000000
vn -0.000002 1.000000 0.000000
vn -0.000000 1.000000 0.000000
vn -0.000000 1.000000 0.000000
vn -0.000000 1.000000 0.000000
vn 0.000002 1.000000 0.000000
vn 0.000002 1.000000 0.000000
vn 0.000002 1.000000 0.000000
vn -0.000000 1.000000 0.000000
vn -0.000000 1.000000 0.000000
vn -0.000000 1.000000 0.000000
vn 0.000001 1.000000 0.000000
vn 0.000001 1.000000 0.000000
vn 0.000001 1.000000 0.000000
vn -0.000000 1.000000 0.000000
vn -0.000000 1.000000 0.000000
vn -0.000000 1.000000 0.000000
vn -0.000000 1.000000 0.000000
vn -0.000000 1.000000 0.000000
vn -0.000000 1.000000 0.000000
vn -0.000000 1.000000 0.000000
vn -0.000000 1.000000 0.000000
vn -0.000000 1.000000 0.000000
vn 0.000001 1.000000 0.000000
vn 0.000001 1.000000 0.000000
vn 0.000001 1.000000 0.000000
vn 0.000000 1.000000 0.000000
vn 0.000000 1.000000 0.000000
vn 0.000000 1.000000 0.000000
vn -0.000000 1.000000 0.000000
vn -0.000000 1.000000 0.000000
vn -0.000000 1.000000 0.000000
vn -0.911819 -0.161051 -0.377688
vn -0.911819 -0.161051 -0.377688
vn -0.911819 -0.161051 -0.377688
vn -0.911819 -0.161051 -0.377688
vn -0.911819 -0.161051 -0.377688
vn -0.911819 -0.161051 -0.377688
vn -0.377688 -0.161051 -0.911819
vn -0.377688 -0.161051 -0.911819
vn -0.377688 -0.161051 -0.911819
vn -0.377688 -0.161051 -0.911819
vn -0.377688 -0.161051 -0.911819
vn -0.377688 -0.161051 -0.911819
vn 0.377688 -0.161051 -0.911819
vn 0.377688 -0.161051 -0.911819
vn 0.377688 -0.161051 -0.911819
vn 0.377688 -0.161051 -0.911819
vn 0.377688 -0.161051 -0.911819
vn 0.377688 -0.161051 -0.911819
vn 0.911819 -0.161051 -0.377688
vn 0.911819 -0.161051 -0.377688
vn 0.911819 -0.161051 -0.377688
vn 0.911819 -0.161051 -0.377688
vn 0.911819 -0.161051 -0.377688
vn 0.911819 -0.161051 -0.377688
vn 0.911819 -0.161051 0.377688
vn 0.911819 -0.161051 0.377688
vn 0.911819 -0.161051 0.377688
vn 0.911819 -0.161051 0.377688
vn 0.911819 -0.161051 0.377688
vn 0.911819 -0.161051 0.377688
vn 0.377688 -0.161051 0.911819
vn 0.377688 -0.161051 0.911819
vn 0.377688 -0.161051 0.911819
vn 0.377688 -0.161051 0.911819
vn 0.377688 -0.161051 0.911819
vn 0.377688 -0.161051 0.911819
vn -0.377688 -0.161051 0.911819
vn -0.377688 -0.161051 0.911819
vn -0.377688 -0.161051 0.911819
vn -0.377688 -0.161051 0.911819
vn -0.377688 -0.161051 0.911819
vn -0.377688 -0.161051 0.911819
vn -0.911819 -0.161051 0.377688
vn -0.911819 -0.161051 0.377688
vn -0.911819 -0.161051 0.377688
vn -0.911819 -0.161051 0.377688
vn -0.911819 -0.161051 0.377688
vn -0.911819 -0.161051 0.377688
vn -0.915101 -0.137526 -0.379047
vn -0.915101 -0.137526 -0.379047
vn -0.915101 -0.137526 -0.379047
vn -0.915101 -0.137525 -0.379047
vn -0.915101 -0.137525 -0.379047
vn -0.915101 -0.137525 -0.379047
vn -0.379047 -0.137526 -0.915101
vn -0.379047 -0.137526 -0.915101
vn -0.379047 -0.137526 -0.915101
vn -0.379047 -0.137526 -0.915101
vn -0.379047 -0.137526 -0.915101
vn -0.379047 -0.137526 -0.915101
vn 0.379047 -0.137525 -0.915101
vn 0.379047 -0.137525 -0.915101
vn 0.379047 -0.137525 -0.915101
vn 0.379047 -0.137525 -0.915101
vn 0.379047 -0.137525 -0.915101
vn 0.379047 -0.137525 -0.915101
vn 0.915101 -0.137526 -0.379047
vn 0.915101 -0.137526 -0.379047
vn 0.915101 -0.137526 -0.379047
vn 0.915101 -0.137525 -0.379047
vn 0.915101 -0.137525 -0.379047
vn 0.915101 -0.137525 -0.379047
vn 0.915101 -0.137525 0.379047
vn 0.915101 -0.137525 0.379047
vn 0.915101 -0.137525 0.379047
vn 0.915101 -0.137526 0.379047
vn 0.915101 -0.137526 0.379047
vn 0.915101 -0.137526 0.379047
vn 0.379047 -0.137525 0.915101
vn 0.379047 -0.137525 0.915101
vn 0.379047 -0.137525 0.915101
vn 0.379047 -0.137526 0.915101
vn 0.379047 -0.137526 0.915101
vn 0.379047 -0.137526 0.915101
vn -0.379047 -0.137526 0.915101
vn -0.379047 -0.137526 0.915101
vn -0.379047 -0.137526 0.915101
vn -0.379047 -0.137525 0.915101
vn -0.379047 -0.137525 0.915101
vn -0.379047 -0.137525 0.915101
vn -0.915101 -0.137526 0.379047
vn -0.915101 -0.137526 0.379047
vn -0.915101 -0.137526 0.379047
vn -0.915101 -0.137526 0.379047
vn -0.915101 -0.137526 0.379047
vn -0.915101 -0.137526 0.379047
vn 0.000000 1.000000 -0.000000
vn 0.000000 1.000000 -0.000000
vn 0.000000 1.000000 -0.000000
vn -0.000000 1.000000 -0.000000
vn -0.000000 1.000000 -0.000000
vn -0.000000 1.000000 -0.000000
vn 0.000000 1.000000 0.000000
vn 0.000000 1.000000 0.000000
vn 0.000000 1.000000 0.000000
vn -0.000000 1.000000 0.000000
vn -0.000000 1.000000 0.000000
vn -0.000000 1.000000 0.000000
vn 0.000000 1.000000 0.000000
vn 0.000000 1.000000 0.000000
vn 0.000000 1.000000 0.000000
vn -0.000000 1.000000 0.000000
vn -0.000000 1.000000 0.000000
vn -0.000000 1.000000 0.000000
vn -0.000000 1.000000 0.000000
vn -0.000000 1.000000 0.000000
vn -0.000000 1.000000 0.000000
vn -0.000000 1.000000 0.000000
vn -0.000000 1.000000 0.000000
vn -0.000000 1.000000 0.000000
vn -0.000001 1.000000 0.000000
vn -0.000001 1.000000 0.000000
vn -0.000001 1.000000 0.000000
vn -0.000000 1.000000 0.000000
vn -0.000000 1.000000 0.000000
vn -0.000000 1.000000 0.000000
vn -0.000000 1.000000 -0.000000
vn -0.000000 1.000000 -0.000000
vn -0.000000 1.000000 -0.000000
vn -0.000000 1.000000 -0.000000
vn -0.000000 1.000000 -0.000000
vn -0.000000 1.000000 -0.000000
vn -0.000000 1.000000 -0.000000
vn -0.000000 1.000000 -0.000000
vn -0.000000 1.000000 -0.000000
vn -0.000000 1.000000 -0.000000
vn -0.000000 1.000000 -0.000000
vn -0.000000 1.000000 -0.000000
vn 0.000000 1.000000 -0.000000
vn 0.000000 1.000000 -0.000000
vn 0.000000 1.000000 -0.000000
vn -0.000000 1.000000 -0.000000
vn -0.000000 1.000000 -0.000000
vn -0.000000 1.000000 -0.000000
vn 0.000000 -1.000000 0.000000
vn 0.000000 -1.000000 0.000000
vn 0.000000 -1.000000 0.000000
vn -0.000000 -1.000000 0.000000
vn -0.000000 -1.000000 0.000000
vn -0.000000 -1.000000 0.000000
vn 0.000000 -1.000000 0.000000
vn 0.000000 -1.000000 0.000000
vn 0.000000 -1.000000 0.000000
vn -0.000000 -1.000000 0.000000
vn -0.000000 -1.000000 0.000000
vn -0.000000 -1.000000 0.000000
vn -0.000000 -1.000000 0.000000
vn -0.000000 -1.000000 0.000000
vn -0.000000 -1.000000 0.000000
vn -0.000000 -1.000000 0.000000
vn -0.000000 -1.000000 0.000000
vn -0.000000 -1.000000 0.000000

g Material.003
f 3/1/1 1/2/2 2/3/3
f 4/4/4 1/5/5 3/6/6
f 7/7/7 5/8/8 6/9/9
f 8/10/10 5/11/11 7/12/12
f 11/13/13 9/14/14 10/15/15
f 12/16/16 9/17/17 11/18/18
f 15/19/19 13/20/20 14/21/21
f 16/22/22 13/23/23 15/24/24
f 19/25/25 17/26/26 18/27/27
f 20/28/28 17/29/29 19/30/30
f 245/31/31 243/32/32 244/33/33
f 246/34/34 243/35/35 245/36/36
f 249/37/37 247/38/38 248/39/39
f 250/40/40 247/41/41 249/42/42
f 253/43/43 251/44/44 252/45/45
f 254/46/46 251/47/47 253/48/48
f 257/49/49 255/50/50 256/51/51
f 258/52/52 255/53/53 257/54/54
f 261/55/55 259/56/56 260/57/57
f 262/58/58 259/59/59 261/60/60
f 265/61/61 263/62/62 264/63/63
f 266/64/64 263/65/65 265/66/66

g Material
f 23/67/67 21/68/68 22/69/69
f 24/70/70 21/71/71 23/72/72
f 27/73/73 25/74/74 26/75/75
f 28/76/76 25/77/77 27/78/78
f 31/79/79 29/80/80 30/81/81
f 32/82/82 29/83/83 31/84/84
f 35/85/85 33/86/86 34/87/87
f 36/88/88 33/89/89 35/90/90
f 39/91/91 37/92/92 38/93/93
f 242/94/94 240/95/95 241/96/96
f 269/97/97 267/98/98 268/99/99
f 272/100/100 270/101/101 271/102/102
f 969/103/103 967/104/104 968/105/105
f 972/106/106 970/107/107 971/108/108
f 975/109/109 973/110/110 974/111/111
f 978/112/112 976/113/113 977/114/114
f 981/115/115 979/116/116 980/117/117
f 984/118/118 982/119/119 983/120/120
f 987/121/121 985/122/122 986/123/123
f 990/124/124 988/125/125 989/126/126
f 993/127/127 991/128/128 992/129/129
f 996/130/130 994/131/131 995/132/132
f 1101/133/133 1099/134/134 1100/135/135
f 1104/136/136 1102/137/137 1103/138/138
f 1107/139/139 1105/140/140 1106/141/141
f 1110/142/142 1108/143/143 1109/144/144
f 1113/145/145 1111/146/146 1112/147/147
f 1116/148/148 1114/149/149 1115/150/150
f 1119/151/151 1117/152/152 1118/153/153
f 1122/154/154 1120/155/155 1121/156/156
f 1125/157/157 1123/158/158 1124/159/159
f 1128/160/160 1126/161/161 1127/162/162

g Material.004
f 42/163/163 40/164/164 41/165/165
f 43/166/166 40/167/167 42/168/168
f 46/169/169 44/170/170 45/171/171
f 47/172/172 44/173/173 46/174/174
f 50/175/175 48/176/176 49/177/177
f 51/178/178 48/179/179 50/180/180
f 54/181/181 52/182/182 53/183/183
f 55/184/184 52/185/185 54/186/186
f 58/187/187 56/188/188 57/189/189
f 59/190/190 56/191/191 58/192/192
f 62/193/193 60/194/194 61/195/195
f 63/196/196 60/197/197 62/198/198
f 66/199/199 64/200/200 65/201/201
f 67/202/202 64/203/203 66/204/204
f 70/205/205 68/206/206 69/207/207
f 71/208/208 68/209/209 70/210/210
f 74/211/211 72/212/212 73/213/213
f 77/214/214 75/215/215 76/216/216
f 80/217/217 78/218/218 79/219/219
f 83/220/220 81/221/221 82/222/222
f 86/223/223 84/224/224 85/225/225
f 89/226/226 87/227/227 88/228/228
f 92/229/229 90/230/230 91/231/231
f 93/232/232 90/233/233 92/234/234
f 96/235/235 94/236/236 95/237/237
f 97/238/238 94/239/239 96/240/240
f 100/241/241 98/242/242 99/243/243
f 101/244/244 98/245/245 100/246/246
f 104/247/247 102/248/248 103/249/249
f 105/250/250 102/251/251 104/252/252
f 108/253/253 106/254/254 107/255/255
f 109/256/256 106/257/257 108/258/258
f 112/259/259 110/260/260 111/261/261
f 113/262/262 110/263/263 112/264/264
f 116/265/265 114/266/266 115/267/267
f 117/268/268 114/269/269 116/270/270
f 120/271/271 118/272/272 119/273/273
f 121/274/274 118/275/275 120/276/276
f 124/277/277 122/278/278 123/279/279
f 127/280/280 125/281/281 126/282/282
f 130/283/283 128/284/284 129/285/285
f 133/286/286 131/287/287 132/288/288
f 136/289/289 134/290/290 135/291/291
f 139/292/292 137/293/293 138/294/294
f 142/295/295 140/296/296 141/297/297
f 143/298/298 140/299/299 142/300/300
f 146/301/301 144/302/302 145/303/303
f 147/304/304 144/305/305 146/306/306
f 150/307/307 148/308/308 149/309/309
f 151/310/310 148/311/311 150/312/312
f 154/313/313 152/314/314 153/315/315
f 155/316/316 152/317/317 154/318/318
f 158/319/319 156/320/320 157/321/321
f 159/322/322 156/323/323 158/324/324
f 162/325/325 160/326/326 161/327/327
f 163/328/328 160/329/329 162/330/330
f 166/331/331 164/332/332 165/333/333
f 167/334/334 164/335/335 166/336/336
f 170/337/337 168/338/338 169/339/339
f 171/340/340 168/341/341 170/342/342
f 174/343/343 172/344/344 173/345/345
f 177/346/346 175/347/347 176/348/348
f 180/349/349 178/350/350 179/351/351
f 183/352/352 181/353/353 182/354/354
f 186/355/355 184/356/356 185/357/357
f 189/358/358 187/359/359 188/360/360
f 192/361/361 190/362/362 191/363/363
f 193/364/364 190/365/365 192/366/366
f 196/367/367 194/368/368 195/369/369
f 197/370/370 194/371/371 196/372/372
f 200/373/373 198/374/374 199/375/375
f 201/376/376 198/377/377 200/378/378
f 204/379/379 202/380/380 203/381/381
f 205/382/382 202/383/383 204/384/384
f 208/385/385 206/386/386 207/387/387
f 209/388/388 206/389/389 208/390/390
f 212/391/391 210/392/392 211/393/393
f 213/394/394 210/395/395 212/396/396
f 216/397/397 214/398/398 215/399/399
f 217/400/400 214/401/401 216/402/402
f 220/403/403 218/404/404 219/405/405
f 221/406/406 218/407/407 220/408/408
f 224/409/409 222/410/410 223/411/411
f 227/412/412 225/413/413 226/414/414
f 230/415/415 228/416/416 229/417/417
f 233/418/418 231/419/419 232/420/420
f 236/421/421 234/422/422 235/423/423
f 239/424/424 237/425/425 238/426/426
f 275/427/427 273/428/428 274/429/429
f 276/430/430 273/431/431 275/432/432
f 279/433/433 277/434/434 278/435/435
f 280/436/436 277/437/437 279/438/438
f 283/439/439 281/440/440 282/441/441
f 284/442/442 281/443/443 283/444/444
f 287/445/445 285/446/446 286/447/447
f 288/448/448 285/449/449 287/450/450
f 291/451/451 289/452/452 290/453/453
f 292/454/454 289/455/455 291/456/456
f 295/457/457 293/458/458 294/459/459
f 296/460/460 293/461/461 295/462/462
f 299/463/463 297/464/464 298/465/465
f 300/466/466 297/467/467 299/468/468
f 303/469/469 301/470/470 302/471/471
f 304/472/472 301/473/473 303/474/474
f 307/475/475 305/476/476 306/477/477
f 308/478/478 305/479/479 307/480/480
f 311/481/481 309/482/482 310/483/483
f 312/484/484 309/485/485 311/486/486
f 315/487/487 313/488/488 314/489/489
f 316/490/490 313/491/491 315/492/492
f 319/493/493 317/494/494 318/495/495
f 320/496/496 317/497/497 319/498/498
f 323/499/499 321/500/500 322/501/501
f 324/502/502 321/503/503 323/504/504
f 327/505/505 325/506/506 326/507/507
f 328/508/508 325/509/509 327/510/510
f 331/511/511 329/512/512 330/513/513
f 332/514/514 329/515/515 331/516/516
f 335/517/517 333/518/518 334/519/519
f 336/520/520 333/521/521 335/522/522
f 339/523/523 337/524/524 338/525/525
f 340/526/526 337/527/527 339/528/528
f 343/529/529 341/530/530 342/531/531
f 344/532/532 341/533/533 343/534/534
f 347/535/535 345/536/536 346/537/537
f 348/538/538 345/539/539 347/540/540
f 351/541/541 349/542/542 350/543/543
f 352/544/544 349/545/545 351/546/546
f 355/547/547 353/548/548 354/549/549
f 356/550/550 353/551/551 355/552/552
f 359/553/553 357/554/554 358/555/555
f 360/556/556 357/557/557 359/558/558
f 363/559/559 361/560/560 362/561/561
f 364/562/562 361/563/563 363/564/564
f 367/565/565 365/566/566 366/567/567
f 368/568/568 365/569/569 367/570/570
f 371/571/571 369/572/572 370/573/573
f 374/574/574 372/575/575 373/576/576
f 375/577/577 372/578/578 374/579/579
f 378/580/580 376/581/581 377/582/582
f 379/583/583 376/584/584 378/585/585
f 382/586/586 380/587/587 381/588/588
f 383/589/589 380/590/590 382/591/591
f 386/592/592 384/593/593 385/594/594
f 387/595/595 384/596/596 386/597/597
f 390/598/598 388/599/599 389/600/600
f 393/601/601 391/602/602 392/603/603
f 394/604/604 391/605/605 393/606/606
f 397/607/607 395/608/608 396/609/609
f 398/610/610 395/611/611 397/612/612
f 401/613/613 399/614/614 400/615/615
f 402/616/616 399/617/617 401/618/618
f 405/619/619 403/620/620 404/621/621
f 406/622/622 403/623/623 405/624/624
f 409/625/625 407/626/626 408/627/627
f 410/628/628 407/629/629 409/630/630
f 413/631/631 411/632/632 412/633/633
f 414/634/634 411/635/635 413/636/636
f 417/637/637 415/638/638 416/639/639
f 418/640/640 415/641/641 417/642/642
f 421/643/643 419/644/644 420/645/645
f 422/646/646 419/647/647 421/648/648
f 425/649/649 423/650/650 424/651/651
f 426/652/652 423/653/653 425/654/654
f 429/655/655 427/656/656 428/657/657
f 430/658/658 427/659/659 429/660/660
f 433/661/661 431/662/662 432/663/663
f 434/664/664 431/665/665 433/666/666
f 437/667/667 435/668/668 436/669/669
f 438/670/670 435/671/671 437/672/672
f 441/673/673 439/674/674 440/675/675
f 442/676/676 439/677/677 441/678/678
f 445/679/679 443/680/680 444/681/681
f 446/682/682 443/683/683 445/684/684
f 449/685/685 447/686/686 448/687/687
f 450/688/688 447/689/689 449/690/690
f 453/691/691 451/692/692 452/693/693
f 454/694/694 451/695/695 453/696/696
f 457/697/697 455/698/698 456/699/699
f 458/700/700 455/701/701 457/702/702
f 461/703/703 459/704/704 460/705/705
f 462/706/706 459/707/707 461/708/708
f 465/709/709 463/710/710 464/711/711
f 466/712/712 463/713/713 465/714/714
f 469/715/715 467/716/716 468/717/717
f 470/718/718 467/719/719 469/720/720
f 473/721/721 471/722/722 472/723/723
f 474/724/724 471/725/725 473/726/726
f 477/727/727 475/728/728 476/729/729
f 478/730/730 475/731/731 477/732/732
f 481/733/733 479/734/734 480/735/735
f 482/736/736 479/737/737 481/738/738
f 485/739/739 483/740/740 484/741/741
f 486/742/742 483/743/743 485/744/744
f 489/745/745 487/746/746 488/747/747
f 490/748/748 487/749/749 489/750/750
f 493/751/751 491/752/752 492/753/753
f 494/754/754 491/755/755 493/756/756
f 497/757/757 495/758/758 496/759/759
f 498/760/760 495/761/761 497/762/762
f 501/763/763 499/764/764 500/765/765
f 502/766/766 499/767/767 501/768/768
f 505/769/769 503/770/770 504/771/771
f 506/772/772 503/773/773 505/774/774
f 509/775/775 507/776/776 508/777/777
f 510/778/778 507/779/779 509/780/780
f 513/781/781 511/782/782 512/783/783
f 514/784/784 511/785/785 513/786/786
f 517/787/787 515/788/788 516/789/789
f 518/790/790 515/791/791 517/792/792
f 521/793/793 519/794/794 520/795/795
f 522/796/796 519/797/797 521/798/798
f 525/799/799 523/800/800 524/801/801
f 526/802/802 523/803/803 525/804/804
f 529/805/805 527/806/806 528/807/807
f 530/808/808 527/809/809 529/810/810
f 533/811/811 531/812/812 532/813/813
f 534/814/814 531/815/815 533/816/816
f 537/817/817 535/818/818 536/819/819
f 538/820/820 535/821/821 537/822/822
f 541/823/823 539/824/824 540/825/825
f 542/826/826 539/827/827 541/828/828
f 545/829/829 543/830/830 544/831/831
f 546/832/832 543/833/833 545/834/834
f 549/835/835 547/836/836 548/837/837
f 550/838/838 547/839/839 549/840/840
f 553/841/841 551/842/842 552/843/843
f 554/844/844 551/845/845 553/846/846
f 557/847/847 555/848/848 556/849/849
f 558/850/850 555/851/851 557/852/852
f 561/853/853 559/854/854 560/855/855
f 562/856/856 559/857/857 561/858/858
f 565/859/859 563/860/860 564/861/861
f 566/862/862 563/863/863 565/864/864
f 569/865/865 567/866/866 568/867/867
f 570/868/868 567/869/869 569/870/870
f 573/871/871 571/872/872 572/873/873
f 574/874/874 571/875/875 573/876/876
f 577/877/877 575/878/878 576/879/879
f 578/880/880 575/881/881 577/882/882
f 581/883/883 579/884/884 580/885/885
f 582/886/886 579/887/887 581/888/888
f 585/889/889 583/890/890 584/891/891
f 586/892/892 583/893/893 585/894/894
f 589/895/895 587/896/896 588/897/897
f 590/898/898 587/899/899 589/900/900
f 593/901/901 591/902/902 592/903/903
f 594/904/904 591/905/905 593/906/906
f 597/907/907 595/908/908 596/909/909
f 598/910/910 595/911/911 597/912/912
f 601/913/913 599/914/914 600/915/915
f 602/916/916 599/917/917 601/918/918
f 605/919/919 603/920/920 604/921/921
f 606/922/922 603/923/923 605/924/924
f 609/925/925 607/926/926 608/927/927
f 610/928/928 607/929/929 609/930/930
f 613/931/931 611/932/932 612/933/933
f 614/934/934 611/935/935 613/936/936
f 617/937/937 615/938/938 616/939/939
f 618/940/940 615/941/941 617/942/942
f 621/943/943 619/944/944 620/945/945
f 622/946/946 619/947/947 621/948/948
f 625/949/949 623/950/950 624/951/951
f 626/952/952 623/953/953 625/954/954
f 629/955/955 627/956/956 628/957/957
f 630/958/958 627/959/959 629/960/960
f 633/961/961 631/962/962 632/963/963
f 634/964/964 631/965/965 633/966/966
f 637/967/967 635/968/968 636/969/969
f 645/970/970 643/971/971 644/972/972
f 646/973/973 643/974/974 645/975/975
f 649/976/976 647/977/977 648/978/978
f 650/979/979 647/980/980 649/981/981
f 653/982/982 651/983/983 652/984/984
f 654/985/985 651/986/986 653/987/987
f 657/988/988 655/989/989 656/990/990
f 658/991/991 655/992/992 657/993/993
f 661/994/994 659/995/995 660/996/996
f 662/997/997 659/998/998 661/999/999
f 665/1000/1000 663/1001/1001 664/1002/1002
f 666/1003/1003 663/1004/1004 665/1005/1005
f 669/1006/1006 667/1007/1007 668/1008/1008
f 670/1009/1009 667/1010/1010 669/1011/1011
f 775/1012/1012 773/1013/1013 774/1014/1014
f 776/1015/1015 773/1016/1016 775/1017/1017
f 779/1018/1018 777/1019/1019 778/1020/1020
f 780/1021/1021 777/1022/1022 779/1023/1023
f 783/1024/1024 781/1025/1025 782/1026/1026
f 784/1027/1027 781/1028/1028 783/1029/1029
f 787/1030/1030 785/1031/1031 786/1032/1032
f 788/1033/1033 785/1034/1034 787/1035/1035
f 791/1036/1036 789/1037/1037 790/1038/1038
f 792/1039/1039 789/1040/1040 791/1041/1041
f 795/1042/1042 793/1043/1043 794/1044/1044
f 796/1045/1045 793/1046/1046 795/1047/1047
f 799/1048/1048 797/1049/1049 798/1050/1050
f 800/1051/1051 797/1052/1052 799/1053/1053
f 803/1054/1054 801/1055/1055 802/1056/1056
f 804/1057/1057 801/1058/1058 803/1059/1059
f 807/1060/1060 805/1061/1061 806/1062/1062
f 808/1063/1063 805/1064/1064 807/1065/1065
f 811/1066/1066 809/1067/1067 810/1068/1068
f 812/1069/1069 809/1070/1070 811/1071/1071
f 815/1072/1072 813/1073/1073 814/1074/1074
f 816/1075/1075 813/1076/1076 815/1077/1077
f 819/1078/1078 817/1079/1079 818/1080/1080
f 820/1081/1081 817/1082/1082 819/1083/1083
f 823/1084/1084 821/1085/1085 822/1086/1086
f 824/1087/1087 821/1088/1088 823/1089/1089
f 827/1090/1090 825/1091/1091 826/1092/1092
f 828/1093/1093 825/1094/1094 827/1095/1095
f 831/1096/1096 829/1097/1097 830/1098/1098
f 832/1099/1099 829/1100/1100 831/1101/1101
f 835/1102/1102 833/1103/1103 834/1104/1104
f 836/1105/1105 833/1106/1106 835/1107/1107
f 839/1108/1108 837/1109/1109 838/1110/1110
f 840/1111/1111 837/1112/1112 839/1113/1113
f 843/1114/1114 841/1115/1115 842/1116/1116
f 846/1117/1117 844/1118/1118 845/1119/1119
f 847/1120/1120 844/1121/1121 846/1122/1122
f 850/1123/1123 848/1124/1124 849/1125/1125
f 851/1126/1126 848/1127/1127 850/1128/1128
f 854/1129/1129 852/1130/1130 853/1131/1131
f 855/1132/1132 852/1133/1133 854/1134/1134
f 858/1135/1135 856/1136/1136 857/1137/1137
f 859/1138/1138 856/1139/1139 858/1140/1140
f 862/1141/1141 860/1142/1142 861/1143/1143
f 863/1144/1144 860/1145/1145 862/1146/1146
f 866/1147/1147 864/1148/1148 865/1149/1149
f 867/1150/1150 864/1151/1151 866/1152/1152
f 870/1153/1153 868/1154/1154 869/1155/1155
f 871/1156/1156 868/1157/1157 870/1158/1158
f 874/1159/1159 872/1160/1160 873/1161/1161
f 875/1162/1162 872/1163/1163 874/1164/1164
f 878/1165/1165 876/1166/1166 877/1167/1167
f 879/1168/1168 876/1169/1169 878/1170/1170
f 882/1171/1171 880/1172/1172 881/1173/1173
f 883/1174/1174 880/1175/1175 882/1176/1176
f 886/1177/1177 884/1178/1178 885/1179/1179
f 887/1180/1180 884/1181/1181 886/1182/1182
f 890/1183/1183 888/1184/1184 889/1185/1185
f 891/1186/1186 888/1187/1187 890/1188/1188
f 894/1189/1189 892/1190/1190 893/1191/1191
f 895/1192/1192 892/1193/1193 894/1194/1194
f 898/1195/1195 896/1196/1196 897/1197/1197
f 899/1198/1198 896/1199/1199 898/1200/1200
f 902/1201/1201 900/1202/1202 901/1203/1203
f 903/1204/1204 900/1205/1205 902/1206/1206
f 906/1207/1207 904/1208/1208 905/1209/1209
f 907/1210/1210 904/1211/1211 906/1212/1212
f 910/1213/1213 908/1214/1214 909/1215/1215
f 911/1216/1216 908/1217/1217 910/1218/1218
f 914/1219/1219 912/1220/1220 913/1221/1221
f 915/1222/1222 912/1223/1223 914/1224/1224
f 918/1225/1225 916/1226/1226 917/1227/1227
f 919/1228/1228 916/1229/1229 918/1230/1230
f 922/1231/1231 920/1232/1232 921/1233/1233
f 923/1234/1234 920/1235/1235 922/1236/1236
f 926/1237/1237 924/1238/1238 925/1239/1239
f 927/1240/1240 924/1241/1241 926/1242/1242
f 930/1243/1243 928/1244/1244 929/1245/1245
f 931/1246/1246 928/1247/1247 930/1248/1248
f 934/1249/1249 932/1250/1250 933/1251/1251
f 937/1252/1252 935/1253/1253 936/1254/1254
f 938/1255/1255 935/1256/1256 937/1257/1257
f 941/1258/1258 939/1259/1259 940/1260/1260
f 942/1261/1261 939/1262/1262 941/1263/1263
f 945/1264/1264 943/1265/1265 944/1266/1266
f 946/1267/1267 943/1268/1268 945/1269/1269
f 949/1270/1270 947/1271/1271 948/1272/1272
f 950/1273/1273 947/1274/1274 949/1275/1275
f 953/1276/1276 951/1277/1277 952/1278/1278
f 954/1279/1279 951/1280/1280 953/1281/1281
f 957/1282/1282 955/1283/1283 956/1284/1284
f 958/1285/1285 955/1286/1286 957/1287/1287
f 961/1288/1288 959/1289/1289 960/1290/1290
f 999/1291/1291 997/1292/1292 998/1293/1293
f 1002/1294/1294 1000/1295/1295 1001/1296/1296
f 1005/1297/1297 1003/1298/1298 1004/1299/1299
f 1008/1300/1300 1006/1301/1301 1007/1302/1302
f 1011/1303/1303 1009/1304/1304 1010/1305/1305
f 1014/1306/1306 1012/1307/1307 1013/1308/1308
f 1017/1309/1309 1015/1310/1310 1016/1311/1311
f 1020/1312/1312 1018/1313/1313 1019/1314/1314
f 1023/1315/1315 1021/1316/1316 1022/1317/1317
f 1026/1318/1318 1024/1319/1319 1025/1320/1320
f 1029/1321/1321 1027/1322/1322 1028/1323/1323
f 1032/1324/1324 1030/1325/1325 1031/1326/1326
f 1035/1327/1327 1033/1328/1328 1034/1329/1329
f 1038/1330/1330 1036/1331/1331 1037/1332/1332
f 1041/1333/1333 1039/1334/1334 1040/1335/1335
f 1044/1336/1336 1042/1337/1337 1043/1338/1338
f 1047/1339/1339 1045/1340/1340 1046/1341/1341
f 1050/1342/1342 1048/1343/1343 1049/1344/1344
f 1053/1345/1345 1051/1346/1346 1052/1347/1347
f 1056/1348/1348 1054/1349/1349 1055/1350/1350
f 1059/1351/1351 1057/1352/1352 1058/1353/1353
f 1062/1354/1354 1060/1355/1355 1061/1356/1356
f 1065/1357/1357 1063/1358/1358 1064/1359/1359
f 1068/1360/1360 1066/1361/1361 1067/1362/1362

g Material.005
f 673/1363/1363 671/1364/1364 672/1365/1365
f 1086/1366/1366 1084/1367/1367 1085/1368/1368
f 1089/1369/1369 1087/1370/1370 1088/1371/1371
f 1092/1372/1372 1090/1373/1373 1091/1374/1374
f 1095/1375/1375 1093/1376/1376 1094/1377/1377
f 1098/1378/1378 1096/1379/1379 1097/1380/1380

g Material.002
f 676/1381/1381 674/1382/1382 675/1383/1383
f 677/1384/1384 674/1385/1385 676/1386/1386
f 680/1387/1387 678/1388/1388 679/1389/1389
f 681/1390/1390 678/1391/1391 680/1392/1392
f 684/1393/1393 682/1394/1394 683/1395/1395
f 685/1396/1396 682/1397/1397 684/1398/1398
f 688/1399/1399 686/1400/1400 687/1401/1401
f 689/1402/1402 686/1403/1403 688/1404/1404
f 692/1405/1405 690/1406/1406 691/1407/1407
f 693/1408/1408 690/1409/1409 692/1410/1410
f 696/1411/1411 694/1412/1412 695/1413/1413
f 697/1414/1414 694/1415/1415 696/1416/1416
f 700/1417/1417 698/1418/1418 699/1419/1419
f 701/1420/1420 698/1421/1421 700/1422/1422
f 704/1423/1423 702/1424/1424 703/1425/1425
f 705/1426/1426 702/1427/1427 704/1428/1428
f 708/1429/1429 706/1430/1430 707/1431/1431
f 709/1432/1432 706/1433/1433 708/1434/1434
f 712/1435/1435 710/1436/1436 711/1437/1437
f 713/1438/1438 710/1439/1439 712/1440/1440
f 716/1441/1441 714/1442/1442 715/1443/1443
f 717/1444/1444 714/1445/1445 716/1446/1446
f 720/1447/1447 718/1448/1448 719/1449/1449
f 721/1450/1450 718/1451/1451 720/1452/1452
f 724/1453/1453 722/1454/1454 723/1455/1455
f 725/1456/1456 722/1457/1457 724/1458/1458
f 728/1459/1459 726/1460/1460 727/1461/1461
f 729/1462/1462 726/1463/1463 728/1464/1464
f 732/1465/1465 730/1466/1466 731/1467/1467
f 733/1468/1468 730/1469/1469 732/1470/1470
f 736/1471/1471 734/1472/1472 735/1473/1473
f 737/1474/1474 734/1475/1475 736/1476/1476
f 740/1477/1477 738/1478/1478 739/1479/1479
f 741/1480/1480 738/1481/1481 740/1482/1482
f 744/1483/1483 742/1484/1484 743/1485/1485
f 745/1486/1486 742/1487/1487 744/1488/1488
f 748/1489/1489 746/1490/1490 747/1491/1491
f 749/1492/1492 746/1493/1493 748/1494/1494
f 752/1495/1495 750/1496/1496 751/1497/1497
f 753/1498/1498 750/1499/1499 752/1500/1500
f 756/1501/1501 754/1502/1502 755/1503/1503
f 757/1504/1504 754/1505/1505 756/1506/1506
f 760/1507/1507 758/1508/1508 759/1509/1509
f 761/1510/1510 758/1511/1511 760/1512/1512
f 764/1513/1513 762/1514/1514 763/1515/1515
f 765/1516/1516 762/1517/1517 764/1518/1518
f 768/1519/1519 766/1520/1520 767/1521/1521
f 769/1522/1522 766/1523/1523 768/1524/1524
f 772/1525/1525 770/1526/1526 771/1527/1527
f 1071/1528/1528 1069/1529/1529 1070/1530/1530
f 1074/1531/1531 1072/1532/1532 1073/1533/1533
f 1077/1534/1534 1075/1535/1535 1076/1536/1536
f 1080/1537/1537 1078/1538/1538 1079/1539/1539
f 1083/1540/1540 1081/1541/1541 1082/1542/1542

