# Converted from B3D for Luanti (With Correct Normals)
# Object Name: multidecor_porcelain_teapot

v 0.000000 -0.865000 -0.324000
v 0.152735 -0.940000 -0.152735
v 0.000000 -0.940000 -0.216000
v 0.229103 -0.865000 -0.229103
v 0.152735 -0.940000 -0.152735
v 0.000000 -0.865000 -0.324000
v 0.229103 -0.865000 0.229103
v 0.000000 -0.940000 0.216000
v 0.152735 -0.940000 0.152735
v 0.000000 -0.865000 0.324000
v 0.000000 -0.940000 0.216000
v 0.229103 -0.865000 0.229103
v -0.229103 -0.865000 -0.229103
v 0.000000 -0.940000 -0.216000
v -0.152735 -0.940000 -0.152735
v 0.000000 -0.865000 -0.324000
v 0.000000 -0.940000 -0.216000
v -0.229103 -0.865000 -0.229103
v 0.324000 -0.865000 0.000000
v 0.152735 -0.940000 0.152735
v 0.216000 -0.940000 0.000000
v 0.229103 -0.865000 0.229103
v 0.152735 -0.940000 0.152735
v 0.324000 -0.865000 0.000000
v -0.324000 -0.865000 -0.000000
v -0.152735 -0.940000 -0.152735
v -0.216000 -0.940000 -0.000000
v -0.229103 -0.865000 -0.229103
v -0.152735 -0.940000 -0.152735
v -0.324000 -0.865000 -0.000000
v 0.000000 -0.865000 0.324000
v -0.152735 -0.940000 0.152735
v 0.000000 -0.940000 0.216000
v -0.229103 -0.865000 0.229103
v -0.152735 -0.940000 0.152735
v 0.000000 -0.865000 0.324000
v 0.229103 -0.865000 -0.229103
v 0.216000 -0.940000 0.000000
v 0.152735 -0.940000 -0.152735
v 0.324000 -0.865000 0.000000
v 0.216000 -0.940000 0.000000
v 0.229103 -0.865000 -0.229103
v 0.297833 -0.745000 -0.297833
v 0.324000 -0.865000 0.000000
v 0.229103 -0.865000 -0.229103
v 0.421200 -0.745000 0.000000
v 0.324000 -0.865000 0.000000
v 0.297833 -0.745000 -0.297833
v -0.229103 -0.865000 0.229103
v -0.216000 -0.940000 -0.000000
v -0.152735 -0.940000 0.152735
v -0.324000 -0.865000 -0.000000
v -0.216000 -0.940000 -0.000000
v -0.229103 -0.865000 0.229103
v -0.169706 -1.000000 -0.169706
v 0.169706 -1.000000 0.169706
v -0.169706 -1.000000 0.169706
v -0.000000 -0.655000 0.421200
v -0.297833 -0.745000 0.297833
v 0.000000 -0.745000 0.421200
v -0.297833 -0.655000 0.297833
v -0.297833 -0.745000 0.297833
v -0.000000 -0.655000 0.421200
v -0.297833 -0.745000 0.297833
v -0.324000 -0.865000 -0.000000
v -0.229103 -0.865000 0.229103
v -0.421200 -0.745000 -0.000000
v -0.324000 -0.865000 -0.000000
v -0.297833 -0.745000 0.297833
v 0.421200 -0.745000 0.000000
v 0.229103 -0.865000 0.229103
v 0.324000 -0.865000 0.000000
v 0.297833 -0.745000 0.297833
v 0.229103 -0.865000 0.229103
v 0.421200 -0.745000 0.000000
v 0.000000 -0.745000 -0.421200
v 0.229103 -0.865000 -0.229103
v 0.000000 -0.865000 -0.324000
v 0.297833 -0.745000 -0.297833
v 0.229103 -0.865000 -0.229103
v 0.000000 -0.745000 -0.421200
v 0.000000 -0.745000 0.421200
v -0.229103 -0.865000 0.229103
v 0.000000 -0.865000 0.324000
v -0.297833 -0.745000 0.297833
v -0.229103 -0.865000 0.229103
v 0.000000 -0.745000 0.421200
v -0.297833 -0.745000 -0.297833
v 0.000000 -0.865000 -0.324000
v -0.229103 -0.865000 -0.229103
v 0.000000 -0.745000 -0.421200
v 0.000000 -0.865000 -0.324000
v -0.297833 -0.745000 -0.297833
v -0.421200 -0.745000 -0.000000
v -0.229103 -0.865000 -0.229103
v -0.324000 -0.865000 -0.000000
v -0.297833 -0.745000 -0.297833
v -0.229103 -0.865000 -0.229103
v -0.421200 -0.745000 -0.000000
v 0.297833 -0.745000 0.297833
v 0.000000 -0.865000 0.324000
v 0.229103 -0.865000 0.229103
v 0.000000 -0.745000 0.421200
v 0.000000 -0.865000 0.324000
v 0.297833 -0.745000 0.297833
v -0.421200 -0.655000 -0.000000
v -0.297833 -0.745000 -0.297833
v -0.421200 -0.745000 -0.000000
v -0.297833 -0.655000 -0.297833
v -0.297833 -0.745000 -0.297833
v -0.421200 -0.655000 -0.000000
v 0.000000 -0.655000 -0.421200
v 0.297833 -0.745000 -0.297833
v 0.000000 -0.745000 -0.421200
v 0.297833 -0.655000 -0.297833
v 0.297833 -0.745000 -0.297833
v 0.000000 -0.655000 -0.421200
v 0.421200 -0.655000 0.000000
v 0.297833 -0.745000 0.297833
v 0.421200 -0.745000 0.000000
v 0.297833 -0.655000 0.297833
v 0.297833 -0.745000 0.297833
v 0.421200 -0.655000 0.000000
v -0.297833 -0.655000 0.297833
v -0.421200 -0.745000 -0.000000
v -0.297833 -0.745000 0.297833
v -0.421200 -0.655000 -0.000000
v -0.421200 -0.745000 -0.000000
v -0.297833 -0.655000 0.297833
v -0.297833 -0.655000 -0.297833
v 0.000000 -0.745000 -0.421200
v -0.297833 -0.745000 -0.297833
v 0.000000 -0.655000 -0.421200
v 0.000000 -0.745000 -0.421200
v -0.297833 -0.655000 -0.297833
v 0.297833 -0.655000 -0.297833
v 0.421200 -0.745000 0.000000
v 0.297833 -0.745000 -0.297833
v 0.421200 -0.655000 0.000000
v 0.421200 -0.745000 0.000000
v 0.297833 -0.655000 -0.297833
v 0.297833 -0.655000 0.297833
v 0.000000 -0.745000 0.421200
v 0.297833 -0.745000 0.297833
v -0.000000 -0.655000 0.421200
v 0.000000 -0.745000 0.421200
v 0.297833 -0.655000 0.297833
v 0.297833 -0.565000 -0.297833
v 0.379080 -0.475000 0.000000
v 0.421200 -0.565000 0.000000
v 0.268050 -0.475000 -0.268050
v 0.379080 -0.475000 0.000000
v 0.297833 -0.565000 -0.297833
v -0.000000 -0.655000 0.421200
v -0.297833 -0.565000 0.297833
v -0.297833 -0.655000 0.297833
v 0.000000 -0.565000 0.421200
v -0.297833 -0.565000 0.297833
v -0.000000 -0.655000 0.421200
v -0.297833 -0.565000 0.297833
v -0.379080 -0.475000 -0.000000
v -0.421200 -0.565000 -0.000000
v -0.268050 -0.475000 0.268050
v -0.379080 -0.475000 -0.000000
v -0.297833 -0.565000 0.297833
v 0.421200 -0.565000 0.000000
v 0.268050 -0.475000 0.268050
v 0.297833 -0.565000 0.297833
v 0.379080 -0.475000 0.000000
v 0.268050 -0.475000 0.268050
v 0.421200 -0.565000 0.000000
v 0.000000 -0.565000 -0.421200
v 0.268050 -0.475000 -0.268050
v 0.297833 -0.565000 -0.297833
v 0.000000 -0.475000 -0.379080
v 0.268050 -0.475000 -0.268050
v 0.000000 -0.565000 -0.421200
v 0.000000 -0.565000 0.421200
v -0.268050 -0.475000 0.268050
v -0.297833 -0.565000 0.297833
v 0.000000 -0.475000 0.379080
v -0.268050 -0.475000 0.268050
v 0.000000 -0.565000 0.421200
v -0.297833 -0.565000 -0.297833
v 0.000000 -0.475000 -0.379080
v 0.000000 -0.565000 -0.421200
v -0.268050 -0.475000 -0.268050
v 0.000000 -0.475000 -0.379080
v -0.297833 -0.565000 -0.297833
v -0.421200 -0.565000 -0.000000
v -0.268050 -0.475000 -0.268050
v -0.297833 -0.565000 -0.297833
v -0.379080 -0.475000 -0.000000
v -0.268050 -0.475000 -0.268050
v -0.421200 -0.565000 -0.000000
v 0.297833 -0.565000 0.297833
v 0.000000 -0.475000 0.379080
v 0.000000 -0.565000 0.421200
v 0.268050 -0.475000 0.268050
v 0.000000 -0.475000 0.379080
v 0.297833 -0.565000 0.297833
v -0.421200 -0.655000 -0.000000
v -0.297833 -0.565000 -0.297833
v -0.297833 -0.655000 -0.297833
v -0.421200 -0.565000 -0.000000
v -0.297833 -0.565000 -0.297833
v -0.421200 -0.655000 -0.000000
v 0.000000 -0.655000 -0.421200
v 0.297833 -0.565000 -0.297833
v 0.297833 -0.655000 -0.297833
v 0.000000 -0.565000 -0.421200
v 0.297833 -0.565000 -0.297833
v 0.000000 -0.655000 -0.421200
v 0.421200 -0.655000 0.000000
v 0.297833 -0.565000 0.297833
v 0.297833 -0.655000 0.297833
v 0.421200 -0.565000 0.000000
v 0.297833 -0.565000 0.297833
v 0.421200 -0.655000 0.000000
v -0.297833 -0.655000 0.297833
v -0.421200 -0.565000 -0.000000
v -0.421200 -0.655000 -0.000000
v -0.297833 -0.565000 0.297833
v -0.421200 -0.565000 -0.000000
v -0.297833 -0.655000 0.297833
v -0.297833 -0.655000 -0.297833
v 0.000000 -0.565000 -0.421200
v 0.000000 -0.655000 -0.421200
v -0.297833 -0.565000 -0.297833
v 0.000000 -0.565000 -0.421200
v -0.297833 -0.655000 -0.297833
v 0.297833 -0.655000 -0.297833
v 0.421200 -0.565000 0.000000
v 0.421200 -0.655000 0.000000
v 0.297833 -0.565000 -0.297833
v 0.421200 -0.565000 0.000000
v 0.297833 -0.655000 -0.297833
v 0.297833 -0.655000 0.297833
v 0.000000 -0.565000 0.421200
v -0.000000 -0.655000 0.421200
v 0.297833 -0.565000 0.297833
v 0.000000 -0.565000 0.421200
v 0.297833 -0.655000 0.297833
v -0.265356 -0.400000 -0.000000
v -0.268050 -0.475000 0.268050
v -0.187635 -0.400000 0.187635
v -0.379080 -0.475000 -0.000000
v -0.268050 -0.475000 0.268050
v -0.265356 -0.400000 -0.000000
v 0.000000 -0.400000 -0.265356
v -0.268050 -0.475000 -0.268050
v -0.187635 -0.400000 -0.187635
v 0.000000 -0.475000 -0.379080
v -0.268050 -0.475000 -0.268050
v 0.000000 -0.400000 -0.265356
v 0.265356 -0.400000 0.000000
v 0.268050 -0.475000 -0.268050
v 0.187635 -0.400000 -0.187635
v 0.379080 -0.475000 0.000000
v 0.268050 -0.475000 -0.268050
v 0.265356 -0.400000 0.000000
v 0.000000 -0.400000 0.265356
v 0.268050 -0.475000 0.268050
v 0.187635 -0.400000 0.187635
v 0.000000 -0.475000 0.379080
v 0.268050 -0.475000 0.268050
v 0.000000 -0.400000 0.265356
v -0.187635 -0.400000 0.187635
v 0.000000 -0.475000 0.379080
v 0.000000 -0.400000 0.265356
v -0.268050 -0.475000 0.268050
v 0.000000 -0.475000 0.379080
v -0.187635 -0.400000 0.187635
v -0.187635 -0.400000 -0.187635
v -0.379080 -0.475000 -0.000000
v -0.265356 -0.400000 -0.000000
v -0.268050 -0.475000 -0.268050
v -0.379080 -0.475000 -0.000000
v -0.187635 -0.400000 -0.187635
v 0.187635 -0.400000 -0.187635
v 0.000000 -0.475000 -0.379080
v 0.000000 -0.400000 -0.265356
v 0.268050 -0.475000 -0.268050
v 0.000000 -0.475000 -0.379080
v 0.187635 -0.400000 -0.187635
v 0.187635 -0.400000 0.187635
v 0.379080 -0.475000 0.000000
v 0.265356 -0.400000 0.000000
v 0.268050 -0.475000 0.268050
v 0.379080 -0.475000 0.000000
v 0.187635 -0.400000 0.187635
v 0.000000 -0.295000 -0.132678
v -0.187635 -0.355000 -0.187635
v -0.093817 -0.295000 -0.093818
v 0.000000 -0.355000 -0.265356
v -0.187635 -0.355000 -0.187635
v 0.000000 -0.295000 -0.132678
v 0.132678 -0.295000 0.000000
v 0.187635 -0.355000 -0.187635
v 0.093818 -0.295000 -0.093817
v 0.265356 -0.355000 0.000000
v 0.187635 -0.355000 -0.187635
v 0.132678 -0.295000 0.000000
v 0.000000 -0.295000 0.132678
v 0.187635 -0.355000 0.187635
v 0.093818 -0.295000 0.093817
v 0.000000 -0.355000 0.265356
v 0.187635 -0.355000 0.187635
v 0.000000 -0.295000 0.132678
v -0.093817 -0.295000 0.093818
v 0.000000 -0.355000 0.265356
v 0.000000 -0.295000 0.132678
v -0.187635 -0.355000 0.187635
v 0.000000 -0.355000 0.265356
v -0.093817 -0.295000 0.093818
v -0.093817 -0.295000 -0.093818
v -0.265356 -0.355000 -0.000000
v -0.132678 -0.295000 -0.000000
v -0.187635 -0.355000 -0.187635
v -0.265356 -0.355000 -0.000000
v -0.093817 -0.295000 -0.093818
v 0.093818 -0.295000 -0.093817
v 0.000000 -0.355000 -0.265356
v 0.000000 -0.295000 -0.132678
v 0.187635 -0.355000 -0.187635
v 0.000000 -0.355000 -0.265356
v 0.093818 -0.295000 -0.093817
v 0.093818 -0.295000 0.093817
v 0.265356 -0.355000 0.000000
v 0.132678 -0.295000 0.000000
v 0.187635 -0.355000 0.187635
v 0.265356 -0.355000 0.000000
v 0.093818 -0.295000 0.093817
v -0.132678 -0.295000 -0.000000
v -0.187635 -0.355000 0.187635
v -0.093817 -0.295000 0.093818
v -0.265356 -0.355000 -0.000000
v -0.187635 -0.355000 0.187635
v -0.132678 -0.295000 -0.000000
v -0.039803 -0.295000 -0.000000
v -0.093817 -0.295000 0.093818
v -0.028145 -0.295000 0.028145
v -0.132678 -0.295000 -0.000000
v -0.093817 -0.295000 0.093818
v -0.039803 -0.295000 -0.000000
v 0.000000 -0.295000 -0.039803
v -0.093817 -0.295000 -0.093818
v -0.028145 -0.295000 -0.028145
v 0.000000 -0.295000 -0.132678
v -0.093817 -0.295000 -0.093818
v 0.000000 -0.295000 -0.039803
v 0.039803 -0.295000 0.000000
v 0.093818 -0.295000 -0.093817
v 0.028145 -0.295000 -0.028145
v 0.132678 -0.295000 0.000000
v 0.093818 -0.295000 -0.093817
v 0.039803 -0.295000 0.000000
v 0.000000 -0.295000 0.039803
v 0.093818 -0.295000 0.093817
v 0.028145 -0.295000 0.028145
v 0.000000 -0.295000 0.132678
v 0.093818 -0.295000 0.093817
v 0.000000 -0.295000 0.039803
v -0.028145 -0.295000 0.028145
v 0.000000 -0.295000 0.132678
v 0.000000 -0.295000 0.039803
v -0.093817 -0.295000 0.093818
v 0.000000 -0.295000 0.132678
v -0.028145 -0.295000 0.028145
v -0.028145 -0.295000 -0.028145
v -0.132678 -0.295000 -0.000000
v -0.039803 -0.295000 -0.000000
v -0.093817 -0.295000 -0.093818
v -0.132678 -0.295000 -0.000000
v -0.028145 -0.295000 -0.028145
v 0.028145 -0.295000 -0.028145
v 0.000000 -0.295000 -0.132678
v 0.000000 -0.295000 -0.039803
v 0.093818 -0.295000 -0.093817
v 0.000000 -0.295000 -0.132678
v 0.028145 -0.295000 -0.028145
v 0.028145 -0.295000 0.028145
v 0.132678 -0.295000 0.000000
v 0.039803 -0.295000 0.000000
v 0.093818 -0.295000 0.093817
v 0.132678 -0.295000 0.000000
v 0.028145 -0.295000 0.028145
v 0.036589 -0.235000 0.036589
v 0.039803 -0.295000 0.000000
v 0.051744 -0.235000 0.000000
v 0.028145 -0.295000 0.028145
v 0.039803 -0.295000 0.000000
v 0.036589 -0.235000 0.036589
v -0.051744 -0.235000 -0.000000
v -0.028145 -0.295000 0.028145
v -0.036589 -0.235000 0.036589
v -0.039803 -0.295000 -0.000000
v -0.028145 -0.295000 0.028145
v -0.051744 -0.235000 -0.000000
v 0.000000 -0.235000 -0.051744
v -0.028145 -0.295000 -0.028145
v -0.036589 -0.235000 -0.036589
v 0.000000 -0.295000 -0.039803
v -0.028145 -0.295000 -0.028145
v 0.000000 -0.235000 -0.051744
v 0.051744 -0.235000 0.000000
v 0.028145 -0.295000 -0.028145
v 0.036589 -0.235000 -0.036589
v 0.039803 -0.295000 0.000000
v 0.028145 -0.295000 -0.028145
v 0.051744 -0.235000 0.000000
v 0.000000 -0.235000 0.051744
v 0.028145 -0.295000 0.028145
v 0.036589 -0.235000 0.036589
v 0.000000 -0.295000 0.039803
v 0.028145 -0.295000 0.028145
v 0.000000 -0.235000 0.051744
v -0.036589 -0.235000 0.036589
v 0.000000 -0.295000 0.039803
v 0.000000 -0.235000 0.051744
v -0.028145 -0.295000 0.028145
v 0.000000 -0.295000 0.039803
v -0.036589 -0.235000 0.036589
v -0.036589 -0.235000 -0.036589
v -0.039803 -0.295000 -0.000000
v -0.051744 -0.235000 -0.000000
v -0.028145 -0.295000 -0.028145
v -0.039803 -0.295000 -0.000000
v -0.036589 -0.235000 -0.036589
v 0.036589 -0.235000 -0.036589
v 0.000000 -0.295000 -0.039803
v 0.000000 -0.235000 -0.051744
v 0.028145 -0.295000 -0.028145
v 0.000000 -0.295000 -0.039803
v 0.036589 -0.235000 -0.036589
v 0.036589 -0.205000 0.036589
v 0.051744 -0.235000 0.000000
v 0.051744 -0.205000 0.000000
v 0.036589 -0.235000 0.036589
v 0.051744 -0.235000 0.000000
v 0.036589 -0.205000 0.036589
v -0.051744 -0.205000 -0.000000
v -0.036589 -0.235000 0.036589
v -0.036589 -0.205000 0.036589
v -0.051744 -0.235000 -0.000000
v -0.036589 -0.235000 0.036589
v -0.051744 -0.205000 -0.000000
v 0.000000 -0.205000 -0.051744
v -0.036589 -0.235000 -0.036589
v -0.036589 -0.205000 -0.036589
v 0.000000 -0.235000 -0.051744
v -0.036589 -0.235000 -0.036589
v 0.000000 -0.205000 -0.051744
v 0.051744 -0.205000 0.000000
v 0.036589 -0.235000 -0.036589
v 0.036589 -0.205000 -0.036589
v 0.051744 -0.235000 0.000000
v 0.036589 -0.235000 -0.036589
v 0.051744 -0.205000 0.000000
v 0.000000 -0.205000 0.051744
v 0.036589 -0.235000 0.036589
v 0.036589 -0.205000 0.036589
v 0.000000 -0.235000 0.051744
v 0.036589 -0.235000 0.036589
v 0.000000 -0.205000 0.051744
v -0.036589 -0.205000 0.036589
v 0.000000 -0.235000 0.051744
v 0.000000 -0.205000 0.051744
v -0.036589 -0.235000 0.036589
v 0.000000 -0.235000 0.051744
v -0.036589 -0.205000 0.036589
v -0.036589 -0.205000 -0.036589
v -0.051744 -0.235000 -0.000000
v -0.051744 -0.205000 -0.000000
v -0.036589 -0.235000 -0.036589
v -0.051744 -0.235000 -0.000000
v -0.036589 -0.205000 -0.036589
v 0.036589 -0.205000 -0.036589
v 0.000000 -0.235000 -0.051744
v 0.000000 -0.205000 -0.051744
v 0.036589 -0.235000 -0.036589
v 0.000000 -0.235000 -0.051744
v 0.036589 -0.205000 -0.036589
v 0.051744 -0.205000 0.000000
v 0.036589 -0.205000 -0.036589
v 0.036589 -0.205000 0.036589
v -0.395863 -0.813547 0.041459
v -0.381331 -0.734183 0.040521
v -0.417097 -0.753179 0.041459
v -0.359252 -0.797978 0.040521
v -0.381331 -0.734183 0.040521
v -0.395863 -0.813547 0.041459
v -0.435945 -0.723232 -0.039433
v -0.381745 -0.734403 -0.040474
v -0.417511 -0.753399 -0.039536
v -0.408448 -0.693501 -0.040371
v -0.381745 -0.734403 -0.040474
v -0.435945 -0.723232 -0.039433
v -0.435445 -0.671598 0.040708
v -0.435626 -0.722887 0.041562
v -0.408129 -0.693156 0.040623
v -0.462483 -0.701748 0.041647
v -0.435626 -0.722887 0.041562
v -0.435445 -0.671598 0.040708
v -0.417097 -0.753179 0.041459
v -0.408129 -0.693156 0.040623
v -0.435626 -0.722887 0.041562
v -0.381331 -0.734183 0.040521
v -0.408129 -0.693156 0.040623
v -0.417097 -0.753179 0.041459
v -0.408129 -0.693156 0.040623
v -0.381745 -0.734403 -0.040474
v -0.408448 -0.693501 -0.040371
v -0.381331 -0.734183 0.040521
v -0.381745 -0.734403 -0.040474
v -0.408129 -0.693156 0.040623
v -0.417097 -0.753179 0.041459
v -0.435945 -0.723232 -0.039433
v -0.417511 -0.753399 -0.039536
v -0.435626 -0.722887 0.041562
v -0.435945 -0.723232 -0.039433
v -0.417097 -0.753179 0.041459
v -0.481930 -0.688097 0.041746
v -0.462803 -0.702090 -0.039348
v -0.462483 -0.701748 0.041647
v -0.482273 -0.688422 -0.039248
v -0.462803 -0.702090 -0.039348
v -0.481930 -0.688097 0.041746
v -0.435765 -0.671941 -0.040286
v -0.408129 -0.693156 0.040623
v -0.408448 -0.693501 -0.040371
v -0.435445 -0.671598 0.040708
v -0.408129 -0.693156 0.040623
v -0.435765 -0.671941 -0.040286
v -0.462483 -0.701748 0.041647
v -0.435945 -0.723232 -0.039433
v -0.435626 -0.722887 0.041562
v -0.462803 -0.702090 -0.039348
v -0.435945 -0.723232 -0.039433
v -0.462483 -0.701748 0.041647
v -0.462803 -0.702090 -0.039348
v -0.408448 -0.693501 -0.040371
v -0.435945 -0.723232 -0.039433
v -0.435765 -0.671941 -0.040286
v -0.408448 -0.693501 -0.040371
v -0.462803 -0.702090 -0.039348
v -0.507944 -0.674367 -0.039028
v -0.460953 -0.653991 -0.040163
v -0.482273 -0.688422 -0.039248
v -0.489425 -0.638351 -0.039921
v -0.460953 -0.653991 -0.040163
v -0.507944 -0.674367 -0.039028
v -0.482273 -0.688422 -0.039248
v -0.435765 -0.671941 -0.040286
v -0.462803 -0.702090 -0.039348
v -0.460953 -0.653991 -0.040163
v -0.435765 -0.671941 -0.040286
v -0.482273 -0.688422 -0.039248
v -0.460610 -0.653666 0.040831
v -0.462483 -0.701748 0.041647
v -0.435445 -0.671598 0.040708
v -0.481930 -0.688097 0.041746
v -0.462483 -0.701748 0.041647
v -0.460610 -0.653666 0.040831
v -0.460953 -0.653991 -0.040163
v -0.435445 -0.671598 0.040708
v -0.435765 -0.671941 -0.040286
v -0.460610 -0.653666 0.040831
v -0.435445 -0.671598 0.040708
v -0.460953 -0.653991 -0.040163
v -0.519245 -0.622997 0.041361
v -0.507591 -0.674046 0.041966
v -0.489073 -0.638031 0.041074
v -0.537667 -0.659062 0.042252
v -0.507591 -0.674046 0.041966
v -0.519245 -0.622997 0.041361
v -0.489073 -0.638031 0.041074
v -0.481930 -0.688097 0.041746
v -0.460610 -0.653666 0.040831
v -0.507591 -0.674046 0.041966
v -0.481930 -0.688097 0.041746
v -0.489073 -0.638031 0.041074
v -0.489425 -0.638351 -0.039921
v -0.460610 -0.653666 0.040831
v -0.460953 -0.653991 -0.040163
v -0.489073 -0.638031 0.041074
v -0.460610 -0.653666 0.040831
v -0.489425 -0.638351 -0.039921
v -0.507591 -0.674046 0.041966
v -0.482273 -0.688422 -0.039248
v -0.481930 -0.688097 0.041746
v -0.507944 -0.674367 -0.039028
v -0.482273 -0.688422 -0.039248
v -0.507591 -0.674046 0.041966
v -0.570769 -0.641008 0.042521
v -0.538016 -0.659384 -0.038742
v -0.537667 -0.659062 0.042252
v -0.571102 -0.641339 -0.038473
v -0.538016 -0.659384 -0.038742
v -0.570769 -0.641008 0.042521
v -0.519593 -0.623319 -0.039633
v -0.489073 -0.638031 0.041074
v -0.489425 -0.638351 -0.039921
v -0.519245 -0.622997 0.041361
v -0.489073 -0.638031 0.041074
v -0.519593 -0.623319 -0.039633
v -0.537667 -0.659062 0.042252
v -0.507944 -0.674367 -0.039028
v -0.507591 -0.674046 0.041966
v -0.538016 -0.659384 -0.038742
v -0.507944 -0.674367 -0.039028
v -0.537667 -0.659062 0.042252
v -0.538016 -0.659384 -0.038742
v -0.489425 -0.638351 -0.039921
v -0.507944 -0.674367 -0.039028
v -0.519593 -0.623319 -0.039633
v -0.489425 -0.638351 -0.039921
v -0.538016 -0.659384 -0.038742
v -0.579688 -0.586018 0.041746
v -0.570769 -0.641008 0.042521
v -0.549854 -0.606329 0.041610
v -0.605569 -0.617165 0.042675
v -0.570769 -0.641008 0.042521
v -0.579688 -0.586018 0.041746
v -0.571102 -0.641339 -0.038473
v -0.519593 -0.623319 -0.039633
v -0.538016 -0.659384 -0.038742
v -0.550187 -0.606660 -0.039384
v -0.519593 -0.623319 -0.039633
v -0.571102 -0.641339 -0.038473
v -0.549854 -0.606329 0.041610
v -0.537667 -0.659062 0.042252
v -0.519245 -0.622997 0.041361
v -0.570769 -0.641008 0.042521
v -0.537667 -0.659062 0.042252
v -0.549854 -0.606329 0.041610
v -0.550187 -0.606660 -0.039384
v -0.519245 -0.622997 0.041361
v -0.519593 -0.623319 -0.039633
v -0.549854 -0.606329 0.041610
v -0.519245 -0.622997 0.041361
v -0.550187 -0.606660 -0.039384
v -0.605669 -0.558641 -0.039396
v -0.579688 -0.586018 0.041746
v -0.579992 -0.586369 -0.039249
v -0.605404 -0.558246 0.041598
v -0.579688 -0.586018 0.041746
v -0.605669 -0.558641 -0.039396
v -0.579992 -0.586369 -0.039249
v -0.549854 -0.606329 0.041610
v -0.550187 -0.606660 -0.039384
v -0.579688 -0.586018 0.041746
v -0.549854 -0.606329 0.041610
v -0.579992 -0.586369 -0.039249
v -0.605569 -0.617165 0.042675
v -0.571102 -0.641339 -0.038473
v -0.570769 -0.641008 0.042521
v -0.605874 -0.617516 -0.038319
v -0.571102 -0.641339 -0.038473
v -0.605569 -0.617165 0.042675
v -0.605874 -0.617516 -0.038319
v -0.550187 -0.606660 -0.039384
v -0.571102 -0.641339 -0.038473
v -0.579992 -0.586369 -0.039249
v -0.550187 -0.606660 -0.039384
v -0.605874 -0.617516 -0.038319
v -0.661375 -0.533991 0.041771
v -0.638940 -0.581730 -0.038511
v -0.638675 -0.581336 0.042484
v -0.661611 -0.534446 -0.039222
v -0.638940 -0.581730 -0.038511
v -0.661375 -0.533991 0.041771
v -0.638675 -0.581336 0.042484
v -0.605874 -0.617516 -0.038319
v -0.605569 -0.617165 0.042675
v -0.638940 -0.581730 -0.038511
v -0.605874 -0.617516 -0.038319
v -0.638675 -0.581336 0.042484
v -0.638940 -0.581730 -0.038511
v -0.579992 -0.586369 -0.039249
v -0.605874 -0.617516 -0.038319
v -0.605669 -0.558641 -0.039396
v -0.579992 -0.586369 -0.039249
v -0.638940 -0.581730 -0.038511
v -0.605404 -0.558246 0.041598
v -0.605569 -0.617165 0.042675
v -0.579688 -0.586018 0.041746
v -0.638675 -0.581336 0.042484
v -0.605569 -0.617165 0.042675
v -0.605404 -0.558246 0.041598
v -0.665358 -0.477914 0.040543
v -0.661611 -0.534446 -0.039222
v -0.661375 -0.533991 0.041771
v -0.665589 -0.478326 -0.040451
v -0.661611 -0.534446 -0.039222
v -0.665358 -0.477914 0.040543
v -0.661611 -0.534446 -0.039222
v -0.605669 -0.558641 -0.039396
v -0.638940 -0.581730 -0.038511
v -0.622538 -0.523796 -0.039917
v -0.605669 -0.558641 -0.039396
v -0.661611 -0.534446 -0.039222
v -0.622302 -0.523341 0.041076
v -0.638675 -0.581336 0.042484
v -0.605404 -0.558246 0.041598
v -0.661375 -0.533991 0.041771
v -0.638675 -0.581336 0.042484
v -0.622302 -0.523341 0.041076
v -0.622538 -0.523796 -0.039917
v -0.605404 -0.558246 0.041598
v -0.605669 -0.558641 -0.039396
v -0.622302 -0.523341 0.041076
v -0.605404 -0.558246 0.041598
v -0.622538 -0.523796 -0.039917
v -0.606969 -0.445487 0.039411
v -0.665358 -0.477914 0.040543
v -0.625270 -0.483673 0.040202
v -0.635011 -0.416266 0.039269
v -0.665358 -0.477914 0.040543
v -0.606969 -0.445487 0.039411
v -0.665589 -0.478326 -0.040451
v -0.622538 -0.523796 -0.039917
v -0.661611 -0.534446 -0.039222
v -0.625501 -0.484085 -0.040792
v -0.622538 -0.523796 -0.039917
v -0.665589 -0.478326 -0.040451
v -0.625270 -0.483673 0.040202
v -0.661375 -0.533991 0.041771
v -0.622302 -0.523341 0.041076
v -0.665358 -0.477914 0.040543
v -0.661375 -0.533991 0.041771
v -0.625270 -0.483673 0.040202
v -0.625501 -0.484085 -0.040792
v -0.622302 -0.523341 0.041076
v -0.622538 -0.523796 -0.039917
v -0.625270 -0.483673 0.040202
v -0.622302 -0.523341 0.041076
v -0.625501 -0.484085 -0.040792
v -0.575571 -0.388179 0.038907
v -0.635142 -0.416490 -0.041729
v -0.635011 -0.416266 0.039269
v -0.575542 -0.388320 -0.042092
v -0.635142 -0.416490 -0.041729
v -0.575571 -0.388179 0.038907
v -0.607099 -0.445711 -0.041587
v -0.625270 -0.483673 0.040202
v -0.625501 -0.484085 -0.040792
v -0.606969 -0.445487 0.039411
v -0.625270 -0.483673 0.040202
v -0.607099 -0.445711 -0.041587
v -0.635011 -0.416266 0.039269
v -0.665589 -0.478326 -0.040451
v -0.665358 -0.477914 0.040543
v -0.635142 -0.416490 -0.041729
v -0.665589 -0.478326 -0.040451
v -0.635011 -0.416266 0.039269
v -0.635142 -0.416490 -0.041729
v -0.625501 -0.484085 -0.040792
v -0.665589 -0.478326 -0.040451
v -0.607099 -0.445711 -0.041587
v -0.625501 -0.484085 -0.040792
v -0.635142 -0.416490 -0.041729
v -0.524450 -0.388703 0.039092
v -0.575542 -0.388320 -0.042092
v -0.575571 -0.388179 0.038907
v -0.524354 -0.388841 -0.041908
v -0.575542 -0.388320 -0.042092
v -0.524450 -0.388703 0.039092
v -0.575542 -0.388320 -0.042092
v -0.607099 -0.445711 -0.041587
v -0.635142 -0.416490 -0.041729
v -0.568698 -0.428237 -0.041806
v -0.607099 -0.445711 -0.041587
v -0.575542 -0.388320 -0.042092
v -0.568726 -0.428097 0.039194
v -0.635011 -0.416266 0.039269
v -0.606969 -0.445487 0.039411
v -0.575571 -0.388179 0.038907
v -0.635011 -0.416266 0.039269
v -0.568726 -0.428097 0.039194
v -0.568698 -0.428237 -0.041806
v -0.606969 -0.445487 0.039411
v -0.607099 -0.445711 -0.041587
v -0.568726 -0.428097 0.039194
v -0.606969 -0.445487 0.039411
v -0.568698 -0.428237 -0.041806
v -0.494592 -0.437922 0.039595
v -0.524450 -0.388703 0.039092
v -0.530391 -0.428765 0.039337
v -0.480322 -0.400020 0.039410
v -0.524450 -0.388703 0.039092
v -0.494592 -0.437922 0.039595
v -0.524354 -0.388841 -0.041908
v -0.568698 -0.428237 -0.041806
v -0.575542 -0.388320 -0.042092
v -0.530295 -0.428903 -0.041662
v -0.568698 -0.428237 -0.041806
v -0.524354 -0.388841 -0.041908
v -0.530391 -0.428765 0.039337
v -0.575571 -0.388179 0.038907
v -0.568726 -0.428097 0.039194
v -0.524450 -0.388703 0.039092
v -0.575571 -0.388179 0.038907
v -0.530391 -0.428765 0.039337
v -0.530295 -0.428903 -0.041662
v -0.568726 -0.428097 0.039194
v -0.568698 -0.428237 -0.041806
v -0.530391 -0.428765 0.039337
v -0.568726 -0.428097 0.039194
v -0.530295 -0.428903 -0.041662
v -0.440474 -0.419591 0.039767
v -0.480207 -0.400162 -0.041589
v -0.480322 -0.400020 0.039410
v -0.440371 -0.419727 -0.041232
v -0.480207 -0.400162 -0.041589
v -0.440474 -0.419591 0.039767
v -0.494478 -0.438064 -0.041404
v -0.530391 -0.428765 0.039337
v -0.530295 -0.428903 -0.041662
v -0.494592 -0.437922 0.039595
v -0.530391 -0.428765 0.039337
v -0.494478 -0.438064 -0.041404
v -0.480322 -0.400020 0.039410
v -0.524354 -0.388841 -0.041908
v -0.524450 -0.388703 0.039092
v -0.480207 -0.400162 -0.041589
v -0.524354 -0.388841 -0.041908
v -0.480322 -0.400020 0.039410
v -0.480207 -0.400162 -0.041589
v -0.530295 -0.428903 -0.041662
v -0.524354 -0.388841 -0.041908
v -0.494478 -0.438064 -0.041404
v -0.530295 -0.428903 -0.041662
v -0.480207 -0.400162 -0.041589
v -0.403361 -0.448120 -0.040890
v -0.461573 -0.454233 -0.041108
v -0.440371 -0.419727 -0.041232
v -0.431945 -0.476811 -0.040834
v -0.461573 -0.454233 -0.041108
v -0.403361 -0.448120 -0.040890
v -0.440371 -0.419727 -0.041232
v -0.494478 -0.438064 -0.041404
v -0.480207 -0.400162 -0.041589
v -0.461573 -0.454233 -0.041108
v -0.494478 -0.438064 -0.041404
v -0.440371 -0.419727 -0.041232
v -0.461676 -0.454097 0.039891
v -0.480322 -0.400020 0.039410
v -0.494592 -0.437922 0.039595
v -0.440474 -0.419591 0.039767
v -0.480322 -0.400020 0.039410
v -0.461676 -0.454097 0.039891
v -0.461573 -0.454233 -0.041108
v -0.494592 -0.437922 0.039595
v -0.494478 -0.438064 -0.041404
v -0.461676 -0.454097 0.039891
v -0.494592 -0.437922 0.039595
v -0.461573 -0.454233 -0.041108
v -0.353516 -0.497738 0.040540
v -0.403361 -0.448120 -0.040890
v -0.403428 -0.448012 0.040109
v -0.353448 -0.497846 -0.040459
v -0.403361 -0.448120 -0.040890
v -0.353516 -0.497738 0.040540
v -0.432013 -0.476703 0.040166
v -0.440474 -0.419591 0.039767
v -0.461676 -0.454097 0.039891
v -0.403428 -0.448012 0.040109
v -0.440474 -0.419591 0.039767
v -0.432013 -0.476703 0.040166
v -0.431945 -0.476811 -0.040834
v -0.461676 -0.454097 0.039891
v -0.461573 -0.454233 -0.041108
v -0.432013 -0.476703 0.040166
v -0.461676 -0.454097 0.039891
v -0.431945 -0.476811 -0.040834
v -0.403428 -0.448012 0.040109
v -0.440371 -0.419727 -0.041232
v -0.440474 -0.419591 0.039767
v -0.403361 -0.448120 -0.040890
v -0.440371 -0.419727 -0.041232
v -0.403428 -0.448012 0.040109
v -0.353448 -0.497846 -0.040459
v -0.431945 -0.476811 -0.040834
v -0.403361 -0.448120 -0.040890
v -0.382032 -0.526537 -0.040403
v -0.431945 -0.476811 -0.040834
v -0.353448 -0.497846 -0.040459
v -0.382100 -0.526430 0.040597
v -0.403428 -0.448012 0.040109
v -0.432013 -0.476703 0.040166
v -0.353516 -0.497738 0.040540
v -0.403428 -0.448012 0.040109
v -0.382100 -0.526430 0.040597
v -0.382032 -0.526537 -0.040403
v -0.432013 -0.476703 0.040166
v -0.431945 -0.476811 -0.040834
v -0.382100 -0.526430 0.040597
v -0.432013 -0.476703 0.040166
v -0.382032 -0.526537 -0.040403
v -0.359711 -0.798077 -0.040474
v -0.359252 -0.797978 0.040521
v -0.396322 -0.813647 -0.039536
v -0.396322 -0.813647 -0.039536
v -0.417097 -0.753179 0.041459
v -0.417511 -0.753399 -0.039536
v -0.395863 -0.813547 0.041459
v -0.417097 -0.753179 0.041459
v -0.396322 -0.813647 -0.039536
v -0.359252 -0.797978 0.040521
v -0.381745 -0.734403 -0.040474
v -0.381331 -0.734183 0.040521
v -0.359711 -0.798077 -0.040474
v -0.381745 -0.734403 -0.040474
v -0.359252 -0.797978 0.040521
v -0.359711 -0.798077 -0.040474
v -0.417511 -0.753399 -0.039536
v -0.381745 -0.734403 -0.040474
v -0.396322 -0.813647 -0.039536
v -0.417511 -0.753399 -0.039536
v -0.359711 -0.798077 -0.040474
v 0.279777 -0.795591 0.092846
v 0.428433 -0.681020 0.103955
v 0.279777 -0.702745 0.131304
v 0.455536 -0.749349 0.073507
v 0.428433 -0.681020 0.103955
v 0.279777 -0.795591 0.092846
v 0.279777 -0.834049 -0.000000
v 0.455536 -0.749349 0.073507
v 0.279777 -0.795591 0.092846
v 0.466762 -0.777652 -0.000000
v 0.455536 -0.749349 0.073507
v 0.279777 -0.834049 -0.000000
v 0.279777 -0.795591 -0.092846
v 0.466762 -0.777652 -0.000000
v 0.279777 -0.834049 -0.000000
v 0.455536 -0.749349 -0.073508
v 0.466762 -0.777652 -0.000000
v 0.279777 -0.795591 -0.092846
v 0.279777 -0.702745 -0.131304
v 0.455536 -0.749349 -0.073508
v 0.279777 -0.795591 -0.092846
v 0.428433 -0.681020 -0.103956
v 0.455536 -0.749349 -0.073508
v 0.279777 -0.702745 -0.131304
v 0.279777 -0.609899 -0.092846
v 0.428433 -0.681020 -0.103956
v 0.279777 -0.702745 -0.131304
v 0.401330 -0.612692 -0.073508
v 0.428433 -0.681020 -0.103956
v 0.279777 -0.609899 -0.092846
v 0.279777 -0.571441 -0.000000
v 0.401330 -0.612692 -0.073508
v 0.279777 -0.609899 -0.092846
v 0.390104 -0.584389 -0.000000
v 0.401330 -0.612692 -0.073508
v 0.279777 -0.571441 -0.000000
v 0.279777 -0.609899 0.092846
v 0.390104 -0.584389 -0.000000
v 0.279777 -0.571441 -0.000000
v 0.401330 -0.612692 0.073507
v 0.390104 -0.584389 -0.000000
v 0.279777 -0.609899 0.092846
v 0.279777 -0.702745 0.131304
v 0.401330 -0.612692 0.073507
v 0.279777 -0.609899 0.092846
v 0.428433 -0.681020 0.103955
v 0.401330 -0.612692 0.073507
v 0.279777 -0.702745 0.131304
v 0.496575 -0.632806 0.082035
v 0.401330 -0.612692 0.073507
v 0.428433 -0.681020 0.103955
v 0.451673 -0.596082 0.058007
v 0.401330 -0.612692 0.073507
v 0.496575 -0.632806 0.082035
v 0.521568 -0.590414 0.066314
v 0.451673 -0.596082 0.058007
v 0.496575 -0.632806 0.082035
v 0.478945 -0.570867 0.046891
v 0.451673 -0.596082 0.058007
v 0.521568 -0.590414 0.066314
v 0.541477 -0.669531 0.058007
v 0.428433 -0.681020 0.103955
v 0.455536 -0.749349 0.073507
v 0.496575 -0.632806 0.082035
v 0.428433 -0.681020 0.103955
v 0.541477 -0.669531 0.058007
v 0.541477 -0.669531 -0.058008
v 0.466762 -0.777652 -0.000000
v 0.455536 -0.749349 -0.073508
v 0.560076 -0.684742 -0.000000
v 0.466762 -0.777652 -0.000000
v 0.541477 -0.669531 -0.058008
v 0.433074 -0.580870 -0.000000
v 0.401330 -0.612692 -0.073508
v 0.390104 -0.584389 -0.000000
v 0.451673 -0.596082 -0.058008
v 0.401330 -0.612692 -0.073508
v 0.433074 -0.580870 -0.000000
v 0.496575 -0.632806 -0.082035
v 0.455536 -0.749349 -0.073508
v 0.428433 -0.681020 -0.103956
v 0.541477 -0.669531 -0.058008
v 0.455536 -0.749349 -0.073508
v 0.496575 -0.632806 -0.082035
v 0.451673 -0.596082 0.058007
v 0.390104 -0.584389 -0.000000
v 0.401330 -0.612692 0.073507
v 0.433074 -0.580870 -0.000000
v 0.390104 -0.584389 -0.000000
v 0.451673 -0.596082 0.058007
v 0.560076 -0.684742 -0.000000
v 0.455536 -0.749349 0.073507
v 0.466762 -0.777652 -0.000000
v 0.541477 -0.669531 0.058007
v 0.455536 -0.749349 0.073507
v 0.560076 -0.684742 -0.000000
v 0.451673 -0.596082 -0.058008
v 0.428433 -0.681020 -0.103956
v 0.401330 -0.612692 -0.073508
v 0.496575 -0.632806 -0.082035
v 0.428433 -0.681020 -0.103956
v 0.451673 -0.596082 -0.058008
v 0.496586 -0.545095 -0.039537
v 0.521568 -0.590414 -0.066315
v 0.478945 -0.570867 -0.046892
v 0.534108 -0.557555 -0.055913
v 0.521568 -0.590414 -0.066315
v 0.496586 -0.545095 -0.039537
v 0.461290 -0.562771 -0.000000
v 0.451673 -0.596082 -0.058008
v 0.433074 -0.580870 -0.000000
v 0.478945 -0.570867 -0.046892
v 0.451673 -0.596082 -0.058008
v 0.461290 -0.562771 -0.000000
v 0.521568 -0.590414 -0.066315
v 0.541477 -0.669531 -0.058008
v 0.496575 -0.632806 -0.082035
v 0.564191 -0.609961 -0.046892
v 0.541477 -0.669531 -0.058008
v 0.521568 -0.590414 -0.066315
v 0.581846 -0.618057 -0.000000
v 0.541477 -0.669531 0.058007
v 0.560076 -0.684742 -0.000000
v 0.564191 -0.609961 0.046891
v 0.541477 -0.669531 0.058007
v 0.581846 -0.618057 -0.000000
v 0.478945 -0.570867 0.046891
v 0.433074 -0.580870 -0.000000
v 0.451673 -0.596082 0.058007
v 0.461290 -0.562771 -0.000000
v 0.433074 -0.580870 -0.000000
v 0.478945 -0.570867 0.046891
v 0.478945 -0.570867 -0.046892
v 0.496575 -0.632806 -0.082035
v 0.451673 -0.596082 -0.058008
v 0.521568 -0.590414 -0.066315
v 0.496575 -0.632806 -0.082035
v 0.478945 -0.570867 -0.046892
v 0.564191 -0.609961 -0.046892
v 0.560076 -0.684742 -0.000000
v 0.541477 -0.669531 -0.058008
v 0.581846 -0.618057 -0.000000
v 0.560076 -0.684742 -0.000000
v 0.564191 -0.609961 -0.046892
v 0.564191 -0.609961 0.046891
v 0.496575 -0.632806 0.082035
v 0.541477 -0.669531 0.058007
v 0.521568 -0.590414 0.066314
v 0.496575 -0.632806 0.082035
v 0.564191 -0.609961 0.046891
v 0.510629 -0.511285 0.035404
v 0.481044 -0.539933 -0.000000
v 0.496586 -0.545095 0.039536
v 0.496518 -0.507288 -0.000000
v 0.481044 -0.539933 -0.000000
v 0.510629 -0.511285 0.035404
v 0.571629 -0.570016 -0.039537
v 0.581846 -0.618057 -0.000000
v 0.564191 -0.609961 -0.046892
v 0.587171 -0.575178 -0.000000
v 0.581846 -0.618057 -0.000000
v 0.571629 -0.570016 -0.039537
v 0.571629 -0.570016 0.039536
v 0.521568 -0.590414 0.066314
v 0.564191 -0.609961 0.046891
v 0.534107 -0.557555 0.055913
v 0.521568 -0.590414 0.066314
v 0.571629 -0.570016 0.039536
v 0.534107 -0.557555 0.055913
v 0.478945 -0.570867 0.046891
v 0.521568 -0.590414 0.066314
v 0.496586 -0.545095 0.039536
v 0.478945 -0.570867 0.046891
v 0.534107 -0.557555 0.055913
v 0.481044 -0.539933 -0.000000
v 0.478945 -0.570867 -0.046892
v 0.461290 -0.562771 -0.000000
v 0.496586 -0.545095 -0.039537
v 0.478945 -0.570867 -0.046892
v 0.481044 -0.539933 -0.000000
v 0.534108 -0.557555 -0.055913
v 0.564191 -0.609961 -0.046892
v 0.521568 -0.590414 -0.066315
v 0.571629 -0.570016 -0.039537
v 0.564191 -0.609961 -0.046892
v 0.534108 -0.557555 -0.055913
v 0.587171 -0.575178 -0.000000
v 0.564191 -0.609961 0.046891
v 0.581846 -0.618057 -0.000000
v 0.571629 -0.570016 0.039536
v 0.564191 -0.609961 0.046891
v 0.587171 -0.575178 -0.000000
v 0.496586 -0.545095 0.039536
v 0.461290 -0.562771 -0.000000
v 0.478945 -0.570867 0.046891
v 0.481044 -0.539933 -0.000000
v 0.461290 -0.562771 -0.000000
v 0.496586 -0.545095 0.039536
v 0.513697 -0.457521 -0.000000
v 0.510629 -0.511285 -0.035405
v 0.496518 -0.507288 -0.000000
v 0.526857 -0.462073 -0.033619
v 0.510629 -0.511285 -0.035405
v 0.513697 -0.457521 -0.000000
v 0.510629 -0.511285 -0.035405
v 0.534108 -0.557555 -0.055913
v 0.496586 -0.545095 -0.039537
v 0.544693 -0.520933 -0.050070
v 0.534108 -0.557555 -0.055913
v 0.510629 -0.511285 -0.035405
v 0.578758 -0.530581 -0.035405
v 0.587171 -0.575178 -0.000000
v 0.571629 -0.570016 -0.039537
v 0.592868 -0.534578 -0.000000
v 0.587171 -0.575178 -0.000000
v 0.578758 -0.530581 -0.035405
v 0.578758 -0.530581 0.035404
v 0.534107 -0.557555 0.055913
v 0.571629 -0.570016 0.039536
v 0.544693 -0.520933 0.050070
v 0.534107 -0.557555 0.055913
v 0.578758 -0.530581 0.035404
v 0.544693 -0.520933 0.050070
v 0.496586 -0.545095 0.039536
v 0.534107 -0.557555 0.055913
v 0.510629 -0.511285 0.035404
v 0.496586 -0.545095 0.039536
v 0.544693 -0.520933 0.050070
v 0.496518 -0.507288 -0.000000
v 0.496586 -0.545095 -0.039537
v 0.481044 -0.539933 -0.000000
v 0.510629 -0.511285 -0.035405
v 0.496586 -0.545095 -0.039537
v 0.496518 -0.507288 -0.000000
v 0.544693 -0.520933 -0.050070
v 0.571629 -0.570016 -0.039537
v 0.534108 -0.557555 -0.055913
v 0.578758 -0.530581 -0.035405
v 0.571629 -0.570016 -0.039537
v 0.544693 -0.520933 -0.050070
v 0.592868 -0.534578 -0.000000
v 0.571629 -0.570016 0.039536
v 0.587171 -0.575178 -0.000000
v 0.578758 -0.530581 0.035404
v 0.571629 -0.570016 0.039536
v 0.592868 -0.534578 -0.000000
v 0.604602 -0.445028 0.032104
v 0.558629 -0.473062 0.047544
v 0.590402 -0.484051 0.033619
v 0.576158 -0.430141 0.045402
v 0.558629 -0.473062 0.047544
v 0.604602 -0.445028 0.032104
v 0.558630 -0.473062 -0.047545
v 0.578758 -0.530581 -0.035405
v 0.544693 -0.520933 -0.050070
v 0.590402 -0.484051 -0.033619
v 0.578758 -0.530581 -0.035405
v 0.558630 -0.473062 -0.047545
v 0.603562 -0.488603 -0.000000
v 0.578758 -0.530581 0.035404
v 0.592868 -0.534578 -0.000000
v 0.590402 -0.484051 0.033619
v 0.578758 -0.530581 0.035404
v 0.603562 -0.488603 -0.000000
v 0.526857 -0.462073 0.033619
v 0.496518 -0.507288 -0.000000
v 0.510629 -0.511285 0.035404
v 0.513697 -0.457521 -0.000000
v 0.496518 -0.507288 -0.000000
v 0.526857 -0.462073 0.033619
v 0.526857 -0.462073 -0.033619
v 0.544693 -0.520933 -0.050070
v 0.510629 -0.511285 -0.035405
v 0.558630 -0.473062 -0.047545
v 0.544693 -0.520933 -0.050070
v 0.526857 -0.462073 -0.033619
v 0.590402 -0.484051 -0.033619
v 0.592868 -0.534578 -0.000000
v 0.578758 -0.530581 -0.035405
v 0.603562 -0.488603 -0.000000
v 0.592868 -0.534578 -0.000000
v 0.590402 -0.484051 -0.033619
v 0.590402 -0.484051 0.033619
v 0.544693 -0.520933 0.050070
v 0.578758 -0.530581 0.035404
v 0.558629 -0.473062 0.047544
v 0.544693 -0.520933 0.050070
v 0.590402 -0.484051 0.033619
v 0.558629 -0.473062 0.047544
v 0.510629 -0.511285 0.035404
v 0.544693 -0.520933 0.050070
v 0.526857 -0.462073 0.033619
v 0.510629 -0.511285 0.035404
v 0.558629 -0.473062 0.047544
v 0.576857 -0.373133 0.030857
v 0.535932 -0.409088 -0.000000
v 0.547714 -0.415254 0.032104
v 0.567057 -0.364928 -0.000000
v 0.535932 -0.409088 -0.000000
v 0.576857 -0.373133 0.030857
v 0.576158 -0.430141 0.045402
v 0.526857 -0.462073 0.033619
v 0.558629 -0.473062 0.047544
v 0.547714 -0.415254 0.032104
v 0.526857 -0.462073 0.033619
v 0.576158 -0.430141 0.045402
v 0.535932 -0.409088 -0.000000
v 0.526857 -0.462073 -0.033619
v 0.513697 -0.457521 -0.000000
v 0.547714 -0.415254 -0.032104
v 0.526857 -0.462073 -0.033619
v 0.535932 -0.409088 -0.000000
v 0.576158 -0.430141 -0.045402
v 0.590402 -0.484051 -0.033619
v 0.558630 -0.473062 -0.047545
v 0.604602 -0.445028 -0.032104
v 0.590402 -0.484051 -0.033619
v 0.576158 -0.430141 -0.045402
v 0.616384 -0.451194 -0.000000
v 0.590402 -0.484051 0.033619
v 0.603562 -0.488603 -0.000000
v 0.604602 -0.445028 0.032104
v 0.590402 -0.484051 0.033619
v 0.616384 -0.451194 -0.000000
v 0.547714 -0.415254 0.032104
v 0.513697 -0.457521 -0.000000
v 0.526857 -0.462073 0.033619
v 0.535932 -0.409088 -0.000000
v 0.513697 -0.457521 -0.000000
v 0.547714 -0.415254 0.032104
v 0.547714 -0.415254 -0.032104
v 0.558630 -0.473062 -0.047545
v 0.526857 -0.462073 -0.033619
v 0.576158 -0.430141 -0.045402
v 0.558630 -0.473062 -0.047545
v 0.547714 -0.415254 -0.032104
v 0.604602 -0.445028 -0.032104
v 0.603562 -0.488603 -0.000000
v 0.590402 -0.484051 -0.033619
v 0.616384 -0.451194 -0.000000
v 0.603562 -0.488603 -0.000000
v 0.604602 -0.445028 -0.032104
v 0.576857 -0.373133 -0.030857
v 0.576158 -0.430141 -0.045402
v 0.547714 -0.415254 -0.032104
v 0.600516 -0.392942 -0.043638
v 0.576158 -0.430141 -0.045402
v 0.576857 -0.373133 -0.030857
v 0.624175 -0.412751 -0.030857
v 0.616384 -0.451194 -0.000000
v 0.604602 -0.445028 -0.032104
v 0.633975 -0.420956 -0.000000
v 0.616384 -0.451194 -0.000000
v 0.624175 -0.412751 -0.030857
v 0.624175 -0.412751 0.030857
v 0.576158 -0.430141 0.045402
v 0.604602 -0.445028 0.032104
v 0.600516 -0.392942 0.043638
v 0.576158 -0.430141 0.045402
v 0.624175 -0.412751 0.030857
v 0.600516 -0.392942 0.043638
v 0.547714 -0.415254 0.032104
v 0.576158 -0.430141 0.045402
v 0.576857 -0.373133 0.030857
v 0.547714 -0.415254 0.032104
v 0.600516 -0.392942 0.043638
v 0.567057 -0.364928 -0.000000
v 0.547714 -0.415254 -0.032104
v 0.535932 -0.409088 -0.000000
v 0.576857 -0.373133 -0.030857
v 0.547714 -0.415254 -0.032104
v 0.567057 -0.364928 -0.000000
v 0.600516 -0.392942 -0.043638
v 0.604602 -0.445028 -0.032104
v 0.576158 -0.430141 -0.045402
v 0.624175 -0.412751 -0.030857
v 0.604602 -0.445028 -0.032104
v 0.600516 -0.392942 -0.043638
v 0.633975 -0.420956 -0.000000
v 0.604602 -0.445028 0.032104
v 0.616384 -0.451194 -0.000000
v 0.624175 -0.412751 0.030857
v 0.604602 -0.445028 0.032104
v 0.633975 -0.420956 -0.000000
v 0.653185 -0.322518 -0.043638
v 0.624175 -0.412751 -0.030857
v 0.600516 -0.392942 -0.043638
v 0.714042 -0.322485 -0.030857
v 0.624175 -0.412751 -0.030857
v 0.653185 -0.322518 -0.043638
v 0.726823 -0.322471 -0.000000
v 0.624175 -0.412751 0.030857
v 0.633975 -0.420956 -0.000000
v 0.714042 -0.322485 0.030857
v 0.624175 -0.412751 0.030857
v 0.726823 -0.322471 -0.000000
v 0.622328 -0.322551 0.030857
v 0.567057 -0.364928 -0.000000
v 0.576857 -0.373133 0.030857
v 0.609547 -0.322565 -0.000000
v 0.567057 -0.364928 -0.000000
v 0.622328 -0.322551 0.030857
v 0.622328 -0.322551 -0.030857
v 0.600516 -0.392942 -0.043638
v 0.576857 -0.373133 -0.030857
v 0.653185 -0.322518 -0.043638
v 0.600516 -0.392942 -0.043638
v 0.622328 -0.322551 -0.030857
v 0.714042 -0.322485 -0.030857
v 0.633975 -0.420956 -0.000000
v 0.624175 -0.412751 -0.030857
v 0.726823 -0.322471 -0.000000
v 0.633975 -0.420956 -0.000000
v 0.714042 -0.322485 -0.030857
v 0.714042 -0.322485 0.030857
v 0.600516 -0.392942 0.043638
v 0.624175 -0.412751 0.030857
v 0.653185 -0.322518 0.043638
v 0.600516 -0.392942 0.043638
v 0.714042 -0.322485 0.030857
v 0.653185 -0.322518 0.043638
v 0.576857 -0.373133 0.030857
v 0.600516 -0.392942 0.043638
v 0.622328 -0.322551 0.030857
v 0.576857 -0.373133 0.030857
v 0.653185 -0.322518 0.043638
v 0.609547 -0.322565 -0.000000
v 0.576857 -0.373133 -0.030857
v 0.567057 -0.364928 -0.000000
v 0.622328 -0.322551 -0.030857
v 0.576857 -0.373133 -0.030857
v 0.609547 -0.322565 -0.000000
v 0.000000 -0.205000 0.051744
v 0.036589 -0.205000 0.036589
v -0.036589 -0.205000 0.036589
v -0.051744 -0.205000 -0.000000
v -0.036589 -0.205000 0.036589
v 0.036589 -0.205000 0.036589
v -0.036589 -0.205000 -0.036589
v -0.051744 -0.205000 -0.000000
v 0.036589 -0.205000 0.036589
v 0.000000 -0.205000 -0.051744
v -0.036589 -0.205000 -0.036589
v 0.036589 -0.205000 0.036589
v 0.036589 -0.205000 -0.036589
v 0.000000 -0.205000 -0.051744
v 0.036589 -0.205000 0.036589
v -0.396322 -0.813647 -0.039536
v -0.359252 -0.797978 0.040521
v -0.395863 -0.813547 0.041459
v -0.169706 -1.000000 0.169706
v 0.169706 -1.000000 0.169706
v 0.000000 -1.000000 0.240000
v -0.169706 -1.000000 -0.169706
v -0.169706 -1.000000 0.169706
v -0.240000 -1.000000 -0.000000
v 0.169706 -1.000000 0.169706
v -0.169706 -1.000000 -0.169706
v 0.000000 -1.000000 -0.240000
v 0.169706 -1.000000 0.169706
v 0.000000 -1.000000 -0.240000
v 0.169706 -1.000000 -0.169706
v 0.169706 -1.000000 0.169706
v 0.169706 -1.000000 -0.169706
v 0.240000 -1.000000 0.000000
v -0.152735 -0.940000 0.152735
v 0.000000 -1.000000 0.240000
v 0.000000 -0.940000 0.216000
v -0.169706 -1.000000 0.169706
v 0.000000 -1.000000 0.240000
v -0.152735 -0.940000 0.152735
v -0.216000 -0.940000 -0.000000
v -0.169706 -1.000000 0.169706
v -0.152735 -0.940000 0.152735
v -0.240000 -1.000000 -0.000000
v -0.169706 -1.000000 0.169706
v -0.216000 -0.940000 -0.000000
v -0.152735 -0.940000 -0.152735
v -0.240000 -1.000000 -0.000000
v -0.216000 -0.940000 -0.000000
v -0.169706 -1.000000 -0.169706
v -0.240000 -1.000000 -0.000000
v -0.152735 -0.940000 -0.152735
v 0.000000 -0.940000 -0.216000
v -0.169706 -1.000000 -0.169706
v -0.152735 -0.940000 -0.152735
v 0.000000 -1.000000 -0.240000
v -0.169706 -1.000000 -0.169706
v 0.000000 -0.940000 -0.216000
v 0.152735 -0.940000 -0.152735
v 0.000000 -1.000000 -0.240000
v 0.000000 -0.940000 -0.216000
v 0.169706 -1.000000 -0.169706
v 0.000000 -1.000000 -0.240000
v 0.152735 -0.940000 -0.152735
v 0.216000 -0.940000 0.000000
v 0.169706 -1.000000 -0.169706
v 0.152735 -0.940000 -0.152735
v 0.240000 -1.000000 0.000000
v 0.169706 -1.000000 -0.169706
v 0.216000 -0.940000 0.000000
v 0.152735 -0.940000 0.152735
v 0.240000 -1.000000 0.000000
v 0.216000 -0.940000 0.000000
v 0.169706 -1.000000 0.169706
v 0.240000 -1.000000 0.000000
v 0.152735 -0.940000 0.152735
v 0.000000 -0.940000 0.216000
v 0.169706 -1.000000 0.169706
v 0.152735 -0.940000 0.152735
v 0.000000 -1.000000 0.240000
v 0.169706 -1.000000 0.169706
v 0.000000 -0.940000 0.216000
v -0.187635 -0.355000 0.187635
v 0.000000 -0.400000 0.265356
v 0.000000 -0.355000 0.265356
v -0.187635 -0.400000 0.187635
v 0.000000 -0.400000 0.265356
v -0.187635 -0.355000 0.187635
v -0.187635 -0.355000 -0.187635
v -0.265356 -0.400000 -0.000000
v -0.265356 -0.355000 -0.000000
v -0.187635 -0.400000 -0.187635
v -0.265356 -0.400000 -0.000000
v -0.187635 -0.355000 -0.187635
v 0.187635 -0.355000 -0.187635
v 0.000000 -0.400000 -0.265356
v 0.000000 -0.355000 -0.265356
v 0.187635 -0.400000 -0.187635
v 0.000000 -0.400000 -0.265356
v 0.187635 -0.355000 -0.187635
v 0.187635 -0.355000 0.187635
v 0.265356 -0.400000 0.000000
v 0.265356 -0.355000 0.000000
v 0.187635 -0.400000 0.187635
v 0.265356 -0.400000 0.000000
v 0.187635 -0.355000 0.187635
v -0.265356 -0.355000 -0.000000
v -0.187635 -0.400000 0.187635
v -0.187635 -0.355000 0.187635
v -0.265356 -0.400000 -0.000000
v -0.187635 -0.400000 0.187635
v -0.265356 -0.355000 -0.000000
v 0.000000 -0.355000 -0.265356
v -0.187635 -0.400000 -0.187635
v -0.187635 -0.355000 -0.187635
v 0.000000 -0.400000 -0.265356
v -0.187635 -0.400000 -0.187635
v 0.000000 -0.355000 -0.265356
v 0.265356 -0.355000 0.000000
v 0.187635 -0.400000 -0.187635
v 0.187635 -0.355000 -0.187635
v 0.265356 -0.400000 0.000000
v 0.187635 -0.400000 -0.187635
v 0.265356 -0.355000 0.000000
v 0.000000 -0.355000 0.265356
v 0.187635 -0.400000 0.187635
v 0.187635 -0.355000 0.187635
v 0.000000 -0.400000 0.265356
v 0.187635 -0.400000 0.187635
v 0.000000 -0.355000 0.265356

vt 0.030632 0.264478
vt 0.014612 0.216097
vt 0.094709 0.264478
vt 0.014612 0.216097
vt 0.110729 0.216097
vt 0.094709 0.264478
vt 0.405486 0.264478
vt 0.389466 0.216096
vt 0.469563 0.264478
vt 0.389466 0.216096
vt 0.485583 0.216096
vt 0.469563 0.264478
vt 0.905291 0.264478
vt 0.889271 0.216096
vt 0.969368 0.264478
vt 0.889271 0.216096
vt 0.985388 0.216096
vt 0.969368 0.264478
vt 0.280534 0.264478
vt 0.264515 0.216097
vt 0.344612 0.264478
vt 0.264515 0.216097
vt 0.360631 0.216097
vt 0.344612 0.264478
vt 0.780339 0.264478
vt 0.764320 0.216097
vt 0.844417 0.264478
vt 0.764320 0.216097
vt 0.860436 0.216097
vt 0.844417 0.264478
vt 0.530437 0.264478
vt 0.514417 0.216097
vt 0.594514 0.264478
vt 0.514417 0.216097
vt 0.610534 0.216096
vt 0.594514 0.264478
vt 0.155583 0.264478
vt 0.139564 0.216097
vt 0.219661 0.264478
vt 0.139564 0.216097
vt 0.235680 0.216097
vt 0.219661 0.264478
vt 0.139564 0.216097
vt 0.125146 0.158003
vt 0.235680 0.216097
vt 0.125146 0.158003
vt 0.250098 0.158003
vt 0.235680 0.216097
vt 0.655388 0.264478
vt 0.639369 0.216096
vt 0.719466 0.264478
vt 0.639369 0.216096
vt 0.735485 0.216096
vt 0.719466 0.264478
vt 0.050539 0.461546
vt 0.000195 0.340005
vt 0.172080 0.411202
vt 0.500000 0.158003
vt 0.500000 0.123119
vt 0.624951 0.158003
vt 0.500000 0.123119
vt 0.624951 0.123119
vt 0.624951 0.158003
vt 0.639369 0.216096
vt 0.624951 0.158003
vt 0.735485 0.216096
vt 0.624951 0.158003
vt 0.749903 0.158003
vt 0.735485 0.216096
vt 0.264515 0.216097
vt 0.250098 0.158003
vt 0.360631 0.216097
vt 0.250098 0.158003
vt 0.375049 0.158003
vt 0.360631 0.216097
vt 0.014612 0.216097
vt 0.000195 0.158003
vt 0.110729 0.216097
vt 0.000195 0.158003
vt 0.125146 0.158003
vt 0.110729 0.216097
vt 0.514417 0.216097
vt 0.500000 0.158003
vt 0.610534 0.216096
vt 0.500000 0.158003
vt 0.624951 0.158003
vt 0.610534 0.216096
vt 0.889271 0.216096
vt 0.874854 0.158003
vt 0.985388 0.216096
vt 0.874854 0.158003
vt 0.999805 0.158003
vt 0.985388 0.216096
vt 0.764320 0.216097
vt 0.749903 0.158003
vt 0.860436 0.216097
vt 0.749903 0.158003
vt 0.874854 0.158003
vt 0.860436 0.216097
vt 0.389466 0.216096
vt 0.375049 0.158003
vt 0.485583 0.216096
vt 0.375049 0.158003
vt 0.500000 0.158003
vt 0.485583 0.216096
vt 0.749903 0.158003
vt 0.749903 0.123119
vt 0.874854 0.158003
vt 0.749903 0.123119
vt 0.874854 0.123119
vt 0.874854 0.158003
vt 0.000195 0.158003
vt 0.000195 0.123119
vt 0.125146 0.158003
vt 0.000195 0.123119
vt 0.125146 0.123119
vt 0.125146 0.158003
vt 0.250098 0.158003
vt 0.250098 0.123119
vt 0.375049 0.158003
vt 0.250098 0.123119
vt 0.375049 0.123119
vt 0.375049 0.158003
vt 0.624951 0.158003
vt 0.624951 0.123119
vt 0.749903 0.158003
vt 0.624951 0.123119
vt 0.749903 0.123119
vt 0.749903 0.158003
vt 0.874854 0.158003
vt 0.874854 0.123119
vt 0.999805 0.158003
vt 0.874854 0.123119
vt 0.999805 0.123119
vt 0.999805 0.158003
vt 0.125146 0.158003
vt 0.125146 0.123119
vt 0.250098 0.158003
vt 0.125146 0.123119
vt 0.250098 0.123119
vt 0.250098 0.158003
vt 0.375049 0.158003
vt 0.375049 0.123119
vt 0.500000 0.158003
vt 0.375049 0.123119
vt 0.500000 0.123119
vt 0.500000 0.158003
vt 0.250097 0.088235
vt 0.125146 0.088235
vt 0.243850 0.050230
vt 0.125146 0.088235
vt 0.131394 0.050230
vt 0.243850 0.050230
vt 0.624951 0.123119
vt 0.500000 0.123119
vt 0.624951 0.088235
vt 0.500000 0.123119
vt 0.500000 0.088235
vt 0.624951 0.088235
vt 0.749903 0.088235
vt 0.624951 0.088235
vt 0.743655 0.050230
vt 0.624951 0.088235
vt 0.631199 0.050230
vt 0.743655 0.050230
vt 0.375049 0.088235
vt 0.250097 0.088235
vt 0.368801 0.050230
vt 0.250097 0.088235
vt 0.256345 0.050230
vt 0.368801 0.050230
vt 0.125146 0.088235
vt 0.000195 0.088235
vt 0.118899 0.050230
vt 0.000195 0.088235
vt 0.006442 0.050230
vt 0.118899 0.050230
vt 0.624951 0.088235
vt 0.500000 0.088235
vt 0.618704 0.050230
vt 0.500000 0.088235
vt 0.506248 0.050230
vt 0.618704 0.050230
vt 0.999805 0.088235
vt 0.874854 0.088235
vt 0.993558 0.050230
vt 0.874854 0.088235
vt 0.881101 0.050230
vt 0.993558 0.050230
vt 0.874854 0.088235
vt 0.749903 0.088235
vt 0.868606 0.050230
vt 0.749903 0.088235
vt 0.756150 0.050230
vt 0.868606 0.050230
vt 0.500000 0.088235
vt 0.375049 0.088235
vt 0.493752 0.050230
vt 0.375049 0.088235
vt 0.381296 0.050230
vt 0.493752 0.050230
vt 0.874854 0.123119
vt 0.749903 0.123119
vt 0.874854 0.088235
vt 0.749903 0.123119
vt 0.749903 0.088235
vt 0.874854 0.088235
vt 0.125146 0.123119
vt 0.000195 0.123119
vt 0.125146 0.088235
vt 0.000195 0.123119
vt 0.000195 0.088235
vt 0.125146 0.088235
vt 0.375049 0.123119
vt 0.250098 0.123119
vt 0.375049 0.088235
vt 0.250098 0.123119
vt 0.250097 0.088235
vt 0.375049 0.088235
vt 0.749903 0.123119
vt 0.624951 0.123119
vt 0.749903 0.088235
vt 0.624951 0.123119
vt 0.624951 0.088235
vt 0.749903 0.088235
vt 0.999805 0.123119
vt 0.874854 0.123119
vt 0.999805 0.088235
vt 0.874854 0.123119
vt 0.874854 0.088235
vt 0.999805 0.088235
vt 0.250098 0.123119
vt 0.125146 0.123119
vt 0.250097 0.088235
vt 0.125146 0.123119
vt 0.125146 0.088235
vt 0.250097 0.088235
vt 0.500000 0.123119
vt 0.375049 0.123119
vt 0.500000 0.088235
vt 0.375049 0.123119
vt 0.375049 0.088235
vt 0.500000 0.088235
vt 0.648067 0.000195
vt 0.726787 0.000195
vt 0.631199 0.050230
vt 0.726787 0.000195
vt 0.743655 0.050230
vt 0.631199 0.050230
vt 0.897970 0.000195
vt 0.976689 0.000195
vt 0.881101 0.050230
vt 0.976689 0.000195
vt 0.993558 0.050230
vt 0.881101 0.050230
vt 0.148262 0.000195
vt 0.226981 0.000195
vt 0.131394 0.050230
vt 0.226981 0.000195
vt 0.243850 0.050230
vt 0.131394 0.050230
vt 0.398165 0.000195
vt 0.476884 0.000195
vt 0.381296 0.050230
vt 0.476884 0.000195
vt 0.493752 0.050230
vt 0.381296 0.050230
vt 0.523116 0.000195
vt 0.601835 0.000195
vt 0.506248 0.050230
vt 0.601835 0.000195
vt 0.618704 0.050230
vt 0.506248 0.050230
vt 0.773019 0.000195
vt 0.851738 0.000195
vt 0.756150 0.050230
vt 0.851738 0.000195
vt 0.868606 0.050230
vt 0.756150 0.050230
vt 0.023311 0.000195
vt 0.102030 0.000195
vt 0.006442 0.050230
vt 0.102030 0.000195
vt 0.118899 0.050230
vt 0.006442 0.050230
vt 0.273213 0.000195
vt 0.351933 0.000195
vt 0.256345 0.050230
vt 0.351933 0.000195
vt 0.368801 0.050230
vt 0.256345 0.050230
vt 0.242810 0.416793
vt 0.242810 0.456152
vt 0.189912 0.397113
vt 0.242810 0.456152
vt 0.189912 0.475832
vt 0.189912 0.397113
vt 0.242810 0.324691
vt 0.242810 0.364051
vt 0.189912 0.305011
vt 0.242810 0.364051
vt 0.189912 0.383730
vt 0.189912 0.305011
vt 0.242810 0.355391
vt 0.242810 0.394751
vt 0.189912 0.335712
vt 0.242810 0.394751
vt 0.189912 0.414431
vt 0.189912 0.335712
vt 0.242810 0.370742
vt 0.242810 0.410101
vt 0.189912 0.351062
vt 0.242810 0.410101
vt 0.189912 0.429781
vt 0.189912 0.351062
vt 0.242810 0.401442
vt 0.242810 0.440802
vt 0.189912 0.381762
vt 0.242810 0.440802
vt 0.189912 0.460482
vt 0.189912 0.381762
vt 0.242810 0.309341
vt 0.242810 0.348700
vt 0.189912 0.289661
vt 0.242810 0.348700
vt 0.189912 0.368380
vt 0.189912 0.289661
vt 0.242810 0.340041
vt 0.242810 0.379401
vt 0.189912 0.320361
vt 0.242810 0.379401
vt 0.189912 0.399081
vt 0.189912 0.320361
vt 0.242810 0.386092
vt 0.242810 0.425452
vt 0.189912 0.366412
vt 0.242810 0.425452
vt 0.189912 0.445131
vt 0.189912 0.366412
vt 0.276068 0.399868
vt 0.276068 0.411676
vt 0.242810 0.386092
vt 0.276068 0.411676
vt 0.242810 0.425452
vt 0.242810 0.386092
vt 0.276068 0.430568
vt 0.276068 0.442376
vt 0.242810 0.416793
vt 0.276068 0.442376
vt 0.242810 0.456152
vt 0.242810 0.416793
vt 0.276068 0.338467
vt 0.276068 0.350275
vt 0.242810 0.324691
vt 0.276068 0.350275
vt 0.242810 0.364051
vt 0.242810 0.324691
vt 0.276068 0.369167
vt 0.276068 0.380975
vt 0.242810 0.355391
vt 0.276068 0.380975
vt 0.242810 0.394751
vt 0.242810 0.355391
vt 0.276068 0.384518
vt 0.276068 0.396325
vt 0.242810 0.370742
vt 0.276068 0.396325
vt 0.242810 0.410101
vt 0.242810 0.370742
vt 0.276068 0.415218
vt 0.276068 0.427026
vt 0.242810 0.401442
vt 0.276068 0.427026
vt 0.242810 0.440802
vt 0.242810 0.401442
vt 0.276068 0.323117
vt 0.276068 0.334924
vt 0.242810 0.309341
vt 0.276068 0.334924
vt 0.242810 0.348700
vt 0.242810 0.309341
vt 0.276068 0.353817
vt 0.276068 0.365625
vt 0.242810 0.340041
vt 0.276068 0.365625
vt 0.242810 0.379401
vt 0.242810 0.340041
vt 0.299714 0.352046
vt 0.299714 0.367396
vt 0.276068 0.353817
vt 0.299714 0.367396
vt 0.276068 0.365625
vt 0.276068 0.353817
vt 0.299714 0.398097
vt 0.299714 0.413447
vt 0.276068 0.399868
vt 0.299714 0.413447
vt 0.276068 0.411676
vt 0.276068 0.399868
vt 0.299714 0.428797
vt 0.299714 0.444147
vt 0.276068 0.430568
vt 0.299714 0.444147
vt 0.276068 0.442376
vt 0.276068 0.430568
vt 0.299714 0.336696
vt 0.299714 0.352046
vt 0.276068 0.338467
vt 0.299714 0.352046
vt 0.276068 0.350275
vt 0.276068 0.338467
vt 0.299714 0.367396
vt 0.299714 0.382746
vt 0.276068 0.369167
vt 0.299714 0.382746
vt 0.276068 0.380975
vt 0.276068 0.369167
vt 0.299714 0.382746
vt 0.299714 0.398097
vt 0.276068 0.384518
vt 0.299714 0.398097
vt 0.276068 0.396325
vt 0.276068 0.384518
vt 0.299714 0.413447
vt 0.299714 0.428797
vt 0.276068 0.415218
vt 0.299714 0.428797
vt 0.276068 0.427026
vt 0.276068 0.415218
vt 0.299714 0.321345
vt 0.299714 0.336696
vt 0.276068 0.323117
vt 0.299714 0.336696
vt 0.276068 0.334924
vt 0.276068 0.323117
vt 0.311342 0.352046
vt 0.311342 0.367396
vt 0.299714 0.352046
vt 0.311342 0.367396
vt 0.299714 0.367396
vt 0.299714 0.352046
vt 0.311342 0.398097
vt 0.311342 0.413447
vt 0.299714 0.398097
vt 0.311342 0.413447
vt 0.299714 0.413447
vt 0.299714 0.398097
vt 0.311342 0.428797
vt 0.311342 0.444147
vt 0.299714 0.428797
vt 0.311342 0.444147
vt 0.299714 0.444147
vt 0.299714 0.428797
vt 0.311342 0.336696
vt 0.311342 0.352046
vt 0.299714 0.336696
vt 0.311342 0.352046
vt 0.299714 0.352046
vt 0.299714 0.336696
vt 0.311342 0.367396
vt 0.311342 0.382746
vt 0.299714 0.367396
vt 0.311342 0.382746
vt 0.299714 0.382746
vt 0.299714 0.367396
vt 0.311342 0.382746
vt 0.311342 0.398097
vt 0.299714 0.382746
vt 0.311342 0.398097
vt 0.299714 0.398097
vt 0.299714 0.382746
vt 0.311342 0.413447
vt 0.311342 0.428797
vt 0.299714 0.413447
vt 0.311342 0.428797
vt 0.299714 0.428797
vt 0.299714 0.413447
vt 0.311342 0.321345
vt 0.311342 0.336696
vt 0.299714 0.321345
vt 0.311342 0.336696
vt 0.299714 0.336696
vt 0.299714 0.321345
vt 0.128210 0.461936
vt 0.139065 0.472790
vt 0.139065 0.488141
vt 0.090164 0.612846
vt 0.101616 0.634847
vt 0.075310 0.617933
vt 0.101616 0.634847
vt 0.087508 0.641082
vt 0.075310 0.617933
vt 0.575270 0.317853
vt 0.571616 0.331060
vt 0.560417 0.312762
vt 0.571616 0.331060
vt 0.555915 0.331152
vt 0.560417 0.312762
vt 0.070803 0.599482
vt 0.071940 0.586042
vt 0.086503 0.599578
vt 0.071940 0.586042
vt 0.087637 0.586379
vt 0.086503 0.599578
vt 0.086503 0.599578
vt 0.090164 0.612846
vt 0.070803 0.599482
vt 0.090164 0.612846
vt 0.075310 0.617933
vt 0.070803 0.599482
vt 0.700341 0.531383
vt 0.731735 0.531379
vt 0.700277 0.550316
vt 0.731735 0.531379
vt 0.731671 0.550372
vt 0.700277 0.550316
vt 0.667640 0.329975
vt 0.699034 0.329885
vt 0.667714 0.343677
vt 0.699034 0.329885
vt 0.699108 0.343648
vt 0.667714 0.343677
vt 0.699147 0.356896
vt 0.699187 0.366105
vt 0.667753 0.356926
vt 0.699187 0.366105
vt 0.667793 0.366146
vt 0.667753 0.356926
vt 0.700341 0.531383
vt 0.700367 0.517894
vt 0.731735 0.531379
vt 0.700367 0.517894
vt 0.731761 0.517891
vt 0.731735 0.531379
vt 0.699108 0.343648
vt 0.699147 0.356896
vt 0.667714 0.343677
vt 0.699147 0.356896
vt 0.667753 0.356926
vt 0.667714 0.343677
vt 0.571616 0.331060
vt 0.572746 0.344260
vt 0.555915 0.331152
vt 0.572746 0.344260
vt 0.557049 0.344593
vt 0.555915 0.331152
vt 0.574035 0.353390
vt 0.576856 0.364378
vt 0.558640 0.356475
vt 0.576856 0.364378
vt 0.561755 0.368675
vt 0.558640 0.356475
vt 0.572746 0.344260
vt 0.574035 0.353390
vt 0.557049 0.344593
vt 0.574035 0.353390
vt 0.558640 0.356475
vt 0.557049 0.344593
vt 0.071940 0.586042
vt 0.073533 0.574172
vt 0.087637 0.586379
vt 0.073533 0.574172
vt 0.088927 0.577260
vt 0.087637 0.586379
vt 0.700367 0.517894
vt 0.700404 0.505906
vt 0.731761 0.517891
vt 0.700404 0.505906
vt 0.731798 0.505914
vt 0.731761 0.517891
vt 0.076651 0.561976
vt 0.080392 0.549457
vt 0.091751 0.566277
vt 0.080392 0.549457
vt 0.095480 0.553798
vt 0.091751 0.566277
vt 0.073533 0.574172
vt 0.076651 0.561976
vt 0.088927 0.577260
vt 0.076651 0.561976
vt 0.091751 0.566277
vt 0.088927 0.577260
vt 0.700404 0.505906
vt 0.700479 0.493314
vt 0.731798 0.505914
vt 0.700479 0.493314
vt 0.731873 0.493327
vt 0.731798 0.505914
vt 0.699187 0.366105
vt 0.699267 0.377445
vt 0.667793 0.366146
vt 0.699267 0.377445
vt 0.667873 0.377490
vt 0.667793 0.366146
vt 0.699369 0.390469
vt 0.699466 0.405084
vt 0.667975 0.390513
vt 0.699466 0.405084
vt 0.668072 0.405120
vt 0.667975 0.390513
vt 0.700479 0.493314
vt 0.700568 0.480250
vt 0.731873 0.493327
vt 0.700568 0.480250
vt 0.731961 0.480261
vt 0.731873 0.493327
vt 0.699267 0.377445
vt 0.699369 0.390469
vt 0.667873 0.377490
vt 0.699369 0.390469
vt 0.667975 0.390513
vt 0.667873 0.377490
vt 0.576856 0.364378
vt 0.580582 0.376856
vt 0.561755 0.368675
vt 0.580582 0.376856
vt 0.565492 0.381194
vt 0.561755 0.368675
vt 0.083786 0.536380
vt 0.085943 0.522559
vt 0.099142 0.539650
vt 0.085943 0.522559
vt 0.101616 0.523487
vt 0.099142 0.539650
vt 0.580582 0.376856
vt 0.584238 0.390999
vt 0.565492 0.381194
vt 0.584238 0.390999
vt 0.568881 0.394264
vt 0.565492 0.381194
vt 0.080392 0.549457
vt 0.083786 0.536380
vt 0.095480 0.553798
vt 0.083786 0.536380
vt 0.099142 0.539650
vt 0.095480 0.553798
vt 0.700568 0.480250
vt 0.700643 0.466748
vt 0.731961 0.480261
vt 0.700643 0.466748
vt 0.732037 0.466751
vt 0.731961 0.480261
vt 0.700682 0.452772
vt 0.700630 0.438124
vt 0.732076 0.452762
vt 0.700630 0.438124
vt 0.732024 0.438092
vt 0.732076 0.452762
vt 0.700643 0.466748
vt 0.700682 0.452772
vt 0.732037 0.466751
vt 0.700682 0.452772
vt 0.732076 0.452762
vt 0.732037 0.466751
vt 0.699466 0.405084
vt 0.699527 0.421434
vt 0.668072 0.405120
vt 0.699527 0.421434
vt 0.668133 0.421458
vt 0.668072 0.405120
vt 0.584238 0.390999
vt 0.586706 0.407149
vt 0.568881 0.394264
vt 0.586706 0.407149
vt 0.571032 0.408073
vt 0.568881 0.394264
vt 0.699479 0.440342
vt 0.699263 0.460694
vt 0.668085 0.440343
vt 0.699263 0.460694
vt 0.667870 0.460669
vt 0.668085 0.440343
vt 0.699527 0.421434
vt 0.699479 0.440342
vt 0.668133 0.421458
vt 0.699479 0.440342
vt 0.668085 0.440343
vt 0.668133 0.421458
vt 0.586706 0.407149
vt 0.585334 0.425985
vt 0.571032 0.408073
vt 0.585334 0.425985
vt 0.569984 0.422683
vt 0.571032 0.408073
vt 0.085943 0.522559
vt 0.084897 0.507926
vt 0.101616 0.523487
vt 0.084897 0.507926
vt 0.100247 0.504629
vt 0.101616 0.523487
vt 0.699263 0.460694
vt 0.698887 0.482486
vt 0.667870 0.460669
vt 0.698887 0.482486
vt 0.667493 0.482477
vt 0.667870 0.460669
vt 0.585334 0.425985
vt 0.577952 0.444924
vt 0.569984 0.422683
vt 0.577952 0.444924
vt 0.564587 0.436686
vt 0.569984 0.422683
vt 0.084897 0.507926
vt 0.079494 0.493897
vt 0.100247 0.504629
vt 0.079494 0.493897
vt 0.092861 0.485663
vt 0.100247 0.504629
vt 0.700630 0.438124
vt 0.700457 0.423119
vt 0.732024 0.438092
vt 0.700457 0.423119
vt 0.731850 0.423060
vt 0.732024 0.438092
vt 0.069051 0.482549
vt 0.053395 0.477611
vt 0.078042 0.469680
vt 0.053395 0.477611
vt 0.052555 0.461936
vt 0.078042 0.469680
vt 0.577952 0.444924
vt 0.563115 0.460912
vt 0.564587 0.436686
vt 0.563115 0.460912
vt 0.554128 0.448041
vt 0.564587 0.436686
vt 0.079494 0.493897
vt 0.069051 0.482549
vt 0.092861 0.485663
vt 0.069051 0.482549
vt 0.078042 0.469680
vt 0.092861 0.485663
vt 0.700457 0.423119
vt 0.700172 0.407683
vt 0.731850 0.423060
vt 0.700172 0.407683
vt 0.731566 0.407641
vt 0.731850 0.423060
vt 0.698541 0.509122
vt 0.698528 0.534604
vt 0.667146 0.509195
vt 0.698528 0.534604
vt 0.667133 0.534747
vt 0.667146 0.509195
vt 0.700172 0.407683
vt 0.699938 0.391186
vt 0.731566 0.407641
vt 0.699938 0.391186
vt 0.731333 0.391227
vt 0.731566 0.407641
vt 0.698887 0.482486
vt 0.698541 0.509122
vt 0.667493 0.482477
vt 0.698541 0.509122
vt 0.667146 0.509195
vt 0.667493 0.482477
vt 0.563115 0.460912
vt 0.537546 0.468671
vt 0.554128 0.448041
vt 0.537546 0.468671
vt 0.538391 0.452996
vt 0.554128 0.448041
vt 0.698528 0.534604
vt 0.698682 0.554419
vt 0.667133 0.534747
vt 0.698682 0.554419
vt 0.667287 0.554588
vt 0.667133 0.534747
vt 0.537546 0.468671
vt 0.513790 0.459263
vt 0.538391 0.452996
vt 0.513790 0.459263
vt 0.523276 0.446755
vt 0.538391 0.452996
vt 0.053395 0.477611
vt 0.038344 0.483826
vt 0.052555 0.461936
vt 0.038344 0.483826
vt 0.028862 0.471315
vt 0.052555 0.461936
vt 0.699938 0.391186
vt 0.699917 0.374833
vt 0.731333 0.391227
vt 0.699917 0.374833
vt 0.731312 0.374943
vt 0.731333 0.391227
vt 0.028379 0.494850
vt 0.021488 0.507406
vt 0.015469 0.485919
vt 0.021488 0.507406
vt 0.006982 0.501404
vt 0.015469 0.485919
vt 0.513790 0.459263
vt 0.500382 0.444636
vt 0.523276 0.446755
vt 0.500382 0.444636
vt 0.513295 0.435709
vt 0.523276 0.446755
vt 0.038344 0.483826
vt 0.028379 0.494850
vt 0.028862 0.471315
vt 0.028379 0.494850
vt 0.015469 0.485919
vt 0.028862 0.471315
vt 0.699917 0.374833
vt 0.700019 0.359946
vt 0.731312 0.374943
vt 0.700019 0.359946
vt 0.731414 0.360082
vt 0.731312 0.374943
vt 0.698873 0.572075
vt 0.699073 0.589282
vt 0.667478 0.572252
vt 0.699073 0.589282
vt 0.667678 0.589454
vt 0.667478 0.572252
vt 0.700019 0.359946
vt 0.700159 0.345617
vt 0.731414 0.360082
vt 0.700159 0.345617
vt 0.731554 0.345761
vt 0.731414 0.360082
vt 0.698682 0.554419
vt 0.698873 0.572075
vt 0.667287 0.554588
vt 0.698873 0.572075
vt 0.667478 0.572252
vt 0.667287 0.554588
vt 0.500382 0.444636
vt 0.491896 0.429143
vt 0.513295 0.435709
vt 0.491896 0.429143
vt 0.506403 0.423145
vt 0.513295 0.435709
vt 0.486885 0.412686
vt 0.485121 0.394692
vt 0.502266 0.409549
vt 0.485121 0.394692
vt 0.500811 0.395185
vt 0.502266 0.409549
vt 0.491896 0.429143
vt 0.486885 0.412686
vt 0.506403 0.423145
vt 0.486885 0.412686
vt 0.502266 0.409549
vt 0.506403 0.423145
vt 0.021488 0.507406
vt 0.017346 0.521005
vt 0.006982 0.501404
vt 0.017346 0.521005
vt 0.001965 0.517864
vt 0.006982 0.501404
vt 0.700159 0.345617
vt 0.700310 0.331407
vt 0.731554 0.345761
vt 0.700310 0.331407
vt 0.731705 0.331545
vt 0.731554 0.345761
vt 0.699268 0.607379
vt 0.699527 0.634687
vt 0.667873 0.607533
vt 0.699527 0.634687
vt 0.668132 0.634841
vt 0.667873 0.607533
vt 0.017346 0.521005
vt 0.015885 0.535387
vt 0.001965 0.517864
vt 0.015885 0.535387
vt 0.000195 0.535876
vt 0.001965 0.517864
vt 0.700310 0.331407
vt 0.700450 0.316969
vt 0.731705 0.331545
vt 0.700450 0.316969
vt 0.731845 0.317090
vt 0.731705 0.331545
vt 0.699073 0.589282
vt 0.699268 0.607379
vt 0.667678 0.589454
vt 0.699268 0.607379
vt 0.667873 0.607533
vt 0.667678 0.589454
vt 0.485121 0.394692
vt 0.485978 0.367396
vt 0.500811 0.395185
vt 0.485978 0.367396
vt 0.501668 0.367889
vt 0.500811 0.395185
vt 0.015885 0.535387
vt 0.016735 0.562683
vt 0.000195 0.535876
vt 0.016735 0.562683
vt 0.001044 0.563171
vt 0.000195 0.535876
vt 0.700450 0.316969
vt 0.700681 0.289661
vt 0.731845 0.317090
vt 0.700681 0.289661
vt 0.732076 0.289782
vt 0.731845 0.317090
vt 0.667548 0.305221
vt 0.667203 0.289800
vt 0.698597 0.289661
vt 0.667640 0.329975
vt 0.667548 0.305221
vt 0.699034 0.329885
vt 0.667548 0.305221
vt 0.698941 0.305081
vt 0.699034 0.329885
vt 0.731671 0.550372
vt 0.731600 0.576538
vt 0.700277 0.550316
vt 0.731600 0.576538
vt 0.700206 0.576431
vt 0.700277 0.550316
vt 0.560417 0.312762
vt 0.572599 0.289661
vt 0.575270 0.317853
vt 0.572599 0.289661
vt 0.586706 0.295899
vt 0.575270 0.317853
vt 0.398036 0.535017
vt 0.364542 0.555108
vt 0.370770 0.482303
vt 0.364542 0.555108
vt 0.341230 0.490083
vt 0.370770 0.482303
vt 0.364542 0.555108
vt 0.326471 0.567672
vt 0.341230 0.490083
vt 0.326471 0.567672
vt 0.311731 0.493131
vt 0.341230 0.490083
vt 0.413166 0.289661
vt 0.451237 0.302225
vt 0.398426 0.364202
vt 0.451237 0.302225
vt 0.427925 0.367250
vt 0.398426 0.364202
vt 0.451237 0.302225
vt 0.484731 0.322316
vt 0.427925 0.367250
vt 0.484731 0.322316
vt 0.457464 0.375030
vt 0.427925 0.367250
vt 0.594739 0.289661
vt 0.631084 0.301725
vt 0.587096 0.347739
vt 0.631084 0.301725
vt 0.618853 0.348589
vt 0.587096 0.347739
vt 0.631084 0.301725
vt 0.666743 0.316303
vt 0.618853 0.348589
vt 0.666743 0.316303
vt 0.648886 0.354961
vt 0.618853 0.348589
vt 0.564768 0.654334
vt 0.529109 0.668913
vt 0.546911 0.615676
vt 0.529109 0.668913
vt 0.516878 0.622049
vt 0.546911 0.615676
vt 0.529109 0.668913
vt 0.492764 0.680977
vt 0.516878 0.622049
vt 0.492764 0.680977
vt 0.485121 0.622899
vt 0.516878 0.622049
vt 0.485121 0.622899
vt 0.493453 0.590532
vt 0.516878 0.622049
vt 0.493453 0.590532
vt 0.517240 0.599373
vt 0.516878 0.622049
vt 0.493453 0.590532
vt 0.503791 0.574101
vt 0.517240 0.599373
vt 0.503791 0.574101
vt 0.521679 0.583686
vt 0.517240 0.599373
vt 0.341230 0.490083
vt 0.340480 0.447460
vt 0.370770 0.482303
vt 0.340480 0.447460
vt 0.363813 0.449380
vt 0.370770 0.482303
vt 0.427925 0.367250
vt 0.427175 0.409873
vt 0.398426 0.364202
vt 0.427175 0.409873
vt 0.403819 0.414566
vt 0.398426 0.364202
vt 0.648886 0.354961
vt 0.644332 0.370533
vt 0.618853 0.348589
vt 0.644332 0.370533
vt 0.619215 0.371265
vt 0.618853 0.348589
vt 0.457464 0.375030
vt 0.450508 0.407953
vt 0.427925 0.367250
vt 0.450508 0.407953
vt 0.427175 0.409873
vt 0.427925 0.367250
vt 0.516878 0.622049
vt 0.517240 0.599373
vt 0.546911 0.615676
vt 0.517240 0.599373
vt 0.542357 0.600105
vt 0.546911 0.615676
vt 0.311731 0.493131
vt 0.317124 0.442767
vt 0.341230 0.490083
vt 0.317124 0.442767
vt 0.340480 0.447460
vt 0.341230 0.490083
vt 0.618853 0.348589
vt 0.619215 0.371265
vt 0.587096 0.347739
vt 0.619215 0.371265
vt 0.595428 0.380105
vt 0.587096 0.347739
vt 0.623654 0.386952
vt 0.628448 0.399403
vt 0.605766 0.396537
vt 0.628448 0.399403
vt 0.613765 0.407736
vt 0.605766 0.396537
vt 0.644332 0.370533
vt 0.643622 0.383233
vt 0.619215 0.371265
vt 0.643622 0.383233
vt 0.623654 0.386952
vt 0.619215 0.371265
vt 0.450508 0.407953
vt 0.451780 0.428089
vt 0.427175 0.409873
vt 0.451780 0.428089
vt 0.433003 0.432855
vt 0.427175 0.409873
vt 0.317124 0.442767
vt 0.327890 0.416991
vt 0.340480 0.447460
vt 0.327890 0.416991
vt 0.346308 0.424478
vt 0.340480 0.447460
vt 0.517240 0.599373
vt 0.521679 0.583686
vt 0.542357 0.600105
vt 0.521679 0.583686
vt 0.541647 0.587404
vt 0.542357 0.600105
vt 0.619215 0.371265
vt 0.623654 0.386952
vt 0.595428 0.380105
vt 0.623654 0.386952
vt 0.605766 0.396537
vt 0.595428 0.380105
vt 0.427175 0.409873
vt 0.433003 0.432855
vt 0.403819 0.414566
vt 0.433003 0.432855
vt 0.414585 0.440342
vt 0.403819 0.414566
vt 0.340480 0.447460
vt 0.346308 0.424478
vt 0.363813 0.449380
vt 0.346308 0.424478
vt 0.365086 0.429244
vt 0.363813 0.449380
vt 0.526473 0.571235
vt 0.532474 0.557572
vt 0.542858 0.576033
vt 0.532474 0.557572
vt 0.546506 0.562756
vt 0.542858 0.576033
vt 0.433003 0.432855
vt 0.438668 0.447796
vt 0.414585 0.440342
vt 0.438668 0.447796
vt 0.423287 0.455381
vt 0.414585 0.440342
vt 0.346308 0.424478
vt 0.351974 0.409537
vt 0.365086 0.429244
vt 0.351974 0.409537
vt 0.367824 0.415165
vt 0.365086 0.429244
vt 0.503791 0.574101
vt 0.511790 0.562902
vt 0.521679 0.583686
vt 0.511790 0.562902
vt 0.526473 0.571235
vt 0.521679 0.583686
vt 0.643622 0.383233
vt 0.644833 0.394605
vt 0.623654 0.386952
vt 0.644833 0.394605
vt 0.628448 0.399403
vt 0.623654 0.386952
vt 0.451780 0.428089
vt 0.454519 0.442168
vt 0.433003 0.432855
vt 0.454519 0.442168
vt 0.438668 0.447796
vt 0.433003 0.432855
vt 0.327890 0.416991
vt 0.336592 0.401952
vt 0.346308 0.424478
vt 0.336592 0.401952
vt 0.351974 0.409537
vt 0.346308 0.424478
vt 0.521679 0.583686
vt 0.526473 0.571235
vt 0.541647 0.587404
vt 0.526473 0.571235
vt 0.542858 0.576033
vt 0.541647 0.587404
vt 0.648481 0.407881
vt 0.655295 0.426742
vt 0.634449 0.413066
vt 0.655295 0.426742
vt 0.642329 0.431318
vt 0.634449 0.413066
vt 0.628448 0.399403
vt 0.634449 0.413066
vt 0.613765 0.407736
vt 0.634449 0.413066
vt 0.621477 0.419871
vt 0.613765 0.407736
vt 0.438668 0.447796
vt 0.445310 0.462565
vt 0.423287 0.455381
vt 0.445310 0.462565
vt 0.431508 0.469526
vt 0.423287 0.455381
vt 0.351974 0.409537
vt 0.358616 0.394768
vt 0.367824 0.415165
vt 0.358616 0.394768
vt 0.372707 0.400778
vt 0.367824 0.415165
vt 0.511790 0.562902
vt 0.519502 0.550767
vt 0.526473 0.571235
vt 0.519502 0.550767
vt 0.532474 0.557572
vt 0.526473 0.571235
vt 0.644833 0.394605
vt 0.648481 0.407881
vt 0.628448 0.399403
vt 0.648481 0.407881
vt 0.634449 0.413066
vt 0.628448 0.399403
vt 0.454519 0.442168
vt 0.459402 0.456555
vt 0.438668 0.447796
vt 0.459402 0.456555
vt 0.445310 0.462565
vt 0.438668 0.447796
vt 0.336592 0.401952
vt 0.344813 0.387807
vt 0.351974 0.409537
vt 0.344813 0.387807
vt 0.358616 0.394768
vt 0.351974 0.409537
vt 0.366742 0.376984
vt 0.372812 0.361011
vt 0.380270 0.382476
vt 0.372812 0.361011
vt 0.386294 0.365087
vt 0.380270 0.382476
vt 0.459402 0.456555
vt 0.466965 0.474857
vt 0.445310 0.462565
vt 0.466965 0.474857
vt 0.453436 0.480349
vt 0.445310 0.462565
vt 0.344813 0.387807
vt 0.353317 0.371058
vt 0.358616 0.394768
vt 0.353317 0.371058
vt 0.366742 0.376984
vt 0.358616 0.394768
vt 0.532474 0.557572
vt 0.540354 0.539320
vt 0.546506 0.562756
vt 0.540354 0.539320
vt 0.553320 0.543896
vt 0.546506 0.562756
vt 0.634449 0.413066
vt 0.642329 0.431318
vt 0.621477 0.419871
vt 0.642329 0.431318
vt 0.629872 0.436547
vt 0.621477 0.419871
vt 0.445310 0.462565
vt 0.453436 0.480349
vt 0.431508 0.469526
vt 0.453436 0.480349
vt 0.440012 0.486275
vt 0.431508 0.469526
vt 0.358616 0.394768
vt 0.366742 0.376984
vt 0.372707 0.400778
vt 0.366742 0.376984
vt 0.380270 0.382476
vt 0.372707 0.400778
vt 0.519502 0.550767
vt 0.527897 0.534091
vt 0.532474 0.557572
vt 0.527897 0.534091
vt 0.540354 0.539320
vt 0.532474 0.557572
vt 0.546552 0.521487
vt 0.550422 0.503067
vt 0.559056 0.524656
vt 0.550422 0.503067
vt 0.562713 0.504762
vt 0.559056 0.524656
vt 0.527897 0.534091
vt 0.534201 0.517897
vt 0.540354 0.539320
vt 0.534201 0.517897
vt 0.546552 0.521487
vt 0.540354 0.539320
vt 0.655295 0.426742
vt 0.661031 0.445982
vt 0.642329 0.431318
vt 0.661031 0.445982
vt 0.648527 0.449151
vt 0.642329 0.431318
vt 0.466965 0.474857
vt 0.472988 0.492246
vt 0.453436 0.480349
vt 0.472988 0.492246
vt 0.459507 0.496322
vt 0.453436 0.480349
vt 0.353317 0.371058
vt 0.359439 0.356560
vt 0.366742 0.376984
vt 0.359439 0.356560
vt 0.372812 0.361011
vt 0.366742 0.376984
vt 0.540354 0.539320
vt 0.546552 0.521487
vt 0.553320 0.543896
vt 0.546552 0.521487
vt 0.559056 0.524656
vt 0.553320 0.543896
vt 0.642329 0.431318
vt 0.648527 0.449151
vt 0.629872 0.436547
vt 0.648527 0.449151
vt 0.636176 0.452741
vt 0.629872 0.436547
vt 0.453436 0.480349
vt 0.459507 0.496322
vt 0.440012 0.486275
vt 0.459507 0.496322
vt 0.446134 0.500773
vt 0.440012 0.486275
vt 0.648527 0.449151
vt 0.652397 0.467571
vt 0.636176 0.452741
vt 0.652397 0.467571
vt 0.639949 0.469063
vt 0.636176 0.452741
vt 0.459507 0.496322
vt 0.463131 0.511558
vt 0.446134 0.500773
vt 0.463131 0.511558
vt 0.449966 0.514071
vt 0.446134 0.500773
vt 0.372812 0.361011
vt 0.376437 0.345775
vt 0.386294 0.365087
vt 0.376437 0.345775
vt 0.389979 0.347741
vt 0.386294 0.365087
vt 0.534201 0.517897
vt 0.537974 0.501575
vt 0.546552 0.521487
vt 0.537974 0.501575
vt 0.550422 0.503067
vt 0.546552 0.521487
vt 0.661031 0.445982
vt 0.664688 0.465876
vt 0.648527 0.449151
vt 0.664688 0.465876
vt 0.652397 0.467571
vt 0.648527 0.449151
vt 0.472988 0.492246
vt 0.476674 0.509592
vt 0.459507 0.496322
vt 0.476674 0.509592
vt 0.463131 0.511558
vt 0.459507 0.496322
vt 0.359439 0.356560
vt 0.363271 0.343262
vt 0.372812 0.361011
vt 0.363271 0.343262
vt 0.376437 0.345775
vt 0.372812 0.361011
vt 0.476674 0.509592
vt 0.484731 0.543828
vt 0.463131 0.511558
vt 0.484731 0.543828
vt 0.469098 0.562574
vt 0.463131 0.511558
vt 0.363271 0.343262
vt 0.370084 0.289661
vt 0.376437 0.345775
vt 0.370084 0.289661
vt 0.382404 0.294759
vt 0.376437 0.345775
vt 0.550422 0.503067
vt 0.552977 0.477795
vt 0.562713 0.504762
vt 0.552977 0.477795
vt 0.564768 0.482289
vt 0.562713 0.504762
vt 0.652397 0.467571
vt 0.654952 0.492843
vt 0.639949 0.469063
vt 0.654952 0.492843
vt 0.645931 0.501577
vt 0.639949 0.469063
vt 0.463131 0.511558
vt 0.469098 0.562574
vt 0.449966 0.514071
vt 0.469098 0.562574
vt 0.456778 0.567672
vt 0.449966 0.514071
vt 0.376437 0.345775
vt 0.382404 0.294759
vt 0.389979 0.347741
vt 0.382404 0.294759
vt 0.398036 0.313505
vt 0.389979 0.347741
vt 0.537974 0.501575
vt 0.543956 0.469061
vt 0.550422 0.503067
vt 0.543956 0.469061
vt 0.552977 0.477795
vt 0.550422 0.503067
vt 0.664688 0.465876
vt 0.666743 0.488349
vt 0.652397 0.467571
vt 0.666743 0.488349
vt 0.654952 0.492843
vt 0.652397 0.467571
vt 0.102006 0.472790
vt 0.112860 0.461936
vt 0.128210 0.461936
vt 0.128210 0.461936
vt 0.102006 0.488141
vt 0.102006 0.472790
vt 0.128210 0.461936
vt 0.112860 0.498995
vt 0.102006 0.488141
vt 0.128210 0.461936
vt 0.128210 0.498995
vt 0.112860 0.498995
vt 0.128210 0.461936
vt 0.139065 0.488141
vt 0.128210 0.498995
vt 0.698941 0.305081
vt 0.667548 0.305221
vt 0.698597 0.289661
vt 0.121736 0.461546
vt 0.050539 0.461546
vt 0.172080 0.411202
vt 0.000195 0.411202
vt 0.000195 0.340005
vt 0.050539 0.461546
vt 0.050539 0.289661
vt 0.172080 0.411202
vt 0.000195 0.340005
vt 0.121736 0.289661
vt 0.172080 0.411202
vt 0.050539 0.289661
vt 0.172080 0.340005
vt 0.172080 0.411202
vt 0.121736 0.289661
vt 0.572944 0.504186
vt 0.572944 0.568264
vt 0.548151 0.500626
vt 0.572944 0.568264
vt 0.548151 0.571824
vt 0.548151 0.500626
vt 0.572944 0.629137
vt 0.572944 0.693215
vt 0.548151 0.625578
vt 0.572944 0.693215
vt 0.548151 0.696775
vt 0.548151 0.625578
vt 0.572944 0.754089
vt 0.572944 0.818166
vt 0.548151 0.750529
vt 0.572944 0.818166
vt 0.548151 0.821726
vt 0.548151 0.750529
vt 0.572944 0.879040
vt 0.572945 0.943118
vt 0.548151 0.875480
vt 0.572945 0.943118
vt 0.548151 0.946678
vt 0.548151 0.875480
vt 0.572944 0.004381
vt 0.572944 0.068459
vt 0.548151 0.000821
vt 0.572944 0.068459
vt 0.548151 0.072019
vt 0.548151 0.000821
vt 0.572944 0.129332
vt 0.572944 0.193410
vt 0.548151 0.125772
vt 0.572944 0.193410
vt 0.548151 0.196970
vt 0.548151 0.125772
vt 0.572944 0.254284
vt 0.572944 0.318361
vt 0.548151 0.250724
vt 0.572944 0.318361
vt 0.548151 0.321921
vt 0.548151 0.250724
vt 0.572944 0.379235
vt 0.572944 0.443312
vt 0.548151 0.375675
vt 0.572944 0.443312
vt 0.548151 0.446872
vt 0.548151 0.375675
vt 0.547085 0.619107
vt 0.547085 0.484065
vt 0.577006 0.619107
vt 0.547085 0.484065
vt 0.577006 0.484065
vt 0.577006 0.619107
vt 0.547085 0.566441
vt 0.547085 0.431398
vt 0.577006 0.566441
vt 0.547085 0.431398
vt 0.577006 0.431398
vt 0.577006 0.566441
vt 0.547084 0.724440
vt 0.547084 0.589398
vt 0.577006 0.724440
vt 0.547084 0.589398
vt 0.577006 0.589398
vt 0.577006 0.724440
vt 0.547085 0.671773
vt 0.547085 0.536731
vt 0.577006 0.671773
vt 0.547085 0.536731
vt 0.577006 0.536731
vt 0.577006 0.671773
vt 0.547085 0.592774
vt 0.547085 0.457732
vt 0.577006 0.592774
vt 0.547085 0.457732
vt 0.577006 0.457732
vt 0.577006 0.592774
vt 0.547085 0.540107
vt 0.547085 0.405065
vt 0.577006 0.540107
vt 0.547085 0.405065
vt 0.577006 0.405065
vt 0.577006 0.540107
vt 0.547085 0.698107
vt 0.547085 0.563065
vt 0.577006 0.698107
vt 0.547085 0.563065
vt 0.577006 0.563065
vt 0.577006 0.698107
vt 0.547085 0.645440
vt 0.547085 0.510398
vt 0.577006 0.645440
vt 0.547085 0.510398
vt 0.577006 0.510398
vt 0.577006 0.645440

vn 0.229936 -0.799362 -0.555112
vn 0.229936 -0.799362 -0.555112
vn 0.229936 -0.799362 -0.555112
vn 0.229935 -0.799362 -0.555113
vn 0.229935 -0.799362 -0.555113
vn 0.229935 -0.799362 -0.555113
vn 0.229935 -0.799362 0.555113
vn 0.229935 -0.799362 0.555113
vn 0.229935 -0.799362 0.555113
vn 0.229935 -0.799362 0.555113
vn 0.229935 -0.799362 0.555113
vn 0.229935 -0.799362 0.555113
vn -0.229935 -0.799362 -0.555112
vn -0.229935 -0.799362 -0.555112
vn -0.229935 -0.799362 -0.555112
vn -0.229935 -0.799362 -0.555113
vn -0.229935 -0.799362 -0.555113
vn -0.229935 -0.799362 -0.555113
vn 0.555113 -0.799362 0.229935
vn 0.555113 -0.799362 0.229935
vn 0.555113 -0.799362 0.229935
vn 0.555112 -0.799363 0.229935
vn 0.555112 -0.799363 0.229935
vn 0.555112 -0.799363 0.229935
vn -0.555113 -0.799362 -0.229935
vn -0.555113 -0.799362 -0.229935
vn -0.555113 -0.799362 -0.229935
vn -0.555112 -0.799362 -0.229935
vn -0.555112 -0.799362 -0.229935
vn -0.555112 -0.799362 -0.229935
vn -0.229936 -0.799362 0.555113
vn -0.229936 -0.799362 0.555113
vn -0.229936 -0.799362 0.555113
vn -0.229935 -0.799362 0.555112
vn -0.229935 -0.799362 0.555112
vn -0.229935 -0.799362 0.555112
vn 0.555112 -0.799362 -0.229935
vn 0.555112 -0.799362 -0.229935
vn 0.555112 -0.799362 -0.229935
vn 0.555112 -0.799362 -0.229935
vn 0.555112 -0.799362 -0.229935
vn 0.555112 -0.799362 -0.229935
vn 0.739692 -0.599150 -0.306390
vn 0.739692 -0.599150 -0.306390
vn 0.739692 -0.599150 -0.306390
vn 0.739692 -0.599151 -0.306390
vn 0.739692 -0.599151 -0.306390
vn 0.739692 -0.599151 -0.306390
vn -0.555113 -0.799362 0.229935
vn -0.555113 -0.799362 0.229935
vn -0.555113 -0.799362 0.229935
vn -0.555113 -0.799362 0.229935
vn -0.555113 -0.799362 0.229935
vn -0.555113 -0.799362 0.229935
vn -0.000000 -1.000000 0.000000
vn -0.000000 -1.000000 0.000000
vn -0.000000 -1.000000 0.000000
vn -0.382683 0.000000 0.923880
vn -0.382683 0.000000 0.923880
vn -0.382683 0.000000 0.923880
vn -0.382683 0.000000 0.923880
vn -0.382683 0.000000 0.923880
vn -0.382683 0.000000 0.923880
vn -0.739692 -0.599150 0.306390
vn -0.739692 -0.599150 0.306390
vn -0.739692 -0.599150 0.306390
vn -0.739692 -0.599150 0.306390
vn -0.739692 -0.599150 0.306390
vn -0.739692 -0.599150 0.306390
vn 0.739692 -0.599150 0.306390
vn 0.739692 -0.599150 0.306390
vn 0.739692 -0.599150 0.306390
vn 0.739691 -0.599151 0.306390
vn 0.739691 -0.599151 0.306390
vn 0.739691 -0.599151 0.306390
vn 0.306390 -0.599150 -0.739692
vn 0.306390 -0.599150 -0.739692
vn 0.306390 -0.599150 -0.739692
vn 0.306390 -0.599151 -0.739691
vn 0.306390 -0.599151 -0.739691
vn 0.306390 -0.599151 -0.739691
vn -0.306390 -0.599150 0.739692
vn -0.306390 -0.599150 0.739692
vn -0.306390 -0.599150 0.739692
vn -0.306390 -0.599151 0.739692
vn -0.306390 -0.599151 0.739692
vn -0.306390 -0.599151 0.739692
vn -0.306390 -0.599150 -0.739692
vn -0.306390 -0.599150 -0.739692
vn -0.306390 -0.599150 -0.739692
vn -0.306390 -0.599151 -0.739692
vn -0.306390 -0.599151 -0.739692
vn -0.306390 -0.599151 -0.739692
vn -0.739692 -0.599150 -0.306390
vn -0.739692 -0.599150 -0.306390
vn -0.739692 -0.599150 -0.306390
vn -0.739692 -0.599150 -0.306390
vn -0.739692 -0.599150 -0.306390
vn -0.739692 -0.599150 -0.306390
vn 0.306390 -0.599151 0.739691
vn 0.306390 -0.599151 0.739691
vn 0.306390 -0.599151 0.739691
vn 0.306390 -0.599150 0.739692
vn 0.306390 -0.599150 0.739692
vn 0.306390 -0.599150 0.739692
vn -0.923880 0.000000 -0.382683
vn -0.923880 0.000000 -0.382683
vn -0.923880 0.000000 -0.382683
vn -0.923880 0.000000 -0.382683
vn -0.923880 0.000000 -0.382683
vn -0.923880 0.000000 -0.382683
vn 0.382684 0.000000 -0.923879
vn 0.382684 0.000000 -0.923879
vn 0.382684 0.000000 -0.923879
vn 0.382683 0.000000 -0.923880
vn 0.382683 0.000000 -0.923880
vn 0.382683 0.000000 -0.923880
vn 0.923880 0.000000 0.382683
vn 0.923880 0.000000 0.382683
vn 0.923880 0.000000 0.382683
vn 0.923879 0.000000 0.382684
vn 0.923879 0.000000 0.382684
vn 0.923879 0.000000 0.382684
vn -0.923880 0.000000 0.382683
vn -0.923880 0.000000 0.382683
vn -0.923880 0.000000 0.382683
vn -0.923880 0.000000 0.382684
vn -0.923880 0.000000 0.382684
vn -0.923880 0.000000 0.382684
vn -0.382683 0.000000 -0.923880
vn -0.382683 0.000000 -0.923880
vn -0.382683 0.000000 -0.923880
vn -0.382683 -0.000000 -0.923880
vn -0.382683 -0.000000 -0.923880
vn -0.382683 -0.000000 -0.923880
vn 0.923880 0.000000 -0.382683
vn 0.923880 0.000000 -0.382683
vn 0.923880 0.000000 -0.382683
vn 0.923879 0.000000 -0.382684
vn 0.923879 0.000000 -0.382684
vn 0.923879 0.000000 -0.382684
vn 0.382684 0.000000 0.923879
vn 0.382684 0.000000 0.923879
vn 0.382684 0.000000 0.923879
vn 0.382683 0.000000 0.923880
vn 0.382683 0.000000 0.923880
vn 0.382683 0.000000 0.923880
vn 0.848007 0.396867 -0.351256
vn 0.848007 0.396867 -0.351256
vn 0.848007 0.396867 -0.351256
vn 0.848007 0.396867 -0.351256
vn 0.848007 0.396867 -0.351256
vn 0.848007 0.396867 -0.351256
vn -0.382683 0.000000 0.923880
vn -0.382683 0.000000 0.923880
vn -0.382683 0.000000 0.923880
vn -0.382683 0.000000 0.923880
vn -0.382683 0.000000 0.923880
vn -0.382683 0.000000 0.923880
vn -0.848007 0.396867 0.351255
vn -0.848007 0.396867 0.351255
vn -0.848007 0.396867 0.351255
vn -0.848007 0.396867 0.351256
vn -0.848007 0.396867 0.351256
vn -0.848007 0.396867 0.351256
vn 0.848007 0.396867 0.351256
vn 0.848007 0.396867 0.351256
vn 0.848007 0.396867 0.351256
vn 0.848007 0.396867 0.351256
vn 0.848007 0.396867 0.351256
vn 0.848007 0.396867 0.351256
vn 0.351256 0.396867 -0.848007
vn 0.351256 0.396867 -0.848007
vn 0.351256 0.396867 -0.848007
vn 0.351256 0.396867 -0.848007
vn 0.351256 0.396867 -0.848007
vn 0.351256 0.396867 -0.848007
vn -0.351256 0.396867 0.848007
vn -0.351256 0.396867 0.848007
vn -0.351256 0.396867 0.848007
vn -0.351256 0.396867 0.848007
vn -0.351256 0.396867 0.848007
vn -0.351256 0.396867 0.848007
vn -0.351256 0.396868 -0.848006
vn -0.351256 0.396868 -0.848006
vn -0.351256 0.396868 -0.848006
vn -0.351256 0.396866 -0.848007
vn -0.351256 0.396866 -0.848007
vn -0.351256 0.396866 -0.848007
vn -0.848008 0.396866 -0.351255
vn -0.848008 0.396866 -0.351255
vn -0.848008 0.396866 -0.351255
vn -0.848007 0.396868 -0.351256
vn -0.848007 0.396868 -0.351256
vn -0.848007 0.396868 -0.351256
vn 0.351256 0.396867 0.848007
vn 0.351256 0.396867 0.848007
vn 0.351256 0.396867 0.848007
vn 0.351256 0.396867 0.848007
vn 0.351256 0.396867 0.848007
vn 0.351256 0.396867 0.848007
vn -0.923880 0.000000 -0.382683
vn -0.923880 0.000000 -0.382683
vn -0.923880 0.000000 -0.382683
vn -0.923879 0.000000 -0.382684
vn -0.923879 0.000000 -0.382684
vn -0.923879 0.000000 -0.382684
vn 0.382684 0.000000 -0.923879
vn 0.382684 0.000000 -0.923879
vn 0.382684 0.000000 -0.923879
vn 0.382683 0.000000 -0.923880
vn 0.382683 0.000000 -0.923880
vn 0.382683 0.000000 -0.923880
vn 0.923880 0.000000 0.382683
vn 0.923880 0.000000 0.382683
vn 0.923880 0.000000 0.382683
vn 0.923880 0.000000 0.382684
vn 0.923880 0.000000 0.382684
vn 0.923880 0.000000 0.382684
vn -0.923880 0.000000 0.382683
vn -0.923880 0.000000 0.382683
vn -0.923880 0.000000 0.382683
vn -0.923880 0.000000 0.382683
vn -0.923880 0.000000 0.382683
vn -0.923880 0.000000 0.382683
vn -0.382683 0.000000 -0.923880
vn -0.382683 0.000000 -0.923880
vn -0.382683 0.000000 -0.923880
vn -0.382683 0.000000 -0.923880
vn -0.382683 0.000000 -0.923880
vn -0.382683 0.000000 -0.923880
vn 0.923880 0.000000 -0.382683
vn 0.923880 0.000000 -0.382683
vn 0.923880 0.000000 -0.382683
vn 0.923880 0.000000 -0.382683
vn 0.923880 0.000000 -0.382683
vn 0.923880 0.000000 -0.382683
vn 0.382684 0.000000 0.923879
vn 0.382684 0.000000 0.923879
vn 0.382684 0.000000 0.923879
vn 0.382683 0.000000 0.923880
vn 0.382683 0.000000 0.923880
vn 0.382683 0.000000 0.923880
vn -0.536766 0.813910 0.222336
vn -0.536766 0.813910 0.222336
vn -0.536766 0.813910 0.222336
vn -0.536767 0.813909 0.222336
vn -0.536767 0.813909 0.222336
vn -0.536767 0.813909 0.222336
vn -0.222336 0.813910 -0.536766
vn -0.222336 0.813910 -0.536766
vn -0.222336 0.813910 -0.536766
vn -0.222336 0.813909 -0.536766
vn -0.222336 0.813909 -0.536766
vn -0.222336 0.813909 -0.536766
vn 0.536767 0.813909 -0.222336
vn 0.536767 0.813909 -0.222336
vn 0.536767 0.813909 -0.222336
vn 0.536766 0.813910 -0.222336
vn 0.536766 0.813910 -0.222336
vn 0.536766 0.813910 -0.222336
vn 0.222336 0.813910 0.536766
vn 0.222336 0.813910 0.536766
vn 0.222336 0.813910 0.536766
vn 0.222336 0.813910 0.536766
vn 0.222336 0.813910 0.536766
vn 0.222336 0.813910 0.536766
vn -0.222336 0.813909 0.536766
vn -0.222336 0.813909 0.536766
vn -0.222336 0.813909 0.536766
vn -0.222336 0.813910 0.536766
vn -0.222336 0.813910 0.536766
vn -0.222336 0.813910 0.536766
vn -0.536767 0.813909 -0.222336
vn -0.536767 0.813909 -0.222336
vn -0.536767 0.813909 -0.222336
vn -0.536766 0.813910 -0.222336
vn -0.536766 0.813910 -0.222336
vn -0.536766 0.813910 -0.222336
vn 0.222336 0.813909 -0.536766
vn 0.222336 0.813909 -0.536766
vn 0.222336 0.813909 -0.536766
vn 0.222336 0.813910 -0.536766
vn 0.222336 0.813910 -0.536766
vn 0.222336 0.813910 -0.536766
vn 0.536766 0.813909 0.222336
vn 0.536766 0.813909 0.222336
vn 0.536766 0.813909 0.222336
vn 0.536767 0.813909 0.222336
vn 0.536767 0.813909 0.222336
vn 0.536767 0.813909 0.222336
vn -0.168243 0.898174 -0.406175
vn -0.168243 0.898174 -0.406175
vn -0.168243 0.898174 -0.406175
vn -0.168243 0.898174 -0.406175
vn -0.168243 0.898174 -0.406175
vn -0.168243 0.898174 -0.406175
vn 0.406175 0.898174 -0.168243
vn 0.406175 0.898174 -0.168243
vn 0.406175 0.898174 -0.168243
vn 0.406175 0.898174 -0.168243
vn 0.406175 0.898174 -0.168243
vn 0.406175 0.898174 -0.168243
vn 0.168243 0.898174 0.406175
vn 0.168243 0.898174 0.406175
vn 0.168243 0.898174 0.406175
vn 0.168243 0.898174 0.406175
vn 0.168243 0.898174 0.406175
vn 0.168243 0.898174 0.406175
vn -0.168243 0.898174 0.406175
vn -0.168243 0.898174 0.406175
vn -0.168243 0.898174 0.406175
vn -0.168243 0.898174 0.406175
vn -0.168243 0.898174 0.406175
vn -0.168243 0.898174 0.406175
vn -0.406175 0.898174 -0.168243
vn -0.406175 0.898174 -0.168243
vn -0.406175 0.898174 -0.168243
vn -0.406175 0.898174 -0.168243
vn -0.406175 0.898174 -0.168243
vn -0.406175 0.898174 -0.168243
vn 0.168243 0.898174 -0.406175
vn 0.168243 0.898174 -0.406175
vn 0.168243 0.898174 -0.406175
vn 0.168243 0.898174 -0.406175
vn 0.168243 0.898174 -0.406175
vn 0.168243 0.898174 -0.406175
vn 0.406175 0.898174 0.168243
vn 0.406175 0.898174 0.168243
vn 0.406175 0.898174 0.168243
vn 0.406175 0.898174 0.168243
vn 0.406175 0.898174 0.168243
vn 0.406175 0.898174 0.168243
vn -0.406175 0.898174 0.168243
vn -0.406175 0.898174 0.168243
vn -0.406175 0.898174 0.168243
vn -0.406175 0.898174 0.168243
vn -0.406175 0.898174 0.168243
vn -0.406175 0.898174 0.168243
vn -0.000000 1.000000 0.000000
vn -0.000000 1.000000 0.000000
vn -0.000000 1.000000 0.000000
vn -0.000000 1.000000 0.000000
vn -0.000000 1.000000 0.000000
vn -0.000000 1.000000 0.000000
vn -0.000000 1.000000 0.000000
vn -0.000000 1.000000 0.000000
vn -0.000000 1.000000 0.000000
vn 0.000000 1.000000 0.000000
vn 0.000000 1.000000 0.000000
vn 0.000000 1.000000 0.000000
vn -0.000001 1.000000 0.000000
vn -0.000001 1.000000 0.000000
vn -0.000001 1.000000 0.000000
vn -0.000000 1.000000 0.000000
vn -0.000000 1.000000 0.000000
vn -0.000000 1.000000 0.000000
vn 0.000001 1.000000 0.000000
vn 0.000001 1.000000 0.000000
vn 0.000001 1.000000 0.000000
vn -0.000000 1.000000 0.000000
vn -0.000000 1.000000 0.000000
vn -0.000000 1.000000 0.000000
vn 0.000001 1.000000 0.000000
vn 0.000001 1.000000 0.000000
vn 0.000001 1.000000 0.000000
vn -0.000000 1.000000 0.000000
vn -0.000000 1.000000 0.000000
vn -0.000000 1.000000 0.000000
vn -0.000000 1.000000 0.000000
vn -0.000000 1.000000 0.000000
vn -0.000000 1.000000 0.000000
vn -0.000000 1.000000 0.000000
vn -0.000000 1.000000 0.000000
vn -0.000000 1.000000 0.000000
vn -0.000001 1.000000 0.000000
vn -0.000001 1.000000 0.000000
vn -0.000001 1.000000 0.000000
vn 0.000000 1.000000 0.000000
vn 0.000000 1.000000 0.000000
vn 0.000000 1.000000 0.000000
vn -0.000000 1.000000 0.000000
vn -0.000000 1.000000 0.000000
vn -0.000000 1.000000 0.000000
vn -0.000000 1.000000 0.000000
vn -0.000000 1.000000 0.000000
vn -0.000000 1.000000 0.000000
vn 0.908648 -0.180836 0.376374
vn 0.908648 -0.180836 0.376374
vn 0.908648 -0.180836 0.376374
vn 0.908648 -0.180836 0.376374
vn 0.908648 -0.180836 0.376374
vn 0.908648 -0.180836 0.376374
vn -0.908648 -0.180836 0.376374
vn -0.908648 -0.180836 0.376374
vn -0.908648 -0.180836 0.376374
vn -0.908648 -0.180836 0.376374
vn -0.908648 -0.180836 0.376374
vn -0.908648 -0.180836 0.376374
vn -0.376374 -0.180836 -0.908648
vn -0.376374 -0.180836 -0.908648
vn -0.376374 -0.180836 -0.908648
vn -0.376374 -0.180836 -0.908648
vn -0.376374 -0.180836 -0.908648
vn -0.376374 -0.180836 -0.908648
vn 0.908648 -0.180836 -0.376374
vn 0.908648 -0.180836 -0.376374
vn 0.908648 -0.180836 -0.376374
vn 0.908648 -0.180836 -0.376374
vn 0.908648 -0.180836 -0.376374
vn 0.908648 -0.180836 -0.376374
vn 0.376374 -0.180836 0.908648
vn 0.376374 -0.180836 0.908648
vn 0.376374 -0.180836 0.908648
vn 0.376374 -0.180836 0.908648
vn 0.376374 -0.180836 0.908648
vn 0.376374 -0.180836 0.908648
vn -0.376374 -0.180836 0.908648
vn -0.376374 -0.180836 0.908648
vn -0.376374 -0.180836 0.908648
vn -0.376374 -0.180836 0.908648
vn -0.376374 -0.180836 0.908648
vn -0.376374 -0.180836 0.908648
vn -0.908648 -0.180836 -0.376374
vn -0.908648 -0.180836 -0.376374
vn -0.908648 -0.180836 -0.376374
vn -0.908648 -0.180836 -0.376374
vn -0.908648 -0.180836 -0.376374
vn -0.908648 -0.180836 -0.376374
vn 0.376374 -0.180836 -0.908648
vn 0.376374 -0.180836 -0.908648
vn 0.376374 -0.180836 -0.908648
vn 0.376374 -0.180836 -0.908648
vn 0.376374 -0.180836 -0.908648
vn 0.376374 -0.180836 -0.908648
vn 0.923880 0.000000 0.382683
vn 0.923880 0.000000 0.382683
vn 0.923880 0.000000 0.382683
vn 0.923879 0.000000 0.382684
vn 0.923879 0.000000 0.382684
vn 0.923879 0.000000 0.382684
vn -0.923879 0.000000 0.382684
vn -0.923879 0.000000 0.382684
vn -0.923879 0.000000 0.382684
vn -0.923880 0.000000 0.382683
vn -0.923880 0.000000 0.382683
vn -0.923880 0.000000 0.382683
vn -0.382683 0.000000 -0.923880
vn -0.382683 0.000000 -0.923880
vn -0.382683 0.000000 -0.923880
vn -0.382683 0.000000 -0.923880
vn -0.382683 0.000000 -0.923880
vn -0.382683 0.000000 -0.923880
vn 0.923880 0.000000 -0.382683
vn 0.923880 0.000000 -0.382683
vn 0.923880 0.000000 -0.382683
vn 0.923879 0.000000 -0.382684
vn 0.923879 0.000000 -0.382684
vn 0.923879 0.000000 -0.382684
vn 0.382683 0.000000 0.923880
vn 0.382683 0.000000 0.923880
vn 0.382683 0.000000 0.923880
vn 0.382684 0.000000 0.923879
vn 0.382684 0.000000 0.923879
vn 0.382684 0.000000 0.923879
vn -0.382683 0.000000 0.923880
vn -0.382683 0.000000 0.923880
vn -0.382683 0.000000 0.923880
vn -0.382683 0.000000 0.923880
vn -0.382683 0.000000 0.923880
vn -0.382683 0.000000 0.923880
vn -0.923880 0.000000 -0.382683
vn -0.923880 0.000000 -0.382683
vn -0.923880 0.000000 -0.382683
vn -0.923880 0.000000 -0.382683
vn -0.923880 0.000000 -0.382683
vn -0.923880 0.000000 -0.382683
vn 0.382683 0.000000 -0.923880
vn 0.382683 0.000000 -0.923880
vn 0.382683 0.000000 -0.923880
vn 0.382684 0.000000 -0.923879
vn 0.382684 0.000000 -0.923879
vn 0.382684 0.000000 -0.923879
vn -0.000000 1.000000 0.000000
vn -0.000000 1.000000 0.000000
vn -0.000000 1.000000 0.000000
vn 0.022101 0.007774 0.999726
vn 0.022101 0.007774 0.999726
vn 0.022101 0.007774 0.999726
vn 0.022337 0.007730 0.999721
vn 0.022337 0.007730 0.999721
vn 0.022337 0.007730 0.999721
vn -0.021167 -0.009532 -0.999731
vn -0.021167 -0.009532 -0.999731
vn -0.021167 -0.009532 -0.999731
vn -0.021590 -0.011585 -0.999700
vn -0.021590 -0.011585 -0.999700
vn -0.021590 -0.011585 -0.999700
vn 0.016199 0.016572 0.999732
vn 0.016199 0.016572 0.999732
vn 0.016199 0.016572 0.999732
vn 0.016212 0.016572 0.999731
vn 0.016212 0.016572 0.999731
vn 0.016212 0.016572 0.999731
vn 0.022740 0.010521 0.999686
vn 0.022740 0.010521 0.999686
vn 0.022740 0.010521 0.999686
vn 0.020460 0.010862 0.999732
vn 0.020460 0.010862 0.999732
vn 0.020460 0.010862 0.999732
vn 0.837343 0.546648 -0.005618
vn 0.837343 0.546648 -0.005618
vn 0.837343 0.546648 -0.005618
vn 0.837204 0.546860 -0.005769
vn 0.837204 0.546860 -0.005769
vn 0.837204 0.546860 -0.005769
vn -0.853286 -0.521412 0.005781
vn -0.853286 -0.521412 0.005781
vn -0.853286 -0.521412 0.005781
vn -0.853039 -0.521817 0.005575
vn -0.853039 -0.521817 0.005575
vn -0.853039 -0.521817 0.005575
vn -0.574495 -0.818488 0.005737
vn -0.574495 -0.818488 0.005737
vn -0.574495 -0.818488 0.005737
vn -0.574529 -0.818464 0.005724
vn -0.574529 -0.818464 0.005724
vn -0.574529 -0.818464 0.005724
vn 0.619499 0.784976 -0.005774
vn 0.619499 0.784976 -0.005774
vn 0.619499 0.784976 -0.005774
vn 0.619502 0.784974 -0.005773
vn 0.619502 0.784974 -0.005773
vn 0.619502 0.784974 -0.005773
vn -0.618490 -0.785771 0.005774
vn -0.618490 -0.785771 0.005774
vn -0.618490 -0.785771 0.005774
vn -0.618500 -0.785764 0.005773
vn -0.618500 -0.785764 0.005773
vn -0.618500 -0.785764 0.005773
vn -0.016207 -0.016564 -0.999731
vn -0.016207 -0.016564 -0.999731
vn -0.016207 -0.016564 -0.999731
vn -0.016205 -0.016579 -0.999731
vn -0.016205 -0.016579 -0.999731
vn -0.016205 -0.016579 -0.999731
vn -0.017264 -0.015882 -0.999725
vn -0.017264 -0.015882 -0.999725
vn -0.017264 -0.015882 -0.999725
vn -0.017259 -0.015895 -0.999725
vn -0.017259 -0.015895 -0.999725
vn -0.017259 -0.015895 -0.999725
vn -0.016540 -0.016278 -0.999731
vn -0.016540 -0.016278 -0.999731
vn -0.016540 -0.016278 -0.999731
vn -0.016516 -0.016347 -0.999730
vn -0.016516 -0.016347 -0.999730
vn -0.016516 -0.016347 -0.999730
vn 0.016495 0.016318 0.999731
vn 0.016495 0.016318 0.999731
vn 0.016495 0.016318 0.999731
vn 0.016565 0.016315 0.999730
vn 0.016565 0.016315 0.999730
vn 0.016565 0.016315 0.999730
vn 0.580317 0.814370 -0.005744
vn 0.580317 0.814370 -0.005744
vn 0.580317 0.814370 -0.005744
vn 0.580293 0.814388 -0.005732
vn 0.580293 0.814388 -0.005732
vn 0.580293 0.814388 -0.005732
vn 0.017404 0.015821 0.999723
vn 0.017404 0.015821 0.999723
vn 0.017404 0.015821 0.999723
vn 0.017402 0.015820 0.999723
vn 0.017402 0.015820 0.999723
vn 0.017402 0.015820 0.999723
vn 0.017256 0.015888 0.999725
vn 0.017256 0.015888 0.999725
vn 0.017256 0.015888 0.999725
vn 0.017270 0.015890 0.999725
vn 0.017270 0.015890 0.999725
vn 0.017270 0.015890 0.999725
vn 0.481419 0.876473 -0.005563
vn 0.481419 0.876473 -0.005563
vn 0.481419 0.876473 -0.005563
vn 0.481413 0.876476 -0.005562
vn 0.481413 0.876476 -0.005562
vn 0.481413 0.876476 -0.005562
vn -0.480216 -0.877133 0.005561
vn -0.480216 -0.877133 0.005561
vn -0.480216 -0.877133 0.005561
vn -0.480222 -0.877130 0.005560
vn -0.480222 -0.877130 0.005560
vn -0.480222 -0.877130 0.005560
vn -0.478777 -0.877919 0.005556
vn -0.478777 -0.877919 0.005556
vn -0.478777 -0.877919 0.005556
vn -0.478773 -0.877921 0.005557
vn -0.478773 -0.877921 0.005557
vn -0.478773 -0.877921 0.005557
vn 0.445925 0.895054 -0.005482
vn 0.445925 0.895054 -0.005482
vn 0.445925 0.895054 -0.005482
vn 0.445926 0.895053 -0.005481
vn 0.445926 0.895053 -0.005481
vn 0.445926 0.895053 -0.005481
vn -0.445896 -0.895068 0.005482
vn -0.445896 -0.895068 0.005482
vn -0.445896 -0.895068 0.005482
vn -0.445893 -0.895070 0.005482
vn -0.445893 -0.895070 0.005482
vn -0.445893 -0.895070 0.005482
vn -0.017403 -0.015821 -0.999723
vn -0.017403 -0.015821 -0.999723
vn -0.017403 -0.015821 -0.999723
vn -0.017403 -0.015820 -0.999723
vn -0.017403 -0.015820 -0.999723
vn -0.017403 -0.015820 -0.999723
vn 0.015893 0.016676 0.999735
vn 0.015893 0.016676 0.999735
vn 0.015893 0.016676 0.999735
vn 0.015849 0.016669 0.999735
vn 0.015849 0.016669 0.999735
vn 0.015849 0.016669 0.999735
vn -0.016889 -0.016082 -0.999728
vn -0.016889 -0.016082 -0.999728
vn -0.016889 -0.016082 -0.999728
vn -0.016893 -0.016073 -0.999728
vn -0.016893 -0.016073 -0.999728
vn -0.016893 -0.016073 -0.999728
vn 0.016896 0.016079 0.999728
vn 0.016896 0.016079 0.999728
vn 0.016896 0.016079 0.999728
vn 0.016886 0.016077 0.999728
vn 0.016886 0.016077 0.999728
vn 0.016886 0.016077 0.999728
vn 0.478186 0.878241 -0.005553
vn 0.478186 0.878241 -0.005553
vn 0.478186 0.878241 -0.005553
vn 0.478193 0.878237 -0.005555
vn 0.478193 0.878237 -0.005555
vn 0.478193 0.878237 -0.005555
vn 0.733727 0.679420 -0.005704
vn 0.733727 0.679420 -0.005704
vn 0.733727 0.679420 -0.005704
vn 0.733734 0.679412 -0.005709
vn 0.733734 0.679412 -0.005709
vn 0.733734 0.679412 -0.005709
vn 0.562727 0.826623 -0.005694
vn 0.562727 0.826623 -0.005694
vn 0.562727 0.826623 -0.005694
vn 0.562739 0.826615 -0.005698
vn 0.562739 0.826615 -0.005698
vn 0.562739 0.826615 -0.005698
vn -0.565165 -0.824959 0.005697
vn -0.565165 -0.824959 0.005697
vn -0.565165 -0.824959 0.005697
vn -0.565153 -0.824967 0.005701
vn -0.565153 -0.824967 0.005701
vn -0.565153 -0.824967 0.005701
vn -0.015866 -0.016692 -0.999735
vn -0.015866 -0.016692 -0.999735
vn -0.015866 -0.016692 -0.999735
vn -0.015874 -0.016648 -0.999735
vn -0.015874 -0.016648 -0.999735
vn -0.015874 -0.016648 -0.999735
vn -0.901725 -0.432280 0.005057
vn -0.901725 -0.432280 0.005057
vn -0.901725 -0.432280 0.005057
vn -0.901726 -0.432277 0.005054
vn -0.901726 -0.432277 0.005054
vn -0.901726 -0.432277 0.005054
vn -0.734479 -0.678607 0.005705
vn -0.734479 -0.678607 0.005705
vn -0.734479 -0.678607 0.005705
vn -0.734475 -0.678611 0.005707
vn -0.734475 -0.678611 0.005707
vn -0.734475 -0.678611 0.005707
vn -0.013953 -0.018244 -0.999736
vn -0.013953 -0.018244 -0.999736
vn -0.013953 -0.018244 -0.999736
vn -0.013952 -0.018227 -0.999736
vn -0.013952 -0.018227 -0.999736
vn -0.013952 -0.018227 -0.999736
vn 0.013963 0.018236 0.999736
vn 0.013963 0.018236 0.999736
vn 0.013963 0.018236 0.999736
vn 0.013945 0.018236 0.999736
vn 0.013945 0.018236 0.999736
vn 0.013945 0.018236 0.999736
vn -0.997488 -0.070761 0.003305
vn -0.997488 -0.070761 0.003305
vn -0.997488 -0.070761 0.003305
vn -0.997498 -0.070628 0.003208
vn -0.997498 -0.070628 0.003208
vn -0.997498 -0.070628 0.003208
vn -0.012124 -0.020861 -0.999709
vn -0.012124 -0.020861 -0.999709
vn -0.012124 -0.020861 -0.999709
vn -0.012100 -0.020806 -0.999710
vn -0.012100 -0.020806 -0.999710
vn -0.012100 -0.020806 -0.999710
vn 0.012146 0.020828 0.999709
vn 0.012146 0.020828 0.999709
vn 0.012146 0.020828 0.999709
vn 0.012090 0.020844 0.999710
vn 0.012090 0.020844 0.999710
vn 0.012090 0.020844 0.999710
vn 0.900090 0.435675 -0.005068
vn 0.900090 0.435675 -0.005068
vn 0.900090 0.435675 -0.005068
vn 0.900093 0.435668 -0.005070
vn 0.900093 0.435668 -0.005070
vn 0.900093 0.435668 -0.005070
vn 0.010735 0.015581 0.999821
vn 0.010735 0.015581 0.999821
vn 0.010735 0.015581 0.999821
vn 0.010890 0.015301 0.999824
vn 0.010890 0.015301 0.999824
vn 0.010890 0.015301 0.999824
vn -0.011580 -0.022711 -0.999675
vn -0.011580 -0.022711 -0.999675
vn -0.011580 -0.022711 -0.999675
vn -0.011786 -0.022906 -0.999668
vn -0.011786 -0.022906 -0.999668
vn -0.011786 -0.022906 -0.999668
vn 0.011532 0.022889 0.999672
vn 0.011532 0.022889 0.999672
vn 0.011532 0.022889 0.999672
vn 0.011760 0.022725 0.999673
vn 0.011760 0.022725 0.999673
vn 0.011760 0.022725 0.999673
vn 0.997229 0.074320 -0.003324
vn 0.997229 0.074320 -0.003324
vn 0.997229 0.074320 -0.003324
vn 0.997214 0.074520 -0.003227
vn 0.997214 0.074520 -0.003227
vn 0.997214 0.074520 -0.003227
vn -0.427232 0.904140 -0.001808
vn -0.427232 0.904140 -0.001808
vn -0.427232 0.904140 -0.001808
vn -0.427331 0.904094 -0.001718
vn -0.427331 0.904094 -0.001718
vn -0.427331 0.904094 -0.001718
vn 0.901689 -0.432385 -0.000372
vn 0.901689 -0.432385 -0.000372
vn 0.901689 -0.432385 -0.000372
vn 0.901780 -0.432196 -0.000263
vn 0.901780 -0.432196 -0.000263
vn 0.901780 -0.432196 -0.000263
vn -0.897185 0.441654 0.000312
vn -0.897185 0.441654 0.000312
vn -0.897185 0.441654 0.000312
vn -0.897142 0.441741 0.000230
vn -0.897142 0.441741 0.000230
vn -0.897142 0.441741 0.000230
vn -0.010707 -0.015388 -0.999824
vn -0.010707 -0.015388 -0.999824
vn -0.010707 -0.015388 -0.999824
vn -0.011030 -0.015434 -0.999820
vn -0.011030 -0.015434 -0.999820
vn -0.011030 -0.015434 -0.999820
vn 0.010256 0.999946 -0.001730
vn 0.010256 0.999946 -0.001730
vn 0.010256 0.999946 -0.001730
vn 0.010197 0.999947 -0.001693
vn 0.010197 0.999947 -0.001693
vn 0.010197 0.999947 -0.001693
vn -0.002615 -0.007359 -0.999970
vn -0.002615 -0.007359 -0.999970
vn -0.002615 -0.007359 -0.999970
vn -0.002250 -0.007559 -0.999969
vn -0.002250 -0.007559 -0.999969
vn -0.002250 -0.007559 -0.999969
vn 0.002421 0.007174 0.999971
vn 0.002421 0.007174 0.999971
vn 0.002421 0.007174 0.999971
vn 0.002498 0.007602 0.999968
vn 0.002498 0.007602 0.999968
vn 0.002498 0.007602 0.999968
vn 0.414173 -0.910197 0.001844
vn 0.414173 -0.910197 0.001844
vn 0.414173 -0.910197 0.001844
vn 0.413956 -0.910295 0.001723
vn 0.413956 -0.910295 0.001723
vn 0.413956 -0.910295 0.001723
vn -0.005437 0.006925 0.999961
vn -0.005437 0.006925 0.999961
vn -0.005437 0.006925 0.999961
vn -0.005426 0.006931 0.999961
vn -0.005426 0.006931 0.999961
vn -0.005426 0.006931 0.999961
vn 0.003542 -0.006566 -0.999972
vn 0.003542 -0.006566 -0.999972
vn 0.003542 -0.006566 -0.999972
vn 0.003621 -0.006655 -0.999971
vn 0.003621 -0.006655 -0.999971
vn 0.003621 -0.006655 -0.999971
vn -0.003624 0.006553 0.999972
vn -0.003624 0.006553 0.999972
vn -0.003624 0.006553 0.999972
vn -0.003542 0.006644 0.999972
vn -0.003542 0.006644 0.999972
vn -0.003542 0.006644 0.999972
vn -0.017348 -0.999848 0.001727
vn -0.017348 -0.999848 0.001727
vn -0.017348 -0.999848 0.001727
vn -0.017438 -0.999847 0.001685
vn -0.017438 -0.999847 0.001685
vn -0.017438 -0.999847 0.001685
vn 0.440846 0.897582 -0.000952
vn 0.440846 0.897582 -0.000952
vn 0.440846 0.897582 -0.000952
vn 0.440836 0.897587 -0.000945
vn 0.440836 0.897587 -0.000945
vn 0.440836 0.897587 -0.000945
vn -0.247808 -0.968808 0.001359
vn -0.247808 -0.968808 0.001359
vn -0.247808 -0.968808 0.001359
vn -0.247827 -0.968803 0.001350
vn -0.247827 -0.968803 0.001350
vn -0.247827 -0.968803 0.001350
vn 0.248418 0.968652 -0.001357
vn 0.248418 0.968652 -0.001357
vn 0.248418 0.968652 -0.001357
vn 0.248401 0.968656 -0.001349
vn 0.248401 0.968656 -0.001349
vn 0.248401 0.968656 -0.001349
vn 0.005428 -0.006923 -0.999961
vn 0.005428 -0.006923 -0.999961
vn 0.005428 -0.006923 -0.999961
vn 0.005434 -0.006935 -0.999961
vn 0.005434 -0.006935 -0.999961
vn 0.005434 -0.006935 -0.999961
vn 0.004399 -0.006288 -0.999971
vn 0.004399 -0.006288 -0.999971
vn 0.004399 -0.006288 -0.999971
vn 0.004406 -0.006355 -0.999970
vn 0.004406 -0.006355 -0.999970
vn 0.004406 -0.006355 -0.999970
vn 0.005553 -0.006979 -0.999960
vn 0.005553 -0.006979 -0.999960
vn 0.005553 -0.006979 -0.999960
vn 0.005560 -0.007001 -0.999960
vn 0.005560 -0.007001 -0.999960
vn 0.005560 -0.007001 -0.999960
vn -0.005568 0.006985 0.999960
vn -0.005568 0.006985 0.999960
vn -0.005568 0.006985 0.999960
vn -0.005546 0.006993 0.999960
vn -0.005546 0.006993 0.999960
vn -0.005546 0.006993 0.999960
vn -0.441027 -0.897493 0.000951
vn -0.441027 -0.897493 0.000951
vn -0.441027 -0.897493 0.000951
vn -0.441041 -0.897486 0.000945
vn -0.441041 -0.897486 0.000945
vn -0.441041 -0.897486 0.000945
vn 0.705786 0.708425 -0.000348
vn 0.705786 0.708425 -0.000348
vn 0.705786 0.708425 -0.000348
vn 0.705783 0.708428 -0.000346
vn 0.705783 0.708428 -0.000346
vn 0.705783 0.708428 -0.000346
vn -0.004438 0.006312 0.999970
vn -0.004438 0.006312 0.999970
vn -0.004438 0.006312 0.999970
vn -0.004373 0.006322 0.999970
vn -0.004373 0.006322 0.999970
vn -0.004373 0.006322 0.999970
vn -0.606112 -0.795379 0.000563
vn -0.606112 -0.795379 0.000563
vn -0.606112 -0.795379 0.000563
vn -0.606137 -0.795360 0.000546
vn -0.606137 -0.795360 0.000546
vn -0.606137 -0.795360 0.000546
vn 0.608705 0.793397 -0.000557
vn 0.608705 0.793397 -0.000557
vn 0.608705 0.793397 -0.000557
vn 0.608684 0.793413 -0.000542
vn 0.608684 0.793413 -0.000542
vn 0.608684 0.793413 -0.000542
vn 0.003351 -0.005304 -0.999980
vn 0.003351 -0.005304 -0.999980
vn 0.003351 -0.005304 -0.999980
vn 0.003351 -0.005304 -0.999980
vn 0.003351 -0.005304 -0.999980
vn 0.003351 -0.005304 -0.999980
vn -0.003351 0.005304 0.999980
vn -0.003351 0.005304 0.999980
vn -0.003351 0.005304 0.999980
vn -0.003351 0.005304 0.999980
vn -0.003351 0.005304 0.999980
vn -0.003351 0.005304 0.999980
vn -0.705785 -0.708426 0.000347
vn -0.705785 -0.708426 0.000347
vn -0.705785 -0.708426 0.000347
vn -0.705783 -0.708428 0.000348
vn -0.705783 -0.708428 0.000348
vn -0.705783 -0.708428 0.000348
vn 0.391319 -0.920254 -0.001083
vn 0.391319 -0.920254 -0.001083
vn 0.391319 -0.920254 -0.001083
vn -0.943339 -0.331781 0.005727
vn -0.943339 -0.331781 0.005727
vn -0.943339 -0.331781 0.005727
vn -0.943331 -0.331805 0.005748
vn -0.943331 -0.331805 0.005748
vn -0.943331 -0.331805 0.005748
vn 0.944989 0.327051 -0.005722
vn 0.944989 0.327051 -0.005722
vn 0.944989 0.327051 -0.005722
vn 0.945001 0.327018 -0.005752
vn 0.945001 0.327018 -0.005752
vn 0.945001 0.327018 -0.005752
vn -0.022157 -0.007667 -0.999725
vn -0.022157 -0.007667 -0.999725
vn -0.022157 -0.007667 -0.999725
vn -0.022290 -0.007840 -0.999721
vn -0.022290 -0.007840 -0.999721
vn -0.022290 -0.007840 -0.999721
vn 0.220343 -0.373278 0.901173
vn 0.220343 -0.373278 0.901173
vn 0.220343 -0.373278 0.901173
vn 0.189862 -0.335807 0.922598
vn 0.189862 -0.335807 0.922598
vn 0.189862 -0.335807 0.922598
vn 0.274245 -0.888458 0.368011
vn 0.274245 -0.888458 0.368011
vn 0.274245 -0.888458 0.368011
vn 0.266926 -0.884985 0.381512
vn 0.266926 -0.884985 0.381512
vn 0.266926 -0.884985 0.381512
vn 0.268429 -0.889973 -0.368639
vn 0.268429 -0.889973 -0.368639
vn 0.268429 -0.889973 -0.368639
vn 0.274228 -0.882655 -0.381730
vn 0.274228 -0.882655 -0.381730
vn 0.274228 -0.882655 -0.381730
vn 0.198318 -0.375082 -0.905529
vn 0.198318 -0.375082 -0.905529
vn 0.198318 -0.375082 -0.905529
vn 0.216793 -0.324313 -0.920773
vn 0.216793 -0.324313 -0.920773
vn 0.216793 -0.324313 -0.920773
vn 0.113309 0.380219 -0.917930
vn 0.113309 0.380219 -0.917930
vn 0.113309 0.380219 -0.917930
vn 0.150298 0.451532 -0.879505
vn 0.150298 0.451532 -0.879505
vn 0.150298 0.451532 -0.879505
vn 0.081834 0.920781 -0.381399
vn 0.081834 0.920781 -0.381399
vn 0.081834 0.920781 -0.381399
vn 0.109509 0.933097 -0.342546
vn 0.109509 0.933097 -0.342546
vn 0.109509 0.933097 -0.342546
vn 0.107795 0.918496 0.380453
vn 0.107795 0.918496 0.380453
vn 0.107795 0.918496 0.380453
vn 0.076833 0.934336 0.348013
vn 0.076833 0.934336 0.348013
vn 0.076833 0.934336 0.348013
vn 0.153921 0.378123 0.912870
vn 0.153921 0.378123 0.912870
vn 0.153921 0.378123 0.912870
vn 0.100363 0.437915 0.893397
vn 0.100363 0.437915 0.893397
vn 0.100363 0.437915 0.893397
vn 0.004557 0.408530 0.912734
vn 0.004557 0.408530 0.912734
vn 0.004557 0.408530 0.912734
vn 0.052777 0.591118 0.804856
vn 0.052777 0.591118 0.804856
vn 0.052777 0.591118 0.804856
vn -0.140512 0.416016 0.898436
vn -0.140512 0.416016 0.898436
vn -0.140512 0.416016 0.898436
vn -0.142294 0.524095 0.839688
vn -0.142294 0.524095 0.839688
vn -0.142294 0.524095 0.839688
vn 0.386351 -0.243213 0.889708
vn 0.386351 -0.243213 0.889708
vn 0.386351 -0.243213 0.889708
vn 0.384580 -0.127903 0.914188
vn 0.384580 -0.127903 0.914188
vn 0.384580 -0.127903 0.914188
vn 0.669998 -0.652718 -0.353640
vn 0.669998 -0.652718 -0.353640
vn 0.669998 -0.652718 -0.353640
vn 0.652357 -0.655196 -0.380983
vn 0.652357 -0.655196 -0.380983
vn 0.652357 -0.655196 -0.380983
vn -0.075882 0.926584 -0.368353
vn -0.075882 0.926584 -0.368353
vn -0.075882 0.926584 -0.368353
vn -0.210257 0.927023 -0.310515
vn -0.210257 0.927023 -0.310515
vn -0.210257 0.927023 -0.310515
vn 0.434725 -0.217035 -0.874020
vn 0.434725 -0.217035 -0.874020
vn 0.434725 -0.217035 -0.874020
vn 0.340060 -0.187180 -0.921587
vn 0.340060 -0.187180 -0.921587
vn 0.340060 -0.187180 -0.921587
vn -0.183264 0.907702 0.377481
vn -0.183264 0.907702 0.377481
vn -0.183264 0.907702 0.377481
vn -0.078445 0.957854 0.276338
vn -0.078445 0.957854 0.276338
vn -0.078445 0.957854 0.276338
vn 0.659422 -0.662293 0.355712
vn 0.659422 -0.662293 0.355712
vn 0.659422 -0.662293 0.355712
vn 0.665045 -0.641960 0.381579
vn 0.665045 -0.641960 0.381579
vn 0.665045 -0.641960 0.381579
vn 0.126114 0.445085 -0.886563
vn 0.126114 0.445085 -0.886563
vn 0.126114 0.445085 -0.886563
vn -0.065882 0.488651 -0.869988
vn -0.065882 0.488651 -0.869988
vn -0.065882 0.488651 -0.869988
vn -0.219565 0.403737 -0.888137
vn -0.219565 0.403737 -0.888137
vn -0.219565 0.403737 -0.888137
vn -0.260908 0.380421 -0.887247
vn -0.260908 0.380421 -0.887247
vn -0.260908 0.380421 -0.887247
vn -0.502359 0.783167 -0.366449
vn -0.502359 0.783167 -0.366449
vn -0.502359 0.783167 -0.366449
vn -0.559433 0.755450 -0.341072
vn -0.559433 0.755450 -0.341072
vn -0.559433 0.755450 -0.341072
vn 0.492087 0.032490 -0.869940
vn 0.492087 0.032490 -0.869940
vn 0.492087 0.032490 -0.869940
vn 0.418417 0.009934 -0.908201
vn 0.418417 0.009934 -0.908201
vn 0.418417 0.009934 -0.908201
vn 0.886796 -0.289505 0.360249
vn 0.886796 -0.289505 0.360249
vn 0.886796 -0.289505 0.360249
vn 0.885806 -0.266922 0.379606
vn 0.885806 -0.266922 0.379606
vn 0.885806 -0.266922 0.379606
vn -0.544002 0.752266 0.371697
vn -0.544002 0.752266 0.371697
vn -0.544002 0.752266 0.371697
vn -0.509825 0.794803 0.329189
vn -0.509825 0.794803 0.329189
vn -0.509825 0.794803 0.329189
vn -0.081184 0.474283 -0.876621
vn -0.081184 0.474283 -0.876621
vn -0.081184 0.474283 -0.876621
vn -0.196896 0.440838 -0.875725
vn -0.196896 0.440838 -0.875725
vn -0.196896 0.440838 -0.875725
vn 0.892742 -0.273601 -0.357987
vn 0.892742 -0.273601 -0.357987
vn 0.892742 -0.273601 -0.357987
vn 0.879103 -0.286994 -0.380542
vn 0.879103 -0.286994 -0.380542
vn 0.879103 -0.286994 -0.380542
vn 0.464276 -0.011767 0.885612
vn 0.464276 -0.011767 0.885612
vn 0.464276 -0.011767 0.885612
vn 0.440732 0.071964 0.894749
vn 0.440732 0.071964 0.894749
vn 0.440732 0.071964 0.894749
vn -0.836718 0.394001 0.380351
vn -0.836718 0.394001 0.380351
vn -0.836718 0.394001 0.380351
vn -0.836524 0.396528 0.378144
vn -0.836524 0.396528 0.378144
vn -0.836524 0.396528 0.378144
vn 0.924618 -0.104736 -0.366212
vn 0.924618 -0.104736 -0.366212
vn 0.924618 -0.104736 -0.366212
vn 0.919424 -0.114168 -0.376330
vn 0.919424 -0.114168 -0.376330
vn 0.919424 -0.114168 -0.376330
vn 0.444036 0.081613 0.892284
vn 0.444036 0.081613 0.892284
vn 0.444036 0.081613 0.892284
vn 0.430133 0.119126 0.894871
vn 0.430133 0.119126 0.894871
vn 0.430133 0.119126 0.894871
vn -0.236941 0.374222 0.896558
vn -0.236941 0.374222 0.896558
vn -0.236941 0.374222 0.896558
vn -0.243798 0.416776 0.875706
vn -0.243798 0.416776 0.875706
vn -0.243798 0.416776 0.875706
vn -0.702777 0.607886 -0.369565
vn -0.702777 0.607886 -0.369565
vn -0.702777 0.607886 -0.369565
vn -0.718727 0.594733 -0.360174
vn -0.718727 0.594733 -0.360174
vn -0.718727 0.594733 -0.360174
vn 0.452655 0.107463 -0.885186
vn 0.452655 0.107463 -0.885186
vn 0.452655 0.107463 -0.885186
vn 0.422720 0.087378 -0.902038
vn 0.422720 0.087378 -0.902038
vn 0.422720 0.087378 -0.902038
vn 0.923008 -0.114614 0.367313
vn 0.923008 -0.114614 0.367313
vn 0.923008 -0.114614 0.367313
vn 0.921159 -0.102385 0.375478
vn 0.921159 -0.102385 0.375478
vn 0.921159 -0.102385 0.375478
vn -0.713455 0.594280 0.371232
vn -0.713455 0.594280 0.371232
vn -0.713455 0.594280 0.371232
vn -0.706360 0.610981 0.357432
vn -0.706360 0.610981 0.357432
vn -0.706360 0.610981 0.357432
vn -0.873520 0.301515 -0.382166
vn -0.873520 0.301515 -0.382166
vn -0.873520 0.301515 -0.382166
vn -0.873182 0.301836 -0.382686
vn -0.873182 0.301836 -0.382686
vn -0.873182 0.301836 -0.382686
vn -0.318622 0.244259 -0.915870
vn -0.318622 0.244259 -0.915870
vn -0.318622 0.244259 -0.915870
vn -0.325702 0.240052 -0.914491
vn -0.325702 0.240052 -0.914491
vn -0.325702 0.240052 -0.914491
vn 0.917490 -0.126345 -0.377159
vn 0.917490 -0.126345 -0.377159
vn 0.917490 -0.126345 -0.377159
vn 0.916160 -0.128561 -0.379635
vn 0.916160 -0.128561 -0.379635
vn 0.916160 -0.128561 -0.379635
vn 0.406127 0.022296 0.913545
vn 0.406127 0.022296 0.913545
vn 0.406127 0.022296 0.913545
vn 0.402329 0.029697 0.915013
vn 0.402329 0.029697 0.915013
vn 0.402329 0.029697 0.915013
vn -0.320691 0.238933 0.916552
vn -0.320691 0.238933 0.916552
vn -0.320691 0.238933 0.916552
vn -0.323629 0.246064 0.913628
vn -0.323629 0.246064 0.913628
vn -0.323629 0.246064 0.913628
vn -0.835743 0.396157 -0.380254
vn -0.835743 0.396157 -0.380254
vn -0.835743 0.396157 -0.380254
vn -0.837595 0.394114 -0.378299
vn -0.837595 0.394114 -0.378299
vn -0.837595 0.394114 -0.378299
vn 0.407606 0.027811 -0.912734
vn 0.407606 0.027811 -0.912734
vn 0.407606 0.027811 -0.912734
vn 0.400916 0.023477 -0.915814
vn 0.400916 0.023477 -0.915814
vn 0.400916 0.023477 -0.915814
vn 0.917099 -0.128693 0.377315
vn 0.917099 -0.128693 0.377315
vn 0.917099 -0.128693 0.377315
vn 0.916578 -0.125936 0.379505
vn 0.916578 -0.125936 0.379505
vn 0.916578 -0.125936 0.379505
vn 0.370536 -0.098989 0.923528
vn 0.370536 -0.098989 0.923528
vn 0.370536 -0.098989 0.923528
vn 0.374576 -0.107007 0.921001
vn 0.374576 -0.107007 0.921001
vn 0.374576 -0.107007 0.921001
vn 0.379825 -0.061884 -0.922986
vn 0.379825 -0.061884 -0.922986
vn 0.379825 -0.061884 -0.922986
vn 0.383070 -0.060486 -0.921737
vn 0.383070 -0.060486 -0.921737
vn 0.383070 -0.060486 -0.921737
vn 0.900004 -0.209353 0.382315
vn 0.900004 -0.209353 0.382315
vn 0.900004 -0.209353 0.382315
vn 0.900277 -0.210667 0.380946
vn 0.900277 -0.210667 0.380946
vn 0.900277 -0.210667 0.380946
vn -0.873396 0.301888 0.382156
vn -0.873396 0.301888 0.382156
vn -0.873396 0.301888 0.382156
vn -0.873318 0.301444 0.382684
vn -0.873318 0.301444 0.382684
vn -0.873318 0.301444 0.382684
vn -0.354664 0.150443 -0.922811
vn -0.354664 0.150443 -0.922811
vn -0.354664 0.150443 -0.922811
vn -0.352433 0.151320 -0.923522
vn -0.352433 0.151320 -0.923522
vn -0.352433 0.151320 -0.923522
vn 0.899733 -0.210478 -0.382334
vn 0.899733 -0.210478 -0.382334
vn 0.899733 -0.210478 -0.382334
vn 0.900572 -0.209485 -0.380901
vn 0.900572 -0.209485 -0.380901
vn 0.900572 -0.209485 -0.380901
vn 0.380382 -0.059770 0.922896
vn 0.380382 -0.059770 0.922896
vn 0.380382 -0.059770 0.922896
vn 0.382369 -0.062684 0.921881
vn 0.382369 -0.062684 0.921881
vn 0.382369 -0.062684 0.921881
vn -0.354254 0.151808 0.922745
vn -0.354254 0.151808 0.922745
vn -0.354254 0.151808 0.922745
vn -0.352942 0.149902 0.923559
vn -0.352942 0.149902 0.923559
vn -0.352942 0.149902 0.923559
vn -0.755440 0.533919 0.379790
vn -0.755440 0.533919 0.379790
vn -0.755440 0.533919 0.379790
vn -0.755539 0.532520 0.381553
vn -0.755539 0.532520 0.381553
vn -0.755539 0.532520 0.381553
vn -0.340145 0.184929 0.922010
vn -0.340145 0.184929 0.922010
vn -0.340145 0.184929 0.922010
vn -0.337576 0.180273 0.923874
vn -0.337576 0.180273 0.923874
vn -0.337576 0.180273 0.923874
vn -0.840206 0.385732 -0.381136
vn -0.840206 0.385732 -0.381136
vn -0.840206 0.385732 -0.381136
vn -0.839427 0.386315 -0.382259
vn -0.839427 0.386315 -0.382259
vn -0.839427 0.386315 -0.382259
vn 0.368695 -0.104473 -0.923661
vn 0.368695 -0.104473 -0.923661
vn 0.368695 -0.104473 -0.923661
vn 0.377225 -0.101538 -0.920539
vn 0.377225 -0.101538 -0.920539
vn 0.377225 -0.101538 -0.920539
vn 0.873969 -0.299551 0.382683
vn 0.873969 -0.299551 0.382683
vn 0.873969 -0.299551 0.382683
vn 0.874201 -0.303403 0.379102
vn 0.874201 -0.303403 0.379102
vn 0.874201 -0.303403 0.379102
vn -0.839878 0.386478 0.381104
vn -0.839878 0.386478 0.381104
vn -0.839878 0.386478 0.381104
vn -0.839789 0.385541 0.382246
vn -0.839789 0.385541 0.382246
vn -0.839789 0.385541 0.382246
vn -0.341285 0.181872 -0.922197
vn -0.341285 0.181872 -0.922197
vn -0.341285 0.181872 -0.922197
vn -0.335972 0.183318 -0.923860
vn -0.335972 0.183318 -0.923860
vn -0.335972 0.183318 -0.923860
vn 0.872858 -0.302775 -0.382683
vn 0.872858 -0.302775 -0.382683
vn 0.872858 -0.302775 -0.382683
vn 0.875439 -0.300055 -0.378910
vn 0.875439 -0.300055 -0.378910
vn 0.875439 -0.300055 -0.378910
vn -0.305840 0.238898 -0.921623
vn -0.305840 0.238898 -0.921623
vn -0.305840 0.238898 -0.921623
vn -0.298668 0.239378 -0.923848
vn -0.298668 0.239378 -0.923848
vn -0.298668 0.239378 -0.923848
vn 0.796600 -0.468280 -0.382285
vn 0.796600 -0.468280 -0.382285
vn 0.796600 -0.468280 -0.382285
vn 0.800267 -0.465540 -0.377949
vn 0.800267 -0.465540 -0.377949
vn 0.800267 -0.465540 -0.377949
vn 0.342048 -0.171712 0.923860
vn 0.342048 -0.171712 0.923860
vn 0.342048 -0.171712 0.923860
vn 0.344909 -0.182176 0.920788
vn 0.344909 -0.182176 0.920788
vn 0.344909 -0.182176 0.920788
vn -0.303770 0.242600 0.921341
vn -0.303770 0.242600 0.921341
vn -0.303770 0.242600 0.921341
vn -0.301504 0.235962 0.923806
vn -0.301504 0.235962 0.923806
vn -0.301504 0.235962 0.923806
vn -0.756114 0.532924 -0.379846
vn -0.756114 0.532924 -0.379846
vn -0.756114 0.532924 -0.379846
vn -0.754805 0.533534 -0.381591
vn -0.754805 0.533534 -0.381591
vn -0.754805 0.533534 -0.381591
vn 0.338764 -0.178006 -0.923879
vn 0.338764 -0.178006 -0.923879
vn 0.338764 -0.178006 -0.923879
vn 0.349467 -0.176352 -0.920203
vn 0.349467 -0.176352 -0.920203
vn 0.349467 -0.176352 -0.920203
vn 0.798701 -0.464629 0.382358
vn 0.798701 -0.464629 0.382358
vn 0.798701 -0.464629 0.382358
vn 0.797965 -0.469265 0.378208
vn 0.797965 -0.469265 0.378208
vn 0.797965 -0.469265 0.378208
vn 0.306854 -0.229491 -0.923675
vn 0.306854 -0.229491 -0.923675
vn 0.306854 -0.229491 -0.923675
vn 0.201466 -0.200575 -0.958739
vn 0.201466 -0.200575 -0.958739
vn 0.201466 -0.200575 -0.958739
vn 0.672406 -0.633923 0.382116
vn 0.672406 -0.633923 0.382116
vn 0.672406 -0.633923 0.382116
vn 0.680038 -0.677031 0.281384
vn 0.680038 -0.677031 0.281384
vn 0.680038 -0.677031 0.281384
vn -0.687132 0.617705 0.382478
vn -0.687132 0.617705 0.382478
vn -0.687132 0.617705 0.382478
vn -0.677723 0.679748 0.280419
vn -0.677723 0.679748 0.280419
vn -0.677723 0.679748 0.280419
vn -0.284743 0.255972 -0.923796
vn -0.284743 0.255972 -0.923796
vn -0.284743 0.255972 -0.923796
vn -0.368144 0.275329 -0.888068
vn -0.368144 0.275329 -0.888068
vn -0.368144 0.275329 -0.888068
vn 0.655083 -0.652186 -0.381471
vn 0.655083 -0.652186 -0.381471
vn 0.655083 -0.652186 -0.381471
vn 0.696726 -0.656852 -0.288302
vn 0.696726 -0.656852 -0.288302
vn 0.696726 -0.656852 -0.288302
vn 0.272057 -0.270854 0.923376
vn 0.272057 -0.270854 0.923376
vn 0.272057 -0.270854 0.923376
vn 0.203229 -0.151992 0.967262
vn 0.203229 -0.151992 0.967262
vn 0.203229 -0.151992 0.967262
vn -0.306852 0.229490 0.923675
vn -0.306852 0.229490 0.923675
vn -0.306852 0.229490 0.923675
vn -0.362135 0.325546 0.873429
vn -0.362135 0.325546 0.873429
vn -0.362135 0.325546 0.873429
vn -0.652693 0.654642 -0.381362
vn -0.652693 0.654642 -0.381362
vn -0.652693 0.654642 -0.381362
vn -0.710782 0.638964 -0.294133
vn -0.710782 0.638964 -0.294133
vn -0.710782 0.638964 -0.294133
vn -0.000000 1.000000 0.000000
vn -0.000000 1.000000 0.000000
vn -0.000000 1.000000 0.000000
vn -0.000000 1.000000 0.000000
vn -0.000000 1.000000 0.000000
vn -0.000000 1.000000 0.000000
vn 0.000000 1.000000 0.000000
vn 0.000000 1.000000 0.000000
vn 0.000000 1.000000 0.000000
vn -0.000001 1.000000 0.000000
vn -0.000001 1.000000 0.000000
vn -0.000001 1.000000 0.000000
vn 0.000001 1.000000 0.000000
vn 0.000001 1.000000 0.000000
vn 0.000001 1.000000 0.000000
vn 0.391323 -0.920253 -0.001083
vn 0.391323 -0.920253 -0.001083
vn 0.391323 -0.920253 -0.001083
vn -0.000000 -1.000000 0.000000
vn -0.000000 -1.000000 0.000000
vn -0.000000 -1.000000 0.000000
vn -0.000000 -1.000000 0.000000
vn -0.000000 -1.000000 0.000000
vn -0.000000 -1.000000 0.000000
vn -0.000000 -1.000000 0.000000
vn -0.000000 -1.000000 0.000000
vn -0.000000 -1.000000 0.000000
vn -0.000000 -1.000000 0.000000
vn -0.000000 -1.000000 0.000000
vn -0.000000 -1.000000 0.000000
vn -0.000000 -1.000000 0.000000
vn -0.000000 -1.000000 0.000000
vn -0.000000 -1.000000 0.000000
vn -0.358957 0.346639 0.866598
vn -0.358957 0.346639 0.866598
vn -0.358957 0.346639 0.866598
vn -0.358956 0.346639 0.866598
vn -0.358956 0.346639 0.866598
vn -0.358956 0.346639 0.866598
vn -0.866597 0.346639 0.358957
vn -0.866597 0.346639 0.358957
vn -0.866597 0.346639 0.358957
vn -0.866598 0.346639 0.358957
vn -0.866598 0.346639 0.358957
vn -0.866598 0.346639 0.358957
vn -0.866597 0.346639 -0.358957
vn -0.866597 0.346639 -0.358957
vn -0.866597 0.346639 -0.358957
vn -0.866598 0.346638 -0.358957
vn -0.866598 0.346638 -0.358957
vn -0.866598 0.346638 -0.358957
vn -0.358957 0.346638 -0.866598
vn -0.358957 0.346638 -0.866598
vn -0.358957 0.346638 -0.866598
vn -0.358957 0.346639 -0.866598
vn -0.358957 0.346639 -0.866598
vn -0.358957 0.346639 -0.866598
vn 0.358956 0.346639 -0.866598
vn 0.358956 0.346639 -0.866598
vn 0.358956 0.346639 -0.866598
vn 0.358957 0.346639 -0.866598
vn 0.358957 0.346639 -0.866598
vn 0.358957 0.346639 -0.866598
vn 0.866597 0.346639 -0.358957
vn 0.866597 0.346639 -0.358957
vn 0.866597 0.346639 -0.358957
vn 0.866598 0.346639 -0.358956
vn 0.866598 0.346639 -0.358956
vn 0.866598 0.346639 -0.358956
vn 0.866597 0.346640 0.358957
vn 0.866597 0.346640 0.358957
vn 0.866597 0.346640 0.358957
vn 0.866598 0.346639 0.358956
vn 0.866598 0.346639 0.358956
vn 0.866598 0.346639 0.358956
vn 0.358956 0.346639 0.866598
vn 0.358956 0.346639 0.866598
vn 0.358956 0.346639 0.866598
vn 0.358957 0.346639 0.866598
vn 0.358957 0.346639 0.866598
vn 0.358957 0.346639 0.866598
vn -0.382683 0.000000 0.923880
vn -0.382683 0.000000 0.923880
vn -0.382683 0.000000 0.923880
vn -0.382683 0.000000 0.923880
vn -0.382683 0.000000 0.923880
vn -0.382683 0.000000 0.923880
vn -0.923880 0.000000 -0.382683
vn -0.923880 0.000000 -0.382683
vn -0.923880 0.000000 -0.382683
vn -0.923880 0.000000 -0.382683
vn -0.923880 0.000000 -0.382683
vn -0.923880 0.000000 -0.382683
vn 0.382683 0.000000 -0.923880
vn 0.382683 0.000000 -0.923880
vn 0.382683 0.000000 -0.923880
vn 0.382683 0.000000 -0.923880
vn 0.382683 0.000000 -0.923880
vn 0.382683 0.000000 -0.923880
vn 0.923880 0.000000 0.382683
vn 0.923880 0.000000 0.382683
vn 0.923880 0.000000 0.382683
vn 0.923880 0.000000 0.382683
vn 0.923880 0.000000 0.382683
vn 0.923880 0.000000 0.382683
vn -0.923880 0.000000 0.382683
vn -0.923880 0.000000 0.382683
vn -0.923880 0.000000 0.382683
vn -0.923880 0.000000 0.382683
vn -0.923880 0.000000 0.382683
vn -0.923880 0.000000 0.382683
vn -0.382683 0.000000 -0.923880
vn -0.382683 0.000000 -0.923880
vn -0.382683 0.000000 -0.923880
vn -0.382683 0.000000 -0.923880
vn -0.382683 0.000000 -0.923880
vn -0.382683 0.000000 -0.923880
vn 0.923880 0.000000 -0.382683
vn 0.923880 0.000000 -0.382683
vn 0.923880 0.000000 -0.382683
vn 0.923880 0.000000 -0.382683
vn 0.923880 0.000000 -0.382683
vn 0.923880 0.000000 -0.382683
vn 0.382683 0.000000 0.923880
vn 0.382683 0.000000 0.923880
vn 0.382683 0.000000 0.923880
vn 0.382683 0.000000 0.923880
vn 0.382683 0.000000 0.923880
vn 0.382683 0.000000 0.923880

g Material.001
f 3/1/1 1/2/2 2/3/3
f 6/4/4 4/5/5 5/6/6
f 9/7/7 7/8/8 8/9/9
f 12/10/10 10/11/11 11/12/12
f 15/13/13 13/14/14 14/15/15
f 18/16/16 16/17/17 17/18/18
f 21/19/19 19/20/20 20/21/21
f 24/22/22 22/23/23 23/24/24
f 27/25/25 25/26/26 26/27/27
f 30/28/28 28/29/29 29/30/30
f 33/31/31 31/32/32 32/33/33
f 36/34/34 34/35/35 35/36/36
f 39/37/37 37/38/38 38/39/39
f 42/40/40 40/41/41 41/42/42
f 45/43/43 43/44/44 44/45/45
f 48/46/46 46/47/47 47/48/48
f 51/49/49 49/50/50 50/51/51
f 54/52/52 52/53/53 53/54/54
f 57/55/55 55/56/56 56/57/57
f 60/58/58 58/59/59 59/60/60
f 63/61/61 61/62/62 62/63/63
f 66/64/64 64/65/65 65/66/66
f 69/67/67 67/68/68 68/69/69
f 72/70/70 70/71/71 71/72/72
f 75/73/73 73/74/74 74/75/75
f 78/76/76 76/77/77 77/78/78
f 81/79/79 79/80/80 80/81/81
f 84/82/82 82/83/83 83/84/84
f 87/85/85 85/86/86 86/87/87
f 90/88/88 88/89/89 89/90/90
f 93/91/91 91/92/92 92/93/93
f 96/94/94 94/95/95 95/96/96
f 99/97/97 97/98/98 98/99/99
f 102/100/100 100/101/101 101/102/102
f 105/103/103 103/104/104 104/105/105
f 108/106/106 106/107/107 107/108/108
f 111/109/109 109/110/110 110/111/111
f 114/112/112 112/113/113 113/114/114
f 117/115/115 115/116/116 116/117/117
f 120/118/118 118/119/119 119/120/120
f 123/121/121 121/122/122 122/123/123
f 126/124/124 124/125/125 125/126/126
f 129/127/127 127/128/128 128/129/129
f 132/130/130 130/131/131 131/132/132
f 135/133/133 133/134/134 134/135/135
f 138/136/136 136/137/137 137/138/138
f 141/139/139 139/140/140 140/141/141
f 144/142/142 142/143/143 143/144/144
f 147/145/145 145/146/146 146/147/147
f 150/148/148 148/149/149 149/150/150
f 153/151/151 151/152/152 152/153/153
f 156/154/154 154/155/155 155/156/156
f 159/157/157 157/158/158 158/159/159
f 162/160/160 160/161/161 161/162/162
f 165/163/163 163/164/164 164/165/165
f 168/166/166 166/167/167 167/168/168
f 171/169/169 169/170/170 170/171/171
f 174/172/172 172/173/173 173/174/174
f 177/175/175 175/176/176 176/177/177
f 180/178/178 178/179/179 179/180/180
f 183/181/181 181/182/182 182/183/183
f 186/184/184 184/185/185 185/186/186
f 189/187/187 187/188/188 188/189/189
f 192/190/190 190/191/191 191/192/192
f 195/193/193 193/194/194 194/195/195
f 198/196/196 196/197/197 197/198/198
f 201/199/199 199/200/200 200/201/201
f 204/202/202 202/203/203 203/204/204
f 207/205/205 205/206/206 206/207/207
f 210/208/208 208/209/209 209/210/210
f 213/211/211 211/212/212 212/213/213
f 216/214/214 214/215/215 215/216/216
f 219/217/217 217/218/218 218/219/219
f 222/220/220 220/221/221 221/222/222
f 225/223/223 223/224/224 224/225/225
f 228/226/226 226/227/227 227/228/228
f 231/229/229 229/230/230 230/231/231
f 234/232/232 232/233/233 233/234/234
f 237/235/235 235/236/236 236/237/237
f 240/238/238 238/239/239 239/240/240
f 243/241/241 241/242/242 242/243/243
f 246/244/244 244/245/245 245/246/246
f 249/247/247 247/248/248 248/249/249
f 252/250/250 250/251/251 251/252/252
f 255/253/253 253/254/254 254/255/255
f 258/256/256 256/257/257 257/258/258
f 261/259/259 259/260/260 260/261/261
f 264/262/262 262/263/263 263/264/264
f 267/265/265 265/266/266 266/267/267
f 270/268/268 268/269/269 269/270/270
f 273/271/271 271/272/272 272/273/273
f 276/274/274 274/275/275 275/276/276
f 279/277/277 277/278/278 278/279/279
f 282/280/280 280/281/281 281/282/282
f 285/283/283 283/284/284 284/285/285
f 288/286/286 286/287/287 287/288/288
f 291/289/289 289/290/290 290/291/291
f 294/292/292 292/293/293 293/294/294
f 297/295/295 295/296/296 296/297/297
f 300/298/298 298/299/299 299/300/300
f 303/301/301 301/302/302 302/303/303
f 306/304/304 304/305/305 305/306/306
f 309/307/307 307/308/308 308/309/309
f 312/310/310 310/311/311 311/312/312
f 315/313/313 313/314/314 314/315/315
f 318/316/316 316/317/317 317/318/318
f 321/319/319 319/320/320 320/321/321
f 324/322/322 322/323/323 323/324/324
f 327/325/325 325/326/326 326/327/327
f 330/328/328 328/329/329 329/330/330
f 333/331/331 331/332/332 332/333/333
f 336/334/334 334/335/335 335/336/336
f 339/337/337 337/338/338 338/339/339
f 342/340/340 340/341/341 341/342/342
f 345/343/343 343/344/344 344/345/345
f 348/346/346 346/347/347 347/348/348
f 351/349/349 349/350/350 350/351/351
f 354/352/352 352/353/353 353/354/354
f 357/355/355 355/356/356 356/357/357
f 360/358/358 358/359/359 359/360/360
f 363/361/361 361/362/362 362/363/363
f 366/364/364 364/365/365 365/366/366
f 369/367/367 367/368/368 368/369/369
f 372/370/370 370/371/371 371/372/372
f 375/373/373 373/374/374 374/375/375
f 378/376/376 376/377/377 377/378/378
f 381/379/379 379/380/380 380/381/381
f 384/382/382 382/383/383 383/384/384
f 387/385/385 385/386/386 386/387/387
f 390/388/388 388/389/389 389/390/390
f 393/391/391 391/392/392 392/393/393
f 396/394/394 394/395/395 395/396/396
f 399/397/397 397/398/398 398/399/399
f 402/400/400 400/401/401 401/402/402
f 405/403/403 403/404/404 404/405/405
f 408/406/406 406/407/407 407/408/408
f 411/409/409 409/410/410 410/411/411
f 414/412/412 412/413/413 413/414/414
f 417/415/415 415/416/416 416/417/417
f 420/418/418 418/419/419 419/420/420
f 423/421/421 421/422/422 422/423/423
f 426/424/424 424/425/425 425/426/426
f 429/427/427 427/428/428 428/429/429
f 432/430/430 430/431/431 431/432/432
f 435/433/433 433/434/434 434/435/435
f 438/436/436 436/437/437 437/438/438
f 441/439/439 439/440/440 440/441/441
f 444/442/442 442/443/443 443/444/444
f 447/445/445 445/446/446 446/447/447
f 450/448/448 448/449/449 449/450/450
f 453/451/451 451/452/452 452/453/453
f 456/454/454 454/455/455 455/456/456
f 459/457/457 457/458/458 458/459/459
f 462/460/460 460/461/461 461/462/462
f 465/463/463 463/464/464 464/465/465
f 468/466/466 466/467/467 467/468/468
f 471/469/469 469/470/470 470/471/471
f 474/472/472 472/473/473 473/474/474
f 477/475/475 475/476/476 476/477/477
f 480/478/478 478/479/479 479/480/480
f 483/481/481 481/482/482 482/483/483
f 486/484/484 484/485/485 485/486/486
f 489/487/487 487/488/488 488/489/489
f 492/490/490 490/491/491 491/492/492
f 495/493/493 493/494/494 494/495/495
f 498/496/496 496/497/497 497/498/498
f 501/499/499 499/500/500 500/501/501
f 504/502/502 502/503/503 503/504/504
f 507/505/505 505/506/506 506/507/507
f 510/508/508 508/509/509 509/510/510
f 513/511/511 511/512/512 512/513/513
f 516/514/514 514/515/515 515/516/516
f 519/517/517 517/518/518 518/519/519
f 522/520/520 520/521/521 521/522/522
f 525/523/523 523/524/524 524/525/525
f 528/526/526 526/527/527 527/528/528
f 531/529/529 529/530/530 530/531/531
f 534/532/532 532/533/533 533/534/534
f 537/535/535 535/536/536 536/537/537
f 540/538/538 538/539/539 539/540/540
f 543/541/541 541/542/542 542/543/543
f 546/544/544 544/545/545 545/546/546
f 549/547/547 547/548/548 548/549/549
f 552/550/550 550/551/551 551/552/552
f 555/553/553 553/554/554 554/555/555
f 558/556/556 556/557/557 557/558/558
f 561/559/559 559/560/560 560/561/561
f 564/562/562 562/563/563 563/564/564
f 567/565/565 565/566/566 566/567/567
f 570/568/568 568/569/569 569/570/570
f 573/571/571 571/572/572 572/573/573
f 576/574/574 574/575/575 575/576/576
f 579/577/577 577/578/578 578/579/579
f 582/580/580 580/581/581 581/582/582
f 585/583/583 583/584/584 584/585/585
f 588/586/586 586/587/587 587/588/588
f 591/589/589 589/590/590 590/591/591
f 594/592/592 592/593/593 593/594/594
f 597/595/595 595/596/596 596/597/597
f 600/598/598 598/599/599 599/600/600
f 603/601/601 601/602/602 602/603/603
f 606/604/604 604/605/605 605/606/606
f 609/607/607 607/608/608 608/609/609
f 612/610/610 610/611/611 611/612/612
f 615/613/613 613/614/614 614/615/615
f 618/616/616 616/617/617 617/618/618
f 621/619/619 619/620/620 620/621/621
f 624/622/622 622/623/623 623/624/624
f 627/625/625 625/626/626 626/627/627
f 630/628/628 628/629/629 629/630/630
f 633/631/631 631/632/632 632/633/633
f 636/634/634 634/635/635 635/636/636
f 639/637/637 637/638/638 638/639/639
f 642/640/640 640/641/641 641/642/642
f 645/643/643 643/644/644 644/645/645
f 648/646/646 646/647/647 647/648/648
f 651/649/649 649/650/650 650/651/651
f 654/652/652 652/653/653 653/654/654
f 657/655/655 655/656/656 656/657/657
f 660/658/658 658/659/659 659/660/660
f 663/661/661 661/662/662 662/663/663
f 666/664/664 664/665/665 665/666/666
f 669/667/667 667/668/668 668/669/669
f 672/670/670 670/671/671 671/672/672
f 675/673/673 673/674/674 674/675/675
f 678/676/676 676/677/677 677/678/678
f 681/679/679 679/680/680 680/681/681
f 684/682/682 682/683/683 683/684/684
f 687/685/685 685/686/686 686/687/687
f 690/688/688 688/689/689 689/690/690
f 693/691/691 691/692/692 692/693/693
f 696/694/694 694/695/695 695/696/696
f 699/697/697 697/698/698 698/699/699
f 702/700/700 700/701/701 701/702/702
f 705/703/703 703/704/704 704/705/705
f 708/706/706 706/707/707 707/708/708
f 711/709/709 709/710/710 710/711/711
f 714/712/712 712/713/713 713/714/714
f 717/715/715 715/716/716 716/717/717
f 720/718/718 718/719/719 719/720/720
f 723/721/721 721/722/722 722/723/723
f 726/724/724 724/725/725 725/726/726
f 729/727/727 727/728/728 728/729/729
f 732/730/730 730/731/731 731/732/732
f 735/733/733 733/734/734 734/735/735
f 738/736/736 736/737/737 737/738/738
f 741/739/739 739/740/740 740/741/741
f 744/742/742 742/743/743 743/744/744
f 747/745/745 745/746/746 746/747/747
f 750/748/748 748/749/749 749/750/750
f 753/751/751 751/752/752 752/753/753
f 756/754/754 754/755/755 755/756/756
f 759/757/757 757/758/758 758/759/759
f 762/760/760 760/761/761 761/762/762
f 765/763/763 763/764/764 764/765/765
f 768/766/766 766/767/767 767/768/768
f 771/769/769 769/770/770 770/771/771
f 774/772/772 772/773/773 773/774/774
f 777/775/775 775/776/776 776/777/777
f 780/778/778 778/779/779 779/780/780
f 783/781/781 781/782/782 782/783/783
f 786/784/784 784/785/785 785/786/786
f 789/787/787 787/788/788 788/789/789
f 792/790/790 790/791/791 791/792/792
f 795/793/793 793/794/794 794/795/795
f 798/796/796 796/797/797 797/798/798
f 801/799/799 799/800/800 800/801/801
f 804/802/802 802/803/803 803/804/804
f 807/805/805 805/806/806 806/807/807
f 810/808/808 808/809/809 809/810/810
f 813/811/811 811/812/812 812/813/813
f 816/814/814 814/815/815 815/816/816
f 819/817/817 817/818/818 818/819/819
f 822/820/820 820/821/821 821/822/822
f 825/823/823 823/824/824 824/825/825
f 828/826/826 826/827/827 827/828/828
f 831/829/829 829/830/830 830/831/831
f 834/832/832 832/833/833 833/834/834
f 837/835/835 835/836/836 836/837/837
f 840/838/838 838/839/839 839/840/840
f 843/841/841 841/842/842 842/843/843
f 846/844/844 844/845/845 845/846/846
f 849/847/847 847/848/848 848/849/849
f 852/850/850 850/851/851 851/852/852
f 855/853/853 853/854/854 854/855/855
f 858/856/856 856/857/857 857/858/858
f 861/859/859 859/860/860 860/861/861
f 864/862/862 862/863/863 863/864/864
f 867/865/865 865/866/866 866/867/867
f 870/868/868 868/869/869 869/870/870
f 873/871/871 871/872/872 872/873/873
f 876/874/874 874/875/875 875/876/876
f 879/877/877 877/878/878 878/879/879
f 882/880/880 880/881/881 881/882/882
f 885/883/883 883/884/884 884/885/885
f 888/886/886 886/887/887 887/888/888
f 891/889/889 889/890/890 890/891/891
f 894/892/892 892/893/893 893/894/894
f 897/895/895 895/896/896 896/897/897
f 900/898/898 898/899/899 899/900/900
f 903/901/901 901/902/902 902/903/903
f 906/904/904 904/905/905 905/906/906
f 909/907/907 907/908/908 908/909/909
f 912/910/910 910/911/911 911/912/912
f 915/913/913 913/914/914 914/915/915
f 918/916/916 916/917/917 917/918/918
f 921/919/919 919/920/920 920/921/921
f 924/922/922 922/923/923 923/924/924
f 927/925/925 925/926/926 926/927/927
f 930/928/928 928/929/929 929/930/930
f 933/931/931 931/932/932 932/933/933
f 936/934/934 934/935/935 935/936/936
f 939/937/937 937/938/938 938/939/939
f 942/940/940 940/941/941 941/942/942
f 945/943/943 943/944/944 944/945/945
f 948/946/946 946/947/947 947/948/948
f 951/949/949 949/950/950 950/951/951
f 954/952/952 952/953/953 953/954/954
f 957/955/955 955/956/956 956/957/957
f 960/958/958 958/959/959 959/960/960
f 963/961/961 961/962/962 962/963/963
f 966/964/964 964/965/965 965/966/966
f 969/967/967 967/968/968 968/969/969
f 972/970/970 970/971/971 971/972/972
f 975/973/973 973/974/974 974/975/975
f 978/976/976 976/977/977 977/978/978
f 981/979/979 979/980/980 980/981/981
f 984/982/982 982/983/983 983/984/984
f 987/985/985 985/986/986 986/987/987
f 990/988/988 988/989/989 989/990/990
f 993/991/991 991/992/992 992/993/993
f 996/994/994 994/995/995 995/996/996
f 999/997/997 997/998/998 998/999/999
f 1002/1000/1000 1000/1001/1001 1001/1002/1002
f 1005/1003/1003 1003/1004/1004 1004/1005/1005
f 1008/1006/1006 1006/1007/1007 1007/1008/1008
f 1011/1009/1009 1009/1010/1010 1010/1011/1011
f 1014/1012/1012 1012/1013/1013 1013/1014/1014
f 1017/1015/1015 1015/1016/1016 1016/1017/1017
f 1020/1018/1018 1018/1019/1019 1019/1020/1020
f 1023/1021/1021 1021/1022/1022 1022/1023/1023
f 1026/1024/1024 1024/1025/1025 1025/1026/1026
f 1029/1027/1027 1027/1028/1028 1028/1029/1029
f 1032/1030/1030 1030/1031/1031 1031/1032/1032
f 1035/1033/1033 1033/1034/1034 1034/1035/1035
f 1038/1036/1036 1036/1037/1037 1037/1038/1038
f 1041/1039/1039 1039/1040/1040 1040/1041/1041
f 1044/1042/1042 1042/1043/1043 1043/1044/1044
f 1047/1045/1045 1045/1046/1046 1046/1047/1047
f 1050/1048/1048 1048/1049/1049 1049/1050/1050
f 1053/1051/1051 1051/1052/1052 1052/1053/1053
f 1056/1054/1054 1054/1055/1055 1055/1056/1056
f 1059/1057/1057 1057/1058/1058 1058/1059/1059
f 1062/1060/1060 1060/1061/1061 1061/1062/1062
f 1065/1063/1063 1063/1064/1064 1064/1065/1065
f 1068/1066/1066 1066/1067/1067 1067/1068/1068
f 1071/1069/1069 1069/1070/1070 1070/1071/1071
f 1074/1072/1072 1072/1073/1073 1073/1074/1074
f 1077/1075/1075 1075/1076/1076 1076/1077/1077
f 1080/1078/1078 1078/1079/1079 1079/1080/1080
f 1083/1081/1081 1081/1082/1082 1082/1083/1083
f 1086/1084/1084 1084/1085/1085 1085/1086/1086
f 1089/1087/1087 1087/1088/1088 1088/1089/1089
f 1092/1090/1090 1090/1091/1091 1091/1092/1092
f 1095/1093/1093 1093/1094/1094 1094/1095/1095
f 1098/1096/1096 1096/1097/1097 1097/1098/1098
f 1101/1099/1099 1099/1100/1100 1100/1101/1101
f 1104/1102/1102 1102/1103/1103 1103/1104/1104
f 1107/1105/1105 1105/1106/1106 1106/1107/1107
f 1110/1108/1108 1108/1109/1109 1109/1110/1110
f 1113/1111/1111 1111/1112/1112 1112/1113/1113
f 1116/1114/1114 1114/1115/1115 1115/1116/1116
f 1119/1117/1117 1117/1118/1118 1118/1119/1119
f 1122/1120/1120 1120/1121/1121 1121/1122/1122
f 1125/1123/1123 1123/1124/1124 1124/1125/1125
f 1128/1126/1126 1126/1127/1127 1127/1128/1128
f 1131/1129/1129 1129/1130/1130 1130/1131/1131
f 1134/1132/1132 1132/1133/1133 1133/1134/1134
f 1137/1135/1135 1135/1136/1136 1136/1137/1137
f 1140/1138/1138 1138/1139/1139 1139/1140/1140
f 1143/1141/1141 1141/1142/1142 1142/1143/1143
f 1146/1144/1144 1144/1145/1145 1145/1146/1146
f 1149/1147/1147 1147/1148/1148 1148/1149/1149
f 1152/1150/1150 1150/1151/1151 1151/1152/1152
f 1155/1153/1153 1153/1154/1154 1154/1155/1155
f 1158/1156/1156 1156/1157/1157 1157/1158/1158
f 1161/1159/1159 1159/1160/1160 1160/1161/1161
f 1164/1162/1162 1162/1163/1163 1163/1164/1164
f 1167/1165/1165 1165/1166/1166 1166/1167/1167
f 1170/1168/1168 1168/1169/1169 1169/1170/1170
f 1173/1171/1171 1171/1172/1172 1172/1173/1173
f 1176/1174/1174 1174/1175/1175 1175/1176/1176
f 1179/1177/1177 1177/1178/1178 1178/1179/1179
f 1182/1180/1180 1180/1181/1181 1181/1182/1182
f 1185/1183/1183 1183/1184/1184 1184/1185/1185
f 1188/1186/1186 1186/1187/1187 1187/1188/1188
f 1191/1189/1189 1189/1190/1190 1190/1191/1191
f 1194/1192/1192 1192/1193/1193 1193/1194/1194
f 1197/1195/1195 1195/1196/1196 1196/1197/1197
f 1200/1198/1198 1198/1199/1199 1199/1200/1200
f 1203/1201/1201 1201/1202/1202 1202/1203/1203
f 1206/1204/1204 1204/1205/1205 1205/1206/1206
f 1209/1207/1207 1207/1208/1208 1208/1209/1209
f 1212/1210/1210 1210/1211/1211 1211/1212/1212
f 1215/1213/1213 1213/1214/1214 1214/1215/1215
f 1218/1216/1216 1216/1217/1217 1217/1218/1218
f 1221/1219/1219 1219/1220/1220 1220/1221/1221
f 1224/1222/1222 1222/1223/1223 1223/1224/1224
f 1227/1225/1225 1225/1226/1226 1226/1227/1227
f 1230/1228/1228 1228/1229/1229 1229/1230/1230
f 1233/1231/1231 1231/1232/1232 1232/1233/1233
f 1236/1234/1234 1234/1235/1235 1235/1236/1236
f 1239/1237/1237 1237/1238/1238 1238/1239/1239
f 1242/1240/1240 1240/1241/1241 1241/1242/1242
f 1245/1243/1243 1243/1244/1244 1244/1245/1245
f 1248/1246/1246 1246/1247/1247 1247/1248/1248
f 1251/1249/1249 1249/1250/1250 1250/1251/1251
f 1254/1252/1252 1252/1253/1253 1253/1254/1254
f 1257/1255/1255 1255/1256/1256 1256/1257/1257
f 1260/1258/1258 1258/1259/1259 1259/1260/1260
f 1263/1261/1261 1261/1262/1262 1262/1263/1263
f 1266/1264/1264 1264/1265/1265 1265/1266/1266
f 1269/1267/1267 1267/1268/1268 1268/1269/1269
f 1272/1270/1270 1270/1271/1271 1271/1272/1272
f 1275/1273/1273 1273/1274/1274 1274/1275/1275
f 1278/1276/1276 1276/1277/1277 1277/1278/1278
f 1281/1279/1279 1279/1280/1280 1280/1281/1281
f 1284/1282/1282 1282/1283/1283 1283/1284/1284
f 1287/1285/1285 1285/1286/1286 1286/1287/1287
f 1290/1288/1288 1288/1289/1289 1289/1290/1290
f 1293/1291/1291 1291/1292/1292 1292/1293/1293
f 1296/1294/1294 1294/1295/1295 1295/1296/1296
f 1299/1297/1297 1297/1298/1298 1298/1299/1299
f 1302/1300/1300 1300/1301/1301 1301/1302/1302
f 1305/1303/1303 1303/1304/1304 1304/1305/1305
f 1308/1306/1306 1306/1307/1307 1307/1308/1308
f 1311/1309/1309 1309/1310/1310 1310/1311/1311
f 1314/1312/1312 1312/1313/1313 1313/1314/1314
f 1317/1315/1315 1315/1316/1316 1316/1317/1317
f 1320/1318/1318 1318/1319/1319 1319/1320/1320
f 1323/1321/1321 1321/1322/1322 1322/1323/1323
f 1326/1324/1324 1324/1325/1325 1325/1326/1326
f 1329/1327/1327 1327/1328/1328 1328/1329/1329
f 1332/1330/1330 1330/1331/1331 1331/1332/1332
f 1335/1333/1333 1333/1334/1334 1334/1335/1335
f 1338/1336/1336 1336/1337/1337 1337/1338/1338
f 1341/1339/1339 1339/1340/1340 1340/1341/1341
f 1344/1342/1342 1342/1343/1343 1343/1344/1344
f 1347/1345/1345 1345/1346/1346 1346/1347/1347
f 1350/1348/1348 1348/1349/1349 1349/1350/1350
f 1353/1351/1351 1351/1352/1352 1352/1353/1353
f 1356/1354/1354 1354/1355/1355 1355/1356/1356
f 1359/1357/1357 1357/1358/1358 1358/1359/1359
f 1362/1360/1360 1360/1361/1361 1361/1362/1362
f 1365/1363/1363 1363/1364/1364 1364/1365/1365
f 1368/1366/1366 1366/1367/1367 1367/1368/1368
f 1371/1369/1369 1369/1370/1370 1370/1371/1371
f 1374/1372/1372 1372/1373/1373 1373/1374/1374
f 1377/1375/1375 1375/1376/1376 1376/1377/1377
f 1380/1378/1378 1378/1379/1379 1379/1380/1380
f 1383/1381/1381 1381/1382/1382 1382/1383/1383
f 1386/1384/1384 1384/1385/1385 1385/1386/1386

g Material.002
f 1389/1387/1387 1387/1388/1388 1388/1389/1389
f 1392/1390/1390 1390/1391/1391 1391/1392/1392
f 1395/1393/1393 1393/1394/1394 1394/1395/1395
f 1398/1396/1396 1396/1397/1397 1397/1398/1398
f 1401/1399/1399 1399/1400/1400 1400/1401/1401
f 1404/1402/1402 1402/1403/1403 1403/1404/1404
f 1407/1405/1405 1405/1406/1406 1406/1407/1407
f 1410/1408/1408 1408/1409/1409 1409/1410/1410
f 1413/1411/1411 1411/1412/1412 1412/1413/1413
f 1416/1414/1414 1414/1415/1415 1415/1416/1416
f 1419/1417/1417 1417/1418/1418 1418/1419/1419
f 1422/1420/1420 1420/1421/1421 1421/1422/1422
f 1425/1423/1423 1423/1424/1424 1424/1425/1425
f 1428/1426/1426 1426/1427/1427 1427/1428/1428
f 1431/1429/1429 1429/1430/1430 1430/1431/1431
f 1434/1432/1432 1432/1433/1433 1433/1434/1434
f 1437/1435/1435 1435/1436/1436 1436/1437/1437
f 1440/1438/1438 1438/1439/1439 1439/1440/1440
f 1443/1441/1441 1441/1442/1442 1442/1443/1443
f 1446/1444/1444 1444/1445/1445 1445/1446/1446
f 1449/1447/1447 1447/1448/1448 1448/1449/1449
f 1452/1450/1450 1450/1451/1451 1451/1452/1452
f 1455/1453/1453 1453/1454/1454 1454/1455/1455
f 1458/1456/1456 1456/1457/1457 1457/1458/1458
f 1461/1459/1459 1459/1460/1460 1460/1461/1461
f 1464/1462/1462 1462/1463/1463 1463/1464/1464
f 1467/1465/1465 1465/1466/1466 1466/1467/1467
f 1470/1468/1468 1468/1469/1469 1469/1470/1470
f 1473/1471/1471 1471/1472/1472 1472/1473/1473
f 1476/1474/1474 1474/1475/1475 1475/1476/1476
f 1479/1477/1477 1477/1478/1478 1478/1479/1479
f 1482/1480/1480 1480/1481/1481 1481/1482/1482

