# Converted from B3D for Luanti (With Correct Normals)
# Object Name: multidecor_kitchen_cooker

v -0.850000 1.000000 -0.650000
v -0.850000 1.000000 0.850000
v -0.850000 0.900000 0.850000
v -0.850000 0.900000 -0.650000
v 1.000000 0.600000 -0.800000
v 1.000000 1.000000 -0.800000
v 1.000000 1.000000 1.000000
v 1.000000 0.600000 1.000000
v 1.000000 0.600000 1.000000
v 1.000000 1.000000 1.000000
v -1.000000 1.000000 1.000000
v -1.000000 0.600000 1.000000
v -1.000000 0.600000 -1.000000
v -1.000000 1.000000 -1.000000
v 1.000000 1.000000 -1.000000
v 1.000000 0.600000 -1.000000
v -1.000000 0.600000 -0.800000
v -1.000000 1.000000 -0.800000
v -1.000000 1.000000 -1.000000
v -1.000000 0.600000 -1.000000
v -1.000000 0.600000 1.000000
v -1.000000 1.000000 1.000000
v -1.000000 1.000000 -0.800000
v -1.000000 0.600000 -0.800000
v -1.000000 -1.000000 1.000000
v -1.000000 -1.000000 -0.800000
v 1.000000 -1.000000 -0.800000
v 1.000000 -1.000000 1.000000
v 1.000000 0.600000 -1.000000
v 1.000000 1.000000 -1.000000
v 1.000000 1.000000 -0.800000
v 1.000000 0.600000 -0.800000
v -1.000000 1.000000 -1.000000
v -1.000000 1.000000 -0.800000
v 1.000000 1.000000 -0.800000
v 1.000000 1.000000 -1.000000
v 1.000000 0.600000 -0.800000
v -1.000000 0.600000 -0.800000
v -1.000000 0.600000 -1.000000
v 1.000000 0.600000 -1.000000
v -1.000000 -0.700000 1.000000
v -1.000000 0.500000 1.000000
v -1.000000 0.500000 -0.800000
v -1.000000 -0.700000 -0.800000
v -1.000000 0.500000 1.000000
v -1.000000 0.600000 1.000000
v -1.000000 0.600000 -0.800000
v -1.000000 0.500000 -0.800000
v 1.000000 0.600000 -0.800000
v 0.850000 0.500000 -0.800000
v -0.850000 0.500000 -0.800000
v 1.000000 -0.700000 1.000000
v 1.000000 0.500000 1.000000
v -1.000000 0.500000 1.000000
v -1.000000 -0.700000 1.000000
v 1.000000 0.500000 1.000000
v 1.000000 0.600000 1.000000
v -1.000000 0.600000 1.000000
v -1.000000 0.500000 1.000000
v 1.000000 -0.700000 -0.800000
v 1.000000 0.500000 -0.800000
v 1.000000 0.500000 1.000000
v 1.000000 -0.700000 1.000000
v 1.000000 0.500000 -0.800000
v 1.000000 0.600000 -0.800000
v 1.000000 0.600000 1.000000
v 1.000000 0.500000 1.000000
v -0.900000 0.800000 -1.000000
v -0.900000 0.800000 -1.075000
v -0.863388 0.711612 -1.075000
v -0.863388 0.711612 -1.000000
v -0.863388 0.711612 -1.000000
v -0.863388 0.711612 -1.075000
v -0.775000 0.675000 -1.075000
v -0.775000 0.675000 -1.000000
v -0.775000 0.675000 -1.000000
v -0.775000 0.675000 -1.075000
v -0.686612 0.711612 -1.075000
v -0.686612 0.711612 -1.000000
v -0.686612 0.711612 -1.000000
v -0.686612 0.711612 -1.075000
v -0.650000 0.800000 -1.075000
v -0.650000 0.800000 -1.000000
v -0.650000 0.800000 -1.000000
v -0.650000 0.800000 -1.075000
v -0.686612 0.888389 -1.075000
v -0.686612 0.888389 -1.000000
v -0.686612 0.888389 -1.000000
v -0.686612 0.888389 -1.075000
v -0.775000 0.925000 -1.075000
v -0.775000 0.925000 -1.000000
v -0.686612 0.711612 -1.075000
v -0.775000 0.675000 -1.075000
v -0.775000 0.925000 -1.075000
v -0.775000 0.925000 -1.000000
v -0.775000 0.925000 -1.075000
v -0.863388 0.888389 -1.075000
v -0.863388 0.888389 -1.000000
v -0.863388 0.888389 -1.000000
v -0.863388 0.888389 -1.075000
v -0.900000 0.800000 -1.075000
v -0.900000 0.800000 -1.000000
v 0.112500 0.800000 -1.000000
v 0.112500 0.800000 -1.050000
v 0.130806 0.755806 -1.050000
v 0.130806 0.755806 -1.000000
v 0.130806 0.755806 -1.000000
v 0.130806 0.755806 -1.050000
v 0.175000 0.737500 -1.050000
v 0.175000 0.737500 -1.000000
v 0.175000 0.737500 -1.000000
v 0.175000 0.737500 -1.050000
v 0.219194 0.755806 -1.050000
v 0.219194 0.755806 -1.000000
v 0.219194 0.755806 -1.000000
v 0.219194 0.755806 -1.050000
v 0.237500 0.800000 -1.050000
v 0.237500 0.800000 -1.000000
v 0.237500 0.800000 -1.000000
v 0.237500 0.800000 -1.050000
v 0.219194 0.844194 -1.050000
v 0.219194 0.844194 -1.000000
v 0.219194 0.844194 -1.000000
v 0.219194 0.844194 -1.050000
v 0.175000 0.862500 -1.050000
v 0.175000 0.862500 -1.000000
v 0.175000 0.737500 -1.050000
v 0.112500 0.800000 -1.050000
v 0.175000 0.862500 -1.050000
v 0.175000 0.862500 -1.000000
v 0.175000 0.862500 -1.050000
v 0.130806 0.844194 -1.050000
v 0.130806 0.844194 -1.000000
v 0.130806 0.844194 -1.000000
v 0.130806 0.844194 -1.050000
v 0.112500 0.800000 -1.050000
v 0.112500 0.800000 -1.000000
v 0.237500 0.800000 -1.050000
v 0.219194 0.755806 -1.050000
v 0.175000 0.737500 -1.050000
v 0.219194 0.844194 -1.050000
v 0.237500 0.800000 -1.050000
v 0.175000 0.737500 -1.050000
v 0.175000 0.862500 -1.050000
v 0.219194 0.844194 -1.050000
v 0.175000 0.737500 -1.050000
v 0.112500 0.800000 -1.050000
v 0.130806 0.844194 -1.050000
v 0.175000 0.862500 -1.050000
v 0.175000 0.737500 -1.050000
v 0.130806 0.755806 -1.050000
v 0.112500 0.800000 -1.050000
v -0.650000 0.800000 -1.075000
v -0.686612 0.711612 -1.075000
v -0.775000 0.925000 -1.075000
v -0.775000 0.925000 -1.075000
v -0.686612 0.888389 -1.075000
v -0.650000 0.800000 -1.075000
v -0.900000 0.800000 -1.075000
v -0.863388 0.888389 -1.075000
v -0.775000 0.925000 -1.075000
v -0.863388 0.711612 -1.075000
v -0.900000 0.800000 -1.075000
v -0.775000 0.925000 -1.075000
v -0.775000 0.675000 -1.075000
v -0.863388 0.711612 -1.075000
v -0.775000 0.925000 -1.075000
v -0.800000 0.700000 -1.000000
v -0.800000 0.900000 -1.000000
v -0.800000 0.900000 -1.150000
v -0.800000 0.700000 -1.150000
v -0.800000 0.700000 -1.150000
v -0.800000 0.900000 -1.150000
v -0.750000 0.900000 -1.150000
v -0.750000 0.700000 -1.150000
v -0.750000 0.700000 -1.150000
v -0.750000 0.900000 -1.150000
v -0.750000 0.900000 -1.000000
v -0.750000 0.700000 -1.000000
v -0.800000 0.700000 -1.000000
v -0.800000 0.700000 -1.150000
v -0.750000 0.700000 -1.150000
v -0.750000 0.700000 -1.000000
v -0.800000 0.900000 -1.150000
v -0.800000 0.900000 -1.000000
v -0.750000 0.900000 -1.000000
v -0.750000 0.900000 -1.150000
v 1.000000 -1.000000 -0.800000
v 1.000000 -0.700000 -0.800000
v 1.000000 -0.700000 1.000000
v 1.000000 -1.000000 1.000000
v 1.000000 -1.000000 1.000000
v 1.000000 -0.700000 1.000000
v -1.000000 -0.700000 1.000000
v -1.000000 -1.000000 1.000000
v -1.000000 -1.000000 1.000000
v -1.000000 -0.700000 1.000000
v -1.000000 -0.700000 -0.800000
v -1.000000 -1.000000 -0.800000
v 0.850000 -0.700000 -0.800000
v 1.000000 -0.700000 -0.800000
v 1.000000 -1.000000 -0.800000
v 0.925000 1.000000 -0.725000
v 0.925000 1.000000 0.925000
v 1.000000 1.000000 1.000000
v 1.000000 1.000000 -0.800000
v 0.925000 1.000000 0.925000
v -0.925000 1.000000 0.925000
v -1.000000 1.000000 1.000000
v 1.000000 1.000000 1.000000
v -0.925000 1.000000 0.925000
v -0.925000 1.000000 -0.725000
v -1.000000 1.000000 -0.800000
v -1.000000 1.000000 1.000000
v -0.925000 1.000000 -0.725000
v 0.925000 1.000000 -0.725000
v 1.000000 1.000000 -0.800000
v -1.000000 1.000000 -0.800000
v -0.850000 0.900000 -0.650000
v -0.850000 0.900000 0.850000
v 0.850000 0.900000 0.850000
v 0.850000 0.900000 -0.650000
v 0.850000 1.000000 0.850000
v 0.850000 1.000000 -0.650000
v 0.850000 0.900000 -0.650000
v 0.850000 0.900000 0.850000
v 0.850000 1.000000 -0.650000
v -0.850000 1.000000 -0.650000
v -0.850000 0.900000 -0.650000
v 0.850000 0.900000 -0.650000
v -0.850000 1.000000 0.850000
v 0.850000 1.000000 0.850000
v 0.850000 0.900000 0.850000
v -0.850000 0.900000 0.850000
v 0.573864 1.000000 -0.076136
v 0.645880 1.000000 -0.250000
v 0.400000 1.000000 -0.495880
v 0.400000 1.000000 -0.004120
v 0.573864 1.000000 -0.076136
v 0.400000 1.000000 -0.495880
v 0.154120 1.000000 -0.250000
v 0.226136 1.000000 -0.076136
v 0.400000 1.000000 -0.004120
v 0.226136 1.000000 -0.423864
v 0.154120 1.000000 -0.250000
v 0.400000 1.000000 -0.004120
v 0.400000 1.000000 -0.495880
v 0.226136 1.000000 -0.423864
v 0.400000 1.000000 -0.004120
v 0.100000 0.900000 -0.250000
v 0.100000 0.950000 -0.250000
v 0.187868 0.950000 -0.462132
v 0.187868 0.900000 -0.462132
v 0.187868 0.900000 -0.462132
v 0.187868 0.950000 -0.462132
v 0.400000 0.950000 -0.550000
v 0.400000 0.900000 -0.550000
v 0.400000 0.900000 -0.550000
v 0.400000 0.950000 -0.550000
v 0.612132 0.950000 -0.462132
v 0.612132 0.900000 -0.462132
v 0.612132 0.900000 -0.462132
v 0.612132 0.950000 -0.462132
v 0.700000 0.950000 -0.250000
v 0.700000 0.900000 -0.250000
v 0.700000 0.900000 -0.250000
v 0.700000 0.950000 -0.250000
v 0.612132 0.950000 -0.037868
v 0.612132 0.900000 -0.037868
v 0.612132 0.900000 -0.037868
v 0.612132 0.950000 -0.037868
v 0.400000 0.950000 0.050000
v 0.400000 0.900000 0.050000
v 0.154120 0.950000 -0.250000
v 0.226136 0.950000 -0.076136
v 0.226136 1.000000 -0.076136
v 0.154120 1.000000 -0.250000
v 0.400000 0.900000 0.050000
v 0.400000 0.950000 0.050000
v 0.187868 0.950000 -0.037868
v 0.187868 0.900000 -0.037868
v 0.187868 0.900000 -0.037868
v 0.187868 0.950000 -0.037868
v 0.100000 0.950000 -0.250000
v 0.100000 0.900000 -0.250000
v 0.154120 0.950000 -0.250000
v 0.226136 0.950000 -0.423864
v 0.187868 0.950000 -0.462132
v 0.100000 0.950000 -0.250000
v 0.226136 0.950000 -0.423864
v 0.400000 0.950000 -0.495880
v 0.400000 0.950000 -0.550000
v 0.187868 0.950000 -0.462132
v 0.400000 0.950000 -0.495880
v 0.573864 0.950000 -0.423864
v 0.612132 0.950000 -0.462132
v 0.400000 0.950000 -0.550000
v 0.573864 0.950000 -0.423864
v 0.645880 0.950000 -0.250000
v 0.700000 0.950000 -0.250000
v 0.612132 0.950000 -0.462132
v 0.645880 0.950000 -0.250000
v 0.573864 0.950000 -0.076136
v 0.612132 0.950000 -0.037868
v 0.700000 0.950000 -0.250000
v 0.573864 0.950000 -0.076136
v 0.400000 0.950000 -0.004120
v 0.400000 0.950000 0.050000
v 0.612132 0.950000 -0.037868
v 0.400000 0.950000 -0.004120
v 0.226136 0.950000 -0.076136
v 0.187868 0.950000 -0.037868
v 0.400000 0.950000 0.050000
v 0.226136 0.950000 -0.076136
v 0.154120 0.950000 -0.250000
v 0.100000 0.950000 -0.250000
v 0.187868 0.950000 -0.037868
v 0.645880 1.000000 -0.250000
v 0.573864 1.000000 -0.423864
v 0.400000 1.000000 -0.495880
v 0.400000 0.950000 -0.004120
v 0.573864 0.950000 -0.076136
v 0.573864 1.000000 -0.076136
v 0.400000 1.000000 -0.004120
v 0.645880 0.950000 -0.250000
v 0.573864 0.950000 -0.423864
v 0.573864 1.000000 -0.423864
v 0.645880 1.000000 -0.250000
v 0.400000 0.950000 -0.495880
v 0.226136 0.950000 -0.423864
v 0.226136 1.000000 -0.423864
v 0.400000 1.000000 -0.495880
v 0.226136 0.950000 -0.076136
v 0.400000 0.950000 -0.004120
v 0.400000 1.000000 -0.004120
v 0.226136 1.000000 -0.076136
v 0.573864 0.950000 -0.076136
v 0.645880 0.950000 -0.250000
v 0.645880 1.000000 -0.250000
v 0.573864 1.000000 -0.076136
v 0.573864 0.950000 -0.423864
v 0.400000 0.950000 -0.495880
v 0.400000 1.000000 -0.495880
v 0.573864 1.000000 -0.423864
v 0.226136 0.950000 -0.423864
v 0.154120 0.950000 -0.250000
v 0.154120 1.000000 -0.250000
v 0.226136 1.000000 -0.423864
v -0.850000 1.000000 -0.650000
v 0.850000 1.000000 -0.650000
v 0.850000 1.050000 -0.650000
v -0.850000 1.050000 -0.650000
v 0.925000 1.000000 -0.725000
v -0.925000 1.000000 -0.725000
v -0.925000 1.050000 -0.725000
v 0.925000 1.050000 -0.725000
v 0.850000 1.000000 -0.650000
v 0.850000 1.000000 0.850000
v 0.850000 1.050000 0.850000
v 0.850000 1.050000 -0.650000
v -0.925000 1.000000 0.925000
v 0.925000 1.000000 0.925000
v 0.925000 1.050000 0.925000
v -0.925000 1.050000 0.925000
v -0.850000 1.050000 -0.650000
v 0.850000 1.050000 -0.650000
v 0.925000 1.050000 -0.725000
v -0.925000 1.050000 -0.725000
v -0.850000 1.050000 0.850000
v -0.850000 1.050000 -0.650000
v -0.925000 1.050000 -0.725000
v -0.925000 1.050000 0.925000
v 0.850000 1.050000 0.850000
v -0.850000 1.050000 0.850000
v -0.925000 1.050000 0.925000
v 0.925000 1.050000 0.925000
v 0.850000 1.050000 -0.650000
v 0.850000 1.050000 0.850000
v 0.925000 1.050000 0.925000
v 0.925000 1.050000 -0.725000
v 0.925000 1.000000 0.925000
v 0.925000 1.000000 -0.725000
v 0.925000 1.050000 -0.725000
v 0.925000 1.050000 0.925000
v 0.850000 1.000000 0.850000
v -0.850000 1.000000 0.850000
v -0.850000 1.050000 0.850000
v 0.850000 1.050000 0.850000
v -0.925000 1.000000 -0.725000
v -0.925000 1.000000 0.925000
v -0.925000 1.050000 0.925000
v -0.925000 1.050000 -0.725000
v -0.850000 1.000000 0.850000
v -0.850000 1.000000 -0.650000
v -0.850000 1.050000 -0.650000
v -0.850000 1.050000 0.850000
v 0.025000 1.050000 -0.650000
v -0.025000 1.050000 -0.650000
v -0.025000 1.050000 0.850000
v 0.025000 1.050000 0.850000
v -0.025000 1.050000 -0.650000
v -0.025000 1.000000 -0.650000
v -0.025000 1.000000 0.850000
v -0.025000 1.050000 0.850000
v 0.850000 1.050000 0.125000
v 0.850000 1.050000 0.075000
v -0.850000 1.050000 0.075000
v -0.850000 1.050000 0.125000
v 0.850000 1.050000 0.075000
v 0.850000 1.000000 0.075000
v -0.850000 1.000000 0.075000
v -0.850000 1.050000 0.075000
v 0.850000 1.000000 0.125000
v 0.850000 1.050000 0.125000
v -0.850000 1.050000 0.125000
v -0.850000 1.000000 0.125000
v 0.850000 1.000000 0.075000
v 0.850000 1.000000 0.125000
v -0.850000 1.000000 0.125000
v -0.850000 1.000000 0.075000
v 0.025000 1.000000 -0.650000
v 0.025000 1.050000 -0.650000
v 0.025000 1.050000 0.850000
v 0.025000 1.000000 0.850000
v -0.025000 1.000000 -0.650000
v 0.025000 1.000000 -0.650000
v 0.025000 1.000000 0.850000
v -0.025000 1.000000 0.850000
v 0.425000 1.050000 -0.075000
v 0.375000 1.050000 -0.075000
v 0.375000 1.050000 0.075000
v 0.425000 1.050000 0.075000
v 0.375000 1.050000 -0.075000
v 0.375000 1.000000 -0.075000
v 0.375000 1.000000 0.075000
v 0.375000 1.050000 0.075000
v 0.425000 1.000000 -0.075000
v 0.425000 1.050000 -0.075000
v 0.425000 1.050000 0.075000
v 0.425000 1.000000 0.075000
v 0.375000 1.000000 -0.075000
v 0.425000 1.000000 -0.075000
v 0.425000 1.000000 0.075000
v 0.375000 1.000000 0.075000
v 0.425000 1.000000 -0.075000
v 0.375000 1.000000 -0.075000
v 0.375000 1.050000 -0.075000
v 0.425000 1.050000 -0.075000
v 0.575000 1.050000 -0.275000
v 0.575000 1.050000 -0.225000
v 0.850000 1.050000 -0.225000
v 0.850000 1.050000 -0.275000
v 0.575000 1.050000 -0.225000
v 0.575000 1.000000 -0.225000
v 0.850000 1.000000 -0.225000
v 0.850000 1.050000 -0.225000
v 0.575000 1.000000 -0.275000
v 0.575000 1.050000 -0.275000
v 0.850000 1.050000 -0.275000
v 0.850000 1.000000 -0.275000
v 0.575000 1.000000 -0.225000
v 0.575000 1.000000 -0.275000
v 0.850000 1.000000 -0.275000
v 0.850000 1.000000 -0.225000
v 0.575000 1.000000 -0.275000
v 0.575000 1.000000 -0.225000
v 0.575000 1.050000 -0.225000
v 0.575000 1.050000 -0.275000
v 0.375000 1.050000 -0.425000
v 0.425000 1.050000 -0.425000
v 0.425000 1.050000 -0.650000
v 0.375000 1.050000 -0.650000
v 0.425000 1.050000 -0.425000
v 0.425000 1.000000 -0.425000
v 0.425000 1.000000 -0.650000
v 0.425000 1.050000 -0.650000
v 0.375000 1.000000 -0.425000
v 0.375000 1.050000 -0.425000
v 0.375000 1.050000 -0.650000
v 0.375000 1.000000 -0.650000
v 0.425000 1.000000 -0.425000
v 0.375000 1.000000 -0.425000
v 0.375000 1.000000 -0.650000
v 0.425000 1.000000 -0.650000
v 0.375000 1.000000 -0.425000
v 0.425000 1.000000 -0.425000
v 0.425000 1.050000 -0.425000
v 0.375000 1.050000 -0.425000
v 0.225000 1.050000 -0.225000
v 0.225000 1.050000 -0.275000
v 0.025000 1.050000 -0.275000
v 0.025000 1.050000 -0.225000
v 0.225000 1.050000 -0.275000
v 0.225000 1.000000 -0.275000
v 0.025000 1.000000 -0.275000
v 0.025000 1.050000 -0.275000
v 0.225000 1.000000 -0.225000
v 0.225000 1.050000 -0.225000
v 0.025000 1.050000 -0.225000
v 0.025000 1.000000 -0.225000
v 0.225000 1.000000 -0.275000
v 0.225000 1.000000 -0.225000
v 0.025000 1.000000 -0.225000
v 0.025000 1.000000 -0.275000
v 0.225000 1.000000 -0.225000
v 0.225000 1.000000 -0.275000
v 0.225000 1.050000 -0.275000
v 0.225000 1.050000 -0.225000
v 0.425000 1.050000 0.275000
v 0.375000 1.050000 0.275000
v 0.375000 1.050000 0.125000
v 0.425000 1.050000 0.125000
v 0.375000 1.050000 0.275000
v 0.375000 1.000000 0.275000
v 0.375000 1.000000 0.125000
v 0.375000 1.050000 0.125000
v 0.425000 1.000000 0.275000
v 0.425000 1.050000 0.275000
v 0.425000 1.050000 0.125000
v 0.425000 1.000000 0.125000
v 0.375000 1.000000 0.275000
v 0.425000 1.000000 0.275000
v 0.425000 1.000000 0.125000
v 0.375000 1.000000 0.125000
v 0.425000 1.000000 0.275000
v 0.375000 1.000000 0.275000
v 0.375000 1.050000 0.275000
v 0.425000 1.050000 0.275000
v 0.575000 1.050000 0.475000
v 0.575000 1.050000 0.425000
v 0.850000 1.050000 0.425000
v 0.850000 1.050000 0.475000
v 0.575000 1.050000 0.425000
v 0.575000 1.000000 0.425000
v 0.850000 1.000000 0.425000
v 0.850000 1.050000 0.425000
v 0.575000 1.000000 0.475000
v 0.575000 1.050000 0.475000
v 0.850000 1.050000 0.475000
v 0.850000 1.000000 0.475000
v 0.575000 1.000000 0.425000
v 0.575000 1.000000 0.475000
v 0.850000 1.000000 0.475000
v 0.850000 1.000000 0.425000
v 0.575000 1.000000 0.475000
v 0.575000 1.000000 0.425000
v 0.575000 1.050000 0.425000
v 0.575000 1.050000 0.475000
v 0.375000 1.050000 0.625000
v 0.425000 1.050000 0.625000
v 0.425000 1.050000 0.850000
v 0.375000 1.050000 0.850000
v 0.425000 1.050000 0.625000
v 0.425000 1.000000 0.625000
v 0.425000 1.000000 0.850000
v 0.425000 1.050000 0.850000
v 0.375000 1.000000 0.625000
v 0.375000 1.050000 0.625000
v 0.375000 1.050000 0.850000
v 0.375000 1.000000 0.850000
v 0.425000 1.000000 0.625000
v 0.375000 1.000000 0.625000
v 0.375000 1.000000 0.850000
v 0.425000 1.000000 0.850000
v 0.375000 1.000000 0.625000
v 0.425000 1.000000 0.625000
v 0.425000 1.050000 0.625000
v 0.375000 1.050000 0.625000
v 0.225000 1.050000 0.425000
v 0.225000 1.050000 0.475000
v 0.025000 1.050000 0.475000
v 0.025000 1.050000 0.425000
v 0.225000 1.050000 0.475000
v 0.225000 1.000000 0.475000
v 0.025000 1.000000 0.475000
v 0.025000 1.050000 0.475000
v 0.225000 1.000000 0.425000
v 0.225000 1.050000 0.425000
v 0.025000 1.050000 0.425000
v 0.025000 1.000000 0.425000
v 0.225000 1.000000 0.475000
v 0.225000 1.000000 0.425000
v 0.025000 1.000000 0.425000
v 0.025000 1.000000 0.475000
v 0.225000 1.000000 0.425000
v 0.225000 1.000000 0.475000
v 0.225000 1.050000 0.475000
v 0.225000 1.050000 0.425000
v -0.425000 1.050000 0.275000
v -0.375000 1.050000 0.275000
v -0.375000 1.050000 0.125000
v -0.425000 1.050000 0.125000
v -0.375000 1.050000 0.275000
v -0.375000 1.000000 0.275000
v -0.375000 1.000000 0.125000
v -0.375000 1.050000 0.125000
v -0.425000 1.000000 0.275000
v -0.425000 1.050000 0.275000
v -0.425000 1.050000 0.125000
v -0.425000 1.000000 0.125000
v -0.375000 1.000000 0.275000
v -0.425000 1.000000 0.275000
v -0.425000 1.000000 0.125000
v -0.375000 1.000000 0.125000
v -0.425000 1.000000 0.275000
v -0.375000 1.000000 0.275000
v -0.375000 1.050000 0.275000
v -0.425000 1.050000 0.275000
v -0.575000 1.050000 0.475000
v -0.575000 1.050000 0.425000
v -0.850000 1.050000 0.425000
v -0.850000 1.050000 0.475000
v -0.575000 1.050000 0.425000
v -0.575000 1.000000 0.425000
v -0.850000 1.000000 0.425000
v -0.850000 1.050000 0.425000
v -0.575000 1.000000 0.475000
v -0.575000 1.050000 0.475000
v -0.850000 1.050000 0.475000
v -0.850000 1.000000 0.475000
v -0.575000 1.000000 0.425000
v -0.575000 1.000000 0.475000
v -0.850000 1.000000 0.475000
v -0.850000 1.000000 0.425000
v -0.575000 1.000000 0.475000
v -0.575000 1.000000 0.425000
v -0.575000 1.050000 0.425000
v -0.575000 1.050000 0.475000
v -0.375000 1.050000 0.625000
v -0.425000 1.050000 0.625000
v -0.425000 1.050000 0.850000
v -0.375000 1.050000 0.850000
v -0.425000 1.050000 0.625000
v -0.425000 1.000000 0.625000
v -0.425000 1.000000 0.850000
v -0.425000 1.050000 0.850000
v -0.375000 1.000000 0.625000
v -0.375000 1.050000 0.625000
v -0.375000 1.050000 0.850000
v -0.375000 1.000000 0.850000
v -0.425000 1.000000 0.625000
v -0.375000 1.000000 0.625000
v -0.375000 1.000000 0.850000
v -0.425000 1.000000 0.850000
v -0.375000 1.000000 0.625000
v -0.425000 1.000000 0.625000
v -0.425000 1.050000 0.625000
v -0.375000 1.050000 0.625000
v -0.225000 1.050000 0.425000
v -0.225000 1.050000 0.475000
v -0.025000 1.050000 0.475000
v -0.025000 1.050000 0.425000
v -0.225000 1.050000 0.475000
v -0.225000 1.000000 0.475000
v -0.025000 1.000000 0.475000
v -0.025000 1.050000 0.475000
v -0.225000 1.000000 0.425000
v -0.225000 1.050000 0.425000
v -0.025000 1.050000 0.425000
v -0.025000 1.000000 0.425000
v -0.225000 1.000000 0.475000
v -0.225000 1.000000 0.425000
v -0.025000 1.000000 0.425000
v -0.025000 1.000000 0.475000
v -0.225000 1.000000 0.425000
v -0.225000 1.000000 0.475000
v -0.225000 1.050000 0.475000
v -0.225000 1.050000 0.425000
v -0.425000 1.050000 -0.075000
v -0.375000 1.050000 -0.075000
v -0.375000 1.050000 0.075000
v -0.425000 1.050000 0.075000
v -0.375000 1.050000 -0.075000
v -0.375000 1.000000 -0.075000
v -0.375000 1.000000 0.075000
v -0.375000 1.050000 0.075000
v -0.425000 1.000000 -0.075000
v -0.425000 1.050000 -0.075000
v -0.425000 1.050000 0.075000
v -0.425000 1.000000 0.075000
v -0.375000 1.000000 -0.075000
v -0.425000 1.000000 -0.075000
v -0.425000 1.000000 0.075000
v -0.375000 1.000000 0.075000
v -0.425000 1.000000 -0.075000
v -0.375000 1.000000 -0.075000
v -0.375000 1.050000 -0.075000
v -0.425000 1.050000 -0.075000
v -0.575000 1.050000 -0.275000
v -0.575000 1.050000 -0.225000
v -0.850000 1.050000 -0.225000
v -0.850000 1.050000 -0.275000
v -0.575000 1.050000 -0.225000
v -0.575000 1.000000 -0.225000
v -0.850000 1.000000 -0.225000
v -0.850000 1.050000 -0.225000
v -0.575000 1.000000 -0.275000
v -0.575000 1.050000 -0.275000
v -0.850000 1.050000 -0.275000
v -0.850000 1.000000 -0.275000
v -0.575000 1.000000 -0.225000
v -0.575000 1.000000 -0.275000
v -0.850000 1.000000 -0.275000
v -0.850000 1.000000 -0.225000
v -0.575000 1.000000 -0.275000
v -0.575000 1.000000 -0.225000
v -0.575000 1.050000 -0.225000
v -0.575000 1.050000 -0.275000
v -0.375000 1.050000 -0.425000
v -0.425000 1.050000 -0.425000
v -0.425000 1.050000 -0.650000
v -0.375000 1.050000 -0.650000
v -0.425000 1.050000 -0.425000
v -0.425000 1.000000 -0.425000
v -0.425000 1.000000 -0.650000
v -0.425000 1.050000 -0.650000
v -0.375000 1.000000 -0.425000
v -0.375000 1.050000 -0.425000
v -0.375000 1.050000 -0.650000
v -0.375000 1.000000 -0.650000
v -0.425000 1.000000 -0.425000
v -0.375000 1.000000 -0.425000
v -0.375000 1.000000 -0.650000
v -0.425000 1.000000 -0.650000
v -0.375000 1.000000 -0.425000
v -0.425000 1.000000 -0.425000
v -0.425000 1.050000 -0.425000
v -0.375000 1.050000 -0.425000
v -0.225000 1.050000 -0.225000
v -0.225000 1.050000 -0.275000
v -0.025000 1.050000 -0.275000
v -0.025000 1.050000 -0.225000
v -0.225000 1.050000 -0.275000
v -0.225000 1.000000 -0.275000
v -0.025000 1.000000 -0.275000
v -0.025000 1.050000 -0.275000
v -0.225000 1.000000 -0.225000
v -0.225000 1.050000 -0.225000
v -0.025000 1.050000 -0.225000
v -0.025000 1.000000 -0.225000
v -0.225000 1.000000 -0.275000
v -0.225000 1.000000 -0.225000
v -0.025000 1.000000 -0.225000
v -0.025000 1.000000 -0.275000
v -0.225000 1.000000 -0.225000
v -0.225000 1.000000 -0.275000
v -0.225000 1.050000 -0.275000
v -0.225000 1.050000 -0.225000
v -0.850000 0.500000 -0.800000
v -0.850000 -0.700000 -0.800000
v -1.000000 -0.700000 -0.800000
v -1.000000 0.500000 -0.800000
v 1.000000 -0.700000 -0.800000
v 0.850000 -0.700000 -0.800000
v 0.850000 0.500000 -0.800000
v 1.000000 0.500000 -0.800000
v 0.850000 0.500000 -0.800000
v 0.850000 -0.700000 -0.800000
v 0.850000 -0.700000 0.850000
v 0.850000 0.500000 0.850000
v -0.850000 -0.700000 -0.800000
v -0.850000 0.500000 -0.800000
v -0.850000 0.500000 0.850000
v -0.850000 -0.700000 0.850000
v 0.850000 -0.700000 0.850000
v -0.850000 -0.700000 0.850000
v -0.850000 0.500000 0.850000
v 0.850000 0.500000 0.850000
v -0.850000 -0.700000 -0.800000
v -0.850000 -0.700000 0.850000
v 0.850000 -0.700000 0.850000
v 0.850000 -0.700000 -0.800000
v -0.850000 0.500000 -0.800000
v 0.850000 0.500000 -0.800000
v 0.850000 0.500000 0.850000
v -0.850000 0.500000 0.850000
v 0.850000 -0.150000 0.750000
v 0.850000 -0.150000 0.850000
v 0.750000 -0.150000 0.850000
v 0.750000 -0.150000 0.750000
v 0.850000 -0.050000 -0.700000
v 0.850000 -0.050000 -0.800000
v 0.750000 -0.050000 -0.800000
v 0.750000 -0.050000 -0.700000
v 0.850000 -0.050000 -0.800000
v 0.850000 -0.150000 -0.800000
v 0.750000 -0.150000 -0.800000
v 0.750000 -0.050000 -0.800000
v 0.850000 -0.050000 0.850000
v 0.850000 -0.050000 0.750000
v 0.750000 -0.050000 0.750000
v 0.750000 -0.050000 0.850000
v 0.850000 -0.050000 0.750000
v 0.850000 -0.050000 -0.700000
v 0.750000 -0.050000 -0.700000
v 0.750000 -0.050000 0.750000
v 0.850000 -0.150000 -0.800000
v 0.850000 -0.150000 -0.700000
v 0.750000 -0.150000 -0.700000
v 0.750000 -0.150000 -0.800000
v 0.850000 -0.150000 -0.700000
v 0.850000 -0.150000 0.750000
v 0.750000 -0.150000 0.750000
v 0.750000 -0.150000 -0.700000
v 0.750000 -0.100000 -0.700000
v 0.750000 -0.150000 -0.700000
v 0.750000 -0.150000 0.750000
v 0.750000 -0.100000 0.750000
v -0.850000 -0.150000 0.750000
v -0.850000 -0.150000 0.850000
v -0.750000 -0.150000 0.850000
v -0.750000 -0.150000 0.750000
v -0.850000 -0.050000 -0.700000
v -0.850000 -0.050000 -0.800000
v -0.750000 -0.050000 -0.800000
v -0.750000 -0.050000 -0.700000
v -0.850000 -0.050000 -0.800000
v -0.850000 -0.150000 -0.800000
v -0.750000 -0.150000 -0.800000
v -0.750000 -0.050000 -0.800000
v -0.850000 -0.050000 0.850000
v -0.850000 -0.050000 0.750000
v -0.750000 -0.050000 0.750000
v -0.750000 -0.050000 0.850000
v -0.850000 -0.050000 0.750000
v -0.850000 -0.050000 -0.700000
v -0.750000 -0.050000 -0.700000
v -0.750000 -0.050000 0.750000
v -0.850000 -0.150000 -0.800000
v -0.850000 -0.150000 -0.700000
v -0.750000 -0.150000 -0.700000
v -0.750000 -0.150000 -0.800000
v -0.850000 -0.150000 -0.700000
v -0.850000 -0.150000 0.750000
v -0.750000 -0.150000 0.750000
v -0.750000 -0.150000 -0.700000
v -0.750000 -0.100000 -0.700000
v -0.750000 -0.150000 -0.700000
v -0.750000 -0.150000 0.750000
v -0.750000 -0.100000 0.750000
v 0.750000 -0.150000 0.850000
v -0.750000 -0.150000 0.850000
v -0.750000 -0.150000 0.750000
v 0.750000 -0.150000 0.750000
v 0.750000 -0.100000 0.750000
v 0.750000 -0.150000 0.750000
v -0.750000 -0.150000 0.750000
v -0.750000 -0.100000 0.750000
v 0.750000 -0.050000 0.750000
v -0.750000 -0.050000 0.750000
v -0.750000 -0.050000 0.850000
v 0.750000 -0.050000 0.850000
v 0.750000 -0.100000 -0.700000
v -0.750000 -0.100000 -0.700000
v -0.750000 -0.150000 -0.700000
v 0.750000 -0.150000 -0.700000
v 0.750000 -0.050000 -0.800000
v -0.750000 -0.050000 -0.800000
v -0.750000 -0.050000 -0.700000
v 0.750000 -0.050000 -0.700000
v 0.750000 -0.150000 -0.700000
v -0.750000 -0.150000 -0.700000
v -0.750000 -0.150000 -0.800000
v 0.750000 -0.150000 -0.800000
v 0.750000 -0.150000 -0.800000
v -0.750000 -0.150000 -0.800000
v -0.750000 -0.050000 -0.800000
v 0.750000 -0.050000 -0.800000
v 0.750000 -0.050000 -0.700000
v -0.750000 -0.050000 -0.700000
v -0.750000 -0.100000 -0.700000
v 0.750000 -0.100000 -0.700000
v 0.750000 -0.050000 0.750000
v 0.750000 -0.100000 0.750000
v -0.750000 -0.100000 0.750000
v -0.750000 -0.050000 0.750000
v -0.750000 -0.050000 -0.700000
v -0.750000 -0.100000 -0.700000
v -0.750000 -0.100000 0.750000
v -0.750000 -0.050000 0.750000
v 0.750000 -0.050000 -0.700000
v 0.750000 -0.100000 -0.700000
v 0.750000 -0.100000 0.750000
v 0.750000 -0.050000 0.750000
v 0.750000 -0.100000 -0.700000
v -0.750000 -0.100000 -0.700000
v -0.750000 -0.100000 0.750000
v 0.750000 -0.100000 0.750000
v -0.226136 1.000000 -0.076136
v -0.154120 1.000000 -0.250000
v -0.400000 1.000000 -0.495880
v -0.400000 1.000000 -0.004120
v -0.226136 1.000000 -0.076136
v -0.400000 1.000000 -0.495880
v -0.645880 1.000000 -0.250000
v -0.573864 1.000000 -0.076136
v -0.400000 1.000000 -0.004120
v -0.573864 1.000000 -0.423864
v -0.645880 1.000000 -0.250000
v -0.400000 1.000000 -0.004120
v -0.400000 1.000000 -0.495880
v -0.573864 1.000000 -0.423864
v -0.400000 1.000000 -0.004120
v -0.700000 0.900000 -0.250000
v -0.700000 0.950000 -0.250000
v -0.612132 0.950000 -0.462132
v -0.612132 0.900000 -0.462132
v -0.612132 0.900000 -0.462132
v -0.612132 0.950000 -0.462132
v -0.400000 0.950000 -0.550000
v -0.400000 0.900000 -0.550000
v -0.400000 0.900000 -0.550000
v -0.400000 0.950000 -0.550000
v -0.187868 0.950000 -0.462132
v -0.187868 0.900000 -0.462132
v -0.187868 0.900000 -0.462132
v -0.187868 0.950000 -0.462132
v -0.100000 0.950000 -0.250000
v -0.100000 0.900000 -0.250000
v -0.100000 0.900000 -0.250000
v -0.100000 0.950000 -0.250000
v -0.187868 0.950000 -0.037868
v -0.187868 0.900000 -0.037868
v -0.187868 0.900000 -0.037868
v -0.187868 0.950000 -0.037868
v -0.400000 0.950000 0.050000
v -0.400000 0.900000 0.050000
v -0.645880 0.950000 -0.250000
v -0.573864 0.950000 -0.076136
v -0.573864 1.000000 -0.076136
v -0.645880 1.000000 -0.250000
v -0.400000 0.900000 0.050000
v -0.400000 0.950000 0.050000
v -0.612132 0.950000 -0.037868
v -0.612132 0.900000 -0.037868
v -0.612132 0.900000 -0.037868
v -0.612132 0.950000 -0.037868
v -0.700000 0.950000 -0.250000
v -0.700000 0.900000 -0.250000
v -0.645880 0.950000 -0.250000
v -0.573864 0.950000 -0.423864
v -0.612132 0.950000 -0.462132
v -0.700000 0.950000 -0.250000
v -0.573864 0.950000 -0.423864
v -0.400000 0.950000 -0.495880
v -0.400000 0.950000 -0.550000
v -0.612132 0.950000 -0.462132
v -0.400000 0.950000 -0.495880
v -0.226136 0.950000 -0.423864
v -0.187868 0.950000 -0.462132
v -0.400000 0.950000 -0.550000
v -0.226136 0.950000 -0.423864
v -0.154120 0.950000 -0.250000
v -0.100000 0.950000 -0.250000
v -0.187868 0.950000 -0.462132
v -0.154120 0.950000 -0.250000
v -0.226136 0.950000 -0.076136
v -0.187868 0.950000 -0.037868
v -0.100000 0.950000 -0.250000
v -0.226136 0.950000 -0.076136
v -0.400000 0.950000 -0.004120
v -0.400000 0.950000 0.050000
v -0.187868 0.950000 -0.037868
v -0.400000 0.950000 -0.004120
v -0.573864 0.950000 -0.076136
v -0.612132 0.950000 -0.037868
v -0.400000 0.950000 0.050000
v -0.573864 0.950000 -0.076136
v -0.645880 0.950000 -0.250000
v -0.700000 0.950000 -0.250000
v -0.612132 0.950000 -0.037868
v -0.154120 1.000000 -0.250000
v -0.226136 1.000000 -0.423864
v -0.400000 1.000000 -0.495880
v -0.400000 0.950000 -0.004120
v -0.226136 0.950000 -0.076136
v -0.226136 1.000000 -0.076136
v -0.400000 1.000000 -0.004120
v -0.154120 0.950000 -0.250000
v -0.226136 0.950000 -0.423864
v -0.226136 1.000000 -0.423864
v -0.154120 1.000000 -0.250000
v -0.400000 0.950000 -0.495880
v -0.573864 0.950000 -0.423864
v -0.573864 1.000000 -0.423864
v -0.400000 1.000000 -0.495880
v -0.573864 0.950000 -0.076136
v -0.400000 0.950000 -0.004120
v -0.400000 1.000000 -0.004120
v -0.573864 1.000000 -0.076136
v -0.226136 0.950000 -0.076136
v -0.154120 0.950000 -0.250000
v -0.154120 1.000000 -0.250000
v -0.226136 1.000000 -0.076136
v -0.226136 0.950000 -0.423864
v -0.400000 0.950000 -0.495880
v -0.400000 1.000000 -0.495880
v -0.226136 1.000000 -0.423864
v -0.573864 0.950000 -0.423864
v -0.645880 0.950000 -0.250000
v -0.645880 1.000000 -0.250000
v -0.573864 1.000000 -0.423864
v -0.226136 1.000000 0.623864
v -0.154120 1.000000 0.450000
v -0.400000 1.000000 0.204120
v -0.400000 1.000000 0.695880
v -0.226136 1.000000 0.623864
v -0.400000 1.000000 0.204120
v -0.645880 1.000000 0.450000
v -0.573864 1.000000 0.623864
v -0.400000 1.000000 0.695880
v -0.573864 1.000000 0.276136
v -0.645880 1.000000 0.450000
v -0.400000 1.000000 0.695880
v -0.400000 1.000000 0.204120
v -0.573864 1.000000 0.276136
v -0.400000 1.000000 0.695880
v -0.700000 0.900000 0.450000
v -0.700000 0.950000 0.450000
v -0.612132 0.950000 0.237868
v -0.612132 0.900000 0.237868
v -0.612132 0.900000 0.237868
v -0.612132 0.950000 0.237868
v -0.400000 0.950000 0.150000
v -0.400000 0.900000 0.150000
v -0.400000 0.900000 0.150000
v -0.400000 0.950000 0.150000
v -0.187868 0.950000 0.237868
v -0.187868 0.900000 0.237868
v -0.187868 0.900000 0.237868
v -0.187868 0.950000 0.237868
v -0.100000 0.950000 0.450000
v -0.100000 0.900000 0.450000
v -0.100000 0.900000 0.450000
v -0.100000 0.950000 0.450000
v -0.187868 0.950000 0.662132
v -0.187868 0.900000 0.662132
v -0.187868 0.900000 0.662132
v -0.187868 0.950000 0.662132
v -0.400000 0.950000 0.750000
v -0.400000 0.900000 0.750000
v -0.645880 0.950000 0.450000
v -0.573864 0.950000 0.623864
v -0.573864 1.000000 0.623864
v -0.645880 1.000000 0.450000
v -0.400000 0.900000 0.750000
v -0.400000 0.950000 0.750000
v -0.612132 0.950000 0.662132
v -0.612132 0.900000 0.662132
v -0.612132 0.900000 0.662132
v -0.612132 0.950000 0.662132
v -0.700000 0.950000 0.450000
v -0.700000 0.900000 0.450000
v -0.645880 0.950000 0.450000
v -0.573864 0.950000 0.276136
v -0.612132 0.950000 0.237868
v -0.700000 0.950000 0.450000
v -0.573864 0.950000 0.276136
v -0.400000 0.950000 0.204120
v -0.400000 0.950000 0.150000
v -0.612132 0.950000 0.237868
v -0.400000 0.950000 0.204120
v -0.226136 0.950000 0.276136
v -0.187868 0.950000 0.237868
v -0.400000 0.950000 0.150000
v -0.226136 0.950000 0.276136
v -0.154120 0.950000 0.450000
v -0.100000 0.950000 0.450000
v -0.187868 0.950000 0.237868
v -0.154120 0.950000 0.450000
v -0.226136 0.950000 0.623864
v -0.187868 0.950000 0.662132
v -0.100000 0.950000 0.450000
v -0.226136 0.950000 0.623864
v -0.400000 0.950000 0.695880
v -0.400000 0.950000 0.750000
v -0.187868 0.950000 0.662132
v -0.400000 0.950000 0.695880
v -0.573864 0.950000 0.623864
v -0.612132 0.950000 0.662132
v -0.400000 0.950000 0.750000
v -0.573864 0.950000 0.623864
v -0.645880 0.950000 0.450000
v -0.700000 0.950000 0.450000
v -0.612132 0.950000 0.662132
v -0.154120 1.000000 0.450000
v -0.226136 1.000000 0.276136
v -0.400000 1.000000 0.204120
v -0.400000 0.950000 0.695880
v -0.226136 0.950000 0.623864
v -0.226136 1.000000 0.623864
v -0.400000 1.000000 0.695880
v -0.154120 0.950000 0.450000
v -0.226136 0.950000 0.276136
v -0.226136 1.000000 0.276136
v -0.154120 1.000000 0.450000
v -0.400000 0.950000 0.204120
v -0.573864 0.950000 0.276136
v -0.573864 1.000000 0.276136
v -0.400000 1.000000 0.204120
v -0.573864 0.950000 0.623864
v -0.400000 0.950000 0.695880
v -0.400000 1.000000 0.695880
v -0.573864 1.000000 0.623864
v -0.226136 0.950000 0.623864
v -0.154120 0.950000 0.450000
v -0.154120 1.000000 0.450000
v -0.226136 1.000000 0.623864
v -0.226136 0.950000 0.276136
v -0.400000 0.950000 0.204120
v -0.400000 1.000000 0.204120
v -0.226136 1.000000 0.276136
v -0.573864 0.950000 0.276136
v -0.645880 0.950000 0.450000
v -0.645880 1.000000 0.450000
v -0.573864 1.000000 0.276136
v 0.573864 1.000000 0.623864
v 0.645880 1.000000 0.450000
v 0.400000 1.000000 0.204120
v 0.400000 1.000000 0.695880
v 0.573864 1.000000 0.623864
v 0.400000 1.000000 0.204120
v 0.154120 1.000000 0.450000
v 0.226136 1.000000 0.623864
v 0.400000 1.000000 0.695880
v 0.226136 1.000000 0.276136
v 0.154120 1.000000 0.450000
v 0.400000 1.000000 0.695880
v 0.400000 1.000000 0.204120
v 0.226136 1.000000 0.276136
v 0.400000 1.000000 0.695880
v 0.100000 0.900000 0.450000
v 0.100000 0.950000 0.450000
v 0.187868 0.950000 0.237868
v 0.187868 0.900000 0.237868
v 0.187868 0.900000 0.237868
v 0.187868 0.950000 0.237868
v 0.400000 0.950000 0.150000
v 0.400000 0.900000 0.150000
v 0.400000 0.900000 0.150000
v 0.400000 0.950000 0.150000
v 0.612132 0.950000 0.237868
v 0.612132 0.900000 0.237868
v 0.612132 0.900000 0.237868
v 0.612132 0.950000 0.237868
v 0.700000 0.950000 0.450000
v 0.700000 0.900000 0.450000
v 0.700000 0.900000 0.450000
v 0.700000 0.950000 0.450000
v 0.612132 0.950000 0.662132
v 0.612132 0.900000 0.662132
v 0.612132 0.900000 0.662132
v 0.612132 0.950000 0.662132
v 0.400000 0.950000 0.750000
v 0.400000 0.900000 0.750000
v 0.154120 0.950000 0.450000
v 0.226136 0.950000 0.623864
v 0.226136 1.000000 0.623864
v 0.154120 1.000000 0.450000
v 0.400000 0.900000 0.750000
v 0.400000 0.950000 0.750000
v 0.187868 0.950000 0.662132
v 0.187868 0.900000 0.662132
v 0.187868 0.900000 0.662132
v 0.187868 0.950000 0.662132
v 0.100000 0.950000 0.450000
v 0.100000 0.900000 0.450000
v 0.154120 0.950000 0.450000
v 0.226136 0.950000 0.276136
v 0.187868 0.950000 0.237868
v 0.100000 0.950000 0.450000
v 0.226136 0.950000 0.276136
v 0.400000 0.950000 0.204120
v 0.400000 0.950000 0.150000
v 0.187868 0.950000 0.237868
v 0.400000 0.950000 0.204120
v 0.573864 0.950000 0.276136
v 0.612132 0.950000 0.237868
v 0.400000 0.950000 0.150000
v 0.573864 0.950000 0.276136
v 0.645880 0.950000 0.450000
v 0.700000 0.950000 0.450000
v 0.612132 0.950000 0.237868
v 0.645880 0.950000 0.450000
v 0.573864 0.950000 0.623864
v 0.612132 0.950000 0.662132
v 0.700000 0.950000 0.450000
v 0.573864 0.950000 0.623864
v 0.400000 0.950000 0.695880
v 0.400000 0.950000 0.750000
v 0.612132 0.950000 0.662132
v 0.400000 0.950000 0.695880
v 0.226136 0.950000 0.623864
v 0.187868 0.950000 0.662132
v 0.400000 0.950000 0.750000
v 0.226136 0.950000 0.623864
v 0.154120 0.950000 0.450000
v 0.100000 0.950000 0.450000
v 0.187868 0.950000 0.662132
v 0.645880 1.000000 0.450000
v 0.573864 1.000000 0.276136
v 0.400000 1.000000 0.204120
v 0.400000 0.950000 0.695880
v 0.573864 0.950000 0.623864
v 0.573864 1.000000 0.623864
v 0.400000 1.000000 0.695880
v 0.645880 0.950000 0.450000
v 0.573864 0.950000 0.276136
v 0.573864 1.000000 0.276136
v 0.645880 1.000000 0.450000
v 0.400000 0.950000 0.204120
v 0.226136 0.950000 0.276136
v 0.226136 1.000000 0.276136
v 0.400000 1.000000 0.204120
v 0.226136 0.950000 0.623864
v 0.400000 0.950000 0.695880
v 0.400000 1.000000 0.695880
v 0.226136 1.000000 0.623864
v 0.573864 0.950000 0.623864
v 0.645880 0.950000 0.450000
v 0.645880 1.000000 0.450000
v 0.573864 1.000000 0.623864
v 0.573864 0.950000 0.276136
v 0.400000 0.950000 0.204120
v 0.400000 1.000000 0.204120
v 0.573864 1.000000 0.276136
v 0.226136 0.950000 0.276136
v 0.154120 0.950000 0.450000
v 0.154120 1.000000 0.450000
v 0.226136 1.000000 0.276136
v -0.550000 0.800000 -1.000000
v -0.550000 0.800000 -1.075000
v -0.513388 0.711612 -1.075000
v -0.513388 0.711612 -1.000000
v -0.513388 0.711612 -1.000000
v -0.513388 0.711612 -1.075000
v -0.425000 0.675000 -1.075000
v -0.425000 0.675000 -1.000000
v -0.425000 0.675000 -1.000000
v -0.425000 0.675000 -1.075000
v -0.336612 0.711612 -1.075000
v -0.336612 0.711612 -1.000000
v -0.336612 0.711612 -1.000000
v -0.336612 0.711612 -1.075000
v -0.300000 0.800000 -1.075000
v -0.300000 0.800000 -1.000000
v -0.300000 0.800000 -1.000000
v -0.300000 0.800000 -1.075000
v -0.336612 0.888389 -1.075000
v -0.336612 0.888389 -1.000000
v -0.336612 0.888389 -1.000000
v -0.336612 0.888389 -1.075000
v -0.425000 0.925000 -1.075000
v -0.425000 0.925000 -1.000000
v -0.336612 0.711612 -1.075000
v -0.425000 0.675000 -1.075000
v -0.425000 0.925000 -1.075000
v -0.425000 0.925000 -1.000000
v -0.425000 0.925000 -1.075000
v -0.513388 0.888389 -1.075000
v -0.513388 0.888389 -1.000000
v -0.513388 0.888389 -1.000000
v -0.513388 0.888389 -1.075000
v -0.550000 0.800000 -1.075000
v -0.550000 0.800000 -1.000000
v -0.300000 0.800000 -1.075000
v -0.336612 0.711612 -1.075000
v -0.425000 0.925000 -1.075000
v -0.425000 0.925000 -1.075000
v -0.336612 0.888389 -1.075000
v -0.300000 0.800000 -1.075000
v -0.550000 0.800000 -1.075000
v -0.513388 0.888389 -1.075000
v -0.425000 0.925000 -1.075000
v -0.513388 0.711612 -1.075000
v -0.550000 0.800000 -1.075000
v -0.425000 0.925000 -1.075000
v -0.425000 0.675000 -1.075000
v -0.513388 0.711612 -1.075000
v -0.425000 0.925000 -1.075000
v -0.450000 0.700000 -1.000000
v -0.450000 0.900000 -1.000000
v -0.450000 0.900000 -1.150000
v -0.450000 0.700000 -1.150000
v -0.450000 0.700000 -1.150000
v -0.450000 0.900000 -1.150000
v -0.400000 0.900000 -1.150000
v -0.400000 0.700000 -1.150000
v -0.400000 0.700000 -1.150000
v -0.400000 0.900000 -1.150000
v -0.400000 0.900000 -1.000000
v -0.400000 0.700000 -1.000000
v -0.450000 0.700000 -1.000000
v -0.450000 0.700000 -1.150000
v -0.400000 0.700000 -1.150000
v -0.400000 0.700000 -1.000000
v -0.450000 0.900000 -1.150000
v -0.450000 0.900000 -1.000000
v -0.400000 0.900000 -1.000000
v -0.400000 0.900000 -1.150000
v -0.200000 0.800000 -1.000000
v -0.200000 0.800000 -1.075000
v -0.163388 0.711612 -1.075000
v -0.163388 0.711612 -1.000000
v -0.163388 0.711612 -1.000000
v -0.163388 0.711612 -1.075000
v -0.075000 0.675000 -1.075000
v -0.075000 0.675000 -1.000000
v -0.075000 0.675000 -1.000000
v -0.075000 0.675000 -1.075000
v 0.013388 0.711612 -1.075000
v 0.013388 0.711612 -1.000000
v 0.013388 0.711612 -1.000000
v 0.013388 0.711612 -1.075000
v 0.050000 0.800000 -1.075000
v 0.050000 0.800000 -1.000000
v 0.050000 0.800000 -1.000000
v 0.050000 0.800000 -1.075000
v 0.013388 0.888389 -1.075000
v 0.013388 0.888389 -1.000000
v 0.013388 0.888389 -1.000000
v 0.013388 0.888389 -1.075000
v -0.075000 0.925000 -1.075000
v -0.075000 0.925000 -1.000000
v 0.013388 0.711612 -1.075000
v -0.075000 0.675000 -1.075000
v -0.075000 0.925000 -1.075000
v -0.075000 0.925000 -1.000000
v -0.075000 0.925000 -1.075000
v -0.163388 0.888389 -1.075000
v -0.163388 0.888389 -1.000000
v -0.163388 0.888389 -1.000000
v -0.163388 0.888389 -1.075000
v -0.200000 0.800000 -1.075000
v -0.200000 0.800000 -1.000000
v 0.050000 0.800000 -1.075000
v 0.013388 0.711612 -1.075000
v -0.075000 0.925000 -1.075000
v -0.075000 0.925000 -1.075000
v 0.013388 0.888389 -1.075000
v 0.050000 0.800000 -1.075000
v -0.200000 0.800000 -1.075000
v -0.163388 0.888389 -1.075000
v -0.075000 0.925000 -1.075000
v -0.163388 0.711612 -1.075000
v -0.200000 0.800000 -1.075000
v -0.075000 0.925000 -1.075000
v -0.075000 0.675000 -1.075000
v -0.163388 0.711612 -1.075000
v -0.075000 0.925000 -1.075000
v -0.100000 0.700000 -1.000000
v -0.100000 0.900000 -1.000000
v -0.100000 0.900000 -1.150000
v -0.100000 0.700000 -1.150000
v -0.100000 0.700000 -1.150000
v -0.100000 0.900000 -1.150000
v -0.050000 0.900000 -1.150000
v -0.050000 0.700000 -1.150000
v -0.050000 0.700000 -1.150000
v -0.050000 0.900000 -1.150000
v -0.050000 0.900000 -1.000000
v -0.050000 0.700000 -1.000000
v -0.100000 0.700000 -1.000000
v -0.100000 0.700000 -1.150000
v -0.050000 0.700000 -1.150000
v -0.050000 0.700000 -1.000000
v -0.100000 0.900000 -1.150000
v -0.100000 0.900000 -1.000000
v -0.050000 0.900000 -1.000000
v -0.050000 0.900000 -1.150000
v 0.650000 0.800000 -1.000000
v 0.650000 0.800000 -1.075000
v 0.686612 0.711612 -1.075000
v 0.686612 0.711612 -1.000000
v 0.686612 0.711612 -1.000000
v 0.686612 0.711612 -1.075000
v 0.775000 0.675000 -1.075000
v 0.775000 0.675000 -1.000000
v 0.775000 0.675000 -1.000000
v 0.775000 0.675000 -1.075000
v 0.863388 0.711612 -1.075000
v 0.863388 0.711612 -1.000000
v 0.863388 0.711612 -1.000000
v 0.863388 0.711612 -1.075000
v 0.900000 0.800000 -1.075000
v 0.900000 0.800000 -1.000000
v 0.900000 0.800000 -1.000000
v 0.900000 0.800000 -1.075000
v 0.863388 0.888389 -1.075000
v 0.863388 0.888389 -1.000000
v 0.863388 0.888389 -1.000000
v 0.863388 0.888389 -1.075000
v 0.775000 0.925000 -1.075000
v 0.775000 0.925000 -1.000000
v 0.863388 0.711612 -1.075000
v 0.775000 0.675000 -1.075000
v 0.775000 0.925000 -1.075000
v 0.775000 0.925000 -1.000000
v 0.775000 0.925000 -1.075000
v 0.686612 0.888389 -1.075000
v 0.686612 0.888389 -1.000000
v 0.686612 0.888389 -1.000000
v 0.686612 0.888389 -1.075000
v 0.650000 0.800000 -1.075000
v 0.650000 0.800000 -1.000000
v 0.900000 0.800000 -1.075000
v 0.863388 0.711612 -1.075000
v 0.775000 0.925000 -1.075000
v 0.775000 0.925000 -1.075000
v 0.863388 0.888389 -1.075000
v 0.900000 0.800000 -1.075000
v 0.650000 0.800000 -1.075000
v 0.686612 0.888389 -1.075000
v 0.775000 0.925000 -1.075000
v 0.686612 0.711612 -1.075000
v 0.650000 0.800000 -1.075000
v 0.775000 0.925000 -1.075000
v 0.775000 0.675000 -1.075000
v 0.686612 0.711612 -1.075000
v 0.775000 0.925000 -1.075000
v 0.750000 0.700000 -1.000000
v 0.750000 0.900000 -1.000000
v 0.750000 0.900000 -1.150000
v 0.750000 0.700000 -1.150000
v 0.750000 0.700000 -1.150000
v 0.750000 0.900000 -1.150000
v 0.800000 0.900000 -1.150000
v 0.800000 0.700000 -1.150000
v 0.800000 0.700000 -1.150000
v 0.800000 0.900000 -1.150000
v 0.800000 0.900000 -1.000000
v 0.800000 0.700000 -1.000000
v 0.750000 0.700000 -1.000000
v 0.750000 0.700000 -1.150000
v 0.800000 0.700000 -1.150000
v 0.800000 0.700000 -1.000000
v 0.750000 0.900000 -1.150000
v 0.750000 0.900000 -1.000000
v 0.800000 0.900000 -1.000000
v 0.800000 0.900000 -1.150000
v 0.300000 0.800000 -1.000000
v 0.300000 0.800000 -1.075000
v 0.336612 0.711612 -1.075000
v 0.336612 0.711612 -1.000000
v 0.336612 0.711612 -1.000000
v 0.336612 0.711612 -1.075000
v 0.425000 0.675000 -1.075000
v 0.425000 0.675000 -1.000000
v 0.425000 0.675000 -1.000000
v 0.425000 0.675000 -1.075000
v 0.513388 0.711612 -1.075000
v 0.513388 0.711612 -1.000000
v 0.513388 0.711612 -1.000000
v 0.513388 0.711612 -1.075000
v 0.550000 0.800000 -1.075000
v 0.550000 0.800000 -1.000000
v 0.550000 0.800000 -1.000000
v 0.550000 0.800000 -1.075000
v 0.513388 0.888389 -1.075000
v 0.513388 0.888389 -1.000000
v 0.513388 0.888389 -1.000000
v 0.513388 0.888389 -1.075000
v 0.425000 0.925000 -1.075000
v 0.425000 0.925000 -1.000000
v 0.513388 0.711612 -1.075000
v 0.425000 0.675000 -1.075000
v 0.425000 0.925000 -1.075000
v 0.425000 0.925000 -1.000000
v 0.425000 0.925000 -1.075000
v 0.336612 0.888389 -1.075000
v 0.336612 0.888389 -1.000000
v 0.336612 0.888389 -1.000000
v 0.336612 0.888389 -1.075000
v 0.300000 0.800000 -1.075000
v 0.300000 0.800000 -1.000000
v 0.550000 0.800000 -1.075000
v 0.513388 0.711612 -1.075000
v 0.425000 0.925000 -1.075000
v 0.425000 0.925000 -1.075000
v 0.513388 0.888389 -1.075000
v 0.550000 0.800000 -1.075000
v 0.300000 0.800000 -1.075000
v 0.336612 0.888389 -1.075000
v 0.425000 0.925000 -1.075000
v 0.336612 0.711612 -1.075000
v 0.300000 0.800000 -1.075000
v 0.425000 0.925000 -1.075000
v 0.425000 0.675000 -1.075000
v 0.336612 0.711612 -1.075000
v 0.425000 0.925000 -1.075000
v 0.400000 0.700000 -1.000000
v 0.400000 0.900000 -1.000000
v 0.400000 0.900000 -1.150000
v 0.400000 0.700000 -1.150000
v 0.400000 0.700000 -1.150000
v 0.400000 0.900000 -1.150000
v 0.450000 0.900000 -1.150000
v 0.450000 0.700000 -1.150000
v 0.450000 0.700000 -1.150000
v 0.450000 0.900000 -1.150000
v 0.450000 0.900000 -1.000000
v 0.450000 0.700000 -1.000000
v 0.400000 0.700000 -1.000000
v 0.400000 0.700000 -1.150000
v 0.450000 0.700000 -1.150000
v 0.450000 0.700000 -1.000000
v 0.400000 0.900000 -1.150000
v 0.400000 0.900000 -1.000000
v 0.450000 0.900000 -1.000000
v 0.450000 0.900000 -1.150000
v 1.000000 -1.000000 -0.800000
v -1.000000 -1.000000 -0.800000
v -0.850000 -0.700000 -0.800000
v -1.000000 -1.000000 -0.800000
v -1.000000 -0.700000 -0.800000
v -0.850000 -0.700000 -0.800000
v -0.850000 -0.700000 -0.800000
v 0.850000 -0.700000 -0.800000
v 1.000000 -1.000000 -0.800000
v -1.000000 0.500000 -0.800000
v -1.000000 0.600000 -0.800000
v -0.850000 0.500000 -0.800000
v -1.000000 0.600000 -0.800000
v 1.000000 0.600000 -0.800000
v -0.850000 0.500000 -0.800000
v 1.000000 0.600000 -0.800000
v 1.000000 0.500000 -0.800000
v 0.850000 0.500000 -0.800000

vt 0.827531 0.274465
vt 0.593841 0.258886
vt 0.827531 0.258886
vt 0.593841 0.274465
vt 0.593841 0.258886
vt 0.827531 0.274465
vt 0.281524 0.624269
vt 0.561952 0.561952
vt 0.561952 0.624270
vt 0.281524 0.561952
vt 0.561952 0.561952
vt 0.281524 0.624269
vt 0.311952 0.000365
vt 0.000365 0.062683
vt 0.000365 0.000365
vt 0.311952 0.062683
vt 0.000365 0.062683
vt 0.311952 0.000365
vt 0.539496 0.530793
vt 0.851083 0.468476
vt 0.851083 0.530793
vt 0.539496 0.468476
vt 0.851083 0.468476
vt 0.539496 0.530793
vt 0.851083 0.530793
vt 0.882242 0.468476
vt 0.882242 0.530793
vt 0.851083 0.468476
vt 0.882242 0.468476
vt 0.851083 0.530793
vt 0.905611 0.000365
vt 0.625183 0.062683
vt 0.625183 0.000365
vt 0.905611 0.062683
vt 0.625183 0.062683
vt 0.905611 0.000365
vt 0.000365 0.312683
vt 0.280793 0.624269
vt 0.000365 0.624269
vt 0.280793 0.312683
vt 0.280793 0.624269
vt 0.000365 0.312683
vt 0.508338 0.530793
vt 0.539496 0.468476
vt 0.539496 0.530793
vt 0.508338 0.468476
vt 0.539496 0.468476
vt 0.508338 0.530793
vt 0.539496 0.561952
vt 0.851083 0.530793
vt 0.851083 0.561952
vt 0.539496 0.530793
vt 0.851083 0.530793
vt 0.539496 0.561952
vt 0.851083 0.468476
vt 0.539496 0.437317
vt 0.851083 0.437317
vt 0.539496 0.468476
vt 0.539496 0.437317
vt 0.851083 0.468476
vt 0.905611 0.078262
vt 0.625183 0.265214
vt 0.625183 0.078262
vt 0.905611 0.265214
vt 0.625183 0.265214
vt 0.905611 0.078262
vt 0.905611 0.062683
vt 0.625183 0.078262
vt 0.625183 0.062683
vt 0.905611 0.078262
vt 0.625183 0.078262
vt 0.905611 0.062683
vt 0.304162 0.913219
vt 0.288583 0.625000
vt 0.304162 0.648369
vt 0.311952 0.078262
vt 0.000365 0.265214
vt 0.000365 0.078262
vt 0.311952 0.265214
vt 0.000365 0.265214
vt 0.311952 0.078262
vt 0.311952 0.062683
vt 0.000365 0.078262
vt 0.000365 0.062683
vt 0.311952 0.078262
vt 0.000365 0.078262
vt 0.311952 0.062683
vt 0.281524 0.546373
vt 0.561952 0.359421
vt 0.561952 0.546373
vt 0.281524 0.359421
vt 0.561952 0.359421
vt 0.281524 0.546373
vt 0.281524 0.561952
vt 0.561952 0.546373
vt 0.561952 0.561952
vt 0.281524 0.546373
vt 0.561952 0.546373
vt 0.281524 0.561952
vt 0.281524 0.359421
vt 0.561952 0.312683
vt 0.561952 0.359421
vt 0.281524 0.312683
vt 0.561952 0.312683
vt 0.281524 0.359421
vt 0.311952 0.265214
vt 0.000365 0.311952
vt 0.000365 0.265214
vt 0.311952 0.311952
vt 0.000365 0.311952
vt 0.311952 0.265214
vt 0.905611 0.265214
vt 0.625183 0.311952
vt 0.625183 0.265214
vt 0.905611 0.311952
vt 0.625183 0.311952
vt 0.905611 0.265214
vt 0.906159 0.000365
vt 0.859421 0.023734
vt 0.859421 0.000365
vt 0.488591 0.420154
vt 0.757332 0.431838
vt 0.500275 0.431838
vt 0.769017 0.420154
vt 0.757332 0.431838
vt 0.488591 0.420154
vt 0.520117 0.430377
vt 0.820017 0.442061
vt 0.531802 0.442061
vt 0.831701 0.430376
vt 0.820017 0.442061
vt 0.520117 0.430377
vt 0.394935 0.420154
vt 0.663676 0.431838
vt 0.406619 0.431838
vt 0.675361 0.420154
vt 0.663676 0.431838
vt 0.394935 0.420154
vt 0.520117 0.442792
vt 0.820017 0.454477
vt 0.531802 0.454476
vt 0.831701 0.442792
vt 0.820017 0.454477
vt 0.520117 0.442792
vt 0.608690 0.000365
vt 0.343841 0.234055
vt 0.343841 0.000365
vt 0.608690 0.234055
vt 0.343841 0.234055
vt 0.608690 0.000365
vt 0.593841 0.275195
vt 0.827531 0.290775
vt 0.593841 0.290775
vt 0.827531 0.275195
vt 0.827531 0.290775
vt 0.593841 0.275195
vt 0.272273 0.889847
vt 0.287852 0.625000
vt 0.287852 0.889847
vt 0.272273 0.625000
vt 0.287852 0.625000
vt 0.272273 0.889847
vt 0.922469 0.000365
vt 0.906889 0.265212
vt 0.906890 0.000365
vt 0.922469 0.265212
vt 0.906889 0.265212
vt 0.922469 0.000365
vt 0.593841 0.234786
vt 0.780793 0.258155
vt 0.593841 0.258155
vt 0.780793 0.234786
vt 0.780793 0.258155
vt 0.593841 0.234786
vt 0.820472 0.687317
vt 0.843841 0.874269
vt 0.820472 0.874269
vt 0.843841 0.687317
vt 0.843841 0.874269
vt 0.820472 0.687317
vt 0.859421 0.288583
vt 0.906159 0.000365
vt 0.906159 0.311952
vt 0.859421 0.288583
vt 0.906159 0.311952
vt 0.859421 0.311952
vt 0.906159 0.000365
vt 0.859421 0.288583
vt 0.859421 0.023734
vt 0.304162 0.913219
vt 0.304162 0.936587
vt 0.288583 0.936587
vt 0.304162 0.913219
vt 0.288583 0.936587
vt 0.288583 0.625000
vt 0.304162 0.648369
vt 0.288583 0.625000
vt 0.304162 0.625000
vt 0.637816 0.460572
vt 0.601294 0.413983
vt 0.637816 0.413983
vt 0.601294 0.460572
vt 0.601294 0.413983
vt 0.637816 0.460572
vt 0.637816 0.507160
vt 0.601294 0.460572
vt 0.637816 0.460572
vt 0.601294 0.507160
vt 0.601294 0.460572
vt 0.637816 0.507160
vt 0.637816 0.553748
vt 0.601294 0.507160
vt 0.637816 0.507160
vt 0.601294 0.553748
vt 0.601294 0.507160
vt 0.637816 0.553748
vt 0.637816 0.600336
vt 0.601294 0.553748
vt 0.637816 0.553748
vt 0.601294 0.600336
vt 0.601294 0.553748
vt 0.637816 0.600336
vt 0.637816 0.646924
vt 0.601294 0.600336
vt 0.637816 0.600336
vt 0.601294 0.646924
vt 0.601294 0.600336
vt 0.637816 0.646924
vt 0.637816 0.693512
vt 0.601294 0.646924
vt 0.637816 0.646924
vt 0.601293 0.693512
vt 0.601294 0.646924
vt 0.637816 0.693512
vt 0.638681 0.488530
vt 0.751155 0.488530
vt 0.751155 0.535119
vt 0.637816 0.367395
vt 0.601294 0.320807
vt 0.637816 0.320807
vt 0.601294 0.367395
vt 0.601294 0.320807
vt 0.637816 0.367395
vt 0.637816 0.413983
vt 0.601294 0.367395
vt 0.637816 0.367395
vt 0.601294 0.413983
vt 0.601294 0.367395
vt 0.637816 0.413983
vt 0.528249 0.635902
vt 0.503901 0.612608
vt 0.528249 0.612608
vt 0.503901 0.635902
vt 0.503901 0.612608
vt 0.528249 0.635902
vt 0.528249 0.659196
vt 0.503901 0.635902
vt 0.528249 0.635902
vt 0.503901 0.659196
vt 0.503901 0.635902
vt 0.528249 0.659196
vt 0.528249 0.682490
vt 0.503901 0.659196
vt 0.528249 0.659196
vt 0.503901 0.682490
vt 0.503901 0.659196
vt 0.528249 0.682490
vt 0.528249 0.705784
vt 0.503901 0.682490
vt 0.528249 0.682490
vt 0.503901 0.705784
vt 0.503901 0.682490
vt 0.528249 0.705784
vt 0.528249 0.729078
vt 0.503901 0.705784
vt 0.528249 0.705784
vt 0.503901 0.729078
vt 0.503901 0.705784
vt 0.528249 0.729078
vt 0.528249 0.752372
vt 0.503901 0.729078
vt 0.528249 0.729078
vt 0.503901 0.752372
vt 0.503901 0.729078
vt 0.528249 0.752372
vt 0.549206 0.297595
vt 0.492969 0.274301
vt 0.532734 0.257830
vt 0.528249 0.589314
vt 0.503901 0.566020
vt 0.528249 0.566020
vt 0.503901 0.589314
vt 0.503901 0.566020
vt 0.528249 0.589314
vt 0.528249 0.612608
vt 0.503901 0.589314
vt 0.528249 0.589314
vt 0.503901 0.612608
vt 0.503901 0.589314
vt 0.528249 0.612608
vt 0.492969 0.274301
vt 0.509440 0.314066
vt 0.492969 0.297595
vt 0.492969 0.274301
vt 0.532734 0.314066
vt 0.509440 0.314066
vt 0.492969 0.274301
vt 0.549206 0.297595
vt 0.532734 0.314066
vt 0.549206 0.297595
vt 0.532734 0.257830
vt 0.549206 0.274301
vt 0.532734 0.257830
vt 0.492969 0.274301
vt 0.509440 0.257830
vt 0.638681 0.488530
vt 0.718212 0.455588
vt 0.751155 0.488530
vt 0.718212 0.455588
vt 0.638681 0.488530
vt 0.671624 0.455588
vt 0.638681 0.488530
vt 0.671624 0.568061
vt 0.638681 0.535119
vt 0.638681 0.488530
vt 0.718212 0.568061
vt 0.671624 0.568061
vt 0.638681 0.488530
vt 0.751155 0.535119
vt 0.718212 0.568061
vt 0.343907 0.345155
vt 0.270863 0.442548
vt 0.270863 0.345155
vt 0.343907 0.442548
vt 0.270863 0.442548
vt 0.343907 0.345155
vt 0.368255 0.345156
vt 0.343907 0.442548
vt 0.343907 0.345155
vt 0.368255 0.442548
vt 0.343907 0.442548
vt 0.368255 0.345156
vt 0.441300 0.345155
vt 0.368255 0.442548
vt 0.368255 0.345156
vt 0.441300 0.442548
vt 0.368255 0.442548
vt 0.441300 0.345155
vt 0.368255 0.442548
vt 0.441300 0.466896
vt 0.368255 0.466896
vt 0.441300 0.442548
vt 0.441300 0.466896
vt 0.368255 0.442548
vt 0.441300 0.345155
vt 0.368255 0.320807
vt 0.441300 0.320807
vt 0.368255 0.345156
vt 0.368255 0.320807
vt 0.441300 0.345155
vt 0.221176 0.063304
vt -0.000065 0.063304
vt 0.064735 -0.001495
vt 0.221176 0.063304
vt -0.000065 0.154945
vt -0.000065 0.063304
vt -0.000065 0.154945
vt 0.156376 0.219745
vt 0.064735 0.219745
vt -0.000065 0.154945
vt 0.221176 0.154945
vt 0.156376 0.219745
vt -0.000065 0.154945
vt 0.221176 0.063304
vt 0.221176 0.154945
vt 0.221176 0.063304
vt 0.064735 -0.001495
vt 0.156376 -0.001495
vt 0.024783 0.135223
vt 0.000433 0.963045
vt 0.000435 0.135223
vt 0.024784 0.963045
vt 0.000433 0.963045
vt 0.024783 0.135223
vt 0.061306 0.999567
vt 0.085654 0.098701
vt 0.085654 0.999567
vt 0.061304 0.098701
vt 0.085654 0.098701
vt 0.061306 0.999567
vt 0.209126 0.135223
vt 0.184780 0.865663
vt 0.184778 0.135223
vt 0.209128 0.865663
vt 0.184780 0.865663
vt 0.209126 0.135223
vt 0.889977 0.901299
vt 0.914325 0.000433
vt 0.914325 0.901299
vt 0.889975 0.000433
vt 0.914325 0.000433
vt 0.889977 0.901299
vt 0.061304 0.098701
vt 0.024784 0.963045
vt 0.024783 0.135223
vt 0.061306 0.999567
vt 0.024784 0.963045
vt 0.061304 0.098701
vt 0.988260 0.963920
vt 0.221299 0.927400
vt 0.951738 0.927398
vt 0.184778 0.963922
vt 0.221299 0.927400
vt 0.988260 0.963920
vt 0.889975 0.000433
vt 0.853455 0.864777
vt 0.853454 0.036954
vt 0.889977 0.901299
vt 0.853455 0.864777
vt 0.889975 0.000433
vt 0.245647 0.098701
vt 0.209128 0.865663
vt 0.209126 0.135223
vt 0.245649 0.902184
vt 0.209128 0.865663
vt 0.245647 0.098701
vt 0.245649 0.902184
vt 0.269997 0.098701
vt 0.269997 0.902184
vt 0.245647 0.098701
vt 0.269997 0.098701
vt 0.245649 0.902184
vt 0.853454 0.036954
vt 0.829104 0.864777
vt 0.829106 0.036954
vt 0.853455 0.864777
vt 0.829104 0.864777
vt 0.853454 0.036954
vt 0.184778 0.963922
vt 0.988260 0.988270
vt 0.184778 0.988270
vt 0.988260 0.963920
vt 0.988260 0.988270
vt 0.184778 0.963922
vt 0.951738 0.927398
vt 0.221299 0.903052
vt 0.951738 0.903050
vt 0.221299 0.927400
vt 0.221299 0.903052
vt 0.951738 0.927398
vt 0.159564 0.098701
vt 0.183912 0.829143
vt 0.159564 0.829143
vt 0.183912 0.098701
vt 0.183912 0.829143
vt 0.159564 0.098701
vt 0.135216 0.098701
vt 0.159564 0.829143
vt 0.135216 0.829143
vt 0.159564 0.098701
vt 0.159564 0.829143
vt 0.135216 0.098701
vt 0.000433 0.097836
vt 0.828238 0.073480
vt 0.828238 0.097827
vt 0.000433 0.073485
vt 0.828238 0.073480
vt 0.000433 0.097836
vt 0.000433 0.024783
vt 0.828238 0.000438
vt 0.828238 0.024785
vt 0.000433 0.000433
vt 0.828238 0.000438
vt 0.000433 0.024783
vt 0.000433 0.073485
vt 0.828238 0.049133
vt 0.828238 0.073480
vt 0.000433 0.049134
vt 0.828238 0.049133
vt 0.000433 0.073485
vt 0.000433 0.049134
vt 0.828238 0.024785
vt 0.828238 0.049133
vt 0.000433 0.024783
vt 0.828238 0.024785
vt 0.000433 0.049134
vt 0.086519 0.098701
vt 0.110868 0.829143
vt 0.086520 0.829143
vt 0.110867 0.098701
vt 0.110868 0.829143
vt 0.086519 0.098701
vt 0.110867 0.098701
vt 0.135216 0.829143
vt 0.110868 0.829143
vt 0.135216 0.098701
vt 0.135216 0.829143
vt 0.110867 0.098701
vt 0.368255 0.835580
vt 0.295211 0.859928
vt 0.295211 0.835580
vt 0.368255 0.859928
vt 0.295211 0.859928
vt 0.368255 0.835580
vt 0.368255 0.811232
vt 0.295211 0.835580
vt 0.295211 0.811232
vt 0.368255 0.835580
vt 0.295211 0.835580
vt 0.368255 0.811232
vt 0.368255 0.762535
vt 0.295211 0.786884
vt 0.295211 0.762535
vt 0.368255 0.786884
vt 0.295211 0.786884
vt 0.368255 0.762535
vt 0.368255 0.786884
vt 0.295211 0.811232
vt 0.295211 0.786884
vt 0.368255 0.811232
vt 0.295211 0.811232
vt 0.368255 0.786884
vt 0.295211 0.835580
vt 0.270863 0.811232
vt 0.295211 0.811232
vt 0.270863 0.835580
vt 0.270863 0.811232
vt 0.295211 0.835580
vt 0.600428 0.393852
vt 0.466513 0.418200
vt 0.466513 0.393852
vt 0.600428 0.418200
vt 0.466513 0.418200
vt 0.600428 0.393852
vt 0.600428 0.369504
vt 0.466513 0.393852
vt 0.466513 0.369504
vt 0.600428 0.393852
vt 0.466513 0.393852
vt 0.600428 0.369504
vt 0.600428 0.320808
vt 0.466513 0.345156
vt 0.466513 0.320807
vt 0.600428 0.345156
vt 0.466513 0.345156
vt 0.600428 0.320808
vt 0.600428 0.345156
vt 0.466513 0.369504
vt 0.466513 0.345156
vt 0.600428 0.369504
vt 0.466513 0.369504
vt 0.600428 0.345156
vt 0.466513 0.393852
vt 0.442165 0.369504
vt 0.466513 0.369504
vt 0.442165 0.393852
vt 0.442165 0.369504
vt 0.466513 0.393852
vt 0.615575 0.232616
vt 0.591227 0.123050
vt 0.615575 0.123049
vt 0.591227 0.232616
vt 0.591227 0.123050
vt 0.615575 0.232616
vt 0.639923 0.232616
vt 0.615575 0.123049
vt 0.639923 0.123049
vt 0.615575 0.232616
vt 0.615575 0.123049
vt 0.639923 0.232616
vt 0.688619 0.232616
vt 0.664271 0.123049
vt 0.688619 0.123049
vt 0.664271 0.232616
vt 0.664271 0.123049
vt 0.688619 0.232616
vt 0.664271 0.232616
vt 0.639923 0.123049
vt 0.664271 0.123049
vt 0.639923 0.232616
vt 0.639923 0.123049
vt 0.664271 0.232616
vt 0.615575 0.123049
vt 0.639923 0.098701
vt 0.639923 0.123049
vt 0.615575 0.098701
vt 0.639923 0.098701
vt 0.615575 0.123049
vt 0.663029 0.690667
vt 0.638681 0.593275
vt 0.663029 0.593275
vt 0.638681 0.690667
vt 0.638681 0.593275
vt 0.663029 0.690667
vt 0.687378 0.690667
vt 0.663029 0.593275
vt 0.687378 0.593275
vt 0.663029 0.690667
vt 0.663029 0.593275
vt 0.687378 0.690667
vt 0.736074 0.690667
vt 0.711726 0.593275
vt 0.736074 0.593275
vt 0.711726 0.690667
vt 0.711726 0.593275
vt 0.736074 0.690667
vt 0.711726 0.690667
vt 0.687378 0.593275
vt 0.711726 0.593275
vt 0.687378 0.690667
vt 0.687378 0.593275
vt 0.711726 0.690667
vt 0.663029 0.593275
vt 0.687378 0.568927
vt 0.687378 0.593275
vt 0.663029 0.568927
vt 0.687378 0.568927
vt 0.663029 0.593275
vt 0.637816 0.694378
vt 0.564771 0.718726
vt 0.564771 0.694378
vt 0.637816 0.718726
vt 0.564771 0.718726
vt 0.637816 0.694378
vt 0.637816 0.767422
vt 0.564771 0.791770
vt 0.564771 0.767422
vt 0.637816 0.791770
vt 0.564771 0.791770
vt 0.637816 0.767422
vt 0.637816 0.718726
vt 0.564771 0.743074
vt 0.564771 0.718726
vt 0.637816 0.743074
vt 0.564771 0.743074
vt 0.637816 0.718726
vt 0.637816 0.743074
vt 0.564771 0.767422
vt 0.564771 0.743074
vt 0.637816 0.767422
vt 0.564771 0.767422
vt 0.637816 0.743074
vt 0.540423 0.718726
vt 0.564771 0.743074
vt 0.540423 0.743074
vt 0.564771 0.718726
vt 0.564771 0.743074
vt 0.540423 0.718726
vt 0.492969 0.098701
vt 0.517317 0.232616
vt 0.492969 0.232616
vt 0.517317 0.098701
vt 0.517317 0.232616
vt 0.492969 0.098701
vt 0.566013 0.098701
vt 0.590361 0.232616
vt 0.566013 0.232616
vt 0.590361 0.098701
vt 0.590361 0.232616
vt 0.566013 0.098701
vt 0.517317 0.098701
vt 0.541665 0.232616
vt 0.517317 0.232616
vt 0.541665 0.098701
vt 0.541665 0.232616
vt 0.517317 0.098701
vt 0.541665 0.098701
vt 0.566013 0.232616
vt 0.541665 0.232616
vt 0.566013 0.098701
vt 0.566013 0.232616
vt 0.541665 0.098701
vt 0.517317 0.256964
vt 0.541665 0.232616
vt 0.541665 0.256964
vt 0.517317 0.232616
vt 0.541665 0.232616
vt 0.517317 0.256964
vt 0.736074 0.454722
vt 0.711726 0.345156
vt 0.736074 0.345156
vt 0.711726 0.454722
vt 0.711726 0.345156
vt 0.736074 0.454722
vt 0.663029 0.454722
vt 0.638681 0.345156
vt 0.663029 0.345156
vt 0.638681 0.454722
vt 0.638681 0.345156
vt 0.663029 0.454722
vt 0.711726 0.454722
vt 0.687378 0.345156
vt 0.711726 0.345156
vt 0.687378 0.454722
vt 0.687378 0.345156
vt 0.711726 0.454722
vt 0.687378 0.454722
vt 0.663029 0.345156
vt 0.687378 0.345156
vt 0.663029 0.454722
vt 0.663029 0.345156
vt 0.687378 0.454722
vt 0.711726 0.320807
vt 0.687378 0.345156
vt 0.687378 0.320807
vt 0.711726 0.345156
vt 0.687378 0.345156
vt 0.711726 0.320807
vt 0.786877 0.220442
vt 0.762529 0.123049
vt 0.786877 0.123049
vt 0.762529 0.220442
vt 0.762529 0.123049
vt 0.786877 0.220442
vt 0.713833 0.220442
vt 0.689485 0.123049
vt 0.713833 0.123049
vt 0.689485 0.220442
vt 0.689485 0.123049
vt 0.713833 0.220442
vt 0.762529 0.220442
vt 0.738181 0.123049
vt 0.762529 0.123049
vt 0.738181 0.220442
vt 0.738181 0.123049
vt 0.762529 0.220442
vt 0.738181 0.220442
vt 0.713833 0.123049
vt 0.738181 0.123049
vt 0.713833 0.220442
vt 0.713833 0.123049
vt 0.738181 0.220442
vt 0.762529 0.098701
vt 0.738181 0.123049
vt 0.738181 0.098701
vt 0.762529 0.123049
vt 0.738181 0.123049
vt 0.762529 0.098701
vt 0.786877 0.294352
vt 0.713833 0.318700
vt 0.713833 0.294352
vt 0.786877 0.318700
vt 0.713833 0.318700
vt 0.786877 0.294352
vt 0.786877 0.270004
vt 0.713833 0.294352
vt 0.713833 0.270004
vt 0.786877 0.294352
vt 0.713833 0.294352
vt 0.786877 0.270004
vt 0.786877 0.221307
vt 0.713833 0.245656
vt 0.713833 0.221307
vt 0.786877 0.245656
vt 0.713833 0.245656
vt 0.786877 0.221307
vt 0.786877 0.245656
vt 0.713833 0.270004
vt 0.713833 0.245656
vt 0.786877 0.270004
vt 0.713833 0.270004
vt 0.786877 0.245656
vt 0.713833 0.294352
vt 0.689485 0.270004
vt 0.713833 0.270004
vt 0.689485 0.294352
vt 0.689485 0.270004
vt 0.713833 0.294352
vt 0.588254 0.540806
vt 0.454339 0.565154
vt 0.454339 0.540806
vt 0.588254 0.565154
vt 0.454339 0.565154
vt 0.588254 0.540806
vt 0.588254 0.516458
vt 0.454339 0.540806
vt 0.454339 0.516458
vt 0.588254 0.540806
vt 0.454339 0.540806
vt 0.588254 0.516458
vt 0.588254 0.467762
vt 0.454339 0.492110
vt 0.454339 0.467762
vt 0.588254 0.492110
vt 0.454339 0.492110
vt 0.588254 0.467762
vt 0.588254 0.492110
vt 0.454339 0.516458
vt 0.454339 0.492110
vt 0.588254 0.516458
vt 0.454339 0.516458
vt 0.588254 0.492110
vt 0.454339 0.540806
vt 0.429991 0.516458
vt 0.454339 0.516458
vt 0.429991 0.540806
vt 0.429991 0.516458
vt 0.454339 0.540806
vt 0.270863 0.590368
vt 0.380430 0.566020
vt 0.380430 0.590368
vt 0.270863 0.566020
vt 0.380430 0.566020
vt 0.270863 0.590368
vt 0.270863 0.614716
vt 0.380430 0.590368
vt 0.380430 0.614716
vt 0.270863 0.590368
vt 0.380430 0.590368
vt 0.270863 0.614716
vt 0.270863 0.663412
vt 0.380430 0.639064
vt 0.380430 0.663412
vt 0.270863 0.639064
vt 0.380430 0.639064
vt 0.270863 0.663412
vt 0.270863 0.639064
vt 0.380430 0.614716
vt 0.380430 0.639064
vt 0.270863 0.614716
vt 0.380430 0.614716
vt 0.270863 0.639064
vt 0.380430 0.590368
vt 0.404778 0.614716
vt 0.380430 0.614716
vt 0.404778 0.590368
vt 0.404778 0.614716
vt 0.380430 0.590368
vt 0.638681 0.715881
vt 0.736074 0.691533
vt 0.736074 0.715881
vt 0.638681 0.691533
vt 0.736074 0.691533
vt 0.638681 0.715881
vt 0.638681 0.740229
vt 0.736074 0.715881
vt 0.736074 0.740229
vt 0.638681 0.715881
vt 0.736074 0.715881
vt 0.638681 0.740229
vt 0.638681 0.788925
vt 0.736074 0.764577
vt 0.736074 0.788925
vt 0.638681 0.764577
vt 0.736074 0.764577
vt 0.638681 0.788925
vt 0.638681 0.764577
vt 0.736074 0.740229
vt 0.736074 0.764577
vt 0.638681 0.740229
vt 0.736074 0.740229
vt 0.638681 0.764577
vt 0.736074 0.715881
vt 0.760422 0.740229
vt 0.736074 0.740229
vt 0.760422 0.715881
vt 0.760422 0.740229
vt 0.736074 0.715881
vt 0.405643 0.798192
vt 0.478688 0.773844
vt 0.478688 0.798192
vt 0.405643 0.773844
vt 0.478688 0.773844
vt 0.405643 0.798192
vt 0.405643 0.725148
vt 0.478687 0.700800
vt 0.478688 0.725148
vt 0.405643 0.700800
vt 0.478687 0.700800
vt 0.405643 0.725148
vt 0.405643 0.773844
vt 0.478688 0.749496
vt 0.478688 0.773844
vt 0.405643 0.749496
vt 0.478688 0.749496
vt 0.405643 0.773844
vt 0.405643 0.749496
vt 0.478688 0.725148
vt 0.478688 0.749496
vt 0.405643 0.725148
vt 0.478688 0.725148
vt 0.405643 0.749496
vt 0.503036 0.773844
vt 0.478688 0.749496
vt 0.503036 0.749496
vt 0.478688 0.773844
vt 0.478688 0.749496
vt 0.503036 0.773844
vt 0.429126 0.467762
vt 0.295211 0.492110
vt 0.295211 0.467762
vt 0.429126 0.492110
vt 0.295211 0.492110
vt 0.429126 0.467762
vt 0.429126 0.540806
vt 0.295211 0.565154
vt 0.295211 0.540806
vt 0.429126 0.565154
vt 0.295211 0.565154
vt 0.429126 0.540806
vt 0.429126 0.492110
vt 0.295211 0.516458
vt 0.295211 0.492110
vt 0.429126 0.516458
vt 0.295211 0.516458
vt 0.429126 0.492110
vt 0.429126 0.516458
vt 0.295211 0.540806
vt 0.295211 0.516458
vt 0.429126 0.540806
vt 0.295211 0.540806
vt 0.429126 0.516458
vt 0.270863 0.492110
vt 0.295211 0.516458
vt 0.270863 0.516458
vt 0.295211 0.492110
vt 0.295211 0.516458
vt 0.270863 0.492110
vt 0.503036 0.699934
vt 0.478687 0.590368
vt 0.503036 0.590368
vt 0.478687 0.699934
vt 0.478687 0.590368
vt 0.503036 0.699934
vt 0.429991 0.699934
vt 0.405643 0.590368
vt 0.429991 0.590368
vt 0.405643 0.699934
vt 0.405643 0.590368
vt 0.429991 0.699934
vt 0.478687 0.699934
vt 0.454339 0.590368
vt 0.478687 0.590368
vt 0.454339 0.699934
vt 0.454339 0.590368
vt 0.478687 0.699934
vt 0.454339 0.699934
vt 0.429991 0.590368
vt 0.454339 0.590368
vt 0.429991 0.699934
vt 0.429991 0.590368
vt 0.454339 0.699934
vt 0.478687 0.566020
vt 0.454339 0.590368
vt 0.454339 0.566020
vt 0.478687 0.590368
vt 0.454339 0.590368
vt 0.478687 0.566020
vt 0.270863 0.761670
vt 0.368255 0.737322
vt 0.368255 0.761670
vt 0.270863 0.737322
vt 0.368255 0.737322
vt 0.270863 0.761670
vt 0.270863 0.688626
vt 0.368255 0.664278
vt 0.368255 0.688626
vt 0.270863 0.664277
vt 0.368255 0.664278
vt 0.270863 0.688626
vt 0.270863 0.737322
vt 0.368255 0.712974
vt 0.368255 0.737322
vt 0.270863 0.712974
vt 0.368255 0.712974
vt 0.270863 0.737322
vt 0.270863 0.712974
vt 0.368255 0.688626
vt 0.368255 0.712974
vt 0.270863 0.688626
vt 0.368255 0.688626
vt 0.270863 0.712974
vt 0.392604 0.737322
vt 0.368255 0.712974
vt 0.392604 0.712974
vt 0.368255 0.737322
vt 0.368255 0.712974
vt 0.392604 0.737322
vt 0.694905 0.414729
vt 0.292913 0.707087
vt 0.292913 0.414729
vt 0.694905 0.707087
vt 0.292913 0.707087
vt 0.694905 0.414729
vt 0.694905 0.707457
vt 0.292913 0.999815
vt 0.292913 0.707457
vt 0.694905 0.999815
vt 0.292913 0.999815
vt 0.694905 0.707457
vt 0.000185 0.828903
vt 0.292543 0.414729
vt 0.292543 0.828903
vt 0.000185 0.414729
vt 0.292543 0.414729
vt 0.000185 0.828903
vt 0.402547 0.000185
vt 0.804540 0.414359
vt 0.402547 0.414359
vt 0.804540 0.000185
vt 0.804540 0.414359
vt 0.402547 0.000185
vt 0.402177 0.000185
vt 0.000185 0.414359
vt 0.000185 0.000185
vt 0.402177 0.414359
vt 0.000185 0.414359
vt 0.402177 0.000185
vt 0.221176 0.063304
vt -0.000065 0.063304
vt 0.064735 -0.001495
vt 0.221176 0.063304
vt -0.000065 0.154945
vt -0.000065 0.063304
vt -0.000065 0.154945
vt 0.156376 0.219745
vt 0.064735 0.219745
vt -0.000065 0.154945
vt 0.221176 0.154945
vt 0.156376 0.219745
vt -0.000065 0.154945
vt 0.221176 0.063304
vt 0.221176 0.154945
vt 0.221176 0.063304
vt 0.064735 -0.001495
vt 0.156376 -0.001495
vt 0.221176 0.063304
vt -0.000065 0.063304
vt 0.064735 -0.001495
vt 0.221176 0.063304
vt -0.000065 0.154945
vt -0.000065 0.063304
vt -0.000065 0.154945
vt 0.156376 0.219745
vt 0.064735 0.219745
vt -0.000065 0.154945
vt 0.221176 0.154945
vt 0.156376 0.219745
vt -0.000065 0.154945
vt 0.221176 0.063304
vt 0.221176 0.154945
vt 0.221176 0.063304
vt 0.064735 -0.001495
vt 0.156376 -0.001495
vt 0.221176 0.063304
vt -0.000065 0.063304
vt 0.064735 -0.001495
vt 0.221176 0.063304
vt -0.000065 0.154945
vt -0.000065 0.063304
vt -0.000065 0.154945
vt 0.156376 0.219745
vt 0.064735 0.219745
vt -0.000065 0.154945
vt 0.221176 0.154945
vt 0.156376 0.219745
vt -0.000065 0.154945
vt 0.221176 0.063304
vt 0.221176 0.154945
vt 0.221176 0.063304
vt 0.064735 -0.001495
vt 0.156376 -0.001495
vt 0.637816 0.460572
vt 0.601294 0.413983
vt 0.637816 0.413983
vt 0.601294 0.460572
vt 0.601294 0.413983
vt 0.637816 0.460572
vt 0.637816 0.507160
vt 0.601294 0.460572
vt 0.637816 0.460572
vt 0.601294 0.507160
vt 0.601294 0.460572
vt 0.637816 0.507160
vt 0.637816 0.553748
vt 0.601294 0.507160
vt 0.637816 0.507160
vt 0.601294 0.553748
vt 0.601294 0.507160
vt 0.637816 0.553748
vt 0.637816 0.600336
vt 0.601294 0.553748
vt 0.637816 0.553748
vt 0.601294 0.600336
vt 0.601294 0.553748
vt 0.637816 0.600336
vt 0.637816 0.646924
vt 0.601294 0.600336
vt 0.637816 0.600336
vt 0.601294 0.646924
vt 0.601294 0.600336
vt 0.637816 0.646924
vt 0.637816 0.693512
vt 0.601294 0.646924
vt 0.637816 0.646924
vt 0.601293 0.693512
vt 0.601294 0.646924
vt 0.637816 0.693512
vt 0.638681 0.488530
vt 0.751155 0.488530
vt 0.751155 0.535119
vt 0.637816 0.367395
vt 0.601294 0.320807
vt 0.637816 0.320807
vt 0.601294 0.367395
vt 0.601294 0.320807
vt 0.637816 0.367395
vt 0.637816 0.413983
vt 0.601294 0.367395
vt 0.637816 0.367395
vt 0.601294 0.413983
vt 0.601294 0.367395
vt 0.637816 0.413983
vt 0.638681 0.488530
vt 0.718212 0.455588
vt 0.751155 0.488530
vt 0.718212 0.455588
vt 0.638681 0.488530
vt 0.671624 0.455588
vt 0.638681 0.488530
vt 0.671624 0.568061
vt 0.638681 0.535119
vt 0.638681 0.488530
vt 0.718212 0.568061
vt 0.671624 0.568061
vt 0.638681 0.488530
vt 0.751155 0.535119
vt 0.718212 0.568061
vt 0.343907 0.345155
vt 0.270863 0.442548
vt 0.270863 0.345155
vt 0.343907 0.442548
vt 0.270863 0.442548
vt 0.343907 0.345155
vt 0.368255 0.345156
vt 0.343907 0.442548
vt 0.343907 0.345155
vt 0.368255 0.442548
vt 0.343907 0.442548
vt 0.368255 0.345156
vt 0.441300 0.345155
vt 0.368255 0.442548
vt 0.368255 0.345156
vt 0.441300 0.442548
vt 0.368255 0.442548
vt 0.441300 0.345155
vt 0.368255 0.442548
vt 0.441300 0.466896
vt 0.368255 0.466896
vt 0.441300 0.442548
vt 0.441300 0.466896
vt 0.368255 0.442548
vt 0.441300 0.345155
vt 0.368255 0.320807
vt 0.441300 0.320807
vt 0.368255 0.345156
vt 0.368255 0.320807
vt 0.441300 0.345155
vt 0.637816 0.460572
vt 0.601294 0.413983
vt 0.637816 0.413983
vt 0.601294 0.460572
vt 0.601294 0.413983
vt 0.637816 0.460572
vt 0.637816 0.507160
vt 0.601294 0.460572
vt 0.637816 0.460572
vt 0.601294 0.507160
vt 0.601294 0.460572
vt 0.637816 0.507160
vt 0.637816 0.553748
vt 0.601294 0.507160
vt 0.637816 0.507160
vt 0.601294 0.553748
vt 0.601294 0.507160
vt 0.637816 0.553748
vt 0.637816 0.600336
vt 0.601294 0.553748
vt 0.637816 0.553748
vt 0.601294 0.600336
vt 0.601294 0.553748
vt 0.637816 0.600336
vt 0.637816 0.646924
vt 0.601294 0.600336
vt 0.637816 0.600336
vt 0.601294 0.646924
vt 0.601294 0.600336
vt 0.637816 0.646924
vt 0.637816 0.693512
vt 0.601294 0.646924
vt 0.637816 0.646924
vt 0.601293 0.693512
vt 0.601294 0.646924
vt 0.637816 0.693512
vt 0.638681 0.488530
vt 0.751155 0.488530
vt 0.751155 0.535119
vt 0.637816 0.367395
vt 0.601294 0.320807
vt 0.637816 0.320807
vt 0.601294 0.367395
vt 0.601294 0.320807
vt 0.637816 0.367395
vt 0.637816 0.413983
vt 0.601294 0.367395
vt 0.637816 0.367395
vt 0.601294 0.413983
vt 0.601294 0.367395
vt 0.637816 0.413983
vt 0.638681 0.488530
vt 0.718212 0.455588
vt 0.751155 0.488530
vt 0.718212 0.455588
vt 0.638681 0.488530
vt 0.671624 0.455588
vt 0.638681 0.488530
vt 0.671624 0.568061
vt 0.638681 0.535119
vt 0.638681 0.488530
vt 0.718212 0.568061
vt 0.671624 0.568061
vt 0.638681 0.488530
vt 0.751155 0.535119
vt 0.718212 0.568061
vt 0.343907 0.345155
vt 0.270863 0.442548
vt 0.270863 0.345155
vt 0.343907 0.442548
vt 0.270863 0.442548
vt 0.343907 0.345155
vt 0.368255 0.345156
vt 0.343907 0.442548
vt 0.343907 0.345155
vt 0.368255 0.442548
vt 0.343907 0.442548
vt 0.368255 0.345156
vt 0.441300 0.345155
vt 0.368255 0.442548
vt 0.368255 0.345156
vt 0.441300 0.442548
vt 0.368255 0.442548
vt 0.441300 0.345155
vt 0.368255 0.442548
vt 0.441300 0.466896
vt 0.368255 0.466896
vt 0.441300 0.442548
vt 0.441300 0.466896
vt 0.368255 0.442548
vt 0.441300 0.345155
vt 0.368255 0.320807
vt 0.441300 0.320807
vt 0.368255 0.345156
vt 0.368255 0.320807
vt 0.441300 0.345155
vt 0.637816 0.460572
vt 0.601294 0.413983
vt 0.637816 0.413983
vt 0.601294 0.460572
vt 0.601294 0.413983
vt 0.637816 0.460572
vt 0.637816 0.507160
vt 0.601294 0.460572
vt 0.637816 0.460572
vt 0.601294 0.507160
vt 0.601294 0.460572
vt 0.637816 0.507160
vt 0.637816 0.553748
vt 0.601294 0.507160
vt 0.637816 0.507160
vt 0.601294 0.553748
vt 0.601294 0.507160
vt 0.637816 0.553748
vt 0.637816 0.600336
vt 0.601294 0.553748
vt 0.637816 0.553748
vt 0.601294 0.600336
vt 0.601294 0.553748
vt 0.637816 0.600336
vt 0.637816 0.646924
vt 0.601294 0.600336
vt 0.637816 0.600336
vt 0.601294 0.646924
vt 0.601294 0.600336
vt 0.637816 0.646924
vt 0.637816 0.693512
vt 0.601294 0.646924
vt 0.637816 0.646924
vt 0.601293 0.693512
vt 0.601294 0.646924
vt 0.637816 0.693512
vt 0.638681 0.488530
vt 0.751155 0.488530
vt 0.751155 0.535119
vt 0.637816 0.367395
vt 0.601294 0.320807
vt 0.637816 0.320807
vt 0.601294 0.367395
vt 0.601294 0.320807
vt 0.637816 0.367395
vt 0.637816 0.413983
vt 0.601294 0.367395
vt 0.637816 0.367395
vt 0.601294 0.413983
vt 0.601294 0.367395
vt 0.637816 0.413983
vt 0.638681 0.488530
vt 0.718212 0.455588
vt 0.751155 0.488530
vt 0.718212 0.455588
vt 0.638681 0.488530
vt 0.671624 0.455588
vt 0.638681 0.488530
vt 0.671624 0.568061
vt 0.638681 0.535119
vt 0.638681 0.488530
vt 0.718212 0.568061
vt 0.671624 0.568061
vt 0.638681 0.488530
vt 0.751155 0.535119
vt 0.718212 0.568061
vt 0.343907 0.345155
vt 0.270863 0.442548
vt 0.270863 0.345155
vt 0.343907 0.442548
vt 0.270863 0.442548
vt 0.343907 0.345155
vt 0.368255 0.345156
vt 0.343907 0.442548
vt 0.343907 0.345155
vt 0.368255 0.442548
vt 0.343907 0.442548
vt 0.368255 0.345156
vt 0.441300 0.345155
vt 0.368255 0.442548
vt 0.368255 0.345156
vt 0.441300 0.442548
vt 0.368255 0.442548
vt 0.441300 0.345155
vt 0.368255 0.442548
vt 0.441300 0.466896
vt 0.368255 0.466896
vt 0.441300 0.442548
vt 0.441300 0.466896
vt 0.368255 0.442548
vt 0.441300 0.345155
vt 0.368255 0.320807
vt 0.441300 0.320807
vt 0.368255 0.345156
vt 0.368255 0.320807
vt 0.441300 0.345155
vt 0.637816 0.460572
vt 0.601294 0.413983
vt 0.637816 0.413983
vt 0.601294 0.460572
vt 0.601294 0.413983
vt 0.637816 0.460572
vt 0.637816 0.507160
vt 0.601294 0.460572
vt 0.637816 0.460572
vt 0.601294 0.507160
vt 0.601294 0.460572
vt 0.637816 0.507160
vt 0.637816 0.553748
vt 0.601294 0.507160
vt 0.637816 0.507160
vt 0.601294 0.553748
vt 0.601294 0.507160
vt 0.637816 0.553748
vt 0.637816 0.600336
vt 0.601294 0.553748
vt 0.637816 0.553748
vt 0.601294 0.600336
vt 0.601294 0.553748
vt 0.637816 0.600336
vt 0.637816 0.646924
vt 0.601294 0.600336
vt 0.637816 0.600336
vt 0.601294 0.646924
vt 0.601294 0.600336
vt 0.637816 0.646924
vt 0.637816 0.693512
vt 0.601294 0.646924
vt 0.637816 0.646924
vt 0.601293 0.693512
vt 0.601294 0.646924
vt 0.637816 0.693512
vt 0.638681 0.488530
vt 0.751155 0.488530
vt 0.751155 0.535119
vt 0.637816 0.367395
vt 0.601294 0.320807
vt 0.637816 0.320807
vt 0.601294 0.367395
vt 0.601294 0.320807
vt 0.637816 0.367395
vt 0.637816 0.413983
vt 0.601294 0.367395
vt 0.637816 0.367395
vt 0.601294 0.413983
vt 0.601294 0.367395
vt 0.637816 0.413983
vt 0.638681 0.488530
vt 0.718212 0.455588
vt 0.751155 0.488530
vt 0.718212 0.455588
vt 0.638681 0.488530
vt 0.671624 0.455588
vt 0.638681 0.488530
vt 0.671624 0.568061
vt 0.638681 0.535119
vt 0.638681 0.488530
vt 0.718212 0.568061
vt 0.671624 0.568061
vt 0.638681 0.488530
vt 0.751155 0.535119
vt 0.718212 0.568061
vt 0.343907 0.345155
vt 0.270863 0.442548
vt 0.270863 0.345155
vt 0.343907 0.442548
vt 0.270863 0.442548
vt 0.343907 0.345155
vt 0.368255 0.345156
vt 0.343907 0.442548
vt 0.343907 0.345155
vt 0.368255 0.442548
vt 0.343907 0.442548
vt 0.368255 0.345156
vt 0.441300 0.345155
vt 0.368255 0.442548
vt 0.368255 0.345156
vt 0.441300 0.442548
vt 0.368255 0.442548
vt 0.441300 0.345155
vt 0.368255 0.442548
vt 0.441300 0.466896
vt 0.368255 0.466896
vt 0.441300 0.442548
vt 0.441300 0.466896
vt 0.368255 0.442548
vt 0.441300 0.345155
vt 0.368255 0.320807
vt 0.441300 0.320807
vt 0.368255 0.345156
vt 0.368255 0.320807
vt 0.441300 0.345155
vt 0.152655 0.771037
vt 0.000364 0.804200
vt 0.000364 0.771037
vt 0.152655 0.804200
vt 0.000364 0.804200
vt 0.152655 0.771037
vt 0.304946 0.771037
vt 0.152655 0.804200
vt 0.152655 0.771037
vt 0.304946 0.804200
vt 0.152655 0.804200
vt 0.304946 0.771037
vt 0.457238 0.771037
vt 0.304946 0.804200
vt 0.304946 0.771037
vt 0.457238 0.804200
vt 0.304946 0.804200
vt 0.457238 0.771037
vt 0.609529 0.771037
vt 0.457238 0.804200
vt 0.457238 0.771037
vt 0.609529 0.804200
vt 0.457238 0.804200
vt 0.609529 0.771037
vt 0.457238 0.838090
vt 0.609529 0.804928
vt 0.609529 0.838091
vt 0.457238 0.804928
vt 0.609529 0.804928
vt 0.457238 0.838090
vt 0.304946 0.838090
vt 0.457238 0.804928
vt 0.457238 0.838090
vt 0.304946 0.804927
vt 0.457238 0.804928
vt 0.304946 0.838090
vt 0.605581 0.414910
vt 0.480763 0.381747
vt 0.605581 0.381747
vt 0.480763 0.414910
vt 0.480763 0.381747
vt 0.605581 0.414910
vt 0.152655 0.838090
vt 0.304946 0.804927
vt 0.304946 0.838090
vt 0.152655 0.804927
vt 0.304946 0.804927
vt 0.152655 0.838090
vt 0.000364 0.838091
vt 0.152655 0.804927
vt 0.152655 0.838090
vt 0.000364 0.804928
vt 0.152655 0.804927
vt 0.000364 0.838091
vt 0.000364 0.476441
vt 0.121787 0.401918
vt 0.033527 0.490178
vt 0.108050 0.368755
vt 0.121787 0.401918
vt 0.000364 0.476441
vt 0.000364 0.628733
vt 0.033527 0.490178
vt 0.033527 0.614996
vt 0.000364 0.476441
vt 0.033527 0.490178
vt 0.000364 0.628733
vt 0.108050 0.736419
vt 0.033527 0.614996
vt 0.121787 0.703256
vt 0.000364 0.628733
vt 0.033527 0.614996
vt 0.108050 0.736419
vt 0.260341 0.736419
vt 0.121787 0.703256
vt 0.246605 0.703256
vt 0.108050 0.736419
vt 0.121787 0.703256
vt 0.260341 0.736419
vt 0.368027 0.628733
vt 0.246605 0.703256
vt 0.334864 0.614996
vt 0.260341 0.736419
vt 0.246605 0.703256
vt 0.368027 0.628733
vt 0.368027 0.476441
vt 0.334864 0.614996
vt 0.334864 0.490178
vt 0.368027 0.628733
vt 0.334864 0.614996
vt 0.368027 0.476441
vt 0.260341 0.368755
vt 0.334864 0.490178
vt 0.246605 0.401918
vt 0.368027 0.476441
vt 0.334864 0.490178
vt 0.260341 0.368755
vt 0.108050 0.368755
vt 0.246605 0.401918
vt 0.121787 0.401918
vt 0.260341 0.368755
vt 0.246605 0.401918
vt 0.108050 0.368755
vt 0.855217 0.414910
vt 0.730399 0.381747
vt 0.855217 0.381747
vt 0.730399 0.414910
vt 0.730399 0.381747
vt 0.855217 0.414910
vt 0.374818 0.872709
vt 0.499636 0.905872
vt 0.374818 0.905872
vt 0.499636 0.872709
vt 0.499636 0.905872
vt 0.374818 0.872709
vt 0.125182 0.872709
vt 0.250000 0.905872
vt 0.125182 0.905872
vt 0.250000 0.872709
vt 0.250000 0.905872
vt 0.125182 0.872709
vt 0.730399 0.414910
vt 0.605581 0.381747
vt 0.730399 0.381747
vt 0.605581 0.414910
vt 0.605581 0.381747
vt 0.730399 0.414910
vt 0.980036 0.414910
vt 0.855217 0.381747
vt 0.980036 0.381747
vt 0.855217 0.414910
vt 0.855217 0.381747
vt 0.980036 0.414910
vt 0.250000 0.872709
vt 0.374818 0.905872
vt 0.250000 0.905872
vt 0.374818 0.872709
vt 0.374818 0.905872
vt 0.250000 0.872709
vt 0.000364 0.872708
vt 0.125182 0.905872
vt 0.000364 0.905872
vt 0.125182 0.872709
vt 0.125182 0.905872
vt 0.000364 0.872708
vt 0.335707 0.044605
vt 0.291401 0.000299
vt 0.335707 0.000299
vt 0.291401 0.044605
vt 0.291401 0.000299
vt 0.335707 0.044605
vt 0.290803 0.799004
vt 0.246497 0.843310
vt 0.246497 0.799004
vt 0.290803 0.843310
vt 0.246497 0.843310
vt 0.290803 0.799004
vt 0.955395 0.798406
vt 0.999701 0.754100
vt 0.999701 0.798406
vt 0.955395 0.754100
vt 0.999701 0.754100
vt 0.955395 0.798406
vt 0.336304 0.044605
vt 0.380610 0.000299
vt 0.336304 0.000299
vt 0.380610 0.044605
vt 0.380610 0.000299
vt 0.336304 0.044605
vt 0.448767 0.000299
vt 0.404461 0.642737
vt 0.404461 0.000299
vt 0.448767 0.642737
vt 0.404461 0.642737
vt 0.448767 0.000299
vt 0.246497 0.044605
vt 0.290803 0.000299
vt 0.246497 0.000299
vt 0.290803 0.044605
vt 0.290803 0.000299
vt 0.246497 0.044605
vt 0.515321 0.000299
vt 0.471015 0.642736
vt 0.471015 0.000299
vt 0.515321 0.642736
vt 0.471015 0.642736
vt 0.515321 0.000299
vt 0.888934 0.957062
vt 0.246497 0.979216
vt 0.246497 0.957063
vt 0.888934 0.979216
vt 0.246497 0.979216
vt 0.888934 0.957062
vt 0.335707 0.709197
vt 0.291401 0.753503
vt 0.335707 0.753503
vt 0.291401 0.709197
vt 0.291401 0.753503
vt 0.335707 0.709197
vt 0.955395 0.799004
vt 0.999701 0.843310
vt 0.999701 0.799004
vt 0.955395 0.843310
vt 0.999701 0.843310
vt 0.955395 0.799004
vt 0.290803 0.798406
vt 0.246497 0.754100
vt 0.246497 0.798406
vt 0.290803 0.754100
vt 0.246497 0.754100
vt 0.290803 0.798406
vt 0.336304 0.709197
vt 0.380610 0.753503
vt 0.336304 0.753503
vt 0.380610 0.709197
vt 0.380610 0.753503
vt 0.336304 0.709197
vt 0.470417 0.000299
vt 0.426111 0.642737
vt 0.426111 0.000299
vt 0.470418 0.642737
vt 0.426111 0.642737
vt 0.470417 0.000299
vt 0.246497 0.709197
vt 0.290803 0.753503
vt 0.246497 0.753503
vt 0.290803 0.709197
vt 0.290803 0.753503
vt 0.246497 0.709197
vt 0.888935 0.888213
vt 0.246497 0.843907
vt 0.888935 0.843907
vt 0.246497 0.888213
vt 0.246497 0.843907
vt 0.888935 0.888213
vt 0.888934 0.888811
vt 0.246497 0.910964
vt 0.246497 0.888811
vt 0.888934 0.910964
vt 0.246497 0.910964
vt 0.888934 0.888811
vt 0.291401 0.709197
vt 0.335707 0.044605
vt 0.335707 0.709197
vt 0.291401 0.044605
vt 0.335707 0.044605
vt 0.291401 0.709197
vt 0.583573 0.664890
vt 0.561419 0.000299
vt 0.583573 0.000299
vt 0.561419 0.664890
vt 0.561419 0.000299
vt 0.583573 0.664890
vt 0.803012 0.422700
vt 0.138421 0.467007
vt 0.803012 0.467007
vt 0.138421 0.422700
vt 0.138421 0.467007
vt 0.803012 0.422700
vt 0.606323 0.000299
vt 0.584170 0.664890
vt 0.584170 0.000299
vt 0.606323 0.664890
vt 0.584170 0.664890
vt 0.606323 0.000299
vt 0.955395 0.843310
vt 0.290803 0.799004
vt 0.955395 0.799004
vt 0.290803 0.843310
vt 0.290803 0.799004
vt 0.955395 0.843310
vt 0.290803 0.709197
vt 0.246497 0.044605
vt 0.246497 0.709197
vt 0.290803 0.044605
vt 0.246497 0.044605
vt 0.290803 0.709197
vt 0.290803 0.754100
vt 0.955395 0.798406
vt 0.290803 0.798406
vt 0.955395 0.754100
vt 0.955395 0.798406
vt 0.290803 0.754100
vt 0.515919 0.664890
vt 0.538072 0.000299
vt 0.538072 0.664890
vt 0.515919 0.000299
vt 0.538072 0.000299
vt 0.515919 0.664890
vt 0.758706 0.242489
vt 0.094114 0.264642
vt 0.094114 0.242489
vt 0.758706 0.264642
vt 0.094114 0.264642
vt 0.758706 0.242489
vt 0.590167 0.942731
vt 0.568014 0.300295
vt 0.590167 0.300295
vt 0.568014 0.942731
vt 0.568014 0.300295
vt 0.590167 0.942731
vt 0.545263 0.300295
vt 0.567417 0.942731
vt 0.545264 0.942731
vt 0.567417 0.300295
vt 0.567417 0.942731
vt 0.545263 0.300295
vt 0.437637 0.516582
vt 0.589928 0.483419
vt 0.589928 0.516582
vt 0.437637 0.483419
vt 0.589928 0.483419
vt 0.437637 0.516582
vt 0.285346 0.516581
vt 0.437637 0.483419
vt 0.437637 0.516582
vt 0.285346 0.483419
vt 0.437637 0.483419
vt 0.285346 0.516581
vt 0.133054 0.516582
vt 0.285346 0.483419
vt 0.285346 0.516581
vt 0.133054 0.483419
vt 0.285346 0.483419
vt 0.133054 0.516582
vt -0.019237 0.516582
vt 0.133054 0.483419
vt 0.133054 0.516582
vt -0.019237 0.483419
vt 0.133054 0.483419
vt -0.019237 0.516582
vt 0.437637 0.584363
vt 0.589928 0.551200
vt 0.589928 0.584363
vt 0.437637 0.551200
vt 0.589928 0.551200
vt 0.437637 0.584363
vt 0.285345 0.584363
vt 0.437637 0.551200
vt 0.437637 0.584363
vt 0.285345 0.551200
vt 0.437637 0.551200
vt 0.285345 0.584363
vt 0.125182 0.973653
vt 0.000364 0.940490
vt 0.125182 0.940489
vt 0.000364 0.973653
vt 0.000364 0.940490
vt 0.125182 0.973653
vt 0.133054 0.584363
vt 0.285345 0.551200
vt 0.285345 0.584363
vt 0.133054 0.551200
vt 0.285345 0.551200
vt 0.133054 0.584363
vt -0.019237 0.584363
vt 0.133054 0.551200
vt 0.133054 0.584363
vt -0.019237 0.551200
vt 0.133054 0.551200
vt -0.019237 0.584363
vt 0.736419 0.476441
vt 0.703256 0.614996
vt 0.703256 0.490178
vt 0.736419 0.628733
vt 0.703256 0.614996
vt 0.736419 0.476441
vt 0.628732 0.368755
vt 0.703256 0.490178
vt 0.614996 0.401918
vt 0.736419 0.476441
vt 0.703256 0.490178
vt 0.628732 0.368755
vt 0.476441 0.368755
vt 0.614996 0.401918
vt 0.490178 0.401918
vt 0.628732 0.368755
vt 0.614996 0.401918
vt 0.476441 0.368755
vt 0.368755 0.476441
vt 0.490178 0.401918
vt 0.401918 0.490178
vt 0.476441 0.368755
vt 0.490178 0.401918
vt 0.368755 0.476441
vt 0.368755 0.628733
vt 0.401918 0.490178
vt 0.401918 0.614996
vt 0.368755 0.476441
vt 0.401918 0.490178
vt 0.368755 0.628733
vt 0.476441 0.736419
vt 0.401918 0.614996
vt 0.490178 0.703256
vt 0.368755 0.628733
vt 0.401918 0.614996
vt 0.476441 0.736419
vt 0.628732 0.736419
vt 0.490178 0.703256
vt 0.614996 0.703256
vt 0.476441 0.736419
vt 0.490178 0.703256
vt 0.628732 0.736419
vt 0.736419 0.628733
vt 0.614996 0.703256
vt 0.703256 0.614996
vt 0.628732 0.736419
vt 0.614996 0.703256
vt 0.736419 0.628733
vt 0.374818 0.973653
vt 0.250000 0.940489
vt 0.374818 0.940489
vt 0.250000 0.973653
vt 0.250000 0.940489
vt 0.374818 0.973653
vt 0.105581 0.414910
vt -0.019237 0.381747
vt 0.105581 0.381747
vt -0.019237 0.414910
vt -0.019237 0.381747
vt 0.105581 0.414910
vt 0.355217 0.414910
vt 0.230399 0.381747
vt 0.355217 0.381747
vt 0.230399 0.414910
vt 0.230399 0.381747
vt 0.355217 0.414910
vt 0.250000 0.973653
vt 0.125182 0.940489
vt 0.250000 0.940489
vt 0.125182 0.973653
vt 0.125182 0.940489
vt 0.250000 0.973653
vt 0.499637 0.973653
vt 0.374818 0.940489
vt 0.499637 0.940490
vt 0.374818 0.973653
vt 0.374818 0.940489
vt 0.499637 0.973653
vt 0.230399 0.414910
vt 0.105581 0.381747
vt 0.230399 0.381747
vt 0.105581 0.414910
vt 0.105581 0.381747
vt 0.230399 0.414910
vt 0.480036 0.414910
vt 0.355217 0.381747
vt 0.480036 0.381747
vt 0.355217 0.414910
vt 0.355217 0.381747
vt 0.480036 0.414910
vt 0.437637 0.482691
vt 0.589928 0.449528
vt 0.589928 0.482691
vt 0.437637 0.449528
vt 0.589928 0.449528
vt 0.437637 0.482691
vt 0.285346 0.482691
vt 0.437637 0.449528
vt 0.437637 0.482691
vt 0.285346 0.449528
vt 0.437637 0.449528
vt 0.285346 0.482691
vt 0.133054 0.482691
vt 0.285346 0.449528
vt 0.285346 0.482691
vt 0.133054 0.449528
vt 0.285346 0.449528
vt 0.133054 0.482691
vt -0.019237 0.482691
vt 0.133054 0.449528
vt 0.133054 0.482691
vt -0.019237 0.449528
vt 0.133054 0.449528
vt -0.019237 0.482691
vt 0.133054 0.517309
vt -0.019237 0.550472
vt -0.019237 0.517309
vt 0.133054 0.550472
vt -0.019237 0.550472
vt 0.133054 0.517309
vt 0.285345 0.517309
vt 0.133054 0.550472
vt 0.133054 0.517309
vt 0.285345 0.550472
vt 0.133054 0.550472
vt 0.285345 0.517309
vt 0.605581 0.448800
vt 0.480763 0.415637
vt 0.605581 0.415637
vt 0.480763 0.448800
vt 0.480763 0.415637
vt 0.605581 0.448800
vt 0.437636 0.517309
vt 0.285345 0.550472
vt 0.285345 0.517309
vt 0.437636 0.550472
vt 0.285345 0.550472
vt 0.437636 0.517309
vt 0.589928 0.517309
vt 0.437636 0.550472
vt 0.437636 0.517309
vt 0.589928 0.550472
vt 0.437636 0.550472
vt 0.589928 0.517309
vt 0.260341 0.368028
vt 0.121786 0.334864
vt 0.246605 0.334864
vt 0.108050 0.368028
vt 0.121786 0.334864
vt 0.260341 0.368028
vt 0.368027 0.260341
vt 0.246605 0.334864
vt 0.334864 0.246605
vt 0.260341 0.368028
vt 0.246605 0.334864
vt 0.368027 0.260341
vt 0.368027 0.108050
vt 0.334864 0.246605
vt 0.334864 0.121786
vt 0.368027 0.260341
vt 0.334864 0.246605
vt 0.368027 0.108050
vt 0.260341 0.000364
vt 0.334864 0.121786
vt 0.246605 0.033527
vt 0.368027 0.108050
vt 0.334864 0.121786
vt 0.260341 0.000364
vt 0.108050 0.000364
vt 0.246605 0.033527
vt 0.121786 0.033527
vt 0.260341 0.000364
vt 0.246605 0.033527
vt 0.108050 0.000364
vt 0.000364 0.108050
vt 0.121786 0.033527
vt 0.033527 0.121787
vt 0.108050 0.000364
vt 0.121786 0.033527
vt 0.000364 0.108050
vt 0.000364 0.260341
vt 0.033527 0.121787
vt 0.033527 0.246605
vt 0.000364 0.108050
vt 0.033527 0.121787
vt 0.000364 0.260341
vt 0.108050 0.368028
vt 0.033527 0.246605
vt 0.121786 0.334864
vt 0.000364 0.260341
vt 0.033527 0.246605
vt 0.108050 0.368028
vt 0.855217 0.448800
vt 0.730399 0.415637
vt 0.855217 0.415637
vt 0.730399 0.448800
vt 0.730399 0.415637
vt 0.855217 0.448800
vt 0.105581 0.448800
vt -0.019237 0.415637
vt 0.105581 0.415637
vt -0.019237 0.448800
vt -0.019237 0.415637
vt 0.105581 0.448800
vt 0.355217 0.448800
vt 0.230399 0.415637
vt 0.355217 0.415637
vt 0.230399 0.448800
vt 0.230399 0.415637
vt 0.355217 0.448800
vt 0.730399 0.448800
vt 0.605581 0.415637
vt 0.730399 0.415637
vt 0.605581 0.448800
vt 0.605581 0.415637
vt 0.730399 0.448800
vt 0.980036 0.448801
vt 0.855217 0.415637
vt 0.980036 0.415637
vt 0.855217 0.448800
vt 0.855217 0.415637
vt 0.980036 0.448801
vt 0.230399 0.448800
vt 0.105581 0.415637
vt 0.230399 0.415637
vt 0.105581 0.448800
vt 0.105581 0.415637
vt 0.230399 0.448800
vt 0.480036 0.448801
vt 0.355217 0.415637
vt 0.480036 0.415637
vt 0.355217 0.448800
vt 0.355217 0.415637
vt 0.480036 0.448801
vt 0.152655 0.737146
vt 0.000364 0.770309
vt 0.000364 0.737146
vt 0.152655 0.770309
vt 0.000364 0.770309
vt 0.152655 0.737146
vt 0.304946 0.737146
vt 0.152655 0.770309
vt 0.152655 0.737146
vt 0.304946 0.770309
vt 0.152655 0.770309
vt 0.304946 0.737146
vt 0.457238 0.737146
vt 0.304946 0.770309
vt 0.304946 0.737146
vt 0.457238 0.770309
vt 0.304946 0.770309
vt 0.457238 0.737146
vt 0.609529 0.737146
vt 0.457238 0.770309
vt 0.457238 0.737146
vt 0.609529 0.770309
vt 0.457238 0.770309
vt 0.609529 0.737146
vt 0.133054 0.585090
vt -0.019237 0.618253
vt -0.019237 0.585090
vt 0.133054 0.618253
vt -0.019237 0.618253
vt 0.133054 0.585090
vt 0.285345 0.585090
vt 0.133054 0.618253
vt 0.133054 0.585090
vt 0.285345 0.618253
vt 0.133054 0.618253
vt 0.285345 0.585090
vt 0.374818 0.906599
vt 0.499636 0.939762
vt 0.374818 0.939762
vt 0.499636 0.906599
vt 0.499636 0.939762
vt 0.374818 0.906599
vt 0.437636 0.585090
vt 0.285345 0.618253
vt 0.285345 0.585090
vt 0.437636 0.618253
vt 0.285345 0.618253
vt 0.437636 0.585090
vt 0.589928 0.585090
vt 0.437636 0.618253
vt 0.437636 0.585090
vt 0.589928 0.618253
vt 0.437636 0.618253
vt 0.589928 0.585090
vt 0.628732 0.368028
vt 0.490178 0.334864
vt 0.614996 0.334864
vt 0.476441 0.368028
vt 0.490178 0.334864
vt 0.628732 0.368028
vt 0.736419 0.260341
vt 0.614996 0.334864
vt 0.703256 0.246605
vt 0.628732 0.368028
vt 0.614996 0.334864
vt 0.736419 0.260341
vt 0.736419 0.108050
vt 0.703256 0.246605
vt 0.703256 0.121786
vt 0.736419 0.260341
vt 0.703256 0.246605
vt 0.736419 0.108050
vt 0.628732 0.000364
vt 0.703256 0.121786
vt 0.614996 0.033527
vt 0.736419 0.108050
vt 0.703256 0.121786
vt 0.628732 0.000364
vt 0.476441 0.000364
vt 0.614996 0.033527
vt 0.490178 0.033527
vt 0.628732 0.000364
vt 0.614996 0.033527
vt 0.476441 0.000364
vt 0.368755 0.108050
vt 0.490178 0.033527
vt 0.401918 0.121786
vt 0.476441 0.000364
vt 0.490178 0.033527
vt 0.368755 0.108050
vt 0.368755 0.260341
vt 0.401918 0.121786
vt 0.401918 0.246605
vt 0.368755 0.108050
vt 0.401918 0.121786
vt 0.368755 0.260341
vt 0.476441 0.368028
vt 0.401918 0.246605
vt 0.490178 0.334864
vt 0.368755 0.260341
vt 0.401918 0.246605
vt 0.476441 0.368028
vt 0.125182 0.906599
vt 0.250000 0.939762
vt 0.125182 0.939762
vt 0.250000 0.906599
vt 0.250000 0.939762
vt 0.125182 0.906599
vt 0.374818 0.838818
vt 0.499636 0.871981
vt 0.374818 0.871981
vt 0.499636 0.838818
vt 0.499636 0.871981
vt 0.374818 0.838818
vt 0.125182 0.838818
vt 0.250000 0.871981
vt 0.125182 0.871981
vt 0.250000 0.838818
vt 0.250000 0.871981
vt 0.125182 0.838818
vt 0.250000 0.906599
vt 0.374818 0.939762
vt 0.250000 0.939762
vt 0.374818 0.906599
vt 0.374818 0.939762
vt 0.250000 0.906599
vt 0.000364 0.906599
vt 0.125182 0.939762
vt 0.000364 0.939762
vt 0.125182 0.906599
vt 0.125182 0.939762
vt 0.000364 0.906599
vt 0.250000 0.838818
vt 0.374818 0.871981
vt 0.250000 0.871981
vt 0.374818 0.838818
vt 0.374818 0.871981
vt 0.250000 0.838818
vt 0.000364 0.838818
vt 0.125182 0.871981
vt 0.000364 0.871981
vt 0.125182 0.838818
vt 0.125182 0.871981
vt 0.000364 0.838818
vt 0.999902 0.966575
vt 0.000098 0.000099
vt 0.999902 0.000098
vt 0.000098 0.966575
vt 0.000098 0.000099
vt 0.999902 0.966575

vn 1.000000 0.000000 0.000000
vn 1.000000 0.000000 0.000000
vn 1.000000 0.000000 0.000000
vn 1.000000 0.000000 0.000000
vn 1.000000 0.000000 0.000000
vn 1.000000 0.000000 0.000000
vn 1.000000 0.000000 0.000000
vn 1.000000 0.000000 0.000000
vn 1.000000 0.000000 0.000000
vn 1.000000 0.000000 0.000000
vn 1.000000 0.000000 0.000000
vn 1.000000 0.000000 0.000000
vn -0.000000 0.000000 1.000000
vn -0.000000 0.000000 1.000000
vn -0.000000 0.000000 1.000000
vn -0.000000 0.000000 1.000000
vn -0.000000 0.000000 1.000000
vn -0.000000 0.000000 1.000000
vn 0.000000 0.000000 -1.000000
vn 0.000000 0.000000 -1.000000
vn 0.000000 0.000000 -1.000000
vn 0.000000 0.000000 -1.000000
vn 0.000000 0.000000 -1.000000
vn 0.000000 0.000000 -1.000000
vn -1.000000 0.000000 0.000000
vn -1.000000 0.000000 0.000000
vn -1.000000 0.000000 0.000000
vn -1.000000 0.000000 0.000000
vn -1.000000 0.000000 0.000000
vn -1.000000 0.000000 0.000000
vn -1.000000 0.000000 0.000000
vn -1.000000 0.000000 0.000000
vn -1.000000 0.000000 0.000000
vn -1.000000 0.000000 -0.000000
vn -1.000000 0.000000 -0.000000
vn -1.000000 0.000000 -0.000000
vn -0.000000 -1.000000 0.000000
vn -0.000000 -1.000000 0.000000
vn -0.000000 -1.000000 0.000000
vn -0.000000 -1.000000 0.000000
vn -0.000000 -1.000000 0.000000
vn -0.000000 -1.000000 0.000000
vn 1.000000 0.000000 0.000000
vn 1.000000 0.000000 0.000000
vn 1.000000 0.000000 0.000000
vn 1.000000 0.000000 0.000000
vn 1.000000 0.000000 0.000000
vn 1.000000 0.000000 0.000000
vn -0.000000 1.000000 0.000000
vn -0.000000 1.000000 0.000000
vn -0.000000 1.000000 0.000000
vn -0.000000 1.000000 0.000000
vn -0.000000 1.000000 0.000000
vn -0.000000 1.000000 0.000000
vn -0.000000 -1.000000 0.000000
vn -0.000000 -1.000000 0.000000
vn -0.000000 -1.000000 0.000000
vn -0.000000 -1.000000 0.000000
vn -0.000000 -1.000000 0.000000
vn -0.000000 -1.000000 0.000000
vn -1.000000 0.000000 0.000000
vn -1.000000 0.000000 0.000000
vn -1.000000 0.000000 0.000000
vn -1.000000 0.000000 -0.000000
vn -1.000000 0.000000 -0.000000
vn -1.000000 0.000000 -0.000000
vn -1.000000 0.000000 0.000000
vn -1.000000 0.000000 0.000000
vn -1.000000 0.000000 0.000000
vn -1.000000 0.000000 -0.000000
vn -1.000000 0.000000 -0.000000
vn -1.000000 0.000000 -0.000000
vn 0.000000 0.000000 -1.000000
vn 0.000000 0.000000 -1.000000
vn 0.000000 0.000000 -1.000000
vn -0.000000 0.000000 1.000000
vn -0.000000 0.000000 1.000000
vn -0.000000 0.000000 1.000000
vn -0.000000 0.000000 1.000000
vn -0.000000 0.000000 1.000000
vn -0.000000 0.000000 1.000000
vn -0.000000 0.000000 1.000000
vn -0.000000 0.000000 1.000000
vn -0.000000 0.000000 1.000000
vn -0.000000 0.000000 1.000000
vn -0.000000 0.000000 1.000000
vn -0.000000 0.000000 1.000000
vn 1.000000 0.000000 0.000000
vn 1.000000 0.000000 0.000000
vn 1.000000 0.000000 0.000000
vn 1.000000 0.000000 0.000000
vn 1.000000 0.000000 0.000000
vn 1.000000 0.000000 0.000000
vn 1.000000 0.000000 0.000000
vn 1.000000 0.000000 0.000000
vn 1.000000 0.000000 0.000000
vn 1.000000 0.000000 0.000000
vn 1.000000 0.000000 0.000000
vn 1.000000 0.000000 0.000000
vn 1.000000 0.000000 0.000000
vn 1.000000 0.000000 0.000000
vn 1.000000 0.000000 0.000000
vn 1.000000 0.000000 0.000000
vn 1.000000 0.000000 0.000000
vn 1.000000 0.000000 0.000000
vn -0.000000 0.000000 1.000000
vn -0.000000 0.000000 1.000000
vn -0.000000 0.000000 1.000000
vn -0.000000 0.000000 1.000000
vn -0.000000 0.000000 1.000000
vn -0.000000 0.000000 1.000000
vn -1.000000 0.000000 0.000000
vn -1.000000 0.000000 0.000000
vn -1.000000 0.000000 0.000000
vn -1.000000 0.000000 -0.000000
vn -1.000000 0.000000 -0.000000
vn -1.000000 0.000000 -0.000000
vn -0.000000 0.000000 -1.000000
vn -0.000000 0.000000 -1.000000
vn -0.000000 0.000000 -1.000000
vn 0.000002 1.000000 0.000000
vn 0.000002 1.000000 0.000000
vn 0.000002 1.000000 0.000000
vn -0.000000 1.000000 0.000000
vn -0.000000 1.000000 0.000000
vn -0.000000 1.000000 0.000000
vn -0.000000 1.000000 0.000000
vn -0.000000 1.000000 0.000000
vn -0.000000 1.000000 0.000000
vn -0.000000 1.000000 0.000000
vn -0.000000 1.000000 0.000000
vn -0.000000 1.000000 0.000000
vn -0.000000 1.000000 0.000000
vn -0.000000 1.000000 0.000000
vn -0.000000 1.000000 0.000000
vn -0.000002 1.000000 0.000000
vn -0.000002 1.000000 0.000000
vn -0.000002 1.000000 0.000000
vn -0.000000 1.000000 0.000000
vn -0.000000 1.000000 0.000000
vn -0.000000 1.000000 0.000000
vn -0.000000 1.000000 0.000000
vn -0.000000 1.000000 0.000000
vn -0.000000 1.000000 0.000000
vn -0.000000 1.000000 0.000000
vn -0.000000 1.000000 0.000000
vn -0.000000 1.000000 0.000000
vn 0.000000 1.000000 0.000000
vn 0.000000 1.000000 0.000000
vn 0.000000 1.000000 0.000000
vn -1.000000 0.000000 0.000000
vn -1.000000 0.000000 0.000000
vn -1.000000 0.000000 0.000000
vn -1.000000 0.000000 -0.000000
vn -1.000000 0.000000 -0.000000
vn -1.000000 0.000000 -0.000000
vn -0.000000 0.000000 1.000000
vn -0.000000 0.000000 1.000000
vn -0.000000 0.000000 1.000000
vn -0.000000 0.000000 1.000000
vn -0.000000 0.000000 1.000000
vn -0.000000 0.000000 1.000000
vn 0.000000 0.000000 -1.000000
vn 0.000000 0.000000 -1.000000
vn 0.000000 0.000000 -1.000000
vn 0.000000 0.000000 -1.000000
vn 0.000000 0.000000 -1.000000
vn 0.000000 0.000000 -1.000000
vn -0.000000 0.000000 -1.000000
vn -0.000000 0.000000 -1.000000
vn -0.000000 0.000000 -1.000000
vn -0.000000 0.000000 -1.000000
vn -0.000000 0.000000 -1.000000
vn -0.000000 0.000000 -1.000000
vn -0.000000 0.000000 -1.000000
vn -0.000000 0.000000 -1.000000
vn -0.000000 0.000000 -1.000000
vn -0.000000 0.000000 -1.000000
vn -0.000000 0.000000 -1.000000
vn -0.000000 0.000000 -1.000000
vn 0.000000 0.000000 -1.000000
vn 0.000000 0.000000 -1.000000
vn 0.000000 0.000000 -1.000000
vn -0.000000 0.000000 -1.000000
vn -0.000000 0.000000 -1.000000
vn -0.000000 0.000000 -1.000000
vn 0.000000 0.000000 -1.000000
vn 0.000000 0.000000 -1.000000
vn 0.000000 0.000000 -1.000000
vn -0.000000 0.000000 -1.000000
vn -0.000000 0.000000 -1.000000
vn -0.000000 0.000000 -1.000000
vn 0.000000 -0.000001 -1.000000
vn 0.000000 -0.000001 -1.000000
vn 0.000000 -0.000001 -1.000000
vn -0.000000 0.000000 -1.000000
vn -0.000000 0.000000 -1.000000
vn -0.000000 0.000000 -1.000000
vn -0.923879 -0.382685 0.000000
vn -0.923879 -0.382685 0.000000
vn -0.923879 -0.382685 0.000000
vn -0.923880 -0.382683 0.000000
vn -0.923880 -0.382683 0.000000
vn -0.923880 -0.382683 0.000000
vn -0.382684 -0.923879 0.000000
vn -0.382684 -0.923879 0.000000
vn -0.382684 -0.923879 0.000000
vn -0.382683 -0.923880 0.000000
vn -0.382683 -0.923880 0.000000
vn -0.382683 -0.923880 0.000000
vn 0.382683 -0.923880 0.000000
vn 0.382683 -0.923880 0.000000
vn 0.382683 -0.923880 0.000000
vn 0.382684 -0.923879 0.000000
vn 0.382684 -0.923879 0.000000
vn 0.382684 -0.923879 0.000000
vn 0.923879 -0.382684 0.000000
vn 0.923879 -0.382684 0.000000
vn 0.923879 -0.382684 0.000000
vn 0.923879 -0.382684 0.000000
vn 0.923879 -0.382684 0.000000
vn 0.923879 -0.382684 0.000000
vn 0.923879 0.382684 0.000000
vn 0.923879 0.382684 0.000000
vn 0.923879 0.382684 0.000000
vn 0.923880 0.382683 0.000000
vn 0.923880 0.382683 0.000000
vn 0.923880 0.382683 0.000000
vn 0.382682 0.923880 0.000000
vn 0.382682 0.923880 0.000000
vn 0.382682 0.923880 0.000000
vn 0.382684 0.923879 0.000000
vn 0.382684 0.923879 0.000000
vn 0.382684 0.923879 0.000000
vn 0.000000 -0.000001 -1.000000
vn 0.000000 -0.000001 -1.000000
vn 0.000000 -0.000001 -1.000000
vn -0.382684 0.923879 0.000000
vn -0.382684 0.923879 0.000000
vn -0.382684 0.923879 0.000000
vn -0.382683 0.923880 0.000000
vn -0.382683 0.923880 0.000000
vn -0.382683 0.923880 0.000000
vn -0.923879 0.382684 0.000000
vn -0.923879 0.382684 0.000000
vn -0.923879 0.382684 0.000000
vn -0.923879 0.382684 0.000000
vn -0.923879 0.382684 0.000000
vn -0.923879 0.382684 0.000000
vn -0.923879 -0.382685 0.000000
vn -0.923879 -0.382685 0.000000
vn -0.923879 -0.382685 0.000000
vn -0.923880 -0.382681 0.000000
vn -0.923880 -0.382681 0.000000
vn -0.923880 -0.382681 0.000000
vn -0.382681 -0.923881 0.000000
vn -0.382681 -0.923881 0.000000
vn -0.382681 -0.923881 0.000000
vn -0.382684 -0.923879 0.000000
vn -0.382684 -0.923879 0.000000
vn -0.382684 -0.923879 0.000000
vn 0.382683 -0.923880 0.000000
vn 0.382683 -0.923880 0.000000
vn 0.382683 -0.923880 0.000000
vn 0.382682 -0.923880 0.000000
vn 0.382682 -0.923880 0.000000
vn 0.382682 -0.923880 0.000000
vn 0.923879 -0.382684 0.000000
vn 0.923879 -0.382684 0.000000
vn 0.923879 -0.382684 0.000000
vn 0.923880 -0.382683 0.000000
vn 0.923880 -0.382683 0.000000
vn 0.923880 -0.382683 0.000000
vn 0.923880 0.382683 0.000000
vn 0.923880 0.382683 0.000000
vn 0.923880 0.382683 0.000000
vn 0.923879 0.382685 0.000000
vn 0.923879 0.382685 0.000000
vn 0.923879 0.382685 0.000000
vn 0.382686 0.923878 0.000000
vn 0.382686 0.923878 0.000000
vn 0.382686 0.923878 0.000000
vn 0.382683 0.923880 0.000000
vn 0.382683 0.923880 0.000000
vn 0.382683 0.923880 0.000000
vn 0.000001 0.000000 -1.000000
vn 0.000001 0.000000 -1.000000
vn 0.000001 0.000000 -1.000000
vn -0.382683 0.923880 0.000000
vn -0.382683 0.923880 0.000000
vn -0.382683 0.923880 0.000000
vn -0.382685 0.923879 0.000000
vn -0.382685 0.923879 0.000000
vn -0.382685 0.923879 0.000000
vn -0.923879 0.382685 0.000000
vn -0.923879 0.382685 0.000000
vn -0.923879 0.382685 0.000000
vn -0.923880 0.382683 0.000000
vn -0.923880 0.382683 0.000000
vn -0.923880 0.382683 0.000000
vn 0.000001 -0.000007 -1.000000
vn 0.000001 -0.000007 -1.000000
vn 0.000001 -0.000007 -1.000000
vn -0.000001 0.000001 -1.000000
vn -0.000001 0.000001 -1.000000
vn -0.000001 0.000001 -1.000000
vn -0.000000 0.000000 -1.000000
vn -0.000000 0.000000 -1.000000
vn -0.000000 0.000000 -1.000000
vn -0.000000 -0.000002 -1.000000
vn -0.000000 -0.000002 -1.000000
vn -0.000000 -0.000002 -1.000000
vn -0.000001 -0.000009 -1.000000
vn -0.000001 -0.000009 -1.000000
vn -0.000001 -0.000009 -1.000000
vn -0.000001 0.000000 -1.000000
vn -0.000001 0.000000 -1.000000
vn -0.000001 0.000000 -1.000000
vn -0.000000 -0.000002 -1.000000
vn -0.000000 -0.000002 -1.000000
vn -0.000000 -0.000002 -1.000000
vn -0.000000 -0.000001 -1.000000
vn -0.000000 -0.000001 -1.000000
vn -0.000000 -0.000001 -1.000000
vn 0.000001 0.000000 -1.000000
vn 0.000001 0.000000 -1.000000
vn 0.000001 0.000000 -1.000000
vn -0.000000 -0.000001 -1.000000
vn -0.000000 -0.000001 -1.000000
vn -0.000000 -0.000001 -1.000000
vn -1.000000 0.000000 0.000000
vn -1.000000 0.000000 0.000000
vn -1.000000 0.000000 0.000000
vn -1.000000 0.000000 0.000000
vn -1.000000 0.000000 0.000000
vn -1.000000 0.000000 0.000000
vn -0.000000 0.000000 -1.000000
vn -0.000000 0.000000 -1.000000
vn -0.000000 0.000000 -1.000000
vn -0.000000 0.000000 -1.000000
vn -0.000000 0.000000 -1.000000
vn -0.000000 0.000000 -1.000000
vn 1.000000 0.000000 0.000000
vn 1.000000 0.000000 0.000000
vn 1.000000 0.000000 0.000000
vn 1.000000 0.000000 0.000000
vn 1.000000 0.000000 0.000000
vn 1.000000 0.000000 0.000000
vn -0.000000 -1.000000 0.000000
vn -0.000000 -1.000000 0.000000
vn -0.000000 -1.000000 0.000000
vn -0.000000 -1.000000 0.000000
vn -0.000000 -1.000000 0.000000
vn -0.000000 -1.000000 0.000000
vn -0.000000 1.000000 0.000000
vn -0.000000 1.000000 0.000000
vn -0.000000 1.000000 0.000000
vn -0.000000 1.000000 0.000000
vn -0.000000 1.000000 0.000000
vn -0.000000 1.000000 0.000000
vn -0.000000 1.000000 0.000000
vn -0.000000 1.000000 0.000000
vn -0.000000 1.000000 0.000000
vn 0.000001 1.000000 0.000000
vn 0.000001 1.000000 0.000000
vn 0.000001 1.000000 0.000000
vn -0.000000 1.000000 0.000000
vn -0.000000 1.000000 0.000000
vn -0.000000 1.000000 0.000000
vn -0.000000 1.000000 0.000000
vn -0.000000 1.000000 0.000000
vn -0.000000 1.000000 0.000000
vn -0.000000 1.000000 0.000000
vn -0.000000 1.000000 0.000000
vn -0.000000 1.000000 0.000000
vn 0.000001 1.000000 0.000000
vn 0.000001 1.000000 0.000000
vn 0.000001 1.000000 0.000000
vn -0.000000 0.000000 1.000000
vn -0.000000 0.000000 1.000000
vn -0.000000 0.000000 1.000000
vn -0.000000 0.000000 1.000000
vn -0.000000 0.000000 1.000000
vn -0.000000 0.000000 1.000000
vn 0.000000 0.000000 -1.000000
vn 0.000000 0.000000 -1.000000
vn 0.000000 0.000000 -1.000000
vn 0.000000 0.000000 -1.000000
vn 0.000000 0.000000 -1.000000
vn 0.000000 0.000000 -1.000000
vn -1.000000 0.000000 0.000000
vn -1.000000 0.000000 0.000000
vn -1.000000 0.000000 0.000000
vn -1.000000 0.000000 0.000000
vn -1.000000 0.000000 0.000000
vn -1.000000 0.000000 0.000000
vn -0.000000 0.000000 1.000000
vn -0.000000 0.000000 1.000000
vn -0.000000 0.000000 1.000000
vn -0.000000 0.000000 1.000000
vn -0.000000 0.000000 1.000000
vn -0.000000 0.000000 1.000000
vn -0.000000 1.000000 0.000000
vn -0.000000 1.000000 0.000000
vn -0.000000 1.000000 0.000000
vn -0.000000 1.000000 0.000000
vn -0.000000 1.000000 0.000000
vn -0.000000 1.000000 0.000000
vn -0.000000 1.000000 0.000000
vn -0.000000 1.000000 0.000000
vn -0.000000 1.000000 0.000000
vn 0.000002 1.000000 0.000000
vn 0.000002 1.000000 0.000000
vn 0.000002 1.000000 0.000000
vn 0.000000 1.000000 0.000000
vn 0.000000 1.000000 0.000000
vn 0.000000 1.000000 0.000000
vn -0.000000 1.000000 0.000000
vn -0.000000 1.000000 0.000000
vn -0.000000 1.000000 0.000000
vn -0.000000 1.000000 0.000000
vn -0.000000 1.000000 0.000000
vn -0.000000 1.000000 0.000000
vn -0.000002 1.000000 0.000000
vn -0.000002 1.000000 0.000000
vn -0.000002 1.000000 0.000000
vn 1.000000 0.000000 0.000000
vn 1.000000 0.000000 0.000000
vn 1.000000 0.000000 0.000000
vn 1.000000 0.000000 0.000000
vn 1.000000 0.000000 0.000000
vn 1.000000 0.000000 0.000000
vn 0.000000 0.000000 -1.000000
vn 0.000000 0.000000 -1.000000
vn 0.000000 0.000000 -1.000000
vn 0.000000 0.000000 -1.000000
vn 0.000000 0.000000 -1.000000
vn 0.000000 0.000000 -1.000000
vn -1.000000 0.000000 -0.000000
vn -1.000000 0.000000 -0.000000
vn -1.000000 0.000000 -0.000000
vn -1.000000 0.000000 -0.000000
vn -1.000000 0.000000 -0.000000
vn -1.000000 0.000000 -0.000000
vn 1.000000 0.000000 0.000000
vn 1.000000 0.000000 0.000000
vn 1.000000 0.000000 0.000000
vn 1.000000 0.000000 0.000000
vn 1.000000 0.000000 0.000000
vn 1.000000 0.000000 0.000000
vn -0.000000 1.000000 0.000000
vn -0.000000 1.000000 0.000000
vn -0.000000 1.000000 0.000000
vn -0.000000 1.000000 0.000000
vn -0.000000 1.000000 0.000000
vn -0.000000 1.000000 0.000000
vn -1.000000 0.000000 -0.000000
vn -1.000000 0.000000 -0.000000
vn -1.000000 0.000000 -0.000000
vn -1.000000 0.000000 -0.000000
vn -1.000000 0.000000 -0.000000
vn -1.000000 0.000000 -0.000000
vn -0.000000 1.000000 0.000000
vn -0.000000 1.000000 0.000000
vn -0.000000 1.000000 0.000000
vn -0.000000 1.000000 0.000000
vn -0.000000 1.000000 0.000000
vn -0.000000 1.000000 0.000000
vn 0.000000 0.000000 -1.000000
vn 0.000000 0.000000 -1.000000
vn 0.000000 0.000000 -1.000000
vn 0.000000 0.000000 -1.000000
vn 0.000000 0.000000 -1.000000
vn 0.000000 0.000000 -1.000000
vn -0.000000 0.000000 1.000000
vn -0.000000 0.000000 1.000000
vn -0.000000 0.000000 1.000000
vn -0.000000 0.000000 1.000000
vn -0.000000 0.000000 1.000000
vn -0.000000 0.000000 1.000000
vn -0.000000 -1.000000 0.000000
vn -0.000000 -1.000000 0.000000
vn -0.000000 -1.000000 0.000000
vn -0.000000 -1.000000 0.000000
vn -0.000000 -1.000000 0.000000
vn -0.000000 -1.000000 0.000000
vn 1.000000 0.000000 0.000000
vn 1.000000 0.000000 0.000000
vn 1.000000 0.000000 0.000000
vn 1.000000 0.000000 0.000000
vn 1.000000 0.000000 0.000000
vn 1.000000 0.000000 0.000000
vn -0.000000 -1.000000 0.000000
vn -0.000000 -1.000000 0.000000
vn -0.000000 -1.000000 0.000000
vn -0.000000 -1.000000 0.000000
vn -0.000000 -1.000000 0.000000
vn -0.000000 -1.000000 0.000000
vn -0.000000 1.000000 0.000000
vn -0.000000 1.000000 0.000000
vn -0.000000 1.000000 0.000000
vn -0.000000 1.000000 0.000000
vn -0.000000 1.000000 0.000000
vn -0.000000 1.000000 0.000000
vn -1.000000 0.000000 0.000000
vn -1.000000 0.000000 0.000000
vn -1.000000 0.000000 0.000000
vn -1.000000 0.000000 0.000000
vn -1.000000 0.000000 0.000000
vn -1.000000 0.000000 0.000000
vn 1.000000 0.000000 0.000000
vn 1.000000 0.000000 0.000000
vn 1.000000 0.000000 0.000000
vn 1.000000 0.000000 -0.000000
vn 1.000000 0.000000 -0.000000
vn 1.000000 0.000000 -0.000000
vn -0.000000 -1.000000 0.000000
vn -0.000000 -1.000000 0.000000
vn -0.000000 -1.000000 0.000000
vn -0.000000 -1.000000 0.000000
vn -0.000000 -1.000000 0.000000
vn -0.000000 -1.000000 0.000000
vn -0.000000 0.000000 -1.000000
vn -0.000000 0.000000 -1.000000
vn -0.000000 0.000000 -1.000000
vn -0.000000 0.000000 -1.000000
vn -0.000000 0.000000 -1.000000
vn -0.000000 0.000000 -1.000000
vn -0.000000 1.000000 0.000000
vn -0.000000 1.000000 0.000000
vn -0.000000 1.000000 0.000000
vn -0.000000 1.000000 0.000000
vn -0.000000 1.000000 0.000000
vn -0.000000 1.000000 0.000000
vn 0.000000 0.000000 1.000000
vn 0.000000 0.000000 1.000000
vn 0.000000 0.000000 1.000000
vn 0.000000 0.000000 1.000000
vn 0.000000 0.000000 1.000000
vn 0.000000 0.000000 1.000000
vn -0.000000 0.000000 -1.000000
vn -0.000000 0.000000 -1.000000
vn -0.000000 0.000000 -1.000000
vn -0.000000 0.000000 -1.000000
vn -0.000000 0.000000 -1.000000
vn -0.000000 0.000000 -1.000000
vn -0.000000 -1.000000 0.000000
vn -0.000000 -1.000000 0.000000
vn -0.000000 -1.000000 0.000000
vn -0.000000 -1.000000 0.000000
vn -0.000000 -1.000000 0.000000
vn -0.000000 -1.000000 0.000000
vn -1.000000 0.000000 0.000000
vn -1.000000 0.000000 0.000000
vn -1.000000 0.000000 0.000000
vn -1.000000 0.000000 0.000000
vn -1.000000 0.000000 0.000000
vn -1.000000 0.000000 0.000000
vn -0.000000 1.000000 0.000000
vn -0.000000 1.000000 0.000000
vn -0.000000 1.000000 0.000000
vn -0.000000 1.000000 0.000000
vn -0.000000 1.000000 0.000000
vn -0.000000 1.000000 0.000000
vn 1.000000 0.000000 -0.000001
vn 1.000000 0.000000 -0.000001
vn 1.000000 0.000000 -0.000001
vn 1.000000 0.000000 -0.000000
vn 1.000000 0.000000 -0.000000
vn 1.000000 0.000000 -0.000000
vn -1.000000 0.000000 0.000000
vn -1.000000 0.000000 0.000000
vn -1.000000 0.000000 0.000000
vn -1.000000 0.000000 0.000000
vn -1.000000 0.000000 0.000000
vn -1.000000 0.000000 0.000000
vn -0.000000 -1.000000 0.000000
vn -0.000000 -1.000000 0.000000
vn -0.000000 -1.000000 0.000000
vn -0.000000 -1.000000 0.000000
vn -0.000000 -1.000000 0.000000
vn -0.000000 -1.000000 0.000000
vn -0.000000 0.000000 1.000000
vn -0.000000 0.000000 1.000000
vn -0.000000 0.000000 1.000000
vn -0.000000 0.000000 1.000000
vn -0.000000 0.000000 1.000000
vn -0.000000 0.000000 1.000000
vn 0.000001 1.000000 0.000000
vn 0.000001 1.000000 0.000000
vn 0.000001 1.000000 0.000000
vn -0.000000 1.000000 0.000000
vn -0.000000 1.000000 0.000000
vn -0.000000 1.000000 0.000000
vn -0.000001 0.000000 -1.000000
vn -0.000001 0.000000 -1.000000
vn -0.000001 0.000000 -1.000000
vn -0.000001 0.000000 -1.000000
vn -0.000001 0.000000 -1.000000
vn -0.000001 0.000000 -1.000000
vn 0.000001 0.000000 1.000000
vn 0.000001 0.000000 1.000000
vn 0.000001 0.000000 1.000000
vn 0.000001 0.000000 1.000000
vn 0.000001 0.000000 1.000000
vn 0.000001 0.000000 1.000000
vn -0.000000 -1.000000 0.000000
vn -0.000000 -1.000000 0.000000
vn -0.000000 -1.000000 0.000000
vn -0.000000 -1.000000 0.000000
vn -0.000000 -1.000000 0.000000
vn -0.000000 -1.000000 0.000000
vn 1.000000 0.000000 0.000000
vn 1.000000 0.000000 0.000000
vn 1.000000 0.000000 0.000000
vn 1.000000 0.000000 0.000000
vn 1.000000 0.000000 0.000000
vn 1.000000 0.000000 0.000000
vn -0.000000 -1.000000 0.000000
vn -0.000000 -1.000000 0.000000
vn -0.000000 -1.000000 0.000000
vn -0.000000 -1.000000 0.000000
vn -0.000000 -1.000000 0.000000
vn -0.000000 -1.000000 0.000000
vn 1.000000 0.000000 0.000000
vn 1.000000 0.000000 0.000000
vn 1.000000 0.000000 0.000000
vn 1.000000 0.000000 0.000000
vn 1.000000 0.000000 0.000000
vn 1.000000 0.000000 0.000000
vn -1.000000 0.000000 0.000000
vn -1.000000 0.000000 0.000000
vn -1.000000 0.000000 0.000000
vn -1.000000 0.000000 -0.000000
vn -1.000000 0.000000 -0.000000
vn -1.000000 0.000000 -0.000000
vn -0.000000 1.000000 0.000000
vn -0.000000 1.000000 0.000000
vn -0.000000 1.000000 0.000000
vn -0.000000 1.000000 0.000000
vn -0.000000 1.000000 0.000000
vn -0.000000 1.000000 0.000000
vn -0.000000 0.000000 -1.000000
vn -0.000000 0.000000 -1.000000
vn -0.000000 0.000000 -1.000000
vn -0.000000 0.000000 -1.000000
vn -0.000000 0.000000 -1.000000
vn -0.000000 0.000000 -1.000000
vn -0.000000 -1.000000 0.000000
vn -0.000000 -1.000000 0.000000
vn -0.000000 -1.000000 0.000000
vn -0.000000 -1.000000 0.000000
vn -0.000000 -1.000000 0.000000
vn -0.000000 -1.000000 0.000000
vn -0.000000 0.000000 1.000000
vn -0.000000 0.000000 1.000000
vn -0.000000 0.000000 1.000000
vn -0.000000 0.000000 1.000000
vn -0.000000 0.000000 1.000000
vn -0.000000 0.000000 1.000000
vn 0.000000 0.000000 -1.000000
vn 0.000000 0.000000 -1.000000
vn 0.000000 0.000000 -1.000000
vn 0.000000 0.000000 -1.000000
vn 0.000000 0.000000 -1.000000
vn 0.000000 0.000000 -1.000000
vn -0.000000 1.000000 0.000000
vn -0.000000 1.000000 0.000000
vn -0.000000 1.000000 0.000000
vn -0.000000 1.000000 0.000000
vn -0.000000 1.000000 0.000000
vn -0.000000 1.000000 0.000000
vn 1.000000 0.000000 0.000000
vn 1.000000 0.000000 0.000000
vn 1.000000 0.000000 0.000000
vn 1.000000 0.000000 0.000000
vn 1.000000 0.000000 0.000000
vn 1.000000 0.000000 0.000000
vn -0.000000 -1.000000 0.000000
vn -0.000000 -1.000000 0.000000
vn -0.000000 -1.000000 0.000000
vn -0.000000 -1.000000 0.000000
vn -0.000000 -1.000000 0.000000
vn -0.000000 -1.000000 0.000000
vn -1.000000 0.000000 -0.000001
vn -1.000000 0.000000 -0.000001
vn -1.000000 0.000000 -0.000001
vn -1.000000 0.000000 0.000000
vn -1.000000 0.000000 0.000000
vn -1.000000 0.000000 0.000000
vn 1.000000 0.000000 0.000001
vn 1.000000 0.000000 0.000001
vn 1.000000 0.000000 0.000001
vn 1.000000 0.000000 0.000000
vn 1.000000 0.000000 0.000000
vn 1.000000 0.000000 0.000000
vn -0.000000 1.000000 0.000000
vn -0.000000 1.000000 0.000000
vn -0.000000 1.000000 0.000000
vn -0.000000 1.000000 0.000000
vn -0.000000 1.000000 0.000000
vn -0.000000 1.000000 0.000000
vn -0.000000 0.000000 1.000000
vn -0.000000 0.000000 1.000000
vn -0.000000 0.000000 1.000000
vn -0.000000 0.000000 1.000000
vn -0.000000 0.000000 1.000000
vn -0.000000 0.000000 1.000000
vn -0.000001 -1.000000 0.000000
vn -0.000001 -1.000000 0.000000
vn -0.000001 -1.000000 0.000000
vn 0.000001 -1.000000 0.000000
vn 0.000001 -1.000000 0.000000
vn 0.000001 -1.000000 0.000000
vn 0.000001 0.000000 -1.000000
vn 0.000001 0.000000 -1.000000
vn 0.000001 0.000000 -1.000000
vn 0.000001 0.000000 -1.000000
vn 0.000001 0.000000 -1.000000
vn 0.000001 0.000000 -1.000000
vn -0.000001 0.000000 1.000000
vn -0.000001 0.000000 1.000000
vn -0.000001 0.000000 1.000000
vn -0.000001 0.000000 1.000000
vn -0.000001 0.000000 1.000000
vn -0.000001 0.000000 1.000000
vn -0.000000 1.000000 0.000000
vn -0.000000 1.000000 0.000000
vn -0.000000 1.000000 0.000000
vn -0.000000 1.000000 0.000000
vn -0.000000 1.000000 0.000000
vn -0.000000 1.000000 0.000000
vn -1.000000 0.000000 0.000000
vn -1.000000 0.000000 0.000000
vn -1.000000 0.000000 0.000000
vn -1.000000 0.000000 0.000000
vn -1.000000 0.000000 0.000000
vn -1.000000 0.000000 0.000000
vn -0.000000 1.000000 0.000000
vn -0.000000 1.000000 0.000000
vn -0.000000 1.000000 0.000000
vn -0.000000 1.000000 0.000000
vn -0.000000 1.000000 0.000000
vn -0.000000 1.000000 0.000000
vn 1.000000 0.000000 -0.000000
vn 1.000000 0.000000 -0.000000
vn 1.000000 0.000000 -0.000000
vn 1.000000 0.000000 -0.000000
vn 1.000000 0.000000 -0.000000
vn 1.000000 0.000000 -0.000000
vn -1.000000 0.000000 0.000000
vn -1.000000 0.000000 0.000000
vn -1.000000 0.000000 0.000000
vn -1.000000 0.000000 0.000000
vn -1.000000 0.000000 0.000000
vn -1.000000 0.000000 0.000000
vn -0.000000 -1.000000 0.000000
vn -0.000000 -1.000000 0.000000
vn -0.000000 -1.000000 0.000000
vn -0.000000 -1.000000 0.000000
vn -0.000000 -1.000000 0.000000
vn -0.000000 -1.000000 0.000000
vn -0.000000 0.000000 1.000000
vn -0.000000 0.000000 1.000000
vn -0.000000 0.000000 1.000000
vn -0.000000 0.000000 1.000000
vn -0.000000 0.000000 1.000000
vn -0.000000 0.000000 1.000000
vn -0.000000 1.000000 0.000000
vn -0.000000 1.000000 0.000000
vn -0.000000 1.000000 0.000000
vn -0.000000 1.000000 0.000000
vn -0.000000 1.000000 0.000000
vn -0.000000 1.000000 0.000000
vn -0.000000 0.000000 -1.000000
vn -0.000000 0.000000 -1.000000
vn -0.000000 0.000000 -1.000000
vn -0.000000 0.000000 -1.000000
vn -0.000000 0.000000 -1.000000
vn -0.000000 0.000000 -1.000000
vn 0.000000 0.000000 1.000000
vn 0.000000 0.000000 1.000000
vn 0.000000 0.000000 1.000000
vn 0.000000 0.000000 1.000000
vn 0.000000 0.000000 1.000000
vn 0.000000 0.000000 1.000000
vn -0.000000 -1.000000 0.000000
vn -0.000000 -1.000000 0.000000
vn -0.000000 -1.000000 0.000000
vn -0.000000 -1.000000 0.000000
vn -0.000000 -1.000000 0.000000
vn -0.000000 -1.000000 0.000000
vn 1.000000 0.000000 0.000000
vn 1.000000 0.000000 0.000000
vn 1.000000 0.000000 0.000000
vn 1.000000 0.000000 0.000000
vn 1.000000 0.000000 0.000000
vn 1.000000 0.000000 0.000000
vn -0.000000 1.000000 0.000000
vn -0.000000 1.000000 0.000000
vn -0.000000 1.000000 0.000000
vn -0.000000 1.000000 0.000000
vn -0.000000 1.000000 0.000000
vn -0.000000 1.000000 0.000000
vn -1.000000 0.000000 0.000001
vn -1.000000 0.000000 0.000001
vn -1.000000 0.000000 0.000001
vn -1.000000 0.000000 0.000000
vn -1.000000 0.000000 0.000000
vn -1.000000 0.000000 0.000000
vn 1.000000 0.000000 -0.000000
vn 1.000000 0.000000 -0.000000
vn 1.000000 0.000000 -0.000000
vn 1.000000 0.000000 -0.000000
vn 1.000000 0.000000 -0.000000
vn 1.000000 0.000000 -0.000000
vn -0.000000 -1.000000 0.000000
vn -0.000000 -1.000000 0.000000
vn -0.000000 -1.000000 0.000000
vn -0.000000 -1.000000 0.000000
vn -0.000000 -1.000000 0.000000
vn -0.000000 -1.000000 0.000000
vn -0.000000 0.000000 -1.000000
vn -0.000000 0.000000 -1.000000
vn -0.000000 0.000000 -1.000000
vn -0.000000 0.000000 -1.000000
vn -0.000000 0.000000 -1.000000
vn -0.000000 0.000000 -1.000000
vn -0.000001 1.000000 0.000000
vn -0.000001 1.000000 0.000000
vn -0.000001 1.000000 0.000000
vn 0.000001 1.000000 0.000000
vn 0.000001 1.000000 0.000000
vn 0.000001 1.000000 0.000000
vn 0.000001 0.000000 1.000000
vn 0.000001 0.000000 1.000000
vn 0.000001 0.000000 1.000000
vn 0.000001 0.000000 1.000000
vn 0.000001 0.000000 1.000000
vn 0.000001 0.000000 1.000000
vn -0.000001 0.000000 -1.000000
vn -0.000001 0.000000 -1.000000
vn -0.000001 0.000000 -1.000000
vn -0.000001 0.000000 -1.000000
vn -0.000001 0.000000 -1.000000
vn -0.000001 0.000000 -1.000000
vn -0.000000 -1.000000 0.000000
vn -0.000000 -1.000000 0.000000
vn -0.000000 -1.000000 0.000000
vn -0.000000 -1.000000 0.000000
vn -0.000000 -1.000000 0.000000
vn -0.000000 -1.000000 0.000000
vn -1.000000 0.000000 0.000000
vn -1.000000 0.000000 0.000000
vn -1.000000 0.000000 0.000000
vn -1.000000 0.000000 0.000000
vn -1.000000 0.000000 0.000000
vn -1.000000 0.000000 0.000000
vn -0.000000 -1.000000 0.000000
vn -0.000000 -1.000000 0.000000
vn -0.000000 -1.000000 0.000000
vn -0.000000 -1.000000 0.000000
vn -0.000000 -1.000000 0.000000
vn -0.000000 -1.000000 0.000000
vn -1.000000 0.000000 -0.000000
vn -1.000000 0.000000 -0.000000
vn -1.000000 0.000000 -0.000000
vn -1.000000 0.000000 -0.000000
vn -1.000000 0.000000 -0.000000
vn -1.000000 0.000000 -0.000000
vn 1.000000 0.000000 0.000000
vn 1.000000 0.000000 0.000000
vn 1.000000 0.000000 0.000000
vn 1.000000 0.000000 0.000000
vn 1.000000 0.000000 0.000000
vn 1.000000 0.000000 0.000000
vn -0.000000 1.000000 0.000000
vn -0.000000 1.000000 0.000000
vn -0.000000 1.000000 0.000000
vn -0.000000 1.000000 0.000000
vn -0.000000 1.000000 0.000000
vn -0.000000 1.000000 0.000000
vn -0.000000 0.000000 1.000000
vn -0.000000 0.000000 1.000000
vn -0.000000 0.000000 1.000000
vn -0.000000 0.000000 1.000000
vn -0.000000 0.000000 1.000000
vn -0.000000 0.000000 1.000000
vn -0.000000 -1.000000 0.000000
vn -0.000000 -1.000000 0.000000
vn -0.000000 -1.000000 0.000000
vn -0.000000 -1.000000 0.000000
vn -0.000000 -1.000000 0.000000
vn -0.000000 -1.000000 0.000000
vn 0.000000 0.000000 -1.000000
vn 0.000000 0.000000 -1.000000
vn 0.000000 0.000000 -1.000000
vn 0.000000 0.000000 -1.000000
vn 0.000000 0.000000 -1.000000
vn 0.000000 0.000000 -1.000000
vn -0.000000 0.000000 1.000000
vn -0.000000 0.000000 1.000000
vn -0.000000 0.000000 1.000000
vn -0.000000 0.000000 1.000000
vn -0.000000 0.000000 1.000000
vn -0.000000 0.000000 1.000000
vn -0.000000 1.000000 0.000000
vn -0.000000 1.000000 0.000000
vn -0.000000 1.000000 0.000000
vn -0.000000 1.000000 0.000000
vn -0.000000 1.000000 0.000000
vn -0.000000 1.000000 0.000000
vn -1.000000 0.000000 0.000000
vn -1.000000 0.000000 0.000000
vn -1.000000 0.000000 0.000000
vn -1.000000 0.000000 0.000000
vn -1.000000 0.000000 0.000000
vn -1.000000 0.000000 0.000000
vn -0.000000 -1.000000 0.000000
vn -0.000000 -1.000000 0.000000
vn -0.000000 -1.000000 0.000000
vn -0.000000 -1.000000 0.000000
vn -0.000000 -1.000000 0.000000
vn -0.000000 -1.000000 0.000000
vn 1.000000 0.000000 0.000001
vn 1.000000 0.000000 0.000001
vn 1.000000 0.000000 0.000001
vn 1.000000 0.000000 0.000000
vn 1.000000 0.000000 0.000000
vn 1.000000 0.000000 0.000000
vn -1.000000 0.000000 -0.000001
vn -1.000000 0.000000 -0.000001
vn -1.000000 0.000000 -0.000001
vn -1.000000 0.000000 -0.000000
vn -1.000000 0.000000 -0.000000
vn -1.000000 0.000000 -0.000000
vn -0.000000 1.000000 0.000000
vn -0.000000 1.000000 0.000000
vn -0.000000 1.000000 0.000000
vn -0.000000 1.000000 0.000000
vn -0.000000 1.000000 0.000000
vn -0.000000 1.000000 0.000000
vn -0.000000 0.000000 -1.000000
vn -0.000000 0.000000 -1.000000
vn -0.000000 0.000000 -1.000000
vn -0.000000 0.000000 -1.000000
vn -0.000000 0.000000 -1.000000
vn -0.000000 0.000000 -1.000000
vn -0.000000 -1.000000 0.000000
vn -0.000000 -1.000000 0.000000
vn -0.000000 -1.000000 0.000000
vn -0.000000 -1.000000 0.000000
vn -0.000000 -1.000000 0.000000
vn -0.000000 -1.000000 0.000000
vn -0.000001 0.000000 1.000000
vn -0.000001 0.000000 1.000000
vn -0.000001 0.000000 1.000000
vn -0.000001 0.000000 1.000000
vn -0.000001 0.000000 1.000000
vn -0.000001 0.000000 1.000000
vn 0.000001 0.000000 -1.000000
vn 0.000001 0.000000 -1.000000
vn 0.000001 0.000000 -1.000000
vn 0.000001 0.000000 -1.000000
vn 0.000001 0.000000 -1.000000
vn 0.000001 0.000000 -1.000000
vn -0.000000 1.000000 0.000000
vn -0.000000 1.000000 0.000000
vn -0.000000 1.000000 0.000000
vn -0.000000 1.000000 0.000000
vn -0.000000 1.000000 0.000000
vn -0.000000 1.000000 0.000000
vn 1.000000 0.000000 0.000000
vn 1.000000 0.000000 0.000000
vn 1.000000 0.000000 0.000000
vn 1.000000 0.000000 0.000000
vn 1.000000 0.000000 0.000000
vn 1.000000 0.000000 0.000000
vn -1.000000 0.000000 0.000000
vn -1.000000 0.000000 0.000000
vn -1.000000 0.000000 0.000000
vn -1.000000 0.000000 -0.000000
vn -1.000000 0.000000 -0.000000
vn -1.000000 0.000000 -0.000000
vn 1.000000 0.000000 0.000000
vn 1.000000 0.000000 0.000000
vn 1.000000 0.000000 0.000000
vn 1.000000 0.000000 0.000000
vn 1.000000 0.000000 0.000000
vn 1.000000 0.000000 0.000000
vn 0.000000 0.000000 -1.000000
vn 0.000000 0.000000 -1.000000
vn 0.000000 0.000000 -1.000000
vn 0.000000 0.000000 -1.000000
vn 0.000000 0.000000 -1.000000
vn 0.000000 0.000000 -1.000000
vn 0.000000 1.000000 0.000000
vn 0.000000 1.000000 0.000000
vn 0.000000 1.000000 0.000000
vn -0.000000 1.000000 0.000000
vn -0.000000 1.000000 0.000000
vn -0.000000 1.000000 0.000000
vn -0.000000 -1.000000 0.000000
vn -0.000000 -1.000000 0.000000
vn -0.000000 -1.000000 0.000000
vn 0.000000 -1.000000 0.000000
vn 0.000000 -1.000000 0.000000
vn 0.000000 -1.000000 0.000000
vn -0.000000 1.000000 0.000000
vn -0.000000 1.000000 0.000000
vn -0.000000 1.000000 0.000000
vn -0.000000 1.000000 0.000000
vn -0.000000 1.000000 0.000000
vn -0.000000 1.000000 0.000000
vn -0.000000 1.000000 0.000000
vn -0.000000 1.000000 0.000000
vn -0.000000 1.000000 0.000000
vn 0.000000 1.000000 0.000000
vn 0.000000 1.000000 0.000000
vn 0.000000 1.000000 0.000000
vn -0.000000 1.000000 0.000000
vn -0.000000 1.000000 0.000000
vn -0.000000 1.000000 0.000000
vn 0.000001 1.000000 0.000000
vn 0.000001 1.000000 0.000000
vn 0.000001 1.000000 0.000000
vn -0.000000 1.000000 0.000000
vn -0.000000 1.000000 0.000000
vn -0.000000 1.000000 0.000000
vn 0.000000 1.000000 0.000000
vn 0.000000 1.000000 0.000000
vn 0.000000 1.000000 0.000000
vn -0.000001 1.000000 0.000000
vn -0.000001 1.000000 0.000000
vn -0.000001 1.000000 0.000000
vn -0.000000 1.000000 0.000000
vn -0.000000 1.000000 0.000000
vn -0.000000 1.000000 0.000000
vn 0.000000 1.000000 0.000000
vn 0.000000 1.000000 0.000000
vn 0.000000 1.000000 0.000000
vn 0.000001 1.000000 0.000000
vn 0.000001 1.000000 0.000000
vn 0.000001 1.000000 0.000000
vn 0.000000 1.000000 0.000000
vn 0.000000 1.000000 0.000000
vn 0.000000 1.000000 0.000000
vn 0.000000 1.000000 0.000000
vn 0.000000 1.000000 0.000000
vn 0.000000 1.000000 0.000000
vn -0.000001 1.000000 0.000000
vn -0.000001 1.000000 0.000000
vn -0.000001 1.000000 0.000000
vn -0.000000 1.000000 0.000000
vn -0.000000 1.000000 0.000000
vn -0.000000 1.000000 0.000000
vn -0.000001 1.000000 0.000000
vn -0.000001 1.000000 0.000000
vn -0.000001 1.000000 0.000000
vn 0.000001 1.000000 0.000000
vn 0.000001 1.000000 0.000000
vn 0.000001 1.000000 0.000000
vn -0.923879 -0.382685 0.000000
vn -0.923879 -0.382685 0.000000
vn -0.923879 -0.382685 0.000000
vn -0.923880 -0.382683 0.000000
vn -0.923880 -0.382683 0.000000
vn -0.923880 -0.382683 0.000000
vn -0.382684 -0.923879 0.000000
vn -0.382684 -0.923879 0.000000
vn -0.382684 -0.923879 0.000000
vn -0.382683 -0.923880 0.000000
vn -0.382683 -0.923880 0.000000
vn -0.382683 -0.923880 0.000000
vn 0.382683 -0.923880 0.000000
vn 0.382683 -0.923880 0.000000
vn 0.382683 -0.923880 0.000000
vn 0.382684 -0.923879 0.000000
vn 0.382684 -0.923879 0.000000
vn 0.382684 -0.923879 0.000000
vn 0.923879 -0.382684 0.000001
vn 0.923879 -0.382684 0.000001
vn 0.923879 -0.382684 0.000001
vn 0.923879 -0.382684 0.000000
vn 0.923879 -0.382684 0.000000
vn 0.923879 -0.382684 0.000000
vn 0.923879 0.382684 0.000001
vn 0.923879 0.382684 0.000001
vn 0.923879 0.382684 0.000001
vn 0.923880 0.382683 0.000000
vn 0.923880 0.382683 0.000000
vn 0.923880 0.382683 0.000000
vn 0.382682 0.923880 0.000001
vn 0.382682 0.923880 0.000001
vn 0.382682 0.923880 0.000001
vn 0.382684 0.923879 0.000000
vn 0.382684 0.923879 0.000000
vn 0.382684 0.923879 0.000000
vn 0.000000 -0.000001 -1.000000
vn 0.000000 -0.000001 -1.000000
vn 0.000000 -0.000001 -1.000000
vn -0.382685 0.923879 0.000000
vn -0.382685 0.923879 0.000000
vn -0.382685 0.923879 0.000000
vn -0.382683 0.923880 0.000000
vn -0.382683 0.923880 0.000000
vn -0.382683 0.923880 0.000000
vn -0.923879 0.382684 0.000000
vn -0.923879 0.382684 0.000000
vn -0.923879 0.382684 0.000000
vn -0.923879 0.382684 0.000000
vn -0.923879 0.382684 0.000000
vn -0.923879 0.382684 0.000000
vn -0.000001 0.000000 -1.000000
vn -0.000001 0.000000 -1.000000
vn -0.000001 0.000000 -1.000000
vn -0.000000 -0.000002 -1.000000
vn -0.000000 -0.000002 -1.000000
vn -0.000000 -0.000002 -1.000000
vn -0.000000 0.000001 -1.000000
vn -0.000000 0.000001 -1.000000
vn -0.000000 0.000001 -1.000000
vn 0.000001 -0.000000 -1.000000
vn 0.000001 -0.000000 -1.000000
vn 0.000001 -0.000000 -1.000000
vn -0.000000 -0.000001 -1.000000
vn -0.000000 -0.000001 -1.000000
vn -0.000000 -0.000001 -1.000000
vn -1.000000 0.000000 0.000000
vn -1.000000 0.000000 0.000000
vn -1.000000 0.000000 0.000000
vn -1.000000 0.000000 -0.000000
vn -1.000000 0.000000 -0.000000
vn -1.000000 0.000000 -0.000000
vn -0.000000 0.000000 -1.000000
vn -0.000000 0.000000 -1.000000
vn -0.000000 0.000000 -1.000000
vn -0.000000 0.000000 -1.000000
vn -0.000000 0.000000 -1.000000
vn -0.000000 0.000000 -1.000000
vn 1.000000 0.000000 0.000000
vn 1.000000 0.000000 0.000000
vn 1.000000 0.000000 0.000000
vn 1.000000 0.000000 0.000000
vn 1.000000 0.000000 0.000000
vn 1.000000 0.000000 0.000000
vn -0.000000 -1.000000 0.000000
vn -0.000000 -1.000000 0.000000
vn -0.000000 -1.000000 0.000000
vn -0.000000 -1.000000 0.000000
vn -0.000000 -1.000000 0.000000
vn -0.000000 -1.000000 0.000000
vn -0.000000 1.000000 0.000000
vn -0.000000 1.000000 0.000000
vn -0.000000 1.000000 0.000000
vn -0.000000 1.000000 0.000000
vn -0.000000 1.000000 0.000000
vn -0.000000 1.000000 0.000000
vn -0.923879 -0.382685 0.000000
vn -0.923879 -0.382685 0.000000
vn -0.923879 -0.382685 0.000000
vn -0.923880 -0.382683 0.000000
vn -0.923880 -0.382683 0.000000
vn -0.923880 -0.382683 0.000000
vn -0.382684 -0.923879 0.000000
vn -0.382684 -0.923879 0.000000
vn -0.382684 -0.923879 0.000000
vn -0.382683 -0.923880 0.000000
vn -0.382683 -0.923880 0.000000
vn -0.382683 -0.923880 0.000000
vn 0.382683 -0.923880 0.000000
vn 0.382683 -0.923880 0.000000
vn 0.382683 -0.923880 0.000000
vn 0.382684 -0.923879 0.000000
vn 0.382684 -0.923879 0.000000
vn 0.382684 -0.923879 0.000000
vn 0.923879 -0.382684 0.000000
vn 0.923879 -0.382684 0.000000
vn 0.923879 -0.382684 0.000000
vn 0.923879 -0.382684 0.000000
vn 0.923879 -0.382684 0.000000
vn 0.923879 -0.382684 0.000000
vn 0.923879 0.382685 0.000000
vn 0.923879 0.382685 0.000000
vn 0.923879 0.382685 0.000000
vn 0.923880 0.382683 0.000000
vn 0.923880 0.382683 0.000000
vn 0.923880 0.382683 0.000000
vn 0.382682 0.923880 0.000000
vn 0.382682 0.923880 0.000000
vn 0.382682 0.923880 0.000000
vn 0.382684 0.923879 0.000000
vn 0.382684 0.923879 0.000000
vn 0.382684 0.923879 0.000000
vn 0.000000 -0.000001 -1.000000
vn 0.000000 -0.000001 -1.000000
vn 0.000000 -0.000001 -1.000000
vn -0.382684 0.923879 0.000000
vn -0.382684 0.923879 0.000000
vn -0.382684 0.923879 0.000000
vn -0.382683 0.923880 0.000000
vn -0.382683 0.923880 0.000000
vn -0.382683 0.923880 0.000000
vn -0.923879 0.382684 0.000000
vn -0.923879 0.382684 0.000000
vn -0.923879 0.382684 0.000000
vn -0.923879 0.382684 0.000000
vn -0.923879 0.382684 0.000000
vn -0.923879 0.382684 0.000000
vn -0.000001 0.000001 -1.000000
vn -0.000001 0.000001 -1.000000
vn -0.000001 0.000001 -1.000000
vn -0.000000 -0.000002 -1.000000
vn -0.000000 -0.000002 -1.000000
vn -0.000000 -0.000002 -1.000000
vn -0.000000 -0.000001 -1.000000
vn -0.000000 -0.000001 -1.000000
vn -0.000000 -0.000001 -1.000000
vn 0.000001 0.000000 -1.000000
vn 0.000001 0.000000 -1.000000
vn 0.000001 0.000000 -1.000000
vn -0.000000 -0.000001 -1.000000
vn -0.000000 -0.000001 -1.000000
vn -0.000000 -0.000001 -1.000000
vn -1.000000 0.000000 -0.000000
vn -1.000000 0.000000 -0.000000
vn -1.000000 0.000000 -0.000000
vn -1.000000 0.000000 0.000000
vn -1.000000 0.000000 0.000000
vn -1.000000 0.000000 0.000000
vn -0.000000 0.000000 -1.000000
vn -0.000000 0.000000 -1.000000
vn -0.000000 0.000000 -1.000000
vn -0.000000 0.000000 -1.000000
vn -0.000000 0.000000 -1.000000
vn -0.000000 0.000000 -1.000000
vn 1.000000 0.000000 0.000000
vn 1.000000 0.000000 0.000000
vn 1.000000 0.000000 0.000000
vn 1.000000 0.000000 0.000000
vn 1.000000 0.000000 0.000000
vn 1.000000 0.000000 0.000000
vn -0.000000 -1.000000 0.000000
vn -0.000000 -1.000000 0.000000
vn -0.000000 -1.000000 0.000000
vn -0.000000 -1.000000 0.000000
vn -0.000000 -1.000000 0.000000
vn -0.000000 -1.000000 0.000000
vn -0.000000 1.000000 0.000000
vn -0.000000 1.000000 0.000000
vn -0.000000 1.000000 0.000000
vn -0.000000 1.000000 0.000000
vn -0.000000 1.000000 0.000000
vn -0.000000 1.000000 0.000000
vn -0.923879 -0.382685 0.000000
vn -0.923879 -0.382685 0.000000
vn -0.923879 -0.382685 0.000000
vn -0.923880 -0.382683 0.000000
vn -0.923880 -0.382683 0.000000
vn -0.923880 -0.382683 0.000000
vn -0.382684 -0.923879 0.000000
vn -0.382684 -0.923879 0.000000
vn -0.382684 -0.923879 0.000000
vn -0.382684 -0.923879 0.000000
vn -0.382684 -0.923879 0.000000
vn -0.382684 -0.923879 0.000000
vn 0.382684 -0.923879 0.000000
vn 0.382684 -0.923879 0.000000
vn 0.382684 -0.923879 0.000000
vn 0.382684 -0.923879 0.000000
vn 0.382684 -0.923879 0.000000
vn 0.382684 -0.923879 0.000000
vn 0.923879 -0.382684 0.000000
vn 0.923879 -0.382684 0.000000
vn 0.923879 -0.382684 0.000000
vn 0.923879 -0.382684 0.000000
vn 0.923879 -0.382684 0.000000
vn 0.923879 -0.382684 0.000000
vn 0.923879 0.382684 0.000000
vn 0.923879 0.382684 0.000000
vn 0.923879 0.382684 0.000000
vn 0.923879 0.382684 0.000000
vn 0.923879 0.382684 0.000000
vn 0.923879 0.382684 0.000000
vn 0.382684 0.923879 0.000000
vn 0.382684 0.923879 0.000000
vn 0.382684 0.923879 0.000000
vn 0.382684 0.923879 0.000000
vn 0.382684 0.923879 0.000000
vn 0.382684 0.923879 0.000000
vn 0.000000 -0.000001 -1.000000
vn 0.000000 -0.000001 -1.000000
vn 0.000000 -0.000001 -1.000000
vn -0.382684 0.923879 0.000000
vn -0.382684 0.923879 0.000000
vn -0.382684 0.923879 0.000000
vn -0.382684 0.923879 0.000000
vn -0.382684 0.923879 0.000000
vn -0.382684 0.923879 0.000000
vn -0.923879 0.382684 0.000000
vn -0.923879 0.382684 0.000000
vn -0.923879 0.382684 0.000000
vn -0.923879 0.382684 0.000000
vn -0.923879 0.382684 0.000000
vn -0.923879 0.382684 0.000000
vn -0.000001 0.000000 -1.000000
vn -0.000001 0.000000 -1.000000
vn -0.000001 0.000000 -1.000000
vn -0.000000 -0.000002 -1.000000
vn -0.000000 -0.000002 -1.000000
vn -0.000000 -0.000002 -1.000000
vn -0.000000 -0.000001 -1.000000
vn -0.000000 -0.000001 -1.000000
vn -0.000000 -0.000001 -1.000000
vn 0.000001 0.000000 -1.000000
vn 0.000001 0.000000 -1.000000
vn 0.000001 0.000000 -1.000000
vn -0.000000 -0.000001 -1.000000
vn -0.000000 -0.000001 -1.000000
vn -0.000000 -0.000001 -1.000000
vn -1.000000 0.000000 0.000000
vn -1.000000 0.000000 0.000000
vn -1.000000 0.000000 0.000000
vn -1.000000 0.000000 0.000000
vn -1.000000 0.000000 0.000000
vn -1.000000 0.000000 0.000000
vn -0.000000 0.000000 -1.000000
vn -0.000000 0.000000 -1.000000
vn -0.000000 0.000000 -1.000000
vn -0.000000 0.000000 -1.000000
vn -0.000000 0.000000 -1.000000
vn -0.000000 0.000000 -1.000000
vn 1.000000 0.000000 0.000000
vn 1.000000 0.000000 0.000000
vn 1.000000 0.000000 0.000000
vn 1.000000 0.000000 0.000000
vn 1.000000 0.000000 0.000000
vn 1.000000 0.000000 0.000000
vn -0.000000 -1.000000 0.000000
vn -0.000000 -1.000000 0.000000
vn -0.000000 -1.000000 0.000000
vn -0.000000 -1.000000 0.000000
vn -0.000000 -1.000000 0.000000
vn -0.000000 -1.000000 0.000000
vn -0.000000 1.000000 0.000000
vn -0.000000 1.000000 0.000000
vn -0.000000 1.000000 0.000000
vn -0.000000 1.000000 0.000000
vn -0.000000 1.000000 0.000000
vn -0.000000 1.000000 0.000000
vn -0.923879 -0.382684 0.000000
vn -0.923879 -0.382684 0.000000
vn -0.923879 -0.382684 0.000000
vn -0.923879 -0.382684 -0.000001
vn -0.923879 -0.382684 -0.000001
vn -0.923879 -0.382684 -0.000001
vn -0.382683 -0.923880 -0.000000
vn -0.382683 -0.923880 -0.000000
vn -0.382683 -0.923880 -0.000000
vn -0.382683 -0.923880 -0.000000
vn -0.382683 -0.923880 -0.000000
vn -0.382683 -0.923880 -0.000000
vn 0.382683 -0.923880 0.000000
vn 0.382683 -0.923880 0.000000
vn 0.382683 -0.923880 0.000000
vn 0.382684 -0.923879 0.000000
vn 0.382684 -0.923879 0.000000
vn 0.382684 -0.923879 0.000000
vn 0.923879 -0.382684 0.000000
vn 0.923879 -0.382684 0.000000
vn 0.923879 -0.382684 0.000000
vn 0.923879 -0.382684 0.000000
vn 0.923879 -0.382684 0.000000
vn 0.923879 -0.382684 0.000000
vn 0.923879 0.382684 0.000000
vn 0.923879 0.382684 0.000000
vn 0.923879 0.382684 0.000000
vn 0.923880 0.382683 0.000000
vn 0.923880 0.382683 0.000000
vn 0.923880 0.382683 0.000000
vn 0.382683 0.923880 0.000000
vn 0.382683 0.923880 0.000000
vn 0.382683 0.923880 0.000000
vn 0.382684 0.923879 0.000000
vn 0.382684 0.923879 0.000000
vn 0.382684 0.923879 0.000000
vn 0.000000 -0.000001 -1.000000
vn 0.000000 -0.000001 -1.000000
vn 0.000000 -0.000001 -1.000000
vn -0.382685 0.923879 -0.000001
vn -0.382685 0.923879 -0.000001
vn -0.382685 0.923879 -0.000001
vn -0.382683 0.923880 -0.000000
vn -0.382683 0.923880 -0.000000
vn -0.382683 0.923880 -0.000000
vn -0.923880 0.382683 0.000000
vn -0.923880 0.382683 0.000000
vn -0.923880 0.382683 0.000000
vn -0.923879 0.382684 -0.000001
vn -0.923879 0.382684 -0.000001
vn -0.923879 0.382684 -0.000001
vn -0.000001 -0.000000 -1.000000
vn -0.000001 -0.000000 -1.000000
vn -0.000001 -0.000000 -1.000000
vn -0.000000 0.000000 -1.000000
vn -0.000000 0.000000 -1.000000
vn -0.000000 0.000000 -1.000000
vn -0.000000 0.000001 -1.000000
vn -0.000000 0.000001 -1.000000
vn -0.000000 0.000001 -1.000000
vn 0.000001 -0.000000 -1.000000
vn 0.000001 -0.000000 -1.000000
vn 0.000001 -0.000000 -1.000000
vn -0.000000 -0.000001 -1.000000
vn -0.000000 -0.000001 -1.000000
vn -0.000000 -0.000001 -1.000000
vn -1.000000 0.000000 0.000000
vn -1.000000 0.000000 0.000000
vn -1.000000 0.000000 0.000000
vn -1.000000 0.000000 -0.000000
vn -1.000000 0.000000 -0.000000
vn -1.000000 0.000000 -0.000000
vn -0.000000 0.000000 -1.000000
vn -0.000000 0.000000 -1.000000
vn -0.000000 0.000000 -1.000000
vn -0.000000 0.000000 -1.000000
vn -0.000000 0.000000 -1.000000
vn -0.000000 0.000000 -1.000000
vn 1.000000 0.000000 0.000000
vn 1.000000 0.000000 0.000000
vn 1.000000 0.000000 0.000000
vn 1.000000 0.000000 0.000000
vn 1.000000 0.000000 0.000000
vn 1.000000 0.000000 0.000000
vn -0.000000 -1.000000 0.000000
vn -0.000000 -1.000000 0.000000
vn -0.000000 -1.000000 0.000000
vn -0.000000 -1.000000 0.000000
vn -0.000000 -1.000000 0.000000
vn -0.000000 -1.000000 0.000000
vn -0.000000 1.000000 0.000000
vn -0.000000 1.000000 0.000000
vn -0.000000 1.000000 0.000000
vn -0.000000 1.000000 0.000000
vn -0.000000 1.000000 0.000000
vn -0.000000 1.000000 0.000000
vn -0.923880 0.000000 -0.382683
vn -0.923880 0.000000 -0.382683
vn -0.923880 0.000000 -0.382683
vn -0.923880 0.000000 -0.382683
vn -0.923880 0.000000 -0.382683
vn -0.923880 0.000000 -0.382683
vn -0.382683 0.000000 -0.923880
vn -0.382683 0.000000 -0.923880
vn -0.382683 0.000000 -0.923880
vn -0.382683 0.000000 -0.923880
vn -0.382683 0.000000 -0.923880
vn -0.382683 0.000000 -0.923880
vn 0.382684 0.000000 -0.923879
vn 0.382684 0.000000 -0.923879
vn 0.382684 0.000000 -0.923879
vn 0.382682 0.000000 -0.923880
vn 0.382682 0.000000 -0.923880
vn 0.382682 0.000000 -0.923880
vn 0.923880 0.000000 -0.382683
vn 0.923880 0.000000 -0.382683
vn 0.923880 0.000000 -0.382683
vn 0.923880 0.000000 -0.382683
vn 0.923880 0.000000 -0.382683
vn 0.923880 0.000000 -0.382683
vn 0.923880 0.000000 0.382683
vn 0.923880 0.000000 0.382683
vn 0.923880 0.000000 0.382683
vn 0.923879 0.000000 0.382684
vn 0.923879 0.000000 0.382684
vn 0.923879 0.000000 0.382684
vn 0.382683 0.000000 0.923880
vn 0.382683 0.000000 0.923880
vn 0.382683 0.000000 0.923880
vn 0.382683 0.000000 0.923880
vn 0.382683 0.000000 0.923880
vn 0.382683 0.000000 0.923880
vn -0.923880 0.000000 0.382683
vn -0.923880 0.000000 0.382683
vn -0.923880 0.000000 0.382683
vn -0.923879 0.000000 0.382684
vn -0.923879 0.000000 0.382684
vn -0.923879 0.000000 0.382684
vn -0.382685 0.000000 0.923879
vn -0.382685 0.000000 0.923879
vn -0.382685 0.000000 0.923879
vn -0.382682 0.000000 0.923880
vn -0.382682 0.000000 0.923880
vn -0.382682 0.000000 0.923880
vn -0.923880 0.000000 0.382683
vn -0.923880 0.000000 0.382683
vn -0.923880 0.000000 0.382683
vn -0.923879 0.000000 0.382684
vn -0.923879 0.000000 0.382684
vn -0.923879 0.000000 0.382684
vn -0.000000 1.000000 0.000000
vn -0.000000 1.000000 0.000000
vn -0.000000 1.000000 0.000000
vn -0.000000 1.000000 0.000000
vn -0.000000 1.000000 0.000000
vn -0.000000 1.000000 0.000000
vn -0.000000 1.000000 0.000000
vn -0.000000 1.000000 0.000000
vn -0.000000 1.000000 0.000000
vn -0.000000 1.000000 0.000000
vn -0.000000 1.000000 0.000000
vn -0.000000 1.000000 0.000000
vn -0.000000 1.000000 0.000000
vn -0.000000 1.000000 0.000000
vn -0.000000 1.000000 0.000000
vn -0.000000 1.000000 0.000000
vn -0.000000 1.000000 0.000000
vn -0.000000 1.000000 0.000000
vn -0.000000 1.000000 0.000000
vn -0.000000 1.000000 0.000000
vn -0.000000 1.000000 0.000000
vn -0.000000 1.000000 0.000000
vn -0.000000 1.000000 0.000000
vn -0.000000 1.000000 0.000000
vn -0.000000 1.000000 0.000000
vn -0.000000 1.000000 0.000000
vn -0.000000 1.000000 0.000000
vn -0.000000 1.000000 0.000000
vn -0.000000 1.000000 0.000000
vn -0.000000 1.000000 0.000000
vn -0.000000 1.000000 0.000000
vn -0.000000 1.000000 0.000000
vn -0.000000 1.000000 0.000000
vn -0.000001 1.000000 0.000000
vn -0.000001 1.000000 0.000000
vn -0.000001 1.000000 0.000000
vn -0.000000 1.000000 0.000000
vn -0.000000 1.000000 0.000000
vn -0.000000 1.000000 0.000000
vn -0.000001 1.000000 0.000000
vn -0.000001 1.000000 0.000000
vn -0.000001 1.000000 0.000000
vn -0.000000 1.000000 0.000000
vn -0.000000 1.000000 0.000000
vn -0.000000 1.000000 0.000000
vn -0.000000 1.000000 0.000000
vn -0.000000 1.000000 0.000000
vn -0.000000 1.000000 0.000000
vn 0.382684 0.000000 0.923879
vn 0.382684 0.000000 0.923879
vn 0.382684 0.000000 0.923879
vn 0.382682 0.000000 0.923880
vn 0.382682 0.000000 0.923880
vn 0.382682 0.000000 0.923880
vn 0.923880 0.000000 -0.382683
vn 0.923880 0.000000 -0.382683
vn 0.923880 0.000000 -0.382683
vn 0.923879 0.000000 -0.382684
vn 0.923879 0.000000 -0.382684
vn 0.923879 0.000000 -0.382684
vn -0.382684 0.000000 -0.923879
vn -0.382684 0.000000 -0.923879
vn -0.382684 0.000000 -0.923879
vn -0.382682 0.000000 -0.923880
vn -0.382682 0.000000 -0.923880
vn -0.382682 0.000000 -0.923880
vn -0.382684 0.000000 0.923879
vn -0.382684 0.000000 0.923879
vn -0.382684 0.000000 0.923879
vn -0.382683 0.000000 0.923880
vn -0.382683 0.000000 0.923880
vn -0.382683 0.000000 0.923880
vn 0.923880 0.000000 0.382683
vn 0.923880 0.000000 0.382683
vn 0.923880 0.000000 0.382683
vn 0.923879 0.000000 0.382685
vn 0.923879 0.000000 0.382685
vn 0.923879 0.000000 0.382685
vn 0.382684 0.000000 -0.923879
vn 0.382684 0.000000 -0.923879
vn 0.382684 0.000000 -0.923879
vn 0.382682 0.000000 -0.923880
vn 0.382682 0.000000 -0.923880
vn 0.382682 0.000000 -0.923880
vn -0.923880 0.000000 -0.382683
vn -0.923880 0.000000 -0.382683
vn -0.923880 0.000000 -0.382683
vn -0.923879 0.000000 -0.382684
vn -0.923879 0.000000 -0.382684
vn -0.923879 0.000000 -0.382684
vn -0.000000 -1.000000 0.000000
vn -0.000000 -1.000000 0.000000
vn -0.000000 -1.000000 0.000000
vn -0.000000 -1.000000 0.000000
vn -0.000000 -1.000000 0.000000
vn -0.000000 -1.000000 0.000000
vn -0.000000 1.000000 0.000000
vn -0.000000 1.000000 0.000000
vn -0.000000 1.000000 0.000000
vn -0.000000 1.000000 0.000000
vn -0.000000 1.000000 0.000000
vn -0.000000 1.000000 0.000000
vn -0.000000 0.000000 -1.000000
vn -0.000000 0.000000 -1.000000
vn -0.000000 0.000000 -1.000000
vn -0.000000 0.000000 -1.000000
vn -0.000000 0.000000 -1.000000
vn -0.000000 0.000000 -1.000000
vn -0.000000 1.000000 0.000000
vn -0.000000 1.000000 0.000000
vn -0.000000 1.000000 0.000000
vn -0.000000 1.000000 0.000000
vn -0.000000 1.000000 0.000000
vn -0.000000 1.000000 0.000000
vn -0.000000 1.000000 0.000000
vn -0.000000 1.000000 0.000000
vn -0.000000 1.000000 0.000000
vn -0.000000 1.000000 0.000000
vn -0.000000 1.000000 0.000000
vn -0.000000 1.000000 0.000000
vn -0.000000 -1.000000 0.000000
vn -0.000000 -1.000000 0.000000
vn -0.000000 -1.000000 0.000000
vn -0.000000 -1.000000 0.000000
vn -0.000000 -1.000000 0.000000
vn -0.000000 -1.000000 0.000000
vn -0.000000 -1.000000 0.000000
vn -0.000000 -1.000000 0.000000
vn -0.000000 -1.000000 0.000000
vn -0.000000 -1.000000 0.000000
vn -0.000000 -1.000000 0.000000
vn -0.000000 -1.000000 0.000000
vn -1.000000 0.000000 -0.000000
vn -1.000000 0.000000 -0.000000
vn -1.000000 0.000000 -0.000000
vn -1.000000 0.000000 -0.000000
vn -1.000000 0.000000 -0.000000
vn -1.000000 0.000000 -0.000000
vn -0.000000 1.000000 0.000000
vn -0.000000 1.000000 0.000000
vn -0.000000 1.000000 0.000000
vn -0.000000 1.000000 0.000000
vn -0.000000 1.000000 0.000000
vn -0.000000 1.000000 0.000000
vn -0.000000 -1.000000 0.000000
vn -0.000000 -1.000000 0.000000
vn -0.000000 -1.000000 0.000000
vn -0.000000 -1.000000 0.000000
vn -0.000000 -1.000000 0.000000
vn -0.000000 -1.000000 0.000000
vn -0.000000 0.000000 1.000000
vn -0.000000 0.000000 1.000000
vn -0.000000 0.000000 1.000000
vn -0.000000 0.000000 1.000000
vn -0.000000 0.000000 1.000000
vn -0.000000 0.000000 1.000000
vn -0.000000 -1.000000 0.000000
vn -0.000000 -1.000000 0.000000
vn -0.000000 -1.000000 0.000000
vn -0.000000 -1.000000 0.000000
vn -0.000000 -1.000000 0.000000
vn -0.000000 -1.000000 0.000000
vn -0.000000 -1.000000 0.000000
vn -0.000000 -1.000000 0.000000
vn -0.000000 -1.000000 0.000000
vn -0.000000 -1.000000 0.000000
vn -0.000000 -1.000000 0.000000
vn -0.000000 -1.000000 0.000000
vn -0.000000 1.000000 0.000000
vn -0.000000 1.000000 0.000000
vn -0.000000 1.000000 0.000000
vn -0.000000 1.000000 0.000000
vn -0.000000 1.000000 0.000000
vn -0.000000 1.000000 0.000000
vn -0.000000 1.000000 0.000000
vn -0.000000 1.000000 0.000000
vn -0.000000 1.000000 0.000000
vn -0.000000 1.000000 0.000000
vn -0.000000 1.000000 0.000000
vn -0.000000 1.000000 0.000000
vn -1.000000 0.000000 -0.000000
vn -1.000000 0.000000 -0.000000
vn -1.000000 0.000000 -0.000000
vn -1.000000 0.000000 -0.000000
vn -1.000000 0.000000 -0.000000
vn -1.000000 0.000000 -0.000000
vn 0.000000 -1.000000 0.000000
vn 0.000000 -1.000000 0.000000
vn 0.000000 -1.000000 0.000000
vn -0.000000 -1.000000 0.000000
vn -0.000000 -1.000000 0.000000
vn -0.000000 -1.000000 0.000000
vn 0.000000 0.000000 -1.000000
vn 0.000000 0.000000 -1.000000
vn 0.000000 0.000000 -1.000000
vn 0.000000 0.000000 -1.000000
vn 0.000000 0.000000 -1.000000
vn 0.000000 0.000000 -1.000000
vn -0.000000 1.000000 0.000000
vn -0.000000 1.000000 0.000000
vn -0.000000 1.000000 0.000000
vn -0.000000 1.000000 0.000000
vn -0.000000 1.000000 0.000000
vn -0.000000 1.000000 0.000000
vn -0.000000 0.000000 1.000000
vn -0.000000 0.000000 1.000000
vn -0.000000 0.000000 1.000000
vn -0.000000 0.000000 1.000000
vn -0.000000 0.000000 1.000000
vn -0.000000 0.000000 1.000000
vn -0.000000 1.000000 0.000000
vn -0.000000 1.000000 0.000000
vn -0.000000 1.000000 0.000000
vn -0.000000 1.000000 0.000000
vn -0.000000 1.000000 0.000000
vn -0.000000 1.000000 0.000000
vn 0.000000 -1.000000 0.000000
vn 0.000000 -1.000000 0.000000
vn 0.000000 -1.000000 0.000000
vn -0.000000 -1.000000 0.000000
vn -0.000000 -1.000000 0.000000
vn -0.000000 -1.000000 0.000000
vn 0.000000 0.000000 -1.000000
vn 0.000000 0.000000 -1.000000
vn 0.000000 0.000000 -1.000000
vn 0.000000 0.000000 -1.000000
vn 0.000000 0.000000 -1.000000
vn 0.000000 0.000000 -1.000000
vn -0.000000 0.000000 1.000000
vn -0.000000 0.000000 1.000000
vn -0.000000 0.000000 1.000000
vn -0.000000 0.000000 1.000000
vn -0.000000 0.000000 1.000000
vn -0.000000 0.000000 1.000000
vn 0.000000 0.000000 -1.000000
vn 0.000000 0.000000 -1.000000
vn 0.000000 0.000000 -1.000000
vn 0.000000 0.000000 -1.000000
vn 0.000000 0.000000 -1.000000
vn 0.000000 0.000000 -1.000000
vn -1.000000 0.000000 -0.000000
vn -1.000000 0.000000 -0.000000
vn -1.000000 0.000000 -0.000000
vn -1.000000 0.000000 -0.000000
vn -1.000000 0.000000 -0.000000
vn -1.000000 0.000000 -0.000000
vn -1.000000 0.000000 -0.000000
vn -1.000000 0.000000 -0.000000
vn -1.000000 0.000000 -0.000000
vn -1.000000 0.000000 -0.000000
vn -1.000000 0.000000 -0.000000
vn -1.000000 0.000000 -0.000000
vn -0.923880 0.000000 -0.382683
vn -0.923880 0.000000 -0.382683
vn -0.923880 0.000000 -0.382683
vn -0.923880 0.000000 -0.382683
vn -0.923880 0.000000 -0.382683
vn -0.923880 0.000000 -0.382683
vn -0.382683 0.000000 -0.923880
vn -0.382683 0.000000 -0.923880
vn -0.382683 0.000000 -0.923880
vn -0.382682 0.000000 -0.923880
vn -0.382682 0.000000 -0.923880
vn -0.382682 0.000000 -0.923880
vn 0.382683 0.000000 -0.923880
vn 0.382683 0.000000 -0.923880
vn 0.382683 0.000000 -0.923880
vn 0.382683 0.000000 -0.923880
vn 0.382683 0.000000 -0.923880
vn 0.382683 0.000000 -0.923880
vn 0.923880 0.000000 -0.382683
vn 0.923880 0.000000 -0.382683
vn 0.923880 0.000000 -0.382683
vn 0.923880 0.000000 -0.382683
vn 0.923880 0.000000 -0.382683
vn 0.923880 0.000000 -0.382683
vn 0.923880 0.000000 0.382683
vn 0.923880 0.000000 0.382683
vn 0.923880 0.000000 0.382683
vn 0.923879 0.000000 0.382684
vn 0.923879 0.000000 0.382684
vn 0.923879 0.000000 0.382684
vn 0.382683 0.000000 0.923880
vn 0.382683 0.000000 0.923880
vn 0.382683 0.000000 0.923880
vn 0.382683 0.000000 0.923880
vn 0.382683 0.000000 0.923880
vn 0.382683 0.000000 0.923880
vn -0.923880 0.000000 0.382683
vn -0.923880 0.000000 0.382683
vn -0.923880 0.000000 0.382683
vn -0.923879 0.000000 0.382684
vn -0.923879 0.000000 0.382684
vn -0.923879 0.000000 0.382684
vn -0.382684 0.000000 0.923879
vn -0.382684 0.000000 0.923879
vn -0.382684 0.000000 0.923879
vn -0.382682 0.000000 0.923880
vn -0.382682 0.000000 0.923880
vn -0.382682 0.000000 0.923880
vn -0.923879 0.000000 0.382684
vn -0.923879 0.000000 0.382684
vn -0.923879 0.000000 0.382684
vn -0.923879 0.000000 0.382684
vn -0.923879 0.000000 0.382684
vn -0.923879 0.000000 0.382684
vn -0.000000 1.000000 0.000000
vn -0.000000 1.000000 0.000000
vn -0.000000 1.000000 0.000000
vn -0.000000 1.000000 0.000000
vn -0.000000 1.000000 0.000000
vn -0.000000 1.000000 0.000000
vn -0.000000 1.000000 0.000000
vn -0.000000 1.000000 0.000000
vn -0.000000 1.000000 0.000000
vn -0.000000 1.000000 0.000000
vn -0.000000 1.000000 0.000000
vn -0.000000 1.000000 0.000000
vn -0.000000 1.000000 0.000000
vn -0.000000 1.000000 0.000000
vn -0.000000 1.000000 0.000000
vn -0.000000 1.000000 0.000000
vn -0.000000 1.000000 0.000000
vn -0.000000 1.000000 0.000000
vn -0.000000 1.000000 0.000000
vn -0.000000 1.000000 0.000000
vn -0.000000 1.000000 0.000000
vn -0.000000 1.000000 0.000000
vn -0.000000 1.000000 0.000000
vn -0.000000 1.000000 0.000000
vn -0.000000 1.000000 0.000000
vn -0.000000 1.000000 0.000000
vn -0.000000 1.000000 0.000000
vn -0.000000 1.000000 0.000000
vn -0.000000 1.000000 0.000000
vn -0.000000 1.000000 0.000000
vn -0.000000 1.000000 0.000000
vn -0.000000 1.000000 0.000000
vn -0.000000 1.000000 0.000000
vn -0.000001 1.000000 0.000000
vn -0.000001 1.000000 0.000000
vn -0.000001 1.000000 0.000000
vn -0.000000 1.000000 0.000000
vn -0.000000 1.000000 0.000000
vn -0.000000 1.000000 0.000000
vn -0.000000 1.000000 0.000000
vn -0.000000 1.000000 0.000000
vn -0.000000 1.000000 0.000000
vn -0.000000 1.000000 0.000000
vn -0.000000 1.000000 0.000000
vn -0.000000 1.000000 0.000000
vn 0.000003 1.000000 0.000000
vn 0.000003 1.000000 0.000000
vn 0.000003 1.000000 0.000000
vn 0.382684 0.000000 0.923879
vn 0.382684 0.000000 0.923879
vn 0.382684 0.000000 0.923879
vn 0.382682 0.000000 0.923880
vn 0.382682 0.000000 0.923880
vn 0.382682 0.000000 0.923880
vn 0.923880 0.000000 -0.382683
vn 0.923880 0.000000 -0.382683
vn 0.923880 0.000000 -0.382683
vn 0.923879 0.000000 -0.382684
vn 0.923879 0.000000 -0.382684
vn 0.923879 0.000000 -0.382684
vn -0.382684 0.000000 -0.923879
vn -0.382684 0.000000 -0.923879
vn -0.382684 0.000000 -0.923879
vn -0.382682 0.000000 -0.923880
vn -0.382682 0.000000 -0.923880
vn -0.382682 0.000000 -0.923880
vn -0.382684 0.000000 0.923879
vn -0.382684 0.000000 0.923879
vn -0.382684 0.000000 0.923879
vn -0.382683 0.000000 0.923880
vn -0.382683 0.000000 0.923880
vn -0.382683 0.000000 0.923880
vn 0.923880 0.000000 0.382683
vn 0.923880 0.000000 0.382683
vn 0.923880 0.000000 0.382683
vn 0.923879 0.000000 0.382684
vn 0.923879 0.000000 0.382684
vn 0.923879 0.000000 0.382684
vn 0.382684 0.000000 -0.923879
vn 0.382684 0.000000 -0.923879
vn 0.382684 0.000000 -0.923879
vn 0.382682 0.000000 -0.923880
vn 0.382682 0.000000 -0.923880
vn 0.382682 0.000000 -0.923880
vn -0.923880 0.000000 -0.382683
vn -0.923880 0.000000 -0.382683
vn -0.923880 0.000000 -0.382683
vn -0.923879 0.000000 -0.382684
vn -0.923879 0.000000 -0.382684
vn -0.923879 0.000000 -0.382684
vn -0.923880 0.000000 -0.382683
vn -0.923880 0.000000 -0.382683
vn -0.923880 0.000000 -0.382683
vn -0.923880 0.000000 -0.382683
vn -0.923880 0.000000 -0.382683
vn -0.923880 0.000000 -0.382683
vn -0.382683 0.000000 -0.923880
vn -0.382683 0.000000 -0.923880
vn -0.382683 0.000000 -0.923880
vn -0.382683 0.000000 -0.923880
vn -0.382683 0.000000 -0.923880
vn -0.382683 0.000000 -0.923880
vn 0.382683 0.000000 -0.923880
vn 0.382683 0.000000 -0.923880
vn 0.382683 0.000000 -0.923880
vn 0.382683 0.000000 -0.923880
vn 0.382683 0.000000 -0.923880
vn 0.382683 0.000000 -0.923880
vn 0.923880 0.000000 -0.382683
vn 0.923880 0.000000 -0.382683
vn 0.923880 0.000000 -0.382683
vn 0.923880 0.000000 -0.382683
vn 0.923880 0.000000 -0.382683
vn 0.923880 0.000000 -0.382683
vn 0.923880 0.000000 0.382683
vn 0.923880 0.000000 0.382683
vn 0.923880 0.000000 0.382683
vn 0.923879 0.000000 0.382684
vn 0.923879 0.000000 0.382684
vn 0.923879 0.000000 0.382684
vn 0.382683 0.000000 0.923880
vn 0.382683 0.000000 0.923880
vn 0.382683 0.000000 0.923880
vn 0.382682 0.000000 0.923880
vn 0.382682 0.000000 0.923880
vn 0.382682 0.000000 0.923880
vn -0.923880 0.000000 0.382683
vn -0.923880 0.000000 0.382683
vn -0.923880 0.000000 0.382683
vn -0.923879 0.000000 0.382684
vn -0.923879 0.000000 0.382684
vn -0.923879 0.000000 0.382684
vn -0.382683 0.000000 0.923880
vn -0.382683 0.000000 0.923880
vn -0.382683 0.000000 0.923880
vn -0.382682 0.000000 0.923880
vn -0.382682 0.000000 0.923880
vn -0.382682 0.000000 0.923880
vn -0.923879 0.000000 0.382684
vn -0.923879 0.000000 0.382684
vn -0.923879 0.000000 0.382684
vn -0.923879 0.000000 0.382684
vn -0.923879 0.000000 0.382684
vn -0.923879 0.000000 0.382684
vn -0.000000 1.000000 0.000000
vn -0.000000 1.000000 0.000000
vn -0.000000 1.000000 0.000000
vn -0.000000 1.000000 0.000000
vn -0.000000 1.000000 0.000000
vn -0.000000 1.000000 0.000000
vn -0.000000 1.000000 0.000000
vn -0.000000 1.000000 0.000000
vn -0.000000 1.000000 0.000000
vn -0.000000 1.000000 0.000000
vn -0.000000 1.000000 0.000000
vn -0.000000 1.000000 0.000000
vn -0.000000 1.000000 0.000000
vn -0.000000 1.000000 0.000000
vn -0.000000 1.000000 0.000000
vn -0.000000 1.000000 0.000000
vn -0.000000 1.000000 0.000000
vn -0.000000 1.000000 0.000000
vn -0.000000 1.000000 0.000000
vn -0.000000 1.000000 0.000000
vn -0.000000 1.000000 0.000000
vn -0.000000 1.000000 0.000000
vn -0.000000 1.000000 0.000000
vn -0.000000 1.000000 0.000000
vn -0.000000 1.000000 0.000000
vn -0.000000 1.000000 0.000000
vn -0.000000 1.000000 0.000000
vn -0.000000 1.000000 0.000000
vn -0.000000 1.000000 0.000000
vn -0.000000 1.000000 0.000000
vn -0.000000 1.000000 0.000000
vn -0.000000 1.000000 0.000000
vn -0.000000 1.000000 0.000000
vn -0.000000 1.000000 0.000000
vn -0.000000 1.000000 0.000000
vn -0.000000 1.000000 0.000000
vn -0.000000 1.000000 0.000000
vn -0.000000 1.000000 0.000000
vn -0.000000 1.000000 0.000000
vn -0.000000 1.000000 0.000000
vn -0.000000 1.000000 0.000000
vn -0.000000 1.000000 0.000000
vn -0.000000 1.000000 0.000000
vn -0.000000 1.000000 0.000000
vn -0.000000 1.000000 0.000000
vn -0.000000 1.000000 0.000000
vn -0.000000 1.000000 0.000000
vn -0.000000 1.000000 0.000000
vn 0.382684 0.000000 0.923879
vn 0.382684 0.000000 0.923879
vn 0.382684 0.000000 0.923879
vn 0.382683 0.000000 0.923880
vn 0.382683 0.000000 0.923880
vn 0.382683 0.000000 0.923880
vn 0.923880 0.000000 -0.382683
vn 0.923880 0.000000 -0.382683
vn 0.923880 0.000000 -0.382683
vn 0.923879 0.000000 -0.382684
vn 0.923879 0.000000 -0.382684
vn 0.923879 0.000000 -0.382684
vn -0.382684 0.000000 -0.923879
vn -0.382684 0.000000 -0.923879
vn -0.382684 0.000000 -0.923879
vn -0.382682 0.000000 -0.923880
vn -0.382682 0.000000 -0.923880
vn -0.382682 0.000000 -0.923880
vn -0.382684 0.000000 0.923879
vn -0.382684 0.000000 0.923879
vn -0.382684 0.000000 0.923879
vn -0.382683 0.000000 0.923880
vn -0.382683 0.000000 0.923880
vn -0.382683 0.000000 0.923880
vn 0.923880 0.000000 0.382683
vn 0.923880 0.000000 0.382683
vn 0.923880 0.000000 0.382683
vn 0.923879 0.000000 0.382684
vn 0.923879 0.000000 0.382684
vn 0.923879 0.000000 0.382684
vn 0.382684 0.000000 -0.923879
vn 0.382684 0.000000 -0.923879
vn 0.382684 0.000000 -0.923879
vn 0.382682 0.000000 -0.923880
vn 0.382682 0.000000 -0.923880
vn 0.382682 0.000000 -0.923880
vn -0.923880 0.000000 -0.382683
vn -0.923880 0.000000 -0.382683
vn -0.923880 0.000000 -0.382683
vn -0.923879 0.000000 -0.382684
vn -0.923879 0.000000 -0.382684
vn -0.923879 0.000000 -0.382684
vn -0.923880 0.000000 -0.382683
vn -0.923880 0.000000 -0.382683
vn -0.923880 0.000000 -0.382683
vn -0.923879 0.000000 -0.382684
vn -0.923879 0.000000 -0.382684
vn -0.923879 0.000000 -0.382684
vn -0.382683 0.000000 -0.923880
vn -0.382683 0.000000 -0.923880
vn -0.382683 0.000000 -0.923880
vn -0.382683 0.000000 -0.923880
vn -0.382683 0.000000 -0.923880
vn -0.382683 0.000000 -0.923880
vn 0.382683 0.000000 -0.923880
vn 0.382683 0.000000 -0.923880
vn 0.382683 0.000000 -0.923880
vn 0.382683 0.000000 -0.923880
vn 0.382683 0.000000 -0.923880
vn 0.382683 0.000000 -0.923880
vn 0.923880 0.000000 -0.382683
vn 0.923880 0.000000 -0.382683
vn 0.923880 0.000000 -0.382683
vn 0.923880 0.000000 -0.382683
vn 0.923880 0.000000 -0.382683
vn 0.923880 0.000000 -0.382683
vn 0.923880 0.000000 0.382683
vn 0.923880 0.000000 0.382683
vn 0.923880 0.000000 0.382683
vn 0.923879 0.000000 0.382684
vn 0.923879 0.000000 0.382684
vn 0.923879 0.000000 0.382684
vn 0.382683 0.000000 0.923880
vn 0.382683 0.000000 0.923880
vn 0.382683 0.000000 0.923880
vn 0.382682 0.000000 0.923880
vn 0.382682 0.000000 0.923880
vn 0.382682 0.000000 0.923880
vn -0.923880 0.000000 0.382683
vn -0.923880 0.000000 0.382683
vn -0.923880 0.000000 0.382683
vn -0.923879 0.000000 0.382684
vn -0.923879 0.000000 0.382684
vn -0.923879 0.000000 0.382684
vn -0.382684 0.000000 0.923880
vn -0.382684 0.000000 0.923880
vn -0.382684 0.000000 0.923880
vn -0.382682 0.000000 0.923880
vn -0.382682 0.000000 0.923880
vn -0.382682 0.000000 0.923880
vn -0.923880 0.000000 0.382683
vn -0.923880 0.000000 0.382683
vn -0.923880 0.000000 0.382683
vn -0.923879 0.000000 0.382684
vn -0.923879 0.000000 0.382684
vn -0.923879 0.000000 0.382684
vn -0.000000 1.000000 0.000000
vn -0.000000 1.000000 0.000000
vn -0.000000 1.000000 0.000000
vn -0.000000 1.000000 0.000000
vn -0.000000 1.000000 0.000000
vn -0.000000 1.000000 0.000000
vn -0.000000 1.000000 0.000000
vn -0.000000 1.000000 0.000000
vn -0.000000 1.000000 0.000000
vn -0.000000 1.000000 0.000000
vn -0.000000 1.000000 0.000000
vn -0.000000 1.000000 0.000000
vn -0.000000 1.000000 0.000000
vn -0.000000 1.000000 0.000000
vn -0.000000 1.000000 0.000000
vn -0.000001 1.000000 0.000000
vn -0.000001 1.000000 0.000000
vn -0.000001 1.000000 0.000000
vn -0.000000 1.000000 0.000000
vn -0.000000 1.000000 0.000000
vn -0.000000 1.000000 0.000000
vn -0.000000 1.000000 0.000000
vn -0.000000 1.000000 0.000000
vn -0.000000 1.000000 0.000000
vn -0.000000 1.000000 0.000000
vn -0.000000 1.000000 0.000000
vn -0.000000 1.000000 0.000000
vn -0.000000 1.000000 0.000000
vn -0.000000 1.000000 0.000000
vn -0.000000 1.000000 0.000000
vn -0.000000 1.000000 0.000000
vn -0.000000 1.000000 0.000000
vn -0.000000 1.000000 0.000000
vn -0.000000 1.000000 0.000000
vn -0.000000 1.000000 0.000000
vn -0.000000 1.000000 0.000000
vn -0.000000 1.000000 0.000000
vn -0.000000 1.000000 0.000000
vn -0.000000 1.000000 0.000000
vn -0.000000 1.000000 0.000000
vn -0.000000 1.000000 0.000000
vn -0.000000 1.000000 0.000000
vn -0.000000 1.000000 0.000000
vn -0.000000 1.000000 0.000000
vn -0.000000 1.000000 0.000000
vn -0.000000 1.000000 0.000000
vn -0.000000 1.000000 0.000000
vn -0.000000 1.000000 0.000000
vn 0.382684 0.000000 0.923879
vn 0.382684 0.000000 0.923879
vn 0.382684 0.000000 0.923879
vn 0.382682 0.000000 0.923880
vn 0.382682 0.000000 0.923880
vn 0.382682 0.000000 0.923880
vn 0.923880 0.000000 -0.382683
vn 0.923880 0.000000 -0.382683
vn 0.923880 0.000000 -0.382683
vn 0.923879 0.000000 -0.382684
vn 0.923879 0.000000 -0.382684
vn 0.923879 0.000000 -0.382684
vn -0.382684 0.000000 -0.923879
vn -0.382684 0.000000 -0.923879
vn -0.382684 0.000000 -0.923879
vn -0.382682 0.000000 -0.923880
vn -0.382682 0.000000 -0.923880
vn -0.382682 0.000000 -0.923880
vn -0.382684 0.000000 0.923879
vn -0.382684 0.000000 0.923879
vn -0.382684 0.000000 0.923879
vn -0.382682 0.000000 0.923880
vn -0.382682 0.000000 0.923880
vn -0.382682 0.000000 0.923880
vn 0.923880 0.000000 0.382683
vn 0.923880 0.000000 0.382683
vn 0.923880 0.000000 0.382683
vn 0.923879 0.000000 0.382685
vn 0.923879 0.000000 0.382685
vn 0.923879 0.000000 0.382685
vn 0.382684 0.000000 -0.923879
vn 0.382684 0.000000 -0.923879
vn 0.382684 0.000000 -0.923879
vn 0.382682 0.000000 -0.923880
vn 0.382682 0.000000 -0.923880
vn 0.382682 0.000000 -0.923880
vn -0.923880 0.000000 -0.382683
vn -0.923880 0.000000 -0.382683
vn -0.923880 0.000000 -0.382683
vn -0.923879 0.000000 -0.382684
vn -0.923879 0.000000 -0.382684
vn -0.923879 0.000000 -0.382684
vn -0.000000 1.000000 0.000000
vn -0.000000 1.000000 0.000000
vn -0.000000 1.000000 0.000000
vn -0.000000 1.000000 0.000000
vn -0.000000 1.000000 0.000000
vn -0.000000 1.000000 0.000000

g Material
f 3/1/1 1/2/2 2/3/3
f 4/4/4 1/5/5 3/6/6
f 7/7/7 5/8/8 6/9/9
f 8/10/10 5/11/11 7/12/12
f 11/13/13 9/14/14 10/15/15
f 12/16/16 9/17/17 11/18/18
f 15/19/19 13/20/20 14/21/21
f 16/22/22 13/23/23 15/24/24
f 19/25/25 17/26/26 18/27/27
f 20/28/28 17/29/29 19/30/30
f 23/31/31 21/32/32 22/33/33
f 24/34/34 21/35/35 23/36/36
f 27/37/37 25/38/38 26/39/39
f 28/40/40 25/41/41 27/42/42
f 31/43/43 29/44/44 30/45/45
f 32/46/46 29/47/47 31/48/48
f 35/49/49 33/50/50 34/51/51
f 36/52/52 33/53/53 35/54/54
f 39/55/55 37/56/56 38/57/57
f 40/58/58 37/59/59 39/60/60
f 43/61/61 41/62/62 42/63/63
f 44/64/64 41/65/65 43/66/66
f 47/67/67 45/68/68 46/69/69
f 48/70/70 45/71/71 47/72/72
f 51/73/73 49/74/74 50/75/75
f 54/76/76 52/77/77 53/78/78
f 55/79/79 52/80/80 54/81/81
f 58/82/82 56/83/83 57/84/84
f 59/85/85 56/86/86 58/87/87
f 62/88/88 60/89/89 61/90/90
f 63/91/91 60/92/92 62/93/93
f 66/94/94 64/95/95 65/96/96
f 67/97/97 64/98/98 66/99/99
f 190/100/100 188/101/101 189/102/102
f 191/103/103 188/104/104 190/105/105
f 194/106/106 192/107/107 193/108/108
f 195/109/109 192/110/110 194/111/111
f 198/112/112 196/113/113 197/114/114
f 199/115/115 196/116/116 198/117/117
f 202/118/118 200/119/119 201/120/120
f 205/121/121 203/122/122 204/123/123
f 206/124/124 203/125/125 205/126/126
f 209/127/127 207/128/128 208/129/129
f 210/130/130 207/131/131 209/132/132
f 213/133/133 211/134/134 212/135/135
f 214/136/136 211/137/137 213/138/138
f 217/139/139 215/140/140 216/141/141
f 218/142/142 215/143/143 217/144/144
f 221/145/145 219/146/146 220/147/147
f 222/148/148 219/149/149 221/150/150
f 225/151/151 223/152/152 224/153/153
f 226/154/154 223/155/155 225/156/156
f 229/157/157 227/158/158 228/159/159
f 230/160/160 227/161/161 229/162/162
f 233/163/163 231/164/164 232/165/165
f 234/166/166 231/167/167 233/168/168
f 751/169/169 749/170/170 750/171/171
f 752/172/172 749/173/173 751/174/174
f 755/175/175 753/176/176 754/177/177
f 756/178/178 753/179/179 755/180/180
f 1513/181/181 1511/182/182 1512/183/183
f 1516/184/184 1514/185/185 1515/186/186
f 1519/187/187 1517/188/188 1518/189/189
f 1522/190/190 1520/191/191 1521/192/192
f 1525/193/193 1523/194/194 1524/195/195
f 1528/196/196 1526/197/197 1527/198/198

g Material.002
f 70/199/199 68/200/200 69/201/201
f 71/202/202 68/203/203 70/204/204
f 74/205/205 72/206/206 73/207/207
f 75/208/208 72/209/209 74/210/210
f 78/211/211 76/212/212 77/213/213
f 79/214/214 76/215/215 78/216/216
f 82/217/217 80/218/218 81/219/219
f 83/220/220 80/221/221 82/222/222
f 86/223/223 84/224/224 85/225/225
f 87/226/226 84/227/227 86/228/228
f 90/229/229 88/230/230 89/231/231
f 91/232/232 88/233/233 90/234/234
f 94/235/235 92/236/236 93/237/237
f 97/238/238 95/239/239 96/240/240
f 98/241/241 95/242/242 97/243/243
f 101/244/244 99/245/245 100/246/246
f 102/247/247 99/248/248 101/249/249
f 105/250/250 103/251/251 104/252/252
f 106/253/253 103/254/254 105/255/255
f 109/256/256 107/257/257 108/258/258
f 110/259/259 107/260/260 109/261/261
f 113/262/262 111/263/263 112/264/264
f 114/265/265 111/266/266 113/267/267
f 117/268/268 115/269/269 116/270/270
f 118/271/271 115/272/272 117/273/273
f 121/274/274 119/275/275 120/276/276
f 122/277/277 119/278/278 121/279/279
f 125/280/280 123/281/281 124/282/282
f 126/283/283 123/284/284 125/285/285
f 129/286/286 127/287/287 128/288/288
f 132/289/289 130/290/290 131/291/291
f 133/292/292 130/293/293 132/294/294
f 136/295/295 134/296/296 135/297/297
f 137/298/298 134/299/299 136/300/300
f 140/301/301 138/302/302 139/303/303
f 143/304/304 141/305/305 142/306/306
f 146/307/307 144/308/308 145/309/309
f 149/310/310 147/311/311 148/312/312
f 152/313/313 150/314/314 151/315/315
f 155/316/316 153/317/317 154/318/318
f 158/319/319 156/320/320 157/321/321
f 161/322/322 159/323/323 160/324/324
f 164/325/325 162/326/326 163/327/327
f 167/328/328 165/329/329 166/330/330
f 170/331/331 168/332/332 169/333/333
f 171/334/334 168/335/335 170/336/336
f 174/337/337 172/338/338 173/339/339
f 175/340/340 172/341/341 174/342/342
f 178/343/343 176/344/344 177/345/345
f 179/346/346 176/347/347 178/348/348
f 182/349/349 180/350/350 181/351/351
f 183/352/352 180/353/353 182/354/354
f 186/355/355 184/356/356 185/357/357
f 187/358/358 184/359/359 186/360/360
f 237/361/361 235/362/362 236/363/363
f 240/364/364 238/365/365 239/366/366
f 243/367/367 241/368/368 242/369/369
f 246/370/370 244/371/371 245/372/372
f 249/373/373 247/374/374 248/375/375
f 320/376/376 318/377/377 319/378/378
f 351/379/379 349/380/380 350/381/381
f 352/382/382 349/383/383 351/384/384
f 355/385/385 353/386/386 354/387/387
f 356/388/388 353/389/389 355/390/390
f 359/391/391 357/392/392 358/393/393
f 360/394/394 357/395/395 359/396/396
f 363/397/397 361/398/398 362/399/399
f 364/400/400 361/401/401 363/402/402
f 367/403/403 365/404/404 366/405/405
f 368/406/406 365/407/407 367/408/408
f 371/409/409 369/410/410 370/411/411
f 372/412/412 369/413/413 371/414/414
f 375/415/415 373/416/416 374/417/417
f 376/418/418 373/419/419 375/420/420
f 379/421/421 377/422/422 378/423/423
f 380/424/424 377/425/425 379/426/426
f 383/427/427 381/428/428 382/429/429
f 384/430/430 381/431/431 383/432/432
f 387/433/433 385/434/434 386/435/435
f 388/436/436 385/437/437 387/438/438
f 391/439/439 389/440/440 390/441/441
f 392/442/442 389/443/443 391/444/444
f 395/445/445 393/446/446 394/447/447
f 396/448/448 393/449/449 395/450/450
f 399/451/451 397/452/452 398/453/453
f 400/454/454 397/455/455 399/456/456
f 403/457/457 401/458/458 402/459/459
f 404/460/460 401/461/461 403/462/462
f 407/463/463 405/464/464 406/465/465
f 408/466/466 405/467/467 407/468/468
f 411/469/469 409/470/470 410/471/471
f 412/472/472 409/473/473 411/474/474
f 415/475/475 413/476/476 414/477/477
f 416/478/478 413/479/479 415/480/480
f 419/481/481 417/482/482 418/483/483
f 420/484/484 417/485/485 419/486/486
f 423/487/487 421/488/488 422/489/489
f 424/490/490 421/491/491 423/492/492
f 427/493/493 425/494/494 426/495/495
f 428/496/496 425/497/497 427/498/498
f 431/499/499 429/500/500 430/501/501
f 432/502/502 429/503/503 431/504/504
f 435/505/505 433/506/506 434/507/507
f 436/508/508 433/509/509 435/510/510
f 439/511/511 437/512/512 438/513/513
f 440/514/514 437/515/515 439/516/516
f 443/517/517 441/518/518 442/519/519
f 444/520/520 441/521/521 443/522/522
f 447/523/523 445/524/524 446/525/525
f 448/526/526 445/527/527 447/528/528
f 451/529/529 449/530/530 450/531/531
f 452/532/532 449/533/533 451/534/534
f 455/535/535 453/536/536 454/537/537
f 456/538/538 453/539/539 455/540/540
f 459/541/541 457/542/542 458/543/543
f 460/544/544 457/545/545 459/546/546
f 463/547/547 461/548/548 462/549/549
f 464/550/550 461/551/551 463/552/552
f 467/553/553 465/554/554 466/555/555
f 468/556/556 465/557/557 467/558/558
f 471/559/559 469/560/560 470/561/561
f 472/562/562 469/563/563 471/564/564
f 475/565/565 473/566/566 474/567/567
f 476/568/568 473/569/569 475/570/570
f 479/571/571 477/572/572 478/573/573
f 480/574/574 477/575/575 479/576/576
f 483/577/577 481/578/578 482/579/579
f 484/580/580 481/581/581 483/582/582
f 487/583/583 485/584/584 486/585/585
f 488/586/586 485/587/587 487/588/588
f 491/589/589 489/590/590 490/591/591
f 492/592/592 489/593/593 491/594/594
f 495/595/595 493/596/596 494/597/597
f 496/598/598 493/599/599 495/600/600
f 499/601/601 497/602/602 498/603/603
f 500/604/604 497/605/605 499/606/606
f 503/607/607 501/608/608 502/609/609
f 504/610/610 501/611/611 503/612/612
f 507/613/613 505/614/614 506/615/615
f 508/616/616 505/617/617 507/618/618
f 511/619/619 509/620/620 510/621/621
f 512/622/622 509/623/623 511/624/624
f 515/625/625 513/626/626 514/627/627
f 516/628/628 513/629/629 515/630/630
f 519/631/631 517/632/632 518/633/633
f 520/634/634 517/635/635 519/636/636
f 523/637/637 521/638/638 522/639/639
f 524/640/640 521/641/641 523/642/642
f 527/643/643 525/644/644 526/645/645
f 528/646/646 525/647/647 527/648/648
f 531/649/649 529/650/650 530/651/651
f 532/652/652 529/653/653 531/654/654
f 535/655/655 533/656/656 534/657/657
f 536/658/658 533/659/659 535/660/660
f 539/661/661 537/662/662 538/663/663
f 540/664/664 537/665/665 539/666/666
f 543/667/667 541/668/668 542/669/669
f 544/670/670 541/671/671 543/672/672
f 547/673/673 545/674/674 546/675/675
f 548/676/676 545/677/677 547/678/678
f 551/679/679 549/680/680 550/681/681
f 552/682/682 549/683/683 551/684/684
f 555/685/685 553/686/686 554/687/687
f 556/688/688 553/689/689 555/690/690
f 559/691/691 557/692/692 558/693/693
f 560/694/694 557/695/695 559/696/696
f 563/697/697 561/698/698 562/699/699
f 564/700/700 561/701/701 563/702/702
f 567/703/703 565/704/704 566/705/705
f 568/706/706 565/707/707 567/708/708
f 571/709/709 569/710/710 570/711/711
f 572/712/712 569/713/713 571/714/714
f 575/715/715 573/716/716 574/717/717
f 576/718/718 573/719/719 575/720/720
f 579/721/721 577/722/722 578/723/723
f 580/724/724 577/725/725 579/726/726
f 583/727/727 581/728/728 582/729/729
f 584/730/730 581/731/731 583/732/732
f 587/733/733 585/734/734 586/735/735
f 588/736/736 585/737/737 587/738/738
f 591/739/739 589/740/740 590/741/741
f 592/742/742 589/743/743 591/744/744
f 595/745/745 593/746/746 594/747/747
f 596/748/748 593/749/749 595/750/750
f 599/751/751 597/752/752 598/753/753
f 600/754/754 597/755/755 599/756/756
f 603/757/757 601/758/758 602/759/759
f 604/760/760 601/761/761 603/762/762
f 607/763/763 605/764/764 606/765/765
f 608/766/766 605/767/767 607/768/768
f 611/769/769 609/770/770 610/771/771
f 612/772/772 609/773/773 611/774/774
f 615/775/775 613/776/776 614/777/777
f 616/778/778 613/779/779 615/780/780
f 619/781/781 617/782/782 618/783/783
f 620/784/784 617/785/785 619/786/786
f 623/787/787 621/788/788 622/789/789
f 624/790/790 621/791/791 623/792/792
f 627/793/793 625/794/794 626/795/795
f 628/796/796 625/797/797 627/798/798
f 631/799/799 629/800/800 630/801/801
f 632/802/802 629/803/803 631/804/804
f 635/805/805 633/806/806 634/807/807
f 636/808/808 633/809/809 635/810/810
f 639/811/811 637/812/812 638/813/813
f 640/814/814 637/815/815 639/816/816
f 643/817/817 641/818/818 642/819/819
f 644/820/820 641/821/821 643/822/822
f 647/823/823 645/824/824 646/825/825
f 648/826/826 645/827/827 647/828/828
f 651/829/829 649/830/830 650/831/831
f 652/832/832 649/833/833 651/834/834
f 655/835/835 653/836/836 654/837/837
f 656/838/838 653/839/839 655/840/840
f 659/841/841 657/842/842 658/843/843
f 660/844/844 657/845/845 659/846/846
f 663/847/847 661/848/848 662/849/849
f 664/850/850 661/851/851 663/852/852
f 667/853/853 665/854/854 666/855/855
f 668/856/856 665/857/857 667/858/858
f 671/859/859 669/860/860 670/861/861
f 672/862/862 669/863/863 671/864/864
f 675/865/865 673/866/866 674/867/867
f 676/868/868 673/869/869 675/870/870
f 679/871/871 677/872/872 678/873/873
f 680/874/874 677/875/875 679/876/876
f 683/877/877 681/878/878 682/879/879
f 684/880/880 681/881/881 683/882/882
f 687/883/883 685/884/884 686/885/885
f 688/886/886 685/887/887 687/888/888
f 691/889/889 689/890/890 690/891/891
f 692/892/892 689/893/893 691/894/894
f 695/895/895 693/896/896 694/897/897
f 696/898/898 693/899/899 695/900/900
f 699/901/901 697/902/902 698/903/903
f 700/904/904 697/905/905 699/906/906
f 703/907/907 701/908/908 702/909/909
f 704/910/910 701/911/911 703/912/912
f 707/913/913 705/914/914 706/915/915
f 708/916/916 705/917/917 707/918/918
f 711/919/919 709/920/920 710/921/921
f 712/922/922 709/923/923 711/924/924
f 715/925/925 713/926/926 714/927/927
f 716/928/928 713/929/929 715/930/930
f 719/931/931 717/932/932 718/933/933
f 720/934/934 717/935/935 719/936/936
f 723/937/937 721/938/938 722/939/939
f 724/940/940 721/941/941 723/942/942
f 727/943/943 725/944/944 726/945/945
f 728/946/946 725/947/947 727/948/948
f 731/949/949 729/950/950 730/951/951
f 732/952/952 729/953/953 731/954/954
f 735/955/955 733/956/956 734/957/957
f 736/958/958 733/959/959 735/960/960
f 739/961/961 737/962/962 738/963/963
f 740/964/964 737/965/965 739/966/966
f 743/967/967 741/968/968 742/969/969
f 744/970/970 741/971/971 743/972/972
f 747/973/973 745/974/974 746/975/975
f 748/976/976 745/977/977 747/978/978
f 759/979/979 757/980/980 758/981/981
f 760/982/982 757/983/983 759/984/984
f 763/985/985 761/986/986 762/987/987
f 764/988/988 761/989/989 763/990/990
f 767/991/991 765/992/992 766/993/993
f 768/994/994 765/995/995 767/996/996
f 771/997/997 769/998/998 770/999/999
f 772/1000/1000 769/1001/1001 771/1002/1002
f 775/1003/1003 773/1004/1004 774/1005/1005
f 776/1006/1006 773/1007/1007 775/1008/1008
f 891/1009/1009 889/1010/1010 890/1011/1011
f 894/1012/1012 892/1013/1013 893/1014/1014
f 897/1015/1015 895/1016/1016 896/1017/1017
f 900/1018/1018 898/1019/1019 899/1020/1020
f 903/1021/1021 901/1022/1022 902/1023/1023
f 974/1024/1024 972/1025/1025 973/1026/1026
f 1005/1027/1027 1003/1028/1028 1004/1029/1029
f 1008/1030/1030 1006/1031/1031 1007/1032/1032
f 1011/1033/1033 1009/1034/1034 1010/1035/1035
f 1014/1036/1036 1012/1037/1037 1013/1038/1038
f 1017/1039/1039 1015/1040/1040 1016/1041/1041
f 1088/1042/1042 1086/1043/1043 1087/1044/1044
f 1119/1045/1045 1117/1046/1046 1118/1047/1047
f 1122/1048/1048 1120/1049/1049 1121/1050/1050
f 1125/1051/1051 1123/1052/1052 1124/1053/1053
f 1128/1054/1054 1126/1055/1055 1127/1056/1056
f 1131/1057/1057 1129/1058/1058 1130/1059/1059
f 1202/1060/1060 1200/1061/1061 1201/1062/1062
f 1233/1063/1063 1231/1064/1064 1232/1065/1065
f 1234/1066/1066 1231/1067/1067 1233/1068/1068
f 1237/1069/1069 1235/1070/1070 1236/1071/1071
f 1238/1072/1072 1235/1073/1073 1237/1074/1074
f 1241/1075/1075 1239/1076/1076 1240/1077/1077
f 1242/1078/1078 1239/1079/1079 1241/1080/1080
f 1245/1081/1081 1243/1082/1082 1244/1083/1083
f 1246/1084/1084 1243/1085/1085 1245/1086/1086
f 1249/1087/1087 1247/1088/1088 1248/1089/1089
f 1250/1090/1090 1247/1091/1091 1249/1092/1092
f 1253/1093/1093 1251/1094/1094 1252/1095/1095
f 1254/1096/1096 1251/1097/1097 1253/1098/1098
f 1257/1099/1099 1255/1100/1100 1256/1101/1101
f 1260/1102/1102 1258/1103/1103 1259/1104/1104
f 1261/1105/1105 1258/1106/1106 1260/1107/1107
f 1264/1108/1108 1262/1109/1109 1263/1110/1110
f 1265/1111/1111 1262/1112/1112 1264/1113/1113
f 1268/1114/1114 1266/1115/1115 1267/1116/1116
f 1271/1117/1117 1269/1118/1118 1270/1119/1119
f 1274/1120/1120 1272/1121/1121 1273/1122/1122
f 1277/1123/1123 1275/1124/1124 1276/1125/1125
f 1280/1126/1126 1278/1127/1127 1279/1128/1128
f 1283/1129/1129 1281/1130/1130 1282/1131/1131
f 1284/1132/1132 1281/1133/1133 1283/1134/1134
f 1287/1135/1135 1285/1136/1136 1286/1137/1137
f 1288/1138/1138 1285/1139/1139 1287/1140/1140
f 1291/1141/1141 1289/1142/1142 1290/1143/1143
f 1292/1144/1144 1289/1145/1145 1291/1146/1146
f 1295/1147/1147 1293/1148/1148 1294/1149/1149
f 1296/1150/1150 1293/1151/1151 1295/1152/1152
f 1299/1153/1153 1297/1154/1154 1298/1155/1155
f 1300/1156/1156 1297/1157/1157 1299/1158/1158
f 1303/1159/1159 1301/1160/1160 1302/1161/1161
f 1304/1162/1162 1301/1163/1163 1303/1164/1164
f 1307/1165/1165 1305/1166/1166 1306/1167/1167
f 1308/1168/1168 1305/1169/1169 1307/1170/1170
f 1311/1171/1171 1309/1172/1172 1310/1173/1173
f 1312/1174/1174 1309/1175/1175 1311/1176/1176
f 1315/1177/1177 1313/1178/1178 1314/1179/1179
f 1316/1180/1180 1313/1181/1181 1315/1182/1182
f 1319/1183/1183 1317/1184/1184 1318/1185/1185
f 1320/1186/1186 1317/1187/1187 1319/1188/1188
f 1323/1189/1189 1321/1190/1190 1322/1191/1191
f 1324/1192/1192 1321/1193/1193 1323/1194/1194
f 1327/1195/1195 1325/1196/1196 1326/1197/1197
f 1330/1198/1198 1328/1199/1199 1329/1200/1200
f 1331/1201/1201 1328/1202/1202 1330/1203/1203
f 1334/1204/1204 1332/1205/1205 1333/1206/1206
f 1335/1207/1207 1332/1208/1208 1334/1209/1209
f 1338/1210/1210 1336/1211/1211 1337/1212/1212
f 1341/1213/1213 1339/1214/1214 1340/1215/1215
f 1344/1216/1216 1342/1217/1217 1343/1218/1218
f 1347/1219/1219 1345/1220/1220 1346/1221/1221
f 1350/1222/1222 1348/1223/1223 1349/1224/1224
f 1353/1225/1225 1351/1226/1226 1352/1227/1227
f 1354/1228/1228 1351/1229/1229 1353/1230/1230
f 1357/1231/1231 1355/1232/1232 1356/1233/1233
f 1358/1234/1234 1355/1235/1235 1357/1236/1236
f 1361/1237/1237 1359/1238/1238 1360/1239/1239
f 1362/1240/1240 1359/1241/1241 1361/1242/1242
f 1365/1243/1243 1363/1244/1244 1364/1245/1245
f 1366/1246/1246 1363/1247/1247 1365/1248/1248
f 1369/1249/1249 1367/1250/1250 1368/1251/1251
f 1370/1252/1252 1367/1253/1253 1369/1254/1254
f 1373/1255/1255 1371/1256/1256 1372/1257/1257
f 1374/1258/1258 1371/1259/1259 1373/1260/1260
f 1377/1261/1261 1375/1262/1262 1376/1263/1263
f 1378/1264/1264 1375/1265/1265 1377/1266/1266
f 1381/1267/1267 1379/1268/1268 1380/1269/1269
f 1382/1270/1270 1379/1271/1271 1381/1272/1272
f 1385/1273/1273 1383/1274/1274 1384/1275/1275
f 1386/1276/1276 1383/1277/1277 1385/1278/1278
f 1389/1279/1279 1387/1280/1280 1388/1281/1281
f 1390/1282/1282 1387/1283/1283 1389/1284/1284
f 1393/1285/1285 1391/1286/1286 1392/1287/1287
f 1394/1288/1288 1391/1289/1289 1393/1290/1290
f 1397/1291/1291 1395/1292/1292 1396/1293/1293
f 1400/1294/1294 1398/1295/1295 1399/1296/1296
f 1401/1297/1297 1398/1298/1298 1400/1299/1299
f 1404/1300/1300 1402/1301/1301 1403/1302/1302
f 1405/1303/1303 1402/1304/1304 1404/1305/1305
f 1408/1306/1306 1406/1307/1307 1407/1308/1308
f 1411/1309/1309 1409/1310/1310 1410/1311/1311
f 1414/1312/1312 1412/1313/1313 1413/1314/1314
f 1417/1315/1315 1415/1316/1316 1416/1317/1317
f 1420/1318/1318 1418/1319/1319 1419/1320/1320
f 1423/1321/1321 1421/1322/1322 1422/1323/1323
f 1424/1324/1324 1421/1325/1325 1423/1326/1326
f 1427/1327/1327 1425/1328/1328 1426/1329/1329
f 1428/1330/1330 1425/1331/1331 1427/1332/1332
f 1431/1333/1333 1429/1334/1334 1430/1335/1335
f 1432/1336/1336 1429/1337/1337 1431/1338/1338
f 1435/1339/1339 1433/1340/1340 1434/1341/1341
f 1436/1342/1342 1433/1343/1343 1435/1344/1344
f 1439/1345/1345 1437/1346/1346 1438/1347/1347
f 1440/1348/1348 1437/1349/1349 1439/1350/1350
f 1443/1351/1351 1441/1352/1352 1442/1353/1353
f 1444/1354/1354 1441/1355/1355 1443/1356/1356
f 1447/1357/1357 1445/1358/1358 1446/1359/1359
f 1448/1360/1360 1445/1361/1361 1447/1362/1362
f 1451/1363/1363 1449/1364/1364 1450/1365/1365
f 1452/1366/1366 1449/1367/1367 1451/1368/1368
f 1455/1369/1369 1453/1370/1370 1454/1371/1371
f 1456/1372/1372 1453/1373/1373 1455/1374/1374
f 1459/1375/1375 1457/1376/1376 1458/1377/1377
f 1460/1378/1378 1457/1379/1379 1459/1380/1380
f 1463/1381/1381 1461/1382/1382 1462/1383/1383
f 1464/1384/1384 1461/1385/1385 1463/1386/1386
f 1467/1387/1387 1465/1388/1388 1466/1389/1389
f 1470/1390/1390 1468/1391/1391 1469/1392/1392
f 1471/1393/1393 1468/1394/1394 1470/1395/1395
f 1474/1396/1396 1472/1397/1397 1473/1398/1398
f 1475/1399/1399 1472/1400/1400 1474/1401/1401
f 1478/1402/1402 1476/1403/1403 1477/1404/1404
f 1481/1405/1405 1479/1406/1406 1480/1407/1407
f 1484/1408/1408 1482/1409/1409 1483/1410/1410
f 1487/1411/1411 1485/1412/1412 1486/1413/1413
f 1490/1414/1414 1488/1415/1415 1489/1416/1416
f 1493/1417/1417 1491/1418/1418 1492/1419/1419
f 1494/1420/1420 1491/1421/1421 1493/1422/1422
f 1497/1423/1423 1495/1424/1424 1496/1425/1425
f 1498/1426/1426 1495/1427/1427 1497/1428/1428
f 1501/1429/1429 1499/1430/1430 1500/1431/1431
f 1502/1432/1432 1499/1433/1433 1501/1434/1434
f 1505/1435/1435 1503/1436/1436 1504/1437/1437
f 1506/1438/1438 1503/1439/1439 1505/1440/1440
f 1509/1441/1441 1507/1442/1442 1508/1443/1443
f 1510/1444/1444 1507/1445/1445 1509/1446/1446

g Material.001
f 252/1447/1447 250/1448/1448 251/1449/1449
f 253/1450/1450 250/1451/1451 252/1452/1452
f 256/1453/1453 254/1454/1454 255/1455/1455
f 257/1456/1456 254/1457/1457 256/1458/1458
f 260/1459/1459 258/1460/1460 259/1461/1461
f 261/1462/1462 258/1463/1463 260/1464/1464
f 264/1465/1465 262/1466/1466 263/1467/1467
f 265/1468/1468 262/1469/1469 264/1470/1470
f 268/1471/1471 266/1472/1472 267/1473/1473
f 269/1474/1474 266/1475/1475 268/1476/1476
f 272/1477/1477 270/1478/1478 271/1479/1479
f 273/1480/1480 270/1481/1481 272/1482/1482
f 276/1483/1483 274/1484/1484 275/1485/1485
f 277/1486/1486 274/1487/1487 276/1488/1488
f 280/1489/1489 278/1490/1490 279/1491/1491
f 281/1492/1492 278/1493/1493 280/1494/1494
f 284/1495/1495 282/1496/1496 283/1497/1497
f 285/1498/1498 282/1499/1499 284/1500/1500
f 288/1501/1501 286/1502/1502 287/1503/1503
f 289/1504/1504 286/1505/1505 288/1506/1506
f 292/1507/1507 290/1508/1508 291/1509/1509
f 293/1510/1510 290/1511/1511 292/1512/1512
f 296/1513/1513 294/1514/1514 295/1515/1515
f 297/1516/1516 294/1517/1517 296/1518/1518
f 300/1519/1519 298/1520/1520 299/1521/1521
f 301/1522/1522 298/1523/1523 300/1524/1524
f 304/1525/1525 302/1526/1526 303/1527/1527
f 305/1528/1528 302/1529/1529 304/1530/1530
f 308/1531/1531 306/1532/1532 307/1533/1533
f 309/1534/1534 306/1535/1535 308/1536/1536
f 312/1537/1537 310/1538/1538 311/1539/1539
f 313/1540/1540 310/1541/1541 312/1542/1542
f 316/1543/1543 314/1544/1544 315/1545/1545
f 317/1546/1546 314/1547/1547 316/1548/1548
f 323/1549/1549 321/1550/1550 322/1551/1551
f 324/1552/1552 321/1553/1553 323/1554/1554
f 327/1555/1555 325/1556/1556 326/1557/1557
f 328/1558/1558 325/1559/1559 327/1560/1560
f 331/1561/1561 329/1562/1562 330/1563/1563
f 332/1564/1564 329/1565/1565 331/1566/1566
f 335/1567/1567 333/1568/1568 334/1569/1569
f 336/1570/1570 333/1571/1571 335/1572/1572
f 339/1573/1573 337/1574/1574 338/1575/1575
f 340/1576/1576 337/1577/1577 339/1578/1578
f 343/1579/1579 341/1580/1580 342/1581/1581
f 344/1582/1582 341/1583/1583 343/1584/1584
f 347/1585/1585 345/1586/1586 346/1587/1587
f 348/1588/1588 345/1589/1589 347/1590/1590
f 779/1591/1591 777/1592/1592 778/1593/1593
f 780/1594/1594 777/1595/1595 779/1596/1596
f 783/1597/1597 781/1598/1598 782/1599/1599
f 784/1600/1600 781/1601/1601 783/1602/1602
f 787/1603/1603 785/1604/1604 786/1605/1605
f 788/1606/1606 785/1607/1607 787/1608/1608
f 791/1609/1609 789/1610/1610 790/1611/1611
f 792/1612/1612 789/1613/1613 791/1614/1614
f 795/1615/1615 793/1616/1616 794/1617/1617
f 796/1618/1618 793/1619/1619 795/1620/1620
f 799/1621/1621 797/1622/1622 798/1623/1623
f 800/1624/1624 797/1625/1625 799/1626/1626
f 803/1627/1627 801/1628/1628 802/1629/1629
f 804/1630/1630 801/1631/1631 803/1632/1632
f 807/1633/1633 805/1634/1634 806/1635/1635
f 808/1636/1636 805/1637/1637 807/1638/1638
f 811/1639/1639 809/1640/1640 810/1641/1641
f 812/1642/1642 809/1643/1643 811/1644/1644
f 815/1645/1645 813/1646/1646 814/1647/1647
f 816/1648/1648 813/1649/1649 815/1650/1650
f 819/1651/1651 817/1652/1652 818/1653/1653
f 820/1654/1654 817/1655/1655 819/1656/1656
f 823/1657/1657 821/1658/1658 822/1659/1659
f 824/1660/1660 821/1661/1661 823/1662/1662
f 827/1663/1663 825/1664/1664 826/1665/1665
f 828/1666/1666 825/1667/1667 827/1668/1668
f 831/1669/1669 829/1670/1670 830/1671/1671
f 832/1672/1672 829/1673/1673 831/1674/1674
f 835/1675/1675 833/1676/1676 834/1677/1677
f 836/1678/1678 833/1679/1679 835/1680/1680
f 839/1681/1681 837/1682/1682 838/1683/1683
f 840/1684/1684 837/1685/1685 839/1686/1686
f 843/1687/1687 841/1688/1688 842/1689/1689
f 844/1690/1690 841/1691/1691 843/1692/1692
f 847/1693/1693 845/1694/1694 846/1695/1695
f 848/1696/1696 845/1697/1697 847/1698/1698
f 851/1699/1699 849/1700/1700 850/1701/1701
f 852/1702/1702 849/1703/1703 851/1704/1704
f 855/1705/1705 853/1706/1706 854/1707/1707
f 856/1708/1708 853/1709/1709 855/1710/1710
f 859/1711/1711 857/1712/1712 858/1713/1713
f 860/1714/1714 857/1715/1715 859/1716/1716
f 863/1717/1717 861/1718/1718 862/1719/1719
f 864/1720/1720 861/1721/1721 863/1722/1722
f 867/1723/1723 865/1724/1724 866/1725/1725
f 868/1726/1726 865/1727/1727 867/1728/1728
f 871/1729/1729 869/1730/1730 870/1731/1731
f 872/1732/1732 869/1733/1733 871/1734/1734
f 875/1735/1735 873/1736/1736 874/1737/1737
f 876/1738/1738 873/1739/1739 875/1740/1740
f 879/1741/1741 877/1742/1742 878/1743/1743
f 880/1744/1744 877/1745/1745 879/1746/1746
f 883/1747/1747 881/1748/1748 882/1749/1749
f 884/1750/1750 881/1751/1751 883/1752/1752
f 906/1753/1753 904/1754/1754 905/1755/1755
f 907/1756/1756 904/1757/1757 906/1758/1758
f 910/1759/1759 908/1760/1760 909/1761/1761
f 911/1762/1762 908/1763/1763 910/1764/1764
f 914/1765/1765 912/1766/1766 913/1767/1767
f 915/1768/1768 912/1769/1769 914/1770/1770
f 918/1771/1771 916/1772/1772 917/1773/1773
f 919/1774/1774 916/1775/1775 918/1776/1776
f 922/1777/1777 920/1778/1778 921/1779/1779
f 923/1780/1780 920/1781/1781 922/1782/1782
f 926/1783/1783 924/1784/1784 925/1785/1785
f 927/1786/1786 924/1787/1787 926/1788/1788
f 930/1789/1789 928/1790/1790 929/1791/1791
f 931/1792/1792 928/1793/1793 930/1794/1794
f 934/1795/1795 932/1796/1796 933/1797/1797
f 935/1798/1798 932/1799/1799 934/1800/1800
f 938/1801/1801 936/1802/1802 937/1803/1803
f 939/1804/1804 936/1805/1805 938/1806/1806
f 942/1807/1807 940/1808/1808 941/1809/1809
f 943/1810/1810 940/1811/1811 942/1812/1812
f 946/1813/1813 944/1814/1814 945/1815/1815
f 947/1816/1816 944/1817/1817 946/1818/1818
f 950/1819/1819 948/1820/1820 949/1821/1821
f 951/1822/1822 948/1823/1823 950/1824/1824
f 954/1825/1825 952/1826/1826 953/1827/1827
f 955/1828/1828 952/1829/1829 954/1830/1830
f 958/1831/1831 956/1832/1832 957/1833/1833
f 959/1834/1834 956/1835/1835 958/1836/1836
f 962/1837/1837 960/1838/1838 961/1839/1839
f 963/1840/1840 960/1841/1841 962/1842/1842
f 966/1843/1843 964/1844/1844 965/1845/1845
f 967/1846/1846 964/1847/1847 966/1848/1848
f 970/1849/1849 968/1850/1850 969/1851/1851
f 971/1852/1852 968/1853/1853 970/1854/1854
f 977/1855/1855 975/1856/1856 976/1857/1857
f 978/1858/1858 975/1859/1859 977/1860/1860
f 981/1861/1861 979/1862/1862 980/1863/1863
f 982/1864/1864 979/1865/1865 981/1866/1866
f 985/1867/1867 983/1868/1868 984/1869/1869
f 986/1870/1870 983/1871/1871 985/1872/1872
f 989/1873/1873 987/1874/1874 988/1875/1875
f 990/1876/1876 987/1877/1877 989/1878/1878
f 993/1879/1879 991/1880/1880 992/1881/1881
f 994/1882/1882 991/1883/1883 993/1884/1884
f 997/1885/1885 995/1886/1886 996/1887/1887
f 998/1888/1888 995/1889/1889 997/1890/1890
f 1001/1891/1891 999/1892/1892 1000/1893/1893
f 1002/1894/1894 999/1895/1895 1001/1896/1896
f 1020/1897/1897 1018/1898/1898 1019/1899/1899
f 1021/1900/1900 1018/1901/1901 1020/1902/1902
f 1024/1903/1903 1022/1904/1904 1023/1905/1905
f 1025/1906/1906 1022/1907/1907 1024/1908/1908
f 1028/1909/1909 1026/1910/1910 1027/1911/1911
f 1029/1912/1912 1026/1913/1913 1028/1914/1914
f 1032/1915/1915 1030/1916/1916 1031/1917/1917
f 1033/1918/1918 1030/1919/1919 1032/1920/1920
f 1036/1921/1921 1034/1922/1922 1035/1923/1923
f 1037/1924/1924 1034/1925/1925 1036/1926/1926
f 1040/1927/1927 1038/1928/1928 1039/1929/1929
f 1041/1930/1930 1038/1931/1931 1040/1932/1932
f 1044/1933/1933 1042/1934/1934 1043/1935/1935
f 1045/1936/1936 1042/1937/1937 1044/1938/1938
f 1048/1939/1939 1046/1940/1940 1047/1941/1941
f 1049/1942/1942 1046/1943/1943 1048/1944/1944
f 1052/1945/1945 1050/1946/1946 1051/1947/1947
f 1053/1948/1948 1050/1949/1949 1052/1950/1950
f 1056/1951/1951 1054/1952/1952 1055/1953/1953
f 1057/1954/1954 1054/1955/1955 1056/1956/1956
f 1060/1957/1957 1058/1958/1958 1059/1959/1959
f 1061/1960/1960 1058/1961/1961 1060/1962/1962
f 1064/1963/1963 1062/1964/1964 1063/1965/1965
f 1065/1966/1966 1062/1967/1967 1064/1968/1968
f 1068/1969/1969 1066/1970/1970 1067/1971/1971
f 1069/1972/1972 1066/1973/1973 1068/1974/1974
f 1072/1975/1975 1070/1976/1976 1071/1977/1977
f 1073/1978/1978 1070/1979/1979 1072/1980/1980
f 1076/1981/1981 1074/1982/1982 1075/1983/1983
f 1077/1984/1984 1074/1985/1985 1076/1986/1986
f 1080/1987/1987 1078/1988/1988 1079/1989/1989
f 1081/1990/1990 1078/1991/1991 1080/1992/1992
f 1084/1993/1993 1082/1994/1994 1083/1995/1995
f 1085/1996/1996 1082/1997/1997 1084/1998/1998
f 1091/1999/1999 1089/2000/2000 1090/2001/2001
f 1092/2002/2002 1089/2003/2003 1091/2004/2004
f 1095/2005/2005 1093/2006/2006 1094/2007/2007
f 1096/2008/2008 1093/2009/2009 1095/2010/2010
f 1099/2011/2011 1097/2012/2012 1098/2013/2013
f 1100/2014/2014 1097/2015/2015 1099/2016/2016
f 1103/2017/2017 1101/2018/2018 1102/2019/2019
f 1104/2020/2020 1101/2021/2021 1103/2022/2022
f 1107/2023/2023 1105/2024/2024 1106/2025/2025
f 1108/2026/2026 1105/2027/2027 1107/2028/2028
f 1111/2029/2029 1109/2030/2030 1110/2031/2031
f 1112/2032/2032 1109/2033/2033 1111/2034/2034
f 1115/2035/2035 1113/2036/2036 1114/2037/2037
f 1116/2038/2038 1113/2039/2039 1115/2040/2040
f 1134/2041/2041 1132/2042/2042 1133/2043/2043
f 1135/2044/2044 1132/2045/2045 1134/2046/2046
f 1138/2047/2047 1136/2048/2048 1137/2049/2049
f 1139/2050/2050 1136/2051/2051 1138/2052/2052
f 1142/2053/2053 1140/2054/2054 1141/2055/2055
f 1143/2056/2056 1140/2057/2057 1142/2058/2058
f 1146/2059/2059 1144/2060/2060 1145/2061/2061
f 1147/2062/2062 1144/2063/2063 1146/2064/2064
f 1150/2065/2065 1148/2066/2066 1149/2067/2067
f 1151/2068/2068 1148/2069/2069 1150/2070/2070
f 1154/2071/2071 1152/2072/2072 1153/2073/2073
f 1155/2074/2074 1152/2075/2075 1154/2076/2076
f 1158/2077/2077 1156/2078/2078 1157/2079/2079
f 1159/2080/2080 1156/2081/2081 1158/2082/2082
f 1162/2083/2083 1160/2084/2084 1161/2085/2085
f 1163/2086/2086 1160/2087/2087 1162/2088/2088
f 1166/2089/2089 1164/2090/2090 1165/2091/2091
f 1167/2092/2092 1164/2093/2093 1166/2094/2094
f 1170/2095/2095 1168/2096/2096 1169/2097/2097
f 1171/2098/2098 1168/2099/2099 1170/2100/2100
f 1174/2101/2101 1172/2102/2102 1173/2103/2103
f 1175/2104/2104 1172/2105/2105 1174/2106/2106
f 1178/2107/2107 1176/2108/2108 1177/2109/2109
f 1179/2110/2110 1176/2111/2111 1178/2112/2112
f 1182/2113/2113 1180/2114/2114 1181/2115/2115
f 1183/2116/2116 1180/2117/2117 1182/2118/2118
f 1186/2119/2119 1184/2120/2120 1185/2121/2121
f 1187/2122/2122 1184/2123/2123 1186/2124/2124
f 1190/2125/2125 1188/2126/2126 1189/2127/2127
f 1191/2128/2128 1188/2129/2129 1190/2130/2130
f 1194/2131/2131 1192/2132/2132 1193/2133/2133
f 1195/2134/2134 1192/2135/2135 1194/2136/2136
f 1198/2137/2137 1196/2138/2138 1197/2139/2139
f 1199/2140/2140 1196/2141/2141 1198/2142/2142
f 1205/2143/2143 1203/2144/2144 1204/2145/2145
f 1206/2146/2146 1203/2147/2147 1205/2148/2148
f 1209/2149/2149 1207/2150/2150 1208/2151/2151
f 1210/2152/2152 1207/2153/2153 1209/2154/2154
f 1213/2155/2155 1211/2156/2156 1212/2157/2157
f 1214/2158/2158 1211/2159/2159 1213/2160/2160
f 1217/2161/2161 1215/2162/2162 1216/2163/2163
f 1218/2164/2164 1215/2165/2165 1217/2166/2166
f 1221/2167/2167 1219/2168/2168 1220/2169/2169
f 1222/2170/2170 1219/2171/2171 1221/2172/2172
f 1225/2173/2173 1223/2174/2174 1224/2175/2175
f 1226/2176/2176 1223/2177/2177 1225/2178/2178
f 1229/2179/2179 1227/2180/2180 1228/2181/2181
f 1230/2182/2182 1227/2183/2183 1229/2184/2184

g Material.003
f 887/2185/2185 885/2186/2186 886/2187/2187
f 888/2188/2188 885/2189/2189 887/2190/2190

