# Converted from B3D for Luanti (With Correct Normals)
# Object Name: multidecor_bathroom_sink

v -0.707107 0.459063 0.250000
v -0.923880 0.707247 0.250000
v -0.853554 0.707247 -0.103554
v -0.653282 0.459063 -0.020598
v -0.382684 0.348232 0.250000
v -0.707107 0.459063 0.250000
v -0.653282 0.459063 -0.020598
v -0.353554 0.348232 0.103553
v -0.923880 0.707247 0.250000
v -1.000000 1.000000 0.249999
v -0.923880 1.000000 -0.132683
v -0.853554 0.707247 -0.103554
v -0.353554 0.348232 0.103553
v -0.653282 0.459063 -0.020598
v -0.500000 0.459063 -0.250000
v -0.270598 0.348232 -0.020598
v -0.853554 0.707247 -0.103554
v -0.923880 1.000000 -0.132683
v -0.707107 1.000000 -0.457107
v -0.653282 0.707247 -0.403282
v -0.653282 0.459063 -0.020598
v -0.853554 0.707247 -0.103554
v -0.653282 0.707247 -0.403282
v -0.500000 0.459063 -0.250000
v -0.653282 0.707247 -0.403282
v -0.707107 1.000000 -0.457107
v -0.382683 1.000000 -0.673880
v -0.353553 0.707247 -0.603554
v -0.707107 0.459063 0.250000
v -0.382684 0.348232 0.250000
v -0.382684 0.348232 1.000000
v -0.707107 0.459063 1.000000
v -0.500000 0.459063 -0.250000
v -0.653282 0.707247 -0.403282
v -0.353553 0.707247 -0.603554
v -0.270598 0.459063 -0.403282
v -0.270598 0.348232 -0.020598
v -0.500000 0.459063 -0.250000
v -0.270598 0.459063 -0.403282
v -0.146447 0.348232 -0.103553
v 0.923880 0.707247 0.250000
v 1.000000 1.000000 0.250000
v 1.000000 1.000000 1.000000
v 0.923879 0.707247 1.000000
v -0.270598 0.459063 -0.403282
v -0.353553 0.707247 -0.603554
v 0.000000 0.707247 -0.673880
v 0.000000 0.459063 -0.457107
v -0.146447 0.348232 -0.103553
v -0.270598 0.459063 -0.403282
v 0.000000 0.459063 -0.457107
v 0.000000 0.348232 -0.132684
v -0.353553 0.707247 -0.603554
v -0.382683 1.000000 -0.673880
v 0.000000 1.000000 -0.750000
v 0.000000 0.707247 -0.673880
v 0.000000 0.348232 -0.132684
v 0.000000 0.459063 -0.457107
v 0.270598 0.459063 -0.403282
v 0.146447 0.348232 -0.103553
v 0.000000 0.707247 -0.673880
v 0.000000 1.000000 -0.750000
v 0.382684 1.000000 -0.673879
v 0.353554 0.707247 -0.603553
v 0.382683 0.348232 0.250000
v 0.707107 0.459063 0.250000
v 0.707107 0.459063 1.000000
v 0.382683 0.348232 1.000000
v 0.000000 0.459063 -0.457107
v 0.000000 0.707247 -0.673880
v 0.353554 0.707247 -0.603553
v 0.270598 0.459063 -0.403282
v 0.146447 0.348232 -0.103553
v 0.270598 0.459063 -0.403282
v 0.500000 0.459063 -0.250000
v 0.270598 0.348232 -0.020598
v 0.353554 0.707247 -0.603553
v 0.382684 1.000000 -0.673879
v 0.707107 1.000000 -0.457107
v 0.653282 0.707247 -0.403281
v -0.923880 0.707247 0.250000
v -0.707107 0.459063 0.250000
v -0.707107 0.459063 1.000000
v -0.923880 0.707247 1.000000
v 0.270598 0.459063 -0.403282
v 0.353554 0.707247 -0.603553
v 0.653282 0.707247 -0.403281
v 0.500000 0.459063 -0.250000
v 0.707107 0.459063 0.250000
v 0.923880 0.707247 0.250000
v 0.923879 0.707247 1.000000
v 0.707107 0.459063 1.000000
v 0.500000 0.459063 -0.250000
v 0.653282 0.707247 -0.403281
v 0.853553 0.707247 -0.103553
v 0.653282 0.459063 -0.020598
v 0.270598 0.348232 -0.020598
v 0.500000 0.459063 -0.250000
v 0.653282 0.459063 -0.020598
v 0.353553 0.348232 0.103554
v 0.653282 0.707247 -0.403281
v 0.707107 1.000000 -0.457107
v 0.923880 1.000000 -0.132683
v 0.853553 0.707247 -0.103553
v -1.000000 1.000000 0.249999
v -0.923880 0.707247 0.250000
v -0.923880 0.707247 1.000000
v -1.000000 1.000000 0.999999
v 0.653282 0.459063 -0.020598
v 0.853553 0.707247 -0.103553
v 0.923880 0.707247 0.250000
v 0.707107 0.459063 0.250000
v 0.353553 0.348232 0.103554
v 0.653282 0.459063 -0.020598
v 0.707107 0.459063 0.250000
v 0.382683 0.348232 0.250000
v 0.853553 0.707247 -0.103553
v 0.923880 1.000000 -0.132683
v 1.000000 1.000000 0.250000
v 0.923880 0.707247 0.250000
v -1.000000 1.000000 0.999999
v -0.923880 0.707247 1.000000
v -0.382684 0.348232 1.000000
v -0.311834 0.598586 0.068709
v -0.576194 0.667251 -0.029842
v -0.441000 0.667251 -0.211941
v -0.238668 0.598586 -0.029842
v -0.752834 0.815798 -0.095692
v -0.814862 1.000000 -0.118816
v -0.623668 1.000000 -0.376343
v -0.576194 0.815798 -0.333616
v -0.576194 0.667251 -0.029842
v -0.752834 0.815798 -0.095692
v -0.576194 0.815798 -0.333616
v -0.441000 0.667251 -0.211941
v -0.576194 0.815798 -0.333616
v -0.623668 1.000000 -0.376343
v -0.337527 1.000000 -0.548417
v -0.311834 0.815798 -0.492592
v -0.441000 0.667251 -0.211941
v -0.576194 0.815798 -0.333616
v -0.311834 0.815798 -0.492592
v -0.238667 0.667251 -0.333616
v -0.238668 0.598586 -0.029842
v -0.441000 0.667251 -0.211941
v -0.238667 0.667251 -0.333616
v -0.129166 0.598586 -0.095692
v -0.238667 0.667251 -0.333616
v -0.311834 0.815798 -0.492592
v 0.000000 0.815798 -0.548417
v 0.000000 0.667251 -0.376343
v -0.129166 0.598586 -0.095692
v -0.238667 0.667251 -0.333616
v 0.000000 0.667251 -0.376343
v 0.000000 0.598586 -0.118816
v -0.311834 0.815798 -0.492592
v -0.337527 1.000000 -0.548417
v 0.000000 1.000000 -0.608841
v 0.000000 0.815798 -0.548417
v 0.000000 0.598586 -0.118816
v 0.000000 0.667251 -0.376343
v 0.238668 0.667251 -0.333616
v 0.129166 0.598586 -0.095692
v 0.000000 0.815798 -0.548417
v 0.000000 1.000000 -0.608841
v 0.337527 1.000000 -0.548417
v 0.311834 0.815798 -0.492592
v 0.000000 0.667251 -0.376343
v 0.000000 0.815798 -0.548417
v 0.311834 0.815798 -0.492592
v 0.238668 0.667251 -0.333616
v 0.129166 0.598586 -0.095692
v 0.238668 0.667251 -0.333616
v 0.441000 0.667251 -0.211941
v 0.238667 0.598586 -0.029842
v 0.311834 0.815798 -0.492592
v 0.337527 1.000000 -0.548417
v 0.623668 1.000000 -0.376343
v 0.576194 0.815798 -0.333616
v 0.238668 0.667251 -0.333616
v 0.311834 0.815798 -0.492592
v 0.576194 0.815798 -0.333616
v 0.441000 0.667251 -0.211941
v 0.441000 0.667251 -0.211941
v 0.576194 0.815798 -0.333616
v 0.752834 0.815798 -0.095692
v 0.576194 0.667251 -0.029842
v 0.238667 0.598586 -0.029842
v 0.441000 0.667251 -0.211941
v 0.576194 0.667251 -0.029842
v 0.311834 0.598586 0.068709
v 0.576194 0.815798 -0.333616
v 0.623668 1.000000 -0.376343
v 0.814862 1.000000 -0.118815
v 0.752834 0.815798 -0.095692
v -0.311834 0.598586 0.068709
v -0.576194 0.667251 0.167261
v -0.441000 0.667251 0.349360
v -0.238668 0.598586 0.167261
v -0.752834 0.815798 0.233111
v -0.814862 1.000000 0.256234
v -0.623668 1.000000 0.513761
v -0.576194 0.815798 0.471035
v -0.576194 0.667251 0.167261
v -0.752834 0.815798 0.233111
v -0.576194 0.815798 0.471035
v -0.441000 0.667251 0.349360
v -0.576194 0.815798 0.471035
v -0.623668 1.000000 0.513761
v -0.337527 1.000000 0.685836
v -0.311834 0.815798 0.630011
v -0.441000 0.667251 0.349360
v -0.576194 0.815798 0.471035
v -0.311834 0.815798 0.630011
v -0.238668 0.667251 0.471035
v -0.238668 0.598586 0.167261
v -0.441000 0.667251 0.349360
v -0.238668 0.667251 0.471035
v -0.129166 0.598586 0.233111
v -0.238668 0.667251 0.471035
v -0.311834 0.815798 0.630011
v 0.000000 0.815798 0.685836
v 0.000000 0.667251 0.513761
v -0.129166 0.598586 0.233111
v -0.238668 0.667251 0.471035
v 0.000000 0.667251 0.513761
v -0.000000 0.598586 0.256234
v -0.311834 0.815798 0.630011
v -0.337527 1.000000 0.685836
v 0.000000 1.000000 0.746260
v 0.000000 0.815798 0.685836
v -0.000000 0.598586 0.256234
v 0.000000 0.667251 0.513761
v 0.238668 0.667251 0.471035
v 0.129166 0.598586 0.233111
v 0.000000 0.815798 0.685836
v 0.000000 1.000000 0.746260
v 0.337527 1.000000 0.685835
v 0.311834 0.815798 0.630011
v 0.000000 0.667251 0.513761
v 0.000000 0.815798 0.685836
v 0.311834 0.815798 0.630011
v 0.238668 0.667251 0.471035
v 0.129166 0.598586 0.233111
v 0.238668 0.667251 0.471035
v 0.441000 0.667251 0.349360
v 0.238667 0.598586 0.167261
v 0.311834 0.815798 0.630011
v 0.337527 1.000000 0.685835
v 0.623668 1.000000 0.513761
v 0.576195 0.815798 0.471035
v 0.238668 0.667251 0.471035
v 0.311834 0.815798 0.630011
v 0.576195 0.815798 0.471035
v 0.441000 0.667251 0.349360
v 0.441000 0.667251 0.349360
v 0.576195 0.815798 0.471035
v 0.752834 0.815798 0.233111
v 0.576194 0.667251 0.167261
v 0.238667 0.598586 0.167261
v 0.441000 0.667251 0.349360
v 0.576194 0.667251 0.167261
v 0.311834 0.598586 0.068709
v 0.576195 0.815798 0.471035
v 0.623668 1.000000 0.513761
v 0.814862 1.000000 0.256234
v 0.752834 0.815798 0.233111
v 0.752834 0.815798 -0.095692
v 0.752834 0.815798 0.233111
v 0.576194 0.667251 0.167261
v 0.576194 0.667251 -0.029842
v 0.814862 1.000000 -0.118815
v 0.814862 1.000000 0.256234
v 0.752834 0.815798 0.233111
v 0.752834 0.815798 -0.095692
v 0.311834 0.598586 0.068709
v 0.576194 0.667251 -0.029842
v 0.576194 0.667251 0.167261
v -0.311834 0.598586 0.068709
v -0.576194 0.667251 0.167261
v -0.576194 0.667251 -0.029842
v -0.576194 0.667251 -0.029842
v -0.576194 0.667251 0.167261
v -0.752834 0.815798 0.233111
v -0.752834 0.815798 -0.095692
v -0.752834 0.815798 -0.095692
v -0.752834 0.815798 0.233111
v -0.814862 1.000000 0.256234
v -0.814862 1.000000 -0.118816
v 0.000000 1.000000 -0.608841
v 0.000000 1.000000 -0.750000
v -0.382683 1.000000 -0.673880
v 1.000000 1.000000 0.250000
v 0.814862 1.000000 0.256234
v 0.623668 1.000000 0.513761
v 0.814862 1.000000 0.256234
v 1.000000 1.000000 0.250000
v 0.923880 1.000000 -0.132683
v 0.814862 1.000000 -0.118815
v 0.923880 1.000000 -0.132683
v 0.707107 1.000000 -0.457107
v 0.814862 1.000000 -0.118815
v 0.707107 1.000000 -0.457107
v 0.623668 1.000000 -0.376343
v 1.000000 1.000000 1.000000
v 1.000000 1.000000 0.250000
v 0.623668 1.000000 0.513761
v 0.623668 1.000000 -0.376343
v 0.707107 1.000000 -0.457107
v 0.382684 1.000000 -0.673879
v 0.623668 1.000000 -0.376343
v 0.382684 1.000000 -0.673879
v 0.337527 1.000000 -0.548417
v 1.000000 1.000000 1.000000
v 0.623668 1.000000 0.513761
v 0.337527 1.000000 0.685835
v -0.000000 0.598586 -0.037995
v -0.075451 0.598586 -0.006742
v -0.075451 0.548586 -0.006742
v -0.000000 0.548586 -0.037995
v 0.337527 1.000000 -0.548417
v 0.382684 1.000000 -0.673879
v 0.000000 1.000000 -0.608841
v 1.000000 1.000000 1.000000
v 0.337527 1.000000 0.685835
v 0.000000 1.000000 0.746260
v 0.382684 1.000000 -0.673879
v 0.000000 1.000000 -0.750000
v 0.000000 1.000000 -0.608841
v 0.814862 1.000000 -0.118815
v 0.814862 1.000000 0.256234
v 0.923880 1.000000 -0.132683
v -0.337527 1.000000 -0.548417
v 0.000000 1.000000 -0.608841
v -0.382683 1.000000 -0.673880
v -0.337527 1.000000 -0.548417
v -0.382683 1.000000 -0.673880
v -0.623668 1.000000 -0.376343
v -0.623668 1.000000 -0.376343
v -0.382683 1.000000 -0.673880
v -0.707107 1.000000 -0.457107
v -0.623668 1.000000 -0.376343
v -0.707107 1.000000 -0.457107
v -0.814862 1.000000 -0.118816
v -0.814862 1.000000 -0.118816
v -0.707107 1.000000 -0.457107
v -0.923880 1.000000 -0.132683
v -0.814862 1.000000 0.256234
v -0.814862 1.000000 -0.118816
v -0.923880 1.000000 -0.132683
v -0.814862 1.000000 0.256234
v -0.923880 1.000000 -0.132683
v -1.000000 1.000000 0.249999
v -0.623668 1.000000 0.513761
v -0.814862 1.000000 0.256234
v -1.000000 1.000000 0.249999
v -0.623668 1.000000 0.513761
v -1.000000 1.000000 0.249999
v -1.000000 1.000000 0.999999
v -0.337527 1.000000 0.685836
v -0.623668 1.000000 0.513761
v -1.000000 1.000000 0.999999
v 1.000000 1.000000 1.000000
v 0.000000 1.000000 0.746260
v -1.000000 1.000000 0.999999
v 0.000000 1.000000 0.746260
v -0.337527 1.000000 0.685836
v -1.000000 1.000000 0.999999
v -0.075451 0.598586 0.144161
v -0.106704 0.598586 0.068709
v -0.150000 0.598586 0.068709
v -0.106066 0.598586 0.174775
v -0.000000 0.598586 0.175414
v -0.075451 0.598586 0.144161
v -0.106066 0.598586 0.174775
v -0.000000 0.598586 0.218709
v 0.075451 0.598586 0.144161
v -0.000000 0.598586 0.175414
v -0.000000 0.598586 0.218709
v 0.106066 0.598586 0.174775
v 0.106704 0.598586 0.068709
v 0.075451 0.598586 0.144161
v 0.106066 0.598586 0.174775
v 0.150000 0.598586 0.068709
v 0.075451 0.598586 -0.006742
v 0.106704 0.598586 0.068709
v 0.150000 0.598586 0.068709
v 0.106066 0.598586 -0.037357
v -0.000000 0.598586 -0.037995
v 0.075451 0.598586 -0.006742
v 0.106066 0.598586 -0.037357
v -0.000000 0.598586 -0.081291
v -0.075451 0.598586 -0.006742
v -0.000000 0.598586 -0.037995
v -0.000000 0.598586 -0.081291
v -0.106066 0.598586 -0.037357
v -0.106704 0.598586 0.068709
v -0.075451 0.598586 -0.006742
v -0.106066 0.598586 -0.037357
v -0.150000 0.598586 0.068709
v -0.238668 0.598586 0.167261
v -0.150000 0.598586 0.068709
v -0.311834 0.598586 0.068709
v 0.238667 0.598586 -0.029842
v 0.129166 0.598586 -0.095692
v 0.106066 0.598586 -0.037357
v -0.106066 0.598586 -0.037357
v -0.129166 0.598586 -0.095692
v -0.238668 0.598586 -0.029842
v -0.150000 0.598586 0.068709
v -0.106066 0.598586 -0.037357
v -0.238668 0.598586 -0.029842
v -0.150000 0.598586 0.068709
v -0.238668 0.598586 0.167261
v -0.106066 0.598586 0.174775
v -0.238668 0.598586 0.167261
v -0.129166 0.598586 0.233111
v -0.106066 0.598586 0.174775
v -0.000000 0.598586 0.256234
v -0.000000 0.598586 0.218709
v -0.129166 0.598586 0.233111
v -0.106066 0.598586 -0.037357
v -0.000000 0.598586 -0.081291
v -0.129166 0.598586 -0.095692
v -0.000000 0.598586 -0.081291
v 0.000000 0.598586 -0.118816
v -0.129166 0.598586 -0.095692
v 0.129166 0.598586 0.233111
v 0.106066 0.598586 0.174775
v -0.000000 0.598586 0.218709
v 0.106066 0.598586 -0.037357
v 0.129166 0.598586 -0.095692
v -0.000000 0.598586 -0.081291
v -0.000000 0.598586 0.256234
v 0.129166 0.598586 0.233111
v -0.000000 0.598586 0.218709
v 0.129166 0.598586 -0.095692
v 0.000000 0.598586 -0.118816
v -0.000000 0.598586 -0.081291
v 0.106704 0.548586 0.068709
v 0.075451 0.548586 -0.006742
v 0.113177 0.548586 -0.044468
v 0.160056 0.548586 0.068709
v 0.129166 0.598586 0.233111
v 0.238667 0.598586 0.167261
v 0.106066 0.598586 0.174775
v 0.150000 0.598586 0.068709
v 0.238667 0.598586 -0.029842
v 0.106066 0.598586 -0.037357
v -0.150000 0.598586 0.068709
v -0.238668 0.598586 -0.029842
v -0.311834 0.598586 0.068709
v 0.238667 0.598586 0.167261
v 0.150000 0.598586 0.068709
v 0.106066 0.598586 0.174775
v 0.238667 0.598586 0.167261
v 0.311834 0.598586 0.068709
v 0.150000 0.598586 0.068709
v -0.000000 0.598586 0.218709
v -0.106066 0.598586 0.174775
v -0.129166 0.598586 0.233111
v 0.311834 0.598586 0.068709
v 0.238667 0.598586 -0.029842
v 0.150000 0.598586 0.068709
v -0.106704 0.598586 0.068709
v -0.075451 0.598586 0.144161
v -0.075451 0.548586 0.144161
v -0.106704 0.548586 0.068709
v 0.106704 0.598586 0.068709
v 0.075451 0.598586 -0.006742
v 0.075451 0.548586 -0.006742
v 0.106704 0.548586 0.068709
v -0.000000 0.598586 0.175414
v 0.075451 0.598586 0.144161
v 0.075451 0.548586 0.144161
v -0.000000 0.548586 0.175414
v -0.075451 0.598586 -0.006742
v -0.106704 0.598586 0.068709
v -0.106704 0.548586 0.068709
v -0.075451 0.548586 -0.006742
v 0.075451 0.598586 -0.006742
v -0.000000 0.598586 -0.037995
v -0.000000 0.548586 -0.037995
v 0.075451 0.548586 -0.006742
v 0.075451 0.598586 0.144161
v 0.106704 0.598586 0.068709
v 0.106704 0.548586 0.068709
v 0.075451 0.548586 0.144161
v -0.075451 0.598586 0.144161
v -0.000000 0.598586 0.175414
v -0.000000 0.548586 0.175414
v -0.075451 0.548586 0.144161
v -0.000000 0.548586 -0.037995
v -0.075451 0.548586 -0.006742
v -0.113177 0.548586 -0.044468
v -0.000000 0.548586 -0.091347
v -0.075451 0.548586 0.144161
v -0.000000 0.548586 0.175414
v -0.000000 0.548586 0.228766
v -0.113177 0.548586 0.181886
v 0.075451 0.548586 0.144161
v 0.106704 0.548586 0.068709
v 0.160056 0.548586 0.068709
v 0.113177 0.548586 0.181886
v 0.075451 0.548586 -0.006742
v -0.000000 0.548586 -0.037995
v -0.000000 0.548586 -0.091347
v 0.113177 0.548586 -0.044468
v -0.075451 0.548586 -0.006742
v -0.106704 0.548586 0.068709
v -0.160056 0.548586 0.068709
v -0.113177 0.548586 -0.044468
v -0.000000 0.548586 0.175414
v 0.075451 0.548586 0.144161
v 0.113177 0.548586 0.181886
v -0.000000 0.548586 0.228766
v -0.106704 0.548586 0.068709
v -0.075451 0.548586 0.144161
v -0.113177 0.548586 0.181886
v -0.160056 0.548586 0.068709
v -0.113177 0.548586 -0.044468
v -0.160056 0.548586 0.068709
v -0.160056 0.348232 0.068709
v -0.113177 0.348232 -0.044468
v -0.160056 0.548586 0.068709
v -0.113177 0.548586 0.181886
v -0.113177 0.348232 0.181886
v -0.160056 0.348232 0.068709
v -0.000000 0.548586 0.228766
v 0.113177 0.548586 0.181886
v 0.113177 0.348232 0.181886
v -0.000000 0.348232 0.228766
v 0.160056 0.548586 0.068709
v 0.113177 0.548586 -0.044468
v 0.113177 0.348232 -0.044468
v 0.160056 0.348232 0.068709
v -0.000000 0.548586 -0.091347
v -0.113177 0.548586 -0.044468
v -0.113177 0.348232 -0.044468
v -0.000000 0.348232 -0.091347
v -0.113177 0.548586 0.181886
v -0.000000 0.548586 0.228766
v -0.000000 0.348232 0.228766
v -0.113177 0.348232 0.181886
v 0.113177 0.548586 0.181886
v 0.160056 0.548586 0.068709
v 0.160056 0.348232 0.068709
v 0.113177 0.348232 0.181886
v 0.113177 0.548586 -0.044468
v -0.000000 0.548586 -0.091347
v -0.000000 0.348232 -0.091347
v 0.113177 0.348232 -0.044468
v -0.000000 0.348232 0.228766
v -0.000000 0.098232 0.228766
v 0.113177 0.098232 0.181886
v 0.113177 0.348232 0.181886
v -0.160056 0.348232 0.068709
v -0.160056 0.098232 0.068709
v -0.113177 0.098232 0.181886
v -0.113177 0.348232 0.181886
v -0.113177 0.348232 -0.044468
v -0.113177 0.098232 -0.044468
v -0.160056 0.098232 0.068709
v -0.160056 0.348232 0.068709
v 0.113177 0.348232 -0.044468
v 0.113177 0.098232 -0.044468
v -0.000000 0.098232 -0.091347
v -0.000000 0.348232 -0.091347
v 0.113177 0.348232 0.181886
v 0.113177 0.098232 0.181886
v 0.160056 0.098232 0.068709
v 0.160056 0.348232 0.068709
v -0.113177 0.348232 0.181886
v -0.113177 0.098232 0.181886
v -0.000000 0.098232 0.228766
v -0.000000 0.348232 0.228766
v -0.000000 0.348232 -0.091347
v -0.000000 0.098232 -0.091347
v -0.113177 0.098232 -0.044468
v -0.113177 0.348232 -0.044468
v 0.160056 0.348232 0.068709
v 0.160056 0.098232 0.068709
v 0.113177 0.098232 -0.044468
v 0.113177 0.348232 -0.044468
v 0.160056 -0.315264 0.307442
v 0.160056 -0.379233 0.546174
v 0.113177 -0.492409 0.546174
v 0.113177 -0.413279 0.250853
v -0.000000 -0.453877 0.227414
v -0.000000 -0.539289 0.546174
v -0.113177 -0.492410 0.546174
v -0.113177 -0.413279 0.250853
v -0.113177 -0.217250 0.364030
v -0.113177 -0.266056 0.546174
v -0.000000 -0.219176 0.546174
v -0.000000 -0.176651 0.387470
v 0.113177 -0.217250 0.364030
v 0.113177 -0.266056 0.546174
v 0.160056 -0.379233 0.546174
v 0.160056 -0.315264 0.307442
v 0.113177 -0.413279 0.250853
v 0.113177 -0.492409 0.546174
v -0.000000 -0.539289 0.546174
v -0.000000 -0.453877 0.227414
v -0.113177 -0.413279 0.250853
v -0.113177 -0.492410 0.546174
v -0.160056 -0.379233 0.546174
v -0.160056 -0.315264 0.307442
v -0.160056 -0.315264 0.307442
v -0.160056 -0.379233 0.546174
v -0.113177 -0.266056 0.546174
v -0.113177 -0.217250 0.364030
v -0.000000 -0.176651 0.387470
v -0.000000 -0.219176 0.546174
v 0.113177 -0.266056 0.546174
v 0.113177 -0.217250 0.364030
v -0.000000 0.098232 0.228766
v -0.000000 -0.060472 0.271290
v 0.113177 -0.083912 0.230692
v 0.113177 0.098232 0.181886
v -0.000000 -0.060472 0.271290
v -0.000000 -0.176651 0.387470
v 0.113177 -0.217250 0.364030
v 0.113177 -0.083912 0.230692
v -0.160056 0.098232 0.068709
v -0.160056 -0.140500 0.132677
v -0.113177 -0.083912 0.230692
v -0.113177 0.098232 0.181886
v -0.160056 -0.140500 0.132677
v -0.160056 -0.315264 0.307442
v -0.113177 -0.217250 0.364030
v -0.113177 -0.083912 0.230692
v -0.113177 0.098232 -0.044468
v -0.113177 -0.197089 0.034663
v -0.160056 -0.140500 0.132677
v -0.160056 0.098232 0.068709
v -0.113177 -0.197089 0.034663
v -0.113177 -0.413279 0.250853
v -0.160056 -0.315264 0.307442
v -0.160056 -0.140500 0.132677
v 0.113177 0.098232 -0.044468
v 0.113177 -0.197089 0.034663
v -0.000000 -0.220528 -0.005935
v -0.000000 0.098232 -0.091347
v 0.113177 -0.197089 0.034663
v 0.113177 -0.413279 0.250853
v -0.000000 -0.453877 0.227414
v -0.000000 -0.220528 -0.005935
v 0.113177 0.098232 0.181886
v 0.113177 -0.083912 0.230692
v 0.160056 -0.140500 0.132677
v 0.160056 0.098232 0.068709
v 0.113177 -0.083912 0.230692
v 0.113177 -0.217250 0.364030
v 0.160056 -0.315264 0.307442
v 0.160056 -0.140500 0.132677
v -0.113177 0.098232 0.181886
v -0.113177 -0.083912 0.230692
v -0.000000 -0.060472 0.271290
v -0.000000 0.098232 0.228766
v -0.113177 -0.083912 0.230692
v -0.113177 -0.217250 0.364030
v -0.000000 -0.176651 0.387470
v -0.000000 -0.060472 0.271290
v -0.000000 0.098232 -0.091347
v -0.000000 -0.220528 -0.005935
v -0.113177 -0.197089 0.034663
v -0.113177 0.098232 -0.044468
v -0.000000 -0.220528 -0.005935
v -0.000000 -0.453877 0.227414
v -0.113177 -0.413279 0.250853
v -0.113177 -0.197089 0.034663
v 0.160056 0.098232 0.068709
v 0.160056 -0.140500 0.132677
v 0.113177 -0.197089 0.034663
v 0.113177 0.098232 -0.044468
v 0.160056 -0.140500 0.132677
v 0.160056 -0.315264 0.307442
v 0.113177 -0.413279 0.250853
v 0.113177 -0.197089 0.034663
v -0.000000 -0.539289 0.546174
v -0.000000 -0.539289 1.000000
v -0.113177 -0.492410 1.000000
v -0.113177 -0.492410 0.546174
v -0.113177 -0.266056 0.546174
v -0.113177 -0.266056 1.000000
v -0.000000 -0.219176 1.000000
v -0.000000 -0.219176 0.546174
v 0.113177 -0.266056 0.546174
v 0.113177 -0.266056 1.000000
v 0.160056 -0.379233 1.000000
v 0.160056 -0.379233 0.546174
v 0.113177 -0.492409 0.546174
v 0.113177 -0.492409 1.000000
v -0.000000 -0.539289 1.000000
v -0.000000 -0.539289 0.546174
v -0.113177 -0.492410 0.546174
v -0.113177 -0.492410 1.000000
v -0.160056 -0.379233 1.000000
v -0.160056 -0.379233 0.546174
v -0.160056 -0.379233 0.546174
v -0.160056 -0.379233 1.000000
v -0.113177 -0.266056 1.000000
v -0.113177 -0.266056 0.546174
v -0.000000 -0.219176 0.546174
v -0.000000 -0.219176 1.000000
v 0.113177 -0.266056 1.000000
v 0.113177 -0.266056 0.546174
v 0.160056 -0.379233 0.546174
v 0.160056 -0.379233 1.000000
v 0.113177 -0.492409 1.000000
v 0.113177 -0.492409 0.546174
v -0.000000 -0.219176 1.000000
v -0.000000 -0.539289 1.000000
v 0.160056 -0.379233 1.000000
v -0.160056 -0.379233 1.000000
v -0.000000 -0.219176 1.000000
v -0.113177 -0.266056 1.000000
v -0.000000 -0.219176 1.000000
v 0.160056 -0.379233 1.000000
v 0.113177 -0.266056 1.000000
v 0.160056 -0.379233 1.000000
v -0.000000 -0.539289 1.000000
v 0.113177 -0.492409 1.000000
v -0.000000 -0.539289 1.000000
v -0.160056 -0.379233 1.000000
v -0.113177 -0.492410 1.000000
v -0.160056 -0.379233 1.000000
v -0.000000 -0.539289 1.000000
v -0.000000 -0.219176 1.000000
v -0.113177 0.348232 0.181886
v -0.000000 0.348232 0.228766
v -0.382684 0.348232 0.250000
v -0.353554 0.348232 0.103553
v -0.113177 0.348232 0.181886
v -0.382684 0.348232 0.250000
v 0.382683 0.348232 0.250000
v 0.382683 0.348232 1.000000
v -0.000000 0.348232 0.228766
v -0.113177 0.348232 -0.044468
v -0.160056 0.348232 0.068709
v -0.270598 0.348232 -0.020598
v -0.113177 0.348232 0.181886
v -0.353554 0.348232 0.103553
v -0.160056 0.348232 0.068709
v -0.146447 0.348232 -0.103553
v -0.113177 0.348232 -0.044468
v -0.270598 0.348232 -0.020598
v 0.270598 0.348232 -0.020598
v 0.160056 0.348232 0.068709
v 0.113177 0.348232 -0.044468
v 0.000000 0.348232 -0.132684
v -0.000000 0.348232 -0.091347
v -0.146447 0.348232 -0.103553
v 0.382683 0.348232 1.000000
v -0.382684 0.348232 1.000000
v -0.000000 0.348232 0.228766
v 0.146447 0.348232 -0.103553
v 0.113177 0.348232 -0.044468
v -0.000000 0.348232 -0.091347
v 0.000000 0.348232 -0.132684
v 0.146447 0.348232 -0.103553
v -0.000000 0.348232 -0.091347
v 0.113177 0.348232 0.181886
v 0.382683 0.348232 0.250000
v -0.000000 0.348232 0.228766
v -0.075451 0.548586 -0.006742
v 0.075451 0.548586 0.144161
v 0.075451 0.548586 -0.006742
v -0.000000 0.348232 -0.091347
v -0.113177 0.348232 -0.044468
v -0.146447 0.348232 -0.103553
v 0.146447 0.348232 -0.103553
v 0.270598 0.348232 -0.020598
v 0.113177 0.348232 -0.044468
v 0.113177 0.348232 0.181886
v 0.160056 0.348232 0.068709
v 0.353553 0.348232 0.103554
v 0.270598 0.348232 -0.020598
v 0.353553 0.348232 0.103554
v 0.160056 0.348232 0.068709
v 0.382683 0.348232 0.250000
v 0.113177 0.348232 0.181886
v 0.353553 0.348232 0.103554
v -0.353554 0.348232 0.103553
v -0.270598 0.348232 -0.020598
v -0.160056 0.348232 0.068709
v -0.000000 0.348232 0.228766
v -0.382684 0.348232 1.000000
v -0.382684 0.348232 0.250000
v 0.075451 0.548586 0.144161
v -0.075451 0.548586 -0.006742
v -0.000000 0.548586 0.175414
v 0.054177 0.914071 0.684067
v 0.038618 0.878453 0.671548
v 0.036844 0.868458 0.694629
v 0.052403 0.904076 0.707148
v -0.053939 0.950034 0.743141
v -0.000973 0.970342 0.751930
v 0.000744 0.985709 0.706074
v -0.052222 0.965402 0.697285
v 0.052060 0.948991 0.746760
v 0.074094 0.898490 0.730661
v 0.075811 0.913858 0.684806
v 0.053777 0.964359 0.700905
v 0.052222 0.848421 0.713062
v -0.000744 0.828114 0.704273
v 0.000973 0.843481 0.658418
v 0.053939 0.863789 0.667207
v -0.053777 0.849464 0.709443
v -0.075811 0.899965 0.725542
v -0.074094 0.915332 0.679687
v -0.052060 0.864831 0.663587
v -0.075811 0.899965 0.725542
v -0.053939 0.950034 0.743141
v -0.052222 0.965402 0.697285
v -0.074094 0.915332 0.679687
v -0.000973 0.970342 0.751930
v 0.052060 0.948991 0.746760
v 0.053777 0.964359 0.700905
v 0.000744 0.985709 0.706074
v 0.074094 0.898490 0.730661
v 0.052222 0.848421 0.713062
v 0.053939 0.863789 0.667207
v 0.075811 0.913858 0.684806
v -0.000744 0.828114 0.704273
v -0.053777 0.849464 0.709443
v -0.052060 0.864831 0.663587
v 0.000973 0.843481 0.658418
v -0.052460 0.915119 0.680426
v -0.036786 0.879195 0.668973
v -0.052060 0.864831 0.663587
v -0.074094 0.915332 0.679687
v -0.036786 0.879195 0.668973
v 0.000940 0.864007 0.665296
v 0.000973 0.843481 0.658418
v -0.052060 0.864831 0.663587
v 0.000940 0.864007 0.665296
v 0.038618 0.878453 0.671548
v 0.053939 0.863789 0.667207
v 0.000973 0.843481 0.658418
v 0.038618 0.878453 0.671548
v 0.054177 0.914071 0.684067
v 0.075811 0.913858 0.684806
v 0.053939 0.863789 0.667207
v 0.054177 0.914071 0.684067
v 0.038503 0.949995 0.695519
v 0.053777 0.964359 0.700905
v 0.075811 0.913858 0.684806
v 0.038503 0.949995 0.695519
v 0.000777 0.965183 0.699197
v 0.000744 0.985709 0.706074
v 0.053777 0.964359 0.700905
v 0.000777 0.965183 0.699197
v -0.036901 0.950737 0.692945
v -0.052222 0.965402 0.697285
v 0.000744 0.985709 0.706074
v -0.036901 0.950737 0.692945
v -0.052460 0.915119 0.680426
v -0.074094 0.915332 0.679687
v -0.052222 0.965402 0.697285
v 0.036844 0.868458 0.694629
v -0.000834 0.854012 0.688376
v -0.000997 0.955188 0.722277
v 0.000940 0.864007 0.665296
v -0.036786 0.879195 0.668973
v -0.038560 0.869200 0.692054
v -0.000834 0.854012 0.688376
v -0.036901 0.950737 0.692945
v 0.000777 0.965183 0.699197
v -0.000997 0.955188 0.722277
v -0.038675 0.940742 0.716025
v 0.038503 0.949995 0.695519
v 0.054177 0.914071 0.684067
v 0.052403 0.904076 0.707148
v 0.036729 0.940000 0.718600
v 0.038618 0.878453 0.671548
v 0.000940 0.864007 0.665296
v -0.000834 0.854012 0.688376
v 0.036844 0.868458 0.694629
v -0.036786 0.879195 0.668973
v -0.052460 0.915119 0.680426
v -0.054234 0.905125 0.703506
v -0.038560 0.869200 0.692054
v -0.052460 0.915119 0.680426
v -0.036901 0.950737 0.692945
v -0.038675 0.940742 0.716025
v -0.054234 0.905125 0.703506
v 0.000777 0.965183 0.699197
v 0.038503 0.949995 0.695519
v 0.036729 0.940000 0.718600
v -0.000997 0.955188 0.722277
v -0.000834 0.854012 0.688376
v -0.038560 0.869200 0.692054
v -0.054234 0.905125 0.703506
v -0.054234 0.905125 0.703506
v -0.038675 0.940742 0.716025
v -0.000834 0.854012 0.688376
v -0.038675 0.940742 0.716025
v -0.000997 0.955188 0.722277
v -0.000834 0.854012 0.688376
v -0.000997 0.955188 0.722277
v 0.036729 0.940000 0.718600
v 0.052403 0.904076 0.707148
v 0.052403 0.904076 0.707148
v 0.036844 0.868458 0.694629
v -0.000997 0.955188 0.722277
v -0.000000 0.548586 0.175414
v -0.075451 0.548586 -0.006742
v -0.075451 0.548586 0.144161
v -0.075451 0.548586 0.144161
v -0.075451 0.548586 -0.006742
v -0.106704 0.548586 0.068709
v -0.075451 0.548586 -0.006742
v 0.075451 0.548586 -0.006742
v -0.000000 0.548586 -0.037995
v 0.075451 0.548586 -0.006742
v 0.075451 0.548586 0.144161
v 0.106704 0.548586 0.068709
v -0.707107 0.459063 1.000000
v -0.382684 0.348232 1.000000
v -0.923880 0.707247 1.000000
v -0.382684 0.348232 1.000000
v 0.382683 0.348232 1.000000
v -1.000000 1.000000 0.999999
v 0.382683 0.348232 1.000000
v 0.707107 0.459063 1.000000
v 0.923879 0.707247 1.000000
v 0.923879 0.707247 1.000000
v 1.000000 1.000000 1.000000
v 0.382683 0.348232 1.000000
v 1.000000 1.000000 1.000000
v -1.000000 1.000000 0.999999
v 0.382683 0.348232 1.000000

vt 0.540822 0.717457
vt 0.625679 0.800079
vt 0.540822 0.811060
vt 0.625679 0.728439
vt 0.625679 0.800079
vt 0.540822 0.717457
vt 0.797217 0.000678
vt 0.884707 0.055884
vt 0.797217 0.072318
vt 0.884707 0.017113
vt 0.884707 0.055884
vt 0.797217 0.000678
vt 0.505979 0.815718
vt 0.427529 0.718259
vt 0.505979 0.714403
vt 0.427529 0.811862
vt 0.427529 0.718259
vt 0.505979 0.815718
vt 0.881252 0.444088
vt 0.793762 0.388882
vt 0.881252 0.372448
vt 0.793762 0.427654
vt 0.793762 0.388882
vt 0.881252 0.444088
vt 0.792405 0.503437
vt 0.713956 0.405978
vt 0.792405 0.402122
vt 0.713956 0.499581
vt 0.713956 0.405978
vt 0.792405 0.503437
vt 0.871598 0.682586
vt 0.786742 0.599965
vt 0.871598 0.588984
vt 0.786742 0.671605
vt 0.786742 0.599965
vt 0.871598 0.682586
vt 0.713956 0.196780
vt 0.792405 0.294239
vt 0.713956 0.298095
vt 0.792405 0.200636
vt 0.792405 0.294239
vt 0.713956 0.196780
vt 0.716055 0.195424
vt 0.627035 0.000678
vt 0.716055 0.000678
vt 0.627035 0.195423
vt 0.627035 0.000678
vt 0.716055 0.195424
vt 0.173105 0.721448
vt 0.257961 0.804069
vt 0.173105 0.815050
vt 0.257961 0.732429
vt 0.257961 0.804069
vt 0.173105 0.721448
vt 0.628312 0.884057
vt 0.540822 0.828851
vt 0.628312 0.812416
vt 0.540822 0.867622
vt 0.540822 0.828851
vt 0.628312 0.884057
vt 0.627035 0.588984
vt 0.705579 0.783729
vt 0.627035 0.783729
vt 0.705579 0.588984
vt 0.705579 0.783729
vt 0.627035 0.588984
vt 0.786742 0.691655
vt 0.871598 0.774276
vt 0.786742 0.785257
vt 0.871598 0.702636
vt 0.871598 0.774276
vt 0.786742 0.691655
vt 0.883272 0.865966
vt 0.795782 0.810760
vt 0.883272 0.794326
vt 0.795782 0.849532
vt 0.795782 0.810760
vt 0.883272 0.865966
vt 0.706936 0.588984
vt 0.785385 0.686442
vt 0.706936 0.690298
vt 0.785385 0.592840
vt 0.785385 0.686442
vt 0.706936 0.588984
vt 0.717412 0.103349
vt 0.804901 0.158555
vt 0.717412 0.174989
vt 0.804901 0.119784
vt 0.804901 0.158555
vt 0.717412 0.103349
vt 0.706936 0.691655
vt 0.785385 0.789113
vt 0.706936 0.792969
vt 0.785385 0.695511
vt 0.785385 0.789113
vt 0.706936 0.691655
vt 0.490893 0.521356
vt 0.296148 0.610376
vt 0.296148 0.521356
vt 0.490893 0.610376
vt 0.296148 0.610376
vt 0.490893 0.521356
vt 0.296148 0.728065
vt 0.381004 0.810686
vt 0.296148 0.821668
vt 0.381004 0.739046
vt 0.381004 0.810686
vt 0.296148 0.728065
vt 0.713956 0.504793
vt 0.801446 0.559999
vt 0.713956 0.576433
vt 0.801446 0.521228
vt 0.801446 0.559999
vt 0.713956 0.504793
vt 0.717412 0.000678
vt 0.795861 0.098137
vt 0.717412 0.101993
vt 0.795861 0.004534
vt 0.795861 0.098137
vt 0.717412 0.000678
vt 0.627035 0.196780
vt 0.712600 0.391525
vt 0.627035 0.391526
vt 0.712600 0.196780
vt 0.712600 0.391525
vt 0.627035 0.196780
vt 0.171748 0.815050
vt 0.086891 0.732429
vt 0.171748 0.721448
vt 0.086891 0.804069
vt 0.086891 0.732429
vt 0.171748 0.815050
vt 0.712599 0.587627
vt 0.627035 0.392882
vt 0.712600 0.392882
vt 0.627035 0.587627
vt 0.627035 0.392882
vt 0.712599 0.587627
vt 0.085535 0.815050
vt 0.000678 0.732429
vt 0.085535 0.721448
vt 0.000678 0.804069
vt 0.000678 0.732429
vt 0.085535 0.815050
vt 0.793762 0.299451
vt 0.881252 0.354657
vt 0.793762 0.371091
vt 0.881252 0.315885
vt 0.881252 0.354657
vt 0.793762 0.299451
vt 0.427530 0.611732
vt 0.505979 0.709191
vt 0.427529 0.713047
vt 0.505979 0.615588
vt 0.505979 0.709191
vt 0.427530 0.611732
vt 0.547135 0.521356
vt 0.625679 0.716101
vt 0.547135 0.716101
vt 0.625679 0.521356
vt 0.625679 0.716101
vt 0.547135 0.521356
vt 0.793762 0.196780
vt 0.878618 0.279401
vt 0.793762 0.290383
vt 0.878618 0.207761
vt 0.878618 0.279401
vt 0.793762 0.196780
vt 0.706936 0.794326
vt 0.794426 0.849532
vt 0.706936 0.865966
vt 0.794426 0.810760
vt 0.794426 0.849532
vt 0.706936 0.794326
vt 0.713956 0.299451
vt 0.792405 0.396910
vt 0.713956 0.400766
vt 0.792405 0.303307
vt 0.792405 0.396910
vt 0.713956 0.299451
vt 0.456440 0.359707
vt 0.625679 0.519999
vt 0.549662 0.500234
vt 0.924840 0.491056
vt 0.997433 0.529575
vt 0.924840 0.549947
vt 0.997433 0.497703
vt 0.997433 0.529575
vt 0.924840 0.491056
vt 0.984826 0.382735
vt 0.934226 0.304231
vt 0.984826 0.299451
vt 0.934226 0.381175
vt 0.934226 0.304231
vt 0.984826 0.382735
vt 0.867544 0.103349
vt 0.928360 0.166681
vt 0.867544 0.180294
vt 0.928360 0.107791
vt 0.928360 0.166681
vt 0.867544 0.103349
vt 0.936455 0.087378
vt 0.886064 0.005525
vt 0.936455 0.000678
vt 0.886064 0.085625
vt 0.886064 0.005525
vt 0.936455 0.087378
vt 0.356900 0.823024
vt 0.416295 0.889322
vt 0.356900 0.903124
vt 0.416295 0.828016
vt 0.416295 0.889322
vt 0.356900 0.823024
vt 0.195034 0.900022
vt 0.264943 0.940672
vt 0.195034 0.961327
vt 0.264943 0.907493
vt 0.264943 0.940672
vt 0.195034 0.900022
vt 0.291460 0.898665
vt 0.232960 0.827834
vt 0.291460 0.816407
vt 0.232960 0.890791
vt 0.232960 0.827834
vt 0.291460 0.898665
vt 0.609017 0.948371
vt 0.540822 0.902515
vt 0.609017 0.885413
vt 0.540822 0.936587
vt 0.540822 0.902515
vt 0.609017 0.948371
vt 0.488281 0.817074
vt 0.538543 0.902097
vt 0.488282 0.906110
vt 0.538543 0.819839
vt 0.538543 0.902097
vt 0.488281 0.817074
vt 0.952824 0.947676
vt 0.884629 0.896502
vt 0.952824 0.884718
vt 0.884629 0.930574
vt 0.884629 0.896502
vt 0.952824 0.947676
vt 0.882608 0.389843
vt 0.932870 0.476114
vt 0.882608 0.478879
vt 0.932870 0.393856
vt 0.932870 0.476114
vt 0.882608 0.389843
vt 0.173105 0.816407
vt 0.231604 0.890791
vt 0.173105 0.898665
vt 0.231604 0.827834
vt 0.231604 0.890791
vt 0.173105 0.816407
vt 0.193678 0.961327
vt 0.123769 0.907493
vt 0.193678 0.900022
vt 0.123769 0.940672
vt 0.123769 0.907493
vt 0.193678 0.961327
vt 0.757327 0.954022
vt 0.706936 0.869076
vt 0.757327 0.867322
vt 0.706936 0.949175
vt 0.706936 0.869076
vt 0.757327 0.954022
vt 0.296148 0.823024
vt 0.355543 0.898132
vt 0.296148 0.903124
vt 0.355543 0.836826
vt 0.355543 0.898132
vt 0.296148 0.823024
vt 0.940791 0.273724
vt 0.879975 0.201222
vt 0.940791 0.196780
vt 0.879975 0.260112
vt 0.879975 0.201222
vt 0.940791 0.273724
vt 0.538543 0.966357
vt 0.465950 0.914114
vt 0.538543 0.907466
vt 0.465951 0.945985
vt 0.465950 0.914114
vt 0.538543 0.966357
vt 0.980316 0.186633
vt 0.929716 0.104909
vt 0.980316 0.103349
vt 0.929716 0.181853
vt 0.929716 0.104909
vt 0.980316 0.186633
vt 0.883024 0.990527
vt 0.810431 0.952009
vt 0.883024 0.931637
vt 0.810431 0.983880
vt 0.810431 0.952009
vt 0.883024 0.990527
vt 0.985727 0.665928
vt 0.935127 0.587424
vt 0.985727 0.582644
vt 0.935127 0.664368
vt 0.935127 0.587424
vt 0.985727 0.665928
vt 0.872955 0.588984
vt 0.933771 0.652316
vt 0.872955 0.665928
vt 0.933771 0.593425
vt 0.933771 0.652316
vt 0.872955 0.588984
vt 0.495387 0.521356
vt 0.545778 0.603209
vt 0.495387 0.608055
vt 0.545778 0.523109
vt 0.545778 0.603209
vt 0.495387 0.521356
vt 0.923483 0.571156
vt 0.864088 0.504858
vt 0.923483 0.491056
vt 0.864088 0.566164
vt 0.864088 0.504858
vt 0.923483 0.571156
vt 0.296148 0.904481
vt 0.366056 0.945131
vt 0.296148 0.965786
vt 0.366056 0.911952
vt 0.366056 0.945131
vt 0.296148 0.904481
vt 0.052504 0.816407
vt 0.111003 0.887238
vt 0.052504 0.898665
vt 0.111003 0.824280
vt 0.111003 0.887238
vt 0.052504 0.816407
vt 0.705579 0.946785
vt 0.637384 0.900929
vt 0.705579 0.883828
vt 0.637384 0.935002
vt 0.637384 0.900929
vt 0.705579 0.946785
vt 0.884629 0.794326
vt 0.934890 0.879349
vt 0.884629 0.883361
vt 0.934890 0.797091
vt 0.934890 0.879349
vt 0.884629 0.794326
vt 0.878626 0.930280
vt 0.810431 0.879106
vt 0.878626 0.867322
vt 0.810431 0.913179
vt 0.810431 0.879106
vt 0.878626 0.930280
vt 0.882608 0.299451
vt 0.932870 0.385722
vt 0.882608 0.388487
vt 0.932870 0.303464
vt 0.932870 0.385722
vt 0.882608 0.299451
vt 0.112360 0.816407
vt 0.170859 0.890791
vt 0.112360 0.898665
vt 0.170859 0.827834
vt 0.170859 0.890791
vt 0.112360 0.816407
vt 0.122412 0.961327
vt 0.052504 0.907493
vt 0.122412 0.900022
vt 0.052504 0.940672
vt 0.052504 0.907493
vt 0.122412 0.961327
vt 0.809074 0.954022
vt 0.758683 0.869076
vt 0.809074 0.867322
vt 0.758683 0.949175
vt 0.758683 0.869076
vt 0.809074 0.954022
vt 0.427530 0.817074
vt 0.486925 0.892182
vt 0.427529 0.897174
vt 0.486925 0.830876
vt 0.486925 0.892182
vt 0.427530 0.817074
vt 0.872955 0.667285
vt 0.933771 0.739787
vt 0.872955 0.744229
vt 0.933771 0.680897
vt 0.933771 0.739787
vt 0.872955 0.667285
vt 0.367413 0.904481
vt 0.440006 0.956724
vt 0.367413 0.963371
vt 0.440006 0.924853
vt 0.440006 0.956724
vt 0.367413 0.904481
vt 0.984826 0.473127
vt 0.934226 0.391403
vt 0.984826 0.389843
vt 0.934226 0.468347
vt 0.934226 0.391403
vt 0.984826 0.473127
vt 0.866187 0.120448
vt 0.806258 0.188726
vt 0.806258 0.103349
vt 0.866187 0.171628
vt 0.806258 0.188726
vt 0.866187 0.120448
vt 0.051147 0.822411
vt 0.000678 0.913792
vt 0.000678 0.816407
vt 0.051147 0.907788
vt 0.000678 0.913792
vt 0.051147 0.822411
vt 0.705579 0.999322
vt 0.634658 0.973732
vt 0.705579 0.948142
vt 0.983269 0.668832
vt 0.983269 0.744229
vt 0.935127 0.686202
vt 0.862732 0.491056
vt 0.802802 0.559335
vt 0.802802 0.508155
vt 0.862732 0.576433
vt 0.802802 0.559335
vt 0.862732 0.491056
vt 0.705579 0.785086
vt 0.655110 0.876467
vt 0.655110 0.791090
vt 0.705579 0.882471
vt 0.655110 0.876467
vt 0.705579 0.785086
vt 0.020444 0.160971
vt 0.037332 0.260338
vt 0.000678 0.260338
vt 0.328827 0.422281
vt 0.260338 0.519999
vt 0.261957 0.471926
vt 0.160971 0.500233
vt 0.261957 0.471926
vt 0.260338 0.519999
vt 0.076731 0.443946
vt 0.164572 0.471926
vt 0.160971 0.500233
vt 0.097702 0.422280
vt 0.164572 0.471926
vt 0.076731 0.443946
vt 0.328827 0.422281
vt 0.455084 0.519999
vt 0.260338 0.519999
vt 0.020444 0.359706
vt 0.097702 0.422280
vt 0.076731 0.443946
vt 0.053021 0.347981
vt 0.097702 0.422280
vt 0.020444 0.359706
vt 0.373508 0.347981
vt 0.455084 0.519999
vt 0.328827 0.422281
vt 0.037332 0.260338
vt 0.053021 0.347981
vt 0.020444 0.359706
vt 0.389198 0.260339
vt 0.455084 0.519999
vt 0.373508 0.347981
vt 0.037332 0.260338
vt 0.020444 0.359706
vt 0.000678 0.260338
vt 0.160971 0.500233
vt 0.164572 0.471926
vt 0.261957 0.471926
vt 0.020444 0.160971
vt 0.053021 0.172696
vt 0.037332 0.260338
vt 0.097702 0.098397
vt 0.053021 0.172696
vt 0.020444 0.160971
vt 0.076731 0.076731
vt 0.097702 0.098397
vt 0.020444 0.160971
vt 0.164572 0.048751
vt 0.097702 0.098397
vt 0.076731 0.076731
vt 0.160971 0.020444
vt 0.164572 0.048751
vt 0.076731 0.076731
vt 0.160971 0.020444
vt 0.261957 0.048751
vt 0.164572 0.048751
vt 0.260339 0.000678
vt 0.261957 0.048751
vt 0.160971 0.020444
vt 0.260339 0.000678
vt 0.328827 0.098397
vt 0.261957 0.048751
vt 0.455084 0.000678
vt 0.328827 0.098397
vt 0.260339 0.000678
vt 0.455084 0.000678
vt 0.373508 0.172696
vt 0.328827 0.098397
vt 0.455084 0.000678
vt 0.455084 0.519999
vt 0.389198 0.260339
vt 0.455084 0.000678
vt 0.389198 0.260339
vt 0.373508 0.172696
vt 0.296148 0.717487
vt 0.296148 0.685616
vt 0.329888 0.692438
vt 0.399691 0.674916
vt 0.426173 0.652825
vt 0.413536 0.683503
vt 0.326656 0.726709
vt 0.355465 0.707751
vt 0.359678 0.723488
vt 0.326656 0.726709
vt 0.329888 0.692438
vt 0.355465 0.707751
vt 0.322630 0.663525
vt 0.329888 0.692438
vt 0.296148 0.685616
vt 0.322630 0.663525
vt 0.296148 0.685616
vt 0.308785 0.654938
vt 0.308785 0.654938
vt 0.332135 0.630125
vt 0.337943 0.637948
vt 0.359678 0.723488
vt 0.355465 0.707751
vt 0.384378 0.700493
vt 0.359678 0.723488
vt 0.384378 0.700493
vt 0.390186 0.708317
vt 0.337943 0.637948
vt 0.362643 0.614953
vt 0.366856 0.630690
vt 0.384378 0.700493
vt 0.399691 0.674916
vt 0.413536 0.683503
vt 0.337943 0.637948
vt 0.332135 0.630125
vt 0.362643 0.614953
vt 0.384378 0.700493
vt 0.413536 0.683503
vt 0.390186 0.708317
vt 0.366856 0.630690
vt 0.362643 0.614953
vt 0.395665 0.611732
vt 0.399691 0.674916
vt 0.392433 0.646003
vt 0.426173 0.652825
vt 0.296148 0.717487
vt 0.329888 0.692438
vt 0.326656 0.726709
vt 0.366856 0.630690
vt 0.395665 0.611732
vt 0.392433 0.646003
vt 0.392433 0.646003
vt 0.395665 0.611732
vt 0.426173 0.620954
vt 0.308785 0.654938
vt 0.337943 0.637948
vt 0.322630 0.663525
vt 0.392433 0.646003
vt 0.426173 0.620954
vt 0.426173 0.652825
vt 0.100046 0.720091
vt 0.082360 0.650111
vt 0.094532 0.620724
vt 0.100046 0.720091
vt 0.062020 0.712527
vt 0.082360 0.650111
vt 0.094532 0.620724
vt 0.100046 0.521356
vt 0.294791 0.521356
vt 0.029782 0.690987
vt 0.023584 0.650111
vt 0.052972 0.662284
vt 0.052972 0.662284
vt 0.082360 0.650111
vt 0.062020 0.712527
vt 0.029782 0.690987
vt 0.008242 0.658750
vt 0.023584 0.650111
vt 0.023584 0.591336
vt 0.029782 0.550460
vt 0.052972 0.579163
vt 0.008242 0.658750
vt 0.000678 0.620724
vt 0.011412 0.620724
vt 0.094532 0.620724
vt 0.294791 0.521356
vt 0.294791 0.720091
vt 0.011412 0.620724
vt 0.008242 0.582697
vt 0.023584 0.591336
vt 0.011412 0.620724
vt 0.000678 0.620724
vt 0.008242 0.582697
vt 0.094532 0.620724
vt 0.082360 0.591336
vt 0.100046 0.521356
vt 0.008242 0.658750
vt 0.011412 0.620724
vt 0.023584 0.650111
vt 0.023584 0.591336
vt 0.008242 0.582697
vt 0.029782 0.550460
vt 0.062020 0.528920
vt 0.082360 0.591336
vt 0.052972 0.579163
vt 0.052972 0.579163
vt 0.029782 0.550460
vt 0.062020 0.528920
vt 0.062020 0.528920
vt 0.100046 0.521356
vt 0.082360 0.591336
vt 0.052972 0.662284
vt 0.062020 0.712527
vt 0.029782 0.690987
vt 0.100046 0.720091
vt 0.094532 0.620724
vt 0.294791 0.720091
vt 0.549662 0.500234
vt 0.485219 0.443946
vt 0.456440 0.359707
vt 0.625679 0.519999
vt 0.456440 0.359707
vt 0.456440 0.160971
vt 0.549662 0.020444
vt 0.456440 0.160971
vt 0.485219 0.076731
vt 0.456440 0.160971
vt 0.549662 0.020444
vt 0.625679 0.000678
vt 0.456440 0.160971
vt 0.625679 0.000678
vt 0.625679 0.519999
vt 0.125097 0.501011
vt 0.000129 0.424501
vt 0.125097 0.424501
vt 0.000129 0.501011
vt 0.000129 0.424501
vt 0.125097 0.501011
vt 0.124349 0.000129
vt 0.274670 0.061337
vt 0.149702 0.061337
vt 0.300023 0.000129
vt 0.274670 0.061337
vt 0.124349 0.000129
vt 0.300023 0.000129
vt 0.363035 0.149702
vt 0.274670 0.061337
vt 0.424243 0.124349
vt 0.363035 0.149702
vt 0.300023 0.000129
vt 0.424243 0.124349
vt 0.363035 0.274670
vt 0.363035 0.149702
vt 0.424243 0.300023
vt 0.363035 0.274670
vt 0.424243 0.124349
vt 0.424243 0.300023
vt 0.274670 0.363036
vt 0.363035 0.274670
vt 0.300023 0.424243
vt 0.274670 0.363036
vt 0.424243 0.300023
vt 0.300023 0.424243
vt 0.149702 0.363036
vt 0.274670 0.363036
vt 0.124349 0.424243
vt 0.149702 0.363036
vt 0.300023 0.424243
vt 0.124349 0.424243
vt 0.061337 0.274670
vt 0.149702 0.363036
vt 0.000129 0.300023
vt 0.061337 0.274670
vt 0.124349 0.424243
vt 0.000129 0.300023
vt 0.061337 0.149702
vt 0.061337 0.274670
vt 0.000129 0.124349
vt 0.061337 0.149702
vt 0.000129 0.300023
vt 0.000129 0.124349
vt 0.149702 0.061337
vt 0.061337 0.149702
vt 0.124349 0.000129
vt 0.149702 0.061337
vt 0.000129 0.124349
vt 0.375032 0.501011
vt 0.250064 0.424501
vt 0.375032 0.424501
vt 0.250064 0.501011
vt 0.250064 0.424501
vt 0.375032 0.501011
vt 0.874903 0.501011
vt 0.749935 0.424501
vt 0.874903 0.424501
vt 0.749935 0.501011
vt 0.749935 0.424501
vt 0.874903 0.501011
vt 0.624968 0.501011
vt 0.500000 0.424501
vt 0.624968 0.424501
vt 0.500000 0.501011
vt 0.500000 0.424501
vt 0.624968 0.501011
vt 0.250064 0.501011
vt 0.125097 0.424501
vt 0.250064 0.424501
vt 0.125097 0.501011
vt 0.125097 0.424501
vt 0.250064 0.501011
vt 0.999871 0.501011
vt 0.874903 0.424501
vt 0.999871 0.424501
vt 0.874903 0.501011
vt 0.874903 0.424501
vt 0.999871 0.501011
vt 0.749935 0.501011
vt 0.624968 0.424501
vt 0.749935 0.424501
vt 0.624968 0.501011
vt 0.624968 0.424501
vt 0.749935 0.501011
vt 0.500000 0.501011
vt 0.375032 0.424501
vt 0.500000 0.424501
vt 0.375032 0.501011
vt 0.375032 0.424501
vt 0.500000 0.501011
vt 0.610605 0.153452
vt 0.652193 0.089639
vt 0.651534 0.165897
vt 0.616414 0.107321
vt 0.652193 0.089639
vt 0.610605 0.153452
vt 0.836381 0.000129
vt 0.762332 0.087966
vt 0.762332 0.000129
vt 0.836381 0.087966
vt 0.762332 0.087966
vt 0.836381 0.000129
vt 0.762074 0.175803
vt 0.688024 0.263640
vt 0.688024 0.175803
vt 0.762074 0.263640
vt 0.688024 0.263640
vt 0.762074 0.175803
vt 0.762074 0.000129
vt 0.688024 0.087966
vt 0.688024 0.000129
vt 0.762074 0.087966
vt 0.688024 0.087966
vt 0.762074 0.000129
vt 0.836381 0.175803
vt 0.762331 0.263640
vt 0.762332 0.175803
vt 0.836381 0.263640
vt 0.762331 0.263640
vt 0.836381 0.175803
vt 0.836381 0.087966
vt 0.762332 0.175803
vt 0.762332 0.087966
vt 0.836381 0.175803
vt 0.762332 0.175803
vt 0.836381 0.087966
vt 0.762074 0.263640
vt 0.688024 0.351477
vt 0.688024 0.263640
vt 0.762074 0.351477
vt 0.688024 0.351477
vt 0.762074 0.263640
vt 0.762074 0.087966
vt 0.688024 0.175803
vt 0.688024 0.087966
vt 0.762074 0.175803
vt 0.688024 0.175803
vt 0.762074 0.087966
vt 0.836381 0.263640
vt 0.762332 0.351477
vt 0.762331 0.263640
vt 0.836381 0.351477
vt 0.762332 0.351477
vt 0.836381 0.263640
vt 0.495586 0.268193
vt 0.464205 0.164059
vt 0.513918 0.229521
vt 0.424501 0.174143
vt 0.464205 0.164059
vt 0.495586 0.268193
vt 0.617214 0.263857
vt 0.513918 0.229521
vt 0.600735 0.225575
vt 0.495586 0.268193
vt 0.513918 0.229521
vt 0.617214 0.263857
vt 0.687766 0.181091
vt 0.600735 0.225575
vt 0.651534 0.165897
vt 0.617214 0.263857
vt 0.600735 0.225575
vt 0.687766 0.181091
vt 0.687766 0.076649
vt 0.651534 0.165897
vt 0.652193 0.089639
vt 0.687766 0.181091
vt 0.651534 0.165897
vt 0.687766 0.076649
vt 0.617312 0.002865
vt 0.652193 0.089639
vt 0.601500 0.036526
vt 0.687766 0.076649
vt 0.652193 0.089639
vt 0.617312 0.002865
vt 0.516075 0.000129
vt 0.601500 0.036526
vt 0.527975 0.035608
vt 0.617312 0.002865
vt 0.601500 0.036526
vt 0.516075 0.000129
vt 0.438670 0.067352
vt 0.527975 0.035608
vt 0.472346 0.086158
vt 0.516075 0.000129
vt 0.527975 0.035608
vt 0.438670 0.067352
vt 0.424501 0.174143
vt 0.472346 0.086158
vt 0.464205 0.164059
vt 0.438670 0.067352
vt 0.472346 0.086158
vt 0.424501 0.174143
vt 0.533937 0.184102
vt 0.600735 0.225575
vt 0.513918 0.229521
vt 0.575379 0.189181
vt 0.600735 0.225575
vt 0.533937 0.184102
vt 0.543977 0.073851
vt 0.472346 0.086158
vt 0.527975 0.035608
vt 0.507454 0.107385
vt 0.472346 0.086158
vt 0.543977 0.073851
vt 0.616414 0.107321
vt 0.601500 0.036526
vt 0.652193 0.089639
vt 0.588626 0.073867
vt 0.601500 0.036526
vt 0.616414 0.107321
vt 0.575778 0.188437
vt 0.651534 0.165897
vt 0.600735 0.225575
vt 0.610605 0.153452
vt 0.651534 0.165897
vt 0.575778 0.188437
vt 0.506755 0.154259
vt 0.513918 0.229521
vt 0.464205 0.164059
vt 0.533937 0.184102
vt 0.513918 0.229521
vt 0.506755 0.154259
vt 0.507454 0.107385
vt 0.464205 0.164059
vt 0.472346 0.086158
vt 0.506755 0.154259
vt 0.464205 0.164059
vt 0.507454 0.107385
vt 0.588626 0.073867
vt 0.527975 0.035608
vt 0.601500 0.036526
vt 0.544681 0.073364
vt 0.527975 0.035608
vt 0.588626 0.073867
vt 0.194521 0.000578
vt 0.263100 0.033691
vt 0.208236 0.033691
vt 0.276816 0.000578
vt 0.263100 0.033691
vt 0.194521 0.000578
vt 0.136329 0.141065
vt 0.169442 0.072485
vt 0.169442 0.127349
vt 0.136329 0.058770
vt 0.169442 0.072485
vt 0.136329 0.141065
vt 0.335007 0.141065
vt 0.263100 0.166143
vt 0.301894 0.127349
vt 0.276816 0.199256
vt 0.263100 0.166143
vt 0.335007 0.141065
vt 0.276816 0.000578
vt 0.301894 0.072485
vt 0.263100 0.033691
vt 0.335007 0.058770
vt 0.301894 0.072485
vt 0.276816 0.000578
vt 0.136329 0.058770
vt 0.208236 0.033691
vt 0.169442 0.072485
vt 0.194521 0.000578
vt 0.208236 0.033691
vt 0.136329 0.058770
vt 0.194521 0.199256
vt 0.169442 0.127349
vt 0.208236 0.166143
vt 0.136329 0.141065
vt 0.169442 0.127349
vt 0.194521 0.199256
vt 0.335007 0.058770
vt 0.301894 0.127349
vt 0.301894 0.072485
vt 0.335007 0.141065
vt 0.301894 0.127349
vt 0.335007 0.058770
vt 0.276816 0.199256
vt 0.208236 0.166143
vt 0.263100 0.166143
vt 0.194521 0.199256
vt 0.208236 0.166143
vt 0.276816 0.199256
vt 0.000578 0.165168
vt 0.135173 0.082873
vt 0.135173 0.165168
vt 0.000578 0.082873
vt 0.135173 0.082873
vt 0.000578 0.165168
vt 0.000578 0.247463
vt 0.135173 0.165168
vt 0.135173 0.247463
vt 0.000578 0.165168
vt 0.135173 0.165168
vt 0.000578 0.247463
vt 0.000578 0.412053
vt 0.135173 0.329758
vt 0.135173 0.412053
vt 0.000578 0.329758
vt 0.135173 0.329758
vt 0.000578 0.412053
vt 0.000578 0.576643
vt 0.135173 0.494348
vt 0.135173 0.576643
vt 0.000578 0.494348
vt 0.135173 0.494348
vt 0.000578 0.576643
vt 0.000578 0.082873
vt 0.135173 0.000578
vt 0.135173 0.082873
vt 0.000578 0.000578
vt 0.135173 0.000578
vt 0.000578 0.082873
vt 0.000578 0.329758
vt 0.135173 0.247463
vt 0.135173 0.329758
vt 0.000578 0.247463
vt 0.135173 0.247463
vt 0.000578 0.329758
vt 0.000578 0.494348
vt 0.135173 0.412053
vt 0.135173 0.494348
vt 0.000578 0.412053
vt 0.135173 0.412053
vt 0.000578 0.494348
vt 0.000578 0.658938
vt 0.135173 0.576643
vt 0.135173 0.658938
vt 0.000578 0.576643
vt 0.135173 0.576643
vt 0.000578 0.658938
vt 0.916375 0.337627
vt 0.834080 0.169681
vt 0.834080 0.337627
vt 0.916375 0.169681
vt 0.834080 0.169681
vt 0.916375 0.337627
vt 0.916375 0.168525
vt 0.834080 0.000578
vt 0.834080 0.168525
vt 0.916375 0.000578
vt 0.834080 0.000578
vt 0.916375 0.168525
vt 0.082873 0.828041
vt 0.000578 0.660094
vt 0.000578 0.828041
vt 0.082873 0.660094
vt 0.000578 0.660094
vt 0.082873 0.828041
vt 0.835311 0.820770
vt 0.753016 0.652823
vt 0.753016 0.820770
vt 0.835311 0.652823
vt 0.753016 0.652823
vt 0.835311 0.820770
vt 0.751860 0.837072
vt 0.669565 0.669125
vt 0.669565 0.837072
vt 0.751860 0.669125
vt 0.669565 0.669125
vt 0.751860 0.837072
vt 0.473378 0.789998
vt 0.305432 0.872293
vt 0.473378 0.872293
vt 0.305432 0.789998
vt 0.305432 0.872293
vt 0.473378 0.789998
vt 0.916375 0.614223
vt 0.834080 0.446276
vt 0.834080 0.614223
vt 0.916375 0.446276
vt 0.834080 0.446276
vt 0.916375 0.614223
vt 0.304276 0.789998
vt 0.136329 0.872293
vt 0.304276 0.872293
vt 0.136329 0.789998
vt 0.136329 0.872293
vt 0.304276 0.789998
vt 0.753016 0.223427
vt 0.832924 0.409140
vt 0.832924 0.243105
vt 0.753016 0.428818
vt 0.832924 0.409140
vt 0.753016 0.223427
vt 0.219376 0.575300
vt 0.301266 0.788842
vt 0.301266 0.567149
vt 0.219376 0.780691
vt 0.301266 0.788842
vt 0.219376 0.575300
vt 0.917531 0.136564
vt 0.999422 0.255091
vt 0.999422 0.128413
vt 0.917531 0.246940
vt 0.999422 0.255091
vt 0.917531 0.136564
vt 0.916375 0.818858
vt 0.836467 0.672502
vt 0.836467 0.799180
vt 0.916375 0.652823
vt 0.836467 0.672502
vt 0.916375 0.818858
vt 0.751860 0.445120
vt 0.669969 0.231578
vt 0.669969 0.436969
vt 0.751860 0.223427
vt 0.669969 0.231578
vt 0.751860 0.445120
vt 0.385469 0.586827
vt 0.465377 0.772540
vt 0.465377 0.567149
vt 0.385469 0.752862
vt 0.465377 0.772540
vt 0.385469 0.586827
vt 0.832924 0.968282
vt 0.753016 0.821926
vt 0.753016 0.987961
vt 0.832924 0.841604
vt 0.753016 0.821926
vt 0.832924 0.968282
vt 0.999422 0.382925
vt 0.917531 0.264398
vt 0.917531 0.374774
vt 0.999422 0.256247
vt 0.917531 0.264398
vt 0.999422 0.382925
vt 0.999422 0.572954
vt 0.917531 0.454427
vt 0.917531 0.564803
vt 0.999422 0.446276
vt 0.917531 0.454427
vt 0.999422 0.572954
vt 0.999422 0.700789
vt 0.917531 0.582262
vt 0.917531 0.692638
vt 0.999422 0.574111
vt 0.917531 0.582262
vt 0.999422 0.700789
vt 0.836467 0.839693
vt 0.916375 0.986049
vt 0.916375 0.820014
vt 0.836467 0.966371
vt 0.916375 0.986049
vt 0.836467 0.839693
vt 0.000578 0.848875
vt 0.080486 0.995232
vt 0.080486 0.829197
vt 0.000578 0.975553
vt 0.080486 0.995232
vt 0.000578 0.848875
vt 0.586518 0.632316
vt 0.666425 0.818028
vt 0.666425 0.612638
vt 0.586518 0.798350
vt 0.666425 0.818028
vt 0.586518 0.632316
vt 0.582974 0.798350
vt 0.503066 0.612638
vt 0.503066 0.818029
vt 0.582974 0.632316
vt 0.503066 0.612638
vt 0.582974 0.798350
vt 0.669969 0.446276
vt 0.751859 0.659818
vt 0.751859 0.454427
vt 0.669969 0.667969
vt 0.751859 0.659818
vt 0.669969 0.446276
vt 0.669969 0.000578
vt 0.751860 0.214120
vt 0.751860 0.008729
vt 0.669969 0.222271
vt 0.751860 0.214120
vt 0.669969 0.000578
vt 0.666425 0.985219
vt 0.586518 0.838863
vt 0.586518 0.965541
vt 0.666425 0.819185
vt 0.586518 0.838863
vt 0.666425 0.985219
vt 0.503066 0.819185
vt 0.582974 0.965541
vt 0.582974 0.838863
vt 0.503066 0.985219
vt 0.582974 0.965541
vt 0.503066 0.819185
vt 0.917531 0.008729
vt 0.999422 0.127256
vt 0.999422 0.000578
vt 0.917531 0.119105
vt 0.999422 0.127256
vt 0.917531 0.008729
vt 0.669565 0.846379
vt 0.751455 0.964906
vt 0.751455 0.838228
vt 0.669565 0.956755
vt 0.751455 0.964906
vt 0.669565 0.846379
vt 0.218220 0.780691
vt 0.136329 0.567149
vt 0.136329 0.788842
vt 0.218220 0.575300
vt 0.136329 0.567149
vt 0.218220 0.780691
vt 0.302423 0.575300
vt 0.384313 0.788842
vt 0.384313 0.567149
vt 0.302423 0.780691
vt 0.384313 0.788842
vt 0.302423 0.575300
vt 0.832924 0.205969
vt 0.753016 0.020256
vt 0.753016 0.186291
vt 0.832924 0.000578
vt 0.753016 0.020256
vt 0.832924 0.205969
vt 0.753016 0.446276
vt 0.832924 0.631989
vt 0.832924 0.465954
vt 0.753016 0.651667
vt 0.832924 0.631989
vt 0.753016 0.446276
vt 0.441203 0.483698
vt 0.136329 0.565993
vt 0.441203 0.565993
vt 0.136329 0.483698
vt 0.136329 0.565993
vt 0.441203 0.483698
vt 0.585361 0.611481
vt 0.503066 0.306608
vt 0.503066 0.611481
vt 0.585361 0.306608
vt 0.503066 0.306608
vt 0.585361 0.611481
vt 0.419615 0.000578
vt 0.501910 0.305452
vt 0.501910 0.000578
vt 0.419615 0.305452
vt 0.501910 0.305452
vt 0.419615 0.000578
vt 0.586518 0.306608
vt 0.668813 0.611481
vt 0.668813 0.306608
vt 0.586518 0.611481
vt 0.668813 0.611481
vt 0.586518 0.306608
vt 0.336163 0.000578
vt 0.418458 0.305452
vt 0.418458 0.000578
vt 0.336163 0.305452
vt 0.418458 0.305452
vt 0.336163 0.000578
vt 0.441203 0.400246
vt 0.136329 0.482541
vt 0.441203 0.482541
vt 0.136329 0.400246
vt 0.136329 0.482541
vt 0.441203 0.400246
vt 0.585361 0.305452
vt 0.503066 0.000578
vt 0.503066 0.305452
vt 0.585361 0.000578
vt 0.503066 0.000578
vt 0.585361 0.305452
vt 0.586518 0.000578
vt 0.668813 0.305452
vt 0.668813 0.000578
vt 0.586518 0.305452
vt 0.668813 0.305452
vt 0.586518 0.000578
vt 0.194521 0.399090
vt 0.335007 0.340899
vt 0.136329 0.258604
vt 0.335007 0.258604
vt 0.276815 0.200412
vt 0.335007 0.340899
vt 0.276816 0.399090
vt 0.335007 0.340899
vt 0.194521 0.399090
vt 0.136329 0.340899
vt 0.194521 0.399090
vt 0.136329 0.258604
vt 0.194520 0.200412
vt 0.136329 0.258604
vt 0.276815 0.200412
vt 0.335007 0.340899
vt 0.276815 0.200412
vt 0.136329 0.258604
vt 0.292935 0.000100
vt 0.999900 0.292935
vt 0.000100 0.707065
vt 0.292934 0.999900
vt 0.000100 0.707065
vt 0.999900 0.292935
vt 0.468484 0.905945
vt 0.468484 0.749058
vt 0.533469 0.749058
vt 0.579420 0.859994
vt 0.533469 0.749058
vt 0.579420 0.795009
vt 0.533469 0.749058
vt 0.579420 0.859994
vt 0.533469 0.905945
vt 0.533469 0.749058
vt 0.533469 0.905945
vt 0.468484 0.905945
vt 0.422533 0.795009
vt 0.468484 0.905945
vt 0.422533 0.859994
vt 0.468484 0.905945
vt 0.422533 0.795009
vt 0.468484 0.749058
vt 0.707065 0.999900
vt 0.292934 0.999900
vt 0.999900 0.292935
vt 0.999900 0.707065
vt 0.707065 0.999900
vt 0.999900 0.292935
vt 0.707066 0.000100
vt 0.999900 0.292935
vt 0.292935 0.000100
vt 0.000100 0.292934
vt 0.292935 0.000100
vt 0.000100 0.707065

vn -0.744847 -0.650577 -0.148160
vn -0.744847 -0.650577 -0.148160
vn -0.744847 -0.650577 -0.148160
vn -0.744848 -0.650577 -0.148159
vn -0.744848 -0.650577 -0.148159
vn -0.744848 -0.650577 -0.148159
vn -0.322615 -0.944353 -0.064172
vn -0.322615 -0.944353 -0.064172
vn -0.322615 -0.944353 -0.064172
vn -0.322615 -0.944353 -0.064172
vn -0.322615 -0.944353 -0.064172
vn -0.322615 -0.944353 -0.064172
vn -0.950368 -0.247111 -0.189040
vn -0.950368 -0.247111 -0.189040
vn -0.950368 -0.247111 -0.189040
vn -0.950368 -0.247111 -0.189040
vn -0.950368 -0.247111 -0.189040
vn -0.950368 -0.247111 -0.189040
vn -0.273500 -0.944353 -0.182747
vn -0.273500 -0.944353 -0.182747
vn -0.273500 -0.944353 -0.182747
vn -0.273499 -0.944353 -0.182747
vn -0.273499 -0.944353 -0.182747
vn -0.273499 -0.944353 -0.182747
vn -0.805684 -0.247111 -0.538340
vn -0.805684 -0.247111 -0.538340
vn -0.805684 -0.247111 -0.538340
vn -0.805683 -0.247111 -0.538341
vn -0.805683 -0.247111 -0.538341
vn -0.805683 -0.247111 -0.538341
vn -0.631451 -0.650577 -0.421922
vn -0.631451 -0.650577 -0.421922
vn -0.631451 -0.650577 -0.421922
vn -0.631451 -0.650577 -0.421922
vn -0.631451 -0.650577 -0.421922
vn -0.631451 -0.650577 -0.421922
vn -0.538340 -0.247111 -0.805684
vn -0.538340 -0.247111 -0.805684
vn -0.538340 -0.247111 -0.805684
vn -0.538340 -0.247111 -0.805684
vn -0.538340 -0.247111 -0.805684
vn -0.538340 -0.247111 -0.805684
vn -0.323281 -0.946303 0.000000
vn -0.323281 -0.946303 0.000000
vn -0.323281 -0.946303 0.000000
vn -0.323281 -0.946303 -0.000000
vn -0.323281 -0.946303 -0.000000
vn -0.323281 -0.946303 -0.000000
vn -0.421922 -0.650577 -0.631452
vn -0.421922 -0.650577 -0.631452
vn -0.421922 -0.650577 -0.631452
vn -0.421922 -0.650577 -0.631451
vn -0.421922 -0.650577 -0.631451
vn -0.421922 -0.650577 -0.631451
vn -0.182746 -0.944353 -0.273499
vn -0.182746 -0.944353 -0.273499
vn -0.182746 -0.944353 -0.273499
vn -0.182747 -0.944353 -0.273499
vn -0.182747 -0.944353 -0.273499
vn -0.182747 -0.944353 -0.273499
vn 0.967819 -0.251648 0.000000
vn 0.967819 -0.251648 0.000000
vn 0.967819 -0.251648 0.000000
vn 0.967819 -0.251649 0.000000
vn 0.967819 -0.251649 0.000000
vn 0.967819 -0.251649 0.000000
vn -0.148159 -0.650577 -0.744848
vn -0.148159 -0.650577 -0.744848
vn -0.148159 -0.650577 -0.744848
vn -0.148160 -0.650577 -0.744848
vn -0.148160 -0.650577 -0.744848
vn -0.148160 -0.650577 -0.744848
vn -0.064172 -0.944353 -0.322615
vn -0.064172 -0.944353 -0.322615
vn -0.064172 -0.944353 -0.322615
vn -0.064172 -0.944353 -0.322615
vn -0.064172 -0.944353 -0.322615
vn -0.064172 -0.944353 -0.322615
vn -0.189040 -0.247111 -0.950368
vn -0.189040 -0.247111 -0.950368
vn -0.189040 -0.247111 -0.950368
vn -0.189040 -0.247111 -0.950368
vn -0.189040 -0.247111 -0.950368
vn -0.189040 -0.247111 -0.950368
vn 0.064172 -0.944353 -0.322615
vn 0.064172 -0.944353 -0.322615
vn 0.064172 -0.944353 -0.322615
vn 0.064172 -0.944353 -0.322614
vn 0.064172 -0.944353 -0.322614
vn 0.064172 -0.944353 -0.322614
vn 0.189040 -0.247111 -0.950368
vn 0.189040 -0.247111 -0.950368
vn 0.189040 -0.247111 -0.950368
vn 0.189040 -0.247111 -0.950368
vn 0.189040 -0.247111 -0.950368
vn 0.189040 -0.247111 -0.950368
vn 0.323281 -0.946303 0.000000
vn 0.323281 -0.946303 0.000000
vn 0.323281 -0.946303 0.000000
vn 0.323281 -0.946303 0.000000
vn 0.323281 -0.946303 0.000000
vn 0.323281 -0.946303 0.000000
vn 0.148159 -0.650577 -0.744848
vn 0.148159 -0.650577 -0.744848
vn 0.148159 -0.650577 -0.744848
vn 0.148159 -0.650577 -0.744848
vn 0.148159 -0.650577 -0.744848
vn 0.148159 -0.650577 -0.744848
vn 0.182747 -0.944353 -0.273499
vn 0.182747 -0.944353 -0.273499
vn 0.182747 -0.944353 -0.273499
vn 0.182746 -0.944353 -0.273499
vn 0.182746 -0.944353 -0.273499
vn 0.182746 -0.944353 -0.273499
vn 0.538341 -0.247110 -0.805683
vn 0.538341 -0.247110 -0.805683
vn 0.538341 -0.247110 -0.805683
vn 0.538341 -0.247111 -0.805683
vn 0.538341 -0.247111 -0.805683
vn 0.538341 -0.247111 -0.805683
vn -0.753160 -0.657838 -0.000000
vn -0.753160 -0.657838 -0.000000
vn -0.753160 -0.657838 -0.000000
vn -0.753160 -0.657838 0.000000
vn -0.753160 -0.657838 0.000000
vn -0.753160 -0.657838 0.000000
vn 0.421923 -0.650577 -0.631452
vn 0.421923 -0.650577 -0.631452
vn 0.421923 -0.650577 -0.631452
vn 0.421923 -0.650577 -0.631451
vn 0.421923 -0.650577 -0.631451
vn 0.421923 -0.650577 -0.631451
vn 0.753160 -0.657838 0.000000
vn 0.753160 -0.657838 0.000000
vn 0.753160 -0.657838 0.000000
vn 0.753160 -0.657837 0.000000
vn 0.753160 -0.657837 0.000000
vn 0.753160 -0.657837 0.000000
vn 0.631452 -0.650577 -0.421922
vn 0.631452 -0.650577 -0.421922
vn 0.631452 -0.650577 -0.421922
vn 0.631452 -0.650577 -0.421922
vn 0.631452 -0.650577 -0.421922
vn 0.631452 -0.650577 -0.421922
vn 0.273499 -0.944353 -0.182746
vn 0.273499 -0.944353 -0.182746
vn 0.273499 -0.944353 -0.182746
vn 0.273499 -0.944353 -0.182746
vn 0.273499 -0.944353 -0.182746
vn 0.273499 -0.944353 -0.182746
vn 0.805683 -0.247111 -0.538340
vn 0.805683 -0.247111 -0.538340
vn 0.805683 -0.247111 -0.538340
vn 0.805683 -0.247111 -0.538340
vn 0.805683 -0.247111 -0.538340
vn 0.805683 -0.247111 -0.538340
vn -0.967819 -0.251648 0.000000
vn -0.967819 -0.251648 0.000000
vn -0.967819 -0.251648 0.000000
vn -0.967819 -0.251648 0.000000
vn -0.967819 -0.251648 0.000000
vn -0.967819 -0.251648 0.000000
vn 0.744848 -0.650577 -0.148159
vn 0.744848 -0.650577 -0.148159
vn 0.744848 -0.650577 -0.148159
vn 0.744848 -0.650577 -0.148160
vn 0.744848 -0.650577 -0.148160
vn 0.744848 -0.650577 -0.148160
vn 0.322614 -0.944353 -0.064172
vn 0.322614 -0.944353 -0.064172
vn 0.322614 -0.944353 -0.064172
vn 0.322614 -0.944353 -0.064172
vn 0.322614 -0.944353 -0.064172
vn 0.322614 -0.944353 -0.064172
vn 0.950368 -0.247111 -0.189040
vn 0.950368 -0.247111 -0.189040
vn 0.950368 -0.247111 -0.189040
vn 0.950368 -0.247111 -0.189039
vn 0.950368 -0.247111 -0.189039
vn 0.950368 -0.247111 -0.189039
vn 0.000002 0.000002 1.000000
vn 0.000002 0.000002 1.000000
vn 0.000002 0.000002 1.000000
vn -0.197204 -0.969368 -0.146408
vn -0.197204 -0.969368 -0.146408
vn -0.197204 -0.969368 -0.146408
vn -0.197204 -0.969368 -0.146408
vn -0.197204 -0.969368 -0.146408
vn -0.197204 -0.969368 -0.146408
vn -0.758964 -0.326305 -0.563471
vn -0.758964 -0.326305 -0.563471
vn -0.758964 -0.326305 -0.563471
vn -0.758964 -0.326305 -0.563470
vn -0.758964 -0.326305 -0.563470
vn -0.758964 -0.326305 -0.563470
vn -0.509237 -0.773138 -0.378068
vn -0.509237 -0.773138 -0.378068
vn -0.509237 -0.773138 -0.378068
vn -0.509237 -0.773138 -0.378068
vn -0.509237 -0.773138 -0.378068
vn -0.509237 -0.773138 -0.378068
vn -0.489160 -0.314746 -0.813423
vn -0.489160 -0.314746 -0.813423
vn -0.489160 -0.314746 -0.813423
vn -0.489160 -0.314746 -0.813423
vn -0.489160 -0.314746 -0.813423
vn -0.489160 -0.314746 -0.813423
vn -0.334673 -0.760442 -0.556527
vn -0.334673 -0.760442 -0.556527
vn -0.334673 -0.760442 -0.556527
vn -0.334674 -0.760441 -0.556527
vn -0.334674 -0.760441 -0.556527
vn -0.334674 -0.760441 -0.556527
vn -0.131436 -0.966930 -0.218565
vn -0.131436 -0.966930 -0.218565
vn -0.131436 -0.966930 -0.218565
vn -0.131436 -0.966930 -0.218565
vn -0.131436 -0.966930 -0.218565
vn -0.131436 -0.966930 -0.218565
vn -0.116191 -0.751832 -0.649036
vn -0.116191 -0.751832 -0.649036
vn -0.116191 -0.751832 -0.649036
vn -0.116191 -0.751832 -0.649036
vn -0.116191 -0.751832 -0.649036
vn -0.116191 -0.751832 -0.649036
vn -0.046073 -0.965217 -0.257358
vn -0.046073 -0.965217 -0.257358
vn -0.046073 -0.965217 -0.257358
vn -0.046072 -0.965217 -0.257358
vn -0.046072 -0.965217 -0.257358
vn -0.046072 -0.965217 -0.257358
vn -0.167694 -0.307277 -0.936728
vn -0.167694 -0.307277 -0.936728
vn -0.167694 -0.307277 -0.936728
vn -0.167694 -0.307278 -0.936728
vn -0.167694 -0.307278 -0.936728
vn -0.167694 -0.307278 -0.936728
vn 0.046072 -0.965217 -0.257358
vn 0.046072 -0.965217 -0.257358
vn 0.046072 -0.965217 -0.257358
vn 0.046073 -0.965217 -0.257358
vn 0.046073 -0.965217 -0.257358
vn 0.046073 -0.965217 -0.257358
vn 0.167694 -0.307278 -0.936728
vn 0.167694 -0.307278 -0.936728
vn 0.167694 -0.307278 -0.936728
vn 0.167694 -0.307277 -0.936728
vn 0.167694 -0.307277 -0.936728
vn 0.167694 -0.307277 -0.936728
vn 0.116191 -0.751832 -0.649036
vn 0.116191 -0.751832 -0.649036
vn 0.116191 -0.751832 -0.649036
vn 0.116191 -0.751832 -0.649036
vn 0.116191 -0.751832 -0.649036
vn 0.116191 -0.751832 -0.649036
vn 0.131436 -0.966930 -0.218565
vn 0.131436 -0.966930 -0.218565
vn 0.131436 -0.966930 -0.218565
vn 0.131436 -0.966930 -0.218564
vn 0.131436 -0.966930 -0.218564
vn 0.131436 -0.966930 -0.218564
vn 0.489161 -0.314747 -0.813423
vn 0.489161 -0.314747 -0.813423
vn 0.489161 -0.314747 -0.813423
vn 0.489161 -0.314746 -0.813423
vn 0.489161 -0.314746 -0.813423
vn 0.489161 -0.314746 -0.813423
vn 0.334674 -0.760442 -0.556527
vn 0.334674 -0.760442 -0.556527
vn 0.334674 -0.760442 -0.556527
vn 0.334674 -0.760441 -0.556527
vn 0.334674 -0.760441 -0.556527
vn 0.334674 -0.760441 -0.556527
vn 0.509237 -0.773138 -0.378068
vn 0.509237 -0.773138 -0.378068
vn 0.509237 -0.773138 -0.378068
vn 0.509237 -0.773138 -0.378068
vn 0.509237 -0.773138 -0.378068
vn 0.509237 -0.773138 -0.378068
vn 0.197204 -0.969368 -0.146408
vn 0.197204 -0.969368 -0.146408
vn 0.197204 -0.969368 -0.146408
vn 0.197204 -0.969368 -0.146408
vn 0.197204 -0.969368 -0.146408
vn 0.197204 -0.969368 -0.146408
vn 0.758964 -0.326304 -0.563471
vn 0.758964 -0.326304 -0.563471
vn 0.758964 -0.326304 -0.563471
vn 0.758964 -0.326305 -0.563470
vn 0.758964 -0.326305 -0.563470
vn 0.758964 -0.326305 -0.563470
vn 0.197204 0.969368 -0.146408
vn 0.197204 0.969368 -0.146408
vn 0.197204 0.969368 -0.146408
vn 0.197204 0.969368 -0.146408
vn 0.197204 0.969368 -0.146408
vn 0.197204 0.969368 -0.146408
vn 0.758964 0.326305 -0.563471
vn 0.758964 0.326305 -0.563471
vn 0.758964 0.326305 -0.563471
vn 0.758964 0.326304 -0.563471
vn 0.758964 0.326304 -0.563471
vn 0.758964 0.326304 -0.563471
vn 0.509236 0.773138 -0.378068
vn 0.509236 0.773138 -0.378068
vn 0.509236 0.773138 -0.378068
vn 0.509237 0.773138 -0.378068
vn 0.509237 0.773138 -0.378068
vn 0.509237 0.773138 -0.378068
vn 0.489161 0.314747 -0.813423
vn 0.489161 0.314747 -0.813423
vn 0.489161 0.314747 -0.813423
vn 0.489161 0.314746 -0.813423
vn 0.489161 0.314746 -0.813423
vn 0.489161 0.314746 -0.813423
vn 0.334674 0.760441 -0.556527
vn 0.334674 0.760441 -0.556527
vn 0.334674 0.760441 -0.556527
vn 0.334673 0.760442 -0.556527
vn 0.334673 0.760442 -0.556527
vn 0.334673 0.760442 -0.556527
vn 0.131436 0.966930 -0.218565
vn 0.131436 0.966930 -0.218565
vn 0.131436 0.966930 -0.218565
vn 0.131437 0.966930 -0.218565
vn 0.131437 0.966930 -0.218565
vn 0.131437 0.966930 -0.218565
vn 0.116191 0.751832 -0.649036
vn 0.116191 0.751832 -0.649036
vn 0.116191 0.751832 -0.649036
vn 0.116191 0.751832 -0.649036
vn 0.116191 0.751832 -0.649036
vn 0.116191 0.751832 -0.649036
vn 0.046072 0.965217 -0.257358
vn 0.046072 0.965217 -0.257358
vn 0.046072 0.965217 -0.257358
vn 0.046073 0.965217 -0.257358
vn 0.046073 0.965217 -0.257358
vn 0.046073 0.965217 -0.257358
vn 0.167694 0.307277 -0.936728
vn 0.167694 0.307277 -0.936728
vn 0.167694 0.307277 -0.936728
vn 0.167694 0.307277 -0.936728
vn 0.167694 0.307277 -0.936728
vn 0.167694 0.307277 -0.936728
vn -0.046073 0.965217 -0.257358
vn -0.046073 0.965217 -0.257358
vn -0.046073 0.965217 -0.257358
vn -0.046072 0.965217 -0.257358
vn -0.046072 0.965217 -0.257358
vn -0.046072 0.965217 -0.257358
vn -0.167695 0.307277 -0.936728
vn -0.167695 0.307277 -0.936728
vn -0.167695 0.307277 -0.936728
vn -0.167694 0.307276 -0.936728
vn -0.167694 0.307276 -0.936728
vn -0.167694 0.307276 -0.936728
vn -0.116191 0.751832 -0.649036
vn -0.116191 0.751832 -0.649036
vn -0.116191 0.751832 -0.649036
vn -0.116191 0.751832 -0.649036
vn -0.116191 0.751832 -0.649036
vn -0.116191 0.751832 -0.649036
vn -0.131436 0.966930 -0.218565
vn -0.131436 0.966930 -0.218565
vn -0.131436 0.966930 -0.218565
vn -0.131436 0.966930 -0.218564
vn -0.131436 0.966930 -0.218564
vn -0.131436 0.966930 -0.218564
vn -0.489161 0.314746 -0.813423
vn -0.489161 0.314746 -0.813423
vn -0.489161 0.314746 -0.813423
vn -0.489161 0.314746 -0.813423
vn -0.489161 0.314746 -0.813423
vn -0.489161 0.314746 -0.813423
vn -0.334674 0.760442 -0.556527
vn -0.334674 0.760442 -0.556527
vn -0.334674 0.760442 -0.556527
vn -0.334673 0.760441 -0.556527
vn -0.334673 0.760441 -0.556527
vn -0.334673 0.760441 -0.556527
vn -0.509237 0.773138 -0.378068
vn -0.509237 0.773138 -0.378068
vn -0.509237 0.773138 -0.378068
vn -0.509237 0.773138 -0.378068
vn -0.509237 0.773138 -0.378068
vn -0.509237 0.773138 -0.378068
vn -0.197204 0.969369 -0.146408
vn -0.197204 0.969369 -0.146408
vn -0.197204 0.969369 -0.146408
vn -0.197204 0.969368 -0.146409
vn -0.197204 0.969368 -0.146409
vn -0.197204 0.969368 -0.146409
vn -0.758964 0.326304 -0.563471
vn -0.758964 0.326304 -0.563471
vn -0.758964 0.326304 -0.563471
vn -0.758964 0.326305 -0.563470
vn -0.758964 0.326305 -0.563470
vn -0.758964 0.326305 -0.563470
vn 0.643623 -0.765343 0.000000
vn 0.643623 -0.765343 0.000000
vn 0.643623 -0.765343 0.000000
vn 0.643623 -0.765343 0.000000
vn 0.643623 -0.765343 0.000000
vn 0.643623 -0.765343 0.000000
vn 0.947711 -0.319129 0.000000
vn 0.947711 -0.319129 0.000000
vn 0.947711 -0.319129 0.000000
vn 0.947711 -0.319129 0.000000
vn 0.947711 -0.319129 0.000000
vn 0.947711 -0.319129 0.000000
vn 0.251398 -0.967884 0.000000
vn 0.251398 -0.967884 0.000000
vn 0.251398 -0.967884 0.000000
vn -0.251398 -0.967884 0.000000
vn -0.251398 -0.967884 0.000000
vn -0.251398 -0.967884 0.000000
vn -0.643622 -0.765343 0.000000
vn -0.643622 -0.765343 0.000000
vn -0.643622 -0.765343 0.000000
vn -0.643623 -0.765343 0.000000
vn -0.643623 -0.765343 0.000000
vn -0.643623 -0.765343 0.000000
vn -0.947711 -0.319129 0.000000
vn -0.947711 -0.319129 0.000000
vn -0.947711 -0.319129 0.000000
vn -0.947711 -0.319129 0.000000
vn -0.947711 -0.319129 0.000000
vn -0.947711 -0.319129 0.000000
vn -0.000000 1.000000 0.000000
vn -0.000000 1.000000 0.000000
vn -0.000000 1.000000 0.000000
vn -0.000000 1.000000 0.000000
vn -0.000000 1.000000 0.000000
vn -0.000000 1.000000 0.000000
vn 0.000000 1.000000 0.000000
vn 0.000000 1.000000 0.000000
vn 0.000000 1.000000 0.000000
vn 0.000000 1.000000 0.000000
vn 0.000000 1.000000 0.000000
vn 0.000000 1.000000 0.000000
vn -0.000000 1.000000 0.000000
vn -0.000000 1.000000 0.000000
vn -0.000000 1.000000 0.000000
vn -0.000000 1.000000 0.000000
vn -0.000000 1.000000 0.000000
vn -0.000000 1.000000 0.000000
vn 0.000000 1.000000 0.000000
vn 0.000000 1.000000 0.000000
vn 0.000000 1.000000 0.000000
vn -0.000000 1.000000 0.000000
vn -0.000000 1.000000 0.000000
vn -0.000000 1.000000 0.000000
vn -0.000000 1.000000 0.000000
vn -0.000000 1.000000 0.000000
vn -0.000000 1.000000 0.000000
vn -0.000000 1.000000 0.000000
vn -0.000000 1.000000 0.000000
vn -0.000000 1.000000 0.000000
vn -0.000000 1.000000 0.000000
vn -0.000000 1.000000 0.000000
vn -0.000000 1.000000 0.000000
vn -0.000000 1.000000 0.000000
vn -0.000000 1.000000 0.000000
vn -0.000000 1.000000 0.000000
vn -0.000000 1.000000 0.000000
vn -0.000000 1.000000 0.000000
vn -0.000000 1.000000 0.000000
vn -0.000000 1.000000 0.000000
vn -0.000000 1.000000 0.000000
vn -0.000000 1.000000 0.000000
vn -0.000000 1.000000 0.000000
vn -0.000000 1.000000 0.000000
vn -0.000000 1.000000 0.000000
vn -0.000000 1.000000 0.000000
vn -0.000000 1.000000 0.000000
vn -0.000000 1.000000 0.000000
vn 0.000000 1.000000 0.000000
vn 0.000000 1.000000 0.000000
vn 0.000000 1.000000 0.000000
vn -0.000000 1.000000 0.000000
vn -0.000000 1.000000 0.000000
vn -0.000000 1.000000 0.000000
vn -0.000000 1.000000 0.000000
vn -0.000000 1.000000 0.000000
vn -0.000000 1.000000 0.000000
vn -0.000000 1.000000 0.000000
vn -0.000000 1.000000 0.000000
vn -0.000000 1.000000 0.000000
vn -0.000000 1.000000 0.000000
vn -0.000000 1.000000 0.000000
vn -0.000000 1.000000 0.000000
vn -0.000000 1.000000 0.000000
vn -0.000000 1.000000 0.000000
vn -0.000000 1.000000 0.000000
vn -0.000000 1.000000 0.000000
vn -0.000000 1.000000 0.000000
vn -0.000000 1.000000 0.000000
vn -0.000000 1.000000 0.000000
vn -0.000000 1.000000 0.000000
vn -0.000000 1.000000 0.000000
vn 0.000000 1.000000 0.000000
vn 0.000000 1.000000 0.000000
vn 0.000000 1.000000 0.000000
vn 0.000001 1.000000 -0.000001
vn 0.000001 1.000000 -0.000001
vn 0.000001 1.000000 -0.000001
vn -0.000001 1.000000 0.000002
vn -0.000001 1.000000 0.000002
vn -0.000001 1.000000 0.000002
vn 0.000001 1.000000 0.000002
vn 0.000001 1.000000 0.000002
vn 0.000001 1.000000 0.000002
vn 0.000001 1.000000 0.000000
vn 0.000001 1.000000 0.000000
vn 0.000001 1.000000 0.000000
vn 0.000001 1.000000 -0.000000
vn 0.000001 1.000000 -0.000000
vn 0.000001 1.000000 -0.000000
vn 0.000001 1.000000 -0.000002
vn 0.000001 1.000000 -0.000002
vn 0.000001 1.000000 -0.000002
vn 0.000001 1.000000 -0.000003
vn 0.000001 1.000000 -0.000003
vn 0.000001 1.000000 -0.000003
vn 0.000001 1.000000 0.000002
vn 0.000001 1.000000 0.000002
vn 0.000001 1.000000 0.000002
vn 0.000001 1.000000 0.000003
vn 0.000001 1.000000 0.000003
vn 0.000001 1.000000 0.000003
vn -0.000001 1.000000 -0.000002
vn -0.000001 1.000000 -0.000002
vn -0.000001 1.000000 -0.000002
vn -0.000001 1.000000 0.000002
vn -0.000001 1.000000 0.000002
vn -0.000001 1.000000 0.000002
vn -0.000000 1.000000 -0.000003
vn -0.000000 1.000000 -0.000003
vn -0.000000 1.000000 -0.000003
vn -0.000000 1.000000 0.000003
vn -0.000000 1.000000 0.000003
vn -0.000000 1.000000 0.000003
vn -0.000001 1.000000 -0.000002
vn -0.000001 1.000000 -0.000002
vn -0.000001 1.000000 -0.000002
vn -0.000002 1.000000 0.000000
vn -0.000002 1.000000 0.000000
vn -0.000002 1.000000 0.000000
vn 0.000001 1.000000 0.000001
vn 0.000001 1.000000 0.000001
vn 0.000001 1.000000 0.000001
vn -0.000001 1.000000 -0.000000
vn -0.000001 1.000000 -0.000000
vn -0.000001 1.000000 -0.000000
vn -0.000001 1.000000 -0.000001
vn -0.000001 1.000000 -0.000001
vn -0.000001 1.000000 -0.000001
vn 0.000001 1.000000 -0.000002
vn 0.000001 1.000000 -0.000002
vn 0.000001 1.000000 -0.000002
vn -0.000000 1.000000 0.000001
vn -0.000000 1.000000 0.000001
vn -0.000000 1.000000 0.000001
vn -0.000000 -1.000000 0.000000
vn -0.000000 -1.000000 0.000000
vn -0.000000 -1.000000 0.000000
vn 0.000000 -1.000000 0.000000
vn 0.000000 -1.000000 0.000000
vn 0.000000 -1.000000 0.000000
vn -0.000000 -1.000000 0.000000
vn -0.000000 -1.000000 0.000000
vn -0.000000 -1.000000 0.000000
vn -0.000000 -1.000000 0.000000
vn -0.000000 -1.000000 0.000000
vn -0.000000 -1.000000 0.000000
vn -0.000000 -1.000000 0.000000
vn -0.000000 -1.000000 0.000000
vn -0.000000 -1.000000 0.000000
vn -0.000000 -1.000000 0.000000
vn -0.000000 -1.000000 0.000000
vn -0.000000 -1.000000 0.000000
vn -0.000000 -1.000000 0.000000
vn -0.000000 -1.000000 0.000000
vn -0.000000 -1.000000 0.000000
vn -0.000000 -1.000000 0.000000
vn -0.000000 -1.000000 0.000000
vn -0.000000 -1.000000 0.000000
vn -0.000000 -1.000000 0.000000
vn -0.000000 -1.000000 0.000000
vn -0.000000 -1.000000 0.000000
vn -0.000000 -1.000000 0.000000
vn -0.000000 -1.000000 0.000000
vn -0.000000 -1.000000 0.000000
vn -0.000000 -1.000000 0.000000
vn -0.000000 -1.000000 0.000000
vn -0.000000 -1.000000 0.000000
vn 0.000000 -1.000000 0.000000
vn 0.000000 -1.000000 0.000000
vn 0.000000 -1.000000 0.000000
vn -0.000000 -1.000000 0.000000
vn -0.000000 -1.000000 0.000000
vn -0.000000 -1.000000 0.000000
vn -0.000000 -1.000000 0.000000
vn -0.000000 -1.000000 0.000000
vn -0.000000 -1.000000 0.000000
vn -0.000000 -1.000000 0.000000
vn -0.000000 -1.000000 0.000000
vn -0.000000 -1.000000 0.000000
vn 0.000000 -1.000000 0.000000
vn 0.000000 -1.000000 0.000000
vn 0.000000 -1.000000 0.000000
vn -0.000000 -1.000000 0.000000
vn -0.000000 -1.000000 0.000000
vn -0.000000 -1.000000 0.000000
vn -0.000000 -1.000000 0.000000
vn -0.000000 -1.000000 0.000000
vn -0.000000 -1.000000 0.000000
vn 0.000000 -1.000000 0.000000
vn 0.000000 -1.000000 0.000000
vn 0.000000 -1.000000 0.000000
vn -0.000002 -0.000004 1.000000
vn -0.000002 -0.000004 1.000000
vn -0.000002 -0.000004 1.000000
vn -0.000000 0.000001 1.000000
vn -0.000000 0.000001 1.000000
vn -0.000000 0.000001 1.000000
vn -0.000000 -0.000002 1.000000
vn -0.000000 -0.000002 1.000000
vn -0.000000 -0.000002 1.000000
vn -0.000001 0.000000 1.000000
vn -0.000001 0.000000 1.000000
vn -0.000001 0.000000 1.000000
vn -0.000000 0.000000 1.000000
vn -0.000000 0.000000 1.000000
vn -0.000000 0.000000 1.000000
vn 0.382684 0.000000 0.923880
vn 0.382684 0.000000 0.923880
vn 0.382684 0.000000 0.923880
vn 0.382684 0.000000 0.923880
vn 0.382684 0.000000 0.923880
vn 0.382684 0.000000 0.923880
vn -0.000000 1.000000 0.000000
vn -0.000000 1.000000 0.000000
vn -0.000000 1.000000 0.000000
vn -0.000000 1.000000 0.000000
vn -0.000000 1.000000 0.000000
vn -0.000000 1.000000 0.000000
vn -0.000000 1.000000 0.000000
vn -0.000000 1.000000 0.000000
vn -0.000000 1.000000 0.000000
vn -0.000000 1.000000 0.000000
vn -0.000000 1.000000 0.000000
vn -0.000000 1.000000 0.000000
vn 0.000001 1.000000 0.000000
vn 0.000001 1.000000 0.000000
vn 0.000001 1.000000 0.000000
vn -0.000000 1.000000 0.000000
vn -0.000000 1.000000 0.000000
vn -0.000000 1.000000 0.000000
vn -0.000000 1.000000 0.000000
vn -0.000000 1.000000 0.000000
vn -0.000000 1.000000 0.000000
vn -0.000000 1.000000 0.000000
vn -0.000000 1.000000 0.000000
vn -0.000000 1.000000 0.000000
vn -0.000000 1.000000 0.000000
vn -0.000000 1.000000 0.000000
vn -0.000000 1.000000 0.000000
vn 0.000002 1.000000 0.000000
vn 0.000002 1.000000 0.000000
vn 0.000002 1.000000 0.000000
vn -0.000000 1.000000 0.000000
vn -0.000000 1.000000 0.000000
vn -0.000000 1.000000 0.000000
vn 0.000001 1.000000 0.000000
vn 0.000001 1.000000 0.000000
vn 0.000001 1.000000 0.000000
vn -0.000001 1.000000 0.000000
vn -0.000001 1.000000 0.000000
vn -0.000001 1.000000 0.000000
vn -0.000000 1.000000 0.000000
vn -0.000000 1.000000 0.000000
vn -0.000000 1.000000 0.000000
vn -0.000002 1.000000 0.000000
vn -0.000002 1.000000 0.000000
vn -0.000002 1.000000 0.000000
vn -0.000000 1.000000 0.000000
vn -0.000000 1.000000 0.000000
vn -0.000000 1.000000 0.000000
vn 0.923880 0.000000 -0.382683
vn 0.923880 0.000000 -0.382683
vn 0.923880 0.000000 -0.382683
vn 0.923880 0.000000 -0.382683
vn 0.923880 0.000000 -0.382683
vn 0.923880 0.000000 -0.382683
vn -0.923880 0.000000 0.382683
vn -0.923880 0.000000 0.382683
vn -0.923880 0.000000 0.382683
vn -0.923880 0.000000 0.382683
vn -0.923880 0.000000 0.382683
vn -0.923880 0.000000 0.382683
vn -0.382684 0.000000 -0.923879
vn -0.382684 0.000000 -0.923879
vn -0.382684 0.000000 -0.923879
vn -0.382684 0.000000 -0.923879
vn -0.382684 0.000000 -0.923879
vn -0.382684 0.000000 -0.923879
vn 0.923880 0.000000 0.382683
vn 0.923880 0.000000 0.382683
vn 0.923880 0.000000 0.382683
vn 0.923880 0.000000 0.382684
vn 0.923880 0.000000 0.382684
vn 0.923880 0.000000 0.382684
vn -0.382684 0.000000 0.923879
vn -0.382684 0.000000 0.923879
vn -0.382684 0.000000 0.923879
vn -0.382684 0.000000 0.923879
vn -0.382684 0.000000 0.923879
vn -0.382684 0.000000 0.923879
vn -0.923880 0.000000 -0.382683
vn -0.923880 0.000000 -0.382683
vn -0.923880 0.000000 -0.382683
vn -0.923880 0.000000 -0.382683
vn -0.923880 0.000000 -0.382683
vn -0.923880 0.000000 -0.382683
vn 0.382683 0.000000 -0.923880
vn 0.382683 0.000000 -0.923880
vn 0.382683 0.000000 -0.923880
vn 0.382683 0.000000 -0.923880
vn 0.382683 0.000000 -0.923880
vn 0.382683 0.000000 -0.923880
vn -0.923880 0.371936 0.090057
vn -0.923880 0.371936 0.090057
vn -0.923880 0.371936 0.090057
vn -0.923879 0.371936 0.090057
vn -0.923879 0.371936 0.090057
vn -0.923879 0.371936 0.090057
vn -0.383851 0.879771 0.280466
vn -0.383851 0.879771 0.280466
vn -0.383851 0.879771 0.280466
vn -0.383849 0.879772 0.280465
vn -0.383849 0.879772 0.280465
vn -0.383849 0.879772 0.280465
vn 0.922714 0.353774 0.153109
vn 0.922714 0.353774 0.153109
vn 0.922714 0.353774 0.153109
vn 0.922715 0.353772 0.153110
vn 0.922715 0.353772 0.153110
vn 0.922715 0.353772 0.153110
vn 0.383848 -0.879772 -0.280466
vn 0.383848 -0.879772 -0.280466
vn 0.383848 -0.879772 -0.280466
vn 0.383852 -0.879771 -0.280465
vn 0.383852 -0.879771 -0.280465
vn 0.383852 -0.879771 -0.280465
vn -0.922714 -0.353774 -0.153110
vn -0.922714 -0.353774 -0.153110
vn -0.922714 -0.353774 -0.153110
vn -0.922715 -0.353773 -0.153110
vn -0.922715 -0.353773 -0.153110
vn -0.922715 -0.353773 -0.153110
vn -0.923879 0.371937 0.090054
vn -0.923879 0.371937 0.090054
vn -0.923879 0.371937 0.090054
vn -0.923880 0.371936 0.090054
vn -0.923880 0.371936 0.090054
vn -0.923880 0.371936 0.090054
vn 0.381035 0.872249 0.306584
vn 0.381035 0.872249 0.306584
vn 0.381035 0.872249 0.306584
vn 0.381036 0.872249 0.306584
vn 0.381036 0.872249 0.306584
vn 0.381036 0.872249 0.306584
vn 0.923879 -0.371938 -0.090055
vn 0.923879 -0.371938 -0.090055
vn 0.923879 -0.371938 -0.090055
vn 0.923880 -0.371936 -0.090055
vn 0.923880 -0.371936 -0.090055
vn 0.923880 -0.371936 -0.090055
vn -0.381034 -0.872249 -0.306585
vn -0.381034 -0.872249 -0.306585
vn -0.381034 -0.872249 -0.306585
vn -0.381034 -0.872250 -0.306584
vn -0.381034 -0.872250 -0.306584
vn -0.381034 -0.872250 -0.306584
vn 0.035479 0.317562 -0.947574
vn 0.035479 0.317562 -0.947574
vn 0.035479 0.317562 -0.947574
vn 0.035480 0.317560 -0.947574
vn 0.035480 0.317560 -0.947574
vn 0.035480 0.317560 -0.947574
vn 0.035477 0.317555 -0.947576
vn 0.035477 0.317555 -0.947576
vn 0.035477 0.317555 -0.947576
vn 0.035478 0.317564 -0.947573
vn 0.035478 0.317564 -0.947573
vn 0.035478 0.317564 -0.947573
vn 0.035479 0.317563 -0.947573
vn 0.035479 0.317563 -0.947573
vn 0.035479 0.317563 -0.947573
vn 0.035480 0.317564 -0.947573
vn 0.035480 0.317564 -0.947573
vn 0.035480 0.317564 -0.947573
vn 0.035482 0.317561 -0.947574
vn 0.035482 0.317561 -0.947574
vn 0.035482 0.317561 -0.947574
vn 0.035476 0.317564 -0.947573
vn 0.035476 0.317564 -0.947573
vn 0.035476 0.317564 -0.947573
vn 0.035479 0.317561 -0.947574
vn 0.035479 0.317561 -0.947574
vn 0.035479 0.317561 -0.947574
vn 0.035480 0.317562 -0.947574
vn 0.035480 0.317562 -0.947574
vn 0.035480 0.317562 -0.947574
vn 0.035480 0.317562 -0.947574
vn 0.035480 0.317562 -0.947574
vn 0.035480 0.317562 -0.947574
vn 0.035479 0.317560 -0.947574
vn 0.035479 0.317560 -0.947574
vn 0.035479 0.317560 -0.947574
vn 0.035481 0.317560 -0.947574
vn 0.035481 0.317560 -0.947574
vn 0.035481 0.317560 -0.947574
vn 0.035481 0.317563 -0.947573
vn 0.035481 0.317563 -0.947573
vn 0.035481 0.317563 -0.947573
vn 0.035479 0.317559 -0.947575
vn 0.035479 0.317559 -0.947575
vn 0.035479 0.317559 -0.947575
vn 0.035481 0.317561 -0.947574
vn 0.035481 0.317561 -0.947574
vn 0.035481 0.317561 -0.947574
vn 0.376160 0.839367 0.392386
vn 0.376160 0.839367 0.392386
vn 0.376160 0.839367 0.392386
vn 0.376160 0.839366 0.392388
vn 0.376160 0.839366 0.392388
vn 0.376160 0.839366 0.392388
vn 0.385344 -0.857220 -0.341592
vn 0.385344 -0.857220 -0.341592
vn 0.385344 -0.857220 -0.341592
vn 0.385343 -0.857218 -0.341597
vn 0.385343 -0.857218 -0.341597
vn 0.385343 -0.857218 -0.341597
vn -0.918444 -0.332339 -0.214503
vn -0.918444 -0.332339 -0.214503
vn -0.918444 -0.332339 -0.214503
vn -0.918444 -0.332338 -0.214505
vn -0.918444 -0.332338 -0.214505
vn -0.918444 -0.332338 -0.214505
vn -0.385346 0.857219 0.341592
vn -0.385346 0.857219 0.341592
vn -0.385346 0.857219 0.341592
vn -0.385344 0.857219 0.341592
vn -0.385344 0.857219 0.341592
vn -0.385344 0.857219 0.341592
vn 0.918444 0.332339 0.214503
vn 0.918444 0.332339 0.214503
vn 0.918444 0.332339 0.214503
vn 0.918444 0.332338 0.214503
vn 0.918444 0.332338 0.214503
vn 0.918444 0.332338 0.214503
vn 0.923880 -0.371934 -0.090059
vn 0.923880 -0.371934 -0.090059
vn 0.923880 -0.371934 -0.090059
vn 0.923879 -0.371937 -0.090057
vn 0.923879 -0.371937 -0.090057
vn 0.923879 -0.371937 -0.090057
vn -0.376159 -0.839366 -0.392389
vn -0.376159 -0.839366 -0.392389
vn -0.376159 -0.839366 -0.392389
vn -0.376160 -0.839366 -0.392387
vn -0.376160 -0.839366 -0.392387
vn -0.376160 -0.839366 -0.392387
vn -0.000000 -1.000000 0.000000
vn -0.000000 -1.000000 0.000000
vn -0.000000 -1.000000 0.000000
vn -0.000000 -1.000000 0.000000
vn -0.000000 -1.000000 0.000000
vn -0.000000 -1.000000 0.000000
vn -0.000000 -1.000000 0.000000
vn -0.000000 -1.000000 0.000000
vn -0.000000 -1.000000 0.000000
vn -0.000000 -1.000000 0.000000
vn -0.000000 -1.000000 0.000000
vn -0.000000 -1.000000 0.000000
vn -0.000001 -1.000000 0.000000
vn -0.000001 -1.000000 0.000000
vn -0.000001 -1.000000 0.000000
vn -0.000000 -1.000000 0.000000
vn -0.000000 -1.000000 0.000000
vn -0.000000 -1.000000 0.000000
vn -0.000000 -1.000000 0.000000
vn -0.000000 -1.000000 0.000000
vn -0.000000 -1.000000 0.000000
vn 0.000001 -1.000000 0.000000
vn 0.000001 -1.000000 0.000000
vn 0.000001 -1.000000 0.000000
vn 0.000001 -1.000000 0.000000
vn 0.000001 -1.000000 0.000000
vn 0.000001 -1.000000 0.000000
vn -0.000000 -1.000000 0.000000
vn -0.000000 -1.000000 0.000000
vn -0.000000 -1.000000 0.000000
vn -0.000000 -1.000000 0.000000
vn -0.000000 -1.000000 0.000000
vn -0.000000 -1.000000 0.000000
vn -0.000001 -1.000000 0.000000
vn -0.000001 -1.000000 0.000000
vn -0.000001 -1.000000 0.000000
vn -0.000000 -1.000000 0.000000
vn -0.000000 -1.000000 0.000000
vn -0.000000 -1.000000 0.000000
vn 0.000000 -1.000000 0.000000
vn 0.000000 -1.000000 0.000000
vn 0.000000 -1.000000 0.000000
vn 0.000002 -1.000000 0.000000
vn 0.000002 -1.000000 0.000000
vn 0.000002 -1.000000 0.000000
vn -0.000000 -1.000000 0.000000
vn -0.000000 -1.000000 0.000000
vn -0.000000 -1.000000 0.000000
vn 0.923880 0.000000 0.382684
vn 0.923880 0.000000 0.382684
vn 0.923880 0.000000 0.382684
vn 0.923880 0.000000 0.382683
vn 0.923880 0.000000 0.382683
vn 0.923880 0.000000 0.382683
vn 0.923880 0.000000 -0.382683
vn 0.923880 0.000000 -0.382683
vn 0.923880 0.000000 -0.382683
vn 0.923880 0.000000 -0.382683
vn 0.923880 0.000000 -0.382683
vn 0.923880 0.000000 -0.382683
vn -0.382683 0.000000 -0.923880
vn -0.382683 0.000000 -0.923880
vn -0.382683 0.000000 -0.923880
vn -0.382683 0.000000 -0.923880
vn -0.382683 0.000000 -0.923880
vn -0.382683 0.000000 -0.923880
vn -0.923879 0.000000 0.382684
vn -0.923879 0.000000 0.382684
vn -0.923879 0.000000 0.382684
vn -0.923879 0.000000 0.382684
vn -0.923879 0.000000 0.382684
vn -0.923879 0.000000 0.382684
vn 0.382683 0.000000 0.923880
vn 0.382683 0.000000 0.923880
vn 0.382683 0.000000 0.923880
vn 0.382683 0.000000 0.923879
vn 0.382683 0.000000 0.923879
vn 0.382683 0.000000 0.923879
vn 0.382683 0.000000 -0.923880
vn 0.382683 0.000000 -0.923880
vn 0.382683 0.000000 -0.923880
vn 0.382683 0.000000 -0.923880
vn 0.382683 0.000000 -0.923880
vn 0.382683 0.000000 -0.923880
vn -0.923880 0.000000 -0.382684
vn -0.923880 0.000000 -0.382684
vn -0.923880 0.000000 -0.382684
vn -0.923880 0.000000 -0.382683
vn -0.923880 0.000000 -0.382683
vn -0.923880 0.000000 -0.382683
vn -0.382684 0.000000 0.923879
vn -0.382684 0.000000 0.923879
vn -0.382684 0.000000 0.923879
vn -0.382684 0.000000 0.923879
vn -0.382684 0.000000 0.923879
vn -0.382684 0.000000 0.923879
vn 0.382683 0.000000 0.923880
vn 0.382683 0.000000 0.923880
vn 0.382683 0.000000 0.923880
vn 0.382683 0.000000 0.923880
vn 0.382683 0.000000 0.923880
vn 0.382683 0.000000 0.923880
vn -0.923880 0.000000 0.382683
vn -0.923880 0.000000 0.382683
vn -0.923880 0.000000 0.382683
vn -0.923880 0.000000 0.382683
vn -0.923880 0.000000 0.382683
vn -0.923880 0.000000 0.382683
vn -0.923880 0.000000 -0.382684
vn -0.923880 0.000000 -0.382684
vn -0.923880 0.000000 -0.382684
vn -0.923880 0.000000 -0.382684
vn -0.923880 0.000000 -0.382684
vn -0.923880 0.000000 -0.382684
vn 0.382684 0.000000 -0.923879
vn 0.382684 0.000000 -0.923879
vn 0.382684 0.000000 -0.923879
vn 0.382684 0.000000 -0.923879
vn 0.382684 0.000000 -0.923879
vn 0.382684 0.000000 -0.923879
vn 0.923880 0.000000 0.382684
vn 0.923880 0.000000 0.382684
vn 0.923880 0.000000 0.382684
vn 0.923880 0.000000 0.382684
vn 0.923880 0.000000 0.382684
vn 0.923880 0.000000 0.382684
vn -0.382683 0.000000 0.923880
vn -0.382683 0.000000 0.923880
vn -0.382683 0.000000 0.923880
vn -0.382683 0.000000 0.923880
vn -0.382683 0.000000 0.923880
vn -0.382683 0.000000 0.923880
vn -0.382683 0.000000 -0.923880
vn -0.382683 0.000000 -0.923880
vn -0.382683 0.000000 -0.923880
vn -0.382683 0.000000 -0.923880
vn -0.382683 0.000000 -0.923880
vn -0.382683 0.000000 -0.923880
vn 0.923879 0.000000 -0.382684
vn 0.923879 0.000000 -0.382684
vn 0.923879 0.000000 -0.382684
vn 0.923879 0.000000 -0.382684
vn 0.923879 0.000000 -0.382684
vn 0.923879 0.000000 -0.382684
vn 0.919060 -0.380688 -0.102005
vn 0.919060 -0.380688 -0.102005
vn 0.919060 -0.380688 -0.102005
vn 0.919060 -0.380688 -0.102005
vn 0.919060 -0.380688 -0.102005
vn 0.919060 -0.380688 -0.102005
vn -0.371469 -0.896809 -0.240299
vn -0.371469 -0.896809 -0.240299
vn -0.371469 -0.896809 -0.240299
vn -0.371470 -0.896809 -0.240299
vn -0.371470 -0.896809 -0.240299
vn -0.371470 -0.896809 -0.240299
vn -0.371470 0.896809 0.240299
vn -0.371470 0.896809 0.240299
vn -0.371470 0.896809 0.240299
vn -0.371471 0.896809 0.240299
vn -0.371471 0.896809 0.240299
vn -0.371471 0.896809 0.240299
vn 0.919060 0.380687 0.102005
vn 0.919060 0.380687 0.102005
vn 0.919060 0.380687 0.102005
vn 0.919060 0.380687 0.102005
vn 0.919060 0.380687 0.102005
vn 0.919060 0.380687 0.102005
vn 0.371470 -0.896809 -0.240299
vn 0.371470 -0.896809 -0.240299
vn 0.371470 -0.896809 -0.240299
vn 0.371470 -0.896809 -0.240299
vn 0.371470 -0.896809 -0.240299
vn 0.371470 -0.896809 -0.240299
vn -0.919060 -0.380688 -0.102005
vn -0.919060 -0.380688 -0.102005
vn -0.919060 -0.380688 -0.102005
vn -0.919061 -0.380687 -0.102005
vn -0.919061 -0.380687 -0.102005
vn -0.919061 -0.380687 -0.102005
vn -0.919061 0.380687 0.102005
vn -0.919061 0.380687 0.102005
vn -0.919061 0.380687 0.102005
vn -0.919060 0.380688 0.102005
vn -0.919060 0.380688 0.102005
vn -0.919060 0.380688 0.102005
vn 0.371470 0.896809 0.240299
vn 0.371470 0.896809 0.240299
vn 0.371470 0.896809 0.240299
vn 0.371471 0.896809 0.240299
vn 0.371471 0.896809 0.240299
vn 0.371471 0.896809 0.240299
vn 0.371470 0.240299 0.896809
vn 0.371470 0.240299 0.896809
vn 0.371470 0.240299 0.896809
vn 0.371470 0.240299 0.896809
vn 0.371470 0.240299 0.896809
vn 0.371470 0.240299 0.896809
vn 0.371471 0.656510 0.656509
vn 0.371471 0.656510 0.656509
vn 0.371471 0.656510 0.656509
vn 0.371471 0.656510 0.656509
vn 0.371471 0.656510 0.656509
vn 0.371471 0.656510 0.656509
vn -0.919061 0.102005 0.380687
vn -0.919061 0.102005 0.380687
vn -0.919061 0.102005 0.380687
vn -0.919061 0.102005 0.380687
vn -0.919061 0.102005 0.380687
vn -0.919061 0.102005 0.380687
vn -0.919060 0.278683 0.278683
vn -0.919060 0.278683 0.278683
vn -0.919060 0.278683 0.278683
vn -0.919061 0.278683 0.278682
vn -0.919061 0.278683 0.278682
vn -0.919061 0.278683 0.278682
vn -0.919060 -0.102005 -0.380687
vn -0.919060 -0.102005 -0.380687
vn -0.919060 -0.102005 -0.380687
vn -0.919060 -0.102005 -0.380687
vn -0.919060 -0.102005 -0.380687
vn -0.919060 -0.102005 -0.380687
vn -0.919061 -0.278682 -0.278682
vn -0.919061 -0.278682 -0.278682
vn -0.919061 -0.278682 -0.278682
vn -0.919060 -0.278683 -0.278683
vn -0.919060 -0.278683 -0.278683
vn -0.919060 -0.278683 -0.278683
vn 0.371471 -0.240299 -0.896809
vn 0.371471 -0.240299 -0.896809
vn 0.371471 -0.240299 -0.896809
vn 0.371471 -0.240299 -0.896809
vn 0.371471 -0.240299 -0.896809
vn 0.371471 -0.240299 -0.896809
vn 0.371471 -0.656510 -0.656509
vn 0.371471 -0.656510 -0.656509
vn 0.371471 -0.656510 -0.656509
vn 0.371470 -0.656510 -0.656510
vn 0.371470 -0.656510 -0.656510
vn 0.371470 -0.656510 -0.656510
vn 0.919060 0.102005 0.380688
vn 0.919060 0.102005 0.380688
vn 0.919060 0.102005 0.380688
vn 0.919060 0.102005 0.380687
vn 0.919060 0.102005 0.380687
vn 0.919060 0.102005 0.380687
vn 0.919060 0.278683 0.278683
vn 0.919060 0.278683 0.278683
vn 0.919060 0.278683 0.278683
vn 0.919060 0.278683 0.278682
vn 0.919060 0.278683 0.278682
vn 0.919060 0.278683 0.278682
vn -0.371470 0.240299 0.896809
vn -0.371470 0.240299 0.896809
vn -0.371470 0.240299 0.896809
vn -0.371470 0.240299 0.896809
vn -0.371470 0.240299 0.896809
vn -0.371470 0.240299 0.896809
vn -0.371471 0.656510 0.656509
vn -0.371471 0.656510 0.656509
vn -0.371471 0.656510 0.656509
vn -0.371470 0.656510 0.656509
vn -0.371470 0.656510 0.656509
vn -0.371470 0.656510 0.656509
vn -0.371470 -0.240299 -0.896809
vn -0.371470 -0.240299 -0.896809
vn -0.371470 -0.240299 -0.896809
vn -0.371470 -0.240299 -0.896809
vn -0.371470 -0.240299 -0.896809
vn -0.371470 -0.240299 -0.896809
vn -0.371470 -0.656510 -0.656510
vn -0.371470 -0.656510 -0.656510
vn -0.371470 -0.656510 -0.656510
vn -0.371470 -0.656510 -0.656510
vn -0.371470 -0.656510 -0.656510
vn -0.371470 -0.656510 -0.656510
vn 0.919060 -0.102005 -0.380688
vn 0.919060 -0.102005 -0.380688
vn 0.919060 -0.102005 -0.380688
vn 0.919060 -0.102005 -0.380688
vn 0.919060 -0.102005 -0.380688
vn 0.919060 -0.102005 -0.380688
vn 0.919060 -0.278683 -0.278683
vn 0.919060 -0.278683 -0.278683
vn 0.919060 -0.278683 -0.278683
vn 0.919060 -0.278683 -0.278683
vn 0.919060 -0.278683 -0.278683
vn 0.919060 -0.278683 -0.278683
vn -0.382683 -0.923880 -0.000000
vn -0.382683 -0.923880 -0.000000
vn -0.382683 -0.923880 -0.000000
vn -0.382683 -0.923880 -0.000000
vn -0.382683 -0.923880 -0.000000
vn -0.382683 -0.923880 -0.000000
vn -0.382683 0.923880 0.000000
vn -0.382683 0.923880 0.000000
vn -0.382683 0.923880 0.000000
vn -0.382683 0.923880 0.000000
vn -0.382683 0.923880 0.000000
vn -0.382683 0.923880 0.000000
vn 0.923879 0.382684 0.000000
vn 0.923879 0.382684 0.000000
vn 0.923879 0.382684 0.000000
vn 0.923880 0.382683 0.000000
vn 0.923880 0.382683 0.000000
vn 0.923880 0.382683 0.000000
vn 0.382683 -0.923880 0.000000
vn 0.382683 -0.923880 0.000000
vn 0.382683 -0.923880 0.000000
vn 0.382683 -0.923880 0.000000
vn 0.382683 -0.923880 0.000000
vn 0.382683 -0.923880 0.000000
vn -0.923880 -0.382683 -0.000000
vn -0.923880 -0.382683 -0.000000
vn -0.923880 -0.382683 -0.000000
vn -0.923879 -0.382684 0.000000
vn -0.923879 -0.382684 0.000000
vn -0.923879 -0.382684 0.000000
vn -0.923880 0.382683 0.000000
vn -0.923880 0.382683 0.000000
vn -0.923880 0.382683 0.000000
vn -0.923880 0.382683 0.000000
vn -0.923880 0.382683 0.000000
vn -0.923880 0.382683 0.000000
vn 0.382683 0.923880 0.000000
vn 0.382683 0.923880 0.000000
vn 0.382683 0.923880 0.000000
vn 0.382683 0.923880 0.000000
vn 0.382683 0.923880 0.000000
vn 0.382683 0.923880 0.000000
vn 0.923879 -0.382684 0.000000
vn 0.923879 -0.382684 0.000000
vn 0.923879 -0.382684 0.000000
vn 0.923879 -0.382684 0.000000
vn 0.923879 -0.382684 0.000000
vn 0.923879 -0.382684 0.000000
vn -0.000000 0.000000 1.000000
vn -0.000000 0.000000 1.000000
vn -0.000000 0.000000 1.000000
vn -0.000000 0.000000 1.000000
vn -0.000000 0.000000 1.000000
vn -0.000000 0.000000 1.000000
vn -0.000002 0.000000 1.000000
vn -0.000002 0.000000 1.000000
vn -0.000002 0.000000 1.000000
vn -0.000002 0.000000 1.000000
vn -0.000002 0.000000 1.000000
vn -0.000002 0.000000 1.000000
vn -0.000000 0.000000 1.000000
vn -0.000000 0.000000 1.000000
vn -0.000000 0.000000 1.000000
vn -0.000000 0.000000 1.000000
vn -0.000000 0.000000 1.000000
vn -0.000000 0.000000 1.000000
vn -0.000000 1.000000 0.000000
vn -0.000000 1.000000 0.000000
vn -0.000000 1.000000 0.000000
vn -0.000001 1.000000 0.000000
vn -0.000001 1.000000 0.000000
vn -0.000001 1.000000 0.000000
vn 0.035482 0.317560 -0.947574
vn 0.035482 0.317560 -0.947574
vn 0.035482 0.317560 -0.947574
vn 0.035478 0.317562 -0.947573
vn 0.035478 0.317562 -0.947573
vn 0.035478 0.317562 -0.947573
vn 0.035478 0.317561 -0.947574
vn 0.035478 0.317561 -0.947574
vn 0.035478 0.317561 -0.947574
vn 0.035479 0.317562 -0.947574
vn 0.035479 0.317562 -0.947574
vn 0.035479 0.317562 -0.947574
vn 0.035481 0.317562 -0.947573
vn 0.035481 0.317562 -0.947573
vn 0.035481 0.317562 -0.947573
vn 0.035479 0.317560 -0.947574
vn 0.035479 0.317560 -0.947574
vn 0.035479 0.317560 -0.947574
vn 0.000001 1.000000 0.000000
vn 0.000001 1.000000 0.000000
vn 0.000001 1.000000 0.000000
vn -0.000000 1.000000 0.000000
vn -0.000000 1.000000 0.000000
vn -0.000000 1.000000 0.000000
vn -0.000000 1.000000 0.000000
vn -0.000000 1.000000 0.000000
vn -0.000000 1.000000 0.000000
vn -0.000000 1.000000 0.000000
vn -0.000000 1.000000 0.000000
vn -0.000000 1.000000 0.000000

g Material.001
f 3/1/1 1/2/2 2/3/3
f 4/4/4 1/5/5 3/6/6
f 7/7/7 5/8/8 6/9/9
f 8/10/10 5/11/11 7/12/12
f 11/13/13 9/14/14 10/15/15
f 12/16/16 9/17/17 11/18/18
f 15/19/19 13/20/20 14/21/21
f 16/22/22 13/23/23 15/24/24
f 19/25/25 17/26/26 18/27/27
f 20/28/28 17/29/29 19/30/30
f 23/31/31 21/32/32 22/33/33
f 24/34/34 21/35/35 23/36/36
f 27/37/37 25/38/38 26/39/39
f 28/40/40 25/41/41 27/42/42
f 31/43/43 29/44/44 30/45/45
f 32/46/46 29/47/47 31/48/48
f 35/49/49 33/50/50 34/51/51
f 36/52/52 33/53/53 35/54/54
f 39/55/55 37/56/56 38/57/57
f 40/58/58 37/59/59 39/60/60
f 43/61/61 41/62/62 42/63/63
f 44/64/64 41/65/65 43/66/66
f 47/67/67 45/68/68 46/69/69
f 48/70/70 45/71/71 47/72/72
f 51/73/73 49/74/74 50/75/75
f 52/76/76 49/77/77 51/78/78
f 55/79/79 53/80/80 54/81/81
f 56/82/82 53/83/83 55/84/84
f 59/85/85 57/86/86 58/87/87
f 60/88/88 57/89/89 59/90/90
f 63/91/91 61/92/92 62/93/93
f 64/94/94 61/95/95 63/96/96
f 67/97/97 65/98/98 66/99/99
f 68/100/100 65/101/101 67/102/102
f 71/103/103 69/104/104 70/105/105
f 72/106/106 69/107/107 71/108/108
f 75/109/109 73/110/110 74/111/111
f 76/112/112 73/113/113 75/114/114
f 79/115/115 77/116/116 78/117/117
f 80/118/118 77/119/119 79/120/120
f 83/121/121 81/122/122 82/123/123
f 84/124/124 81/125/125 83/126/126
f 87/127/127 85/128/128 86/129/129
f 88/130/130 85/131/131 87/132/132
f 91/133/133 89/134/134 90/135/135
f 92/136/136 89/137/137 91/138/138
f 95/139/139 93/140/140 94/141/141
f 96/142/142 93/143/143 95/144/144
f 99/145/145 97/146/146 98/147/147
f 100/148/148 97/149/149 99/150/150
f 103/151/151 101/152/152 102/153/153
f 104/154/154 101/155/155 103/156/156
f 107/157/157 105/158/158 106/159/159
f 108/160/160 105/161/161 107/162/162
f 111/163/163 109/164/164 110/165/165
f 112/166/166 109/167/167 111/168/168
f 115/169/169 113/170/170 114/171/171
f 116/172/172 113/173/173 115/174/174
f 119/175/175 117/176/176 118/177/177
f 120/178/178 117/179/179 119/180/180
f 123/181/181 121/182/182 122/183/183
f 126/184/184 124/185/185 125/186/186
f 127/187/187 124/188/188 126/189/189
f 130/190/190 128/191/191 129/192/192
f 131/193/193 128/194/194 130/195/195
f 134/196/196 132/197/197 133/198/198
f 135/199/199 132/200/200 134/201/201
f 138/202/202 136/203/203 137/204/204
f 139/205/205 136/206/206 138/207/207
f 142/208/208 140/209/209 141/210/210
f 143/211/211 140/212/212 142/213/213
f 146/214/214 144/215/215 145/216/216
f 147/217/217 144/218/218 146/219/219
f 150/220/220 148/221/221 149/222/222
f 151/223/223 148/224/224 150/225/225
f 154/226/226 152/227/227 153/228/228
f 155/229/229 152/230/230 154/231/231
f 158/232/232 156/233/233 157/234/234
f 159/235/235 156/236/236 158/237/237
f 162/238/238 160/239/239 161/240/240
f 163/241/241 160/242/242 162/243/243
f 166/244/244 164/245/245 165/246/246
f 167/247/247 164/248/248 166/249/249
f 170/250/250 168/251/251 169/252/252
f 171/253/253 168/254/254 170/255/255
f 174/256/256 172/257/257 173/258/258
f 175/259/259 172/260/260 174/261/261
f 178/262/262 176/263/263 177/264/264
f 179/265/265 176/266/266 178/267/267
f 182/268/268 180/269/269 181/270/270
f 183/271/271 180/272/272 182/273/273
f 186/274/274 184/275/275 185/276/276
f 187/277/277 184/278/278 186/279/279
f 190/280/280 188/281/281 189/282/282
f 191/283/283 188/284/284 190/285/285
f 194/286/286 192/287/287 193/288/288
f 195/289/289 192/290/290 194/291/291
f 198/292/292 196/293/293 197/294/294
f 199/295/295 196/296/296 198/297/297
f 202/298/298 200/299/299 201/300/300
f 203/301/301 200/302/302 202/303/303
f 206/304/304 204/305/305 205/306/306
f 207/307/307 204/308/308 206/309/309
f 210/310/310 208/311/311 209/312/312
f 211/313/313 208/314/314 210/315/315
f 214/316/316 212/317/317 213/318/318
f 215/319/319 212/320/320 214/321/321
f 218/322/322 216/323/323 217/324/324
f 219/325/325 216/326/326 218/327/327
f 222/328/328 220/329/329 221/330/330
f 223/331/331 220/332/332 222/333/333
f 226/334/334 224/335/335 225/336/336
f 227/337/337 224/338/338 226/339/339
f 230/340/340 228/341/341 229/342/342
f 231/343/343 228/344/344 230/345/345
f 234/346/346 232/347/347 233/348/348
f 235/349/349 232/350/350 234/351/351
f 238/352/352 236/353/353 237/354/354
f 239/355/355 236/356/356 238/357/357
f 242/358/358 240/359/359 241/360/360
f 243/361/361 240/362/362 242/363/363
f 246/364/364 244/365/365 245/366/366
f 247/367/367 244/368/368 246/369/369
f 250/370/370 248/371/371 249/372/372
f 251/373/373 248/374/374 250/375/375
f 254/376/376 252/377/377 253/378/378
f 255/379/379 252/380/380 254/381/381
f 258/382/382 256/383/383 257/384/384
f 259/385/385 256/386/386 258/387/387
f 262/388/388 260/389/389 261/390/390
f 263/391/391 260/392/392 262/393/393
f 266/394/394 264/395/395 265/396/396
f 267/397/397 264/398/398 266/399/399
f 270/400/400 268/401/401 269/402/402
f 271/403/403 268/404/404 270/405/405
f 274/406/406 272/407/407 273/408/408
f 275/409/409 272/410/410 274/411/411
f 278/412/412 276/413/413 277/414/414
f 281/415/415 279/416/416 280/417/417
f 284/418/418 282/419/419 283/420/420
f 285/421/421 282/422/422 284/423/423
f 288/424/424 286/425/425 287/426/426
f 289/427/427 286/428/428 288/429/429
f 292/430/430 290/431/431 291/432/432
f 295/433/433 293/434/434 294/435/435
f 298/436/436 296/437/437 297/438/438
f 301/439/439 299/440/440 300/441/441
f 304/442/442 302/443/443 303/444/444
f 307/445/445 305/446/446 306/447/447
f 310/448/448 308/449/449 309/450/450
f 313/451/451 311/452/452 312/453/453
f 316/454/454 314/455/455 315/456/456
f 323/457/457 321/458/458 322/459/459
f 326/460/460 324/461/461 325/462/462
f 329/463/463 327/464/464 328/465/465
f 332/466/466 330/467/467 331/468/468
f 335/469/469 333/470/470 334/471/471
f 338/472/472 336/473/473 337/474/474
f 341/475/475 339/476/476 340/477/477
f 344/478/478 342/479/479 343/480/480
f 347/481/481 345/482/482 346/483/483
f 350/484/484 348/485/485 349/486/486
f 353/487/487 351/488/488 352/489/489
f 356/490/490 354/491/491 355/492/492
f 359/493/493 357/494/494 358/495/495
f 362/496/496 360/497/497 361/498/498
f 365/499/499 363/500/500 364/501/501
f 368/502/502 366/503/503 367/504/504
f 403/505/505 401/506/506 402/507/507
f 406/508/508 404/509/509 405/510/510
f 409/511/511 407/512/512 408/513/513
f 412/514/514 410/515/515 411/516/516
f 415/517/517 413/518/518 414/519/519
f 418/520/520 416/521/521 417/522/522
f 421/523/523 419/524/524 420/525/525
f 424/526/526 422/527/527 423/528/528
f 427/529/529 425/530/530 426/531/531
f 430/532/532 428/533/533 429/534/534
f 433/535/535 431/536/536 432/537/537
f 436/538/538 434/539/539 435/540/540
f 439/541/541 437/542/542 438/543/543
f 446/544/544 444/545/545 445/546/546
f 449/547/547 447/548/548 448/549/549
f 452/550/550 450/551/551 451/552/552
f 455/553/553 453/554/554 454/555/555
f 458/556/556 456/557/557 457/558/558
f 461/559/559 459/560/560 460/561/561
f 464/562/562 462/563/563 463/564/564
f 733/565/565 731/566/566 732/567/567
f 736/568/568 734/569/569 735/570/570
f 739/571/571 737/572/572 738/573/573
f 742/574/574 740/575/575 741/576/576
f 745/577/577 743/578/578 744/579/579
f 748/580/580 746/581/581 747/582/582
f 751/583/583 749/584/584 750/585/585
f 754/586/586 752/587/587 753/588/588
f 757/589/589 755/590/590 756/591/591
f 760/592/592 758/593/593 759/594/594
f 763/595/595 761/596/596 762/597/597
f 766/598/598 764/599/599 765/600/600
f 772/601/601 770/602/602 771/603/603
f 775/604/604 773/605/605 774/606/606
f 778/607/607 776/608/608 777/609/609
f 781/610/610 779/611/611 780/612/612
f 784/613/613 782/614/614 783/615/615
f 787/616/616 785/617/617 786/618/618
f 790/619/619 788/620/620 789/621/621
f 922/622/622 920/623/623 921/624/624
f 925/625/625 923/626/626 924/627/627
f 928/628/628 926/629/629 927/630/630
f 931/631/631 929/632/632 930/633/633
f 934/634/634 932/635/635 933/636/636

g Material.002
f 319/637/637 317/638/638 318/639/639
f 320/640/640 317/641/641 319/642/642
f 371/643/643 369/644/644 370/645/645
f 372/646/646 369/647/647 371/648/648
f 375/649/649 373/650/650 374/651/651
f 376/652/652 373/653/653 375/654/654
f 379/655/655 377/656/656 378/657/657
f 380/658/658 377/659/659 379/660/660
f 383/661/661 381/662/662 382/663/663
f 384/664/664 381/665/665 383/666/666
f 387/667/667 385/668/668 386/669/669
f 388/670/670 385/671/671 387/672/672
f 391/673/673 389/674/674 390/675/675
f 392/676/676 389/677/677 391/678/678
f 395/679/679 393/680/680 394/681/681
f 396/682/682 393/683/683 395/684/684
f 399/685/685 397/686/686 398/687/687
f 400/688/688 397/689/689 399/690/690
f 467/691/691 465/692/692 466/693/693
f 468/694/694 465/695/695 467/696/696
f 471/697/697 469/698/698 470/699/699
f 472/700/700 469/701/701 471/702/702
f 475/703/703 473/704/704 474/705/705
f 476/706/706 473/707/707 475/708/708
f 479/709/709 477/710/710 478/711/711
f 480/712/712 477/713/713 479/714/714
f 483/715/715 481/716/716 482/717/717
f 484/718/718 481/719/719 483/720/720
f 487/721/721 485/722/722 486/723/723
f 488/724/724 485/725/725 487/726/726
f 491/727/727 489/728/728 490/729/729
f 492/730/730 489/731/731 491/732/732
f 796/733/733 794/734/734 795/735/735
f 797/736/736 794/737/737 796/738/738
f 800/739/739 798/740/740 799/741/741
f 801/742/742 798/743/743 800/744/744
f 804/745/745 802/746/746 803/747/747
f 805/748/748 802/749/749 804/750/750
f 808/751/751 806/752/752 807/753/753
f 809/754/754 806/755/755 808/756/756
f 812/757/757 810/758/758 811/759/759
f 813/760/760 810/761/761 812/762/762
f 816/763/763 814/764/764 815/765/765
f 817/766/766 814/767/767 816/768/768
f 820/769/769 818/770/770 819/771/771
f 821/772/772 818/773/773 820/774/774
f 824/775/775 822/776/776 823/777/777
f 825/778/778 822/779/779 824/780/780
f 828/781/781 826/782/782 827/783/783
f 829/784/784 826/785/785 828/786/786
f 832/787/787 830/788/788 831/789/789
f 833/790/790 830/791/791 832/792/792
f 836/793/793 834/794/794 835/795/795
f 837/796/796 834/797/797 836/798/798
f 840/799/799 838/800/800 839/801/801
f 841/802/802 838/803/803 840/804/804
f 844/805/805 842/806/806 843/807/807
f 845/808/808 842/809/809 844/810/810
f 848/811/811 846/812/812 847/813/813
f 849/814/814 846/815/815 848/816/816
f 852/817/817 850/818/818 851/819/819
f 853/820/820 850/821/821 852/822/822
f 856/823/823 854/824/824 855/825/825
f 857/826/826 854/827/827 856/828/828
f 860/829/829 858/830/830 859/831/831
f 861/832/832 858/833/833 860/834/834
f 867/835/835 865/836/836 866/837/837
f 868/838/838 865/839/839 867/840/840
f 871/841/841 869/842/842 870/843/843
f 872/844/844 869/845/845 871/846/846
f 875/847/847 873/848/848 874/849/849
f 876/850/850 873/851/851 875/852/852
f 879/853/853 877/854/854 878/855/855
f 880/856/856 877/857/857 879/858/858
f 883/859/859 881/860/860 882/861/861
f 884/862/862 881/863/863 883/864/864
f 887/865/865 885/866/866 886/867/867
f 888/868/868 885/869/869 887/870/870
f 891/871/871 889/872/872 890/873/873
f 892/874/874 889/875/875 891/876/876

g Material.004
f 442/877/877 440/878/878 441/879/879
f 443/880/880 440/881/881 442/882/882
f 495/883/883 493/884/884 494/885/885
f 496/886/886 493/887/887 495/888/888
f 499/889/889 497/890/890 498/891/891
f 500/892/892 497/893/893 499/894/894
f 503/895/895 501/896/896 502/897/897
f 504/898/898 501/899/899 503/900/900
f 507/901/901 505/902/902 506/903/903
f 508/904/904 505/905/905 507/906/906
f 511/907/907 509/908/908 510/909/909
f 512/910/910 509/911/911 511/912/912
f 515/913/913 513/914/914 514/915/915
f 516/916/916 513/917/917 515/918/918
f 519/919/919 517/920/920 518/921/921
f 520/922/922 517/923/923 519/924/924
f 523/925/925 521/926/926 522/927/927
f 524/928/928 521/929/929 523/930/930
f 527/931/931 525/932/932 526/933/933
f 528/934/934 525/935/935 527/936/936
f 531/937/937 529/938/938 530/939/939
f 532/940/940 529/941/941 531/942/942
f 535/943/943 533/944/944 534/945/945
f 536/946/946 533/947/947 535/948/948
f 539/949/949 537/950/950 538/951/951
f 540/952/952 537/953/953 539/954/954
f 543/955/955 541/956/956 542/957/957
f 544/958/958 541/959/959 543/960/960
f 547/961/961 545/962/962 546/963/963
f 548/964/964 545/965/965 547/966/966
f 551/967/967 549/968/968 550/969/969
f 552/970/970 549/971/971 551/972/972
f 555/973/973 553/974/974 554/975/975
f 556/976/976 553/977/977 555/978/978
f 559/979/979 557/980/980 558/981/981
f 560/982/982 557/983/983 559/984/984
f 563/985/985 561/986/986 562/987/987
f 564/988/988 561/989/989 563/990/990
f 567/991/991 565/992/992 566/993/993
f 568/994/994 565/995/995 567/996/996
f 571/997/997 569/998/998 570/999/999
f 572/1000/1000 569/1001/1001 571/1002/1002
f 575/1003/1003 573/1004/1004 574/1005/1005
f 576/1006/1006 573/1007/1007 575/1008/1008
f 579/1009/1009 577/1010/1010 578/1011/1011
f 580/1012/1012 577/1013/1013 579/1014/1014
f 583/1015/1015 581/1016/1016 582/1017/1017
f 584/1018/1018 581/1019/1019 583/1020/1020
f 587/1021/1021 585/1022/1022 586/1023/1023
f 588/1024/1024 585/1025/1025 587/1026/1026
f 591/1027/1027 589/1028/1028 590/1029/1029
f 592/1030/1030 589/1031/1031 591/1032/1032
f 595/1033/1033 593/1034/1034 594/1035/1035
f 596/1036/1036 593/1037/1037 595/1038/1038
f 599/1039/1039 597/1040/1040 598/1041/1041
f 600/1042/1042 597/1043/1043 599/1044/1044
f 603/1045/1045 601/1046/1046 602/1047/1047
f 604/1048/1048 601/1049/1049 603/1050/1050
f 607/1051/1051 605/1052/1052 606/1053/1053
f 608/1054/1054 605/1055/1055 607/1056/1056
f 611/1057/1057 609/1058/1058 610/1059/1059
f 612/1060/1060 609/1061/1061 611/1062/1062
f 615/1063/1063 613/1064/1064 614/1065/1065
f 616/1066/1066 613/1067/1067 615/1068/1068
f 619/1069/1069 617/1070/1070 618/1071/1071
f 620/1072/1072 617/1073/1073 619/1074/1074
f 623/1075/1075 621/1076/1076 622/1077/1077
f 624/1078/1078 621/1079/1079 623/1080/1080
f 627/1081/1081 625/1082/1082 626/1083/1083
f 628/1084/1084 625/1085/1085 627/1086/1086
f 631/1087/1087 629/1088/1088 630/1089/1089
f 632/1090/1090 629/1091/1091 631/1092/1092
f 635/1093/1093 633/1094/1094 634/1095/1095
f 636/1096/1096 633/1097/1097 635/1098/1098
f 639/1099/1099 637/1100/1100 638/1101/1101
f 640/1102/1102 637/1103/1103 639/1104/1104
f 643/1105/1105 641/1106/1106 642/1107/1107
f 644/1108/1108 641/1109/1109 643/1110/1110
f 647/1111/1111 645/1112/1112 646/1113/1113
f 648/1114/1114 645/1115/1115 647/1116/1116
f 651/1117/1117 649/1118/1118 650/1119/1119
f 652/1120/1120 649/1121/1121 651/1122/1122
f 655/1123/1123 653/1124/1124 654/1125/1125
f 656/1126/1126 653/1127/1127 655/1128/1128
f 659/1129/1129 657/1130/1130 658/1131/1131
f 660/1132/1132 657/1133/1133 659/1134/1134
f 663/1135/1135 661/1136/1136 662/1137/1137
f 664/1138/1138 661/1139/1139 663/1140/1140
f 667/1141/1141 665/1142/1142 666/1143/1143
f 668/1144/1144 665/1145/1145 667/1146/1146
f 671/1147/1147 669/1148/1148 670/1149/1149
f 672/1150/1150 669/1151/1151 671/1152/1152
f 675/1153/1153 673/1154/1154 674/1155/1155
f 676/1156/1156 673/1157/1157 675/1158/1158
f 679/1159/1159 677/1160/1160 678/1161/1161
f 680/1162/1162 677/1163/1163 679/1164/1164
f 683/1165/1165 681/1166/1166 682/1167/1167
f 684/1168/1168 681/1169/1169 683/1170/1170
f 687/1171/1171 685/1172/1172 686/1173/1173
f 688/1174/1174 685/1175/1175 687/1176/1176
f 691/1177/1177 689/1178/1178 690/1179/1179
f 692/1180/1180 689/1181/1181 691/1182/1182
f 695/1183/1183 693/1184/1184 694/1185/1185
f 696/1186/1186 693/1187/1187 695/1188/1188
f 699/1189/1189 697/1190/1190 698/1191/1191
f 700/1192/1192 697/1193/1193 699/1194/1194
f 703/1195/1195 701/1196/1196 702/1197/1197
f 704/1198/1198 701/1199/1199 703/1200/1200
f 707/1201/1201 705/1202/1202 706/1203/1203
f 708/1204/1204 705/1205/1205 707/1206/1206
f 711/1207/1207 709/1208/1208 710/1209/1209
f 712/1210/1210 709/1211/1211 711/1212/1212
f 715/1213/1213 713/1214/1214 714/1215/1215
f 718/1216/1216 716/1217/1217 717/1218/1218
f 721/1219/1219 719/1220/1220 720/1221/1221
f 724/1222/1222 722/1223/1223 723/1224/1224
f 727/1225/1225 725/1226/1226 726/1227/1227
f 730/1228/1228 728/1229/1229 729/1230/1230

g Material.003
f 769/1231/1231 767/1232/1232 768/1233/1233
f 793/1234/1234 791/1235/1235 792/1236/1236
f 864/1237/1237 862/1238/1238 863/1239/1239
f 895/1240/1240 893/1241/1241 894/1242/1242
f 898/1243/1243 896/1244/1244 897/1245/1245
f 901/1246/1246 899/1247/1247 900/1248/1248
f 904/1249/1249 902/1250/1250 903/1251/1251
f 907/1252/1252 905/1253/1253 906/1254/1254
f 910/1255/1255 908/1256/1256 909/1257/1257
f 913/1258/1258 911/1259/1259 912/1260/1260
f 916/1261/1261 914/1262/1262 915/1263/1263
f 919/1264/1264 917/1265/1265 918/1266/1266

